مكتب الرئيس التنفيذي والنواب	مركز العمل	المركز التنفيذي	مهامي	مهامي	my_tasks.php	لا	—	—	شاشةٌ مستقلة	قالبُ السجلِّ الجدوليّ	INJAZ DataGrid · الشريطُ الموحَّد · المرشِّحات · المناظرُ المحفوظة · حالاتُ الشاشة	سجلٌّ أو إعداد	— عرض	—	—	تبقى بقالبِها	لم يبدأ	AC-U1 قشرة · AC-U2 مكوّن · AC-U3 حالات
مكتب الرئيس التنفيذي والنواب	مركز العمل	المركز التنفيذي	إنجازي	إنجازي	my_achievement.php	لا	—	—	منظر	قالبُ السجلِّ الجدوليّ	INJAZ DataGrid · الشريطُ الموحَّد · المرشِّحات · المناظرُ المحفوظة · حالاتُ الشاشة	قارئة	— عرض	—	—	تبقى بقالبِها	لم يبدأ	AC-U1 قشرة · AC-U2 مكوّن · AC-U3 حالات
مكتب الرئيس التنفيذي والنواب	مركز العمل	المركز التنفيذي	بوابتي	بوابتي	my_portal.php	لا	—	—	منظر	قالبُ السجلِّ الجدوليّ	INJAZ DataGrid · الشريطُ الموحَّد · المرشِّحات · المناظرُ المحفوظة · حالاتُ الشاشة	قارئة	— عرض	—	—	تبقى بقالبِها	لم يبدأ	AC-U1 قشرة · AC-U2 مكوّن · AC-U3 حالات
مكتب الرئيس التنفيذي والنواب	مركز العمل	المركز التنفيذي	طلباتي	طلباتي	my_requests.php	لا	—	—	فعل	قالبُ الفعلِ والاعتماد	مكوّنُ الانتقال · حوارُ التأكيد · بطاقةُ اعتماد	مستندٌ يُعتمد	— عرض	—	—	تبقى بقالبِها	لم يبدأ	AC-U1 قشرة · AC-U2 مكوّن · AC-U3 حالات
مكتب الرئيس التنفيذي والنواب	مركز العمل	المركز التنفيذي	المراسلات	المراسلات	messages.php	لا	—	—	شاشةٌ مستقلة	قالبُ السجلِّ الجدوليّ	INJAZ DataGrid · الشريطُ الموحَّد · المرشِّحات · المناظرُ المحفوظة · حالاتُ الشاشة	سجلٌّ أو إعداد	— عرض	—	—	تبقى بقالبِها	لم يبدأ	AC-U1 قشرة · AC-U2 مكوّن · AC-U3 حالات
مكتب الرئيس التنفيذي والنواب	مركز العمل	المركز التنفيذي	لوحة الرئيس التنفيذي	لوحة الرئيس التنفيذي	ceo_board.php	لا	—	—	تقرير	قالبُ التقرير	الرسوم · المرشِّحات · التصدير · حالةُ الفراغ	قارئة	— عرض	—	—	تبقى بقالبِها	لم يبدأ	AC-U1 قشرة · AC-U2 مكوّن · AC-U3 حالات
مكتب الرئيس التنفيذي والنواب	مركز العمل	الاعتمادات والمسائل المرفوعة	اعتمادات الرئيس التنفيذي	اعتمادات الرئيس التنفيذي	ceo_approvals.php	لا	—	—	فعل	قالبُ الفعلِ والاعتماد	مكوّنُ الانتقال · حوارُ التأكيد · بطاقةُ اعتماد	مستندٌ يُعتمد	اعتمادٌ أعلى	—	—	تبقى بقالبِها	لم يبدأ	AC-U1 قشرة · AC-U2 مكوّن · AC-U3 حالات
مكتب الرئيس التنفيذي والنواب	مركز العمل	الاعتمادات والمسائل المرفوعة	التفويض بالتوقيع	التفويض بالتوقيع	delegations.php	لا	—	—	شاشةٌ مستقلة	قالبُ المستندِ ودورتِه	شبكةُ النموذج · شريطُ الحفظِ اللاصق · مكوّنُ الانتقال · سجلُّ النشاط	مستندٌ يُعتمد	اعتمادٌ أعلى	—	—	تبقى بقالبِها	لم يبدأ	AC-U1 قشرة · AC-U2 مكوّن · AC-U3 حالات
مكتب الرئيس التنفيذي والنواب	مركز العمل	الاعتمادات والمسائل المرفوعة	تقارير المراجعة الداخلية — الرئيس	تقارير المراجعة الداخلية — الرئيس	ceo_audit_inbox.php	لا	—	—	شاشةٌ مستقلة	قالبُ المستندِ ودورتِه	شبكةُ النموذج · شريطُ الحفظِ اللاصق · مكوّنُ الانتقال · سجلُّ النشاط	مستندٌ يُعتمد	◆ انتقالُ حالة	مستندٌ يُعتمد بلا مستندٍ رسميٍّ مسمًّى	عالٍ	تبقى بقالبِها	لم يبدأ	AC-U1 قشرة · AC-U2 مكوّن · AC-U3 حالات
مكتب الرئيس التنفيذي والنواب	مركز العمل	الاعتمادات والمسائل المرفوعة	الاعتمادات المالية العليا — الرئيس	الاعتمادات المالية العليا — الرئيس	ceo_fin_approvals.php	لا	—	—	فعل	قالبُ الفعلِ والاعتماد	مكوّنُ الانتقال · حوارُ التأكيد · بطاقةُ اعتماد	مستندٌ يُعتمد	◆ انتقالُ حالة	مستندٌ يُعتمد بلا مستندٍ رسميٍّ مسمًّى	عالٍ	تبقى بقالبِها	لم يبدأ	AC-U1 قشرة · AC-U2 مكوّن · AC-U3 حالات
مكتب الرئيس التنفيذي والنواب	مركز العمل	الاعتمادات والمسائل المرفوعة	موافقات التكليف على المسميات القيادية	موافقات التكليف على المسميات القيادية	ceo_appointments.php	لا	—	—	شاشةٌ مستقلة	قالبُ المستندِ ودورتِه	شبكةُ النموذج · شريطُ الحفظِ اللاصق · مكوّنُ الانتقال · سجلُّ النشاط	مستندٌ يُعتمد	◆ انتقالُ حالة	مستندٌ يُعتمد بلا مستندٍ رسميٍّ مسمًّى	عالٍ	تبقى بقالبِها	لم يبدأ	AC-U1 قشرة · AC-U2 مكوّن · AC-U3 حالات
مكتب الرئيس التنفيذي والنواب	مركز العمل	الاعتمادات والمسائل المرفوعة	المسائل المحجوزة للرئيس التنفيذي	المسائل المحجوزة للرئيس التنفيذي	ceo_reserved.php	لا	—	—	شاشةٌ مستقلة	قالبُ المستندِ ودورتِه	شبكةُ النموذج · شريطُ الحفظِ اللاصق · مكوّنُ الانتقال · سجلُّ النشاط	مستندٌ يُعتمد	◆ انتقالُ حالة	مستندٌ يُعتمد بلا مستندٍ رسميٍّ مسمًّى	عالٍ	تبقى بقالبِها	لم يبدأ	AC-U1 قشرة · AC-U2 مكوّن · AC-U3 حالات
مكتب الرئيس التنفيذي والنواب	دورة الإدارة	القرارات المحجوزة	العقود والالتزامات المحجوزة أو المصعَّدة	العقود والالتزامات المحجوزة أو المصعَّدة	ceo_contracts.php	لا	العقد	—	شاشةٌ مستقلة	قالبُ المستندِ ودورتِه	شبكةُ النموذج · شريطُ الحفظِ اللاصق · مكوّنُ الانتقال · سجلُّ النشاط	مستندٌ يُعتمد	عقدٌ نافذ	—	—	تبقى بقالبِها	لم يبدأ	AC-U1 قشرة · AC-U2 مكوّن · AC-U3 حالات
مكتب الرئيس التنفيذي والنواب	دورة الإدارة	القرارات المحجوزة	مراجعة العقود وملاحظاتها	مراجعة العقود وملاحظاتها	contract_review.php	لا	العقد	—	شاشةٌ مستقلة	قالبُ المستندِ ودورتِه	شبكةُ النموذج · شريطُ الحفظِ اللاصق · مكوّنُ الانتقال · سجلُّ النشاط	مستندٌ يُعتمد	عقدٌ نافذ	—	—	تبقى بقالبِها	لم يبدأ	AC-U1 قشرة · AC-U2 مكوّن · AC-U3 حالات
مكتب الرئيس التنفيذي والنواب	دورة الإدارة	القرارات المحجوزة	سجل العقود الموحَّد	سجل العقود الموحَّد	contract_registry.php	لا	العقد	—	شاشةٌ مستقلة	قالبُ السجلِّ الجدوليّ	INJAZ DataGrid · الشريطُ الموحَّد · المرشِّحات · المناظرُ المحفوظة · حالاتُ الشاشة	سجلٌّ أو إعداد	عقدٌ نافذ	—	—	تبقى بقالبِها	لم يبدأ	AC-U1 قشرة · AC-U2 مكوّن · AC-U3 حالات
مكتب الرئيس التنفيذي والنواب	دورة الإدارة	التأسيس والهيكل المؤسسي	نماذج العمل ووحدات القياس	نماذج العمل ووحدات القياس	business_models.php	لا	—	—	شاشةٌ مستقلة	قالبُ السجلِّ الجدوليّ	INJAZ DataGrid · الشريطُ الموحَّد · المرشِّحات · المناظرُ المحفوظة · حالاتُ الشاشة	سجلٌّ أو إعداد	نموذج عملٍ معتمد	—	—	تبقى بقالبِها	لم يبدأ	AC-U1 قشرة · AC-U2 مكوّن · AC-U3 حالات
مكتب الرئيس التنفيذي والنواب	دورة الإدارة	التأسيس والهيكل المؤسسي	الموازنة العامة	الموازنة العامة	budget_master.php	لا	—	—	شاشةٌ مستقلة	قالبُ المستندِ ودورتِه	شبكةُ النموذج · شريطُ الحفظِ اللاصق · مكوّنُ الانتقال · سجلُّ النشاط	مستندٌ يُعتمد	نموذج عملٍ معتمد	—	—	تبقى بقالبِها	لم يبدأ	AC-U1 قشرة · AC-U2 مكوّن · AC-U3 حالات
مكتب الرئيس التنفيذي والنواب	دورة الإدارة	التأسيس والهيكل المؤسسي	قرار فتح مشروع جديد	قرار فتح مشروع جديد	project_charter.php	لا	—	—	شاشةٌ مستقلة	قالبُ المستندِ ودورتِه	شبكةُ النموذج · شريطُ الحفظِ اللاصق · مكوّنُ الانتقال · سجلُّ النشاط	مستندٌ يُعتمد	قرارُ فتح مشروع · تعيينُ مدير موقع	—	—	تبقى بقالبِها	لم يبدأ	AC-U1 قشرة · AC-U2 مكوّن · AC-U3 حالات
مكتب الرئيس التنفيذي والنواب	دورة الإدارة	التأسيس والهيكل المؤسسي	الهيكل التنظيمي والمسميات	الهيكل التنظيمي والمسميات	org_structure.php	لا	—	—	شاشةٌ مستقلة	قالبُ السجلِّ الجدوليّ	INJAZ DataGrid · الشريطُ الموحَّد · المرشِّحات · المناظرُ المحفوظة · حالاتُ الشاشة	سجلٌّ أو إعداد	قرارُ فتح مشروع · تعيينُ مدير موقع	—	—	تبقى بقالبِها	لم يبدأ	AC-U1 قشرة · AC-U2 مكوّن · AC-U3 حالات
مكتب الرئيس التنفيذي والنواب	دورة الإدارة	التأسيس والهيكل المؤسسي	التكليفات التنظيمية	التكليفات التنظيمية	org_assignments.php	لا	—	—	شاشةٌ مستقلة	قالبُ السجلِّ الجدوليّ	INJAZ DataGrid · الشريطُ الموحَّد · المرشِّحات · المناظرُ المحفوظة · حالاتُ الشاشة	سجلٌّ أو إعداد	قرارُ فتح مشروع · تعيينُ مدير موقع	—	—	تبقى بقالبِها	لم يبدأ	AC-U1 قشرة · AC-U2 مكوّن · AC-U3 حالات
مكتب الرئيس التنفيذي والنواب	دورة الإدارة	الأداء المؤسسي	القوائم المالية	القوائم المالية	fin_statements.php	نعم — يوحَّد مع نظيرِه	—	—	شاشةٌ مستقلة	قالبُ السجلِّ الجدوليّ	INJAZ DataGrid · الشريطُ الموحَّد · المرشِّحات · المناظرُ المحفوظة · حالاتُ الشاشة	سجلٌّ أو إعداد	— قراءةٌ عليا	—	—	تبقى بقالبِها	لم يبدأ	AC-U1 قشرة · AC-U2 مكوّن · AC-U3 حالات
مكتب الرئيس التنفيذي والنواب	دورة الإدارة	الأداء المؤسسي	هامش الربح للعقد والواقعة	هامش الربح للعقد والواقعة	margin.php	لا	—	—	شاشةٌ مستقلة	قالبُ المستندِ ودورتِه	شبكةُ النموذج · شريطُ الحفظِ اللاصق · مكوّنُ الانتقال · سجلُّ النشاط	مستندٌ يُعتمد	— قراءةٌ عليا	—	—	تبقى بقالبِها	لم يبدأ	AC-U1 قشرة · AC-U2 مكوّن · AC-U3 حالات
مكتب الرئيس التنفيذي والنواب	دورة الإدارة	الأداء المؤسسي	إنجاز الإدارة	إنجاز الإدارة	dept_achievement.php	لا	—	—	شاشةٌ مستقلة	قالبُ السجلِّ الجدوليّ	INJAZ DataGrid · الشريطُ الموحَّد · المرشِّحات · المناظرُ المحفوظة · حالاتُ الشاشة	سجلٌّ أو إعداد	— قراءةٌ عليا	—	—	تبقى بقالبِها	لم يبدأ	AC-U1 قشرة · AC-U2 مكوّن · AC-U3 حالات
مكتب الرئيس التنفيذي والنواب	دورة الإدارة	الأداء المؤسسي	مؤشرات البلاغات	مؤشرات البلاغات	ticket_kpi.php	لا	البلاغ	ملفُّ البلاغ	تبويبٌ في ملفِّ الكيانِ الأم	قالبُ ملفِّ الكيان	تبويباتُ الرحلة · الخطُّ الزمنيّ · وسمُ الحالة · بطاقاتُ مؤشرٍ مضغوطة	سجلٌّ أو إعداد	— قراءةٌ عليا	مرشَّحةٌ للدمجِ في ملفِّ الكيانِ الأم	متوسط	تُدمج تبويبًا	لم يبدأ	AC-U1 قشرة · AC-U2 مكوّن · AC-U3 حالات
مكتب الرئيس التنفيذي والنواب	المرجع والإدارة	الحوكمة والضوابط	المخاطر والقرارات العليا	المخاطر والقرارات العليا	ceo_risk.php	لا	الخطر	—	شاشةٌ مستقلة	قالبُ السجلِّ الجدوليّ	INJAZ DataGrid · الشريطُ الموحَّد · المرشِّحات · المناظرُ المحفوظة · حالاتُ الشاشة	سجلٌّ أو إعداد	قرارُ إدارةٍ عليا	—	—	تبقى بقالبِها	لم يبدأ	AC-U1 قشرة · AC-U2 مكوّن · AC-U3 حالات
مكتب الرئيس التنفيذي والنواب	المرجع والإدارة	الحوكمة والضوابط	المخاطر التجارية	المخاطر التجارية	commercial_risks.php	لا	الخطر	—	شاشةٌ مستقلة	قالبُ السجلِّ الجدوليّ	INJAZ DataGrid · الشريطُ الموحَّد · المرشِّحات · المناظرُ المحفوظة · حالاتُ الشاشة	سجلٌّ أو إعداد	قرارُ إدارةٍ عليا	—	—	تبقى بقالبِها	لم يبدأ	AC-U1 قشرة · AC-U2 مكوّن · AC-U3 حالات
مكتب الرئيس التنفيذي والنواب	المرجع والإدارة	الحوكمة والضوابط	المخاطر المؤسسية	المخاطر المؤسسية	risk_dept_ceo.php	لا	الخطر	—	منظر	قالبُ السجلِّ الجدوليّ	INJAZ DataGrid · الشريطُ الموحَّد · المرشِّحات · المناظرُ المحفوظة · حالاتُ الشاشة	قارئة	قراءة	—	—	تبقى بقالبِها	لم يبدأ	AC-U1 قشرة · AC-U2 مكوّن · AC-U3 حالات
مكتب الرئيس التنفيذي والنواب	المرجع والإدارة	إعدادات النظام وبصمة الإصدار	وضع التأسيس وإغلاقه	وضع التأسيس وإغلاقه	founding_mode.php	لا	—	—	شاشةٌ مستقلة	قالبُ السجلِّ الجدوليّ	INJAZ DataGrid · الشريطُ الموحَّد · المرشِّحات · المناظرُ المحفوظة · حالاتُ الشاشة	سجلٌّ أو إعداد	محضرُ إغلاقٍ · بصمةُ إصدار	—	—	تبقى بقالبِها	لم يبدأ	AC-U1 قشرة · AC-U2 مكوّن · AC-U3 حالات
مكتب الرئيس التنفيذي والنواب	المرجع والإدارة	إعدادات النظام وبصمة الإصدار	بصمة الإصدار وتقرير النشر	بصمة الإصدار وتقرير النشر	release_stamp.php	لا	—	—	شاشةٌ مستقلة	قالبُ المستندِ ودورتِه	شبكةُ النموذج · شريطُ الحفظِ اللاصق · مكوّنُ الانتقال · سجلُّ النشاط	مستندٌ يُعتمد	محضرُ إغلاقٍ · بصمةُ إصدار	—	—	تبقى بقالبِها	لم يبدأ	AC-U1 قشرة · AC-U2 مكوّن · AC-U3 حالات
مكتب الرئيس التنفيذي والنواب	المرجع والإدارة	التقارير والتحليلات	حوكمة مكتبُ الرئيس التنفيذي والنواب	حوكمة مكتبُ الرئيس التنفيذي والنواب	gov_dept_ceo.php	لا	—	—	منظر	قالبُ السجلِّ الجدوليّ	INJAZ DataGrid · الشريطُ الموحَّد · المرشِّحات · المناظرُ المحفوظة · حالاتُ الشاشة	قارئة	قراءة	—	—	تبقى بقالبِها	لم يبدأ	AC-U1 قشرة · AC-U2 مكوّن · AC-U3 حالات
الحوكمة والالتزام	مركز العمل	مركز العمل	مهامي	مهامي	my_tasks.php	لا	—	—	شاشةٌ مستقلة	قالبُ السجلِّ الجدوليّ	INJAZ DataGrid · الشريطُ الموحَّد · المرشِّحات · المناظرُ المحفوظة · حالاتُ الشاشة	سجلٌّ أو إعداد	— عرض	—	—	تبقى بقالبِها	لم يبدأ	AC-U1 قشرة · AC-U2 مكوّن · AC-U3 حالات
الحوكمة والالتزام	مركز العمل	مركز العمل	إنجازي	إنجازي	my_achievement.php	لا	—	—	منظر	قالبُ السجلِّ الجدوليّ	INJAZ DataGrid · الشريطُ الموحَّد · المرشِّحات · المناظرُ المحفوظة · حالاتُ الشاشة	قارئة	— عرض	—	—	تبقى بقالبِها	لم يبدأ	AC-U1 قشرة · AC-U2 مكوّن · AC-U3 حالات
الحوكمة والالتزام	مركز العمل	مركز العمل	بوابتي	بوابتي	my_portal.php	لا	—	—	منظر	قالبُ السجلِّ الجدوليّ	INJAZ DataGrid · الشريطُ الموحَّد · المرشِّحات · المناظرُ المحفوظة · حالاتُ الشاشة	قارئة	— عرض	—	—	تبقى بقالبِها	لم يبدأ	AC-U1 قشرة · AC-U2 مكوّن · AC-U3 حالات
الحوكمة والالتزام	مركز العمل	مركز العمل	طلباتي	طلباتي	my_requests.php	لا	—	—	فعل	قالبُ الفعلِ والاعتماد	مكوّنُ الانتقال · حوارُ التأكيد · بطاقةُ اعتماد	مستندٌ يُعتمد	— عرض	—	—	تبقى بقالبِها	لم يبدأ	AC-U1 قشرة · AC-U2 مكوّن · AC-U3 حالات
الحوكمة والالتزام	مركز العمل	مركز العمل	المراسلات	المراسلات	messages.php	لا	—	—	شاشةٌ مستقلة	قالبُ السجلِّ الجدوليّ	INJAZ DataGrid · الشريطُ الموحَّد · المرشِّحات · المناظرُ المحفوظة · حالاتُ الشاشة	سجلٌّ أو إعداد	— عرض	—	—	تبقى بقالبِها	لم يبدأ	AC-U1 قشرة · AC-U2 مكوّن · AC-U3 حالات
الحوكمة والالتزام	مركز العمل	البلاغات والمهل	بلاغات إدارتي	بلاغات إدارتي	tickets_dept.php	لا	—	—	شاشةٌ مستقلة	قالبُ السجلِّ الجدوليّ	INJAZ DataGrid · الشريطُ الموحَّد · المرشِّحات · المناظرُ المحفوظة · حالاتُ الشاشة	سجلٌّ أو إعداد	طلب تغيير حالة	—	—	تبقى بقالبِها	لم يبدأ	AC-U1 قشرة · AC-U2 مكوّن · AC-U3 حالات
الحوكمة والالتزام	مركز العمل	البلاغات والمهل	أبلغ عن مشكلة من هذه الشاشة	أبلغ عن مشكلة من هذه الشاشة	ticket_open.php	لا	—	—	شاشةٌ مستقلة	قالبُ السجلِّ الجدوليّ	INJAZ DataGrid · الشريطُ الموحَّد · المرشِّحات · المناظرُ المحفوظة · حالاتُ الشاشة	سجلٌّ أو إعداد	طلب تغيير حالة	—	—	تبقى بقالبِها	لم يبدأ	AC-U1 قشرة · AC-U2 مكوّن · AC-U3 حالات
الحوكمة والالتزام	دورة الإدارة	الهيكل والأدوار	حسابات المستخدمين	حسابات المستخدمين	users.php	لا	—	—	شاشةٌ مستقلة	قالبُ السجلِّ الجدوليّ	INJAZ DataGrid · الشريطُ الموحَّد · المرشِّحات · المناظرُ المحفوظة · حالاتُ الشاشة	سجلٌّ أو إعداد	عقد موظف · محضر مباشرة	—	—	تبقى بقالبِها	لم يبدأ	AC-U1 قشرة · AC-U2 مكوّن · AC-U3 حالات
الحوكمة والالتزام	دورة الإدارة	الهيكل والأدوار	الأدوار وقوالب صلاحياتها	الأدوار وقوالب صلاحياتها	roles.php	لا	—	—	شاشةٌ مستقلة	قالبُ السجلِّ الجدوليّ	INJAZ DataGrid · الشريطُ الموحَّد · المرشِّحات · المناظرُ المحفوظة · حالاتُ الشاشة	سجلٌّ أو إعداد	حساب · قالب صلاحيات	—	—	تبقى بقالبِها	لم يبدأ	AC-U1 قشرة · AC-U2 مكوّن · AC-U3 حالات
الحوكمة والالتزام	دورة الإدارة	الهيكل والأدوار	حسابات بوابة الأطراف الخارجية	حسابات بوابة الأطراف الخارجية	portal_users.php	لا	—	—	شاشةٌ مستقلة	قالبُ السجلِّ الجدوليّ	INJAZ DataGrid · الشريطُ الموحَّد · المرشِّحات · المناظرُ المحفوظة · حالاتُ الشاشة	سجلٌّ أو إعداد	حساب · قالب صلاحيات	—	—	تبقى بقالبِها	لم يبدأ	AC-U1 قشرة · AC-U2 مكوّن · AC-U3 حالات
الحوكمة والالتزام	دورة الإدارة	الهيكل والأدوار	المعاونون والنيابة المؤقتة	المعاونون والنيابة المؤقتة	assistants.php	لا	—	—	شاشةٌ مستقلة	قالبُ السجلِّ الجدوليّ	INJAZ DataGrid · الشريطُ الموحَّد · المرشِّحات · المناظرُ المحفوظة · حالاتُ الشاشة	سجلٌّ أو إعداد	حساب · قالب صلاحيات	—	—	تبقى بقالبِها	لم يبدأ	AC-U1 قشرة · AC-U2 مكوّن · AC-U3 حالات
الحوكمة والالتزام	دورة الإدارة	الهيكل والأدوار	الهيكل التنظيمي والمسميات	الهيكل التنظيمي والمسميات	org_structure.php	لا	—	—	شاشةٌ مستقلة	قالبُ السجلِّ الجدوليّ	INJAZ DataGrid · الشريطُ الموحَّد · المرشِّحات · المناظرُ المحفوظة · حالاتُ الشاشة	سجلٌّ أو إعداد	قرارُ فتح مشروع · تعيينُ مدير موقع	—	—	تبقى بقالبِها	لم يبدأ	AC-U1 قشرة · AC-U2 مكوّن · AC-U3 حالات
الحوكمة والالتزام	دورة الإدارة	الهيكل والأدوار	التكليفات التنظيمية	التكليفات التنظيمية	org_assignments.php	لا	—	—	شاشةٌ مستقلة	قالبُ السجلِّ الجدوليّ	INJAZ DataGrid · الشريطُ الموحَّد · المرشِّحات · المناظرُ المحفوظة · حالاتُ الشاشة	سجلٌّ أو إعداد	قرارُ فتح مشروع · تعيينُ مدير موقع	—	—	تبقى بقالبِها	لم يبدأ	AC-U1 قشرة · AC-U2 مكوّن · AC-U3 حالات
الحوكمة والالتزام	دورة الإدارة	التفويض والإنابة والصلاحيات	التفويض بالتوقيع	التفويض بالتوقيع	delegations.php	لا	—	—	شاشةٌ مستقلة	قالبُ المستندِ ودورتِه	شبكةُ النموذج · شريطُ الحفظِ اللاصق · مكوّنُ الانتقال · سجلُّ النشاط	مستندٌ يُعتمد	اعتمادٌ أعلى	—	—	تبقى بقالبِها	لم يبدأ	AC-U1 قشرة · AC-U2 مكوّن · AC-U3 حالات
الحوكمة والالتزام	دورة الإدارة	سلاليم الاعتماد والسقوف	سلاليم الاعتماد وتعريفها	سلاليم الاعتماد وتعريفها	gov_ladders.php	لا	—	—	فعل	قالبُ الفعلِ والاعتماد	مكوّنُ الانتقال · حوارُ التأكيد · بطاقةُ اعتماد	مستندٌ يُعتمد	◆ انتقالُ حالة	مستندٌ يُعتمد بلا مستندٍ رسميٍّ مسمًّى	عالٍ	تبقى بقالبِها	لم يبدأ	AC-U1 قشرة · AC-U2 مكوّن · AC-U3 حالات
الحوكمة والالتزام	دورة الإدارة	سلاليم الاعتماد والسقوف	خطوات السلالم المسجَّلة	خطوات السلالم المسجَّلة	gov_ladder_steps.php	لا	—	—	شاشةٌ مستقلة	قالبُ السجلِّ الجدوليّ	INJAZ DataGrid · الشريطُ الموحَّد · المرشِّحات · المناظرُ المحفوظة · حالاتُ الشاشة	سجلٌّ أو إعداد	◆ انتقالُ حالة	—	—	تبقى بقالبِها	لم يبدأ	AC-U1 قشرة · AC-U2 مكوّن · AC-U3 حالات
الحوكمة والالتزام	دورة الإدارة	سلاليم الاعتماد والسقوف	وضع التدريب وسيناريوهاته	وضع التدريب وسيناريوهاته	training_mode.php	لا	—	—	شاشةٌ مستقلة	قالبُ المستندِ ودورتِه	شبكةُ النموذج · شريطُ الحفظِ اللاصق · مكوّنُ الانتقال · سجلُّ النشاط	مستندٌ يُعتمد	◆ انتقالُ حالة	مستندٌ يُعتمد بلا مستندٍ رسميٍّ مسمًّى	عالٍ	تبقى بقالبِها	لم يبدأ	AC-U1 قشرة · AC-U2 مكوّن · AC-U3 حالات
الحوكمة والالتزام	دورة الإدارة	الكيانات والتراخيص	سجل الشركات والكيانات	سجل الشركات والكيانات	entities.php	لا	—	—	شاشةٌ مستقلة	قالبُ السجلِّ الجدوليّ	INJAZ DataGrid · الشريطُ الموحَّد · المرشِّحات · المناظرُ المحفوظة · حالاتُ الشاشة	سجلٌّ أو إعداد	نموذج بمعالجته · ممول	—	—	تبقى بقالبِها	لم يبدأ	AC-U1 قشرة · AC-U2 مكوّن · AC-U3 حالات
الحوكمة والالتزام	دورة الإدارة	الكيانات والتراخيص	سجل الأسماء المعتمدة	سجل الأسماء المعتمدة	canonical_names.php	لا	—	—	شاشةٌ مستقلة	قالبُ السجلِّ الجدوليّ	INJAZ DataGrid · الشريطُ الموحَّد · المرشِّحات · المناظرُ المحفوظة · حالاتُ الشاشة	سجلٌّ أو إعداد	سجل كيان · علاقة ملكية	—	—	تبقى بقالبِها	لم يبدأ	AC-U1 قشرة · AC-U2 مكوّن · AC-U3 حالات
الحوكمة والالتزام	دورة الإدارة	الكيانات والتراخيص	علاقات الملكية بين الكيانات	علاقات الملكية بين الكيانات	ownership_links.php	لا	—	—	شاشةٌ مستقلة	قالبُ السجلِّ الجدوليّ	INJAZ DataGrid · الشريطُ الموحَّد · المرشِّحات · المناظرُ المحفوظة · حالاتُ الشاشة	سجلٌّ أو إعداد	نموذج بمعالجته · ممول	—	—	تبقى بقالبِها	لم يبدأ	AC-U1 قشرة · AC-U2 مكوّن · AC-U3 حالات
الحوكمة والالتزام	دورة الإدارة	الكيانات والتراخيص	التراخيص والكفالات	التراخيص والكفالات	licenses.php	لا	—	—	شاشةٌ مستقلة	قالبُ السجلِّ الجدوليّ	INJAZ DataGrid · الشريطُ الموحَّد · المرشِّحات · المناظرُ المحفوظة · حالاتُ الشاشة	سجلٌّ أو إعداد	عقد نافذ	—	—	تبقى بقالبِها	لم يبدأ	AC-U1 قشرة · AC-U2 مكوّن · AC-U3 حالات
الحوكمة والالتزام	دورة الإدارة	الالتزام والامتثال	تصنيف قواعد المنع	تصنيف قواعد المنع	guards.php	لا	—	—	شاشةٌ مستقلة	قالبُ السجلِّ الجدوليّ	INJAZ DataGrid · الشريطُ الموحَّد · المرشِّحات · المناظرُ المحفوظة · حالاتُ الشاشة	سجلٌّ أو إعداد	حماية مصنَّفة · استثناء نافذ	—	—	تبقى بقالبِها	لم يبدأ	AC-U1 قشرة · AC-U2 مكوّن · AC-U3 حالات
الحوكمة والالتزام	دورة الإدارة	الالتزام والامتثال	سياسات الحقول الحساسة	سياسات الحقول الحساسة	sensitive_fields.php	لا	—	—	شاشةٌ مستقلة	قالبُ السجلِّ الجدوليّ	INJAZ DataGrid · الشريطُ الموحَّد · المرشِّحات · المناظرُ المحفوظة · حالاتُ الشاشة	سجلٌّ أو إعداد	حماية مصنَّفة · استثناء نافذ	—	—	تبقى بقالبِها	لم يبدأ	AC-U1 قشرة · AC-U2 مكوّن · AC-U3 حالات
الحوكمة والالتزام	دورة الإدارة	الالتزام والامتثال	طلبات الاستثناء	طلبات الاستثناء	exceptions.php	لا	—	—	فعل	قالبُ الفعلِ والاعتماد	مكوّنُ الانتقال · حوارُ التأكيد · بطاقةُ اعتماد	مستندٌ يُعتمد	حماية مصنَّفة · استثناء نافذ	—	—	تبقى بقالبِها	لم يبدأ	AC-U1 قشرة · AC-U2 مكوّن · AC-U3 حالات
الحوكمة والالتزام	دورة الإدارة	الالتزام والامتثال	صلاحية الطوارئ اللحظية (كسر الزجاج)	صلاحية الطوارئ اللحظية (كسر الزجاج)	break_glass.php	لا	—	—	شاشةٌ مستقلة	قالبُ السجلِّ الجدوليّ	INJAZ DataGrid · الشريطُ الموحَّد · المرشِّحات · المناظرُ المحفوظة · حالاتُ الشاشة	سجلٌّ أو إعداد	حماية مصنَّفة · استثناء نافذ	—	—	تبقى بقالبِها	لم يبدأ	AC-U1 قشرة · AC-U2 مكوّن · AC-U3 حالات
الحوكمة والالتزام	دورة الإدارة	الالتزام والامتثال	صندوق ما ينتظر اعتمادي	صندوق ما ينتظر اعتمادي	approvals_inbox.php	لا	—	—	شاشةٌ مستقلة	قالبُ المستندِ ودورتِه	شبكةُ النموذج · شريطُ الحفظِ اللاصق · مكوّنُ الانتقال · سجلُّ النشاط	مستندٌ يُعتمد	محضر اعتماد الموقع	—	—	تبقى بقالبِها	لم يبدأ	AC-U1 قشرة · AC-U2 مكوّن · AC-U3 حالات
الحوكمة والالتزام	دورة الإدارة	التدقيق والمراجعة	سجل التدقيق والاطّلاع	سجل التدقيق والاطّلاع	audit.php	لا	—	—	شاشةٌ مستقلة	قالبُ السجلِّ الجدوليّ	INJAZ DataGrid · الشريطُ الموحَّد · المرشِّحات · المناظرُ المحفوظة · حالاتُ الشاشة	سجلٌّ أو إعداد	منح رؤية بمدة وسبب	—	—	تبقى بقالبِها	لم يبدأ	AC-U1 قشرة · AC-U2 مكوّن · AC-U3 حالات
الحوكمة والالتزام	دورة الإدارة	التدقيق والمراجعة	المحاولات الممنوعة	المحاولات الممنوعة	guard_denials.php	لا	—	—	شاشةٌ مستقلة	قالبُ السجلِّ الجدوليّ	INJAZ DataGrid · الشريطُ الموحَّد · المرشِّحات · المناظرُ المحفوظة · حالاتُ الشاشة	سجلٌّ أو إعداد	سجل غير قابل للتعديل	—	—	تبقى بقالبِها	لم يبدأ	AC-U1 قشرة · AC-U2 مكوّن · AC-U3 حالات
الحوكمة والالتزام	دورة الإدارة	التدقيق والمراجعة	دورة المراجعة الدورية للصلاحيات	دورة المراجعة الدورية للصلاحيات	access_review.php	لا	—	—	شاشةٌ مستقلة	قالبُ السجلِّ الجدوليّ	INJAZ DataGrid · الشريطُ الموحَّد · المرشِّحات · المناظرُ المحفوظة · حالاتُ الشاشة	سجلٌّ أو إعداد	سجل غير قابل للتعديل	—	—	تبقى بقالبِها	لم يبدأ	AC-U1 قشرة · AC-U2 مكوّن · AC-U3 حالات
الحوكمة والالتزام	دورة الإدارة	التدقيق والمراجعة	تفسير مصدر الصلاحية	تفسير مصدر الصلاحية	perm_explain.php	لا	—	—	منظر	قالبُ السجلِّ الجدوليّ	INJAZ DataGrid · الشريطُ الموحَّد · المرشِّحات · المناظرُ المحفوظة · حالاتُ الشاشة	قارئة	سجل غير قابل للتعديل	شاشةٌ قارئةٌ في طبقةِ دورةِ الإدارة	متوسط	تُحوَّل منظرًا	لم يبدأ	AC-U1 قشرة · AC-U2 مكوّن · AC-U3 حالات
الحوكمة والالتزام	دورة الإدارة	التدقيق والمراجعة	فصل الواجبات المتعارضة	فصل الواجبات المتعارضة	sec_governance.php	لا	—	—	شاشةٌ مستقلة	قالبُ السجلِّ الجدوليّ	INJAZ DataGrid · الشريطُ الموحَّد · المرشِّحات · المناظرُ المحفوظة · حالاتُ الشاشة	سجلٌّ أو إعداد	سجل غير قابل للتعديل	—	—	تبقى بقالبِها	لم يبدأ	AC-U1 قشرة · AC-U2 مكوّن · AC-U3 حالات
الحوكمة والالتزام	دورة الإدارة	التدقيق والمراجعة	سجل العقود الموحَّد	سجل العقود الموحَّد	contract_registry.php	لا	العقد	—	شاشةٌ مستقلة	قالبُ السجلِّ الجدوليّ	INJAZ DataGrid · الشريطُ الموحَّد · المرشِّحات · المناظرُ المحفوظة · حالاتُ الشاشة	سجلٌّ أو إعداد	عقدٌ نافذ	—	—	تبقى بقالبِها	لم يبدأ	AC-U1 قشرة · AC-U2 مكوّن · AC-U3 حالات
الحوكمة والالتزام	المرجع والإدارة	أنواع المستندات وآلات الحالة	أنماط تفعيل المزايا	أنماط تفعيل المزايا	activation.php	لا	—	—	شاشةٌ مستقلة	قالبُ السجلِّ الجدوليّ	INJAZ DataGrid · الشريطُ الموحَّد · المرشِّحات · المناظرُ المحفوظة · حالاتُ الشاشة	سجلٌّ أو إعداد	مفتاح ظهور · مكوّن بوابة	—	—	تبقى بقالبِها	لم يبدأ	AC-U1 قشرة · AC-U2 مكوّن · AC-U3 حالات
الحوكمة والالتزام	المرجع والإدارة	أنواع المستندات وآلات الحالة	سجل أنواع المستندات	سجل أنواع المستندات	doc_types.php	لا	—	—	شاشةٌ مستقلة	قالبُ السجلِّ الجدوليّ	INJAZ DataGrid · الشريطُ الموحَّد · المرشِّحات · المناظرُ المحفوظة · حالاتُ الشاشة	سجلٌّ أو إعداد	نوع مستند · آلة حالة	—	—	تبقى بقالبِها	لم يبدأ	AC-U1 قشرة · AC-U2 مكوّن · AC-U3 حالات
الحوكمة والالتزام	المرجع والإدارة	أنواع المستندات وآلات الحالة	حالات المستندات وانتقالاتها	حالات المستندات وانتقالاتها	state_machines.php	لا	—	—	شاشةٌ مستقلة	قالبُ السجلِّ الجدوليّ	INJAZ DataGrid · الشريطُ الموحَّد · المرشِّحات · المناظرُ المحفوظة · حالاتُ الشاشة	سجلٌّ أو إعداد	نوع مستند · آلة حالة	—	—	تبقى بقالبِها	لم يبدأ	AC-U1 قشرة · AC-U2 مكوّن · AC-U3 حالات
الحوكمة والالتزام	المرجع والإدارة	الظهور وضبط البوابة	من يرى ماذا ومكوّنات البوابة	من يرى ماذا ومكوّنات البوابة	visibility.php	لا	—	—	شاشةٌ مستقلة	قالبُ السجلِّ الجدوليّ	INJAZ DataGrid · الشريطُ الموحَّد · المرشِّحات · المناظرُ المحفوظة · حالاتُ الشاشة	سجلٌّ أو إعداد	— متابعة	—	—	تبقى بقالبِها	لم يبدأ	AC-U1 قشرة · AC-U2 مكوّن · AC-U3 حالات
الحوكمة والالتزام	المرجع والإدارة	الظهور وضبط البوابة	صفحات النظام والإدارات	صفحات النظام والإدارات	modules.php	لا	—	—	شاشةٌ مستقلة	قالبُ السجلِّ الجدوليّ	INJAZ DataGrid · الشريطُ الموحَّد · المرشِّحات · المناظرُ المحفوظة · حالاتُ الشاشة	سجلٌّ أو إعداد	مفتاح ظهور · مكوّن بوابة	—	—	تبقى بقالبِها	لم يبدأ	AC-U1 قشرة · AC-U2 مكوّن · AC-U3 حالات
الحوكمة والالتزام	المرجع والإدارة	الظهور وضبط البوابة	وضع التأسيس وإغلاقه	وضع التأسيس وإغلاقه	founding_mode.php	لا	—	—	شاشةٌ مستقلة	قالبُ السجلِّ الجدوليّ	INJAZ DataGrid · الشريطُ الموحَّد · المرشِّحات · المناظرُ المحفوظة · حالاتُ الشاشة	سجلٌّ أو إعداد	محضرُ إغلاقٍ · بصمةُ إصدار	—	—	تبقى بقالبِها	لم يبدأ	AC-U1 قشرة · AC-U2 مكوّن · AC-U3 حالات
الحوكمة والالتزام	المرجع والإدارة	الظهور وضبط البوابة	بصمة الإصدار وتقرير النشر	بصمة الإصدار وتقرير النشر	release_stamp.php	لا	—	—	شاشةٌ مستقلة	قالبُ المستندِ ودورتِه	شبكةُ النموذج · شريطُ الحفظِ اللاصق · مكوّنُ الانتقال · سجلُّ النشاط	مستندٌ يُعتمد	محضرُ إغلاقٍ · بصمةُ إصدار	—	—	تبقى بقالبِها	لم يبدأ	AC-U1 قشرة · AC-U2 مكوّن · AC-U3 حالات
الحوكمة والالتزام	المرجع والإدارة	الميزانية ومؤشرات الأداء	ميزانية إدارتي	ميزانية إدارتي	budget_dept.php	نعم — يوحَّد مع نظيرِه	—	—	شاشةٌ مستقلة	قالبُ السجلِّ الجدوليّ	INJAZ DataGrid · الشريطُ الموحَّد · المرشِّحات · المناظرُ المحفوظة · حالاتُ الشاشة	سجلٌّ أو إعداد	تقرير إقفال يومي	—	—	تبقى بقالبِها	لم يبدأ	AC-U1 قشرة · AC-U2 مكوّن · AC-U3 حالات
الحوكمة والالتزام	المرجع والإدارة	الميزانية ومؤشرات الأداء	إنجاز الإدارة	إنجاز الإدارة	dept_achievement.php	لا	—	—	شاشةٌ مستقلة	قالبُ السجلِّ الجدوليّ	INJAZ DataGrid · الشريطُ الموحَّد · المرشِّحات · المناظرُ المحفوظة · حالاتُ الشاشة	سجلٌّ أو إعداد	— قراءةٌ عليا	—	—	تبقى بقالبِها	لم يبدأ	AC-U1 قشرة · AC-U2 مكوّن · AC-U3 حالات
الحوكمة والالتزام	المرجع والإدارة	الميزانية ومؤشرات الأداء	مركز التقارير	مركز التقارير	reports_index.php	لا	—	—	شاشةٌ مستقلة	قالبُ السجلِّ الجدوليّ	INJAZ DataGrid · الشريطُ الموحَّد · المرشِّحات · المناظرُ المحفوظة · حالاتُ الشاشة	سجلٌّ أو إعداد	تقرير إقفال يومي	—	—	تبقى بقالبِها	لم يبدأ	AC-U1 قشرة · AC-U2 مكوّن · AC-U3 حالات
الحوكمة والالتزام	المرجع والإدارة	الحوكمة والضوابط	مخاطر الحوكمة والالتزام	مخاطر الحوكمة والالتزام	risk_dept_gov.php	لا	—	—	منظر	قالبُ السجلِّ الجدوليّ	INJAZ DataGrid · الشريطُ الموحَّد · المرشِّحات · المناظرُ المحفوظة · حالاتُ الشاشة	قارئة	قراءة	—	—	تبقى بقالبِها	لم يبدأ	AC-U1 قشرة · AC-U2 مكوّن · AC-U3 حالات
الحوكمة والالتزام	المرجع والإدارة	التقارير والتحليلات	حوكمة الحوكمة والالتزام	حوكمة الحوكمة والالتزام	gov_dept_gov.php	لا	—	—	منظر	قالبُ السجلِّ الجدوليّ	INJAZ DataGrid · الشريطُ الموحَّد · المرشِّحات · المناظرُ المحفوظة · حالاتُ الشاشة	قارئة	قراءة	—	—	تبقى بقالبِها	لم يبدأ	AC-U1 قشرة · AC-U2 مكوّن · AC-U3 حالات
الحوكمة والالتزام	المرجع والإدارة	الأحداث والمهام الخلفية	صندوق الأحداث الصادر	صندوق الأحداث الصادر	bus_outbox.php	لا	—	—	شاشةٌ مستقلة	قالبُ السجلِّ الجدوليّ	INJAZ DataGrid · الشريطُ الموحَّد · المرشِّحات · المناظرُ المحفوظة · حالاتُ الشاشة	سجلٌّ أو إعداد	◆ انتقالُ حالة	—	—	تبقى بقالبِها	لم يبدأ	AC-U1 قشرة · AC-U2 مكوّن · AC-U3 حالات
الحوكمة والالتزام	المرجع والإدارة	الأحداث والمهام الخلفية	تسليمات الأحداث وحالاتها	تسليمات الأحداث وحالاتها	bus_deliveries.php	لا	—	—	شاشةٌ مستقلة	قالبُ السجلِّ الجدوليّ	INJAZ DataGrid · الشريطُ الموحَّد · المرشِّحات · المناظرُ المحفوظة · حالاتُ الشاشة	سجلٌّ أو إعداد	◆ انتقالُ حالة	—	—	تبقى بقالبِها	لم يبدأ	AC-U1 قشرة · AC-U2 مكوّن · AC-U3 حالات
الحوكمة والالتزام	المرجع والإدارة	الأحداث والمهام الخلفية	لوحة الناقل	لوحة الناقل	bus_board.php	لا	—	—	تقرير	قالبُ التقرير	الرسوم · المرشِّحات · التصدير · حالةُ الفراغ	قارئة	قراءة	—	—	تبقى بقالبِها	لم يبدأ	AC-U1 قشرة · AC-U2 مكوّن · AC-U3 حالات
الحوكمة والالتزام	المرجع والإدارة	الأحداث والمهام الخلفية	طابور المهام	طابور المهام	job_queue.php	لا	—	—	شاشةٌ مستقلة	قالبُ السجلِّ الجدوليّ	INJAZ DataGrid · الشريطُ الموحَّد · المرشِّحات · المناظرُ المحفوظة · حالاتُ الشاشة	سجلٌّ أو إعداد	◆ انتقالُ حالة	—	—	تبقى بقالبِها	لم يبدأ	AC-U1 قشرة · AC-U2 مكوّن · AC-U3 حالات
الحوكمة والالتزام	المرجع والإدارة	الأحداث والمهام الخلفية	جدولة المهام الدورية	جدولة المهام الدورية	job_schedule.php	لا	—	—	شاشةٌ مستقلة	قالبُ المستندِ ودورتِه	شبكةُ النموذج · شريطُ الحفظِ اللاصق · مكوّنُ الانتقال · سجلُّ النشاط	مستندٌ يُعتمد	◆ انتقالُ حالة	مستندٌ يُعتمد بلا مستندٍ رسميٍّ مسمًّى	عالٍ	تبقى بقالبِها	لم يبدأ	AC-U1 قشرة · AC-U2 مكوّن · AC-U3 حالات
الحوكمة والالتزام	المرجع والإدارة	الأحداث والمهام الخلفية	الاستعادة ومحضرها	الاستعادة ومحضرها	dr_restore.php	لا	—	—	شاشةٌ مستقلة	قالبُ المستندِ ودورتِه	شبكةُ النموذج · شريطُ الحفظِ اللاصق · مكوّنُ الانتقال · سجلُّ النشاط	مستندٌ يُعتمد	◆ انتقالُ حالة	مستندٌ يُعتمد بلا مستندٍ رسميٍّ مسمًّى	عالٍ	تبقى بقالبِها	لم يبدأ	AC-U1 قشرة · AC-U2 مكوّن · AC-U3 حالات
إدارة المخاطر المؤسسية	مركز العمل	لوحة المخاطر المؤسسية	لوحة المخاطر المؤسسية	لوحة المخاطر المؤسسية	risk_dashboard.php	لا	الخطر	—	شاشةٌ مستقلة	قالبُ السجلِّ الجدوليّ	INJAZ DataGrid · الشريطُ الموحَّد · المرشِّحات · المناظرُ المحفوظة · حالاتُ الشاشة	سجلٌّ أو إعداد	◆ انتقالُ حالة	—	—	تبقى بقالبِها	لم يبدأ	AC-U1 قشرة · AC-U2 مكوّن · AC-U3 حالات
إدارة المخاطر المؤسسية	مركز العمل	لوحة المخاطر المؤسسية	تقارير المخاطر والتحليلات	تقارير المخاطر والتحليلات	risk_reports.php	لا	الخطر	—	تقرير	قالبُ التقرير	الرسوم · المرشِّحات · التصدير · حالةُ الفراغ	قارئة	قراءة	—	—	تبقى بقالبِها	لم يبدأ	AC-U1 قشرة · AC-U2 مكوّن · AC-U3 حالات
إدارة المخاطر المؤسسية	مركز العمل	لوحة المخاطر المؤسسية	مخاطر الإدارة	مخاطر الإدارة	risk_dept_view.php	لا	—	—	منظر	قالبُ السجلِّ الجدوليّ	INJAZ DataGrid · الشريطُ الموحَّد · المرشِّحات · المناظرُ المحفوظة · حالاتُ الشاشة	قارئة	قراءة	—	—	تبقى بقالبِها	لم يبدأ	AC-U1 قشرة · AC-U2 مكوّن · AC-U3 حالات
إدارة المخاطر المؤسسية	دورة الإدارة	سجل المخاطر	سجل المخاطر المؤسسي	سجل المخاطر المؤسسي	risk_register.php	لا	الخطر	—	شاشةٌ مستقلة	قالبُ السجلِّ الجدوليّ	INJAZ DataGrid · الشريطُ الموحَّد · المرشِّحات · المناظرُ المحفوظة · حالاتُ الشاشة	سجلٌّ أو إعداد	◆ انتقالُ حالة	—	—	تبقى بقالبِها	لم يبدأ	AC-U1 قشرة · AC-U2 مكوّن · AC-U3 حالات
إدارة المخاطر المؤسسية	دورة الإدارة	سجل المخاطر	ملف الخطر	ملف الخطر	risk_profile.php	لا	الخطر	—	شاشةٌ مستقلة	قالبُ المستندِ ودورتِه	شبكةُ النموذج · شريطُ الحفظِ اللاصق · مكوّنُ الانتقال · سجلُّ النشاط	مستندٌ يُعتمد	◆ انتقالُ حالة	مستندٌ يُعتمد بلا مستندٍ رسميٍّ مسمًّى	عالٍ	تبقى بقالبِها	لم يبدأ	AC-U1 قشرة · AC-U2 مكوّن · AC-U3 حالات
إدارة المخاطر المؤسسية	دورة الإدارة	سجل المخاطر	وحدات المخاطر والتصنيف	وحدات المخاطر والتصنيف	risk_units.php	لا	الخطر	—	شاشةٌ مستقلة	قالبُ السجلِّ الجدوليّ	INJAZ DataGrid · الشريطُ الموحَّد · المرشِّحات · المناظرُ المحفوظة · حالاتُ الشاشة	سجلٌّ أو إعداد	◆ انتقالُ حالة	—	—	تبقى بقالبِها	لم يبدأ	AC-U1 قشرة · AC-U2 مكوّن · AC-U3 حالات
إدارة المخاطر المؤسسية	دورة الإدارة	التقييم والقياس	تقييم الخطر ونسخُه التاريخية	تقييم الخطر ونسخُه التاريخية	risk_assessment.php	لا	الخطر	ملفُّ الخطر	تبويبٌ في ملفِّ الكيانِ الأم	قالبُ ملفِّ الكيان	تبويباتُ الرحلة · الخطُّ الزمنيّ · وسمُ الحالة · بطاقاتُ مؤشرٍ مضغوطة	مستندٌ يُعتمد	◆ انتقالُ حالة	مستندٌ يُعتمد بلا مستندٍ رسميٍّ مسمًّى · مرشَّحةٌ للدمجِ في ملفِّ الكيانِ الأم	عالٍ	تُدمج تبويبًا	لم يبدأ	AC-U1 قشرة · AC-U2 مكوّن · AC-U3 حالات
إدارة المخاطر المؤسسية	دورة الإدارة	التقييم والقياس	الضوابط والضوابط الحرجة	الضوابط والضوابط الحرجة	risk_controls.php	لا	—	—	شاشةٌ مستقلة	قالبُ المستندِ ودورتِه	شبكةُ النموذج · شريطُ الحفظِ اللاصق · مكوّنُ الانتقال · سجلُّ النشاط	مستندٌ يُعتمد	◆ انتقالُ حالة	مستندٌ يُعتمد بلا مستندٍ رسميٍّ مسمًّى	عالٍ	تبقى بقالبِها	لم يبدأ	AC-U1 قشرة · AC-U2 مكوّن · AC-U3 حالات
إدارة المخاطر المؤسسية	دورة الإدارة	التقييم والقياس	التحقق من الضوابط الحرجة	التحقق من الضوابط الحرجة	risk_control_verify.php	لا	—	—	شاشةٌ مستقلة	قالبُ المستندِ ودورتِه	شبكةُ النموذج · شريطُ الحفظِ اللاصق · مكوّنُ الانتقال · سجلُّ النشاط	مستندٌ يُعتمد	◆ انتقالُ حالة	مستندٌ يُعتمد بلا مستندٍ رسميٍّ مسمًّى	عالٍ	تبقى بقالبِها	لم يبدأ	AC-U1 قشرة · AC-U2 مكوّن · AC-U3 حالات
إدارة المخاطر المؤسسية	دورة الإدارة	المعالجة والضوابط	إجراءات المعالجة	إجراءات المعالجة	risk_treatment.php	لا	—	—	شاشةٌ مستقلة	قالبُ المستندِ ودورتِه	شبكةُ النموذج · شريطُ الحفظِ اللاصق · مكوّنُ الانتقال · سجلُّ النشاط	مستندٌ يُعتمد	◆ انتقالُ حالة	مستندٌ يُعتمد بلا مستندٍ رسميٍّ مسمًّى	عالٍ	تبقى بقالبِها	لم يبدأ	AC-U1 قشرة · AC-U2 مكوّن · AC-U3 حالات
إدارة المخاطر المؤسسية	دورة الإدارة	قبول الخطر والتصعيد	القبول والاستثناءات	القبول والاستثناءات	risk_acceptance.php	لا	—	—	شاشةٌ مستقلة	قالبُ المستندِ ودورتِه	شبكةُ النموذج · شريطُ الحفظِ اللاصق · مكوّنُ الانتقال · سجلُّ النشاط	مستندٌ يُعتمد	◆ انتقالُ حالة	مستندٌ يُعتمد بلا مستندٍ رسميٍّ مسمًّى	عالٍ	تبقى بقالبِها	لم يبدأ	AC-U1 قشرة · AC-U2 مكوّن · AC-U3 حالات
إدارة المخاطر المؤسسية	دورة الإدارة	قبول الخطر والتصعيد	المراجعات والتصعيدات	المراجعات والتصعيدات	risk_reviews.php	لا	—	—	شاشةٌ مستقلة	قالبُ المستندِ ودورتِه	شبكةُ النموذج · شريطُ الحفظِ اللاصق · مكوّنُ الانتقال · سجلُّ النشاط	مستندٌ يُعتمد	◆ انتقالُ حالة	مستندٌ يُعتمد بلا مستندٍ رسميٍّ مسمًّى	عالٍ	تبقى بقالبِها	لم يبدأ	AC-U1 قشرة · AC-U2 مكوّن · AC-U3 حالات
إدارة المخاطر المؤسسية	دورة الإدارة	المراقبة والمؤشرات	إشارات المخاطر والفرز	إشارات المخاطر والفرز	risk_signals.php	لا	الخطر	—	شاشةٌ مستقلة	قالبُ السجلِّ الجدوليّ	INJAZ DataGrid · الشريطُ الموحَّد · المرشِّحات · المناظرُ المحفوظة · حالاتُ الشاشة	سجلٌّ أو إعداد	◆ انتقالُ حالة	—	—	تبقى بقالبِها	لم يبدأ	AC-U1 قشرة · AC-U2 مكوّن · AC-U3 حالات
إدارة المخاطر المؤسسية	دورة الإدارة	المراقبة والمؤشرات	الحوادث والوقائع	الحوادث والوقائع	risk_incidents.php	لا	—	—	شاشةٌ مستقلة	قالبُ السجلِّ الجدوليّ	INJAZ DataGrid · الشريطُ الموحَّد · المرشِّحات · المناظرُ المحفوظة · حالاتُ الشاشة	سجلٌّ أو إعداد	◆ انتقالُ حالة	—	—	تبقى بقالبِها	لم يبدأ	AC-U1 قشرة · AC-U2 مكوّن · AC-U3 حالات
إدارة المخاطر المؤسسية	دورة الإدارة	المراقبة والمؤشرات	مؤشرات المخاطر والضوابط	مؤشرات المخاطر والضوابط	risk_kri.php	لا	الخطر	—	تقرير	قالبُ التقرير	الرسوم · المرشِّحات · التصدير · حالةُ الفراغ	قارئة	قراءة	شاشةٌ قارئةٌ في طبقةِ دورةِ الإدارة	متوسط	تبقى بقالبِها	لم يبدأ	AC-U1 قشرة · AC-U2 مكوّن · AC-U3 حالات
إدارة المخاطر المؤسسية	المرجع والإدارة	الحوكمة والضوابط	لجنة المخاطر	لجنة المخاطر	risk_committee.php	لا	الخطر	—	شاشةٌ مستقلة	قالبُ المستندِ ودورتِه	شبكةُ النموذج · شريطُ الحفظِ اللاصق · مكوّنُ الانتقال · سجلُّ النشاط	مستندٌ يُعتمد	◆ انتقالُ حالة	مستندٌ يُعتمد بلا مستندٍ رسميٍّ مسمًّى	عالٍ	تبقى بقالبِها	لم يبدأ	AC-U1 قشرة · AC-U2 مكوّن · AC-U3 حالات
إدارة المخاطر المؤسسية	المرجع والإدارة	الحوكمة والضوابط	الشهية وحدود التحمل	الشهية وحدود التحمل	risk_appetite.php	لا	—	—	شاشةٌ مستقلة	قالبُ السجلِّ الجدوليّ	INJAZ DataGrid · الشريطُ الموحَّد · المرشِّحات · المناظرُ المحفوظة · حالاتُ الشاشة	سجلٌّ أو إعداد	◆ انتقالُ حالة	—	—	تبقى بقالبِها	لم يبدأ	AC-U1 قشرة · AC-U2 مكوّن · AC-U3 حالات
إدارة المخاطر المؤسسية	المرجع والإدارة	الحوكمة والضوابط	إعدادات المخاطر والتصنيف	إعدادات المخاطر والتصنيف	risk_settings.php	لا	الخطر	—	شاشةٌ مستقلة	قالبُ السجلِّ الجدوليّ	INJAZ DataGrid · الشريطُ الموحَّد · المرشِّحات · المناظرُ المحفوظة · حالاتُ الشاشة	سجلٌّ أو إعداد	◆ انتقالُ حالة	—	—	تبقى بقالبِها	لم يبدأ	AC-U1 قشرة · AC-U2 مكوّن · AC-U3 حالات
إدارة المخاطر المؤسسية	المرجع والإدارة	البيانات المرجعية والإعدادات	مخاطر الميدان	مخاطر الميدان	risk_field.php	لا	—	—	شاشةٌ مستقلة	قالبُ السجلِّ الجدوليّ	INJAZ DataGrid · الشريطُ الموحَّد · المرشِّحات · المناظرُ المحفوظة · حالاتُ الشاشة	سجلٌّ أو إعداد	◆ انتقالُ حالة	—	—	تبقى بقالبِها	لم يبدأ	AC-U1 قشرة · AC-U2 مكوّن · AC-U3 حالات
إدارة المخاطر المؤسسية	المرجع والإدارة	التقارير والتحليلات	حوكمة إدارة المخاطر المؤسسية	حوكمة إدارة المخاطر المؤسسية	gov_dept_rsk.php	لا	الخطر	—	منظر	قالبُ السجلِّ الجدوليّ	INJAZ DataGrid · الشريطُ الموحَّد · المرشِّحات · المناظرُ المحفوظة · حالاتُ الشاشة	قارئة	قراءة	—	—	تبقى بقالبِها	لم يبدأ	AC-U1 قشرة · AC-U2 مكوّن · AC-U3 حالات
المراجع الداخلي المستقل	مركز العمل	لوحة المراجعة الداخلية	لوحة رئيس المراجعة الداخلية	لوحة رئيس المراجعة الداخلية	iaf_board.php	لا	—	—	تقرير	قالبُ التقرير	الرسوم · المرشِّحات · التصدير · حالةُ الفراغ	قارئة	قراءة	—	—	تبقى بقالبِها	لم يبدأ	AC-U1 قشرة · AC-U2 مكوّن · AC-U3 حالات
المراجع الداخلي المستقل	مركز العمل	لوحة المراجعة الداخلية	تقارير الجهة المشرفة	تقارير الجهة المشرفة	iaf_reports.php	لا	—	—	شاشةٌ مستقلة	قالبُ المستندِ ودورتِه	شبكةُ النموذج · شريطُ الحفظِ اللاصق · مكوّنُ الانتقال · سجلُّ النشاط	مستندٌ يُعتمد	◆ انتقالُ حالة	مستندٌ يُعتمد بلا مستندٍ رسميٍّ مسمًّى	عالٍ	تبقى بقالبِها	لم يبدأ	AC-U1 قشرة · AC-U2 مكوّن · AC-U3 حالات
المراجع الداخلي المستقل	مركز العمل	لوحة المراجعة الداخلية	الملاحظات المتأخرة والتصعيد	الملاحظات المتأخرة والتصعيد	iaf_overdue.php	لا	—	—	منظر	قالبُ السجلِّ الجدوليّ	INJAZ DataGrid · الشريطُ الموحَّد · المرشِّحات · المناظرُ المحفوظة · حالاتُ الشاشة	قارئة	قراءة	—	—	تبقى بقالبِها	لم يبدأ	AC-U1 قشرة · AC-U2 مكوّن · AC-U3 حالات
المراجع الداخلي المستقل	دورة الإدارة	الميثاق والخطة	ميثاق المراجعة الداخلية	ميثاق المراجعة الداخلية	iaf_charter.php	لا	—	—	شاشةٌ مستقلة	قالبُ المستندِ ودورتِه	شبكةُ النموذج · شريطُ الحفظِ اللاصق · مكوّنُ الانتقال · سجلُّ النشاط	مستندٌ يُعتمد	◆ انتقالُ حالة	مستندٌ يُعتمد بلا مستندٍ رسميٍّ مسمًّى	عالٍ	تبقى بقالبِها	لم يبدأ	AC-U1 قشرة · AC-U2 مكوّن · AC-U3 حالات
المراجع الداخلي المستقل	دورة الإدارة	الميثاق والخطة	سجل الاستقلال وتعارض المصالح	سجل الاستقلال وتعارض المصالح	iaf_independence.php	لا	—	—	شاشةٌ مستقلة	قالبُ المستندِ ودورتِه	شبكةُ النموذج · شريطُ الحفظِ اللاصق · مكوّنُ الانتقال · سجلُّ النشاط	مستندٌ يُعتمد	◆ انتقالُ حالة	مستندٌ يُعتمد بلا مستندٍ رسميٍّ مسمًّى	عالٍ	تبقى بقالبِها	لم يبدأ	AC-U1 قشرة · AC-U2 مكوّن · AC-U3 حالات
المراجع الداخلي المستقل	دورة الإدارة	الميثاق والخطة	سجل الكون الرقابي	سجل الكون الرقابي	iaf_universe.php	لا	—	—	شاشةٌ مستقلة	قالبُ المستندِ ودورتِه	شبكةُ النموذج · شريطُ الحفظِ اللاصق · مكوّنُ الانتقال · سجلُّ النشاط	مستندٌ يُعتمد	◆ انتقالُ حالة	مستندٌ يُعتمد بلا مستندٍ رسميٍّ مسمًّى	عالٍ	تبقى بقالبِها	لم يبدأ	AC-U1 قشرة · AC-U2 مكوّن · AC-U3 حالات
المراجع الداخلي المستقل	دورة الإدارة	الميثاق والخطة	الخطة السنوية للمراجعة	الخطة السنوية للمراجعة	iaf_plan.php	لا	—	—	شاشةٌ مستقلة	قالبُ المستندِ ودورتِه	شبكةُ النموذج · شريطُ الحفظِ اللاصق · مكوّنُ الانتقال · سجلُّ النشاط	مستندٌ يُعتمد	◆ انتقالُ حالة	مستندٌ يُعتمد بلا مستندٍ رسميٍّ مسمًّى	عالٍ	تبقى بقالبِها	لم يبدأ	AC-U1 قشرة · AC-U2 مكوّن · AC-U3 حالات
المراجع الداخلي المستقل	دورة الإدارة	تنفيذ المهمة وأدلتها	برامج المراجعة	برامج المراجعة	iaf_programs.php	لا	—	—	شاشةٌ مستقلة	قالبُ المستندِ ودورتِه	شبكةُ النموذج · شريطُ الحفظِ اللاصق · مكوّنُ الانتقال · سجلُّ النشاط	مستندٌ يُعتمد	◆ انتقالُ حالة	مستندٌ يُعتمد بلا مستندٍ رسميٍّ مسمًّى	عالٍ	تبقى بقالبِها	لم يبدأ	AC-U1 قشرة · AC-U2 مكوّن · AC-U3 حالات
المراجع الداخلي المستقل	دورة الإدارة	تنفيذ المهمة وأدلتها	مهام المراجعة	مهام المراجعة	iaf_engagements.php	لا	—	—	شاشةٌ مستقلة	قالبُ المستندِ ودورتِه	شبكةُ النموذج · شريطُ الحفظِ اللاصق · مكوّنُ الانتقال · سجلُّ النشاط	مستندٌ يُعتمد	◆ انتقالُ حالة	مستندٌ يُعتمد بلا مستندٍ رسميٍّ مسمًّى	عالٍ	تبقى بقالبِها	لم يبدأ	AC-U1 قشرة · AC-U2 مكوّن · AC-U3 حالات
المراجع الداخلي المستقل	دورة الإدارة	تنفيذ المهمة وأدلتها	أوراق العمل	أوراق العمل	iaf_workpapers.php	لا	—	—	شاشةٌ مستقلة	قالبُ السجلِّ الجدوليّ	INJAZ DataGrid · الشريطُ الموحَّد · المرشِّحات · المناظرُ المحفوظة · حالاتُ الشاشة	سجلٌّ أو إعداد	◆ انتقالُ حالة	—	—	تبقى بقالبِها	لم يبدأ	AC-U1 قشرة · AC-U2 مكوّن · AC-U3 حالات
المراجع الداخلي المستقل	دورة الإدارة	تنفيذ المهمة وأدلتها	طلبات الأدلة	طلبات الأدلة	iaf_evidence.php	لا	—	—	فعل	قالبُ الفعلِ والاعتماد	مكوّنُ الانتقال · حوارُ التأكيد · بطاقةُ اعتماد	سجلٌّ أو إعداد	◆ انتقالُ حالة	—	—	تبقى بقالبِها	لم يبدأ	AC-U1 قشرة · AC-U2 مكوّن · AC-U3 حالات
المراجع الداخلي المستقل	دورة الإدارة	تنفيذ المهمة وأدلتها	العينات ونتائج الاختبارات	العينات ونتائج الاختبارات	iaf_samples.php	لا	—	—	شاشةٌ مستقلة	قالبُ السجلِّ الجدوليّ	INJAZ DataGrid · الشريطُ الموحَّد · المرشِّحات · المناظرُ المحفوظة · حالاتُ الشاشة	سجلٌّ أو إعداد	◆ انتقالُ حالة	—	—	تبقى بقالبِها	لم يبدأ	AC-U1 قشرة · AC-U2 مكوّن · AC-U3 حالات
المراجع الداخلي المستقل	دورة الإدارة	تنفيذ المهمة وأدلتها	خطط المعالجة والمتابعة	خطط المعالجة والمتابعة	iaf_actions.php	لا	—	—	شاشةٌ مستقلة	قالبُ المستندِ ودورتِه	شبكةُ النموذج · شريطُ الحفظِ اللاصق · مكوّنُ الانتقال · سجلُّ النشاط	مستندٌ يُعتمد	◆ انتقالُ حالة	مستندٌ يُعتمد بلا مستندٍ رسميٍّ مسمًّى	عالٍ	تبقى بقالبِها	لم يبدأ	AC-U1 قشرة · AC-U2 مكوّن · AC-U3 حالات
المراجع الداخلي المستقل	دورة الإدارة	تنفيذ المهمة وأدلتها	تقييم الجودة	تقييم الجودة	iaf_quality.php	لا	—	—	شاشةٌ مستقلة	قالبُ المستندِ ودورتِه	شبكةُ النموذج · شريطُ الحفظِ اللاصق · مكوّنُ الانتقال · سجلُّ النشاط	مستندٌ يُعتمد	◆ انتقالُ حالة	مستندٌ يُعتمد بلا مستندٍ رسميٍّ مسمًّى	عالٍ	تبقى بقالبِها	لم يبدأ	AC-U1 قشرة · AC-U2 مكوّن · AC-U3 حالات
المراجع الداخلي المستقل	دورة الإدارة	تنفيذ المهمة وأدلتها	سجل الاطلاع الحساس للمراجعين	سجل الاطلاع الحساس للمراجعين	iaf_sensitive_log.php	لا	—	—	منظر	قالبُ السجلِّ الجدوليّ	INJAZ DataGrid · الشريطُ الموحَّد · المرشِّحات · المناظرُ المحفوظة · حالاتُ الشاشة	قارئة	قراءة	شاشةٌ قارئةٌ في طبقةِ دورةِ الإدارة	متوسط	تُحوَّل منظرًا	لم يبدأ	AC-U1 قشرة · AC-U2 مكوّن · AC-U3 حالات
المراجع الداخلي المستقل	دورة الإدارة	الملاحظات والتوصيات	الملاحظات	الملاحظات	iaf_findings.php	لا	—	—	شاشةٌ مستقلة	قالبُ المستندِ ودورتِه	شبكةُ النموذج · شريطُ الحفظِ اللاصق · مكوّنُ الانتقال · سجلُّ النشاط	مستندٌ يُعتمد	◆ انتقالُ حالة	مستندٌ يُعتمد بلا مستندٍ رسميٍّ مسمًّى	عالٍ	تبقى بقالبِها	لم يبدأ	AC-U1 قشرة · AC-U2 مكوّن · AC-U3 حالات
المراجع الداخلي المستقل	المرجع والإدارة	الحوكمة والضوابط	مخاطر المراجعة الداخلية	مخاطر المراجعة الداخلية	risk_dept_iaf.php	لا	—	—	منظر	قالبُ السجلِّ الجدوليّ	INJAZ DataGrid · الشريطُ الموحَّد · المرشِّحات · المناظرُ المحفوظة · حالاتُ الشاشة	قارئة	قراءة	—	—	تبقى بقالبِها	لم يبدأ	AC-U1 قشرة · AC-U2 مكوّن · AC-U3 حالات
المراجع الداخلي المستقل	المرجع والإدارة	الحوكمة والضوابط	حوكمة المراجعة الداخلية	حوكمة المراجعة الداخلية	gov_dept_iaf.php	لا	—	—	منظر	قالبُ السجلِّ الجدوليّ	INJAZ DataGrid · الشريطُ الموحَّد · المرشِّحات · المناظرُ المحفوظة · حالاتُ الشاشة	قارئة	قراءة	—	—	تبقى بقالبِها	لم يبدأ	AC-U1 قشرة · AC-U2 مكوّن · AC-U3 حالات
المالية والخزينة	مركز العمل	مركز العمل	مهامي	مهامي	my_tasks.php	لا	—	—	شاشةٌ مستقلة	قالبُ السجلِّ الجدوليّ	INJAZ DataGrid · الشريطُ الموحَّد · المرشِّحات · المناظرُ المحفوظة · حالاتُ الشاشة	سجلٌّ أو إعداد	— عرض	—	—	تبقى بقالبِها	لم يبدأ	AC-U1 قشرة · AC-U2 مكوّن · AC-U3 حالات
المالية والخزينة	مركز العمل	مركز العمل	إنجازي	إنجازي	my_achievement.php	لا	—	—	منظر	قالبُ السجلِّ الجدوليّ	INJAZ DataGrid · الشريطُ الموحَّد · المرشِّحات · المناظرُ المحفوظة · حالاتُ الشاشة	قارئة	— عرض	—	—	تبقى بقالبِها	لم يبدأ	AC-U1 قشرة · AC-U2 مكوّن · AC-U3 حالات
المالية والخزينة	مركز العمل	مركز العمل	بوابتي	بوابتي	my_portal.php	لا	—	—	منظر	قالبُ السجلِّ الجدوليّ	INJAZ DataGrid · الشريطُ الموحَّد · المرشِّحات · المناظرُ المحفوظة · حالاتُ الشاشة	قارئة	— عرض	—	—	تبقى بقالبِها	لم يبدأ	AC-U1 قشرة · AC-U2 مكوّن · AC-U3 حالات
المالية والخزينة	مركز العمل	مركز العمل	طلباتي	طلباتي	my_requests.php	لا	—	—	فعل	قالبُ الفعلِ والاعتماد	مكوّنُ الانتقال · حوارُ التأكيد · بطاقةُ اعتماد	مستندٌ يُعتمد	— عرض	—	—	تبقى بقالبِها	لم يبدأ	AC-U1 قشرة · AC-U2 مكوّن · AC-U3 حالات
المالية والخزينة	مركز العمل	مركز العمل	المراسلات	المراسلات	messages.php	لا	—	—	شاشةٌ مستقلة	قالبُ السجلِّ الجدوليّ	INJAZ DataGrid · الشريطُ الموحَّد · المرشِّحات · المناظرُ المحفوظة · حالاتُ الشاشة	سجلٌّ أو إعداد	— عرض	—	—	تبقى بقالبِها	لم يبدأ	AC-U1 قشرة · AC-U2 مكوّن · AC-U3 حالات
المالية والخزينة	مركز العمل	الاعتمادات الواردة	توزيع التخصصات والنطاقات	توزيع التخصصات والنطاقات	fin_mgr_assign.php	لا	—	—	شاشةٌ مستقلة	قالبُ المستندِ ودورتِه	شبكةُ النموذج · شريطُ الحفظِ اللاصق · مكوّنُ الانتقال · سجلُّ النشاط	مستندٌ يُعتمد	◆ انتقالُ حالة	مستندٌ يُعتمد بلا مستندٍ رسميٍّ مسمًّى	عالٍ	تبقى بقالبِها	لم يبدأ	AC-U1 قشرة · AC-U2 مكوّن · AC-U3 حالات
المالية والخزينة	مركز العمل	الاعتمادات الواردة	الاعتماد المالي الأولي	الاعتماد المالي الأولي	unit_fin_prelim.php	لا	—	—	فعل	قالبُ الفعلِ والاعتماد	مكوّنُ الانتقال · حوارُ التأكيد · بطاقةُ اعتماد	مستندٌ يُعتمد	◆ انتقالُ حالة	مستندٌ يُعتمد بلا مستندٍ رسميٍّ مسمًّى	عالٍ	تبقى بقالبِها	لم يبدأ	AC-U1 قشرة · AC-U2 مكوّن · AC-U3 حالات
المالية والخزينة	مركز العمل	الاعتمادات الواردة	الاعتماد المالي النهائي	الاعتماد المالي النهائي	unit_fin_final.php	لا	—	—	فعل	قالبُ الفعلِ والاعتماد	مكوّنُ الانتقال · حوارُ التأكيد · بطاقةُ اعتماد	مستندٌ يُعتمد	◆ انتقالُ حالة	مستندٌ يُعتمد بلا مستندٍ رسميٍّ مسمًّى	عالٍ	تبقى بقالبِها	لم يبدأ	AC-U1 قشرة · AC-U2 مكوّن · AC-U3 حالات
المالية والخزينة	مركز العمل	الاعتمادات الواردة	سعر الصرف اليومي	سعر الصرف اليومي	fx_daily.php	لا	—	—	شاشةٌ مستقلة	قالبُ المستندِ ودورتِه	شبكةُ النموذج · شريطُ الحفظِ اللاصق · مكوّنُ الانتقال · سجلُّ النشاط	مستندٌ يُعتمد	◆ انتقالُ حالة	مستندٌ يُعتمد بلا مستندٍ رسميٍّ مسمًّى	عالٍ	تبقى بقالبِها	لم يبدأ	AC-U1 قشرة · AC-U2 مكوّن · AC-U3 حالات
المالية والخزينة	مركز العمل	البلاغات والمهل	بلاغات إدارتي	بلاغات إدارتي	tickets_dept.php	لا	—	—	شاشةٌ مستقلة	قالبُ السجلِّ الجدوليّ	INJAZ DataGrid · الشريطُ الموحَّد · المرشِّحات · المناظرُ المحفوظة · حالاتُ الشاشة	سجلٌّ أو إعداد	طلب تغيير حالة	—	—	تبقى بقالبِها	لم يبدأ	AC-U1 قشرة · AC-U2 مكوّن · AC-U3 حالات
المالية والخزينة	مركز العمل	البلاغات والمهل	أبلغ عن مشكلة من هذه الشاشة	أبلغ عن مشكلة من هذه الشاشة	ticket_open.php	لا	—	—	شاشةٌ مستقلة	قالبُ السجلِّ الجدوليّ	INJAZ DataGrid · الشريطُ الموحَّد · المرشِّحات · المناظرُ المحفوظة · حالاتُ الشاشة	سجلٌّ أو إعداد	طلب تغيير حالة	—	—	تبقى بقالبِها	لم يبدأ	AC-U1 قشرة · AC-U2 مكوّن · AC-U3 حالات
المالية والخزينة	دورة الإدارة	المعاملات المالية الواردة	مصفوفة توجيه الطلبات المالية	مصفوفة توجيه الطلبات المالية	fin_routing.php	لا	—	—	شاشةٌ مستقلة	قالبُ المستندِ ودورتِه	شبكةُ النموذج · شريطُ الحفظِ اللاصق · مكوّنُ الانتقال · سجلُّ النشاط	مستندٌ يُعتمد	◆ انتقالُ حالة	مستندٌ يُعتمد بلا مستندٍ رسميٍّ مسمًّى	عالٍ	تبقى بقالبِها	لم يبدأ	AC-U1 قشرة · AC-U2 مكوّن · AC-U3 حالات
المالية والخزينة	دورة الإدارة	المعاملات المالية الواردة	سجل الالتزامات	سجل الالتزامات	ob_register.php	لا	—	—	شاشةٌ مستقلة	قالبُ المستندِ ودورتِه	شبكةُ النموذج · شريطُ الحفظِ اللاصق · مكوّنُ الانتقال · سجلُّ النشاط	مستندٌ يُعتمد	◆ انتقالُ حالة	مستندٌ يُعتمد بلا مستندٍ رسميٍّ مسمًّى	عالٍ	تبقى بقالبِها	لم يبدأ	AC-U1 قشرة · AC-U2 مكوّن · AC-U3 حالات
المالية والخزينة	دورة الإدارة	المعاملات المالية الواردة	جدول الاستحقاقات	جدول الاستحقاقات	ob_schedule.php	لا	—	—	شاشةٌ مستقلة	قالبُ السجلِّ الجدوليّ	INJAZ DataGrid · الشريطُ الموحَّد · المرشِّحات · المناظرُ المحفوظة · حالاتُ الشاشة	سجلٌّ أو إعداد	◆ انتقالُ حالة	—	—	تبقى بقالبِها	لم يبدأ	AC-U1 قشرة · AC-U2 مكوّن · AC-U3 حالات
المالية والخزينة	دورة الإدارة	المعاملات المالية الواردة	الملتزَم به وأثره في الموازنة	الملتزَم به وأثره في الموازنة	ob_commitments.php	لا	—	—	منظر	قالبُ السجلِّ الجدوليّ	INJAZ DataGrid · الشريطُ الموحَّد · المرشِّحات · المناظرُ المحفوظة · حالاتُ الشاشة	قارئة	قراءة	شاشةٌ قارئةٌ في طبقةِ دورةِ الإدارة	متوسط	تُحوَّل منظرًا	لم يبدأ	AC-U1 قشرة · AC-U2 مكوّن · AC-U3 حالات
المالية والخزينة	دورة الإدارة	المعاملات المالية الواردة	المستحق قريبًا والتذكيرات	المستحق قريبًا والتذكيرات	ob_due_soon.php	لا	—	—	منظر	قالبُ السجلِّ الجدوليّ	INJAZ DataGrid · الشريطُ الموحَّد · المرشِّحات · المناظرُ المحفوظة · حالاتُ الشاشة	قارئة	قراءة	شاشةٌ قارئةٌ في طبقةِ دورةِ الإدارة	متوسط	تُحوَّل منظرًا	لم يبدأ	AC-U1 قشرة · AC-U2 مكوّن · AC-U3 حالات
المالية والخزينة	دورة الإدارة	المعاملات المالية الواردة	الالتزامات المتأخرة والذمم الدائنة	الالتزامات المتأخرة والذمم الدائنة	ob_overdue.php	لا	—	—	منظر	قالبُ السجلِّ الجدوليّ	INJAZ DataGrid · الشريطُ الموحَّد · المرشِّحات · المناظرُ المحفوظة · حالاتُ الشاشة	قارئة	قراءة	شاشةٌ قارئةٌ في طبقةِ دورةِ الإدارة	متوسط	تُحوَّل منظرًا	لم يبدأ	AC-U1 قشرة · AC-U2 مكوّن · AC-U3 حالات
المالية والخزينة	دورة الإدارة	المعاملات المالية الواردة	آفاق الالتزامات الثلاثة	آفاق الالتزامات الثلاثة	ob_horizon.php	لا	—	—	منظر	قالبُ السجلِّ الجدوليّ	INJAZ DataGrid · الشريطُ الموحَّد · المرشِّحات · المناظرُ المحفوظة · حالاتُ الشاشة	قارئة	قراءة	شاشةٌ قارئةٌ في طبقةِ دورةِ الإدارة	متوسط	تُحوَّل منظرًا	لم يبدأ	AC-U1 قشرة · AC-U2 مكوّن · AC-U3 حالات
المالية والخزينة	دورة الإدارة	المعاملات المالية الواردة	الالتزامات المحتملة والإفصاح	الالتزامات المحتملة والإفصاح	ob_contingent.php	لا	—	—	شاشةٌ مستقلة	قالبُ المستندِ ودورتِه	شبكةُ النموذج · شريطُ الحفظِ اللاصق · مكوّنُ الانتقال · سجلُّ النشاط	مستندٌ يُعتمد	◆ انتقالُ حالة	مستندٌ يُعتمد بلا مستندٍ رسميٍّ مسمًّى	عالٍ	تبقى بقالبِها	لم يبدأ	AC-U1 قشرة · AC-U2 مكوّن · AC-U3 حالات
المالية والخزينة	دورة الإدارة	المعاملات المالية الواردة	سجل المُطلِقات المالية الخمسة والثلاثين	سجل المُطلِقات المالية الخمسة والثلاثين	fin_triggers.php	لا	—	—	شاشةٌ مستقلة	قالبُ المستندِ ودورتِه	شبكةُ النموذج · شريطُ الحفظِ اللاصق · مكوّنُ الانتقال · سجلُّ النشاط	مستندٌ يُعتمد	◆ انتقالُ حالة	مستندٌ يُعتمد بلا مستندٍ رسميٍّ مسمًّى	عالٍ	تبقى بقالبِها	لم يبدأ	AC-U1 قشرة · AC-U2 مكوّن · AC-U3 حالات
المالية والخزينة	دورة الإدارة	المعاملات المالية الواردة	سجل المرتجَع المالي للإدارات	سجل المرتجَع المالي للإدارات	fin_backflow.php	لا	—	—	شاشةٌ مستقلة	قالبُ السجلِّ الجدوليّ	INJAZ DataGrid · الشريطُ الموحَّد · المرشِّحات · المناظرُ المحفوظة · حالاتُ الشاشة	سجلٌّ أو إعداد	◆ انتقالُ حالة	—	—	تبقى بقالبِها	لم يبدأ	AC-U1 قشرة · AC-U2 مكوّن · AC-U3 حالات
المالية والخزينة	دورة الإدارة	الاستحقاق وأحكام الأطراف	فحص شروط الاستحقاق	فحص شروط الاستحقاق	entitlement_gate.php	لا	—	—	شاشةٌ مستقلة	قالبُ السجلِّ الجدوليّ	INJAZ DataGrid · الشريطُ الموحَّد · المرشِّحات · المناظرُ المحفوظة · حالاتُ الشاشة	سجلٌّ أو إعداد	استحقاق معتمد	—	—	تبقى بقالبِها	لم يبدأ	AC-U1 قشرة · AC-U2 مكوّن · AC-U3 حالات
المالية والخزينة	دورة الإدارة	الاستحقاق وأحكام الأطراف	توليد المستحق من العمل المعتمد	توليد المستحق من العمل المعتمد	entitlement.php	لا	—	—	شاشةٌ مستقلة	قالبُ السجلِّ الجدوليّ	INJAZ DataGrid · الشريطُ الموحَّد · المرشِّحات · المناظرُ المحفوظة · حالاتُ الشاشة	سجلٌّ أو إعداد	أداء شهري · أساس حافز	—	—	تبقى بقالبِها	لم يبدأ	AC-U1 قشرة · AC-U2 مكوّن · AC-U3 حالات
المالية والخزينة	دورة الإدارة	الاستحقاق وأحكام الأطراف	عقود العملاء	عقود العملاء	contracts.php	لا	العميل	—	شاشةٌ مستقلة	قالبُ السجلِّ الجدوليّ	INJAZ DataGrid · الشريطُ الموحَّد · المرشِّحات · المناظرُ المحفوظة · حالاتُ الشاشة	سجلٌّ أو إعداد	— سجلات	—	—	تبقى بقالبِها	لم يبدأ	AC-U1 قشرة · AC-U2 مكوّن · AC-U3 حالات
المالية والخزينة	دورة الإدارة	الاستحقاق وأحكام الأطراف	أحكام العقد — العملات والمقدم والمهل	أحكام العقد — العملات والمقدم والمهل	contract_terms.php	لا	العقد	ملفُّ العقد	تبويبٌ في ملفِّ الكيانِ الأم	قالبُ ملفِّ الكيان	تبويباتُ الرحلة · الخطُّ الزمنيّ · وسمُ الحالة · بطاقاتُ مؤشرٍ مضغوطة	مستندٌ يُعتمد	تغطية · وحدات · أحكام	مرشَّحةٌ للدمجِ في ملفِّ الكيانِ الأم	متوسط	تُدمج تبويبًا	لم يبدأ	AC-U1 قشرة · AC-U2 مكوّن · AC-U3 حالات
المالية والخزينة	دورة الإدارة	الاستحقاق وأحكام الأطراف	قواعد توجيه الطلبات المالية	قواعد توجيه الطلبات المالية	routing_admin.php	لا	—	—	فعل	قالبُ الفعلِ والاعتماد	مكوّنُ الانتقال · حوارُ التأكيد · بطاقةُ اعتماد	مستندٌ يُعتمد	— إعدادات	—	—	تبقى بقالبِها	لم يبدأ	AC-U1 قشرة · AC-U2 مكوّن · AC-U3 حالات
المالية والخزينة	دورة الإدارة	المراجعة المحاسبية	عملي اليوم — محاسب الإدارة	عملي اليوم — محاسب الإدارة	acc_myday.php	لا	—	—	منظر	قالبُ السجلِّ الجدوليّ	INJAZ DataGrid · الشريطُ الموحَّد · المرشِّحات · المناظرُ المحفوظة · حالاتُ الشاشة	قارئة	قراءة	شاشةٌ قارئةٌ في طبقةِ دورةِ الإدارة	متوسط	تُحوَّل منظرًا	لم يبدأ	AC-U1 قشرة · AC-U2 مكوّن · AC-U3 حالات
المالية والخزينة	دورة الإدارة	المراجعة المحاسبية	لوحة رئيس الحسابات	لوحة رئيس الحسابات	ctrl_board.php	لا	—	—	تقرير	قالبُ التقرير	الرسوم · المرشِّحات · التصدير · حالةُ الفراغ	قارئة	قراءة	شاشةٌ قارئةٌ في طبقةِ دورةِ الإدارة	متوسط	تبقى بقالبِها	لم يبدأ	AC-U1 قشرة · AC-U2 مكوّن · AC-U3 حالات
المالية والخزينة	دورة الإدارة	المراجعة المحاسبية	توزيع مراكز التكلفة	توزيع مراكز التكلفة	acc_cost_alloc.php	لا	—	—	شاشةٌ مستقلة	قالبُ المستندِ ودورتِه	شبكةُ النموذج · شريطُ الحفظِ اللاصق · مكوّنُ الانتقال · سجلُّ النشاط	مستندٌ يُعتمد	◆ انتقالُ حالة	مستندٌ يُعتمد بلا مستندٍ رسميٍّ مسمًّى · مجموعةٌ مثقلةٌ (11 شاشة)	عالٍ	تبقى بقالبِها	لم يبدأ	AC-U1 قشرة · AC-U2 مكوّن · AC-U3 حالات
المالية والخزينة	دورة الإدارة	المراجعة المحاسبية	طابور مراجعة القيود	طابور مراجعة القيود	ctrl_je_queue.php	لا	—	—	شاشةٌ مستقلة	قالبُ المستندِ ودورتِه	شبكةُ النموذج · شريطُ الحفظِ اللاصق · مكوّنُ الانتقال · سجلُّ النشاط	مستندٌ يُعتمد	◆ انتقالُ حالة	مستندٌ يُعتمد بلا مستندٍ رسميٍّ مسمًّى · مجموعةٌ مثقلةٌ (11 شاشة)	عالٍ	تبقى بقالبِها	لم يبدأ	AC-U1 قشرة · AC-U2 مكوّن · AC-U3 حالات
المالية والخزينة	دورة الإدارة	المراجعة المحاسبية	تقويم الإقفال	تقويم الإقفال	ctrl_close_calendar.php	لا	—	—	شاشةٌ مستقلة	قالبُ المستندِ ودورتِه	شبكةُ النموذج · شريطُ الحفظِ اللاصق · مكوّنُ الانتقال · سجلُّ النشاط	مستندٌ يُعتمد	◆ انتقالُ حالة	مستندٌ يُعتمد بلا مستندٍ رسميٍّ مسمًّى · مجموعةٌ مثقلةٌ (11 شاشة)	عالٍ	تبقى بقالبِها	لم يبدأ	AC-U1 قشرة · AC-U2 مكوّن · AC-U3 حالات
المالية والخزينة	دورة الإدارة	المراجعة المحاسبية	قائمة فحص الإقفال	قائمة فحص الإقفال	ctrl_close_checklist.php	لا	—	—	شاشةٌ مستقلة	قالبُ المستندِ ودورتِه	شبكةُ النموذج · شريطُ الحفظِ اللاصق · مكوّنُ الانتقال · سجلُّ النشاط	مستندٌ يُعتمد	◆ انتقالُ حالة	مستندٌ يُعتمد بلا مستندٍ رسميٍّ مسمًّى · مجموعةٌ مثقلةٌ (11 شاشة)	عالٍ	تبقى بقالبِها	لم يبدأ	AC-U1 قشرة · AC-U2 مكوّن · AC-U3 حالات
المالية والخزينة	دورة الإدارة	المراجعة المحاسبية	الاستحقاقات والمخصصات	الاستحقاقات والمخصصات	ctrl_accruals.php	لا	—	—	شاشةٌ مستقلة	قالبُ المستندِ ودورتِه	شبكةُ النموذج · شريطُ الحفظِ اللاصق · مكوّنُ الانتقال · سجلُّ النشاط	مستندٌ يُعتمد	◆ انتقالُ حالة	مستندٌ يُعتمد بلا مستندٍ رسميٍّ مسمًّى · مجموعةٌ مثقلةٌ (11 شاشة)	عالٍ	تبقى بقالبِها	لم يبدأ	AC-U1 قشرة · AC-U2 مكوّن · AC-U3 حالات
المالية والخزينة	دورة الإدارة	المراجعة المحاسبية	فروق العملات	فروق العملات	ctrl_fx_diff.php	لا	—	—	شاشةٌ مستقلة	قالبُ المستندِ ودورتِه	شبكةُ النموذج · شريطُ الحفظِ اللاصق · مكوّنُ الانتقال · سجلُّ النشاط	مستندٌ يُعتمد	◆ انتقالُ حالة	مستندٌ يُعتمد بلا مستندٍ رسميٍّ مسمًّى · مجموعةٌ مثقلةٌ (11 شاشة)	عالٍ	تبقى بقالبِها	لم يبدأ	AC-U1 قشرة · AC-U2 مكوّن · AC-U3 حالات
المالية والخزينة	دورة الإدارة	المراجعة المحاسبية	القوائم المالية	القوائم المالية	ctrl_statements.php	نعم — يوحَّد مع نظيرِه	—	—	شاشةٌ مستقلة	قالبُ المستندِ ودورتِه	شبكةُ النموذج · شريطُ الحفظِ اللاصق · مكوّنُ الانتقال · سجلُّ النشاط	مستندٌ يُعتمد	◆ انتقالُ حالة	مستندٌ يُعتمد بلا مستندٍ رسميٍّ مسمًّى · مجموعةٌ مثقلةٌ (11 شاشة)	عالٍ	تبقى بقالبِها	لم يبدأ	AC-U1 قشرة · AC-U2 مكوّن · AC-U3 حالات
المالية والخزينة	دورة الإدارة	المراجعة المحاسبية	سجل إعادة فتح الفترات	سجل إعادة فتح الفترات	ctrl_reopen_log.php	لا	—	—	شاشةٌ مستقلة	قالبُ المستندِ ودورتِه	شبكةُ النموذج · شريطُ الحفظِ اللاصق · مكوّنُ الانتقال · سجلُّ النشاط	مستندٌ يُعتمد	◆ انتقالُ حالة	مستندٌ يُعتمد بلا مستندٍ رسميٍّ مسمًّى · مجموعةٌ مثقلةٌ (11 شاشة)	عالٍ	تبقى بقالبِها	لم يبدأ	AC-U1 قشرة · AC-U2 مكوّن · AC-U3 حالات
المالية والخزينة	دورة الإدارة	المراجعة المحاسبية	الاستثناءات المحاسبية	الاستثناءات المحاسبية	ctrl_exceptions.php	لا	—	—	شاشةٌ مستقلة	قالبُ المستندِ ودورتِه	شبكةُ النموذج · شريطُ الحفظِ اللاصق · مكوّنُ الانتقال · سجلُّ النشاط	مستندٌ يُعتمد	◆ انتقالُ حالة	مستندٌ يُعتمد بلا مستندٍ رسميٍّ مسمًّى · مجموعةٌ مثقلةٌ (11 شاشة)	عالٍ	تبقى بقالبِها	لم يبدأ	AC-U1 قشرة · AC-U2 مكوّن · AC-U3 حالات
المالية والخزينة	دورة الإدارة	المراجعة المحاسبية	مراجعة المطابقات البنكية	مراجعة المطابقات البنكية	ctrl_recon_review.php	لا	—	—	شاشةٌ مستقلة	قالبُ المستندِ ودورتِه	شبكةُ النموذج · شريطُ الحفظِ اللاصق · مكوّنُ الانتقال · سجلُّ النشاط	مستندٌ يُعتمد	◆ انتقالُ حالة	مستندٌ يُعتمد بلا مستندٍ رسميٍّ مسمًّى · مجموعةٌ مثقلةٌ (11 شاشة)	عالٍ	تبقى بقالبِها	لم يبدأ	AC-U1 قشرة · AC-U2 مكوّن · AC-U3 حالات
المالية والخزينة	دورة الإدارة	المراجعة المحاسبية	مراجعة محاضر الجرد النقدي	مراجعة محاضر الجرد النقدي	ctrl_cash_count.php	لا	—	—	شاشةٌ مستقلة	قالبُ المستندِ ودورتِه	شبكةُ النموذج · شريطُ الحفظِ اللاصق · مكوّنُ الانتقال · سجلُّ النشاط	مستندٌ يُعتمد	◆ انتقالُ حالة	مستندٌ يُعتمد بلا مستندٍ رسميٍّ مسمًّى · مجموعةٌ مثقلةٌ (11 شاشة)	عالٍ	تبقى بقالبِها	لم يبدأ	AC-U1 قشرة · AC-U2 مكوّن · AC-U3 حالات
المالية والخزينة	دورة الإدارة	المراجعة المحاسبية	المعاملات الواردة من الإدارات	المعاملات الواردة من الإدارات	acc_inbox.php	لا	—	—	شاشةٌ مستقلة	قالبُ السجلِّ الجدوليّ	INJAZ DataGrid · الشريطُ الموحَّد · المرشِّحات · المناظرُ المحفوظة · حالاتُ الشاشة	سجلٌّ أو إعداد	◆ انتقالُ حالة	—	—	تبقى بقالبِها	لم يبدأ	AC-U1 قشرة · AC-U2 مكوّن · AC-U3 حالات
المالية والخزينة	دورة الإدارة	المراجعة المحاسبية	مراجعة المستندات	مراجعة المستندات	acc_docs_check.php	لا	—	—	شاشةٌ مستقلة	قالبُ السجلِّ الجدوليّ	INJAZ DataGrid · الشريطُ الموحَّد · المرشِّحات · المناظرُ المحفوظة · حالاتُ الشاشة	سجلٌّ أو إعداد	◆ انتقالُ حالة	—	—	تبقى بقالبِها	لم يبدأ	AC-U1 قشرة · AC-U2 مكوّن · AC-U3 حالات
المالية والخزينة	دورة الإدارة	المراجعة المحاسبية	فحص الموازنة والالتزام	فحص الموازنة والالتزام	acc_budget_check.php	لا	—	—	شاشةٌ مستقلة	قالبُ السجلِّ الجدوليّ	INJAZ DataGrid · الشريطُ الموحَّد · المرشِّحات · المناظرُ المحفوظة · حالاتُ الشاشة	سجلٌّ أو إعداد	◆ انتقالُ حالة	—	—	تبقى بقالبِها	لم يبدأ	AC-U1 قشرة · AC-U2 مكوّن · AC-U3 حالات
المالية والخزينة	دورة الإدارة	المراجعة المحاسبية	المعالجة المحاسبية المقترحة	المعالجة المحاسبية المقترحة	acc_treatment.php	لا	—	—	شاشةٌ مستقلة	قالبُ السجلِّ الجدوليّ	INJAZ DataGrid · الشريطُ الموحَّد · المرشِّحات · المناظرُ المحفوظة · حالاتُ الشاشة	سجلٌّ أو إعداد	◆ انتقالُ حالة	—	—	تبقى بقالبِها	لم يبدأ	AC-U1 قشرة · AC-U2 مكوّن · AC-U3 حالات
المالية والخزينة	دورة الإدارة	المراجعة المحاسبية	المعاملات المعادة	المعاملات المعادة	acc_returned.php	لا	—	—	شاشةٌ مستقلة	قالبُ السجلِّ الجدوليّ	INJAZ DataGrid · الشريطُ الموحَّد · المرشِّحات · المناظرُ المحفوظة · حالاتُ الشاشة	سجلٌّ أو إعداد	◆ انتقالُ حالة	—	—	تبقى بقالبِها	لم يبدأ	AC-U1 قشرة · AC-U2 مكوّن · AC-U3 حالات
المالية والخزينة	دورة الإدارة	المراجعة المحاسبية	القيود عالية المخاطر	القيود عالية المخاطر	ctrl_je_risky.php	لا	الخطر	—	شاشةٌ مستقلة	قالبُ السجلِّ الجدوليّ	INJAZ DataGrid · الشريطُ الموحَّد · المرشِّحات · المناظرُ المحفوظة · حالاتُ الشاشة	سجلٌّ أو إعداد	◆ انتقالُ حالة	—	—	تبقى بقالبِها	لم يبدأ	AC-U1 قشرة · AC-U2 مكوّن · AC-U3 حالات
المالية والخزينة	دورة الإدارة	المراجعة المحاسبية	القيود غير المرتبطة بمصدر	القيود غير المرتبطة بمصدر	ctrl_je_orphan.php	لا	—	—	شاشةٌ مستقلة	قالبُ السجلِّ الجدوليّ	INJAZ DataGrid · الشريطُ الموحَّد · المرشِّحات · المناظرُ المحفوظة · حالاتُ الشاشة	سجلٌّ أو إعداد	◆ انتقالُ حالة	—	—	تبقى بقالبِها	لم يبدأ	AC-U1 قشرة · AC-U2 مكوّن · AC-U3 حالات
المالية والخزينة	دورة الإدارة	المراجعة المحاسبية	ميزانية إدارتي	ميزانية إدارتي	acc_dept_budget.php	نعم — يوحَّد مع نظيرِه	—	—	منظر	قالبُ السجلِّ الجدوليّ	INJAZ DataGrid · الشريطُ الموحَّد · المرشِّحات · المناظرُ المحفوظة · حالاتُ الشاشة	قارئة	قراءة	شاشةٌ قارئةٌ في طبقةِ دورةِ الإدارة	متوسط	تُحوَّل منظرًا	لم يبدأ	AC-U1 قشرة · AC-U2 مكوّن · AC-U3 حالات
المالية والخزينة	دورة الإدارة	المراجعة المحاسبية	انحرافات الموازنة	انحرافات الموازنة	acc_variance.php	لا	—	—	منظر	قالبُ السجلِّ الجدوليّ	INJAZ DataGrid · الشريطُ الموحَّد · المرشِّحات · المناظرُ المحفوظة · حالاتُ الشاشة	قارئة	قراءة	شاشةٌ قارئةٌ في طبقةِ دورةِ الإدارة	متوسط	تُحوَّل منظرًا	لم يبدأ	AC-U1 قشرة · AC-U2 مكوّن · AC-U3 حالات
المالية والخزينة	دورة الإدارة	المراجعة المحاسبية	الأحداث المالية في نطاقي	الأحداث المالية في نطاقي	acc_scope_events.php	لا	—	—	منظر	قالبُ السجلِّ الجدوليّ	INJAZ DataGrid · الشريطُ الموحَّد · المرشِّحات · المناظرُ المحفوظة · حالاتُ الشاشة	قارئة	قراءة	شاشةٌ قارئةٌ في طبقةِ دورةِ الإدارة	متوسط	تُحوَّل منظرًا	لم يبدأ	AC-U1 قشرة · AC-U2 مكوّن · AC-U3 حالات
المالية والخزينة	دورة الإدارة	المراجعة المحاسبية	تقارير تخصصي المحاسبي	تقارير تخصصي المحاسبي	acc_spec_reports.php	لا	—	—	منظر	قالبُ السجلِّ الجدوليّ	INJAZ DataGrid · الشريطُ الموحَّد · المرشِّحات · المناظرُ المحفوظة · حالاتُ الشاشة	قارئة	قراءة	شاشةٌ قارئةٌ في طبقةِ دورةِ الإدارة	متوسط	تُحوَّل منظرًا	لم يبدأ	AC-U1 قشرة · AC-U2 مكوّن · AC-U3 حالات
المالية والخزينة	دورة الإدارة	المراجعة المحاسبية	ميزان المراجعة	ميزان المراجعة	ctrl_trial_balance.php	لا	—	—	منظر	قالبُ السجلِّ الجدوليّ	INJAZ DataGrid · الشريطُ الموحَّد · المرشِّحات · المناظرُ المحفوظة · حالاتُ الشاشة	قارئة	قراءة	شاشةٌ قارئةٌ في طبقةِ دورةِ الإدارة	متوسط	تُحوَّل منظرًا	لم يبدأ	AC-U1 قشرة · AC-U2 مكوّن · AC-U3 حالات
المالية والخزينة	دورة الإدارة	المراجعة المحاسبية	تقارير جودة المحاسبة	تقارير جودة المحاسبة	ctrl_quality.php	لا	—	—	منظر	قالبُ السجلِّ الجدوليّ	INJAZ DataGrid · الشريطُ الموحَّد · المرشِّحات · المناظرُ المحفوظة · حالاتُ الشاشة	قارئة	قراءة	شاشةٌ قارئةٌ في طبقةِ دورةِ الإدارة	متوسط	تُحوَّل منظرًا	لم يبدأ	AC-U1 قشرة · AC-U2 مكوّن · AC-U3 حالات
المالية والخزينة	دورة الإدارة	الالتزامات والتوجيه	توليد استحقاقات عقد العميل	توليد استحقاقات عقد العميل	ar_accrual_gen.php	لا	العميل	ملفُّ العميل	تبويبٌ في ملفِّ الكيانِ الأم	قالبُ ملفِّ الكيان	تبويباتُ الرحلة · الخطُّ الزمنيّ · وسمُ الحالة · بطاقاتُ مؤشرٍ مضغوطة	مستندٌ يُعتمد	◆ انتقالُ حالة	مستندٌ يُعتمد بلا مستندٍ رسميٍّ مسمًّى · مرشَّحةٌ للدمجِ في ملفِّ الكيانِ الأم · مجموعةٌ مثقلةٌ (9 شاشة)	عالٍ	تُدمج تبويبًا	لم يبدأ	AC-U1 قشرة · AC-U2 مكوّن · AC-U3 حالات
المالية والخزينة	دورة الإدارة	الالتزامات والتوجيه	شهادة الإنجاز الشهرية	شهادة الإنجاز الشهرية	ar_completion_cert.php	لا	—	—	شاشةٌ مستقلة	قالبُ المستندِ ودورتِه	شبكةُ النموذج · شريطُ الحفظِ اللاصق · مكوّنُ الانتقال · سجلُّ النشاط	مستندٌ يُعتمد	◆ انتقالُ حالة	مستندٌ يُعتمد بلا مستندٍ رسميٍّ مسمًّى · مجموعةٌ مثقلةٌ (9 شاشة)	عالٍ	تبقى بقالبِها	لم يبدأ	AC-U1 قشرة · AC-U2 مكوّن · AC-U3 حالات
المالية والخزينة	دورة الإدارة	الالتزامات والتوجيه	فاتورة المطالبة وإحالتها للتحصيل	فاتورة المطالبة وإحالتها للتحصيل	ar_claim_invoice.php	لا	—	—	شاشةٌ مستقلة	قالبُ المستندِ ودورتِه	شبكةُ النموذج · شريطُ الحفظِ اللاصق · مكوّنُ الانتقال · سجلُّ النشاط	مستندٌ يُعتمد	◆ انتقالُ حالة	مستندٌ يُعتمد بلا مستندٍ رسميٍّ مسمًّى · مجموعةٌ مثقلةٌ (9 شاشة)	عالٍ	تبقى بقالبِها	لم يبدأ	AC-U1 قشرة · AC-U2 مكوّن · AC-U3 حالات
المالية والخزينة	دورة الإدارة	الالتزامات والتوجيه	حصص الموردين من العقود	حصص الموردين من العقود	supplier_quota.php	لا	المورد	ملفُّ المورد	تبويبٌ في ملفِّ الكيانِ الأم	قالبُ ملفِّ الكيان	تبويباتُ الرحلة · الخطُّ الزمنيّ · وسمُ الحالة · بطاقاتُ مؤشرٍ مضغوطة	مستندٌ يُعتمد	◆ انتقالُ حالة	مستندٌ يُعتمد بلا مستندٍ رسميٍّ مسمًّى · مرشَّحةٌ للدمجِ في ملفِّ الكيانِ الأم · مجموعةٌ مثقلةٌ (9 شاشة)	عالٍ	تُدمج تبويبًا	لم يبدأ	AC-U1 قشرة · AC-U2 مكوّن · AC-U3 حالات
المالية والخزينة	دورة الإدارة	الالتزامات والتوجيه	توليد التزامات عقد المورد	توليد التزامات عقد المورد	ap_oblig_gen.php	لا	المورد	ملفُّ المورد	تبويبٌ في ملفِّ الكيانِ الأم	قالبُ ملفِّ الكيان	تبويباتُ الرحلة · الخطُّ الزمنيّ · وسمُ الحالة · بطاقاتُ مؤشرٍ مضغوطة	مستندٌ يُعتمد	◆ انتقالُ حالة	مستندٌ يُعتمد بلا مستندٍ رسميٍّ مسمًّى · مرشَّحةٌ للدمجِ في ملفِّ الكيانِ الأم · مجموعةٌ مثقلةٌ (9 شاشة)	عالٍ	تُدمج تبويبًا	لم يبدأ	AC-U1 قشرة · AC-U2 مكوّن · AC-U3 حالات
المالية والخزينة	دورة الإدارة	الالتزامات والتوجيه	تصنيف بيانات الشاشات الرباعي	تصنيف بيانات الشاشات الرباعي	fin_data_class.php	لا	—	—	شاشةٌ مستقلة	قالبُ المستندِ ودورتِه	شبكةُ النموذج · شريطُ الحفظِ اللاصق · مكوّنُ الانتقال · سجلُّ النشاط	مستندٌ يُعتمد	◆ انتقالُ حالة	مستندٌ يُعتمد بلا مستندٍ رسميٍّ مسمًّى · مجموعةٌ مثقلةٌ (9 شاشة)	عالٍ	تبقى بقالبِها	لم يبدأ	AC-U1 قشرة · AC-U2 مكوّن · AC-U3 حالات
المالية والخزينة	دورة الإدارة	الالتزامات والتوجيه	سجل الارتباطات التعاقدية والإفصاح	سجل الارتباطات التعاقدية والإفصاح	fin_commitments.php	لا	—	—	شاشةٌ مستقلة	قالبُ المستندِ ودورتِه	شبكةُ النموذج · شريطُ الحفظِ اللاصق · مكوّنُ الانتقال · سجلُّ النشاط	مستندٌ يُعتمد	◆ انتقالُ حالة	مستندٌ يُعتمد بلا مستندٍ رسميٍّ مسمًّى · مجموعةٌ مثقلةٌ (9 شاشة)	عالٍ	تبقى بقالبِها	لم يبدأ	AC-U1 قشرة · AC-U2 مكوّن · AC-U3 حالات
المالية والخزينة	دورة الإدارة	الالتزامات والتوجيه	مصفوفة شروط الاعتراف بالمعيار	مصفوفة شروط الاعتراف بالمعيار	fin_recognition.php	لا	—	—	شاشةٌ مستقلة	قالبُ المستندِ ودورتِه	شبكةُ النموذج · شريطُ الحفظِ اللاصق · مكوّنُ الانتقال · سجلُّ النشاط	مستندٌ يُعتمد	◆ انتقالُ حالة	مستندٌ يُعتمد بلا مستندٍ رسميٍّ مسمًّى · مجموعةٌ مثقلةٌ (9 شاشة)	عالٍ	تبقى بقالبِها	لم يبدأ	AC-U1 قشرة · AC-U2 مكوّن · AC-U3 حالات
المالية والخزينة	دورة الإدارة	الالتزامات والتوجيه	اختبار قابلية التجنب للعقود	اختبار قابلية التجنب للعقود	fin_avoid_test.php	لا	—	—	شاشةٌ مستقلة	قالبُ المستندِ ودورتِه	شبكةُ النموذج · شريطُ الحفظِ اللاصق · مكوّنُ الانتقال · سجلُّ النشاط	مستندٌ يُعتمد	◆ انتقالُ حالة	مستندٌ يُعتمد بلا مستندٍ رسميٍّ مسمًّى · مجموعةٌ مثقلةٌ (9 شاشة)	عالٍ	تبقى بقالبِها	لم يبدأ	AC-U1 قشرة · AC-U2 مكوّن · AC-U3 حالات
المالية والخزينة	دورة الإدارة	الالتزامات والتوجيه	جدول استحقاقات العميل	جدول استحقاقات العميل	ar_accrual_sched.php	لا	العميل	ملفُّ العميل	تبويبٌ في ملفِّ الكيانِ الأم	قالبُ ملفِّ الكيان	تبويباتُ الرحلة · الخطُّ الزمنيّ · وسمُ الحالة · بطاقاتُ مؤشرٍ مضغوطة	سجلٌّ أو إعداد	◆ انتقالُ حالة	مرشَّحةٌ للدمجِ في ملفِّ الكيانِ الأم	متوسط	تُدمج تبويبًا	لم يبدأ	AC-U1 قشرة · AC-U2 مكوّن · AC-U3 حالات
المالية والخزينة	دورة الإدارة	الالتزامات والتوجيه	تنبيهات الاستحقاقات والالتزامات	تنبيهات الاستحقاقات والالتزامات	fin_alerts.php	لا	—	—	منظر	قالبُ السجلِّ الجدوليّ	INJAZ DataGrid · الشريطُ الموحَّد · المرشِّحات · المناظرُ المحفوظة · حالاتُ الشاشة	قارئة	قراءة	شاشةٌ قارئةٌ في طبقةِ دورةِ الإدارة	متوسط	تُحوَّل منظرًا	لم يبدأ	AC-U1 قشرة · AC-U2 مكوّن · AC-U3 حالات
المالية والخزينة	دورة الإدارة	الخزينة والبنوك	طلبات الدفع والسداد	طلبات الدفع والسداد	payments.php	لا	—	—	فعل	قالبُ الفعلِ والاعتماد	مكوّنُ الانتقال · حوارُ التأكيد · بطاقةُ اعتماد	مستندٌ يُعتمد	— طلبات	—	—	تبقى بقالبِها	لم يبدأ	AC-U1 قشرة · AC-U2 مكوّن · AC-U3 حالات
المالية والخزينة	دورة الإدارة	الخزينة والبنوك	ذمم الموردين والمستحقات	ذمم الموردين والمستحقات	payables.php	لا	المورد	ملفُّ المورد	تبويبٌ في ملفِّ الكيانِ الأم	قالبُ ملفِّ الكيان	تبويباتُ الرحلة · الخطُّ الزمنيّ · وسمُ الحالة · بطاقاتُ مؤشرٍ مضغوطة	سجلٌّ أو إعداد	تسوية · كشف شهري · أمر دفع	مرشَّحةٌ للدمجِ في ملفِّ الكيانِ الأم	متوسط	تُدمج تبويبًا	لم يبدأ	AC-U1 قشرة · AC-U2 مكوّن · AC-U3 حالات
المالية والخزينة	دورة الإدارة	الخزينة والبنوك	تسويات ومستحقات الموردين	تسويات ومستحقات الموردين	supplier_settle.php	لا	المورد	ملفُّ المورد	تبويبٌ في ملفِّ الكيانِ الأم	قالبُ ملفِّ الكيان	تبويباتُ الرحلة · الخطُّ الزمنيّ · وسمُ الحالة · بطاقاتُ مؤشرٍ مضغوطة	مستندٌ يُعتمد	◆ انتقالُ حالة	مستندٌ يُعتمد بلا مستندٍ رسميٍّ مسمًّى · مرشَّحةٌ للدمجِ في ملفِّ الكيانِ الأم	عالٍ	تُدمج تبويبًا	لم يبدأ	AC-U1 قشرة · AC-U2 مكوّن · AC-U3 حالات
المالية والخزينة	دورة الإدارة	الخزينة والبنوك	كشف حساب المورد الشهري	كشف حساب المورد الشهري	supplier_stmt.php	لا	المورد	ملفُّ المورد	تبويبٌ في ملفِّ الكيانِ الأم	قالبُ ملفِّ الكيان	تبويباتُ الرحلة · الخطُّ الزمنيّ · وسمُ الحالة · بطاقاتُ مؤشرٍ مضغوطة	سجلٌّ أو إعداد	تسوية · كشف شهري · أمر دفع	مرشَّحةٌ للدمجِ في ملفِّ الكيانِ الأم	متوسط	تُدمج تبويبًا	لم يبدأ	AC-U1 قشرة · AC-U2 مكوّن · AC-U3 حالات
المالية والخزينة	دورة الإدارة	الخزينة والبنوك	مسيّر الرواتب	مسيّر الرواتب	payroll.php	لا	—	—	شاشةٌ مستقلة	قالبُ المستندِ ودورتِه	شبكةُ النموذج · شريطُ الحفظِ اللاصق · مكوّنُ الانتقال · سجلُّ النشاط	مستندٌ يُعتمد	مسيّر معتمد · أمر دفع	—	—	تبقى بقالبِها	لم يبدأ	AC-U1 قشرة · AC-U2 مكوّن · AC-U3 حالات
المالية والخزينة	دورة الإدارة	الخزينة والبنوك	الخزينة والصناديق	الخزينة والصناديق	treasury.php	لا	—	—	شاشةٌ مستقلة	قالبُ السجلِّ الجدوليّ	INJAZ DataGrid · الشريطُ الموحَّد · المرشِّحات · المناظرُ المحفوظة · حالاتُ الشاشة	سجلٌّ أو إعداد	سند قبض · مطابقة بنكية	—	—	تبقى بقالبِها	لم يبدأ	AC-U1 قشرة · AC-U2 مكوّن · AC-U3 حالات
المالية والخزينة	دورة الإدارة	الخزينة والبنوك	المطابقة البنكية	المطابقة البنكية	bank_recon.php	لا	—	—	شاشةٌ مستقلة	قالبُ السجلِّ الجدوليّ	INJAZ DataGrid · الشريطُ الموحَّد · المرشِّحات · المناظرُ المحفوظة · حالاتُ الشاشة	سجلٌّ أو إعداد	سند قبض · مطابقة بنكية	—	—	تبقى بقالبِها	لم يبدأ	AC-U1 قشرة · AC-U2 مكوّن · AC-U3 حالات
المالية والخزينة	دورة الإدارة	الخزينة والبنوك	أسعار الصرف	أسعار الصرف	fx_rates.php	لا	—	—	شاشةٌ مستقلة	قالبُ المستندِ ودورتِه	شبكةُ النموذج · شريطُ الحفظِ اللاصق · مكوّنُ الانتقال · سجلُّ النشاط	مستندٌ يُعتمد	سند قبض · مطابقة بنكية	—	—	تبقى بقالبِها	لم يبدأ	AC-U1 قشرة · AC-U2 مكوّن · AC-U3 حالات
المالية والخزينة	دورة الإدارة	الخزينة والبنوك	التدفق النقدي والتنبؤ	التدفق النقدي والتنبؤ	cash_forecast.php	لا	—	—	شاشةٌ مستقلة	قالبُ السجلِّ الجدوليّ	INJAZ DataGrid · الشريطُ الموحَّد · المرشِّحات · المناظرُ المحفوظة · حالاتُ الشاشة	سجلٌّ أو إعداد	سند قبض · مطابقة بنكية	—	—	تبقى بقالبِها	لم يبدأ	AC-U1 قشرة · AC-U2 مكوّن · AC-U3 حالات
المالية والخزينة	دورة الإدارة	الخزينة والبنوك	لوحة الخزينة والبنوك	لوحة الخزينة والبنوك	tre_board.php	لا	—	—	تقرير	قالبُ التقرير	الرسوم · المرشِّحات · التصدير · حالةُ الفراغ	قارئة	قراءة	شاشةٌ قارئةٌ في طبقةِ دورةِ الإدارة	متوسط	تبقى بقالبِها	لم يبدأ	AC-U1 قشرة · AC-U2 مكوّن · AC-U3 حالات
المالية والخزينة	دورة الإدارة	الخزينة والبنوك	دفعات الدفع والتنفيذ	دفعات الدفع والتنفيذ	tre_pay_batch.php	لا	—	—	شاشةٌ مستقلة	قالبُ المستندِ ودورتِه	شبكةُ النموذج · شريطُ الحفظِ اللاصق · مكوّنُ الانتقال · سجلُّ النشاط	مستندٌ يُعتمد	◆ انتقالُ حالة	مستندٌ يُعتمد بلا مستندٍ رسميٍّ مسمًّى	عالٍ	تبقى بقالبِها	لم يبدأ	AC-U1 قشرة · AC-U2 مكوّن · AC-U3 حالات
المالية والخزينة	دورة الإدارة	الخزينة والبنوك	المستفيدون والحسابات البنكية	المستفيدون والحسابات البنكية	tre_beneficiary.php	لا	—	—	شاشةٌ مستقلة	قالبُ المستندِ ودورتِه	شبكةُ النموذج · شريطُ الحفظِ اللاصق · مكوّنُ الانتقال · سجلُّ النشاط	مستندٌ يُعتمد	◆ انتقالُ حالة	مستندٌ يُعتمد بلا مستندٍ رسميٍّ مسمًّى	عالٍ	تبقى بقالبِها	لم يبدأ	AC-U1 قشرة · AC-U2 مكوّن · AC-U3 حالات
المالية والخزينة	دورة الإدارة	الخزينة والبنوك	سندات القبض والتحصيل	سندات القبض والتحصيل	tre_receipts.php	لا	—	—	شاشةٌ مستقلة	قالبُ المستندِ ودورتِه	شبكةُ النموذج · شريطُ الحفظِ اللاصق · مكوّنُ الانتقال · سجلُّ النشاط	مستندٌ يُعتمد	◆ انتقالُ حالة	مستندٌ يُعتمد بلا مستندٍ رسميٍّ مسمًّى	عالٍ	تبقى بقالبِها	لم يبدأ	AC-U1 قشرة · AC-U2 مكوّن · AC-U3 حالات
المالية والخزينة	دورة الإدارة	الخزينة والبنوك	الخزائن والصناديق	الخزائن والصناديق	tre_cash_box.php	لا	—	—	شاشةٌ مستقلة	قالبُ المستندِ ودورتِه	شبكةُ النموذج · شريطُ الحفظِ اللاصق · مكوّنُ الانتقال · سجلُّ النشاط	مستندٌ يُعتمد	◆ انتقالُ حالة	مستندٌ يُعتمد بلا مستندٍ رسميٍّ مسمًّى	عالٍ	تبقى بقالبِها	لم يبدأ	AC-U1 قشرة · AC-U2 مكوّن · AC-U3 حالات
المالية والخزينة	دورة الإدارة	الخزينة والبنوك	سجل الحسابات البنكية والتوقيعات	سجل الحسابات البنكية والتوقيعات	tre_bank_accounts.php	لا	—	—	شاشةٌ مستقلة	قالبُ المستندِ ودورتِه	شبكةُ النموذج · شريطُ الحفظِ اللاصق · مكوّنُ الانتقال · سجلُّ النشاط	مستندٌ يُعتمد	◆ انتقالُ حالة	مستندٌ يُعتمد بلا مستندٍ رسميٍّ مسمًّى	عالٍ	تبقى بقالبِها	لم يبدأ	AC-U1 قشرة · AC-U2 مكوّن · AC-U3 حالات
المالية والخزينة	دورة الإدارة	الخزينة والبنوك	توثيق التنفيذ والإشعارات	توثيق التنفيذ والإشعارات	tre_exec_log.php	لا	—	—	شاشةٌ مستقلة	قالبُ السجلِّ الجدوليّ	INJAZ DataGrid · الشريطُ الموحَّد · المرشِّحات · المناظرُ المحفوظة · حالاتُ الشاشة	سجلٌّ أو إعداد	◆ انتقالُ حالة	—	—	تبقى بقالبِها	لم يبدأ	AC-U1 قشرة · AC-U2 مكوّن · AC-U3 حالات
المالية والخزينة	دورة الإدارة	الخزينة والبنوك	السيولة والتدفق النقدي	السيولة والتدفق النقدي	tre_liquidity.php	لا	—	—	منظر	قالبُ السجلِّ الجدوليّ	INJAZ DataGrid · الشريطُ الموحَّد · المرشِّحات · المناظرُ المحفوظة · حالاتُ الشاشة	قارئة	قراءة	شاشةٌ قارئةٌ في طبقةِ دورةِ الإدارة	متوسط	تُحوَّل منظرًا	لم يبدأ	AC-U1 قشرة · AC-U2 مكوّن · AC-U3 حالات
المالية والخزينة	دورة الإدارة	المستخلصات والذمم	المستخلصات والمطالبات	المستخلصات والمطالبات	claims.php	لا	—	—	شاشةٌ مستقلة	قالبُ المستندِ ودورتِه	شبكةُ النموذج · شريطُ الحفظِ اللاصق · مكوّنُ الانتقال · سجلُّ النشاط	مستندٌ يُعتمد	مستخلص · مطالبة	—	—	تبقى بقالبِها	لم يبدأ	AC-U1 قشرة · AC-U2 مكوّن · AC-U3 حالات
المالية والخزينة	دورة الإدارة	المستخلصات والذمم	فواتير العملاء	فواتير العملاء	invoices.php	لا	العميل	—	شاشةٌ مستقلة	قالبُ السجلِّ الجدوليّ	INJAZ DataGrid · الشريطُ الموحَّد · المرشِّحات · المناظرُ المحفوظة · حالاتُ الشاشة	سجلٌّ أو إعداد	مستخلص · فاتورة	—	—	تبقى بقالبِها	لم يبدأ	AC-U1 قشرة · AC-U2 مكوّن · AC-U3 حالات
المالية والخزينة	دورة الإدارة	المستخلصات والذمم	ذمم العملاء وأعمارها	ذمم العملاء وأعمارها	receivables.php	لا	العميل	—	شاشةٌ مستقلة	قالبُ السجلِّ الجدوليّ	INJAZ DataGrid · الشريطُ الموحَّد · المرشِّحات · المناظرُ المحفوظة · حالاتُ الشاشة	سجلٌّ أو إعداد	مستخلص · مطالبة	—	—	تبقى بقالبِها	لم يبدأ	AC-U1 قشرة · AC-U2 مكوّن · AC-U3 حالات
المالية والخزينة	دورة الإدارة	المستخلصات والذمم	كشف حساب العميل	كشف حساب العميل	client_statement.php	لا	العميل	ملفُّ العميل	تبويبٌ في ملفِّ الكيانِ الأم	قالبُ ملفِّ الكيان	تبويباتُ الرحلة · الخطُّ الزمنيّ · وسمُ الحالة · بطاقاتُ مؤشرٍ مضغوطة	سجلٌّ أو إعداد	سجل جهة · فرصة مؤهَّلة	مرشَّحةٌ للدمجِ في ملفِّ الكيانِ الأم	متوسط	تُدمج تبويبًا	لم يبدأ	AC-U1 قشرة · AC-U2 مكوّن · AC-U3 حالات
المالية والخزينة	دورة الإدارة	التكلفة والإهلاك والهامش	أوامر الصيانة	أوامر الصيانة	orders.php	لا	—	—	شاشةٌ مستقلة	قالبُ السجلِّ الجدوليّ	INJAZ DataGrid · الشريطُ الموحَّد · المرشِّحات · المناظرُ المحفوظة · حالاتُ الشاشة	سجلٌّ أو إعداد	طلب تغيير حالة	—	—	تبقى بقالبِها	لم يبدأ	AC-U1 قشرة · AC-U2 مكوّن · AC-U3 حالات
المالية والخزينة	دورة الإدارة	التكلفة والإهلاك والهامش	صرف مواد من المخزن	صرف مواد من المخزن	issue.php	لا	—	—	شاشةٌ مستقلة	قالبُ المستندِ ودورتِه	شبكةُ النموذج · شريطُ الحفظِ اللاصق · مكوّنُ الانتقال · سجلُّ النشاط	مستندٌ يُعتمد	طلب تغيير حالة	—	—	تبقى بقالبِها	لم يبدأ	AC-U1 قشرة · AC-U2 مكوّن · AC-U3 حالات
المالية والخزينة	دورة الإدارة	التكلفة والإهلاك والهامش	أرصدة المخزون بحالاتها	أرصدة المخزون بحالاتها	stock.php	لا	—	—	شاشةٌ مستقلة	قالبُ السجلِّ الجدوليّ	INJAZ DataGrid · الشريطُ الموحَّد · المرشِّحات · المناظرُ المحفوظة · حالاتُ الشاشة	سجلٌّ أو إعداد	طلب تغيير حالة	—	—	تبقى بقالبِها	لم يبدأ	AC-U1 قشرة · AC-U2 مكوّن · AC-U3 حالات
المالية والخزينة	دورة الإدارة	التكلفة والإهلاك والهامش	توزيع تكلفة التمويل على المشاريع	توزيع تكلفة التمويل على المشاريع	fin_cost.php	لا	عمليةِ التمويل	ملفُّ عمليةِ التمويل	تبويبٌ في ملفِّ الكيانِ الأم	قالبُ ملفِّ الكيان	تبويباتُ الرحلة · الخطُّ الزمنيّ · وسمُ الحالة · بطاقاتُ مؤشرٍ مضغوطة	سجلٌّ أو إعداد	تحميل على مصدره	مرشَّحةٌ للدمجِ في ملفِّ الكيانِ الأم	متوسط	تُدمج تبويبًا	لم يبدأ	AC-U1 قشرة · AC-U2 مكوّن · AC-U3 حالات
المالية والخزينة	دورة الإدارة	التكلفة والإهلاك والهامش	الإهلاك والقيمة الدفترية	الإهلاك والقيمة الدفترية	depreciation.php	لا	—	—	شاشةٌ مستقلة	قالبُ السجلِّ الجدوليّ	INJAZ DataGrid · الشريطُ الموحَّد · المرشِّحات · المناظرُ المحفوظة · حالاتُ الشاشة	سجلٌّ أو إعداد	محضر مطابقة · قيد إهلاك	—	—	تبقى بقالبِها	لم يبدأ	AC-U1 قشرة · AC-U2 مكوّن · AC-U3 حالات
المالية والخزينة	دورة الإدارة	التكلفة والإهلاك والهامش	هامش الربح للعقد والواقعة	هامش الربح للعقد والواقعة	margin.php	لا	—	—	شاشةٌ مستقلة	قالبُ المستندِ ودورتِه	شبكةُ النموذج · شريطُ الحفظِ اللاصق · مكوّنُ الانتقال · سجلُّ النشاط	مستندٌ يُعتمد	— قراءةٌ عليا	—	—	تبقى بقالبِها	لم يبدأ	AC-U1 قشرة · AC-U2 مكوّن · AC-U3 حالات
المالية والخزينة	دورة الإدارة	التكلفة والإهلاك والهامش	التكاليف والربحية بالمركز	التكاليف والربحية بالمركز	cost_report.php	لا	—	—	شاشةٌ مستقلة	قالبُ السجلِّ الجدوليّ	INJAZ DataGrid · الشريطُ الموحَّد · المرشِّحات · المناظرُ المحفوظة · حالاتُ الشاشة	سجلٌّ أو إعداد	— تقارير	—	—	تبقى بقالبِها	لم يبدأ	AC-U1 قشرة · AC-U2 مكوّن · AC-U3 حالات
المالية والخزينة	دورة الإدارة	التكلفة والإهلاك والهامش	متابعة انحراف المنفَّذ عن المخطط	متابعة انحراف المنفَّذ عن المخطط	variance.php	لا	—	—	شاشةٌ مستقلة	قالبُ السجلِّ الجدوليّ	INJAZ DataGrid · الشريطُ الموحَّد · المرشِّحات · المناظرُ المحفوظة · حالاتُ الشاشة	سجلٌّ أو إعداد	تقرير انحراف	—	—	تبقى بقالبِها	لم يبدأ	AC-U1 قشرة · AC-U2 مكوّن · AC-U3 حالات
المالية والخزينة	دورة الإدارة	التكلفة والإهلاك والهامش	زمن دورة الطلبات	زمن دورة الطلبات	cycle_time.php	لا	—	—	فعل	قالبُ الفعلِ والاعتماد	مكوّنُ الانتقال · حوارُ التأكيد · بطاقةُ اعتماد	مستندٌ يُعتمد	— تقارير	—	—	تبقى بقالبِها	لم يبدأ	AC-U1 قشرة · AC-U2 مكوّن · AC-U3 حالات
المالية والخزينة	دورة الإدارة	الترحيل والاعتمادات المالية	الإقفال الشهري للوحدة	الإقفال الشهري للوحدة	monthly_close.php	لا	—	—	شاشةٌ مستقلة	قالبُ المستندِ ودورتِه	شبكةُ النموذج · شريطُ الحفظِ اللاصق · مكوّنُ الانتقال · سجلُّ النشاط	مستندٌ يُعتمد	تقرير إقفال يومي	—	—	تبقى بقالبِها	لم يبدأ	AC-U1 قشرة · AC-U2 مكوّن · AC-U3 حالات
المالية والخزينة	دورة الإدارة	الترحيل والاعتمادات المالية	تسجيل التايم شيت والإنتاج	تسجيل التايم شيت والإنتاج	timesheet.php	لا	—	—	شاشةٌ مستقلة	قالبُ المستندِ ودورتِه	شبكةُ النموذج · شريطُ الحفظِ اللاصق · مكوّنُ الانتقال · سجلُّ النشاط	مستندٌ يُعتمد	صف وحدة · سجل قياس	—	—	تبقى بقالبِها	لم يبدأ	AC-U1 قشرة · AC-U2 مكوّن · AC-U3 حالات
المالية والخزينة	دورة الإدارة	الترحيل والاعتمادات المالية	صندوق ما ينتظر اعتمادي	صندوق ما ينتظر اعتمادي	approvals_inbox.php	لا	—	—	شاشةٌ مستقلة	قالبُ المستندِ ودورتِه	شبكةُ النموذج · شريطُ الحفظِ اللاصق · مكوّنُ الانتقال · سجلُّ النشاط	مستندٌ يُعتمد	محضر اعتماد الموقع	—	—	تبقى بقالبِها	لم يبدأ	AC-U1 قشرة · AC-U2 مكوّن · AC-U3 حالات
المالية والخزينة	دورة الإدارة	الترحيل والاعتمادات المالية	إقفال الأمر وتحميل تكلفته	إقفال الأمر وتحميل تكلفته	transfer_cost.php	لا	—	—	شاشةٌ مستقلة	قالبُ المستندِ ودورتِه	شبكةُ النموذج · شريطُ الحفظِ اللاصق · مكوّنُ الانتقال · سجلُّ النشاط	مستندٌ يُعتمد	تحميل على مصدرها	—	—	تبقى بقالبِها	لم يبدأ	AC-U1 قشرة · AC-U2 مكوّن · AC-U3 حالات
المالية والخزينة	دورة الإدارة	إقفال الفترة	مهام المحاسب اليومية	مهام المحاسب اليومية	accountant_desk.php	لا	—	—	شاشةٌ مستقلة	قالبُ السجلِّ الجدوليّ	INJAZ DataGrid · الشريطُ الموحَّد · المرشِّحات · المناظرُ المحفوظة · حالاتُ الشاشة	سجلٌّ أو إعداد	قيد منشور	—	—	تبقى بقالبِها	لم يبدأ	AC-U1 قشرة · AC-U2 مكوّن · AC-U3 حالات
المالية والخزينة	دورة الإدارة	إقفال الفترة	القيود اليومية	القيود اليومية	journal.php	لا	—	—	شاشةٌ مستقلة	قالبُ السجلِّ الجدوليّ	INJAZ DataGrid · الشريطُ الموحَّد · المرشِّحات · المناظرُ المحفوظة · حالاتُ الشاشة	سجلٌّ أو إعداد	قيد منشور	—	—	تبقى بقالبِها	لم يبدأ	AC-U1 قشرة · AC-U2 مكوّن · AC-U3 حالات
المالية والخزينة	دورة الإدارة	إقفال الفترة	دليل الحسابات ومراكز التكلفة	دليل الحسابات ومراكز التكلفة	coa.php	لا	—	—	شاشةٌ مستقلة	قالبُ السجلِّ الجدوليّ	INJAZ DataGrid · الشريطُ الموحَّد · المرشِّحات · المناظرُ المحفوظة · حالاتُ الشاشة	سجلٌّ أو إعداد	قيد منشور	—	—	تبقى بقالبِها	لم يبدأ	AC-U1 قشرة · AC-U2 مكوّن · AC-U3 حالات
المالية والخزينة	دورة الإدارة	إقفال الفترة	الفاتورة الضريبية والإقرارات	الفاتورة الضريبية والإقرارات	tax_invoices.php	لا	—	—	فعل	قالبُ الفعلِ والاعتماد	مكوّنُ الانتقال · حوارُ التأكيد · بطاقةُ اعتماد	مستندٌ يُعتمد	قيد منشور	—	—	تبقى بقالبِها	لم يبدأ	AC-U1 قشرة · AC-U2 مكوّن · AC-U3 حالات
المالية والخزينة	دورة الإدارة	إقفال الفترة	إقفال الفترة المحاسبية	إقفال الفترة المحاسبية	period_close.php	لا	—	—	شاشةٌ مستقلة	قالبُ المستندِ ودورتِه	شبكةُ النموذج · شريطُ الحفظِ اللاصق · مكوّنُ الانتقال · سجلُّ النشاط	مستندٌ يُعتمد	إقفال فترة محاسبية	—	—	تبقى بقالبِها	لم يبدأ	AC-U1 قشرة · AC-U2 مكوّن · AC-U3 حالات
المالية والخزينة	دورة الإدارة	إقفال الفترة	الموازنة العامة	الموازنة العامة	budget_master.php	لا	—	—	شاشةٌ مستقلة	قالبُ المستندِ ودورتِه	شبكةُ النموذج · شريطُ الحفظِ اللاصق · مكوّنُ الانتقال · سجلُّ النشاط	مستندٌ يُعتمد	نموذج عملٍ معتمد	—	—	تبقى بقالبِها	لم يبدأ	AC-U1 قشرة · AC-U2 مكوّن · AC-U3 حالات
المالية والخزينة	دورة الإدارة	إقفال الفترة	ميزانية إدارتي	ميزانية إدارتي	budget_dept.php	نعم — يوحَّد مع نظيرِه	—	—	شاشةٌ مستقلة	قالبُ السجلِّ الجدوليّ	INJAZ DataGrid · الشريطُ الموحَّد · المرشِّحات · المناظرُ المحفوظة · حالاتُ الشاشة	سجلٌّ أو إعداد	تقرير إقفال يومي	—	—	تبقى بقالبِها	لم يبدأ	AC-U1 قشرة · AC-U2 مكوّن · AC-U3 حالات
المالية والخزينة	دورة الإدارة	إقفال الفترة	القوائم المالية	القوائم المالية	fin_statements.php	نعم — يوحَّد مع نظيرِه	—	—	شاشةٌ مستقلة	قالبُ السجلِّ الجدوليّ	INJAZ DataGrid · الشريطُ الموحَّد · المرشِّحات · المناظرُ المحفوظة · حالاتُ الشاشة	سجلٌّ أو إعداد	— قراءةٌ عليا	—	—	تبقى بقالبِها	لم يبدأ	AC-U1 قشرة · AC-U2 مكوّن · AC-U3 حالات
المالية والخزينة	دورة الإدارة	إقفال الفترة	مخصص الصيانة والعمرات	مخصص الصيانة والعمرات	maint_provision.php	لا	—	—	شاشةٌ مستقلة	قالبُ السجلِّ الجدوليّ	INJAZ DataGrid · الشريطُ الموحَّد · المرشِّحات · المناظرُ المحفوظة · حالاتُ الشاشة	سجلٌّ أو إعداد	إقفال فترة محاسبية	—	—	تبقى بقالبِها	لم يبدأ	AC-U1 قشرة · AC-U2 مكوّن · AC-U3 حالات
المالية والخزينة	دورة الإدارة	القوائم المالية	لوحة النسب المالية	لوحة النسب المالية	fin_ratios.php	لا	—	—	تقرير	قالبُ التقرير	الرسوم · المرشِّحات · التصدير · حالةُ الفراغ	قارئة	قراءة	شاشةٌ قارئةٌ في طبقةِ دورةِ الإدارة	متوسط	تبقى بقالبِها	لم يبدأ	AC-U1 قشرة · AC-U2 مكوّن · AC-U3 حالات
المالية والخزينة	دورة الإدارة	القوائم المالية	تفصيل نسبة مالية	تفصيل نسبة مالية	fin_ratio_detail.php	لا	—	—	شاشةٌ مستقلة	قالبُ المستندِ ودورتِه	شبكةُ النموذج · شريطُ الحفظِ اللاصق · مكوّنُ الانتقال · سجلُّ النشاط	مستندٌ يُعتمد	◆ انتقالُ حالة	مستندٌ يُعتمد بلا مستندٍ رسميٍّ مسمًّى	عالٍ	تبقى بقالبِها	لم يبدأ	AC-U1 قشرة · AC-U2 مكوّن · AC-U3 حالات
المالية والخزينة	دورة الإدارة	القوائم المالية	حدود النسب وأهدافها	حدود النسب وأهدافها	fin_ratio_targets.php	لا	—	—	شاشةٌ مستقلة	قالبُ المستندِ ودورتِه	شبكةُ النموذج · شريطُ الحفظِ اللاصق · مكوّنُ الانتقال · سجلُّ النشاط	مستندٌ يُعتمد	◆ انتقالُ حالة	مستندٌ يُعتمد بلا مستندٍ رسميٍّ مسمًّى	عالٍ	تبقى بقالبِها	لم يبدأ	AC-U1 قشرة · AC-U2 مكوّن · AC-U3 حالات
المالية والخزينة	دورة الإدارة	القوائم المالية	الإنذار المالي المبكر	الإنذار المالي المبكر	fin_early_warning.php	لا	—	—	منظر	قالبُ السجلِّ الجدوليّ	INJAZ DataGrid · الشريطُ الموحَّد · المرشِّحات · المناظرُ المحفوظة · حالاتُ الشاشة	قارئة	قراءة	شاشةٌ قارئةٌ في طبقةِ دورةِ الإدارة	متوسط	تُحوَّل منظرًا	لم يبدأ	AC-U1 قشرة · AC-U2 مكوّن · AC-U3 حالات
المالية والخزينة	دورة الإدارة	القوائم المالية	ربحية المعدة الواحدة	ربحية المعدة الواحدة	fin_unit_economics.php	لا	المعدة	—	منظر	قالبُ السجلِّ الجدوليّ	INJAZ DataGrid · الشريطُ الموحَّد · المرشِّحات · المناظرُ المحفوظة · حالاتُ الشاشة	قارئة	قراءة	شاشةٌ قارئةٌ في طبقةِ دورةِ الإدارة	متوسط	تُحوَّل منظرًا	لم يبدأ	AC-U1 قشرة · AC-U2 مكوّن · AC-U3 حالات
المالية والخزينة	دورة الإدارة	القوائم المالية	هامش العقد ونموذج العمل	هامش العقد ونموذج العمل	fin_contract_margin.php	لا	العقد	—	منظر	قالبُ السجلِّ الجدوليّ	INJAZ DataGrid · الشريطُ الموحَّد · المرشِّحات · المناظرُ المحفوظة · حالاتُ الشاشة	قارئة	قراءة	شاشةٌ قارئةٌ في طبقةِ دورةِ الإدارة	متوسط	تُحوَّل منظرًا	لم يبدأ	AC-U1 قشرة · AC-U2 مكوّن · AC-U3 حالات
المالية والخزينة	دورة الإدارة	القوائم المالية	قائمة دخل المشروع	قائمة دخل المشروع	fin_project_pl.php	لا	المشروع	ملفُّ المشروع	تبويبٌ في ملفِّ الكيانِ الأم	قالبُ ملفِّ الكيان	تبويباتُ الرحلة · الخطُّ الزمنيّ · وسمُ الحالة · بطاقاتُ مؤشرٍ مضغوطة	مستندٌ يُعتمد	◆ انتقالُ حالة	مستندٌ يُعتمد بلا مستندٍ رسميٍّ مسمًّى · مرشَّحةٌ للدمجِ في ملفِّ الكيانِ الأم	عالٍ	تُدمج تبويبًا	لم يبدأ	AC-U1 قشرة · AC-U2 مكوّن · AC-U3 حالات
المالية والخزينة	دورة الإدارة	القوائم المالية	قائمة التدفقات النقدية	قائمة التدفقات النقدية	fin_cashflow_stmt.php	لا	—	—	شاشةٌ مستقلة	قالبُ المستندِ ودورتِه	شبكةُ النموذج · شريطُ الحفظِ اللاصق · مكوّنُ الانتقال · سجلُّ النشاط	مستندٌ يُعتمد	◆ انتقالُ حالة	مستندٌ يُعتمد بلا مستندٍ رسميٍّ مسمًّى	عالٍ	تبقى بقالبِها	لم يبدأ	AC-U1 قشرة · AC-U2 مكوّن · AC-U3 حالات
المالية والخزينة	دورة الإدارة	القوائم المالية	قائمة التغيرات في حقوق الملكية	قائمة التغيرات في حقوق الملكية	fin_equity_stmt.php	لا	—	—	شاشةٌ مستقلة	قالبُ المستندِ ودورتِه	شبكةُ النموذج · شريطُ الحفظِ اللاصق · مكوّنُ الانتقال · سجلُّ النشاط	مستندٌ يُعتمد	◆ انتقالُ حالة	مستندٌ يُعتمد بلا مستندٍ رسميٍّ مسمًّى	عالٍ	تبقى بقالبِها	لم يبدأ	AC-U1 قشرة · AC-U2 مكوّن · AC-U3 حالات
المالية والخزينة	دورة الإدارة	القوائم المالية	مصفوفة الترحيل من الإدارات	مصفوفة الترحيل من الإدارات	fin_posting_matrix.php	لا	—	—	شاشةٌ مستقلة	قالبُ السجلِّ الجدوليّ	INJAZ DataGrid · الشريطُ الموحَّد · المرشِّحات · المناظرُ المحفوظة · حالاتُ الشاشة	سجلٌّ أو إعداد	◆ انتقالُ حالة	—	—	تبقى بقالبِها	لم يبدأ	AC-U1 قشرة · AC-U2 مكوّن · AC-U3 حالات
المالية والخزينة	المرجع والإدارة	الحوكمة والضوابط	المخاطر المالية	المخاطر المالية	risk_dept_fin.php	لا	الخطر	—	منظر	قالبُ السجلِّ الجدوليّ	INJAZ DataGrid · الشريطُ الموحَّد · المرشِّحات · المناظرُ المحفوظة · حالاتُ الشاشة	قارئة	قراءة	—	—	تبقى بقالبِها	لم يبدأ	AC-U1 قشرة · AC-U2 مكوّن · AC-U3 حالات
المالية والخزينة	المرجع والإدارة	الحوكمة والضوابط	حوكمة المالية والخزينة	حوكمة المالية والخزينة	gov_dept_fin.php	لا	—	—	منظر	قالبُ السجلِّ الجدوليّ	INJAZ DataGrid · الشريطُ الموحَّد · المرشِّحات · المناظرُ المحفوظة · حالاتُ الشاشة	قارئة	قراءة	—	—	تبقى بقالبِها	لم يبدأ	AC-U1 قشرة · AC-U2 مكوّن · AC-U3 حالات
المالية والخزينة	المرجع والإدارة	سجل الحركة المالية	تتبّع الأثر من الواقعة إلى القيد	تتبّع الأثر من الواقعة إلى القيد	effect_map.php	لا	—	—	منظر	قالبُ السجلِّ الجدوليّ	INJAZ DataGrid · الشريطُ الموحَّد · المرشِّحات · المناظرُ المحفوظة · حالاتُ الشاشة	قارئة	— تقارير	—	—	تبقى بقالبِها	لم يبدأ	AC-U1 قشرة · AC-U2 مكوّن · AC-U3 حالات
المالية والخزينة	المرجع والإدارة	سجل الحركة المالية	لوحة مدير الإدارة المالية	لوحة مدير الإدارة المالية	fin_mgr_board.php	لا	—	—	تقرير	قالبُ التقرير	الرسوم · المرشِّحات · التصدير · حالةُ الفراغ	قارئة	قراءة	—	—	تبقى بقالبِها	لم يبدأ	AC-U1 قشرة · AC-U2 مكوّن · AC-U3 حالات
المالية والخزينة	المرجع والإدارة	سجل الحركة المالية	لوحة المدير المالي	لوحة المدير المالي	cfo_board.php	لا	—	—	تقرير	قالبُ التقرير	الرسوم · المرشِّحات · التصدير · حالةُ الفراغ	قارئة	قراءة	—	—	تبقى بقالبِها	لم يبدأ	AC-U1 قشرة · AC-U2 مكوّن · AC-U3 حالات
المالية والخزينة	المرجع والإدارة	الميزانية ومؤشرات الأداء	إنجاز الإدارة	إنجاز الإدارة	dept_achievement.php	لا	—	—	شاشةٌ مستقلة	قالبُ السجلِّ الجدوليّ	INJAZ DataGrid · الشريطُ الموحَّد · المرشِّحات · المناظرُ المحفوظة · حالاتُ الشاشة	سجلٌّ أو إعداد	— قراءةٌ عليا	—	—	تبقى بقالبِها	لم يبدأ	AC-U1 قشرة · AC-U2 مكوّن · AC-U3 حالات
المالية والخزينة	المرجع والإدارة	الميزانية ومؤشرات الأداء	مركز التقارير	مركز التقارير	reports_index.php	لا	—	—	شاشةٌ مستقلة	قالبُ السجلِّ الجدوليّ	INJAZ DataGrid · الشريطُ الموحَّد · المرشِّحات · المناظرُ المحفوظة · حالاتُ الشاشة	سجلٌّ أو إعداد	تقرير إقفال يومي	—	—	تبقى بقالبِها	لم يبدأ	AC-U1 قشرة · AC-U2 مكوّن · AC-U3 حالات
الموارد البشرية	مركز العمل	مركز العمل	مهامي	مهامي	my_tasks.php	لا	—	—	شاشةٌ مستقلة	قالبُ السجلِّ الجدوليّ	INJAZ DataGrid · الشريطُ الموحَّد · المرشِّحات · المناظرُ المحفوظة · حالاتُ الشاشة	سجلٌّ أو إعداد	— عرض	—	—	تبقى بقالبِها	لم يبدأ	AC-U1 قشرة · AC-U2 مكوّن · AC-U3 حالات
الموارد البشرية	مركز العمل	مركز العمل	إنجازي	إنجازي	my_achievement.php	لا	—	—	منظر	قالبُ السجلِّ الجدوليّ	INJAZ DataGrid · الشريطُ الموحَّد · المرشِّحات · المناظرُ المحفوظة · حالاتُ الشاشة	قارئة	— عرض	—	—	تبقى بقالبِها	لم يبدأ	AC-U1 قشرة · AC-U2 مكوّن · AC-U3 حالات
الموارد البشرية	مركز العمل	مركز العمل	بوابتي	بوابتي	my_portal.php	لا	—	—	منظر	قالبُ السجلِّ الجدوليّ	INJAZ DataGrid · الشريطُ الموحَّد · المرشِّحات · المناظرُ المحفوظة · حالاتُ الشاشة	قارئة	— عرض	—	—	تبقى بقالبِها	لم يبدأ	AC-U1 قشرة · AC-U2 مكوّن · AC-U3 حالات
الموارد البشرية	مركز العمل	مركز العمل	طلباتي	طلباتي	my_requests.php	لا	—	—	فعل	قالبُ الفعلِ والاعتماد	مكوّنُ الانتقال · حوارُ التأكيد · بطاقةُ اعتماد	مستندٌ يُعتمد	— عرض	—	—	تبقى بقالبِها	لم يبدأ	AC-U1 قشرة · AC-U2 مكوّن · AC-U3 حالات
الموارد البشرية	مركز العمل	مركز العمل	المراسلات	المراسلات	messages.php	لا	—	—	شاشةٌ مستقلة	قالبُ السجلِّ الجدوليّ	INJAZ DataGrid · الشريطُ الموحَّد · المرشِّحات · المناظرُ المحفوظة · حالاتُ الشاشة	سجلٌّ أو إعداد	— عرض	—	—	تبقى بقالبِها	لم يبدأ	AC-U1 قشرة · AC-U2 مكوّن · AC-U3 حالات
الموارد البشرية	مركز العمل	البلاغات والمهل	بلاغات إدارتي	بلاغات إدارتي	tickets_dept.php	لا	—	—	شاشةٌ مستقلة	قالبُ السجلِّ الجدوليّ	INJAZ DataGrid · الشريطُ الموحَّد · المرشِّحات · المناظرُ المحفوظة · حالاتُ الشاشة	سجلٌّ أو إعداد	طلب تغيير حالة	—	—	تبقى بقالبِها	لم يبدأ	AC-U1 قشرة · AC-U2 مكوّن · AC-U3 حالات
الموارد البشرية	مركز العمل	البلاغات والمهل	أبلغ عن مشكلة من هذه الشاشة	أبلغ عن مشكلة من هذه الشاشة	ticket_open.php	لا	—	—	شاشةٌ مستقلة	قالبُ السجلِّ الجدوليّ	INJAZ DataGrid · الشريطُ الموحَّد · المرشِّحات · المناظرُ المحفوظة · حالاتُ الشاشة	سجلٌّ أو إعداد	طلب تغيير حالة	—	—	تبقى بقالبِها	لم يبدأ	AC-U1 قشرة · AC-U2 مكوّن · AC-U3 حالات
الموارد البشرية	مركز العمل	البلاغات والمهل	صندوق ما ينتظر اعتمادي	صندوق ما ينتظر اعتمادي	approvals_inbox.php	لا	—	—	شاشةٌ مستقلة	قالبُ المستندِ ودورتِه	شبكةُ النموذج · شريطُ الحفظِ اللاصق · مكوّنُ الانتقال · سجلُّ النشاط	مستندٌ يُعتمد	محضر اعتماد الموقع	—	—	تبقى بقالبِها	لم يبدأ	AC-U1 قشرة · AC-U2 مكوّن · AC-U3 حالات
الموارد البشرية	دورة الإدارة	التوظيف والتعيين	التوظيف من الشاغر إلى المباشرة	التوظيف من الشاغر إلى المباشرة	recruitment.php	لا	—	—	شاشةٌ مستقلة	قالبُ السجلِّ الجدوليّ	INJAZ DataGrid · الشريطُ الموحَّد · المرشِّحات · المناظرُ المحفوظة · حالاتُ الشاشة	سجلٌّ أو إعداد	مشغّل مكوَّد بعقدٍ ساري	—	—	تبقى بقالبِها	لم يبدأ	AC-U1 قشرة · AC-U2 مكوّن · AC-U3 حالات
الموارد البشرية	دورة الإدارة	ملف الموظف وعقوده	سجل الموظفين	سجل الموظفين	employees.php	لا	الموظف	—	شاشةٌ مستقلة	قالبُ السجلِّ الجدوليّ	INJAZ DataGrid · الشريطُ الموحَّد · المرشِّحات · المناظرُ المحفوظة · حالاتُ الشاشة	سجلٌّ أو إعداد	عقد موظف · محضر مباشرة	—	—	تبقى بقالبِها	لم يبدأ	AC-U1 قشرة · AC-U2 مكوّن · AC-U3 حالات
الموارد البشرية	دورة الإدارة	ملف الموظف وعقوده	عقود الموظفين	عقود الموظفين	emp_contracts.php	لا	الموظف	ملفُّ الموظف	تبويبٌ في ملفِّ الكيانِ الأم	قالبُ ملفِّ الكيان	تبويباتُ الرحلة · الخطُّ الزمنيّ · وسمُ الحالة · بطاقاتُ مؤشرٍ مضغوطة	مستندٌ يُعتمد	عقد موظف · محضر مباشرة	مرشَّحةٌ للدمجِ في ملفِّ الكيانِ الأم	متوسط	تُدمج تبويبًا	لم يبدأ	AC-U1 قشرة · AC-U2 مكوّن · AC-U3 حالات
الموارد البشرية	دورة الإدارة	ملف الموظف وعقوده	عقود المشاريع المؤقتة	عقود المشاريع المؤقتة	project_contracts.php	لا	المشروع	—	شاشةٌ مستقلة	قالبُ المستندِ ودورتِه	شبكةُ النموذج · شريطُ الحفظِ اللاصق · مكوّنُ الانتقال · سجلُّ النشاط	مستندٌ يُعتمد	مشغّل مكوَّد بعقدٍ ساري	—	—	تبقى بقالبِها	لم يبدأ	AC-U1 قشرة · AC-U2 مكوّن · AC-U3 حالات
الموارد البشرية	دورة الإدارة	ملف الموظف وعقوده	حسابات المستخدمين	حسابات المستخدمين	users.php	لا	—	—	شاشةٌ مستقلة	قالبُ السجلِّ الجدوليّ	INJAZ DataGrid · الشريطُ الموحَّد · المرشِّحات · المناظرُ المحفوظة · حالاتُ الشاشة	سجلٌّ أو إعداد	عقد موظف · محضر مباشرة	—	—	تبقى بقالبِها	لم يبدأ	AC-U1 قشرة · AC-U2 مكوّن · AC-U3 حالات
الموارد البشرية	دورة الإدارة	ملف الموظف وعقوده	وثائق المعدات والمشغّلين	وثائق المعدات والمشغّلين	equip_docs.php	لا	المشغّل	ملفُّ المشغّل	تبويبٌ في ملفِّ الكيانِ الأم	قالبُ ملفِّ الكيان	تبويباتُ الرحلة · الخطُّ الزمنيّ · وسمُ الحالة · بطاقاتُ مؤشرٍ مضغوطة	سجلٌّ أو إعداد	تخصيصٌ ميداني	مرشَّحةٌ للدمجِ في ملفِّ الكيانِ الأم	متوسط	تُدمج تبويبًا	لم يبدأ	AC-U1 قشرة · AC-U2 مكوّن · AC-U3 حالات
الموارد البشرية	دورة الإدارة	التكليف والأداء	سجل المشغّلين	سجل المشغّلين	operators.php	لا	المشغّل	—	شاشةٌ مستقلة	قالبُ السجلِّ الجدوليّ	INJAZ DataGrid · الشريطُ الموحَّد · المرشِّحات · المناظرُ المحفوظة · حالاتُ الشاشة	سجلٌّ أو إعداد	تخصيصٌ ميداني	—	—	تبقى بقالبِها	لم يبدأ	AC-U1 قشرة · AC-U2 مكوّن · AC-U3 حالات
الموارد البشرية	دورة الإدارة	التكليف والأداء	تكليف المشغّل على المعدة	تكليف المشغّل على المعدة	op_assign.php	لا	المعدة	ملفُّ المعدة	تبويبٌ في ملفِّ الكيانِ الأم	قالبُ ملفِّ الكيان	تبويباتُ الرحلة · الخطُّ الزمنيّ · وسمُ الحالة · بطاقاتُ مؤشرٍ مضغوطة	سجلٌّ أو إعداد	تخصيصٌ ميداني	مرشَّحةٌ للدمجِ في ملفِّ الكيانِ الأم	متوسط	تُدمج تبويبًا	لم يبدأ	AC-U1 قشرة · AC-U2 مكوّن · AC-U3 حالات
الموارد البشرية	دورة الإدارة	التكليف والأداء	تأهيل المشغّلين على أنواع المعدات	تأهيل المشغّلين على أنواع المعدات	op_qual.php	لا	المشغّل	ملفُّ المشغّل	تبويبٌ في ملفِّ الكيانِ الأم	قالبُ ملفِّ الكيان	تبويباتُ الرحلة · الخطُّ الزمنيّ · وسمُ الحالة · بطاقاتُ مؤشرٍ مضغوطة	سجلٌّ أو إعداد	شهادة تأهيل · رخصة سارية	مرشَّحةٌ للدمجِ في ملفِّ الكيانِ الأم	متوسط	تُدمج تبويبًا	لم يبدأ	AC-U1 قشرة · AC-U2 مكوّن · AC-U3 حالات
الموارد البشرية	دورة الإدارة	التكليف والأداء	الأداء الشهري للمشغّل	الأداء الشهري للمشغّل	op_monthly.php	لا	—	—	شاشةٌ مستقلة	قالبُ المستندِ ودورتِه	شبكةُ النموذج · شريطُ الحفظِ اللاصق · مكوّنُ الانتقال · سجلُّ النشاط	مستندٌ يُعتمد	أداء شهري · أساس حافز	—	—	تبقى بقالبِها	لم يبدأ	AC-U1 قشرة · AC-U2 مكوّن · AC-U3 حالات
الموارد البشرية	دورة الإدارة	التكليف والأداء	سجل المعدات	سجل المعدات	equipments.php	لا	المعدة	—	شاشةٌ مستقلة	قالبُ السجلِّ الجدوليّ	INJAZ DataGrid · الشريطُ الموحَّد · المرشِّحات · المناظرُ المحفوظة · حالاتُ الشاشة	سجلٌّ أو إعداد	تخصيصٌ ميداني	—	—	تبقى بقالبِها	لم يبدأ	AC-U1 قشرة · AC-U2 مكوّن · AC-U3 حالات
الموارد البشرية	دورة الإدارة	الحضور والانصراف	الحضور والانصراف	الحضور والانصراف	attendance.php	لا	—	—	شاشةٌ مستقلة	قالبُ السجلِّ الجدوليّ	INJAZ DataGrid · الشريطُ الموحَّد · المرشِّحات · المناظرُ المحفوظة · حالاتُ الشاشة	سجلٌّ أو إعداد	— سجلات	—	—	تبقى بقالبِها	لم يبدأ	AC-U1 قشرة · AC-U2 مكوّن · AC-U3 حالات
الموارد البشرية	دورة الإدارة	الحضور والانصراف	الإجازات والغياب	الإجازات والغياب	leaves.php	لا	—	—	شاشةٌ مستقلة	قالبُ المستندِ ودورتِه	شبكةُ النموذج · شريطُ الحفظِ اللاصق · مكوّنُ الانتقال · سجلُّ النشاط	مستندٌ يُعتمد	— سجلات	—	—	تبقى بقالبِها	لم يبدأ	AC-U1 قشرة · AC-U2 مكوّن · AC-U3 حالات
الموارد البشرية	دورة الإدارة	الحضور والانصراف	تسجيل التايم شيت والإنتاج	تسجيل التايم شيت والإنتاج	timesheet.php	لا	—	—	شاشةٌ مستقلة	قالبُ المستندِ ودورتِه	شبكةُ النموذج · شريطُ الحفظِ اللاصق · مكوّنُ الانتقال · سجلُّ النشاط	مستندٌ يُعتمد	صف وحدة · سجل قياس	—	—	تبقى بقالبِها	لم يبدأ	AC-U1 قشرة · AC-U2 مكوّن · AC-U3 حالات
الموارد البشرية	دورة الإدارة	الخصومات والسلف	الخصومات والجزاءات	الخصومات والجزاءات	deductions.php	لا	—	—	شاشةٌ مستقلة	قالبُ المستندِ ودورتِه	شبكةُ النموذج · شريطُ الحفظِ اللاصق · مكوّنُ الانتقال · سجلُّ النشاط	مستندٌ يُعتمد	خصم مقترح ثم معتمد	—	—	تبقى بقالبِها	لم يبدأ	AC-U1 قشرة · AC-U2 مكوّن · AC-U3 حالات
الموارد البشرية	دورة الإدارة	الخصومات والسلف	خصومات المشغّلين المقترحة	خصومات المشغّلين المقترحة	op_deduct.php	لا	المشغّل	ملفُّ المشغّل	تبويبٌ في ملفِّ الكيانِ الأم	قالبُ ملفِّ الكيان	تبويباتُ الرحلة · الخطُّ الزمنيّ · وسمُ الحالة · بطاقاتُ مؤشرٍ مضغوطة	سجلٌّ أو إعداد	خصم مقترح ثم معتمد	مرشَّحةٌ للدمجِ في ملفِّ الكيانِ الأم	متوسط	تُدمج تبويبًا	لم يبدأ	AC-U1 قشرة · AC-U2 مكوّن · AC-U3 حالات
الموارد البشرية	دورة الإدارة	الخصومات والسلف	السلف والعهد المالية	السلف والعهد المالية	advances.php	لا	—	—	شاشةٌ مستقلة	قالبُ السجلِّ الجدوليّ	INJAZ DataGrid · الشريطُ الموحَّد · المرشِّحات · المناظرُ المحفوظة · حالاتُ الشاشة	سجلٌّ أو إعداد	قرار خصم معتمد	—	—	تبقى بقالبِها	لم يبدأ	AC-U1 قشرة · AC-U2 مكوّن · AC-U3 حالات
الموارد البشرية	دورة الإدارة	الخصومات والسلف	من يرى ماذا ومكوّنات البوابة	من يرى ماذا ومكوّنات البوابة	visibility.php	لا	—	—	شاشةٌ مستقلة	قالبُ السجلِّ الجدوليّ	INJAZ DataGrid · الشريطُ الموحَّد · المرشِّحات · المناظرُ المحفوظة · حالاتُ الشاشة	سجلٌّ أو إعداد	— متابعة	—	—	تبقى بقالبِها	لم يبدأ	AC-U1 قشرة · AC-U2 مكوّن · AC-U3 حالات
الموارد البشرية	دورة الإدارة	الأجور والمستحقات	مسيّر الرواتب	مسيّر الرواتب	payroll.php	لا	—	—	شاشةٌ مستقلة	قالبُ المستندِ ودورتِه	شبكةُ النموذج · شريطُ الحفظِ اللاصق · مكوّنُ الانتقال · سجلُّ النشاط	مستندٌ يُعتمد	مسيّر معتمد · أمر دفع	—	—	تبقى بقالبِها	لم يبدأ	AC-U1 قشرة · AC-U2 مكوّن · AC-U3 حالات
الموارد البشرية	دورة الإدارة	الأجور والمستحقات	طلبات الدفع والسداد	طلبات الدفع والسداد	payments.php	لا	—	—	فعل	قالبُ الفعلِ والاعتماد	مكوّنُ الانتقال · حوارُ التأكيد · بطاقةُ اعتماد	مستندٌ يُعتمد	— طلبات	—	—	تبقى بقالبِها	لم يبدأ	AC-U1 قشرة · AC-U2 مكوّن · AC-U3 حالات
الموارد البشرية	دورة الإدارة	إنهاء الخدمة	تقييم أداء العاملين	تقييم أداء العاملين	worker_evaluation.php	لا	—	—	شاشةٌ مستقلة	قالبُ السجلِّ الجدوليّ	INJAZ DataGrid · الشريطُ الموحَّد · المرشِّحات · المناظرُ المحفوظة · حالاتُ الشاشة	سجلٌّ أو إعداد	تقييم أداء · محضر تصفية	—	—	تبقى بقالبِها	لم يبدأ	AC-U1 قشرة · AC-U2 مكوّن · AC-U3 حالات
الموارد البشرية	دورة الإدارة	إنهاء الخدمة	تصفية إنهاء خدمة موظف	تصفية إنهاء خدمة موظف	final_settlement.php	لا	—	—	شاشةٌ مستقلة	قالبُ السجلِّ الجدوليّ	INJAZ DataGrid · الشريطُ الموحَّد · المرشِّحات · المناظرُ المحفوظة · حالاتُ الشاشة	سجلٌّ أو إعداد	تقييم أداء · محضر تصفية	—	—	تبقى بقالبِها	لم يبدأ	AC-U1 قشرة · AC-U2 مكوّن · AC-U3 حالات
الموارد البشرية	المرجع والإدارة	الميزانية ومؤشرات الأداء	ميزانية إدارتي	ميزانية إدارتي	budget_dept.php	نعم — يوحَّد مع نظيرِه	—	—	شاشةٌ مستقلة	قالبُ السجلِّ الجدوليّ	INJAZ DataGrid · الشريطُ الموحَّد · المرشِّحات · المناظرُ المحفوظة · حالاتُ الشاشة	سجلٌّ أو إعداد	تقرير إقفال يومي	—	—	تبقى بقالبِها	لم يبدأ	AC-U1 قشرة · AC-U2 مكوّن · AC-U3 حالات
الموارد البشرية	المرجع والإدارة	الميزانية ومؤشرات الأداء	إنجاز الإدارة	إنجاز الإدارة	dept_achievement.php	لا	—	—	شاشةٌ مستقلة	قالبُ السجلِّ الجدوليّ	INJAZ DataGrid · الشريطُ الموحَّد · المرشِّحات · المناظرُ المحفوظة · حالاتُ الشاشة	سجلٌّ أو إعداد	— قراءةٌ عليا	—	—	تبقى بقالبِها	لم يبدأ	AC-U1 قشرة · AC-U2 مكوّن · AC-U3 حالات
الموارد البشرية	المرجع والإدارة	الميزانية ومؤشرات الأداء	مركز التقارير	مركز التقارير	reports_index.php	لا	—	—	شاشةٌ مستقلة	قالبُ السجلِّ الجدوليّ	INJAZ DataGrid · الشريطُ الموحَّد · المرشِّحات · المناظرُ المحفوظة · حالاتُ الشاشة	سجلٌّ أو إعداد	تقرير إقفال يومي	—	—	تبقى بقالبِها	لم يبدأ	AC-U1 قشرة · AC-U2 مكوّن · AC-U3 حالات
الموارد البشرية	المرجع والإدارة	الحوكمة والضوابط	مخاطر الموارد البشرية	مخاطر الموارد البشرية	risk_dept_hrm.php	لا	—	—	منظر	قالبُ السجلِّ الجدوليّ	INJAZ DataGrid · الشريطُ الموحَّد · المرشِّحات · المناظرُ المحفوظة · حالاتُ الشاشة	قارئة	قراءة	—	—	تبقى بقالبِها	لم يبدأ	AC-U1 قشرة · AC-U2 مكوّن · AC-U3 حالات
الموارد البشرية	المرجع والإدارة	التقارير والتحليلات	حوكمة الموارد البشرية	حوكمة الموارد البشرية	gov_dept_hrm.php	لا	—	—	منظر	قالبُ السجلِّ الجدوليّ	INJAZ DataGrid · الشريطُ الموحَّد · المرشِّحات · المناظرُ المحفوظة · حالاتُ الشاشة	قارئة	قراءة	—	—	تبقى بقالبِها	لم يبدأ	AC-U1 قشرة · AC-U2 مكوّن · AC-U3 حالات
المبيعات والعقود	مركز العمل	مركز العمل	مهامي	مهامي	my_tasks.php	لا	—	—	شاشةٌ مستقلة	قالبُ السجلِّ الجدوليّ	INJAZ DataGrid · الشريطُ الموحَّد · المرشِّحات · المناظرُ المحفوظة · حالاتُ الشاشة	سجلٌّ أو إعداد	— عرض	—	—	تبقى بقالبِها	لم يبدأ	AC-U1 قشرة · AC-U2 مكوّن · AC-U3 حالات
المبيعات والعقود	مركز العمل	مركز العمل	إنجازي	إنجازي	my_achievement.php	لا	—	—	منظر	قالبُ السجلِّ الجدوليّ	INJAZ DataGrid · الشريطُ الموحَّد · المرشِّحات · المناظرُ المحفوظة · حالاتُ الشاشة	قارئة	— عرض	—	—	تبقى بقالبِها	لم يبدأ	AC-U1 قشرة · AC-U2 مكوّن · AC-U3 حالات
المبيعات والعقود	مركز العمل	مركز العمل	بوابتي	بوابتي	my_portal.php	لا	—	—	منظر	قالبُ السجلِّ الجدوليّ	INJAZ DataGrid · الشريطُ الموحَّد · المرشِّحات · المناظرُ المحفوظة · حالاتُ الشاشة	قارئة	— عرض	—	—	تبقى بقالبِها	لم يبدأ	AC-U1 قشرة · AC-U2 مكوّن · AC-U3 حالات
المبيعات والعقود	مركز العمل	مركز العمل	طلباتي	طلباتي	my_requests.php	لا	—	—	فعل	قالبُ الفعلِ والاعتماد	مكوّنُ الانتقال · حوارُ التأكيد · بطاقةُ اعتماد	مستندٌ يُعتمد	— عرض	—	—	تبقى بقالبِها	لم يبدأ	AC-U1 قشرة · AC-U2 مكوّن · AC-U3 حالات
المبيعات والعقود	مركز العمل	مركز العمل	المراسلات	المراسلات	messages.php	لا	—	—	شاشةٌ مستقلة	قالبُ السجلِّ الجدوليّ	INJAZ DataGrid · الشريطُ الموحَّد · المرشِّحات · المناظرُ المحفوظة · حالاتُ الشاشة	سجلٌّ أو إعداد	— عرض	—	—	تبقى بقالبِها	لم يبدأ	AC-U1 قشرة · AC-U2 مكوّن · AC-U3 حالات
المبيعات والعقود	دورة الإدارة	العملاء والفرص	سجل العملاء	سجل العملاء	clients.php	لا	العميل	—	شاشةٌ مستقلة	قالبُ السجلِّ الجدوليّ	INJAZ DataGrid · الشريطُ الموحَّد · المرشِّحات · المناظرُ المحفوظة · حالاتُ الشاشة	سجلٌّ أو إعداد	— سجلات	—	—	تبقى بقالبِها	لم يبدأ	AC-U1 قشرة · AC-U2 مكوّن · AC-U3 حالات
المبيعات والعقود	دورة الإدارة	العملاء والفرص	المشاريع والمواقع	المشاريع والمواقع	projects.php	لا	المشروع	—	شاشةٌ مستقلة	قالبُ السجلِّ الجدوليّ	INJAZ DataGrid · الشريطُ الموحَّد · المرشِّحات · المناظرُ المحفوظة · حالاتُ الشاشة	سجلٌّ أو إعداد	— سجلات	—	—	تبقى بقالبِها	لم يبدأ	AC-U1 قشرة · AC-U2 مكوّن · AC-U3 حالات
المبيعات والعقود	دورة الإدارة	العروض والتسعير	الفرص والزيارات والمناقصات	الفرص والزيارات والمناقصات	opportunities.php	لا	—	—	شاشةٌ مستقلة	قالبُ السجلِّ الجدوليّ	INJAZ DataGrid · الشريطُ الموحَّد · المرشِّحات · المناظرُ المحفوظة · حالاتُ الشاشة	سجلٌّ أو إعداد	سجل جهة · فرصة مؤهَّلة	—	—	تبقى بقالبِها	لم يبدأ	AC-U1 قشرة · AC-U2 مكوّن · AC-U3 حالات
المبيعات والعقود	دورة الإدارة	العروض والتسعير	عروض الأسعار للعملاء	عروض الأسعار للعملاء	quotations.php	لا	—	—	شاشةٌ مستقلة	قالبُ السجلِّ الجدوليّ	INJAZ DataGrid · الشريطُ الموحَّد · المرشِّحات · المناظرُ المحفوظة · حالاتُ الشاشة	سجلٌّ أو إعداد	عرض سعر مُرسَل	—	—	تبقى بقالبِها	لم يبدأ	AC-U1 قشرة · AC-U2 مكوّن · AC-U3 حالات
المبيعات والعقود	دورة الإدارة	العروض والتسعير	قوائم التسعير المعتمدة	قوائم التسعير المعتمدة	pricelists.php	لا	—	—	شاشةٌ مستقلة	قالبُ المستندِ ودورتِه	شبكةُ النموذج · شريطُ الحفظِ اللاصق · مكوّنُ الانتقال · سجلُّ النشاط	مستندٌ يُعتمد	عرض سعر مُرسَل	—	—	تبقى بقالبِها	لم يبدأ	AC-U1 قشرة · AC-U2 مكوّن · AC-U3 حالات
المبيعات والعقود	دورة الإدارة	العروض والتسعير	كتالوج الخدمات وبنود البيع	كتالوج الخدمات وبنود البيع	products.php	لا	—	—	شاشةٌ مستقلة	قالبُ السجلِّ الجدوليّ	INJAZ DataGrid · الشريطُ الموحَّد · المرشِّحات · المناظرُ المحفوظة · حالاتُ الشاشة	سجلٌّ أو إعداد	عرض سعر مُرسَل	—	—	تبقى بقالبِها	لم يبدأ	AC-U1 قشرة · AC-U2 مكوّن · AC-U3 حالات
المبيعات والعقود	دورة الإدارة	العروض والتسعير	نماذج العمل ووحدات القياس	نماذج العمل ووحدات القياس	business_models.php	لا	—	—	شاشةٌ مستقلة	قالبُ السجلِّ الجدوليّ	INJAZ DataGrid · الشريطُ الموحَّد · المرشِّحات · المناظرُ المحفوظة · حالاتُ الشاشة	سجلٌّ أو إعداد	نموذج عملٍ معتمد	—	—	تبقى بقالبِها	لم يبدأ	AC-U1 قشرة · AC-U2 مكوّن · AC-U3 حالات
المبيعات والعقود	دورة الإدارة	العروض والتسعير	وحدات القياس والتحويل	وحدات القياس والتحويل	units_of_measure.php	لا	—	—	شاشةٌ مستقلة	قالبُ السجلِّ الجدوليّ	INJAZ DataGrid · الشريطُ الموحَّد · المرشِّحات · المناظرُ المحفوظة · حالاتُ الشاشة	سجلٌّ أو إعداد	عرض سعر مُرسَل	—	—	تبقى بقالبِها	لم يبدأ	AC-U1 قشرة · AC-U2 مكوّن · AC-U3 حالات
المبيعات والعقود	دورة الإدارة	العقود	عقود العملاء	عقود العملاء	contracts.php	لا	العميل	—	شاشةٌ مستقلة	قالبُ السجلِّ الجدوليّ	INJAZ DataGrid · الشريطُ الموحَّد · المرشِّحات · المناظرُ المحفوظة · حالاتُ الشاشة	سجلٌّ أو إعداد	— سجلات	—	—	تبقى بقالبِها	لم يبدأ	AC-U1 قشرة · AC-U2 مكوّن · AC-U3 حالات
المبيعات والعقود	دورة الإدارة	العقود	أحكام العقد — العملات والمقدم والمهل	أحكام العقد — العملات والمقدم والمهل	contract_terms.php	لا	العقد	ملفُّ العقد	تبويبٌ في ملفِّ الكيانِ الأم	قالبُ ملفِّ الكيان	تبويباتُ الرحلة · الخطُّ الزمنيّ · وسمُ الحالة · بطاقاتُ مؤشرٍ مضغوطة	مستندٌ يُعتمد	تغطية · وحدات · أحكام	مرشَّحةٌ للدمجِ في ملفِّ الكيانِ الأم	متوسط	تُدمج تبويبًا	لم يبدأ	AC-U1 قشرة · AC-U2 مكوّن · AC-U3 حالات
المبيعات والعقود	دورة الإدارة	العقود	الجزاءات والحوافز التعاقدية	الجزاءات والحوافز التعاقدية	penalties.php	لا	—	—	شاشةٌ مستقلة	قالبُ السجلِّ الجدوليّ	INJAZ DataGrid · الشريطُ الموحَّد · المرشِّحات · المناظرُ المحفوظة · حالاتُ الشاشة	سجلٌّ أو إعداد	مستخلص · مطالبة	—	—	تبقى بقالبِها	لم يبدأ	AC-U1 قشرة · AC-U2 مكوّن · AC-U3 حالات
المبيعات والعقود	دورة الإدارة	العقود	آليات تعديل السعر	آليات تعديل السعر	price_adjust.php	لا	—	—	شاشةٌ مستقلة	قالبُ السجلِّ الجدوليّ	INJAZ DataGrid · الشريطُ الموحَّد · المرشِّحات · المناظرُ المحفوظة · حالاتُ الشاشة	سجلٌّ أو إعداد	تغطية · وحدات · أحكام	—	—	تبقى بقالبِها	لم يبدأ	AC-U1 قشرة · AC-U2 مكوّن · AC-U3 حالات
المبيعات والعقود	دورة الإدارة	التغطية التعاقدية	التزام العقد بنوع المعدة	التزام العقد بنوع المعدة	coverage.php	لا	العقد	ملفُّ العقد	تبويبٌ في ملفِّ الكيانِ الأم	قالبُ ملفِّ الكيان	تبويباتُ الرحلة · الخطُّ الزمنيّ · وسمُ الحالة · بطاقاتُ مؤشرٍ مضغوطة	مستندٌ يُعتمد	خطة شهرية معتمدة	مرشَّحةٌ للدمجِ في ملفِّ الكيانِ الأم	متوسط	تُدمج تبويبًا	لم يبدأ	AC-U1 قشرة · AC-U2 مكوّن · AC-U3 حالات
المبيعات والعقود	دورة الإدارة	التغطية التعاقدية	الوحدات التعاقدية المرقَّمة	الوحدات التعاقدية المرقَّمة	units.php	لا	—	—	شاشةٌ مستقلة	قالبُ السجلِّ الجدوليّ	INJAZ DataGrid · الشريطُ الموحَّد · المرشِّحات · المناظرُ المحفوظة · حالاتُ الشاشة	سجلٌّ أو إعداد	خطة شهرية معتمدة	—	—	تبقى بقالبِها	لم يبدأ	AC-U1 قشرة · AC-U2 مكوّن · AC-U3 حالات
المبيعات والعقود	دورة الإدارة	التنفيذ التعاقدي	مطابقة بيانات العميل	مطابقة بيانات العميل	unit_client_match.php	لا	العميل	ملفُّ العميل	تبويبٌ في ملفِّ الكيانِ الأم	قالبُ ملفِّ الكيان	تبويباتُ الرحلة · الخطُّ الزمنيّ · وسمُ الحالة · بطاقاتُ مؤشرٍ مضغوطة	سجلٌّ أو إعداد	◆ انتقالُ حالة	مرشَّحةٌ للدمجِ في ملفِّ الكيانِ الأم	متوسط	تُدمج تبويبًا	لم يبدأ	AC-U1 قشرة · AC-U2 مكوّن · AC-U3 حالات
المبيعات والعقود	دورة الإدارة	التنفيذ التعاقدي	بوابة مدير المبيعات	بوابة مدير المبيعات	unit_sales_gate.php	لا	—	—	شاشةٌ مستقلة	قالبُ المستندِ ودورتِه	شبكةُ النموذج · شريطُ الحفظِ اللاصق · مكوّنُ الانتقال · سجلُّ النشاط	مستندٌ يُعتمد	◆ انتقالُ حالة	مستندٌ يُعتمد بلا مستندٍ رسميٍّ مسمًّى	عالٍ	تبقى بقالبِها	لم يبدأ	AC-U1 قشرة · AC-U2 مكوّن · AC-U3 حالات
المبيعات والعقود	دورة الإدارة	التنفيذ التعاقدي	كشف التايم شيت — العميل	كشف التايم شيت — العميل	unit_statement_client.php	لا	العميل	—	منظر	قالبُ السجلِّ الجدوليّ	INJAZ DataGrid · الشريطُ الموحَّد · المرشِّحات · المناظرُ المحفوظة · حالاتُ الشاشة	قارئة	قراءة	شاشةٌ قارئةٌ في طبقةِ دورةِ الإدارة	متوسط	تُحوَّل منظرًا	لم يبدأ	AC-U1 قشرة · AC-U2 مكوّن · AC-U3 حالات
المبيعات والعقود	دورة الإدارة	المستخلصات والفوترة والتحصيل	المستخلصات والمطالبات	المستخلصات والمطالبات	claims.php	لا	—	—	شاشةٌ مستقلة	قالبُ المستندِ ودورتِه	شبكةُ النموذج · شريطُ الحفظِ اللاصق · مكوّنُ الانتقال · سجلُّ النشاط	مستندٌ يُعتمد	مستخلص · مطالبة	—	—	تبقى بقالبِها	لم يبدأ	AC-U1 قشرة · AC-U2 مكوّن · AC-U3 حالات
المبيعات والعقود	دورة الإدارة	المستخلصات والفوترة والتحصيل	الفاتورة النهائية للعميل	الفاتورة النهائية للعميل	unit_client_invoice.php	لا	—	—	شاشةٌ مستقلة	قالبُ المستندِ ودورتِه	شبكةُ النموذج · شريطُ الحفظِ اللاصق · مكوّنُ الانتقال · سجلُّ النشاط	مستندٌ يُعتمد	◆ انتقالُ حالة	مستندٌ يُعتمد بلا مستندٍ رسميٍّ مسمًّى	عالٍ	تبقى بقالبِها	لم يبدأ	AC-U1 قشرة · AC-U2 مكوّن · AC-U3 حالات
المبيعات والعقود	دورة الإدارة	المستخلصات والفوترة والتحصيل	قبول العميل للفاتورة	قبول العميل للفاتورة	unit_client_accept.php	لا	العميل	ملفُّ العميل	تبويبٌ في ملفِّ الكيانِ الأم	قالبُ ملفِّ الكيان	تبويباتُ الرحلة · الخطُّ الزمنيّ · وسمُ الحالة · بطاقاتُ مؤشرٍ مضغوطة	مستندٌ يُعتمد	◆ انتقالُ حالة	مستندٌ يُعتمد بلا مستندٍ رسميٍّ مسمًّى · مرشَّحةٌ للدمجِ في ملفِّ الكيانِ الأم	عالٍ	تُدمج تبويبًا	لم يبدأ	AC-U1 قشرة · AC-U2 مكوّن · AC-U3 حالات
المبيعات والعقود	دورة الإدارة	المستخلصات والفوترة والتحصيل	الأعمال غير المفوترة	الأعمال غير المفوترة	unbilled.php	لا	—	—	شاشةٌ مستقلة	قالبُ السجلِّ الجدوليّ	INJAZ DataGrid · الشريطُ الموحَّد · المرشِّحات · المناظرُ المحفوظة · حالاتُ الشاشة	سجلٌّ أو إعداد	الإقفال الشهري	—	—	تبقى بقالبِها	لم يبدأ	AC-U1 قشرة · AC-U2 مكوّن · AC-U3 حالات
المبيعات والعقود	دورة الإدارة	التجديد والإقفال	ملاحق العقود وتجديداتها	ملاحق العقود وتجديداتها	contract_amendments.php	لا	العقد	—	شاشةٌ مستقلة	قالبُ السجلِّ الجدوليّ	INJAZ DataGrid · الشريطُ الموحَّد · المرشِّحات · المناظرُ المحفوظة · حالاتُ الشاشة	سجلٌّ أو إعداد	عقد نافذ	—	—	تبقى بقالبِها	لم يبدأ	AC-U1 قشرة · AC-U2 مكوّن · AC-U3 حالات
المبيعات والعقود	دورة الإدارة	التجديد والإقفال	سجل حركة العقد	سجل حركة العقد	contract_events.php	لا	العقد	—	شاشةٌ مستقلة	قالبُ المستندِ ودورتِه	شبكةُ النموذج · شريطُ الحفظِ اللاصق · مكوّنُ الانتقال · سجلُّ النشاط	مستندٌ يُعتمد	عقد نافذ	—	—	تبقى بقالبِها	لم يبدأ	AC-U1 قشرة · AC-U2 مكوّن · AC-U3 حالات
المبيعات والعقود	دورة الإدارة	التجديد والإقفال	مراجعة العقود وملاحظاتها	مراجعة العقود وملاحظاتها	contract_review.php	لا	العقد	—	شاشةٌ مستقلة	قالبُ المستندِ ودورتِه	شبكةُ النموذج · شريطُ الحفظِ اللاصق · مكوّنُ الانتقال · سجلُّ النشاط	مستندٌ يُعتمد	عقدٌ نافذ	—	—	تبقى بقالبِها	لم يبدأ	AC-U1 قشرة · AC-U2 مكوّن · AC-U3 حالات
المبيعات والعقود	المرجع والإدارة	الحوكمة والضوابط	مخاطر المبيعات والعقود	مخاطر المبيعات والعقود	risk_dept_sal.php	لا	العقد	—	منظر	قالبُ السجلِّ الجدوليّ	INJAZ DataGrid · الشريطُ الموحَّد · المرشِّحات · المناظرُ المحفوظة · حالاتُ الشاشة	قارئة	قراءة	—	—	تبقى بقالبِها	لم يبدأ	AC-U1 قشرة · AC-U2 مكوّن · AC-U3 حالات
المبيعات والعقود	المرجع والإدارة	الحوكمة والضوابط	حوكمة المبيعات والعقود	حوكمة المبيعات والعقود	gov_dept_sal.php	لا	العقد	—	منظر	قالبُ السجلِّ الجدوليّ	INJAZ DataGrid · الشريطُ الموحَّد · المرشِّحات · المناظرُ المحفوظة · حالاتُ الشاشة	قارئة	قراءة	—	—	تبقى بقالبِها	لم يبدأ	AC-U1 قشرة · AC-U2 مكوّن · AC-U3 حالات
المبيعات والعقود	المرجع والإدارة	الحوكمة والضوابط	المخاطر التجارية	المخاطر التجارية	commercial_risks.php	لا	الخطر	—	شاشةٌ مستقلة	قالبُ السجلِّ الجدوليّ	INJAZ DataGrid · الشريطُ الموحَّد · المرشِّحات · المناظرُ المحفوظة · حالاتُ الشاشة	سجلٌّ أو إعداد	قرارُ إدارةٍ عليا	—	—	تبقى بقالبِها	لم يبدأ	AC-U1 قشرة · AC-U2 مكوّن · AC-U3 حالات
التمويل والملكية	مركز العمل	مركز العمل	مهامي	مهامي	my_tasks.php	لا	—	—	شاشةٌ مستقلة	قالبُ السجلِّ الجدوليّ	INJAZ DataGrid · الشريطُ الموحَّد · المرشِّحات · المناظرُ المحفوظة · حالاتُ الشاشة	سجلٌّ أو إعداد	— عرض	—	—	تبقى بقالبِها	لم يبدأ	AC-U1 قشرة · AC-U2 مكوّن · AC-U3 حالات
التمويل والملكية	مركز العمل	مركز العمل	إنجازي	إنجازي	my_achievement.php	لا	—	—	منظر	قالبُ السجلِّ الجدوليّ	INJAZ DataGrid · الشريطُ الموحَّد · المرشِّحات · المناظرُ المحفوظة · حالاتُ الشاشة	قارئة	— عرض	—	—	تبقى بقالبِها	لم يبدأ	AC-U1 قشرة · AC-U2 مكوّن · AC-U3 حالات
التمويل والملكية	مركز العمل	مركز العمل	بوابتي	بوابتي	my_portal.php	لا	—	—	منظر	قالبُ السجلِّ الجدوليّ	INJAZ DataGrid · الشريطُ الموحَّد · المرشِّحات · المناظرُ المحفوظة · حالاتُ الشاشة	قارئة	— عرض	—	—	تبقى بقالبِها	لم يبدأ	AC-U1 قشرة · AC-U2 مكوّن · AC-U3 حالات
التمويل والملكية	مركز العمل	مركز العمل	طلباتي	طلباتي	my_requests.php	لا	—	—	فعل	قالبُ الفعلِ والاعتماد	مكوّنُ الانتقال · حوارُ التأكيد · بطاقةُ اعتماد	مستندٌ يُعتمد	— عرض	—	—	تبقى بقالبِها	لم يبدأ	AC-U1 قشرة · AC-U2 مكوّن · AC-U3 حالات
التمويل والملكية	مركز العمل	مركز العمل	المراسلات	المراسلات	messages.php	لا	—	—	شاشةٌ مستقلة	قالبُ السجلِّ الجدوليّ	INJAZ DataGrid · الشريطُ الموحَّد · المرشِّحات · المناظرُ المحفوظة · حالاتُ الشاشة	سجلٌّ أو إعداد	— عرض	—	—	تبقى بقالبِها	لم يبدأ	AC-U1 قشرة · AC-U2 مكوّن · AC-U3 حالات
التمويل والملكية	دورة الإدارة	الممولون والتسجيل	نماذج التمويل ومعالجتها	نماذج التمويل ومعالجتها	fin_models.php	لا	عمليةِ التمويل	ملفُّ عمليةِ التمويل	تبويبٌ في ملفِّ الكيانِ الأم	قالبُ ملفِّ الكيان	تبويباتُ الرحلة · الخطُّ الزمنيّ · وسمُ الحالة · بطاقاتُ مؤشرٍ مضغوطة	مستندٌ يُعتمد	نموذج بمعالجته · ممول	مرشَّحةٌ للدمجِ في ملفِّ الكيانِ الأم	متوسط	تُدمج تبويبًا	لم يبدأ	AC-U1 قشرة · AC-U2 مكوّن · AC-U3 حالات
التمويل والملكية	دورة الإدارة	الممولون والتسجيل	سجل الممولين	سجل الممولين	financiers.php	لا	—	—	شاشةٌ مستقلة	قالبُ السجلِّ الجدوليّ	INJAZ DataGrid · الشريطُ الموحَّد · المرشِّحات · المناظرُ المحفوظة · حالاتُ الشاشة	سجلٌّ أو إعداد	نموذج بمعالجته · ممول	—	—	تبقى بقالبِها	لم يبدأ	AC-U1 قشرة · AC-U2 مكوّن · AC-U3 حالات
التمويل والملكية	دورة الإدارة	الممولون والتسجيل	سجل الشركات والكيانات	سجل الشركات والكيانات	entities.php	لا	—	—	شاشةٌ مستقلة	قالبُ السجلِّ الجدوليّ	INJAZ DataGrid · الشريطُ الموحَّد · المرشِّحات · المناظرُ المحفوظة · حالاتُ الشاشة	سجلٌّ أو إعداد	نموذج بمعالجته · ممول	—	—	تبقى بقالبِها	لم يبدأ	AC-U1 قشرة · AC-U2 مكوّن · AC-U3 حالات
التمويل والملكية	دورة الإدارة	الممولون والتسجيل	علاقات الملكية بين الكيانات	علاقات الملكية بين الكيانات	ownership_links.php	لا	—	—	شاشةٌ مستقلة	قالبُ السجلِّ الجدوليّ	INJAZ DataGrid · الشريطُ الموحَّد · المرشِّحات · المناظرُ المحفوظة · حالاتُ الشاشة	سجلٌّ أو إعداد	نموذج بمعالجته · ممول	—	—	تبقى بقالبِها	لم يبدأ	AC-U1 قشرة · AC-U2 مكوّن · AC-U3 حالات
التمويل والملكية	دورة الإدارة	عمليات التمويل	عمليات التمويل	عمليات التمويل	fin_ops.php	لا	عمليةِ التمويل	ملفُّ عمليةِ التمويل	تبويبٌ في ملفِّ الكيانِ الأم	قالبُ ملفِّ الكيان	تبويباتُ الرحلة · الخطُّ الزمنيّ · وسمُ الحالة · بطاقاتُ مؤشرٍ مضغوطة	سجلٌّ أو إعداد	عقد تمويل موقَّع	مرشَّحةٌ للدمجِ في ملفِّ الكيانِ الأم	متوسط	تُدمج تبويبًا	لم يبدأ	AC-U1 قشرة · AC-U2 مكوّن · AC-U3 حالات
التمويل والملكية	دورة الإدارة	عمليات التمويل	تغيّرات عقود التمويل	تغيّرات عقود التمويل	fin_changes.php	لا	عمليةِ التمويل	ملفُّ عمليةِ التمويل	تبويبٌ في ملفِّ الكيانِ الأم	قالبُ ملفِّ الكيان	تبويباتُ الرحلة · الخطُّ الزمنيّ · وسمُ الحالة · بطاقاتُ مؤشرٍ مضغوطة	سجلٌّ أو إعداد	عقد تمويل موقَّع	مرشَّحةٌ للدمجِ في ملفِّ الكيانِ الأم	متوسط	تُدمج تبويبًا	لم يبدأ	AC-U1 قشرة · AC-U2 مكوّن · AC-U3 حالات
التمويل والملكية	دورة الإدارة	عمليات التمويل	الإهلاك والقيمة الدفترية	الإهلاك والقيمة الدفترية	depreciation.php	لا	—	—	شاشةٌ مستقلة	قالبُ السجلِّ الجدوليّ	INJAZ DataGrid · الشريطُ الموحَّد · المرشِّحات · المناظرُ المحفوظة · حالاتُ الشاشة	سجلٌّ أو إعداد	محضر مطابقة · قيد إهلاك	—	—	تبقى بقالبِها	لم يبدأ	AC-U1 قشرة · AC-U2 مكوّن · AC-U3 حالات
التمويل والملكية	دورة الإدارة	عمليات التمويل	أسعار الصرف	أسعار الصرف	fx_rates.php	لا	—	—	شاشةٌ مستقلة	قالبُ المستندِ ودورتِه	شبكةُ النموذج · شريطُ الحفظِ اللاصق · مكوّنُ الانتقال · سجلُّ النشاط	مستندٌ يُعتمد	سند قبض · مطابقة بنكية	—	—	تبقى بقالبِها	لم يبدأ	AC-U1 قشرة · AC-U2 مكوّن · AC-U3 حالات
التمويل والملكية	دورة الإدارة	عمليات التمويل	بلاغات إدارتي	بلاغات إدارتي	tickets_dept.php	لا	—	—	شاشةٌ مستقلة	قالبُ السجلِّ الجدوليّ	INJAZ DataGrid · الشريطُ الموحَّد · المرشِّحات · المناظرُ المحفوظة · حالاتُ الشاشة	سجلٌّ أو إعداد	طلب تغيير حالة	—	—	تبقى بقالبِها	لم يبدأ	AC-U1 قشرة · AC-U2 مكوّن · AC-U3 حالات
التمويل والملكية	دورة الإدارة	عمليات التمويل	أبلغ عن مشكلة من هذه الشاشة	أبلغ عن مشكلة من هذه الشاشة	ticket_open.php	لا	—	—	شاشةٌ مستقلة	قالبُ السجلِّ الجدوليّ	INJAZ DataGrid · الشريطُ الموحَّد · المرشِّحات · المناظرُ المحفوظة · حالاتُ الشاشة	سجلٌّ أو إعداد	طلب تغيير حالة	—	—	تبقى بقالبِها	لم يبدأ	AC-U1 قشرة · AC-U2 مكوّن · AC-U3 حالات
التمويل والملكية	دورة الإدارة	عمليات التمويل	صندوق ما ينتظر اعتمادي	صندوق ما ينتظر اعتمادي	approvals_inbox.php	لا	—	—	شاشةٌ مستقلة	قالبُ المستندِ ودورتِه	شبكةُ النموذج · شريطُ الحفظِ اللاصق · مكوّنُ الانتقال · سجلُّ النشاط	مستندٌ يُعتمد	محضر اعتماد الموقع	—	—	تبقى بقالبِها	لم يبدأ	AC-U1 قشرة · AC-U2 مكوّن · AC-U3 حالات
التمويل والملكية	دورة الإدارة	عمليات التمويل	ميزانية إدارتي	ميزانية إدارتي	budget_dept.php	نعم — يوحَّد مع نظيرِه	—	—	شاشةٌ مستقلة	قالبُ السجلِّ الجدوليّ	INJAZ DataGrid · الشريطُ الموحَّد · المرشِّحات · المناظرُ المحفوظة · حالاتُ الشاشة	سجلٌّ أو إعداد	تقرير إقفال يومي	—	—	تبقى بقالبِها	لم يبدأ	AC-U1 قشرة · AC-U2 مكوّن · AC-U3 حالات
التمويل والملكية	دورة الإدارة	عمليات التمويل	إنجاز الإدارة	إنجاز الإدارة	dept_achievement.php	لا	—	—	شاشةٌ مستقلة	قالبُ السجلِّ الجدوليّ	INJAZ DataGrid · الشريطُ الموحَّد · المرشِّحات · المناظرُ المحفوظة · حالاتُ الشاشة	سجلٌّ أو إعداد	— قراءةٌ عليا	—	—	تبقى بقالبِها	لم يبدأ	AC-U1 قشرة · AC-U2 مكوّن · AC-U3 حالات
التمويل والملكية	دورة الإدارة	عمليات التمويل	مركز التقارير	مركز التقارير	reports_index.php	لا	—	—	شاشةٌ مستقلة	قالبُ السجلِّ الجدوليّ	INJAZ DataGrid · الشريطُ الموحَّد · المرشِّحات · المناظرُ المحفوظة · حالاتُ الشاشة	سجلٌّ أو إعداد	تقرير إقفال يومي	—	—	تبقى بقالبِها	لم يبدأ	AC-U1 قشرة · AC-U2 مكوّن · AC-U3 حالات
التمويل والملكية	دورة الإدارة	الملكية والضمانات	الأعيان المموَّلة	الأعيان المموَّلة	fin_assets.php	لا	—	—	شاشةٌ مستقلة	قالبُ السجلِّ الجدوليّ	INJAZ DataGrid · الشريطُ الموحَّد · المرشِّحات · المناظرُ المحفوظة · حالاتُ الشاشة	سجلٌّ أو إعداد	ربطٌ بعملية تمويل	—	—	تبقى بقالبِها	لم يبدأ	AC-U1 قشرة · AC-U2 مكوّن · AC-U3 حالات
التمويل والملكية	دورة الإدارة	الملكية والضمانات	سجل المعدات	سجل المعدات	equipments.php	لا	المعدة	—	شاشةٌ مستقلة	قالبُ السجلِّ الجدوليّ	INJAZ DataGrid · الشريطُ الموحَّد · المرشِّحات · المناظرُ المحفوظة · حالاتُ الشاشة	سجلٌّ أو إعداد	تخصيصٌ ميداني	—	—	تبقى بقالبِها	لم يبدأ	AC-U1 قشرة · AC-U2 مكوّن · AC-U3 حالات
التمويل والملكية	دورة الإدارة	الملكية والضمانات	حصص الملكية في الأصول	حصص الملكية في الأصول	shares.php	لا	—	—	شاشةٌ مستقلة	قالبُ السجلِّ الجدوليّ	INJAZ DataGrid · الشريطُ الموحَّد · المرشِّحات · المناظرُ المحفوظة · حالاتُ الشاشة	سجلٌّ أو إعداد	ربطٌ بعملية تمويل	—	—	تبقى بقالبِها	لم يبدأ	AC-U1 قشرة · AC-U2 مكوّن · AC-U3 حالات
التمويل والملكية	دورة الإدارة	الملكية والضمانات	من يرى ماذا ومكوّنات البوابة	من يرى ماذا ومكوّنات البوابة	visibility.php	لا	—	—	شاشةٌ مستقلة	قالبُ السجلِّ الجدوليّ	INJAZ DataGrid · الشريطُ الموحَّد · المرشِّحات · المناظرُ المحفوظة · حالاتُ الشاشة	سجلٌّ أو إعداد	— متابعة	—	—	تبقى بقالبِها	لم يبدأ	AC-U1 قشرة · AC-U2 مكوّن · AC-U3 حالات
التمويل والملكية	دورة الإدارة	الملكية والضمانات	سجل التدقيق والاطّلاع	سجل التدقيق والاطّلاع	audit.php	لا	—	—	شاشةٌ مستقلة	قالبُ السجلِّ الجدوليّ	INJAZ DataGrid · الشريطُ الموحَّد · المرشِّحات · المناظرُ المحفوظة · حالاتُ الشاشة	سجلٌّ أو إعداد	منح رؤية بمدة وسبب	—	—	تبقى بقالبِها	لم يبدأ	AC-U1 قشرة · AC-U2 مكوّن · AC-U3 حالات
التمويل والملكية	دورة الإدارة	الأقساط والسداد	الأقساط ومواعيد السداد	الأقساط ومواعيد السداد	installments.php	لا	—	—	شاشةٌ مستقلة	قالبُ السجلِّ الجدوليّ	INJAZ DataGrid · الشريطُ الموحَّد · المرشِّحات · المناظرُ المحفوظة · حالاتُ الشاشة	سجلٌّ أو إعداد	جدول أقساط · تحميل كلفة	—	—	تبقى بقالبِها	لم يبدأ	AC-U1 قشرة · AC-U2 مكوّن · AC-U3 حالات
التمويل والملكية	دورة الإدارة	الأقساط والسداد	توزيع تكلفة التمويل على المشاريع	توزيع تكلفة التمويل على المشاريع	fin_cost.php	لا	عمليةِ التمويل	ملفُّ عمليةِ التمويل	تبويبٌ في ملفِّ الكيانِ الأم	قالبُ ملفِّ الكيان	تبويباتُ الرحلة · الخطُّ الزمنيّ · وسمُ الحالة · بطاقاتُ مؤشرٍ مضغوطة	سجلٌّ أو إعداد	تحميل على مصدره	مرشَّحةٌ للدمجِ في ملفِّ الكيانِ الأم	متوسط	تُدمج تبويبًا	لم يبدأ	AC-U1 قشرة · AC-U2 مكوّن · AC-U3 حالات
التمويل والملكية	دورة الإدارة	الأقساط والسداد	ذمم الموردين والمستحقات	ذمم الموردين والمستحقات	payables.php	لا	المورد	ملفُّ المورد	تبويبٌ في ملفِّ الكيانِ الأم	قالبُ ملفِّ الكيان	تبويباتُ الرحلة · الخطُّ الزمنيّ · وسمُ الحالة · بطاقاتُ مؤشرٍ مضغوطة	سجلٌّ أو إعداد	تسوية · كشف شهري · أمر دفع	مرشَّحةٌ للدمجِ في ملفِّ الكيانِ الأم	متوسط	تُدمج تبويبًا	لم يبدأ	AC-U1 قشرة · AC-U2 مكوّن · AC-U3 حالات
التمويل والملكية	دورة الإدارة	الأقساط والسداد	طلبات الدفع والسداد	طلبات الدفع والسداد	payments.php	لا	—	—	فعل	قالبُ الفعلِ والاعتماد	مكوّنُ الانتقال · حوارُ التأكيد · بطاقةُ اعتماد	مستندٌ يُعتمد	— طلبات	—	—	تبقى بقالبِها	لم يبدأ	AC-U1 قشرة · AC-U2 مكوّن · AC-U3 حالات
التمويل والملكية	دورة الإدارة	الانحرافات والفروق	انحرافات التمويل — السداد والملكية والتوثيق	انحرافات التمويل — السداد والملكية والتوثيق	fin_deviations.php	لا	عمليةِ التمويل	ملفُّ عمليةِ التمويل	تبويبٌ في ملفِّ الكيانِ الأم	قالبُ ملفِّ الكيان	تبويباتُ الرحلة · الخطُّ الزمنيّ · وسمُ الحالة · بطاقاتُ مؤشرٍ مضغوطة	سجلٌّ أو إعداد	ورقة انحراف مغلقة بقرار	مرشَّحةٌ للدمجِ في ملفِّ الكيانِ الأم	متوسط	تُدمج تبويبًا	لم يبدأ	AC-U1 قشرة · AC-U2 مكوّن · AC-U3 حالات
التمويل والملكية	دورة الإدارة	الانحرافات والفروق	فروق السداد والاستحقاق	فروق السداد والاستحقاق	fin_variance.php	لا	—	—	شاشةٌ مستقلة	قالبُ السجلِّ الجدوليّ	INJAZ DataGrid · الشريطُ الموحَّد · المرشِّحات · المناظرُ المحفوظة · حالاتُ الشاشة	سجلٌّ أو إعداد	ورقة انحراف مغلقة بقرار	—	—	تبقى بقالبِها	لم يبدأ	AC-U1 قشرة · AC-U2 مكوّن · AC-U3 حالات
التمويل والملكية	دورة الإدارة	الانحرافات والفروق	الخروج غير المسجَّل من الملكية	الخروج غير المسجَّل من الملكية	fin_exit.php	لا	—	—	شاشةٌ مستقلة	قالبُ السجلِّ الجدوليّ	INJAZ DataGrid · الشريطُ الموحَّد · المرشِّحات · المناظرُ المحفوظة · حالاتُ الشاشة	سجلٌّ أو إعداد	ورقة انحراف مغلقة بقرار	—	—	تبقى بقالبِها	لم يبدأ	AC-U1 قشرة · AC-U2 مكوّن · AC-U3 حالات
التمويل والملكية	دورة الإدارة	الانحرافات والفروق	عقود تمويل بلا حركة	عقود تمويل بلا حركة	fin_idle.php	لا	—	—	شاشةٌ مستقلة	قالبُ السجلِّ الجدوليّ	INJAZ DataGrid · الشريطُ الموحَّد · المرشِّحات · المناظرُ المحفوظة · حالاتُ الشاشة	سجلٌّ أو إعداد	ورقة انحراف مغلقة بقرار	—	—	تبقى بقالبِها	لم يبدأ	AC-U1 قشرة · AC-U2 مكوّن · AC-U3 حالات
التمويل والملكية	المرجع والإدارة	الحوكمة والضوابط	مخاطر التمويل والملكية	مخاطر التمويل والملكية	risk_dept_cap.php	لا	عمليةِ التمويل	—	منظر	قالبُ السجلِّ الجدوليّ	INJAZ DataGrid · الشريطُ الموحَّد · المرشِّحات · المناظرُ المحفوظة · حالاتُ الشاشة	قارئة	قراءة	—	—	تبقى بقالبِها	لم يبدأ	AC-U1 قشرة · AC-U2 مكوّن · AC-U3 حالات
التمويل والملكية	المرجع والإدارة	التقارير والتحليلات	حوكمة التمويل والملكية	حوكمة التمويل والملكية	gov_dept_cap.php	لا	عمليةِ التمويل	—	منظر	قالبُ السجلِّ الجدوليّ	INJAZ DataGrid · الشريطُ الموحَّد · المرشِّحات · المناظرُ المحفوظة · حالاتُ الشاشة	قارئة	قراءة	—	—	تبقى بقالبِها	لم يبدأ	AC-U1 قشرة · AC-U2 مكوّن · AC-U3 حالات
إدارة الموردين	مركز العمل	مركز العمل	مهامي	مهامي	my_tasks.php	لا	—	—	شاشةٌ مستقلة	قالبُ السجلِّ الجدوليّ	INJAZ DataGrid · الشريطُ الموحَّد · المرشِّحات · المناظرُ المحفوظة · حالاتُ الشاشة	سجلٌّ أو إعداد	— عرض	—	—	تبقى بقالبِها	لم يبدأ	AC-U1 قشرة · AC-U2 مكوّن · AC-U3 حالات
إدارة الموردين	مركز العمل	مركز العمل	إنجازي	إنجازي	my_achievement.php	لا	—	—	منظر	قالبُ السجلِّ الجدوليّ	INJAZ DataGrid · الشريطُ الموحَّد · المرشِّحات · المناظرُ المحفوظة · حالاتُ الشاشة	قارئة	— عرض	—	—	تبقى بقالبِها	لم يبدأ	AC-U1 قشرة · AC-U2 مكوّن · AC-U3 حالات
إدارة الموردين	مركز العمل	مركز العمل	بوابتي	بوابتي	my_portal.php	لا	—	—	منظر	قالبُ السجلِّ الجدوليّ	INJAZ DataGrid · الشريطُ الموحَّد · المرشِّحات · المناظرُ المحفوظة · حالاتُ الشاشة	قارئة	— عرض	—	—	تبقى بقالبِها	لم يبدأ	AC-U1 قشرة · AC-U2 مكوّن · AC-U3 حالات
إدارة الموردين	مركز العمل	مركز العمل	طلباتي	طلباتي	my_requests.php	لا	—	—	فعل	قالبُ الفعلِ والاعتماد	مكوّنُ الانتقال · حوارُ التأكيد · بطاقةُ اعتماد	مستندٌ يُعتمد	— عرض	—	—	تبقى بقالبِها	لم يبدأ	AC-U1 قشرة · AC-U2 مكوّن · AC-U3 حالات
إدارة الموردين	مركز العمل	مركز العمل	المراسلات	المراسلات	messages.php	لا	—	—	شاشةٌ مستقلة	قالبُ السجلِّ الجدوليّ	INJAZ DataGrid · الشريطُ الموحَّد · المرشِّحات · المناظرُ المحفوظة · حالاتُ الشاشة	سجلٌّ أو إعداد	— عرض	—	—	تبقى بقالبِها	لم يبدأ	AC-U1 قشرة · AC-U2 مكوّن · AC-U3 حالات
إدارة الموردين	دورة الإدارة	تسجيل الموردين	سجل الموردين	سجل الموردين	suppliers.php	لا	المورد	—	شاشةٌ مستقلة	قالبُ السجلِّ الجدوليّ	INJAZ DataGrid · الشريطُ الموحَّد · المرشِّحات · المناظرُ المحفوظة · حالاتُ الشاشة	سجلٌّ أو إعداد	محضر مقارنة · قرار ترسية	—	—	تبقى بقالبِها	لم يبدأ	AC-U1 قشرة · AC-U2 مكوّن · AC-U3 حالات
إدارة الموردين	دورة الإدارة	تسجيل الموردين	حسابات الموردين البنكية	حسابات الموردين البنكية	supplier_bank.php	لا	المورد	ملفُّ المورد	تبويبٌ في ملفِّ الكيانِ الأم	قالبُ ملفِّ الكيان	تبويباتُ الرحلة · الخطُّ الزمنيّ · وسمُ الحالة · بطاقاتُ مؤشرٍ مضغوطة	سجلٌّ أو إعداد	ملف مورد مكتمل	مرشَّحةٌ للدمجِ في ملفِّ الكيانِ الأم	متوسط	تُدمج تبويبًا	لم يبدأ	AC-U1 قشرة · AC-U2 مكوّن · AC-U3 حالات
إدارة الموردين	دورة الإدارة	التأهيل والقدرة	معدات المورد ومالكوها	معدات المورد ومالكوها	supplier_equip.php	لا	المورد	ملفُّ المورد	تبويبٌ في ملفِّ الكيانِ الأم	قالبُ ملفِّ الكيان	تبويباتُ الرحلة · الخطُّ الزمنيّ · وسمُ الحالة · بطاقاتُ مؤشرٍ مضغوطة	سجلٌّ أو إعداد	حاويةُ كلِّ معدة	مرشَّحةٌ للدمجِ في ملفِّ الكيانِ الأم	متوسط	تُدمج تبويبًا	لم يبدأ	AC-U1 قشرة · AC-U2 مكوّن · AC-U3 حالات
إدارة الموردين	دورة الإدارة	التأهيل والقدرة	خطة معدات المورد المتعهَّد بها	خطة معدات المورد المتعهَّد بها	supplier_plan.php	لا	المورد	ملفُّ المورد	تبويبٌ في ملفِّ الكيانِ الأم	قالبُ ملفِّ الكيان	تبويباتُ الرحلة · الخطُّ الزمنيّ · وسمُ الحالة · بطاقاتُ مؤشرٍ مضغوطة	مستندٌ يُعتمد	حاويةُ كلِّ معدة	مرشَّحةٌ للدمجِ في ملفِّ الكيانِ الأم	متوسط	تُدمج تبويبًا	لم يبدأ	AC-U1 قشرة · AC-U2 مكوّن · AC-U3 حالات
إدارة الموردين	دورة الإدارة	التأهيل والقدرة	طاقة المورد وجاهزيته ومهلة الإحلال	طاقة المورد وجاهزيته ومهلة الإحلال	supplier_capacity.php	لا	المورد	ملفُّ المورد	تبويبٌ في ملفِّ الكيانِ الأم	قالبُ ملفِّ الكيان	تبويباتُ الرحلة · الخطُّ الزمنيّ · وسمُ الحالة · بطاقاتُ مؤشرٍ مضغوطة	سجلٌّ أو إعداد	عقد مورد · حصة مخصَّصة	مرشَّحةٌ للدمجِ في ملفِّ الكيانِ الأم	متوسط	تُدمج تبويبًا	لم يبدأ	AC-U1 قشرة · AC-U2 مكوّن · AC-U3 حالات
إدارة الموردين	دورة الإدارة	العقود والحصص	عقود الموردين	عقود الموردين	supplier_contracts.php	لا	المورد	ملفُّ المورد	تبويبٌ في ملفِّ الكيانِ الأم	قالبُ ملفِّ الكيان	تبويباتُ الرحلة · الخطُّ الزمنيّ · وسمُ الحالة · بطاقاتُ مؤشرٍ مضغوطة	سجلٌّ أو إعداد	عقد مورد · حصة مخصَّصة	مرشَّحةٌ للدمجِ في ملفِّ الكيانِ الأم	متوسط	تُدمج تبويبًا	لم يبدأ	AC-U1 قشرة · AC-U2 مكوّن · AC-U3 حالات
إدارة الموردين	دورة الإدارة	العقود والحصص	قواعد التحميل والجزاءات على المورد	قواعد التحميل والجزاءات على المورد	supplier_rules.php	لا	المورد	ملفُّ المورد	تبويبٌ في ملفِّ الكيانِ الأم	قالبُ ملفِّ الكيان	تبويباتُ الرحلة · الخطُّ الزمنيّ · وسمُ الحالة · بطاقاتُ مؤشرٍ مضغوطة	سجلٌّ أو إعداد	عقد مورد · حصة مخصَّصة	مرشَّحةٌ للدمجِ في ملفِّ الكيانِ الأم	متوسط	تُدمج تبويبًا	لم يبدأ	AC-U1 قشرة · AC-U2 مكوّن · AC-U3 حالات
إدارة الموردين	دورة الإدارة	توزيع الحصص والحاويات	حصص الموردين من العقود	حصص الموردين من العقود	supplier_quota.php	لا	المورد	ملفُّ المورد	تبويبٌ في ملفِّ الكيانِ الأم	قالبُ ملفِّ الكيان	تبويباتُ الرحلة · الخطُّ الزمنيّ · وسمُ الحالة · بطاقاتُ مؤشرٍ مضغوطة	مستندٌ يُعتمد	خطة شهرية معتمدة	مرشَّحةٌ للدمجِ في ملفِّ الكيانِ الأم	متوسط	تُدمج تبويبًا	لم يبدأ	AC-U1 قشرة · AC-U2 مكوّن · AC-U3 حالات
إدارة الموردين	دورة الإدارة	توزيع الحصص والحاويات	توزيع وحدات المورد على معداته	توزيع وحدات المورد على معداته	equipment_quota.php	لا	المورد	ملفُّ المورد	تبويبٌ في ملفِّ الكيانِ الأم	قالبُ ملفِّ الكيان	تبويباتُ الرحلة · الخطُّ الزمنيّ · وسمُ الحالة · بطاقاتُ مؤشرٍ مضغوطة	سجلٌّ أو إعداد	خطة شهرية معتمدة	مرشَّحةٌ للدمجِ في ملفِّ الكيانِ الأم	متوسط	تُدمج تبويبًا	لم يبدأ	AC-U1 قشرة · AC-U2 مكوّن · AC-U3 حالات
إدارة الموردين	دورة الإدارة	توزيع الحصص والحاويات	تسليم الحصص بين الموردين	تسليم الحصص بين الموردين	sup_handover.php	لا	المورد	ملفُّ المورد	تبويبٌ في ملفِّ الكيانِ الأم	قالبُ ملفِّ الكيان	تبويباتُ الرحلة · الخطُّ الزمنيّ · وسمُ الحالة · بطاقاتُ مؤشرٍ مضغوطة	مستندٌ يُعتمد	◆ انتقالُ حالة	مستندٌ يُعتمد بلا مستندٍ رسميٍّ مسمًّى · مرشَّحةٌ للدمجِ في ملفِّ الكيانِ الأم	عالٍ	تُدمج تبويبًا	لم يبدأ	AC-U1 قشرة · AC-U2 مكوّن · AC-U3 حالات
إدارة الموردين	دورة الإدارة	التنفيذ والاستحقاق	دفتر استهلاك حصص الموردين	دفتر استهلاك حصص الموردين	quota_ledger.php	لا	المورد	ملفُّ المورد	تبويبٌ في ملفِّ الكيانِ الأم	قالبُ ملفِّ الكيان	تبويباتُ الرحلة · الخطُّ الزمنيّ · وسمُ الحالة · بطاقاتُ مؤشرٍ مضغوطة	سجلٌّ أو إعداد	محضر اعتماد حصة	مرشَّحةٌ للدمجِ في ملفِّ الكيانِ الأم	متوسط	تُدمج تبويبًا	لم يبدأ	AC-U1 قشرة · AC-U2 مكوّن · AC-U3 حالات
إدارة الموردين	دورة الإدارة	التنفيذ والاستحقاق	أداء الموردين وجاهزيتهم	أداء الموردين وجاهزيتهم	supplier_perf.php	لا	المورد	ملفُّ المورد	تبويبٌ في ملفِّ الكيانِ الأم	قالبُ ملفِّ الكيان	تبويباتُ الرحلة · الخطُّ الزمنيّ · وسمُ الحالة · بطاقاتُ مؤشرٍ مضغوطة	سجلٌّ أو إعداد	محضر اعتماد حصة	مرشَّحةٌ للدمجِ في ملفِّ الكيانِ الأم	متوسط	تُدمج تبويبًا	لم يبدأ	AC-U1 قشرة · AC-U2 مكوّن · AC-U3 حالات
إدارة الموردين	دورة الإدارة	التنفيذ والاستحقاق	اعتماد وحدات الموردين	اعتماد وحدات الموردين	unit_supplier_approve.php	لا	المورد	ملفُّ المورد	تبويبٌ في ملفِّ الكيانِ الأم	قالبُ ملفِّ الكيان	تبويباتُ الرحلة · الخطُّ الزمنيّ · وسمُ الحالة · بطاقاتُ مؤشرٍ مضغوطة	مستندٌ يُعتمد	◆ انتقالُ حالة	مستندٌ يُعتمد بلا مستندٍ رسميٍّ مسمًّى · مرشَّحةٌ للدمجِ في ملفِّ الكيانِ الأم	عالٍ	تُدمج تبويبًا	لم يبدأ	AC-U1 قشرة · AC-U2 مكوّن · AC-U3 حالات
إدارة الموردين	دورة الإدارة	التنفيذ والاستحقاق	كشف التايم شيت — المورد	كشف التايم شيت — المورد	unit_statement_supplier.php	لا	المورد	—	منظر	قالبُ السجلِّ الجدوليّ	INJAZ DataGrid · الشريطُ الموحَّد · المرشِّحات · المناظرُ المحفوظة · حالاتُ الشاشة	قارئة	قراءة	شاشةٌ قارئةٌ في طبقةِ دورةِ الإدارة	متوسط	تُحوَّل منظرًا	لم يبدأ	AC-U1 قشرة · AC-U2 مكوّن · AC-U3 حالات
إدارة الموردين	دورة الإدارة	التسويات والصرف	تسويات ومستحقات الموردين	تسويات ومستحقات الموردين	supplier_settle.php	لا	المورد	ملفُّ المورد	تبويبٌ في ملفِّ الكيانِ الأم	قالبُ ملفِّ الكيان	تبويباتُ الرحلة · الخطُّ الزمنيّ · وسمُ الحالة · بطاقاتُ مؤشرٍ مضغوطة	مستندٌ يُعتمد	تسوية · كشف شهري · أمر دفع	مرشَّحةٌ للدمجِ في ملفِّ الكيانِ الأم	متوسط	تُدمج تبويبًا	لم يبدأ	AC-U1 قشرة · AC-U2 مكوّن · AC-U3 حالات
إدارة الموردين	دورة الإدارة	التسويات والصرف	كشف حساب المورد الشهري	كشف حساب المورد الشهري	supplier_stmt.php	لا	المورد	ملفُّ المورد	تبويبٌ في ملفِّ الكيانِ الأم	قالبُ ملفِّ الكيان	تبويباتُ الرحلة · الخطُّ الزمنيّ · وسمُ الحالة · بطاقاتُ مؤشرٍ مضغوطة	سجلٌّ أو إعداد	تسوية · كشف شهري · أمر دفع	مرشَّحةٌ للدمجِ في ملفِّ الكيانِ الأم	متوسط	تُدمج تبويبًا	لم يبدأ	AC-U1 قشرة · AC-U2 مكوّن · AC-U3 حالات
إدارة الموردين	دورة الإدارة	التسويات والصرف	سلفيات الموردين	سلفيات الموردين	supplier_advances.php	لا	المورد	ملفُّ المورد	تبويبٌ في ملفِّ الكيانِ الأم	قالبُ ملفِّ الكيان	تبويباتُ الرحلة · الخطُّ الزمنيّ · وسمُ الحالة · بطاقاتُ مؤشرٍ مضغوطة	سجلٌّ أو إعداد	تسوية · كشف شهري · أمر دفع	مرشَّحةٌ للدمجِ في ملفِّ الكيانِ الأم	متوسط	تُدمج تبويبًا	لم يبدأ	AC-U1 قشرة · AC-U2 مكوّن · AC-U3 حالات
إدارة الموردين	دورة الإدارة	التسويات والصرف	توليد التزامات عقد المورد	توليد التزامات عقد المورد	ap_oblig_gen.php	لا	المورد	ملفُّ المورد	تبويبٌ في ملفِّ الكيانِ الأم	قالبُ ملفِّ الكيان	تبويباتُ الرحلة · الخطُّ الزمنيّ · وسمُ الحالة · بطاقاتُ مؤشرٍ مضغوطة	مستندٌ يُعتمد	◆ انتقالُ حالة	مستندٌ يُعتمد بلا مستندٍ رسميٍّ مسمًّى · مرشَّحةٌ للدمجِ في ملفِّ الكيانِ الأم	عالٍ	تُدمج تبويبًا	لم يبدأ	AC-U1 قشرة · AC-U2 مكوّن · AC-U3 حالات
إدارة الموردين	دورة الإدارة	تقييم الأداء والإنهاء	تقييم المورد الدوري	تقييم المورد الدوري	supplier_evaluation.php	لا	المورد	ملفُّ المورد	تبويبٌ في ملفِّ الكيانِ الأم	قالبُ ملفِّ الكيان	تبويباتُ الرحلة · الخطُّ الزمنيّ · وسمُ الحالة · بطاقاتُ مؤشرٍ مضغوطة	مستندٌ يُعتمد	تقييم دوري · محضر تصفية	مرشَّحةٌ للدمجِ في ملفِّ الكيانِ الأم	متوسط	تُدمج تبويبًا	لم يبدأ	AC-U1 قشرة · AC-U2 مكوّن · AC-U3 حالات
إدارة الموردين	دورة الإدارة	تقييم الأداء والإنهاء	تصفية إنهاء عقد مورد	تصفية إنهاء عقد مورد	supplier_closure.php	لا	—	—	شاشةٌ مستقلة	قالبُ المستندِ ودورتِه	شبكةُ النموذج · شريطُ الحفظِ اللاصق · مكوّنُ الانتقال · سجلُّ النشاط	مستندٌ يُعتمد	تقييم دوري · محضر تصفية	—	—	تبقى بقالبِها	لم يبدأ	AC-U1 قشرة · AC-U2 مكوّن · AC-U3 حالات
إدارة الموردين	المرجع والإدارة	الحوكمة والضوابط	مخاطر الموردين	مخاطر الموردين	risk_dept_sup.php	لا	المورد	—	منظر	قالبُ السجلِّ الجدوليّ	INJAZ DataGrid · الشريطُ الموحَّد · المرشِّحات · المناظرُ المحفوظة · حالاتُ الشاشة	قارئة	قراءة	—	—	تبقى بقالبِها	لم يبدأ	AC-U1 قشرة · AC-U2 مكوّن · AC-U3 حالات
إدارة الموردين	المرجع والإدارة	الحوكمة والضوابط	حوكمة إدارة الموردين	حوكمة إدارة الموردين	gov_dept_sup.php	لا	المورد	—	منظر	قالبُ السجلِّ الجدوليّ	INJAZ DataGrid · الشريطُ الموحَّد · المرشِّحات · المناظرُ المحفوظة · حالاتُ الشاشة	قارئة	قراءة	—	—	تبقى بقالبِها	لم يبدأ	AC-U1 قشرة · AC-U2 مكوّن · AC-U3 حالات
إدارة الأسطول	مركز العمل	مركز العمل	مهامي	مهامي	my_tasks.php	لا	—	—	شاشةٌ مستقلة	قالبُ السجلِّ الجدوليّ	INJAZ DataGrid · الشريطُ الموحَّد · المرشِّحات · المناظرُ المحفوظة · حالاتُ الشاشة	سجلٌّ أو إعداد	— عرض	—	—	تبقى بقالبِها	لم يبدأ	AC-U1 قشرة · AC-U2 مكوّن · AC-U3 حالات
إدارة الأسطول	مركز العمل	مركز العمل	إنجازي	إنجازي	my_achievement.php	لا	—	—	منظر	قالبُ السجلِّ الجدوليّ	INJAZ DataGrid · الشريطُ الموحَّد · المرشِّحات · المناظرُ المحفوظة · حالاتُ الشاشة	قارئة	— عرض	—	—	تبقى بقالبِها	لم يبدأ	AC-U1 قشرة · AC-U2 مكوّن · AC-U3 حالات
إدارة الأسطول	مركز العمل	مركز العمل	بوابتي	بوابتي	my_portal.php	لا	—	—	منظر	قالبُ السجلِّ الجدوليّ	INJAZ DataGrid · الشريطُ الموحَّد · المرشِّحات · المناظرُ المحفوظة · حالاتُ الشاشة	قارئة	— عرض	—	—	تبقى بقالبِها	لم يبدأ	AC-U1 قشرة · AC-U2 مكوّن · AC-U3 حالات
إدارة الأسطول	مركز العمل	مركز العمل	طلباتي	طلباتي	my_requests.php	لا	—	—	فعل	قالبُ الفعلِ والاعتماد	مكوّنُ الانتقال · حوارُ التأكيد · بطاقةُ اعتماد	مستندٌ يُعتمد	— عرض	—	—	تبقى بقالبِها	لم يبدأ	AC-U1 قشرة · AC-U2 مكوّن · AC-U3 حالات
إدارة الأسطول	مركز العمل	مركز العمل	المراسلات	المراسلات	messages.php	لا	—	—	شاشةٌ مستقلة	قالبُ السجلِّ الجدوليّ	INJAZ DataGrid · الشريطُ الموحَّد · المرشِّحات · المناظرُ المحفوظة · حالاتُ الشاشة	سجلٌّ أو إعداد	— عرض	—	—	تبقى بقالبِها	لم يبدأ	AC-U1 قشرة · AC-U2 مكوّن · AC-U3 حالات
إدارة الأسطول	مركز العمل	مركز العمل	جاهزية المعدات للتشغيل	جاهزية المعدات للتشغيل	readiness.php	لا	المعدة	—	شاشةٌ مستقلة	قالبُ المستندِ ودورتِه	شبكةُ النموذج · شريطُ الحفظِ اللاصق · مكوّنُ الانتقال · سجلُّ النشاط	مستندٌ يُعتمد	تخصيصٌ ميداني	—	—	تبقى بقالبِها	لم يبدأ	AC-U1 قشرة · AC-U2 مكوّن · AC-U3 حالات
إدارة الأسطول	مركز العمل	البلاغات والمهل	بلاغات إدارتي	بلاغات إدارتي	tickets_dept.php	لا	—	—	شاشةٌ مستقلة	قالبُ السجلِّ الجدوليّ	INJAZ DataGrid · الشريطُ الموحَّد · المرشِّحات · المناظرُ المحفوظة · حالاتُ الشاشة	سجلٌّ أو إعداد	طلب تغيير حالة	—	—	تبقى بقالبِها	لم يبدأ	AC-U1 قشرة · AC-U2 مكوّن · AC-U3 حالات
إدارة الأسطول	مركز العمل	البلاغات والمهل	أبلغ عن مشكلة من هذه الشاشة	أبلغ عن مشكلة من هذه الشاشة	ticket_open.php	لا	—	—	شاشةٌ مستقلة	قالبُ السجلِّ الجدوليّ	INJAZ DataGrid · الشريطُ الموحَّد · المرشِّحات · المناظرُ المحفوظة · حالاتُ الشاشة	سجلٌّ أو إعداد	طلب تغيير حالة	—	—	تبقى بقالبِها	لم يبدأ	AC-U1 قشرة · AC-U2 مكوّن · AC-U3 حالات
إدارة الأسطول	مركز العمل	البلاغات والمهل	صندوق ما ينتظر اعتمادي	صندوق ما ينتظر اعتمادي	approvals_inbox.php	لا	—	—	شاشةٌ مستقلة	قالبُ المستندِ ودورتِه	شبكةُ النموذج · شريطُ الحفظِ اللاصق · مكوّنُ الانتقال · سجلُّ النشاط	مستندٌ يُعتمد	محضر اعتماد الموقع	—	—	تبقى بقالبِها	لم يبدأ	AC-U1 قشرة · AC-U2 مكوّن · AC-U3 حالات
إدارة الأسطول	دورة الإدارة	سجل الأصول	سجل المعدات	سجل المعدات	equipments.php	لا	المعدة	—	شاشةٌ مستقلة	قالبُ السجلِّ الجدوليّ	INJAZ DataGrid · الشريطُ الموحَّد · المرشِّحات · المناظرُ المحفوظة · حالاتُ الشاشة	سجلٌّ أو إعداد	تخصيصٌ ميداني	—	—	تبقى بقالبِها	لم يبدأ	AC-U1 قشرة · AC-U2 مكوّن · AC-U3 حالات
إدارة الأسطول	دورة الإدارة	سجل الأصول	جسر ترقيم المعدات	جسر ترقيم المعدات	code_bridge.php	لا	المعدة	—	شاشةٌ مستقلة	قالبُ السجلِّ الجدوليّ	INJAZ DataGrid · الشريطُ الموحَّد · المرشِّحات · المناظرُ المحفوظة · حالاتُ الشاشة	سجلٌّ أو إعداد	استمارة إدخال · كرت معدة	—	—	تبقى بقالبِها	لم يبدأ	AC-U1 قشرة · AC-U2 مكوّن · AC-U3 حالات
إدارة الأسطول	دورة الإدارة	سجل الأصول	أنواع المعدات وفئاتها	أنواع المعدات وفئاتها	equip_types.php	لا	المعدة	—	شاشةٌ مستقلة	قالبُ السجلِّ الجدوليّ	INJAZ DataGrid · الشريطُ الموحَّد · المرشِّحات · المناظرُ المحفوظة · حالاتُ الشاشة	سجلٌّ أو إعداد	استمارة إدخال · كرت معدة	—	—	تبقى بقالبِها	لم يبدأ	AC-U1 قشرة · AC-U2 مكوّن · AC-U3 حالات
إدارة الأسطول	دورة الإدارة	سجل الأصول	موديلات المعدات ومواصفاتها	موديلات المعدات ومواصفاتها	equip_models.php	لا	المعدة	—	شاشةٌ مستقلة	قالبُ السجلِّ الجدوليّ	INJAZ DataGrid · الشريطُ الموحَّد · المرشِّحات · المناظرُ المحفوظة · حالاتُ الشاشة	سجلٌّ أو إعداد	أمر عمل معتمد	—	—	تبقى بقالبِها	لم يبدأ	AC-U1 قشرة · AC-U2 مكوّن · AC-U3 حالات
إدارة الأسطول	دورة الإدارة	سجل الأصول	مصدر المعدة ونمط تملّكها	مصدر المعدة ونمط تملّكها	equipment_sourcing.php	لا	المعدة	ملفُّ المعدة	تبويبٌ في ملفِّ الكيانِ الأم	قالبُ ملفِّ الكيان	تبويباتُ الرحلة · الخطُّ الزمنيّ · وسمُ الحالة · بطاقاتُ مؤشرٍ مضغوطة	سجلٌّ أو إعداد	استمارة إدخال · كرت معدة	مرشَّحةٌ للدمجِ في ملفِّ الكيانِ الأم	متوسط	تُدمج تبويبًا	لم يبدأ	AC-U1 قشرة · AC-U2 مكوّن · AC-U3 حالات
إدارة الأسطول	دورة الإدارة	سجل الأصول	ملّاك الأسطول	ملّاك الأسطول	fleet_owners.php	لا	—	—	شاشةٌ مستقلة	قالبُ السجلِّ الجدوليّ	INJAZ DataGrid · الشريطُ الموحَّد · المرشِّحات · المناظرُ المحفوظة · حالاتُ الشاشة	سجلٌّ أو إعداد	حاويةُ كلِّ معدة	—	—	تبقى بقالبِها	لم يبدأ	AC-U1 قشرة · AC-U2 مكوّن · AC-U3 حالات
إدارة الأسطول	دورة الإدارة	سجل الأصول	الأعيان المموَّلة	الأعيان المموَّلة	fin_assets.php	لا	—	—	شاشةٌ مستقلة	قالبُ السجلِّ الجدوليّ	INJAZ DataGrid · الشريطُ الموحَّد · المرشِّحات · المناظرُ المحفوظة · حالاتُ الشاشة	سجلٌّ أو إعداد	ربطٌ بعملية تمويل	—	—	تبقى بقالبِها	لم يبدأ	AC-U1 قشرة · AC-U2 مكوّن · AC-U3 حالات
إدارة الأسطول	دورة الإدارة	سجل الأصول	حصص الملكية في الأصول	حصص الملكية في الأصول	shares.php	لا	—	—	شاشةٌ مستقلة	قالبُ السجلِّ الجدوليّ	INJAZ DataGrid · الشريطُ الموحَّد · المرشِّحات · المناظرُ المحفوظة · حالاتُ الشاشة	سجلٌّ أو إعداد	ربطٌ بعملية تمويل	—	—	تبقى بقالبِها	لم يبدأ	AC-U1 قشرة · AC-U2 مكوّن · AC-U3 حالات
إدارة الأسطول	دورة الإدارة	وثائق الأصول وصلاحيتها	قراءات العدّادات	قراءات العدّادات	equip_meters.php	لا	—	—	شاشةٌ مستقلة	قالبُ السجلِّ الجدوليّ	INJAZ DataGrid · الشريطُ الموحَّد · المرشِّحات · المناظرُ المحفوظة · حالاتُ الشاشة	سجلٌّ أو إعداد	خطة وقائية نافذة	—	—	تبقى بقالبِها	لم يبدأ	AC-U1 قشرة · AC-U2 مكوّن · AC-U3 حالات
إدارة الأسطول	دورة الإدارة	وثائق الأصول وصلاحيتها	تسجيل التايم شيت والإنتاج	تسجيل التايم شيت والإنتاج	timesheet.php	لا	—	—	شاشةٌ مستقلة	قالبُ المستندِ ودورتِه	شبكةُ النموذج · شريطُ الحفظِ اللاصق · مكوّنُ الانتقال · سجلُّ النشاط	مستندٌ يُعتمد	صف وحدة · سجل قياس	—	—	تبقى بقالبِها	لم يبدأ	AC-U1 قشرة · AC-U2 مكوّن · AC-U3 حالات
إدارة الأسطول	دورة الإدارة	وثائق الأصول وصلاحيتها	وثائق المعدات والمشغّلين	وثائق المعدات والمشغّلين	equip_docs.php	لا	المشغّل	ملفُّ المشغّل	تبويبٌ في ملفِّ الكيانِ الأم	قالبُ ملفِّ الكيان	تبويباتُ الرحلة · الخطُّ الزمنيّ · وسمُ الحالة · بطاقاتُ مؤشرٍ مضغوطة	سجلٌّ أو إعداد	تخصيصٌ ميداني	مرشَّحةٌ للدمجِ في ملفِّ الكيانِ الأم	متوسط	تُدمج تبويبًا	لم يبدأ	AC-U1 قشرة · AC-U2 مكوّن · AC-U3 حالات
إدارة الأسطول	دورة الإدارة	الجاهزية التشغيلية	الفحص الفني اليومي	الفحص الفني اليومي	inspections.php	لا	—	—	شاشةٌ مستقلة	قالبُ السجلِّ الجدوليّ	INJAZ DataGrid · الشريطُ الموحَّد · المرشِّحات · المناظرُ المحفوظة · حالاتُ الشاشة	سجلٌّ أو إعداد	طلب تغيير حالة	—	—	تبقى بقالبِها	لم يبدأ	AC-U1 قشرة · AC-U2 مكوّن · AC-U3 حالات
إدارة الأسطول	دورة الإدارة	الجاهزية التشغيلية	أوامر الصيانة	أوامر الصيانة	orders.php	لا	—	—	شاشةٌ مستقلة	قالبُ السجلِّ الجدوليّ	INJAZ DataGrid · الشريطُ الموحَّد · المرشِّحات · المناظرُ المحفوظة · حالاتُ الشاشة	سجلٌّ أو إعداد	طلب تغيير حالة	—	—	تبقى بقالبِها	لم يبدأ	AC-U1 قشرة · AC-U2 مكوّن · AC-U3 حالات
إدارة الأسطول	دورة الإدارة	الجاهزية التشغيلية	خطط الصيانة الوقائية	خطط الصيانة الوقائية	preventive.php	لا	—	—	شاشةٌ مستقلة	قالبُ السجلِّ الجدوليّ	INJAZ DataGrid · الشريطُ الموحَّد · المرشِّحات · المناظرُ المحفوظة · حالاتُ الشاشة	سجلٌّ أو إعداد	خطة وقائية نافذة	—	—	تبقى بقالبِها	لم يبدأ	AC-U1 قشرة · AC-U2 مكوّن · AC-U3 حالات
إدارة الأسطول	دورة الإدارة	الجاهزية التشغيلية	توزيع المعدات والمشغّلين	توزيع المعدات والمشغّلين	distribution.php	لا	المشغّل	ملفُّ المشغّل	تبويبٌ في ملفِّ الكيانِ الأم	قالبُ ملفِّ الكيان	تبويباتُ الرحلة · الخطُّ الزمنيّ · وسمُ الحالة · بطاقاتُ مؤشرٍ مضغوطة	سجلٌّ أو إعداد	— عرض	مرشَّحةٌ للدمجِ في ملفِّ الكيانِ الأم	متوسط	تُدمج تبويبًا	لم يبدأ	AC-U1 قشرة · AC-U2 مكوّن · AC-U3 حالات
إدارة الأسطول	دورة الإدارة	الجاهزية التشغيلية	إسناد المعدات للوحدات	إسناد المعدات للوحدات	unit_assign.php	لا	المعدة	—	شاشةٌ مستقلة	قالبُ السجلِّ الجدوليّ	INJAZ DataGrid · الشريطُ الموحَّد · المرشِّحات · المناظرُ المحفوظة · حالاتُ الشاشة	سجلٌّ أو إعداد	أمر نقل موارد	—	—	تبقى بقالبِها	لم يبدأ	AC-U1 قشرة · AC-U2 مكوّن · AC-U3 حالات
إدارة الأسطول	دورة الإدارة	الجاهزية التشغيلية	أوامر الترحيل	أوامر الترحيل	transfer_ord.php	لا	—	—	شاشةٌ مستقلة	قالبُ المستندِ ودورتِه	شبكةُ النموذج · شريطُ الحفظِ اللاصق · مكوّنُ الانتقال · سجلُّ النشاط	مستندٌ يُعتمد	طلب تغيير حالة	—	—	تبقى بقالبِها	لم يبدأ	AC-U1 قشرة · AC-U2 مكوّن · AC-U3 حالات
إدارة الأسطول	دورة الإدارة	ساعات التشغيل وأساس الإهلاك	ربط الأصول بساعات التشغيل	ربط الأصول بساعات التشغيل	asset_hours_link.php	لا	—	—	شاشةٌ مستقلة	قالبُ المستندِ ودورتِه	شبكةُ النموذج · شريطُ الحفظِ اللاصق · مكوّنُ الانتقال · سجلُّ النشاط	مستندٌ يُعتمد	◆ انتقالُ حالة	مستندٌ يُعتمد بلا مستندٍ رسميٍّ مسمًّى	عالٍ	تبقى بقالبِها	لم يبدأ	AC-U1 قشرة · AC-U2 مكوّن · AC-U3 حالات
إدارة الأسطول	دورة الإدارة	ساعات التشغيل وأساس الإهلاك	احتساب الإهلاك الدوري	احتساب الإهلاك الدوري	depr_run.php	لا	—	—	شاشةٌ مستقلة	قالبُ المستندِ ودورتِه	شبكةُ النموذج · شريطُ الحفظِ اللاصق · مكوّنُ الانتقال · سجلُّ النشاط	مستندٌ يُعتمد	◆ انتقالُ حالة	مستندٌ يُعتمد بلا مستندٍ رسميٍّ مسمًّى	عالٍ	تبقى بقالبِها	لم يبدأ	AC-U1 قشرة · AC-U2 مكوّن · AC-U3 حالات
إدارة الأسطول	دورة الإدارة	الأعطال والاعتمادية	تصنيف الأعطال وأسبابها	تصنيف الأعطال وأسبابها	failures.php	لا	—	—	شاشةٌ مستقلة	قالبُ السجلِّ الجدوليّ	INJAZ DataGrid · الشريطُ الموحَّد · المرشِّحات · المناظرُ المحفوظة · حالاتُ الشاشة	سجلٌّ أو إعداد	تقرير انحراف	—	—	تبقى بقالبِها	لم يبدأ	AC-U1 قشرة · AC-U2 مكوّن · AC-U3 حالات
إدارة الأسطول	دورة الإدارة	الإهلاك والاستبعاد	مطابقة سجل الأصول بالتشغيل	مطابقة سجل الأصول بالتشغيل	asset_recon.php	لا	—	—	شاشةٌ مستقلة	قالبُ السجلِّ الجدوليّ	INJAZ DataGrid · الشريطُ الموحَّد · المرشِّحات · المناظرُ المحفوظة · حالاتُ الشاشة	سجلٌّ أو إعداد	محضر مطابقة · قيد إهلاك	—	—	تبقى بقالبِها	لم يبدأ	AC-U1 قشرة · AC-U2 مكوّن · AC-U3 حالات
إدارة الأسطول	دورة الإدارة	الإهلاك والاستبعاد	الإهلاك والقيمة الدفترية	الإهلاك والقيمة الدفترية	depreciation.php	لا	—	—	شاشةٌ مستقلة	قالبُ السجلِّ الجدوليّ	INJAZ DataGrid · الشريطُ الموحَّد · المرشِّحات · المناظرُ المحفوظة · حالاتُ الشاشة	سجلٌّ أو إعداد	محضر مطابقة · قيد إهلاك	—	—	تبقى بقالبِها	لم يبدأ	AC-U1 قشرة · AC-U2 مكوّن · AC-U3 حالات
إدارة الأسطول	دورة الإدارة	الإهلاك والاستبعاد	سياسات الإهلاك المعتمدة	سياسات الإهلاك المعتمدة	dep_profiles.php	لا	—	—	شاشةٌ مستقلة	قالبُ المستندِ ودورتِه	شبكةُ النموذج · شريطُ الحفظِ اللاصق · مكوّنُ الانتقال · سجلُّ النشاط	مستندٌ يُعتمد	محضر مطابقة · قيد إهلاك	—	—	تبقى بقالبِها	لم يبدأ	AC-U1 قشرة · AC-U2 مكوّن · AC-U3 حالات
إدارة الأسطول	المرجع والإدارة	الميزانية ومؤشرات الأداء	ميزانية إدارتي	ميزانية إدارتي	budget_dept.php	نعم — يوحَّد مع نظيرِه	—	—	شاشةٌ مستقلة	قالبُ السجلِّ الجدوليّ	INJAZ DataGrid · الشريطُ الموحَّد · المرشِّحات · المناظرُ المحفوظة · حالاتُ الشاشة	سجلٌّ أو إعداد	تقرير إقفال يومي	—	—	تبقى بقالبِها	لم يبدأ	AC-U1 قشرة · AC-U2 مكوّن · AC-U3 حالات
إدارة الأسطول	المرجع والإدارة	الميزانية ومؤشرات الأداء	إنجاز الإدارة	إنجاز الإدارة	dept_achievement.php	لا	—	—	شاشةٌ مستقلة	قالبُ السجلِّ الجدوليّ	INJAZ DataGrid · الشريطُ الموحَّد · المرشِّحات · المناظرُ المحفوظة · حالاتُ الشاشة	سجلٌّ أو إعداد	— قراءةٌ عليا	—	—	تبقى بقالبِها	لم يبدأ	AC-U1 قشرة · AC-U2 مكوّن · AC-U3 حالات
إدارة الأسطول	المرجع والإدارة	الميزانية ومؤشرات الأداء	مركز التقارير	مركز التقارير	reports_index.php	لا	—	—	شاشةٌ مستقلة	قالبُ السجلِّ الجدوليّ	INJAZ DataGrid · الشريطُ الموحَّد · المرشِّحات · المناظرُ المحفوظة · حالاتُ الشاشة	سجلٌّ أو إعداد	تقرير إقفال يومي	—	—	تبقى بقالبِها	لم يبدأ	AC-U1 قشرة · AC-U2 مكوّن · AC-U3 حالات
إدارة الأسطول	المرجع والإدارة	الحوكمة والضوابط	مخاطر الأسطول	مخاطر الأسطول	risk_dept_flt.php	لا	—	—	منظر	قالبُ السجلِّ الجدوليّ	INJAZ DataGrid · الشريطُ الموحَّد · المرشِّحات · المناظرُ المحفوظة · حالاتُ الشاشة	قارئة	قراءة	—	—	تبقى بقالبِها	لم يبدأ	AC-U1 قشرة · AC-U2 مكوّن · AC-U3 حالات
إدارة الأسطول	المرجع والإدارة	التقارير والتحليلات	حوكمة إدارة الأسطول	حوكمة إدارة الأسطول	gov_dept_flt.php	لا	—	—	منظر	قالبُ السجلِّ الجدوليّ	INJAZ DataGrid · الشريطُ الموحَّد · المرشِّحات · المناظرُ المحفوظة · حالاتُ الشاشة	قارئة	قراءة	—	—	تبقى بقالبِها	لم يبدأ	AC-U1 قشرة · AC-U2 مكوّن · AC-U3 حالات
إدارة التشغيل	مركز العمل	مركز العمل	مهامي	مهامي	my_tasks.php	لا	—	—	شاشةٌ مستقلة	قالبُ السجلِّ الجدوليّ	INJAZ DataGrid · الشريطُ الموحَّد · المرشِّحات · المناظرُ المحفوظة · حالاتُ الشاشة	سجلٌّ أو إعداد	— عرض	—	—	تبقى بقالبِها	لم يبدأ	AC-U1 قشرة · AC-U2 مكوّن · AC-U3 حالات
إدارة التشغيل	مركز العمل	مركز العمل	إنجازي	إنجازي	my_achievement.php	لا	—	—	منظر	قالبُ السجلِّ الجدوليّ	INJAZ DataGrid · الشريطُ الموحَّد · المرشِّحات · المناظرُ المحفوظة · حالاتُ الشاشة	قارئة	— عرض	—	—	تبقى بقالبِها	لم يبدأ	AC-U1 قشرة · AC-U2 مكوّن · AC-U3 حالات
إدارة التشغيل	مركز العمل	مركز العمل	بوابتي	بوابتي	my_portal.php	لا	—	—	منظر	قالبُ السجلِّ الجدوليّ	INJAZ DataGrid · الشريطُ الموحَّد · المرشِّحات · المناظرُ المحفوظة · حالاتُ الشاشة	قارئة	— عرض	—	—	تبقى بقالبِها	لم يبدأ	AC-U1 قشرة · AC-U2 مكوّن · AC-U3 حالات
إدارة التشغيل	مركز العمل	مركز العمل	طلباتي	طلباتي	my_requests.php	لا	—	—	فعل	قالبُ الفعلِ والاعتماد	مكوّنُ الانتقال · حوارُ التأكيد · بطاقةُ اعتماد	مستندٌ يُعتمد	— عرض	—	—	تبقى بقالبِها	لم يبدأ	AC-U1 قشرة · AC-U2 مكوّن · AC-U3 حالات
إدارة التشغيل	مركز العمل	مركز العمل	المراسلات	المراسلات	messages.php	لا	—	—	شاشةٌ مستقلة	قالبُ السجلِّ الجدوليّ	INJAZ DataGrid · الشريطُ الموحَّد · المرشِّحات · المناظرُ المحفوظة · حالاتُ الشاشة	سجلٌّ أو إعداد	— عرض	—	—	تبقى بقالبِها	لم يبدأ	AC-U1 قشرة · AC-U2 مكوّن · AC-U3 حالات
إدارة التشغيل	مركز العمل	مركز العمل	غرفة عمليات المواقع	غرفة عمليات المواقع	ops_room.php	لا	—	—	شاشةٌ مستقلة	قالبُ السجلِّ الجدوليّ	INJAZ DataGrid · الشريطُ الموحَّد · المرشِّحات · المناظرُ المحفوظة · حالاتُ الشاشة	سجلٌّ أو إعداد	— عرض	—	—	تبقى بقالبِها	لم يبدأ	AC-U1 قشرة · AC-U2 مكوّن · AC-U3 حالات
إدارة التشغيل	مركز العمل	مركز العمل	توزيع المعدات والمشغّلين	توزيع المعدات والمشغّلين	distribution.php	لا	المشغّل	ملفُّ المشغّل	تبويبٌ في ملفِّ الكيانِ الأم	قالبُ ملفِّ الكيان	تبويباتُ الرحلة · الخطُّ الزمنيّ · وسمُ الحالة · بطاقاتُ مؤشرٍ مضغوطة	سجلٌّ أو إعداد	— عرض	مرشَّحةٌ للدمجِ في ملفِّ الكيانِ الأم	متوسط	تُدمج تبويبًا	لم يبدأ	AC-U1 قشرة · AC-U2 مكوّن · AC-U3 حالات
إدارة التشغيل	مركز العمل	البلاغات والمهل	بلاغات إدارتي	بلاغات إدارتي	tickets_dept.php	لا	—	—	شاشةٌ مستقلة	قالبُ السجلِّ الجدوليّ	INJAZ DataGrid · الشريطُ الموحَّد · المرشِّحات · المناظرُ المحفوظة · حالاتُ الشاشة	سجلٌّ أو إعداد	طلب تغيير حالة	—	—	تبقى بقالبِها	لم يبدأ	AC-U1 قشرة · AC-U2 مكوّن · AC-U3 حالات
إدارة التشغيل	مركز العمل	مهامي ومتابعتها	مساحة عملي — أربعة صناديق	مساحة عملي — أربعة صناديق	my_workspace_v2.php	لا	—	—	منظر	قالبُ السجلِّ الجدوليّ	INJAZ DataGrid · الشريطُ الموحَّد · المرشِّحات · المناظرُ المحفوظة · حالاتُ الشاشة	قارئة	قراءة	—	—	تبقى بقالبِها	لم يبدأ	AC-U1 قشرة · AC-U2 مكوّن · AC-U3 حالات
إدارة التشغيل	مركز العمل	مهامي ومتابعتها	متابعة الرحلات الذهبية	متابعة الرحلات الذهبية	journey_tracker.php	لا	—	—	منظر	قالبُ السجلِّ الجدوليّ	INJAZ DataGrid · الشريطُ الموحَّد · المرشِّحات · المناظرُ المحفوظة · حالاتُ الشاشة	قارئة	قراءة	—	—	تبقى بقالبِها	لم يبدأ	AC-U1 قشرة · AC-U2 مكوّن · AC-U3 حالات
إدارة التشغيل	دورة الإدارة	التعاقد والتغطية والحصص	عقود العملاء	عقود العملاء	contracts.php	لا	العميل	—	شاشةٌ مستقلة	قالبُ السجلِّ الجدوليّ	INJAZ DataGrid · الشريطُ الموحَّد · المرشِّحات · المناظرُ المحفوظة · حالاتُ الشاشة	سجلٌّ أو إعداد	— سجلات	—	—	تبقى بقالبِها	لم يبدأ	AC-U1 قشرة · AC-U2 مكوّن · AC-U3 حالات
إدارة التشغيل	دورة الإدارة	التعاقد والتغطية والحصص	التزام العقد بنوع المعدة	التزام العقد بنوع المعدة	coverage.php	لا	العقد	ملفُّ العقد	تبويبٌ في ملفِّ الكيانِ الأم	قالبُ ملفِّ الكيان	تبويباتُ الرحلة · الخطُّ الزمنيّ · وسمُ الحالة · بطاقاتُ مؤشرٍ مضغوطة	مستندٌ يُعتمد	خطة شهرية معتمدة	مرشَّحةٌ للدمجِ في ملفِّ الكيانِ الأم	متوسط	تُدمج تبويبًا	لم يبدأ	AC-U1 قشرة · AC-U2 مكوّن · AC-U3 حالات
إدارة التشغيل	دورة الإدارة	التعاقد والتغطية والحصص	الوحدات التعاقدية المرقَّمة	الوحدات التعاقدية المرقَّمة	units.php	لا	—	—	شاشةٌ مستقلة	قالبُ السجلِّ الجدوليّ	INJAZ DataGrid · الشريطُ الموحَّد · المرشِّحات · المناظرُ المحفوظة · حالاتُ الشاشة	سجلٌّ أو إعداد	خطة شهرية معتمدة	—	—	تبقى بقالبِها	لم يبدأ	AC-U1 قشرة · AC-U2 مكوّن · AC-U3 حالات
إدارة التشغيل	دورة الإدارة	التعاقد والتغطية والحصص	حصص الموردين من العقود	حصص الموردين من العقود	supplier_quota.php	لا	المورد	ملفُّ المورد	تبويبٌ في ملفِّ الكيانِ الأم	قالبُ ملفِّ الكيان	تبويباتُ الرحلة · الخطُّ الزمنيّ · وسمُ الحالة · بطاقاتُ مؤشرٍ مضغوطة	مستندٌ يُعتمد	خطة شهرية معتمدة	مرشَّحةٌ للدمجِ في ملفِّ الكيانِ الأم	متوسط	تُدمج تبويبًا	لم يبدأ	AC-U1 قشرة · AC-U2 مكوّن · AC-U3 حالات
إدارة التشغيل	دورة الإدارة	التعاقد والتغطية والحصص	توزيع وحدات المورد على معداته	توزيع وحدات المورد على معداته	equipment_quota.php	لا	المورد	ملفُّ المورد	تبويبٌ في ملفِّ الكيانِ الأم	قالبُ ملفِّ الكيان	تبويباتُ الرحلة · الخطُّ الزمنيّ · وسمُ الحالة · بطاقاتُ مؤشرٍ مضغوطة	سجلٌّ أو إعداد	خطة شهرية معتمدة	مرشَّحةٌ للدمجِ في ملفِّ الكيانِ الأم	متوسط	تُدمج تبويبًا	لم يبدأ	AC-U1 قشرة · AC-U2 مكوّن · AC-U3 حالات
إدارة التشغيل	دورة الإدارة	التعاقد والتغطية والحصص	خطة عمل الغد	خطة عمل الغد	daily_plan.php	لا	—	—	شاشةٌ مستقلة	قالبُ المستندِ ودورتِه	شبكةُ النموذج · شريطُ الحفظِ اللاصق · مكوّنُ الانتقال · سجلُّ النشاط	مستندٌ يُعتمد	جدولُ عملٍ معتمد · جدولُ ورديات	—	—	تبقى بقالبِها	لم يبدأ	AC-U1 قشرة · AC-U2 مكوّن · AC-U3 حالات
إدارة التشغيل	دورة الإدارة	التخطيط وتخصيص الموارد	سجل المعدات	سجل المعدات	equipments.php	لا	المعدة	—	شاشةٌ مستقلة	قالبُ السجلِّ الجدوليّ	INJAZ DataGrid · الشريطُ الموحَّد · المرشِّحات · المناظرُ المحفوظة · حالاتُ الشاشة	سجلٌّ أو إعداد	تخصيصٌ ميداني	—	—	تبقى بقالبِها	لم يبدأ	AC-U1 قشرة · AC-U2 مكوّن · AC-U3 حالات
إدارة التشغيل	دورة الإدارة	التخطيط وتخصيص الموارد	تكليف المشغّل على المعدة	تكليف المشغّل على المعدة	op_assign.php	لا	المعدة	ملفُّ المعدة	تبويبٌ في ملفِّ الكيانِ الأم	قالبُ ملفِّ الكيان	تبويباتُ الرحلة · الخطُّ الزمنيّ · وسمُ الحالة · بطاقاتُ مؤشرٍ مضغوطة	سجلٌّ أو إعداد	تخصيصٌ ميداني	مرشَّحةٌ للدمجِ في ملفِّ الكيانِ الأم	متوسط	تُدمج تبويبًا	لم يبدأ	AC-U1 قشرة · AC-U2 مكوّن · AC-U3 حالات
إدارة التشغيل	دورة الإدارة	التخطيط وتخصيص الموارد	إسناد المعدات للوحدات	إسناد المعدات للوحدات	unit_assign.php	لا	المعدة	—	شاشةٌ مستقلة	قالبُ السجلِّ الجدوليّ	INJAZ DataGrid · الشريطُ الموحَّد · المرشِّحات · المناظرُ المحفوظة · حالاتُ الشاشة	سجلٌّ أو إعداد	أمر نقل موارد	—	—	تبقى بقالبِها	لم يبدأ	AC-U1 قشرة · AC-U2 مكوّن · AC-U3 حالات
إدارة التشغيل	دورة الإدارة	التخطيط وتخصيص الموارد	جاهزية المعدات للتشغيل	جاهزية المعدات للتشغيل	readiness.php	لا	المعدة	—	شاشةٌ مستقلة	قالبُ المستندِ ودورتِه	شبكةُ النموذج · شريطُ الحفظِ اللاصق · مكوّنُ الانتقال · سجلُّ النشاط	مستندٌ يُعتمد	تخصيصٌ ميداني	—	—	تبقى بقالبِها	لم يبدأ	AC-U1 قشرة · AC-U2 مكوّن · AC-U3 حالات
إدارة التشغيل	دورة الإدارة	التخطيط وتخصيص الموارد	طلبات الترحيل	طلبات الترحيل	transfer_req.php	لا	—	—	فعل	قالبُ الفعلِ والاعتماد	مكوّنُ الانتقال · حوارُ التأكيد · بطاقةُ اعتماد	مستندٌ يُعتمد	— طلبات	—	—	تبقى بقالبِها	لم يبدأ	AC-U1 قشرة · AC-U2 مكوّن · AC-U3 حالات
إدارة التشغيل	دورة الإدارة	التنفيذ اليومي	تسجيل التايم شيت والإنتاج	تسجيل التايم شيت والإنتاج	timesheet.php	لا	—	—	شاشةٌ مستقلة	قالبُ المستندِ ودورتِه	شبكةُ النموذج · شريطُ الحفظِ اللاصق · مكوّنُ الانتقال · سجلُّ النشاط	مستندٌ يُعتمد	صف وحدة · سجل قياس	—	—	تبقى بقالبِها	لم يبدأ	AC-U1 قشرة · AC-U2 مكوّن · AC-U3 حالات
إدارة التشغيل	دورة الإدارة	التنفيذ اليومي	الإنتاج والقياس	الإنتاج والقياس	production.php	لا	—	—	شاشةٌ مستقلة	قالبُ السجلِّ الجدوليّ	INJAZ DataGrid · الشريطُ الموحَّد · المرشِّحات · المناظرُ المحفوظة · حالاتُ الشاشة	سجلٌّ أو إعداد	صف وحدة · سجل قياس	—	—	تبقى بقالبِها	لم يبدأ	AC-U1 قشرة · AC-U2 مكوّن · AC-U3 حالات
إدارة التشغيل	دورة الإدارة	التنفيذ اليومي	التوقفات وتحديد المتحمل	التوقفات وتحديد المتحمل	stops.php	لا	—	—	شاشةٌ مستقلة	قالبُ السجلِّ الجدوليّ	INJAZ DataGrid · الشريطُ الموحَّد · المرشِّحات · المناظرُ المحفوظة · حالاتُ الشاشة	سجلٌّ أو إعداد	صف وحدة · سجل قياس	—	—	تبقى بقالبِها	لم يبدأ	AC-U1 قشرة · AC-U2 مكوّن · AC-U3 حالات
إدارة التشغيل	دورة الإدارة	التنفيذ اليومي	صندوق ما ينتظر اعتمادي	صندوق ما ينتظر اعتمادي	approvals_inbox.php	لا	—	—	شاشةٌ مستقلة	قالبُ المستندِ ودورتِه	شبكةُ النموذج · شريطُ الحفظِ اللاصق · مكوّنُ الانتقال · سجلُّ النشاط	مستندٌ يُعتمد	محضر اعتماد الموقع	—	—	تبقى بقالبِها	لم يبدأ	AC-U1 قشرة · AC-U2 مكوّن · AC-U3 حالات
إدارة التشغيل	دورة الإدارة	اعتماد التنفيذ ودورة الوحدات	إدخال وحدات العمل اليومية	إدخال وحدات العمل اليومية	unit_entry.php	لا	—	—	شاشةٌ مستقلة	قالبُ السجلِّ الجدوليّ	INJAZ DataGrid · الشريطُ الموحَّد · المرشِّحات · المناظرُ المحفوظة · حالاتُ الشاشة	سجلٌّ أو إعداد	◆ انتقالُ حالة	—	—	تبقى بقالبِها	لم يبدأ	AC-U1 قشرة · AC-U2 مكوّن · AC-U3 حالات
إدارة التشغيل	دورة الإدارة	اعتماد التنفيذ ودورة الوحدات	الاعتماد اليومي لرفع الوحدات	الاعتماد اليومي لرفع الوحدات	unit_daily_approve.php	لا	—	—	فعل	قالبُ الفعلِ والاعتماد	مكوّنُ الانتقال · حوارُ التأكيد · بطاقةُ اعتماد	مستندٌ يُعتمد	◆ انتقالُ حالة	مستندٌ يُعتمد بلا مستندٍ رسميٍّ مسمًّى	عالٍ	تبقى بقالبِها	لم يبدأ	AC-U1 قشرة · AC-U2 مكوّن · AC-U3 حالات
إدارة التشغيل	دورة الإدارة	اعتماد التنفيذ ودورة الوحدات	مطابقة بيانات العميل	مطابقة بيانات العميل	unit_client_match.php	لا	العميل	ملفُّ العميل	تبويبٌ في ملفِّ الكيانِ الأم	قالبُ ملفِّ الكيان	تبويباتُ الرحلة · الخطُّ الزمنيّ · وسمُ الحالة · بطاقاتُ مؤشرٍ مضغوطة	سجلٌّ أو إعداد	◆ انتقالُ حالة	مرشَّحةٌ للدمجِ في ملفِّ الكيانِ الأم	متوسط	تُدمج تبويبًا	لم يبدأ	AC-U1 قشرة · AC-U2 مكوّن · AC-U3 حالات
إدارة التشغيل	دورة الإدارة	اعتماد التنفيذ ودورة الوحدات	بوابة مدير المبيعات	بوابة مدير المبيعات	unit_sales_gate.php	لا	—	—	شاشةٌ مستقلة	قالبُ المستندِ ودورتِه	شبكةُ النموذج · شريطُ الحفظِ اللاصق · مكوّنُ الانتقال · سجلُّ النشاط	مستندٌ يُعتمد	◆ انتقالُ حالة	مستندٌ يُعتمد بلا مستندٍ رسميٍّ مسمًّى	عالٍ	تبقى بقالبِها	لم يبدأ	AC-U1 قشرة · AC-U2 مكوّن · AC-U3 حالات
إدارة التشغيل	دورة الإدارة	اعتماد التنفيذ ودورة الوحدات	اعتماد وحدات الموردين	اعتماد وحدات الموردين	unit_supplier_approve.php	لا	المورد	ملفُّ المورد	تبويبٌ في ملفِّ الكيانِ الأم	قالبُ ملفِّ الكيان	تبويباتُ الرحلة · الخطُّ الزمنيّ · وسمُ الحالة · بطاقاتُ مؤشرٍ مضغوطة	مستندٌ يُعتمد	◆ انتقالُ حالة	مستندٌ يُعتمد بلا مستندٍ رسميٍّ مسمًّى · مرشَّحةٌ للدمجِ في ملفِّ الكيانِ الأم	عالٍ	تُدمج تبويبًا	لم يبدأ	AC-U1 قشرة · AC-U2 مكوّن · AC-U3 حالات
إدارة التشغيل	دورة الإدارة	اعتماد التنفيذ ودورة الوحدات	اعتماد وحدات المشغّلين	اعتماد وحدات المشغّلين	unit_workforce_approve.php	لا	المشغّل	ملفُّ المشغّل	تبويبٌ في ملفِّ الكيانِ الأم	قالبُ ملفِّ الكيان	تبويباتُ الرحلة · الخطُّ الزمنيّ · وسمُ الحالة · بطاقاتُ مؤشرٍ مضغوطة	مستندٌ يُعتمد	◆ انتقالُ حالة	مستندٌ يُعتمد بلا مستندٍ رسميٍّ مسمًّى · مرشَّحةٌ للدمجِ في ملفِّ الكيانِ الأم	عالٍ	تُدمج تبويبًا	لم يبدأ	AC-U1 قشرة · AC-U2 مكوّن · AC-U3 حالات
إدارة التشغيل	دورة الإدارة	اعتماد التنفيذ ودورة الوحدات	الاعتماد المالي الأولي	الاعتماد المالي الأولي	unit_fin_prelim.php	لا	—	—	فعل	قالبُ الفعلِ والاعتماد	مكوّنُ الانتقال · حوارُ التأكيد · بطاقةُ اعتماد	مستندٌ يُعتمد	◆ انتقالُ حالة	مستندٌ يُعتمد بلا مستندٍ رسميٍّ مسمًّى	عالٍ	تبقى بقالبِها	لم يبدأ	AC-U1 قشرة · AC-U2 مكوّن · AC-U3 حالات
إدارة التشغيل	دورة الإدارة	اعتماد التنفيذ ودورة الوحدات	الاعتماد المالي النهائي	الاعتماد المالي النهائي	unit_fin_final.php	لا	—	—	فعل	قالبُ الفعلِ والاعتماد	مكوّنُ الانتقال · حوارُ التأكيد · بطاقةُ اعتماد	مستندٌ يُعتمد	◆ انتقالُ حالة	مستندٌ يُعتمد بلا مستندٍ رسميٍّ مسمًّى	عالٍ	تبقى بقالبِها	لم يبدأ	AC-U1 قشرة · AC-U2 مكوّن · AC-U3 حالات
إدارة التشغيل	دورة الإدارة	اعتماد التنفيذ ودورة الوحدات	الفاتورة النهائية للعميل	الفاتورة النهائية للعميل	unit_client_invoice.php	لا	—	—	شاشةٌ مستقلة	قالبُ المستندِ ودورتِه	شبكةُ النموذج · شريطُ الحفظِ اللاصق · مكوّنُ الانتقال · سجلُّ النشاط	مستندٌ يُعتمد	◆ انتقالُ حالة	مستندٌ يُعتمد بلا مستندٍ رسميٍّ مسمًّى	عالٍ	تبقى بقالبِها	لم يبدأ	AC-U1 قشرة · AC-U2 مكوّن · AC-U3 حالات
إدارة التشغيل	دورة الإدارة	اعتماد التنفيذ ودورة الوحدات	قبول العميل للفاتورة	قبول العميل للفاتورة	unit_client_accept.php	لا	العميل	ملفُّ العميل	تبويبٌ في ملفِّ الكيانِ الأم	قالبُ ملفِّ الكيان	تبويباتُ الرحلة · الخطُّ الزمنيّ · وسمُ الحالة · بطاقاتُ مؤشرٍ مضغوطة	مستندٌ يُعتمد	◆ انتقالُ حالة	مستندٌ يُعتمد بلا مستندٍ رسميٍّ مسمًّى · مرشَّحةٌ للدمجِ في ملفِّ الكيانِ الأم	عالٍ	تُدمج تبويبًا	لم يبدأ	AC-U1 قشرة · AC-U2 مكوّن · AC-U3 حالات
إدارة التشغيل	دورة الإدارة	اعتماد التنفيذ ودورة الوحدات	تصحيح الوحدات بالسلسلة الثلاثية	تصحيح الوحدات بالسلسلة الثلاثية	unit_correction.php	لا	—	—	شاشةٌ مستقلة	قالبُ المستندِ ودورتِه	شبكةُ النموذج · شريطُ الحفظِ اللاصق · مكوّنُ الانتقال · سجلُّ النشاط	مستندٌ يُعتمد	◆ انتقالُ حالة	مستندٌ يُعتمد بلا مستندٍ رسميٍّ مسمًّى	عالٍ	تبقى بقالبِها	لم يبدأ	AC-U1 قشرة · AC-U2 مكوّن · AC-U3 حالات
إدارة التشغيل	دورة الإدارة	اعتماد التنفيذ ودورة الوحدات	كشف التايم شيت — المورد	كشف التايم شيت — المورد	unit_statement_supplier.php	لا	المورد	—	منظر	قالبُ السجلِّ الجدوليّ	INJAZ DataGrid · الشريطُ الموحَّد · المرشِّحات · المناظرُ المحفوظة · حالاتُ الشاشة	قارئة	قراءة	شاشةٌ قارئةٌ في طبقةِ دورةِ الإدارة	متوسط	تُحوَّل منظرًا	لم يبدأ	AC-U1 قشرة · AC-U2 مكوّن · AC-U3 حالات
إدارة التشغيل	دورة الإدارة	اعتماد التنفيذ ودورة الوحدات	كشف التايم شيت — المشغّل	كشف التايم شيت — المشغّل	unit_statement_worker.php	لا	المشغّل	—	منظر	قالبُ السجلِّ الجدوليّ	INJAZ DataGrid · الشريطُ الموحَّد · المرشِّحات · المناظرُ المحفوظة · حالاتُ الشاشة	قارئة	قراءة	شاشةٌ قارئةٌ في طبقةِ دورةِ الإدارة	متوسط	تُحوَّل منظرًا	لم يبدأ	AC-U1 قشرة · AC-U2 مكوّن · AC-U3 حالات
إدارة التشغيل	دورة الإدارة	اعتماد التنفيذ ودورة الوحدات	كشف التايم شيت — العميل	كشف التايم شيت — العميل	unit_statement_client.php	لا	العميل	—	منظر	قالبُ السجلِّ الجدوليّ	INJAZ DataGrid · الشريطُ الموحَّد · المرشِّحات · المناظرُ المحفوظة · حالاتُ الشاشة	قارئة	قراءة	شاشةٌ قارئةٌ في طبقةِ دورةِ الإدارة	متوسط	تُحوَّل منظرًا	لم يبدأ	AC-U1 قشرة · AC-U2 مكوّن · AC-U3 حالات
إدارة التشغيل	دورة الإدارة	الأصول والحركة والصيانة	أوامر الصيانة	أوامر الصيانة	orders.php	لا	—	—	شاشةٌ مستقلة	قالبُ السجلِّ الجدوليّ	INJAZ DataGrid · الشريطُ الموحَّد · المرشِّحات · المناظرُ المحفوظة · حالاتُ الشاشة	سجلٌّ أو إعداد	طلب تغيير حالة	—	—	تبقى بقالبِها	لم يبدأ	AC-U1 قشرة · AC-U2 مكوّن · AC-U3 حالات
إدارة التشغيل	دورة الإدارة	الأصول والحركة والصيانة	تصنيف الأعطال وأسبابها	تصنيف الأعطال وأسبابها	failures.php	لا	—	—	شاشةٌ مستقلة	قالبُ السجلِّ الجدوليّ	INJAZ DataGrid · الشريطُ الموحَّد · المرشِّحات · المناظرُ المحفوظة · حالاتُ الشاشة	سجلٌّ أو إعداد	تقرير انحراف	—	—	تبقى بقالبِها	لم يبدأ	AC-U1 قشرة · AC-U2 مكوّن · AC-U3 حالات
إدارة التشغيل	دورة الإدارة	الأصول والحركة والصيانة	المشاريع والمواقع	المشاريع والمواقع	projects.php	لا	المشروع	—	شاشةٌ مستقلة	قالبُ السجلِّ الجدوليّ	INJAZ DataGrid · الشريطُ الموحَّد · المرشِّحات · المناظرُ المحفوظة · حالاتُ الشاشة	سجلٌّ أو إعداد	— سجلات	—	—	تبقى بقالبِها	لم يبدأ	AC-U1 قشرة · AC-U2 مكوّن · AC-U3 حالات
إدارة التشغيل	دورة الإدارة	الأصول والحركة والصيانة	سجل العملاء	سجل العملاء	clients.php	لا	العميل	—	شاشةٌ مستقلة	قالبُ السجلِّ الجدوليّ	INJAZ DataGrid · الشريطُ الموحَّد · المرشِّحات · المناظرُ المحفوظة · حالاتُ الشاشة	سجلٌّ أو إعداد	— سجلات	—	—	تبقى بقالبِها	لم يبدأ	AC-U1 قشرة · AC-U2 مكوّن · AC-U3 حالات
إدارة التشغيل	دورة الإدارة	الأصول والحركة والصيانة	أرصدة المخزون بحالاتها	أرصدة المخزون بحالاتها	stock.php	لا	—	—	شاشةٌ مستقلة	قالبُ السجلِّ الجدوليّ	INJAZ DataGrid · الشريطُ الموحَّد · المرشِّحات · المناظرُ المحفوظة · حالاتُ الشاشة	سجلٌّ أو إعداد	طلب تغيير حالة	—	—	تبقى بقالبِها	لم يبدأ	AC-U1 قشرة · AC-U2 مكوّن · AC-U3 حالات
إدارة التشغيل	دورة الإدارة	الأصول والحركة والصيانة	وثائق المعدات والمشغّلين	وثائق المعدات والمشغّلين	equip_docs.php	لا	المشغّل	ملفُّ المشغّل	تبويبٌ في ملفِّ الكيانِ الأم	قالبُ ملفِّ الكيان	تبويباتُ الرحلة · الخطُّ الزمنيّ · وسمُ الحالة · بطاقاتُ مؤشرٍ مضغوطة	سجلٌّ أو إعداد	تخصيصٌ ميداني	مرشَّحةٌ للدمجِ في ملفِّ الكيانِ الأم	متوسط	تُدمج تبويبًا	لم يبدأ	AC-U1 قشرة · AC-U2 مكوّن · AC-U3 حالات
إدارة التشغيل	دورة الإدارة	الأصول والحركة والصيانة	طلبات الشراء	طلبات الشراء	pr.php	لا	—	—	فعل	قالبُ الفعلِ والاعتماد	مكوّنُ الانتقال · حوارُ التأكيد · بطاقةُ اعتماد	مستندٌ يُعتمد	— طلبات	—	—	تبقى بقالبِها	لم يبدأ	AC-U1 قشرة · AC-U2 مكوّن · AC-U3 حالات
إدارة التشغيل	دورة الإدارة	الأصول والحركة والصيانة	طلبات الدفع والسداد	طلبات الدفع والسداد	payments.php	لا	—	—	فعل	قالبُ الفعلِ والاعتماد	مكوّنُ الانتقال · حوارُ التأكيد · بطاقةُ اعتماد	مستندٌ يُعتمد	— طلبات	—	—	تبقى بقالبِها	لم يبدأ	AC-U1 قشرة · AC-U2 مكوّن · AC-U3 حالات
إدارة التشغيل	دورة الإدارة	الانحرافات وإقفال الفترة	الأداء الشهري للوحدة	الأداء الشهري للوحدة	unit_perf.php	لا	—	—	شاشةٌ مستقلة	قالبُ السجلِّ الجدوليّ	INJAZ DataGrid · الشريطُ الموحَّد · المرشِّحات · المناظرُ المحفوظة · حالاتُ الشاشة	سجلٌّ أو إعداد	تقرير انحراف	—	—	تبقى بقالبِها	لم يبدأ	AC-U1 قشرة · AC-U2 مكوّن · AC-U3 حالات
إدارة التشغيل	دورة الإدارة	الانحرافات وإقفال الفترة	متابعة انحراف المنفَّذ عن المخطط	متابعة انحراف المنفَّذ عن المخطط	variance.php	لا	—	—	شاشةٌ مستقلة	قالبُ السجلِّ الجدوليّ	INJAZ DataGrid · الشريطُ الموحَّد · المرشِّحات · المناظرُ المحفوظة · حالاتُ الشاشة	سجلٌّ أو إعداد	تقرير انحراف	—	—	تبقى بقالبِها	لم يبدأ	AC-U1 قشرة · AC-U2 مكوّن · AC-U3 حالات
إدارة التشغيل	دورة الإدارة	الانحرافات وإقفال الفترة	هامش الربح للعقد والواقعة	هامش الربح للعقد والواقعة	margin.php	لا	—	—	شاشةٌ مستقلة	قالبُ المستندِ ودورتِه	شبكةُ النموذج · شريطُ الحفظِ اللاصق · مكوّنُ الانتقال · سجلُّ النشاط	مستندٌ يُعتمد	— قراءةٌ عليا	—	—	تبقى بقالبِها	لم يبدأ	AC-U1 قشرة · AC-U2 مكوّن · AC-U3 حالات
إدارة التشغيل	دورة الإدارة	الانحرافات وإقفال الفترة	الإقفال الشهري للوحدة	الإقفال الشهري للوحدة	monthly_close.php	لا	—	—	شاشةٌ مستقلة	قالبُ المستندِ ودورتِه	شبكةُ النموذج · شريطُ الحفظِ اللاصق · مكوّنُ الانتقال · سجلُّ النشاط	مستندٌ يُعتمد	تقرير إقفال يومي	—	—	تبقى بقالبِها	لم يبدأ	AC-U1 قشرة · AC-U2 مكوّن · AC-U3 حالات
إدارة التشغيل	دورة الإدارة	الانحرافات وإقفال الفترة	الأعمال غير المفوترة	الأعمال غير المفوترة	unbilled.php	لا	—	—	شاشةٌ مستقلة	قالبُ السجلِّ الجدوليّ	INJAZ DataGrid · الشريطُ الموحَّد · المرشِّحات · المناظرُ المحفوظة · حالاتُ الشاشة	سجلٌّ أو إعداد	الإقفال الشهري	—	—	تبقى بقالبِها	لم يبدأ	AC-U1 قشرة · AC-U2 مكوّن · AC-U3 حالات
إدارة التشغيل	المرجع والإدارة	الميزانية ومؤشرات الأداء	ميزانية إدارتي	ميزانية إدارتي	budget_dept.php	نعم — يوحَّد مع نظيرِه	—	—	شاشةٌ مستقلة	قالبُ السجلِّ الجدوليّ	INJAZ DataGrid · الشريطُ الموحَّد · المرشِّحات · المناظرُ المحفوظة · حالاتُ الشاشة	سجلٌّ أو إعداد	تقرير إقفال يومي	—	—	تبقى بقالبِها	لم يبدأ	AC-U1 قشرة · AC-U2 مكوّن · AC-U3 حالات
إدارة التشغيل	المرجع والإدارة	الميزانية ومؤشرات الأداء	إنجاز الإدارة	إنجاز الإدارة	dept_achievement.php	لا	—	—	شاشةٌ مستقلة	قالبُ السجلِّ الجدوليّ	INJAZ DataGrid · الشريطُ الموحَّد · المرشِّحات · المناظرُ المحفوظة · حالاتُ الشاشة	سجلٌّ أو إعداد	— قراءةٌ عليا	—	—	تبقى بقالبِها	لم يبدأ	AC-U1 قشرة · AC-U2 مكوّن · AC-U3 حالات
إدارة التشغيل	المرجع والإدارة	الميزانية ومؤشرات الأداء	مركز التقارير	مركز التقارير	reports_index.php	لا	—	—	شاشةٌ مستقلة	قالبُ السجلِّ الجدوليّ	INJAZ DataGrid · الشريطُ الموحَّد · المرشِّحات · المناظرُ المحفوظة · حالاتُ الشاشة	سجلٌّ أو إعداد	تقرير إقفال يومي	—	—	تبقى بقالبِها	لم يبدأ	AC-U1 قشرة · AC-U2 مكوّن · AC-U3 حالات
إدارة التشغيل	المرجع والإدارة	الحوكمة والضوابط	المخاطر التشغيلية	المخاطر التشغيلية	risk_dept_ops.php	لا	الخطر	—	منظر	قالبُ السجلِّ الجدوليّ	INJAZ DataGrid · الشريطُ الموحَّد · المرشِّحات · المناظرُ المحفوظة · حالاتُ الشاشة	قارئة	قراءة	—	—	تبقى بقالبِها	لم يبدأ	AC-U1 قشرة · AC-U2 مكوّن · AC-U3 حالات
إدارة التشغيل	المرجع والإدارة	التقارير والتحليلات	حوكمة إدارة التشغيل	حوكمة إدارة التشغيل	gov_dept_ops.php	لا	—	—	منظر	قالبُ السجلِّ الجدوليّ	INJAZ DataGrid · الشريطُ الموحَّد · المرشِّحات · المناظرُ المحفوظة · حالاتُ الشاشة	قارئة	قراءة	—	—	تبقى بقالبِها	لم يبدأ	AC-U1 قشرة · AC-U2 مكوّن · AC-U3 حالات
إدارة الصيانة	مركز العمل	مركز العمل	مهامي	مهامي	my_tasks.php	لا	—	—	شاشةٌ مستقلة	قالبُ السجلِّ الجدوليّ	INJAZ DataGrid · الشريطُ الموحَّد · المرشِّحات · المناظرُ المحفوظة · حالاتُ الشاشة	سجلٌّ أو إعداد	— عرض	—	—	تبقى بقالبِها	لم يبدأ	AC-U1 قشرة · AC-U2 مكوّن · AC-U3 حالات
إدارة الصيانة	مركز العمل	مركز العمل	إنجازي	إنجازي	my_achievement.php	لا	—	—	منظر	قالبُ السجلِّ الجدوليّ	INJAZ DataGrid · الشريطُ الموحَّد · المرشِّحات · المناظرُ المحفوظة · حالاتُ الشاشة	قارئة	— عرض	—	—	تبقى بقالبِها	لم يبدأ	AC-U1 قشرة · AC-U2 مكوّن · AC-U3 حالات
إدارة الصيانة	مركز العمل	مركز العمل	بوابتي	بوابتي	my_portal.php	لا	—	—	منظر	قالبُ السجلِّ الجدوليّ	INJAZ DataGrid · الشريطُ الموحَّد · المرشِّحات · المناظرُ المحفوظة · حالاتُ الشاشة	قارئة	— عرض	—	—	تبقى بقالبِها	لم يبدأ	AC-U1 قشرة · AC-U2 مكوّن · AC-U3 حالات
إدارة الصيانة	مركز العمل	مركز العمل	طلباتي	طلباتي	my_requests.php	لا	—	—	فعل	قالبُ الفعلِ والاعتماد	مكوّنُ الانتقال · حوارُ التأكيد · بطاقةُ اعتماد	مستندٌ يُعتمد	— عرض	—	—	تبقى بقالبِها	لم يبدأ	AC-U1 قشرة · AC-U2 مكوّن · AC-U3 حالات
إدارة الصيانة	مركز العمل	مركز العمل	المراسلات	المراسلات	messages.php	لا	—	—	شاشةٌ مستقلة	قالبُ السجلِّ الجدوليّ	INJAZ DataGrid · الشريطُ الموحَّد · المرشِّحات · المناظرُ المحفوظة · حالاتُ الشاشة	سجلٌّ أو إعداد	— عرض	—	—	تبقى بقالبِها	لم يبدأ	AC-U1 قشرة · AC-U2 مكوّن · AC-U3 حالات
إدارة الصيانة	مركز العمل	مركز العمل	جاهزية المعدات للتشغيل	جاهزية المعدات للتشغيل	readiness.php	لا	المعدة	—	شاشةٌ مستقلة	قالبُ المستندِ ودورتِه	شبكةُ النموذج · شريطُ الحفظِ اللاصق · مكوّنُ الانتقال · سجلُّ النشاط	مستندٌ يُعتمد	تخصيصٌ ميداني	—	—	تبقى بقالبِها	لم يبدأ	AC-U1 قشرة · AC-U2 مكوّن · AC-U3 حالات
إدارة الصيانة	دورة الإدارة	استقبال البلاغ	بلاغات إدارتي	بلاغات إدارتي	tickets_dept.php	لا	—	—	شاشةٌ مستقلة	قالبُ السجلِّ الجدوليّ	INJAZ DataGrid · الشريطُ الموحَّد · المرشِّحات · المناظرُ المحفوظة · حالاتُ الشاشة	سجلٌّ أو إعداد	طلب تغيير حالة	—	—	تبقى بقالبِها	لم يبدأ	AC-U1 قشرة · AC-U2 مكوّن · AC-U3 حالات
إدارة الصيانة	دورة الإدارة	استقبال البلاغ	أبلغ عن مشكلة من هذه الشاشة	أبلغ عن مشكلة من هذه الشاشة	ticket_open.php	لا	—	—	شاشةٌ مستقلة	قالبُ السجلِّ الجدوليّ	INJAZ DataGrid · الشريطُ الموحَّد · المرشِّحات · المناظرُ المحفوظة · حالاتُ الشاشة	سجلٌّ أو إعداد	طلب تغيير حالة	—	—	تبقى بقالبِها	لم يبدأ	AC-U1 قشرة · AC-U2 مكوّن · AC-U3 حالات
إدارة الصيانة	دورة الإدارة	استقبال البلاغ	تحويل البلاغ وتفريعه لمسارات	تحويل البلاغ وتفريعه لمسارات	ticket_split.php	لا	البلاغ	ملفُّ البلاغ	تبويبٌ في ملفِّ الكيانِ الأم	قالبُ ملفِّ الكيان	تبويباتُ الرحلة · الخطُّ الزمنيّ · وسمُ الحالة · بطاقاتُ مؤشرٍ مضغوطة	سجلٌّ أو إعداد	طلب فحص · تشخيص معتمد	مرشَّحةٌ للدمجِ في ملفِّ الكيانِ الأم	متوسط	تُدمج تبويبًا	لم يبدأ	AC-U1 قشرة · AC-U2 مكوّن · AC-U3 حالات
إدارة الصيانة	دورة الإدارة	استقبال البلاغ	الفحص الفني اليومي	الفحص الفني اليومي	inspections.php	لا	—	—	شاشةٌ مستقلة	قالبُ السجلِّ الجدوليّ	INJAZ DataGrid · الشريطُ الموحَّد · المرشِّحات · المناظرُ المحفوظة · حالاتُ الشاشة	سجلٌّ أو إعداد	طلب تغيير حالة	—	—	تبقى بقالبِها	لم يبدأ	AC-U1 قشرة · AC-U2 مكوّن · AC-U3 حالات
إدارة الصيانة	دورة الإدارة	استقبال البلاغ	تصنيف الأعطال وأسبابها	تصنيف الأعطال وأسبابها	failures.php	لا	—	—	شاشةٌ مستقلة	قالبُ السجلِّ الجدوليّ	INJAZ DataGrid · الشريطُ الموحَّد · المرشِّحات · المناظرُ المحفوظة · حالاتُ الشاشة	سجلٌّ أو إعداد	تقرير انحراف	—	—	تبقى بقالبِها	لم يبدأ	AC-U1 قشرة · AC-U2 مكوّن · AC-U3 حالات
إدارة الصيانة	دورة الإدارة	أوامر العمل	صرف مواد من المخزن	صرف مواد من المخزن	issue.php	لا	—	—	شاشةٌ مستقلة	قالبُ المستندِ ودورتِه	شبكةُ النموذج · شريطُ الحفظِ اللاصق · مكوّنُ الانتقال · سجلُّ النشاط	مستندٌ يُعتمد	طلب تغيير حالة	—	—	تبقى بقالبِها	لم يبدأ	AC-U1 قشرة · AC-U2 مكوّن · AC-U3 حالات
إدارة الصيانة	دورة الإدارة	أوامر العمل	أرصدة المخزون بحالاتها	أرصدة المخزون بحالاتها	stock.php	لا	—	—	شاشةٌ مستقلة	قالبُ السجلِّ الجدوليّ	INJAZ DataGrid · الشريطُ الموحَّد · المرشِّحات · المناظرُ المحفوظة · حالاتُ الشاشة	سجلٌّ أو إعداد	طلب تغيير حالة	—	—	تبقى بقالبِها	لم يبدأ	AC-U1 قشرة · AC-U2 مكوّن · AC-U3 حالات
إدارة الصيانة	دورة الإدارة	أوامر العمل	العهد والمرتجعات	العهد والمرتجعات	custody.php	لا	—	—	شاشةٌ مستقلة	قالبُ السجلِّ الجدوليّ	INJAZ DataGrid · الشريطُ الموحَّد · المرشِّحات · المناظرُ المحفوظة · حالاتُ الشاشة	سجلٌّ أو إعداد	طلب تغيير حالة	—	—	تبقى بقالبِها	لم يبدأ	AC-U1 قشرة · AC-U2 مكوّن · AC-U3 حالات
إدارة الصيانة	دورة الإدارة	أوامر العمل	طلبات الشراء	طلبات الشراء	pr.php	لا	—	—	فعل	قالبُ الفعلِ والاعتماد	مكوّنُ الانتقال · حوارُ التأكيد · بطاقةُ اعتماد	مستندٌ يُعتمد	— طلبات	—	—	تبقى بقالبِها	لم يبدأ	AC-U1 قشرة · AC-U2 مكوّن · AC-U3 حالات
إدارة الصيانة	دورة الإدارة	أوامر العمل	كتالوج الأصناف والقطع الحرجة	كتالوج الأصناف والقطع الحرجة	items.php	لا	—	—	شاشةٌ مستقلة	قالبُ السجلِّ الجدوليّ	INJAZ DataGrid · الشريطُ الموحَّد · المرشِّحات · المناظرُ المحفوظة · حالاتُ الشاشة	سجلٌّ أو إعداد	طلب صرف · سند صرف	—	—	تبقى بقالبِها	لم يبدأ	AC-U1 قشرة · AC-U2 مكوّن · AC-U3 حالات
إدارة الصيانة	دورة الإدارة	أوامر العمل	البلاغات المتكررة وسببها الجذري	البلاغات المتكررة وسببها الجذري	ticket_recur.php	لا	البلاغ	ملفُّ البلاغ	تبويبٌ في ملفِّ الكيانِ الأم	قالبُ ملفِّ الكيان	تبويباتُ الرحلة · الخطُّ الزمنيّ · وسمُ الحالة · بطاقاتُ مؤشرٍ مضغوطة	سجلٌّ أو إعداد	— متابعة	مرشَّحةٌ للدمجِ في ملفِّ الكيانِ الأم	متوسط	تُدمج تبويبًا	لم يبدأ	AC-U1 قشرة · AC-U2 مكوّن · AC-U3 حالات
إدارة الصيانة	دورة الإدارة	أوامر العمل	طلبات الترحيل	طلبات الترحيل	transfer_req.php	لا	—	—	فعل	قالبُ الفعلِ والاعتماد	مكوّنُ الانتقال · حوارُ التأكيد · بطاقةُ اعتماد	مستندٌ يُعتمد	— طلبات	—	—	تبقى بقالبِها	لم يبدأ	AC-U1 قشرة · AC-U2 مكوّن · AC-U3 حالات
إدارة الصيانة	دورة الإدارة	أوامر العمل	صندوق ما ينتظر اعتمادي	صندوق ما ينتظر اعتمادي	approvals_inbox.php	لا	—	—	شاشةٌ مستقلة	قالبُ المستندِ ودورتِه	شبكةُ النموذج · شريطُ الحفظِ اللاصق · مكوّنُ الانتقال · سجلُّ النشاط	مستندٌ يُعتمد	محضر اعتماد الموقع	—	—	تبقى بقالبِها	لم يبدأ	AC-U1 قشرة · AC-U2 مكوّن · AC-U3 حالات
إدارة الصيانة	دورة الإدارة	أوامر العمل	ميزانية إدارتي	ميزانية إدارتي	budget_dept.php	نعم — يوحَّد مع نظيرِه	—	—	شاشةٌ مستقلة	قالبُ السجلِّ الجدوليّ	INJAZ DataGrid · الشريطُ الموحَّد · المرشِّحات · المناظرُ المحفوظة · حالاتُ الشاشة	سجلٌّ أو إعداد	تقرير إقفال يومي	—	—	تبقى بقالبِها	لم يبدأ	AC-U1 قشرة · AC-U2 مكوّن · AC-U3 حالات
إدارة الصيانة	دورة الإدارة	أوامر العمل	إنجاز الإدارة	إنجاز الإدارة	dept_achievement.php	لا	—	—	شاشةٌ مستقلة	قالبُ السجلِّ الجدوليّ	INJAZ DataGrid · الشريطُ الموحَّد · المرشِّحات · المناظرُ المحفوظة · حالاتُ الشاشة	سجلٌّ أو إعداد	— قراءةٌ عليا	—	—	تبقى بقالبِها	لم يبدأ	AC-U1 قشرة · AC-U2 مكوّن · AC-U3 حالات
إدارة الصيانة	دورة الإدارة	أوامر العمل	مركز التقارير	مركز التقارير	reports_index.php	لا	—	—	شاشةٌ مستقلة	قالبُ السجلِّ الجدوليّ	INJAZ DataGrid · الشريطُ الموحَّد · المرشِّحات · المناظرُ المحفوظة · حالاتُ الشاشة	سجلٌّ أو إعداد	تقرير إقفال يومي	—	—	تبقى بقالبِها	لم يبدأ	AC-U1 قشرة · AC-U2 مكوّن · AC-U3 حالات
إدارة الصيانة	دورة الإدارة	أوامر العمل	موديلات المعدات ومواصفاتها	موديلات المعدات ومواصفاتها	equip_models.php	لا	المعدة	—	شاشةٌ مستقلة	قالبُ السجلِّ الجدوليّ	INJAZ DataGrid · الشريطُ الموحَّد · المرشِّحات · المناظرُ المحفوظة · حالاتُ الشاشة	سجلٌّ أو إعداد	أمر عمل معتمد	—	—	تبقى بقالبِها	لم يبدأ	AC-U1 قشرة · AC-U2 مكوّن · AC-U3 حالات
إدارة الصيانة	دورة الإدارة	التنفيذ والإقفال	أوامر الصيانة	أوامر الصيانة	orders.php	لا	—	—	شاشةٌ مستقلة	قالبُ السجلِّ الجدوليّ	INJAZ DataGrid · الشريطُ الموحَّد · المرشِّحات · المناظرُ المحفوظة · حالاتُ الشاشة	سجلٌّ أو إعداد	طلب تغيير حالة	—	—	تبقى بقالبِها	لم يبدأ	AC-U1 قشرة · AC-U2 مكوّن · AC-U3 حالات
إدارة الصيانة	دورة الإدارة	الصيانة الوقائية	خطط الصيانة الوقائية	خطط الصيانة الوقائية	preventive.php	لا	—	—	شاشةٌ مستقلة	قالبُ السجلِّ الجدوليّ	INJAZ DataGrid · الشريطُ الموحَّد · المرشِّحات · المناظرُ المحفوظة · حالاتُ الشاشة	سجلٌّ أو إعداد	خطة وقائية نافذة	—	—	تبقى بقالبِها	لم يبدأ	AC-U1 قشرة · AC-U2 مكوّن · AC-U3 حالات
إدارة الصيانة	دورة الإدارة	الصيانة الوقائية	تسجيل التايم شيت والإنتاج	تسجيل التايم شيت والإنتاج	timesheet.php	لا	—	—	شاشةٌ مستقلة	قالبُ المستندِ ودورتِه	شبكةُ النموذج · شريطُ الحفظِ اللاصق · مكوّنُ الانتقال · سجلُّ النشاط	مستندٌ يُعتمد	صف وحدة · سجل قياس	—	—	تبقى بقالبِها	لم يبدأ	AC-U1 قشرة · AC-U2 مكوّن · AC-U3 حالات
إدارة الصيانة	دورة الإدارة	الصيانة الوقائية	قراءات العدّادات	قراءات العدّادات	equip_meters.php	لا	—	—	شاشةٌ مستقلة	قالبُ السجلِّ الجدوليّ	INJAZ DataGrid · الشريطُ الموحَّد · المرشِّحات · المناظرُ المحفوظة · حالاتُ الشاشة	سجلٌّ أو إعداد	خطة وقائية نافذة	—	—	تبقى بقالبِها	لم يبدأ	AC-U1 قشرة · AC-U2 مكوّن · AC-U3 حالات
إدارة الصيانة	المرجع والإدارة	البيانات المرجعية والإعدادات	الورش والفنيون	الورش والفنيون	workshop.php	لا	—	—	شاشةٌ مستقلة	قالبُ السجلِّ الجدوليّ	INJAZ DataGrid · الشريطُ الموحَّد · المرشِّحات · المناظرُ المحفوظة · حالاتُ الشاشة	سجلٌّ أو إعداد	أمر عمل معتمد	—	—	تبقى بقالبِها	لم يبدأ	AC-U1 قشرة · AC-U2 مكوّن · AC-U3 حالات
إدارة الصيانة	المرجع والإدارة	البيانات المرجعية والإعدادات	سجل المعدات	سجل المعدات	equipments.php	لا	المعدة	—	شاشةٌ مستقلة	قالبُ السجلِّ الجدوليّ	INJAZ DataGrid · الشريطُ الموحَّد · المرشِّحات · المناظرُ المحفوظة · حالاتُ الشاشة	سجلٌّ أو إعداد	تخصيصٌ ميداني	—	—	تبقى بقالبِها	لم يبدأ	AC-U1 قشرة · AC-U2 مكوّن · AC-U3 حالات
إدارة الصيانة	المرجع والإدارة	الحوكمة والضوابط	مخاطر الصيانة	مخاطر الصيانة	risk_dept_mnt.php	لا	—	—	منظر	قالبُ السجلِّ الجدوليّ	INJAZ DataGrid · الشريطُ الموحَّد · المرشِّحات · المناظرُ المحفوظة · حالاتُ الشاشة	قارئة	قراءة	—	—	تبقى بقالبِها	لم يبدأ	AC-U1 قشرة · AC-U2 مكوّن · AC-U3 حالات
إدارة الصيانة	المرجع والإدارة	التقارير والتحليلات	حوكمة إدارة الصيانة	حوكمة إدارة الصيانة	gov_dept_mnt.php	لا	—	—	منظر	قالبُ السجلِّ الجدوليّ	INJAZ DataGrid · الشريطُ الموحَّد · المرشِّحات · المناظرُ المحفوظة · حالاتُ الشاشة	قارئة	قراءة	—	—	تبقى بقالبِها	لم يبدأ	AC-U1 قشرة · AC-U2 مكوّن · AC-U3 حالات
إدارة المشتريات التشغيلية	مركز العمل	مركز العمل	مهامي	مهامي	my_tasks.php	لا	—	—	شاشةٌ مستقلة	قالبُ السجلِّ الجدوليّ	INJAZ DataGrid · الشريطُ الموحَّد · المرشِّحات · المناظرُ المحفوظة · حالاتُ الشاشة	سجلٌّ أو إعداد	— عرض	—	—	تبقى بقالبِها	لم يبدأ	AC-U1 قشرة · AC-U2 مكوّن · AC-U3 حالات
إدارة المشتريات التشغيلية	مركز العمل	مركز العمل	إنجازي	إنجازي	my_achievement.php	لا	—	—	منظر	قالبُ السجلِّ الجدوليّ	INJAZ DataGrid · الشريطُ الموحَّد · المرشِّحات · المناظرُ المحفوظة · حالاتُ الشاشة	قارئة	— عرض	—	—	تبقى بقالبِها	لم يبدأ	AC-U1 قشرة · AC-U2 مكوّن · AC-U3 حالات
إدارة المشتريات التشغيلية	مركز العمل	مركز العمل	بوابتي	بوابتي	my_portal.php	لا	—	—	منظر	قالبُ السجلِّ الجدوليّ	INJAZ DataGrid · الشريطُ الموحَّد · المرشِّحات · المناظرُ المحفوظة · حالاتُ الشاشة	قارئة	— عرض	—	—	تبقى بقالبِها	لم يبدأ	AC-U1 قشرة · AC-U2 مكوّن · AC-U3 حالات
إدارة المشتريات التشغيلية	مركز العمل	مركز العمل	طلباتي	طلباتي	my_requests.php	لا	—	—	فعل	قالبُ الفعلِ والاعتماد	مكوّنُ الانتقال · حوارُ التأكيد · بطاقةُ اعتماد	مستندٌ يُعتمد	— عرض	—	—	تبقى بقالبِها	لم يبدأ	AC-U1 قشرة · AC-U2 مكوّن · AC-U3 حالات
إدارة المشتريات التشغيلية	مركز العمل	مركز العمل	المراسلات	المراسلات	messages.php	لا	—	—	شاشةٌ مستقلة	قالبُ السجلِّ الجدوليّ	INJAZ DataGrid · الشريطُ الموحَّد · المرشِّحات · المناظرُ المحفوظة · حالاتُ الشاشة	سجلٌّ أو إعداد	— عرض	—	—	تبقى بقالبِها	لم يبدأ	AC-U1 قشرة · AC-U2 مكوّن · AC-U3 حالات
إدارة المشتريات التشغيلية	مركز العمل	الاعتمادات الواردة	ميزانية المشتريات المركزية المجمَّعة	ميزانية المشتريات المركزية المجمَّعة	central_proc_budget.php	لا	—	—	شاشةٌ مستقلة	قالبُ المستندِ ودورتِه	شبكةُ النموذج · شريطُ الحفظِ اللاصق · مكوّنُ الانتقال · سجلُّ النشاط	مستندٌ يُعتمد	◆ انتقالُ حالة	مستندٌ يُعتمد بلا مستندٍ رسميٍّ مسمًّى	عالٍ	تبقى بقالبِها	لم يبدأ	AC-U1 قشرة · AC-U2 مكوّن · AC-U3 حالات
إدارة المشتريات التشغيلية	مركز العمل	البلاغات والمهل	بلاغات إدارتي	بلاغات إدارتي	tickets_dept.php	لا	—	—	شاشةٌ مستقلة	قالبُ السجلِّ الجدوليّ	INJAZ DataGrid · الشريطُ الموحَّد · المرشِّحات · المناظرُ المحفوظة · حالاتُ الشاشة	سجلٌّ أو إعداد	طلب تغيير حالة	—	—	تبقى بقالبِها	لم يبدأ	AC-U1 قشرة · AC-U2 مكوّن · AC-U3 حالات
إدارة المشتريات التشغيلية	مركز العمل	البلاغات والمهل	أبلغ عن مشكلة من هذه الشاشة	أبلغ عن مشكلة من هذه الشاشة	ticket_open.php	لا	—	—	شاشةٌ مستقلة	قالبُ السجلِّ الجدوليّ	INJAZ DataGrid · الشريطُ الموحَّد · المرشِّحات · المناظرُ المحفوظة · حالاتُ الشاشة	سجلٌّ أو إعداد	طلب تغيير حالة	—	—	تبقى بقالبِها	لم يبدأ	AC-U1 قشرة · AC-U2 مكوّن · AC-U3 حالات
إدارة المشتريات التشغيلية	مركز العمل	البلاغات والمهل	صندوق ما ينتظر اعتمادي	صندوق ما ينتظر اعتمادي	approvals_inbox.php	لا	—	—	شاشةٌ مستقلة	قالبُ المستندِ ودورتِه	شبكةُ النموذج · شريطُ الحفظِ اللاصق · مكوّنُ الانتقال · سجلُّ النشاط	مستندٌ يُعتمد	محضر اعتماد الموقع	—	—	تبقى بقالبِها	لم يبدأ	AC-U1 قشرة · AC-U2 مكوّن · AC-U3 حالات
إدارة المشتريات التشغيلية	دورة الإدارة	الطلبات وحدود المخزون	طلبات الشراء	طلبات الشراء	pr.php	لا	—	—	فعل	قالبُ الفعلِ والاعتماد	مكوّنُ الانتقال · حوارُ التأكيد · بطاقةُ اعتماد	مستندٌ يُعتمد	— طلبات	—	—	تبقى بقالبِها	لم يبدأ	AC-U1 قشرة · AC-U2 مكوّن · AC-U3 حالات
إدارة المشتريات التشغيلية	دورة الإدارة	الطلبات وحدود المخزون	أرصدة المخزون بحالاتها	أرصدة المخزون بحالاتها	stock.php	لا	—	—	شاشةٌ مستقلة	قالبُ السجلِّ الجدوليّ	INJAZ DataGrid · الشريطُ الموحَّد · المرشِّحات · المناظرُ المحفوظة · حالاتُ الشاشة	سجلٌّ أو إعداد	طلب تغيير حالة	—	—	تبقى بقالبِها	لم يبدأ	AC-U1 قشرة · AC-U2 مكوّن · AC-U3 حالات
إدارة المشتريات التشغيلية	دورة الإدارة	الطلبات وحدود المخزون	كتالوج الأصناف والقطع الحرجة	كتالوج الأصناف والقطع الحرجة	items.php	لا	—	—	شاشةٌ مستقلة	قالبُ السجلِّ الجدوليّ	INJAZ DataGrid · الشريطُ الموحَّد · المرشِّحات · المناظرُ المحفوظة · حالاتُ الشاشة	سجلٌّ أو إعداد	طلب صرف · سند صرف	—	—	تبقى بقالبِها	لم يبدأ	AC-U1 قشرة · AC-U2 مكوّن · AC-U3 حالات
إدارة المشتريات التشغيلية	دورة الإدارة	طلبات العروض	طلب العروض ومقارنتها	طلب العروض ومقارنتها	rfq.php	لا	—	—	شاشةٌ مستقلة	قالبُ المستندِ ودورتِه	شبكةُ النموذج · شريطُ الحفظِ اللاصق · مكوّنُ الانتقال · سجلُّ النشاط	مستندٌ يُعتمد	محضر مقارنة · قرار ترسية	—	—	تبقى بقالبِها	لم يبدأ	AC-U1 قشرة · AC-U2 مكوّن · AC-U3 حالات
إدارة المشتريات التشغيلية	دورة الإدارة	طلبات العروض	سجل الموردين	سجل الموردين	suppliers.php	لا	المورد	—	شاشةٌ مستقلة	قالبُ السجلِّ الجدوليّ	INJAZ DataGrid · الشريطُ الموحَّد · المرشِّحات · المناظرُ المحفوظة · حالاتُ الشاشة	سجلٌّ أو إعداد	محضر مقارنة · قرار ترسية	—	—	تبقى بقالبِها	لم يبدأ	AC-U1 قشرة · AC-U2 مكوّن · AC-U3 حالات
إدارة المشتريات التشغيلية	دورة الإدارة	الترسية والشراء	أوامر الشراء	أوامر الشراء	po.php	لا	—	—	شاشةٌ مستقلة	قالبُ السجلِّ الجدوليّ	INJAZ DataGrid · الشريطُ الموحَّد · المرشِّحات · المناظرُ المحفوظة · حالاتُ الشاشة	سجلٌّ أو إعداد	أمر شراء معتمد ماليًّا	—	—	تبقى بقالبِها	لم يبدأ	AC-U1 قشرة · AC-U2 مكوّن · AC-U3 حالات
إدارة المشتريات التشغيلية	دورة الإدارة	الاستلام والمطابقة	الاستلام المؤقت قبل الإدخال	الاستلام المؤقت قبل الإدخال	wh_receipt.php	لا	—	—	شاشةٌ مستقلة	قالبُ السجلِّ الجدوليّ	INJAZ DataGrid · الشريطُ الموحَّد · المرشِّحات · المناظرُ المحفوظة · حالاتُ الشاشة	سجلٌّ أو إعداد	مطابقة ثلاثية	—	—	تبقى بقالبِها	لم يبدأ	AC-U1 قشرة · AC-U2 مكوّن · AC-U3 حالات
إدارة المشتريات التشغيلية	دورة الإدارة	الاستلام والمطابقة	مطابقة الفاتورة بالأمر والاستلام	مطابقة الفاتورة بالأمر والاستلام	po_match.php	لا	—	—	شاشةٌ مستقلة	قالبُ المستندِ ودورتِه	شبكةُ النموذج · شريطُ الحفظِ اللاصق · مكوّنُ الانتقال · سجلُّ النشاط	مستندٌ يُعتمد	مطابقة ثلاثية	—	—	تبقى بقالبِها	لم يبدأ	AC-U1 قشرة · AC-U2 مكوّن · AC-U3 حالات
إدارة المشتريات التشغيلية	دورة الإدارة	الاستلام والمطابقة	طلبات الدفع والسداد	طلبات الدفع والسداد	payments.php	لا	—	—	فعل	قالبُ الفعلِ والاعتماد	مكوّنُ الانتقال · حوارُ التأكيد · بطاقةُ اعتماد	مستندٌ يُعتمد	— طلبات	—	—	تبقى بقالبِها	لم يبدأ	AC-U1 قشرة · AC-U2 مكوّن · AC-U3 حالات
إدارة المشتريات التشغيلية	المرجع والإدارة	الميزانية ومؤشرات الأداء	ميزانية إدارتي	ميزانية إدارتي	budget_dept.php	نعم — يوحَّد مع نظيرِه	—	—	شاشةٌ مستقلة	قالبُ السجلِّ الجدوليّ	INJAZ DataGrid · الشريطُ الموحَّد · المرشِّحات · المناظرُ المحفوظة · حالاتُ الشاشة	سجلٌّ أو إعداد	تقرير إقفال يومي	—	—	تبقى بقالبِها	لم يبدأ	AC-U1 قشرة · AC-U2 مكوّن · AC-U3 حالات
إدارة المشتريات التشغيلية	المرجع والإدارة	الميزانية ومؤشرات الأداء	إنجاز الإدارة	إنجاز الإدارة	dept_achievement.php	لا	—	—	شاشةٌ مستقلة	قالبُ السجلِّ الجدوليّ	INJAZ DataGrid · الشريطُ الموحَّد · المرشِّحات · المناظرُ المحفوظة · حالاتُ الشاشة	سجلٌّ أو إعداد	— قراءةٌ عليا	—	—	تبقى بقالبِها	لم يبدأ	AC-U1 قشرة · AC-U2 مكوّن · AC-U3 حالات
إدارة المشتريات التشغيلية	المرجع والإدارة	الميزانية ومؤشرات الأداء	مركز التقارير	مركز التقارير	reports_index.php	لا	—	—	شاشةٌ مستقلة	قالبُ السجلِّ الجدوليّ	INJAZ DataGrid · الشريطُ الموحَّد · المرشِّحات · المناظرُ المحفوظة · حالاتُ الشاشة	سجلٌّ أو إعداد	تقرير إقفال يومي	—	—	تبقى بقالبِها	لم يبدأ	AC-U1 قشرة · AC-U2 مكوّن · AC-U3 حالات
إدارة المشتريات التشغيلية	المرجع والإدارة	الحوكمة والضوابط	مخاطر المشتريات التشغيلية	مخاطر المشتريات التشغيلية	risk_dept_prc.php	لا	—	—	منظر	قالبُ السجلِّ الجدوليّ	INJAZ DataGrid · الشريطُ الموحَّد · المرشِّحات · المناظرُ المحفوظة · حالاتُ الشاشة	قارئة	قراءة	—	—	تبقى بقالبِها	لم يبدأ	AC-U1 قشرة · AC-U2 مكوّن · AC-U3 حالات
إدارة المشتريات التشغيلية	المرجع والإدارة	التقارير والتحليلات	حوكمة إدارة المشتريات التشغيلية	حوكمة إدارة المشتريات التشغيلية	gov_dept_prc.php	لا	—	—	منظر	قالبُ السجلِّ الجدوليّ	INJAZ DataGrid · الشريطُ الموحَّد · المرشِّحات · المناظرُ المحفوظة · حالاتُ الشاشة	قارئة	قراءة	—	—	تبقى بقالبِها	لم يبدأ	AC-U1 قشرة · AC-U2 مكوّن · AC-U3 حالات
إدارة المخازن	مركز العمل	مركز العمل	مهامي	مهامي	my_tasks.php	لا	—	—	شاشةٌ مستقلة	قالبُ السجلِّ الجدوليّ	INJAZ DataGrid · الشريطُ الموحَّد · المرشِّحات · المناظرُ المحفوظة · حالاتُ الشاشة	سجلٌّ أو إعداد	— عرض	—	—	تبقى بقالبِها	لم يبدأ	AC-U1 قشرة · AC-U2 مكوّن · AC-U3 حالات
إدارة المخازن	مركز العمل	مركز العمل	إنجازي	إنجازي	my_achievement.php	لا	—	—	منظر	قالبُ السجلِّ الجدوليّ	INJAZ DataGrid · الشريطُ الموحَّد · المرشِّحات · المناظرُ المحفوظة · حالاتُ الشاشة	قارئة	— عرض	—	—	تبقى بقالبِها	لم يبدأ	AC-U1 قشرة · AC-U2 مكوّن · AC-U3 حالات
إدارة المخازن	مركز العمل	مركز العمل	بوابتي	بوابتي	my_portal.php	لا	—	—	منظر	قالبُ السجلِّ الجدوليّ	INJAZ DataGrid · الشريطُ الموحَّد · المرشِّحات · المناظرُ المحفوظة · حالاتُ الشاشة	قارئة	— عرض	—	—	تبقى بقالبِها	لم يبدأ	AC-U1 قشرة · AC-U2 مكوّن · AC-U3 حالات
إدارة المخازن	مركز العمل	مركز العمل	طلباتي	طلباتي	my_requests.php	لا	—	—	فعل	قالبُ الفعلِ والاعتماد	مكوّنُ الانتقال · حوارُ التأكيد · بطاقةُ اعتماد	مستندٌ يُعتمد	— عرض	—	—	تبقى بقالبِها	لم يبدأ	AC-U1 قشرة · AC-U2 مكوّن · AC-U3 حالات
إدارة المخازن	مركز العمل	مركز العمل	المراسلات	المراسلات	messages.php	لا	—	—	شاشةٌ مستقلة	قالبُ السجلِّ الجدوليّ	INJAZ DataGrid · الشريطُ الموحَّد · المرشِّحات · المناظرُ المحفوظة · حالاتُ الشاشة	سجلٌّ أو إعداد	— عرض	—	—	تبقى بقالبِها	لم يبدأ	AC-U1 قشرة · AC-U2 مكوّن · AC-U3 حالات
إدارة المخازن	مركز العمل	البلاغات والمهل	بلاغات إدارتي	بلاغات إدارتي	tickets_dept.php	لا	—	—	شاشةٌ مستقلة	قالبُ السجلِّ الجدوليّ	INJAZ DataGrid · الشريطُ الموحَّد · المرشِّحات · المناظرُ المحفوظة · حالاتُ الشاشة	سجلٌّ أو إعداد	طلب تغيير حالة	—	—	تبقى بقالبِها	لم يبدأ	AC-U1 قشرة · AC-U2 مكوّن · AC-U3 حالات
إدارة المخازن	مركز العمل	البلاغات والمهل	أبلغ عن مشكلة من هذه الشاشة	أبلغ عن مشكلة من هذه الشاشة	ticket_open.php	لا	—	—	شاشةٌ مستقلة	قالبُ السجلِّ الجدوليّ	INJAZ DataGrid · الشريطُ الموحَّد · المرشِّحات · المناظرُ المحفوظة · حالاتُ الشاشة	سجلٌّ أو إعداد	طلب تغيير حالة	—	—	تبقى بقالبِها	لم يبدأ	AC-U1 قشرة · AC-U2 مكوّن · AC-U3 حالات
إدارة المخازن	مركز العمل	البلاغات والمهل	صندوق ما ينتظر اعتمادي	صندوق ما ينتظر اعتمادي	approvals_inbox.php	لا	—	—	شاشةٌ مستقلة	قالبُ المستندِ ودورتِه	شبكةُ النموذج · شريطُ الحفظِ اللاصق · مكوّنُ الانتقال · سجلُّ النشاط	مستندٌ يُعتمد	محضر اعتماد الموقع	—	—	تبقى بقالبِها	لم يبدأ	AC-U1 قشرة · AC-U2 مكوّن · AC-U3 حالات
إدارة المخازن	دورة الإدارة	الاستلام	الاستلام المؤقت قبل الإدخال	الاستلام المؤقت قبل الإدخال	wh_receipt.php	لا	—	—	شاشةٌ مستقلة	قالبُ السجلِّ الجدوليّ	INJAZ DataGrid · الشريطُ الموحَّد · المرشِّحات · المناظرُ المحفوظة · حالاتُ الشاشة	سجلٌّ أو إعداد	مطابقة ثلاثية	—	—	تبقى بقالبِها	لم يبدأ	AC-U1 قشرة · AC-U2 مكوّن · AC-U3 حالات
إدارة المخازن	دورة الإدارة	الاستلام	أوامر الشراء	أوامر الشراء	po.php	لا	—	—	شاشةٌ مستقلة	قالبُ السجلِّ الجدوليّ	INJAZ DataGrid · الشريطُ الموحَّد · المرشِّحات · المناظرُ المحفوظة · حالاتُ الشاشة	سجلٌّ أو إعداد	أمر شراء معتمد ماليًّا	—	—	تبقى بقالبِها	لم يبدأ	AC-U1 قشرة · AC-U2 مكوّن · AC-U3 حالات
إدارة المخازن	دورة الإدارة	الاستلام	أوامر الترحيل	أوامر الترحيل	transfer_ord.php	لا	—	—	شاشةٌ مستقلة	قالبُ المستندِ ودورتِه	شبكةُ النموذج · شريطُ الحفظِ اللاصق · مكوّنُ الانتقال · سجلُّ النشاط	مستندٌ يُعتمد	طلب تغيير حالة	—	—	تبقى بقالبِها	لم يبدأ	AC-U1 قشرة · AC-U2 مكوّن · AC-U3 حالات
إدارة المخازن	دورة الإدارة	الاستلام	أرصدة المخزون بحالاتها	أرصدة المخزون بحالاتها	stock.php	لا	—	—	شاشةٌ مستقلة	قالبُ السجلِّ الجدوليّ	INJAZ DataGrid · الشريطُ الموحَّد · المرشِّحات · المناظرُ المحفوظة · حالاتُ الشاشة	سجلٌّ أو إعداد	طلب تغيير حالة	—	—	تبقى بقالبِها	لم يبدأ	AC-U1 قشرة · AC-U2 مكوّن · AC-U3 حالات
إدارة المخازن	دورة الإدارة	الاستلام	التحويل بين المخازن	التحويل بين المخازن	wh_transfer.php	لا	—	—	شاشةٌ مستقلة	قالبُ السجلِّ الجدوليّ	INJAZ DataGrid · الشريطُ الموحَّد · المرشِّحات · المناظرُ المحفوظة · حالاتُ الشاشة	سجلٌّ أو إعداد	حركة إدخال	—	—	تبقى بقالبِها	لم يبدأ	AC-U1 قشرة · AC-U2 مكوّن · AC-U3 حالات
إدارة المخازن	دورة الإدارة	الصرف	صرف مواد من المخزن	صرف مواد من المخزن	issue.php	لا	—	—	شاشةٌ مستقلة	قالبُ المستندِ ودورتِه	شبكةُ النموذج · شريطُ الحفظِ اللاصق · مكوّنُ الانتقال · سجلُّ النشاط	مستندٌ يُعتمد	طلب تغيير حالة	—	—	تبقى بقالبِها	لم يبدأ	AC-U1 قشرة · AC-U2 مكوّن · AC-U3 حالات
إدارة المخازن	دورة الإدارة	الصرف	العهد والمرتجعات	العهد والمرتجعات	custody.php	لا	—	—	شاشةٌ مستقلة	قالبُ السجلِّ الجدوليّ	INJAZ DataGrid · الشريطُ الموحَّد · المرشِّحات · المناظرُ المحفوظة · حالاتُ الشاشة	سجلٌّ أو إعداد	طلب تغيير حالة	—	—	تبقى بقالبِها	لم يبدأ	AC-U1 قشرة · AC-U2 مكوّن · AC-U3 حالات
إدارة المخازن	دورة الإدارة	الجرد	الجرد ومعالجة الفروقات	الجرد ومعالجة الفروقات	wh_count.php	لا	—	—	شاشةٌ مستقلة	قالبُ السجلِّ الجدوليّ	INJAZ DataGrid · الشريطُ الموحَّد · المرشِّحات · المناظرُ المحفوظة · حالاتُ الشاشة	سجلٌّ أو إعداد	محضر جرد · قيد تسوية	—	—	تبقى بقالبِها	لم يبدأ	AC-U1 قشرة · AC-U2 مكوّن · AC-U3 حالات
إدارة المخازن	دورة الإدارة	الجرد	استهلاك المعدة ومعدله	استهلاك المعدة ومعدله	consumption_rate.php	لا	المعدة	ملفُّ المعدة	تبويبٌ في ملفِّ الكيانِ الأم	قالبُ ملفِّ الكيان	تبويباتُ الرحلة · الخطُّ الزمنيّ · وسمُ الحالة · بطاقاتُ مؤشرٍ مضغوطة	سجلٌّ أو إعداد	محضر جرد · قيد تسوية	مرشَّحةٌ للدمجِ في ملفِّ الكيانِ الأم	متوسط	تُدمج تبويبًا	لم يبدأ	AC-U1 قشرة · AC-U2 مكوّن · AC-U3 حالات
إدارة المخازن	المرجع والإدارة	البيانات المرجعية والإعدادات	طلبات الشراء	طلبات الشراء	pr.php	لا	—	—	فعل	قالبُ الفعلِ والاعتماد	مكوّنُ الانتقال · حوارُ التأكيد · بطاقةُ اعتماد	مستندٌ يُعتمد	— طلبات	—	—	تبقى بقالبِها	لم يبدأ	AC-U1 قشرة · AC-U2 مكوّن · AC-U3 حالات
إدارة المخازن	المرجع والإدارة	البيانات المرجعية والإعدادات	طلبات الترحيل	طلبات الترحيل	transfer_req.php	لا	—	—	فعل	قالبُ الفعلِ والاعتماد	مكوّنُ الانتقال · حوارُ التأكيد · بطاقةُ اعتماد	مستندٌ يُعتمد	— طلبات	—	—	تبقى بقالبِها	لم يبدأ	AC-U1 قشرة · AC-U2 مكوّن · AC-U3 حالات
إدارة المخازن	المرجع والإدارة	البيانات المرجعية والإعدادات	كتالوج الأصناف والقطع الحرجة	كتالوج الأصناف والقطع الحرجة	items.php	لا	—	—	شاشةٌ مستقلة	قالبُ السجلِّ الجدوليّ	INJAZ DataGrid · الشريطُ الموحَّد · المرشِّحات · المناظرُ المحفوظة · حالاتُ الشاشة	سجلٌّ أو إعداد	طلب صرف · سند صرف	—	—	تبقى بقالبِها	لم يبدأ	AC-U1 قشرة · AC-U2 مكوّن · AC-U3 حالات
إدارة المخازن	المرجع والإدارة	البيانات المرجعية والإعدادات	المخازن وأنواعها	المخازن وأنواعها	warehouses.php	لا	—	—	شاشةٌ مستقلة	قالبُ السجلِّ الجدوليّ	INJAZ DataGrid · الشريطُ الموحَّد · المرشِّحات · المناظرُ المحفوظة · حالاتُ الشاشة	سجلٌّ أو إعداد	— إعدادات	—	—	تبقى بقالبِها	لم يبدأ	AC-U1 قشرة · AC-U2 مكوّن · AC-U3 حالات
إدارة المخازن	المرجع والإدارة	الميزانية ومؤشرات الأداء	ميزانية إدارتي	ميزانية إدارتي	budget_dept.php	نعم — يوحَّد مع نظيرِه	—	—	شاشةٌ مستقلة	قالبُ السجلِّ الجدوليّ	INJAZ DataGrid · الشريطُ الموحَّد · المرشِّحات · المناظرُ المحفوظة · حالاتُ الشاشة	سجلٌّ أو إعداد	تقرير إقفال يومي	—	—	تبقى بقالبِها	لم يبدأ	AC-U1 قشرة · AC-U2 مكوّن · AC-U3 حالات
إدارة المخازن	المرجع والإدارة	الميزانية ومؤشرات الأداء	إنجاز الإدارة	إنجاز الإدارة	dept_achievement.php	لا	—	—	شاشةٌ مستقلة	قالبُ السجلِّ الجدوليّ	INJAZ DataGrid · الشريطُ الموحَّد · المرشِّحات · المناظرُ المحفوظة · حالاتُ الشاشة	سجلٌّ أو إعداد	— قراءةٌ عليا	—	—	تبقى بقالبِها	لم يبدأ	AC-U1 قشرة · AC-U2 مكوّن · AC-U3 حالات
إدارة المخازن	المرجع والإدارة	الميزانية ومؤشرات الأداء	مركز التقارير	مركز التقارير	reports_index.php	لا	—	—	شاشةٌ مستقلة	قالبُ السجلِّ الجدوليّ	INJAZ DataGrid · الشريطُ الموحَّد · المرشِّحات · المناظرُ المحفوظة · حالاتُ الشاشة	سجلٌّ أو إعداد	تقرير إقفال يومي	—	—	تبقى بقالبِها	لم يبدأ	AC-U1 قشرة · AC-U2 مكوّن · AC-U3 حالات
إدارة المخازن	المرجع والإدارة	الحوكمة والضوابط	مخاطر المخازن	مخاطر المخازن	risk_dept_inv.php	لا	—	—	منظر	قالبُ السجلِّ الجدوليّ	INJAZ DataGrid · الشريطُ الموحَّد · المرشِّحات · المناظرُ المحفوظة · حالاتُ الشاشة	قارئة	قراءة	—	—	تبقى بقالبِها	لم يبدأ	AC-U1 قشرة · AC-U2 مكوّن · AC-U3 حالات
إدارة المخازن	المرجع والإدارة	التقارير والتحليلات	حوكمة إدارة المخازن	حوكمة إدارة المخازن	gov_dept_inv.php	لا	—	—	منظر	قالبُ السجلِّ الجدوليّ	INJAZ DataGrid · الشريطُ الموحَّد · المرشِّحات · المناظرُ المحفوظة · حالاتُ الشاشة	قارئة	قراءة	—	—	تبقى بقالبِها	لم يبدأ	AC-U1 قشرة · AC-U2 مكوّن · AC-U3 حالات
النقل والترحيل	مركز العمل	مركز العمل	مهامي	مهامي	my_tasks.php	لا	—	—	شاشةٌ مستقلة	قالبُ السجلِّ الجدوليّ	INJAZ DataGrid · الشريطُ الموحَّد · المرشِّحات · المناظرُ المحفوظة · حالاتُ الشاشة	سجلٌّ أو إعداد	— عرض	—	—	تبقى بقالبِها	لم يبدأ	AC-U1 قشرة · AC-U2 مكوّن · AC-U3 حالات
النقل والترحيل	مركز العمل	مركز العمل	إنجازي	إنجازي	my_achievement.php	لا	—	—	منظر	قالبُ السجلِّ الجدوليّ	INJAZ DataGrid · الشريطُ الموحَّد · المرشِّحات · المناظرُ المحفوظة · حالاتُ الشاشة	قارئة	— عرض	—	—	تبقى بقالبِها	لم يبدأ	AC-U1 قشرة · AC-U2 مكوّن · AC-U3 حالات
النقل والترحيل	مركز العمل	مركز العمل	بوابتي	بوابتي	my_portal.php	لا	—	—	منظر	قالبُ السجلِّ الجدوليّ	INJAZ DataGrid · الشريطُ الموحَّد · المرشِّحات · المناظرُ المحفوظة · حالاتُ الشاشة	قارئة	— عرض	—	—	تبقى بقالبِها	لم يبدأ	AC-U1 قشرة · AC-U2 مكوّن · AC-U3 حالات
النقل والترحيل	مركز العمل	مركز العمل	طلباتي	طلباتي	my_requests.php	لا	—	—	فعل	قالبُ الفعلِ والاعتماد	مكوّنُ الانتقال · حوارُ التأكيد · بطاقةُ اعتماد	مستندٌ يُعتمد	— عرض	—	—	تبقى بقالبِها	لم يبدأ	AC-U1 قشرة · AC-U2 مكوّن · AC-U3 حالات
النقل والترحيل	مركز العمل	مركز العمل	المراسلات	المراسلات	messages.php	لا	—	—	شاشةٌ مستقلة	قالبُ السجلِّ الجدوليّ	INJAZ DataGrid · الشريطُ الموحَّد · المرشِّحات · المناظرُ المحفوظة · حالاتُ الشاشة	سجلٌّ أو إعداد	— عرض	—	—	تبقى بقالبِها	لم يبدأ	AC-U1 قشرة · AC-U2 مكوّن · AC-U3 حالات
النقل والترحيل	مركز العمل	مركز العمل	متابعة الرحلات في الطريق	متابعة الرحلات في الطريق	transfer_track.php	لا	—	—	شاشةٌ مستقلة	قالبُ السجلِّ الجدوليّ	INJAZ DataGrid · الشريطُ الموحَّد · المرشِّحات · المناظرُ المحفوظة · حالاتُ الشاشة	سجلٌّ أو إعداد	— عرض	—	—	تبقى بقالبِها	لم يبدأ	AC-U1 قشرة · AC-U2 مكوّن · AC-U3 حالات
النقل والترحيل	دورة الإدارة	طلبات النقل	طلبات الترحيل	طلبات الترحيل	transfer_req.php	لا	—	—	فعل	قالبُ الفعلِ والاعتماد	مكوّنُ الانتقال · حوارُ التأكيد · بطاقةُ اعتماد	مستندٌ يُعتمد	— طلبات	—	—	تبقى بقالبِها	لم يبدأ	AC-U1 قشرة · AC-U2 مكوّن · AC-U3 حالات
النقل والترحيل	دورة الإدارة	أوامر الترحيل	أوامر الترحيل	أوامر الترحيل	transfer_ord.php	لا	—	—	شاشةٌ مستقلة	قالبُ المستندِ ودورتِه	شبكةُ النموذج · شريطُ الحفظِ اللاصق · مكوّنُ الانتقال · سجلُّ النشاط	مستندٌ يُعتمد	طلب تغيير حالة	—	—	تبقى بقالبِها	لم يبدأ	AC-U1 قشرة · AC-U2 مكوّن · AC-U3 حالات
النقل والترحيل	دورة الإدارة	أوامر الترحيل	سجل المعدات	سجل المعدات	equipments.php	لا	المعدة	—	شاشةٌ مستقلة	قالبُ السجلِّ الجدوليّ	INJAZ DataGrid · الشريطُ الموحَّد · المرشِّحات · المناظرُ المحفوظة · حالاتُ الشاشة	سجلٌّ أو إعداد	تخصيصٌ ميداني	—	—	تبقى بقالبِها	لم يبدأ	AC-U1 قشرة · AC-U2 مكوّن · AC-U3 حالات
النقل والترحيل	دورة الإدارة	أوامر الترحيل	سجل المشغّلين	سجل المشغّلين	operators.php	لا	المشغّل	—	شاشةٌ مستقلة	قالبُ السجلِّ الجدوليّ	INJAZ DataGrid · الشريطُ الموحَّد · المرشِّحات · المناظرُ المحفوظة · حالاتُ الشاشة	سجلٌّ أو إعداد	تخصيصٌ ميداني	—	—	تبقى بقالبِها	لم يبدأ	AC-U1 قشرة · AC-U2 مكوّن · AC-U3 حالات
النقل والترحيل	دورة الإدارة	أوامر الترحيل	بلاغات إدارتي	بلاغات إدارتي	tickets_dept.php	لا	—	—	شاشةٌ مستقلة	قالبُ السجلِّ الجدوليّ	INJAZ DataGrid · الشريطُ الموحَّد · المرشِّحات · المناظرُ المحفوظة · حالاتُ الشاشة	سجلٌّ أو إعداد	طلب تغيير حالة	—	—	تبقى بقالبِها	لم يبدأ	AC-U1 قشرة · AC-U2 مكوّن · AC-U3 حالات
النقل والترحيل	دورة الإدارة	أوامر الترحيل	أبلغ عن مشكلة من هذه الشاشة	أبلغ عن مشكلة من هذه الشاشة	ticket_open.php	لا	—	—	شاشةٌ مستقلة	قالبُ السجلِّ الجدوليّ	INJAZ DataGrid · الشريطُ الموحَّد · المرشِّحات · المناظرُ المحفوظة · حالاتُ الشاشة	سجلٌّ أو إعداد	طلب تغيير حالة	—	—	تبقى بقالبِها	لم يبدأ	AC-U1 قشرة · AC-U2 مكوّن · AC-U3 حالات
النقل والترحيل	دورة الإدارة	أوامر الترحيل	صندوق ما ينتظر اعتمادي	صندوق ما ينتظر اعتمادي	approvals_inbox.php	لا	—	—	شاشةٌ مستقلة	قالبُ المستندِ ودورتِه	شبكةُ النموذج · شريطُ الحفظِ اللاصق · مكوّنُ الانتقال · سجلُّ النشاط	مستندٌ يُعتمد	محضر اعتماد الموقع	—	—	تبقى بقالبِها	لم يبدأ	AC-U1 قشرة · AC-U2 مكوّن · AC-U3 حالات
النقل والترحيل	دورة الإدارة	أوامر الترحيل	تعرفة الترحيل وقواعد التحميل	تعرفة الترحيل وقواعد التحميل	transfer_tariff.php	لا	—	—	شاشةٌ مستقلة	قالبُ المستندِ ودورتِه	شبكةُ النموذج · شريطُ الحفظِ اللاصق · مكوّنُ الانتقال · سجلُّ النشاط	مستندٌ يُعتمد	— إعدادات	—	—	تبقى بقالبِها	لم يبدأ	AC-U1 قشرة · AC-U2 مكوّن · AC-U3 حالات
النقل والترحيل	دورة الإدارة	أوامر الترحيل	ميزانية إدارتي	ميزانية إدارتي	budget_dept.php	نعم — يوحَّد مع نظيرِه	—	—	شاشةٌ مستقلة	قالبُ السجلِّ الجدوليّ	INJAZ DataGrid · الشريطُ الموحَّد · المرشِّحات · المناظرُ المحفوظة · حالاتُ الشاشة	سجلٌّ أو إعداد	تقرير إقفال يومي	—	—	تبقى بقالبِها	لم يبدأ	AC-U1 قشرة · AC-U2 مكوّن · AC-U3 حالات
النقل والترحيل	دورة الإدارة	أوامر الترحيل	إنجاز الإدارة	إنجاز الإدارة	dept_achievement.php	لا	—	—	شاشةٌ مستقلة	قالبُ السجلِّ الجدوليّ	INJAZ DataGrid · الشريطُ الموحَّد · المرشِّحات · المناظرُ المحفوظة · حالاتُ الشاشة	سجلٌّ أو إعداد	— قراءةٌ عليا	—	—	تبقى بقالبِها	لم يبدأ	AC-U1 قشرة · AC-U2 مكوّن · AC-U3 حالات
النقل والترحيل	دورة الإدارة	أوامر الترحيل	مركز التقارير	مركز التقارير	reports_index.php	لا	—	—	شاشةٌ مستقلة	قالبُ السجلِّ الجدوليّ	INJAZ DataGrid · الشريطُ الموحَّد · المرشِّحات · المناظرُ المحفوظة · حالاتُ الشاشة	سجلٌّ أو إعداد	تقرير إقفال يومي	—	—	تبقى بقالبِها	لم يبدأ	AC-U1 قشرة · AC-U2 مكوّن · AC-U3 حالات
النقل والترحيل	دورة الإدارة	الإقفال والتكلفة	إقفال الأمر وتحميل تكلفته	إقفال الأمر وتحميل تكلفته	transfer_cost.php	لا	—	—	شاشةٌ مستقلة	قالبُ المستندِ ودورتِه	شبكةُ النموذج · شريطُ الحفظِ اللاصق · مكوّنُ الانتقال · سجلُّ النشاط	مستندٌ يُعتمد	تحميل على مصدرها	—	—	تبقى بقالبِها	لم يبدأ	AC-U1 قشرة · AC-U2 مكوّن · AC-U3 حالات
النقل والترحيل	دورة الإدارة	الإقفال والتكلفة	طلبات الدفع والسداد	طلبات الدفع والسداد	payments.php	لا	—	—	فعل	قالبُ الفعلِ والاعتماد	مكوّنُ الانتقال · حوارُ التأكيد · بطاقةُ اعتماد	مستندٌ يُعتمد	— طلبات	—	—	تبقى بقالبِها	لم يبدأ	AC-U1 قشرة · AC-U2 مكوّن · AC-U3 حالات
النقل والترحيل	المرجع والإدارة	البيانات المرجعية والإعدادات	تصاريح المسار والحمولة	تصاريح المسار والحمولة	transfer_permits.php	لا	—	—	شاشةٌ مستقلة	قالبُ السجلِّ الجدوليّ	INJAZ DataGrid · الشريطُ الموحَّد · المرشِّحات · المناظرُ المحفوظة · حالاتُ الشاشة	سجلٌّ أو إعداد	تصريح مسار وحمولة	—	—	تبقى بقالبِها	لم يبدأ	AC-U1 قشرة · AC-U2 مكوّن · AC-U3 حالات
النقل والترحيل	المرجع والإدارة	البيانات المرجعية والإعدادات	اللوابد والمركبات الناقلة	اللوابد والمركبات الناقلة	transfer_fleet.php	لا	—	—	شاشةٌ مستقلة	قالبُ السجلِّ الجدوليّ	INJAZ DataGrid · الشريطُ الموحَّد · المرشِّحات · المناظرُ المحفوظة · حالاتُ الشاشة	سجلٌّ أو إعداد	تصريح مسار وحمولة	—	—	تبقى بقالبِها	لم يبدأ	AC-U1 قشرة · AC-U2 مكوّن · AC-U3 حالات
النقل والترحيل	المرجع والإدارة	الحوكمة والضوابط	مخاطر النقل والترحيل	مخاطر النقل والترحيل	risk_dept_trp.php	لا	—	—	منظر	قالبُ السجلِّ الجدوليّ	INJAZ DataGrid · الشريطُ الموحَّد · المرشِّحات · المناظرُ المحفوظة · حالاتُ الشاشة	قارئة	قراءة	—	—	تبقى بقالبِها	لم يبدأ	AC-U1 قشرة · AC-U2 مكوّن · AC-U3 حالات
النقل والترحيل	المرجع والإدارة	التقارير والتحليلات	حوكمة النقل والترحيل	حوكمة النقل والترحيل	gov_dept_trp.php	لا	—	—	منظر	قالبُ السجلِّ الجدوليّ	INJAZ DataGrid · الشريطُ الموحَّد · المرشِّحات · المناظرُ المحفوظة · حالاتُ الشاشة	قارئة	قراءة	—	—	تبقى بقالبِها	لم يبدأ	AC-U1 قشرة · AC-U2 مكوّن · AC-U3 حالات
القوى التشغيلية	مركز العمل	مركز العمل	مهامي	مهامي	my_tasks.php	لا	—	—	شاشةٌ مستقلة	قالبُ السجلِّ الجدوليّ	INJAZ DataGrid · الشريطُ الموحَّد · المرشِّحات · المناظرُ المحفوظة · حالاتُ الشاشة	سجلٌّ أو إعداد	— عرض	—	—	تبقى بقالبِها	لم يبدأ	AC-U1 قشرة · AC-U2 مكوّن · AC-U3 حالات
القوى التشغيلية	مركز العمل	مركز العمل	إنجازي	إنجازي	my_achievement.php	لا	—	—	منظر	قالبُ السجلِّ الجدوليّ	INJAZ DataGrid · الشريطُ الموحَّد · المرشِّحات · المناظرُ المحفوظة · حالاتُ الشاشة	قارئة	— عرض	—	—	تبقى بقالبِها	لم يبدأ	AC-U1 قشرة · AC-U2 مكوّن · AC-U3 حالات
القوى التشغيلية	مركز العمل	مركز العمل	بوابتي	بوابتي	my_portal.php	لا	—	—	منظر	قالبُ السجلِّ الجدوليّ	INJAZ DataGrid · الشريطُ الموحَّد · المرشِّحات · المناظرُ المحفوظة · حالاتُ الشاشة	قارئة	— عرض	—	—	تبقى بقالبِها	لم يبدأ	AC-U1 قشرة · AC-U2 مكوّن · AC-U3 حالات
القوى التشغيلية	مركز العمل	مركز العمل	طلباتي	طلباتي	my_requests.php	لا	—	—	فعل	قالبُ الفعلِ والاعتماد	مكوّنُ الانتقال · حوارُ التأكيد · بطاقةُ اعتماد	مستندٌ يُعتمد	— عرض	—	—	تبقى بقالبِها	لم يبدأ	AC-U1 قشرة · AC-U2 مكوّن · AC-U3 حالات
القوى التشغيلية	مركز العمل	مركز العمل	المراسلات	المراسلات	messages.php	لا	—	—	شاشةٌ مستقلة	قالبُ السجلِّ الجدوليّ	INJAZ DataGrid · الشريطُ الموحَّد · المرشِّحات · المناظرُ المحفوظة · حالاتُ الشاشة	سجلٌّ أو إعداد	— عرض	—	—	تبقى بقالبِها	لم يبدأ	AC-U1 قشرة · AC-U2 مكوّن · AC-U3 حالات
القوى التشغيلية	مركز العمل	الاعتمادات الواردة	اعتماد وحدات المشغّلين	اعتماد وحدات المشغّلين	unit_workforce_approve.php	لا	المشغّل	ملفُّ المشغّل	تبويبٌ في ملفِّ الكيانِ الأم	قالبُ ملفِّ الكيان	تبويباتُ الرحلة · الخطُّ الزمنيّ · وسمُ الحالة · بطاقاتُ مؤشرٍ مضغوطة	مستندٌ يُعتمد	◆ انتقالُ حالة	مستندٌ يُعتمد بلا مستندٍ رسميٍّ مسمًّى · مرشَّحةٌ للدمجِ في ملفِّ الكيانِ الأم	عالٍ	تُدمج تبويبًا	لم يبدأ	AC-U1 قشرة · AC-U2 مكوّن · AC-U3 حالات
القوى التشغيلية	مركز العمل	البلاغات والمهل	بلاغات إدارتي	بلاغات إدارتي	tickets_dept.php	لا	—	—	شاشةٌ مستقلة	قالبُ السجلِّ الجدوليّ	INJAZ DataGrid · الشريطُ الموحَّد · المرشِّحات · المناظرُ المحفوظة · حالاتُ الشاشة	سجلٌّ أو إعداد	طلب تغيير حالة	—	—	تبقى بقالبِها	لم يبدأ	AC-U1 قشرة · AC-U2 مكوّن · AC-U3 حالات
القوى التشغيلية	مركز العمل	البلاغات والمهل	أبلغ عن مشكلة من هذه الشاشة	أبلغ عن مشكلة من هذه الشاشة	ticket_open.php	لا	—	—	شاشةٌ مستقلة	قالبُ السجلِّ الجدوليّ	INJAZ DataGrid · الشريطُ الموحَّد · المرشِّحات · المناظرُ المحفوظة · حالاتُ الشاشة	سجلٌّ أو إعداد	طلب تغيير حالة	—	—	تبقى بقالبِها	لم يبدأ	AC-U1 قشرة · AC-U2 مكوّن · AC-U3 حالات
القوى التشغيلية	مركز العمل	البلاغات والمهل	صندوق ما ينتظر اعتمادي	صندوق ما ينتظر اعتمادي	approvals_inbox.php	لا	—	—	شاشةٌ مستقلة	قالبُ المستندِ ودورتِه	شبكةُ النموذج · شريطُ الحفظِ اللاصق · مكوّنُ الانتقال · سجلُّ النشاط	مستندٌ يُعتمد	محضر اعتماد الموقع	—	—	تبقى بقالبِها	لم يبدأ	AC-U1 قشرة · AC-U2 مكوّن · AC-U3 حالات
القوى التشغيلية	دورة الإدارة	سجل المشغّلين	سجل المشغّلين	سجل المشغّلين	operators.php	لا	المشغّل	—	شاشةٌ مستقلة	قالبُ السجلِّ الجدوليّ	INJAZ DataGrid · الشريطُ الموحَّد · المرشِّحات · المناظرُ المحفوظة · حالاتُ الشاشة	سجلٌّ أو إعداد	تخصيصٌ ميداني	—	—	تبقى بقالبِها	لم يبدأ	AC-U1 قشرة · AC-U2 مكوّن · AC-U3 حالات
القوى التشغيلية	دورة الإدارة	سجل المشغّلين	عقود المشاريع المؤقتة	عقود المشاريع المؤقتة	project_contracts.php	لا	المشروع	—	شاشةٌ مستقلة	قالبُ المستندِ ودورتِه	شبكةُ النموذج · شريطُ الحفظِ اللاصق · مكوّنُ الانتقال · سجلُّ النشاط	مستندٌ يُعتمد	مشغّل مكوَّد بعقدٍ ساري	—	—	تبقى بقالبِها	لم يبدأ	AC-U1 قشرة · AC-U2 مكوّن · AC-U3 حالات
القوى التشغيلية	دورة الإدارة	سجل المشغّلين	أرقام المشغّلين الشاغرة	أرقام المشغّلين الشاغرة	op_codes.php	لا	المشغّل	ملفُّ المشغّل	تبويبٌ في ملفِّ الكيانِ الأم	قالبُ ملفِّ الكيان	تبويباتُ الرحلة · الخطُّ الزمنيّ · وسمُ الحالة · بطاقاتُ مؤشرٍ مضغوطة	سجلٌّ أو إعداد	مشغّل مكوَّد بعقدٍ ساري	مرشَّحةٌ للدمجِ في ملفِّ الكيانِ الأم	متوسط	تُدمج تبويبًا	لم يبدأ	AC-U1 قشرة · AC-U2 مكوّن · AC-U3 حالات
القوى التشغيلية	دورة الإدارة	سجل المشغّلين	التوظيف من الشاغر إلى المباشرة	التوظيف من الشاغر إلى المباشرة	recruitment.php	لا	—	—	شاشةٌ مستقلة	قالبُ السجلِّ الجدوليّ	INJAZ DataGrid · الشريطُ الموحَّد · المرشِّحات · المناظرُ المحفوظة · حالاتُ الشاشة	سجلٌّ أو إعداد	مشغّل مكوَّد بعقدٍ ساري	—	—	تبقى بقالبِها	لم يبدأ	AC-U1 قشرة · AC-U2 مكوّن · AC-U3 حالات
القوى التشغيلية	دورة الإدارة	سجل المشغّلين	الهيكل التنظيمي والمسميات	الهيكل التنظيمي والمسميات	org_structure.php	لا	—	—	شاشةٌ مستقلة	قالبُ السجلِّ الجدوليّ	INJAZ DataGrid · الشريطُ الموحَّد · المرشِّحات · المناظرُ المحفوظة · حالاتُ الشاشة	سجلٌّ أو إعداد	قرارُ فتح مشروع · تعيينُ مدير موقع	—	—	تبقى بقالبِها	لم يبدأ	AC-U1 قشرة · AC-U2 مكوّن · AC-U3 حالات
القوى التشغيلية	دورة الإدارة	سجل المشغّلين	التكليفات التنظيمية	التكليفات التنظيمية	org_assignments.php	لا	—	—	شاشةٌ مستقلة	قالبُ السجلِّ الجدوليّ	INJAZ DataGrid · الشريطُ الموحَّد · المرشِّحات · المناظرُ المحفوظة · حالاتُ الشاشة	سجلٌّ أو إعداد	قرارُ فتح مشروع · تعيينُ مدير موقع	—	—	تبقى بقالبِها	لم يبدأ	AC-U1 قشرة · AC-U2 مكوّن · AC-U3 حالات
القوى التشغيلية	دورة الإدارة	التأهيل والوثائق والحركة	تأهيل المشغّلين على أنواع المعدات	تأهيل المشغّلين على أنواع المعدات	op_qual.php	لا	المشغّل	ملفُّ المشغّل	تبويبٌ في ملفِّ الكيانِ الأم	قالبُ ملفِّ الكيان	تبويباتُ الرحلة · الخطُّ الزمنيّ · وسمُ الحالة · بطاقاتُ مؤشرٍ مضغوطة	سجلٌّ أو إعداد	شهادة تأهيل · رخصة سارية	مرشَّحةٌ للدمجِ في ملفِّ الكيانِ الأم	متوسط	تُدمج تبويبًا	لم يبدأ	AC-U1 قشرة · AC-U2 مكوّن · AC-U3 حالات
القوى التشغيلية	دورة الإدارة	التأهيل والوثائق والحركة	وثائق المعدات والمشغّلين	وثائق المعدات والمشغّلين	equip_docs.php	لا	المشغّل	ملفُّ المشغّل	تبويبٌ في ملفِّ الكيانِ الأم	قالبُ ملفِّ الكيان	تبويباتُ الرحلة · الخطُّ الزمنيّ · وسمُ الحالة · بطاقاتُ مؤشرٍ مضغوطة	سجلٌّ أو إعداد	تخصيصٌ ميداني	مرشَّحةٌ للدمجِ في ملفِّ الكيانِ الأم	متوسط	تُدمج تبويبًا	لم يبدأ	AC-U1 قشرة · AC-U2 مكوّن · AC-U3 حالات
القوى التشغيلية	دورة الإدارة	التأهيل والوثائق والحركة	خصومات المشغّلين المقترحة	خصومات المشغّلين المقترحة	op_deduct.php	لا	المشغّل	ملفُّ المشغّل	تبويبٌ في ملفِّ الكيانِ الأم	قالبُ ملفِّ الكيان	تبويباتُ الرحلة · الخطُّ الزمنيّ · وسمُ الحالة · بطاقاتُ مؤشرٍ مضغوطة	سجلٌّ أو إعداد	خصم مقترح ثم معتمد	مرشَّحةٌ للدمجِ في ملفِّ الكيانِ الأم	متوسط	تُدمج تبويبًا	لم يبدأ	AC-U1 قشرة · AC-U2 مكوّن · AC-U3 حالات
القوى التشغيلية	دورة الإدارة	التأهيل والوثائق والحركة	الخصومات والجزاءات	الخصومات والجزاءات	deductions.php	لا	—	—	شاشةٌ مستقلة	قالبُ المستندِ ودورتِه	شبكةُ النموذج · شريطُ الحفظِ اللاصق · مكوّنُ الانتقال · سجلُّ النشاط	مستندٌ يُعتمد	خصم مقترح ثم معتمد	—	—	تبقى بقالبِها	لم يبدأ	AC-U1 قشرة · AC-U2 مكوّن · AC-U3 حالات
القوى التشغيلية	دورة الإدارة	التأهيل والوثائق والحركة	طلبات الترحيل	طلبات الترحيل	transfer_req.php	لا	—	—	فعل	قالبُ الفعلِ والاعتماد	مكوّنُ الانتقال · حوارُ التأكيد · بطاقةُ اعتماد	مستندٌ يُعتمد	— طلبات	—	—	تبقى بقالبِها	لم يبدأ	AC-U1 قشرة · AC-U2 مكوّن · AC-U3 حالات
القوى التشغيلية	دورة الإدارة	التكليف على المعدات	تكليف المشغّل على المعدة	تكليف المشغّل على المعدة	op_assign.php	لا	المعدة	ملفُّ المعدة	تبويبٌ في ملفِّ الكيانِ الأم	قالبُ ملفِّ الكيان	تبويباتُ الرحلة · الخطُّ الزمنيّ · وسمُ الحالة · بطاقاتُ مؤشرٍ مضغوطة	سجلٌّ أو إعداد	تخصيصٌ ميداني	مرشَّحةٌ للدمجِ في ملفِّ الكيانِ الأم	متوسط	تُدمج تبويبًا	لم يبدأ	AC-U1 قشرة · AC-U2 مكوّن · AC-U3 حالات
القوى التشغيلية	دورة الإدارة	التكليف على المعدات	توزيع المعدات والمشغّلين	توزيع المعدات والمشغّلين	distribution.php	لا	المشغّل	ملفُّ المشغّل	تبويبٌ في ملفِّ الكيانِ الأم	قالبُ ملفِّ الكيان	تبويباتُ الرحلة · الخطُّ الزمنيّ · وسمُ الحالة · بطاقاتُ مؤشرٍ مضغوطة	سجلٌّ أو إعداد	— عرض	مرشَّحةٌ للدمجِ في ملفِّ الكيانِ الأم	متوسط	تُدمج تبويبًا	لم يبدأ	AC-U1 قشرة · AC-U2 مكوّن · AC-U3 حالات
القوى التشغيلية	دورة الإدارة	التكليف على المعدات	خطة عمل الغد	خطة عمل الغد	daily_plan.php	لا	—	—	شاشةٌ مستقلة	قالبُ المستندِ ودورتِه	شبكةُ النموذج · شريطُ الحفظِ اللاصق · مكوّنُ الانتقال · سجلُّ النشاط	مستندٌ يُعتمد	جدولُ عملٍ معتمد · جدولُ ورديات	—	—	تبقى بقالبِها	لم يبدأ	AC-U1 قشرة · AC-U2 مكوّن · AC-U3 حالات
القوى التشغيلية	دورة الإدارة	التكليف على المعدات	سجل المعدات	سجل المعدات	equipments.php	لا	المعدة	—	شاشةٌ مستقلة	قالبُ السجلِّ الجدوليّ	INJAZ DataGrid · الشريطُ الموحَّد · المرشِّحات · المناظرُ المحفوظة · حالاتُ الشاشة	سجلٌّ أو إعداد	تخصيصٌ ميداني	—	—	تبقى بقالبِها	لم يبدأ	AC-U1 قشرة · AC-U2 مكوّن · AC-U3 حالات
القوى التشغيلية	دورة الإدارة	التكليف على المعدات	سجل الوردية	سجل الوردية	shift_log.php	لا	—	—	شاشةٌ مستقلة	قالبُ السجلِّ الجدوليّ	INJAZ DataGrid · الشريطُ الموحَّد · المرشِّحات · المناظرُ المحفوظة · حالاتُ الشاشة	سجلٌّ أو إعداد	صف وحدة · سجل قياس	—	—	تبقى بقالبِها	لم يبدأ	AC-U1 قشرة · AC-U2 مكوّن · AC-U3 حالات
القوى التشغيلية	دورة الإدارة	التكليف على المعدات	دورات التناوب والإجازة الميدانية	دورات التناوب والإجازة الميدانية	rotation.php	لا	—	—	شاشةٌ مستقلة	قالبُ السجلِّ الجدوليّ	INJAZ DataGrid · الشريطُ الموحَّد · المرشِّحات · المناظرُ المحفوظة · حالاتُ الشاشة	سجلٌّ أو إعداد	سجل وردية · دورة تناوب	—	—	تبقى بقالبِها	لم يبدأ	AC-U1 قشرة · AC-U2 مكوّن · AC-U3 حالات
القوى التشغيلية	دورة الإدارة	التكليف على المعدات	تسجيل التايم شيت والإنتاج	تسجيل التايم شيت والإنتاج	timesheet.php	لا	—	—	شاشةٌ مستقلة	قالبُ المستندِ ودورتِه	شبكةُ النموذج · شريطُ الحفظِ اللاصق · مكوّنُ الانتقال · سجلُّ النشاط	مستندٌ يُعتمد	صف وحدة · سجل قياس	—	—	تبقى بقالبِها	لم يبدأ	AC-U1 قشرة · AC-U2 مكوّن · AC-U3 حالات
القوى التشغيلية	دورة الإدارة	التكليف على المعدات	الحضور والانصراف	الحضور والانصراف	attendance.php	لا	—	—	شاشةٌ مستقلة	قالبُ السجلِّ الجدوليّ	INJAZ DataGrid · الشريطُ الموحَّد · المرشِّحات · المناظرُ المحفوظة · حالاتُ الشاشة	سجلٌّ أو إعداد	— سجلات	—	—	تبقى بقالبِها	لم يبدأ	AC-U1 قشرة · AC-U2 مكوّن · AC-U3 حالات
القوى التشغيلية	دورة الإدارة	التكليف على المعدات	الإجازات والغياب	الإجازات والغياب	leaves.php	لا	—	—	شاشةٌ مستقلة	قالبُ المستندِ ودورتِه	شبكةُ النموذج · شريطُ الحفظِ اللاصق · مكوّنُ الانتقال · سجلُّ النشاط	مستندٌ يُعتمد	— سجلات	—	—	تبقى بقالبِها	لم يبدأ	AC-U1 قشرة · AC-U2 مكوّن · AC-U3 حالات
القوى التشغيلية	دورة الإدارة	التكليف على المعدات	تنقلات العاملين	تنقلات العاملين	worker_movement.php	لا	—	—	شاشةٌ مستقلة	قالبُ السجلِّ الجدوليّ	INJAZ DataGrid · الشريطُ الموحَّد · المرشِّحات · المناظرُ المحفوظة · حالاتُ الشاشة	سجلٌّ أو إعداد	سجل وردية · دورة تناوب	—	—	تبقى بقالبِها	لم يبدأ	AC-U1 قشرة · AC-U2 مكوّن · AC-U3 حالات
القوى التشغيلية	دورة الإدارة	التكليف على المعدات	السكن والإعاشة والمعسكرات	السكن والإعاشة والمعسكرات	housing_units.php	لا	—	—	شاشةٌ مستقلة	قالبُ السجلِّ الجدوليّ	INJAZ DataGrid · الشريطُ الموحَّد · المرشِّحات · المناظرُ المحفوظة · حالاتُ الشاشة	سجلٌّ أو إعداد	سجل وردية · دورة تناوب	—	—	تبقى بقالبِها	لم يبدأ	AC-U1 قشرة · AC-U2 مكوّن · AC-U3 حالات
القوى التشغيلية	دورة الإدارة	متابعة الأداء	الأداء الشهري للمشغّل	الأداء الشهري للمشغّل	op_monthly.php	لا	—	—	شاشةٌ مستقلة	قالبُ المستندِ ودورتِه	شبكةُ النموذج · شريطُ الحفظِ اللاصق · مكوّنُ الانتقال · سجلُّ النشاط	مستندٌ يُعتمد	أداء شهري · أساس حافز	—	—	تبقى بقالبِها	لم يبدأ	AC-U1 قشرة · AC-U2 مكوّن · AC-U3 حالات
القوى التشغيلية	دورة الإدارة	متابعة الأداء	توليد المستحق من العمل المعتمد	توليد المستحق من العمل المعتمد	entitlement.php	لا	—	—	شاشةٌ مستقلة	قالبُ السجلِّ الجدوليّ	INJAZ DataGrid · الشريطُ الموحَّد · المرشِّحات · المناظرُ المحفوظة · حالاتُ الشاشة	سجلٌّ أو إعداد	أداء شهري · أساس حافز	—	—	تبقى بقالبِها	لم يبدأ	AC-U1 قشرة · AC-U2 مكوّن · AC-U3 حالات
القوى التشغيلية	دورة الإدارة	متابعة الأداء	تسويات ومستحقات الموردين	تسويات ومستحقات الموردين	supplier_settle.php	لا	المورد	ملفُّ المورد	تبويبٌ في ملفِّ الكيانِ الأم	قالبُ ملفِّ الكيان	تبويباتُ الرحلة · الخطُّ الزمنيّ · وسمُ الحالة · بطاقاتُ مؤشرٍ مضغوطة	مستندٌ يُعتمد	تسوية · كشف شهري · أمر دفع	مرشَّحةٌ للدمجِ في ملفِّ الكيانِ الأم	متوسط	تُدمج تبويبًا	لم يبدأ	AC-U1 قشرة · AC-U2 مكوّن · AC-U3 حالات
القوى التشغيلية	المرجع والإدارة	الميزانية ومؤشرات الأداء	ميزانية إدارتي	ميزانية إدارتي	budget_dept.php	نعم — يوحَّد مع نظيرِه	—	—	شاشةٌ مستقلة	قالبُ السجلِّ الجدوليّ	INJAZ DataGrid · الشريطُ الموحَّد · المرشِّحات · المناظرُ المحفوظة · حالاتُ الشاشة	سجلٌّ أو إعداد	تقرير إقفال يومي	—	—	تبقى بقالبِها	لم يبدأ	AC-U1 قشرة · AC-U2 مكوّن · AC-U3 حالات
القوى التشغيلية	المرجع والإدارة	الميزانية ومؤشرات الأداء	إنجاز الإدارة	إنجاز الإدارة	dept_achievement.php	لا	—	—	شاشةٌ مستقلة	قالبُ السجلِّ الجدوليّ	INJAZ DataGrid · الشريطُ الموحَّد · المرشِّحات · المناظرُ المحفوظة · حالاتُ الشاشة	سجلٌّ أو إعداد	— قراءةٌ عليا	—	—	تبقى بقالبِها	لم يبدأ	AC-U1 قشرة · AC-U2 مكوّن · AC-U3 حالات
القوى التشغيلية	المرجع والإدارة	الميزانية ومؤشرات الأداء	مركز التقارير	مركز التقارير	reports_index.php	لا	—	—	شاشةٌ مستقلة	قالبُ السجلِّ الجدوليّ	INJAZ DataGrid · الشريطُ الموحَّد · المرشِّحات · المناظرُ المحفوظة · حالاتُ الشاشة	سجلٌّ أو إعداد	تقرير إقفال يومي	—	—	تبقى بقالبِها	لم يبدأ	AC-U1 قشرة · AC-U2 مكوّن · AC-U3 حالات
القوى التشغيلية	المرجع والإدارة	الحوكمة والضوابط	مخاطر القوى التشغيلية	مخاطر القوى التشغيلية	risk_dept_wrk.php	لا	—	—	منظر	قالبُ السجلِّ الجدوليّ	INJAZ DataGrid · الشريطُ الموحَّد · المرشِّحات · المناظرُ المحفوظة · حالاتُ الشاشة	قارئة	قراءة	—	—	تبقى بقالبِها	لم يبدأ	AC-U1 قشرة · AC-U2 مكوّن · AC-U3 حالات
القوى التشغيلية	المرجع والإدارة	التقارير والتحليلات	حوكمة القوى التشغيلية	حوكمة القوى التشغيلية	gov_dept_wrk.php	لا	—	—	منظر	قالبُ السجلِّ الجدوليّ	INJAZ DataGrid · الشريطُ الموحَّد · المرشِّحات · المناظرُ المحفوظة · حالاتُ الشاشة	قارئة	قراءة	—	—	تبقى بقالبِها	لم يبدأ	AC-U1 قشرة · AC-U2 مكوّن · AC-U3 حالات
القوى التشغيلية	المرجع والإدارة	التقارير والتحليلات	كشف التايم شيت — المشغّل	كشف التايم شيت — المشغّل	unit_statement_worker.php	لا	المشغّل	—	منظر	قالبُ السجلِّ الجدوليّ	INJAZ DataGrid · الشريطُ الموحَّد · المرشِّحات · المناظرُ المحفوظة · حالاتُ الشاشة	قارئة	قراءة	—	—	تبقى بقالبِها	لم يبدأ	AC-U1 قشرة · AC-U2 مكوّن · AC-U3 حالات
مركز البلاغات	مركز العمل	مركز العمل	مهامي	مهامي	my_tasks.php	لا	—	—	شاشةٌ مستقلة	قالبُ السجلِّ الجدوليّ	INJAZ DataGrid · الشريطُ الموحَّد · المرشِّحات · المناظرُ المحفوظة · حالاتُ الشاشة	سجلٌّ أو إعداد	— عرض	—	—	تبقى بقالبِها	لم يبدأ	AC-U1 قشرة · AC-U2 مكوّن · AC-U3 حالات
مركز البلاغات	مركز العمل	مركز العمل	إنجازي	إنجازي	my_achievement.php	لا	—	—	منظر	قالبُ السجلِّ الجدوليّ	INJAZ DataGrid · الشريطُ الموحَّد · المرشِّحات · المناظرُ المحفوظة · حالاتُ الشاشة	قارئة	— عرض	—	—	تبقى بقالبِها	لم يبدأ	AC-U1 قشرة · AC-U2 مكوّن · AC-U3 حالات
مركز البلاغات	مركز العمل	مركز العمل	بوابتي	بوابتي	my_portal.php	لا	—	—	منظر	قالبُ السجلِّ الجدوليّ	INJAZ DataGrid · الشريطُ الموحَّد · المرشِّحات · المناظرُ المحفوظة · حالاتُ الشاشة	قارئة	— عرض	—	—	تبقى بقالبِها	لم يبدأ	AC-U1 قشرة · AC-U2 مكوّن · AC-U3 حالات
مركز البلاغات	مركز العمل	مركز العمل	طلباتي	طلباتي	my_requests.php	لا	—	—	فعل	قالبُ الفعلِ والاعتماد	مكوّنُ الانتقال · حوارُ التأكيد · بطاقةُ اعتماد	مستندٌ يُعتمد	— عرض	—	—	تبقى بقالبِها	لم يبدأ	AC-U1 قشرة · AC-U2 مكوّن · AC-U3 حالات
مركز البلاغات	مركز العمل	مركز العمل	المراسلات	المراسلات	messages.php	لا	—	—	شاشةٌ مستقلة	قالبُ السجلِّ الجدوليّ	INJAZ DataGrid · الشريطُ الموحَّد · المرشِّحات · المناظرُ المحفوظة · حالاتُ الشاشة	سجلٌّ أو إعداد	— عرض	—	—	تبقى بقالبِها	لم يبدأ	AC-U1 قشرة · AC-U2 مكوّن · AC-U3 حالات
مركز البلاغات	مركز العمل	مركز العمل	مؤشرات البلاغات	مؤشرات البلاغات	ticket_kpi.php	لا	البلاغ	ملفُّ البلاغ	تبويبٌ في ملفِّ الكيانِ الأم	قالبُ ملفِّ الكيان	تبويباتُ الرحلة · الخطُّ الزمنيّ · وسمُ الحالة · بطاقاتُ مؤشرٍ مضغوطة	سجلٌّ أو إعداد	— قراءةٌ عليا	مرشَّحةٌ للدمجِ في ملفِّ الكيانِ الأم	متوسط	تُدمج تبويبًا	لم يبدأ	AC-U1 قشرة · AC-U2 مكوّن · AC-U3 حالات
مركز البلاغات	مركز العمل	الاعتمادات الواردة	صندوق ما ينتظر اعتمادي	صندوق ما ينتظر اعتمادي	approvals_inbox.php	لا	—	—	شاشةٌ مستقلة	قالبُ المستندِ ودورتِه	شبكةُ النموذج · شريطُ الحفظِ اللاصق · مكوّنُ الانتقال · سجلُّ النشاط	مستندٌ يُعتمد	محضر اعتماد الموقع	—	—	تبقى بقالبِها	لم يبدأ	AC-U1 قشرة · AC-U2 مكوّن · AC-U3 حالات
مركز البلاغات	مركز العمل	البلاغات والمهل	البلاغات الدورية المولَّدة	البلاغات الدورية المولَّدة	ticket_periodic.php	لا	البلاغ	ملفُّ البلاغ	تبويبٌ في ملفِّ الكيانِ الأم	قالبُ ملفِّ الكيان	تبويباتُ الرحلة · الخطُّ الزمنيّ · وسمُ الحالة · بطاقاتُ مؤشرٍ مضغوطة	سجلٌّ أو إعداد	بلاغ مولَّد	مرشَّحةٌ للدمجِ في ملفِّ الكيانِ الأم	متوسط	تُدمج تبويبًا	لم يبدأ	AC-U1 قشرة · AC-U2 مكوّن · AC-U3 حالات
مركز البلاغات	دورة الإدارة	استقبال البلاغات	أبلغ عن مشكلة من هذه الشاشة	أبلغ عن مشكلة من هذه الشاشة	ticket_open.php	لا	—	—	شاشةٌ مستقلة	قالبُ السجلِّ الجدوليّ	INJAZ DataGrid · الشريطُ الموحَّد · المرشِّحات · المناظرُ المحفوظة · حالاتُ الشاشة	سجلٌّ أو إعداد	طلب تغيير حالة	—	—	تبقى بقالبِها	لم يبدأ	AC-U1 قشرة · AC-U2 مكوّن · AC-U3 حالات
مركز البلاغات	دورة الإدارة	استقبال البلاغات	بلاغات المركز	بلاغات المركز	tickets.php	لا	—	—	شاشةٌ مستقلة	قالبُ السجلِّ الجدوليّ	INJAZ DataGrid · الشريطُ الموحَّد · المرشِّحات · المناظرُ المحفوظة · حالاتُ الشاشة	سجلٌّ أو إعداد	بلاغ جديد	—	—	تبقى بقالبِها	لم يبدأ	AC-U1 قشرة · AC-U2 مكوّن · AC-U3 حالات
مركز البلاغات	دورة الإدارة	استقبال البلاغات	تصنيف البلاغ وتوجيهه آليًّا	تصنيف البلاغ وتوجيهه آليًّا	ticket_route.php	لا	البلاغ	ملفُّ البلاغ	تبويبٌ في ملفِّ الكيانِ الأم	قالبُ ملفِّ الكيان	تبويباتُ الرحلة · الخطُّ الزمنيّ · وسمُ الحالة · بطاقاتُ مؤشرٍ مضغوطة	سجلٌّ أو إعداد	بلاغ مصنَّف محال	مرشَّحةٌ للدمجِ في ملفِّ الكيانِ الأم	متوسط	تُدمج تبويبًا	لم يبدأ	AC-U1 قشرة · AC-U2 مكوّن · AC-U3 حالات
مركز البلاغات	دورة الإدارة	استقبال البلاغات	إعدادات البلاغات — الأنواع والمهل والتصعيد	إعدادات البلاغات — الأنواع والمهل والتصعيد	ticket_config.php	لا	البلاغ	ملفُّ البلاغ	تبويبٌ في ملفِّ الكيانِ الأم	قالبُ ملفِّ الكيان	تبويباتُ الرحلة · الخطُّ الزمنيّ · وسمُ الحالة · بطاقاتُ مؤشرٍ مضغوطة	سجلٌّ أو إعداد	— إعدادات	مرشَّحةٌ للدمجِ في ملفِّ الكيانِ الأم	متوسط	تُدمج تبويبًا	لم يبدأ	AC-U1 قشرة · AC-U2 مكوّن · AC-U3 حالات
مركز البلاغات	دورة الإدارة	المتابعة والتصعيد	مهل البلاغات وتصعيدها	مهل البلاغات وتصعيدها	ticket_escalate.php	لا	البلاغ	ملفُّ البلاغ	تبويبٌ في ملفِّ الكيانِ الأم	قالبُ ملفِّ الكيان	تبويباتُ الرحلة · الخطُّ الزمنيّ · وسمُ الحالة · بطاقاتُ مؤشرٍ مضغوطة	سجلٌّ أو إعداد	تقرير تأخّر	مرشَّحةٌ للدمجِ في ملفِّ الكيانِ الأم	متوسط	تُدمج تبويبًا	لم يبدأ	AC-U1 قشرة · AC-U2 مكوّن · AC-U3 حالات
مركز البلاغات	دورة الإدارة	المتابعة والتصعيد	البلاغات المتكررة وسببها الجذري	البلاغات المتكررة وسببها الجذري	ticket_recur.php	لا	البلاغ	ملفُّ البلاغ	تبويبٌ في ملفِّ الكيانِ الأم	قالبُ ملفِّ الكيان	تبويباتُ الرحلة · الخطُّ الزمنيّ · وسمُ الحالة · بطاقاتُ مؤشرٍ مضغوطة	سجلٌّ أو إعداد	— متابعة	مرشَّحةٌ للدمجِ في ملفِّ الكيانِ الأم	متوسط	تُدمج تبويبًا	لم يبدأ	AC-U1 قشرة · AC-U2 مكوّن · AC-U3 حالات
مركز البلاغات	دورة الإدارة	التحويل والإغلاق	تحويل البلاغ وتفريعه لمسارات	تحويل البلاغ وتفريعه لمسارات	ticket_split.php	لا	البلاغ	ملفُّ البلاغ	تبويبٌ في ملفِّ الكيانِ الأم	قالبُ ملفِّ الكيان	تبويباتُ الرحلة · الخطُّ الزمنيّ · وسمُ الحالة · بطاقاتُ مؤشرٍ مضغوطة	سجلٌّ أو إعداد	طلب فحص · تشخيص معتمد	مرشَّحةٌ للدمجِ في ملفِّ الكيانِ الأم	متوسط	تُدمج تبويبًا	لم يبدأ	AC-U1 قشرة · AC-U2 مكوّن · AC-U3 حالات
مركز البلاغات	دورة الإدارة	التحويل والإغلاق	إغلاق البلاغ وتأكيده	إغلاق البلاغ وتأكيده	ticket_close.php	لا	البلاغ	ملفُّ البلاغ	تبويبٌ في ملفِّ الكيانِ الأم	قالبُ ملفِّ الكيان	تبويباتُ الرحلة · الخطُّ الزمنيّ · وسمُ الحالة · بطاقاتُ مؤشرٍ مضغوطة	سجلٌّ أو إعداد	محضر إغلاق مؤكَّد	مرشَّحةٌ للدمجِ في ملفِّ الكيانِ الأم	متوسط	تُدمج تبويبًا	لم يبدأ	AC-U1 قشرة · AC-U2 مكوّن · AC-U3 حالات
مركز البلاغات	المرجع والإدارة	البيانات المرجعية والإعدادات	بلاغات إدارتي	بلاغات إدارتي	tickets_dept.php	لا	—	—	شاشةٌ مستقلة	قالبُ السجلِّ الجدوليّ	INJAZ DataGrid · الشريطُ الموحَّد · المرشِّحات · المناظرُ المحفوظة · حالاتُ الشاشة	سجلٌّ أو إعداد	طلب تغيير حالة	—	—	تبقى بقالبِها	لم يبدأ	AC-U1 قشرة · AC-U2 مكوّن · AC-U3 حالات
مركز البلاغات	المرجع والإدارة	الميزانية ومؤشرات الأداء	ميزانية إدارتي	ميزانية إدارتي	budget_dept.php	نعم — يوحَّد مع نظيرِه	—	—	شاشةٌ مستقلة	قالبُ السجلِّ الجدوليّ	INJAZ DataGrid · الشريطُ الموحَّد · المرشِّحات · المناظرُ المحفوظة · حالاتُ الشاشة	سجلٌّ أو إعداد	تقرير إقفال يومي	—	—	تبقى بقالبِها	لم يبدأ	AC-U1 قشرة · AC-U2 مكوّن · AC-U3 حالات
مركز البلاغات	المرجع والإدارة	الميزانية ومؤشرات الأداء	إنجاز الإدارة	إنجاز الإدارة	dept_achievement.php	لا	—	—	شاشةٌ مستقلة	قالبُ السجلِّ الجدوليّ	INJAZ DataGrid · الشريطُ الموحَّد · المرشِّحات · المناظرُ المحفوظة · حالاتُ الشاشة	سجلٌّ أو إعداد	— قراءةٌ عليا	—	—	تبقى بقالبِها	لم يبدأ	AC-U1 قشرة · AC-U2 مكوّن · AC-U3 حالات
مركز البلاغات	المرجع والإدارة	الميزانية ومؤشرات الأداء	مركز التقارير	مركز التقارير	reports_index.php	لا	—	—	شاشةٌ مستقلة	قالبُ السجلِّ الجدوليّ	INJAZ DataGrid · الشريطُ الموحَّد · المرشِّحات · المناظرُ المحفوظة · حالاتُ الشاشة	سجلٌّ أو إعداد	تقرير إقفال يومي	—	—	تبقى بقالبِها	لم يبدأ	AC-U1 قشرة · AC-U2 مكوّن · AC-U3 حالات
مركز البلاغات	المرجع والإدارة	الحوكمة والضوابط	مخاطر البلاغات والوقائع	مخاطر البلاغات والوقائع	risk_dept_crp.php	لا	البلاغ	—	منظر	قالبُ السجلِّ الجدوليّ	INJAZ DataGrid · الشريطُ الموحَّد · المرشِّحات · المناظرُ المحفوظة · حالاتُ الشاشة	قارئة	قراءة	—	—	تبقى بقالبِها	لم يبدأ	AC-U1 قشرة · AC-U2 مكوّن · AC-U3 حالات
مركز البلاغات	المرجع والإدارة	التقارير والتحليلات	حوكمة مركز البلاغات	حوكمة مركز البلاغات	gov_dept_crp.php	لا	البلاغ	—	منظر	قالبُ السجلِّ الجدوليّ	INJAZ DataGrid · الشريطُ الموحَّد · المرشِّحات · المناظرُ المحفوظة · حالاتُ الشاشة	قارئة	قراءة	—	—	تبقى بقالبِها	لم يبدأ	AC-U1 قشرة · AC-U2 مكوّن · AC-U3 حالات
إدارة الموقع	مركز العمل	مركز العمل	لوحة محاسب الموقع	لوحة محاسب الموقع	site_acc_board.php	لا	—	—	تقرير	قالبُ التقرير	الرسوم · المرشِّحات · التصدير · حالةُ الفراغ	قارئة	قراءة	—	—	تبقى بقالبِها	لم يبدأ	AC-U1 قشرة · AC-U2 مكوّن · AC-U3 حالات
إدارة الموقع	مركز العمل	الاعتمادات الواردة	خطة عمل الغد	خطة عمل الغد	daily_plan.php	لا	—	—	شاشةٌ مستقلة	قالبُ المستندِ ودورتِه	شبكةُ النموذج · شريطُ الحفظِ اللاصق · مكوّنُ الانتقال · سجلُّ النشاط	مستندٌ يُعتمد	جدولُ عملٍ معتمد · جدولُ ورديات	—	—	تبقى بقالبِها	لم يبدأ	AC-U1 قشرة · AC-U2 مكوّن · AC-U3 حالات
إدارة الموقع	مركز العمل	الاعتمادات الواردة	تسجيل التايم شيت والإنتاج	تسجيل التايم شيت والإنتاج	timesheet.php	لا	—	—	شاشةٌ مستقلة	قالبُ المستندِ ودورتِه	شبكةُ النموذج · شريطُ الحفظِ اللاصق · مكوّنُ الانتقال · سجلُّ النشاط	مستندٌ يُعتمد	صف وحدة · سجل قياس	—	—	تبقى بقالبِها	لم يبدأ	AC-U1 قشرة · AC-U2 مكوّن · AC-U3 حالات
إدارة الموقع	مركز العمل	الاعتمادات الواردة	جدول عمل المنجم — الأسبوعي والشهري	جدول عمل المنجم — الأسبوعي والشهري	site_work_calendar.php	لا	—	—	شاشةٌ مستقلة	قالبُ المستندِ ودورتِه	شبكةُ النموذج · شريطُ الحفظِ اللاصق · مكوّنُ الانتقال · سجلُّ النشاط	مستندٌ يُعتمد	جدولُ عملٍ معتمد · جدولُ ورديات	—	—	تبقى بقالبِها	لم يبدأ	AC-U1 قشرة · AC-U2 مكوّن · AC-U3 حالات
إدارة الموقع	دورة الإدارة	التنفيذ اليومي	القيد اليومي للوردية	القيد اليومي للوردية	shift_entry.php	لا	—	—	شاشةٌ مستقلة	قالبُ السجلِّ الجدوليّ	INJAZ DataGrid · الشريطُ الموحَّد · المرشِّحات · المناظرُ المحفوظة · حالاتُ الشاشة	سجلٌّ أو إعداد	◆ انتقالُ حالة	—	—	تبقى بقالبِها	لم يبدأ	AC-U1 قشرة · AC-U2 مكوّن · AC-U3 حالات
إدارة الموقع	دورة الإدارة	التنفيذ اليومي	إدخال وحدات العمل اليومية	إدخال وحدات العمل اليومية	unit_entry.php	لا	—	—	شاشةٌ مستقلة	قالبُ السجلِّ الجدوليّ	INJAZ DataGrid · الشريطُ الموحَّد · المرشِّحات · المناظرُ المحفوظة · حالاتُ الشاشة	سجلٌّ أو إعداد	◆ انتقالُ حالة	—	—	تبقى بقالبِها	لم يبدأ	AC-U1 قشرة · AC-U2 مكوّن · AC-U3 حالات
إدارة الموقع	دورة الإدارة	التنفيذ اليومي	استلام الوقود من العميل	استلام الوقود من العميل	fuel_receipt.php	لا	العميل	ملفُّ العميل	تبويبٌ في ملفِّ الكيانِ الأم	قالبُ ملفِّ الكيان	تبويباتُ الرحلة · الخطُّ الزمنيّ · وسمُ الحالة · بطاقاتُ مؤشرٍ مضغوطة	سجلٌّ أو إعداد	◆ انتقالُ حالة	مرشَّحةٌ للدمجِ في ملفِّ الكيانِ الأم	متوسط	تُدمج تبويبًا	لم يبدأ	AC-U1 قشرة · AC-U2 مكوّن · AC-U3 حالات
إدارة الموقع	دورة الإدارة	التنفيذ اليومي	صرف الوقود اليومي للمعدات	صرف الوقود اليومي للمعدات	fuel_issue.php	لا	—	—	شاشةٌ مستقلة	قالبُ السجلِّ الجدوليّ	INJAZ DataGrid · الشريطُ الموحَّد · المرشِّحات · المناظرُ المحفوظة · حالاتُ الشاشة	سجلٌّ أو إعداد	◆ انتقالُ حالة	—	—	تبقى بقالبِها	لم يبدأ	AC-U1 قشرة · AC-U2 مكوّن · AC-U3 حالات
إدارة الموقع	دورة الإدارة	الاستعداد والتعطل	قرار الاستعداد أو التعطل	قرار الاستعداد أو التعطل	standby_decide.php	لا	—	—	شاشةٌ مستقلة	قالبُ المستندِ ودورتِه	شبكةُ النموذج · شريطُ الحفظِ اللاصق · مكوّنُ الانتقال · سجلُّ النشاط	مستندٌ يُعتمد	◆ انتقالُ حالة	مستندٌ يُعتمد بلا مستندٍ رسميٍّ مسمًّى	عالٍ	تبقى بقالبِها	لم يبدأ	AC-U1 قشرة · AC-U2 مكوّن · AC-U3 حالات
إدارة الموقع	دورة الإدارة	خطة الغد ورفعها	الاعتماد اليومي لرفع الوحدات	الاعتماد اليومي لرفع الوحدات	unit_daily_approve.php	لا	—	—	فعل	قالبُ الفعلِ والاعتماد	مكوّنُ الانتقال · حوارُ التأكيد · بطاقةُ اعتماد	مستندٌ يُعتمد	◆ انتقالُ حالة	مستندٌ يُعتمد بلا مستندٍ رسميٍّ مسمًّى	عالٍ	تبقى بقالبِها	لم يبدأ	AC-U1 قشرة · AC-U2 مكوّن · AC-U3 حالات
إدارة الموقع	دورة الإدارة	العهد والصرف الميداني	عهدة الموقع والصرف منها	عهدة الموقع والصرف منها	site_custody.php	لا	—	—	شاشةٌ مستقلة	قالبُ المستندِ ودورتِه	شبكةُ النموذج · شريطُ الحفظِ اللاصق · مكوّنُ الانتقال · سجلُّ النشاط	مستندٌ يُعتمد	◆ انتقالُ حالة	مستندٌ يُعتمد بلا مستندٍ رسميٍّ مسمًّى	عالٍ	تبقى بقالبِها	لم يبدأ	AC-U1 قشرة · AC-U2 مكوّن · AC-U3 حالات
إدارة الموقع	دورة الإدارة	العهد والصرف الميداني	صرف مشتريات ميدانية من العهدة	صرف مشتريات ميدانية من العهدة	site_custody_spend.php	لا	—	—	شاشةٌ مستقلة	قالبُ المستندِ ودورتِه	شبكةُ النموذج · شريطُ الحفظِ اللاصق · مكوّنُ الانتقال · سجلُّ النشاط	مستندٌ يُعتمد	◆ انتقالُ حالة	مستندٌ يُعتمد بلا مستندٍ رسميٍّ مسمًّى	عالٍ	تبقى بقالبِها	لم يبدأ	AC-U1 قشرة · AC-U2 مكوّن · AC-U3 حالات
إدارة الموقع	دورة الإدارة	العهد والصرف الميداني	تصفية العهدة	تصفية العهدة	site_custody_settle.php	لا	—	—	شاشةٌ مستقلة	قالبُ المستندِ ودورتِه	شبكةُ النموذج · شريطُ الحفظِ اللاصق · مكوّنُ الانتقال · سجلُّ النشاط	مستندٌ يُعتمد	◆ انتقالُ حالة	مستندٌ يُعتمد بلا مستندٍ رسميٍّ مسمًّى	عالٍ	تبقى بقالبِها	لم يبدأ	AC-U1 قشرة · AC-U2 مكوّن · AC-U3 حالات
إدارة الموقع	دورة الإدارة	المطابقة والمراجعة	مطابقة كميات الوقود	مطابقة كميات الوقود	fuel_reconcile.php	لا	—	—	شاشةٌ مستقلة	قالبُ المستندِ ودورتِه	شبكةُ النموذج · شريطُ الحفظِ اللاصق · مكوّنُ الانتقال · سجلُّ النشاط	مستندٌ يُعتمد	◆ انتقالُ حالة	مستندٌ يُعتمد بلا مستندٍ رسميٍّ مسمًّى	عالٍ	تبقى بقالبِها	لم يبدأ	AC-U1 قشرة · AC-U2 مكوّن · AC-U3 حالات
إدارة الموقع	دورة الإدارة	المطابقة والمراجعة	مؤشرات الورديات المشتقة	مؤشرات الورديات المشتقة	shift_metrics.php	لا	—	—	تقرير	قالبُ التقرير	الرسوم · المرشِّحات · التصدير · حالةُ الفراغ	قارئة	قراءة	شاشةٌ قارئةٌ في طبقةِ دورةِ الإدارة	متوسط	تبقى بقالبِها	لم يبدأ	AC-U1 قشرة · AC-U2 مكوّن · AC-U3 حالات
إدارة الموقع	المرجع والإدارة	البيانات المرجعية والإعدادات	الإنتاج والقياس	الإنتاج والقياس	production.php	لا	—	—	شاشةٌ مستقلة	قالبُ السجلِّ الجدوليّ	INJAZ DataGrid · الشريطُ الموحَّد · المرشِّحات · المناظرُ المحفوظة · حالاتُ الشاشة	سجلٌّ أو إعداد	صف وحدة · سجل قياس	—	—	تبقى بقالبِها	لم يبدأ	AC-U1 قشرة · AC-U2 مكوّن · AC-U3 حالات
إدارة الموقع	المرجع والإدارة	البيانات المرجعية والإعدادات	سجل الوردية	سجل الوردية	shift_log.php	لا	—	—	شاشةٌ مستقلة	قالبُ السجلِّ الجدوليّ	INJAZ DataGrid · الشريطُ الموحَّد · المرشِّحات · المناظرُ المحفوظة · حالاتُ الشاشة	سجلٌّ أو إعداد	صف وحدة · سجل قياس	—	—	تبقى بقالبِها	لم يبدأ	AC-U1 قشرة · AC-U2 مكوّن · AC-U3 حالات
إدارة الموقع	المرجع والإدارة	البيانات المرجعية والإعدادات	أذون الزيارة والمركبات الخارجية	أذون الزيارة والمركبات الخارجية	org_permits.php	لا	—	—	شاشةٌ مستقلة	قالبُ السجلِّ الجدوليّ	INJAZ DataGrid · الشريطُ الموحَّد · المرشِّحات · المناظرُ المحفوظة · حالاتُ الشاشة	سجلٌّ أو إعداد	إذنُ دخولٍ أو خروج	—	—	تبقى بقالبِها	لم يبدأ	AC-U1 قشرة · AC-U2 مكوّن · AC-U3 حالات
إدارة الموقع	المرجع والإدارة	البيانات المرجعية والإعدادات	جدول الورديات — النهار والليل	جدول الورديات — النهار والليل	site_shift_plan.php	لا	—	—	شاشةٌ مستقلة	قالبُ السجلِّ الجدوليّ	INJAZ DataGrid · الشريطُ الموحَّد · المرشِّحات · المناظرُ المحفوظة · حالاتُ الشاشة	سجلٌّ أو إعداد	جدولُ عملٍ معتمد · جدولُ ورديات	—	—	تبقى بقالبِها	لم يبدأ	AC-U1 قشرة · AC-U2 مكوّن · AC-U3 حالات
إدارة الموقع	المرجع والإدارة	البيانات المرجعية والإعدادات	أذون دخول وخروج المعدات	أذون دخول وخروج المعدات	site_gate_equip.php	لا	المعدة	—	شاشةٌ مستقلة	قالبُ السجلِّ الجدوليّ	INJAZ DataGrid · الشريطُ الموحَّد · المرشِّحات · المناظرُ المحفوظة · حالاتُ الشاشة	سجلٌّ أو إعداد	إذنُ دخولٍ أو خروج	—	—	تبقى بقالبِها	لم يبدأ	AC-U1 قشرة · AC-U2 مكوّن · AC-U3 حالات
إدارة الموقع	المرجع والإدارة	البيانات المرجعية والإعدادات	أذون دخول وخروج المشغّلين	أذون دخول وخروج المشغّلين	site_gate_person.php	لا	المشغّل	ملفُّ المشغّل	تبويبٌ في ملفِّ الكيانِ الأم	قالبُ ملفِّ الكيان	تبويباتُ الرحلة · الخطُّ الزمنيّ · وسمُ الحالة · بطاقاتُ مؤشرٍ مضغوطة	سجلٌّ أو إعداد	إذنُ دخولٍ أو خروج	مرشَّحةٌ للدمجِ في ملفِّ الكيانِ الأم	متوسط	تُدمج تبويبًا	لم يبدأ	AC-U1 قشرة · AC-U2 مكوّن · AC-U3 حالات
إدارة الموقع	المرجع والإدارة	التقارير والتحليلات	مخاطر الموقع	مخاطر الموقع	risk_dept_sit.php	لا	—	—	منظر	قالبُ السجلِّ الجدوليّ	INJAZ DataGrid · الشريطُ الموحَّد · المرشِّحات · المناظرُ المحفوظة · حالاتُ الشاشة	قارئة	قراءة	—	—	تبقى بقالبِها	لم يبدأ	AC-U1 قشرة · AC-U2 مكوّن · AC-U3 حالات
إدارة الموقع	المرجع والإدارة	التقارير والتحليلات	حوكمة إدارة الموقع	حوكمة إدارة الموقع	gov_dept_sit.php	لا	—	—	منظر	قالبُ السجلِّ الجدوليّ	INJAZ DataGrid · الشريطُ الموحَّد · المرشِّحات · المناظرُ المحفوظة · حالاتُ الشاشة	قارئة	قراءة	—	—	تبقى بقالبِها	لم يبدأ	AC-U1 قشرة · AC-U2 مكوّن · AC-U3 حالات
مساحة العمل الشخصية	مركز العمل	مركز العمل	بوابتي	بوابتي	my_portal.php	لا	—	—	منظر	قالبُ السجلِّ الجدوليّ	INJAZ DataGrid · الشريطُ الموحَّد · المرشِّحات · المناظرُ المحفوظة · حالاتُ الشاشة	قارئة	— عرض	—	—	تبقى بقالبِها	لم يبدأ	AC-U1 قشرة · AC-U2 مكوّن · AC-U3 حالات
مساحة العمل الشخصية	مركز العمل	مركز العمل	إنجازي	إنجازي	my_achievement.php	لا	—	—	منظر	قالبُ السجلِّ الجدوليّ	INJAZ DataGrid · الشريطُ الموحَّد · المرشِّحات · المناظرُ المحفوظة · حالاتُ الشاشة	قارئة	— عرض	—	—	تبقى بقالبِها	لم يبدأ	AC-U1 قشرة · AC-U2 مكوّن · AC-U3 حالات
مساحة العمل الشخصية	مركز العمل	ما ينتظر إجرائي	مهامي	مهامي	my_tasks.php	لا	—	—	شاشةٌ مستقلة	قالبُ السجلِّ الجدوليّ	INJAZ DataGrid · الشريطُ الموحَّد · المرشِّحات · المناظرُ المحفوظة · حالاتُ الشاشة	سجلٌّ أو إعداد	— عرض	—	—	تبقى بقالبِها	لم يبدأ	AC-U1 قشرة · AC-U2 مكوّن · AC-U3 حالات
مساحة العمل الشخصية	مركز العمل	ما ينتظر إجرائي	صندوق ما ينتظر اعتمادي	صندوق ما ينتظر اعتمادي	approvals_inbox.php	لا	—	—	شاشةٌ مستقلة	قالبُ المستندِ ودورتِه	شبكةُ النموذج · شريطُ الحفظِ اللاصق · مكوّنُ الانتقال · سجلُّ النشاط	مستندٌ يُعتمد	محضر اعتماد الموقع	—	—	تبقى بقالبِها	لم يبدأ	AC-U1 قشرة · AC-U2 مكوّن · AC-U3 حالات
مساحة العمل الشخصية	مركز العمل	ما ينتظر إجرائي	طلباتي	طلباتي	my_requests.php	لا	—	—	فعل	قالبُ الفعلِ والاعتماد	مكوّنُ الانتقال · حوارُ التأكيد · بطاقةُ اعتماد	مستندٌ يُعتمد	— عرض	—	—	تبقى بقالبِها	لم يبدأ	AC-U1 قشرة · AC-U2 مكوّن · AC-U3 حالات
مساحة العمل الشخصية	مركز العمل	ما ينتظر إجرائي	المراسلات	المراسلات	messages.php	لا	—	—	شاشةٌ مستقلة	قالبُ السجلِّ الجدوليّ	INJAZ DataGrid · الشريطُ الموحَّد · المرشِّحات · المناظرُ المحفوظة · حالاتُ الشاشة	سجلٌّ أو إعداد	— عرض	—	—	تبقى بقالبِها	لم يبدأ	AC-U1 قشرة · AC-U2 مكوّن · AC-U3 حالات
مساحة العمل الشخصية	مركز العمل	نشاطي الأخير	شهادة إنجازي	شهادة إنجازي	my_certificate.php	لا	—	—	شاشةٌ مستقلة	قالبُ السجلِّ الجدوليّ	INJAZ DataGrid · الشريطُ الموحَّد · المرشِّحات · المناظرُ المحفوظة · حالاتُ الشاشة	سجلٌّ أو إعداد	— شخصي	—	—	تبقى بقالبِها	لم يبدأ	AC-U1 قشرة · AC-U2 مكوّن · AC-U3 حالات
مساحة العمل الشخصية	مركز العمل	نشاطي الأخير	تقييمي	تقييمي	my_evaluation.php	لا	—	—	شاشةٌ مستقلة	قالبُ السجلِّ الجدوليّ	INJAZ DataGrid · الشريطُ الموحَّد · المرشِّحات · المناظرُ المحفوظة · حالاتُ الشاشة	سجلٌّ أو إعداد	— شخصي	—	—	تبقى بقالبِها	لم يبدأ	AC-U1 قشرة · AC-U2 مكوّن · AC-U3 حالات
مساحة العمل الشخصية	مركز العمل	بلاغاتي	أبلغ عن مشكلة من هذه الشاشة	أبلغ عن مشكلة من هذه الشاشة	ticket_open.php	لا	—	—	شاشةٌ مستقلة	قالبُ السجلِّ الجدوليّ	INJAZ DataGrid · الشريطُ الموحَّد · المرشِّحات · المناظرُ المحفوظة · حالاتُ الشاشة	سجلٌّ أو إعداد	طلب تغيير حالة	—	—	تبقى بقالبِها	لم يبدأ	AC-U1 قشرة · AC-U2 مكوّن · AC-U3 حالات
مساحة العمل الشخصية	مركز العمل	ملفي الشخصي	ملفي الشخصي	ملفي الشخصي	profile.php	لا	—	—	شاشةٌ مستقلة	قالبُ السجلِّ الجدوليّ	INJAZ DataGrid · الشريطُ الموحَّد · المرشِّحات · المناظرُ المحفوظة · حالاتُ الشاشة	سجلٌّ أو إعداد	— شخصي	—	—	تبقى بقالبِها	لم يبدأ	AC-U1 قشرة · AC-U2 مكوّن · AC-U3 حالات
مساحة العمل الشخصية	مركز العمل	ملفي الشخصي	صفاتي والتبديل بينها	صفاتي والتبديل بينها	user_capacities.php	لا	—	—	شاشةٌ مستقلة	قالبُ السجلِّ الجدوليّ	INJAZ DataGrid · الشريطُ الموحَّد · المرشِّحات · المناظرُ المحفوظة · حالاتُ الشاشة	سجلٌّ أو إعداد	— شخصي	—	—	تبقى بقالبِها	لم يبدأ	AC-U1 قشرة · AC-U2 مكوّن · AC-U3 حالات
مساحة العمل الشخصية	مركز العمل	ملفي الشخصي	تغيير كلمة المرور	تغيير كلمة المرور	change_password.php	لا	—	—	شاشةٌ مستقلة	قالبُ السجلِّ الجدوليّ	INJAZ DataGrid · الشريطُ الموحَّد · المرشِّحات · المناظرُ المحفوظة · حالاتُ الشاشة	سجلٌّ أو إعداد	— شخصي	—	—	تبقى بقالبِها	لم يبدأ	AC-U1 قشرة · AC-U2 مكوّن · AC-U3 حالات