1	ادارة التشغيل	DEPARTMENT	المركز التنفيذي	مهامي	Portal/my_tasks.php	مكتب الرئيس التنفيذي والنواب	PLATFORM_SHARED	SHARED_WORK_ITEM	VALID	CONFIRMED	مهمةٌ أو اعتمادٌ يصل المستخدمَ من إدارةٍ أخرى	17		
2	ادارة التشغيل	DEPARTMENT	المركز التنفيذي	إنجازي	Portal/my_achievement.php	مكتب الرئيس التنفيذي والنواب	PLATFORM_SHARED	UNRESOLVED	VALID	PENDING	يلزم قرارُ المالك: منظرٌ مقيَّدٌ أم إزالة	16		
3	ادارة التشغيل	DEPARTMENT	المركز التنفيذي	طلباتي	FinRequests/my_requests.php	مكتب الرئيس التنفيذي والنواب	PLATFORM_SHARED	SHARED_WORK_ITEM	VALID	CONFIRMED	مهمةٌ أو اعتمادٌ يصل المستخدمَ من إدارةٍ أخرى	15		
4	ادارة التشغيل	DEPARTMENT	مركز العمل	بوابتي	Portal/my_portal.php	مساحة العمل الشخصية	PLATFORM_SHARED	PERSONAL_SPACE	VALID	CONFIRMED	مساحةٌ شخصيةٌ مشتركةٌ فوقَ الإدارات	16		
5	ادارة التشغيل	DEPARTMENT	مركز العمل	تسجيل التايم شيت والإنتاج — الحوكمة	Timesheet/timesheet_type.php	الحوكمة والالتزام	BUSINESS_DEPARTMENT	UNRESOLVED	VALID	PENDING	يلزم قرارُ المالك: منظرٌ مقيَّدٌ أم إزالة	2		
6	ادارة التشغيل	DEPARTMENT	الاعتمادات الواردة	خطة عمل الغد	Operations/daily_plan.php	إدارة الموقع	BUSINESS_DEPARTMENT	UNRESOLVED	VALID	PENDING	يلزم قرارُ المالك: منظرٌ مقيَّدٌ أم إزالة	4		
7	ادارة التشغيل	DEPARTMENT	الاعتمادات الواردة	تسجيل التايم شيت والإنتاج — الموقع	Timesheet/timesheet.php	إدارة الموقع	BUSINESS_DEPARTMENT	UNRESOLVED	VALID	PENDING	يلزم قرارُ المالك: منظرٌ مقيَّدٌ أم إزالة	9		
8	ادارة التشغيل	DEPARTMENT	ملفي الشخصي	مساحة عملي	main/my_workspace.php	مساحة العمل الشخصية	BUSINESS_DEPARTMENT	PERSONAL_SPACE	VALID	CONFIRMED	مساحةٌ شخصيةٌ مشتركةٌ فوقَ الإدارات	16		
9	ادارة التشغيل	DEPARTMENT	الظهور وضبط البوابة	مركز التقارير — الحوكمة	emsreports/index.php	الحوكمة والالتزام	BUSINESS_DEPARTMENT	UNRESOLVED	VALID	PENDING	يلزم قرارُ المالك: منظرٌ مقيَّدٌ أم إزالة	14		
10	ادارة التشغيل	DEPARTMENT	الظهور وضبط البوابة	الإعدادات	Settings/settings.php	الحوكمة والالتزام	BUSINESS_DEPARTMENT	CONTEXTUAL_READ_ONLY	VALID	CONFIRMED	منظرٌ مرجعيٌّ محدودٌ تحتاجه الإدارةُ لإكمالِ عملِها	6		
11	ادارة التشغيل	DEPARTMENT	الظهور وضبط البوابة	تصنيف قواعد المنع — الحوكمة — الظهور وضبط البوابة	Settings/guard_classification.php	الحوكمة والالتزام	BUSINESS_DEPARTMENT	UNRESOLVED	ERROR_SUSPECTED	PENDING	◆ لا تظهر إلا في هذه الإدارةِ ومالكُها غيرُها — يُراجَع المالك	1		
12	ادارة التشغيل	DEPARTMENT	العملاء والفرص	سجل العملاء	Clients/clients.php	المبيعات والعقود	BUSINESS_DEPARTMENT	CONTEXTUAL_READ_ONLY	VALID	CONFIRMED	منظرٌ مرجعيٌّ محدودٌ تحتاجه الإدارةُ لإكمالِ عملِها	2		
13	ادارة التشغيل	DEPARTMENT	العملاء والفرص	المشاريع والمواقع	Projects/projects.php	المبيعات والعقود	BUSINESS_DEPARTMENT	UNRESOLVED	VALID	PENDING	يلزم قرارُ المالك: منظرٌ مقيَّدٌ أم إزالة	3		
14	ادارة التشغيل	DEPARTMENT	الهيكل والأدوار	حسابات المستخدمين	main/users.php	الحوكمة والالتزام	BUSINESS_DEPARTMENT	UNRESOLVED	VALID	PENDING	يلزم قرارُ المالك: منظرٌ مقيَّدٌ أم إزالة	2		
15	ادارة التشغيل	DEPARTMENT	الهيكل والأدوار	الهيكل التنظيمي والمسميات	admin/org_structure.php	الحوكمة والالتزام	BUSINESS_DEPARTMENT	UNRESOLVED	VALID	PENDING	يلزم قرارُ المالك: منظرٌ مقيَّدٌ أم إزالة	4		
16	ادارة التشغيل	DEPARTMENT	الهيكل والأدوار	التكليفات التنظيمية	admin/org_assignments.php	الحوكمة والالتزام	BUSINESS_DEPARTMENT	UNRESOLVED	VALID	PENDING	يلزم قرارُ المالك: منظرٌ مقيَّدٌ أم إزالة	5		
17	ادارة التشغيل	DEPARTMENT	الهيكل والأدوار	ما ينتظر اعتمادي	Approvals/hours_approval.php	الحوكمة والالتزام	BUSINESS_DEPARTMENT	SHARED_WORK_ITEM	VALID	CONFIRMED	مهمةٌ أو اعتمادٌ يصل المستخدمَ من إدارةٍ أخرى	5		
18	ادارة التشغيل	DEPARTMENT	سجل الأصول	سجل المعدات	Equipments/equipments.php	إدارة الأسطول	BUSINESS_DEPARTMENT	CONTEXTUAL_READ_ONLY	VALID	CONFIRMED	منظرٌ مرجعيٌّ محدودٌ تحتاجه الإدارةُ لإكمالِ عملِها	8		
19	ادارة التشغيل	DEPARTMENT	سجل الأصول	جاهزية المعدات للتشغيل	Fleet/readiness_board.php	إدارة الأسطول	BUSINESS_DEPARTMENT	UNRESOLVED	VALID	PENDING	يلزم قرارُ المالك: منظرٌ مقيَّدٌ أم إزالة	5		
20	ادارة التشغيل	DEPARTMENT	سجل الأصول	وثائق المعدات والمشغّلين	Equipments/equipment_documents.php	إدارة الأسطول	BUSINESS_DEPARTMENT	CONTEXTUAL_READ_ONLY	VALID	CONFIRMED	منظرٌ مرجعيٌّ محدودٌ تحتاجه الإدارةُ لإكمالِ عملِها	6		
21	ادارة التشغيل	DEPARTMENT	عمليات التمويل	ميزانية إدارتي — التمويل	Finance/budget_dept.php	التمويل والملكية	BUSINESS_DEPARTMENT	DEPT_SELF_VIEW	VALID	CONFIRMED	منظرُ الإدارةِ عن نفسِها — مشترَكٌ بطبيعتِه	14		
22	ادارة التشغيل	DEPARTMENT	عمليات التمويل	إنجاز الإدارة	Portal/dept_achievement.php	التمويل والملكية	BUSINESS_DEPARTMENT	DEPT_SELF_VIEW	VALID	CONFIRMED	منظرُ الإدارةِ عن نفسِها — مشترَكٌ بطبيعتِه	15		
23	ادارة التشغيل	DEPARTMENT	عمليات التمويل	إنشاء عملية تمويل	Financing/financing_operation_new.php	التمويل والملكية	BUSINESS_DEPARTMENT	UNRESOLVED	VALID	PENDING	يلزم قرارُ المالك: منظرٌ مقيَّدٌ أم إزالة	2		
24	ادارة التشغيل	DEPARTMENT	أوامر الترحيل	طلبات الترحيل	Transport/transfer_requests.php	النقل والترحيل	BUSINESS_DEPARTMENT	SHARED_WORK_ITEM	VALID	CONFIRMED	مهمةٌ أو اعتمادٌ يصل المستخدمَ من إدارةٍ أخرى	6		
25	ادارة التشغيل	DEPARTMENT	التنفيذ والإقفال	أوامر الصيانة	Maintenance/orders.php	إدارة الصيانة	BUSINESS_DEPARTMENT	UNRESOLVED	VALID	PENDING	يلزم قرارُ المالك: منظرٌ مقيَّدٌ أم إزالة	6		
26	ادارة التشغيل	DEPARTMENT	العقود	عقود العملاء	Contracts/contracts.php	المبيعات والعقود	BUSINESS_DEPARTMENT	UNRESOLVED	VALID	PENDING	يلزم قرارُ المالك: منظرٌ مقيَّدٌ أم إزالة	5		
27	ادارة التشغيل	DEPARTMENT	العقود	الجزاءات والحوافز التعاقدية	Contracts/penalties.php	المبيعات والعقود	BUSINESS_DEPARTMENT	UNRESOLVED	VALID	PENDING	يلزم قرارُ المالك: منظرٌ مقيَّدٌ أم إزالة	4		
28	ادارة التشغيل	DEPARTMENT	العقود	مصفوفة التزامات العقد	Contracts/contract_obligations.php	المبيعات والعقود	BUSINESS_DEPARTMENT	UNRESOLVED	VALID	PENDING	يلزم قرارُ المالك: منظرٌ مقيَّدٌ أم إزالة	3		
29	ادارة التشغيل	DEPARTMENT	العقود	خطة موارد العقد	Contracts/contract_resource_plan.php	المبيعات والعقود	BUSINESS_DEPARTMENT	UNRESOLVED	VALID	PENDING	يلزم قرارُ المالك: منظرٌ مقيَّدٌ أم إزالة	3		
30	ادارة التشغيل	DEPARTMENT	ملف الموظف وعقوده	سجل الموظفين	Employees/employees.php	الموارد البشرية	BUSINESS_DEPARTMENT	CONTEXTUAL_READ_ONLY	VALID	CONFIRMED	منظرٌ مرجعيٌّ محدودٌ تحتاجه الإدارةُ لإكمالِ عملِها	2		
31	ادارة التشغيل	DEPARTMENT	التعاقد والتغطية والحصص	توزيع وحدات المورد على معداته	Operations/equipment_quota.php	إدارة التشغيل	BUSINESS_DEPARTMENT	OWNED	VALID	CONFIRMED	أصليةٌ لهذه الإدارة	2		
32	ادارة التشغيل	DEPARTMENT	التعاقد والتغطية والحصص	غرفة عمليات المواقع	Operations/operations_room.php	إدارة التشغيل	BUSINESS_DEPARTMENT	OWNED	VALID	CONFIRMED	أصليةٌ لهذه الإدارة	2		
33	ادارة التشغيل	DEPARTMENT	استقبال البلاغات	صندوقُ بلاغاتِ الإدارة	Tickets/tickets_list.php	مركز البلاغات	BUSINESS_DEPARTMENT	SHARED_WORK_ITEM	VALID	CONFIRMED	مهمةٌ أو اعتمادٌ يصل المستخدمَ من إدارةٍ أخرى	16		
34	ادارة التشغيل	DEPARTMENT	الطلبات وحدود المخزون	أرصدة المخزون بحالاتها	Procurement/stock_proc.php	إدارة المشتريات التشغيلية	BUSINESS_DEPARTMENT	UNRESOLVED	VALID	PENDING	يلزم قرارُ المالك: منظرٌ مقيَّدٌ أم إزالة	6		
35	ادارة التشغيل	DEPARTMENT	الطلبات وحدود المخزون	طلبات الشراء	Procurement/requests_proc.php	إدارة المشتريات التشغيلية	BUSINESS_DEPARTMENT	SHARED_WORK_ITEM	VALID	CONFIRMED	مهمةٌ أو اعتمادٌ يصل المستخدمَ من إدارةٍ أخرى	5		
36	ادارة التشغيل	DEPARTMENT	المعاملات المالية الواردة	سجل الأحداث المالية	Finance/events_list_fin.php	المالية والخزينة	BUSINESS_DEPARTMENT	CONTEXTUAL_READ_ONLY	VALID	CONFIRMED	منظرٌ مرجعيٌّ محدودٌ تحتاجه الإدارةُ لإكمالِ عملِها	7		
37	ادارة التشغيل	DEPARTMENT	المعاملات المالية الواردة	موافقات إدارتي	FinRequests/dept_inbox.php	المالية والخزينة	BUSINESS_DEPARTMENT	DEPT_SELF_VIEW	VALID	CONFIRMED	منظرُ الإدارةِ عن نفسِها — مشترَكٌ بطبيعتِه	11		
38	ادارة التشغيل	DEPARTMENT	التخطيط وتخصيص الموارد	تكليف المشغّل على المعدة	Operations/distribution_space.php	إدارة التشغيل	BUSINESS_DEPARTMENT	OWNED	VALID	CONFIRMED	أصليةٌ لهذه الإدارة	5		
39	ادارة التشغيل	DEPARTMENT	التخطيط وتخصيص الموارد	إسناد المعدات للوحدات	Operations/containers.php	إدارة التشغيل	BUSINESS_DEPARTMENT	OWNED	VALID	CONFIRMED	أصليةٌ لهذه الإدارة	4		
40	ادارة التشغيل	DEPARTMENT	التنفيذ اليومي	الإنتاج والقياس	Operations/production.php	إدارة التشغيل	BUSINESS_DEPARTMENT	OWNED	VALID	CONFIRMED	أصليةٌ لهذه الإدارة	3		
41	ادارة التشغيل	DEPARTMENT	التنفيذ اليومي	التوقفات وتحديد المتحمل	Operations/stops_unattributed.php	إدارة التشغيل	BUSINESS_DEPARTMENT	OWNED	VALID	CONFIRMED	أصليةٌ لهذه الإدارة	2		
42	ادارة التشغيل	DEPARTMENT	المستخلصات والفوترة والتحصيل	المستخلصات والمطالبات	Contracts/claims.php	المبيعات والعقود	BUSINESS_DEPARTMENT	UNRESOLVED	VALID	PENDING	يلزم قرارُ المالك: منظرٌ مقيَّدٌ أم إزالة	3		
43	ادارة التشغيل	DEPARTMENT	المستخلصات والفوترة والتحصيل	الأعمال غير المفوترة	Operations/unbilled.php	المبيعات والعقود	BUSINESS_DEPARTMENT	UNRESOLVED	VALID	PENDING	يلزم قرارُ المالك: منظرٌ مقيَّدٌ أم إزالة	2		
44	ادارة التشغيل	DEPARTMENT	الالتزام والامتثال	لوحة الإسناد اليومي	Approvals/attribution_board.php	الحوكمة والالتزام	BUSINESS_DEPARTMENT	UNRESOLVED	VALID	PENDING	يلزم قرارُ المالك: منظرٌ مقيَّدٌ أم إزالة	3		
45	ادارة التشغيل	DEPARTMENT	الخزينة والبنوك	طلبات الدفع والسداد	Finance/payments_fin.php	المالية والخزينة	BUSINESS_DEPARTMENT	FORBIDDEN	VALID	CONFIRMED	◆ شاشةٌ ماليةٌ أو تجاريةٌ في مساحةِ إدارةٍ لا تملكها — تُزال ويُستبدل بها منظرٌ مقيَّد	7		
46	ادارة التشغيل	DEPARTMENT	الانحرافات وإقفال الفترة	الأداء الشهري للوحدة	Operations/unit_perf.php	إدارة التشغيل	BUSINESS_DEPARTMENT	OWNED	VALID	CONFIRMED	أصليةٌ لهذه الإدارة	3		
47	ادارة التشغيل	DEPARTMENT	الانحرافات وإقفال الفترة	الإقفال الشهري للوحدة	Operations/monthly_close.php	إدارة التشغيل	BUSINESS_DEPARTMENT	OWNED	VALID	CONFIRMED	أصليةٌ لهذه الإدارة	3		
48	ادارة التشغيل	DEPARTMENT	التكلفة والإهلاك والهامش	متابعة انحراف المنفَّذ عن المخطط	Finance/variance_monitor_fin.php	المالية والخزينة	BUSINESS_DEPARTMENT	UNRESOLVED	VALID	PENDING	يلزم قرارُ المالك: منظرٌ مقيَّدٌ أم إزالة	3		
49	ادارة التشغيل	DEPARTMENT	التكلفة والإهلاك والهامش	التكاليف والربحية بالمركز	Finance/cost_report_fin.php	المالية والخزينة	BUSINESS_DEPARTMENT	FORBIDDEN	VALID	CONFIRMED	◆ شاشةٌ ماليةٌ أو تجاريةٌ في مساحةِ إدارةٍ لا تملكها — تُزال ويُستبدل بها منظرٌ مقيَّد	6		
50	ادارة التشغيل	DEPARTMENT	الممولون والتسجيل	سجل الممولين	Financing/financiers_registry.php	التمويل والملكية	BUSINESS_DEPARTMENT	CONTEXTUAL_READ_ONLY	VALID	CONFIRMED	منظرٌ مرجعيٌّ محدودٌ تحتاجه الإدارةُ لإكمالِ عملِها	2		
51	ادارة التشغيل	DEPARTMENT	التدقيق والمراجعة	سجل التدقيق والاطّلاع	ActivityLogs/activity_logs.php	الحوكمة والالتزام	BUSINESS_DEPARTMENT	CONTEXTUAL_READ_ONLY	VALID	CONFIRMED	منظرٌ مرجعيٌّ محدودٌ تحتاجه الإدارةُ لإكمالِ عملِها	3		
52	ادارة التشغيل	DEPARTMENT	تسجيل الموردين	حصص الموردين من العقود	Suppliers/shares_coverage.php	إدارة الموردين	BUSINESS_DEPARTMENT	UNRESOLVED	VALID	PENDING	يلزم قرارُ المالك: منظرٌ مقيَّدٌ أم إزالة	2		
53	ادارة التشغيل	DEPARTMENT	التغطية التعاقدية	التزام العقد بنوع المعدة	Contracts/contract_coverage.php	المبيعات والعقود	BUSINESS_DEPARTMENT	UNRESOLVED	VALID	PENDING	يلزم قرارُ المالك: منظرٌ مقيَّدٌ أم إزالة	3		
54	ادارة التشغيل	DEPARTMENT	البيانات المرجعية والإعدادات	مخاطر الميدان	Risk/risk_field.php	إدارة المخاطر المؤسسية	BUSINESS_DEPARTMENT	UNRESOLVED	VALID	PENDING	يلزم قرارُ المالك: منظرٌ مقيَّدٌ أم إزالة	3		
55	ادارة التشغيل	DEPARTMENT	البيانات المرجعية والإعدادات	أذون الزيارة والمركبات الخارجية	admin/org_permits.php	إدارة الموقع	BUSINESS_DEPARTMENT	UNRESOLVED	VALID	PENDING	يلزم قرارُ المالك: منظرٌ مقيَّدٌ أم إزالة	2		
56	ادارة التشغيل	DEPARTMENT	أنواع المستندات وآلات الحالة	أنماط تفعيل المزايا	Governance/activation_patterns.php	الحوكمة والالتزام	BUSINESS_DEPARTMENT	UNRESOLVED	VALID	PENDING	يلزم قرارُ المالك: منظرٌ مقيَّدٌ أم إزالة	2		
57	ادارة التشغيل	DEPARTMENT	لوحة الإدارة	الرئيسية	main/role_board.php	مساحة العمل الشخصية	BUSINESS_DEPARTMENT	PERSONAL_SPACE	VALID	CONFIRMED	مساحةٌ شخصيةٌ مشتركةٌ فوقَ الإدارات	17		
58	ادارة التشغيل	DEPARTMENT	لوحة الإدارة	المراسلات	chats/index.php	مساحة العمل الشخصية	PLATFORM_SHARED	PERSONAL_SPACE	VALID	CONFIRMED	مساحةٌ شخصيةٌ مشتركةٌ فوقَ الإدارات	17		
59	ادارة التشغيل	DEPARTMENT	اعتماد الوحدات	صندوقُ موافقاتي — ما ينتظر يدي	Approvals/requests.php	الحوكمة والالتزام	BUSINESS_DEPARTMENT	SHARED_WORK_ITEM	VALID	CONFIRMED	مهمةٌ أو اعتمادٌ يصل المستخدمَ من إدارةٍ أخرى	4		
60	ادارة التشغيل	DEPARTMENT	متابعة الانحراف	هامش الربح للعقد والواقعة	Reports/margin_report.php	مكتب الرئيس التنفيذي والنواب	BUSINESS_DEPARTMENT	UNRESOLVED	VALID	PENDING	يلزم قرارُ المالك: منظرٌ مقيَّدٌ أم إزالة	4		
61	ادارة التشغيل	DEPARTMENT	متابعة الانحراف	تصنيف الأعطال وأسبابها	Equipments/manage_failure_codes.php	إدارة الأسطول	BUSINESS_DEPARTMENT	CONTEXTUAL_READ_ONLY	VALID	CONFIRMED	منظرٌ مرجعيٌّ محدودٌ تحتاجه الإدارةُ لإكمالِ عملِها	3		
62	ادارة التشغيل	DEPARTMENT	فريق العمل	إدارة المعاونين	main/project_users.php	مساحة العمل الشخصية	BUSINESS_DEPARTMENT	PERSONAL_SPACE	VALID	CONFIRMED	مساحةٌ شخصيةٌ مشتركةٌ فوقَ الإدارات	16		
63	ادارة التشغيل	DEPARTMENT	العمل اليومي	طلب مالي جديد	FinRequests/request_form.php	المالية والخزينة	BUSINESS_DEPARTMENT	UNRESOLVED	VALID	PENDING	يلزم قرارُ المالك: منظرٌ مقيَّدٌ أم إزالة	10		
64	ادارة التشغيل	DEPARTMENT	العمل اليومي	أحكام العميل والمورد والمشغّل	Finance/unit_records_fin.php	المالية والخزينة	BUSINESS_DEPARTMENT	UNRESOLVED	VALID	PENDING	يلزم قرارُ المالك: منظرٌ مقيَّدٌ أم إزالة	4		
65	ادارة التشغيل	DEPARTMENT	العمل اليومي	ميزانية إدارتي	Finance/budget_form_fin.php	المالية والخزينة	BUSINESS_DEPARTMENT	DEPT_SELF_VIEW	VALID	CONFIRMED	منظرُ الإدارةِ عن نفسِها — مشترَكٌ بطبيعتِه	11		
66	ادارة التشغيل	DEPARTMENT	العمل اليومي	أنواع المعدات	Equipments/equipments_types.php	إدارة الأسطول	BUSINESS_DEPARTMENT	CONTEXTUAL_READ_ONLY	VALID	CONFIRMED	منظرٌ مرجعيٌّ محدودٌ تحتاجه الإدارةُ لإكمالِ عملِها	2		
67	ادارة التشغيل	DEPARTMENT	العمل اليومي	مواقع التنفيذ	Projects/sites.php	الحوكمة والالتزام	BUSINESS_DEPARTMENT	UNRESOLVED	VALID	PENDING	يلزم قرارُ المالك: منظرٌ مقيَّدٌ أم إزالة	2		
68	ادارة التشغيل	DEPARTMENT	العمل اليومي	شروط تعديل السعر	Contracts/price_terms.php	المبيعات والعقود	BUSINESS_DEPARTMENT	FORBIDDEN	VALID	CONFIRMED	◆ شاشةٌ ماليةٌ أو تجاريةٌ في مساحةِ إدارةٍ لا تملكها — تُزال ويُستبدل بها منظرٌ مقيَّد	2		
69	ادارة التشغيل	DEPARTMENT	العمل اليومي	مركز التقارير	Reports/reports.php	مكتب الرئيس التنفيذي والنواب	BUSINESS_DEPARTMENT	UNRESOLVED	VALID	PENDING	يلزم قرارُ المالك: منظرٌ مقيَّدٌ أم إزالة	7		
70	ادارة التشغيل	DEPARTMENT	العمل اليومي	سجل الوحدات اليومية	Reports/daily_units_report.php	مكتب الرئيس التنفيذي والنواب	BUSINESS_DEPARTMENT	CONTEXTUAL_READ_ONLY	VALID	CONFIRMED	منظرٌ مرجعيٌّ محدودٌ تحتاجه الإدارةُ لإكمالِ عملِها	2		
71	ادارة التشغيل	DEPARTMENT	العمل اليومي	الاعتمادات المتأخرة والوثائق	Reports/approval_lag_report.php	مكتب الرئيس التنفيذي والنواب	BUSINESS_DEPARTMENT	SHARED_WORK_ITEM	VALID	CONFIRMED	مهمةٌ أو اعتمادٌ يصل المستخدمَ من إدارةٍ أخرى	2		
72	ادارة التشغيل	DEPARTMENT	العمل اليومي	لوحة مدير التشغيل	admin/ops_manager_board.php	الحوكمة والالتزام	BUSINESS_DEPARTMENT	UNRESOLVED	ERROR_SUSPECTED	PENDING	◆ لا تظهر إلا في هذه الإدارةِ ومالكُها غيرُها — يُراجَع المالك	1		
73	ادارة التشغيل	DEPARTMENT	السجلات الرئيسية	المعدات	Equipments/equipments_fleet.php	إدارة الأسطول	BUSINESS_DEPARTMENT	UNRESOLVED	VALID	PENDING	يلزم قرارُ المالك: منظرٌ مقيَّدٌ أم إزالة	2		
74	ادارة التشغيل	DEPARTMENT	الحوكمة	سجل الكيانات	Governance/entities_registry.php	الحوكمة والالتزام	BUSINESS_DEPARTMENT	CONTEXTUAL_READ_ONLY	VALID	CONFIRMED	منظرٌ مرجعيٌّ محدودٌ تحتاجه الإدارةُ لإكمالِ عملِها	3		
75	ادارة التشغيل	DEPARTMENT	الحوكمة	التفويض بالتوقيع	Governance/signing_authority.php	الحوكمة والالتزام	BUSINESS_DEPARTMENT	UNRESOLVED	VALID	PENDING	يلزم قرارُ المالك: منظرٌ مقيَّدٌ أم إزالة	4		
76	ادارة التشغيل	DEPARTMENT	الحوكمة	التراخيص والكفالات	Governance/licenses_guarantees.php	الحوكمة والالتزام	BUSINESS_DEPARTMENT	UNRESOLVED	VALID	PENDING	يلزم قرارُ المالك: منظرٌ مقيَّدٌ أم إزالة	5		
77	ادارة التشغيل	DEPARTMENT	الحوكمة	منح المجال المقيَّد	Governance/ownership_grants.php	الحوكمة والالتزام	BUSINESS_DEPARTMENT	UNRESOLVED	ERROR_SUSPECTED	PENDING	◆ لا تظهر إلا في هذه الإدارةِ ومالكُها غيرُها — يُراجَع المالك	1		
78	ادارة التشغيل	DEPARTMENT	الإعدادات والتدقيق	الأنواع والموديلات	Equipments/fleet_models.php	إدارة الأسطول	BUSINESS_DEPARTMENT	CONTEXTUAL_READ_ONLY	VALID	CONFIRMED	منظرٌ مرجعيٌّ محدودٌ تحتاجه الإدارةُ لإكمالِ عملِها	3		
79	ادارة التشغيل	DEPARTMENT	الإعدادات والتدقيق	إعداد الإهلاك	Equipments/fleet_depreciation_profiles.php	إدارة الأسطول	BUSINESS_DEPARTMENT	UNRESOLVED	VALID	PENDING	يلزم قرارُ المالك: منظرٌ مقيَّدٌ أم إزالة	2		
80	ادارة التشغيل	DEPARTMENT	المخاطر	مساحة مخاطر الإدارة	Risk/dept_risk_space.php	إدارة المخاطر المؤسسية	BUSINESS_DEPARTMENT	DEPT_SELF_VIEW	VALID	CONFIRMED	منظرُ الإدارةِ عن نفسِها — مشترَكٌ بطبيعتِه	14		
81	ادارة الموردين	DEPARTMENT	المركز التنفيذي	مهامي	Portal/my_tasks.php	مكتب الرئيس التنفيذي والنواب	PLATFORM_SHARED	SHARED_WORK_ITEM	VALID	CONFIRMED	مهمةٌ أو اعتمادٌ يصل المستخدمَ من إدارةٍ أخرى	17		
82	ادارة الموردين	DEPARTMENT	المركز التنفيذي	إنجازي	Portal/my_achievement.php	مكتب الرئيس التنفيذي والنواب	PLATFORM_SHARED	UNRESOLVED	VALID	PENDING	يلزم قرارُ المالك: منظرٌ مقيَّدٌ أم إزالة	16		
83	ادارة الموردين	DEPARTMENT	المركز التنفيذي	طلباتي	FinRequests/my_requests.php	مكتب الرئيس التنفيذي والنواب	PLATFORM_SHARED	SHARED_WORK_ITEM	VALID	CONFIRMED	مهمةٌ أو اعتمادٌ يصل المستخدمَ من إدارةٍ أخرى	15		
84	ادارة الموردين	DEPARTMENT	مركز العمل	بوابتي	Portal/my_portal.php	مساحة العمل الشخصية	PLATFORM_SHARED	PERSONAL_SPACE	VALID	CONFIRMED	مساحةٌ شخصيةٌ مشتركةٌ فوقَ الإدارات	16		
85	ادارة الموردين	DEPARTMENT	الاعتمادات الواردة	صندوق ما ينتظر اعتمادي	Finance/approvals_inbox.php	مركز البلاغات	BUSINESS_DEPARTMENT	SHARED_WORK_ITEM	VALID	CONFIRMED	مهمةٌ أو اعتمادٌ يصل المستخدمَ من إدارةٍ أخرى	13		
86	ادارة الموردين	DEPARTMENT	الاعتمادات الواردة	تسجيل التايم شيت والإنتاج — الموقع	Timesheet/timesheet.php	إدارة الموقع	BUSINESS_DEPARTMENT	UNRESOLVED	VALID	PENDING	يلزم قرارُ المالك: منظرٌ مقيَّدٌ أم إزالة	9		
87	ادارة الموردين	DEPARTMENT	ملفي الشخصي	مساحة عملي	main/my_workspace.php	مساحة العمل الشخصية	BUSINESS_DEPARTMENT	PERSONAL_SPACE	VALID	CONFIRMED	مساحةٌ شخصيةٌ مشتركةٌ فوقَ الإدارات	16		
88	ادارة الموردين	DEPARTMENT	الظهور وضبط البوابة	مركز التقارير — الحوكمة	emsreports/index.php	الحوكمة والالتزام	BUSINESS_DEPARTMENT	UNRESOLVED	VALID	PENDING	يلزم قرارُ المالك: منظرٌ مقيَّدٌ أم إزالة	14		
89	ادارة الموردين	DEPARTMENT	الظهور وضبط البوابة	الإعدادات	Settings/settings.php	الحوكمة والالتزام	BUSINESS_DEPARTMENT	CONTEXTUAL_READ_ONLY	VALID	CONFIRMED	منظرٌ مرجعيٌّ محدودٌ تحتاجه الإدارةُ لإكمالِ عملِها	6		
90	ادارة الموردين	DEPARTMENT	تسجيل الموردين	سجل الموردين	Suppliers/suppliers.php	إدارة الموردين	BUSINESS_DEPARTMENT	OWNED	VALID	CONFIRMED	أصليةٌ لهذه الإدارة	2		
91	ادارة الموردين	DEPARTMENT	تسجيل الموردين	حسابات الموردين البنكية	Suppliers/supplier_bank.php	إدارة الموردين	BUSINESS_DEPARTMENT	OWNED	VALID	CONFIRMED	أصليةٌ لهذه الإدارة	1		
92	ادارة الموردين	DEPARTMENT	تسجيل الموردين	عقود الموردين	Suppliers/supplierscontracts.php	إدارة الموردين	BUSINESS_DEPARTMENT	OWNED	VALID	CONFIRMED	أصليةٌ لهذه الإدارة	1		
93	ادارة الموردين	DEPARTMENT	تسجيل الموردين	حصص الموردين من العقود	Suppliers/shares_coverage.php	إدارة الموردين	BUSINESS_DEPARTMENT	OWNED	VALID	CONFIRMED	أصليةٌ لهذه الإدارة	2		
94	ادارة الموردين	DEPARTMENT	تسجيل الموردين	خطة معدات المورد المتعهَّد بها	Suppliers/equipment_plan.php	إدارة الموردين	BUSINESS_DEPARTMENT	OWNED	VALID	CONFIRMED	أصليةٌ لهذه الإدارة	1		
95	ادارة الموردين	DEPARTMENT	تسجيل الموردين	تسويات ومستحقات الموردين	Suppliers/settlements.php	إدارة الموردين	BUSINESS_DEPARTMENT	OWNED	VALID	CONFIRMED	أصليةٌ لهذه الإدارة	3		
96	ادارة الموردين	DEPARTMENT	تسجيل الموردين	بنود عقد المورد	Suppliers/supplier_contract_lines.php	إدارة الموردين	BUSINESS_DEPARTMENT	OWNED	VALID	CONFIRMED	أصليةٌ لهذه الإدارة	2		
97	ادارة الموردين	DEPARTMENT	تسجيل الموردين	وثائق المورد وحسابه البنكي	Suppliers/supplier_documents.php	إدارة الموردين	BUSINESS_DEPARTMENT	OWNED	VALID	CONFIRMED	أصليةٌ لهذه الإدارة	2		
98	ادارة الموردين	DEPARTMENT	تسجيل الموردين	طلبات عروض الموردين	Suppliers/rfq_requests.php	إدارة الموردين	BUSINESS_DEPARTMENT	OWNED	VALID	CONFIRMED	أصليةٌ لهذه الإدارة	3		
99	ادارة الموردين	DEPARTMENT	التأهيل والقدرة	طاقة المورد وجاهزيته ومهلة الإحلال	Suppliers/supplier_capacity.php	إدارة الموردين	BUSINESS_DEPARTMENT	OWNED	VALID	CONFIRMED	أصليةٌ لهذه الإدارة	2		
100	ادارة الموردين	DEPARTMENT	التأهيل والقدرة	أداء الموردين وجاهزيتهم	Suppliers/supplier_capacity.php	إدارة الموردين	BUSINESS_DEPARTMENT	OWNED	VALID	CONFIRMED	أصليةٌ لهذه الإدارة	2		
101	ادارة الموردين	DEPARTMENT	العروض والتسعير	نماذج العمل ووحدات القياس	Portal/business_models.php	المبيعات والعقود	BUSINESS_DEPARTMENT	CONTEXTUAL_READ_ONLY	VALID	CONFIRMED	منظرٌ مرجعيٌّ محدودٌ تحتاجه الإدارةُ لإكمالِ عملِها	3		
102	ادارة الموردين	DEPARTMENT	عمليات التمويل	ميزانية إدارتي — التمويل	Finance/budget_dept.php	التمويل والملكية	BUSINESS_DEPARTMENT	DEPT_SELF_VIEW	VALID	CONFIRMED	منظرُ الإدارةِ عن نفسِها — مشترَكٌ بطبيعتِه	14		
103	ادارة الموردين	DEPARTMENT	عمليات التمويل	إنجاز الإدارة	Portal/dept_achievement.php	التمويل والملكية	BUSINESS_DEPARTMENT	DEPT_SELF_VIEW	VALID	CONFIRMED	منظرُ الإدارةِ عن نفسِها — مشترَكٌ بطبيعتِه	15		
104	ادارة الموردين	DEPARTMENT	الهيكل والأدوار	ما ينتظر اعتمادي	Approvals/hours_approval.php	الحوكمة والالتزام	BUSINESS_DEPARTMENT	SHARED_WORK_ITEM	VALID	CONFIRMED	مهمةٌ أو اعتمادٌ يصل المستخدمَ من إدارةٍ أخرى	5		
105	ادارة الموردين	DEPARTMENT	التنفيذ والإقفال	أوامر الصيانة	Maintenance/orders.php	إدارة الصيانة	BUSINESS_DEPARTMENT	UNRESOLVED	VALID	PENDING	يلزم قرارُ المالك: منظرٌ مقيَّدٌ أم إزالة	6		
106	ادارة الموردين	DEPARTMENT	العقود	عقود العملاء	Contracts/contracts.php	المبيعات والعقود	BUSINESS_DEPARTMENT	UNRESOLVED	VALID	PENDING	يلزم قرارُ المالك: منظرٌ مقيَّدٌ أم إزالة	5		
107	ادارة الموردين	DEPARTMENT	العقود	الجزاءات والحوافز التعاقدية	Contracts/penalties.php	المبيعات والعقود	BUSINESS_DEPARTMENT	UNRESOLVED	VALID	PENDING	يلزم قرارُ المالك: منظرٌ مقيَّدٌ أم إزالة	4		
108	ادارة الموردين	DEPARTMENT	العقود والحصص	قواعد التحميل والجزاءات على المورد	Suppliers/supplier_rules.php	إدارة الموردين	BUSINESS_DEPARTMENT	OWNED	VALID	CONFIRMED	أصليةٌ لهذه الإدارة	2		
109	ادارة الموردين	DEPARTMENT	التعاقد والتغطية والحصص	توزيع وحدات المورد على معداته	Operations/equipment_quota.php	إدارة التشغيل	BUSINESS_DEPARTMENT	UNRESOLVED	VALID	PENDING	يلزم قرارُ المالك: منظرٌ مقيَّدٌ أم إزالة	2		
110	ادارة الموردين	DEPARTMENT	استقبال البلاغات	أبلغ عن مشكلة من هذه الشاشة	Tickets/ticket_contextual_open.php	مركز البلاغات	BUSINESS_DEPARTMENT	UNRESOLVED	VALID	PENDING	يلزم قرارُ المالك: منظرٌ مقيَّدٌ أم إزالة	13		
111	ادارة الموردين	DEPARTMENT	استقبال البلاغات	صندوقُ بلاغاتِ الإدارة	Tickets/tickets_list.php	مركز البلاغات	BUSINESS_DEPARTMENT	SHARED_WORK_ITEM	VALID	CONFIRMED	مهمةٌ أو اعتمادٌ يصل المستخدمَ من إدارةٍ أخرى	16		
112	ادارة الموردين	DEPARTMENT	المعاملات المالية الواردة	موافقات إدارتي	FinRequests/dept_inbox.php	المالية والخزينة	BUSINESS_DEPARTMENT	DEPT_SELF_VIEW	VALID	CONFIRMED	منظرُ الإدارةِ عن نفسِها — مشترَكٌ بطبيعتِه	11		
113	ادارة الموردين	DEPARTMENT	توزيع الحصص والحاويات	تسليم الحصص بين الموردين	Suppliers/sup_handover.php	إدارة الموردين	BUSINESS_DEPARTMENT	OWNED	VALID	CONFIRMED	أصليةٌ لهذه الإدارة	1		
114	ادارة الموردين	DEPARTMENT	التخطيط وتخصيص الموارد	إسناد المعدات للوحدات	Operations/containers.php	إدارة التشغيل	BUSINESS_DEPARTMENT	UNRESOLVED	VALID	PENDING	يلزم قرارُ المالك: منظرٌ مقيَّدٌ أم إزالة	4		
115	ادارة الموردين	DEPARTMENT	طلبات العروض	طلب العروض ومقارنتها	Procurement/rfq_compare_award.php	إدارة المشتريات التشغيلية	BUSINESS_DEPARTMENT	UNRESOLVED	VALID	PENDING	يلزم قرارُ المالك: منظرٌ مقيَّدٌ أم إزالة	2		
116	ادارة الموردين	DEPARTMENT	التنفيذ والاستحقاق	كشف التايم شيت — المورد	Suppliers/unit_statement_supplier.php	إدارة الموردين	BUSINESS_DEPARTMENT	OWNED	VALID	CONFIRMED	أصليةٌ لهذه الإدارة	1		
117	ادارة الموردين	DEPARTMENT	التسويات والصرف	سلفيات الموردين	Suppliers/supplier_advances.php	إدارة الموردين	BUSINESS_DEPARTMENT	OWNED	VALID	CONFIRMED	أصليةٌ لهذه الإدارة	2		
118	ادارة الموردين	DEPARTMENT	تقييم الأداء والإنهاء	تقييم المورد الدوري	Suppliers/supplier_evaluation.php	إدارة الموردين	BUSINESS_DEPARTMENT	OWNED	VALID	CONFIRMED	أصليةٌ لهذه الإدارة	2		
119	ادارة الموردين	DEPARTMENT	تقييم الأداء والإنهاء	تصفية إنهاء عقد مورد	Suppliers/supplier_closure.php	إدارة الموردين	BUSINESS_DEPARTMENT	OWNED	VALID	CONFIRMED	أصليةٌ لهذه الإدارة	2		
120	ادارة الموردين	DEPARTMENT	الخزينة والبنوك	ذمم الموردين والمستحقات	Finance/dues_fin.php	المالية والخزينة	BUSINESS_DEPARTMENT	FORBIDDEN	VALID	CONFIRMED	◆ شاشةٌ ماليةٌ أو تجاريةٌ في مساحةِ إدارةٍ لا تملكها — تُزال ويُستبدل بها منظرٌ مقيَّد	4		
121	ادارة الموردين	DEPARTMENT	الخزينة والبنوك	طلبات الدفع والسداد	Finance/payments_fin.php	المالية والخزينة	BUSINESS_DEPARTMENT	FORBIDDEN	VALID	CONFIRMED	◆ شاشةٌ ماليةٌ أو تجاريةٌ في مساحةِ إدارةٍ لا تملكها — تُزال ويُستبدل بها منظرٌ مقيَّد	7		
122	ادارة الموردين	DEPARTMENT	الانحرافات وإقفال الفترة	الأداء الشهري للوحدة	Operations/unit_perf.php	إدارة التشغيل	BUSINESS_DEPARTMENT	UNRESOLVED	VALID	PENDING	يلزم قرارُ المالك: منظرٌ مقيَّدٌ أم إزالة	3		
123	ادارة الموردين	DEPARTMENT	سجل الأصول	وثائق المعدات والمشغّلين	Equipments/equipment_documents.php	إدارة الأسطول	BUSINESS_DEPARTMENT	CONTEXTUAL_READ_ONLY	VALID	CONFIRMED	منظرٌ مرجعيٌّ محدودٌ تحتاجه الإدارةُ لإكمالِ عملِها	6		
124	ادارة الموردين	DEPARTMENT	سجل الأصول	جاهزية المعدات للتشغيل	Fleet/readiness_board.php	إدارة الأسطول	BUSINESS_DEPARTMENT	UNRESOLVED	VALID	PENDING	يلزم قرارُ المالك: منظرٌ مقيَّدٌ أم إزالة	5		
125	ادارة الموردين	DEPARTMENT	الملكية والضمانات	حصص الملكية في الأصول	Financing/owners_registry.php	التمويل والملكية	BUSINESS_DEPARTMENT	UNRESOLVED	VALID	PENDING	يلزم قرارُ المالك: منظرٌ مقيَّدٌ أم إزالة	3		
126	ادارة الموردين	DEPARTMENT	التكليف والأداء	سجل المشغّلين	Employees/equipment_operators.php	الموارد البشرية	BUSINESS_DEPARTMENT	CONTEXTUAL_READ_ONLY	VALID	CONFIRMED	منظرٌ مرجعيٌّ محدودٌ تحتاجه الإدارةُ لإكمالِ عملِها	5		
127	ادارة الموردين	DEPARTMENT	التغطية التعاقدية	التزام العقد بنوع المعدة	Contracts/contract_coverage.php	المبيعات والعقود	BUSINESS_DEPARTMENT	UNRESOLVED	VALID	PENDING	يلزم قرارُ المالك: منظرٌ مقيَّدٌ أم إزالة	3		
128	ادارة الموردين	DEPARTMENT	الحوكمة والضوابط	مخاطر الموردين	Risk/risk_dept_sup.php	إدارة الموردين	BUSINESS_DEPARTMENT	OWNED	VALID	CONFIRMED	أصليةٌ لهذه الإدارة	1		
129	ادارة الموردين	DEPARTMENT	الحوكمة والضوابط	حوكمة إدارة الموردين	Governance/gov_dept_sup.php	إدارة الموردين	BUSINESS_DEPARTMENT	OWNED	VALID	CONFIRMED	أصليةٌ لهذه الإدارة	1		
130	ادارة الموردين	DEPARTMENT	لوحة الإدارة	الرئيسية	main/role_board.php	مساحة العمل الشخصية	BUSINESS_DEPARTMENT	PERSONAL_SPACE	VALID	CONFIRMED	مساحةٌ شخصيةٌ مشتركةٌ فوقَ الإدارات	17		
131	ادارة الموردين	DEPARTMENT	لوحة الإدارة	المراسلات	chats/index.php	مساحة العمل الشخصية	PLATFORM_SHARED	PERSONAL_SPACE	VALID	CONFIRMED	مساحةٌ شخصيةٌ مشتركةٌ فوقَ الإدارات	17		
132	ادارة الموردين	DEPARTMENT	لوحة الإدارة	التراخيص والكفالات	Governance/licenses_guarantees.php	الحوكمة والالتزام	BUSINESS_DEPARTMENT	UNRESOLVED	VALID	PENDING	يلزم قرارُ المالك: منظرٌ مقيَّدٌ أم إزالة	5		
133	ادارة الموردين	DEPARTMENT	لوحة الإدارة	صندوقُ موافقاتي — ما ينتظر يدي	Approvals/requests.php	الحوكمة والالتزام	BUSINESS_DEPARTMENT	SHARED_WORK_ITEM	VALID	CONFIRMED	مهمةٌ أو اعتمادٌ يصل المستخدمَ من إدارةٍ أخرى	4		
134	ادارة الموردين	DEPARTMENT	لوحة الإدارة	كشف حساب المورد الشهري	Finance/supplier_statement_fin.php	المالية والخزينة	BUSINESS_DEPARTMENT	UNRESOLVED	VALID	PENDING	يلزم قرارُ المالك: منظرٌ مقيَّدٌ أم إزالة	2		
135	ادارة الموردين	DEPARTMENT	فريق العمل	إدارة المعاونين	main/project_users.php	مساحة العمل الشخصية	BUSINESS_DEPARTMENT	PERSONAL_SPACE	VALID	CONFIRMED	مساحةٌ شخصيةٌ مشتركةٌ فوقَ الإدارات	16		
136	ادارة الموردين	DEPARTMENT	فريق العمل	قاموسُ المبتدئ	main/glossary.php	مساحة العمل الشخصية	BUSINESS_DEPARTMENT	PERSONAL_SPACE	VALID	CONFIRMED	مساحةٌ شخصيةٌ مشتركةٌ فوقَ الإدارات	3		
137	ادارة الموردين	DEPARTMENT	العمل اليومي	طلب مالي جديد	FinRequests/request_form.php	المالية والخزينة	BUSINESS_DEPARTMENT	UNRESOLVED	VALID	PENDING	يلزم قرارُ المالك: منظرٌ مقيَّدٌ أم إزالة	10		
138	ادارة الموردين	DEPARTMENT	العمل اليومي	مركز التقارير	Reports/reports.php	مكتب الرئيس التنفيذي والنواب	BUSINESS_DEPARTMENT	UNRESOLVED	VALID	PENDING	يلزم قرارُ المالك: منظرٌ مقيَّدٌ أم إزالة	7		
139	ادارة الموردين	DEPARTMENT	العمل اليومي	ميزانية إدارتي	Finance/budget_form_fin.php	المالية والخزينة	BUSINESS_DEPARTMENT	DEPT_SELF_VIEW	VALID	CONFIRMED	منظرُ الإدارةِ عن نفسِها — مشترَكٌ بطبيعتِه	11		
140	ادارة الموردين	DEPARTMENT	العمل اليومي	تعرفة الترحيل وتسعير الأوامر	Transport/transfer_tariffs.php	النقل والترحيل	BUSINESS_DEPARTMENT	UNRESOLVED	VALID	PENDING	يلزم قرارُ المالك: منظرٌ مقيَّدٌ أم إزالة	3		
141	ادارة الموردين	DEPARTMENT	المخاطر	مخاطر إدارة الموردين	Risk/dept_risk_space.php	إدارة المخاطر المؤسسية	BUSINESS_DEPARTMENT	UNRESOLVED	VALID	PENDING	يلزم قرارُ المالك: منظرٌ مقيَّدٌ أم إزالة	14		
142	ادارة الاسطول	DEPARTMENT	المركز التنفيذي	مهامي	Portal/my_tasks.php	مكتب الرئيس التنفيذي والنواب	PLATFORM_SHARED	SHARED_WORK_ITEM	VALID	CONFIRMED	مهمةٌ أو اعتمادٌ يصل المستخدمَ من إدارةٍ أخرى	17		
143	ادارة الاسطول	DEPARTMENT	المركز التنفيذي	إنجازي	Portal/my_achievement.php	مكتب الرئيس التنفيذي والنواب	PLATFORM_SHARED	UNRESOLVED	VALID	PENDING	يلزم قرارُ المالك: منظرٌ مقيَّدٌ أم إزالة	16		
144	ادارة الاسطول	DEPARTMENT	المركز التنفيذي	طلباتي	FinRequests/my_requests.php	مكتب الرئيس التنفيذي والنواب	PLATFORM_SHARED	SHARED_WORK_ITEM	VALID	CONFIRMED	مهمةٌ أو اعتمادٌ يصل المستخدمَ من إدارةٍ أخرى	15		
145	ادارة الاسطول	DEPARTMENT	مركز العمل	بوابتي	Portal/my_portal.php	مساحة العمل الشخصية	PLATFORM_SHARED	PERSONAL_SPACE	VALID	CONFIRMED	مساحةٌ شخصيةٌ مشتركةٌ فوقَ الإدارات	16		
146	ادارة الاسطول	DEPARTMENT	مركز العمل	تخصيص المعدات للمشروعات	Oprators/select_project.php	الحوكمة والالتزام	BUSINESS_DEPARTMENT	UNRESOLVED	ERROR_SUSPECTED	PENDING	◆ لا تظهر إلا في هذه الإدارةِ ومالكُها غيرُها — يُراجَع المالك	1		
147	ادارة الاسطول	DEPARTMENT	الاعتمادات الواردة	صندوق ما ينتظر اعتمادي	Finance/approvals_inbox.php	مركز البلاغات	BUSINESS_DEPARTMENT	SHARED_WORK_ITEM	VALID	CONFIRMED	مهمةٌ أو اعتمادٌ يصل المستخدمَ من إدارةٍ أخرى	13		
148	ادارة الاسطول	DEPARTMENT	الاعتمادات الواردة	خطة عمل الغد	Operations/daily_plan.php	إدارة الموقع	BUSINESS_DEPARTMENT	UNRESOLVED	VALID	PENDING	يلزم قرارُ المالك: منظرٌ مقيَّدٌ أم إزالة	4		
149	ادارة الاسطول	DEPARTMENT	الاعتمادات الواردة	تسجيل التايم شيت والإنتاج — الموقع	Timesheet/timesheet.php	إدارة الموقع	BUSINESS_DEPARTMENT	UNRESOLVED	VALID	PENDING	يلزم قرارُ المالك: منظرٌ مقيَّدٌ أم إزالة	9		
150	ادارة الاسطول	DEPARTMENT	ملفي الشخصي	مساحة عملي	main/my_workspace.php	مساحة العمل الشخصية	BUSINESS_DEPARTMENT	PERSONAL_SPACE	VALID	CONFIRMED	مساحةٌ شخصيةٌ مشتركةٌ فوقَ الإدارات	16		
151	ادارة الاسطول	DEPARTMENT	الظهور وضبط البوابة	مركز التقارير — الحوكمة	emsreports/index.php	الحوكمة والالتزام	BUSINESS_DEPARTMENT	UNRESOLVED	VALID	PENDING	يلزم قرارُ المالك: منظرٌ مقيَّدٌ أم إزالة	14		
152	ادارة الاسطول	DEPARTMENT	الظهور وضبط البوابة	الإعدادات	Settings/settings.php	الحوكمة والالتزام	BUSINESS_DEPARTMENT	CONTEXTUAL_READ_ONLY	VALID	CONFIRMED	منظرٌ مرجعيٌّ محدودٌ تحتاجه الإدارةُ لإكمالِ عملِها	6		
153	ادارة الاسطول	DEPARTMENT	استقبال البلاغ	الفحص الفني اليومي	Maintenance/inspections.php	إدارة الصيانة	BUSINESS_DEPARTMENT	UNRESOLVED	VALID	PENDING	يلزم قرارُ المالك: منظرٌ مقيَّدٌ أم إزالة	3		
154	ادارة الاسطول	DEPARTMENT	سجل الأصول	سجل المعدات	Equipments/equipments.php	إدارة الأسطول	BUSINESS_DEPARTMENT	OWNED	VALID	CONFIRMED	أصليةٌ لهذه الإدارة	8		
155	ادارة الاسطول	DEPARTMENT	سجل الأصول	جسر ترقيم المعدات	Equipments/code_bridge.php	إدارة الأسطول	BUSINESS_DEPARTMENT	OWNED	VALID	CONFIRMED	أصليةٌ لهذه الإدارة	1		
156	ادارة الاسطول	DEPARTMENT	سجل الأصول	مصدر المعدة ونمط تملّكها	Equipments/equipment_sourcing.php	إدارة الأسطول	BUSINESS_DEPARTMENT	OWNED	VALID	CONFIRMED	أصليةٌ لهذه الإدارة	1		
157	ادارة الاسطول	DEPARTMENT	سجل الأصول	جاهزية المعدات للتشغيل	Fleet/readiness_board.php	إدارة الأسطول	BUSINESS_DEPARTMENT	OWNED	VALID	CONFIRMED	أصليةٌ لهذه الإدارة	5		
158	ادارة الاسطول	DEPARTMENT	سجل الأصول	وثائق المعدات والمشغّلين	Equipments/equipment_documents.php	إدارة الأسطول	BUSINESS_DEPARTMENT	OWNED	VALID	CONFIRMED	أصليةٌ لهذه الإدارة	6		
159	ادارة الاسطول	DEPARTMENT	سجل الأصول	الأعيان المموَّلة	Equipments/fin_assets.php	إدارة الأسطول	BUSINESS_DEPARTMENT	OWNED	VALID	CONFIRMED	أصليةٌ لهذه الإدارة	2		
160	ادارة الاسطول	DEPARTMENT	عمليات التمويل	ميزانية إدارتي — التمويل	Finance/budget_dept.php	التمويل والملكية	BUSINESS_DEPARTMENT	DEPT_SELF_VIEW	VALID	CONFIRMED	منظرُ الإدارةِ عن نفسِها — مشترَكٌ بطبيعتِه	14		
161	ادارة الاسطول	DEPARTMENT	عمليات التمويل	إنجاز الإدارة	Portal/dept_achievement.php	التمويل والملكية	BUSINESS_DEPARTMENT	DEPT_SELF_VIEW	VALID	CONFIRMED	منظرُ الإدارةِ عن نفسِها — مشترَكٌ بطبيعتِه	15		
162	ادارة الاسطول	DEPARTMENT	أوامر الترحيل	أوامر الترحيل	Transport/transfer_orders_list.php	النقل والترحيل	BUSINESS_DEPARTMENT	UNRESOLVED	VALID	PENDING	يلزم قرارُ المالك: منظرٌ مقيَّدٌ أم إزالة	4		
163	ادارة الاسطول	DEPARTMENT	الهيكل والأدوار	ما ينتظر اعتمادي	Approvals/hours_approval.php	الحوكمة والالتزام	BUSINESS_DEPARTMENT	SHARED_WORK_ITEM	VALID	CONFIRMED	مهمةٌ أو اعتمادٌ يصل المستخدمَ من إدارةٍ أخرى	5		
164	ادارة الاسطول	DEPARTMENT	التنفيذ والإقفال	أوامر الصيانة	Maintenance/orders.php	إدارة الصيانة	BUSINESS_DEPARTMENT	UNRESOLVED	VALID	PENDING	يلزم قرارُ المالك: منظرٌ مقيَّدٌ أم إزالة	6		
165	ادارة الاسطول	DEPARTMENT	استقبال البلاغات	أبلغ عن مشكلة من هذه الشاشة	Tickets/ticket_contextual_open.php	مركز البلاغات	BUSINESS_DEPARTMENT	UNRESOLVED	VALID	PENDING	يلزم قرارُ المالك: منظرٌ مقيَّدٌ أم إزالة	13		
166	ادارة الاسطول	DEPARTMENT	استقبال البلاغات	صندوقُ بلاغاتِ الإدارة	Tickets/tickets_list.php	مركز البلاغات	BUSINESS_DEPARTMENT	SHARED_WORK_ITEM	VALID	CONFIRMED	مهمةٌ أو اعتمادٌ يصل المستخدمَ من إدارةٍ أخرى	16		
167	ادارة الاسطول	DEPARTMENT	المعاملات المالية الواردة	موافقات إدارتي	FinRequests/dept_inbox.php	المالية والخزينة	BUSINESS_DEPARTMENT	DEPT_SELF_VIEW	VALID	CONFIRMED	منظرُ الإدارةِ عن نفسِها — مشترَكٌ بطبيعتِه	11		
168	ادارة الاسطول	DEPARTMENT	التخطيط وتخصيص الموارد	تكليف المشغّل على المعدة	Operations/distribution_space.php	إدارة التشغيل	BUSINESS_DEPARTMENT	UNRESOLVED	VALID	PENDING	يلزم قرارُ المالك: منظرٌ مقيَّدٌ أم إزالة	5		
169	ادارة الاسطول	DEPARTMENT	التخطيط وتخصيص الموارد	إسناد المعدات للوحدات	Operations/containers.php	إدارة التشغيل	BUSINESS_DEPARTMENT	UNRESOLVED	VALID	PENDING	يلزم قرارُ المالك: منظرٌ مقيَّدٌ أم إزالة	4		
170	ادارة الاسطول	DEPARTMENT	الجاهزية التشغيلية	قراءات العدّادات	Equipments/meter_readings.php	إدارة الأسطول	BUSINESS_DEPARTMENT	OWNED	VALID	CONFIRMED	أصليةٌ لهذه الإدارة	2		
171	ادارة الاسطول	DEPARTMENT	الصيانة الوقائية	خطط الصيانة الوقائية	Maintenance/preventive_plans.php	إدارة الصيانة	BUSINESS_DEPARTMENT	UNRESOLVED	VALID	PENDING	يلزم قرارُ المالك: منظرٌ مقيَّدٌ أم إزالة	2		
172	ادارة الاسطول	DEPARTMENT	الإهلاك والاستبعاد	مطابقة سجل الأصول بالتشغيل	Equipments/asset_recon.php	إدارة الأسطول	BUSINESS_DEPARTMENT	OWNED	VALID	CONFIRMED	أصليةٌ لهذه الإدارة	1		
173	ادارة الاسطول	DEPARTMENT	التدقيق والمراجعة	حوكمة إدارة الأسطول	Governance/gov_dept.php	الحوكمة والالتزام	BUSINESS_DEPARTMENT	UNRESOLVED	ERROR_SUSPECTED	PENDING	◆ لا تظهر إلا في هذه الإدارةِ ومالكُها غيرُها — يُراجَع المالك	1		
174	ادارة الاسطول	DEPARTMENT	التكلفة والإهلاك والهامش	الإهلاك والقيمة الدفترية	Finance/assets_fin.php	المالية والخزينة	BUSINESS_DEPARTMENT	FORBIDDEN	VALID	CONFIRMED	◆ شاشةٌ ماليةٌ أو تجاريةٌ في مساحةِ إدارةٍ لا تملكها — تُزال ويُستبدل بها منظرٌ مقيَّد	3		
175	ادارة الاسطول	DEPARTMENT	التكلفة والإهلاك والهامش	التكاليف والربحية بالمركز	Finance/cost_report_fin.php	المالية والخزينة	BUSINESS_DEPARTMENT	FORBIDDEN	VALID	CONFIRMED	◆ شاشةٌ ماليةٌ أو تجاريةٌ في مساحةِ إدارةٍ لا تملكها — تُزال ويُستبدل بها منظرٌ مقيَّد	6		
176	ادارة الاسطول	DEPARTMENT	الملكية والضمانات	حصص الملكية في الأصول	Financing/owners_registry.php	التمويل والملكية	BUSINESS_DEPARTMENT	UNRESOLVED	VALID	PENDING	يلزم قرارُ المالك: منظرٌ مقيَّدٌ أم إزالة	3		
177	ادارة الاسطول	DEPARTMENT	لوحة الإدارة	الرئيسية	main/role_board.php	مساحة العمل الشخصية	BUSINESS_DEPARTMENT	PERSONAL_SPACE	VALID	CONFIRMED	مساحةٌ شخصيةٌ مشتركةٌ فوقَ الإدارات	17		
178	ادارة الاسطول	DEPARTMENT	لوحة الإدارة	المراسلات	chats/index.php	مساحة العمل الشخصية	PLATFORM_SHARED	PERSONAL_SPACE	VALID	CONFIRMED	مساحةٌ شخصيةٌ مشتركةٌ فوقَ الإدارات	17		
179	ادارة الاسطول	DEPARTMENT	إدخال الأصل والترميز	أنواع المعدات وفئاتها	Equipments/equipments_types.php	إدارة الأسطول	BUSINESS_DEPARTMENT	OWNED	VALID	CONFIRMED	أصليةٌ لهذه الإدارة	2		
180	ادارة الاسطول	DEPARTMENT	إدخال الأصل والترميز	موديلات المعدات ومواصفاتها	Equipments/fleet_models.php	إدارة الأسطول	BUSINESS_DEPARTMENT	OWNED	VALID	CONFIRMED	أصليةٌ لهذه الإدارة	3		
181	ادارة الاسطول	DEPARTMENT	المطابقة والإهلاك	سياسات الإهلاك المعتمدة	Equipments/fleet_depreciation_profiles.php	إدارة الأسطول	BUSINESS_DEPARTMENT	OWNED	VALID	CONFIRMED	أصليةٌ لهذه الإدارة	2		
182	ادارة الاسطول	DEPARTMENT	متابعة وتقارير الأسطول	تصنيف الأعطال وأسبابها	Equipments/manage_failure_codes.php	إدارة الأسطول	BUSINESS_DEPARTMENT	OWNED	VALID	CONFIRMED	أصليةٌ لهذه الإدارة	3		
183	ادارة الاسطول	DEPARTMENT	متابعة وتقارير الأسطول	صندوقُ موافقاتي — ما ينتظر يدي	Approvals/requests.php	الحوكمة والالتزام	BUSINESS_DEPARTMENT	SHARED_WORK_ITEM	VALID	CONFIRMED	مهمةٌ أو اعتمادٌ يصل المستخدمَ من إدارةٍ أخرى	4		
184	ادارة الاسطول	DEPARTMENT	فريق العمل	إدارة المعاونين	main/project_users.php	مساحة العمل الشخصية	BUSINESS_DEPARTMENT	PERSONAL_SPACE	VALID	CONFIRMED	مساحةٌ شخصيةٌ مشتركةٌ فوقَ الإدارات	16		
185	ادارة الاسطول	DEPARTMENT	العمل اليومي	طلب مالي جديد	FinRequests/request_form.php	المالية والخزينة	BUSINESS_DEPARTMENT	UNRESOLVED	VALID	PENDING	يلزم قرارُ المالك: منظرٌ مقيَّدٌ أم إزالة	10		
186	ادارة الاسطول	DEPARTMENT	العمل اليومي	المعدات	Equipments/equipments_fleet.php	إدارة الأسطول	BUSINESS_DEPARTMENT	OWNED	VALID	CONFIRMED	أصليةٌ لهذه الإدارة	2		
187	ادارة الاسطول	DEPARTMENT	العمل اليومي	ميزانية إدارتي	Finance/budget_form_fin.php	المالية والخزينة	BUSINESS_DEPARTMENT	DEPT_SELF_VIEW	VALID	CONFIRMED	منظرُ الإدارةِ عن نفسِها — مشترَكٌ بطبيعتِه	11		
188	ادارة الاسطول	DEPARTMENT	العمل اليومي	مواقع التنفيذ	Projects/sites.php	الحوكمة والالتزام	BUSINESS_DEPARTMENT	UNRESOLVED	VALID	PENDING	يلزم قرارُ المالك: منظرٌ مقيَّدٌ أم إزالة	2		
189	ادارة الاسطول	DEPARTMENT	العمل اليومي	مركز التقارير	Reports/reports.php	مكتب الرئيس التنفيذي والنواب	BUSINESS_DEPARTMENT	UNRESOLVED	VALID	PENDING	يلزم قرارُ المالك: منظرٌ مقيَّدٌ أم إزالة	7		
190	ادارة الاسطول	DEPARTMENT	العمل اليومي	أحكام العميل والمورد والمشغّل	Finance/unit_records_fin.php	المالية والخزينة	BUSINESS_DEPARTMENT	UNRESOLVED	VALID	PENDING	يلزم قرارُ المالك: منظرٌ مقيَّدٌ أم إزالة	4		
191	ادارة الاسطول	DEPARTMENT	المخاطر	مساحة مخاطر الإدارة	Risk/dept_risk_space.php	إدارة المخاطر المؤسسية	BUSINESS_DEPARTMENT	DEPT_SELF_VIEW	VALID	CONFIRMED	منظرُ الإدارةِ عن نفسِها — مشترَكٌ بطبيعتِه	14		
192	ادارة الموارد البشرية	DEPARTMENT	المركز التنفيذي	مهامي	Portal/my_tasks.php	مكتب الرئيس التنفيذي والنواب	PLATFORM_SHARED	SHARED_WORK_ITEM	VALID	CONFIRMED	مهمةٌ أو اعتمادٌ يصل المستخدمَ من إدارةٍ أخرى	17		
193	ادارة الموارد البشرية	DEPARTMENT	المركز التنفيذي	إنجازي	Portal/my_achievement.php	مكتب الرئيس التنفيذي والنواب	PLATFORM_SHARED	UNRESOLVED	VALID	PENDING	يلزم قرارُ المالك: منظرٌ مقيَّدٌ أم إزالة	16		
194	ادارة الموارد البشرية	DEPARTMENT	المركز التنفيذي	طلباتي	FinRequests/my_requests.php	مكتب الرئيس التنفيذي والنواب	PLATFORM_SHARED	SHARED_WORK_ITEM	VALID	CONFIRMED	مهمةٌ أو اعتمادٌ يصل المستخدمَ من إدارةٍ أخرى	15		
195	ادارة الموارد البشرية	DEPARTMENT	مركز العمل	بوابتي	Portal/my_portal.php	مساحة العمل الشخصية	PLATFORM_SHARED	PERSONAL_SPACE	VALID	CONFIRMED	مساحةٌ شخصيةٌ مشتركةٌ فوقَ الإدارات	16		
196	ادارة الموارد البشرية	DEPARTMENT	الاعتمادات الواردة	صندوق ما ينتظر اعتمادي	Finance/approvals_inbox.php	مركز البلاغات	BUSINESS_DEPARTMENT	SHARED_WORK_ITEM	VALID	CONFIRMED	مهمةٌ أو اعتمادٌ يصل المستخدمَ من إدارةٍ أخرى	13		
197	ادارة الموارد البشرية	DEPARTMENT	الاعتمادات الواردة	تسجيل التايم شيت والإنتاج — الموقع	Timesheet/timesheet.php	إدارة الموقع	BUSINESS_DEPARTMENT	UNRESOLVED	VALID	PENDING	يلزم قرارُ المالك: منظرٌ مقيَّدٌ أم إزالة	9		
198	ادارة الموارد البشرية	DEPARTMENT	ملفي الشخصي	مساحة عملي	main/my_workspace.php	مساحة العمل الشخصية	BUSINESS_DEPARTMENT	PERSONAL_SPACE	VALID	CONFIRMED	مساحةٌ شخصيةٌ مشتركةٌ فوقَ الإدارات	16		
199	ادارة الموارد البشرية	DEPARTMENT	الظهور وضبط البوابة	مركز التقارير — الحوكمة	emsreports/index.php	الحوكمة والالتزام	BUSINESS_DEPARTMENT	UNRESOLVED	VALID	PENDING	يلزم قرارُ المالك: منظرٌ مقيَّدٌ أم إزالة	14		
200	ادارة الموارد البشرية	DEPARTMENT	الظهور وضبط البوابة	الإعدادات	Settings/settings.php	الحوكمة والالتزام	BUSINESS_DEPARTMENT	CONTEXTUAL_READ_ONLY	VALID	CONFIRMED	منظرٌ مرجعيٌّ محدودٌ تحتاجه الإدارةُ لإكمالِ عملِها	6		
201	ادارة الموارد البشرية	DEPARTMENT	سجل الأصول	سجل المعدات	Equipments/equipments.php	إدارة الأسطول	BUSINESS_DEPARTMENT	CONTEXTUAL_READ_ONLY	VALID	CONFIRMED	منظرٌ مرجعيٌّ محدودٌ تحتاجه الإدارةُ لإكمالِ عملِها	8		
202	ادارة الموارد البشرية	DEPARTMENT	سجل الأصول	وثائق المعدات والمشغّلين	Equipments/equipment_documents.php	إدارة الأسطول	BUSINESS_DEPARTMENT	CONTEXTUAL_READ_ONLY	VALID	CONFIRMED	منظرٌ مرجعيٌّ محدودٌ تحتاجه الإدارةُ لإكمالِ عملِها	6		
203	ادارة الموارد البشرية	DEPARTMENT	القرارات المحجوزة	سجل العقود الموحَّد	Workforce/contract_registry.php	مكتب الرئيس التنفيذي والنواب	BUSINESS_DEPARTMENT	CONTEXTUAL_READ_ONLY	VALID	CONFIRMED	منظرٌ مرجعيٌّ محدودٌ تحتاجه الإدارةُ لإكمالِ عملِها	4		
204	ادارة الموارد البشرية	DEPARTMENT	عمليات التمويل	ميزانية إدارتي — التمويل	Finance/budget_dept.php	التمويل والملكية	BUSINESS_DEPARTMENT	DEPT_SELF_VIEW	VALID	CONFIRMED	منظرُ الإدارةِ عن نفسِها — مشترَكٌ بطبيعتِه	14		
205	ادارة الموارد البشرية	DEPARTMENT	عمليات التمويل	إنجاز الإدارة	Portal/dept_achievement.php	التمويل والملكية	BUSINESS_DEPARTMENT	DEPT_SELF_VIEW	VALID	CONFIRMED	منظرُ الإدارةِ عن نفسِها — مشترَكٌ بطبيعتِه	15		
206	ادارة الموارد البشرية	DEPARTMENT	الهيكل والأدوار	ما ينتظر اعتمادي	Approvals/hours_approval.php	الحوكمة والالتزام	BUSINESS_DEPARTMENT	SHARED_WORK_ITEM	VALID	CONFIRMED	مهمةٌ أو اعتمادٌ يصل المستخدمَ من إدارةٍ أخرى	5		
207	ادارة الموارد البشرية	DEPARTMENT	ملف الموظف وعقوده	سجل الموظفين	Employees/employees.php	الموارد البشرية	BUSINESS_DEPARTMENT	OWNED	VALID	CONFIRMED	أصليةٌ لهذه الإدارة	2		
208	ادارة الموارد البشرية	DEPARTMENT	ملف الموظف وعقوده	عقود الموظفين	Employees/employee_contracts.php	الموارد البشرية	BUSINESS_DEPARTMENT	OWNED	VALID	CONFIRMED	أصليةٌ لهذه الإدارة	1		
209	ادارة الموارد البشرية	DEPARTMENT	سجل المشغّلين	عقود المشاريع المؤقتة	Workforce/project_contracts.php	القوى التشغيلية	BUSINESS_DEPARTMENT	UNRESOLVED	VALID	PENDING	يلزم قرارُ المالك: منظرٌ مقيَّدٌ أم إزالة	2		
210	ادارة الموارد البشرية	DEPARTMENT	سجل المشغّلين	التوظيف من الشاغر إلى المباشرة	Workforce/recruitment_pipeline.php	القوى التشغيلية	BUSINESS_DEPARTMENT	UNRESOLVED	VALID	PENDING	يلزم قرارُ المالك: منظرٌ مقيَّدٌ أم إزالة	2		
211	ادارة الموارد البشرية	DEPARTMENT	استقبال البلاغات	أبلغ عن مشكلة من هذه الشاشة	Tickets/ticket_contextual_open.php	مركز البلاغات	BUSINESS_DEPARTMENT	UNRESOLVED	VALID	PENDING	يلزم قرارُ المالك: منظرٌ مقيَّدٌ أم إزالة	13		
212	ادارة الموارد البشرية	DEPARTMENT	استقبال البلاغات	صندوقُ بلاغاتِ الإدارة	Tickets/tickets_list.php	مركز البلاغات	BUSINESS_DEPARTMENT	SHARED_WORK_ITEM	VALID	CONFIRMED	مهمةٌ أو اعتمادٌ يصل المستخدمَ من إدارةٍ أخرى	16		
213	ادارة الموارد البشرية	DEPARTMENT	المعاملات المالية الواردة	موافقات إدارتي	FinRequests/dept_inbox.php	المالية والخزينة	BUSINESS_DEPARTMENT	DEPT_SELF_VIEW	VALID	CONFIRMED	منظرُ الإدارةِ عن نفسِها — مشترَكٌ بطبيعتِه	11		
214	ادارة الموارد البشرية	DEPARTMENT	التأهيل والوثائق والحركة	تأهيل المشغّلين على أنواع المعدات	Workforce/op_qual.php	القوى التشغيلية	BUSINESS_DEPARTMENT	CONTEXTUAL_READ_ONLY	VALID	CONFIRMED	منظرٌ مرجعيٌّ محدودٌ تحتاجه الإدارةُ لإكمالِ عملِها	2		
215	ادارة الموارد البشرية	DEPARTMENT	التأهيل والوثائق والحركة	الخصومات والجزاءات	Workforce/deductions.php	القوى التشغيلية	BUSINESS_DEPARTMENT	UNRESOLVED	VALID	PENDING	يلزم قرارُ المالك: منظرٌ مقيَّدٌ أم إزالة	2		
216	ادارة الموارد البشرية	DEPARTMENT	التكليف والأداء	الأداء الشهري للمشغّل	Workforce/op_monthly.php	الموارد البشرية	BUSINESS_DEPARTMENT	OWNED	VALID	CONFIRMED	أصليةٌ لهذه الإدارة	2		
217	ادارة الموارد البشرية	DEPARTMENT	التكليف والأداء	سجل المشغّلين	Employees/equipment_operators.php	الموارد البشرية	BUSINESS_DEPARTMENT	OWNED	VALID	CONFIRMED	أصليةٌ لهذه الإدارة	5		
218	ادارة الموارد البشرية	DEPARTMENT	التخطيط وتخصيص الموارد	تكليف المشغّل على المعدة	Operations/distribution_space.php	إدارة التشغيل	BUSINESS_DEPARTMENT	UNRESOLVED	VALID	PENDING	يلزم قرارُ المالك: منظرٌ مقيَّدٌ أم إزالة	5		
219	ادارة الموارد البشرية	DEPARTMENT	الحضور والانصراف	الحضور والانصراف	Operations/attendance.php	الموارد البشرية	BUSINESS_DEPARTMENT	OWNED	VALID	CONFIRMED	أصليةٌ لهذه الإدارة	3		
220	ادارة الموارد البشرية	DEPARTMENT	التكليف على المعدات	الإجازات والغياب	Workforce/worker_leave_absence.php	القوى التشغيلية	BUSINESS_DEPARTMENT	UNRESOLVED	VALID	PENDING	يلزم قرارُ المالك: منظرٌ مقيَّدٌ أم إزالة	3		
221	ادارة الموارد البشرية	DEPARTMENT	التكليف على المعدات	تنقلات العاملين	Workforce/worker_movement.php	القوى التشغيلية	BUSINESS_DEPARTMENT	UNRESOLVED	VALID	PENDING	يلزم قرارُ المالك: منظرٌ مقيَّدٌ أم إزالة	2		
222	ادارة الموارد البشرية	DEPARTMENT	التكليف على المعدات	السكن والإعاشة والمعسكرات	Workforce/housing_units.php	القوى التشغيلية	BUSINESS_DEPARTMENT	UNRESOLVED	VALID	PENDING	يلزم قرارُ المالك: منظرٌ مقيَّدٌ أم إزالة	2		
223	ادارة الموارد البشرية	DEPARTMENT	متابعة الأداء	خصومات المشغّلين المقترحة	Workforce/proposed_deductions.php	القوى التشغيلية	BUSINESS_DEPARTMENT	UNRESOLVED	VALID	PENDING	يلزم قرارُ المالك: منظرٌ مقيَّدٌ أم إزالة	2		
224	ادارة الموارد البشرية	DEPARTMENT	متابعة الأداء	تسويات العاملين	Workforce/worker_settlement.php	القوى التشغيلية	BUSINESS_DEPARTMENT	UNRESOLVED	ERROR_SUSPECTED	PENDING	◆ لا تظهر إلا في هذه الإدارةِ ومالكُها غيرُها — يُراجَع المالك	1		
225	ادارة الموارد البشرية	DEPARTMENT	الخزينة والبنوك	طلبات الدفع والسداد	Finance/payments_fin.php	المالية والخزينة	BUSINESS_DEPARTMENT	FORBIDDEN	VALID	CONFIRMED	◆ شاشةٌ ماليةٌ أو تجاريةٌ في مساحةِ إدارةٍ لا تملكها — تُزال ويُستبدل بها منظرٌ مقيَّد	7		
226	ادارة الموارد البشرية	DEPARTMENT	الخزينة والبنوك	ذمم الموردين والمستحقات	Finance/dues_fin.php	المالية والخزينة	BUSINESS_DEPARTMENT	FORBIDDEN	VALID	CONFIRMED	◆ شاشةٌ ماليةٌ أو تجاريةٌ في مساحةِ إدارةٍ لا تملكها — تُزال ويُستبدل بها منظرٌ مقيَّد	4		
227	ادارة الموارد البشرية	DEPARTMENT	إنهاء الخدمة	تقييم أداء العاملين	Workforce/worker_evaluation.php	الموارد البشرية	BUSINESS_DEPARTMENT	OWNED	VALID	CONFIRMED	أصليةٌ لهذه الإدارة	1		
228	ادارة الموارد البشرية	DEPARTMENT	إنهاء الخدمة	تصفية إنهاء خدمة موظف	Workforce/final_settlement.php	الموارد البشرية	BUSINESS_DEPARTMENT	OWNED	VALID	CONFIRMED	أصليةٌ لهذه الإدارة	2		
229	ادارة الموارد البشرية	DEPARTMENT	لوحة الإدارة	الرئيسية	main/role_board.php	مساحة العمل الشخصية	BUSINESS_DEPARTMENT	PERSONAL_SPACE	VALID	CONFIRMED	مساحةٌ شخصيةٌ مشتركةٌ فوقَ الإدارات	17		
230	ادارة الموارد البشرية	DEPARTMENT	لوحة الإدارة	المراسلات	chats/index.php	مساحة العمل الشخصية	PLATFORM_SHARED	PERSONAL_SPACE	VALID	CONFIRMED	مساحةٌ شخصيةٌ مشتركةٌ فوقَ الإدارات	17		
231	ادارة الموارد البشرية	DEPARTMENT	الخصومات والسلف	السلف والعهد المالية	Workforce/employee_advances.php	القوى التشغيلية	BUSINESS_DEPARTMENT	UNRESOLVED	VALID	PENDING	يلزم قرارُ المالك: منظرٌ مقيَّدٌ أم إزالة	2		
232	ادارة الموارد البشرية	DEPARTMENT	المسيّر والدفع	مسيّر الرواتب	Workforce/payroll_runs.php	القوى التشغيلية	BUSINESS_DEPARTMENT	UNRESOLVED	VALID	PENDING	يلزم قرارُ المالك: منظرٌ مقيَّدٌ أم إزالة	2		
233	ادارة الموارد البشرية	DEPARTMENT	متابعة الموارد	من يرى ماذا ومكوّنات البوابة	Portal/visibility_keys.php	مساحة العمل الشخصية	BUSINESS_DEPARTMENT	PERSONAL_SPACE	VALID	CONFIRMED	مساحةٌ شخصيةٌ مشتركةٌ فوقَ الإدارات	3		
234	ادارة الموارد البشرية	DEPARTMENT	متابعة الموارد	صندوقُ موافقاتي — ما ينتظر يدي	Approvals/requests.php	الحوكمة والالتزام	BUSINESS_DEPARTMENT	SHARED_WORK_ITEM	VALID	CONFIRMED	مهمةٌ أو اعتمادٌ يصل المستخدمَ من إدارةٍ أخرى	4		
235	ادارة الموارد البشرية	DEPARTMENT	فريق العمل	إدارة المعاونين	main/project_users.php	مساحة العمل الشخصية	BUSINESS_DEPARTMENT	PERSONAL_SPACE	VALID	CONFIRMED	مساحةٌ شخصيةٌ مشتركةٌ فوقَ الإدارات	16		
236	ادارة الموارد البشرية	DEPARTMENT	العمل اليومي	احتياج القوى والتخطيط	Workforce/workforce_requirement.php	القوى التشغيلية	BUSINESS_DEPARTMENT	UNRESOLVED	ERROR_SUSPECTED	PENDING	◆ لا تظهر إلا في هذه الإدارةِ ومالكُها غيرُها — يُراجَع المالك	1		
237	ادارة الموارد البشرية	DEPARTMENT	العمل اليومي	المسميات الوظيفية	Employees/job_titles.php	الموارد البشرية	BUSINESS_DEPARTMENT	OWNED	VALID	CONFIRMED	أصليةٌ لهذه الإدارة	1		
238	ادارة الموارد البشرية	DEPARTMENT	العمل اليومي	الأدوار الوظيفية	Employees/employee_roles.php	الموارد البشرية	BUSINESS_DEPARTMENT	OWNED	VALID	CONFIRMED	أصليةٌ لهذه الإدارة	1		
239	ادارة الموارد البشرية	DEPARTMENT	العمل اليومي	ملف العامل التشغيلي	Workforce/worker_register.php	القوى التشغيلية	BUSINESS_DEPARTMENT	UNRESOLVED	ERROR_SUSPECTED	PENDING	◆ لا تظهر إلا في هذه الإدارةِ ومالكُها غيرُها — يُراجَع المالك	1		
240	ادارة الموارد البشرية	DEPARTMENT	العمل اليومي	عقود العاملين	Workforce/worker_contract.php	القوى التشغيلية	BUSINESS_DEPARTMENT	UNRESOLVED	ERROR_SUSPECTED	PENDING	◆ لا تظهر إلا في هذه الإدارةِ ومالكُها غيرُها — يُراجَع المالك	1		
241	ادارة الموارد البشرية	DEPARTMENT	العمل اليومي	ميزانية إدارتي	Finance/budget_form_fin.php	المالية والخزينة	BUSINESS_DEPARTMENT	DEPT_SELF_VIEW	VALID	CONFIRMED	منظرُ الإدارةِ عن نفسِها — مشترَكٌ بطبيعتِه	11		
242	ادارة الموارد البشرية	DEPARTMENT	العمل اليومي	تسويات الموظفين	Workforce/employee_settlements.php	القوى التشغيلية	BUSINESS_DEPARTMENT	UNRESOLVED	VALID	PENDING	يلزم قرارُ المالك: منظرٌ مقيَّدٌ أم إزالة	2		
243	ادارة الموارد البشرية	DEPARTMENT	العمل اليومي	سجل الأحداث التشغيلية	Workforce/worker_worklog.php	القوى التشغيلية	BUSINESS_DEPARTMENT	UNRESOLVED	ERROR_SUSPECTED	PENDING	◆ لا تظهر إلا في هذه الإدارةِ ومالكُها غيرُها — يُراجَع المالك	1		
244	ادارة الموارد البشرية	DEPARTMENT	العمل اليومي	مركز التقارير	Reports/reports.php	مكتب الرئيس التنفيذي والنواب	BUSINESS_DEPARTMENT	UNRESOLVED	VALID	PENDING	يلزم قرارُ المالك: منظرٌ مقيَّدٌ أم إزالة	7		
245	ادارة الموارد البشرية	DEPARTMENT	العمل اليومي	طلب مالي جديد	FinRequests/request_form.php	المالية والخزينة	BUSINESS_DEPARTMENT	UNRESOLVED	VALID	PENDING	يلزم قرارُ المالك: منظرٌ مقيَّدٌ أم إزالة	10		
246	ادارة الموارد البشرية	DEPARTMENT	المخاطر	مساحة مخاطر الإدارة	Risk/dept_risk_space.php	إدارة المخاطر المؤسسية	BUSINESS_DEPARTMENT	DEPT_SELF_VIEW	VALID	CONFIRMED	منظرُ الإدارةِ عن نفسِها — مشترَكٌ بطبيعتِه	14		
247	إدارة الموقع	DEPARTMENT	المركز التنفيذي	مهامي	Portal/my_tasks.php	مكتب الرئيس التنفيذي والنواب	PLATFORM_SHARED	SHARED_WORK_ITEM	VALID	CONFIRMED	مهمةٌ أو اعتمادٌ يصل المستخدمَ من إدارةٍ أخرى	17		
248	إدارة الموقع	DEPARTMENT	المركز التنفيذي	إنجازي	Portal/my_achievement.php	مكتب الرئيس التنفيذي والنواب	PLATFORM_SHARED	UNRESOLVED	VALID	PENDING	يلزم قرارُ المالك: منظرٌ مقيَّدٌ أم إزالة	16		
249	إدارة الموقع	DEPARTMENT	المركز التنفيذي	طلباتي	FinRequests/my_requests.php	مكتب الرئيس التنفيذي والنواب	PLATFORM_SHARED	SHARED_WORK_ITEM	VALID	CONFIRMED	مهمةٌ أو اعتمادٌ يصل المستخدمَ من إدارةٍ أخرى	15		
250	إدارة الموقع	DEPARTMENT	مركز العمل	بوابتي	Portal/my_portal.php	مساحة العمل الشخصية	PLATFORM_SHARED	PERSONAL_SPACE	VALID	CONFIRMED	مساحةٌ شخصيةٌ مشتركةٌ فوقَ الإدارات	16		
251	إدارة الموقع	DEPARTMENT	مركز العمل	تسجيل التايم شيت والإنتاج — الحوكمة	Timesheet/timesheet_type.php	الحوكمة والالتزام	BUSINESS_DEPARTMENT	UNRESOLVED	VALID	PENDING	يلزم قرارُ المالك: منظرٌ مقيَّدٌ أم إزالة	2		
252	إدارة الموقع	DEPARTMENT	الاعتمادات الواردة	خطة عمل الغد	Operations/daily_plan.php	إدارة الموقع	BUSINESS_DEPARTMENT	OWNED	VALID	CONFIRMED	أصليةٌ لهذه الإدارة	4		
253	إدارة الموقع	DEPARTMENT	الاعتمادات الواردة	صندوق ما ينتظر اعتمادي	Finance/approvals_inbox.php	مركز البلاغات	BUSINESS_DEPARTMENT	SHARED_WORK_ITEM	VALID	CONFIRMED	مهمةٌ أو اعتمادٌ يصل المستخدمَ من إدارةٍ أخرى	13		
254	إدارة الموقع	DEPARTMENT	الاعتمادات الواردة	تسجيل التايم شيت والإنتاج — الموقع	Timesheet/timesheet.php	إدارة الموقع	BUSINESS_DEPARTMENT	OWNED	VALID	CONFIRMED	أصليةٌ لهذه الإدارة	9		
255	إدارة الموقع	DEPARTMENT	الاعتمادات الواردة	جدول عمل المنجم — الأسبوعي والشهري	Operations/site_work_calendar.php	إدارة الموقع	BUSINESS_DEPARTMENT	OWNED	VALID	CONFIRMED	أصليةٌ لهذه الإدارة	1		
256	إدارة الموقع	DEPARTMENT	ملفي الشخصي	مساحة عملي	main/my_workspace.php	مساحة العمل الشخصية	BUSINESS_DEPARTMENT	PERSONAL_SPACE	VALID	CONFIRMED	مساحةٌ شخصيةٌ مشتركةٌ فوقَ الإدارات	16		
257	إدارة الموقع	DEPARTMENT	الظهور وضبط البوابة	مركز التقارير — الحوكمة	emsreports/index.php	الحوكمة والالتزام	BUSINESS_DEPARTMENT	UNRESOLVED	VALID	PENDING	يلزم قرارُ المالك: منظرٌ مقيَّدٌ أم إزالة	14		
258	إدارة الموقع	DEPARTMENT	الظهور وضبط البوابة	الإعدادات	Settings/settings.php	الحوكمة والالتزام	BUSINESS_DEPARTMENT	CONTEXTUAL_READ_ONLY	VALID	CONFIRMED	منظرٌ مرجعيٌّ محدودٌ تحتاجه الإدارةُ لإكمالِ عملِها	6		
259	إدارة الموقع	DEPARTMENT	العملاء والفرص	المشاريع والمواقع	Projects/projects.php	المبيعات والعقود	BUSINESS_DEPARTMENT	UNRESOLVED	VALID	PENDING	يلزم قرارُ المالك: منظرٌ مقيَّدٌ أم إزالة	3		
260	إدارة الموقع	DEPARTMENT	استقبال البلاغ	الفحص الفني اليومي	Maintenance/inspections.php	إدارة الصيانة	BUSINESS_DEPARTMENT	UNRESOLVED	VALID	PENDING	يلزم قرارُ المالك: منظرٌ مقيَّدٌ أم إزالة	3		
261	إدارة الموقع	DEPARTMENT	التنفيذ اليومي	القيد اليومي للوردية	Operations/shift_entry.php	إدارة الموقع	BUSINESS_DEPARTMENT	OWNED	VALID	CONFIRMED	أصليةٌ لهذه الإدارة	1		
262	إدارة الموقع	DEPARTMENT	التنفيذ اليومي	الإنتاج والقياس	Operations/production.php	إدارة التشغيل	BUSINESS_DEPARTMENT	UNRESOLVED	VALID	PENDING	يلزم قرارُ المالك: منظرٌ مقيَّدٌ أم إزالة	3		
263	إدارة الموقع	DEPARTMENT	التنفيذ اليومي	التوقفات وتحديد المتحمل	Operations/stops_unattributed.php	إدارة التشغيل	BUSINESS_DEPARTMENT	UNRESOLVED	VALID	PENDING	يلزم قرارُ المالك: منظرٌ مقيَّدٌ أم إزالة	2		
264	إدارة الموقع	DEPARTMENT	سجل الأصول	سجل المعدات	Equipments/equipments.php	إدارة الأسطول	BUSINESS_DEPARTMENT	CONTEXTUAL_READ_ONLY	VALID	CONFIRMED	منظرٌ مرجعيٌّ محدودٌ تحتاجه الإدارةُ لإكمالِ عملِها	8		
265	إدارة الموقع	DEPARTMENT	سجل الأصول	جاهزية المعدات للتشغيل	Fleet/readiness_board.php	إدارة الأسطول	BUSINESS_DEPARTMENT	UNRESOLVED	VALID	PENDING	يلزم قرارُ المالك: منظرٌ مقيَّدٌ أم إزالة	5		
266	إدارة الموقع	DEPARTMENT	سجل الأصول	وثائق المعدات والمشغّلين	Equipments/equipment_documents.php	إدارة الأسطول	BUSINESS_DEPARTMENT	CONTEXTUAL_READ_ONLY	VALID	CONFIRMED	منظرٌ مرجعيٌّ محدودٌ تحتاجه الإدارةُ لإكمالِ عملِها	6		
267	إدارة الموقع	DEPARTMENT	عمليات التمويل	ميزانية إدارتي — التمويل	Finance/budget_dept.php	التمويل والملكية	BUSINESS_DEPARTMENT	DEPT_SELF_VIEW	VALID	CONFIRMED	منظرُ الإدارةِ عن نفسِها — مشترَكٌ بطبيعتِه	14		
268	إدارة الموقع	DEPARTMENT	عمليات التمويل	إنجاز الإدارة	Portal/dept_achievement.php	التمويل والملكية	BUSINESS_DEPARTMENT	DEPT_SELF_VIEW	VALID	CONFIRMED	منظرُ الإدارةِ عن نفسِها — مشترَكٌ بطبيعتِه	15		
269	إدارة الموقع	DEPARTMENT	الهيكل والأدوار	التكليفات التنظيمية	admin/org_assignments.php	الحوكمة والالتزام	BUSINESS_DEPARTMENT	UNRESOLVED	VALID	PENDING	يلزم قرارُ المالك: منظرٌ مقيَّدٌ أم إزالة	5		
270	إدارة الموقع	DEPARTMENT	أوامر الترحيل	أوامر الترحيل	Transport/transfer_orders_list.php	النقل والترحيل	BUSINESS_DEPARTMENT	UNRESOLVED	VALID	PENDING	يلزم قرارُ المالك: منظرٌ مقيَّدٌ أم إزالة	4		
271	إدارة الموقع	DEPARTMENT	أوامر الترحيل	طلبات الترحيل	Transport/transfer_requests.php	النقل والترحيل	BUSINESS_DEPARTMENT	SHARED_WORK_ITEM	VALID	CONFIRMED	مهمةٌ أو اعتمادٌ يصل المستخدمَ من إدارةٍ أخرى	6		
272	إدارة الموقع	DEPARTMENT	التنفيذ والإقفال	أوامر الصيانة	Maintenance/orders.php	إدارة الصيانة	BUSINESS_DEPARTMENT	UNRESOLVED	VALID	PENDING	يلزم قرارُ المالك: منظرٌ مقيَّدٌ أم إزالة	6		
273	إدارة الموقع	DEPARTMENT	العقود	عقود العملاء	Contracts/contracts.php	المبيعات والعقود	BUSINESS_DEPARTMENT	UNRESOLVED	VALID	PENDING	يلزم قرارُ المالك: منظرٌ مقيَّدٌ أم إزالة	5		
274	إدارة الموقع	DEPARTMENT	العقود	نطاقات العقد التشغيلية	Contracts/contract_sites.php	المبيعات والعقود	BUSINESS_DEPARTMENT	UNRESOLVED	VALID	PENDING	يلزم قرارُ المالك: منظرٌ مقيَّدٌ أم إزالة	2		
275	إدارة الموقع	DEPARTMENT	العقود	خطة موارد العقد	Contracts/contract_resource_plan.php	المبيعات والعقود	BUSINESS_DEPARTMENT	UNRESOLVED	VALID	PENDING	يلزم قرارُ المالك: منظرٌ مقيَّدٌ أم إزالة	3		
276	إدارة الموقع	DEPARTMENT	استقبال البلاغات	أبلغ عن مشكلة من هذه الشاشة	Tickets/ticket_contextual_open.php	مركز البلاغات	BUSINESS_DEPARTMENT	UNRESOLVED	VALID	PENDING	يلزم قرارُ المالك: منظرٌ مقيَّدٌ أم إزالة	13		
277	إدارة الموقع	DEPARTMENT	استقبال البلاغات	صندوقُ بلاغاتِ الإدارة	Tickets/tickets_list.php	مركز البلاغات	BUSINESS_DEPARTMENT	SHARED_WORK_ITEM	VALID	CONFIRMED	مهمةٌ أو اعتمادٌ يصل المستخدمَ من إدارةٍ أخرى	16		
278	إدارة الموقع	DEPARTMENT	الطلبات وحدود المخزون	صرف مواد من المخزن	Procurement/issue_proc.php	إدارة المشتريات التشغيلية	BUSINESS_DEPARTMENT	UNRESOLVED	VALID	PENDING	يلزم قرارُ المالك: منظرٌ مقيَّدٌ أم إزالة	5		
279	إدارة الموقع	DEPARTMENT	الطلبات وحدود المخزون	أرصدة المخزون بحالاتها	Procurement/stock_proc.php	إدارة المشتريات التشغيلية	BUSINESS_DEPARTMENT	UNRESOLVED	VALID	PENDING	يلزم قرارُ المالك: منظرٌ مقيَّدٌ أم إزالة	6		
280	إدارة الموقع	DEPARTMENT	الطلبات وحدود المخزون	طلبات الشراء	Procurement/requests_proc.php	إدارة المشتريات التشغيلية	BUSINESS_DEPARTMENT	SHARED_WORK_ITEM	VALID	CONFIRMED	مهمةٌ أو اعتمادٌ يصل المستخدمَ من إدارةٍ أخرى	5		
281	إدارة الموقع	DEPARTMENT	المعاملات المالية الواردة	سجل الأحداث المالية	Finance/events_list_fin.php	المالية والخزينة	BUSINESS_DEPARTMENT	CONTEXTUAL_READ_ONLY	VALID	CONFIRMED	منظرٌ مرجعيٌّ محدودٌ تحتاجه الإدارةُ لإكمالِ عملِها	7		
282	إدارة الموقع	DEPARTMENT	المعاملات المالية الواردة	موافقات إدارتي	FinRequests/dept_inbox.php	المالية والخزينة	BUSINESS_DEPARTMENT	DEPT_SELF_VIEW	VALID	CONFIRMED	منظرُ الإدارةِ عن نفسِها — مشترَكٌ بطبيعتِه	11		
283	إدارة الموقع	DEPARTMENT	التخطيط وتخصيص الموارد	تكليف المشغّل على المعدة	Operations/distribution_space.php	إدارة التشغيل	BUSINESS_DEPARTMENT	UNRESOLVED	VALID	PENDING	يلزم قرارُ المالك: منظرٌ مقيَّدٌ أم إزالة	5		
284	إدارة الموقع	DEPARTMENT	التغطية التعاقدية	الجدول الشهري للعقد	Contracts/contract_monthly_plan.php	المبيعات والعقود	BUSINESS_DEPARTMENT	UNRESOLVED	VALID	PENDING	يلزم قرارُ المالك: منظرٌ مقيَّدٌ أم إزالة	2		
285	إدارة الموقع	DEPARTMENT	الحضور والانصراف	الحضور والانصراف	Operations/attendance.php	الموارد البشرية	BUSINESS_DEPARTMENT	UNRESOLVED	VALID	PENDING	يلزم قرارُ المالك: منظرٌ مقيَّدٌ أم إزالة	3		
286	إدارة الموقع	DEPARTMENT	التكليف على المعدات	سجل الوردية	Operations/shift_log.php	القوى التشغيلية	BUSINESS_DEPARTMENT	CONTEXTUAL_READ_ONLY	VALID	CONFIRMED	منظرٌ مرجعيٌّ محدودٌ تحتاجه الإدارةُ لإكمالِ عملِها	2		
287	إدارة الموقع	DEPARTMENT	التكليف على المعدات	الإجازات والغياب	Workforce/worker_leave_absence.php	القوى التشغيلية	BUSINESS_DEPARTMENT	UNRESOLVED	VALID	PENDING	يلزم قرارُ المالك: منظرٌ مقيَّدٌ أم إزالة	3		
288	إدارة الموقع	DEPARTMENT	الاستلام والمطابقة	الاستلام المؤقت	Procurement/receipt_custody_proc.php	إدارة المشتريات التشغيلية	BUSINESS_DEPARTMENT	UNRESOLVED	VALID	PENDING	يلزم قرارُ المالك: منظرٌ مقيَّدٌ أم إزالة	4		
289	إدارة الموقع	DEPARTMENT	الانحرافات وإقفال الفترة	الإقفال الشهري للوحدة	Operations/monthly_close.php	إدارة التشغيل	BUSINESS_DEPARTMENT	UNRESOLVED	VALID	PENDING	يلزم قرارُ المالك: منظرٌ مقيَّدٌ أم إزالة	3		
290	إدارة الموقع	DEPARTMENT	التكلفة والإهلاك والهامش	التكاليف والربحية بالمركز	Finance/cost_report_fin.php	المالية والخزينة	BUSINESS_DEPARTMENT	FORBIDDEN	VALID	CONFIRMED	◆ شاشةٌ ماليةٌ أو تجاريةٌ في مساحةِ إدارةٍ لا تملكها — تُزال ويُستبدل بها منظرٌ مقيَّد	6		
291	إدارة الموقع	DEPARTMENT	التكليف والأداء	سجل المشغّلين	Employees/equipment_operators.php	الموارد البشرية	BUSINESS_DEPARTMENT	CONTEXTUAL_READ_ONLY	VALID	CONFIRMED	منظرٌ مرجعيٌّ محدودٌ تحتاجه الإدارةُ لإكمالِ عملِها	5		
292	إدارة الموقع	DEPARTMENT	التعاقد والتغطية والحصص	غرفة عمليات المواقع	Operations/operations_room.php	إدارة التشغيل	BUSINESS_DEPARTMENT	UNRESOLVED	VALID	PENDING	يلزم قرارُ المالك: منظرٌ مقيَّدٌ أم إزالة	2		
293	إدارة الموقع	DEPARTMENT	البيانات المرجعية والإعدادات	مخاطر الميدان	Risk/risk_field.php	إدارة المخاطر المؤسسية	BUSINESS_DEPARTMENT	UNRESOLVED	VALID	PENDING	يلزم قرارُ المالك: منظرٌ مقيَّدٌ أم إزالة	3		
294	إدارة الموقع	DEPARTMENT	البيانات المرجعية والإعدادات	أذون الزيارة والمركبات الخارجية	admin/org_permits.php	إدارة الموقع	BUSINESS_DEPARTMENT	OWNED	VALID	CONFIRMED	أصليةٌ لهذه الإدارة	2		
295	إدارة الموقع	DEPARTMENT	البيانات المرجعية والإعدادات	جدول الورديات — النهار والليل	Operations/site_shift_plan.php	إدارة الموقع	BUSINESS_DEPARTMENT	OWNED	VALID	CONFIRMED	أصليةٌ لهذه الإدارة	1		
296	إدارة الموقع	DEPARTMENT	البيانات المرجعية والإعدادات	أذون دخول وخروج المعدات	Operations/site_gate_equip.php	إدارة الموقع	BUSINESS_DEPARTMENT	OWNED	VALID	CONFIRMED	أصليةٌ لهذه الإدارة	1		
297	إدارة الموقع	DEPARTMENT	البيانات المرجعية والإعدادات	أذون دخول وخروج المشغّلين	Operations/site_gate_person.php	إدارة الموقع	BUSINESS_DEPARTMENT	OWNED	VALID	CONFIRMED	أصليةٌ لهذه الإدارة	1		
298	إدارة الموقع	DEPARTMENT	لوحة الموقع	الرئيسية	main/role_board.php	مساحة العمل الشخصية	BUSINESS_DEPARTMENT	PERSONAL_SPACE	VALID	CONFIRMED	مساحةٌ شخصيةٌ مشتركةٌ فوقَ الإدارات	17		
299	إدارة الموقع	DEPARTMENT	لوحة الموقع	المراسلات	chats/index.php	مساحة العمل الشخصية	PLATFORM_SHARED	PERSONAL_SPACE	VALID	CONFIRMED	مساحةٌ شخصيةٌ مشتركةٌ فوقَ الإدارات	17		
300	إدارة الموقع	DEPARTMENT	فريق العمل	إدارة المعاونين	main/project_users.php	مساحة العمل الشخصية	BUSINESS_DEPARTMENT	PERSONAL_SPACE	VALID	CONFIRMED	مساحةٌ شخصيةٌ مشتركةٌ فوقَ الإدارات	16		
301	إدارة الموقع	DEPARTMENT	فريق العمل	قاموسُ المبتدئ	main/glossary.php	مساحة العمل الشخصية	BUSINESS_DEPARTMENT	PERSONAL_SPACE	VALID	CONFIRMED	مساحةٌ شخصيةٌ مشتركةٌ فوقَ الإدارات	3		
302	إدارة الموقع	DEPARTMENT	العمل اليومي	طلب مالي جديد	FinRequests/request_form.php	المالية والخزينة	BUSINESS_DEPARTMENT	UNRESOLVED	VALID	PENDING	يلزم قرارُ المالك: منظرٌ مقيَّدٌ أم إزالة	10		
303	إدارة الموقع	DEPARTMENT	العمل اليومي	خريطة التشغيل اليومية	movement/map_page.php	الحوكمة والالتزام	BUSINESS_DEPARTMENT	UNRESOLVED	ERROR_SUSPECTED	PENDING	◆ لا تظهر إلا في هذه الإدارةِ ومالكُها غيرُها — يُراجَع المالك	1		
304	إدارة الموقع	DEPARTMENT	العمل اليومي	مركز التقارير	Reports/reports.php	مكتب الرئيس التنفيذي والنواب	BUSINESS_DEPARTMENT	UNRESOLVED	VALID	PENDING	يلزم قرارُ المالك: منظرٌ مقيَّدٌ أم إزالة	7		
305	إدارة الموقع	DEPARTMENT	العمل اليومي	الورديات	movement/movement_operations.php	الحوكمة والالتزام	BUSINESS_DEPARTMENT	UNRESOLVED	ERROR_SUSPECTED	PENDING	◆ لا تظهر إلا في هذه الإدارةِ ومالكُها غيرُها — يُراجَع المالك	1		
306	إدارة الموقع	DEPARTMENT	العمل اليومي	ميزانية إدارتي	Finance/budget_form_fin.php	المالية والخزينة	BUSINESS_DEPARTMENT	DEPT_SELF_VIEW	VALID	CONFIRMED	منظرُ الإدارةِ عن نفسِها — مشترَكٌ بطبيعتِه	11		
307	إدارة الموقع	DEPARTMENT	العمل اليومي	أحكام العميل والمورد والمشغّل	Finance/unit_records_fin.php	المالية والخزينة	BUSINESS_DEPARTMENT	UNRESOLVED	VALID	PENDING	يلزم قرارُ المالك: منظرٌ مقيَّدٌ أم إزالة	4		
308	إدارة الموقع	DEPARTMENT	المخاطر	مساحة مخاطر الإدارة	Risk/dept_risk_space.php	إدارة المخاطر المؤسسية	BUSINESS_DEPARTMENT	DEPT_SELF_VIEW	VALID	CONFIRMED	منظرُ الإدارةِ عن نفسِها — مشترَكٌ بطبيعتِه	14		
309	الإدارة التنفيذية	EXECUTIVE	المركز التنفيذي	مهامي	Portal/my_tasks.php	مكتب الرئيس التنفيذي والنواب	PLATFORM_SHARED	OWNED	VALID	CONFIRMED	أصليةٌ لهذه الإدارة	17		
310	الإدارة التنفيذية	EXECUTIVE	المركز التنفيذي	إنجازي	Portal/my_achievement.php	مكتب الرئيس التنفيذي والنواب	PLATFORM_SHARED	OWNED	VALID	CONFIRMED	أصليةٌ لهذه الإدارة	16		
311	الإدارة التنفيذية	EXECUTIVE	المركز التنفيذي	طلباتي	FinRequests/my_requests.php	مكتب الرئيس التنفيذي والنواب	PLATFORM_SHARED	OWNED	VALID	CONFIRMED	أصليةٌ لهذه الإدارة	15		
312	الإدارة التنفيذية	EXECUTIVE	المركز التنفيذي	لوحة الرئيس التنفيذي	Portal/ceo_board.php	مكتب الرئيس التنفيذي والنواب	BUSINESS_DEPARTMENT	OWNED	VALID	CONFIRMED	أصليةٌ لهذه الإدارة	1		
313	الإدارة التنفيذية	EXECUTIVE	مركز العمل	بوابتي	Portal/my_portal.php	مساحة العمل الشخصية	PLATFORM_SHARED	PERSONAL_SPACE	VALID	CONFIRMED	مساحةٌ شخصيةٌ مشتركةٌ فوقَ الإدارات	16		
314	الإدارة التنفيذية	EXECUTIVE	لوحة المخاطر المؤسسية	تقارير المخاطر والتحليلات	Risk/risk_reports.php	إدارة المخاطر المؤسسية	BUSINESS_DEPARTMENT	EXECUTIVE_OVERSIGHT	VALID	CONFIRMED	إطلاعٌ تنفيذيٌّ مجمَّعٌ بتعمُّقٍ مصرَّح	2		
315	الإدارة التنفيذية	EXECUTIVE	لوحة المراجعة الداخلية	تقارير الجهة المشرفة	Audit/iaf_reports.php	المراجع الداخلي المستقل	BUSINESS_DEPARTMENT	EXECUTIVE_OVERSIGHT	VALID	CONFIRMED	إطلاعٌ تنفيذيٌّ مجمَّعٌ بتعمُّقٍ مصرَّح	2		
316	الإدارة التنفيذية	EXECUTIVE	الاعتمادات والمسائل المرفوعة	اعتمادات الرئيس التنفيذي	Portal/ceo_approvals.php	مكتب الرئيس التنفيذي والنواب	BUSINESS_DEPARTMENT	OWNED	VALID	CONFIRMED	أصليةٌ لهذه الإدارة	1		
317	الإدارة التنفيذية	EXECUTIVE	ملفي الشخصي	مساحة عملي	main/my_workspace.php	مساحة العمل الشخصية	BUSINESS_DEPARTMENT	PERSONAL_SPACE	VALID	CONFIRMED	مساحةٌ شخصيةٌ مشتركةٌ فوقَ الإدارات	16		
318	الإدارة التنفيذية	EXECUTIVE	القرارات المحجوزة	العقود والالتزامات المحجوزة أو المصعَّدة	Portal/ceo_contracts.php	مكتب الرئيس التنفيذي والنواب	BUSINESS_DEPARTMENT	OWNED	VALID	CONFIRMED	أصليةٌ لهذه الإدارة	1		
319	الإدارة التنفيذية	EXECUTIVE	القرارات المحجوزة	مراجعة العقود وملاحظاتها	Portal/contract_review.php	مكتب الرئيس التنفيذي والنواب	BUSINESS_DEPARTMENT	OWNED	VALID	CONFIRMED	أصليةٌ لهذه الإدارة	2		
320	الإدارة التنفيذية	EXECUTIVE	القرارات المحجوزة	سجل العقود الموحَّد	Workforce/contract_registry.php	مكتب الرئيس التنفيذي والنواب	BUSINESS_DEPARTMENT	OWNED	VALID	CONFIRMED	أصليةٌ لهذه الإدارة	4		
321	الإدارة التنفيذية	EXECUTIVE	العروض والتسعير	نماذج العمل ووحدات القياس	Portal/business_models.php	المبيعات والعقود	BUSINESS_DEPARTMENT	EXECUTIVE_OVERSIGHT	VALID	CONFIRMED	إطلاعٌ تنفيذيٌّ مجمَّعٌ بتعمُّقٍ مصرَّح	3		
322	الإدارة التنفيذية	EXECUTIVE	الهيكل والأدوار	الهيكل التنظيمي والمسميات	admin/org_structure.php	الحوكمة والالتزام	BUSINESS_DEPARTMENT	EXECUTIVE_OVERSIGHT	VALID	CONFIRMED	إطلاعٌ تنفيذيٌّ مجمَّعٌ بتعمُّقٍ مصرَّح	4		
323	الإدارة التنفيذية	EXECUTIVE	الهيكل والأدوار	التكليفات التنظيمية	admin/org_assignments.php	الحوكمة والالتزام	BUSINESS_DEPARTMENT	EXECUTIVE_OVERSIGHT	VALID	CONFIRMED	إطلاعٌ تنفيذيٌّ مجمَّعٌ بتعمُّقٍ مصرَّح	5		
324	الإدارة التنفيذية	EXECUTIVE	عمليات التمويل	إنجاز الإدارة	Portal/dept_achievement.php	التمويل والملكية	BUSINESS_DEPARTMENT	DEPT_SELF_VIEW	VALID	CONFIRMED	منظرُ الإدارةِ عن نفسِها — مشترَكٌ بطبيعتِه	15		
325	الإدارة التنفيذية	EXECUTIVE	التأسيس والهيكل المؤسسي	الموازنة العامة	Finance/budget_master.php	مكتب الرئيس التنفيذي والنواب	BUSINESS_DEPARTMENT	OWNED	VALID	CONFIRMED	أصليةٌ لهذه الإدارة	2		
326	الإدارة التنفيذية	EXECUTIVE	التأسيس والهيكل المؤسسي	قرار فتح مشروع جديد	Portal/project_charter.php	مكتب الرئيس التنفيذي والنواب	BUSINESS_DEPARTMENT	OWNED	VALID	CONFIRMED	أصليةٌ لهذه الإدارة	1		
327	الإدارة التنفيذية	EXECUTIVE	إقفال الفترة	القوائم المالية	Finance/financial_statements_fin.php	المالية والخزينة	BUSINESS_DEPARTMENT	EXECUTIVE_OVERSIGHT	VALID	CONFIRMED	إطلاعٌ تنفيذيٌّ مجمَّعٌ بتعمُّقٍ مصرَّح	2		
328	الإدارة التنفيذية	EXECUTIVE	استقبال البلاغات	مؤشرات البلاغات	Tickets/ticket_dashboard.php	مركز البلاغات	BUSINESS_DEPARTMENT	UNRESOLVED	ERROR_SUSPECTED	PENDING	◆ لا تظهر إلا في هذه الإدارةِ ومالكُها غيرُها — يُراجَع المالك	1		
329	الإدارة التنفيذية	EXECUTIVE	التدقيق والمراجعة	تقارير الحوكمة	Governance/gov_reports.php	الحوكمة والالتزام	BUSINESS_DEPARTMENT	UNRESOLVED	ERROR_SUSPECTED	PENDING	◆ لا تظهر إلا في هذه الإدارةِ ومالكُها غيرُها — يُراجَع المالك	1		
330	الإدارة التنفيذية	EXECUTIVE	الحوكمة والضوابط	المخاطر والقرارات العليا	Portal/ceo_risk.php	مكتب الرئيس التنفيذي والنواب	BUSINESS_DEPARTMENT	OWNED	VALID	CONFIRMED	أصليةٌ لهذه الإدارة	1		
331	الإدارة التنفيذية	EXECUTIVE	الحوكمة والضوابط	المخاطر التجارية	Clients/commercial_risks.php	مكتب الرئيس التنفيذي والنواب	BUSINESS_DEPARTMENT	OWNED	VALID	CONFIRMED	أصليةٌ لهذه الإدارة	2		
332	الإدارة التنفيذية	EXECUTIVE	إعدادات النظام وبصمة الإصدار	وضع التأسيس وإغلاقه	Portal/founding_mode.php	مكتب الرئيس التنفيذي والنواب	BUSINESS_DEPARTMENT	OWNED	VALID	CONFIRMED	أصليةٌ لهذه الإدارة	2		
333	الإدارة التنفيذية	EXECUTIVE	إعدادات النظام وبصمة الإصدار	بصمة الإصدار وتقرير النشر	Portal/release_stamp.php	مكتب الرئيس التنفيذي والنواب	BUSINESS_DEPARTMENT	OWNED	VALID	CONFIRMED	أصليةٌ لهذه الإدارة	2		
334	الإدارة التنفيذية	EXECUTIVE	لوحة الإدارة التنفيذية	الرئيسية	main/role_board.php	مساحة العمل الشخصية	BUSINESS_DEPARTMENT	PERSONAL_SPACE	VALID	CONFIRMED	مساحةٌ شخصيةٌ مشتركةٌ فوقَ الإدارات	17		
335	الإدارة التنفيذية	EXECUTIVE	لوحة الإدارة التنفيذية	المراسلات	chats/index.php	مساحة العمل الشخصية	PLATFORM_SHARED	PERSONAL_SPACE	VALID	CONFIRMED	مساحةٌ شخصيةٌ مشتركةٌ فوقَ الإدارات	17		
336	الإدارة التنفيذية	EXECUTIVE	الاعتمادات العليا	التفويض بالتوقيع	Governance/signing_authority.php	الحوكمة والالتزام	BUSINESS_DEPARTMENT	EXECUTIVE_OVERSIGHT	VALID	CONFIRMED	إطلاعٌ تنفيذيٌّ مجمَّعٌ بتعمُّقٍ مصرَّح	4		
337	الإدارة التنفيذية	EXECUTIVE	الرقابة العليا	هامش الربح للعقد والواقعة	Reports/margin_report.php	مكتب الرئيس التنفيذي والنواب	BUSINESS_DEPARTMENT	OWNED	VALID	CONFIRMED	أصليةٌ لهذه الإدارة	4		
338	الإدارة التنفيذية	EXECUTIVE	التقارير والتصدير	تقارير الإدارة التنفيذية	Portal/ceo_reports.php	مساحة العمل الشخصية	BUSINESS_DEPARTMENT	PERSONAL_SPACE	VALID	CONFIRMED	مساحةٌ شخصيةٌ مشتركةٌ فوقَ الإدارات	1		
339	الإدارة التنفيذية	EXECUTIVE	التقارير والتصدير	حدود المبالغ	Governance/authority_caps.php	الحوكمة والالتزام	BUSINESS_DEPARTMENT	EXECUTIVE_OVERSIGHT	VALID	CONFIRMED	إطلاعٌ تنفيذيٌّ مجمَّعٌ بتعمُّقٍ مصرَّح	2		
340	الإدارة التنفيذية	EXECUTIVE	فريق العمل	إدارة المعاونين	main/project_users.php	مساحة العمل الشخصية	BUSINESS_DEPARTMENT	PERSONAL_SPACE	VALID	CONFIRMED	مساحةٌ شخصيةٌ مشتركةٌ فوقَ الإدارات	16		
341	الإدارة التنفيذية	EXECUTIVE	العمل اليومي	تقارير المراجعة الداخلية	Portal/ceo_audit_reports.php	مساحة العمل الشخصية	BUSINESS_DEPARTMENT	PERSONAL_SPACE	VALID	CONFIRMED	مساحةٌ شخصيةٌ مشتركةٌ فوقَ الإدارات	2		
342	الإدارة التنفيذية	EXECUTIVE	العمل اليومي	موافقات التكليف	Portal/ceo_assignments.php	مساحة العمل الشخصية	BUSINESS_DEPARTMENT	PERSONAL_SPACE	VALID	CONFIRMED	مساحةٌ شخصيةٌ مشتركةٌ فوقَ الإدارات	2		
343	ادارة المبيعات	DEPARTMENT	المركز التنفيذي	مهامي	Portal/my_tasks.php	مكتب الرئيس التنفيذي والنواب	PLATFORM_SHARED	SHARED_WORK_ITEM	VALID	CONFIRMED	مهمةٌ أو اعتمادٌ يصل المستخدمَ من إدارةٍ أخرى	17		
344	ادارة المبيعات	DEPARTMENT	المركز التنفيذي	إنجازي	Portal/my_achievement.php	مكتب الرئيس التنفيذي والنواب	PLATFORM_SHARED	UNRESOLVED	VALID	PENDING	يلزم قرارُ المالك: منظرٌ مقيَّدٌ أم إزالة	16		
345	ادارة المبيعات	DEPARTMENT	المركز التنفيذي	طلباتي	FinRequests/my_requests.php	مكتب الرئيس التنفيذي والنواب	PLATFORM_SHARED	SHARED_WORK_ITEM	VALID	CONFIRMED	مهمةٌ أو اعتمادٌ يصل المستخدمَ من إدارةٍ أخرى	15		
346	ادارة المبيعات	DEPARTMENT	مركز العمل	بوابتي	Portal/my_portal.php	مساحة العمل الشخصية	PLATFORM_SHARED	PERSONAL_SPACE	VALID	CONFIRMED	مساحةٌ شخصيةٌ مشتركةٌ فوقَ الإدارات	16		
347	ادارة المبيعات	DEPARTMENT	الاعتمادات الواردة	صندوق ما ينتظر اعتمادي	Finance/approvals_inbox.php	مركز البلاغات	BUSINESS_DEPARTMENT	SHARED_WORK_ITEM	VALID	CONFIRMED	مهمةٌ أو اعتمادٌ يصل المستخدمَ من إدارةٍ أخرى	13		
348	ادارة المبيعات	DEPARTMENT	الاعتمادات الواردة	تسجيل التايم شيت والإنتاج — الموقع	Timesheet/timesheet.php	إدارة الموقع	BUSINESS_DEPARTMENT	UNRESOLVED	VALID	PENDING	يلزم قرارُ المالك: منظرٌ مقيَّدٌ أم إزالة	9		
349	ادارة المبيعات	DEPARTMENT	ملفي الشخصي	مساحة عملي	main/my_workspace.php	مساحة العمل الشخصية	BUSINESS_DEPARTMENT	PERSONAL_SPACE	VALID	CONFIRMED	مساحةٌ شخصيةٌ مشتركةٌ فوقَ الإدارات	16		
350	ادارة المبيعات	DEPARTMENT	الظهور وضبط البوابة	مركز التقارير — الحوكمة	emsreports/index.php	الحوكمة والالتزام	BUSINESS_DEPARTMENT	UNRESOLVED	VALID	PENDING	يلزم قرارُ المالك: منظرٌ مقيَّدٌ أم إزالة	14		
351	ادارة المبيعات	DEPARTMENT	الظهور وضبط البوابة	الإعدادات	Settings/settings.php	الحوكمة والالتزام	BUSINESS_DEPARTMENT	CONTEXTUAL_READ_ONLY	VALID	CONFIRMED	منظرٌ مرجعيٌّ محدودٌ تحتاجه الإدارةُ لإكمالِ عملِها	6		
352	ادارة المبيعات	DEPARTMENT	العملاء والفرص	سجل العملاء	Clients/clients.php	المبيعات والعقود	BUSINESS_DEPARTMENT	OWNED	VALID	CONFIRMED	أصليةٌ لهذه الإدارة	2		
353	ادارة المبيعات	DEPARTMENT	العملاء والفرص	المشاريع والمواقع	Projects/projects.php	المبيعات والعقود	BUSINESS_DEPARTMENT	OWNED	VALID	CONFIRMED	أصليةٌ لهذه الإدارة	3		
354	ادارة المبيعات	DEPARTMENT	العملاء والفرص	أنشطة العملاء	Clients/activities.php	المبيعات والعقود	BUSINESS_DEPARTMENT	OWNED	VALID	CONFIRMED	أصليةٌ لهذه الإدارة	1		
355	ادارة المبيعات	DEPARTMENT	العملاء والفرص	ذمم العملاء وأعمارها	Contracts/collections.php	المبيعات والعقود	BUSINESS_DEPARTMENT	OWNED	VALID	CONFIRMED	أصليةٌ لهذه الإدارة	2		
356	ادارة المبيعات	DEPARTMENT	العملاء والفرص	بنود عقد العميل وقيمته	Contracts/contract_lines.php	المبيعات والعقود	BUSINESS_DEPARTMENT	OWNED	VALID	CONFIRMED	أصليةٌ لهذه الإدارة	2		
357	ادارة المبيعات	DEPARTMENT	العملاء والفرص	ضمانات العقد	Contracts/contract_guarantees.php	المبيعات والعقود	BUSINESS_DEPARTMENT	OWNED	VALID	CONFIRMED	أصليةٌ لهذه الإدارة	1		
358	ادارة المبيعات	DEPARTMENT	العروض والتسعير	الفرص والزيارات والمناقصات	Opportunities/opportunities.php	المبيعات والعقود	BUSINESS_DEPARTMENT	OWNED	VALID	CONFIRMED	أصليةٌ لهذه الإدارة	1		
359	ادارة المبيعات	DEPARTMENT	العروض والتسعير	عروض الأسعار للعملاء	Clients/quotations.php	المبيعات والعقود	BUSINESS_DEPARTMENT	OWNED	VALID	CONFIRMED	أصليةٌ لهذه الإدارة	1		
360	ادارة المبيعات	DEPARTMENT	العروض والتسعير	قوائم التسعير المعتمدة	Clients/pricelists.php	المبيعات والعقود	BUSINESS_DEPARTMENT	OWNED	VALID	CONFIRMED	أصليةٌ لهذه الإدارة	1		
361	ادارة المبيعات	DEPARTMENT	العروض والتسعير	كتالوج الخدمات وبنود البيع	Clients/products.php	المبيعات والعقود	BUSINESS_DEPARTMENT	OWNED	VALID	CONFIRMED	أصليةٌ لهذه الإدارة	1		
362	ادارة المبيعات	DEPARTMENT	العروض والتسعير	نماذج العمل ووحدات القياس	Portal/business_models.php	المبيعات والعقود	BUSINESS_DEPARTMENT	OWNED	VALID	CONFIRMED	أصليةٌ لهذه الإدارة	3		
363	ادارة المبيعات	DEPARTMENT	العروض والتسعير	وحدات القياس والتحويل	Clients/units_of_measure.php	المبيعات والعقود	BUSINESS_DEPARTMENT	OWNED	VALID	CONFIRMED	أصليةٌ لهذه الإدارة	1		
364	ادارة المبيعات	DEPARTMENT	العروض والتسعير	جاهزية العروض	Clients/readiness_lines.php	المبيعات والعقود	BUSINESS_DEPARTMENT	OWNED	VALID	CONFIRMED	أصليةٌ لهذه الإدارة	1		
365	ادارة المبيعات	DEPARTMENT	القرارات المحجوزة	مراجعة العقود وملاحظاتها	Portal/contract_review.php	مكتب الرئيس التنفيذي والنواب	BUSINESS_DEPARTMENT	UNRESOLVED	VALID	PENDING	يلزم قرارُ المالك: منظرٌ مقيَّدٌ أم إزالة	2		
366	ادارة المبيعات	DEPARTMENT	القرارات المحجوزة	سجل العقود الموحَّد	Workforce/contract_registry.php	مكتب الرئيس التنفيذي والنواب	BUSINESS_DEPARTMENT	CONTEXTUAL_READ_ONLY	VALID	CONFIRMED	منظرٌ مرجعيٌّ محدودٌ تحتاجه الإدارةُ لإكمالِ عملِها	4		
367	ادارة المبيعات	DEPARTMENT	عمليات التمويل	ميزانية إدارتي — التمويل	Finance/budget_dept.php	التمويل والملكية	BUSINESS_DEPARTMENT	DEPT_SELF_VIEW	VALID	CONFIRMED	منظرُ الإدارةِ عن نفسِها — مشترَكٌ بطبيعتِه	14		
368	ادارة المبيعات	DEPARTMENT	عمليات التمويل	إنجاز الإدارة	Portal/dept_achievement.php	التمويل والملكية	BUSINESS_DEPARTMENT	DEPT_SELF_VIEW	VALID	CONFIRMED	منظرُ الإدارةِ عن نفسِها — مشترَكٌ بطبيعتِه	15		
369	ادارة المبيعات	DEPARTMENT	الهيكل والأدوار	ما ينتظر اعتمادي	Approvals/hours_approval.php	الحوكمة والالتزام	BUSINESS_DEPARTMENT	SHARED_WORK_ITEM	VALID	CONFIRMED	مهمةٌ أو اعتمادٌ يصل المستخدمَ من إدارةٍ أخرى	5		
370	ادارة المبيعات	DEPARTMENT	العقود	عقود العملاء	Contracts/contracts.php	المبيعات والعقود	BUSINESS_DEPARTMENT	OWNED	VALID	CONFIRMED	أصليةٌ لهذه الإدارة	5		
371	ادارة المبيعات	DEPARTMENT	العقود	الجزاءات والحوافز التعاقدية	Contracts/penalties.php	المبيعات والعقود	BUSINESS_DEPARTMENT	OWNED	VALID	CONFIRMED	أصليةٌ لهذه الإدارة	4		
372	ادارة المبيعات	DEPARTMENT	العقود	أحكام العقد — العملات والمقدم والمهل	Contracts/contract_card.php	المبيعات والعقود	BUSINESS_DEPARTMENT	OWNED	VALID	CONFIRMED	أصليةٌ لهذه الإدارة	2		
373	ادارة المبيعات	DEPARTMENT	العقود	التزامات العقود	Clients/contract_commitments.php	المبيعات والعقود	BUSINESS_DEPARTMENT	OWNED	VALID	CONFIRMED	أصليةٌ لهذه الإدارة	1		
374	ادارة المبيعات	DEPARTMENT	العقود	مصفوفة التزامات العقد	Contracts/contract_obligations.php	المبيعات والعقود	BUSINESS_DEPARTMENT	OWNED	VALID	CONFIRMED	أصليةٌ لهذه الإدارة	3		
375	ادارة المبيعات	DEPARTMENT	العقود	نطاقات العقد التشغيلية	Contracts/contract_sites.php	المبيعات والعقود	BUSINESS_DEPARTMENT	OWNED	VALID	CONFIRMED	أصليةٌ لهذه الإدارة	2		
376	ادارة المبيعات	DEPARTMENT	العقود	خطة موارد العقد	Contracts/contract_resource_plan.php	المبيعات والعقود	BUSINESS_DEPARTMENT	OWNED	VALID	CONFIRMED	أصليةٌ لهذه الإدارة	3		
377	ادارة المبيعات	DEPARTMENT	العقود	خطة دفع العقد	Contracts/contract_payment_schedule.php	المبيعات والعقود	BUSINESS_DEPARTMENT	OWNED	VALID	CONFIRMED	أصليةٌ لهذه الإدارة	1		
378	ادارة المبيعات	DEPARTMENT	العقود	خط أساس العقد	Contracts/contract_baseline.php	المبيعات والعقود	BUSINESS_DEPARTMENT	OWNED	VALID	CONFIRMED	أصليةٌ لهذه الإدارة	2		
379	ادارة المبيعات	DEPARTMENT	العقود	اقتصاد دورة حياة العقد	Contracts/contract_lifecycle.php	المبيعات والعقود	BUSINESS_DEPARTMENT	OWNED	VALID	CONFIRMED	أصليةٌ لهذه الإدارة	2		
380	ادارة المبيعات	DEPARTMENT	استقبال البلاغات	أبلغ عن مشكلة من هذه الشاشة	Tickets/ticket_contextual_open.php	مركز البلاغات	BUSINESS_DEPARTMENT	UNRESOLVED	VALID	PENDING	يلزم قرارُ المالك: منظرٌ مقيَّدٌ أم إزالة	13		
381	ادارة المبيعات	DEPARTMENT	استقبال البلاغات	صندوقُ بلاغاتِ الإدارة	Tickets/tickets_list.php	مركز البلاغات	BUSINESS_DEPARTMENT	SHARED_WORK_ITEM	VALID	CONFIRMED	مهمةٌ أو اعتمادٌ يصل المستخدمَ من إدارةٍ أخرى	16		
382	ادارة المبيعات	DEPARTMENT	المعاملات المالية الواردة	سجل الأحداث المالية	Finance/events_list_fin.php	المالية والخزينة	BUSINESS_DEPARTMENT	CONTEXTUAL_READ_ONLY	VALID	CONFIRMED	منظرٌ مرجعيٌّ محدودٌ تحتاجه الإدارةُ لإكمالِ عملِها	7		
383	ادارة المبيعات	DEPARTMENT	المعاملات المالية الواردة	موافقات إدارتي	FinRequests/dept_inbox.php	المالية والخزينة	BUSINESS_DEPARTMENT	DEPT_SELF_VIEW	VALID	CONFIRMED	منظرُ الإدارةِ عن نفسِها — مشترَكٌ بطبيعتِه	11		
384	ادارة المبيعات	DEPARTMENT	التخطيط وتخصيص الموارد	إسناد المعدات للوحدات	Operations/containers.php	إدارة التشغيل	BUSINESS_DEPARTMENT	UNRESOLVED	VALID	PENDING	يلزم قرارُ المالك: منظرٌ مقيَّدٌ أم إزالة	4		
385	ادارة المبيعات	DEPARTMENT	التغطية التعاقدية	التزام العقد بنوع المعدة	Contracts/contract_coverage.php	المبيعات والعقود	BUSINESS_DEPARTMENT	OWNED	VALID	CONFIRMED	أصليةٌ لهذه الإدارة	3		
386	ادارة المبيعات	DEPARTMENT	التغطية التعاقدية	الجدول الشهري للعقد	Contracts/contract_monthly_plan.php	المبيعات والعقود	BUSINESS_DEPARTMENT	OWNED	VALID	CONFIRMED	أصليةٌ لهذه الإدارة	2		
387	ادارة المبيعات	DEPARTMENT	التنفيذ التعاقدي	مطابقة بيانات العميل	Contracts/unit_client_match.php	المبيعات والعقود	BUSINESS_DEPARTMENT	OWNED	VALID	CONFIRMED	أصليةٌ لهذه الإدارة	1		
388	ادارة المبيعات	DEPARTMENT	التنفيذ التعاقدي	كشف التايم شيت — العميل	Contracts/unit_statement_client.php	المبيعات والعقود	BUSINESS_DEPARTMENT	OWNED	VALID	CONFIRMED	أصليةٌ لهذه الإدارة	1		
389	ادارة المبيعات	DEPARTMENT	التنفيذ التعاقدي	ربط الخطة بالفعلي	Contracts/plan_actual_link.php	المبيعات والعقود	BUSINESS_DEPARTMENT	OWNED	VALID	CONFIRMED	أصليةٌ لهذه الإدارة	2		
390	ادارة المبيعات	DEPARTMENT	التنفيذ اليومي	الإنتاج والقياس	Operations/production.php	إدارة التشغيل	BUSINESS_DEPARTMENT	UNRESOLVED	VALID	PENDING	يلزم قرارُ المالك: منظرٌ مقيَّدٌ أم إزالة	3		
391	ادارة المبيعات	DEPARTMENT	المستخلصات والفوترة والتحصيل	المستخلصات والمطالبات	Contracts/claims.php	المبيعات والعقود	BUSINESS_DEPARTMENT	OWNED	VALID	CONFIRMED	أصليةٌ لهذه الإدارة	3		
392	ادارة المبيعات	DEPARTMENT	المستخلصات والفوترة والتحصيل	الأعمال غير المفوترة	Operations/unbilled.php	المبيعات والعقود	BUSINESS_DEPARTMENT	OWNED	VALID	CONFIRMED	أصليةٌ لهذه الإدارة	2		
393	ادارة المبيعات	DEPARTMENT	الالتزام والامتثال	لوحة الإسناد اليومي	Approvals/attribution_board.php	الحوكمة والالتزام	BUSINESS_DEPARTMENT	UNRESOLVED	VALID	PENDING	يلزم قرارُ المالك: منظرٌ مقيَّدٌ أم إزالة	3		
394	ادارة المبيعات	DEPARTMENT	التجديد والإقفال	ملاحق العقود وتجديداتها	Clients/contract_amendments.php	المبيعات والعقود	BUSINESS_DEPARTMENT	OWNED	VALID	CONFIRMED	أصليةٌ لهذه الإدارة	1		
395	ادارة المبيعات	DEPARTMENT	التجديد والإقفال	سجل حركة العقد	Clients/contract_events.php	المبيعات والعقود	BUSINESS_DEPARTMENT	OWNED	VALID	CONFIRMED	أصليةٌ لهذه الإدارة	1		
396	ادارة المبيعات	DEPARTMENT	الانحرافات وإقفال الفترة	الأداء الشهري للوحدة	Operations/unit_perf.php	إدارة التشغيل	BUSINESS_DEPARTMENT	UNRESOLVED	VALID	PENDING	يلزم قرارُ المالك: منظرٌ مقيَّدٌ أم إزالة	3		
397	ادارة المبيعات	DEPARTMENT	المستخلصات والذمم	كشف حساب العميل	Contracts/client_statement.php	المالية والخزينة	BUSINESS_DEPARTMENT	UNRESOLVED	VALID	PENDING	يلزم قرارُ المالك: منظرٌ مقيَّدٌ أم إزالة	2		
398	ادارة المبيعات	DEPARTMENT	التكلفة والإهلاك والهامش	متابعة انحراف المنفَّذ عن المخطط	Finance/variance_monitor_fin.php	المالية والخزينة	BUSINESS_DEPARTMENT	UNRESOLVED	VALID	PENDING	يلزم قرارُ المالك: منظرٌ مقيَّدٌ أم إزالة	3		
399	ادارة المبيعات	DEPARTMENT	إقفال الفترة	الفاتورة الضريبية والإقرارات	Contracts/tax_invoices.php	المالية والخزينة	BUSINESS_DEPARTMENT	FORBIDDEN	VALID	CONFIRMED	◆ شاشةٌ ماليةٌ أو تجاريةٌ في مساحةِ إدارةٍ لا تملكها — تُزال ويُستبدل بها منظرٌ مقيَّد	2		
400	ادارة المبيعات	DEPARTMENT	الحوكمة والضوابط	المخاطر التجارية	Clients/commercial_risks.php	مكتب الرئيس التنفيذي والنواب	BUSINESS_DEPARTMENT	UNRESOLVED	VALID	PENDING	يلزم قرارُ المالك: منظرٌ مقيَّدٌ أم إزالة	2		
401	ادارة المبيعات	DEPARTMENT	الحوكمة والضوابط	مخاطر المبيعات والعقود	Risk/risk_dept_sal.php	المبيعات والعقود	BUSINESS_DEPARTMENT	OWNED	VALID	CONFIRMED	أصليةٌ لهذه الإدارة	1		
402	ادارة المبيعات	DEPARTMENT	الحوكمة والضوابط	حوكمة المبيعات والعقود	Governance/gov_dept_sal.php	المبيعات والعقود	BUSINESS_DEPARTMENT	OWNED	VALID	CONFIRMED	أصليةٌ لهذه الإدارة	1		
403	ادارة المبيعات	DEPARTMENT	لوحة الإدارة	الرئيسية	main/role_board.php	مساحة العمل الشخصية	BUSINESS_DEPARTMENT	PERSONAL_SPACE	VALID	CONFIRMED	مساحةٌ شخصيةٌ مشتركةٌ فوقَ الإدارات	17		
404	ادارة المبيعات	DEPARTMENT	لوحة الإدارة	المراسلات	chats/index.php	مساحة العمل الشخصية	PLATFORM_SHARED	PERSONAL_SPACE	VALID	CONFIRMED	مساحةٌ شخصيةٌ مشتركةٌ فوقَ الإدارات	17		
405	ادارة المبيعات	DEPARTMENT	لوحة الإدارة	التراخيص والكفالات	Governance/licenses_guarantees.php	الحوكمة والالتزام	BUSINESS_DEPARTMENT	UNRESOLVED	VALID	PENDING	يلزم قرارُ المالك: منظرٌ مقيَّدٌ أم إزالة	5		
406	ادارة المبيعات	DEPARTMENT	لوحة الإدارة	آليات تعديل السعر	Contracts/price_terms.php	المبيعات والعقود	BUSINESS_DEPARTMENT	OWNED	VALID	CONFIRMED	أصليةٌ لهذه الإدارة	2		
407	ادارة المبيعات	DEPARTMENT	لوحة الإدارة	هامش الربح للعقد والواقعة	Reports/margin_report.php	مكتب الرئيس التنفيذي والنواب	BUSINESS_DEPARTMENT	UNRESOLVED	VALID	PENDING	يلزم قرارُ المالك: منظرٌ مقيَّدٌ أم إزالة	4		
408	ادارة المبيعات	DEPARTMENT	التأجير قصير الأمد	تقويمُ الأسطول والحجز	Operations/fleet_calendar.php	إدارة التشغيل	BUSINESS_DEPARTMENT	UNRESOLVED	ERROR_SUSPECTED	PENDING	◆ لا تظهر إلا في هذه الإدارةِ ومالكُها غيرُها — يُراجَع المالك	1		
409	ادارة المبيعات	DEPARTMENT	التأجير قصير الأمد	دفترُ الأسعار بالشرائح	Clients/rate_books.php	المبيعات والعقود	BUSINESS_DEPARTMENT	OWNED	VALID	CONFIRMED	أصليةٌ لهذه الإدارة	1		
410	ادارة المبيعات	DEPARTMENT	التأجير قصير الأمد	استغلالُ الأسطول ومردودُه	Operations/fleet_utilization.php	إدارة التشغيل	BUSINESS_DEPARTMENT	UNRESOLVED	ERROR_SUSPECTED	PENDING	◆ لا تظهر إلا في هذه الإدارةِ ومالكُها غيرُها — يُراجَع المالك	1		
411	ادارة المبيعات	DEPARTMENT	فريق العمل	إدارة المعاونين	main/project_users.php	مساحة العمل الشخصية	BUSINESS_DEPARTMENT	PERSONAL_SPACE	VALID	CONFIRMED	مساحةٌ شخصيةٌ مشتركةٌ فوقَ الإدارات	16		
412	ادارة المبيعات	DEPARTMENT	فريق العمل	قاموسُ المبتدئ — بلغةِ أولِ يوم	main/glossary.php	مساحة العمل الشخصية	BUSINESS_DEPARTMENT	PERSONAL_SPACE	VALID	CONFIRMED	مساحةٌ شخصيةٌ مشتركةٌ فوقَ الإدارات	3		
413	ادارة المبيعات	DEPARTMENT	العمل اليومي	المناقصات	Clients/tenders.php	المبيعات والعقود	BUSINESS_DEPARTMENT	OWNED	VALID	CONFIRMED	أصليةٌ لهذه الإدارة	1		
414	ادارة المبيعات	DEPARTMENT	العمل اليومي	ميزانية إدارتي	Finance/budget_form_fin.php	المالية والخزينة	BUSINESS_DEPARTMENT	DEPT_SELF_VIEW	VALID	CONFIRMED	منظرُ الإدارةِ عن نفسِها — مشترَكٌ بطبيعتِه	11		
415	ادارة المبيعات	DEPARTMENT	العمل اليومي	طلب مالي جديد	FinRequests/request_form.php	المالية والخزينة	BUSINESS_DEPARTMENT	UNRESOLVED	VALID	PENDING	يلزم قرارُ المالك: منظرٌ مقيَّدٌ أم إزالة	10		
416	ادارة المبيعات	DEPARTMENT	العمل اليومي	مركز التقارير	Reports/reports.php	مكتب الرئيس التنفيذي والنواب	BUSINESS_DEPARTMENT	UNRESOLVED	VALID	PENDING	يلزم قرارُ المالك: منظرٌ مقيَّدٌ أم إزالة	7		
417	ادارة المبيعات	DEPARTMENT	العمل اليومي	اللوحة التجارية للعقود	Contracts/commercial_board.php	المبيعات والعقود	BUSINESS_DEPARTMENT	OWNED	VALID	CONFIRMED	أصليةٌ لهذه الإدارة	2		
418	ادارة المبيعات	DEPARTMENT	المخاطر	مساحة مخاطر الإدارة	Risk/dept_risk_space.php	إدارة المخاطر المؤسسية	BUSINESS_DEPARTMENT	DEPT_SELF_VIEW	VALID	CONFIRMED	منظرُ الإدارةِ عن نفسِها — مشترَكٌ بطبيعتِه	14		
419	ادارة الصيانة	DEPARTMENT	المركز التنفيذي	مهامي	Portal/my_tasks.php	مكتب الرئيس التنفيذي والنواب	PLATFORM_SHARED	SHARED_WORK_ITEM	VALID	CONFIRMED	مهمةٌ أو اعتمادٌ يصل المستخدمَ من إدارةٍ أخرى	17		
420	ادارة الصيانة	DEPARTMENT	المركز التنفيذي	إنجازي	Portal/my_achievement.php	مكتب الرئيس التنفيذي والنواب	PLATFORM_SHARED	UNRESOLVED	VALID	PENDING	يلزم قرارُ المالك: منظرٌ مقيَّدٌ أم إزالة	16		
421	ادارة الصيانة	DEPARTMENT	المركز التنفيذي	طلباتي	FinRequests/my_requests.php	مكتب الرئيس التنفيذي والنواب	PLATFORM_SHARED	SHARED_WORK_ITEM	VALID	CONFIRMED	مهمةٌ أو اعتمادٌ يصل المستخدمَ من إدارةٍ أخرى	15		
422	ادارة الصيانة	DEPARTMENT	مركز العمل	بوابتي	Portal/my_portal.php	مساحة العمل الشخصية	PLATFORM_SHARED	PERSONAL_SPACE	VALID	CONFIRMED	مساحةٌ شخصيةٌ مشتركةٌ فوقَ الإدارات	16		
423	ادارة الصيانة	DEPARTMENT	الاعتمادات الواردة	صندوق ما ينتظر اعتمادي	Finance/approvals_inbox.php	مركز البلاغات	BUSINESS_DEPARTMENT	SHARED_WORK_ITEM	VALID	CONFIRMED	مهمةٌ أو اعتمادٌ يصل المستخدمَ من إدارةٍ أخرى	13		
424	ادارة الصيانة	DEPARTMENT	الاعتمادات الواردة	تسجيل التايم شيت والإنتاج — الموقع	Timesheet/timesheet.php	إدارة الموقع	BUSINESS_DEPARTMENT	UNRESOLVED	VALID	PENDING	يلزم قرارُ المالك: منظرٌ مقيَّدٌ أم إزالة	9		
425	ادارة الصيانة	DEPARTMENT	ملفي الشخصي	مساحة عملي	main/my_workspace.php	مساحة العمل الشخصية	BUSINESS_DEPARTMENT	PERSONAL_SPACE	VALID	CONFIRMED	مساحةٌ شخصيةٌ مشتركةٌ فوقَ الإدارات	16		
426	ادارة الصيانة	DEPARTMENT	الظهور وضبط البوابة	مركز التقارير — الحوكمة	emsreports/index.php	الحوكمة والالتزام	BUSINESS_DEPARTMENT	UNRESOLVED	VALID	PENDING	يلزم قرارُ المالك: منظرٌ مقيَّدٌ أم إزالة	14		
427	ادارة الصيانة	DEPARTMENT	استقبال البلاغ	الفحص الفني اليومي	Maintenance/inspections.php	إدارة الصيانة	BUSINESS_DEPARTMENT	OWNED	VALID	CONFIRMED	أصليةٌ لهذه الإدارة	3		
428	ادارة الصيانة	DEPARTMENT	سجل الأصول	سجل المعدات	Equipments/equipments.php	إدارة الأسطول	BUSINESS_DEPARTMENT	CONTEXTUAL_READ_ONLY	VALID	CONFIRMED	منظرٌ مرجعيٌّ محدودٌ تحتاجه الإدارةُ لإكمالِ عملِها	8		
429	ادارة الصيانة	DEPARTMENT	سجل الأصول	جاهزية المعدات للتشغيل	Fleet/readiness_board.php	إدارة الأسطول	BUSINESS_DEPARTMENT	UNRESOLVED	VALID	PENDING	يلزم قرارُ المالك: منظرٌ مقيَّدٌ أم إزالة	5		
430	ادارة الصيانة	DEPARTMENT	عمليات التمويل	ميزانية إدارتي — التمويل	Finance/budget_dept.php	التمويل والملكية	BUSINESS_DEPARTMENT	DEPT_SELF_VIEW	VALID	CONFIRMED	منظرُ الإدارةِ عن نفسِها — مشترَكٌ بطبيعتِه	14		
431	ادارة الصيانة	DEPARTMENT	عمليات التمويل	إنجاز الإدارة	Portal/dept_achievement.php	التمويل والملكية	BUSINESS_DEPARTMENT	DEPT_SELF_VIEW	VALID	CONFIRMED	منظرُ الإدارةِ عن نفسِها — مشترَكٌ بطبيعتِه	15		
432	ادارة الصيانة	DEPARTMENT	أوامر الترحيل	طلبات الترحيل	Transport/transfer_requests.php	النقل والترحيل	BUSINESS_DEPARTMENT	SHARED_WORK_ITEM	VALID	CONFIRMED	مهمةٌ أو اعتمادٌ يصل المستخدمَ من إدارةٍ أخرى	6		
433	ادارة الصيانة	DEPARTMENT	التنفيذ والإقفال	أوامر الصيانة	Maintenance/orders.php	إدارة الصيانة	BUSINESS_DEPARTMENT	OWNED	VALID	CONFIRMED	أصليةٌ لهذه الإدارة	6		
434	ادارة الصيانة	DEPARTMENT	استقبال البلاغات	أبلغ عن مشكلة من هذه الشاشة	Tickets/ticket_contextual_open.php	مركز البلاغات	BUSINESS_DEPARTMENT	UNRESOLVED	VALID	PENDING	يلزم قرارُ المالك: منظرٌ مقيَّدٌ أم إزالة	13		
435	ادارة الصيانة	DEPARTMENT	استقبال البلاغات	صندوقُ بلاغاتِ الإدارة	Tickets/tickets_list.php	مركز البلاغات	BUSINESS_DEPARTMENT	SHARED_WORK_ITEM	VALID	CONFIRMED	مهمةٌ أو اعتمادٌ يصل المستخدمَ من إدارةٍ أخرى	16		
436	ادارة الصيانة	DEPARTMENT	الطلبات وحدود المخزون	صرف مواد من المخزن	Procurement/issue_proc.php	إدارة المشتريات التشغيلية	BUSINESS_DEPARTMENT	UNRESOLVED	VALID	PENDING	يلزم قرارُ المالك: منظرٌ مقيَّدٌ أم إزالة	5		
437	ادارة الصيانة	DEPARTMENT	الطلبات وحدود المخزون	أرصدة المخزون بحالاتها	Procurement/stock_proc.php	إدارة المشتريات التشغيلية	BUSINESS_DEPARTMENT	UNRESOLVED	VALID	PENDING	يلزم قرارُ المالك: منظرٌ مقيَّدٌ أم إزالة	6		
438	ادارة الصيانة	DEPARTMENT	الطلبات وحدود المخزون	طلبات الشراء	Procurement/requests_proc.php	إدارة المشتريات التشغيلية	BUSINESS_DEPARTMENT	SHARED_WORK_ITEM	VALID	CONFIRMED	مهمةٌ أو اعتمادٌ يصل المستخدمَ من إدارةٍ أخرى	5		
439	ادارة الصيانة	DEPARTMENT	المعاملات المالية الواردة	سجل الأحداث المالية	Finance/events_list_fin.php	المالية والخزينة	BUSINESS_DEPARTMENT	CONTEXTUAL_READ_ONLY	VALID	CONFIRMED	منظرٌ مرجعيٌّ محدودٌ تحتاجه الإدارةُ لإكمالِ عملِها	7		
440	ادارة الصيانة	DEPARTMENT	المعاملات المالية الواردة	موافقات إدارتي	FinRequests/dept_inbox.php	المالية والخزينة	BUSINESS_DEPARTMENT	DEPT_SELF_VIEW	VALID	CONFIRMED	منظرُ الإدارةِ عن نفسِها — مشترَكٌ بطبيعتِه	11		
441	ادارة الصيانة	DEPARTMENT	الجاهزية التشغيلية	قراءات العدّادات	Equipments/meter_readings.php	إدارة الأسطول	BUSINESS_DEPARTMENT	UNRESOLVED	VALID	PENDING	يلزم قرارُ المالك: منظرٌ مقيَّدٌ أم إزالة	2		
442	ادارة الصيانة	DEPARTMENT	الصيانة الوقائية	خطط الصيانة الوقائية	Maintenance/preventive_plans.php	إدارة الصيانة	BUSINESS_DEPARTMENT	OWNED	VALID	CONFIRMED	أصليةٌ لهذه الإدارة	2		
443	ادارة الصيانة	DEPARTMENT	الصيانة الوقائية	لوحة الإدارة — الصيانة	Maintenance/dashboard_mnt.php	إدارة الصيانة	BUSINESS_DEPARTMENT	OWNED	VALID	CONFIRMED	أصليةٌ لهذه الإدارة	1		
444	ادارة الصيانة	DEPARTMENT	الاستلام والمطابقة	الاستلام المؤقت	Procurement/receipt_custody_proc.php	إدارة المشتريات التشغيلية	BUSINESS_DEPARTMENT	UNRESOLVED	VALID	PENDING	يلزم قرارُ المالك: منظرٌ مقيَّدٌ أم إزالة	4		
445	ادارة الصيانة	DEPARTMENT	التكلفة والإهلاك والهامش	التكاليف والربحية بالمركز	Finance/cost_report_fin.php	المالية والخزينة	BUSINESS_DEPARTMENT	FORBIDDEN	VALID	CONFIRMED	◆ شاشةٌ ماليةٌ أو تجاريةٌ في مساحةِ إدارةٍ لا تملكها — تُزال ويُستبدل بها منظرٌ مقيَّد	6		
446	ادارة الصيانة	DEPARTMENT	البيانات المرجعية والإعدادات	الورش والفنيون	Maintenance/workshop.php	إدارة الصيانة	BUSINESS_DEPARTMENT	OWNED	VALID	CONFIRMED	أصليةٌ لهذه الإدارة	1		
447	ادارة الصيانة	DEPARTMENT	البيانات المرجعية والإعدادات	إعدادات الصيانة	Maintenance/master_data.php	إدارة الصيانة	BUSINESS_DEPARTMENT	OWNED	VALID	CONFIRMED	أصليةٌ لهذه الإدارة	1		
448	ادارة الصيانة	DEPARTMENT	لوحة الإدارة	الرئيسية	main/role_board.php	مساحة العمل الشخصية	BUSINESS_DEPARTMENT	PERSONAL_SPACE	VALID	CONFIRMED	مساحةٌ شخصيةٌ مشتركةٌ فوقَ الإدارات	17		
449	ادارة الصيانة	DEPARTMENT	لوحة الإدارة	المراسلات	chats/index.php	مساحة العمل الشخصية	PLATFORM_SHARED	PERSONAL_SPACE	VALID	CONFIRMED	مساحةٌ شخصيةٌ مشتركةٌ فوقَ الإدارات	17		
450	ادارة الصيانة	DEPARTMENT	استقبال العطل وتشخيصه	تحويل البلاغ وتفريعه لمسارات	Tickets/ticket_workstreams_board.php	مركز البلاغات	BUSINESS_DEPARTMENT	UNRESOLVED	ERROR_SUSPECTED	PENDING	◆ لا تظهر إلا في هذه الإدارةِ ومالكُها غيرُها — يُراجَع المالك	1		
451	ادارة الصيانة	DEPARTMENT	استقبال العطل وتشخيصه	تصنيف الأعطال وأسبابها	Equipments/manage_failure_codes.php	إدارة الأسطول	BUSINESS_DEPARTMENT	CONTEXTUAL_READ_ONLY	VALID	CONFIRMED	منظرٌ مرجعيٌّ محدودٌ تحتاجه الإدارةُ لإكمالِ عملِها	3		
452	ادارة الصيانة	DEPARTMENT	أمر العمل والتكليف	موديلات المعدات ومواصفاتها	Equipments/fleet_models.php	إدارة الأسطول	BUSINESS_DEPARTMENT	UNRESOLVED	VALID	PENDING	يلزم قرارُ المالك: منظرٌ مقيَّدٌ أم إزالة	3		
453	ادارة الصيانة	DEPARTMENT	القطع والمواد	كتالوج الأصناف والقطع الحرجة	Procurement/items_proc.php	إدارة المشتريات التشغيلية	BUSINESS_DEPARTMENT	UNRESOLVED	VALID	PENDING	يلزم قرارُ المالك: منظرٌ مقيَّدٌ أم إزالة	3		
454	ادارة الصيانة	DEPARTMENT	متابعة الصيانة	البلاغات المتكررة وسببها الجذري	Tickets/ticket_recurrence.php	مركز البلاغات	BUSINESS_DEPARTMENT	UNRESOLVED	ERROR_SUSPECTED	PENDING	◆ لا تظهر إلا في هذه الإدارةِ ومالكُها غيرُها — يُراجَع المالك	1		
455	ادارة الصيانة	DEPARTMENT	فريق العمل	إدارة المعاونين	main/project_users.php	مساحة العمل الشخصية	BUSINESS_DEPARTMENT	PERSONAL_SPACE	VALID	CONFIRMED	مساحةٌ شخصيةٌ مشتركةٌ فوقَ الإدارات	16		
456	ادارة الصيانة	DEPARTMENT	العمل اليومي	طلب مالي جديد	FinRequests/request_form.php	المالية والخزينة	BUSINESS_DEPARTMENT	UNRESOLVED	VALID	PENDING	يلزم قرارُ المالك: منظرٌ مقيَّدٌ أم إزالة	10		
457	ادارة الصيانة	DEPARTMENT	العمل اليومي	ميزانية إدارتي	Finance/budget_form_fin.php	المالية والخزينة	BUSINESS_DEPARTMENT	DEPT_SELF_VIEW	VALID	CONFIRMED	منظرُ الإدارةِ عن نفسِها — مشترَكٌ بطبيعتِه	11		
458	ادارة الصيانة	DEPARTMENT	المخاطر	مساحة مخاطر الإدارة	Risk/dept_risk_space.php	إدارة المخاطر المؤسسية	BUSINESS_DEPARTMENT	DEPT_SELF_VIEW	VALID	CONFIRMED	منظرُ الإدارةِ عن نفسِها — مشترَكٌ بطبيعتِه	14		
459	إدارة الصلاحيات	CONTROL	المركز التنفيذي	مهامي	Portal/my_tasks.php	مكتب الرئيس التنفيذي والنواب	PLATFORM_SHARED	CONTROL_OVERSIGHT	VALID	CONFIRMED	جهةٌ رقابيةٌ — قراءةٌ بلا تعديلِ مستندِ المالك	17		
460	إدارة الصلاحيات	CONTROL	المركز التنفيذي	إنجازي	Portal/my_achievement.php	مكتب الرئيس التنفيذي والنواب	PLATFORM_SHARED	CONTROL_OVERSIGHT	VALID	CONFIRMED	جهةٌ رقابيةٌ — قراءةٌ بلا تعديلِ مستندِ المالك	16		
461	إدارة الصلاحيات	CONTROL	المركز التنفيذي	طلباتي	FinRequests/my_requests.php	مكتب الرئيس التنفيذي والنواب	PLATFORM_SHARED	CONTROL_OVERSIGHT	VALID	CONFIRMED	جهةٌ رقابيةٌ — قراءةٌ بلا تعديلِ مستندِ المالك	15		
462	إدارة الصلاحيات	CONTROL	مركز العمل	بوابتي	Portal/my_portal.php	مساحة العمل الشخصية	PLATFORM_SHARED	PERSONAL_SPACE	VALID	CONFIRMED	مساحةٌ شخصيةٌ مشتركةٌ فوقَ الإدارات	16		
463	إدارة الصلاحيات	CONTROL	الاعتمادات الواردة	صندوق ما ينتظر اعتمادي	Finance/approvals_inbox.php	مركز البلاغات	BUSINESS_DEPARTMENT	CONTROL_OVERSIGHT	VALID	CONFIRMED	جهةٌ رقابيةٌ — قراءةٌ بلا تعديلِ مستندِ المالك	13		
464	إدارة الصلاحيات	CONTROL	ملفي الشخصي	مساحة عملي	main/my_workspace.php	مساحة العمل الشخصية	BUSINESS_DEPARTMENT	PERSONAL_SPACE	VALID	CONFIRMED	مساحةٌ شخصيةٌ مشتركةٌ فوقَ الإدارات	16		
465	إدارة الصلاحيات	CONTROL	الظهور وضبط البوابة	صفحات النظام والإدارات	Settings/modules.php	الحوكمة والالتزام	BUSINESS_DEPARTMENT	OWNED	VALID	CONFIRMED	أصليةٌ لهذه الإدارة	1		
466	إدارة الصلاحيات	CONTROL	الظهور وضبط البوابة	مركز التقارير — الحوكمة	emsreports/index.php	الحوكمة والالتزام	BUSINESS_DEPARTMENT	OWNED	VALID	CONFIRMED	أصليةٌ لهذه الإدارة	14		
467	إدارة الصلاحيات	CONTROL	الظهور وضبط البوابة	النظام التصميمي	Governance/design_system.php	الحوكمة والالتزام	BUSINESS_DEPARTMENT	OWNED	VALID	CONFIRMED	أصليةٌ لهذه الإدارة	1		
468	إدارة الصلاحيات	CONTROL	الممولون والتسجيل	علاقات الملكية بين الكيانات	Financing/ownership_links.php	التمويل والملكية	BUSINESS_DEPARTMENT	CONTROL_OVERSIGHT	VALID	CONFIRMED	جهةٌ رقابيةٌ — قراءةٌ بلا تعديلِ مستندِ المالك	2		
469	إدارة الصلاحيات	CONTROL	الهيكل والأدوار	حسابات المستخدمين	main/users.php	الحوكمة والالتزام	BUSINESS_DEPARTMENT	OWNED	VALID	CONFIRMED	أصليةٌ لهذه الإدارة	2		
470	إدارة الصلاحيات	CONTROL	الهيكل والأدوار	الأدوار وقوالب صلاحياتها	Settings/roles.php	الحوكمة والالتزام	BUSINESS_DEPARTMENT	OWNED	VALID	CONFIRMED	أصليةٌ لهذه الإدارة	1		
471	إدارة الصلاحيات	CONTROL	الهيكل والأدوار	حسابات بوابة الأطراف الخارجية	Governance/portal_users.php	الحوكمة والالتزام	BUSINESS_DEPARTMENT	OWNED	VALID	CONFIRMED	أصليةٌ لهذه الإدارة	1		
472	إدارة الصلاحيات	CONTROL	الهيكل والأدوار	الهيكل التنظيمي والمسميات	admin/org_structure.php	الحوكمة والالتزام	BUSINESS_DEPARTMENT	OWNED	VALID	CONFIRMED	أصليةٌ لهذه الإدارة	4		
473	إدارة الصلاحيات	CONTROL	الهيكل والأدوار	التكليفات التنظيمية	admin/org_assignments.php	الحوكمة والالتزام	BUSINESS_DEPARTMENT	OWNED	VALID	CONFIRMED	أصليةٌ لهذه الإدارة	5		
474	إدارة الصلاحيات	CONTROL	القرارات المحجوزة	سجل العقود الموحَّد	Workforce/contract_registry.php	مكتب الرئيس التنفيذي والنواب	BUSINESS_DEPARTMENT	CONTROL_OVERSIGHT	VALID	CONFIRMED	جهةٌ رقابيةٌ — قراءةٌ بلا تعديلِ مستندِ المالك	4		
475	إدارة الصلاحيات	CONTROL	عمليات التمويل	ميزانية إدارتي — التمويل	Finance/budget_dept.php	التمويل والملكية	BUSINESS_DEPARTMENT	DEPT_SELF_VIEW	VALID	CONFIRMED	منظرُ الإدارةِ عن نفسِها — مشترَكٌ بطبيعتِه	14		
476	إدارة الصلاحيات	CONTROL	عمليات التمويل	إنجاز الإدارة	Portal/dept_achievement.php	التمويل والملكية	BUSINESS_DEPARTMENT	DEPT_SELF_VIEW	VALID	CONFIRMED	منظرُ الإدارةِ عن نفسِها — مشترَكٌ بطبيعتِه	15		
477	إدارة الصلاحيات	CONTROL	استقبال البلاغات	أبلغ عن مشكلة من هذه الشاشة	Tickets/ticket_contextual_open.php	مركز البلاغات	BUSINESS_DEPARTMENT	CONTROL_OVERSIGHT	VALID	CONFIRMED	جهةٌ رقابيةٌ — قراءةٌ بلا تعديلِ مستندِ المالك	13		
478	إدارة الصلاحيات	CONTROL	استقبال البلاغات	صندوقُ بلاغاتِ الإدارة	Tickets/tickets_list.php	مركز البلاغات	BUSINESS_DEPARTMENT	CONTROL_OVERSIGHT	VALID	CONFIRMED	جهةٌ رقابيةٌ — قراءةٌ بلا تعديلِ مستندِ المالك	16		
479	إدارة الصلاحيات	CONTROL	المعاملات المالية الواردة	موافقات إدارتي	FinRequests/dept_inbox.php	المالية والخزينة	BUSINESS_DEPARTMENT	DEPT_SELF_VIEW	VALID	CONFIRMED	منظرُ الإدارةِ عن نفسِها — مشترَكٌ بطبيعتِه	11		
480	إدارة الصلاحيات	CONTROL	الكيانات والتراخيص	سجل الأسماء المعتمدة	Governance/canonical_names.php	الحوكمة والالتزام	BUSINESS_DEPARTMENT	OWNED	VALID	CONFIRMED	أصليةٌ لهذه الإدارة	1		
481	إدارة الصلاحيات	CONTROL	الالتزام والامتثال	تصنيف قواعد المنع — الحوكمة — الالتزام والامتثال	Governance/guards.php	الحوكمة والالتزام	BUSINESS_DEPARTMENT	OWNED	VALID	CONFIRMED	أصليةٌ لهذه الإدارة	1		
482	إدارة الصلاحيات	CONTROL	الالتزام والامتثال	سياسات الحقول الحساسة	Governance/sensitive_fields.php	الحوكمة والالتزام	BUSINESS_DEPARTMENT	OWNED	VALID	CONFIRMED	أصليةٌ لهذه الإدارة	1		
483	إدارة الصلاحيات	CONTROL	الالتزام والامتثال	طلبات الاستثناء	Governance/exceptions.php	الحوكمة والالتزام	BUSINESS_DEPARTMENT	OWNED	VALID	CONFIRMED	أصليةٌ لهذه الإدارة	1		
484	إدارة الصلاحيات	CONTROL	الالتزام والامتثال	صلاحية الطوارئ اللحظية (كسر الزجاج)	Governance/break_glass.php	الحوكمة والالتزام	BUSINESS_DEPARTMENT	OWNED	VALID	CONFIRMED	أصليةٌ لهذه الإدارة	1		
485	إدارة الصلاحيات	CONTROL	التدقيق والمراجعة	المحاولات الممنوعة	Governance/guard_denials.php	الحوكمة والالتزام	BUSINESS_DEPARTMENT	OWNED	VALID	CONFIRMED	أصليةٌ لهذه الإدارة	1		
486	إدارة الصلاحيات	CONTROL	التدقيق والمراجعة	دورة المراجعة الدورية للصلاحيات	Governance/access_review.php	الحوكمة والالتزام	BUSINESS_DEPARTMENT	OWNED	VALID	CONFIRMED	أصليةٌ لهذه الإدارة	1		
487	إدارة الصلاحيات	CONTROL	التدقيق والمراجعة	تفسير مصدر الصلاحية	Governance/perm_explain.php	الحوكمة والالتزام	BUSINESS_DEPARTMENT	OWNED	VALID	CONFIRMED	أصليةٌ لهذه الإدارة	1		
488	إدارة الصلاحيات	CONTROL	التدقيق والمراجعة	فصل الواجبات المتعارضة	admin/sec_governance.php	الحوكمة والالتزام	BUSINESS_DEPARTMENT	OWNED	VALID	CONFIRMED	أصليةٌ لهذه الإدارة	1		
489	إدارة الصلاحيات	CONTROL	التدقيق والمراجعة	سجل الأمان	Governance/security_log.php	الحوكمة والالتزام	BUSINESS_DEPARTMENT	OWNED	VALID	CONFIRMED	أصليةٌ لهذه الإدارة	1		
490	إدارة الصلاحيات	CONTROL	التدقيق والمراجعة	سجل التدقيق والاطّلاع	ActivityLogs/activity_logs.php	الحوكمة والالتزام	BUSINESS_DEPARTMENT	OWNED	VALID	CONFIRMED	أصليةٌ لهذه الإدارة	3		
491	إدارة الصلاحيات	CONTROL	الأحداث والمهام الخلفية	صندوق الأحداث الصادر	Governance/bus_outbox.php	الحوكمة والالتزام	BUSINESS_DEPARTMENT	OWNED	VALID	CONFIRMED	أصليةٌ لهذه الإدارة	1		
492	إدارة الصلاحيات	CONTROL	الأحداث والمهام الخلفية	تسليمات الأحداث وحالاتها	Governance/bus_deliveries.php	الحوكمة والالتزام	BUSINESS_DEPARTMENT	OWNED	VALID	CONFIRMED	أصليةٌ لهذه الإدارة	1		
493	إدارة الصلاحيات	CONTROL	الأحداث والمهام الخلفية	لوحة الناقل	Governance/bus_board.php	الحوكمة والالتزام	BUSINESS_DEPARTMENT	OWNED	VALID	CONFIRMED	أصليةٌ لهذه الإدارة	1		
494	إدارة الصلاحيات	CONTROL	الأحداث والمهام الخلفية	طابور المهام	Governance/job_queue.php	الحوكمة والالتزام	BUSINESS_DEPARTMENT	OWNED	VALID	CONFIRMED	أصليةٌ لهذه الإدارة	1		
495	إدارة الصلاحيات	CONTROL	الأحداث والمهام الخلفية	جدولة المهام الدورية	Governance/job_schedule.php	الحوكمة والالتزام	BUSINESS_DEPARTMENT	OWNED	VALID	CONFIRMED	أصليةٌ لهذه الإدارة	1		
496	إدارة الصلاحيات	CONTROL	الأحداث والمهام الخلفية	الاستعادة ومحضرها	Governance/dr_restore.php	الحوكمة والالتزام	BUSINESS_DEPARTMENT	OWNED	VALID	CONFIRMED	أصليةٌ لهذه الإدارة	1		
497	إدارة الصلاحيات	CONTROL	إعدادات النظام وبصمة الإصدار	وضع التأسيس وإغلاقه	Portal/founding_mode.php	مكتب الرئيس التنفيذي والنواب	BUSINESS_DEPARTMENT	CONTROL_OVERSIGHT	VALID	CONFIRMED	جهةٌ رقابيةٌ — قراءةٌ بلا تعديلِ مستندِ المالك	2		
498	إدارة الصلاحيات	CONTROL	إعدادات النظام وبصمة الإصدار	بصمة الإصدار وتقرير النشر	Portal/release_stamp.php	مكتب الرئيس التنفيذي والنواب	BUSINESS_DEPARTMENT	CONTROL_OVERSIGHT	VALID	CONFIRMED	جهةٌ رقابيةٌ — قراءةٌ بلا تعديلِ مستندِ المالك	2		
499	إدارة الصلاحيات	CONTROL	أنواع المستندات وآلات الحالة	سجل أنواع المستندات	Governance/doc_types.php	الحوكمة والالتزام	BUSINESS_DEPARTMENT	OWNED	VALID	CONFIRMED	أصليةٌ لهذه الإدارة	1		
500	إدارة الصلاحيات	CONTROL	أنواع المستندات وآلات الحالة	حالات المستندات وانتقالاتها	Governance/state_machines.php	الحوكمة والالتزام	BUSINESS_DEPARTMENT	OWNED	VALID	CONFIRMED	أصليةٌ لهذه الإدارة	1		
501	إدارة الصلاحيات	CONTROL	أنواع المستندات وآلات الحالة	أنماط تفعيل المزايا	Governance/activation_patterns.php	الحوكمة والالتزام	BUSINESS_DEPARTMENT	OWNED	VALID	CONFIRMED	أصليةٌ لهذه الإدارة	2		
502	إدارة الصلاحيات	CONTROL	الحوكمة والضوابط	مركز الحوكمة التقني	Governance/tech_gov_center.php	الحوكمة والالتزام	BUSINESS_DEPARTMENT	OWNED	VALID	CONFIRMED	أصليةٌ لهذه الإدارة	1		
503	إدارة الصلاحيات	CONTROL	الحوكمة والضوابط	منح الصلاحية	Governance/auth_grants.php	الحوكمة والالتزام	BUSINESS_DEPARTMENT	OWNED	VALID	CONFIRMED	أصليةٌ لهذه الإدارة	1		
504	إدارة الصلاحيات	CONTROL	لوحة الإدارة	الرئيسية	main/role_board.php	مساحة العمل الشخصية	BUSINESS_DEPARTMENT	PERSONAL_SPACE	VALID	CONFIRMED	مساحةٌ شخصيةٌ مشتركةٌ فوقَ الإدارات	17		
505	إدارة الصلاحيات	CONTROL	لوحة الإدارة	المراسلات	chats/index.php	مساحة العمل الشخصية	PLATFORM_SHARED	PERSONAL_SPACE	VALID	CONFIRMED	مساحةٌ شخصيةٌ مشتركةٌ فوقَ الإدارات	17		
506	إدارة الصلاحيات	CONTROL	الكيانات والملكية	سجل الشركات والكيانات	Governance/entities_registry.php	الحوكمة والالتزام	BUSINESS_DEPARTMENT	OWNED	VALID	CONFIRMED	أصليةٌ لهذه الإدارة	3		
507	إدارة الصلاحيات	CONTROL	الكيانات والملكية	التراخيص والكفالات	Governance/licenses_guarantees.php	الحوكمة والالتزام	BUSINESS_DEPARTMENT	OWNED	VALID	CONFIRMED	أصليةٌ لهذه الإدارة	5		
508	إدارة الصلاحيات	CONTROL	التفويض بالتوقيع	التفويض بالتوقيع	Governance/signing_authority.php	الحوكمة والالتزام	BUSINESS_DEPARTMENT	OWNED	VALID	CONFIRMED	أصليةٌ لهذه الإدارة	4		
509	إدارة الصلاحيات	CONTROL	الحسابات والأدوار	المعاونون والنيابة المؤقتة	main/all_assistants.php	مساحة العمل الشخصية	BUSINESS_DEPARTMENT	PERSONAL_SPACE	VALID	CONFIRMED	مساحةٌ شخصيةٌ مشتركةٌ فوقَ الإدارات	1		
510	إدارة الصلاحيات	CONTROL	الظهور والبوابة والصفحات	من يرى ماذا ومكوّنات البوابة	Portal/visibility_keys.php	مساحة العمل الشخصية	BUSINESS_DEPARTMENT	PERSONAL_SPACE	VALID	CONFIRMED	مساحةٌ شخصيةٌ مشتركةٌ فوقَ الإدارات	3		
511	إدارة الصلاحيات	CONTROL	التدقيق والمراجعة	حدود المبالغ	Governance/authority_caps.php	الحوكمة والالتزام	BUSINESS_DEPARTMENT	OWNED	VALID	CONFIRMED	أصليةٌ لهذه الإدارة	2		
512	إدارة الصلاحيات	CONTROL	نراقب الأحداثَ والمهام	قوالب الصلاحيات	Governance/auth_profiles.php	الحوكمة والالتزام	BUSINESS_DEPARTMENT	OWNED	VALID	CONFIRMED	أصليةٌ لهذه الإدارة	1		
513	إدارة الصلاحيات	CONTROL	نراقب الأحداثَ والمهام	جلسات النيابة	Governance/impersonations.php	الحوكمة والالتزام	BUSINESS_DEPARTMENT	OWNED	VALID	CONFIRMED	أصليةٌ لهذه الإدارة	1		
514	إدارة الصلاحيات	CONTROL	فريق العمل	إدارة المعاونين	main/project_users.php	مساحة العمل الشخصية	BUSINESS_DEPARTMENT	PERSONAL_SPACE	VALID	CONFIRMED	مساحةٌ شخصيةٌ مشتركةٌ فوقَ الإدارات	16		
515	إدارة الصلاحيات	CONTROL	العمل اليومي	طلب مالي جديد	FinRequests/request_form.php	المالية والخزينة	BUSINESS_DEPARTMENT	CONTROL_OVERSIGHT	VALID	CONFIRMED	جهةٌ رقابيةٌ — قراءةٌ بلا تعديلِ مستندِ المالك	10		
516	إدارة الصلاحيات	CONTROL	العمل اليومي	ميزانية إدارتي	Finance/budget_form_fin.php	المالية والخزينة	BUSINESS_DEPARTMENT	DEPT_SELF_VIEW	VALID	CONFIRMED	منظرُ الإدارةِ عن نفسِها — مشترَكٌ بطبيعتِه	11		
517	إدارة الصلاحيات	CONTROL	السجلات الرئيسية	معالج إعداد الموظف	admin/sec_employee_wizard.php	الحوكمة والالتزام	BUSINESS_DEPARTMENT	OWNED	VALID	CONFIRMED	أصليةٌ لهذه الإدارة	1		
518	إدارة المشتريات	DEPARTMENT	المركز التنفيذي	مهامي	Portal/my_tasks.php	مكتب الرئيس التنفيذي والنواب	PLATFORM_SHARED	SHARED_WORK_ITEM	VALID	CONFIRMED	مهمةٌ أو اعتمادٌ يصل المستخدمَ من إدارةٍ أخرى	17		
519	إدارة المشتريات	DEPARTMENT	المركز التنفيذي	إنجازي	Portal/my_achievement.php	مكتب الرئيس التنفيذي والنواب	PLATFORM_SHARED	UNRESOLVED	VALID	PENDING	يلزم قرارُ المالك: منظرٌ مقيَّدٌ أم إزالة	16		
520	إدارة المشتريات	DEPARTMENT	المركز التنفيذي	طلباتي	FinRequests/my_requests.php	مكتب الرئيس التنفيذي والنواب	PLATFORM_SHARED	SHARED_WORK_ITEM	VALID	CONFIRMED	مهمةٌ أو اعتمادٌ يصل المستخدمَ من إدارةٍ أخرى	15		
521	إدارة المشتريات	DEPARTMENT	مركز العمل	بوابتي	Portal/my_portal.php	مساحة العمل الشخصية	PLATFORM_SHARED	PERSONAL_SPACE	VALID	CONFIRMED	مساحةٌ شخصيةٌ مشتركةٌ فوقَ الإدارات	16		
522	إدارة المشتريات	DEPARTMENT	الاعتمادات الواردة	صندوق ما ينتظر اعتمادي	Finance/approvals_inbox.php	مركز البلاغات	BUSINESS_DEPARTMENT	SHARED_WORK_ITEM	VALID	CONFIRMED	مهمةٌ أو اعتمادٌ يصل المستخدمَ من إدارةٍ أخرى	13		
523	إدارة المشتريات	DEPARTMENT	ملفي الشخصي	مساحة عملي	main/my_workspace.php	مساحة العمل الشخصية	BUSINESS_DEPARTMENT	PERSONAL_SPACE	VALID	CONFIRMED	مساحةٌ شخصيةٌ مشتركةٌ فوقَ الإدارات	16		
524	إدارة المشتريات	DEPARTMENT	الظهور وضبط البوابة	مركز التقارير — الحوكمة	emsreports/index.php	الحوكمة والالتزام	BUSINESS_DEPARTMENT	UNRESOLVED	VALID	PENDING	يلزم قرارُ المالك: منظرٌ مقيَّدٌ أم إزالة	14		
525	إدارة المشتريات	DEPARTMENT	تسجيل الموردين	سجل الموردين	Suppliers/suppliers.php	إدارة الموردين	BUSINESS_DEPARTMENT	CONTEXTUAL_READ_ONLY	VALID	CONFIRMED	منظرٌ مرجعيٌّ محدودٌ تحتاجه الإدارةُ لإكمالِ عملِها	2		
526	إدارة المشتريات	DEPARTMENT	تسجيل الموردين	طلبات عروض الموردين	Suppliers/rfq_requests.php	إدارة الموردين	BUSINESS_DEPARTMENT	SHARED_WORK_ITEM	VALID	CONFIRMED	مهمةٌ أو اعتمادٌ يصل المستخدمَ من إدارةٍ أخرى	3		
527	إدارة المشتريات	DEPARTMENT	الاستلام	الاستلام المؤقت قبل الإدخال	Procurement/wh_receipt.php	إدارة المخازن	BUSINESS_DEPARTMENT	UNRESOLVED	VALID	PENDING	يلزم قرارُ المالك: منظرٌ مقيَّدٌ أم إزالة	2		
528	إدارة المشتريات	DEPARTMENT	عمليات التمويل	ميزانية إدارتي — التمويل	Finance/budget_dept.php	التمويل والملكية	BUSINESS_DEPARTMENT	DEPT_SELF_VIEW	VALID	CONFIRMED	منظرُ الإدارةِ عن نفسِها — مشترَكٌ بطبيعتِه	14		
529	إدارة المشتريات	DEPARTMENT	عمليات التمويل	إنجاز الإدارة	Portal/dept_achievement.php	التمويل والملكية	BUSINESS_DEPARTMENT	DEPT_SELF_VIEW	VALID	CONFIRMED	منظرُ الإدارةِ عن نفسِها — مشترَكٌ بطبيعتِه	15		
530	إدارة المشتريات	DEPARTMENT	استقبال البلاغات	أبلغ عن مشكلة من هذه الشاشة	Tickets/ticket_contextual_open.php	مركز البلاغات	BUSINESS_DEPARTMENT	UNRESOLVED	VALID	PENDING	يلزم قرارُ المالك: منظرٌ مقيَّدٌ أم إزالة	13		
531	إدارة المشتريات	DEPARTMENT	استقبال البلاغات	صندوقُ بلاغاتِ الإدارة	Tickets/tickets_list.php	مركز البلاغات	BUSINESS_DEPARTMENT	SHARED_WORK_ITEM	VALID	CONFIRMED	مهمةٌ أو اعتمادٌ يصل المستخدمَ من إدارةٍ أخرى	16		
532	إدارة المشتريات	DEPARTMENT	الطلبات وحدود المخزون	طلبات الشراء	Procurement/requests_proc.php	إدارة المشتريات التشغيلية	BUSINESS_DEPARTMENT	OWNED	VALID	CONFIRMED	أصليةٌ لهذه الإدارة	5		
533	إدارة المشتريات	DEPARTMENT	الطلبات وحدود المخزون	أرصدة المخزون بحالاتها	Procurement/stock_proc.php	إدارة المشتريات التشغيلية	BUSINESS_DEPARTMENT	OWNED	VALID	CONFIRMED	أصليةٌ لهذه الإدارة	6		
534	إدارة المشتريات	DEPARTMENT	الطلبات وحدود المخزون	أوامر الشراء	Procurement/orders_proc.php	إدارة المشتريات التشغيلية	BUSINESS_DEPARTMENT	OWNED	VALID	CONFIRMED	أصليةٌ لهذه الإدارة	2		
535	إدارة المشتريات	DEPARTMENT	الطلبات وحدود المخزون	صرف مواد من المخزن	Procurement/issue_proc.php	إدارة المشتريات التشغيلية	BUSINESS_DEPARTMENT	OWNED	VALID	CONFIRMED	أصليةٌ لهذه الإدارة	5		
536	إدارة المشتريات	DEPARTMENT	المعاملات المالية الواردة	سجل الأحداث المالية	Finance/events_list_fin.php	المالية والخزينة	BUSINESS_DEPARTMENT	CONTEXTUAL_READ_ONLY	VALID	CONFIRMED	منظرٌ مرجعيٌّ محدودٌ تحتاجه الإدارةُ لإكمالِ عملِها	7		
537	إدارة المشتريات	DEPARTMENT	المعاملات المالية الواردة	موافقات إدارتي	FinRequests/dept_inbox.php	المالية والخزينة	BUSINESS_DEPARTMENT	DEPT_SELF_VIEW	VALID	CONFIRMED	منظرُ الإدارةِ عن نفسِها — مشترَكٌ بطبيعتِه	11		
538	إدارة المشتريات	DEPARTMENT	طلبات العروض	طلب العروض ومقارنتها	Procurement/rfq_compare_award.php	إدارة المشتريات التشغيلية	BUSINESS_DEPARTMENT	OWNED	VALID	CONFIRMED	أصليةٌ لهذه الإدارة	2		
539	إدارة المشتريات	DEPARTMENT	الاستلام والمطابقة	مطابقة الفاتورة بالأمر والاستلام	Procurement/po_match.php	إدارة المشتريات التشغيلية	BUSINESS_DEPARTMENT	OWNED	VALID	CONFIRMED	أصليةٌ لهذه الإدارة	1		
540	إدارة المشتريات	DEPARTMENT	الاستلام والمطابقة	الاستلام المؤقت	Procurement/receipt_custody_proc.php	إدارة المشتريات التشغيلية	BUSINESS_DEPARTMENT	OWNED	VALID	CONFIRMED	أصليةٌ لهذه الإدارة	4		
541	إدارة المشتريات	DEPARTMENT	الخزينة والبنوك	طلبات الدفع والسداد	Finance/payments_fin.php	المالية والخزينة	BUSINESS_DEPARTMENT	FORBIDDEN	VALID	CONFIRMED	◆ شاشةٌ ماليةٌ أو تجاريةٌ في مساحةِ إدارةٍ لا تملكها — تُزال ويُستبدل بها منظرٌ مقيَّد	7		
542	إدارة المشتريات	DEPARTMENT	لوحة الإدارة	الرئيسية	main/role_board.php	مساحة العمل الشخصية	BUSINESS_DEPARTMENT	PERSONAL_SPACE	VALID	CONFIRMED	مساحةٌ شخصيةٌ مشتركةٌ فوقَ الإدارات	17		
543	إدارة المشتريات	DEPARTMENT	لوحة الإدارة	المراسلات	chats/index.php	مساحة العمل الشخصية	PLATFORM_SHARED	PERSONAL_SPACE	VALID	CONFIRMED	مساحةٌ شخصيةٌ مشتركةٌ فوقَ الإدارات	17		
544	إدارة المشتريات	DEPARTMENT	استقبال الاحتياج	كتالوج الأصناف والقطع الحرجة	Procurement/items_proc.php	إدارة المشتريات التشغيلية	BUSINESS_DEPARTMENT	OWNED	VALID	CONFIRMED	أصليةٌ لهذه الإدارة	3		
545	إدارة المشتريات	DEPARTMENT	فريق العمل	إدارة المعاونين	main/project_users.php	مساحة العمل الشخصية	BUSINESS_DEPARTMENT	PERSONAL_SPACE	VALID	CONFIRMED	مساحةٌ شخصيةٌ مشتركةٌ فوقَ الإدارات	16		
546	إدارة المشتريات	DEPARTMENT	العمل اليومي	لوحة الإدارة	Procurement/dashboard_proc.php	إدارة المشتريات التشغيلية	BUSINESS_DEPARTMENT	OWNED	VALID	CONFIRMED	أصليةٌ لهذه الإدارة	1		
547	إدارة المشتريات	DEPARTMENT	العمل اليومي	حدود إعادة الطلب	Procurement/reordering_proc.php	إدارة المشتريات التشغيلية	BUSINESS_DEPARTMENT	OWNED	VALID	CONFIRMED	أصليةٌ لهذه الإدارة	2		
548	إدارة المشتريات	DEPARTMENT	العمل اليومي	موردو المشتريات	Procurement/suppliers_proc.php	إدارة المشتريات التشغيلية	BUSINESS_DEPARTMENT	OWNED	VALID	CONFIRMED	أصليةٌ لهذه الإدارة	1		
549	إدارة المشتريات	DEPARTMENT	العمل اليومي	البيانات المرجعية	Procurement/master_data_proc.php	إدارة المشتريات التشغيلية	BUSINESS_DEPARTMENT	OWNED	VALID	CONFIRMED	أصليةٌ لهذه الإدارة	2		
550	إدارة المشتريات	DEPARTMENT	العمل اليومي	ميزانية إدارتي	Finance/budget_form_fin.php	المالية والخزينة	BUSINESS_DEPARTMENT	DEPT_SELF_VIEW	VALID	CONFIRMED	منظرُ الإدارةِ عن نفسِها — مشترَكٌ بطبيعتِه	11		
551	إدارة المشتريات	DEPARTMENT	العمل اليومي	طلب مالي جديد	FinRequests/request_form.php	المالية والخزينة	BUSINESS_DEPARTMENT	UNRESOLVED	VALID	PENDING	يلزم قرارُ المالك: منظرٌ مقيَّدٌ أم إزالة	10		
552	إدارة المشتريات	DEPARTMENT	المخاطر	مساحة مخاطر الإدارة	Risk/dept_risk_space.php	إدارة المخاطر المؤسسية	BUSINESS_DEPARTMENT	DEPT_SELF_VIEW	VALID	CONFIRMED	منظرُ الإدارةِ عن نفسِها — مشترَكٌ بطبيعتِه	14		
553	إدارة المالية	DEPARTMENT	المركز التنفيذي	مهامي	Portal/my_tasks.php	مكتب الرئيس التنفيذي والنواب	PLATFORM_SHARED	SHARED_WORK_ITEM	VALID	CONFIRMED	مهمةٌ أو اعتمادٌ يصل المستخدمَ من إدارةٍ أخرى	17		
554	إدارة المالية	DEPARTMENT	المركز التنفيذي	إنجازي	Portal/my_achievement.php	مكتب الرئيس التنفيذي والنواب	PLATFORM_SHARED	UNRESOLVED	VALID	PENDING	يلزم قرارُ المالك: منظرٌ مقيَّدٌ أم إزالة	16		
555	إدارة المالية	DEPARTMENT	المركز التنفيذي	طلباتي	FinRequests/my_requests.php	مكتب الرئيس التنفيذي والنواب	PLATFORM_SHARED	SHARED_WORK_ITEM	VALID	CONFIRMED	مهمةٌ أو اعتمادٌ يصل المستخدمَ من إدارةٍ أخرى	15		
556	إدارة المالية	DEPARTMENT	مركز العمل	بوابتي	Portal/my_portal.php	مساحة العمل الشخصية	PLATFORM_SHARED	PERSONAL_SPACE	VALID	CONFIRMED	مساحةٌ شخصيةٌ مشتركةٌ فوقَ الإدارات	16		
557	إدارة المالية	DEPARTMENT	الاعتمادات الواردة	صندوق ما ينتظر اعتمادي	Finance/approvals_inbox.php	مركز البلاغات	BUSINESS_DEPARTMENT	SHARED_WORK_ITEM	VALID	CONFIRMED	مهمةٌ أو اعتمادٌ يصل المستخدمَ من إدارةٍ أخرى	13		
558	إدارة المالية	DEPARTMENT	الاعتمادات الواردة	تسجيل التايم شيت والإنتاج — الموقع	Timesheet/timesheet.php	إدارة الموقع	BUSINESS_DEPARTMENT	UNRESOLVED	VALID	PENDING	يلزم قرارُ المالك: منظرٌ مقيَّدٌ أم إزالة	9		
559	إدارة المالية	DEPARTMENT	ملفي الشخصي	مساحة عملي	main/my_workspace.php	مساحة العمل الشخصية	BUSINESS_DEPARTMENT	PERSONAL_SPACE	VALID	CONFIRMED	مساحةٌ شخصيةٌ مشتركةٌ فوقَ الإدارات	16		
560	إدارة المالية	DEPARTMENT	الظهور وضبط البوابة	مركز التقارير — الحوكمة	emsreports/index.php	الحوكمة والالتزام	BUSINESS_DEPARTMENT	UNRESOLVED	VALID	PENDING	يلزم قرارُ المالك: منظرٌ مقيَّدٌ أم إزالة	14		
561	إدارة المالية	DEPARTMENT	العملاء والفرص	ذمم العملاء وأعمارها	Contracts/collections.php	المبيعات والعقود	BUSINESS_DEPARTMENT	FORBIDDEN	VALID	CONFIRMED	◆ شاشةٌ ماليةٌ أو تجاريةٌ في مساحةِ إدارةٍ لا تملكها — تُزال ويُستبدل بها منظرٌ مقيَّد	2		
562	إدارة المالية	DEPARTMENT	العملاء والفرص	بنود عقد العميل وقيمته	Contracts/contract_lines.php	المبيعات والعقود	BUSINESS_DEPARTMENT	UNRESOLVED	VALID	PENDING	يلزم قرارُ المالك: منظرٌ مقيَّدٌ أم إزالة	2		
563	إدارة المالية	DEPARTMENT	تسجيل الموردين	تسويات ومستحقات الموردين	Suppliers/settlements.php	إدارة الموردين	BUSINESS_DEPARTMENT	UNRESOLVED	VALID	PENDING	يلزم قرارُ المالك: منظرٌ مقيَّدٌ أم إزالة	3		
564	إدارة المالية	DEPARTMENT	تسجيل الموردين	بنود عقد المورد	Suppliers/supplier_contract_lines.php	إدارة الموردين	BUSINESS_DEPARTMENT	UNRESOLVED	VALID	PENDING	يلزم قرارُ المالك: منظرٌ مقيَّدٌ أم إزالة	2		
565	إدارة المالية	DEPARTMENT	تسجيل الموردين	وثائق المورد وحسابه البنكي	Suppliers/supplier_documents.php	إدارة الموردين	BUSINESS_DEPARTMENT	CONTEXTUAL_READ_ONLY	VALID	CONFIRMED	منظرٌ مرجعيٌّ محدودٌ تحتاجه الإدارةُ لإكمالِ عملِها	2		
566	إدارة المالية	DEPARTMENT	تسجيل الموردين	طلبات عروض الموردين	Suppliers/rfq_requests.php	إدارة الموردين	BUSINESS_DEPARTMENT	SHARED_WORK_ITEM	VALID	CONFIRMED	مهمةٌ أو اعتمادٌ يصل المستخدمَ من إدارةٍ أخرى	3		
567	إدارة المالية	DEPARTMENT	طلبات النقل	إقفال الأمر وتحميل تكلفته	Transport/transfer_close_cost.php	النقل والترحيل	BUSINESS_DEPARTMENT	UNRESOLVED	VALID	PENDING	يلزم قرارُ المالك: منظرٌ مقيَّدٌ أم إزالة	2		
568	إدارة المالية	DEPARTMENT	التأهيل والقدرة	طاقة المورد وجاهزيته ومهلة الإحلال	Suppliers/supplier_capacity.php	إدارة الموردين	BUSINESS_DEPARTMENT	UNRESOLVED	VALID	PENDING	يلزم قرارُ المالك: منظرٌ مقيَّدٌ أم إزالة	2		
569	إدارة المالية	DEPARTMENT	عمليات التمويل	ميزانية إدارتي — التمويل	Finance/budget_dept.php	التمويل والملكية	BUSINESS_DEPARTMENT	DEPT_SELF_VIEW	VALID	CONFIRMED	منظرُ الإدارةِ عن نفسِها — مشترَكٌ بطبيعتِه	14		
570	إدارة المالية	DEPARTMENT	عمليات التمويل	إنجاز الإدارة	Portal/dept_achievement.php	التمويل والملكية	BUSINESS_DEPARTMENT	DEPT_SELF_VIEW	VALID	CONFIRMED	منظرُ الإدارةِ عن نفسِها — مشترَكٌ بطبيعتِه	15		
571	إدارة المالية	DEPARTMENT	التنفيذ والإقفال	أوامر الصيانة	Maintenance/orders.php	إدارة الصيانة	BUSINESS_DEPARTMENT	UNRESOLVED	VALID	PENDING	يلزم قرارُ المالك: منظرٌ مقيَّدٌ أم إزالة	6		
572	إدارة المالية	DEPARTMENT	العقود	عقود العملاء	Contracts/contracts.php	المبيعات والعقود	BUSINESS_DEPARTMENT	UNRESOLVED	VALID	PENDING	يلزم قرارُ المالك: منظرٌ مقيَّدٌ أم إزالة	5		
573	إدارة المالية	DEPARTMENT	العقود	الجزاءات والحوافز التعاقدية	Contracts/penalties.php	المبيعات والعقود	BUSINESS_DEPARTMENT	UNRESOLVED	VALID	PENDING	يلزم قرارُ المالك: منظرٌ مقيَّدٌ أم إزالة	4		
574	إدارة المالية	DEPARTMENT	العقود	أحكام العقد — العملات والمقدم والمهل	Contracts/contract_card.php	المبيعات والعقود	BUSINESS_DEPARTMENT	UNRESOLVED	VALID	PENDING	يلزم قرارُ المالك: منظرٌ مقيَّدٌ أم إزالة	2		
575	إدارة المالية	DEPARTMENT	العقود	مصفوفة التزامات العقد	Contracts/contract_obligations.php	المبيعات والعقود	BUSINESS_DEPARTMENT	UNRESOLVED	VALID	PENDING	يلزم قرارُ المالك: منظرٌ مقيَّدٌ أم إزالة	3		
576	إدارة المالية	DEPARTMENT	العقود	خط أساس العقد	Contracts/contract_baseline.php	المبيعات والعقود	BUSINESS_DEPARTMENT	UNRESOLVED	VALID	PENDING	يلزم قرارُ المالك: منظرٌ مقيَّدٌ أم إزالة	2		
577	إدارة المالية	DEPARTMENT	العقود	اقتصاد دورة حياة العقد	Contracts/contract_lifecycle.php	المبيعات والعقود	BUSINESS_DEPARTMENT	UNRESOLVED	VALID	PENDING	يلزم قرارُ المالك: منظرٌ مقيَّدٌ أم إزالة	2		
578	إدارة المالية	DEPARTMENT	العقود والحصص	قواعد التحميل والجزاءات على المورد	Suppliers/supplier_rules.php	إدارة الموردين	BUSINESS_DEPARTMENT	UNRESOLVED	VALID	PENDING	يلزم قرارُ المالك: منظرٌ مقيَّدٌ أم إزالة	2		
579	إدارة المالية	DEPARTMENT	التأسيس والهيكل المؤسسي	الموازنة العامة	Finance/budget_master.php	مكتب الرئيس التنفيذي والنواب	BUSINESS_DEPARTMENT	UNRESOLVED	VALID	PENDING	يلزم قرارُ المالك: منظرٌ مقيَّدٌ أم إزالة	2		
580	إدارة المالية	DEPARTMENT	المعاملات المالية الواردة	سجل الالتزامات	Finance/ob_register.php	المالية والخزينة	BUSINESS_DEPARTMENT	OWNED	VALID	CONFIRMED	أصليةٌ لهذه الإدارة	2		
581	إدارة المالية	DEPARTMENT	المعاملات المالية الواردة	جدول الاستحقاقات	Finance/ob_schedule.php	المالية والخزينة	BUSINESS_DEPARTMENT	OWNED	VALID	CONFIRMED	أصليةٌ لهذه الإدارة	2		
582	إدارة المالية	DEPARTMENT	المعاملات المالية الواردة	الملتزَم به وأثره في الموازنة	Finance/ob_commitments.php	المالية والخزينة	BUSINESS_DEPARTMENT	OWNED	VALID	CONFIRMED	أصليةٌ لهذه الإدارة	2		
583	إدارة المالية	DEPARTMENT	المعاملات المالية الواردة	المستحق قريبًا والتذكيرات	Finance/ob_due_soon.php	المالية والخزينة	BUSINESS_DEPARTMENT	OWNED	VALID	CONFIRMED	أصليةٌ لهذه الإدارة	2		
584	إدارة المالية	DEPARTMENT	المعاملات المالية الواردة	الالتزامات المتأخرة والذمم الدائنة	Finance/ob_overdue.php	المالية والخزينة	BUSINESS_DEPARTMENT	OWNED	VALID	CONFIRMED	أصليةٌ لهذه الإدارة	2		
585	إدارة المالية	DEPARTMENT	المعاملات المالية الواردة	آفاق الالتزامات الثلاثة	Finance/ob_horizon.php	المالية والخزينة	BUSINESS_DEPARTMENT	OWNED	VALID	CONFIRMED	أصليةٌ لهذه الإدارة	2		
586	إدارة المالية	DEPARTMENT	المعاملات المالية الواردة	الالتزامات المحتملة والإفصاح	Finance/ob_contingent.php	المالية والخزينة	BUSINESS_DEPARTMENT	OWNED	VALID	CONFIRMED	أصليةٌ لهذه الإدارة	2		
587	إدارة المالية	DEPARTMENT	المعاملات المالية الواردة	سجل الأحداث المالية	Finance/events_list_fin.php	المالية والخزينة	BUSINESS_DEPARTMENT	OWNED	VALID	CONFIRMED	أصليةٌ لهذه الإدارة	7		
588	إدارة المالية	DEPARTMENT	المعاملات المالية الواردة	الطلبات المالية	FinRequests/finance_gateway.php	المالية والخزينة	BUSINESS_DEPARTMENT	OWNED	VALID	CONFIRMED	أصليةٌ لهذه الإدارة	1		
589	إدارة المالية	DEPARTMENT	المعاملات المالية الواردة	تقارير الطلبات المالية	FinRequests/requests_reports.php	المالية والخزينة	BUSINESS_DEPARTMENT	OWNED	VALID	CONFIRMED	أصليةٌ لهذه الإدارة	1		
590	إدارة المالية	DEPARTMENT	المعاملات المالية الواردة	موافقات إدارتي	FinRequests/dept_inbox.php	المالية والخزينة	BUSINESS_DEPARTMENT	OWNED	VALID	CONFIRMED	أصليةٌ لهذه الإدارة	11		
591	إدارة المالية	DEPARTMENT	استقبال البلاغات	أبلغ عن مشكلة من هذه الشاشة	Tickets/ticket_contextual_open.php	مركز البلاغات	BUSINESS_DEPARTMENT	UNRESOLVED	VALID	PENDING	يلزم قرارُ المالك: منظرٌ مقيَّدٌ أم إزالة	13		
592	إدارة المالية	DEPARTMENT	استقبال البلاغات	صندوقُ بلاغاتِ الإدارة	Tickets/tickets_list.php	مركز البلاغات	BUSINESS_DEPARTMENT	SHARED_WORK_ITEM	VALID	CONFIRMED	مهمةٌ أو اعتمادٌ يصل المستخدمَ من إدارةٍ أخرى	16		
593	إدارة المالية	DEPARTMENT	الطلبات وحدود المخزون	صرف مواد من المخزن	Procurement/issue_proc.php	إدارة المشتريات التشغيلية	BUSINESS_DEPARTMENT	UNRESOLVED	VALID	PENDING	يلزم قرارُ المالك: منظرٌ مقيَّدٌ أم إزالة	5		
594	إدارة المالية	DEPARTMENT	الطلبات وحدود المخزون	أرصدة المخزون بحالاتها	Procurement/stock_proc.php	إدارة المشتريات التشغيلية	BUSINESS_DEPARTMENT	UNRESOLVED	VALID	PENDING	يلزم قرارُ المالك: منظرٌ مقيَّدٌ أم إزالة	6		
595	إدارة المالية	DEPARTMENT	الاستحقاق وأحكام الأطراف	فحص شروط الاستحقاق	Finance/entitlement_gate.php	المالية والخزينة	BUSINESS_DEPARTMENT	OWNED	VALID	CONFIRMED	أصليةٌ لهذه الإدارة	2		
596	إدارة المالية	DEPARTMENT	الاستحقاق وأحكام الأطراف	توليد المستحق من العمل المعتمد	Finance/entitlement.php	المالية والخزينة	BUSINESS_DEPARTMENT	OWNED	VALID	CONFIRMED	أصليةٌ لهذه الإدارة	2		
597	إدارة المالية	DEPARTMENT	الاستحقاق وأحكام الأطراف	قواعد توجيه الطلبات المالية	FinRequests/routing_admin.php	المالية والخزينة	BUSINESS_DEPARTMENT	OWNED	VALID	CONFIRMED	أصليةٌ لهذه الإدارة	1		
598	إدارة المالية	DEPARTMENT	الاستحقاق وأحكام الأطراف	زمن دورة الطلبات	FinRequests/cycle_time_board.php	المالية والخزينة	BUSINESS_DEPARTMENT	OWNED	VALID	CONFIRMED	أصليةٌ لهذه الإدارة	1		
599	إدارة المالية	DEPARTMENT	المستخلصات والفوترة والتحصيل	المستخلصات والمطالبات	Contracts/claims.php	المبيعات والعقود	BUSINESS_DEPARTMENT	UNRESOLVED	VALID	PENDING	يلزم قرارُ المالك: منظرٌ مقيَّدٌ أم إزالة	3		
600	إدارة المالية	DEPARTMENT	التسويات والصرف	سلفيات الموردين	Suppliers/supplier_advances.php	إدارة الموردين	BUSINESS_DEPARTMENT	UNRESOLVED	VALID	PENDING	يلزم قرارُ المالك: منظرٌ مقيَّدٌ أم إزالة	2		
601	إدارة المالية	DEPARTMENT	الالتزام والامتثال	لوحة الإسناد اليومي	Approvals/attribution_board.php	الحوكمة والالتزام	BUSINESS_DEPARTMENT	UNRESOLVED	VALID	PENDING	يلزم قرارُ المالك: منظرٌ مقيَّدٌ أم إزالة	3		
602	إدارة المالية	DEPARTMENT	تقييم الأداء والإنهاء	تقييم المورد الدوري	Suppliers/supplier_evaluation.php	إدارة الموردين	BUSINESS_DEPARTMENT	UNRESOLVED	VALID	PENDING	يلزم قرارُ المالك: منظرٌ مقيَّدٌ أم إزالة	2		
603	إدارة المالية	DEPARTMENT	تقييم الأداء والإنهاء	تصفية إنهاء عقد مورد	Suppliers/supplier_closure.php	إدارة الموردين	BUSINESS_DEPARTMENT	UNRESOLVED	VALID	PENDING	يلزم قرارُ المالك: منظرٌ مقيَّدٌ أم إزالة	2		
604	إدارة المالية	DEPARTMENT	الخزينة والبنوك	طلبات الدفع والسداد	Finance/payments_fin.php	المالية والخزينة	BUSINESS_DEPARTMENT	OWNED	VALID	CONFIRMED	أصليةٌ لهذه الإدارة	7		
605	إدارة المالية	DEPARTMENT	الخزينة والبنوك	ذمم الموردين والمستحقات	Finance/dues_fin.php	المالية والخزينة	BUSINESS_DEPARTMENT	OWNED	VALID	CONFIRMED	أصليةٌ لهذه الإدارة	4		
606	إدارة المالية	DEPARTMENT	الخزينة والبنوك	المطابقة البنكية	Finance/bank_reconciliation_fin.php	المالية والخزينة	BUSINESS_DEPARTMENT	OWNED	VALID	CONFIRMED	أصليةٌ لهذه الإدارة	1		
607	إدارة المالية	DEPARTMENT	الخزينة والبنوك	التدفق النقدي والتنبؤ	Finance/cash_forecast_fin.php	المالية والخزينة	BUSINESS_DEPARTMENT	OWNED	VALID	CONFIRMED	أصليةٌ لهذه الإدارة	1		
608	إدارة المالية	DEPARTMENT	إنهاء الخدمة	تصفية إنهاء خدمة موظف	Workforce/final_settlement.php	الموارد البشرية	BUSINESS_DEPARTMENT	UNRESOLVED	VALID	PENDING	يلزم قرارُ المالك: منظرٌ مقيَّدٌ أم إزالة	2		
609	إدارة المالية	DEPARTMENT	الانحرافات وإقفال الفترة	الإقفال الشهري للوحدة	Operations/monthly_close.php	إدارة التشغيل	BUSINESS_DEPARTMENT	UNRESOLVED	VALID	PENDING	يلزم قرارُ المالك: منظرٌ مقيَّدٌ أم إزالة	3		
610	إدارة المالية	DEPARTMENT	المستخلصات والذمم	كشف حساب العميل	Contracts/client_statement.php	المالية والخزينة	BUSINESS_DEPARTMENT	OWNED	VALID	CONFIRMED	أصليةٌ لهذه الإدارة	2		
611	إدارة المالية	DEPARTMENT	التكلفة والإهلاك والهامش	الإهلاك والقيمة الدفترية	Finance/assets_fin.php	المالية والخزينة	BUSINESS_DEPARTMENT	OWNED	VALID	CONFIRMED	أصليةٌ لهذه الإدارة	3		
612	إدارة المالية	DEPARTMENT	التكلفة والإهلاك والهامش	دليل الحسابات ومراكز التكلفة	Finance/management_accounting_fin.php	المالية والخزينة	BUSINESS_DEPARTMENT	OWNED	VALID	CONFIRMED	أصليةٌ لهذه الإدارة	1		
613	إدارة المالية	DEPARTMENT	التكلفة والإهلاك والهامش	التكاليف والربحية بالمركز	Finance/cost_report_fin.php	المالية والخزينة	BUSINESS_DEPARTMENT	OWNED	VALID	CONFIRMED	أصليةٌ لهذه الإدارة	6		
614	إدارة المالية	DEPARTMENT	التكلفة والإهلاك والهامش	متابعة انحراف المنفَّذ عن المخطط	Finance/variance_monitor_fin.php	المالية والخزينة	BUSINESS_DEPARTMENT	OWNED	VALID	CONFIRMED	أصليةٌ لهذه الإدارة	3		
615	إدارة المالية	DEPARTMENT	التكلفة والإهلاك والهامش	استقبال معاملات الإدارات	Finance/import_events_fin.php	المالية والخزينة	BUSINESS_DEPARTMENT	OWNED	VALID	CONFIRMED	أصليةٌ لهذه الإدارة	1		
616	إدارة المالية	DEPARTMENT	التكلفة والإهلاك والهامش	التمويل والالتزامات	Finance/funding_fin.php	المالية والخزينة	BUSINESS_DEPARTMENT	OWNED	VALID	CONFIRMED	أصليةٌ لهذه الإدارة	1		
617	إدارة المالية	DEPARTMENT	إقفال الفترة	مهام المحاسب اليومية	FinRequests/accountant_desk.php	المالية والخزينة	BUSINESS_DEPARTMENT	OWNED	VALID	CONFIRMED	أصليةٌ لهذه الإدارة	1		
618	إدارة المالية	DEPARTMENT	إقفال الفترة	الفاتورة الضريبية والإقرارات	Contracts/tax_invoices.php	المالية والخزينة	BUSINESS_DEPARTMENT	OWNED	VALID	CONFIRMED	أصليةٌ لهذه الإدارة	2		
619	إدارة المالية	DEPARTMENT	إقفال الفترة	القيود اليومية	Finance/journal_form_fin.php	المالية والخزينة	BUSINESS_DEPARTMENT	OWNED	VALID	CONFIRMED	أصليةٌ لهذه الإدارة	1		
620	إدارة المالية	DEPARTMENT	إقفال الفترة	إقفال الفترة المحاسبية	Finance/periods_fin.php	المالية والخزينة	BUSINESS_DEPARTMENT	OWNED	VALID	CONFIRMED	أصليةٌ لهذه الإدارة	1		
621	إدارة المالية	DEPARTMENT	إقفال الفترة	القوائم المالية	Finance/financial_statements_fin.php	المالية والخزينة	BUSINESS_DEPARTMENT	OWNED	VALID	CONFIRMED	أصليةٌ لهذه الإدارة	2		
622	إدارة المالية	DEPARTMENT	إقفال الفترة	الضرائب والقيمة المضافة	Finance/tax_fin.php	المالية والخزينة	BUSINESS_DEPARTMENT	OWNED	VALID	CONFIRMED	أصليةٌ لهذه الإدارة	1		
623	إدارة المالية	DEPARTMENT	إقفال الفترة	الدوريات المالية	Finance/periodic_events_fin.php	المالية والخزينة	BUSINESS_DEPARTMENT	OWNED	VALID	CONFIRMED	أصليةٌ لهذه الإدارة	1		
624	إدارة المالية	DEPARTMENT	الممولون والتسجيل	توزيع تكلفة التمويل على المشاريع	Financing/cost_allocation.php	التمويل والملكية	BUSINESS_DEPARTMENT	FORBIDDEN	VALID	CONFIRMED	◆ شاشةٌ ماليةٌ أو تجاريةٌ في مساحةِ إدارةٍ لا تملكها — تُزال ويُستبدل بها منظرٌ مقيَّد	2		
625	إدارة المالية	DEPARTMENT	التنفيذ التعاقدي	ربط الخطة بالفعلي	Contracts/plan_actual_link.php	المبيعات والعقود	BUSINESS_DEPARTMENT	UNRESOLVED	VALID	PENDING	يلزم قرارُ المالك: منظرٌ مقيَّدٌ أم إزالة	2		
626	إدارة المالية	DEPARTMENT	القوائم المالية	اللوحة التنفيذية	Finance/executive_dashboard_fin.php	المالية والخزينة	BUSINESS_DEPARTMENT	OWNED	VALID	CONFIRMED	أصليةٌ لهذه الإدارة	1		
627	إدارة المالية	DEPARTMENT	سجل الحركة المالية	تتبّع الأثر من الواقعة إلى القيد	FinRequests/effect_map.php	المالية والخزينة	BUSINESS_DEPARTMENT	OWNED	VALID	CONFIRMED	أصليةٌ لهذه الإدارة	1		
628	إدارة المالية	DEPARTMENT	سجل الحركة المالية	المحاسبون والوحدات	Finance/accountants_fin.php	المالية والخزينة	BUSINESS_DEPARTMENT	OWNED	VALID	CONFIRMED	أصليةٌ لهذه الإدارة	1		
629	إدارة المالية	DEPARTMENT	لوحة الإدارة	الرئيسية	main/role_board.php	مساحة العمل الشخصية	BUSINESS_DEPARTMENT	PERSONAL_SPACE	VALID	CONFIRMED	مساحةٌ شخصيةٌ مشتركةٌ فوقَ الإدارات	17		
630	إدارة المالية	DEPARTMENT	لوحة الإدارة	المراسلات	chats/index.php	مساحة العمل الشخصية	PLATFORM_SHARED	PERSONAL_SPACE	VALID	CONFIRMED	مساحةٌ شخصيةٌ مشتركةٌ فوقَ الإدارات	17		
631	إدارة المالية	DEPARTMENT	المصروف والدفع	كشف حساب المورد الشهري	Finance/supplier_statement_fin.php	المالية والخزينة	BUSINESS_DEPARTMENT	OWNED	VALID	CONFIRMED	أصليةٌ لهذه الإدارة	2		
632	إدارة المالية	DEPARTMENT	المصروف والدفع	مسيّر الرواتب	Workforce/payroll_runs.php	القوى التشغيلية	BUSINESS_DEPARTMENT	UNRESOLVED	VALID	PENDING	يلزم قرارُ المالك: منظرٌ مقيَّدٌ أم إزالة	2		
633	إدارة المالية	DEPARTMENT	الخزينة والمطابقة	الخزينة والصناديق	Finance/accounts_fin.php	المالية والخزينة	BUSINESS_DEPARTMENT	OWNED	VALID	CONFIRMED	أصليةٌ لهذه الإدارة	1		
634	إدارة المالية	DEPARTMENT	الخزينة والمطابقة	أسعار الصرف	Finance/currencies_fin.php	المالية والخزينة	BUSINESS_DEPARTMENT	OWNED	VALID	CONFIRMED	أصليةٌ لهذه الإدارة	2		
635	إدارة المالية	DEPARTMENT	الإقفال والموازنة	مخصص الصيانة والعمرات	Finance/maintenance_provision_fin.php	المالية والخزينة	BUSINESS_DEPARTMENT	OWNED	VALID	CONFIRMED	أصليةٌ لهذه الإدارة	1		
636	إدارة المالية	DEPARTMENT	متابعة وتقارير المالية	هامش الربح للعقد والواقعة	Reports/margin_report.php	مكتب الرئيس التنفيذي والنواب	BUSINESS_DEPARTMENT	UNRESOLVED	VALID	PENDING	يلزم قرارُ المالك: منظرٌ مقيَّدٌ أم إزالة	4		
637	إدارة المالية	DEPARTMENT	فريق العمل	إدارة المعاونين	main/project_users.php	مساحة العمل الشخصية	BUSINESS_DEPARTMENT	PERSONAL_SPACE	VALID	CONFIRMED	مساحةٌ شخصيةٌ مشتركةٌ فوقَ الإدارات	16		
638	إدارة المالية	DEPARTMENT	العمل اليومي	لوحة الإدارة	Finance/cfo_daily_board_fin.php	المالية والخزينة	BUSINESS_DEPARTMENT	OWNED	VALID	CONFIRMED	أصليةٌ لهذه الإدارة	1		
639	إدارة المالية	DEPARTMENT	العمل اليومي	اللوحة التجارية للعقود	Contracts/commercial_board.php	المبيعات والعقود	BUSINESS_DEPARTMENT	UNRESOLVED	VALID	PENDING	يلزم قرارُ المالك: منظرٌ مقيَّدٌ أم إزالة	2		
640	إدارة المالية	DEPARTMENT	العمل اليومي	سجل الوحدات اليومية	Reports/daily_units_report.php	مكتب الرئيس التنفيذي والنواب	BUSINESS_DEPARTMENT	CONTEXTUAL_READ_ONLY	VALID	CONFIRMED	منظرٌ مرجعيٌّ محدودٌ تحتاجه الإدارةُ لإكمالِ عملِها	2		
641	إدارة المالية	DEPARTMENT	العمل اليومي	سياسات مستحقات المشغّلين	Finance/operator_pay_policies_fin.php	المالية والخزينة	BUSINESS_DEPARTMENT	OWNED	VALID	CONFIRMED	أصليةٌ لهذه الإدارة	1		
642	إدارة المالية	DEPARTMENT	العمل اليومي	تسويات الموظفين	Workforce/employee_settlements.php	القوى التشغيلية	BUSINESS_DEPARTMENT	UNRESOLVED	VALID	PENDING	يلزم قرارُ المالك: منظرٌ مقيَّدٌ أم إزالة	2		
643	إدارة المالية	DEPARTMENT	العمل اليومي	سلفيات الموظفين	Workforce/employee_advances.php	القوى التشغيلية	BUSINESS_DEPARTMENT	UNRESOLVED	VALID	PENDING	يلزم قرارُ المالك: منظرٌ مقيَّدٌ أم إزالة	2		
644	إدارة المالية	DEPARTMENT	العمل اليومي	تعرفة الترحيل وتسعير الأوامر	Transport/transfer_tariffs.php	النقل والترحيل	BUSINESS_DEPARTMENT	UNRESOLVED	VALID	PENDING	يلزم قرارُ المالك: منظرٌ مقيَّدٌ أم إزالة	3		
645	إدارة المالية	DEPARTMENT	العمل اليومي	أحكام العميل والمورد والمشغّل	Finance/unit_records_fin.php	المالية والخزينة	BUSINESS_DEPARTMENT	OWNED	VALID	CONFIRMED	أصليةٌ لهذه الإدارة	4		
646	إدارة المالية	DEPARTMENT	السجلات الرئيسية	الميزانية والانحراف	Finance/budget_form_fin.php	المالية والخزينة	BUSINESS_DEPARTMENT	OWNED	VALID	CONFIRMED	أصليةٌ لهذه الإدارة	11		
647	إدارة المالية	DEPARTMENT	المخاطر	مساحة مخاطر الإدارة	Risk/dept_risk_space.php	إدارة المخاطر المؤسسية	BUSINESS_DEPARTMENT	DEPT_SELF_VIEW	VALID	CONFIRMED	منظرُ الإدارةِ عن نفسِها — مشترَكٌ بطبيعتِه	14		
648	إدارة النقل والترحيل	DEPARTMENT	المركز التنفيذي	مهامي	Portal/my_tasks.php	مكتب الرئيس التنفيذي والنواب	PLATFORM_SHARED	SHARED_WORK_ITEM	VALID	CONFIRMED	مهمةٌ أو اعتمادٌ يصل المستخدمَ من إدارةٍ أخرى	17		
649	إدارة النقل والترحيل	DEPARTMENT	المركز التنفيذي	إنجازي	Portal/my_achievement.php	مكتب الرئيس التنفيذي والنواب	PLATFORM_SHARED	UNRESOLVED	VALID	PENDING	يلزم قرارُ المالك: منظرٌ مقيَّدٌ أم إزالة	16		
650	إدارة النقل والترحيل	DEPARTMENT	المركز التنفيذي	طلباتي	FinRequests/my_requests.php	مكتب الرئيس التنفيذي والنواب	PLATFORM_SHARED	SHARED_WORK_ITEM	VALID	CONFIRMED	مهمةٌ أو اعتمادٌ يصل المستخدمَ من إدارةٍ أخرى	15		
651	إدارة النقل والترحيل	DEPARTMENT	مركز العمل	بوابتي	Portal/my_portal.php	مساحة العمل الشخصية	PLATFORM_SHARED	PERSONAL_SPACE	VALID	CONFIRMED	مساحةٌ شخصيةٌ مشتركةٌ فوقَ الإدارات	16		
652	إدارة النقل والترحيل	DEPARTMENT	الاعتمادات الواردة	صندوق ما ينتظر اعتمادي	Finance/approvals_inbox.php	مركز البلاغات	BUSINESS_DEPARTMENT	SHARED_WORK_ITEM	VALID	CONFIRMED	مهمةٌ أو اعتمادٌ يصل المستخدمَ من إدارةٍ أخرى	13		
653	إدارة النقل والترحيل	DEPARTMENT	ملفي الشخصي	مساحة عملي	main/my_workspace.php	مساحة العمل الشخصية	BUSINESS_DEPARTMENT	PERSONAL_SPACE	VALID	CONFIRMED	مساحةٌ شخصيةٌ مشتركةٌ فوقَ الإدارات	16		
654	إدارة النقل والترحيل	DEPARTMENT	الظهور وضبط البوابة	مركز التقارير — الحوكمة	emsreports/index.php	الحوكمة والالتزام	BUSINESS_DEPARTMENT	UNRESOLVED	VALID	PENDING	يلزم قرارُ المالك: منظرٌ مقيَّدٌ أم إزالة	14		
655	إدارة النقل والترحيل	DEPARTMENT	طلبات النقل	إقفال الأمر وتحميل تكلفته	Transport/transfer_close_cost.php	النقل والترحيل	BUSINESS_DEPARTMENT	OWNED	VALID	CONFIRMED	أصليةٌ لهذه الإدارة	2		
656	إدارة النقل والترحيل	DEPARTMENT	طلبات النقل	الوصول والتسليم	Transport/transfer_arrival.php	النقل والترحيل	BUSINESS_DEPARTMENT	OWNED	VALID	CONFIRMED	أصليةٌ لهذه الإدارة	1		
657	إدارة النقل والترحيل	DEPARTMENT	سجل الأصول	سجل المعدات	Equipments/equipments.php	إدارة الأسطول	BUSINESS_DEPARTMENT	CONTEXTUAL_READ_ONLY	VALID	CONFIRMED	منظرٌ مرجعيٌّ محدودٌ تحتاجه الإدارةُ لإكمالِ عملِها	8		
658	إدارة النقل والترحيل	DEPARTMENT	عمليات التمويل	ميزانية إدارتي — التمويل	Finance/budget_dept.php	التمويل والملكية	BUSINESS_DEPARTMENT	DEPT_SELF_VIEW	VALID	CONFIRMED	منظرُ الإدارةِ عن نفسِها — مشترَكٌ بطبيعتِه	14		
659	إدارة النقل والترحيل	DEPARTMENT	عمليات التمويل	إنجاز الإدارة	Portal/dept_achievement.php	التمويل والملكية	BUSINESS_DEPARTMENT	DEPT_SELF_VIEW	VALID	CONFIRMED	منظرُ الإدارةِ عن نفسِها — مشترَكٌ بطبيعتِه	15		
660	إدارة النقل والترحيل	DEPARTMENT	أوامر الترحيل	متابعة الرحلات في الطريق	Transport/transfer_in_transit.php	النقل والترحيل	BUSINESS_DEPARTMENT	OWNED	VALID	CONFIRMED	أصليةٌ لهذه الإدارة	1		
661	إدارة النقل والترحيل	DEPARTMENT	أوامر الترحيل	طلبات الترحيل	Transport/transfer_requests.php	النقل والترحيل	BUSINESS_DEPARTMENT	OWNED	VALID	CONFIRMED	أصليةٌ لهذه الإدارة	6		
662	إدارة النقل والترحيل	DEPARTMENT	أوامر الترحيل	أوامر الترحيل	Transport/transfer_orders_list.php	النقل والترحيل	BUSINESS_DEPARTMENT	OWNED	VALID	CONFIRMED	أصليةٌ لهذه الإدارة	4		
663	إدارة النقل والترحيل	DEPARTMENT	أوامر الترحيل	لوحة الإدارة — النقل	Transport/transfer_dashboard.php	النقل والترحيل	BUSINESS_DEPARTMENT	OWNED	VALID	CONFIRMED	أصليةٌ لهذه الإدارة	1		
664	إدارة النقل والترحيل	DEPARTMENT	استقبال البلاغات	أبلغ عن مشكلة من هذه الشاشة	Tickets/ticket_contextual_open.php	مركز البلاغات	BUSINESS_DEPARTMENT	UNRESOLVED	VALID	PENDING	يلزم قرارُ المالك: منظرٌ مقيَّدٌ أم إزالة	13		
665	إدارة النقل والترحيل	DEPARTMENT	استقبال البلاغات	صندوقُ بلاغاتِ الإدارة	Tickets/tickets_list.php	مركز البلاغات	BUSINESS_DEPARTMENT	SHARED_WORK_ITEM	VALID	CONFIRMED	مهمةٌ أو اعتمادٌ يصل المستخدمَ من إدارةٍ أخرى	16		
666	إدارة النقل والترحيل	DEPARTMENT	المعاملات المالية الواردة	سجل الأحداث المالية	Finance/events_list_fin.php	المالية والخزينة	BUSINESS_DEPARTMENT	CONTEXTUAL_READ_ONLY	VALID	CONFIRMED	منظرٌ مرجعيٌّ محدودٌ تحتاجه الإدارةُ لإكمالِ عملِها	7		
667	إدارة النقل والترحيل	DEPARTMENT	المعاملات المالية الواردة	موافقات إدارتي	FinRequests/dept_inbox.php	المالية والخزينة	BUSINESS_DEPARTMENT	DEPT_SELF_VIEW	VALID	CONFIRMED	منظرُ الإدارةِ عن نفسِها — مشترَكٌ بطبيعتِه	11		
668	إدارة النقل والترحيل	DEPARTMENT	الخزينة والبنوك	طلبات الدفع والسداد	Finance/payments_fin.php	المالية والخزينة	BUSINESS_DEPARTMENT	FORBIDDEN	VALID	CONFIRMED	◆ شاشةٌ ماليةٌ أو تجاريةٌ في مساحةِ إدارةٍ لا تملكها — تُزال ويُستبدل بها منظرٌ مقيَّد	7		
669	إدارة النقل والترحيل	DEPARTMENT	التكلفة والإهلاك والهامش	التكاليف والربحية بالمركز	Finance/cost_report_fin.php	المالية والخزينة	BUSINESS_DEPARTMENT	FORBIDDEN	VALID	CONFIRMED	◆ شاشةٌ ماليةٌ أو تجاريةٌ في مساحةِ إدارةٍ لا تملكها — تُزال ويُستبدل بها منظرٌ مقيَّد	6		
670	إدارة النقل والترحيل	DEPARTMENT	التكليف والأداء	سجل المشغّلين	Employees/equipment_operators.php	الموارد البشرية	BUSINESS_DEPARTMENT	CONTEXTUAL_READ_ONLY	VALID	CONFIRMED	منظرٌ مرجعيٌّ محدودٌ تحتاجه الإدارةُ لإكمالِ عملِها	5		
671	إدارة النقل والترحيل	DEPARTMENT	البيانات المرجعية والإعدادات	تصاريح المسار والحمولة	Transport/transfer_permits.php	النقل والترحيل	BUSINESS_DEPARTMENT	OWNED	VALID	CONFIRMED	أصليةٌ لهذه الإدارة	1		
672	إدارة النقل والترحيل	DEPARTMENT	البيانات المرجعية والإعدادات	اللوابد والمركبات الناقلة	Transport/transfer_fleet.php	النقل والترحيل	BUSINESS_DEPARTMENT	OWNED	VALID	CONFIRMED	أصليةٌ لهذه الإدارة	1		
673	إدارة النقل والترحيل	DEPARTMENT	لوحة الإدارة	الرئيسية	main/role_board.php	مساحة العمل الشخصية	BUSINESS_DEPARTMENT	PERSONAL_SPACE	VALID	CONFIRMED	مساحةٌ شخصيةٌ مشتركةٌ فوقَ الإدارات	17		
674	إدارة النقل والترحيل	DEPARTMENT	لوحة الإدارة	المراسلات	chats/index.php	مساحة العمل الشخصية	PLATFORM_SHARED	PERSONAL_SPACE	VALID	CONFIRMED	مساحةٌ شخصيةٌ مشتركةٌ فوقَ الإدارات	17		
675	إدارة النقل والترحيل	DEPARTMENT	تقارير وإعدادات الترحيل	تعرفة الترحيل وقواعد التحميل	Transport/transfer_tariffs.php	النقل والترحيل	BUSINESS_DEPARTMENT	OWNED	VALID	CONFIRMED	أصليةٌ لهذه الإدارة	3		
676	إدارة النقل والترحيل	DEPARTMENT	فريق العمل	إدارة المعاونين	main/project_users.php	مساحة العمل الشخصية	BUSINESS_DEPARTMENT	PERSONAL_SPACE	VALID	CONFIRMED	مساحةٌ شخصيةٌ مشتركةٌ فوقَ الإدارات	16		
677	إدارة النقل والترحيل	DEPARTMENT	العمل اليومي	طلب مالي جديد	FinRequests/request_form.php	المالية والخزينة	BUSINESS_DEPARTMENT	UNRESOLVED	VALID	PENDING	يلزم قرارُ المالك: منظرٌ مقيَّدٌ أم إزالة	10		
678	إدارة النقل والترحيل	DEPARTMENT	العمل اليومي	إعدادات الترحيل	Transport/transfer_types_config.php	النقل والترحيل	BUSINESS_DEPARTMENT	OWNED	VALID	CONFIRMED	أصليةٌ لهذه الإدارة	1		
679	إدارة النقل والترحيل	DEPARTMENT	العمل اليومي	قواعد تحميل تكلفة الترحيل	Transport/transfer_cost_rules_config.php	النقل والترحيل	BUSINESS_DEPARTMENT	OWNED	VALID	CONFIRMED	أصليةٌ لهذه الإدارة	1		
680	إدارة النقل والترحيل	DEPARTMENT	العمل اليومي	المواقع	Transport/trs_locations_config.php	النقل والترحيل	BUSINESS_DEPARTMENT	OWNED	VALID	CONFIRMED	أصليةٌ لهذه الإدارة	1		
681	إدارة النقل والترحيل	DEPARTMENT	السجلات الرئيسية	ميزانية إدارتي	Finance/budget_form_fin.php	المالية والخزينة	BUSINESS_DEPARTMENT	DEPT_SELF_VIEW	VALID	CONFIRMED	منظرُ الإدارةِ عن نفسِها — مشترَكٌ بطبيعتِه	11		
682	إدارة النقل والترحيل	DEPARTMENT	المخاطر	مخاطر النقل والترحيل	Risk/dept_risk_space.php	إدارة المخاطر المؤسسية	BUSINESS_DEPARTMENT	UNRESOLVED	VALID	PENDING	يلزم قرارُ المالك: منظرٌ مقيَّدٌ أم إزالة	14		
683	أمين المستودع	ROLE	المركز التنفيذي	مهامي	Portal/my_tasks.php	مكتب الرئيس التنفيذي والنواب	PLATFORM_SHARED	SHARED_WORK_ITEM	VALID	CONFIRMED	مهمةٌ أو اعتمادٌ يصل المستخدمَ من إدارةٍ أخرى	17		
684	أمين المستودع	ROLE	المركز التنفيذي	إنجازي	Portal/my_achievement.php	مكتب الرئيس التنفيذي والنواب	PLATFORM_SHARED	UNRESOLVED	VALID	PENDING	يلزم قرارُ المالك: منظرٌ مقيَّدٌ أم إزالة	16		
685	أمين المستودع	ROLE	المركز التنفيذي	طلباتي	FinRequests/my_requests.php	مكتب الرئيس التنفيذي والنواب	PLATFORM_SHARED	SHARED_WORK_ITEM	VALID	CONFIRMED	مهمةٌ أو اعتمادٌ يصل المستخدمَ من إدارةٍ أخرى	15		
686	أمين المستودع	ROLE	مركز العمل	بوابتي	Portal/my_portal.php	مساحة العمل الشخصية	PLATFORM_SHARED	PERSONAL_SPACE	VALID	CONFIRMED	مساحةٌ شخصيةٌ مشتركةٌ فوقَ الإدارات	16		
687	أمين المستودع	ROLE	الاعتمادات الواردة	صندوق ما ينتظر اعتمادي	Finance/approvals_inbox.php	مركز البلاغات	BUSINESS_DEPARTMENT	SHARED_WORK_ITEM	VALID	CONFIRMED	مهمةٌ أو اعتمادٌ يصل المستخدمَ من إدارةٍ أخرى	13		
688	أمين المستودع	ROLE	ملفي الشخصي	مساحة عملي	main/my_workspace.php	مساحة العمل الشخصية	BUSINESS_DEPARTMENT	PERSONAL_SPACE	VALID	CONFIRMED	مساحةٌ شخصيةٌ مشتركةٌ فوقَ الإدارات	16		
689	أمين المستودع	ROLE	الظهور وضبط البوابة	مركز التقارير — الحوكمة	emsreports/index.php	الحوكمة والالتزام	BUSINESS_DEPARTMENT	UNRESOLVED	VALID	PENDING	يلزم قرارُ المالك: منظرٌ مقيَّدٌ أم إزالة	14		
690	أمين المستودع	ROLE	الاستلام	الاستلام المؤقت قبل الإدخال	Procurement/wh_receipt.php	إدارة المخازن	BUSINESS_DEPARTMENT	OWNED	VALID	CONFIRMED	أصليةٌ لهذه الإدارة	2		
691	أمين المستودع	ROLE	الاستلام	التحويل بين المخازن	Procurement/wh_transfer.php	إدارة المخازن	BUSINESS_DEPARTMENT	OWNED	VALID	CONFIRMED	أصليةٌ لهذه الإدارة	1		
692	أمين المستودع	ROLE	عمليات التمويل	ميزانية إدارتي — التمويل	Finance/budget_dept.php	التمويل والملكية	BUSINESS_DEPARTMENT	DEPT_SELF_VIEW	VALID	CONFIRMED	منظرُ الإدارةِ عن نفسِها — مشترَكٌ بطبيعتِه	14		
693	أمين المستودع	ROLE	عمليات التمويل	إنجاز الإدارة	Portal/dept_achievement.php	التمويل والملكية	BUSINESS_DEPARTMENT	DEPT_SELF_VIEW	VALID	CONFIRMED	منظرُ الإدارةِ عن نفسِها — مشترَكٌ بطبيعتِه	15		
694	أمين المستودع	ROLE	أوامر الترحيل	أوامر الترحيل	Transport/transfer_orders_list.php	النقل والترحيل	BUSINESS_DEPARTMENT	UNRESOLVED	VALID	PENDING	يلزم قرارُ المالك: منظرٌ مقيَّدٌ أم إزالة	4		
695	أمين المستودع	ROLE	أوامر الترحيل	طلبات الترحيل	Transport/transfer_requests.php	النقل والترحيل	BUSINESS_DEPARTMENT	SHARED_WORK_ITEM	VALID	CONFIRMED	مهمةٌ أو اعتمادٌ يصل المستخدمَ من إدارةٍ أخرى	6		
696	أمين المستودع	ROLE	استقبال البلاغات	أبلغ عن مشكلة من هذه الشاشة	Tickets/ticket_contextual_open.php	مركز البلاغات	BUSINESS_DEPARTMENT	UNRESOLVED	VALID	PENDING	يلزم قرارُ المالك: منظرٌ مقيَّدٌ أم إزالة	13		
697	أمين المستودع	ROLE	استقبال البلاغات	صندوقُ بلاغاتِ الإدارة	Tickets/tickets_list.php	مركز البلاغات	BUSINESS_DEPARTMENT	SHARED_WORK_ITEM	VALID	CONFIRMED	مهمةٌ أو اعتمادٌ يصل المستخدمَ من إدارةٍ أخرى	16		
698	أمين المستودع	ROLE	الطلبات وحدود المخزون	أوامر الشراء	Procurement/orders_proc.php	إدارة المشتريات التشغيلية	BUSINESS_DEPARTMENT	UNRESOLVED	VALID	PENDING	يلزم قرارُ المالك: منظرٌ مقيَّدٌ أم إزالة	2		
699	أمين المستودع	ROLE	الطلبات وحدود المخزون	أرصدة المخزون بحالاتها	Procurement/stock_proc.php	إدارة المشتريات التشغيلية	BUSINESS_DEPARTMENT	UNRESOLVED	VALID	PENDING	يلزم قرارُ المالك: منظرٌ مقيَّدٌ أم إزالة	6		
700	أمين المستودع	ROLE	الطلبات وحدود المخزون	صرف مواد من المخزن	Procurement/issue_proc.php	إدارة المشتريات التشغيلية	BUSINESS_DEPARTMENT	UNRESOLVED	VALID	PENDING	يلزم قرارُ المالك: منظرٌ مقيَّدٌ أم إزالة	5		
701	أمين المستودع	ROLE	الطلبات وحدود المخزون	طلبات الشراء	Procurement/requests_proc.php	إدارة المشتريات التشغيلية	BUSINESS_DEPARTMENT	SHARED_WORK_ITEM	VALID	CONFIRMED	مهمةٌ أو اعتمادٌ يصل المستخدمَ من إدارةٍ أخرى	5		
702	أمين المستودع	ROLE	الجرد	الجرد ومعالجة الفروقات	Procurement/wh_count.php	إدارة المخازن	BUSINESS_DEPARTMENT	OWNED	VALID	CONFIRMED	أصليةٌ لهذه الإدارة	1		
703	أمين المستودع	ROLE	الجرد	استهلاك المعدة ومعدله	Procurement/consumption_rate.php	إدارة المخازن	BUSINESS_DEPARTMENT	OWNED	VALID	CONFIRMED	أصليةٌ لهذه الإدارة	1		
704	أمين المستودع	ROLE	الاستلام والمطابقة	الاستلام المؤقت	Procurement/receipt_custody_proc.php	إدارة المشتريات التشغيلية	BUSINESS_DEPARTMENT	UNRESOLVED	VALID	PENDING	يلزم قرارُ المالك: منظرٌ مقيَّدٌ أم إزالة	4		
705	أمين المستودع	ROLE	لوحة الإدارة	الرئيسية	main/role_board.php	مساحة العمل الشخصية	BUSINESS_DEPARTMENT	PERSONAL_SPACE	VALID	CONFIRMED	مساحةٌ شخصيةٌ مشتركةٌ فوقَ الإدارات	17		
706	أمين المستودع	ROLE	لوحة الإدارة	المراسلات	chats/index.php	مساحة العمل الشخصية	PLATFORM_SHARED	PERSONAL_SPACE	VALID	CONFIRMED	مساحةٌ شخصيةٌ مشتركةٌ فوقَ الإدارات	17		
707	أمين المستودع	ROLE	سجلات وإعدادات المخازن	كتالوج الأصناف والقطع الحرجة	Procurement/items_proc.php	إدارة المشتريات التشغيلية	BUSINESS_DEPARTMENT	UNRESOLVED	VALID	PENDING	يلزم قرارُ المالك: منظرٌ مقيَّدٌ أم إزالة	3		
708	أمين المستودع	ROLE	سجلات وإعدادات المخازن	المخازن وأنواعها	Procurement/master_data_proc.php	إدارة المشتريات التشغيلية	BUSINESS_DEPARTMENT	CONTEXTUAL_READ_ONLY	VALID	CONFIRMED	منظرٌ مرجعيٌّ محدودٌ تحتاجه الإدارةُ لإكمالِ عملِها	2		
709	أمين المستودع	ROLE	فريق العمل	إدارة المعاونين	main/project_users.php	مساحة العمل الشخصية	BUSINESS_DEPARTMENT	PERSONAL_SPACE	VALID	CONFIRMED	مساحةٌ شخصيةٌ مشتركةٌ فوقَ الإدارات	16		
710	أمين المستودع	ROLE	العمل اليومي	حدود إعادة الطلب	Procurement/reordering_proc.php	إدارة المشتريات التشغيلية	BUSINESS_DEPARTMENT	UNRESOLVED	VALID	PENDING	يلزم قرارُ المالك: منظرٌ مقيَّدٌ أم إزالة	2		
711	أمين المستودع	ROLE	العمل اليومي	لوحة الإدارة	Procurement/warehouse_board.php	إدارة المشتريات التشغيلية	BUSINESS_DEPARTMENT	UNRESOLVED	ERROR_SUSPECTED	PENDING	◆ لا تظهر إلا في هذه الإدارةِ ومالكُها غيرُها — يُراجَع المالك	1		
712	أمين المستودع	ROLE	المخاطر	مساحة مخاطر الإدارة	Risk/dept_risk_space.php	إدارة المخاطر المؤسسية	BUSINESS_DEPARTMENT	DEPT_SELF_VIEW	VALID	CONFIRMED	منظرُ الإدارةِ عن نفسِها — مشترَكٌ بطبيعتِه	14		
713	إدارة التمويل	DEPARTMENT	المركز التنفيذي	مهامي	Portal/my_tasks.php	مكتب الرئيس التنفيذي والنواب	PLATFORM_SHARED	SHARED_WORK_ITEM	VALID	CONFIRMED	مهمةٌ أو اعتمادٌ يصل المستخدمَ من إدارةٍ أخرى	17		
714	إدارة التمويل	DEPARTMENT	المركز التنفيذي	إنجازي	Portal/my_achievement.php	مكتب الرئيس التنفيذي والنواب	PLATFORM_SHARED	UNRESOLVED	VALID	PENDING	يلزم قرارُ المالك: منظرٌ مقيَّدٌ أم إزالة	16		
715	إدارة التمويل	DEPARTMENT	المركز التنفيذي	طلباتي	FinRequests/my_requests.php	مكتب الرئيس التنفيذي والنواب	PLATFORM_SHARED	SHARED_WORK_ITEM	VALID	CONFIRMED	مهمةٌ أو اعتمادٌ يصل المستخدمَ من إدارةٍ أخرى	15		
716	إدارة التمويل	DEPARTMENT	مركز العمل	بوابتي	Portal/my_portal.php	مساحة العمل الشخصية	PLATFORM_SHARED	PERSONAL_SPACE	VALID	CONFIRMED	مساحةٌ شخصيةٌ مشتركةٌ فوقَ الإدارات	16		
717	إدارة التمويل	DEPARTMENT	الاعتمادات الواردة	صندوق ما ينتظر اعتمادي	Finance/approvals_inbox.php	مركز البلاغات	BUSINESS_DEPARTMENT	SHARED_WORK_ITEM	VALID	CONFIRMED	مهمةٌ أو اعتمادٌ يصل المستخدمَ من إدارةٍ أخرى	13		
718	إدارة التمويل	DEPARTMENT	ملفي الشخصي	مساحة عملي	main/my_workspace.php	مساحة العمل الشخصية	BUSINESS_DEPARTMENT	PERSONAL_SPACE	VALID	CONFIRMED	مساحةٌ شخصيةٌ مشتركةٌ فوقَ الإدارات	16		
719	إدارة التمويل	DEPARTMENT	الظهور وضبط البوابة	مركز التقارير — الحوكمة	emsreports/index.php	الحوكمة والالتزام	BUSINESS_DEPARTMENT	UNRESOLVED	VALID	PENDING	يلزم قرارُ المالك: منظرٌ مقيَّدٌ أم إزالة	14		
720	إدارة التمويل	DEPARTMENT	الممولون والتسجيل	نماذج التمويل ومعالجتها	Financing/fin_models.php	التمويل والملكية	BUSINESS_DEPARTMENT	OWNED	VALID	CONFIRMED	أصليةٌ لهذه الإدارة	1		
721	إدارة التمويل	DEPARTMENT	الممولون والتسجيل	علاقات الملكية بين الكيانات	Financing/ownership_links.php	التمويل والملكية	BUSINESS_DEPARTMENT	OWNED	VALID	CONFIRMED	أصليةٌ لهذه الإدارة	2		
722	إدارة التمويل	DEPARTMENT	الممولون والتسجيل	سجل الممولين	Financing/financiers_registry.php	التمويل والملكية	BUSINESS_DEPARTMENT	OWNED	VALID	CONFIRMED	أصليةٌ لهذه الإدارة	2		
723	إدارة التمويل	DEPARTMENT	الممولون والتسجيل	توزيع تكلفة التمويل على المشاريع	Financing/cost_allocation.php	التمويل والملكية	BUSINESS_DEPARTMENT	OWNED	VALID	CONFIRMED	أصليةٌ لهذه الإدارة	2		
724	إدارة التمويل	DEPARTMENT	سجل الأصول	سجل المعدات	Equipments/equipments.php	إدارة الأسطول	BUSINESS_DEPARTMENT	CONTEXTUAL_READ_ONLY	VALID	CONFIRMED	منظرٌ مرجعيٌّ محدودٌ تحتاجه الإدارةُ لإكمالِ عملِها	8		
725	إدارة التمويل	DEPARTMENT	سجل الأصول	الأعيان المموَّلة	Equipments/fin_assets.php	إدارة الأسطول	BUSINESS_DEPARTMENT	UNRESOLVED	VALID	PENDING	يلزم قرارُ المالك: منظرٌ مقيَّدٌ أم إزالة	2		
726	إدارة التمويل	DEPARTMENT	عمليات التمويل	تغيّرات عقود التمويل	Financing/fin_changes.php	التمويل والملكية	BUSINESS_DEPARTMENT	OWNED	VALID	CONFIRMED	أصليةٌ لهذه الإدارة	1		
727	إدارة التمويل	DEPARTMENT	عمليات التمويل	ميزانية إدارتي — التمويل	Finance/budget_dept.php	التمويل والملكية	BUSINESS_DEPARTMENT	OWNED	VALID	CONFIRMED	أصليةٌ لهذه الإدارة	14		
728	إدارة التمويل	DEPARTMENT	عمليات التمويل	إنجاز الإدارة	Portal/dept_achievement.php	التمويل والملكية	BUSINESS_DEPARTMENT	OWNED	VALID	CONFIRMED	أصليةٌ لهذه الإدارة	15		
729	إدارة التمويل	DEPARTMENT	عمليات التمويل	عمليات التمويل	Financing/financing_board.php	التمويل والملكية	BUSINESS_DEPARTMENT	OWNED	VALID	CONFIRMED	أصليةٌ لهذه الإدارة	1		
730	إدارة التمويل	DEPARTMENT	عمليات التمويل	إنشاء عملية تمويل	Financing/financing_operation_new.php	التمويل والملكية	BUSINESS_DEPARTMENT	OWNED	VALID	CONFIRMED	أصليةٌ لهذه الإدارة	2		
731	إدارة التمويل	DEPARTMENT	استقبال البلاغات	أبلغ عن مشكلة من هذه الشاشة	Tickets/ticket_contextual_open.php	مركز البلاغات	BUSINESS_DEPARTMENT	UNRESOLVED	VALID	PENDING	يلزم قرارُ المالك: منظرٌ مقيَّدٌ أم إزالة	13		
732	إدارة التمويل	DEPARTMENT	استقبال البلاغات	صندوقُ بلاغاتِ الإدارة	Tickets/tickets_list.php	مركز البلاغات	BUSINESS_DEPARTMENT	SHARED_WORK_ITEM	VALID	CONFIRMED	مهمةٌ أو اعتمادٌ يصل المستخدمَ من إدارةٍ أخرى	16		
733	إدارة التمويل	DEPARTMENT	الأقساط والسداد	الأقساط ومواعيد السداد	Financing/installments.php	التمويل والملكية	BUSINESS_DEPARTMENT	OWNED	VALID	CONFIRMED	أصليةٌ لهذه الإدارة	1		
734	إدارة التمويل	DEPARTMENT	الانحرافات والفروق	انحرافات التمويل — السداد والملكية والتوثيق	Financing/deviations.php	التمويل والملكية	BUSINESS_DEPARTMENT	OWNED	VALID	CONFIRMED	أصليةٌ لهذه الإدارة	1		
735	إدارة التمويل	DEPARTMENT	الانحرافات والفروق	فروق السداد والاستحقاق	Financing/deviations.php	التمويل والملكية	BUSINESS_DEPARTMENT	OWNED	VALID	CONFIRMED	أصليةٌ لهذه الإدارة	1		
736	إدارة التمويل	DEPARTMENT	الانحرافات والفروق	الخروج غير المسجَّل من الملكية	Financing/deviations.php	التمويل والملكية	BUSINESS_DEPARTMENT	OWNED	VALID	CONFIRMED	أصليةٌ لهذه الإدارة	1		
737	إدارة التمويل	DEPARTMENT	الانحرافات والفروق	عقود تمويل بلا حركة	Financing/deviations.php	التمويل والملكية	BUSINESS_DEPARTMENT	OWNED	VALID	CONFIRMED	أصليةٌ لهذه الإدارة	1		
738	إدارة التمويل	DEPARTMENT	الخزينة والبنوك	ذمم الموردين والمستحقات	Finance/dues_fin.php	المالية والخزينة	BUSINESS_DEPARTMENT	FORBIDDEN	VALID	CONFIRMED	◆ شاشةٌ ماليةٌ أو تجاريةٌ في مساحةِ إدارةٍ لا تملكها — تُزال ويُستبدل بها منظرٌ مقيَّد	4		
739	إدارة التمويل	DEPARTMENT	الخزينة والبنوك	طلبات الدفع والسداد	Finance/payments_fin.php	المالية والخزينة	BUSINESS_DEPARTMENT	FORBIDDEN	VALID	CONFIRMED	◆ شاشةٌ ماليةٌ أو تجاريةٌ في مساحةِ إدارةٍ لا تملكها — تُزال ويُستبدل بها منظرٌ مقيَّد	7		
740	إدارة التمويل	DEPARTMENT	التكلفة والإهلاك والهامش	الإهلاك والقيمة الدفترية	Finance/assets_fin.php	المالية والخزينة	BUSINESS_DEPARTMENT	FORBIDDEN	VALID	CONFIRMED	◆ شاشةٌ ماليةٌ أو تجاريةٌ في مساحةِ إدارةٍ لا تملكها — تُزال ويُستبدل بها منظرٌ مقيَّد	3		
741	إدارة التمويل	DEPARTMENT	الملكية والضمانات	حصص الملكية في الأصول	Financing/owners_registry.php	التمويل والملكية	BUSINESS_DEPARTMENT	OWNED	VALID	CONFIRMED	أصليةٌ لهذه الإدارة	3		
742	إدارة التمويل	DEPARTMENT	التدقيق والمراجعة	سجل التدقيق والاطّلاع	ActivityLogs/activity_logs.php	الحوكمة والالتزام	BUSINESS_DEPARTMENT	CONTEXTUAL_READ_ONLY	VALID	CONFIRMED	منظرٌ مرجعيٌّ محدودٌ تحتاجه الإدارةُ لإكمالِ عملِها	3		
743	إدارة التمويل	DEPARTMENT	لوحة الإدارة	الرئيسية	main/role_board.php	مساحة العمل الشخصية	BUSINESS_DEPARTMENT	PERSONAL_SPACE	VALID	CONFIRMED	مساحةٌ شخصيةٌ مشتركةٌ فوقَ الإدارات	17		
744	إدارة التمويل	DEPARTMENT	لوحة الإدارة	المراسلات	chats/index.php	مساحة العمل الشخصية	PLATFORM_SHARED	PERSONAL_SPACE	VALID	CONFIRMED	مساحةٌ شخصيةٌ مشتركةٌ فوقَ الإدارات	17		
745	إدارة التمويل	DEPARTMENT	النموذج والممول	سجل الشركات والكيانات	Governance/entities_registry.php	الحوكمة والالتزام	BUSINESS_DEPARTMENT	CONTEXTUAL_READ_ONLY	VALID	CONFIRMED	منظرٌ مرجعيٌّ محدودٌ تحتاجه الإدارةُ لإكمالِ عملِها	3		
746	إدارة التمويل	DEPARTMENT	سرية الملكية	من يرى ماذا ومكوّنات البوابة	Portal/visibility_keys.php	مساحة العمل الشخصية	BUSINESS_DEPARTMENT	PERSONAL_SPACE	VALID	CONFIRMED	مساحةٌ شخصيةٌ مشتركةٌ فوقَ الإدارات	3		
747	إدارة التمويل	DEPARTMENT	متابعة وتقارير التمويل	أسعار الصرف	Finance/currencies_fin.php	المالية والخزينة	BUSINESS_DEPARTMENT	UNRESOLVED	VALID	PENDING	يلزم قرارُ المالك: منظرٌ مقيَّدٌ أم إزالة	2		
748	إدارة التمويل	DEPARTMENT	فريق العمل	إدارة المعاونين	main/project_users.php	مساحة العمل الشخصية	BUSINESS_DEPARTMENT	PERSONAL_SPACE	VALID	CONFIRMED	مساحةٌ شخصيةٌ مشتركةٌ فوقَ الإدارات	16		
749	إدارة التمويل	DEPARTMENT	التقارير والتحليلات	الاعتمادات المتأخرة والوثائق	Reports/approval_lag_report.php	مكتب الرئيس التنفيذي والنواب	BUSINESS_DEPARTMENT	SHARED_WORK_ITEM	VALID	CONFIRMED	مهمةٌ أو اعتمادٌ يصل المستخدمَ من إدارةٍ أخرى	2		
750	إدارة التمويل	DEPARTMENT	الحوكمة	التفويض بالتوقيع	Governance/signing_authority.php	الحوكمة والالتزام	BUSINESS_DEPARTMENT	UNRESOLVED	VALID	PENDING	يلزم قرارُ المالك: منظرٌ مقيَّدٌ أم إزالة	4		
751	إدارة التمويل	DEPARTMENT	الحوكمة	التراخيص والكفالات	Governance/licenses_guarantees.php	الحوكمة والالتزام	BUSINESS_DEPARTMENT	UNRESOLVED	VALID	PENDING	يلزم قرارُ المالك: منظرٌ مقيَّدٌ أم إزالة	5		
752	إدارة التمويل	DEPARTMENT	المخاطر	مساحة مخاطر الإدارة	Risk/dept_risk_space.php	إدارة المخاطر المؤسسية	BUSINESS_DEPARTMENT	DEPT_SELF_VIEW	VALID	CONFIRMED	منظرُ الإدارةِ عن نفسِها — مشترَكٌ بطبيعتِه	14		
753	القوى التشغيلية	DEPARTMENT	المركز التنفيذي	مهامي	Portal/my_tasks.php	مكتب الرئيس التنفيذي والنواب	PLATFORM_SHARED	SHARED_WORK_ITEM	VALID	CONFIRMED	مهمةٌ أو اعتمادٌ يصل المستخدمَ من إدارةٍ أخرى	17		
754	القوى التشغيلية	DEPARTMENT	المركز التنفيذي	إنجازي	Portal/my_achievement.php	مكتب الرئيس التنفيذي والنواب	PLATFORM_SHARED	UNRESOLVED	VALID	PENDING	يلزم قرارُ المالك: منظرٌ مقيَّدٌ أم إزالة	16		
755	القوى التشغيلية	DEPARTMENT	المركز التنفيذي	طلباتي	FinRequests/my_requests.php	مكتب الرئيس التنفيذي والنواب	PLATFORM_SHARED	SHARED_WORK_ITEM	VALID	CONFIRMED	مهمةٌ أو اعتمادٌ يصل المستخدمَ من إدارةٍ أخرى	15		
756	القوى التشغيلية	DEPARTMENT	مركز العمل	بوابتي	Portal/my_portal.php	مساحة العمل الشخصية	PLATFORM_SHARED	PERSONAL_SPACE	VALID	CONFIRMED	مساحةٌ شخصيةٌ مشتركةٌ فوقَ الإدارات	16		
757	القوى التشغيلية	DEPARTMENT	الاعتمادات الواردة	خطة عمل الغد	Operations/daily_plan.php	إدارة الموقع	BUSINESS_DEPARTMENT	UNRESOLVED	VALID	PENDING	يلزم قرارُ المالك: منظرٌ مقيَّدٌ أم إزالة	4		
758	القوى التشغيلية	DEPARTMENT	الاعتمادات الواردة	صندوق ما ينتظر اعتمادي	Finance/approvals_inbox.php	مركز البلاغات	BUSINESS_DEPARTMENT	SHARED_WORK_ITEM	VALID	CONFIRMED	مهمةٌ أو اعتمادٌ يصل المستخدمَ من إدارةٍ أخرى	13		
759	القوى التشغيلية	DEPARTMENT	الاعتمادات الواردة	تسجيل التايم شيت والإنتاج — الموقع	Timesheet/timesheet.php	إدارة الموقع	BUSINESS_DEPARTMENT	UNRESOLVED	VALID	PENDING	يلزم قرارُ المالك: منظرٌ مقيَّدٌ أم إزالة	9		
760	القوى التشغيلية	DEPARTMENT	ملفي الشخصي	مساحة عملي	main/my_workspace.php	مساحة العمل الشخصية	BUSINESS_DEPARTMENT	PERSONAL_SPACE	VALID	CONFIRMED	مساحةٌ شخصيةٌ مشتركةٌ فوقَ الإدارات	16		
761	القوى التشغيلية	DEPARTMENT	الظهور وضبط البوابة	مركز التقارير — الحوكمة	emsreports/index.php	الحوكمة والالتزام	BUSINESS_DEPARTMENT	UNRESOLVED	VALID	PENDING	يلزم قرارُ المالك: منظرٌ مقيَّدٌ أم إزالة	14		
762	القوى التشغيلية	DEPARTMENT	تسجيل الموردين	تسويات ومستحقات الموردين	Suppliers/settlements.php	إدارة الموردين	BUSINESS_DEPARTMENT	UNRESOLVED	VALID	PENDING	يلزم قرارُ المالك: منظرٌ مقيَّدٌ أم إزالة	3		
763	القوى التشغيلية	DEPARTMENT	سجل الأصول	سجل المعدات	Equipments/equipments.php	إدارة الأسطول	BUSINESS_DEPARTMENT	CONTEXTUAL_READ_ONLY	VALID	CONFIRMED	منظرٌ مرجعيٌّ محدودٌ تحتاجه الإدارةُ لإكمالِ عملِها	8		
764	القوى التشغيلية	DEPARTMENT	سجل الأصول	وثائق المعدات والمشغّلين	Equipments/equipment_documents.php	إدارة الأسطول	BUSINESS_DEPARTMENT	CONTEXTUAL_READ_ONLY	VALID	CONFIRMED	منظرٌ مرجعيٌّ محدودٌ تحتاجه الإدارةُ لإكمالِ عملِها	6		
765	القوى التشغيلية	DEPARTMENT	الهيكل والأدوار	الهيكل التنظيمي والمسميات	admin/org_structure.php	الحوكمة والالتزام	BUSINESS_DEPARTMENT	UNRESOLVED	VALID	PENDING	يلزم قرارُ المالك: منظرٌ مقيَّدٌ أم إزالة	4		
766	القوى التشغيلية	DEPARTMENT	الهيكل والأدوار	التكليفات التنظيمية	admin/org_assignments.php	الحوكمة والالتزام	BUSINESS_DEPARTMENT	UNRESOLVED	VALID	PENDING	يلزم قرارُ المالك: منظرٌ مقيَّدٌ أم إزالة	5		
767	القوى التشغيلية	DEPARTMENT	عمليات التمويل	ميزانية إدارتي — التمويل	Finance/budget_dept.php	التمويل والملكية	BUSINESS_DEPARTMENT	DEPT_SELF_VIEW	VALID	CONFIRMED	منظرُ الإدارةِ عن نفسِها — مشترَكٌ بطبيعتِه	14		
768	القوى التشغيلية	DEPARTMENT	عمليات التمويل	إنجاز الإدارة	Portal/dept_achievement.php	التمويل والملكية	BUSINESS_DEPARTMENT	DEPT_SELF_VIEW	VALID	CONFIRMED	منظرُ الإدارةِ عن نفسِها — مشترَكٌ بطبيعتِه	15		
769	القوى التشغيلية	DEPARTMENT	أوامر الترحيل	طلبات الترحيل	Transport/transfer_requests.php	النقل والترحيل	BUSINESS_DEPARTMENT	SHARED_WORK_ITEM	VALID	CONFIRMED	مهمةٌ أو اعتمادٌ يصل المستخدمَ من إدارةٍ أخرى	6		
770	القوى التشغيلية	DEPARTMENT	سجل المشغّلين	عقود المشاريع المؤقتة	Workforce/project_contracts.php	القوى التشغيلية	BUSINESS_DEPARTMENT	OWNED	VALID	CONFIRMED	أصليةٌ لهذه الإدارة	2		
771	القوى التشغيلية	DEPARTMENT	سجل المشغّلين	أرقام المشغّلين الشاغرة	Workforce/op_codes.php	القوى التشغيلية	BUSINESS_DEPARTMENT	OWNED	VALID	CONFIRMED	أصليةٌ لهذه الإدارة	1		
772	القوى التشغيلية	DEPARTMENT	سجل المشغّلين	التوظيف من الشاغر إلى المباشرة	Workforce/recruitment_pipeline.php	القوى التشغيلية	BUSINESS_DEPARTMENT	OWNED	VALID	CONFIRMED	أصليةٌ لهذه الإدارة	2		
773	القوى التشغيلية	DEPARTMENT	استقبال البلاغات	أبلغ عن مشكلة من هذه الشاشة	Tickets/ticket_contextual_open.php	مركز البلاغات	BUSINESS_DEPARTMENT	UNRESOLVED	VALID	PENDING	يلزم قرارُ المالك: منظرٌ مقيَّدٌ أم إزالة	13		
774	القوى التشغيلية	DEPARTMENT	استقبال البلاغات	صندوقُ بلاغاتِ الإدارة	Tickets/tickets_list.php	مركز البلاغات	BUSINESS_DEPARTMENT	SHARED_WORK_ITEM	VALID	CONFIRMED	مهمةٌ أو اعتمادٌ يصل المستخدمَ من إدارةٍ أخرى	16		
775	القوى التشغيلية	DEPARTMENT	الاستحقاق وأحكام الأطراف	فحص شروط الاستحقاق	Finance/entitlement_gate.php	المالية والخزينة	BUSINESS_DEPARTMENT	FORBIDDEN	VALID	CONFIRMED	◆ شاشةٌ ماليةٌ أو تجاريةٌ في مساحةِ إدارةٍ لا تملكها — تُزال ويُستبدل بها منظرٌ مقيَّد	2		
776	القوى التشغيلية	DEPARTMENT	الاستحقاق وأحكام الأطراف	توليد المستحق من العمل المعتمد	Finance/entitlement.php	المالية والخزينة	BUSINESS_DEPARTMENT	UNRESOLVED	VALID	PENDING	يلزم قرارُ المالك: منظرٌ مقيَّدٌ أم إزالة	2		
777	القوى التشغيلية	DEPARTMENT	التأهيل والوثائق والحركة	تأهيل المشغّلين على أنواع المعدات	Workforce/op_qual.php	القوى التشغيلية	BUSINESS_DEPARTMENT	OWNED	VALID	CONFIRMED	أصليةٌ لهذه الإدارة	2		
778	القوى التشغيلية	DEPARTMENT	التأهيل والوثائق والحركة	الخصومات والجزاءات	Workforce/deductions.php	القوى التشغيلية	BUSINESS_DEPARTMENT	OWNED	VALID	CONFIRMED	أصليةٌ لهذه الإدارة	2		
779	القوى التشغيلية	DEPARTMENT	التكليف والأداء	الأداء الشهري للمشغّل	Workforce/op_monthly.php	الموارد البشرية	BUSINESS_DEPARTMENT	UNRESOLVED	VALID	PENDING	يلزم قرارُ المالك: منظرٌ مقيَّدٌ أم إزالة	2		
780	القوى التشغيلية	DEPARTMENT	التكليف والأداء	سجل المشغّلين	Employees/equipment_operators.php	الموارد البشرية	BUSINESS_DEPARTMENT	CONTEXTUAL_READ_ONLY	VALID	CONFIRMED	منظرٌ مرجعيٌّ محدودٌ تحتاجه الإدارةُ لإكمالِ عملِها	5		
781	القوى التشغيلية	DEPARTMENT	التخطيط وتخصيص الموارد	تكليف المشغّل على المعدة	Operations/distribution_space.php	إدارة التشغيل	BUSINESS_DEPARTMENT	UNRESOLVED	VALID	PENDING	يلزم قرارُ المالك: منظرٌ مقيَّدٌ أم إزالة	5		
782	القوى التشغيلية	DEPARTMENT	الحضور والانصراف	الحضور والانصراف	Operations/attendance.php	الموارد البشرية	BUSINESS_DEPARTMENT	UNRESOLVED	VALID	PENDING	يلزم قرارُ المالك: منظرٌ مقيَّدٌ أم إزالة	3		
783	القوى التشغيلية	DEPARTMENT	التكليف على المعدات	سجل الوردية	Operations/shift_log.php	القوى التشغيلية	BUSINESS_DEPARTMENT	OWNED	VALID	CONFIRMED	أصليةٌ لهذه الإدارة	2		
784	القوى التشغيلية	DEPARTMENT	التكليف على المعدات	دورات التناوب والإجازة الميدانية	Workforce/rotation.php	القوى التشغيلية	BUSINESS_DEPARTMENT	OWNED	VALID	CONFIRMED	أصليةٌ لهذه الإدارة	1		
785	القوى التشغيلية	DEPARTMENT	التكليف على المعدات	الإجازات والغياب	Workforce/worker_leave_absence.php	القوى التشغيلية	BUSINESS_DEPARTMENT	OWNED	VALID	CONFIRMED	أصليةٌ لهذه الإدارة	3		
786	القوى التشغيلية	DEPARTMENT	التكليف على المعدات	تنقلات العاملين	Workforce/worker_movement.php	القوى التشغيلية	BUSINESS_DEPARTMENT	OWNED	VALID	CONFIRMED	أصليةٌ لهذه الإدارة	2		
787	القوى التشغيلية	DEPARTMENT	التكليف على المعدات	السكن والإعاشة والمعسكرات	Workforce/housing_units.php	القوى التشغيلية	BUSINESS_DEPARTMENT	OWNED	VALID	CONFIRMED	أصليةٌ لهذه الإدارة	2		
788	القوى التشغيلية	DEPARTMENT	متابعة الأداء	خصومات المشغّلين المقترحة	Workforce/proposed_deductions.php	القوى التشغيلية	BUSINESS_DEPARTMENT	OWNED	VALID	CONFIRMED	أصليةٌ لهذه الإدارة	2		
789	القوى التشغيلية	DEPARTMENT	لوحة الإدارة	الرئيسية	main/role_board.php	مساحة العمل الشخصية	BUSINESS_DEPARTMENT	PERSONAL_SPACE	VALID	CONFIRMED	مساحةٌ شخصيةٌ مشتركةٌ فوقَ الإدارات	17		
790	القوى التشغيلية	DEPARTMENT	لوحة الإدارة	المراسلات	chats/index.php	مساحة العمل الشخصية	PLATFORM_SHARED	PERSONAL_SPACE	VALID	CONFIRMED	مساحةٌ شخصيةٌ مشتركةٌ فوقَ الإدارات	17		
791	القوى التشغيلية	DEPARTMENT	فريق العمل	إدارة المعاونين	main/project_users.php	مساحة العمل الشخصية	BUSINESS_DEPARTMENT	PERSONAL_SPACE	VALID	CONFIRMED	مساحةٌ شخصيةٌ مشتركةٌ فوقَ الإدارات	16		
792	القوى التشغيلية	DEPARTMENT	المخاطر	مساحة مخاطر الإدارة	Risk/dept_risk_space.php	إدارة المخاطر المؤسسية	BUSINESS_DEPARTMENT	DEPT_SELF_VIEW	VALID	CONFIRMED	منظرُ الإدارةِ عن نفسِها — مشترَكٌ بطبيعتِه	14		
793	إدارة المخاطر	CONTROL	المركز التنفيذي	مهامي	Portal/my_tasks.php	مكتب الرئيس التنفيذي والنواب	PLATFORM_SHARED	CONTROL_OVERSIGHT	VALID	CONFIRMED	جهةٌ رقابيةٌ — قراءةٌ بلا تعديلِ مستندِ المالك	17		
794	إدارة المخاطر	CONTROL	لوحة المخاطر المؤسسية	تقارير المخاطر والتحليلات	Risk/risk_reports.php	إدارة المخاطر المؤسسية	BUSINESS_DEPARTMENT	OWNED	VALID	CONFIRMED	أصليةٌ لهذه الإدارة	2		
795	إدارة المخاطر	CONTROL	ملفي الشخصي	مساحة عملي	main/my_workspace.php	مساحة العمل الشخصية	BUSINESS_DEPARTMENT	PERSONAL_SPACE	VALID	CONFIRMED	مساحةٌ شخصيةٌ مشتركةٌ فوقَ الإدارات	16		
796	إدارة المخاطر	CONTROL	سجل المخاطر	سجل المخاطر المؤسسي	Risk/risk_register.php	إدارة المخاطر المؤسسية	BUSINESS_DEPARTMENT	OWNED	VALID	CONFIRMED	أصليةٌ لهذه الإدارة	1		
797	إدارة المخاطر	CONTROL	سجل المخاطر	وحدات المخاطر والتصنيف	Risk/risk_units.php	إدارة المخاطر المؤسسية	BUSINESS_DEPARTMENT	OWNED	VALID	CONFIRMED	أصليةٌ لهذه الإدارة	1		
798	إدارة المخاطر	CONTROL	سجل المخاطر	إجراءات معالجة المخاطر	Risk/risk_treatments.php	إدارة المخاطر المؤسسية	BUSINESS_DEPARTMENT	OWNED	VALID	CONFIRMED	أصليةٌ لهذه الإدارة	1		
799	إدارة المخاطر	CONTROL	سجل المخاطر	لوحة المخاطر العليا	Risk/risk_board.php	إدارة المخاطر المؤسسية	BUSINESS_DEPARTMENT	OWNED	VALID	CONFIRMED	أصليةٌ لهذه الإدارة	1		
800	إدارة المخاطر	CONTROL	التقييم والقياس	تقييم الخطر ونسخُه التاريخية	Risk/risk_assessment.php	إدارة المخاطر المؤسسية	BUSINESS_DEPARTMENT	OWNED	VALID	CONFIRMED	أصليةٌ لهذه الإدارة	1		
801	إدارة المخاطر	CONTROL	التقييم والقياس	الضوابط والضوابط الحرجة	Risk/risk_controls.php	إدارة المخاطر المؤسسية	BUSINESS_DEPARTMENT	OWNED	VALID	CONFIRMED	أصليةٌ لهذه الإدارة	1		
802	إدارة المخاطر	CONTROL	التقييم والقياس	التحقق من الضوابط الحرجة	Risk/risk_control_verify.php	إدارة المخاطر المؤسسية	BUSINESS_DEPARTMENT	OWNED	VALID	CONFIRMED	أصليةٌ لهذه الإدارة	1		
803	إدارة المخاطر	CONTROL	استقبال البلاغات	صندوقُ بلاغاتِ الإدارة	Tickets/tickets_list.php	مركز البلاغات	BUSINESS_DEPARTMENT	CONTROL_OVERSIGHT	VALID	CONFIRMED	جهةٌ رقابيةٌ — قراءةٌ بلا تعديلِ مستندِ المالك	16		
804	إدارة المخاطر	CONTROL	قبول الخطر والتصعيد	القبول والاستثناءات	Risk/risk_acceptance.php	إدارة المخاطر المؤسسية	BUSINESS_DEPARTMENT	OWNED	VALID	CONFIRMED	أصليةٌ لهذه الإدارة	1		
805	إدارة المخاطر	CONTROL	قبول الخطر والتصعيد	المراجعات والتصعيدات	Risk/risk_reviews.php	إدارة المخاطر المؤسسية	BUSINESS_DEPARTMENT	OWNED	VALID	CONFIRMED	أصليةٌ لهذه الإدارة	1		
806	إدارة المخاطر	CONTROL	قبول الخطر والتصعيد	ملف الخطر	Risk/risk_card.php	إدارة المخاطر المؤسسية	BUSINESS_DEPARTMENT	OWNED	VALID	CONFIRMED	أصليةٌ لهذه الإدارة	1		
807	إدارة المخاطر	CONTROL	قبول الخطر والتصعيد	مؤشرات الخطر الرئيسة	Risk/risk_kris.php	إدارة المخاطر المؤسسية	BUSINESS_DEPARTMENT	OWNED	VALID	CONFIRMED	أصليةٌ لهذه الإدارة	1		
808	إدارة المخاطر	CONTROL	المراقبة والمؤشرات	إشارات المخاطر والفرز	Risk/risk_signals.php	إدارة المخاطر المؤسسية	BUSINESS_DEPARTMENT	OWNED	VALID	CONFIRMED	أصليةٌ لهذه الإدارة	1		
809	إدارة المخاطر	CONTROL	المراقبة والمؤشرات	الحوادث والوقائع	Risk/risk_incidents.php	إدارة المخاطر المؤسسية	BUSINESS_DEPARTMENT	OWNED	VALID	CONFIRMED	أصليةٌ لهذه الإدارة	1		
810	إدارة المخاطر	CONTROL	القوائم المالية	لوحة النسب المالية	Finance/fin_ratios.php	المالية والخزينة	BUSINESS_DEPARTMENT	UNRESOLVED	ERROR_SUSPECTED	PENDING	◆ لا تظهر إلا في هذه الإدارةِ ومالكُها غيرُها — يُراجَع المالك	1		
811	إدارة المخاطر	CONTROL	القوائم المالية	تفصيل نسبة مالية	Finance/fin_ratio_detail.php	المالية والخزينة	BUSINESS_DEPARTMENT	UNRESOLVED	ERROR_SUSPECTED	PENDING	◆ لا تظهر إلا في هذه الإدارةِ ومالكُها غيرُها — يُراجَع المالك	1		
812	إدارة المخاطر	CONTROL	القوائم المالية	حدود النسب وأهدافها	Finance/fin_ratio_targets.php	المالية والخزينة	BUSINESS_DEPARTMENT	UNRESOLVED	ERROR_SUSPECTED	PENDING	◆ لا تظهر إلا في هذه الإدارةِ ومالكُها غيرُها — يُراجَع المالك	1		
813	إدارة المخاطر	CONTROL	القوائم المالية	الإنذار المالي المبكر	Finance/fin_early_warning.php	المالية والخزينة	BUSINESS_DEPARTMENT	UNRESOLVED	ERROR_SUSPECTED	PENDING	◆ لا تظهر إلا في هذه الإدارةِ ومالكُها غيرُها — يُراجَع المالك	1		
814	إدارة المخاطر	CONTROL	القوائم المالية	ربحية المعدة الواحدة	Finance/fin_unit_economics.php	المالية والخزينة	BUSINESS_DEPARTMENT	UNRESOLVED	ERROR_SUSPECTED	PENDING	◆ لا تظهر إلا في هذه الإدارةِ ومالكُها غيرُها — يُراجَع المالك	1		
815	إدارة المخاطر	CONTROL	القوائم المالية	هامش العقد ونموذج العمل	Finance/fin_contract_margin.php	المالية والخزينة	BUSINESS_DEPARTMENT	UNRESOLVED	ERROR_SUSPECTED	PENDING	◆ لا تظهر إلا في هذه الإدارةِ ومالكُها غيرُها — يُراجَع المالك	1		
816	إدارة المخاطر	CONTROL	القوائم المالية	قائمة دخل المشروع	Finance/fin_project_pl.php	المالية والخزينة	BUSINESS_DEPARTMENT	UNRESOLVED	ERROR_SUSPECTED	PENDING	◆ لا تظهر إلا في هذه الإدارةِ ومالكُها غيرُها — يُراجَع المالك	1		
817	إدارة المخاطر	CONTROL	القوائم المالية	قائمة التدفقات النقدية	Finance/fin_cashflow_stmt.php	المالية والخزينة	BUSINESS_DEPARTMENT	UNRESOLVED	ERROR_SUSPECTED	PENDING	◆ لا تظهر إلا في هذه الإدارةِ ومالكُها غيرُها — يُراجَع المالك	1		
818	إدارة المخاطر	CONTROL	القوائم المالية	قائمة التغيرات في حقوق الملكية	Finance/fin_equity_stmt.php	المالية والخزينة	BUSINESS_DEPARTMENT	UNRESOLVED	ERROR_SUSPECTED	PENDING	◆ لا تظهر إلا في هذه الإدارةِ ومالكُها غيرُها — يُراجَع المالك	1		
819	إدارة المخاطر	CONTROL	القوائم المالية	مصفوفة الترحيل من الإدارات	Finance/fin_posting_matrix.php	المالية والخزينة	BUSINESS_DEPARTMENT	UNRESOLVED	ERROR_SUSPECTED	PENDING	◆ لا تظهر إلا في هذه الإدارةِ ومالكُها غيرُها — يُراجَع المالك	1		
820	إدارة المخاطر	CONTROL	التقارير والتحليلات	حوكمة إدارة المخاطر المؤسسية	Risk/gov_dept_rsk.php	إدارة المخاطر المؤسسية	BUSINESS_DEPARTMENT	OWNED	VALID	CONFIRMED	أصليةٌ لهذه الإدارة	1		
821	إدارة المخاطر	CONTROL	الحوكمة والضوابط	لجنة المخاطر	Risk/risk_committee.php	إدارة المخاطر المؤسسية	BUSINESS_DEPARTMENT	OWNED	VALID	CONFIRMED	أصليةٌ لهذه الإدارة	1		
822	إدارة المخاطر	CONTROL	الحوكمة والضوابط	الشهية وحدود التحمل	Risk/risk_appetite.php	إدارة المخاطر المؤسسية	BUSINESS_DEPARTMENT	OWNED	VALID	CONFIRMED	أصليةٌ لهذه الإدارة	1		
823	إدارة المخاطر	CONTROL	الحوكمة والضوابط	إعدادات المخاطر والتصنيف	Risk/risk_settings.php	إدارة المخاطر المؤسسية	BUSINESS_DEPARTMENT	OWNED	VALID	CONFIRMED	أصليةٌ لهذه الإدارة	1		
824	إدارة المخاطر	CONTROL	البيانات المرجعية والإعدادات	مخاطر الميدان	Risk/risk_field.php	إدارة المخاطر المؤسسية	BUSINESS_DEPARTMENT	OWNED	VALID	CONFIRMED	أصليةٌ لهذه الإدارة	3		
825	إدارة المخاطر	CONTROL	لوحة الإدارة	الرئيسية	main/role_board.php	مساحة العمل الشخصية	BUSINESS_DEPARTMENT	PERSONAL_SPACE	VALID	CONFIRMED	مساحةٌ شخصيةٌ مشتركةٌ فوقَ الإدارات	17		
826	إدارة المخاطر	CONTROL	لوحة الإدارة	المراسلات	chats/index.php	مساحة العمل الشخصية	PLATFORM_SHARED	PERSONAL_SPACE	VALID	CONFIRMED	مساحةٌ شخصيةٌ مشتركةٌ فوقَ الإدارات	17		
827	إدارة المخاطر	CONTROL	الشهية والمنهج	مساحة مخاطر الإدارة	Risk/dept_risk_space.php	إدارة المخاطر المؤسسية	BUSINESS_DEPARTMENT	OWNED	VALID	CONFIRMED	أصليةٌ لهذه الإدارة	14		
828	إدارة المخاطر	CONTROL	فريق العمل	إدارة المعاونين	main/project_users.php	مساحة العمل الشخصية	BUSINESS_DEPARTMENT	PERSONAL_SPACE	VALID	CONFIRMED	مساحةٌ شخصيةٌ مشتركةٌ فوقَ الإدارات	16		
829	المدير المالي	ROLE	مركز العمل	بوابتي	Portal/my_portal.php	مساحة العمل الشخصية	PLATFORM_SHARED	PERSONAL_SPACE	VALID	CONFIRMED	مساحةٌ شخصيةٌ مشتركةٌ فوقَ الإدارات	16		
830	المدير المالي	ROLE	ملفي الشخصي	مساحة عملي	main/my_workspace.php	مساحة العمل الشخصية	BUSINESS_DEPARTMENT	PERSONAL_SPACE	VALID	CONFIRMED	مساحةٌ شخصيةٌ مشتركةٌ فوقَ الإدارات	16		
831	المدير المالي	ROLE	استقبال البلاغات	البلاغات	Tickets/tickets_list.php	مركز البلاغات	BUSINESS_DEPARTMENT	SHARED_WORK_ITEM	VALID	CONFIRMED	مهمةٌ أو اعتمادٌ يصل المستخدمَ من إدارةٍ أخرى	16		
832	المدير المالي	ROLE	استقبال البلاغات	تسجيل بلاغ	Tickets/ticket_form.php	مركز البلاغات	BUSINESS_DEPARTMENT	UNRESOLVED	ERROR_SUSPECTED	PENDING	◆ لا تظهر إلا في هذه الإدارةِ ومالكُها غيرُها — يُراجَع المالك	1		
833	المدير المالي	ROLE	استقبال البلاغات	أبلغ عن مشكلة من هذه الشاشة	Tickets/ticket_contextual_open.php	مركز البلاغات	BUSINESS_DEPARTMENT	UNRESOLVED	VALID	PENDING	يلزم قرارُ المالك: منظرٌ مقيَّدٌ أم إزالة	13		
834	المدير المالي	ROLE	استقبال البلاغات	بلاغاتي	Tickets/my_tickets.php	مركز البلاغات	BUSINESS_DEPARTMENT	UNRESOLVED	ERROR_SUSPECTED	PENDING	◆ لا تظهر إلا في هذه الإدارةِ ومالكُها غيرُها — يُراجَع المالك	1		
835	المدير المالي	ROLE	لوحة الدور	الرئيسية	main/role_board.php	مساحة العمل الشخصية	BUSINESS_DEPARTMENT	PERSONAL_SPACE	VALID	CONFIRMED	مساحةٌ شخصيةٌ مشتركةٌ فوقَ الإدارات	17		
836	المدير المالي	ROLE	لوحة الدور	المراسلات	chats/index.php	مساحة العمل الشخصية	PLATFORM_SHARED	PERSONAL_SPACE	VALID	CONFIRMED	مساحةٌ شخصيةٌ مشتركةٌ فوقَ الإدارات	17		
837	المدير المالي	ROLE	لوحة الدور	الرئيسية	main/dashboard.php	مساحة العمل الشخصية	BUSINESS_DEPARTMENT	PERSONAL_SPACE	VALID	CONFIRMED	مساحةٌ شخصيةٌ مشتركةٌ فوقَ الإدارات	2		
838	المدير المالي	ROLE	السقوف وفصل الواجبات	سقوف سلطة الالتزام والدفع	Finance/tre_authority_caps.php	المالية والخزينة	BUSINESS_DEPARTMENT	OWNED	VALID	CONFIRMED	أصليةٌ لهذه الإدارة	2		
839	المدير المالي	ROLE	العمل اليومي	مركز التقارير	Reports/reports.php	مكتب الرئيس التنفيذي والنواب	BUSINESS_DEPARTMENT	UNRESOLVED	VALID	PENDING	يلزم قرارُ المالك: منظرٌ مقيَّدٌ أم إزالة	7		
840	المراجع الداخلي المستقل	CONTROL	المركز التنفيذي	مهامي	Portal/my_tasks.php	مكتب الرئيس التنفيذي والنواب	PLATFORM_SHARED	CONTROL_OVERSIGHT	VALID	CONFIRMED	جهةٌ رقابيةٌ — قراءةٌ بلا تعديلِ مستندِ المالك	17		
841	المراجع الداخلي المستقل	CONTROL	المركز التنفيذي	إنجازي	Portal/my_achievement.php	مكتب الرئيس التنفيذي والنواب	PLATFORM_SHARED	CONTROL_OVERSIGHT	VALID	CONFIRMED	جهةٌ رقابيةٌ — قراءةٌ بلا تعديلِ مستندِ المالك	16		
842	المراجع الداخلي المستقل	CONTROL	مركز العمل	بوابتي	Portal/my_portal.php	مساحة العمل الشخصية	PLATFORM_SHARED	PERSONAL_SPACE	VALID	CONFIRMED	مساحةٌ شخصيةٌ مشتركةٌ فوقَ الإدارات	16		
843	المراجع الداخلي المستقل	CONTROL	لوحة المراجعة الداخلية	تقارير الجهة المشرفة	Audit/iaf_reports.php	المراجع الداخلي المستقل	BUSINESS_DEPARTMENT	OWNED	VALID	CONFIRMED	أصليةٌ لهذه الإدارة	2		
844	المراجع الداخلي المستقل	CONTROL	الميثاق والخطة	ميثاق المراجعة الداخلية	Audit/iaf_charter.php	المراجع الداخلي المستقل	BUSINESS_DEPARTMENT	OWNED	VALID	CONFIRMED	أصليةٌ لهذه الإدارة	1		
845	المراجع الداخلي المستقل	CONTROL	الميثاق والخطة	سجل الاستقلال وتعارض المصالح	Audit/iaf_independence.php	المراجع الداخلي المستقل	BUSINESS_DEPARTMENT	OWNED	VALID	CONFIRMED	أصليةٌ لهذه الإدارة	1		
846	المراجع الداخلي المستقل	CONTROL	الميثاق والخطة	سجل الكون الرقابي	Audit/iaf_universe.php	المراجع الداخلي المستقل	BUSINESS_DEPARTMENT	OWNED	VALID	CONFIRMED	أصليةٌ لهذه الإدارة	1		
847	المراجع الداخلي المستقل	CONTROL	الميثاق والخطة	الخطة السنوية للمراجعة	Audit/iaf_plan.php	المراجع الداخلي المستقل	BUSINESS_DEPARTMENT	OWNED	VALID	CONFIRMED	أصليةٌ لهذه الإدارة	1		
848	المراجع الداخلي المستقل	CONTROL	تنفيذ المهمة وأدلتها	مهام المراجعة	Audit/iaf_engagements.php	المراجع الداخلي المستقل	BUSINESS_DEPARTMENT	OWNED	VALID	CONFIRMED	أصليةٌ لهذه الإدارة	1		
849	المراجع الداخلي المستقل	CONTROL	تنفيذ المهمة وأدلتها	أوراق العمل	Audit/iaf_workpapers.php	المراجع الداخلي المستقل	BUSINESS_DEPARTMENT	OWNED	VALID	CONFIRMED	أصليةٌ لهذه الإدارة	1		
850	المراجع الداخلي المستقل	CONTROL	تنفيذ المهمة وأدلتها	تقييم الجودة	Audit/iaf_quality.php	المراجع الداخلي المستقل	BUSINESS_DEPARTMENT	OWNED	VALID	CONFIRMED	أصليةٌ لهذه الإدارة	1		
851	المراجع الداخلي المستقل	CONTROL	تنفيذ المهمة وأدلتها	محاضر الإغلاق	Audit/iaf_closure.php	المراجع الداخلي المستقل	BUSINESS_DEPARTMENT	OWNED	VALID	CONFIRMED	أصليةٌ لهذه الإدارة	1		
852	المراجع الداخلي المستقل	CONTROL	الملاحظات والتوصيات	الملاحظات	Audit/iaf_findings.php	المراجع الداخلي المستقل	BUSINESS_DEPARTMENT	OWNED	VALID	CONFIRMED	أصليةٌ لهذه الإدارة	1		
853	المراجع الداخلي المستقل	CONTROL	الملاحظات والتوصيات	خطط المعالجة ومتابعتها	Audit/iaf_action_plans.php	المراجع الداخلي المستقل	BUSINESS_DEPARTMENT	OWNED	VALID	CONFIRMED	أصليةٌ لهذه الإدارة	1		
854	المراجع الداخلي المستقل	CONTROL	الملاحظات والتوصيات	ردود الإدارات على الملاحظات	Audit/iaf_responses.php	المراجع الداخلي المستقل	BUSINESS_DEPARTMENT	OWNED	VALID	CONFIRMED	أصليةٌ لهذه الإدارة	1		
855	المراجع الداخلي المستقل	CONTROL	المعاملات المالية الواردة	سجل الالتزامات	Finance/ob_register.php	المالية والخزينة	BUSINESS_DEPARTMENT	CONTROL_OVERSIGHT	VALID	CONFIRMED	جهةٌ رقابيةٌ — قراءةٌ بلا تعديلِ مستندِ المالك	2		
856	المراجع الداخلي المستقل	CONTROL	المعاملات المالية الواردة	جدول الاستحقاقات	Finance/ob_schedule.php	المالية والخزينة	BUSINESS_DEPARTMENT	CONTROL_OVERSIGHT	VALID	CONFIRMED	جهةٌ رقابيةٌ — قراءةٌ بلا تعديلِ مستندِ المالك	2		
857	المراجع الداخلي المستقل	CONTROL	المعاملات المالية الواردة	الملتزَم به وأثره في الموازنة	Finance/ob_commitments.php	المالية والخزينة	BUSINESS_DEPARTMENT	CONTROL_OVERSIGHT	VALID	CONFIRMED	جهةٌ رقابيةٌ — قراءةٌ بلا تعديلِ مستندِ المالك	2		
858	المراجع الداخلي المستقل	CONTROL	المعاملات المالية الواردة	المستحق قريبًا والتذكيرات	Finance/ob_due_soon.php	المالية والخزينة	BUSINESS_DEPARTMENT	CONTROL_OVERSIGHT	VALID	CONFIRMED	جهةٌ رقابيةٌ — قراءةٌ بلا تعديلِ مستندِ المالك	2		
859	المراجع الداخلي المستقل	CONTROL	المعاملات المالية الواردة	الالتزامات المتأخرة والذمم الدائنة	Finance/ob_overdue.php	المالية والخزينة	BUSINESS_DEPARTMENT	CONTROL_OVERSIGHT	VALID	CONFIRMED	جهةٌ رقابيةٌ — قراءةٌ بلا تعديلِ مستندِ المالك	2		
860	المراجع الداخلي المستقل	CONTROL	المعاملات المالية الواردة	آفاق الالتزامات الثلاثة	Finance/ob_horizon.php	المالية والخزينة	BUSINESS_DEPARTMENT	CONTROL_OVERSIGHT	VALID	CONFIRMED	جهةٌ رقابيةٌ — قراءةٌ بلا تعديلِ مستندِ المالك	2		
861	المراجع الداخلي المستقل	CONTROL	المعاملات المالية الواردة	الالتزامات المحتملة والإفصاح	Finance/ob_contingent.php	المالية والخزينة	BUSINESS_DEPARTMENT	CONTROL_OVERSIGHT	VALID	CONFIRMED	جهةٌ رقابيةٌ — قراءةٌ بلا تعديلِ مستندِ المالك	2		
862	المراجع الداخلي المستقل	CONTROL	المعاملات المالية الواردة	المرتجَع المالي للإدارات	Finance/acc_backflow.php	المالية والخزينة	BUSINESS_DEPARTMENT	UNRESOLVED	ERROR_SUSPECTED	PENDING	◆ لا تظهر إلا في هذه الإدارةِ ومالكُها غيرُها — يُراجَع المالك	1		
863	المراجع الداخلي المستقل	CONTROL	استقبال البلاغات	صندوقُ بلاغاتِ الإدارة	Tickets/tickets_list.php	مركز البلاغات	BUSINESS_DEPARTMENT	CONTROL_OVERSIGHT	VALID	CONFIRMED	جهةٌ رقابيةٌ — قراءةٌ بلا تعديلِ مستندِ المالك	16		
864	المراجع الداخلي المستقل	CONTROL	الترحيل والاعتمادات المالية	سلسلة الاعتماد الرباعية	Finance/acc_approval_chain.php	المالية والخزينة	BUSINESS_DEPARTMENT	UNRESOLVED	ERROR_SUSPECTED	PENDING	◆ لا تظهر إلا في هذه الإدارةِ ومالكُها غيرُها — يُراجَع المالك	1		
865	المراجع الداخلي المستقل	CONTROL	إقفال الفترة	مؤشرات جودة المحاسبة الاثنا عشر	Finance/ctrl_quality_kpis.php	المالية والخزينة	BUSINESS_DEPARTMENT	UNRESOLVED	ERROR_SUSPECTED	PENDING	◆ لا تظهر إلا في هذه الإدارةِ ومالكُها غيرُها — يُراجَع المالك	1		
866	المراجع الداخلي المستقل	CONTROL	إقفال الفترة	إشراف رئيس الحسابات على محاسبي التخصصات	Finance/ctrl_supervision.php	المالية والخزينة	BUSINESS_DEPARTMENT	UNRESOLVED	ERROR_SUSPECTED	PENDING	◆ لا تظهر إلا في هذه الإدارةِ ومالكُها غيرُها — يُراجَع المالك	1		
867	المراجع الداخلي المستقل	CONTROL	سجل الحركة المالية	مساحة عملي اليوم — محاسب التخصص	Finance/acc_my_day.php	المالية والخزينة	BUSINESS_DEPARTMENT	UNRESOLVED	ERROR_SUSPECTED	PENDING	◆ لا تظهر إلا في هذه الإدارةِ ومالكُها غيرُها — يُراجَع المالك	1		
868	المراجع الداخلي المستقل	CONTROL	سجل الحركة المالية	مصفوفة التوجيه لمحاسبي التخصصات	Finance/acc_routing_matrix.php	المالية والخزينة	BUSINESS_DEPARTMENT	UNRESOLVED	ERROR_SUSPECTED	PENDING	◆ لا تظهر إلا في هذه الإدارةِ ومالكُها غيرُها — يُراجَع المالك	1		
869	المراجع الداخلي المستقل	CONTROL	سجل الحركة المالية	التخصصات المحاسبية العشرة	Finance/acc_specializations.php	المالية والخزينة	BUSINESS_DEPARTMENT	UNRESOLVED	ERROR_SUSPECTED	PENDING	◆ لا تظهر إلا في هذه الإدارةِ ومالكُها غيرُها — يُراجَع المالك	1		
870	المراجع الداخلي المستقل	CONTROL	سجل الحركة المالية	الأحكام المنتشرة على الإدارات الست عشرة	Finance/ctrl_dept_propagation.php	المالية والخزينة	BUSINESS_DEPARTMENT	UNRESOLVED	ERROR_SUSPECTED	PENDING	◆ لا تظهر إلا في هذه الإدارةِ ومالكُها غيرُها — يُراجَع المالك	1		
871	المراجع الداخلي المستقل	CONTROL	سجل الحركة المالية	سجل بنود الوثائق وتغطيتها	Finance/ctrl_doc_registry.php	المالية والخزينة	BUSINESS_DEPARTMENT	UNRESOLVED	ERROR_SUSPECTED	PENDING	◆ لا تظهر إلا في هذه الإدارةِ ومالكُها غيرُها — يُراجَع المالك	1		
872	المراجع الداخلي المستقل	CONTROL	سجل الحركة المالية	الأدوار الثمانية داخل وحدة الخزينة	Finance/tre_unit_roles.php	المالية والخزينة	BUSINESS_DEPARTMENT	UNRESOLVED	ERROR_SUSPECTED	PENDING	◆ لا تظهر إلا في هذه الإدارةِ ومالكُها غيرُها — يُراجَع المالك	1		
873	المراجع الداخلي المستقل	CONTROL	سجل الحركة المالية	ترحيل الأدوار المالية القديمة	Finance/ctrl_role_migration.php	المالية والخزينة	BUSINESS_DEPARTMENT	UNRESOLVED	ERROR_SUSPECTED	PENDING	◆ لا تظهر إلا في هذه الإدارةِ ومالكُها غيرُها — يُراجَع المالك	1		
874	المراجع الداخلي المستقل	CONTROL	لوحة الدور	الرئيسية	main/role_board.php	مساحة العمل الشخصية	BUSINESS_DEPARTMENT	PERSONAL_SPACE	VALID	CONFIRMED	مساحةٌ شخصيةٌ مشتركةٌ فوقَ الإدارات	17		
875	المراجع الداخلي المستقل	CONTROL	لوحة الدور	المراسلات	chats/index.php	مساحة العمل الشخصية	PLATFORM_SHARED	PERSONAL_SPACE	VALID	CONFIRMED	مساحةٌ شخصيةٌ مشتركةٌ فوقَ الإدارات	17		
876	المراجع الداخلي المستقل	CONTROL	لوحة الدور	الرئيسية	main/dashboard.php	مساحة العمل الشخصية	BUSINESS_DEPARTMENT	PERSONAL_SPACE	VALID	CONFIRMED	مساحةٌ شخصيةٌ مشتركةٌ فوقَ الإدارات	2		
877	المراجع الداخلي المستقل	CONTROL	الميثاق والخطة والمهام	سجل اطّلاع المراجع الحساس	Audit/iaf_access_log.php	المراجع الداخلي المستقل	BUSINESS_DEPARTMENT	OWNED	VALID	CONFIRMED	أصليةٌ لهذه الإدارة	1		
878	المراجع الداخلي المستقل	CONTROL	الميثاق والخطة والمهام	صلاحيات المراجع داخل النظام	Audit/iaf_authorities.php	المراجع الداخلي المستقل	BUSINESS_DEPARTMENT	OWNED	VALID	CONFIRMED	أصليةٌ لهذه الإدارة	1		
879	المراجع الداخلي المستقل	CONTROL	الميثاق والخطة والمهام	اختصاصات المراجعة العشرون	Audit/iaf_competencies.php	المراجع الداخلي المستقل	BUSINESS_DEPARTMENT	OWNED	VALID	CONFIRMED	أصليةٌ لهذه الإدارة	1		
880	المراجع الداخلي المستقل	CONTROL	الميثاق والخطة والمهام	المصعَّد إلى الجهة المشرفة	Audit/iaf_escalations.php	المراجع الداخلي المستقل	BUSINESS_DEPARTMENT	OWNED	VALID	CONFIRMED	أصليةٌ لهذه الإدارة	1		
881	المراجع الداخلي المستقل	CONTROL	الإشراف والجودة والحدود	الحدود الصريحة — ما لا يملكه كل دور	Finance/ctrl_authority_limits.php	المالية والخزينة	BUSINESS_DEPARTMENT	UNRESOLVED	ERROR_SUSPECTED	PENDING	◆ لا تظهر إلا في هذه الإدارةِ ومالكُها غيرُها — يُراجَع المالك	1		
882	المراجع الداخلي المستقل	CONTROL	الإشراف والجودة والحدود	مخالفات الوثائق وحسمُها	Finance/ctrl_doc_variance.php	المالية والخزينة	BUSINESS_DEPARTMENT	UNRESOLVED	ERROR_SUSPECTED	PENDING	◆ لا تظهر إلا في هذه الإدارةِ ومالكُها غيرُها — يُراجَع المالك	1		
883	المراجع الداخلي المستقل	CONTROL	السقوف وفصل الواجبات	سقوف سلطة الالتزام والدفع	Finance/tre_authority_caps.php	المالية والخزينة	BUSINESS_DEPARTMENT	CONTROL_OVERSIGHT	VALID	CONFIRMED	جهةٌ رقابيةٌ — قراءةٌ بلا تعديلِ مستندِ المالك	2		
884	المراجع الداخلي المستقل	CONTROL	السقوف وفصل الواجبات	مراحل دورتي الدفع والقبض	Finance/tre_cycle_stages.php	المالية والخزينة	BUSINESS_DEPARTMENT	UNRESOLVED	ERROR_SUSPECTED	PENDING	◆ لا تظهر إلا في هذه الإدارةِ ومالكُها غيرُها — يُراجَع المالك	1		
885	المراجع الداخلي المستقل	CONTROL	السقوف وفصل الواجبات	مصفوفة فصل الواجبات الثلاثة عشر	Finance/tre_sod_matrix.php	المالية والخزينة	BUSINESS_DEPARTMENT	UNRESOLVED	ERROR_SUSPECTED	PENDING	◆ لا تظهر إلا في هذه الإدارةِ ومالكُها غيرُها — يُراجَع المالك	1		
886	المراجع الداخلي المستقل	CONTROL	التقارير للجهة المشرفة	موافقات التكليف	Portal/ceo_assignments.php	مساحة العمل الشخصية	BUSINESS_DEPARTMENT	PERSONAL_SPACE	VALID	CONFIRMED	مساحةٌ شخصيةٌ مشتركةٌ فوقَ الإدارات	2		
887	المراجع الداخلي المستقل	CONTROL	التقارير للجهة المشرفة	تقارير المراجعة الداخلية	Portal/ceo_audit_reports.php	مساحة العمل الشخصية	BUSINESS_DEPARTMENT	PERSONAL_SPACE	VALID	CONFIRMED	مساحةٌ شخصيةٌ مشتركةٌ فوقَ الإدارات	2		
