الشاشة,الجدول,"تسمية العمود",الحكم,"العمود المقترح",النوع,السبب,"قرار المالك"
ActivityLogs/activity_logs.php,activity_logs,الكيان,BOUND,entity,gov,"يبثُّه `ems_gov_ctx()` من `admin_companies` — موصولٌ سلفًا، لا عمل",
ActivityLogs/activity_logs.php,activity_logs,"المنشئ — الاسم والصفة",MANUAL,created_by,,"مشتقٌّ من `created_by` و`activity_logs` لا يحمله — يلزم قرار",
ActivityLogs/activity_logs.php,activity_logs,"تاريخ الإنشاء",BIND,created_at,derived,"مشتقٌّ من `created_at` القائمِ في `activity_logs` — بلا هجرة",
ActivityLogs/activity_logs.php,activity_logs,"المعتمد — الاسم والصفة",MANUAL,approved_by,,"مشتقٌّ من `approved_by` و`activity_logs` لا يحمله — يلزم قرار",
ActivityLogs/activity_logs.php,activity_logs,"تاريخ الاعتماد",MANUAL,approved_at,,"مشتقٌّ من `approved_at` و`activity_logs` لا يحمله — يلزم قرار",
ActivityLogs/activity_logs.php,activity_logs,"مرجع التفويض",MANUAL,,,"تسميةٌ علائقيةٌ (مرجعٌ لجدولٍ آخر) — عمودٌ نصيٌّ لها يزدوج المصدر",
ActivityLogs/activity_logs.php,activity_logs,الحالة,MANUAL,status,,"مشتقٌّ من `status` و`activity_logs` لا يحمله — يلزم قرار",
ActivityLogs/activity_logs.php,activity_logs,"المرجع الأب",MANUAL,,,"تسميةٌ علائقيةٌ (مرجعٌ لجدولٍ آخر) — عمودٌ نصيٌّ لها يزدوج المصدر",
ActivityLogs/activity_logs.php,activity_logs,المرفق,MANUAL,,,"تسميةٌ علائقيةٌ (مرجعٌ لجدولٍ آخر) — عمودٌ نصيٌّ لها يزدوج المصدر",
ActivityLogs/activity_logs.php,activity_logs,"مركز التكلفة",MANUAL,,,"تسميةٌ علائقيةٌ (مرجعٌ لجدولٍ آخر) — عمودٌ نصيٌّ لها يزدوج المصدر",
ActivityLogs/activity_logs.php,activity_logs,"سعر الصرف ومصدره",MANUAL,,,"تسميةٌ علائقيةٌ (مرجعٌ لجدولٍ آخر) — عمودٌ نصيٌّ لها يزدوج المصدر",
ActivityLogs/activity_logs.php,activity_logs,المستخدم,MANUAL,,,"ليست في المعجم — ولا يُخترع اسمُ عمودٍ لتسميةٍ لم تُدرَس",
ActivityLogs/activity_logs.php,activity_logs,الصفة,NEW,contact_title,text,"لا عمودَ له في `activity_logs` — يُنشأ **اختياريًّا** (NULL)",
ActivityLogs/activity_logs.php,activity_logs,الإدارة,NEW,department,text,"لا عمودَ له في `activity_logs` — يُنشأ **اختياريًّا** (NULL)",
ActivityLogs/activity_logs.php,activity_logs,"نوع العملية",MANUAL,,,"ليست في المعجم — ولا يُخترع اسمُ عمودٍ لتسميةٍ لم تُدرَس",
ActivityLogs/activity_logs.php,activity_logs,"السجل المتأثر",MANUAL,,,"ليست في المعجم — ولا يُخترع اسمُ عمودٍ لتسميةٍ لم تُدرَس",
ActivityLogs/activity_logs.php,activity_logs,"القيمة قبل",MANUAL,,,"ليست في المعجم — ولا يُخترع اسمُ عمودٍ لتسميةٍ لم تُدرَس",
ActivityLogs/activity_logs.php,activity_logs,"القيمة بعد",MANUAL,,,"ليست في المعجم — ولا يُخترع اسمُ عمودٍ لتسميةٍ لم تُدرَس",
ActivityLogs/activity_logs.php,activity_logs,"عنوان IP",MANUAL,,,"ليست في المعجم — ولا يُخترع اسمُ عمودٍ لتسميةٍ لم تُدرَس",
ActivityLogs/activity_logs.php,activity_logs,الجلسة,MANUAL,,,"ليست في المعجم — ولا يُخترع اسمُ عمودٍ لتسميةٍ لم تُدرَس",
ActivityLogs/activity_logs.php,activity_logs,"درجة حساسية البيان",MANUAL,,,"ليست في المعجم — ولا يُخترع اسمُ عمودٍ لتسميةٍ لم تُدرَس",
ActivityLogs/activity_logs.php,activity_logs,"نوع التسجيل",MANUAL,,,"ليست في المعجم — ولا يُخترع اسمُ عمودٍ لتسميةٍ لم تُدرَس",
Approvals/attribution_board.php,role_permissions,الكيان,BOUND,entity,gov,"يبثُّه `ems_gov_ctx()` من `admin_companies` — موصولٌ سلفًا، لا عمل",
Approvals/attribution_board.php,role_permissions,"المنشئ — الاسم والصفة",MANUAL,created_by,,"مشتقٌّ من `created_by` و`role_permissions` لا يحمله — يلزم قرار",
Approvals/attribution_board.php,role_permissions,"المعتمد — الاسم والصفة",MANUAL,approved_by,,"مشتقٌّ من `approved_by` و`role_permissions` لا يحمله — يلزم قرار",
Approvals/attribution_board.php,role_permissions,"مرجع التفويض",MANUAL,,,"تسميةٌ علائقيةٌ (مرجعٌ لجدولٍ آخر) — عمودٌ نصيٌّ لها يزدوج المصدر",
Approvals/attribution_board.php,role_permissions,"المرجع الأب",MANUAL,,,"تسميةٌ علائقيةٌ (مرجعٌ لجدولٍ آخر) — عمودٌ نصيٌّ لها يزدوج المصدر",
Approvals/attribution_board.php,role_permissions,"تاريخ الإنشاء",MANUAL,created_at,,"مشتقٌّ من `created_at` و`role_permissions` لا يحمله — يلزم قرار",
Approvals/attribution_board.php,role_permissions,"تاريخ الاعتماد",MANUAL,approved_at,,"مشتقٌّ من `approved_at` و`role_permissions` لا يحمله — يلزم قرار",
Approvals/hours_approval.php,timesheet_approvals,الكيان,BOUND,entity,gov,"يبثُّه `ems_gov_ctx()` من `admin_companies` — موصولٌ سلفًا، لا عمل",
Approvals/hours_approval.php,timesheet_approvals,"المنشئ — الاسم والصفة",MANUAL,created_by,,"مشتقٌّ من `created_by` و`timesheet_approvals` لا يحمله — يلزم قرار",
Approvals/hours_approval.php,timesheet_approvals,"المعتمد — الاسم والصفة",BIND,approved_by,derived,"مشتقٌّ من `approved_by` القائمِ في `timesheet_approvals` — بلا هجرة",
Approvals/hours_approval.php,timesheet_approvals,"مرجع التفويض",MANUAL,,,"تسميةٌ علائقيةٌ (مرجعٌ لجدولٍ آخر) — عمودٌ نصيٌّ لها يزدوج المصدر",
Approvals/hours_approval.php,timesheet_approvals,"المرجع الأب",MANUAL,,,"تسميةٌ علائقيةٌ (مرجعٌ لجدولٍ آخر) — عمودٌ نصيٌّ لها يزدوج المصدر",
Approvals/hours_approval.php,timesheet_approvals,"تاريخ الإنشاء",MANUAL,created_at,,"مشتقٌّ من `created_at` و`timesheet_approvals` لا يحمله — يلزم قرار",
Approvals/hours_approval.php,timesheet_approvals,"تاريخ الاعتماد",BIND,approved_at,derived,"مشتقٌّ من `approved_at` القائمِ في `timesheet_approvals` — بلا هجرة",
Approvals/hours_approval.php,timesheet_approvals,الحالة,BIND,status,derived,"مشتقٌّ من `status` القائمِ في `timesheet_approvals` — بلا هجرة",
Approvals/requests.php,,"المنشئ — الاسم والصفة",MANUAL,,,"جدولُ الشاشةِ لم يُستنبَط — لا يُقاس عمودٌ بلا جدول",
Approvals/requests.php,,"المعتمد — الاسم والصفة",MANUAL,,,"جدولُ الشاشةِ لم يُستنبَط — لا يُقاس عمودٌ بلا جدول",
Approvals/requests.php,,"مرجع التفويض",MANUAL,,,"جدولُ الشاشةِ لم يُستنبَط — لا يُقاس عمودٌ بلا جدول",
Approvals/requests.php,,"المرجع الأب",MANUAL,,,"جدولُ الشاشةِ لم يُستنبَط — لا يُقاس عمودٌ بلا جدول",
Approvals/requests.php,,"تاريخ الاعتماد",MANUAL,,,"جدولُ الشاشةِ لم يُستنبَط — لا يُقاس عمودٌ بلا جدول",
Clients/activities.php,activities,الكيان,BOUND,entity,gov,"يبثُّه `ems_gov_ctx()` من `admin_companies` — موصولٌ سلفًا، لا عمل",
Clients/activities.php,activities,"المنشئ — الاسم والصفة",BIND,created_by,derived,"مشتقٌّ من `created_by` القائمِ في `activities` — بلا هجرة",
Clients/activities.php,activities,"المعتمد — الاسم والصفة",MANUAL,approved_by,,"مشتقٌّ من `approved_by` و`activities` لا يحمله — يلزم قرار",
Clients/activities.php,activities,"مرجع التفويض",MANUAL,,,"تسميةٌ علائقيةٌ (مرجعٌ لجدولٍ آخر) — عمودٌ نصيٌّ لها يزدوج المصدر",
Clients/activities.php,activities,"المرجع الأب",MANUAL,,,"تسميةٌ علائقيةٌ (مرجعٌ لجدولٍ آخر) — عمودٌ نصيٌّ لها يزدوج المصدر",
Clients/activities.php,activities,"تاريخ الإنشاء",BIND,created_at,derived,"مشتقٌّ من `created_at` القائمِ في `activities` — بلا هجرة",
Clients/activities.php,activities,"تاريخ الاعتماد",MANUAL,approved_at,,"مشتقٌّ من `approved_at` و`activities` لا يحمله — يلزم قرار",
Clients/activities.php,activities,الحالة,MANUAL,status,,"مشتقٌّ من `status` و`activities` لا يحمله — يلزم قرار",
Clients/client_profile.php,project,الكيان,BOUND,entity,gov,"يبثُّه `ems_gov_ctx()` من `admin_companies` — موصولٌ سلفًا، لا عمل",
Clients/client_profile.php,project,"المنشئ — الاسم والصفة",BIND,created_by,derived,"مشتقٌّ من `created_by` القائمِ في `project` — بلا هجرة",
Clients/client_profile.php,project,"المعتمد — الاسم والصفة",MANUAL,approved_by,,"مشتقٌّ من `approved_by` و`project` لا يحمله — يلزم قرار",
Clients/client_profile.php,project,"مرجع التفويض",MANUAL,,,"تسميةٌ علائقيةٌ (مرجعٌ لجدولٍ آخر) — عمودٌ نصيٌّ لها يزدوج المصدر",
Clients/client_profile.php,project,"المرجع الأب",MANUAL,,,"تسميةٌ علائقيةٌ (مرجعٌ لجدولٍ آخر) — عمودٌ نصيٌّ لها يزدوج المصدر",
Clients/client_profile.php,project,"تاريخ الإنشاء",MANUAL,created_at,,"مشتقٌّ من `created_at` و`project` لا يحمله — يلزم قرار",
Clients/client_profile.php,project,"تاريخ الاعتماد",MANUAL,approved_at,,"مشتقٌّ من `approved_at` و`project` لا يحمله — يلزم قرار",
Clients/client_profile.php,project,الحالة,BIND,status,derived,"مشتقٌّ من `status` القائمِ في `project` — بلا هجرة",
Clients/client_profile.php,project,الكيان,MANUAL,entity,,"تسميتانِ في الشاشةِ تؤولانِ إلى `entity` — تصادمُ مفتاحٍ يلزمه قرار",
Clients/client_profile.php,project,"المنشئ — الاسم والصفة",MANUAL,created_by,,"تسميتانِ في الشاشةِ تؤولانِ إلى `created_by` — تصادمُ مفتاحٍ يلزمه قرار",
Clients/client_profile.php,project,"المعتمد — الاسم والصفة",MANUAL,approved_by,,"تسميتانِ في الشاشةِ تؤولانِ إلى `approved_by` — تصادمُ مفتاحٍ يلزمه قرار",
Clients/client_profile.php,project,"مرجع التفويض",MANUAL,,,"تسميةٌ علائقيةٌ (مرجعٌ لجدولٍ آخر) — عمودٌ نصيٌّ لها يزدوج المصدر",
Clients/client_profile.php,project,"المرجع الأب",MANUAL,,,"تسميةٌ علائقيةٌ (مرجعٌ لجدولٍ آخر) — عمودٌ نصيٌّ لها يزدوج المصدر",
Clients/client_profile.php,project,"تاريخ الإنشاء",MANUAL,created_at,,"تسميتانِ في الشاشةِ تؤولانِ إلى `created_at` — تصادمُ مفتاحٍ يلزمه قرار",
Clients/client_profile.php,project,"تاريخ الاعتماد",MANUAL,approved_at,,"تسميتانِ في الشاشةِ تؤولانِ إلى `approved_at` — تصادمُ مفتاحٍ يلزمه قرار",
Clients/client_profile.php,project,الحالة,MANUAL,status,,"تسميتانِ في الشاشةِ تؤولانِ إلى `status` — تصادمُ مفتاحٍ يلزمه قرار",
Clients/commercial_risks.php,commercial_risks,"رقم الخطر",MANUAL,,,"ليست في المعجم — ولا يُخترع اسمُ عمودٍ لتسميةٍ لم تُدرَس",
Clients/commercial_risks.php,commercial_risks,"تاريخ التسجيل",BIND,created_at,derived,"مشتقٌّ من `created_at` القائمِ في `commercial_risks` — بلا هجرة",
Clients/commercial_risks.php,commercial_risks,العقد,MANUAL,,,"تسميةٌ علائقيةٌ (مرجعٌ لجدولٍ آخر) — عمودٌ نصيٌّ لها يزدوج المصدر",
Clients/commercial_risks.php,commercial_risks,الاحتمال,MANUAL,,,"ليست في المعجم — ولا يُخترع اسمُ عمودٍ لتسميةٍ لم تُدرَس",
Clients/commercial_risks.php,commercial_risks,"الأثر المالي المقدر",MANUAL,,,"ليست في المعجم — ولا يُخترع اسمُ عمودٍ لتسميةٍ لم تُدرَس",
Clients/commercial_risks.php,commercial_risks,"خطة المعالجة",MANUAL,,,"ليست في المعجم — ولا يُخترع اسمُ عمودٍ لتسميةٍ لم تُدرَس",
Clients/commercial_risks.php,commercial_risks,"تاريخ المراجعة",MANUAL,,,"ليست في المعجم — ولا يُخترع اسمُ عمودٍ لتسميةٍ لم تُدرَس",
Clients/commercial_risks.php,commercial_risks,"حالة المعالجة",MANUAL,,,"ليست في المعجم — ولا يُخترع اسمُ عمودٍ لتسميةٍ لم تُدرَس",
Clients/commercial_risks.php,commercial_risks,الكيان,BOUND,entity,gov,"يبثُّه `ems_gov_ctx()` من `admin_companies` — موصولٌ سلفًا، لا عمل",
Clients/commercial_risks.php,commercial_risks,"مرجع التفويض",MANUAL,,,"تسميةٌ علائقيةٌ (مرجعٌ لجدولٍ آخر) — عمودٌ نصيٌّ لها يزدوج المصدر",
Clients/commercial_risks.php,commercial_risks,"تاريخ الاعتماد",MANUAL,approved_at,,"مشتقٌّ من `approved_at` و`commercial_risks` لا يحمله — يلزم قرار",
Clients/commercial_risks.php,commercial_risks,"تاريخ الإنشاء",MANUAL,created_at,,"تسميتانِ في الشاشةِ تؤولانِ إلى `created_at` — تصادمُ مفتاحٍ يلزمه قرار",
Clients/commercial_risks.php,commercial_risks,"المرجع الأب",MANUAL,,,"تسميةٌ علائقيةٌ (مرجعٌ لجدولٍ آخر) — عمودٌ نصيٌّ لها يزدوج المصدر",
Clients/commercial_risks.php,commercial_risks,"المنشئ — الاسم والصفة",BIND,created_by,derived,"مشتقٌّ من `created_by` القائمِ في `commercial_risks` — بلا هجرة",
Clients/commercial_risks.php,commercial_risks,"المعتمد — الاسم والصفة",MANUAL,approved_by,,"مشتقٌّ من `approved_by` و`commercial_risks` لا يحمله — يلزم قرار",
Clients/commercial_risks.php,commercial_risks,المرفق,MANUAL,,,"تسميةٌ علائقيةٌ (مرجعٌ لجدولٍ آخر) — عمودٌ نصيٌّ لها يزدوج المصدر",
Clients/commercial_risks.php,commercial_risks,العملة,MANUAL,,,"تسميةٌ علائقيةٌ (مرجعٌ لجدولٍ آخر) — عمودٌ نصيٌّ لها يزدوج المصدر",
Clients/contract_amendments.php,contract_amendments,"رقم الملحق",MANUAL,,,"ليست في المعجم — ولا يُخترع اسمُ عمودٍ لتسميةٍ لم تُدرَس",
Clients/contract_amendments.php,contract_amendments,"رقم النسخة",MANUAL,,,"ليست في المعجم — ولا يُخترع اسمُ عمودٍ لتسميةٍ لم تُدرَس",
Clients/contract_amendments.php,contract_amendments,"تاريخ السريان",NEW,effective_date,date,"لا عمودَ له في `contract_amendments` — يُنشأ **اختياريًّا** (NULL)",
Clients/contract_amendments.php,contract_amendments,"البند المعدل",MANUAL,,,"ليست في المعجم — ولا يُخترع اسمُ عمودٍ لتسميةٍ لم تُدرَس",
Clients/contract_amendments.php,contract_amendments,"القيمة قبل",MANUAL,,,"ليست في المعجم — ولا يُخترع اسمُ عمودٍ لتسميةٍ لم تُدرَس",
Clients/contract_amendments.php,contract_amendments,"القيمة بعد",MANUAL,,,"ليست في المعجم — ولا يُخترع اسمُ عمودٍ لتسميةٍ لم تُدرَس",
Clients/contract_amendments.php,contract_amendments,الفرق,MANUAL,,,"ليست في المعجم — ولا يُخترع اسمُ عمودٍ لتسميةٍ لم تُدرَس",
Clients/contract_amendments.php,contract_amendments,"مبرر التعديل",MANUAL,,,"ليست في المعجم — ولا يُخترع اسمُ عمودٍ لتسميةٍ لم تُدرَس",
Clients/contract_amendments.php,contract_amendments,"وقعه عنا",MANUAL,,,"ليست في المعجم — ولا يُخترع اسمُ عمودٍ لتسميةٍ لم تُدرَس",
Clients/contract_amendments.php,contract_amendments,"وقعه العميل",MANUAL,,,"ليست في المعجم — ولا يُخترع اسمُ عمودٍ لتسميةٍ لم تُدرَس",
Clients/contract_amendments.php,contract_amendments,"اعتمدته المالية",MANUAL,,,"ليست في المعجم — ولا يُخترع اسمُ عمودٍ لتسميةٍ لم تُدرَس",
Clients/contract_amendments.php,contract_amendments,الكيان,BOUND,entity,gov,"يبثُّه `ems_gov_ctx()` من `admin_companies` — موصولٌ سلفًا، لا عمل",
Clients/contract_amendments.php,contract_amendments,"مرجع التفويض",MANUAL,,,"تسميةٌ علائقيةٌ (مرجعٌ لجدولٍ آخر) — عمودٌ نصيٌّ لها يزدوج المصدر",
Clients/contract_amendments.php,contract_amendments,"تاريخ الاعتماد",MANUAL,approved_at,,"مشتقٌّ من `approved_at` و`contract_amendments` لا يحمله — يلزم قرار",
Clients/contract_amendments.php,contract_amendments,"تاريخ الإنشاء",BIND,created_at,derived,"مشتقٌّ من `created_at` القائمِ في `contract_amendments` — بلا هجرة",
Clients/contract_amendments.php,contract_amendments,"المنشئ — الاسم والصفة",BIND,created_by,derived,"مشتقٌّ من `created_by` القائمِ في `contract_amendments` — بلا هجرة",
Clients/contract_amendments.php,contract_amendments,الحالة,MANUAL,status,,"مشتقٌّ من `status` و`contract_amendments` لا يحمله — يلزم قرار",
Clients/contract_amendments.php,contract_amendments,"مفتاح منع التكرار",MANUAL,,,"تسميةٌ علائقيةٌ (مرجعٌ لجدولٍ آخر) — عمودٌ نصيٌّ لها يزدوج المصدر",
Clients/contract_amendments.php,contract_amendments,"معكوس ب",MANUAL,,,"تسميةٌ علائقيةٌ (مرجعٌ لجدولٍ آخر) — عمودٌ نصيٌّ لها يزدوج المصدر",
Clients/contract_amendments.php,contract_amendments,"عكس عن",MANUAL,,,"تسميةٌ علائقيةٌ (مرجعٌ لجدولٍ آخر) — عمودٌ نصيٌّ لها يزدوج المصدر",
Clients/contract_amendments.php,contract_amendments,"درجة الأثر",MANUAL,,,"تسميةٌ علائقيةٌ (مرجعٌ لجدولٍ آخر) — عمودٌ نصيٌّ لها يزدوج المصدر",
Clients/contract_amendments.php,contract_amendments,"مركز التكلفة",MANUAL,,,"تسميةٌ علائقيةٌ (مرجعٌ لجدولٍ آخر) — عمودٌ نصيٌّ لها يزدوج المصدر",
Clients/contract_amendments.php,contract_amendments,"سعر الصرف ومصدره",MANUAL,,,"تسميةٌ علائقيةٌ (مرجعٌ لجدولٍ آخر) — عمودٌ نصيٌّ لها يزدوج المصدر",
Clients/contract_amendments.php,contract_amendments,العملة,MANUAL,,,"تسميةٌ علائقيةٌ (مرجعٌ لجدولٍ آخر) — عمودٌ نصيٌّ لها يزدوج المصدر",
Clients/contract_amendments.php,contract_amendments,"المستند المرفق",MANUAL,,,"تسميةٌ علائقيةٌ (مرجعٌ لجدولٍ آخر) — عمودٌ نصيٌّ لها يزدوج المصدر",
Clients/contract_commitments.php,contract_commitments,الكيان,BOUND,entity,gov,"يبثُّه `ems_gov_ctx()` من `admin_companies` — موصولٌ سلفًا، لا عمل",
Clients/contract_commitments.php,contract_commitments,"المنشئ — الاسم والصفة",BIND,created_by,derived,"مشتقٌّ من `created_by` القائمِ في `contract_commitments` — بلا هجرة",
Clients/contract_commitments.php,contract_commitments,"المعتمد — الاسم والصفة",MANUAL,approved_by,,"مشتقٌّ من `approved_by` و`contract_commitments` لا يحمله — يلزم قرار",
Clients/contract_commitments.php,contract_commitments,"مرجع التفويض",MANUAL,,,"تسميةٌ علائقيةٌ (مرجعٌ لجدولٍ آخر) — عمودٌ نصيٌّ لها يزدوج المصدر",
Clients/contract_commitments.php,contract_commitments,"المرجع الأب",MANUAL,,,"تسميةٌ علائقيةٌ (مرجعٌ لجدولٍ آخر) — عمودٌ نصيٌّ لها يزدوج المصدر",
Clients/contract_commitments.php,contract_commitments,"تاريخ الإنشاء",BIND,created_at,derived,"مشتقٌّ من `created_at` القائمِ في `contract_commitments` — بلا هجرة",
Clients/contract_commitments.php,contract_commitments,"تاريخ الاعتماد",MANUAL,approved_at,,"مشتقٌّ من `approved_at` و`contract_commitments` لا يحمله — يلزم قرار",
Clients/contract_commitments.php,contract_commitments,الحالة,MANUAL,status,,"مشتقٌّ من `status` و`contract_commitments` لا يحمله — يلزم قرار",
Clients/contract_events.php,contract_events,"رقم الحدث",MANUAL,,,"ليست في المعجم — ولا يُخترع اسمُ عمودٍ لتسميةٍ لم تُدرَس",
Clients/contract_events.php,contract_events,الوصف,BIND,description,existing,"`description` قائمٌ في `contract_events` — وصلٌ بلا هجرة",
Clients/contract_events.php,contract_events,"المستند المرجعي",MANUAL,,,"ليست في المعجم — ولا يُخترع اسمُ عمودٍ لتسميةٍ لم تُدرَس",
Clients/contract_events.php,contract_events,"القيمة المتأثرة",MANUAL,,,"ليست في المعجم — ولا يُخترع اسمُ عمودٍ لتسميةٍ لم تُدرَس",
Clients/contract_events.php,contract_events,"الحالة قبل",MANUAL,,,"ليست في المعجم — ولا يُخترع اسمُ عمودٍ لتسميةٍ لم تُدرَس",
Clients/contract_events.php,contract_events,"الحالة بعد",MANUAL,,,"ليست في المعجم — ولا يُخترع اسمُ عمودٍ لتسميةٍ لم تُدرَس",
Clients/contract_events.php,contract_events,المستخدم,MANUAL,,,"ليست في المعجم — ولا يُخترع اسمُ عمودٍ لتسميةٍ لم تُدرَس",
Clients/contract_events.php,contract_events,الصفة,NEW,contact_title,text,"لا عمودَ له في `contract_events` — يُنشأ **اختياريًّا** (NULL)",
Clients/contract_events.php,contract_events,الكيان,BOUND,entity,gov,"يبثُّه `ems_gov_ctx()` من `admin_companies` — موصولٌ سلفًا، لا عمل",
Clients/contract_events.php,contract_events,"مركز التكلفة",MANUAL,,,"تسميةٌ علائقيةٌ (مرجعٌ لجدولٍ آخر) — عمودٌ نصيٌّ لها يزدوج المصدر",
Clients/contract_events.php,contract_events,"سعر الصرف ومصدره",MANUAL,,,"تسميةٌ علائقيةٌ (مرجعٌ لجدولٍ آخر) — عمودٌ نصيٌّ لها يزدوج المصدر",
Clients/contract_events.php,contract_events,العملة,MANUAL,,,"تسميةٌ علائقيةٌ (مرجعٌ لجدولٍ آخر) — عمودٌ نصيٌّ لها يزدوج المصدر",
Clients/pricelists.php,pricelists,"رقم القائمة",MANUAL,,,"ليست في المعجم — ولا يُخترع اسمُ عمودٍ لتسميةٍ لم تُدرَس",
Clients/pricelists.php,pricelists,"العميل أو الشريحة",MANUAL,,,"ليست في المعجم — ولا يُخترع اسمُ عمودٍ لتسميةٍ لم تُدرَس",
Clients/pricelists.php,pricelists,"اسم البند",MANUAL,,,"ليست في المعجم — ولا يُخترع اسمُ عمودٍ لتسميةٍ لم تُدرَس",
Clients/pricelists.php,pricelists,"سعر الوحدة",MANUAL,,,"ليست في المعجم — ولا يُخترع اسمُ عمودٍ لتسميةٍ لم تُدرَس",
Clients/pricelists.php,pricelists,"الحد الأدنى للكمية",MANUAL,,,"ليست في المعجم — ولا يُخترع اسمُ عمودٍ لتسميةٍ لم تُدرَس",
Clients/pricelists.php,pricelists,"الخصم المسموح",MANUAL,,,"ليست في المعجم — ولا يُخترع اسمُ عمودٍ لتسميةٍ لم تُدرَس",
Clients/pricelists.php,pricelists,"من تاريخ",NEW,date_from,date,"لا عمودَ له في `pricelists` — يُنشأ **اختياريًّا** (NULL)",
Clients/pricelists.php,pricelists,"إلى تاريخ",NEW,date_to,date,"لا عمودَ له في `pricelists` — يُنشأ **اختياريًّا** (NULL)",
Clients/pricelists.php,pricelists,اعتمدها,MANUAL,approved_by,,"مشتقٌّ من `approved_by` و`pricelists` لا يحمله — يلزم قرار",
Clients/pricelists.php,pricelists,الكيان,BOUND,entity,gov,"يبثُّه `ems_gov_ctx()` من `admin_companies` — موصولٌ سلفًا، لا عمل",
Clients/pricelists.php,pricelists,"تاريخ الاعتماد",MANUAL,approved_at,,"مشتقٌّ من `approved_at` و`pricelists` لا يحمله — يلزم قرار",
Clients/pricelists.php,pricelists,الحالة,MANUAL,status,,"مشتقٌّ من `status` و`pricelists` لا يحمله — يلزم قرار",
Clients/pricelists.php,pricelists,"مركز التكلفة",MANUAL,,,"تسميةٌ علائقيةٌ (مرجعٌ لجدولٍ آخر) — عمودٌ نصيٌّ لها يزدوج المصدر",
Clients/pricelists.php,pricelists,"سعر الصرف ومصدره",MANUAL,,,"تسميةٌ علائقيةٌ (مرجعٌ لجدولٍ آخر) — عمودٌ نصيٌّ لها يزدوج المصدر",
Clients/products.php,products,الفئة,NEW,category,text,"لا عمودَ له في `products` — يُنشأ **اختياريًّا** (NULL)",
Clients/products.php,products,"نموذج التسعير",MANUAL,,,"ليست في المعجم — ولا يُخترع اسمُ عمودٍ لتسميةٍ لم تُدرَس",
Clients/products.php,products,"الحساب الإيرادي",MANUAL,,,"ليست في المعجم — ولا يُخترع اسمُ عمودٍ لتسميةٍ لم تُدرَس",
Clients/products.php,products,"مركز الإيراد",MANUAL,,,"ليست في المعجم — ولا يُخترع اسمُ عمودٍ لتسميةٍ لم تُدرَس",
Clients/products.php,products,"نسبة الضريبة",MANUAL,,,"ليست في المعجم — ولا يُخترع اسمُ عمودٍ لتسميةٍ لم تُدرَس",
Clients/products.php,products,"قابل للخصم؟",MANUAL,,,"ليست في المعجم — ولا يُخترع اسمُ عمودٍ لتسميةٍ لم تُدرَس",
Clients/products.php,products,"الحد الأدنى للسعر",MANUAL,,,"ليست في المعجم — ولا يُخترع اسمُ عمودٍ لتسميةٍ لم تُدرَس",
Clients/products.php,products,"العملة الافتراضية",MANUAL,,,"ليست في المعجم — ولا يُخترع اسمُ عمودٍ لتسميةٍ لم تُدرَس",
Clients/products.php,products,"العقود المستعملة",MANUAL,,,"ليست في المعجم — ولا يُخترع اسمُ عمودٍ لتسميةٍ لم تُدرَس",
Clients/products.php,products,عرفه,BIND,created_by,derived,"مشتقٌّ من `created_by` القائمِ في `products` — بلا هجرة",
Clients/products.php,products,الكيان,BOUND,entity,gov,"يبثُّه `ems_gov_ctx()` من `admin_companies` — موصولٌ سلفًا، لا عمل",
Clients/products.php,products,الحالة,BIND,status,derived,"مشتقٌّ من `status` القائمِ في `products` — بلا هجرة",
Clients/products.php,products,"مركز التكلفة",MANUAL,,,"تسميةٌ علائقيةٌ (مرجعٌ لجدولٍ آخر) — عمودٌ نصيٌّ لها يزدوج المصدر",
Clients/products.php,products,"سعر الصرف ومصدره",MANUAL,,,"تسميةٌ علائقيةٌ (مرجعٌ لجدولٍ آخر) — عمودٌ نصيٌّ لها يزدوج المصدر",
Clients/quotations.php,quotations,"رقم العرض",MANUAL,,,"ليست في المعجم — ولا يُخترع اسمُ عمودٍ لتسميةٍ لم تُدرَس",
Clients/quotations.php,quotations,"تاريخ الإصدار",NEW,issue_date,date,"لا عمودَ له في `quotations` — يُنشأ **اختياريًّا** (NULL)",
Clients/quotations.php,quotations,"نموذج التسعير",MANUAL,,,"ليست في المعجم — ولا يُخترع اسمُ عمودٍ لتسميةٍ لم تُدرَس",
Clients/quotations.php,quotations,البند,MANUAL,,,"ليست في المعجم — ولا يُخترع اسمُ عمودٍ لتسميةٍ لم تُدرَس",
Clients/quotations.php,quotations,الكمية,MANUAL,,,"ليست في المعجم — ولا يُخترع اسمُ عمودٍ لتسميةٍ لم تُدرَس",
Clients/quotations.php,quotations,"سعر الوحدة",MANUAL,,,"ليست في المعجم — ولا يُخترع اسمُ عمودٍ لتسميةٍ لم تُدرَس",
Clients/quotations.php,quotations,الإجمالي,MANUAL,,,"ليست في المعجم — ولا يُخترع اسمُ عمودٍ لتسميةٍ لم تُدرَس",
Clients/quotations.php,quotations,"مدة سريان العرض",MANUAL,,,"ليست في المعجم — ولا يُخترع اسمُ عمودٍ لتسميةٍ لم تُدرَس",
Clients/quotations.php,quotations,"شروط الدفع",MANUAL,,,"ليست في المعجم — ولا يُخترع اسمُ عمودٍ لتسميةٍ لم تُدرَس",
Clients/quotations.php,quotations,"شروط التسليم",MANUAL,,,"ليست في المعجم — ولا يُخترع اسمُ عمودٍ لتسميةٍ لم تُدرَس",
Clients/quotations.php,quotations,النسخة,MANUAL,,,"ليست في المعجم — ولا يُخترع اسمُ عمودٍ لتسميةٍ لم تُدرَس",
Clients/quotations.php,quotations,أعده,BIND,created_by,derived,"مشتقٌّ من `created_by` القائمِ في `quotations` — بلا هجرة",
Clients/quotations.php,quotations,اعتمده,MANUAL,approved_by,,"مشتقٌّ من `approved_by` و`quotations` لا يحمله — يلزم قرار",
Clients/quotations.php,quotations,"تاريخ الإرسال",MANUAL,,,"ليست في المعجم — ولا يُخترع اسمُ عمودٍ لتسميةٍ لم تُدرَس",
Clients/quotations.php,quotations,"حالة العميل",MANUAL,,,"ليست في المعجم — ولا يُخترع اسمُ عمودٍ لتسميةٍ لم تُدرَس",
Clients/quotations.php,quotations,الكيان,BOUND,entity,gov,"يبثُّه `ems_gov_ctx()` من `admin_companies` — موصولٌ سلفًا، لا عمل",
Clients/quotations.php,quotations,"مرجع التفويض",MANUAL,,,"تسميةٌ علائقيةٌ (مرجعٌ لجدولٍ آخر) — عمودٌ نصيٌّ لها يزدوج المصدر",
Clients/quotations.php,quotations,"تاريخ الاعتماد",MANUAL,approved_at,,"مشتقٌّ من `approved_at` و`quotations` لا يحمله — يلزم قرار",
Clients/quotations.php,quotations,"تاريخ الإنشاء",BIND,created_at,derived,"مشتقٌّ من `created_at` القائمِ في `quotations` — بلا هجرة",
Clients/quotations.php,quotations,"المرجع الأب",MANUAL,,,"تسميةٌ علائقيةٌ (مرجعٌ لجدولٍ آخر) — عمودٌ نصيٌّ لها يزدوج المصدر",
Clients/quotations.php,quotations,المرفق,MANUAL,,,"تسميةٌ علائقيةٌ (مرجعٌ لجدولٍ آخر) — عمودٌ نصيٌّ لها يزدوج المصدر",
Clients/quotations.php,quotations,"مركز التكلفة",MANUAL,,,"تسميةٌ علائقيةٌ (مرجعٌ لجدولٍ آخر) — عمودٌ نصيٌّ لها يزدوج المصدر",
Clients/quotations.php,quotations,"سعر الصرف ومصدره",MANUAL,,,"تسميةٌ علائقيةٌ (مرجعٌ لجدولٍ آخر) — عمودٌ نصيٌّ لها يزدوج المصدر",
Clients/quotations.php,quotations,العملة,MANUAL,,,"تسميةٌ علائقيةٌ (مرجعٌ لجدولٍ آخر) — عمودٌ نصيٌّ لها يزدوج المصدر",
Clients/rate_books.php,rate_book_lines,الكيان,BOUND,entity,gov,"يبثُّه `ems_gov_ctx()` من `admin_companies` — موصولٌ سلفًا، لا عمل",
Clients/rate_books.php,rate_book_lines,"المنشئ — الاسم والصفة",BIND,created_by,derived,"مشتقٌّ من `created_by` القائمِ في `rate_book_lines` — بلا هجرة",
Clients/rate_books.php,rate_book_lines,"المعتمد — الاسم والصفة",MANUAL,approved_by,,"مشتقٌّ من `approved_by` و`rate_book_lines` لا يحمله — يلزم قرار",
Clients/rate_books.php,rate_book_lines,"مرجع التفويض",MANUAL,,,"تسميةٌ علائقيةٌ (مرجعٌ لجدولٍ آخر) — عمودٌ نصيٌّ لها يزدوج المصدر",
Clients/rate_books.php,rate_book_lines,"المرجع الأب",MANUAL,,,"تسميةٌ علائقيةٌ (مرجعٌ لجدولٍ آخر) — عمودٌ نصيٌّ لها يزدوج المصدر",
Clients/rate_books.php,rate_book_lines,"تاريخ الإنشاء",BIND,created_at,derived,"مشتقٌّ من `created_at` القائمِ في `rate_book_lines` — بلا هجرة",
Clients/rate_books.php,rate_book_lines,"تاريخ الاعتماد",MANUAL,approved_at,,"مشتقٌّ من `approved_at` و`rate_book_lines` لا يحمله — يلزم قرار",
Clients/rate_books.php,rate_book_lines,الحالة,MANUAL,status,,"مشتقٌّ من `status` و`rate_book_lines` لا يحمله — يلزم قرار",
Clients/readiness_lines.php,readiness_lines,الكيان,BOUND,entity,gov,"يبثُّه `ems_gov_ctx()` من `admin_companies` — موصولٌ سلفًا، لا عمل",
Clients/readiness_lines.php,readiness_lines,"المنشئ — الاسم والصفة",BIND,created_by,derived,"مشتقٌّ من `created_by` القائمِ في `readiness_lines` — بلا هجرة",
Clients/readiness_lines.php,readiness_lines,"المعتمد — الاسم والصفة",MANUAL,approved_by,,"مشتقٌّ من `approved_by` و`readiness_lines` لا يحمله — يلزم قرار",
Clients/readiness_lines.php,readiness_lines,"مرجع التفويض",MANUAL,,,"تسميةٌ علائقيةٌ (مرجعٌ لجدولٍ آخر) — عمودٌ نصيٌّ لها يزدوج المصدر",
Clients/readiness_lines.php,readiness_lines,"المرجع الأب",MANUAL,,,"تسميةٌ علائقيةٌ (مرجعٌ لجدولٍ آخر) — عمودٌ نصيٌّ لها يزدوج المصدر",
Clients/readiness_lines.php,readiness_lines,"تاريخ الإنشاء",BIND,created_at,derived,"مشتقٌّ من `created_at` القائمِ في `readiness_lines` — بلا هجرة",
Clients/readiness_lines.php,readiness_lines,"تاريخ الاعتماد",MANUAL,approved_at,,"مشتقٌّ من `approved_at` و`readiness_lines` لا يحمله — يلزم قرار",
Clients/tenders.php,tenders,الكيان,BOUND,entity,gov,"يبثُّه `ems_gov_ctx()` من `admin_companies` — موصولٌ سلفًا، لا عمل",
Clients/tenders.php,tenders,"المنشئ — الاسم والصفة",BIND,created_by,derived,"مشتقٌّ من `created_by` القائمِ في `tenders` — بلا هجرة",
Clients/tenders.php,tenders,"المعتمد — الاسم والصفة",MANUAL,approved_by,,"مشتقٌّ من `approved_by` و`tenders` لا يحمله — يلزم قرار",
Clients/tenders.php,tenders,"مرجع التفويض",MANUAL,,,"تسميةٌ علائقيةٌ (مرجعٌ لجدولٍ آخر) — عمودٌ نصيٌّ لها يزدوج المصدر",
Clients/tenders.php,tenders,"المرجع الأب",MANUAL,,,"تسميةٌ علائقيةٌ (مرجعٌ لجدولٍ آخر) — عمودٌ نصيٌّ لها يزدوج المصدر",
Clients/tenders.php,tenders,"تاريخ الإنشاء",BIND,created_at,derived,"مشتقٌّ من `created_at` القائمِ في `tenders` — بلا هجرة",
Clients/tenders.php,tenders,"تاريخ الاعتماد",MANUAL,approved_at,,"مشتقٌّ من `approved_at` و`tenders` لا يحمله — يلزم قرار",
Clients/tenders.php,tenders,الحالة,MANUAL,status,,"مشتقٌّ من `status` و`tenders` لا يحمله — يلزم قرار",
Clients/units_of_measure.php,units_of_measure,النوع,MANUAL,,,"ليست في المعجم — ولا يُخترع اسمُ عمودٍ لتسميةٍ لم تُدرَس",
Clients/units_of_measure.php,units_of_measure,"الوحدة الأساسية",MANUAL,,,"ليست في المعجم — ولا يُخترع اسمُ عمودٍ لتسميةٍ لم تُدرَس",
Clients/units_of_measure.php,units_of_measure,"عدد المنازل العشرية",MANUAL,,,"ليست في المعجم — ولا يُخترع اسمُ عمودٍ لتسميةٍ لم تُدرَس",
Clients/units_of_measure.php,units_of_measure,"يستعمل في",MANUAL,,,"ليست في المعجم — ولا يُخترع اسمُ عمودٍ لتسميةٍ لم تُدرَس",
Clients/units_of_measure.php,units_of_measure,عرفها,BIND,created_by,derived,"مشتقٌّ من `created_by` القائمِ في `units_of_measure` — بلا هجرة",
Clients/units_of_measure.php,units_of_measure,الكيان,BOUND,entity,gov,"يبثُّه `ems_gov_ctx()` من `admin_companies` — موصولٌ سلفًا، لا عمل",
Clients/units_of_measure.php,units_of_measure,الحالة,BIND,status,derived,"مشتقٌّ من `status` القائمِ في `units_of_measure` — بلا هجرة",
Contracts/claims.php,claims,"وصف البند",MANUAL,,,"ليست في المعجم — ولا يُخترع اسمُ عمودٍ لتسميةٍ لم تُدرَس",
Contracts/claims.php,claims,الجزاءات,MANUAL,,,"ليست في المعجم — ولا يُخترع اسمُ عمودٍ لتسميةٍ لم تُدرَس",
Contracts/claims.php,claims,الحوافز,MANUAL,,,"ليست في المعجم — ولا يُخترع اسمُ عمودٍ لتسميةٍ لم تُدرَس",
Contracts/claims.php,claims,"خصم المقدم",MANUAL,,,"ليست في المعجم — ولا يُخترع اسمُ عمودٍ لتسميةٍ لم تُدرَس",
Contracts/claims.php,claims,"محتجز الضمان",MANUAL,,,"ليست في المعجم — ولا يُخترع اسمُ عمودٍ لتسميةٍ لم تُدرَس",
Contracts/claims.php,claims,"تاريخ إرسال العميل",MANUAL,,,"ليست في المعجم — ولا يُخترع اسمُ عمودٍ لتسميةٍ لم تُدرَس",
Contracts/claims.php,claims,"تاريخ اعتماد العميل",MANUAL,,,"ليست في المعجم — ولا يُخترع اسمُ عمودٍ لتسميةٍ لم تُدرَس",
Contracts/claims.php,claims,أعده,BIND,created_by,derived,"مشتقٌّ من `created_by` القائمِ في `claims` — بلا هجرة",
Contracts/claims.php,claims,اعتمده,BIND,approved_by,derived,"مشتقٌّ من `approved_by` القائمِ في `claims` — بلا هجرة",
Contracts/claims.php,claims,الكيان,BOUND,entity,gov,"يبثُّه `ems_gov_ctx()` من `admin_companies` — موصولٌ سلفًا، لا عمل",
Contracts/claims.php,claims,"مرجع التفويض",MANUAL,,,"تسميةٌ علائقيةٌ (مرجعٌ لجدولٍ آخر) — عمودٌ نصيٌّ لها يزدوج المصدر",
Contracts/claims.php,claims,"تاريخ الاعتماد",BIND,approved_at,derived,"مشتقٌّ من `approved_at` القائمِ في `claims` — بلا هجرة",
Contracts/claims.php,claims,"تاريخ الإنشاء",BIND,created_at,derived,"مشتقٌّ من `created_at` القائمِ في `claims` — بلا هجرة",
Contracts/claims.php,claims,"المرجع الأب",MANUAL,,,"تسميةٌ علائقيةٌ (مرجعٌ لجدولٍ آخر) — عمودٌ نصيٌّ لها يزدوج المصدر",
Contracts/claims.php,claims,"مفتاح منع التكرار",MANUAL,,,"تسميةٌ علائقيةٌ (مرجعٌ لجدولٍ آخر) — عمودٌ نصيٌّ لها يزدوج المصدر",
Contracts/claims.php,claims,"معكوس ب",MANUAL,,,"تسميةٌ علائقيةٌ (مرجعٌ لجدولٍ آخر) — عمودٌ نصيٌّ لها يزدوج المصدر",
Contracts/claims.php,claims,"عكس عن",MANUAL,,,"تسميةٌ علائقيةٌ (مرجعٌ لجدولٍ آخر) — عمودٌ نصيٌّ لها يزدوج المصدر",
Contracts/claims.php,claims,"درجة الأثر",MANUAL,,,"تسميةٌ علائقيةٌ (مرجعٌ لجدولٍ آخر) — عمودٌ نصيٌّ لها يزدوج المصدر",
Contracts/claims.php,claims,المرفق,MANUAL,,,"تسميةٌ علائقيةٌ (مرجعٌ لجدولٍ آخر) — عمودٌ نصيٌّ لها يزدوج المصدر",
Contracts/claims.php,claims,"مركز التكلفة",MANUAL,,,"تسميةٌ علائقيةٌ (مرجعٌ لجدولٍ آخر) — عمودٌ نصيٌّ لها يزدوج المصدر",
Contracts/claims.php,claims,"سعر الصرف ومصدره",MANUAL,,,"تسميةٌ علائقيةٌ (مرجعٌ لجدولٍ آخر) — عمودٌ نصيٌّ لها يزدوج المصدر",
Contracts/client_statement.php,role_permissions,"رقم الكشف",MANUAL,,,"ليست في المعجم — ولا يُخترع اسمُ عمودٍ لتسميةٍ لم تُدرَس",
Contracts/client_statement.php,role_permissions,العميل,MANUAL,,,"ليست في المعجم — ولا يُخترع اسمُ عمودٍ لتسميةٍ لم تُدرَس",
Contracts/client_statement.php,role_permissions,الفترة,MANUAL,,,"تسميةٌ علائقيةٌ (مرجعٌ لجدولٍ آخر) — عمودٌ نصيٌّ لها يزدوج المصدر",
Contracts/client_statement.php,role_permissions,"رصيد أول المدة",MANUAL,,,"ليست في المعجم — ولا يُخترع اسمُ عمودٍ لتسميةٍ لم تُدرَس",
Contracts/client_statement.php,role_permissions,"فواتير الفترة",MANUAL,,,"ليست في المعجم — ولا يُخترع اسمُ عمودٍ لتسميةٍ لم تُدرَس",
Contracts/client_statement.php,role_permissions,"إشعارات دائنة",MANUAL,,,"ليست في المعجم — ولا يُخترع اسمُ عمودٍ لتسميةٍ لم تُدرَس",
Contracts/client_statement.php,role_permissions,"تحصيلات الفترة",MANUAL,,,"ليست في المعجم — ولا يُخترع اسمُ عمودٍ لتسميةٍ لم تُدرَس",
Contracts/client_statement.php,role_permissions,"خصم المقدم",MANUAL,,,"ليست في المعجم — ولا يُخترع اسمُ عمودٍ لتسميةٍ لم تُدرَس",
Contracts/client_statement.php,role_permissions,"محتجز الضمان",MANUAL,,,"ليست في المعجم — ولا يُخترع اسمُ عمودٍ لتسميةٍ لم تُدرَس",
Contracts/client_statement.php,role_permissions,"رصيد آخر المدة",MANUAL,,,"ليست في المعجم — ولا يُخترع اسمُ عمودٍ لتسميةٍ لم تُدرَس",
Contracts/client_statement.php,role_permissions,"المعادل بعملة الدفاتر",MANUAL,,,"ليست في المعجم — ولا يُخترع اسمُ عمودٍ لتسميةٍ لم تُدرَس",
Contracts/client_statement.php,role_permissions,"أقدم فاتورة غير مسددة",MANUAL,,,"ليست في المعجم — ولا يُخترع اسمُ عمودٍ لتسميةٍ لم تُدرَس",
Contracts/client_statement.php,role_permissions,"أيام التأخر",MANUAL,,,"ليست في المعجم — ولا يُخترع اسمُ عمودٍ لتسميةٍ لم تُدرَس",
Contracts/client_statement.php,role_permissions,"حالة مطابقة العميل",MANUAL,,,"ليست في المعجم — ولا يُخترع اسمُ عمودٍ لتسميةٍ لم تُدرَس",
Contracts/client_statement.php,role_permissions,أصدره,MANUAL,created_by,,"مشتقٌّ من `created_by` و`role_permissions` لا يحمله — يلزم قرار",
Contracts/client_statement.php,role_permissions,اعتمده,MANUAL,approved_by,,"مشتقٌّ من `approved_by` و`role_permissions` لا يحمله — يلزم قرار",
Contracts/client_statement.php,role_permissions,الكيان,BOUND,entity,gov,"يبثُّه `ems_gov_ctx()` من `admin_companies` — موصولٌ سلفًا، لا عمل",
Contracts/client_statement.php,role_permissions,"مرجع التفويض",MANUAL,,,"تسميةٌ علائقيةٌ (مرجعٌ لجدولٍ آخر) — عمودٌ نصيٌّ لها يزدوج المصدر",
Contracts/client_statement.php,role_permissions,"تاريخ الاعتماد",MANUAL,approved_at,,"مشتقٌّ من `approved_at` و`role_permissions` لا يحمله — يلزم قرار",
Contracts/client_statement.php,role_permissions,"المرجع الأب",MANUAL,,,"تسميةٌ علائقيةٌ (مرجعٌ لجدولٍ آخر) — عمودٌ نصيٌّ لها يزدوج المصدر",
Contracts/client_statement.php,role_permissions,الحالة,MANUAL,status,,"مشتقٌّ من `status` و`role_permissions` لا يحمله — يلزم قرار",
Contracts/client_statement.php,role_permissions,"سجل الاطلاع",MANUAL,,,"تسميةٌ علائقيةٌ (مرجعٌ لجدولٍ آخر) — عمودٌ نصيٌّ لها يزدوج المصدر",
Contracts/client_statement.php,role_permissions,المرفق,MANUAL,,,"تسميةٌ علائقيةٌ (مرجعٌ لجدولٍ آخر) — عمودٌ نصيٌّ لها يزدوج المصدر",
Contracts/client_statement.php,role_permissions,"مركز التكلفة",MANUAL,,,"تسميةٌ علائقيةٌ (مرجعٌ لجدولٍ آخر) — عمودٌ نصيٌّ لها يزدوج المصدر",
Contracts/client_statement.php,role_permissions,"سعر الصرف ومصدره",MANUAL,,,"تسميةٌ علائقيةٌ (مرجعٌ لجدولٍ آخر) — عمودٌ نصيٌّ لها يزدوج المصدر",
Contracts/collections.php,role_permissions,العميل,MANUAL,,,"ليست في المعجم — ولا يُخترع اسمُ عمودٍ لتسميةٍ لم تُدرَس",
Contracts/collections.php,role_permissions,العقد,MANUAL,,,"تسميةٌ علائقيةٌ (مرجعٌ لجدولٍ آخر) — عمودٌ نصيٌّ لها يزدوج المصدر",
Contracts/collections.php,role_permissions,"قيمة الفاتورة",MANUAL,,,"ليست في المعجم — ولا يُخترع اسمُ عمودٍ لتسميةٍ لم تُدرَس",
Contracts/collections.php,role_permissions,الرصيد,MANUAL,,,"ليست في المعجم — ولا يُخترع اسمُ عمودٍ لتسميةٍ لم تُدرَس",
Contracts/collections.php,role_permissions,"العملة المقبوضة فعلا",MANUAL,,,"ليست في المعجم — ولا يُخترع اسمُ عمودٍ لتسميةٍ لم تُدرَس",
Contracts/collections.php,role_permissions,"سعر الصرف عند القبض",MANUAL,,,"ليست في المعجم — ولا يُخترع اسمُ عمودٍ لتسميةٍ لم تُدرَس",
Contracts/collections.php,role_permissions,"المعادل بعملة الدفاتر",MANUAL,,,"ليست في المعجم — ولا يُخترع اسمُ عمودٍ لتسميةٍ لم تُدرَس",
Contracts/collections.php,role_permissions,"إتاحة النقد للاستخدام",MANUAL,,,"ليست في المعجم — ولا يُخترع اسمُ عمودٍ لتسميةٍ لم تُدرَس",
Contracts/collections.php,role_permissions,"قيود تحويل قائمة",MANUAL,,,"ليست في المعجم — ولا يُخترع اسمُ عمودٍ لتسميةٍ لم تُدرَس",
Contracts/collections.php,role_permissions,"أيام التأخر",MANUAL,,,"ليست في المعجم — ولا يُخترع اسمُ عمودٍ لتسميةٍ لم تُدرَس",
Contracts/collections.php,role_permissions,"شريحة العمر",MANUAL,,,"ليست في المعجم — ولا يُخترع اسمُ عمودٍ لتسميةٍ لم تُدرَس",
Contracts/collections.php,role_permissions,"حالة التحصيل",MANUAL,,,"ليست في المعجم — ولا يُخترع اسمُ عمودٍ لتسميةٍ لم تُدرَس",
Contracts/collections.php,role_permissions,"خطة التحصيل",MANUAL,,,"ليست في المعجم — ولا يُخترع اسمُ عمودٍ لتسميةٍ لم تُدرَس",
Contracts/collections.php,role_permissions,المسؤول,NEW,responsible,text,"لا عمودَ له في `role_permissions` — يُنشأ **اختياريًّا** (NULL)",
Contracts/collections.php,role_permissions,الكيان,BOUND,entity,gov,"يبثُّه `ems_gov_ctx()` من `admin_companies` — موصولٌ سلفًا، لا عمل",
Contracts/collections.php,role_permissions,"تاريخ الاعتماد",MANUAL,approved_at,,"مشتقٌّ من `approved_at` و`role_permissions` لا يحمله — يلزم قرار",
Contracts/collections.php,role_permissions,"تاريخ الإنشاء",MANUAL,created_at,,"مشتقٌّ من `created_at` و`role_permissions` لا يحمله — يلزم قرار",
Contracts/collections.php,role_permissions,"المرجع الأب",MANUAL,,,"تسميةٌ علائقيةٌ (مرجعٌ لجدولٍ آخر) — عمودٌ نصيٌّ لها يزدوج المصدر",
Contracts/collections.php,role_permissions,"المنشئ — الاسم والصفة",MANUAL,created_by,,"مشتقٌّ من `created_by` و`role_permissions` لا يحمله — يلزم قرار",
Contracts/collections.php,role_permissions,"المعتمد — الاسم والصفة",MANUAL,approved_by,,"مشتقٌّ من `approved_by` و`role_permissions` لا يحمله — يلزم قرار",
Contracts/collections.php,role_permissions,المرفق,MANUAL,,,"تسميةٌ علائقيةٌ (مرجعٌ لجدولٍ آخر) — عمودٌ نصيٌّ لها يزدوج المصدر",
Contracts/collections.php,role_permissions,"مركز التكلفة",MANUAL,,,"تسميةٌ علائقيةٌ (مرجعٌ لجدولٍ آخر) — عمودٌ نصيٌّ لها يزدوج المصدر",
Contracts/collections.php,role_permissions,"سعر الصرف ومصدره",MANUAL,,,"تسميةٌ علائقيةٌ (مرجعٌ لجدولٍ آخر) — عمودٌ نصيٌّ لها يزدوج المصدر",
Contracts/commercial_board.php,role_permissions,الكيان,BOUND,entity,gov,"يبثُّه `ems_gov_ctx()` من `admin_companies` — موصولٌ سلفًا، لا عمل",
Contracts/commercial_board.php,role_permissions,"المنشئ — الاسم والصفة",MANUAL,created_by,,"مشتقٌّ من `created_by` و`role_permissions` لا يحمله — يلزم قرار",
Contracts/commercial_board.php,role_permissions,"المعتمد — الاسم والصفة",MANUAL,approved_by,,"مشتقٌّ من `approved_by` و`role_permissions` لا يحمله — يلزم قرار",
Contracts/commercial_board.php,role_permissions,"مرجع التفويض",MANUAL,,,"تسميةٌ علائقيةٌ (مرجعٌ لجدولٍ آخر) — عمودٌ نصيٌّ لها يزدوج المصدر",
Contracts/commercial_board.php,role_permissions,"المرجع الأب",MANUAL,,,"تسميةٌ علائقيةٌ (مرجعٌ لجدولٍ آخر) — عمودٌ نصيٌّ لها يزدوج المصدر",
Contracts/commercial_board.php,role_permissions,"تاريخ الإنشاء",MANUAL,created_at,,"مشتقٌّ من `created_at` و`role_permissions` لا يحمله — يلزم قرار",
Contracts/commercial_board.php,role_permissions,"تاريخ الاعتماد",MANUAL,approved_at,,"مشتقٌّ من `approved_at` و`role_permissions` لا يحمله — يلزم قرار",
Contracts/commercial_board.php,role_permissions,الحالة,MANUAL,status,,"مشتقٌّ من `status` و`role_permissions` لا يحمله — يلزم قرار",
Contracts/contract_baseline.php,role_permissions,الكيان,BOUND,entity,gov,"يبثُّه `ems_gov_ctx()` من `admin_companies` — موصولٌ سلفًا، لا عمل",
Contracts/contract_baseline.php,role_permissions,"المنشئ — الاسم والصفة",MANUAL,created_by,,"مشتقٌّ من `created_by` و`role_permissions` لا يحمله — يلزم قرار",
Contracts/contract_baseline.php,role_permissions,"المعتمد — الاسم والصفة",MANUAL,approved_by,,"مشتقٌّ من `approved_by` و`role_permissions` لا يحمله — يلزم قرار",
Contracts/contract_baseline.php,role_permissions,"مرجع التفويض",MANUAL,,,"تسميةٌ علائقيةٌ (مرجعٌ لجدولٍ آخر) — عمودٌ نصيٌّ لها يزدوج المصدر",
Contracts/contract_baseline.php,role_permissions,"المرجع الأب",MANUAL,,,"تسميةٌ علائقيةٌ (مرجعٌ لجدولٍ آخر) — عمودٌ نصيٌّ لها يزدوج المصدر",
Contracts/contract_baseline.php,role_permissions,"تاريخ الإنشاء",MANUAL,created_at,,"مشتقٌّ من `created_at` و`role_permissions` لا يحمله — يلزم قرار",
Contracts/contract_baseline.php,role_permissions,"تاريخ الاعتماد",MANUAL,approved_at,,"مشتقٌّ من `approved_at` و`role_permissions` لا يحمله — يلزم قرار",
Contracts/contract_baseline.php,role_permissions,الحالة,MANUAL,status,,"مشتقٌّ من `status` و`role_permissions` لا يحمله — يلزم قرار",
Contracts/contract_card.php,contract_baseline,"رقم العقد",MANUAL,,,"ليست في المعجم — ولا يُخترع اسمُ عمودٍ لتسميةٍ لم تُدرَس",
Contracts/contract_card.php,contract_baseline,"عملة التسعير",MANUAL,,,"ليست في المعجم — ولا يُخترع اسمُ عمودٍ لتسميةٍ لم تُدرَس",
Contracts/contract_card.php,contract_baseline,"عملة الفوترة",MANUAL,,,"ليست في المعجم — ولا يُخترع اسمُ عمودٍ لتسميةٍ لم تُدرَس",
Contracts/contract_card.php,contract_baseline,"عملة التحصيل",MANUAL,,,"ليست في المعجم — ولا يُخترع اسمُ عمودٍ لتسميةٍ لم تُدرَس",
Contracts/contract_card.php,contract_baseline,"نسبة المقدم",MANUAL,,,"ليست في المعجم — ولا يُخترع اسمُ عمودٍ لتسميةٍ لم تُدرَس",
Contracts/contract_card.php,contract_baseline,"طريقة استهلاك المقدم",MANUAL,,,"ليست في المعجم — ولا يُخترع اسمُ عمودٍ لتسميةٍ لم تُدرَس",
Contracts/contract_card.php,contract_baseline,"مهلة السداد",MANUAL,,,"ليست في المعجم — ولا يُخترع اسمُ عمودٍ لتسميةٍ لم تُدرَس",
Contracts/contract_card.php,contract_baseline,"دورية الإقفال",MANUAL,,,"ليست في المعجم — ولا يُخترع اسمُ عمودٍ لتسميةٍ لم تُدرَس",
Contracts/contract_card.php,contract_baseline,"نسبة محتجز الضمان",MANUAL,,,"ليست في المعجم — ولا يُخترع اسمُ عمودٍ لتسميةٍ لم تُدرَس",
Contracts/contract_card.php,contract_baseline,"مدة رد المحتجز",MANUAL,,,"ليست في المعجم — ولا يُخترع اسمُ عمودٍ لتسميةٍ لم تُدرَس",
Contracts/contract_card.php,contract_baseline,"حق تعليق العمل",MANUAL,,,"ليست في المعجم — ولا يُخترع اسمُ عمودٍ لتسميةٍ لم تُدرَس",
Contracts/contract_card.php,contract_baseline,"شرط الإنهاء",MANUAL,,,"ليست في المعجم — ولا يُخترع اسمُ عمودٍ لتسميةٍ لم تُدرَس",
Contracts/contract_card.php,contract_baseline,"حالة الضريبة",MANUAL,,,"ليست في المعجم — ولا يُخترع اسمُ عمودٍ لتسميةٍ لم تُدرَس",
Contracts/contract_card.php,contract_baseline,ثبتها,MANUAL,,,"ليست في المعجم — ولا يُخترع اسمُ عمودٍ لتسميةٍ لم تُدرَس",
Contracts/contract_card.php,contract_baseline,"تاريخ التثبيت",MANUAL,,,"ليست في المعجم — ولا يُخترع اسمُ عمودٍ لتسميةٍ لم تُدرَس",
Contracts/contract_card.php,contract_baseline,الكيان,BOUND,entity,gov,"يبثُّه `ems_gov_ctx()` من `admin_companies` — موصولٌ سلفًا، لا عمل",
Contracts/contract_card.php,contract_baseline,"مرجع التفويض",MANUAL,,,"تسميةٌ علائقيةٌ (مرجعٌ لجدولٍ آخر) — عمودٌ نصيٌّ لها يزدوج المصدر",
Contracts/contract_card.php,contract_baseline,"تاريخ الاعتماد",BIND,approved_at,derived,"مشتقٌّ من `approved_at` القائمِ في `contract_baseline` — بلا هجرة",
Contracts/contract_card.php,contract_baseline,"تاريخ الإنشاء",BIND,created_at,derived,"مشتقٌّ من `created_at` القائمِ في `contract_baseline` — بلا هجرة",
Contracts/contract_card.php,contract_baseline,"المرجع الأب",MANUAL,,,"تسميةٌ علائقيةٌ (مرجعٌ لجدولٍ آخر) — عمودٌ نصيٌّ لها يزدوج المصدر",
Contracts/contract_card.php,contract_baseline,المرفق,MANUAL,,,"تسميةٌ علائقيةٌ (مرجعٌ لجدولٍ آخر) — عمودٌ نصيٌّ لها يزدوج المصدر",
Contracts/contract_card.php,contract_baseline,"مركز التكلفة",MANUAL,,,"تسميةٌ علائقيةٌ (مرجعٌ لجدولٍ آخر) — عمودٌ نصيٌّ لها يزدوج المصدر",
Contracts/contract_coverage.php,op_containers,"رقم البند",MANUAL,,,"ليست في المعجم — ولا يُخترع اسمُ عمودٍ لتسميةٍ لم تُدرَس",
Contracts/contract_coverage.php,op_containers,العقد,MANUAL,,,"تسميةٌ علائقيةٌ (مرجعٌ لجدولٍ آخر) — عمودٌ نصيٌّ لها يزدوج المصدر",
Contracts/contract_coverage.php,op_containers,"نموذج العمل",MANUAL,,,"ليست في المعجم — ولا يُخترع اسمُ عمودٍ لتسميةٍ لم تُدرَس",
Contracts/contract_coverage.php,op_containers,"وحدة العمل",MANUAL,,,"ليست في المعجم — ولا يُخترع اسمُ عمودٍ لتسميةٍ لم تُدرَس",
Contracts/contract_coverage.php,op_containers,"الوحدات الاحتياطية",MANUAL,,,"ليست في المعجم — ولا يُخترع اسمُ عمودٍ لتسميةٍ لم تُدرَس",
Contracts/contract_coverage.php,op_containers,"عدد الورديات المتفق عليها",MANUAL,,,"ليست في المعجم — ولا يُخترع اسمُ عمودٍ لتسميةٍ لم تُدرَس",
Contracts/contract_coverage.php,op_containers,"وحدات الوردية الواحدة",MANUAL,,,"ليست في المعجم — ولا يُخترع اسمُ عمودٍ لتسميةٍ لم تُدرَس",
Contracts/contract_coverage.php,op_containers,"الساعات الشهرية للوحدة",MANUAL,,,"ليست في المعجم — ولا يُخترع اسمُ عمودٍ لتسميةٍ لم تُدرَس",
Contracts/contract_coverage.php,op_containers,"إجمالي ساعات العقد",MANUAL,,,"ليست في المعجم — ولا يُخترع اسمُ عمودٍ لتسميةٍ لم تُدرَس",
Contracts/contract_coverage.php,op_containers,"الحد الأدنى المضمون",MANUAL,,,"ليست في المعجم — ولا يُخترع اسمُ عمودٍ لتسميةٍ لم تُدرَس",
Contracts/contract_coverage.php,op_containers,"الساعات المعرضة للخطر",MANUAL,,,"ليست في المعجم — ولا يُخترع اسمُ عمودٍ لتسميةٍ لم تُدرَس",
Contracts/contract_coverage.php,op_containers,"قاعدة الزيادة",MANUAL,,,"ليست في المعجم — ولا يُخترع اسمُ عمودٍ لتسميةٍ لم تُدرَس",
Contracts/contract_coverage.php,op_containers,"سعر الوحدة",MANUAL,,,"ليست في المعجم — ولا يُخترع اسمُ عمودٍ لتسميةٍ لم تُدرَس",
Contracts/contract_coverage.php,op_containers,"تاريخ السريان",NEW,effective_date,date,"لا عمودَ له في `op_containers` — يُنشأ **اختياريًّا** (NULL)",
Contracts/contract_coverage.php,op_containers,"نسخة القاعدة المستعملة",MANUAL,,,"تسميةٌ علائقيةٌ (مرجعٌ لجدولٍ آخر) — عمودٌ نصيٌّ لها يزدوج المصدر",
Contracts/contract_coverage.php,op_containers,الكيان,BOUND,entity,gov,"يبثُّه `ems_gov_ctx()` من `admin_companies` — موصولٌ سلفًا، لا عمل",
Contracts/contract_coverage.php,op_containers,"مرجع التفويض",MANUAL,,,"تسميةٌ علائقيةٌ (مرجعٌ لجدولٍ آخر) — عمودٌ نصيٌّ لها يزدوج المصدر",
Contracts/contract_coverage.php,op_containers,"تاريخ الاعتماد",MANUAL,approved_at,,"مشتقٌّ من `approved_at` و`op_containers` لا يحمله — يلزم قرار",
Contracts/contract_coverage.php,op_containers,"تاريخ الإنشاء",BIND,created_at,derived,"مشتقٌّ من `created_at` القائمِ في `op_containers` — بلا هجرة",
Contracts/contract_coverage.php,op_containers,"المرجع الأب",MANUAL,,,"تسميةٌ علائقيةٌ (مرجعٌ لجدولٍ آخر) — عمودٌ نصيٌّ لها يزدوج المصدر",
Contracts/contract_coverage.php,op_containers,"المنشئ — الاسم والصفة",BIND,created_by,derived,"مشتقٌّ من `created_by` القائمِ في `op_containers` — بلا هجرة",
Contracts/contract_coverage.php,op_containers,"المعتمد — الاسم والصفة",MANUAL,approved_by,,"مشتقٌّ من `approved_by` و`op_containers` لا يحمله — يلزم قرار",
Contracts/contract_coverage.php,op_containers,"مفتاح منع التكرار",MANUAL,,,"تسميةٌ علائقيةٌ (مرجعٌ لجدولٍ آخر) — عمودٌ نصيٌّ لها يزدوج المصدر",
Contracts/contract_coverage.php,op_containers,"معكوس ب",MANUAL,,,"تسميةٌ علائقيةٌ (مرجعٌ لجدولٍ آخر) — عمودٌ نصيٌّ لها يزدوج المصدر",
Contracts/contract_coverage.php,op_containers,"عكس عن",MANUAL,,,"تسميةٌ علائقيةٌ (مرجعٌ لجدولٍ آخر) — عمودٌ نصيٌّ لها يزدوج المصدر",
Contracts/contract_coverage.php,op_containers,"درجة الأثر",MANUAL,,,"تسميةٌ علائقيةٌ (مرجعٌ لجدولٍ آخر) — عمودٌ نصيٌّ لها يزدوج المصدر",
Contracts/contract_coverage.php,op_containers,المرفق,MANUAL,,,"تسميةٌ علائقيةٌ (مرجعٌ لجدولٍ آخر) — عمودٌ نصيٌّ لها يزدوج المصدر",
Contracts/contract_coverage.php,op_containers,"مركز التكلفة",MANUAL,,,"تسميةٌ علائقيةٌ (مرجعٌ لجدولٍ آخر) — عمودٌ نصيٌّ لها يزدوج المصدر",
Contracts/contract_coverage.php,op_containers,"سعر الصرف ومصدره",MANUAL,,,"تسميةٌ علائقيةٌ (مرجعٌ لجدولٍ آخر) — عمودٌ نصيٌّ لها يزدوج المصدر",
Contracts/contract_coverage.php,op_containers,العملة,MANUAL,,,"تسميةٌ علائقيةٌ (مرجعٌ لجدولٍ آخر) — عمودٌ نصيٌّ لها يزدوج المصدر",
Contracts/contract_guarantees.php,role_permissions,الكيان,BOUND,entity,gov,"يبثُّه `ems_gov_ctx()` من `admin_companies` — موصولٌ سلفًا، لا عمل",
Contracts/contract_guarantees.php,role_permissions,"المنشئ — الاسم والصفة",MANUAL,created_by,,"مشتقٌّ من `created_by` و`role_permissions` لا يحمله — يلزم قرار",
Contracts/contract_guarantees.php,role_permissions,"المعتمد — الاسم والصفة",MANUAL,approved_by,,"مشتقٌّ من `approved_by` و`role_permissions` لا يحمله — يلزم قرار",
Contracts/contract_guarantees.php,role_permissions,"مرجع التفويض",MANUAL,,,"تسميةٌ علائقيةٌ (مرجعٌ لجدولٍ آخر) — عمودٌ نصيٌّ لها يزدوج المصدر",
Contracts/contract_guarantees.php,role_permissions,"المرجع الأب",MANUAL,,,"تسميةٌ علائقيةٌ (مرجعٌ لجدولٍ آخر) — عمودٌ نصيٌّ لها يزدوج المصدر",
Contracts/contract_guarantees.php,role_permissions,"تاريخ الإنشاء",MANUAL,created_at,,"مشتقٌّ من `created_at` و`role_permissions` لا يحمله — يلزم قرار",
Contracts/contract_guarantees.php,role_permissions,"تاريخ الاعتماد",MANUAL,approved_at,,"مشتقٌّ من `approved_at` و`role_permissions` لا يحمله — يلزم قرار",
Contracts/contract_guarantees.php,role_permissions,الحالة,MANUAL,status,,"مشتقٌّ من `status` و`role_permissions` لا يحمله — يلزم قرار",
Contracts/contract_lifecycle.php,role_permissions,الكيان,BOUND,entity,gov,"يبثُّه `ems_gov_ctx()` من `admin_companies` — موصولٌ سلفًا، لا عمل",
Contracts/contract_lifecycle.php,role_permissions,"المنشئ — الاسم والصفة",MANUAL,created_by,,"مشتقٌّ من `created_by` و`role_permissions` لا يحمله — يلزم قرار",
Contracts/contract_lifecycle.php,role_permissions,"المعتمد — الاسم والصفة",MANUAL,approved_by,,"مشتقٌّ من `approved_by` و`role_permissions` لا يحمله — يلزم قرار",
Contracts/contract_lifecycle.php,role_permissions,"مرجع التفويض",MANUAL,,,"تسميةٌ علائقيةٌ (مرجعٌ لجدولٍ آخر) — عمودٌ نصيٌّ لها يزدوج المصدر",
Contracts/contract_lifecycle.php,role_permissions,"المرجع الأب",MANUAL,,,"تسميةٌ علائقيةٌ (مرجعٌ لجدولٍ آخر) — عمودٌ نصيٌّ لها يزدوج المصدر",
Contracts/contract_lifecycle.php,role_permissions,"تاريخ الإنشاء",MANUAL,created_at,,"مشتقٌّ من `created_at` و`role_permissions` لا يحمله — يلزم قرار",
Contracts/contract_lifecycle.php,role_permissions,"تاريخ الاعتماد",MANUAL,approved_at,,"مشتقٌّ من `approved_at` و`role_permissions` لا يحمله — يلزم قرار",
Contracts/contract_lines.php,role_permissions,الكيان,BOUND,entity,gov,"يبثُّه `ems_gov_ctx()` من `admin_companies` — موصولٌ سلفًا، لا عمل",
Contracts/contract_lines.php,role_permissions,"المنشئ — الاسم والصفة",MANUAL,created_by,,"مشتقٌّ من `created_by` و`role_permissions` لا يحمله — يلزم قرار",
Contracts/contract_lines.php,role_permissions,"المعتمد — الاسم والصفة",MANUAL,approved_by,,"مشتقٌّ من `approved_by` و`role_permissions` لا يحمله — يلزم قرار",
Contracts/contract_lines.php,role_permissions,"مرجع التفويض",MANUAL,,,"تسميةٌ علائقيةٌ (مرجعٌ لجدولٍ آخر) — عمودٌ نصيٌّ لها يزدوج المصدر",
Contracts/contract_lines.php,role_permissions,"المرجع الأب",MANUAL,,,"تسميةٌ علائقيةٌ (مرجعٌ لجدولٍ آخر) — عمودٌ نصيٌّ لها يزدوج المصدر",
Contracts/contract_lines.php,role_permissions,"تاريخ الإنشاء",MANUAL,created_at,,"مشتقٌّ من `created_at` و`role_permissions` لا يحمله — يلزم قرار",
Contracts/contract_lines.php,role_permissions,"تاريخ الاعتماد",MANUAL,approved_at,,"مشتقٌّ من `approved_at` و`role_permissions` لا يحمله — يلزم قرار",
Contracts/contract_lines.php,role_permissions,الحالة,MANUAL,status,,"مشتقٌّ من `status` و`role_permissions` لا يحمله — يلزم قرار",
Contracts/contract_monthly_plan.php,role_permissions,الكيان,BOUND,entity,gov,"يبثُّه `ems_gov_ctx()` من `admin_companies` — موصولٌ سلفًا، لا عمل",
Contracts/contract_monthly_plan.php,role_permissions,"المنشئ — الاسم والصفة",MANUAL,created_by,,"مشتقٌّ من `created_by` و`role_permissions` لا يحمله — يلزم قرار",
Contracts/contract_monthly_plan.php,role_permissions,"المعتمد — الاسم والصفة",MANUAL,approved_by,,"مشتقٌّ من `approved_by` و`role_permissions` لا يحمله — يلزم قرار",
Contracts/contract_monthly_plan.php,role_permissions,"مرجع التفويض",MANUAL,,,"تسميةٌ علائقيةٌ (مرجعٌ لجدولٍ آخر) — عمودٌ نصيٌّ لها يزدوج المصدر",
Contracts/contract_monthly_plan.php,role_permissions,"المرجع الأب",MANUAL,,,"تسميةٌ علائقيةٌ (مرجعٌ لجدولٍ آخر) — عمودٌ نصيٌّ لها يزدوج المصدر",
Contracts/contract_monthly_plan.php,role_permissions,"تاريخ الإنشاء",MANUAL,created_at,,"مشتقٌّ من `created_at` و`role_permissions` لا يحمله — يلزم قرار",
Contracts/contract_monthly_plan.php,role_permissions,"تاريخ الاعتماد",MANUAL,approved_at,,"مشتقٌّ من `approved_at` و`role_permissions` لا يحمله — يلزم قرار",
Contracts/contract_monthly_plan.php,role_permissions,الحالة,MANUAL,status,,"مشتقٌّ من `status` و`role_permissions` لا يحمله — يلزم قرار",
Contracts/contract_obligations.php,contract_obligations,الكيان,BOUND,entity,gov,"يبثُّه `ems_gov_ctx()` من `admin_companies` — موصولٌ سلفًا، لا عمل",
Contracts/contract_obligations.php,contract_obligations,"المنشئ — الاسم والصفة",BIND,created_by,derived,"مشتقٌّ من `created_by` القائمِ في `contract_obligations` — بلا هجرة",
Contracts/contract_obligations.php,contract_obligations,"المعتمد — الاسم والصفة",BIND,approved_by,derived,"مشتقٌّ من `approved_by` القائمِ في `contract_obligations` — بلا هجرة",
Contracts/contract_obligations.php,contract_obligations,"مرجع التفويض",MANUAL,,,"تسميةٌ علائقيةٌ (مرجعٌ لجدولٍ آخر) — عمودٌ نصيٌّ لها يزدوج المصدر",
Contracts/contract_obligations.php,contract_obligations,"المرجع الأب",MANUAL,,,"تسميةٌ علائقيةٌ (مرجعٌ لجدولٍ آخر) — عمودٌ نصيٌّ لها يزدوج المصدر",
Contracts/contract_obligations.php,contract_obligations,"تاريخ الإنشاء",BIND,created_at,derived,"مشتقٌّ من `created_at` القائمِ في `contract_obligations` — بلا هجرة",
Contracts/contract_obligations.php,contract_obligations,"تاريخ الاعتماد",BIND,approved_at,derived,"مشتقٌّ من `approved_at` القائمِ في `contract_obligations` — بلا هجرة",
Contracts/contract_payment_schedule.php,role_permissions,الكيان,BOUND,entity,gov,"يبثُّه `ems_gov_ctx()` من `admin_companies` — موصولٌ سلفًا، لا عمل",
Contracts/contract_payment_schedule.php,role_permissions,"المنشئ — الاسم والصفة",MANUAL,created_by,,"مشتقٌّ من `created_by` و`role_permissions` لا يحمله — يلزم قرار",
Contracts/contract_payment_schedule.php,role_permissions,"المعتمد — الاسم والصفة",MANUAL,approved_by,,"مشتقٌّ من `approved_by` و`role_permissions` لا يحمله — يلزم قرار",
Contracts/contract_payment_schedule.php,role_permissions,"مرجع التفويض",MANUAL,,,"تسميةٌ علائقيةٌ (مرجعٌ لجدولٍ آخر) — عمودٌ نصيٌّ لها يزدوج المصدر",
Contracts/contract_payment_schedule.php,role_permissions,"المرجع الأب",MANUAL,,,"تسميةٌ علائقيةٌ (مرجعٌ لجدولٍ آخر) — عمودٌ نصيٌّ لها يزدوج المصدر",
Contracts/contract_payment_schedule.php,role_permissions,"تاريخ الإنشاء",MANUAL,created_at,,"مشتقٌّ من `created_at` و`role_permissions` لا يحمله — يلزم قرار",
Contracts/contract_payment_schedule.php,role_permissions,"تاريخ الاعتماد",MANUAL,approved_at,,"مشتقٌّ من `approved_at` و`role_permissions` لا يحمله — يلزم قرار",
Contracts/contract_payment_schedule.php,role_permissions,الحالة,MANUAL,status,,"مشتقٌّ من `status` و`role_permissions` لا يحمله — يلزم قرار",
Contracts/contract_resource_plan.php,role_permissions,الكيان,BOUND,entity,gov,"يبثُّه `ems_gov_ctx()` من `admin_companies` — موصولٌ سلفًا، لا عمل",
Contracts/contract_resource_plan.php,role_permissions,"المنشئ — الاسم والصفة",MANUAL,created_by,,"مشتقٌّ من `created_by` و`role_permissions` لا يحمله — يلزم قرار",
Contracts/contract_resource_plan.php,role_permissions,"المعتمد — الاسم والصفة",MANUAL,approved_by,,"مشتقٌّ من `approved_by` و`role_permissions` لا يحمله — يلزم قرار",
Contracts/contract_resource_plan.php,role_permissions,"مرجع التفويض",MANUAL,,,"تسميةٌ علائقيةٌ (مرجعٌ لجدولٍ آخر) — عمودٌ نصيٌّ لها يزدوج المصدر",
Contracts/contract_resource_plan.php,role_permissions,"المرجع الأب",MANUAL,,,"تسميةٌ علائقيةٌ (مرجعٌ لجدولٍ آخر) — عمودٌ نصيٌّ لها يزدوج المصدر",
Contracts/contract_resource_plan.php,role_permissions,"تاريخ الإنشاء",MANUAL,created_at,,"مشتقٌّ من `created_at` و`role_permissions` لا يحمله — يلزم قرار",
Contracts/contract_resource_plan.php,role_permissions,"تاريخ الاعتماد",MANUAL,approved_at,,"مشتقٌّ من `approved_at` و`role_permissions` لا يحمله — يلزم قرار",
Contracts/contract_resource_plan.php,role_permissions,الحالة,MANUAL,status,,"مشتقٌّ من `status` و`role_permissions` لا يحمله — يلزم قرار",
Contracts/contract_sites.php,role_permissions,الكيان,BOUND,entity,gov,"يبثُّه `ems_gov_ctx()` من `admin_companies` — موصولٌ سلفًا، لا عمل",
Contracts/contract_sites.php,role_permissions,"المنشئ — الاسم والصفة",MANUAL,created_by,,"مشتقٌّ من `created_by` و`role_permissions` لا يحمله — يلزم قرار",
Contracts/contract_sites.php,role_permissions,"المعتمد — الاسم والصفة",MANUAL,approved_by,,"مشتقٌّ من `approved_by` و`role_permissions` لا يحمله — يلزم قرار",
Contracts/contract_sites.php,role_permissions,"مرجع التفويض",MANUAL,,,"تسميةٌ علائقيةٌ (مرجعٌ لجدولٍ آخر) — عمودٌ نصيٌّ لها يزدوج المصدر",
Contracts/contract_sites.php,role_permissions,"المرجع الأب",MANUAL,,,"تسميةٌ علائقيةٌ (مرجعٌ لجدولٍ آخر) — عمودٌ نصيٌّ لها يزدوج المصدر",
Contracts/contract_sites.php,role_permissions,"تاريخ الإنشاء",MANUAL,created_at,,"مشتقٌّ من `created_at` و`role_permissions` لا يحمله — يلزم قرار",
Contracts/contract_sites.php,role_permissions,"تاريخ الاعتماد",MANUAL,approved_at,,"مشتقٌّ من `approved_at` و`role_permissions` لا يحمله — يلزم قرار",
Contracts/contract_sites.php,role_permissions,الحالة,MANUAL,status,,"مشتقٌّ من `status` و`role_permissions` لا يحمله — يلزم قرار",
Contracts/contracts.php,contracts,"نموذج العمل",MANUAL,,,"ليست في المعجم — ولا يُخترع اسمُ عمودٍ لتسميةٍ لم تُدرَس",
Contracts/contracts.php,contracts,"رمز النموذج",MANUAL,,,"ليست في المعجم — ولا يُخترع اسمُ عمودٍ لتسميةٍ لم تُدرَس",
Contracts/contracts.php,contracts,"العقد الأساسي",MANUAL,,,"ليست في المعجم — ولا يُخترع اسمُ عمودٍ لتسميةٍ لم تُدرَس",
Contracts/contracts.php,contracts,"رقم التجديد",MANUAL,,,"ليست في المعجم — ولا يُخترع اسمُ عمودٍ لتسميةٍ لم تُدرَس",
Contracts/contracts.php,contracts,العميل,MANUAL,,,"ليست في المعجم — ولا يُخترع اسمُ عمودٍ لتسميةٍ لم تُدرَس",
Contracts/contracts.php,contracts,"تاريخ البدء",MANUAL,,,"ليست في المعجم — ولا يُخترع اسمُ عمودٍ لتسميةٍ لم تُدرَس",
Contracts/contracts.php,contracts,"تاريخ الانتهاء",MANUAL,,,"ليست في المعجم — ولا يُخترع اسمُ عمودٍ لتسميةٍ لم تُدرَس",
Contracts/contracts.php,contracts,"المدة بالأشهر",MANUAL,,,"ليست في المعجم — ولا يُخترع اسمُ عمودٍ لتسميةٍ لم تُدرَس",
Contracts/contracts.php,contracts,"نموذج التسعير",MANUAL,,,"ليست في المعجم — ولا يُخترع اسمُ عمودٍ لتسميةٍ لم تُدرَس",
Contracts/contracts.php,contracts,"نوع القيمة",MANUAL,,,"ليست في المعجم — ولا يُخترع اسمُ عمودٍ لتسميةٍ لم تُدرَس",
Contracts/contracts.php,contracts,"القيمة الموقعة",MANUAL,,,"ليست في المعجم — ولا يُخترع اسمُ عمودٍ لتسميةٍ لم تُدرَس",
Contracts/contracts.php,contracts,"عملة الفوترة",MANUAL,,,"ليست في المعجم — ولا يُخترع اسمُ عمودٍ لتسميةٍ لم تُدرَس",
Contracts/contracts.php,contracts,"عملة التحصيل",MANUAL,,,"ليست في المعجم — ولا يُخترع اسمُ عمودٍ لتسميةٍ لم تُدرَس",
Contracts/contracts.php,contracts,"دورة التسوية",MANUAL,,,"ليست في المعجم — ولا يُخترع اسمُ عمودٍ لتسميةٍ لم تُدرَس",
Contracts/contracts.php,contracts,"مهلة السداد",MANUAL,,,"ليست في المعجم — ولا يُخترع اسمُ عمودٍ لتسميةٍ لم تُدرَس",
Contracts/contracts.php,contracts,"نسبة المقدم",MANUAL,,,"ليست في المعجم — ولا يُخترع اسمُ عمودٍ لتسميةٍ لم تُدرَس",
Contracts/contracts.php,contracts,"شامل الضريبة؟",MANUAL,,,"ليست في المعجم — ولا يُخترع اسمُ عمودٍ لتسميةٍ لم تُدرَس",
Contracts/contracts.php,contracts,"حالة خط الأساس",MANUAL,,,"ليست في المعجم — ولا يُخترع اسمُ عمودٍ لتسميةٍ لم تُدرَس",
Contracts/contracts.php,contracts,"ملاحظات حرجة مفتوحة",MANUAL,,,"ليست في المعجم — ولا يُخترع اسمُ عمودٍ لتسميةٍ لم تُدرَس",
Contracts/contracts.php,contracts,"جاهزية الاعتماد القانوني",MANUAL,,,"ليست في المعجم — ولا يُخترع اسمُ عمودٍ لتسميةٍ لم تُدرَس",
Contracts/contracts.php,contracts,"وقعه عنا",MANUAL,,,"ليست في المعجم — ولا يُخترع اسمُ عمودٍ لتسميةٍ لم تُدرَس",
Contracts/contracts.php,contracts,"وقعه العميل",MANUAL,,,"ليست في المعجم — ولا يُخترع اسمُ عمودٍ لتسميةٍ لم تُدرَس",
Contracts/contracts.php,contracts,"نسخة القاعدة المستعملة",MANUAL,,,"تسميةٌ علائقيةٌ (مرجعٌ لجدولٍ آخر) — عمودٌ نصيٌّ لها يزدوج المصدر",
Contracts/contracts.php,contracts,الكيان,BOUND,entity,gov,"يبثُّه `ems_gov_ctx()` من `admin_companies` — موصولٌ سلفًا، لا عمل",
Contracts/contracts.php,contracts,"مرجع التفويض",MANUAL,,,"تسميةٌ علائقيةٌ (مرجعٌ لجدولٍ آخر) — عمودٌ نصيٌّ لها يزدوج المصدر",
Contracts/contracts.php,contracts,"تاريخ الاعتماد",MANUAL,approved_at,,"مشتقٌّ من `approved_at` و`contracts` لا يحمله — يلزم قرار",
Contracts/contracts.php,contracts,"تاريخ الإنشاء",BIND,created_at,derived,"مشتقٌّ من `created_at` القائمِ في `contracts` — بلا هجرة",
Contracts/contracts.php,contracts,"المرجع الأب",MANUAL,,,"تسميةٌ علائقيةٌ (مرجعٌ لجدولٍ آخر) — عمودٌ نصيٌّ لها يزدوج المصدر",
Contracts/contracts.php,contracts,"المنشئ — الاسم والصفة",MANUAL,created_by,,"مشتقٌّ من `created_by` و`contracts` لا يحمله — يلزم قرار",
Contracts/contracts.php,contracts,"مفتاح منع التكرار",MANUAL,,,"تسميةٌ علائقيةٌ (مرجعٌ لجدولٍ آخر) — عمودٌ نصيٌّ لها يزدوج المصدر",
Contracts/contracts.php,contracts,"معكوس ب",MANUAL,,,"تسميةٌ علائقيةٌ (مرجعٌ لجدولٍ آخر) — عمودٌ نصيٌّ لها يزدوج المصدر",
Contracts/contracts.php,contracts,"عكس عن",MANUAL,,,"تسميةٌ علائقيةٌ (مرجعٌ لجدولٍ آخر) — عمودٌ نصيٌّ لها يزدوج المصدر",
Contracts/contracts.php,contracts,"درجة الأثر",MANUAL,,,"تسميةٌ علائقيةٌ (مرجعٌ لجدولٍ آخر) — عمودٌ نصيٌّ لها يزدوج المصدر",
Contracts/contracts.php,contracts,المرفق,MANUAL,,,"تسميةٌ علائقيةٌ (مرجعٌ لجدولٍ آخر) — عمودٌ نصيٌّ لها يزدوج المصدر",
Contracts/contracts.php,contracts,"مركز التكلفة",MANUAL,,,"تسميةٌ علائقيةٌ (مرجعٌ لجدولٍ آخر) — عمودٌ نصيٌّ لها يزدوج المصدر",
Contracts/contracts.php,contracts,"سعر الصرف ومصدره",MANUAL,,,"تسميةٌ علائقيةٌ (مرجعٌ لجدولٍ آخر) — عمودٌ نصيٌّ لها يزدوج المصدر",
Contracts/contracts_details.php,contracts,الكيان,BOUND,entity,gov,"يبثُّه `ems_gov_ctx()` من `admin_companies` — موصولٌ سلفًا، لا عمل",
Contracts/contracts_details.php,contracts,"المنشئ — الاسم والصفة",MANUAL,created_by,,"مشتقٌّ من `created_by` و`contracts` لا يحمله — يلزم قرار",
Contracts/contracts_details.php,contracts,"المعتمد — الاسم والصفة",MANUAL,approved_by,,"مشتقٌّ من `approved_by` و`contracts` لا يحمله — يلزم قرار",
Contracts/contracts_details.php,contracts,"مرجع التفويض",MANUAL,,,"تسميةٌ علائقيةٌ (مرجعٌ لجدولٍ آخر) — عمودٌ نصيٌّ لها يزدوج المصدر",
Contracts/contracts_details.php,contracts,"المرجع الأب",MANUAL,,,"تسميةٌ علائقيةٌ (مرجعٌ لجدولٍ آخر) — عمودٌ نصيٌّ لها يزدوج المصدر",
Contracts/contracts_details.php,contracts,"تاريخ الإنشاء",BIND,created_at,derived,"مشتقٌّ من `created_at` القائمِ في `contracts` — بلا هجرة",
Contracts/contracts_details.php,contracts,"تاريخ الاعتماد",MANUAL,approved_at,,"مشتقٌّ من `approved_at` و`contracts` لا يحمله — يلزم قرار",
Contracts/contracts_details.php,contracts,الحالة,BIND,status,derived,"مشتقٌّ من `status` القائمِ في `contracts` — بلا هجرة",
Contracts/penalties.php,contract_penalty_assessments,"رقم المحضر",MANUAL,,,"تسميةٌ علائقيةٌ (مرجعٌ لجدولٍ آخر) — عمودٌ نصيٌّ لها يزدوج المصدر",
Contracts/penalties.php,contract_penalty_assessments,العقد,MANUAL,,,"تسميةٌ علائقيةٌ (مرجعٌ لجدولٍ آخر) — عمودٌ نصيٌّ لها يزدوج المصدر",
Contracts/penalties.php,contract_penalty_assessments,"بند العقد المرجعي",MANUAL,,,"ليست في المعجم — ولا يُخترع اسمُ عمودٍ لتسميةٍ لم تُدرَس",
Contracts/penalties.php,contract_penalty_assessments,"سبب الاستحقاق",MANUAL,,,"ليست في المعجم — ولا يُخترع اسمُ عمودٍ لتسميةٍ لم تُدرَس",
Contracts/penalties.php,contract_penalty_assessments,النسبة,MANUAL,,,"ليست في المعجم — ولا يُخترع اسمُ عمودٍ لتسميةٍ لم تُدرَس",
Contracts/penalties.php,contract_penalty_assessments,القيمة,MANUAL,,,"ليست في المعجم — ولا يُخترع اسمُ عمودٍ لتسميةٍ لم تُدرَس",
Contracts/penalties.php,contract_penalty_assessments,"الطرف المتحمل",MANUAL,,,"ليست في المعجم — ولا يُخترع اسمُ عمودٍ لتسميةٍ لم تُدرَس",
Contracts/penalties.php,contract_penalty_assessments,"التحميل على المورد؟",MANUAL,,,"ليست في المعجم — ولا يُخترع اسمُ عمودٍ لتسميةٍ لم تُدرَس",
Contracts/penalties.php,contract_penalty_assessments,"مرجع تسوية المورد",MANUAL,,,"ليست في المعجم — ولا يُخترع اسمُ عمودٍ لتسميةٍ لم تُدرَس",
Contracts/penalties.php,contract_penalty_assessments,احتسبه,MANUAL,,,"ليست في المعجم — ولا يُخترع اسمُ عمودٍ لتسميةٍ لم تُدرَس",
Contracts/penalties.php,contract_penalty_assessments,اعتمده,BIND,approved_by,derived,"مشتقٌّ من `approved_by` القائمِ في `contract_penalty_assessments` — بلا هجرة",
Contracts/penalties.php,contract_penalty_assessments,"المستخلص المدرج فيه",MANUAL,,,"ليست في المعجم — ولا يُخترع اسمُ عمودٍ لتسميةٍ لم تُدرَس",
Contracts/penalties.php,contract_penalty_assessments,الكيان,BOUND,entity,gov,"يبثُّه `ems_gov_ctx()` من `admin_companies` — موصولٌ سلفًا، لا عمل",
Contracts/penalties.php,contract_penalty_assessments,"مرجع التفويض",MANUAL,,,"تسميةٌ علائقيةٌ (مرجعٌ لجدولٍ آخر) — عمودٌ نصيٌّ لها يزدوج المصدر",
Contracts/penalties.php,contract_penalty_assessments,"تاريخ الاعتماد",BIND,approved_at,derived,"مشتقٌّ من `approved_at` القائمِ في `contract_penalty_assessments` — بلا هجرة",
Contracts/penalties.php,contract_penalty_assessments,"تاريخ الإنشاء",BIND,created_at,derived,"مشتقٌّ من `created_at` القائمِ في `contract_penalty_assessments` — بلا هجرة",
Contracts/penalties.php,contract_penalty_assessments,"المنشئ — الاسم والصفة",BIND,created_by,derived,"مشتقٌّ من `created_by` القائمِ في `contract_penalty_assessments` — بلا هجرة",
Contracts/penalties.php,contract_penalty_assessments,"مفتاح منع التكرار",MANUAL,,,"تسميةٌ علائقيةٌ (مرجعٌ لجدولٍ آخر) — عمودٌ نصيٌّ لها يزدوج المصدر",
Contracts/penalties.php,contract_penalty_assessments,"معكوس ب",MANUAL,,,"تسميةٌ علائقيةٌ (مرجعٌ لجدولٍ آخر) — عمودٌ نصيٌّ لها يزدوج المصدر",
Contracts/penalties.php,contract_penalty_assessments,"عكس عن",MANUAL,,,"تسميةٌ علائقيةٌ (مرجعٌ لجدولٍ آخر) — عمودٌ نصيٌّ لها يزدوج المصدر",
Contracts/penalties.php,contract_penalty_assessments,"درجة الأثر",MANUAL,,,"تسميةٌ علائقيةٌ (مرجعٌ لجدولٍ آخر) — عمودٌ نصيٌّ لها يزدوج المصدر",
Contracts/penalties.php,contract_penalty_assessments,المرفق,MANUAL,,,"تسميةٌ علائقيةٌ (مرجعٌ لجدولٍ آخر) — عمودٌ نصيٌّ لها يزدوج المصدر",
Contracts/penalties.php,contract_penalty_assessments,"مركز التكلفة",MANUAL,,,"تسميةٌ علائقيةٌ (مرجعٌ لجدولٍ آخر) — عمودٌ نصيٌّ لها يزدوج المصدر",
Contracts/penalties.php,contract_penalty_assessments,"سعر الصرف ومصدره",MANUAL,,,"تسميةٌ علائقيةٌ (مرجعٌ لجدولٍ آخر) — عمودٌ نصيٌّ لها يزدوج المصدر",
Contracts/penalties.php,contract_penalty_assessments,العملة,MANUAL,,,"تسميةٌ علائقيةٌ (مرجعٌ لجدولٍ آخر) — عمودٌ نصيٌّ لها يزدوج المصدر",
Contracts/plan_actual_link.php,role_permissions,الكيان,BOUND,entity,gov,"يبثُّه `ems_gov_ctx()` من `admin_companies` — موصولٌ سلفًا، لا عمل",
Contracts/plan_actual_link.php,role_permissions,"المنشئ — الاسم والصفة",MANUAL,created_by,,"مشتقٌّ من `created_by` و`role_permissions` لا يحمله — يلزم قرار",
Contracts/plan_actual_link.php,role_permissions,"المعتمد — الاسم والصفة",MANUAL,approved_by,,"مشتقٌّ من `approved_by` و`role_permissions` لا يحمله — يلزم قرار",
Contracts/plan_actual_link.php,role_permissions,"مرجع التفويض",MANUAL,,,"تسميةٌ علائقيةٌ (مرجعٌ لجدولٍ آخر) — عمودٌ نصيٌّ لها يزدوج المصدر",
Contracts/plan_actual_link.php,role_permissions,"المرجع الأب",MANUAL,,,"تسميةٌ علائقيةٌ (مرجعٌ لجدولٍ آخر) — عمودٌ نصيٌّ لها يزدوج المصدر",
Contracts/plan_actual_link.php,role_permissions,"تاريخ الإنشاء",MANUAL,created_at,,"مشتقٌّ من `created_at` و`role_permissions` لا يحمله — يلزم قرار",
Contracts/plan_actual_link.php,role_permissions,"تاريخ الاعتماد",MANUAL,approved_at,,"مشتقٌّ من `approved_at` و`role_permissions` لا يحمله — يلزم قرار",
Contracts/plan_actual_link.php,role_permissions,الحالة,MANUAL,status,,"مشتقٌّ من `status` و`role_permissions` لا يحمله — يلزم قرار",
Contracts/price_terms.php,contract_price_terms,"رقم الآلية",MANUAL,,,"ليست في المعجم — ولا يُخترع اسمُ عمودٍ لتسميةٍ لم تُدرَس",
Contracts/price_terms.php,contract_price_terms,العقد,MANUAL,,,"تسميةٌ علائقيةٌ (مرجعٌ لجدولٍ آخر) — عمودٌ نصيٌّ لها يزدوج المصدر",
Contracts/price_terms.php,contract_price_terms,"الحد المحفز",MANUAL,,,"ليست في المعجم — ولا يُخترع اسمُ عمودٍ لتسميةٍ لم تُدرَس",
Contracts/price_terms.php,contract_price_terms,"اتجاه التعديل",MANUAL,,,"ليست في المعجم — ولا يُخترع اسمُ عمودٍ لتسميةٍ لم تُدرَس",
Contracts/price_terms.php,contract_price_terms,"معادلة التعديل",MANUAL,,,"ليست في المعجم — ولا يُخترع اسمُ عمودٍ لتسميةٍ لم تُدرَس",
Contracts/price_terms.php,contract_price_terms,"هل بلغ الحد؟",MANUAL,,,"ليست في المعجم — ولا يُخترع اسمُ عمودٍ لتسميةٍ لم تُدرَس",
Contracts/price_terms.php,contract_price_terms,القرار,MANUAL,,,"ليست في المعجم — ولا يُخترع اسمُ عمودٍ لتسميةٍ لم تُدرَس",
Contracts/price_terms.php,contract_price_terms,عرفها,BIND,created_by,derived,"مشتقٌّ من `created_by` القائمِ في `contract_price_terms` — بلا هجرة",
Contracts/price_terms.php,contract_price_terms,الكيان,BOUND,entity,gov,"يبثُّه `ems_gov_ctx()` من `admin_companies` — موصولٌ سلفًا، لا عمل",
Contracts/price_terms.php,contract_price_terms,"تاريخ الإنشاء",BIND,created_at,derived,"مشتقٌّ من `created_at` القائمِ في `contract_price_terms` — بلا هجرة",
Contracts/price_terms.php,contract_price_terms,"المرجع الأب",MANUAL,,,"تسميةٌ علائقيةٌ (مرجعٌ لجدولٍ آخر) — عمودٌ نصيٌّ لها يزدوج المصدر",
Contracts/price_terms.php,contract_price_terms,"المنشئ — الاسم والصفة",MANUAL,created_by,,"تسميتانِ في الشاشةِ تؤولانِ إلى `created_by` — تصادمُ مفتاحٍ يلزمه قرار",
Contracts/price_terms.php,contract_price_terms,"المعتمد — الاسم والصفة",MANUAL,approved_by,,"مشتقٌّ من `approved_by` و`contract_price_terms` لا يحمله — يلزم قرار",
Contracts/price_terms.php,contract_price_terms,المرفق,MANUAL,,,"تسميةٌ علائقيةٌ (مرجعٌ لجدولٍ آخر) — عمودٌ نصيٌّ لها يزدوج المصدر",
Contracts/price_terms.php,contract_price_terms,"مركز التكلفة",MANUAL,,,"تسميةٌ علائقيةٌ (مرجعٌ لجدولٍ آخر) — عمودٌ نصيٌّ لها يزدوج المصدر",
Contracts/price_terms.php,contract_price_terms,"سعر الصرف ومصدره",MANUAL,,,"تسميةٌ علائقيةٌ (مرجعٌ لجدولٍ آخر) — عمودٌ نصيٌّ لها يزدوج المصدر",
Contracts/tax_invoices.php,role_permissions,"رقم الفاتورة",MANUAL,,,"ليست في المعجم — ولا يُخترع اسمُ عمودٍ لتسميةٍ لم تُدرَس",
Contracts/tax_invoices.php,role_permissions,"الرقم الضريبي للعميل",MANUAL,,,"ليست في المعجم — ولا يُخترع اسمُ عمودٍ لتسميةٍ لم تُدرَس",
Contracts/tax_invoices.php,role_permissions,العقد,MANUAL,,,"تسميةٌ علائقيةٌ (مرجعٌ لجدولٍ آخر) — عمودٌ نصيٌّ لها يزدوج المصدر",
Contracts/tax_invoices.php,role_permissions,"رقم محضر الإقفال",MANUAL,,,"ليست في المعجم — ولا يُخترع اسمُ عمودٍ لتسميةٍ لم تُدرَس",
Contracts/tax_invoices.php,role_permissions,"وصف الخدمة",MANUAL,,,"ليست في المعجم — ولا يُخترع اسمُ عمودٍ لتسميةٍ لم تُدرَس",
Contracts/tax_invoices.php,role_permissions,"المعادل بعملة الدفاتر",MANUAL,,,"ليست في المعجم — ولا يُخترع اسمُ عمودٍ لتسميةٍ لم تُدرَس",
Contracts/tax_invoices.php,role_permissions,أصدرها,MANUAL,,,"ليست في المعجم — ولا يُخترع اسمُ عمودٍ لتسميةٍ لم تُدرَس",
Contracts/tax_invoices.php,role_permissions,"رقم الفاتورة الضريبية",MANUAL,,,"ليست في المعجم — ولا يُخترع اسمُ عمودٍ لتسميةٍ لم تُدرَس",
Contracts/tax_invoices.php,role_permissions,"الفاتورة التجارية",MANUAL,,,"ليست في المعجم — ولا يُخترع اسمُ عمودٍ لتسميةٍ لم تُدرَس",
Contracts/tax_invoices.php,role_permissions,"رقمنا الضريبي",MANUAL,,,"ليست في المعجم — ولا يُخترع اسمُ عمودٍ لتسميةٍ لم تُدرَس",
Contracts/tax_invoices.php,role_permissions,"الوعاء الضريبي",MANUAL,,,"ليست في المعجم — ولا يُخترع اسمُ عمودٍ لتسميةٍ لم تُدرَس",
Contracts/tax_invoices.php,role_permissions,"رقم الإقرار",MANUAL,,,"ليست في المعجم — ولا يُخترع اسمُ عمودٍ لتسميةٍ لم تُدرَس",
Contracts/tax_invoices.php,role_permissions,"تاريخ التقديم",MANUAL,,,"ليست في المعجم — ولا يُخترع اسمُ عمودٍ لتسميةٍ لم تُدرَس",
Contracts/tax_invoices.php,role_permissions,"حالة السداد",MANUAL,,,"ليست في المعجم — ولا يُخترع اسمُ عمودٍ لتسميةٍ لم تُدرَس",
Contracts/tax_invoices.php,role_permissions,الكيان,BOUND,entity,gov,"يبثُّه `ems_gov_ctx()` من `admin_companies` — موصولٌ سلفًا، لا عمل",
Contracts/tax_invoices.php,role_permissions,"مرجع التفويض",MANUAL,,,"تسميةٌ علائقيةٌ (مرجعٌ لجدولٍ آخر) — عمودٌ نصيٌّ لها يزدوج المصدر",
Contracts/tax_invoices.php,role_permissions,"تاريخ الاعتماد",MANUAL,approved_at,,"مشتقٌّ من `approved_at` و`role_permissions` لا يحمله — يلزم قرار",
Contracts/tax_invoices.php,role_permissions,"تاريخ الإنشاء",MANUAL,created_at,,"مشتقٌّ من `created_at` و`role_permissions` لا يحمله — يلزم قرار",
Contracts/tax_invoices.php,role_permissions,"المرجع الأب",MANUAL,,,"تسميةٌ علائقيةٌ (مرجعٌ لجدولٍ آخر) — عمودٌ نصيٌّ لها يزدوج المصدر",
Contracts/tax_invoices.php,role_permissions,"المعتمد — الاسم والصفة",MANUAL,approved_by,,"مشتقٌّ من `approved_by` و`role_permissions` لا يحمله — يلزم قرار",
Contracts/tax_invoices.php,role_permissions,"مفتاح منع التكرار",MANUAL,,,"تسميةٌ علائقيةٌ (مرجعٌ لجدولٍ آخر) — عمودٌ نصيٌّ لها يزدوج المصدر",
Contracts/tax_invoices.php,role_permissions,"معكوس ب",MANUAL,,,"تسميةٌ علائقيةٌ (مرجعٌ لجدولٍ آخر) — عمودٌ نصيٌّ لها يزدوج المصدر",
Contracts/tax_invoices.php,role_permissions,"عكس عن",MANUAL,,,"تسميةٌ علائقيةٌ (مرجعٌ لجدولٍ آخر) — عمودٌ نصيٌّ لها يزدوج المصدر",
Contracts/tax_invoices.php,role_permissions,"درجة الأثر",MANUAL,,,"تسميةٌ علائقيةٌ (مرجعٌ لجدولٍ آخر) — عمودٌ نصيٌّ لها يزدوج المصدر",
Contracts/tax_invoices.php,role_permissions,المرفق,MANUAL,,,"تسميةٌ علائقيةٌ (مرجعٌ لجدولٍ آخر) — عمودٌ نصيٌّ لها يزدوج المصدر",
Contracts/tax_invoices.php,role_permissions,"مركز التكلفة",MANUAL,,,"تسميةٌ علائقيةٌ (مرجعٌ لجدولٍ آخر) — عمودٌ نصيٌّ لها يزدوج المصدر",
Contracts/tax_invoices.php,role_permissions,"سعر الصرف ومصدره",MANUAL,,,"تسميةٌ علائقيةٌ (مرجعٌ لجدولٍ آخر) — عمودٌ نصيٌّ لها يزدوج المصدر",
Contracts/tax_invoices.php,role_permissions,العملة,MANUAL,,,"تسميةٌ علائقيةٌ (مرجعٌ لجدولٍ آخر) — عمودٌ نصيٌّ لها يزدوج المصدر",
Contracts/tax_invoices.php,role_permissions,"سعر الصرف",MANUAL,,,"تسميةٌ علائقيةٌ (مرجعٌ لجدولٍ آخر) — عمودٌ نصيٌّ لها يزدوج المصدر",
Employees/employee_card.php,employee_contracts,الكيان,BOUND,entity,gov,"يبثُّه `ems_gov_ctx()` من `admin_companies` — موصولٌ سلفًا، لا عمل",
Employees/employee_card.php,employee_contracts,"المنشئ — الاسم والصفة",BIND,created_by,derived,"مشتقٌّ من `created_by` القائمِ في `employee_contracts` — بلا هجرة",
Employees/employee_card.php,employee_contracts,"المعتمد — الاسم والصفة",BIND,approved_by,derived,"مشتقٌّ من `approved_by` القائمِ في `employee_contracts` — بلا هجرة",
Employees/employee_card.php,employee_contracts,"مرجع التفويض",MANUAL,,,"تسميةٌ علائقيةٌ (مرجعٌ لجدولٍ آخر) — عمودٌ نصيٌّ لها يزدوج المصدر",
Employees/employee_card.php,employee_contracts,"المرجع الأب",MANUAL,,,"تسميةٌ علائقيةٌ (مرجعٌ لجدولٍ آخر) — عمودٌ نصيٌّ لها يزدوج المصدر",
Employees/employee_card.php,employee_contracts,"تاريخ الإنشاء",BIND,created_at,derived,"مشتقٌّ من `created_at` القائمِ في `employee_contracts` — بلا هجرة",
Employees/employee_card.php,employee_contracts,"تاريخ الاعتماد",BIND,approved_at,derived,"مشتقٌّ من `approved_at` القائمِ في `employee_contracts` — بلا هجرة",
Employees/employee_card.php,employee_contracts,الحالة,MANUAL,status,,"مشتقٌّ من `status` و`employee_contracts` لا يحمله — يلزم قرار",
Employees/employee_contracts.php,pay_models,"كود الموظف",MANUAL,,,"ليست في المعجم — ولا يُخترع اسمُ عمودٍ لتسميةٍ لم تُدرَس",
Employees/employee_contracts.php,pay_models,"فئة العقد",MANUAL,,,"ليست في المعجم — ولا يُخترع اسمُ عمودٍ لتسميةٍ لم تُدرَس",
Employees/employee_contracts.php,pay_models,"نوع العقد",MANUAL,,,"ليست في المعجم — ولا يُخترع اسمُ عمودٍ لتسميةٍ لم تُدرَس",
Employees/employee_contracts.php,pay_models,"عقد المورد المرتبط",MANUAL,,,"ليست في المعجم — ولا يُخترع اسمُ عمودٍ لتسميةٍ لم تُدرَس",
Employees/employee_contracts.php,pay_models,"تاريخ البدء",MANUAL,,,"ليست في المعجم — ولا يُخترع اسمُ عمودٍ لتسميةٍ لم تُدرَس",
Employees/employee_contracts.php,pay_models,"تاريخ الانتهاء المخطط",MANUAL,,,"ليست في المعجم — ولا يُخترع اسمُ عمودٍ لتسميةٍ لم تُدرَس",
Employees/employee_contracts.php,pay_models,"محفزات الانتهاء الثلاثة",MANUAL,,,"ليست في المعجم — ولا يُخترع اسمُ عمودٍ لتسميةٍ لم تُدرَس",
Employees/employee_contracts.php,pay_models,"المحفز الواقع",MANUAL,,,"ليست في المعجم — ولا يُخترع اسمُ عمودٍ لتسميةٍ لم تُدرَس",
Employees/employee_contracts.php,pay_models,"تاريخ الانتهاء الفعلي",MANUAL,,,"ليست في المعجم — ولا يُخترع اسمُ عمودٍ لتسميةٍ لم تُدرَس",
Employees/employee_contracts.php,pay_models,"فترة التجربة",MANUAL,,,"ليست في المعجم — ولا يُخترع اسمُ عمودٍ لتسميةٍ لم تُدرَس",
Employees/employee_contracts.php,pay_models,"الراتب الأساسي",MANUAL,,,"ليست في المعجم — ولا يُخترع اسمُ عمودٍ لتسميةٍ لم تُدرَس",
Employees/employee_contracts.php,pay_models,"بدل الطبيعة",MANUAL,,,"ليست في المعجم — ولا يُخترع اسمُ عمودٍ لتسميةٍ لم تُدرَس",
Employees/employee_contracts.php,pay_models,"إجمالي الأجر",MANUAL,,,"ليست في المعجم — ولا يُخترع اسمُ عمودٍ لتسميةٍ لم تُدرَس",
Employees/employee_contracts.php,pay_models,"دورية الصرف",MANUAL,,,"ليست في المعجم — ولا يُخترع اسمُ عمودٍ لتسميةٍ لم تُدرَس",
Employees/employee_contracts.php,pay_models,"نموذج الحافز",MANUAL,,,"ليست في المعجم — ولا يُخترع اسمُ عمودٍ لتسميةٍ لم تُدرَس",
Employees/employee_contracts.php,pay_models,"رصيد الإجازة السنوية",MANUAL,,,"ليست في المعجم — ولا يُخترع اسمُ عمودٍ لتسميةٍ لم تُدرَس",
Employees/employee_contracts.php,pay_models,"جهة التحمل",MANUAL,,,"ليست في المعجم — ولا يُخترع اسمُ عمودٍ لتسميةٍ لم تُدرَس",
Employees/employee_contracts.php,pay_models,"وقعه عنا",MANUAL,,,"ليست في المعجم — ولا يُخترع اسمُ عمودٍ لتسميةٍ لم تُدرَس",
Employees/employee_contracts.php,pay_models,"وقعه الموظف",MANUAL,,,"ليست في المعجم — ولا يُخترع اسمُ عمودٍ لتسميةٍ لم تُدرَس",
Employees/employee_contracts.php,pay_models,الكيان,BOUND,entity,gov,"يبثُّه `ems_gov_ctx()` من `admin_companies` — موصولٌ سلفًا، لا عمل",
Employees/employee_contracts.php,pay_models,"مرجع التفويض",MANUAL,,,"تسميةٌ علائقيةٌ (مرجعٌ لجدولٍ آخر) — عمودٌ نصيٌّ لها يزدوج المصدر",
Employees/employee_contracts.php,pay_models,"تاريخ الاعتماد",MANUAL,approved_at,,"مشتقٌّ من `approved_at` و`pay_models` لا يحمله — يلزم قرار",
Employees/employee_contracts.php,pay_models,"تاريخ الإنشاء",BIND,created_at,derived,"مشتقٌّ من `created_at` القائمِ في `pay_models` — بلا هجرة",
Employees/employee_contracts.php,pay_models,"المرجع الأب",MANUAL,,,"تسميةٌ علائقيةٌ (مرجعٌ لجدولٍ آخر) — عمودٌ نصيٌّ لها يزدوج المصدر",
Employees/employee_contracts.php,pay_models,"المنشئ — الاسم والصفة",MANUAL,created_by,,"مشتقٌّ من `created_by` و`pay_models` لا يحمله — يلزم قرار",
Employees/employee_contracts.php,pay_models,"مفتاح منع التكرار",MANUAL,,,"تسميةٌ علائقيةٌ (مرجعٌ لجدولٍ آخر) — عمودٌ نصيٌّ لها يزدوج المصدر",
Employees/employee_contracts.php,pay_models,"معكوس ب",MANUAL,,,"تسميةٌ علائقيةٌ (مرجعٌ لجدولٍ آخر) — عمودٌ نصيٌّ لها يزدوج المصدر",
Employees/employee_contracts.php,pay_models,"عكس عن",MANUAL,,,"تسميةٌ علائقيةٌ (مرجعٌ لجدولٍ آخر) — عمودٌ نصيٌّ لها يزدوج المصدر",
Employees/employee_contracts.php,pay_models,"درجة الأثر",MANUAL,,,"تسميةٌ علائقيةٌ (مرجعٌ لجدولٍ آخر) — عمودٌ نصيٌّ لها يزدوج المصدر",
Employees/employee_contracts.php,pay_models,"سجل الاطلاع",MANUAL,,,"تسميةٌ علائقيةٌ (مرجعٌ لجدولٍ آخر) — عمودٌ نصيٌّ لها يزدوج المصدر",
Employees/employee_contracts.php,pay_models,المرفق,MANUAL,,,"تسميةٌ علائقيةٌ (مرجعٌ لجدولٍ آخر) — عمودٌ نصيٌّ لها يزدوج المصدر",
Employees/employee_contracts.php,pay_models,"مركز التكلفة",MANUAL,,,"تسميةٌ علائقيةٌ (مرجعٌ لجدولٍ آخر) — عمودٌ نصيٌّ لها يزدوج المصدر",
Employees/employee_contracts.php,pay_models,"سعر الصرف ومصدره",MANUAL,,,"تسميةٌ علائقيةٌ (مرجعٌ لجدولٍ آخر) — عمودٌ نصيٌّ لها يزدوج المصدر",
Employees/employee_contracts_details.php,drivercontracts,الكيان,BOUND,entity,gov,"يبثُّه `ems_gov_ctx()` من `admin_companies` — موصولٌ سلفًا، لا عمل",
Employees/employee_contracts_details.php,drivercontracts,"المنشئ — الاسم والصفة",MANUAL,created_by,,"مشتقٌّ من `created_by` و`drivercontracts` لا يحمله — يلزم قرار",
Employees/employee_contracts_details.php,drivercontracts,"المعتمد — الاسم والصفة",MANUAL,approved_by,,"مشتقٌّ من `approved_by` و`drivercontracts` لا يحمله — يلزم قرار",
Employees/employee_contracts_details.php,drivercontracts,"مرجع التفويض",MANUAL,,,"تسميةٌ علائقيةٌ (مرجعٌ لجدولٍ آخر) — عمودٌ نصيٌّ لها يزدوج المصدر",
Employees/employee_contracts_details.php,drivercontracts,"المرجع الأب",MANUAL,,,"تسميةٌ علائقيةٌ (مرجعٌ لجدولٍ آخر) — عمودٌ نصيٌّ لها يزدوج المصدر",
Employees/employee_contracts_details.php,drivercontracts,"تاريخ الإنشاء",BIND,created_at,derived,"مشتقٌّ من `created_at` القائمِ في `drivercontracts` — بلا هجرة",
Employees/employee_contracts_details.php,drivercontracts,"تاريخ الاعتماد",MANUAL,approved_at,,"مشتقٌّ من `approved_at` و`drivercontracts` لا يحمله — يلزم قرار",
Employees/employee_contracts_details.php,drivercontracts,الحالة,BIND,status,derived,"مشتقٌّ من `status` القائمِ في `drivercontracts` — بلا هجرة",
Employees/employee_equipment_history.php,equipment_drivers,الكيان,BOUND,entity,gov,"يبثُّه `ems_gov_ctx()` من `admin_companies` — موصولٌ سلفًا، لا عمل",
Employees/employee_equipment_history.php,equipment_drivers,"المنشئ — الاسم والصفة",MANUAL,created_by,,"مشتقٌّ من `created_by` و`equipment_drivers` لا يحمله — يلزم قرار",
Employees/employee_equipment_history.php,equipment_drivers,"المعتمد — الاسم والصفة",MANUAL,approved_by,,"مشتقٌّ من `approved_by` و`equipment_drivers` لا يحمله — يلزم قرار",
Employees/employee_equipment_history.php,equipment_drivers,"مرجع التفويض",MANUAL,,,"تسميةٌ علائقيةٌ (مرجعٌ لجدولٍ آخر) — عمودٌ نصيٌّ لها يزدوج المصدر",
Employees/employee_equipment_history.php,equipment_drivers,"المرجع الأب",MANUAL,,,"تسميةٌ علائقيةٌ (مرجعٌ لجدولٍ آخر) — عمودٌ نصيٌّ لها يزدوج المصدر",
Employees/employee_equipment_history.php,equipment_drivers,"تاريخ الإنشاء",MANUAL,created_at,,"مشتقٌّ من `created_at` و`equipment_drivers` لا يحمله — يلزم قرار",
Employees/employee_equipment_history.php,equipment_drivers,"تاريخ الاعتماد",MANUAL,approved_at,,"مشتقٌّ من `approved_at` و`equipment_drivers` لا يحمله — يلزم قرار",
Employees/employee_profile.php,timesheet,الكيان,BOUND,entity,gov,"يبثُّه `ems_gov_ctx()` من `admin_companies` — موصولٌ سلفًا، لا عمل",
Employees/employee_profile.php,timesheet,"المنشئ — الاسم والصفة",MANUAL,created_by,,"مشتقٌّ من `created_by` و`timesheet` لا يحمله — يلزم قرار",
Employees/employee_profile.php,timesheet,"المعتمد — الاسم والصفة",MANUAL,approved_by,,"مشتقٌّ من `approved_by` و`timesheet` لا يحمله — يلزم قرار",
Employees/employee_profile.php,timesheet,"مرجع التفويض",MANUAL,,,"تسميةٌ علائقيةٌ (مرجعٌ لجدولٍ آخر) — عمودٌ نصيٌّ لها يزدوج المصدر",
Employees/employee_profile.php,timesheet,"المرجع الأب",MANUAL,,,"تسميةٌ علائقيةٌ (مرجعٌ لجدولٍ آخر) — عمودٌ نصيٌّ لها يزدوج المصدر",
Employees/employee_profile.php,timesheet,"تاريخ الإنشاء",MANUAL,created_at,,"مشتقٌّ من `created_at` و`timesheet` لا يحمله — يلزم قرار",
Employees/employee_profile.php,timesheet,"تاريخ الاعتماد",MANUAL,approved_at,,"مشتقٌّ من `approved_at` و`timesheet` لا يحمله — يلزم قرار",
Employees/employee_roles.php,employees,الكيان,BOUND,entity,gov,"يبثُّه `ems_gov_ctx()` من `admin_companies` — موصولٌ سلفًا، لا عمل",
Employees/employee_roles.php,employees,"المنشئ — الاسم والصفة",MANUAL,created_by,,"مشتقٌّ من `created_by` و`employees` لا يحمله — يلزم قرار",
Employees/employee_roles.php,employees,"المعتمد — الاسم والصفة",MANUAL,approved_by,,"مشتقٌّ من `approved_by` و`employees` لا يحمله — يلزم قرار",
Employees/employee_roles.php,employees,"مرجع التفويض",MANUAL,,,"تسميةٌ علائقيةٌ (مرجعٌ لجدولٍ آخر) — عمودٌ نصيٌّ لها يزدوج المصدر",
Employees/employee_roles.php,employees,"المرجع الأب",MANUAL,,,"تسميةٌ علائقيةٌ (مرجعٌ لجدولٍ آخر) — عمودٌ نصيٌّ لها يزدوج المصدر",
Employees/employee_roles.php,employees,"تاريخ الإنشاء",BIND,created_at,derived,"مشتقٌّ من `created_at` القائمِ في `employees` — بلا هجرة",
Employees/employee_roles.php,employees,"تاريخ الاعتماد",MANUAL,approved_at,,"مشتقٌّ من `approved_at` و`employees` لا يحمله — يلزم قرار",
Employees/employees.php,drivercontracts,"الاسم الرباعي",MANUAL,,,"ليست في المعجم — ولا يُخترع اسمُ عمودٍ لتسميةٍ لم تُدرَس",
Employees/employees.php,drivercontracts,"رقم الهوية",MANUAL,,,"ليست في المعجم — ولا يُخترع اسمُ عمودٍ لتسميةٍ لم تُدرَس",
Employees/employees.php,drivercontracts,"تاريخ الميلاد",MANUAL,,,"ليست في المعجم — ولا يُخترع اسمُ عمودٍ لتسميةٍ لم تُدرَس",
Employees/employees.php,drivercontracts,الجنسية,MANUAL,,,"ليست في المعجم — ولا يُخترع اسمُ عمودٍ لتسميةٍ لم تُدرَس",
Employees/employees.php,drivercontracts,المؤهل,MANUAL,,,"ليست في المعجم — ولا يُخترع اسمُ عمودٍ لتسميةٍ لم تُدرَس",
Employees/employees.php,drivercontracts,"تاريخ التعيين",MANUAL,,,"ليست في المعجم — ولا يُخترع اسمُ عمودٍ لتسميةٍ لم تُدرَس",
Employees/employees.php,drivercontracts,الإدارة,NEW,department,text,"لا عمودَ له في `drivercontracts` — يُنشأ **اختياريًّا** (NULL)",
Employees/employees.php,drivercontracts,"المسمى الوظيفي",MANUAL,,,"ليست في المعجم — ولا يُخترع اسمُ عمودٍ لتسميةٍ لم تُدرَس",
Employees/employees.php,drivercontracts,"المستوى التنظيمي",MANUAL,,,"ليست في المعجم — ولا يُخترع اسمُ عمودٍ لتسميةٍ لم تُدرَس",
Employees/employees.php,drivercontracts,الموقع,NEW,location,text,"لا عمودَ له في `drivercontracts` — يُنشأ **اختياريًّا** (NULL)",
Employees/employees.php,drivercontracts,"الحساب البنكي",MANUAL,,,"ليست في المعجم — ولا يُخترع اسمُ عمودٍ لتسميةٍ لم تُدرَس",
Employees/employees.php,drivercontracts,البنك,MANUAL,,,"ليست في المعجم — ولا يُخترع اسمُ عمودٍ لتسميةٍ لم تُدرَس",
Employees/employees.php,drivercontracts,"حالة الخدمة",MANUAL,,,"ليست في المعجم — ولا يُخترع اسمُ عمودٍ لتسميةٍ لم تُدرَس",
Employees/employees.php,drivercontracts,سجله,MANUAL,created_by,,"مشتقٌّ من `created_by` و`drivercontracts` لا يحمله — يلزم قرار",
Employees/employees.php,drivercontracts,الكيان,BOUND,entity,gov,"يبثُّه `ems_gov_ctx()` من `admin_companies` — موصولٌ سلفًا، لا عمل",
Employees/employees.php,drivercontracts,"مرجع التفويض",MANUAL,,,"تسميةٌ علائقيةٌ (مرجعٌ لجدولٍ آخر) — عمودٌ نصيٌّ لها يزدوج المصدر",
Employees/employees.php,drivercontracts,"تاريخ الاعتماد",MANUAL,approved_at,,"مشتقٌّ من `approved_at` و`drivercontracts` لا يحمله — يلزم قرار",
Employees/employees.php,drivercontracts,"تاريخ الإنشاء",BIND,created_at,derived,"مشتقٌّ من `created_at` القائمِ في `drivercontracts` — بلا هجرة",
Employees/employees.php,drivercontracts,"المرجع الأب",MANUAL,,,"تسميةٌ علائقيةٌ (مرجعٌ لجدولٍ آخر) — عمودٌ نصيٌّ لها يزدوج المصدر",
Employees/employees.php,drivercontracts,"المعتمد — الاسم والصفة",MANUAL,approved_by,,"مشتقٌّ من `approved_by` و`drivercontracts` لا يحمله — يلزم قرار",
Employees/employees.php,drivercontracts,"سجل الاطلاع",MANUAL,,,"تسميةٌ علائقيةٌ (مرجعٌ لجدولٍ آخر) — عمودٌ نصيٌّ لها يزدوج المصدر",
Employees/employees.php,drivercontracts,المرفق,MANUAL,,,"تسميةٌ علائقيةٌ (مرجعٌ لجدولٍ آخر) — عمودٌ نصيٌّ لها يزدوج المصدر",
Employees/equipment_operators.php,equipment_operators,"كود الموظف",MANUAL,,,"ليست في المعجم — ولا يُخترع اسمُ عمودٍ لتسميةٍ لم تُدرَس",
Employees/equipment_operators.php,equipment_operators,"الاسم الرباعي",MANUAL,,,"ليست في المعجم — ولا يُخترع اسمُ عمودٍ لتسميةٍ لم تُدرَس",
Employees/equipment_operators.php,equipment_operators,"رقم الهوية",MANUAL,,,"ليست في المعجم — ولا يُخترع اسمُ عمودٍ لتسميةٍ لم تُدرَس",
Employees/equipment_operators.php,equipment_operators,"تاريخ الميلاد",MANUAL,,,"ليست في المعجم — ولا يُخترع اسمُ عمودٍ لتسميةٍ لم تُدرَس",
Employees/equipment_operators.php,equipment_operators,التبعية,MANUAL,,,"ليست في المعجم — ولا يُخترع اسمُ عمودٍ لتسميةٍ لم تُدرَس",
Employees/equipment_operators.php,equipment_operators,"مسار التوزيع",MANUAL,,,"ليست في المعجم — ولا يُخترع اسمُ عمودٍ لتسميةٍ لم تُدرَس",
Employees/equipment_operators.php,equipment_operators,"المورد التابع له",MANUAL,,,"ليست في المعجم — ولا يُخترع اسمُ عمودٍ لتسميةٍ لم تُدرَس",
Employees/equipment_operators.php,equipment_operators,"أساس حافز الإنتاج",MANUAL,,,"ليست في المعجم — ولا يُخترع اسمُ عمودٍ لتسميةٍ لم تُدرَس",
Employees/equipment_operators.php,equipment_operators,"قيمة الحافز للوحدة",MANUAL,,,"ليست في المعجم — ولا يُخترع اسمُ عمودٍ لتسميةٍ لم تُدرَس",
Employees/equipment_operators.php,equipment_operators,"الوردية المشتركة",MANUAL,,,"ليست في المعجم — ولا يُخترع اسمُ عمودٍ لتسميةٍ لم تُدرَس",
Employees/equipment_operators.php,equipment_operators,"الموضع فيها",MANUAL,,,"ليست في المعجم — ولا يُخترع اسمُ عمودٍ لتسميةٍ لم تُدرَس",
Employees/equipment_operators.php,equipment_operators,"رقم عقد العمل",MANUAL,,,"ليست في المعجم — ولا يُخترع اسمُ عمودٍ لتسميةٍ لم تُدرَس",
Employees/equipment_operators.php,equipment_operators,"الفحص الطبي",MANUAL,,,"ليست في المعجم — ولا يُخترع اسمُ عمودٍ لتسميةٍ لم تُدرَس",
Employees/equipment_operators.php,equipment_operators,"تاريخ انتهاء الفحص",MANUAL,,,"ليست في المعجم — ولا يُخترع اسمُ عمودٍ لتسميةٍ لم تُدرَس",
Employees/equipment_operators.php,equipment_operators,"الموقع الحالي",MANUAL,,,"ليست في المعجم — ولا يُخترع اسمُ عمودٍ لتسميةٍ لم تُدرَس",
Employees/equipment_operators.php,equipment_operators,"المعدة المكلف عليها",MANUAL,,,"ليست في المعجم — ولا يُخترع اسمُ عمودٍ لتسميةٍ لم تُدرَس",
Employees/equipment_operators.php,equipment_operators,سجله,MANUAL,created_by,,"مشتقٌّ من `created_by` و`equipment_operators` لا يحمله — يلزم قرار",
Employees/equipment_operators.php,equipment_operators,الكيان,BOUND,entity,gov,"يبثُّه `ems_gov_ctx()` من `admin_companies` — موصولٌ سلفًا، لا عمل",
Employees/equipment_operators.php,equipment_operators,"مرجع التفويض",MANUAL,,,"تسميةٌ علائقيةٌ (مرجعٌ لجدولٍ آخر) — عمودٌ نصيٌّ لها يزدوج المصدر",
Employees/equipment_operators.php,equipment_operators,"تاريخ الاعتماد",MANUAL,approved_at,,"مشتقٌّ من `approved_at` و`equipment_operators` لا يحمله — يلزم قرار",
Employees/equipment_operators.php,equipment_operators,"تاريخ الإنشاء",BIND,created_at,derived,"مشتقٌّ من `created_at` القائمِ في `equipment_operators` — بلا هجرة",
Employees/equipment_operators.php,equipment_operators,"المرجع الأب",MANUAL,,,"تسميةٌ علائقيةٌ (مرجعٌ لجدولٍ آخر) — عمودٌ نصيٌّ لها يزدوج المصدر",
Employees/equipment_operators.php,equipment_operators,"المعتمد — الاسم والصفة",MANUAL,approved_by,,"مشتقٌّ من `approved_by` و`equipment_operators` لا يحمله — يلزم قرار",
Employees/equipment_operators.php,equipment_operators,المرفق,MANUAL,,,"تسميةٌ علائقيةٌ (مرجعٌ لجدولٍ آخر) — عمودٌ نصيٌّ لها يزدوج المصدر",
Employees/job_titles.php,employees,الكيان,BOUND,entity,gov,"يبثُّه `ems_gov_ctx()` من `admin_companies` — موصولٌ سلفًا، لا عمل",
Employees/job_titles.php,employees,"المنشئ — الاسم والصفة",MANUAL,created_by,,"مشتقٌّ من `created_by` و`employees` لا يحمله — يلزم قرار",
Employees/job_titles.php,employees,"المعتمد — الاسم والصفة",MANUAL,approved_by,,"مشتقٌّ من `approved_by` و`employees` لا يحمله — يلزم قرار",
Employees/job_titles.php,employees,"مرجع التفويض",MANUAL,,,"تسميةٌ علائقيةٌ (مرجعٌ لجدولٍ آخر) — عمودٌ نصيٌّ لها يزدوج المصدر",
Employees/job_titles.php,employees,"المرجع الأب",MANUAL,,,"تسميةٌ علائقيةٌ (مرجعٌ لجدولٍ آخر) — عمودٌ نصيٌّ لها يزدوج المصدر",
Employees/job_titles.php,employees,"تاريخ الإنشاء",BIND,created_at,derived,"مشتقٌّ من `created_at` القائمِ في `employees` — بلا هجرة",
Employees/job_titles.php,employees,"تاريخ الاعتماد",MANUAL,approved_at,,"مشتقٌّ من `approved_at` و`employees` لا يحمله — يلزم قرار",
Equipments/asset_recon.php,,الحالة,MANUAL,,,"جدولُ الشاشةِ لم يُستنبَط — لا يُقاس عمودٌ بلا جدول",
Equipments/asset_recon.php,,الكيان,BOUND,entity,gov,"يبثُّه `ems_gov_ctx()` من `admin_companies` — موصولٌ سلفًا، لا عمل",
Equipments/code_bridge.php,,الكيان,BOUND,entity,gov,"يبثُّه `ems_gov_ctx()` من `admin_companies` — موصولٌ سلفًا، لا عمل",
Equipments/code_bridge.php,,"المنشئ — الاسم والصفة",MANUAL,,,"جدولُ الشاشةِ لم يُستنبَط — لا يُقاس عمودٌ بلا جدول",
Equipments/code_bridge.php,,"المعتمد — الاسم والصفة",MANUAL,,,"جدولُ الشاشةِ لم يُستنبَط — لا يُقاس عمودٌ بلا جدول",
Equipments/code_bridge.php,,"تاريخ الاعتماد",MANUAL,,,"جدولُ الشاشةِ لم يُستنبَط — لا يُقاس عمودٌ بلا جدول",
Equipments/code_bridge.php,,الحالة,MANUAL,,,"جدولُ الشاشةِ لم يُستنبَط — لا يُقاس عمودٌ بلا جدول",
Equipments/equipment_documents.php,equipment_documents,"كود المعدة أو المشغل",MANUAL,,,"ليست في المعجم — ولا يُخترع اسمُ عمودٍ لتسميةٍ لم تُدرَس",
Equipments/equipment_documents.php,equipment_documents,"الرقم أو المرجع",MANUAL,,,"ليست في المعجم — ولا يُخترع اسمُ عمودٍ لتسميةٍ لم تُدرَس",
Equipments/equipment_documents.php,equipment_documents,"تاريخ الإصدار",BIND,issue_date,existing,"`issue_date` قائمٌ في `equipment_documents` — وصلٌ بلا هجرة",
Equipments/equipment_documents.php,equipment_documents,"المدة المتبقية بالأيام",MANUAL,,,"ليست في المعجم — ولا يُخترع اسمُ عمودٍ لتسميةٍ لم تُدرَس",
Equipments/equipment_documents.php,equipment_documents,"وثيقة حرجة؟",MANUAL,,,"ليست في المعجم — ولا يُخترع اسمُ عمودٍ لتسميةٍ لم تُدرَس",
Equipments/equipment_documents.php,equipment_documents,"أثر الانتهاء",MANUAL,,,"ليست في المعجم — ولا يُخترع اسمُ عمودٍ لتسميةٍ لم تُدرَس",
Equipments/equipment_documents.php,equipment_documents,"التنبيه قبل بالأيام",MANUAL,,,"ليست في المعجم — ولا يُخترع اسمُ عمودٍ لتسميةٍ لم تُدرَس",
Equipments/equipment_documents.php,equipment_documents,المسؤول,NEW,responsible,text,"لا عمودَ له في `equipment_documents` — يُنشأ **اختياريًّا** (NULL)",
Equipments/equipment_documents.php,equipment_documents,الكيان,BOUND,entity,gov,"يبثُّه `ems_gov_ctx()` من `admin_companies` — موصولٌ سلفًا، لا عمل",
Equipments/equipment_documents.php,equipment_documents,"مرجع التفويض",MANUAL,,,"تسميةٌ علائقيةٌ (مرجعٌ لجدولٍ آخر) — عمودٌ نصيٌّ لها يزدوج المصدر",
Equipments/equipment_documents.php,equipment_documents,"تاريخ الاعتماد",MANUAL,approved_at,,"مشتقٌّ من `approved_at` و`equipment_documents` لا يحمله — يلزم قرار",
Equipments/equipment_documents.php,equipment_documents,"تاريخ الإنشاء",BIND,created_at,derived,"مشتقٌّ من `created_at` القائمِ في `equipment_documents` — بلا هجرة",
Equipments/equipment_documents.php,equipment_documents,"المنشئ — الاسم والصفة",BIND,created_by,derived,"مشتقٌّ من `created_by` القائمِ في `equipment_documents` — بلا هجرة",
Equipments/equipment_documents.php,equipment_documents,"المعتمد — الاسم والصفة",MANUAL,approved_by,,"مشتقٌّ من `approved_by` و`equipment_documents` لا يحمله — يلزم قرار",
Equipments/equipment_documents.php,equipment_documents,المرفق,MANUAL,,,"تسميةٌ علائقيةٌ (مرجعٌ لجدولٍ آخر) — عمودٌ نصيٌّ لها يزدوج المصدر",
Equipments/equipment_profile.php,operations,الكيان,BOUND,entity,gov,"يبثُّه `ems_gov_ctx()` من `admin_companies` — موصولٌ سلفًا، لا عمل",
Equipments/equipment_profile.php,operations,"المنشئ — الاسم والصفة",MANUAL,created_by,,"مشتقٌّ من `created_by` و`operations` لا يحمله — يلزم قرار",
Equipments/equipment_profile.php,operations,"المعتمد — الاسم والصفة",MANUAL,approved_by,,"مشتقٌّ من `approved_by` و`operations` لا يحمله — يلزم قرار",
Equipments/equipment_profile.php,operations,"مرجع التفويض",MANUAL,,,"تسميةٌ علائقيةٌ (مرجعٌ لجدولٍ آخر) — عمودٌ نصيٌّ لها يزدوج المصدر",
Equipments/equipment_profile.php,operations,"المرجع الأب",MANUAL,,,"تسميةٌ علائقيةٌ (مرجعٌ لجدولٍ آخر) — عمودٌ نصيٌّ لها يزدوج المصدر",
Equipments/equipment_profile.php,operations,"تاريخ الإنشاء",MANUAL,created_at,,"مشتقٌّ من `created_at` و`operations` لا يحمله — يلزم قرار",
Equipments/equipment_profile.php,operations,"تاريخ الاعتماد",MANUAL,approved_at,,"مشتقٌّ من `approved_at` و`operations` لا يحمله — يلزم قرار",
Equipments/equipment_sourcing.php,,الكيان,BOUND,entity,gov,"يبثُّه `ems_gov_ctx()` من `admin_companies` — موصولٌ سلفًا، لا عمل",
Equipments/equipment_sourcing.php,,العملة,MANUAL,,,"جدولُ الشاشةِ لم يُستنبَط — لا يُقاس عمودٌ بلا جدول",
Equipments/equipment_sourcing.php,,"سجل الاطلاع",MANUAL,,,"جدولُ الشاشةِ لم يُستنبَط — لا يُقاس عمودٌ بلا جدول",
Equipments/equipment_sourcing.php,,"المنشئ — الاسم والصفة",MANUAL,,,"جدولُ الشاشةِ لم يُستنبَط — لا يُقاس عمودٌ بلا جدول",
Equipments/equipment_sourcing.php,,"المعتمد — الاسم والصفة",MANUAL,,,"جدولُ الشاشةِ لم يُستنبَط — لا يُقاس عمودٌ بلا جدول",
Equipments/equipment_sourcing.php,,"تاريخ الاعتماد",MANUAL,,,"جدولُ الشاشةِ لم يُستنبَط — لا يُقاس عمودٌ بلا جدول",
Equipments/equipment_sourcing.php,,الحالة,MANUAL,,,"جدولُ الشاشةِ لم يُستنبَط — لا يُقاس عمودٌ بلا جدول",
Equipments/equipments.php,supplierscontracts,"مسار التوزيع",MANUAL,,,"ليست في المعجم — ولا يُخترع اسمُ عمودٍ لتسميةٍ لم تُدرَس",
Equipments/equipments.php,supplierscontracts,"الفئة التشغيلية",MANUAL,,,"ليست في المعجم — ولا يُخترع اسمُ عمودٍ لتسميةٍ لم تُدرَس",
Equipments/equipments.php,supplierscontracts,"بلد الصنع",MANUAL,,,"ليست في المعجم — ولا يُخترع اسمُ عمودٍ لتسميةٍ لم تُدرَس",
Equipments/equipments.php,supplierscontracts,"حالة الرقم التسلسلي",MANUAL,,,"ليست في المعجم — ولا يُخترع اسمُ عمودٍ لتسميةٍ لم تُدرَس",
Equipments/equipments.php,supplierscontracts,"رقم الشاسيه",MANUAL,,,"ليست في المعجم — ولا يُخترع اسمُ عمودٍ لتسميةٍ لم تُدرَس",
Equipments/equipments.php,supplierscontracts,"رقم الموتور",MANUAL,,,"ليست في المعجم — ولا يُخترع اسمُ عمودٍ لتسميةٍ لم تُدرَس",
Equipments/equipments.php,supplierscontracts,"رقم اللوحة",MANUAL,,,"ليست في المعجم — ولا يُخترع اسمُ عمودٍ لتسميةٍ لم تُدرَس",
Equipments/equipments.php,supplierscontracts,المصدر,MANUAL,,,"ليست في المعجم — ولا يُخترع اسمُ عمودٍ لتسميةٍ لم تُدرَس",
Equipments/equipments.php,supplierscontracts,"المالك القانوني",MANUAL,,,"ليست في المعجم — ولا يُخترع اسمُ عمودٍ لتسميةٍ لم تُدرَس",
Equipments/equipments.php,supplierscontracts,"تاريخ الدخول",MANUAL,,,"ليست في المعجم — ولا يُخترع اسمُ عمودٍ لتسميةٍ لم تُدرَس",
Equipments/equipments.php,supplierscontracts,"العداد الافتتاحي",MANUAL,,,"ليست في المعجم — ولا يُخترع اسمُ عمودٍ لتسميةٍ لم تُدرَس",
Equipments/equipments.php,supplierscontracts,"العداد الحالي",MANUAL,,,"ليست في المعجم — ولا يُخترع اسمُ عمودٍ لتسميةٍ لم تُدرَس",
Equipments/equipments.php,supplierscontracts,"وحدة العداد",MANUAL,,,"ليست في المعجم — ولا يُخترع اسمُ عمودٍ لتسميةٍ لم تُدرَس",
Equipments/equipments.php,supplierscontracts,"تكلفة الشراء",MANUAL,,,"ليست في المعجم — ولا يُخترع اسمُ عمودٍ لتسميةٍ لم تُدرَس",
Equipments/equipments.php,supplierscontracts,"العمر الإنتاجي بالساعات",MANUAL,,,"ليست في المعجم — ولا يُخترع اسمُ عمودٍ لتسميةٍ لم تُدرَس",
Equipments/equipments.php,supplierscontracts,"معدل الإهلاك بالساعة",MANUAL,,,"ليست في المعجم — ولا يُخترع اسمُ عمودٍ لتسميةٍ لم تُدرَس",
Equipments/equipments.php,supplierscontracts,"قيمة الخردة",MANUAL,,,"ليست في المعجم — ولا يُخترع اسمُ عمودٍ لتسميةٍ لم تُدرَس",
Equipments/equipments.php,supplierscontracts,"الإهلاك المتراكم",MANUAL,,,"ليست في المعجم — ولا يُخترع اسمُ عمودٍ لتسميةٍ لم تُدرَس",
Equipments/equipments.php,supplierscontracts,"القيمة الدفترية",MANUAL,,,"ليست في المعجم — ولا يُخترع اسمُ عمودٍ لتسميةٍ لم تُدرَس",
Equipments/equipments.php,supplierscontracts,"الساعات المتراكمة بالسجل",MANUAL,,,"ليست في المعجم — ولا يُخترع اسمُ عمودٍ لتسميةٍ لم تُدرَس",
Equipments/equipments.php,supplierscontracts,"الساعات بالتشغيل",MANUAL,,,"ليست في المعجم — ولا يُخترع اسمُ عمودٍ لتسميةٍ لم تُدرَس",
Equipments/equipments.php,supplierscontracts,"فرق الساعات",MANUAL,,,"ليست في المعجم — ولا يُخترع اسمُ عمودٍ لتسميةٍ لم تُدرَس",
Equipments/equipments.php,supplierscontracts,الممول,MANUAL,,,"ليست في المعجم — ولا يُخترع اسمُ عمودٍ لتسميةٍ لم تُدرَس",
Equipments/equipments.php,supplierscontracts,"نموذج التمويل",MANUAL,,,"ليست في المعجم — ولا يُخترع اسمُ عمودٍ لتسميةٍ لم تُدرَس",
Equipments/equipments.php,supplierscontracts,"حصص الملكية",MANUAL,,,"ليست في المعجم — ولا يُخترع اسمُ عمودٍ لتسميةٍ لم تُدرَس",
Equipments/equipments.php,supplierscontracts,"الموقع الحالي",MANUAL,,,"ليست في المعجم — ولا يُخترع اسمُ عمودٍ لتسميةٍ لم تُدرَس",
Equipments/equipments.php,supplierscontracts,"الحالة الأسطولية",MANUAL,,,"ليست في المعجم — ولا يُخترع اسمُ عمودٍ لتسميةٍ لم تُدرَس",
Equipments/equipments.php,supplierscontracts,"الجاهزية الفنية",MANUAL,,,"ليست في المعجم — ولا يُخترع اسمُ عمودٍ لتسميةٍ لم تُدرَس",
Equipments/equipments.php,supplierscontracts,سجله,MANUAL,created_by,,"مشتقٌّ من `created_by` و`supplierscontracts` لا يحمله — يلزم قرار",
Equipments/equipments.php,supplierscontracts,الكيان,BOUND,entity,gov,"يبثُّه `ems_gov_ctx()` من `admin_companies` — موصولٌ سلفًا، لا عمل",
Equipments/equipments.php,supplierscontracts,"مرجع التفويض",MANUAL,,,"تسميةٌ علائقيةٌ (مرجعٌ لجدولٍ آخر) — عمودٌ نصيٌّ لها يزدوج المصدر",
Equipments/equipments.php,supplierscontracts,"تاريخ الاعتماد",MANUAL,approved_at,,"مشتقٌّ من `approved_at` و`supplierscontracts` لا يحمله — يلزم قرار",
Equipments/equipments.php,supplierscontracts,"تاريخ الإنشاء",BIND,created_at,derived,"مشتقٌّ من `created_at` القائمِ في `supplierscontracts` — بلا هجرة",
Equipments/equipments.php,supplierscontracts,"المرجع الأب",MANUAL,,,"تسميةٌ علائقيةٌ (مرجعٌ لجدولٍ آخر) — عمودٌ نصيٌّ لها يزدوج المصدر",
Equipments/equipments.php,supplierscontracts,"المعتمد — الاسم والصفة",MANUAL,approved_by,,"مشتقٌّ من `approved_by` و`supplierscontracts` لا يحمله — يلزم قرار",
Equipments/equipments.php,supplierscontracts,المرفق,MANUAL,,,"تسميةٌ علائقيةٌ (مرجعٌ لجدولٍ آخر) — عمودٌ نصيٌّ لها يزدوج المصدر",
Equipments/equipments.php,supplierscontracts,"مركز التكلفة",MANUAL,,,"تسميةٌ علائقيةٌ (مرجعٌ لجدولٍ آخر) — عمودٌ نصيٌّ لها يزدوج المصدر",
Equipments/equipments.php,supplierscontracts,"سعر الصرف ومصدره",MANUAL,,,"تسميةٌ علائقيةٌ (مرجعٌ لجدولٍ آخر) — عمودٌ نصيٌّ لها يزدوج المصدر",
Equipments/equipments.php,supplierscontracts,العملة,MANUAL,,,"تسميةٌ علائقيةٌ (مرجعٌ لجدولٍ آخر) — عمودٌ نصيٌّ لها يزدوج المصدر",
Equipments/equipments_drivers.php,supplierscontracts,الكيان,BOUND,entity,gov,"يبثُّه `ems_gov_ctx()` من `admin_companies` — موصولٌ سلفًا، لا عمل",
Equipments/equipments_drivers.php,supplierscontracts,"المنشئ — الاسم والصفة",MANUAL,created_by,,"مشتقٌّ من `created_by` و`supplierscontracts` لا يحمله — يلزم قرار",
Equipments/equipments_drivers.php,supplierscontracts,"المعتمد — الاسم والصفة",MANUAL,approved_by,,"مشتقٌّ من `approved_by` و`supplierscontracts` لا يحمله — يلزم قرار",
Equipments/equipments_drivers.php,supplierscontracts,"مرجع التفويض",MANUAL,,,"تسميةٌ علائقيةٌ (مرجعٌ لجدولٍ آخر) — عمودٌ نصيٌّ لها يزدوج المصدر",
Equipments/equipments_drivers.php,supplierscontracts,"المرجع الأب",MANUAL,,,"تسميةٌ علائقيةٌ (مرجعٌ لجدولٍ آخر) — عمودٌ نصيٌّ لها يزدوج المصدر",
Equipments/equipments_drivers.php,supplierscontracts,"تاريخ الإنشاء",BIND,created_at,derived,"مشتقٌّ من `created_at` القائمِ في `supplierscontracts` — بلا هجرة",
Equipments/equipments_drivers.php,supplierscontracts,"تاريخ الاعتماد",MANUAL,approved_at,,"مشتقٌّ من `approved_at` و`supplierscontracts` لا يحمله — يلزم قرار",
Equipments/equipments_fleet.php,supplierscontracts,الكيان,BOUND,entity,gov,"يبثُّه `ems_gov_ctx()` من `admin_companies` — موصولٌ سلفًا، لا عمل",
Equipments/equipments_fleet.php,supplierscontracts,"المنشئ — الاسم والصفة",MANUAL,created_by,,"مشتقٌّ من `created_by` و`supplierscontracts` لا يحمله — يلزم قرار",
Equipments/equipments_fleet.php,supplierscontracts,"المعتمد — الاسم والصفة",MANUAL,approved_by,,"مشتقٌّ من `approved_by` و`supplierscontracts` لا يحمله — يلزم قرار",
Equipments/equipments_fleet.php,supplierscontracts,"مرجع التفويض",MANUAL,,,"تسميةٌ علائقيةٌ (مرجعٌ لجدولٍ آخر) — عمودٌ نصيٌّ لها يزدوج المصدر",
Equipments/equipments_fleet.php,supplierscontracts,"المرجع الأب",MANUAL,,,"تسميةٌ علائقيةٌ (مرجعٌ لجدولٍ آخر) — عمودٌ نصيٌّ لها يزدوج المصدر",
Equipments/equipments_fleet.php,supplierscontracts,"تاريخ الإنشاء",BIND,created_at,derived,"مشتقٌّ من `created_at` القائمِ في `supplierscontracts` — بلا هجرة",
Equipments/equipments_fleet.php,supplierscontracts,"تاريخ الاعتماد",MANUAL,approved_at,,"مشتقٌّ من `approved_at` و`supplierscontracts` لا يحمله — يلزم قرار",
Equipments/equipments_types.php,,"اسم النوع",MANUAL,,,"جدولُ الشاشةِ لم يُستنبَط — لا يُقاس عمودٌ بلا جدول",
Equipments/equipments_types.php,,"وحدة العداد",MANUAL,,,"جدولُ الشاشةِ لم يُستنبَط — لا يُقاس عمودٌ بلا جدول",
Equipments/equipments_types.php,,"وحدة الإنتاج",MANUAL,,,"جدولُ الشاشةِ لم يُستنبَط — لا يُقاس عمودٌ بلا جدول",
Equipments/equipments_types.php,,"يحتاج مشغلا؟",MANUAL,,,"جدولُ الشاشةِ لم يُستنبَط — لا يُقاس عمودٌ بلا جدول",
Equipments/equipments_types.php,,"يحتاج تأهيلا؟",MANUAL,,,"جدولُ الشاشةِ لم يُستنبَط — لا يُقاس عمودٌ بلا جدول",
Equipments/equipments_types.php,,"فئة الرخصة المطلوبة",MANUAL,,,"جدولُ الشاشةِ لم يُستنبَط — لا يُقاس عمودٌ بلا جدول",
Equipments/equipments_types.php,,"العمر الإنتاجي القياسي",MANUAL,,,"جدولُ الشاشةِ لم يُستنبَط — لا يُقاس عمودٌ بلا جدول",
Equipments/equipments_types.php,,"دورية الوقائية القياسية",MANUAL,,,"جدولُ الشاشةِ لم يُستنبَط — لا يُقاس عمودٌ بلا جدول",
Equipments/equipments_types.php,,"يستعمل في بنود العقد؟",MANUAL,,,"جدولُ الشاشةِ لم يُستنبَط — لا يُقاس عمودٌ بلا جدول",
Equipments/equipments_types.php,,عرفه,MANUAL,,,"جدولُ الشاشةِ لم يُستنبَط — لا يُقاس عمودٌ بلا جدول",
Equipments/equipments_types.php,,الكيان,BOUND,entity,gov,"يبثُّه `ems_gov_ctx()` من `admin_companies` — موصولٌ سلفًا، لا عمل",
Equipments/fin_assets.php,,الحالة,MANUAL,,,"جدولُ الشاشةِ لم يُستنبَط — لا يُقاس عمودٌ بلا جدول",
Equipments/fin_assets.php,,الكيان,BOUND,entity,gov,"يبثُّه `ems_gov_ctx()` من `admin_companies` — موصولٌ سلفًا، لا عمل",
Equipments/fin_assets.php,,"المنشئ — الاسم والصفة",MANUAL,,,"جدولُ الشاشةِ لم يُستنبَط — لا يُقاس عمودٌ بلا جدول",
Equipments/fin_assets.php,,"تاريخ الإنشاء",MANUAL,,,"جدولُ الشاشةِ لم يُستنبَط — لا يُقاس عمودٌ بلا جدول",
Equipments/fin_assets.php,,"المعتمد — الاسم والصفة",MANUAL,,,"جدولُ الشاشةِ لم يُستنبَط — لا يُقاس عمودٌ بلا جدول",
Equipments/fin_assets.php,,"تاريخ الاعتماد",MANUAL,,,"جدولُ الشاشةِ لم يُستنبَط — لا يُقاس عمودٌ بلا جدول",
Equipments/fin_assets.php,,"مرجع التفويض",MANUAL,,,"جدولُ الشاشةِ لم يُستنبَط — لا يُقاس عمودٌ بلا جدول",
Equipments/fin_assets.php,,المرفق,MANUAL,,,"جدولُ الشاشةِ لم يُستنبَط — لا يُقاس عمودٌ بلا جدول",
Equipments/fin_assets.php,,"مركز التكلفة",MANUAL,,,"جدولُ الشاشةِ لم يُستنبَط — لا يُقاس عمودٌ بلا جدول",
Equipments/fin_assets.php,,"سعر الصرف ومصدره",MANUAL,,,"جدولُ الشاشةِ لم يُستنبَط — لا يُقاس عمودٌ بلا جدول",
Equipments/fin_assets.php,,"سجل الاطلاع",MANUAL,,,"جدولُ الشاشةِ لم يُستنبَط — لا يُقاس عمودٌ بلا جدول",
Equipments/fleet_depreciation_profiles.php,fleet_depreciation_profile,"فئة الأصول",MANUAL,,,"ليست في المعجم — ولا يُخترع اسمُ عمودٍ لتسميةٍ لم تُدرَس",
Equipments/fleet_depreciation_profiles.php,fleet_depreciation_profile,"وحدة العمر",MANUAL,,,"ليست في المعجم — ولا يُخترع اسمُ عمودٍ لتسميةٍ لم تُدرَس",
Equipments/fleet_depreciation_profiles.php,fleet_depreciation_profile,"نسبة قيمة الخردة",MANUAL,,,"ليست في المعجم — ولا يُخترع اسمُ عمودٍ لتسميةٍ لم تُدرَس",
Equipments/fleet_depreciation_profiles.php,fleet_depreciation_profile,"بداية الإهلاك",MANUAL,,,"ليست في المعجم — ولا يُخترع اسمُ عمودٍ لتسميةٍ لم تُدرَس",
Equipments/fleet_depreciation_profiles.php,fleet_depreciation_profile,"معالجة الإضافات",MANUAL,,,"ليست في المعجم — ولا يُخترع اسمُ عمودٍ لتسميةٍ لم تُدرَس",
Equipments/fleet_depreciation_profiles.php,fleet_depreciation_profile,"معالجة الإخراج",MANUAL,,,"ليست في المعجم — ولا يُخترع اسمُ عمودٍ لتسميةٍ لم تُدرَس",
Equipments/fleet_depreciation_profiles.php,fleet_depreciation_profile,"الحساب المحاسبي",MANUAL,,,"ليست في المعجم — ولا يُخترع اسمُ عمودٍ لتسميةٍ لم تُدرَس",
Equipments/fleet_depreciation_profiles.php,fleet_depreciation_profile,"حساب المجمع",MANUAL,,,"ليست في المعجم — ولا يُخترع اسمُ عمودٍ لتسميةٍ لم تُدرَس",
Equipments/fleet_depreciation_profiles.php,fleet_depreciation_profile,"من تاريخ",NEW,date_from,date,"لا عمودَ له في `fleet_depreciation_profile` — يُنشأ **اختياريًّا** (NULL)",
Equipments/fleet_depreciation_profiles.php,fleet_depreciation_profile,اعتمدها,BIND,approved_by,derived,"مشتقٌّ من `approved_by` القائمِ في `fleet_depreciation_profile` — بلا هجرة",
Equipments/fleet_depreciation_profiles.php,fleet_depreciation_profile,"المرجع المحاسبي",MANUAL,,,"ليست في المعجم — ولا يُخترع اسمُ عمودٍ لتسميةٍ لم تُدرَس",
Equipments/fleet_depreciation_profiles.php,fleet_depreciation_profile,"نسخة القاعدة المستعملة",MANUAL,,,"تسميةٌ علائقيةٌ (مرجعٌ لجدولٍ آخر) — عمودٌ نصيٌّ لها يزدوج المصدر",
Equipments/fleet_depreciation_profiles.php,fleet_depreciation_profile,الكيان,BOUND,entity,gov,"يبثُّه `ems_gov_ctx()` من `admin_companies` — موصولٌ سلفًا، لا عمل",
Equipments/fleet_depreciation_profiles.php,fleet_depreciation_profile,"مرجع التفويض",MANUAL,,,"تسميةٌ علائقيةٌ (مرجعٌ لجدولٍ آخر) — عمودٌ نصيٌّ لها يزدوج المصدر",
Equipments/fleet_depreciation_profiles.php,fleet_depreciation_profile,"تاريخ الاعتماد",BIND,approved_at,derived,"مشتقٌّ من `approved_at` القائمِ في `fleet_depreciation_profile` — بلا هجرة",
Equipments/fleet_depreciation_profiles.php,fleet_depreciation_profile,"تاريخ الإنشاء",BIND,created_at,derived,"مشتقٌّ من `created_at` القائمِ في `fleet_depreciation_profile` — بلا هجرة",
Equipments/fleet_depreciation_profiles.php,fleet_depreciation_profile,"المنشئ — الاسم والصفة",BIND,created_by,derived,"مشتقٌّ من `created_by` القائمِ في `fleet_depreciation_profile` — بلا هجرة",
Equipments/fleet_depreciation_profiles.php,fleet_depreciation_profile,"مفتاح منع التكرار",MANUAL,,,"تسميةٌ علائقيةٌ (مرجعٌ لجدولٍ آخر) — عمودٌ نصيٌّ لها يزدوج المصدر",
Equipments/fleet_depreciation_profiles.php,fleet_depreciation_profile,"معكوس ب",MANUAL,,,"تسميةٌ علائقيةٌ (مرجعٌ لجدولٍ آخر) — عمودٌ نصيٌّ لها يزدوج المصدر",
Equipments/fleet_depreciation_profiles.php,fleet_depreciation_profile,"عكس عن",MANUAL,,,"تسميةٌ علائقيةٌ (مرجعٌ لجدولٍ آخر) — عمودٌ نصيٌّ لها يزدوج المصدر",
Equipments/fleet_depreciation_profiles.php,fleet_depreciation_profile,"درجة الأثر",MANUAL,,,"تسميةٌ علائقيةٌ (مرجعٌ لجدولٍ آخر) — عمودٌ نصيٌّ لها يزدوج المصدر",
Equipments/fleet_depreciation_profiles.php,fleet_depreciation_profile,"سجل الاطلاع",MANUAL,,,"تسميةٌ علائقيةٌ (مرجعٌ لجدولٍ آخر) — عمودٌ نصيٌّ لها يزدوج المصدر",
Equipments/fleet_depreciation_profiles.php,fleet_depreciation_profile,المرفق,MANUAL,,,"تسميةٌ علائقيةٌ (مرجعٌ لجدولٍ آخر) — عمودٌ نصيٌّ لها يزدوج المصدر",
Equipments/fleet_depreciation_profiles.php,fleet_depreciation_profile,"مركز التكلفة",MANUAL,,,"تسميةٌ علائقيةٌ (مرجعٌ لجدولٍ آخر) — عمودٌ نصيٌّ لها يزدوج المصدر",
Equipments/fleet_depreciation_profiles.php,fleet_depreciation_profile,"سعر الصرف ومصدره",MANUAL,,,"تسميةٌ علائقيةٌ (مرجعٌ لجدولٍ آخر) — عمودٌ نصيٌّ لها يزدوج المصدر",
Equipments/fleet_failures.php,timesheet_failure_hours,الكيان,BOUND,entity,gov,"يبثُّه `ems_gov_ctx()` من `admin_companies` — موصولٌ سلفًا، لا عمل",
Equipments/fleet_failures.php,timesheet_failure_hours,"المنشئ — الاسم والصفة",BIND,created_by,derived,"مشتقٌّ من `created_by` القائمِ في `timesheet_failure_hours` — بلا هجرة",
Equipments/fleet_failures.php,timesheet_failure_hours,"المعتمد — الاسم والصفة",MANUAL,approved_by,,"مشتقٌّ من `approved_by` و`timesheet_failure_hours` لا يحمله — يلزم قرار",
Equipments/fleet_failures.php,timesheet_failure_hours,"مرجع التفويض",MANUAL,,,"تسميةٌ علائقيةٌ (مرجعٌ لجدولٍ آخر) — عمودٌ نصيٌّ لها يزدوج المصدر",
Equipments/fleet_failures.php,timesheet_failure_hours,"المرجع الأب",MANUAL,,,"تسميةٌ علائقيةٌ (مرجعٌ لجدولٍ آخر) — عمودٌ نصيٌّ لها يزدوج المصدر",
Equipments/fleet_failures.php,timesheet_failure_hours,"تاريخ الإنشاء",BIND,created_at,derived,"مشتقٌّ من `created_at` القائمِ في `timesheet_failure_hours` — بلا هجرة",
Equipments/fleet_failures.php,timesheet_failure_hours,"تاريخ الاعتماد",MANUAL,approved_at,,"مشتقٌّ من `approved_at` و`timesheet_failure_hours` لا يحمله — يلزم قرار",
Equipments/fleet_failures.php,timesheet_failure_hours,الحالة,BIND,status,derived,"مشتقٌّ من `status` القائمِ في `timesheet_failure_hours` — بلا هجرة",
Equipments/fleet_models.php,equipments,الاسم,MANUAL,,,"ليست في المعجم — ولا يُخترع اسمُ عمودٍ لتسميةٍ لم تُدرَس",
Equipments/fleet_models.php,equipments,"بلد الصنع",MANUAL,,,"ليست في المعجم — ولا يُخترع اسمُ عمودٍ لتسميةٍ لم تُدرَس",
Equipments/fleet_models.php,equipments,القدرة,MANUAL,,,"ليست في المعجم — ولا يُخترع اسمُ عمودٍ لتسميةٍ لم تُدرَس",
Equipments/fleet_models.php,equipments,"سعة الجردل أو الحمولة",MANUAL,,,"ليست في المعجم — ولا يُخترع اسمُ عمودٍ لتسميةٍ لم تُدرَس",
Equipments/fleet_models.php,equipments,"استهلاك الوقود التقديري",MANUAL,,,"ليست في المعجم — ولا يُخترع اسمُ عمودٍ لتسميةٍ لم تُدرَس",
Equipments/fleet_models.php,equipments,"دورية تغيير الزيت",MANUAL,,,"ليست في المعجم — ولا يُخترع اسمُ عمودٍ لتسميةٍ لم تُدرَس",
Equipments/fleet_models.php,equipments,"دورية الفلاتر",MANUAL,,,"ليست في المعجم — ولا يُخترع اسمُ عمودٍ لتسميةٍ لم تُدرَس",
Equipments/fleet_models.php,equipments,"العمر الإنتاجي بالساعات",MANUAL,,,"ليست في المعجم — ولا يُخترع اسمُ عمودٍ لتسميةٍ لم تُدرَس",
Equipments/fleet_models.php,equipments,"القطع القياسية",MANUAL,,,"ليست في المعجم — ولا يُخترع اسمُ عمودٍ لتسميةٍ لم تُدرَس",
Equipments/fleet_models.php,equipments,عرفه,BIND,created_by,derived,"مشتقٌّ من `created_by` القائمِ في `equipments` — بلا هجرة",
Equipments/fleet_models.php,equipments,الكيان,BOUND,entity,gov,"يبثُّه `ems_gov_ctx()` من `admin_companies` — موصولٌ سلفًا، لا عمل",
Equipments/manage_failure_codes.php,,"رقم السجل",MANUAL,,,"جدولُ الشاشةِ لم يُستنبَط — لا يُقاس عمودٌ بلا جدول",
Equipments/manage_failure_codes.php,,"تاريخ العطل",MANUAL,,,"جدولُ الشاشةِ لم يُستنبَط — لا يُقاس عمودٌ بلا جدول",
Equipments/manage_failure_codes.php,,"كود المعدة",MANUAL,,,"جدولُ الشاشةِ لم يُستنبَط — لا يُقاس عمودٌ بلا جدول",
Equipments/manage_failure_codes.php,,"أمر العمل",MANUAL,,,"جدولُ الشاشةِ لم يُستنبَط — لا يُقاس عمودٌ بلا جدول",
Equipments/manage_failure_codes.php,,"نظام العطل",MANUAL,,,"جدولُ الشاشةِ لم يُستنبَط — لا يُقاس عمودٌ بلا جدول",
Equipments/manage_failure_codes.php,,"تصنيف العطل",MANUAL,,,"جدولُ الشاشةِ لم يُستنبَط — لا يُقاس عمودٌ بلا جدول",
Equipments/manage_failure_codes.php,,"السبب المباشر",MANUAL,,,"جدولُ الشاشةِ لم يُستنبَط — لا يُقاس عمودٌ بلا جدول",
Equipments/manage_failure_codes.php,,"السبب الجذري",MANUAL,,,"جدولُ الشاشةِ لم يُستنبَط — لا يُقاس عمودٌ بلا جدول",
Equipments/manage_failure_codes.php,,"تكرار العطل خلال 90 يوما",MANUAL,,,"جدولُ الشاشةِ لم يُستنبَط — لا يُقاس عمودٌ بلا جدول",
Equipments/manage_failure_codes.php,,"مجموعة التكرار",MANUAL,,,"جدولُ الشاشةِ لم يُستنبَط — لا يُقاس عمودٌ بلا جدول",
Equipments/manage_failure_codes.php,,"ساعات التوقف التراكمية",MANUAL,,,"جدولُ الشاشةِ لم يُستنبَط — لا يُقاس عمودٌ بلا جدول",
Equipments/manage_failure_codes.php,,"التكلفة التراكمية",MANUAL,,,"جدولُ الشاشةِ لم يُستنبَط — لا يُقاس عمودٌ بلا جدول",
Equipments/manage_failure_codes.php,,"الإجراء التصحيحي",MANUAL,,,"جدولُ الشاشةِ لم يُستنبَط — لا يُقاس عمودٌ بلا جدول",
Equipments/manage_failure_codes.php,,المسؤول,MANUAL,,,"جدولُ الشاشةِ لم يُستنبَط — لا يُقاس عمودٌ بلا جدول",
Equipments/manage_failure_codes.php,,الكيان,BOUND,entity,gov,"يبثُّه `ems_gov_ctx()` من `admin_companies` — موصولٌ سلفًا، لا عمل",
Equipments/manage_failure_codes.php,,"مركز التكلفة",MANUAL,,,"جدولُ الشاشةِ لم يُستنبَط — لا يُقاس عمودٌ بلا جدول",
Equipments/manage_failure_codes.php,,"سعر الصرف ومصدره",MANUAL,,,"جدولُ الشاشةِ لم يُستنبَط — لا يُقاس عمودٌ بلا جدول",
Equipments/meter_readings.php,role_permissions,"رقم القراءة",MANUAL,,,"ليست في المعجم — ولا يُخترع اسمُ عمودٍ لتسميةٍ لم تُدرَس",
Equipments/meter_readings.php,role_permissions,"القراءة السابقة",MANUAL,,,"ليست في المعجم — ولا يُخترع اسمُ عمودٍ لتسميةٍ لم تُدرَس",
Equipments/meter_readings.php,role_permissions,الفرق,MANUAL,,,"ليست في المعجم — ولا يُخترع اسمُ عمودٍ لتسميةٍ لم تُدرَس",
Equipments/meter_readings.php,role_permissions,"الساعات المسجلة في التايم شيت",MANUAL,,,"ليست في المعجم — ولا يُخترع اسمُ عمودٍ لتسميةٍ لم تُدرَس",
Equipments/meter_readings.php,role_permissions,"فرق المطابقة",MANUAL,,,"ليست في المعجم — ولا يُخترع اسمُ عمودٍ لتسميةٍ لم تُدرَس",
Equipments/meter_readings.php,role_permissions,"سبب الفرق",MANUAL,,,"ليست في المعجم — ولا يُخترع اسمُ عمودٍ لتسميةٍ لم تُدرَس",
Equipments/meter_readings.php,role_permissions,"الاستحقاق الوقائي التالي",MANUAL,,,"ليست في المعجم — ولا يُخترع اسمُ عمودٍ لتسميةٍ لم تُدرَس",
Equipments/meter_readings.php,role_permissions,"الساعات المتبقية للوقائية",MANUAL,,,"ليست في المعجم — ولا يُخترع اسمُ عمودٍ لتسميةٍ لم تُدرَس",
Equipments/meter_readings.php,role_permissions,سجلها,MANUAL,,,"ليست في المعجم — ولا يُخترع اسمُ عمودٍ لتسميةٍ لم تُدرَس",
Equipments/meter_readings.php,role_permissions,صححها,MANUAL,,,"ليست في المعجم — ولا يُخترع اسمُ عمودٍ لتسميةٍ لم تُدرَس",
Equipments/meter_readings.php,role_permissions,الكيان,BOUND,entity,gov,"يبثُّه `ems_gov_ctx()` من `admin_companies` — موصولٌ سلفًا، لا عمل",
Equipments/meter_readings.php,role_permissions,"تاريخ الاعتماد",MANUAL,approved_at,,"مشتقٌّ من `approved_at` و`role_permissions` لا يحمله — يلزم قرار",
Equipments/meter_readings.php,role_permissions,"تاريخ الإنشاء",MANUAL,created_at,,"مشتقٌّ من `created_at` و`role_permissions` لا يحمله — يلزم قرار",
Equipments/meter_readings.php,role_permissions,"المرجع الأب",MANUAL,,,"تسميةٌ علائقيةٌ (مرجعٌ لجدولٍ آخر) — عمودٌ نصيٌّ لها يزدوج المصدر",
Equipments/meter_readings.php,role_permissions,"المعتمد — الاسم والصفة",MANUAL,approved_by,,"مشتقٌّ من `approved_by` و`role_permissions` لا يحمله — يلزم قرار",
Equipments/meter_readings.php,role_permissions,الحالة,MANUAL,status,,"مشتقٌّ من `status` و`role_permissions` لا يحمله — يلزم قرار",
Equipments/meter_readings.php,role_permissions,"مفتاح منع التكرار",MANUAL,,,"تسميةٌ علائقيةٌ (مرجعٌ لجدولٍ آخر) — عمودٌ نصيٌّ لها يزدوج المصدر",
Equipments/meter_readings.php,role_permissions,"معكوس ب",MANUAL,,,"تسميةٌ علائقيةٌ (مرجعٌ لجدولٍ آخر) — عمودٌ نصيٌّ لها يزدوج المصدر",
Equipments/meter_readings.php,role_permissions,"عكس عن",MANUAL,,,"تسميةٌ علائقيةٌ (مرجعٌ لجدولٍ آخر) — عمودٌ نصيٌّ لها يزدوج المصدر",
Equipments/meter_readings.php,role_permissions,"درجة الأثر",MANUAL,,,"تسميةٌ علائقيةٌ (مرجعٌ لجدولٍ آخر) — عمودٌ نصيٌّ لها يزدوج المصدر",
Equipments/meter_readings.php,role_permissions,المرفق,MANUAL,,,"تسميةٌ علائقيةٌ (مرجعٌ لجدولٍ آخر) — عمودٌ نصيٌّ لها يزدوج المصدر",
Equipments/meter_readings.php,role_permissions,"مركز التكلفة",MANUAL,,,"تسميةٌ علائقيةٌ (مرجعٌ لجدولٍ آخر) — عمودٌ نصيٌّ لها يزدوج المصدر",
Equipments/meter_readings.php,role_permissions,"سعر الصرف ومصدره",MANUAL,,,"تسميةٌ علائقيةٌ (مرجعٌ لجدولٍ آخر) — عمودٌ نصيٌّ لها يزدوج المصدر",
FinRequests/cycle_time_board.php,fin_request_events,الفترة,MANUAL,,,"تسميةٌ علائقيةٌ (مرجعٌ لجدولٍ آخر) — عمودٌ نصيٌّ لها يزدوج المصدر",
FinRequests/cycle_time_board.php,fin_request_events,"عدد الطلبات",MANUAL,,,"ليست في المعجم — ولا يُخترع اسمُ عمودٍ لتسميةٍ لم تُدرَس",
FinRequests/cycle_time_board.php,fin_request_events,"متوسط زمن الحلقة الأولى",MANUAL,,,"ليست في المعجم — ولا يُخترع اسمُ عمودٍ لتسميةٍ لم تُدرَس",
FinRequests/cycle_time_board.php,fin_request_events,الثانية,MANUAL,,,"ليست في المعجم — ولا يُخترع اسمُ عمودٍ لتسميةٍ لم تُدرَس",
FinRequests/cycle_time_board.php,fin_request_events,الثالثة,MANUAL,,,"ليست في المعجم — ولا يُخترع اسمُ عمودٍ لتسميةٍ لم تُدرَس",
FinRequests/cycle_time_board.php,fin_request_events,"إجمالي زمن الدورة",MANUAL,,,"ليست في المعجم — ولا يُخترع اسمُ عمودٍ لتسميةٍ لم تُدرَس",
FinRequests/cycle_time_board.php,fin_request_events,المستهدف,MANUAL,,,"ليست في المعجم — ولا يُخترع اسمُ عمودٍ لتسميةٍ لم تُدرَس",
FinRequests/cycle_time_board.php,fin_request_events,الانحراف,MANUAL,,,"ليست في المعجم — ولا يُخترع اسمُ عمودٍ لتسميةٍ لم تُدرَس",
FinRequests/cycle_time_board.php,fin_request_events,"أطول حلقة",MANUAL,,,"ليست في المعجم — ولا يُخترع اسمُ عمودٍ لتسميةٍ لم تُدرَس",
FinRequests/cycle_time_board.php,fin_request_events,"المعتمد الأبطأ",MANUAL,,,"ليست في المعجم — ولا يُخترع اسمُ عمودٍ لتسميةٍ لم تُدرَس",
FinRequests/cycle_time_board.php,fin_request_events,"عدد المتجاوز للمهلة",MANUAL,,,"ليست في المعجم — ولا يُخترع اسمُ عمودٍ لتسميةٍ لم تُدرَس",
FinRequests/cycle_time_board.php,fin_request_events,"نسبة الالتزام",MANUAL,,,"ليست في المعجم — ولا يُخترع اسمُ عمودٍ لتسميةٍ لم تُدرَس",
FinRequests/cycle_time_board.php,fin_request_events,الإجراء,MANUAL,,,"ليست في المعجم — ولا يُخترع اسمُ عمودٍ لتسميةٍ لم تُدرَس",
FinRequests/cycle_time_board.php,fin_request_events,الكيان,BOUND,entity,gov,"يبثُّه `ems_gov_ctx()` من `admin_companies` — موصولٌ سلفًا، لا عمل",
FinRequests/cycle_time_board.php,fin_request_events,"مركز التكلفة",MANUAL,,,"تسميةٌ علائقيةٌ (مرجعٌ لجدولٍ آخر) — عمودٌ نصيٌّ لها يزدوج المصدر",
FinRequests/cycle_time_board.php,fin_request_events,"سعر الصرف ومصدره",MANUAL,,,"تسميةٌ علائقيةٌ (مرجعٌ لجدولٍ آخر) — عمودٌ نصيٌّ لها يزدوج المصدر",
FinRequests/effect_map.php,,"رقم الحدث",MANUAL,,,"جدولُ الشاشةِ لم يُستنبَط — لا يُقاس عمودٌ بلا جدول",
FinRequests/effect_map.php,,التاريخ,MANUAL,,,"جدولُ الشاشةِ لم يُستنبَط — لا يُقاس عمودٌ بلا جدول",
FinRequests/effect_map.php,,"الشاشة المصدر",MANUAL,,,"جدولُ الشاشةِ لم يُستنبَط — لا يُقاس عمودٌ بلا جدول",
FinRequests/effect_map.php,,الفعل,MANUAL,,,"جدولُ الشاشةِ لم يُستنبَط — لا يُقاس عمودٌ بلا جدول",
FinRequests/effect_map.php,,"المستند التشغيلي",MANUAL,,,"جدولُ الشاشةِ لم يُستنبَط — لا يُقاس عمودٌ بلا جدول",
FinRequests/effect_map.php,,"الإدارة المصدر",MANUAL,,,"جدولُ الشاشةِ لم يُستنبَط — لا يُقاس عمودٌ بلا جدول",
FinRequests/effect_map.php,,الطرف,MANUAL,,,"جدولُ الشاشةِ لم يُستنبَط — لا يُقاس عمودٌ بلا جدول",
FinRequests/effect_map.php,,المبلغ,MANUAL,,,"جدولُ الشاشةِ لم يُستنبَط — لا يُقاس عمودٌ بلا جدول",
FinRequests/effect_map.php,,المعادل,MANUAL,,,"جدولُ الشاشةِ لم يُستنبَط — لا يُقاس عمودٌ بلا جدول",
FinRequests/effect_map.php,,"الحساب المدين",MANUAL,,,"جدولُ الشاشةِ لم يُستنبَط — لا يُقاس عمودٌ بلا جدول",
FinRequests/effect_map.php,,"الحساب الدائن",MANUAL,,,"جدولُ الشاشةِ لم يُستنبَط — لا يُقاس عمودٌ بلا جدول",
FinRequests/effect_map.php,,الفترة,MANUAL,,,"جدولُ الشاشةِ لم يُستنبَط — لا يُقاس عمودٌ بلا جدول",
FinRequests/effect_map.php,,الكيان,BOUND,entity,gov,"يبثُّه `ems_gov_ctx()` من `admin_companies` — موصولٌ سلفًا، لا عمل",
FinRequests/effect_map.php,,"مركز التكلفة",MANUAL,,,"جدولُ الشاشةِ لم يُستنبَط — لا يُقاس عمودٌ بلا جدول",
FinRequests/effect_map.php,,العملة,MANUAL,,,"جدولُ الشاشةِ لم يُستنبَط — لا يُقاس عمودٌ بلا جدول",
FinRequests/effect_map.php,,"سعر الصرف",MANUAL,,,"جدولُ الشاشةِ لم يُستنبَط — لا يُقاس عمودٌ بلا جدول",
FinRequests/finance_gateway.php,fin_request_events,الكيان,BOUND,entity,gov,"يبثُّه `ems_gov_ctx()` من `admin_companies` — موصولٌ سلفًا، لا عمل",
FinRequests/finance_gateway.php,fin_request_events,"المنشئ — الاسم والصفة",MANUAL,created_by,,"مشتقٌّ من `created_by` و`fin_request_events` لا يحمله — يلزم قرار",
FinRequests/finance_gateway.php,fin_request_events,"المعتمد — الاسم والصفة",MANUAL,approved_by,,"مشتقٌّ من `approved_by` و`fin_request_events` لا يحمله — يلزم قرار",
FinRequests/finance_gateway.php,fin_request_events,"مرجع التفويض",MANUAL,,,"تسميةٌ علائقيةٌ (مرجعٌ لجدولٍ آخر) — عمودٌ نصيٌّ لها يزدوج المصدر",
FinRequests/finance_gateway.php,fin_request_events,"المرجع الأب",MANUAL,,,"تسميةٌ علائقيةٌ (مرجعٌ لجدولٍ آخر) — عمودٌ نصيٌّ لها يزدوج المصدر",
FinRequests/finance_gateway.php,fin_request_events,"تاريخ الإنشاء",BIND,created_at,derived,"مشتقٌّ من `created_at` القائمِ في `fin_request_events` — بلا هجرة",
FinRequests/finance_gateway.php,fin_request_events,"تاريخ الاعتماد",MANUAL,approved_at,,"مشتقٌّ من `approved_at` و`fin_request_events` لا يحمله — يلزم قرار",
FinRequests/my_requests.php,,"تاريخ الطلب",MANUAL,,,"جدولُ الشاشةِ لم يُستنبَط — لا يُقاس عمودٌ بلا جدول",
FinRequests/my_requests.php,,"مقدم الطلب",MANUAL,,,"جدولُ الشاشةِ لم يُستنبَط — لا يُقاس عمودٌ بلا جدول",
FinRequests/my_requests.php,,الإدارة,MANUAL,,,"جدولُ الشاشةِ لم يُستنبَط — لا يُقاس عمودٌ بلا جدول",
FinRequests/my_requests.php,,الوصف,MANUAL,,,"جدولُ الشاشةِ لم يُستنبَط — لا يُقاس عمودٌ بلا جدول",
FinRequests/my_requests.php,,"الجهة المعنية",MANUAL,,,"جدولُ الشاشةِ لم يُستنبَط — لا يُقاس عمودٌ بلا جدول",
FinRequests/my_requests.php,,"سبب الرفض",MANUAL,,,"جدولُ الشاشةِ لم يُستنبَط — لا يُقاس عمودٌ بلا جدول",
FinRequests/my_requests.php,,الكيان,BOUND,entity,gov,"يبثُّه `ems_gov_ctx()` من `admin_companies` — موصولٌ سلفًا، لا عمل",
FinRequests/my_requests.php,,"مرجع التفويض",MANUAL,,,"جدولُ الشاشةِ لم يُستنبَط — لا يُقاس عمودٌ بلا جدول",
FinRequests/my_requests.php,,"تاريخ الاعتماد",MANUAL,,,"جدولُ الشاشةِ لم يُستنبَط — لا يُقاس عمودٌ بلا جدول",
FinRequests/my_requests.php,,"تاريخ الإنشاء",MANUAL,,,"جدولُ الشاشةِ لم يُستنبَط — لا يُقاس عمودٌ بلا جدول",
FinRequests/my_requests.php,,"المرجع الأب",MANUAL,,,"جدولُ الشاشةِ لم يُستنبَط — لا يُقاس عمودٌ بلا جدول",
FinRequests/my_requests.php,,"المنشئ — الاسم والصفة",MANUAL,,,"جدولُ الشاشةِ لم يُستنبَط — لا يُقاس عمودٌ بلا جدول",
FinRequests/my_requests.php,,"المعتمد المطلوب",MANUAL,,,"جدولُ الشاشةِ لم يُستنبَط — لا يُقاس عمودٌ بلا جدول",
FinRequests/my_requests.php,,المرفقات,MANUAL,,,"جدولُ الشاشةِ لم يُستنبَط — لا يُقاس عمودٌ بلا جدول",
FinRequests/request_form.php,,الكيان,BOUND,entity,gov,"يبثُّه `ems_gov_ctx()` من `admin_companies` — موصولٌ سلفًا، لا عمل",
FinRequests/request_form.php,,"المنشئ — الاسم والصفة",MANUAL,,,"جدولُ الشاشةِ لم يُستنبَط — لا يُقاس عمودٌ بلا جدول",
FinRequests/request_form.php,,"المعتمد — الاسم والصفة",MANUAL,,,"جدولُ الشاشةِ لم يُستنبَط — لا يُقاس عمودٌ بلا جدول",
FinRequests/request_form.php,,"مرجع التفويض",MANUAL,,,"جدولُ الشاشةِ لم يُستنبَط — لا يُقاس عمودٌ بلا جدول",
FinRequests/request_form.php,,"المرجع الأب",MANUAL,,,"جدولُ الشاشةِ لم يُستنبَط — لا يُقاس عمودٌ بلا جدول",
FinRequests/request_form.php,,"تاريخ الإنشاء",MANUAL,,,"جدولُ الشاشةِ لم يُستنبَط — لا يُقاس عمودٌ بلا جدول",
FinRequests/request_form.php,,"تاريخ الاعتماد",MANUAL,,,"جدولُ الشاشةِ لم يُستنبَط — لا يُقاس عمودٌ بلا جدول",
FinRequests/request_form.php,,الحالة,MANUAL,,,"جدولُ الشاشةِ لم يُستنبَط — لا يُقاس عمودٌ بلا جدول",
FinRequests/requests_reports.php,fin_requests,الكيان,BOUND,entity,gov,"يبثُّه `ems_gov_ctx()` من `admin_companies` — موصولٌ سلفًا، لا عمل",
FinRequests/requests_reports.php,fin_requests,"المنشئ — الاسم والصفة",BIND,created_by,derived,"مشتقٌّ من `created_by` القائمِ في `fin_requests` — بلا هجرة",
FinRequests/requests_reports.php,fin_requests,"المعتمد — الاسم والصفة",MANUAL,approved_by,,"مشتقٌّ من `approved_by` و`fin_requests` لا يحمله — يلزم قرار",
FinRequests/requests_reports.php,fin_requests,"مرجع التفويض",MANUAL,,,"تسميةٌ علائقيةٌ (مرجعٌ لجدولٍ آخر) — عمودٌ نصيٌّ لها يزدوج المصدر",
FinRequests/requests_reports.php,fin_requests,"المرجع الأب",MANUAL,,,"تسميةٌ علائقيةٌ (مرجعٌ لجدولٍ آخر) — عمودٌ نصيٌّ لها يزدوج المصدر",
FinRequests/requests_reports.php,fin_requests,"تاريخ الإنشاء",BIND,created_at,derived,"مشتقٌّ من `created_at` القائمِ في `fin_requests` — بلا هجرة",
FinRequests/requests_reports.php,fin_requests,"تاريخ الاعتماد",MANUAL,approved_at,,"مشتقٌّ من `approved_at` و`fin_requests` لا يحمله — يلزم قرار",
FinRequests/routing_admin.php,,"رقم القاعدة",MANUAL,,,"جدولُ الشاشةِ لم يُستنبَط — لا يُقاس عمودٌ بلا جدول",
FinRequests/routing_admin.php,,"نوع الطلب",MANUAL,,,"جدولُ الشاشةِ لم يُستنبَط — لا يُقاس عمودٌ بلا جدول",
FinRequests/routing_admin.php,,"حد المبلغ من",MANUAL,,,"جدولُ الشاشةِ لم يُستنبَط — لا يُقاس عمودٌ بلا جدول",
FinRequests/routing_admin.php,,"حد المبلغ إلى",MANUAL,,,"جدولُ الشاشةِ لم يُستنبَط — لا يُقاس عمودٌ بلا جدول",
FinRequests/routing_admin.php,,"المعتمد الأول",MANUAL,,,"جدولُ الشاشةِ لم يُستنبَط — لا يُقاس عمودٌ بلا جدول",
FinRequests/routing_admin.php,,"المعتمد الثاني",MANUAL,,,"جدولُ الشاشةِ لم يُستنبَط — لا يُقاس عمودٌ بلا جدول",
FinRequests/routing_admin.php,,"المعتمد الثالث",MANUAL,,,"جدولُ الشاشةِ لم يُستنبَط — لا يُقاس عمودٌ بلا جدول",
FinRequests/routing_admin.php,,"الإدارة العامة مطلوبة؟",MANUAL,,,"جدولُ الشاشةِ لم يُستنبَط — لا يُقاس عمودٌ بلا جدول",
FinRequests/routing_admin.php,,"درجة الخطورة",MANUAL,,,"جدولُ الشاشةِ لم يُستنبَط — لا يُقاس عمودٌ بلا جدول",
FinRequests/routing_admin.php,,"مهلة كل حلقة",MANUAL,,,"جدولُ الشاشةِ لم يُستنبَط — لا يُقاس عمودٌ بلا جدول",
FinRequests/routing_admin.php,,"تاريخ السريان",MANUAL,,,"جدولُ الشاشةِ لم يُستنبَط — لا يُقاس عمودٌ بلا جدول",
FinRequests/routing_admin.php,,عرفها,MANUAL,,,"جدولُ الشاشةِ لم يُستنبَط — لا يُقاس عمودٌ بلا جدول",
FinRequests/routing_admin.php,,الكيان,BOUND,entity,gov,"يبثُّه `ems_gov_ctx()` من `admin_companies` — موصولٌ سلفًا، لا عمل",
FinRequests/routing_admin.php,,"مرجع التفويض",MANUAL,,,"جدولُ الشاشةِ لم يُستنبَط — لا يُقاس عمودٌ بلا جدول",
FinRequests/routing_admin.php,,"تاريخ الاعتماد",MANUAL,,,"جدولُ الشاشةِ لم يُستنبَط — لا يُقاس عمودٌ بلا جدول",
FinRequests/routing_admin.php,,"تاريخ الإنشاء",MANUAL,,,"جدولُ الشاشةِ لم يُستنبَط — لا يُقاس عمودٌ بلا جدول",
FinRequests/routing_admin.php,,"المرجع الأب",MANUAL,,,"جدولُ الشاشةِ لم يُستنبَط — لا يُقاس عمودٌ بلا جدول",
FinRequests/routing_admin.php,,"المنشئ — الاسم والصفة",MANUAL,,,"جدولُ الشاشةِ لم يُستنبَط — لا يُقاس عمودٌ بلا جدول",
FinRequests/routing_admin.php,,المرفق,MANUAL,,,"جدولُ الشاشةِ لم يُستنبَط — لا يُقاس عمودٌ بلا جدول",
FinRequests/routing_admin.php,,"مركز التكلفة",MANUAL,,,"جدولُ الشاشةِ لم يُستنبَط — لا يُقاس عمودٌ بلا جدول",
FinRequests/routing_admin.php,,"سعر الصرف ومصدره",MANUAL,,,"جدولُ الشاشةِ لم يُستنبَط — لا يُقاس عمودٌ بلا جدول",
FinRequests/routing_admin.php,,العملة,MANUAL,,,"جدولُ الشاشةِ لم يُستنبَط — لا يُقاس عمودٌ بلا جدول",
Finance/accountants_fin.php,fin_accountants,الكيان,BOUND,entity,gov,"يبثُّه `ems_gov_ctx()` من `admin_companies` — موصولٌ سلفًا، لا عمل",
Finance/accountants_fin.php,fin_accountants,"المنشئ — الاسم والصفة",BIND,created_by,derived,"مشتقٌّ من `created_by` القائمِ في `fin_accountants` — بلا هجرة",
Finance/accountants_fin.php,fin_accountants,"المعتمد — الاسم والصفة",MANUAL,approved_by,,"مشتقٌّ من `approved_by` و`fin_accountants` لا يحمله — يلزم قرار",
Finance/accountants_fin.php,fin_accountants,"مرجع التفويض",MANUAL,,,"تسميةٌ علائقيةٌ (مرجعٌ لجدولٍ آخر) — عمودٌ نصيٌّ لها يزدوج المصدر",
Finance/accountants_fin.php,fin_accountants,"المرجع الأب",MANUAL,,,"تسميةٌ علائقيةٌ (مرجعٌ لجدولٍ آخر) — عمودٌ نصيٌّ لها يزدوج المصدر",
Finance/accountants_fin.php,fin_accountants,"تاريخ الإنشاء",BIND,created_at,derived,"مشتقٌّ من `created_at` القائمِ في `fin_accountants` — بلا هجرة",
Finance/accountants_fin.php,fin_accountants,"تاريخ الاعتماد",MANUAL,approved_at,,"مشتقٌّ من `approved_at` و`fin_accountants` لا يحمله — يلزم قرار",
Finance/accountants_fin.php,fin_accountants,الحالة,MANUAL,status,,"مشتقٌّ من `status` و`fin_accountants` لا يحمله — يلزم قرار",
Finance/accounts_fin.php,fin_chart_of_accounts,"رقم الحركة",MANUAL,,,"ليست في المعجم — ولا يُخترع اسمُ عمودٍ لتسميةٍ لم تُدرَس",
Finance/accounts_fin.php,fin_chart_of_accounts,التاريخ,MANUAL,,,"ليست في المعجم — ولا يُخترع اسمُ عمودٍ لتسميةٍ لم تُدرَس",
Finance/accounts_fin.php,fin_chart_of_accounts,"الصندوق أو البنك",MANUAL,,,"ليست في المعجم — ولا يُخترع اسمُ عمودٍ لتسميةٍ لم تُدرَس",
Finance/accounts_fin.php,fin_chart_of_accounts,الوصف,NEW,description,textarea,"لا عمودَ له في `fin_chart_of_accounts` — يُنشأ **اختياريًّا** (NULL)",
Finance/accounts_fin.php,fin_chart_of_accounts,المرجع,MANUAL,,,"ليست في المعجم — ولا يُخترع اسمُ عمودٍ لتسميةٍ لم تُدرَس",
Finance/accounts_fin.php,fin_chart_of_accounts,المبلغ,MANUAL,,,"ليست في المعجم — ولا يُخترع اسمُ عمودٍ لتسميةٍ لم تُدرَس",
Finance/accounts_fin.php,fin_chart_of_accounts,المعادل,MANUAL,,,"ليست في المعجم — ولا يُخترع اسمُ عمودٍ لتسميةٍ لم تُدرَس",
Finance/accounts_fin.php,fin_chart_of_accounts,"الرصيد قبل",MANUAL,,,"ليست في المعجم — ولا يُخترع اسمُ عمودٍ لتسميةٍ لم تُدرَس",
Finance/accounts_fin.php,fin_chart_of_accounts,"الرصيد بعد",MANUAL,,,"ليست في المعجم — ولا يُخترع اسمُ عمودٍ لتسميةٍ لم تُدرَس",
Finance/accounts_fin.php,fin_chart_of_accounts,"المستفيد أو الدافع",MANUAL,,,"ليست في المعجم — ولا يُخترع اسمُ عمودٍ لتسميةٍ لم تُدرَس",
Finance/accounts_fin.php,fin_chart_of_accounts,"أمين الخزينة",MANUAL,,,"ليست في المعجم — ولا يُخترع اسمُ عمودٍ لتسميةٍ لم تُدرَس",
Finance/accounts_fin.php,fin_chart_of_accounts,"رقم القيد",MANUAL,,,"تسميةٌ علائقيةٌ (مرجعٌ لجدولٍ آخر) — عمودٌ نصيٌّ لها يزدوج المصدر",
Finance/accounts_fin.php,fin_chart_of_accounts,"نسخة القاعدة المستعملة",MANUAL,,,"تسميةٌ علائقيةٌ (مرجعٌ لجدولٍ آخر) — عمودٌ نصيٌّ لها يزدوج المصدر",
Finance/accounts_fin.php,fin_chart_of_accounts,الكيان,BOUND,entity,gov,"يبثُّه `ems_gov_ctx()` من `admin_companies` — موصولٌ سلفًا، لا عمل",
Finance/accounts_fin.php,fin_chart_of_accounts,"مرجع التفويض",MANUAL,,,"تسميةٌ علائقيةٌ (مرجعٌ لجدولٍ آخر) — عمودٌ نصيٌّ لها يزدوج المصدر",
Finance/accounts_fin.php,fin_chart_of_accounts,"تاريخ الاعتماد",MANUAL,approved_at,,"مشتقٌّ من `approved_at` و`fin_chart_of_accounts` لا يحمله — يلزم قرار",
Finance/accounts_fin.php,fin_chart_of_accounts,"تاريخ الإنشاء",BIND,created_at,derived,"مشتقٌّ من `created_at` القائمِ في `fin_chart_of_accounts` — بلا هجرة",
Finance/accounts_fin.php,fin_chart_of_accounts,"المنشئ — الاسم والصفة",BIND,created_by,derived,"مشتقٌّ من `created_by` القائمِ في `fin_chart_of_accounts` — بلا هجرة",
Finance/accounts_fin.php,fin_chart_of_accounts,"المعتمد — الاسم والصفة",MANUAL,approved_by,,"مشتقٌّ من `approved_by` و`fin_chart_of_accounts` لا يحمله — يلزم قرار",
Finance/accounts_fin.php,fin_chart_of_accounts,الحالة,MANUAL,status,,"مشتقٌّ من `status` و`fin_chart_of_accounts` لا يحمله — يلزم قرار",
Finance/accounts_fin.php,fin_chart_of_accounts,"مفتاح منع التكرار",MANUAL,,,"تسميةٌ علائقيةٌ (مرجعٌ لجدولٍ آخر) — عمودٌ نصيٌّ لها يزدوج المصدر",
Finance/accounts_fin.php,fin_chart_of_accounts,"معكوس ب",MANUAL,,,"تسميةٌ علائقيةٌ (مرجعٌ لجدولٍ آخر) — عمودٌ نصيٌّ لها يزدوج المصدر",
Finance/accounts_fin.php,fin_chart_of_accounts,"عكس عن",MANUAL,,,"تسميةٌ علائقيةٌ (مرجعٌ لجدولٍ آخر) — عمودٌ نصيٌّ لها يزدوج المصدر",
Finance/accounts_fin.php,fin_chart_of_accounts,"درجة الأثر",MANUAL,,,"تسميةٌ علائقيةٌ (مرجعٌ لجدولٍ آخر) — عمودٌ نصيٌّ لها يزدوج المصدر",
Finance/accounts_fin.php,fin_chart_of_accounts,المرفق,MANUAL,,,"تسميةٌ علائقيةٌ (مرجعٌ لجدولٍ آخر) — عمودٌ نصيٌّ لها يزدوج المصدر",
Finance/accounts_fin.php,fin_chart_of_accounts,"مركز التكلفة",MANUAL,,,"تسميةٌ علائقيةٌ (مرجعٌ لجدولٍ آخر) — عمودٌ نصيٌّ لها يزدوج المصدر",
Finance/accounts_fin.php,fin_chart_of_accounts,العملة,MANUAL,,,"تسميةٌ علائقيةٌ (مرجعٌ لجدولٍ آخر) — عمودٌ نصيٌّ لها يزدوج المصدر",
Finance/accounts_fin.php,fin_chart_of_accounts,"سعر الصرف",MANUAL,,,"تسميةٌ علائقيةٌ (مرجعٌ لجدولٍ آخر) — عمودٌ نصيٌّ لها يزدوج المصدر",
Finance/approvals_inbox.php,role_permissions,"رقم الطلب",MANUAL,,,"تسميةٌ علائقيةٌ (مرجعٌ لجدولٍ آخر) — عمودٌ نصيٌّ لها يزدوج المصدر",
Finance/approvals_inbox.php,role_permissions,"تاريخ الورود",MANUAL,,,"ليست في المعجم — ولا يُخترع اسمُ عمودٍ لتسميةٍ لم تُدرَس",
Finance/approvals_inbox.php,role_permissions,"نوع المستند",MANUAL,,,"ليست في المعجم — ولا يُخترع اسمُ عمودٍ لتسميةٍ لم تُدرَس",
Finance/approvals_inbox.php,role_permissions,المستند,MANUAL,,,"ليست في المعجم — ولا يُخترع اسمُ عمودٍ لتسميةٍ لم تُدرَس",
Finance/approvals_inbox.php,role_permissions,القيمة,MANUAL,,,"ليست في المعجم — ولا يُخترع اسمُ عمودٍ لتسميةٍ لم تُدرَس",
Finance/approvals_inbox.php,role_permissions,سقفي,MANUAL,,,"ليست في المعجم — ولا يُخترع اسمُ عمودٍ لتسميةٍ لم تُدرَس",
Finance/approvals_inbox.php,role_permissions,"داخل سقفي؟",MANUAL,,,"ليست في المعجم — ولا يُخترع اسمُ عمودٍ لتسميةٍ لم تُدرَس",
Finance/approvals_inbox.php,role_permissions,"الحلقة في السلسلة",MANUAL,,,"ليست في المعجم — ولا يُخترع اسمُ عمودٍ لتسميةٍ لم تُدرَس",
Finance/approvals_inbox.php,role_permissions,المهلة,MANUAL,,,"ليست في المعجم — ولا يُخترع اسمُ عمودٍ لتسميةٍ لم تُدرَس",
Finance/approvals_inbox.php,role_permissions,المتبقي,MANUAL,,,"ليست في المعجم — ولا يُخترع اسمُ عمودٍ لتسميةٍ لم تُدرَس",
Finance/approvals_inbox.php,role_permissions,قراري,MANUAL,,,"ليست في المعجم — ولا يُخترع اسمُ عمودٍ لتسميةٍ لم تُدرَس",
Finance/approvals_inbox.php,role_permissions,"سبب القرار",MANUAL,,,"ليست في المعجم — ولا يُخترع اسمُ عمودٍ لتسميةٍ لم تُدرَس",
Finance/approvals_inbox.php,role_permissions,"تاريخ القرار",MANUAL,,,"ليست في المعجم — ولا يُخترع اسمُ عمودٍ لتسميةٍ لم تُدرَس",
Finance/approvals_inbox.php,role_permissions,"مرجع تفويضي",MANUAL,,,"ليست في المعجم — ولا يُخترع اسمُ عمودٍ لتسميةٍ لم تُدرَس",
Finance/approvals_inbox.php,role_permissions,الكيان,BOUND,entity,gov,"يبثُّه `ems_gov_ctx()` من `admin_companies` — موصولٌ سلفًا، لا عمل",
Finance/approvals_inbox.php,role_permissions,"مرجع التفويض",MANUAL,,,"تسميةٌ علائقيةٌ (مرجعٌ لجدولٍ آخر) — عمودٌ نصيٌّ لها يزدوج المصدر",
Finance/approvals_inbox.php,role_permissions,"تاريخ الاعتماد",MANUAL,approved_at,,"مشتقٌّ من `approved_at` و`role_permissions` لا يحمله — يلزم قرار",
Finance/approvals_inbox.php,role_permissions,"تاريخ الإنشاء",MANUAL,created_at,,"مشتقٌّ من `created_at` و`role_permissions` لا يحمله — يلزم قرار",
Finance/approvals_inbox.php,role_permissions,"المنشئ — الاسم والصفة",MANUAL,created_by,,"مشتقٌّ من `created_by` و`role_permissions` لا يحمله — يلزم قرار",
Finance/approvals_inbox.php,role_permissions,"المعتمد — الاسم والصفة",MANUAL,approved_by,,"مشتقٌّ من `approved_by` و`role_permissions` لا يحمله — يلزم قرار",
Finance/approvals_inbox.php,role_permissions,الحالة,MANUAL,status,,"مشتقٌّ من `status` و`role_permissions` لا يحمله — يلزم قرار",
Finance/approvals_inbox.php,role_permissions,"الجهة المنشئة",MANUAL,,,"تسميةٌ علائقيةٌ (مرجعٌ لجدولٍ آخر) — عمودٌ نصيٌّ لها يزدوج المصدر",
Finance/approvals_inbox.php,role_permissions,المرفق,MANUAL,,,"تسميةٌ علائقيةٌ (مرجعٌ لجدولٍ آخر) — عمودٌ نصيٌّ لها يزدوج المصدر",
Finance/approvals_inbox.php,role_permissions,"مركز التكلفة",MANUAL,,,"تسميةٌ علائقيةٌ (مرجعٌ لجدولٍ آخر) — عمودٌ نصيٌّ لها يزدوج المصدر",
Finance/approvals_inbox.php,role_permissions,"سعر الصرف ومصدره",MANUAL,,,"تسميةٌ علائقيةٌ (مرجعٌ لجدولٍ آخر) — عمودٌ نصيٌّ لها يزدوج المصدر",
Finance/approvals_inbox.php,role_permissions,العملة,MANUAL,,,"تسميةٌ علائقيةٌ (مرجعٌ لجدولٍ آخر) — عمودٌ نصيٌّ لها يزدوج المصدر",
Finance/assets_fin.php,fin_depreciation,"رقم القيد",MANUAL,,,"تسميةٌ علائقيةٌ (مرجعٌ لجدولٍ آخر) — عمودٌ نصيٌّ لها يزدوج المصدر",
Finance/assets_fin.php,fin_depreciation,"طريقة الإهلاك",MANUAL,,,"ليست في المعجم — ولا يُخترع اسمُ عمودٍ لتسميةٍ لم تُدرَس",
Finance/assets_fin.php,fin_depreciation,"القاعدة القابلة للإهلاك",MANUAL,,,"ليست في المعجم — ولا يُخترع اسمُ عمودٍ لتسميةٍ لم تُدرَس",
Finance/assets_fin.php,fin_depreciation,"العمر الإنتاجي بالساعات",MANUAL,,,"ليست في المعجم — ولا يُخترع اسمُ عمودٍ لتسميةٍ لم تُدرَس",
Finance/assets_fin.php,fin_depreciation,"معدل الساعة",MANUAL,,,"ليست في المعجم — ولا يُخترع اسمُ عمودٍ لتسميةٍ لم تُدرَس",
Finance/assets_fin.php,fin_depreciation,"ساعات الفترة",MANUAL,,,"ليست في المعجم — ولا يُخترع اسمُ عمودٍ لتسميةٍ لم تُدرَس",
Finance/assets_fin.php,fin_depreciation,"إهلاك الفترة",MANUAL,,,"ليست في المعجم — ولا يُخترع اسمُ عمودٍ لتسميةٍ لم تُدرَس",
Finance/assets_fin.php,fin_depreciation,"المتراكم قبل",MANUAL,,,"ليست في المعجم — ولا يُخترع اسمُ عمودٍ لتسميةٍ لم تُدرَس",
Finance/assets_fin.php,fin_depreciation,"المتراكم بعد",MANUAL,,,"ليست في المعجم — ولا يُخترع اسمُ عمودٍ لتسميةٍ لم تُدرَس",
Finance/assets_fin.php,fin_depreciation,"حصة المالك",MANUAL,,,"ليست في المعجم — ولا يُخترع اسمُ عمودٍ لتسميةٍ لم تُدرَس",
Finance/assets_fin.php,fin_depreciation,"قيمة الحصة",MANUAL,,,"ليست في المعجم — ولا يُخترع اسمُ عمودٍ لتسميةٍ لم تُدرَس",
Finance/assets_fin.php,fin_depreciation,احتسبه,MANUAL,,,"ليست في المعجم — ولا يُخترع اسمُ عمودٍ لتسميةٍ لم تُدرَس",
Finance/assets_fin.php,fin_depreciation,اعتمده,MANUAL,approved_by,,"مشتقٌّ من `approved_by` و`fin_depreciation` لا يحمله — يلزم قرار",
Finance/assets_fin.php,fin_depreciation,"رقم القيد المحاسبي",MANUAL,,,"ليست في المعجم — ولا يُخترع اسمُ عمودٍ لتسميةٍ لم تُدرَس",
Finance/assets_fin.php,fin_depreciation,"نسخة القاعدة المستعملة",MANUAL,,,"تسميةٌ علائقيةٌ (مرجعٌ لجدولٍ آخر) — عمودٌ نصيٌّ لها يزدوج المصدر",
Finance/assets_fin.php,fin_depreciation,الكيان,BOUND,entity,gov,"يبثُّه `ems_gov_ctx()` من `admin_companies` — موصولٌ سلفًا، لا عمل",
Finance/assets_fin.php,fin_depreciation,"مرجع التفويض",MANUAL,,,"تسميةٌ علائقيةٌ (مرجعٌ لجدولٍ آخر) — عمودٌ نصيٌّ لها يزدوج المصدر",
Finance/assets_fin.php,fin_depreciation,"تاريخ الاعتماد",MANUAL,approved_at,,"مشتقٌّ من `approved_at` و`fin_depreciation` لا يحمله — يلزم قرار",
Finance/assets_fin.php,fin_depreciation,"تاريخ الإنشاء",BIND,created_at,derived,"مشتقٌّ من `created_at` القائمِ في `fin_depreciation` — بلا هجرة",
Finance/assets_fin.php,fin_depreciation,"المرجع الأب",MANUAL,,,"تسميةٌ علائقيةٌ (مرجعٌ لجدولٍ آخر) — عمودٌ نصيٌّ لها يزدوج المصدر",
Finance/assets_fin.php,fin_depreciation,"المنشئ — الاسم والصفة",BIND,created_by,derived,"مشتقٌّ من `created_by` القائمِ في `fin_depreciation` — بلا هجرة",
Finance/assets_fin.php,fin_depreciation,"مفتاح منع التكرار",MANUAL,,,"تسميةٌ علائقيةٌ (مرجعٌ لجدولٍ آخر) — عمودٌ نصيٌّ لها يزدوج المصدر",
Finance/assets_fin.php,fin_depreciation,"معكوس ب",MANUAL,,,"تسميةٌ علائقيةٌ (مرجعٌ لجدولٍ آخر) — عمودٌ نصيٌّ لها يزدوج المصدر",
Finance/assets_fin.php,fin_depreciation,"عكس عن",MANUAL,,,"تسميةٌ علائقيةٌ (مرجعٌ لجدولٍ آخر) — عمودٌ نصيٌّ لها يزدوج المصدر",
Finance/assets_fin.php,fin_depreciation,"درجة الأثر",MANUAL,,,"تسميةٌ علائقيةٌ (مرجعٌ لجدولٍ آخر) — عمودٌ نصيٌّ لها يزدوج المصدر",
Finance/assets_fin.php,fin_depreciation,"سجل الاطلاع",MANUAL,,,"تسميةٌ علائقيةٌ (مرجعٌ لجدولٍ آخر) — عمودٌ نصيٌّ لها يزدوج المصدر",
Finance/assets_fin.php,fin_depreciation,المرفق,MANUAL,,,"تسميةٌ علائقيةٌ (مرجعٌ لجدولٍ آخر) — عمودٌ نصيٌّ لها يزدوج المصدر",
Finance/assets_fin.php,fin_depreciation,"سعر الصرف ومصدره",MANUAL,,,"تسميةٌ علائقيةٌ (مرجعٌ لجدولٍ آخر) — عمودٌ نصيٌّ لها يزدوج المصدر",
Finance/bank_reconciliation_fin.php,fin_bank_statement_lines,"رقم المحضر",MANUAL,,,"تسميةٌ علائقيةٌ (مرجعٌ لجدولٍ آخر) — عمودٌ نصيٌّ لها يزدوج المصدر",
Finance/bank_reconciliation_fin.php,fin_bank_statement_lines,الشهر,MANUAL,,,"ليست في المعجم — ولا يُخترع اسمُ عمودٍ لتسميةٍ لم تُدرَس",
Finance/bank_reconciliation_fin.php,fin_bank_statement_lines,البنك,MANUAL,,,"ليست في المعجم — ولا يُخترع اسمُ عمودٍ لتسميةٍ لم تُدرَس",
Finance/bank_reconciliation_fin.php,fin_bank_statement_lines,"الرصيد حسب الدفتر",MANUAL,,,"ليست في المعجم — ولا يُخترع اسمُ عمودٍ لتسميةٍ لم تُدرَس",
Finance/bank_reconciliation_fin.php,fin_bank_statement_lines,"الرصيد حسب الكشف",MANUAL,,,"ليست في المعجم — ولا يُخترع اسمُ عمودٍ لتسميةٍ لم تُدرَس",
Finance/bank_reconciliation_fin.php,fin_bank_statement_lines,"حركات في الدفتر لم تظهر بالبنك",MANUAL,,,"ليست في المعجم — ولا يُخترع اسمُ عمودٍ لتسميةٍ لم تُدرَس",
Finance/bank_reconciliation_fin.php,fin_bank_statement_lines,"حركات بالبنك لم تقيد",MANUAL,,,"ليست في المعجم — ولا يُخترع اسمُ عمودٍ لتسميةٍ لم تُدرَس",
Finance/bank_reconciliation_fin.php,fin_bank_statement_lines,"شيكات معلقة",MANUAL,,,"ليست في المعجم — ولا يُخترع اسمُ عمودٍ لتسميةٍ لم تُدرَس",
Finance/bank_reconciliation_fin.php,fin_bank_statement_lines,"رسوم بنكية غير مقيدة",MANUAL,,,"ليست في المعجم — ولا يُخترع اسمُ عمودٍ لتسميةٍ لم تُدرَس",
Finance/bank_reconciliation_fin.php,fin_bank_statement_lines,"تسويات معتمدة",MANUAL,,,"ليست في المعجم — ولا يُخترع اسمُ عمودٍ لتسميةٍ لم تُدرَس",
Finance/bank_reconciliation_fin.php,fin_bank_statement_lines,"الرصيد بعد التسوية",MANUAL,,,"ليست في المعجم — ولا يُخترع اسمُ عمودٍ لتسميةٍ لم تُدرَس",
Finance/bank_reconciliation_fin.php,fin_bank_statement_lines,اعتمده,MANUAL,approved_by,,"مشتقٌّ من `approved_by` و`fin_bank_statement_lines` لا يحمله — يلزم قرار",
Finance/bank_reconciliation_fin.php,fin_bank_statement_lines,الكيان,BOUND,entity,gov,"يبثُّه `ems_gov_ctx()` من `admin_companies` — موصولٌ سلفًا، لا عمل",
Finance/bank_reconciliation_fin.php,fin_bank_statement_lines,"مركز التكلفة",MANUAL,,,"تسميةٌ علائقيةٌ (مرجعٌ لجدولٍ آخر) — عمودٌ نصيٌّ لها يزدوج المصدر",
Finance/bank_reconciliation_fin.php,fin_bank_statement_lines,"سعر الصرف ومصدره",MANUAL,,,"تسميةٌ علائقيةٌ (مرجعٌ لجدولٍ آخر) — عمودٌ نصيٌّ لها يزدوج المصدر",
Finance/budget_dept.php,fin_budgets,"بند الموازنة",MANUAL,,,"ليست في المعجم — ولا يُخترع اسمُ عمودٍ لتسميةٍ لم تُدرَس",
Finance/budget_dept.php,fin_budgets,"المعتمد للسنة",MANUAL,,,"ليست في المعجم — ولا يُخترع اسمُ عمودٍ لتسميةٍ لم تُدرَس",
Finance/budget_dept.php,fin_budgets,"المعتمد للفترة",MANUAL,,,"ليست في المعجم — ولا يُخترع اسمُ عمودٍ لتسميةٍ لم تُدرَس",
Finance/budget_dept.php,fin_budgets,"الملتزم به",MANUAL,,,"ليست في المعجم — ولا يُخترع اسمُ عمودٍ لتسميةٍ لم تُدرَس",
Finance/budget_dept.php,fin_budgets,المتاح,MANUAL,,,"ليست في المعجم — ولا يُخترع اسمُ عمودٍ لتسميةٍ لم تُدرَس",
Finance/budget_dept.php,fin_budgets,"نسبة الصرف",MANUAL,,,"ليست في المعجم — ولا يُخترع اسمُ عمودٍ لتسميةٍ لم تُدرَس",
Finance/budget_dept.php,fin_budgets,"سبب الانحراف",MANUAL,,,"ليست في المعجم — ولا يُخترع اسمُ عمودٍ لتسميةٍ لم تُدرَس",
Finance/budget_dept.php,fin_budgets,"طلبات تعديل قائمة",MANUAL,,,"ليست في المعجم — ولا يُخترع اسمُ عمودٍ لتسميةٍ لم تُدرَس",
Finance/budget_dept.php,fin_budgets,المسؤول,NEW,responsible,text,"لا عمودَ له في `fin_budgets` — يُنشأ **اختياريًّا** (NULL)",
Finance/budget_dept.php,fin_budgets,الكيان,BOUND,entity,gov,"يبثُّه `ems_gov_ctx()` من `admin_companies` — موصولٌ سلفًا، لا عمل",
Finance/budget_dept.php,fin_budgets,"مركز التكلفة",MANUAL,,,"تسميةٌ علائقيةٌ (مرجعٌ لجدولٍ آخر) — عمودٌ نصيٌّ لها يزدوج المصدر",
Finance/budget_dept.php,fin_budgets,"سعر الصرف ومصدره",MANUAL,,,"تسميةٌ علائقيةٌ (مرجعٌ لجدولٍ آخر) — عمودٌ نصيٌّ لها يزدوج المصدر",
Finance/budget_form_fin.php,fin_budget_lines,الكيان,BOUND,entity,gov,"يبثُّه `ems_gov_ctx()` من `admin_companies` — موصولٌ سلفًا، لا عمل",
Finance/budget_form_fin.php,fin_budget_lines,"المنشئ — الاسم والصفة",MANUAL,created_by,,"مشتقٌّ من `created_by` و`fin_budget_lines` لا يحمله — يلزم قرار",
Finance/budget_form_fin.php,fin_budget_lines,"المعتمد — الاسم والصفة",MANUAL,approved_by,,"مشتقٌّ من `approved_by` و`fin_budget_lines` لا يحمله — يلزم قرار",
Finance/budget_form_fin.php,fin_budget_lines,"مرجع التفويض",MANUAL,,,"تسميةٌ علائقيةٌ (مرجعٌ لجدولٍ آخر) — عمودٌ نصيٌّ لها يزدوج المصدر",
Finance/budget_form_fin.php,fin_budget_lines,"المرجع الأب",MANUAL,,,"تسميةٌ علائقيةٌ (مرجعٌ لجدولٍ آخر) — عمودٌ نصيٌّ لها يزدوج المصدر",
Finance/budget_form_fin.php,fin_budget_lines,"تاريخ الإنشاء",BIND,created_at,derived,"مشتقٌّ من `created_at` القائمِ في `fin_budget_lines` — بلا هجرة",
Finance/budget_form_fin.php,fin_budget_lines,"تاريخ الاعتماد",MANUAL,approved_at,,"مشتقٌّ من `approved_at` و`fin_budget_lines` لا يحمله — يلزم قرار",
Finance/budget_master.php,fin_budgets,"السنة المالية",MANUAL,,,"ليست في المعجم — ولا يُخترع اسمُ عمودٍ لتسميةٍ لم تُدرَس",
Finance/budget_master.php,fin_budgets,"بند الموازنة",MANUAL,,,"ليست في المعجم — ولا يُخترع اسمُ عمودٍ لتسميةٍ لم تُدرَس",
Finance/budget_master.php,fin_budgets,"رقم الحساب",MANUAL,,,"ليست في المعجم — ولا يُخترع اسمُ عمودٍ لتسميةٍ لم تُدرَس",
Finance/budget_master.php,fin_budgets,"المعتمد السنوي",MANUAL,,,"ليست في المعجم — ولا يُخترع اسمُ عمودٍ لتسميةٍ لم تُدرَس",
Finance/budget_master.php,fin_budgets,"التوزيع الربعي 1",MANUAL,,,"ليست في المعجم — ولا يُخترع اسمُ عمودٍ لتسميةٍ لم تُدرَس",
Finance/budget_master.php,fin_budgets,"الربع 2",MANUAL,,,"ليست في المعجم — ولا يُخترع اسمُ عمودٍ لتسميةٍ لم تُدرَس",
Finance/budget_master.php,fin_budgets,"الربع 3",MANUAL,,,"ليست في المعجم — ولا يُخترع اسمُ عمودٍ لتسميةٍ لم تُدرَس",
Finance/budget_master.php,fin_budgets,"الربع 4",MANUAL,,,"ليست في المعجم — ولا يُخترع اسمُ عمودٍ لتسميةٍ لم تُدرَس",
Finance/budget_master.php,fin_budgets,"المصروف حتى تاريخه",MANUAL,,,"ليست في المعجم — ولا يُخترع اسمُ عمودٍ لتسميةٍ لم تُدرَس",
Finance/budget_master.php,fin_budgets,"الملتزم به",MANUAL,,,"ليست في المعجم — ولا يُخترع اسمُ عمودٍ لتسميةٍ لم تُدرَس",
Finance/budget_master.php,fin_budgets,المتاح,MANUAL,,,"ليست في المعجم — ولا يُخترع اسمُ عمودٍ لتسميةٍ لم تُدرَس",
Finance/budget_master.php,fin_budgets,"نسبة الصرف",MANUAL,,,"ليست في المعجم — ولا يُخترع اسمُ عمودٍ لتسميةٍ لم تُدرَس",
Finance/budget_master.php,fin_budgets,اعتمدها,BIND,approved_by,derived,"مشتقٌّ من `approved_by` القائمِ في `fin_budgets` — بلا هجرة",
Finance/budget_master.php,fin_budgets,الكيان,BOUND,entity,gov,"يبثُّه `ems_gov_ctx()` من `admin_companies` — موصولٌ سلفًا، لا عمل",
Finance/budget_master.php,fin_budgets,"تاريخ الاعتماد",BIND,approved_at,derived,"مشتقٌّ من `approved_at` القائمِ في `fin_budgets` — بلا هجرة",
Finance/budget_master.php,fin_budgets,الحالة,MANUAL,status,,"مشتقٌّ من `status` و`fin_budgets` لا يحمله — يلزم قرار",
Finance/cash_forecast_fin.php,fin_receivables,الفترة,MANUAL,,,"تسميةٌ علائقيةٌ (مرجعٌ لجدولٍ آخر) — عمودٌ نصيٌّ لها يزدوج المصدر",
Finance/cash_forecast_fin.php,fin_receivables,"الأسبوع أو الشهر",MANUAL,,,"ليست في المعجم — ولا يُخترع اسمُ عمودٍ لتسميةٍ لم تُدرَس",
Finance/cash_forecast_fin.php,fin_receivables,"تحصيلات متوقعة — عملاء",MANUAL,,,"ليست في المعجم — ولا يُخترع اسمُ عمودٍ لتسميةٍ لم تُدرَس",
Finance/cash_forecast_fin.php,fin_receivables,"تحصيلات أخرى",MANUAL,,,"ليست في المعجم — ولا يُخترع اسمُ عمودٍ لتسميةٍ لم تُدرَس",
Finance/cash_forecast_fin.php,fin_receivables,"سداد موردين",MANUAL,,,"ليست في المعجم — ولا يُخترع اسمُ عمودٍ لتسميةٍ لم تُدرَس",
Finance/cash_forecast_fin.php,fin_receivables,"مسير رواتب",MANUAL,,,"ليست في المعجم — ولا يُخترع اسمُ عمودٍ لتسميةٍ لم تُدرَس",
Finance/cash_forecast_fin.php,fin_receivables,"أقساط تمويل",MANUAL,,,"ليست في المعجم — ولا يُخترع اسمُ عمودٍ لتسميةٍ لم تُدرَس",
Finance/cash_forecast_fin.php,fin_receivables,مشتريات,MANUAL,,,"ليست في المعجم — ولا يُخترع اسمُ عمودٍ لتسميةٍ لم تُدرَس",
Finance/cash_forecast_fin.php,fin_receivables,"ترحيل ونثريات",MANUAL,,,"ليست في المعجم — ولا يُخترع اسمُ عمودٍ لتسميةٍ لم تُدرَس",
Finance/cash_forecast_fin.php,fin_receivables,"صافي التدفق",MANUAL,,,"ليست في المعجم — ولا يُخترع اسمُ عمودٍ لتسميةٍ لم تُدرَس",
Finance/cash_forecast_fin.php,fin_receivables,"الرصيد الختامي",MANUAL,,,"ليست في المعجم — ولا يُخترع اسمُ عمودٍ لتسميةٍ لم تُدرَس",
Finance/cash_forecast_fin.php,fin_receivables,"فجوة السيولة",MANUAL,,,"ليست في المعجم — ولا يُخترع اسمُ عمودٍ لتسميةٍ لم تُدرَس",
Finance/cash_forecast_fin.php,fin_receivables,"إجراء المعالجة",MANUAL,,,"ليست في المعجم — ولا يُخترع اسمُ عمودٍ لتسميةٍ لم تُدرَس",
Finance/cash_forecast_fin.php,fin_receivables,أعده,BIND,created_by,derived,"مشتقٌّ من `created_by` القائمِ في `fin_receivables` — بلا هجرة",
Finance/cash_forecast_fin.php,fin_receivables,الكيان,BOUND,entity,gov,"يبثُّه `ems_gov_ctx()` من `admin_companies` — موصولٌ سلفًا، لا عمل",
Finance/cash_forecast_fin.php,fin_receivables,الحالة,MANUAL,status,,"مشتقٌّ من `status` و`fin_receivables` لا يحمله — يلزم قرار",
Finance/cash_forecast_fin.php,fin_receivables,"مركز التكلفة",MANUAL,,,"تسميةٌ علائقيةٌ (مرجعٌ لجدولٍ آخر) — عمودٌ نصيٌّ لها يزدوج المصدر",
Finance/cash_forecast_fin.php,fin_receivables,"سعر الصرف ومصدره",MANUAL,,,"تسميةٌ علائقيةٌ (مرجعٌ لجدولٍ آخر) — عمودٌ نصيٌّ لها يزدوج المصدر",
Finance/cash_forecast_fin.php,fin_receivables,العملة,MANUAL,,,"تسميةٌ علائقيةٌ (مرجعٌ لجدولٍ آخر) — عمودٌ نصيٌّ لها يزدوج المصدر",
Finance/cfo_daily_board_fin.php,fin_payments,الكيان,BOUND,entity,gov,"يبثُّه `ems_gov_ctx()` من `admin_companies` — موصولٌ سلفًا، لا عمل",
Finance/cfo_daily_board_fin.php,fin_payments,"المنشئ — الاسم والصفة",BIND,created_by,derived,"مشتقٌّ من `created_by` القائمِ في `fin_payments` — بلا هجرة",
Finance/cfo_daily_board_fin.php,fin_payments,"المعتمد — الاسم والصفة",MANUAL,approved_by,,"مشتقٌّ من `approved_by` و`fin_payments` لا يحمله — يلزم قرار",
Finance/cfo_daily_board_fin.php,fin_payments,"مرجع التفويض",MANUAL,,,"تسميةٌ علائقيةٌ (مرجعٌ لجدولٍ آخر) — عمودٌ نصيٌّ لها يزدوج المصدر",
Finance/cfo_daily_board_fin.php,fin_payments,"المرجع الأب",MANUAL,,,"تسميةٌ علائقيةٌ (مرجعٌ لجدولٍ آخر) — عمودٌ نصيٌّ لها يزدوج المصدر",
Finance/cfo_daily_board_fin.php,fin_payments,"تاريخ الإنشاء",BIND,created_at,derived,"مشتقٌّ من `created_at` القائمِ في `fin_payments` — بلا هجرة",
Finance/cfo_daily_board_fin.php,fin_payments,"تاريخ الاعتماد",MANUAL,approved_at,,"مشتقٌّ من `approved_at` و`fin_payments` لا يحمله — يلزم قرار",
Finance/cfo_daily_board_fin.php,fin_payments,الحالة,MANUAL,status,,"مشتقٌّ من `status` و`fin_payments` لا يحمله — يلزم قرار",
Finance/cost_report_fin.php,fin_financial_events,الفترة,MANUAL,,,"تسميةٌ علائقيةٌ (مرجعٌ لجدولٍ آخر) — عمودٌ نصيٌّ لها يزدوج المصدر",
Finance/cost_report_fin.php,fin_financial_events,العقد,MANUAL,,,"تسميةٌ علائقيةٌ (مرجعٌ لجدولٍ آخر) — عمودٌ نصيٌّ لها يزدوج المصدر",
Finance/cost_report_fin.php,fin_financial_events,المعدة,MANUAL,,,"ليست في المعجم — ولا يُخترع اسمُ عمودٍ لتسميةٍ لم تُدرَس",
Finance/cost_report_fin.php,fin_financial_events,"تكلفة مباشرة — مشغلون",MANUAL,,,"ليست في المعجم — ولا يُخترع اسمُ عمودٍ لتسميةٍ لم تُدرَس",
Finance/cost_report_fin.php,fin_financial_events,وقود,MANUAL,,,"ليست في المعجم — ولا يُخترع اسمُ عمودٍ لتسميةٍ لم تُدرَس",
Finance/cost_report_fin.php,fin_financial_events,صيانة,MANUAL,,,"ليست في المعجم — ولا يُخترع اسمُ عمودٍ لتسميةٍ لم تُدرَس",
Finance/cost_report_fin.php,fin_financial_events,مخزون,MANUAL,,,"ليست في المعجم — ولا يُخترع اسمُ عمودٍ لتسميةٍ لم تُدرَس",
Finance/cost_report_fin.php,fin_financial_events,ترحيل,MANUAL,,,"ليست في المعجم — ولا يُخترع اسمُ عمودٍ لتسميةٍ لم تُدرَس",
Finance/cost_report_fin.php,fin_financial_events,"تكلفة غير مباشرة",MANUAL,,,"ليست في المعجم — ولا يُخترع اسمُ عمودٍ لتسميةٍ لم تُدرَس",
Finance/cost_report_fin.php,fin_financial_events,"تكلفة تمويل",MANUAL,,,"ليست في المعجم — ولا يُخترع اسمُ عمودٍ لتسميةٍ لم تُدرَس",
Finance/cost_report_fin.php,fin_financial_events,إهلاك,MANUAL,,,"ليست في المعجم — ولا يُخترع اسمُ عمودٍ لتسميةٍ لم تُدرَس",
Finance/cost_report_fin.php,fin_financial_events,"نسبة الهامش",MANUAL,,,"ليست في المعجم — ولا يُخترع اسمُ عمودٍ لتسميةٍ لم تُدرَس",
Finance/cost_report_fin.php,fin_financial_events,الكيان,BOUND,entity,gov,"يبثُّه `ems_gov_ctx()` من `admin_companies` — موصولٌ سلفًا، لا عمل",
Finance/cost_report_fin.php,fin_financial_events,الحالة,MANUAL,status,,"مشتقٌّ من `status` و`fin_financial_events` لا يحمله — يلزم قرار",
Finance/cost_report_fin.php,fin_financial_events,"مركز التكلفة",MANUAL,,,"تسميةٌ علائقيةٌ (مرجعٌ لجدولٍ آخر) — عمودٌ نصيٌّ لها يزدوج المصدر",
Finance/cost_report_fin.php,fin_financial_events,"سعر الصرف ومصدره",MANUAL,,,"تسميةٌ علائقيةٌ (مرجعٌ لجدولٍ آخر) — عمودٌ نصيٌّ لها يزدوج المصدر",
Finance/cost_report_fin.php,fin_financial_events,العملة,MANUAL,,,"تسميةٌ علائقيةٌ (مرجعٌ لجدولٍ آخر) — عمودٌ نصيٌّ لها يزدوج المصدر",
Finance/currencies_fin.php,ems_business_events,"إلى عملة",MANUAL,,,"ليست في المعجم — ولا يُخترع اسمُ عمودٍ لتسميةٍ لم تُدرَس",
Finance/currencies_fin.php,ems_business_events,"مصدر السعر",MANUAL,,,"ليست في المعجم — ولا يُخترع اسمُ عمودٍ لتسميةٍ لم تُدرَس",
Finance/currencies_fin.php,ems_business_events,"نوع السعر",MANUAL,,,"ليست في المعجم — ولا يُخترع اسمُ عمودٍ لتسميةٍ لم تُدرَس",
Finance/currencies_fin.php,ems_business_events,"المستند المرجعي",MANUAL,,,"ليست في المعجم — ولا يُخترع اسمُ عمودٍ لتسميةٍ لم تُدرَس",
Finance/currencies_fin.php,ems_business_events,اعتمده,MANUAL,approved_by,,"مشتقٌّ من `approved_by` و`ems_business_events` لا يحمله — يلزم قرار",
Finance/currencies_fin.php,ems_business_events,"سار من",MANUAL,,,"ليست في المعجم — ولا يُخترع اسمُ عمودٍ لتسميةٍ لم تُدرَس",
Finance/currencies_fin.php,ems_business_events,"سار إلى",MANUAL,,,"ليست في المعجم — ولا يُخترع اسمُ عمودٍ لتسميةٍ لم تُدرَس",
Finance/currencies_fin.php,ems_business_events,الكيان,BOUND,entity,gov,"يبثُّه `ems_gov_ctx()` من `admin_companies` — موصولٌ سلفًا، لا عمل",
Finance/currencies_fin.php,ems_business_events,"مرجع التفويض",MANUAL,,,"تسميةٌ علائقيةٌ (مرجعٌ لجدولٍ آخر) — عمودٌ نصيٌّ لها يزدوج المصدر",
Finance/currencies_fin.php,ems_business_events,"تاريخ الاعتماد",MANUAL,approved_at,,"مشتقٌّ من `approved_at` و`ems_business_events` لا يحمله — يلزم قرار",
Finance/currencies_fin.php,ems_business_events,"تاريخ الإنشاء",BIND,created_at,derived,"مشتقٌّ من `created_at` القائمِ في `ems_business_events` — بلا هجرة",
Finance/currencies_fin.php,ems_business_events,"المنشئ — الاسم والصفة",BIND,created_by,derived,"مشتقٌّ من `created_by` القائمِ في `ems_business_events` — بلا هجرة",
Finance/currencies_fin.php,ems_business_events,المرفق,MANUAL,,,"تسميةٌ علائقيةٌ (مرجعٌ لجدولٍ آخر) — عمودٌ نصيٌّ لها يزدوج المصدر",
Finance/currencies_fin.php,ems_business_events,"مركز التكلفة",MANUAL,,,"تسميةٌ علائقيةٌ (مرجعٌ لجدولٍ آخر) — عمودٌ نصيٌّ لها يزدوج المصدر",
Finance/currencies_fin.php,ems_business_events,"سعر الصرف ومصدره",MANUAL,,,"تسميةٌ علائقيةٌ (مرجعٌ لجدولٍ آخر) — عمودٌ نصيٌّ لها يزدوج المصدر",
Finance/dues_fin.php,fin_dues,المستفيد,MANUAL,,,"ليست في المعجم — ولا يُخترع اسمُ عمودٍ لتسميةٍ لم تُدرَس",
Finance/dues_fin.php,fin_dues,"قيمة الاستحقاق",MANUAL,,,"ليست في المعجم — ولا يُخترع اسمُ عمودٍ لتسميةٍ لم تُدرَس",
Finance/dues_fin.php,fin_dues,المسدد,MANUAL,,,"ليست في المعجم — ولا يُخترع اسمُ عمودٍ لتسميةٍ لم تُدرَس",
Finance/dues_fin.php,fin_dues,الرصيد,MANUAL,,,"ليست في المعجم — ولا يُخترع اسمُ عمودٍ لتسميةٍ لم تُدرَس",
Finance/dues_fin.php,fin_dues,"المعادل بعملة الدفاتر",MANUAL,,,"ليست في المعجم — ولا يُخترع اسمُ عمودٍ لتسميةٍ لم تُدرَس",
Finance/dues_fin.php,fin_dues,"أيام التأخر",MANUAL,,,"ليست في المعجم — ولا يُخترع اسمُ عمودٍ لتسميةٍ لم تُدرَس",
Finance/dues_fin.php,fin_dues,"أولوية السداد",MANUAL,,,"ليست في المعجم — ولا يُخترع اسمُ عمودٍ لتسميةٍ لم تُدرَس",
Finance/dues_fin.php,fin_dues,"سبب التأخير",MANUAL,,,"ليست في المعجم — ولا يُخترع اسمُ عمودٍ لتسميةٍ لم تُدرَس",
Finance/dues_fin.php,fin_dues,"تاريخ السداد المخطط",MANUAL,,,"ليست في المعجم — ولا يُخترع اسمُ عمودٍ لتسميةٍ لم تُدرَس",
Finance/dues_fin.php,fin_dues,الكيان,BOUND,entity,gov,"يبثُّه `ems_gov_ctx()` من `admin_companies` — موصولٌ سلفًا، لا عمل",
Finance/dues_fin.php,fin_dues,"مرجع التفويض",MANUAL,,,"تسميةٌ علائقيةٌ (مرجعٌ لجدولٍ آخر) — عمودٌ نصيٌّ لها يزدوج المصدر",
Finance/dues_fin.php,fin_dues,"تاريخ الاعتماد",MANUAL,approved_at,,"مشتقٌّ من `approved_at` و`fin_dues` لا يحمله — يلزم قرار",
Finance/dues_fin.php,fin_dues,"تاريخ الإنشاء",BIND,created_at,derived,"مشتقٌّ من `created_at` القائمِ في `fin_dues` — بلا هجرة",
Finance/dues_fin.php,fin_dues,"المعتمد — الاسم والصفة",MANUAL,approved_by,,"مشتقٌّ من `approved_by` و`fin_dues` لا يحمله — يلزم قرار",
Finance/dues_fin.php,fin_dues,"مفتاح منع التكرار",MANUAL,,,"تسميةٌ علائقيةٌ (مرجعٌ لجدولٍ آخر) — عمودٌ نصيٌّ لها يزدوج المصدر",
Finance/dues_fin.php,fin_dues,"معكوس ب",MANUAL,,,"تسميةٌ علائقيةٌ (مرجعٌ لجدولٍ آخر) — عمودٌ نصيٌّ لها يزدوج المصدر",
Finance/dues_fin.php,fin_dues,"عكس عن",MANUAL,,,"تسميةٌ علائقيةٌ (مرجعٌ لجدولٍ آخر) — عمودٌ نصيٌّ لها يزدوج المصدر",
Finance/dues_fin.php,fin_dues,"درجة الأثر",MANUAL,,,"تسميةٌ علائقيةٌ (مرجعٌ لجدولٍ آخر) — عمودٌ نصيٌّ لها يزدوج المصدر",
Finance/dues_fin.php,fin_dues,المرفق,MANUAL,,,"تسميةٌ علائقيةٌ (مرجعٌ لجدولٍ آخر) — عمودٌ نصيٌّ لها يزدوج المصدر",
Finance/dues_fin.php,fin_dues,"مركز التكلفة",MANUAL,,,"تسميةٌ علائقيةٌ (مرجعٌ لجدولٍ آخر) — عمودٌ نصيٌّ لها يزدوج المصدر",
Finance/dues_fin.php,fin_dues,"سعر الصرف ومصدره",MANUAL,,,"تسميةٌ علائقيةٌ (مرجعٌ لجدولٍ آخر) — عمودٌ نصيٌّ لها يزدوج المصدر",
Finance/dues_fin.php,fin_dues,العملة,MANUAL,,,"تسميةٌ علائقيةٌ (مرجعٌ لجدولٍ آخر) — عمودٌ نصيٌّ لها يزدوج المصدر",
Finance/entitlement.php,fin_entitlements,الكيان,BOUND,entity,gov,"يبثُّه `ems_gov_ctx()` من `admin_companies` — موصولٌ سلفًا، لا عمل",
Finance/entitlement.php,fin_entitlements,"عكس عن",MANUAL,,,"تسميةٌ علائقيةٌ (مرجعٌ لجدولٍ آخر) — عمودٌ نصيٌّ لها يزدوج المصدر",
Finance/entitlement.php,fin_entitlements,"سعر الصرف",MANUAL,,,"تسميةٌ علائقيةٌ (مرجعٌ لجدولٍ آخر) — عمودٌ نصيٌّ لها يزدوج المصدر",
Finance/entitlement.php,fin_entitlements,"مركز التكلفة",MANUAL,,,"تسميةٌ علائقيةٌ (مرجعٌ لجدولٍ آخر) — عمودٌ نصيٌّ لها يزدوج المصدر",
Finance/entitlement.php,fin_entitlements,المرفق,MANUAL,,,"تسميةٌ علائقيةٌ (مرجعٌ لجدولٍ آخر) — عمودٌ نصيٌّ لها يزدوج المصدر",
Finance/entitlement_gate.php,,الفترة,MANUAL,,,"جدولُ الشاشةِ لم يُستنبَط — لا يُقاس عمودٌ بلا جدول",
Finance/entitlement_gate.php,,العقد,MANUAL,,,"جدولُ الشاشةِ لم يُستنبَط — لا يُقاس عمودٌ بلا جدول",
Finance/entitlement_gate.php,,الوحدة,MANUAL,,,"جدولُ الشاشةِ لم يُستنبَط — لا يُقاس عمودٌ بلا جدول",
Finance/entitlement_gate.php,,"الواقعة المرجعية",MANUAL,,,"جدولُ الشاشةِ لم يُستنبَط — لا يُقاس عمودٌ بلا جدول",
Finance/entitlement_gate.php,,"حكم العميل",MANUAL,,,"جدولُ الشاشةِ لم يُستنبَط — لا يُقاس عمودٌ بلا جدول",
Finance/entitlement_gate.php,,"قيمة إيراد العميل",MANUAL,,,"جدولُ الشاشةِ لم يُستنبَط — لا يُقاس عمودٌ بلا جدول",
Finance/entitlement_gate.php,,"حكم المورد",MANUAL,,,"جدولُ الشاشةِ لم يُستنبَط — لا يُقاس عمودٌ بلا جدول",
Finance/entitlement_gate.php,,"قيمة استحقاق المورد",MANUAL,,,"جدولُ الشاشةِ لم يُستنبَط — لا يُقاس عمودٌ بلا جدول",
Finance/entitlement_gate.php,,"حكم المشغل",MANUAL,,,"جدولُ الشاشةِ لم يُستنبَط — لا يُقاس عمودٌ بلا جدول",
Finance/entitlement_gate.php,,"قيمة أجر المشغل",MANUAL,,,"جدولُ الشاشةِ لم يُستنبَط — لا يُقاس عمودٌ بلا جدول",
Finance/entitlement_gate.php,,"تاريخ اكتمال السلسلة",MANUAL,,,"جدولُ الشاشةِ لم يُستنبَط — لا يُقاس عمودٌ بلا جدول",
Finance/entitlement_gate.php,,"رقم الحدث المولد",MANUAL,,,"جدولُ الشاشةِ لم يُستنبَط — لا يُقاس عمودٌ بلا جدول",
Finance/entitlement_gate.php,,"رقم القيد",MANUAL,,,"جدولُ الشاشةِ لم يُستنبَط — لا يُقاس عمودٌ بلا جدول",
Finance/entitlement_gate.php,,ولده,MANUAL,,,"جدولُ الشاشةِ لم يُستنبَط — لا يُقاس عمودٌ بلا جدول",
Finance/entitlement_gate.php,,اعتمده,MANUAL,,,"جدولُ الشاشةِ لم يُستنبَط — لا يُقاس عمودٌ بلا جدول",
Finance/entitlement_gate.php,,"نسخة القاعدة المستعملة",MANUAL,,,"جدولُ الشاشةِ لم يُستنبَط — لا يُقاس عمودٌ بلا جدول",
Finance/entitlement_gate.php,,"رقم البوابة",MANUAL,,,"جدولُ الشاشةِ لم يُستنبَط — لا يُقاس عمودٌ بلا جدول",
Finance/entitlement_gate.php,,"سلسلة الاعتماد مكتملة؟",MANUAL,,,"جدولُ الشاشةِ لم يُستنبَط — لا يُقاس عمودٌ بلا جدول",
Finance/entitlement_gate.php,,"الفترة المحاسبية مفتوحة؟",MANUAL,,,"جدولُ الشاشةِ لم يُستنبَط — لا يُقاس عمودٌ بلا جدول",
Finance/entitlement_gate.php,,"العقد نافذ؟",MANUAL,,,"جدولُ الشاشةِ لم يُستنبَط — لا يُقاس عمودٌ بلا جدول",
Finance/entitlement_gate.php,,"الحصة متاحة؟",MANUAL,,,"جدولُ الشاشةِ لم يُستنبَط — لا يُقاس عمودٌ بلا جدول",
Finance/entitlement_gate.php,,"نتيجة الفحص",MANUAL,,,"جدولُ الشاشةِ لم يُستنبَط — لا يُقاس عمودٌ بلا جدول",
Finance/entitlement_gate.php,,"سبب الرد",MANUAL,,,"جدولُ الشاشةِ لم يُستنبَط — لا يُقاس عمودٌ بلا جدول",
Finance/entitlement_gate.php,,"قيمة الأثر",MANUAL,,,"جدولُ الشاشةِ لم يُستنبَط — لا يُقاس عمودٌ بلا جدول",
Finance/entitlement_gate.php,,الكيان,BOUND,entity,gov,"يبثُّه `ems_gov_ctx()` من `admin_companies` — موصولٌ سلفًا، لا عمل",
Finance/entitlement_gate.php,,"مرجع التفويض",MANUAL,,,"جدولُ الشاشةِ لم يُستنبَط — لا يُقاس عمودٌ بلا جدول",
Finance/entitlement_gate.php,,"تاريخ الاعتماد",MANUAL,,,"جدولُ الشاشةِ لم يُستنبَط — لا يُقاس عمودٌ بلا جدول",
Finance/entitlement_gate.php,,"تاريخ الإنشاء",MANUAL,,,"جدولُ الشاشةِ لم يُستنبَط — لا يُقاس عمودٌ بلا جدول",
Finance/entitlement_gate.php,,"المنشئ — الاسم والصفة",MANUAL,,,"جدولُ الشاشةِ لم يُستنبَط — لا يُقاس عمودٌ بلا جدول",
Finance/entitlement_gate.php,,"المعتمد — الاسم والصفة",MANUAL,,,"جدولُ الشاشةِ لم يُستنبَط — لا يُقاس عمودٌ بلا جدول",
Finance/entitlement_gate.php,,"مفتاح منع التكرار",MANUAL,,,"جدولُ الشاشةِ لم يُستنبَط — لا يُقاس عمودٌ بلا جدول",
Finance/entitlement_gate.php,,"معكوس ب",MANUAL,,,"جدولُ الشاشةِ لم يُستنبَط — لا يُقاس عمودٌ بلا جدول",
Finance/entitlement_gate.php,,"عكس عن",MANUAL,,,"جدولُ الشاشةِ لم يُستنبَط — لا يُقاس عمودٌ بلا جدول",
Finance/entitlement_gate.php,,"درجة الأثر",MANUAL,,,"جدولُ الشاشةِ لم يُستنبَط — لا يُقاس عمودٌ بلا جدول",
Finance/entitlement_gate.php,,المرفق,MANUAL,,,"جدولُ الشاشةِ لم يُستنبَط — لا يُقاس عمودٌ بلا جدول",
Finance/entitlement_gate.php,,"مركز التكلفة",MANUAL,,,"جدولُ الشاشةِ لم يُستنبَط — لا يُقاس عمودٌ بلا جدول",
Finance/entitlement_gate.php,,"سعر الصرف ومصدره",MANUAL,,,"جدولُ الشاشةِ لم يُستنبَط — لا يُقاس عمودٌ بلا جدول",
Finance/entitlement_gate.php,,العملة,MANUAL,,,"جدولُ الشاشةِ لم يُستنبَط — لا يُقاس عمودٌ بلا جدول",
Finance/entitlement_gate.php,,"سعر الصرف",MANUAL,,,"جدولُ الشاشةِ لم يُستنبَط — لا يُقاس عمودٌ بلا جدول",
Finance/events_list_fin.php,fin_financial_events,الكيان,BOUND,entity,gov,"يبثُّه `ems_gov_ctx()` من `admin_companies` — موصولٌ سلفًا، لا عمل",
Finance/events_list_fin.php,fin_financial_events,"المنشئ — الاسم والصفة",BIND,created_by,derived,"مشتقٌّ من `created_by` القائمِ في `fin_financial_events` — بلا هجرة",
Finance/events_list_fin.php,fin_financial_events,"تاريخ الإنشاء",BIND,created_at,derived,"مشتقٌّ من `created_at` القائمِ في `fin_financial_events` — بلا هجرة",
Finance/events_list_fin.php,fin_financial_events,"المرجع الأب",MANUAL,,,"تسميةٌ علائقيةٌ (مرجعٌ لجدولٍ آخر) — عمودٌ نصيٌّ لها يزدوج المصدر",
Finance/executive_dashboard_fin.php,fin_financial_events,الكيان,BOUND,entity,gov,"يبثُّه `ems_gov_ctx()` من `admin_companies` — موصولٌ سلفًا، لا عمل",
Finance/executive_dashboard_fin.php,fin_financial_events,"المنشئ — الاسم والصفة",BIND,created_by,derived,"مشتقٌّ من `created_by` القائمِ في `fin_financial_events` — بلا هجرة",
Finance/executive_dashboard_fin.php,fin_financial_events,"المعتمد — الاسم والصفة",BIND,approved_by,derived,"مشتقٌّ من `approved_by` القائمِ في `fin_financial_events` — بلا هجرة",
Finance/executive_dashboard_fin.php,fin_financial_events,"مرجع التفويض",MANUAL,,,"تسميةٌ علائقيةٌ (مرجعٌ لجدولٍ آخر) — عمودٌ نصيٌّ لها يزدوج المصدر",
Finance/executive_dashboard_fin.php,fin_financial_events,"المرجع الأب",MANUAL,,,"تسميةٌ علائقيةٌ (مرجعٌ لجدولٍ آخر) — عمودٌ نصيٌّ لها يزدوج المصدر",
Finance/executive_dashboard_fin.php,fin_financial_events,"تاريخ الإنشاء",BIND,created_at,derived,"مشتقٌّ من `created_at` القائمِ في `fin_financial_events` — بلا هجرة",
Finance/executive_dashboard_fin.php,fin_financial_events,"تاريخ الاعتماد",BIND,approved_at,derived,"مشتقٌّ من `approved_at` القائمِ في `fin_financial_events` — بلا هجرة",
Finance/executive_dashboard_fin.php,fin_financial_events,الحالة,MANUAL,status,,"مشتقٌّ من `status` و`fin_financial_events` لا يحمله — يلزم قرار",
Finance/financial_statements_fin.php,fin_journal_lines,الفترة,MANUAL,,,"تسميةٌ علائقيةٌ (مرجعٌ لجدولٍ آخر) — عمودٌ نصيٌّ لها يزدوج المصدر",
Finance/financial_statements_fin.php,fin_journal_lines,"نوع القائمة",MANUAL,,,"ليست في المعجم — ولا يُخترع اسمُ عمودٍ لتسميةٍ لم تُدرَس",
Finance/financial_statements_fin.php,fin_journal_lines,البند,MANUAL,,,"ليست في المعجم — ولا يُخترع اسمُ عمودٍ لتسميةٍ لم تُدرَس",
Finance/financial_statements_fin.php,fin_journal_lines,"رصيد الفترة السابقة",MANUAL,,,"ليست في المعجم — ولا يُخترع اسمُ عمودٍ لتسميةٍ لم تُدرَس",
Finance/financial_statements_fin.php,fin_journal_lines,التغير,MANUAL,,,"ليست في المعجم — ولا يُخترع اسمُ عمودٍ لتسميةٍ لم تُدرَس",
Finance/financial_statements_fin.php,fin_journal_lines,"نسبة التغير",MANUAL,,,"ليست في المعجم — ولا يُخترع اسمُ عمودٍ لتسميةٍ لم تُدرَس",
Finance/financial_statements_fin.php,fin_journal_lines,المستوى,MANUAL,,,"ليست في المعجم — ولا يُخترع اسمُ عمودٍ لتسميةٍ لم تُدرَس",
Finance/financial_statements_fin.php,fin_journal_lines,"البند الأب",MANUAL,,,"ليست في المعجم — ولا يُخترع اسمُ عمودٍ لتسميةٍ لم تُدرَس",
Finance/financial_statements_fin.php,fin_journal_lines,"حالة الإقفال",MANUAL,,,"ليست في المعجم — ولا يُخترع اسمُ عمودٍ لتسميةٍ لم تُدرَس",
Finance/financial_statements_fin.php,fin_journal_lines,أعدها,MANUAL,,,"ليست في المعجم — ولا يُخترع اسمُ عمودٍ لتسميةٍ لم تُدرَس",
Finance/financial_statements_fin.php,fin_journal_lines,راجعها,MANUAL,,,"ليست في المعجم — ولا يُخترع اسمُ عمودٍ لتسميةٍ لم تُدرَس",
Finance/financial_statements_fin.php,fin_journal_lines,اعتمدها,MANUAL,approved_by,,"مشتقٌّ من `approved_by` و`fin_journal_lines` لا يحمله — يلزم قرار",
Finance/financial_statements_fin.php,fin_journal_lines,"المراجع الخارجي",MANUAL,,,"ليست في المعجم — ولا يُخترع اسمُ عمودٍ لتسميةٍ لم تُدرَس",
Finance/financial_statements_fin.php,fin_journal_lines,الكيان,BOUND,entity,gov,"يبثُّه `ems_gov_ctx()` من `admin_companies` — موصولٌ سلفًا، لا عمل",
Finance/financial_statements_fin.php,fin_journal_lines,"مرجع التفويض",MANUAL,,,"تسميةٌ علائقيةٌ (مرجعٌ لجدولٍ آخر) — عمودٌ نصيٌّ لها يزدوج المصدر",
Finance/financial_statements_fin.php,fin_journal_lines,"تاريخ الاعتماد",MANUAL,approved_at,,"مشتقٌّ من `approved_at` و`fin_journal_lines` لا يحمله — يلزم قرار",
Finance/financial_statements_fin.php,fin_journal_lines,"تاريخ الإنشاء",BIND,created_at,derived,"مشتقٌّ من `created_at` القائمِ في `fin_journal_lines` — بلا هجرة",
Finance/financial_statements_fin.php,fin_journal_lines,"المرجع الأب",MANUAL,,,"تسميةٌ علائقيةٌ (مرجعٌ لجدولٍ آخر) — عمودٌ نصيٌّ لها يزدوج المصدر",
Finance/financial_statements_fin.php,fin_journal_lines,الحالة,MANUAL,status,,"مشتقٌّ من `status` و`fin_journal_lines` لا يحمله — يلزم قرار",
Finance/financial_statements_fin.php,fin_journal_lines,"سجل الاطلاع",MANUAL,,,"تسميةٌ علائقيةٌ (مرجعٌ لجدولٍ آخر) — عمودٌ نصيٌّ لها يزدوج المصدر",
Finance/financial_statements_fin.php,fin_journal_lines,المرفق,MANUAL,,,"تسميةٌ علائقيةٌ (مرجعٌ لجدولٍ آخر) — عمودٌ نصيٌّ لها يزدوج المصدر",
Finance/financial_statements_fin.php,fin_journal_lines,"مركز التكلفة",MANUAL,,,"تسميةٌ علائقيةٌ (مرجعٌ لجدولٍ آخر) — عمودٌ نصيٌّ لها يزدوج المصدر",
Finance/financial_statements_fin.php,fin_journal_lines,"سعر الصرف ومصدره",MANUAL,,,"تسميةٌ علائقيةٌ (مرجعٌ لجدولٍ آخر) — عمودٌ نصيٌّ لها يزدوج المصدر",
Finance/financial_statements_fin.php,fin_journal_lines,العملة,MANUAL,,,"تسميةٌ علائقيةٌ (مرجعٌ لجدولٍ آخر) — عمودٌ نصيٌّ لها يزدوج المصدر",
Finance/funding_fin.php,,الكيان,BOUND,entity,gov,"يبثُّه `ems_gov_ctx()` من `admin_companies` — موصولٌ سلفًا، لا عمل",
Finance/funding_fin.php,,"المنشئ — الاسم والصفة",MANUAL,,,"جدولُ الشاشةِ لم يُستنبَط — لا يُقاس عمودٌ بلا جدول",
Finance/funding_fin.php,,"المعتمد — الاسم والصفة",MANUAL,,,"جدولُ الشاشةِ لم يُستنبَط — لا يُقاس عمودٌ بلا جدول",
Finance/funding_fin.php,,"مرجع التفويض",MANUAL,,,"جدولُ الشاشةِ لم يُستنبَط — لا يُقاس عمودٌ بلا جدول",
Finance/funding_fin.php,,"المرجع الأب",MANUAL,,,"جدولُ الشاشةِ لم يُستنبَط — لا يُقاس عمودٌ بلا جدول",
Finance/funding_fin.php,,"تاريخ الإنشاء",MANUAL,,,"جدولُ الشاشةِ لم يُستنبَط — لا يُقاس عمودٌ بلا جدول",
Finance/funding_fin.php,,"تاريخ الاعتماد",MANUAL,,,"جدولُ الشاشةِ لم يُستنبَط — لا يُقاس عمودٌ بلا جدول",
Finance/import_events_fin.php,,الكيان,BOUND,entity,gov,"يبثُّه `ems_gov_ctx()` من `admin_companies` — موصولٌ سلفًا، لا عمل",
Finance/import_events_fin.php,,"المنشئ — الاسم والصفة",MANUAL,,,"جدولُ الشاشةِ لم يُستنبَط — لا يُقاس عمودٌ بلا جدول",
Finance/import_events_fin.php,,"المعتمد — الاسم والصفة",MANUAL,,,"جدولُ الشاشةِ لم يُستنبَط — لا يُقاس عمودٌ بلا جدول",
Finance/import_events_fin.php,,"مرجع التفويض",MANUAL,,,"جدولُ الشاشةِ لم يُستنبَط — لا يُقاس عمودٌ بلا جدول",
Finance/import_events_fin.php,,"المرجع الأب",MANUAL,,,"جدولُ الشاشةِ لم يُستنبَط — لا يُقاس عمودٌ بلا جدول",
Finance/import_events_fin.php,,"تاريخ الإنشاء",MANUAL,,,"جدولُ الشاشةِ لم يُستنبَط — لا يُقاس عمودٌ بلا جدول",
Finance/import_events_fin.php,,"تاريخ الاعتماد",MANUAL,,,"جدولُ الشاشةِ لم يُستنبَط — لا يُقاس عمودٌ بلا جدول",
Finance/journal_form_fin.php,fin_journal_lines,الفترة,MANUAL,,,"تسميةٌ علائقيةٌ (مرجعٌ لجدولٍ آخر) — عمودٌ نصيٌّ لها يزدوج المصدر",
Finance/journal_form_fin.php,fin_journal_lines,المصدر,MANUAL,,,"ليست في المعجم — ولا يُخترع اسمُ عمودٍ لتسميةٍ لم تُدرَس",
Finance/journal_form_fin.php,fin_journal_lines,المرجع,MANUAL,,,"ليست في المعجم — ولا يُخترع اسمُ عمودٍ لتسميةٍ لم تُدرَس",
Finance/journal_form_fin.php,fin_journal_lines,"اسم الحساب",MANUAL,,,"ليست في المعجم — ولا يُخترع اسمُ عمودٍ لتسميةٍ لم تُدرَس",
Finance/journal_form_fin.php,fin_journal_lines,"بند القائمة المالية",MANUAL,,,"ليست في المعجم — ولا يُخترع اسمُ عمودٍ لتسميةٍ لم تُدرَس",
Finance/journal_form_fin.php,fin_journal_lines,المشروع,MANUAL,,,"ليست في المعجم — ولا يُخترع اسمُ عمودٍ لتسميةٍ لم تُدرَس",
Finance/journal_form_fin.php,fin_journal_lines,العقد,MANUAL,,,"تسميةٌ علائقيةٌ (مرجعٌ لجدولٍ آخر) — عمودٌ نصيٌّ لها يزدوج المصدر",
Finance/journal_form_fin.php,fin_journal_lines,"الوحدة التعاقدية",MANUAL,,,"تسميةٌ علائقيةٌ (مرجعٌ لجدولٍ آخر) — عمودٌ نصيٌّ لها يزدوج المصدر",
Finance/journal_form_fin.php,fin_journal_lines,المعدة,MANUAL,,,"ليست في المعجم — ولا يُخترع اسمُ عمودٍ لتسميةٍ لم تُدرَس",
Finance/journal_form_fin.php,fin_journal_lines,المورد,MANUAL,,,"ليست في المعجم — ولا يُخترع اسمُ عمودٍ لتسميةٍ لم تُدرَس",
Finance/journal_form_fin.php,fin_journal_lines,"نموذج العمل",MANUAL,,,"ليست في المعجم — ولا يُخترع اسمُ عمودٍ لتسميةٍ لم تُدرَس",
Finance/journal_form_fin.php,fin_journal_lines,"المعادل مدين",MANUAL,,,"ليست في المعجم — ولا يُخترع اسمُ عمودٍ لتسميةٍ لم تُدرَس",
Finance/journal_form_fin.php,fin_journal_lines,"المعادل دائن",MANUAL,,,"ليست في المعجم — ولا يُخترع اسمُ عمودٍ لتسميةٍ لم تُدرَس",
Finance/journal_form_fin.php,fin_journal_lines,الوصف,NEW,description,textarea,"لا عمودَ له في `fin_journal_lines` — يُنشأ **اختياريًّا** (NULL)",
Finance/journal_form_fin.php,fin_journal_lines,أعده,MANUAL,created_by,,"مشتقٌّ من `created_by` و`fin_journal_lines` لا يحمله — يلزم قرار",
Finance/journal_form_fin.php,fin_journal_lines,راجعه,MANUAL,,,"ليست في المعجم — ولا يُخترع اسمُ عمودٍ لتسميةٍ لم تُدرَس",
Finance/journal_form_fin.php,fin_journal_lines,نشره,MANUAL,,,"ليست في المعجم — ولا يُخترع اسمُ عمودٍ لتسميةٍ لم تُدرَس",
Finance/journal_form_fin.php,fin_journal_lines,"تاريخ النشر",MANUAL,,,"ليست في المعجم — ولا يُخترع اسمُ عمودٍ لتسميةٍ لم تُدرَس",
Finance/journal_form_fin.php,fin_journal_lines,"نسخة القاعدة المستعملة",MANUAL,,,"تسميةٌ علائقيةٌ (مرجعٌ لجدولٍ آخر) — عمودٌ نصيٌّ لها يزدوج المصدر",
Finance/journal_form_fin.php,fin_journal_lines,الكيان,BOUND,entity,gov,"يبثُّه `ems_gov_ctx()` من `admin_companies` — موصولٌ سلفًا، لا عمل",
Finance/journal_form_fin.php,fin_journal_lines,"مرجع التفويض",MANUAL,,,"تسميةٌ علائقيةٌ (مرجعٌ لجدولٍ آخر) — عمودٌ نصيٌّ لها يزدوج المصدر",
Finance/journal_form_fin.php,fin_journal_lines,"تاريخ الاعتماد",MANUAL,approved_at,,"مشتقٌّ من `approved_at` و`fin_journal_lines` لا يحمله — يلزم قرار",
Finance/journal_form_fin.php,fin_journal_lines,"تاريخ الإنشاء",BIND,created_at,derived,"مشتقٌّ من `created_at` القائمِ في `fin_journal_lines` — بلا هجرة",
Finance/journal_form_fin.php,fin_journal_lines,"المعتمد — الاسم والصفة",MANUAL,approved_by,,"مشتقٌّ من `approved_by` و`fin_journal_lines` لا يحمله — يلزم قرار",
Finance/journal_form_fin.php,fin_journal_lines,"مفتاح منع التكرار",MANUAL,,,"تسميةٌ علائقيةٌ (مرجعٌ لجدولٍ آخر) — عمودٌ نصيٌّ لها يزدوج المصدر",
Finance/journal_form_fin.php,fin_journal_lines,"معكوس ب",MANUAL,,,"تسميةٌ علائقيةٌ (مرجعٌ لجدولٍ آخر) — عمودٌ نصيٌّ لها يزدوج المصدر",
Finance/journal_form_fin.php,fin_journal_lines,"عكس عن",MANUAL,,,"تسميةٌ علائقيةٌ (مرجعٌ لجدولٍ آخر) — عمودٌ نصيٌّ لها يزدوج المصدر",
Finance/journal_form_fin.php,fin_journal_lines,"درجة الأثر",MANUAL,,,"تسميةٌ علائقيةٌ (مرجعٌ لجدولٍ آخر) — عمودٌ نصيٌّ لها يزدوج المصدر",
Finance/journal_form_fin.php,fin_journal_lines,"سجل الاطلاع",MANUAL,,,"تسميةٌ علائقيةٌ (مرجعٌ لجدولٍ آخر) — عمودٌ نصيٌّ لها يزدوج المصدر",
Finance/journal_form_fin.php,fin_journal_lines,المرفق,MANUAL,,,"تسميةٌ علائقيةٌ (مرجعٌ لجدولٍ آخر) — عمودٌ نصيٌّ لها يزدوج المصدر",
Finance/journal_form_fin.php,fin_journal_lines,العملة,MANUAL,,,"تسميةٌ علائقيةٌ (مرجعٌ لجدولٍ آخر) — عمودٌ نصيٌّ لها يزدوج المصدر",
Finance/journal_form_fin.php,fin_journal_lines,"سعر الصرف",MANUAL,,,"تسميةٌ علائقيةٌ (مرجعٌ لجدولٍ آخر) — عمودٌ نصيٌّ لها يزدوج المصدر",
Finance/maintenance_provision_fin.php,,"رقم المخصص",MANUAL,,,"جدولُ الشاشةِ لم يُستنبَط — لا يُقاس عمودٌ بلا جدول",
Finance/maintenance_provision_fin.php,,الفترة,MANUAL,,,"جدولُ الشاشةِ لم يُستنبَط — لا يُقاس عمودٌ بلا جدول",
Finance/maintenance_provision_fin.php,,"المعدة أو الفئة",MANUAL,,,"جدولُ الشاشةِ لم يُستنبَط — لا يُقاس عمودٌ بلا جدول",
Finance/maintenance_provision_fin.php,,"نوع المخصص",MANUAL,,,"جدولُ الشاشةِ لم يُستنبَط — لا يُقاس عمودٌ بلا جدول",
Finance/maintenance_provision_fin.php,,"أساس التكوين",MANUAL,,,"جدولُ الشاشةِ لم يُستنبَط — لا يُقاس عمودٌ بلا جدول",
Finance/maintenance_provision_fin.php,,"معادلة الاحتساب",MANUAL,,,"جدولُ الشاشةِ لم يُستنبَط — لا يُقاس عمودٌ بلا جدول",
Finance/maintenance_provision_fin.php,,"المكون للفترة",MANUAL,,,"جدولُ الشاشةِ لم يُستنبَط — لا يُقاس عمودٌ بلا جدول",
Finance/maintenance_provision_fin.php,,"الرصيد المتراكم",MANUAL,,,"جدولُ الشاشةِ لم يُستنبَط — لا يُقاس عمودٌ بلا جدول",
Finance/maintenance_provision_fin.php,,"المستخدم للفترة",MANUAL,,,"جدولُ الشاشةِ لم يُستنبَط — لا يُقاس عمودٌ بلا جدول",
Finance/maintenance_provision_fin.php,,"الرصيد المتاح",MANUAL,,,"جدولُ الشاشةِ لم يُستنبَط — لا يُقاس عمودٌ بلا جدول",
Finance/maintenance_provision_fin.php,,"رقم القيد",MANUAL,,,"جدولُ الشاشةِ لم يُستنبَط — لا يُقاس عمودٌ بلا جدول",
Finance/maintenance_provision_fin.php,,"مبرر التكوين",MANUAL,,,"جدولُ الشاشةِ لم يُستنبَط — لا يُقاس عمودٌ بلا جدول",
Finance/maintenance_provision_fin.php,,اعتمده,MANUAL,,,"جدولُ الشاشةِ لم يُستنبَط — لا يُقاس عمودٌ بلا جدول",
Finance/maintenance_provision_fin.php,,"المرجع المحاسبي",MANUAL,,,"جدولُ الشاشةِ لم يُستنبَط — لا يُقاس عمودٌ بلا جدول",
Finance/maintenance_provision_fin.php,,"نسخة القاعدة المستعملة",MANUAL,,,"جدولُ الشاشةِ لم يُستنبَط — لا يُقاس عمودٌ بلا جدول",
Finance/maintenance_provision_fin.php,,الكيان,BOUND,entity,gov,"يبثُّه `ems_gov_ctx()` من `admin_companies` — موصولٌ سلفًا، لا عمل",
Finance/maintenance_provision_fin.php,,"مرجع التفويض",MANUAL,,,"جدولُ الشاشةِ لم يُستنبَط — لا يُقاس عمودٌ بلا جدول",
Finance/maintenance_provision_fin.php,,"تاريخ الاعتماد",MANUAL,,,"جدولُ الشاشةِ لم يُستنبَط — لا يُقاس عمودٌ بلا جدول",
Finance/maintenance_provision_fin.php,,"تاريخ الإنشاء",MANUAL,,,"جدولُ الشاشةِ لم يُستنبَط — لا يُقاس عمودٌ بلا جدول",
Finance/maintenance_provision_fin.php,,"المنشئ — الاسم والصفة",MANUAL,,,"جدولُ الشاشةِ لم يُستنبَط — لا يُقاس عمودٌ بلا جدول",
Finance/maintenance_provision_fin.php,,"مفتاح منع التكرار",MANUAL,,,"جدولُ الشاشةِ لم يُستنبَط — لا يُقاس عمودٌ بلا جدول",
Finance/maintenance_provision_fin.php,,"معكوس ب",MANUAL,,,"جدولُ الشاشةِ لم يُستنبَط — لا يُقاس عمودٌ بلا جدول",
Finance/maintenance_provision_fin.php,,"عكس عن",MANUAL,,,"جدولُ الشاشةِ لم يُستنبَط — لا يُقاس عمودٌ بلا جدول",
Finance/maintenance_provision_fin.php,,المرفق,MANUAL,,,"جدولُ الشاشةِ لم يُستنبَط — لا يُقاس عمودٌ بلا جدول",
Finance/maintenance_provision_fin.php,,"مركز التكلفة",MANUAL,,,"جدولُ الشاشةِ لم يُستنبَط — لا يُقاس عمودٌ بلا جدول",
Finance/maintenance_provision_fin.php,,"سعر الصرف ومصدره",MANUAL,,,"جدولُ الشاشةِ لم يُستنبَط — لا يُقاس عمودٌ بلا جدول",
Finance/maintenance_provision_fin.php,,العملة,MANUAL,,,"جدولُ الشاشةِ لم يُستنبَط — لا يُقاس عمودٌ بلا جدول",
Finance/management_accounting_fin.php,fin_cost_centers,"رقم الحساب",MANUAL,,,"ليست في المعجم — ولا يُخترع اسمُ عمودٍ لتسميةٍ لم تُدرَس",
Finance/management_accounting_fin.php,fin_cost_centers,"طبيعة الرصيد",MANUAL,,,"ليست في المعجم — ولا يُخترع اسمُ عمودٍ لتسميةٍ لم تُدرَس",
Finance/management_accounting_fin.php,fin_cost_centers,"يقبل القيد المباشر؟",MANUAL,,,"ليست في المعجم — ولا يُخترع اسمُ عمودٍ لتسميةٍ لم تُدرَس",
Finance/management_accounting_fin.php,fin_cost_centers,"مركز التكلفة إلزامي؟",MANUAL,,,"ليست في المعجم — ولا يُخترع اسمُ عمودٍ لتسميةٍ لم تُدرَس",
Finance/management_accounting_fin.php,fin_cost_centers,عرفه,BIND,created_by,derived,"مشتقٌّ من `created_by` القائمِ في `fin_cost_centers` — بلا هجرة",
Finance/management_accounting_fin.php,fin_cost_centers,"تاريخ التعريف",MANUAL,,,"ليست في المعجم — ولا يُخترع اسمُ عمودٍ لتسميةٍ لم تُدرَس",
Finance/management_accounting_fin.php,fin_cost_centers,الكيان,BOUND,entity,gov,"يبثُّه `ems_gov_ctx()` من `admin_companies` — موصولٌ سلفًا، لا عمل",
Finance/management_accounting_fin.php,fin_cost_centers,"معكوس ب",MANUAL,,,"تسميةٌ علائقيةٌ (مرجعٌ لجدولٍ آخر) — عمودٌ نصيٌّ لها يزدوج المصدر",
Finance/management_accounting_fin.php,fin_cost_centers,"عكس عن",MANUAL,,,"تسميةٌ علائقيةٌ (مرجعٌ لجدولٍ آخر) — عمودٌ نصيٌّ لها يزدوج المصدر",
Finance/management_accounting_fin.php,fin_cost_centers,"درجة الأثر",MANUAL,,,"تسميةٌ علائقيةٌ (مرجعٌ لجدولٍ آخر) — عمودٌ نصيٌّ لها يزدوج المصدر",
Finance/management_accounting_fin.php,fin_cost_centers,"سعر الصرف ومصدره",MANUAL,,,"تسميةٌ علائقيةٌ (مرجعٌ لجدولٍ آخر) — عمودٌ نصيٌّ لها يزدوج المصدر",
Finance/management_accounting_fin.php,fin_cost_centers,العملة,MANUAL,,,"تسميةٌ علائقيةٌ (مرجعٌ لجدولٍ آخر) — عمودٌ نصيٌّ لها يزدوج المصدر",
Finance/operator_pay_fin.php,timesheet,الكيان,BOUND,entity,gov,"يبثُّه `ems_gov_ctx()` من `admin_companies` — موصولٌ سلفًا، لا عمل",
Finance/operator_pay_fin.php,timesheet,"المنشئ — الاسم والصفة",MANUAL,created_by,,"مشتقٌّ من `created_by` و`timesheet` لا يحمله — يلزم قرار",
Finance/operator_pay_fin.php,timesheet,"المعتمد — الاسم والصفة",MANUAL,approved_by,,"مشتقٌّ من `approved_by` و`timesheet` لا يحمله — يلزم قرار",
Finance/operator_pay_fin.php,timesheet,"مرجع التفويض",MANUAL,,,"تسميةٌ علائقيةٌ (مرجعٌ لجدولٍ آخر) — عمودٌ نصيٌّ لها يزدوج المصدر",
Finance/operator_pay_fin.php,timesheet,"المرجع الأب",MANUAL,,,"تسميةٌ علائقيةٌ (مرجعٌ لجدولٍ آخر) — عمودٌ نصيٌّ لها يزدوج المصدر",
Finance/operator_pay_fin.php,timesheet,"تاريخ الإنشاء",MANUAL,created_at,,"مشتقٌّ من `created_at` و`timesheet` لا يحمله — يلزم قرار",
Finance/operator_pay_fin.php,timesheet,"تاريخ الاعتماد",MANUAL,approved_at,,"مشتقٌّ من `approved_at` و`timesheet` لا يحمله — يلزم قرار",
Finance/operator_pay_fin.php,timesheet,الحالة,BIND,status,derived,"مشتقٌّ من `status` القائمِ في `timesheet` — بلا هجرة",
Finance/operator_pay_policies_fin.php,contract_hour_policies,الكيان,BOUND,entity,gov,"يبثُّه `ems_gov_ctx()` من `admin_companies` — موصولٌ سلفًا، لا عمل",
Finance/operator_pay_policies_fin.php,contract_hour_policies,"المنشئ — الاسم والصفة",BIND,created_by,derived,"مشتقٌّ من `created_by` القائمِ في `contract_hour_policies` — بلا هجرة",
Finance/operator_pay_policies_fin.php,contract_hour_policies,"المعتمد — الاسم والصفة",BIND,approved_by,derived,"مشتقٌّ من `approved_by` القائمِ في `contract_hour_policies` — بلا هجرة",
Finance/operator_pay_policies_fin.php,contract_hour_policies,"مرجع التفويض",MANUAL,,,"تسميةٌ علائقيةٌ (مرجعٌ لجدولٍ آخر) — عمودٌ نصيٌّ لها يزدوج المصدر",
Finance/operator_pay_policies_fin.php,contract_hour_policies,"المرجع الأب",MANUAL,,,"تسميةٌ علائقيةٌ (مرجعٌ لجدولٍ آخر) — عمودٌ نصيٌّ لها يزدوج المصدر",
Finance/operator_pay_policies_fin.php,contract_hour_policies,"تاريخ الإنشاء",BIND,created_at,derived,"مشتقٌّ من `created_at` القائمِ في `contract_hour_policies` — بلا هجرة",
Finance/operator_pay_policies_fin.php,contract_hour_policies,"تاريخ الاعتماد",BIND,approved_at,derived,"مشتقٌّ من `approved_at` القائمِ في `contract_hour_policies` — بلا هجرة",
Finance/payments_fin.php,fin_receivables,"تاريخ الطلب",NEW,request_date,date,"لا عمودَ له في `fin_receivables` — يُنشأ **اختياريًّا** (NULL)",
Finance/payments_fin.php,fin_receivables,"الإدارة الطالبة",MANUAL,,,"ليست في المعجم — ولا يُخترع اسمُ عمودٍ لتسميةٍ لم تُدرَس",
Finance/payments_fin.php,fin_receivables,"نوع المستفيد",MANUAL,,,"ليست في المعجم — ولا يُخترع اسمُ عمودٍ لتسميةٍ لم تُدرَس",
Finance/payments_fin.php,fin_receivables,المستفيد,MANUAL,,,"ليست في المعجم — ولا يُخترع اسمُ عمودٍ لتسميةٍ لم تُدرَس",
Finance/payments_fin.php,fin_receivables,"الحساب البنكي",MANUAL,,,"ليست في المعجم — ولا يُخترع اسمُ عمودٍ لتسميةٍ لم تُدرَس",
Finance/payments_fin.php,fin_receivables,البنك,MANUAL,,,"ليست في المعجم — ولا يُخترع اسمُ عمودٍ لتسميةٍ لم تُدرَس",
Finance/payments_fin.php,fin_receivables,"مصدر التمويل المستخدم",MANUAL,,,"ليست في المعجم — ولا يُخترع اسمُ عمودٍ لتسميةٍ لم تُدرَس",
Finance/payments_fin.php,fin_receivables,المرجع,MANUAL,,,"ليست في المعجم — ولا يُخترع اسمُ عمودٍ لتسميةٍ لم تُدرَس",
Finance/payments_fin.php,fin_receivables,"وصف الصرف",MANUAL,,,"ليست في المعجم — ولا يُخترع اسمُ عمودٍ لتسميةٍ لم تُدرَس",
Finance/payments_fin.php,fin_receivables,"المعادل بعملة الدفاتر",MANUAL,,,"ليست في المعجم — ولا يُخترع اسمُ عمودٍ لتسميةٍ لم تُدرَس",
Finance/payments_fin.php,fin_receivables,"بند الموازنة",MANUAL,,,"ليست في المعجم — ولا يُخترع اسمُ عمودٍ لتسميةٍ لم تُدرَس",
Finance/payments_fin.php,fin_receivables,"المتاح قبل",MANUAL,,,"ليست في المعجم — ولا يُخترع اسمُ عمودٍ لتسميةٍ لم تُدرَس",
Finance/payments_fin.php,fin_receivables,قدمه,MANUAL,,,"ليست في المعجم — ولا يُخترع اسمُ عمودٍ لتسميةٍ لم تُدرَس",
Finance/payments_fin.php,fin_receivables,"اعتماد الإدارة",MANUAL,,,"ليست في المعجم — ولا يُخترع اسمُ عمودٍ لتسميةٍ لم تُدرَس",
Finance/payments_fin.php,fin_receivables,"الاعتماد المالي",MANUAL,,,"ليست في المعجم — ولا يُخترع اسمُ عمودٍ لتسميةٍ لم تُدرَس",
Finance/payments_fin.php,fin_receivables,"اعتماد الإدارة العامة",MANUAL,,,"ليست في المعجم — ولا يُخترع اسمُ عمودٍ لتسميةٍ لم تُدرَس",
Finance/payments_fin.php,fin_receivables,"تاريخ السداد",MANUAL,,,"ليست في المعجم — ولا يُخترع اسمُ عمودٍ لتسميةٍ لم تُدرَس",
Finance/payments_fin.php,fin_receivables,"رقم سند الصرف",MANUAL,,,"ليست في المعجم — ولا يُخترع اسمُ عمودٍ لتسميةٍ لم تُدرَس",
Finance/payments_fin.php,fin_receivables,"نسخة القاعدة المستعملة",MANUAL,,,"تسميةٌ علائقيةٌ (مرجعٌ لجدولٍ آخر) — عمودٌ نصيٌّ لها يزدوج المصدر",
Finance/payments_fin.php,fin_receivables,الكيان,BOUND,entity,gov,"يبثُّه `ems_gov_ctx()` من `admin_companies` — موصولٌ سلفًا، لا عمل",
Finance/payments_fin.php,fin_receivables,"مرجع التفويض",MANUAL,,,"تسميةٌ علائقيةٌ (مرجعٌ لجدولٍ آخر) — عمودٌ نصيٌّ لها يزدوج المصدر",
Finance/payments_fin.php,fin_receivables,"تاريخ الاعتماد",MANUAL,approved_at,,"مشتقٌّ من `approved_at` و`fin_receivables` لا يحمله — يلزم قرار",
Finance/payments_fin.php,fin_receivables,"تاريخ الإنشاء",BIND,created_at,derived,"مشتقٌّ من `created_at` القائمِ في `fin_receivables` — بلا هجرة",
Finance/payments_fin.php,fin_receivables,"مفتاح منع التكرار",MANUAL,,,"تسميةٌ علائقيةٌ (مرجعٌ لجدولٍ آخر) — عمودٌ نصيٌّ لها يزدوج المصدر",
Finance/payments_fin.php,fin_receivables,"معكوس ب",MANUAL,,,"تسميةٌ علائقيةٌ (مرجعٌ لجدولٍ آخر) — عمودٌ نصيٌّ لها يزدوج المصدر",
Finance/payments_fin.php,fin_receivables,"عكس عن",MANUAL,,,"تسميةٌ علائقيةٌ (مرجعٌ لجدولٍ آخر) — عمودٌ نصيٌّ لها يزدوج المصدر",
Finance/payments_fin.php,fin_receivables,"درجة الأثر",MANUAL,,,"تسميةٌ علائقيةٌ (مرجعٌ لجدولٍ آخر) — عمودٌ نصيٌّ لها يزدوج المصدر",
Finance/payments_fin.php,fin_receivables,"سجل الاطلاع",MANUAL,,,"تسميةٌ علائقيةٌ (مرجعٌ لجدولٍ آخر) — عمودٌ نصيٌّ لها يزدوج المصدر",
Finance/payments_fin.php,fin_receivables,المرفق,MANUAL,,,"تسميةٌ علائقيةٌ (مرجعٌ لجدولٍ آخر) — عمودٌ نصيٌّ لها يزدوج المصدر",
Finance/payments_fin.php,fin_receivables,"مركز التكلفة",MANUAL,,,"تسميةٌ علائقيةٌ (مرجعٌ لجدولٍ آخر) — عمودٌ نصيٌّ لها يزدوج المصدر",
Finance/payments_fin.php,fin_receivables,العملة,MANUAL,,,"تسميةٌ علائقيةٌ (مرجعٌ لجدولٍ آخر) — عمودٌ نصيٌّ لها يزدوج المصدر",
Finance/payments_fin.php,fin_receivables,"سعر الصرف",MANUAL,,,"تسميةٌ علائقيةٌ (مرجعٌ لجدولٍ آخر) — عمودٌ نصيٌّ لها يزدوج المصدر",
Finance/periodic_events_fin.php,fin_maint_provision_rules,الكيان,BOUND,entity,gov,"يبثُّه `ems_gov_ctx()` من `admin_companies` — موصولٌ سلفًا، لا عمل",
Finance/periodic_events_fin.php,fin_maint_provision_rules,"المنشئ — الاسم والصفة",BIND,created_by,derived,"مشتقٌّ من `created_by` القائمِ في `fin_maint_provision_rules` — بلا هجرة",
Finance/periodic_events_fin.php,fin_maint_provision_rules,"المعتمد — الاسم والصفة",MANUAL,approved_by,,"مشتقٌّ من `approved_by` و`fin_maint_provision_rules` لا يحمله — يلزم قرار",
Finance/periodic_events_fin.php,fin_maint_provision_rules,"مرجع التفويض",MANUAL,,,"تسميةٌ علائقيةٌ (مرجعٌ لجدولٍ آخر) — عمودٌ نصيٌّ لها يزدوج المصدر",
Finance/periodic_events_fin.php,fin_maint_provision_rules,"المرجع الأب",MANUAL,,,"تسميةٌ علائقيةٌ (مرجعٌ لجدولٍ آخر) — عمودٌ نصيٌّ لها يزدوج المصدر",
Finance/periodic_events_fin.php,fin_maint_provision_rules,"تاريخ الإنشاء",BIND,created_at,derived,"مشتقٌّ من `created_at` القائمِ في `fin_maint_provision_rules` — بلا هجرة",
Finance/periodic_events_fin.php,fin_maint_provision_rules,"تاريخ الاعتماد",MANUAL,approved_at,,"مشتقٌّ من `approved_at` و`fin_maint_provision_rules` لا يحمله — يلزم قرار",
Finance/periodic_events_fin.php,fin_maint_provision_rules,الحالة,MANUAL,status,,"مشتقٌّ من `status` و`fin_maint_provision_rules` لا يحمله — يلزم قرار",
Finance/periods_fin.php,,"رقم المحضر",MANUAL,,,"جدولُ الشاشةِ لم يُستنبَط — لا يُقاس عمودٌ بلا جدول",
Finance/periods_fin.php,,الفترة,MANUAL,,,"جدولُ الشاشةِ لم يُستنبَط — لا يُقاس عمودٌ بلا جدول",
Finance/periods_fin.php,,"تاريخ الإقفال",MANUAL,,,"جدولُ الشاشةِ لم يُستنبَط — لا يُقاس عمودٌ بلا جدول",
Finance/periods_fin.php,,"الوحدات المعتمدة",MANUAL,,,"جدولُ الشاشةِ لم يُستنبَط — لا يُقاس عمودٌ بلا جدول",
Finance/periods_fin.php,,"الوحدات المعلقة",MANUAL,,,"جدولُ الشاشةِ لم يُستنبَط — لا يُقاس عمودٌ بلا جدول",
Finance/periods_fin.php,,"المستخلصات المصدرة",MANUAL,,,"جدولُ الشاشةِ لم يُستنبَط — لا يُقاس عمودٌ بلا جدول",
Finance/periods_fin.php,,"الفواتير المصدرة",MANUAL,,,"جدولُ الشاشةِ لم يُستنبَط — لا يُقاس عمودٌ بلا جدول",
Finance/periods_fin.php,,"المسيرات المعتمدة",MANUAL,,,"جدولُ الشاشةِ لم يُستنبَط — لا يُقاس عمودٌ بلا جدول",
Finance/periods_fin.php,,"تسويات الموردين",MANUAL,,,"جدولُ الشاشةِ لم يُستنبَط — لا يُقاس عمودٌ بلا جدول",
Finance/periods_fin.php,,"المطابقات البنكية",MANUAL,,,"جدولُ الشاشةِ لم يُستنبَط — لا يُقاس عمودٌ بلا جدول",
Finance/periods_fin.php,,"بنود لم تحسم",MANUAL,,,"جدولُ الشاشةِ لم يُستنبَط — لا يُقاس عمودٌ بلا جدول",
Finance/periods_fin.php,,"شرط الإقفال",MANUAL,,,"جدولُ الشاشةِ لم يُستنبَط — لا يُقاس عمودٌ بلا جدول",
Finance/periods_fin.php,,أقفله,MANUAL,,,"جدولُ الشاشةِ لم يُستنبَط — لا يُقاس عمودٌ بلا جدول",
Finance/periods_fin.php,,اعتمده,MANUAL,,,"جدولُ الشاشةِ لم يُستنبَط — لا يُقاس عمودٌ بلا جدول",
Finance/periods_fin.php,,الكيان,BOUND,entity,gov,"يبثُّه `ems_gov_ctx()` من `admin_companies` — موصولٌ سلفًا، لا عمل",
Finance/periods_fin.php,,"مرجع التفويض",MANUAL,,,"جدولُ الشاشةِ لم يُستنبَط — لا يُقاس عمودٌ بلا جدول",
Finance/periods_fin.php,,"تاريخ الاعتماد",MANUAL,,,"جدولُ الشاشةِ لم يُستنبَط — لا يُقاس عمودٌ بلا جدول",
Finance/periods_fin.php,,"تاريخ الإنشاء",MANUAL,,,"جدولُ الشاشةِ لم يُستنبَط — لا يُقاس عمودٌ بلا جدول",
Finance/periods_fin.php,,"المرجع الأب",MANUAL,,,"جدولُ الشاشةِ لم يُستنبَط — لا يُقاس عمودٌ بلا جدول",
Finance/periods_fin.php,,"المنشئ — الاسم والصفة",MANUAL,,,"جدولُ الشاشةِ لم يُستنبَط — لا يُقاس عمودٌ بلا جدول",
Finance/periods_fin.php,,"سجل الاطلاع",MANUAL,,,"جدولُ الشاشةِ لم يُستنبَط — لا يُقاس عمودٌ بلا جدول",
Finance/periods_fin.php,,المرفق,MANUAL,,,"جدولُ الشاشةِ لم يُستنبَط — لا يُقاس عمودٌ بلا جدول",
Finance/supplier_statement_fin.php,fin_dues,المورد,MANUAL,,,"ليست في المعجم — ولا يُخترع اسمُ عمودٍ لتسميةٍ لم تُدرَس",
Finance/supplier_statement_fin.php,fin_dues,الشهر,MANUAL,,,"ليست في المعجم — ولا يُخترع اسمُ عمودٍ لتسميةٍ لم تُدرَس",
Finance/supplier_statement_fin.php,fin_dues,"رصيد أول المدة",MANUAL,,,"ليست في المعجم — ولا يُخترع اسمُ عمودٍ لتسميةٍ لم تُدرَس",
Finance/supplier_statement_fin.php,fin_dues,"استحقاقات الشهر",MANUAL,,,"ليست في المعجم — ولا يُخترع اسمُ عمودٍ لتسميةٍ لم تُدرَس",
Finance/supplier_statement_fin.php,fin_dues,"تحميلات علينا",MANUAL,,,"ليست في المعجم — ولا يُخترع اسمُ عمودٍ لتسميةٍ لم تُدرَس",
Finance/supplier_statement_fin.php,fin_dues,"تحميلات على المورد",MANUAL,,,"ليست في المعجم — ولا يُخترع اسمُ عمودٍ لتسميةٍ لم تُدرَس",
Finance/supplier_statement_fin.php,fin_dues,"جزاءات وحوافز",MANUAL,,,"ليست في المعجم — ولا يُخترع اسمُ عمودٍ لتسميةٍ لم تُدرَس",
Finance/supplier_statement_fin.php,fin_dues,"مدفوعات الشهر",MANUAL,,,"ليست في المعجم — ولا يُخترع اسمُ عمودٍ لتسميةٍ لم تُدرَس",
Finance/supplier_statement_fin.php,fin_dues,"رصيد آخر المدة",MANUAL,,,"ليست في المعجم — ولا يُخترع اسمُ عمودٍ لتسميةٍ لم تُدرَس",
Finance/supplier_statement_fin.php,fin_dues,"حالة مطابقة المورد",MANUAL,,,"ليست في المعجم — ولا يُخترع اسمُ عمودٍ لتسميةٍ لم تُدرَس",
Finance/supplier_statement_fin.php,fin_dues,أصدره,BIND,created_by,derived,"مشتقٌّ من `created_by` القائمِ في `fin_dues` — بلا هجرة",
Finance/supplier_statement_fin.php,fin_dues,اعتمده,MANUAL,approved_by,,"مشتقٌّ من `approved_by` و`fin_dues` لا يحمله — يلزم قرار",
Finance/supplier_statement_fin.php,fin_dues,الكيان,BOUND,entity,gov,"يبثُّه `ems_gov_ctx()` من `admin_companies` — موصولٌ سلفًا، لا عمل",
Finance/supplier_statement_fin.php,fin_dues,"مرجع التفويض",MANUAL,,,"تسميةٌ علائقيةٌ (مرجعٌ لجدولٍ آخر) — عمودٌ نصيٌّ لها يزدوج المصدر",
Finance/supplier_statement_fin.php,fin_dues,"تاريخ الاعتماد",MANUAL,approved_at,,"مشتقٌّ من `approved_at` و`fin_dues` لا يحمله — يلزم قرار",
Finance/supplier_statement_fin.php,fin_dues,"تاريخ الإنشاء",BIND,created_at,derived,"مشتقٌّ من `created_at` القائمِ في `fin_dues` — بلا هجرة",
Finance/supplier_statement_fin.php,fin_dues,"المرجع الأب",MANUAL,,,"تسميةٌ علائقيةٌ (مرجعٌ لجدولٍ آخر) — عمودٌ نصيٌّ لها يزدوج المصدر",
Finance/supplier_statement_fin.php,fin_dues,الحالة,MANUAL,status,,"مشتقٌّ من `status` و`fin_dues` لا يحمله — يلزم قرار",
Finance/supplier_statement_fin.php,fin_dues,"سجل الاطلاع",MANUAL,,,"تسميةٌ علائقيةٌ (مرجعٌ لجدولٍ آخر) — عمودٌ نصيٌّ لها يزدوج المصدر",
Finance/supplier_statement_fin.php,fin_dues,المرفق,MANUAL,,,"تسميةٌ علائقيةٌ (مرجعٌ لجدولٍ آخر) — عمودٌ نصيٌّ لها يزدوج المصدر",
Finance/supplier_statement_fin.php,fin_dues,"مركز التكلفة",MANUAL,,,"تسميةٌ علائقيةٌ (مرجعٌ لجدولٍ آخر) — عمودٌ نصيٌّ لها يزدوج المصدر",
Finance/supplier_statement_fin.php,fin_dues,"سعر الصرف ومصدره",MANUAL,,,"تسميةٌ علائقيةٌ (مرجعٌ لجدولٍ آخر) — عمودٌ نصيٌّ لها يزدوج المصدر",
Finance/supplier_statement_fin.php,fin_dues,العملة,MANUAL,,,"تسميةٌ علائقيةٌ (مرجعٌ لجدولٍ آخر) — عمودٌ نصيٌّ لها يزدوج المصدر",
Finance/tax_fin.php,fin_tax_transactions,الكيان,BOUND,entity,gov,"يبثُّه `ems_gov_ctx()` من `admin_companies` — موصولٌ سلفًا، لا عمل",
Finance/tax_fin.php,fin_tax_transactions,"المنشئ — الاسم والصفة",BIND,created_by,derived,"مشتقٌّ من `created_by` القائمِ في `fin_tax_transactions` — بلا هجرة",
Finance/tax_fin.php,fin_tax_transactions,"المعتمد — الاسم والصفة",MANUAL,approved_by,,"مشتقٌّ من `approved_by` و`fin_tax_transactions` لا يحمله — يلزم قرار",
Finance/tax_fin.php,fin_tax_transactions,"مرجع التفويض",MANUAL,,,"تسميةٌ علائقيةٌ (مرجعٌ لجدولٍ آخر) — عمودٌ نصيٌّ لها يزدوج المصدر",
Finance/tax_fin.php,fin_tax_transactions,"المرجع الأب",MANUAL,,,"تسميةٌ علائقيةٌ (مرجعٌ لجدولٍ آخر) — عمودٌ نصيٌّ لها يزدوج المصدر",
Finance/tax_fin.php,fin_tax_transactions,"تاريخ الإنشاء",BIND,created_at,derived,"مشتقٌّ من `created_at` القائمِ في `fin_tax_transactions` — بلا هجرة",
Finance/tax_fin.php,fin_tax_transactions,"تاريخ الاعتماد",MANUAL,approved_at,,"مشتقٌّ من `approved_at` و`fin_tax_transactions` لا يحمله — يلزم قرار",
Finance/tax_fin.php,fin_tax_transactions,الحالة,MANUAL,status,,"مشتقٌّ من `status` و`fin_tax_transactions` لا يحمله — يلزم قرار",
Finance/unit_records_fin.php,unit_entries,الكيان,BOUND,entity,gov,"يبثُّه `ems_gov_ctx()` من `admin_companies` — موصولٌ سلفًا، لا عمل",
Finance/unit_records_fin.php,unit_entries,"المنشئ — الاسم والصفة",MANUAL,created_by,,"مشتقٌّ من `created_by` و`unit_entries` لا يحمله — يلزم قرار",
Finance/unit_records_fin.php,unit_entries,"المعتمد — الاسم والصفة",MANUAL,approved_by,,"مشتقٌّ من `approved_by` و`unit_entries` لا يحمله — يلزم قرار",
Finance/unit_records_fin.php,unit_entries,"مرجع التفويض",MANUAL,,,"تسميةٌ علائقيةٌ (مرجعٌ لجدولٍ آخر) — عمودٌ نصيٌّ لها يزدوج المصدر",
Finance/unit_records_fin.php,unit_entries,"المرجع الأب",MANUAL,,,"تسميةٌ علائقيةٌ (مرجعٌ لجدولٍ آخر) — عمودٌ نصيٌّ لها يزدوج المصدر",
Finance/unit_records_fin.php,unit_entries,"تاريخ الإنشاء",BIND,created_at,derived,"مشتقٌّ من `created_at` القائمِ في `unit_entries` — بلا هجرة",
Finance/unit_records_fin.php,unit_entries,"تاريخ الاعتماد",MANUAL,approved_at,,"مشتقٌّ من `approved_at` و`unit_entries` لا يحمله — يلزم قرار",
Finance/unit_records_fin.php,unit_entries,الحالة,MANUAL,status,,"مشتقٌّ من `status` و`unit_entries` لا يحمله — يلزم قرار",
Finance/variance_monitor_fin.php,fin_budget_lines,الفترة,MANUAL,,,"تسميةٌ علائقيةٌ (مرجعٌ لجدولٍ آخر) — عمودٌ نصيٌّ لها يزدوج المصدر",
Finance/variance_monitor_fin.php,fin_budget_lines,العقد,MANUAL,,,"تسميةٌ علائقيةٌ (مرجعٌ لجدولٍ آخر) — عمودٌ نصيٌّ لها يزدوج المصدر",
Finance/variance_monitor_fin.php,fin_budget_lines,الوحدة,MANUAL,,,"تسميةٌ علائقيةٌ (مرجعٌ لجدولٍ آخر) — عمودٌ نصيٌّ لها يزدوج المصدر",
Finance/variance_monitor_fin.php,fin_budget_lines,المنفذة,MANUAL,,,"ليست في المعجم — ولا يُخترع اسمُ عمودٍ لتسميةٍ لم تُدرَس",
Finance/variance_monitor_fin.php,fin_budget_lines,المفوترة,MANUAL,,,"ليست في المعجم — ولا يُخترع اسمُ عمودٍ لتسميةٍ لم تُدرَس",
Finance/variance_monitor_fin.php,fin_budget_lines,المحصلة,MANUAL,,,"ليست في المعجم — ولا يُخترع اسمُ عمودٍ لتسميةٍ لم تُدرَس",
Finance/variance_monitor_fin.php,fin_budget_lines,"انحراف الفوترة",MANUAL,,,"ليست في المعجم — ولا يُخترع اسمُ عمودٍ لتسميةٍ لم تُدرَس",
Finance/variance_monitor_fin.php,fin_budget_lines,"انحراف التحصيل",MANUAL,,,"ليست في المعجم — ولا يُخترع اسمُ عمودٍ لتسميةٍ لم تُدرَس",
Finance/variance_monitor_fin.php,fin_budget_lines,"تاريخ المتابعة",MANUAL,,,"ليست في المعجم — ولا يُخترع اسمُ عمودٍ لتسميةٍ لم تُدرَس",
Finance/variance_monitor_fin.php,fin_budget_lines,الكيان,BOUND,entity,gov,"يبثُّه `ems_gov_ctx()` من `admin_companies` — موصولٌ سلفًا، لا عمل",
Financing/cost_allocation.php,ownership_access_grants,"رقم المحضر",MANUAL,,,"تسميةٌ علائقيةٌ (مرجعٌ لجدولٍ آخر) — عمودٌ نصيٌّ لها يزدوج المصدر",
Financing/cost_allocation.php,ownership_access_grants,الفترة,MANUAL,,,"تسميةٌ علائقيةٌ (مرجعٌ لجدولٍ آخر) — عمودٌ نصيٌّ لها يزدوج المصدر",
Financing/cost_allocation.php,ownership_access_grants,"تكلفة التمويل للفترة",MANUAL,,,"ليست في المعجم — ولا يُخترع اسمُ عمودٍ لتسميةٍ لم تُدرَس",
Financing/cost_allocation.php,ownership_access_grants,"ساعات تشغيل العين",MANUAL,,,"ليست في المعجم — ولا يُخترع اسمُ عمودٍ لتسميةٍ لم تُدرَس",
Financing/cost_allocation.php,ownership_access_grants,"الساعات في المشروع",MANUAL,,,"ليست في المعجم — ولا يُخترع اسمُ عمودٍ لتسميةٍ لم تُدرَس",
Financing/cost_allocation.php,ownership_access_grants,"نسبة التوزيع",MANUAL,,,"ليست في المعجم — ولا يُخترع اسمُ عمودٍ لتسميةٍ لم تُدرَس",
Financing/cost_allocation.php,ownership_access_grants,"رقم القيد",MANUAL,,,"تسميةٌ علائقيةٌ (مرجعٌ لجدولٍ آخر) — عمودٌ نصيٌّ لها يزدوج المصدر",
Financing/cost_allocation.php,ownership_access_grants,وزعه,MANUAL,,,"ليست في المعجم — ولا يُخترع اسمُ عمودٍ لتسميةٍ لم تُدرَس",
Financing/cost_allocation.php,ownership_access_grants,اعتمده,MANUAL,approved_by,,"مشتقٌّ من `approved_by` و`ownership_access_grants` لا يحمله — يلزم قرار",
Financing/cost_allocation.php,ownership_access_grants,"نسخة القاعدة المستعملة",MANUAL,,,"تسميةٌ علائقيةٌ (مرجعٌ لجدولٍ آخر) — عمودٌ نصيٌّ لها يزدوج المصدر",
Financing/cost_allocation.php,ownership_access_grants,الكيان,BOUND,entity,gov,"يبثُّه `ems_gov_ctx()` من `admin_companies` — موصولٌ سلفًا، لا عمل",
Financing/cost_allocation.php,ownership_access_grants,"مرجع التفويض",MANUAL,,,"تسميةٌ علائقيةٌ (مرجعٌ لجدولٍ آخر) — عمودٌ نصيٌّ لها يزدوج المصدر",
Financing/cost_allocation.php,ownership_access_grants,"تاريخ الاعتماد",MANUAL,approved_at,,"مشتقٌّ من `approved_at` و`ownership_access_grants` لا يحمله — يلزم قرار",
Financing/cost_allocation.php,ownership_access_grants,"تاريخ الإنشاء",BIND,created_at,derived,"مشتقٌّ من `created_at` القائمِ في `ownership_access_grants` — بلا هجرة",
Financing/cost_allocation.php,ownership_access_grants,"المرجع الأب",MANUAL,,,"تسميةٌ علائقيةٌ (مرجعٌ لجدولٍ آخر) — عمودٌ نصيٌّ لها يزدوج المصدر",
Financing/cost_allocation.php,ownership_access_grants,الحالة,MANUAL,status,,"مشتقٌّ من `status` و`ownership_access_grants` لا يحمله — يلزم قرار",
Financing/cost_allocation.php,ownership_access_grants,"مفتاح منع التكرار",MANUAL,,,"تسميةٌ علائقيةٌ (مرجعٌ لجدولٍ آخر) — عمودٌ نصيٌّ لها يزدوج المصدر",
Financing/cost_allocation.php,ownership_access_grants,"معكوس ب",MANUAL,,,"تسميةٌ علائقيةٌ (مرجعٌ لجدولٍ آخر) — عمودٌ نصيٌّ لها يزدوج المصدر",
Financing/cost_allocation.php,ownership_access_grants,"عكس عن",MANUAL,,,"تسميةٌ علائقيةٌ (مرجعٌ لجدولٍ آخر) — عمودٌ نصيٌّ لها يزدوج المصدر",
Financing/cost_allocation.php,ownership_access_grants,"درجة الأثر",MANUAL,,,"تسميةٌ علائقيةٌ (مرجعٌ لجدولٍ آخر) — عمودٌ نصيٌّ لها يزدوج المصدر",
Financing/cost_allocation.php,ownership_access_grants,"سجل الاطلاع",MANUAL,,,"تسميةٌ علائقيةٌ (مرجعٌ لجدولٍ آخر) — عمودٌ نصيٌّ لها يزدوج المصدر",
Financing/cost_allocation.php,ownership_access_grants,المرفق,MANUAL,,,"تسميةٌ علائقيةٌ (مرجعٌ لجدولٍ آخر) — عمودٌ نصيٌّ لها يزدوج المصدر",
Financing/cost_allocation.php,ownership_access_grants,"مركز التكلفة",MANUAL,,,"تسميةٌ علائقيةٌ (مرجعٌ لجدولٍ آخر) — عمودٌ نصيٌّ لها يزدوج المصدر",
Financing/cost_allocation.php,ownership_access_grants,"سعر الصرف ومصدره",MANUAL,,,"تسميةٌ علائقيةٌ (مرجعٌ لجدولٍ آخر) — عمودٌ نصيٌّ لها يزدوج المصدر",
Financing/cost_allocation.php,ownership_access_grants,العملة,MANUAL,,,"تسميةٌ علائقيةٌ (مرجعٌ لجدولٍ آخر) — عمودٌ نصيٌّ لها يزدوج المصدر",
Financing/deviations.php,financing_deviations,"رقم الورقة",MANUAL,,,"ليست في المعجم — ولا يُخترع اسمُ عمودٍ لتسميةٍ لم تُدرَس",
Financing/deviations.php,financing_deviations,"نوع الانحراف",MANUAL,,,"ليست في المعجم — ولا يُخترع اسمُ عمودٍ لتسميةٍ لم تُدرَس",
Financing/deviations.php,financing_deviations,"عملية التمويل",MANUAL,,,"ليست في المعجم — ولا يُخترع اسمُ عمودٍ لتسميةٍ لم تُدرَس",
Financing/deviations.php,financing_deviations,الممول,MANUAL,,,"ليست في المعجم — ولا يُخترع اسمُ عمودٍ لتسميةٍ لم تُدرَس",
Financing/deviations.php,financing_deviations,العين,MANUAL,,,"ليست في المعجم — ولا يُخترع اسمُ عمودٍ لتسميةٍ لم تُدرَس",
Financing/deviations.php,financing_deviations,الفترة,MANUAL,,,"تسميةٌ علائقيةٌ (مرجعٌ لجدولٍ آخر) — عمودٌ نصيٌّ لها يزدوج المصدر",
Financing/deviations.php,financing_deviations,المسجل,MANUAL,,,"ليست في المعجم — ولا يُخترع اسمُ عمودٍ لتسميةٍ لم تُدرَس",
Financing/deviations.php,financing_deviations,المتوقع,MANUAL,,,"ليست في المعجم — ولا يُخترع اسمُ عمودٍ لتسميةٍ لم تُدرَس",
Financing/deviations.php,financing_deviations,الفرق,MANUAL,,,"ليست في المعجم — ولا يُخترع اسمُ عمودٍ لتسميةٍ لم تُدرَس",
Financing/deviations.php,financing_deviations,"نسبة الفرق",MANUAL,,,"ليست في المعجم — ولا يُخترع اسمُ عمودٍ لتسميةٍ لم تُدرَس",
Financing/deviations.php,financing_deviations,"السبب المرجح",MANUAL,,,"ليست في المعجم — ولا يُخترع اسمُ عمودٍ لتسميةٍ لم تُدرَس",
Financing/deviations.php,financing_deviations,الأدلة,MANUAL,,,"ليست في المعجم — ولا يُخترع اسمُ عمودٍ لتسميةٍ لم تُدرَس",
Financing/deviations.php,financing_deviations,"المستند المطلوب",MANUAL,,,"ليست في المعجم — ولا يُخترع اسمُ عمودٍ لتسميةٍ لم تُدرَس",
Financing/deviations.php,financing_deviations,"قرار التسوية",MANUAL,,,"ليست في المعجم — ولا يُخترع اسمُ عمودٍ لتسميةٍ لم تُدرَس",
Financing/deviations.php,financing_deviations,"قيد التسوية",MANUAL,,,"ليست في المعجم — ولا يُخترع اسمُ عمودٍ لتسميةٍ لم تُدرَس",
Financing/deviations.php,financing_deviations,"تاريخ الإقفال",MANUAL,,,"ليست في المعجم — ولا يُخترع اسمُ عمودٍ لتسميةٍ لم تُدرَس",
Financing/deviations.php,financing_deviations,"المسجل في الدفاتر",MANUAL,,,"ليست في المعجم — ولا يُخترع اسمُ عمودٍ لتسميةٍ لم تُدرَس",
Financing/deviations.php,financing_deviations,"المتوقع بالعقد",MANUAL,,,"ليست في المعجم — ولا يُخترع اسمُ عمودٍ لتسميةٍ لم تُدرَس",
Financing/deviations.php,financing_deviations,"ترجيح السبب",MANUAL,,,"ليست في المعجم — ولا يُخترع اسمُ عمودٍ لتسميةٍ لم تُدرَس",
Financing/deviations.php,financing_deviations,"القرار المتخذ",MANUAL,,,"ليست في المعجم — ولا يُخترع اسمُ عمودٍ لتسميةٍ لم تُدرَس",
Financing/deviations.php,financing_deviations,حلله,MANUAL,,,"ليست في المعجم — ولا يُخترع اسمُ عمودٍ لتسميةٍ لم تُدرَس",
Financing/deviations.php,financing_deviations,اعتمده,MANUAL,approved_by,,"مشتقٌّ من `approved_by` و`financing_deviations` لا يحمله — يلزم قرار",
Financing/deviations.php,financing_deviations,"رقم المحضر",MANUAL,,,"تسميةٌ علائقيةٌ (مرجعٌ لجدولٍ آخر) — عمودٌ نصيٌّ لها يزدوج المصدر",
Financing/deviations.php,financing_deviations,"كود العين",MANUAL,,,"ليست في المعجم — ولا يُخترع اسمُ عمودٍ لتسميةٍ لم تُدرَس",
Financing/deviations.php,financing_deviations,"المالك السابق",MANUAL,,,"ليست في المعجم — ولا يُخترع اسمُ عمودٍ لتسميةٍ لم تُدرَس",
Financing/deviations.php,financing_deviations,"النسبة المسجلة",MANUAL,,,"ليست في المعجم — ولا يُخترع اسمُ عمودٍ لتسميةٍ لم تُدرَس",
Financing/deviations.php,financing_deviations,"تاريخ البيع الفعلي",MANUAL,,,"ليست في المعجم — ولا يُخترع اسمُ عمودٍ لتسميةٍ لم تُدرَس",
Financing/deviations.php,financing_deviations,"تاريخ اكتشاف الخروج",MANUAL,,,"ليست في المعجم — ولا يُخترع اسمُ عمودٍ لتسميةٍ لم تُدرَس",
Financing/deviations.php,financing_deviations,"أيام التسجيل الزائد",MANUAL,,,"ليست في المعجم — ولا يُخترع اسمُ عمودٍ لتسميةٍ لم تُدرَس",
Financing/deviations.php,financing_deviations,"المالك الجديد",MANUAL,,,"ليست في المعجم — ولا يُخترع اسمُ عمودٍ لتسميةٍ لم تُدرَس",
Financing/deviations.php,financing_deviations,"مستند البيع",MANUAL,,,"ليست في المعجم — ولا يُخترع اسمُ عمودٍ لتسميةٍ لم تُدرَس",
Financing/deviations.php,financing_deviations,"قيمة البيع",MANUAL,,,"ليست في المعجم — ولا يُخترع اسمُ عمودٍ لتسميةٍ لم تُدرَس",
Financing/deviations.php,financing_deviations,"أثر التصحيح على الإهلاك",MANUAL,,,"ليست في المعجم — ولا يُخترع اسمُ عمودٍ لتسميةٍ لم تُدرَس",
Financing/deviations.php,financing_deviations,"أثر التصحيح على العائد",MANUAL,,,"ليست في المعجم — ولا يُخترع اسمُ عمودٍ لتسميةٍ لم تُدرَس",
Financing/deviations.php,financing_deviations,اكتشفه,MANUAL,,,"ليست في المعجم — ولا يُخترع اسمُ عمودٍ لتسميةٍ لم تُدرَس",
Financing/deviations.php,financing_deviations,"اعتمد التصحيح",MANUAL,,,"ليست في المعجم — ولا يُخترع اسمُ عمودٍ لتسميةٍ لم تُدرَس",
Financing/deviations.php,financing_deviations,"رقم السجل",NEW,commercial_reg_no,text,"لا عمودَ له في `financing_deviations` — يُنشأ **اختياريًّا** (NULL)",
Financing/deviations.php,financing_deviations,"تاريخ التوقيع",MANUAL,,,"ليست في المعجم — ولا يُخترع اسمُ عمودٍ لتسميةٍ لم تُدرَس",
Financing/deviations.php,financing_deviations,"قيمة العقد",MANUAL,,,"ليست في المعجم — ولا يُخترع اسمُ عمودٍ لتسميةٍ لم تُدرَس",
Financing/deviations.php,financing_deviations,"آخر حركة في الدفتر",MANUAL,,,"ليست في المعجم — ولا يُخترع اسمُ عمودٍ لتسميةٍ لم تُدرَس",
Financing/deviations.php,financing_deviations,"أيام السكون",MANUAL,,,"ليست في المعجم — ولا يُخترع اسمُ عمودٍ لتسميةٍ لم تُدرَس",
Financing/deviations.php,financing_deviations,"الحالة المفترضة",MANUAL,,,"ليست في المعجم — ولا يُخترع اسمُ عمودٍ لتسميةٍ لم تُدرَس",
Financing/deviations.php,financing_deviations,الكيان,BOUND,entity,gov,"يبثُّه `ems_gov_ctx()` من `admin_companies` — موصولٌ سلفًا، لا عمل",
Financing/deviations.php,financing_deviations,"مرجع التفويض",MANUAL,,,"تسميةٌ علائقيةٌ (مرجعٌ لجدولٍ آخر) — عمودٌ نصيٌّ لها يزدوج المصدر",
Financing/deviations.php,financing_deviations,"تاريخ الاعتماد",MANUAL,approved_at,,"مشتقٌّ من `approved_at` و`financing_deviations` لا يحمله — يلزم قرار",
Financing/deviations.php,financing_deviations,"تاريخ الإنشاء",BIND,created_at,derived,"مشتقٌّ من `created_at` القائمِ في `financing_deviations` — بلا هجرة",
Financing/deviations.php,financing_deviations,"المرجع الأب",MANUAL,,,"تسميةٌ علائقيةٌ (مرجعٌ لجدولٍ آخر) — عمودٌ نصيٌّ لها يزدوج المصدر",
Financing/deviations.php,financing_deviations,"المنشئ — الاسم والصفة",MANUAL,created_by,,"مشتقٌّ من `created_by` و`financing_deviations` لا يحمله — يلزم قرار",
Financing/deviations.php,financing_deviations,"المعتمد — الاسم والصفة",MANUAL,approved_by,,"تسميتانِ في الشاشةِ تؤولانِ إلى `approved_by` — تصادمُ مفتاحٍ يلزمه قرار",
Financing/deviations.php,financing_deviations,"سجل الاطلاع",MANUAL,,,"تسميةٌ علائقيةٌ (مرجعٌ لجدولٍ آخر) — عمودٌ نصيٌّ لها يزدوج المصدر",
Financing/deviations.php,financing_deviations,المرفق,MANUAL,,,"تسميةٌ علائقيةٌ (مرجعٌ لجدولٍ آخر) — عمودٌ نصيٌّ لها يزدوج المصدر",
Financing/deviations.php,financing_deviations,"مركز التكلفة",MANUAL,,,"تسميةٌ علائقيةٌ (مرجعٌ لجدولٍ آخر) — عمودٌ نصيٌّ لها يزدوج المصدر",
Financing/deviations.php,financing_deviations,"سعر الصرف ومصدره",MANUAL,,,"تسميةٌ علائقيةٌ (مرجعٌ لجدولٍ آخر) — عمودٌ نصيٌّ لها يزدوج المصدر",
Financing/deviations.php,financing_deviations,العملة,MANUAL,,,"تسميةٌ علائقيةٌ (مرجعٌ لجدولٍ آخر) — عمودٌ نصيٌّ لها يزدوج المصدر",
Financing/fin_changes.php,,الحالة,MANUAL,,,"جدولُ الشاشةِ لم يُستنبَط — لا يُقاس عمودٌ بلا جدول",
Financing/fin_changes.php,,الكيان,BOUND,entity,gov,"يبثُّه `ems_gov_ctx()` من `admin_companies` — موصولٌ سلفًا، لا عمل",
Financing/fin_changes.php,,"المنشئ — الاسم والصفة",MANUAL,,,"جدولُ الشاشةِ لم يُستنبَط — لا يُقاس عمودٌ بلا جدول",
Financing/fin_changes.php,,"تاريخ الإنشاء",MANUAL,,,"جدولُ الشاشةِ لم يُستنبَط — لا يُقاس عمودٌ بلا جدول",
Financing/fin_changes.php,,"تاريخ الاعتماد",MANUAL,,,"جدولُ الشاشةِ لم يُستنبَط — لا يُقاس عمودٌ بلا جدول",
Financing/fin_changes.php,,"مرجع التفويض",MANUAL,,,"جدولُ الشاشةِ لم يُستنبَط — لا يُقاس عمودٌ بلا جدول",
Financing/fin_changes.php,,"المرجع الأب",MANUAL,,,"جدولُ الشاشةِ لم يُستنبَط — لا يُقاس عمودٌ بلا جدول",
Financing/fin_changes.php,,المرفق,MANUAL,,,"جدولُ الشاشةِ لم يُستنبَط — لا يُقاس عمودٌ بلا جدول",
Financing/fin_changes.php,,"مركز التكلفة",MANUAL,,,"جدولُ الشاشةِ لم يُستنبَط — لا يُقاس عمودٌ بلا جدول",
Financing/fin_changes.php,,"سعر الصرف ومصدره",MANUAL,,,"جدولُ الشاشةِ لم يُستنبَط — لا يُقاس عمودٌ بلا جدول",
Financing/fin_changes.php,,"سجل الاطلاع",MANUAL,,,"جدولُ الشاشةِ لم يُستنبَط — لا يُقاس عمودٌ بلا جدول",
Financing/fin_models.php,,"تاريخ الاعتماد",MANUAL,,,"جدولُ الشاشةِ لم يُستنبَط — لا يُقاس عمودٌ بلا جدول",
Financing/fin_models.php,,الحالة,MANUAL,,,"جدولُ الشاشةِ لم يُستنبَط — لا يُقاس عمودٌ بلا جدول",
Financing/fin_models.php,,الكيان,BOUND,entity,gov,"يبثُّه `ems_gov_ctx()` من `admin_companies` — موصولٌ سلفًا، لا عمل",
Financing/fin_models.php,,"المنشئ — الاسم والصفة",MANUAL,,,"جدولُ الشاشةِ لم يُستنبَط — لا يُقاس عمودٌ بلا جدول",
Financing/fin_models.php,,"تاريخ الإنشاء",MANUAL,,,"جدولُ الشاشةِ لم يُستنبَط — لا يُقاس عمودٌ بلا جدول",
Financing/fin_models.php,,"مرجع التفويض",MANUAL,,,"جدولُ الشاشةِ لم يُستنبَط — لا يُقاس عمودٌ بلا جدول",
Financing/fin_models.php,,المرفق,MANUAL,,,"جدولُ الشاشةِ لم يُستنبَط — لا يُقاس عمودٌ بلا جدول",
Financing/fin_models.php,,"سجل الاطلاع",MANUAL,,,"جدولُ الشاشةِ لم يُستنبَط — لا يُقاس عمودٌ بلا جدول",
Financing/financiers_registry.php,legal_entities,"الاسم القانوني",BIND,legal_name,existing,"`legal_name` قائمٌ في `legal_entities` — وصلٌ بلا هجرة",
Financing/financiers_registry.php,legal_entities,"نوع الممول",MANUAL,,,"ليست في المعجم — ولا يُخترع اسمُ عمودٍ لتسميةٍ لم تُدرَس",
Financing/financiers_registry.php,legal_entities,"بلد التسجيل",NEW,registration_country,text,"لا عمودَ له في `legal_entities` — يُنشأ **اختياريًّا** (NULL)",
Financing/financiers_registry.php,legal_entities,"السجل التجاري",MANUAL,,,"ليست في المعجم — ولا يُخترع اسمُ عمودٍ لتسميةٍ لم تُدرَس",
Financing/financiers_registry.php,legal_entities,"نماذج التمويل المتعامل بها",MANUAL,,,"ليست في المعجم — ولا يُخترع اسمُ عمودٍ لتسميةٍ لم تُدرَس",
Financing/financiers_registry.php,legal_entities,العملات,MANUAL,,,"ليست في المعجم — ولا يُخترع اسمُ عمودٍ لتسميةٍ لم تُدرَس",
Financing/financiers_registry.php,legal_entities,"تصنيف العلاقة",MANUAL,,,"ليست في المعجم — ولا يُخترع اسمُ عمودٍ لتسميةٍ لم تُدرَس",
Financing/financiers_registry.php,legal_entities,"شريحة الأهمية",NEW,importance_tier,text,"لا عمودَ له في `legal_entities` — يُنشأ **اختياريًّا** (NULL)",
Financing/financiers_registry.php,legal_entities,"أول نشاط",MANUAL,,,"ليست في المعجم — ولا يُخترع اسمُ عمودٍ لتسميةٍ لم تُدرَس",
Financing/financiers_registry.php,legal_entities,"آخر نشاط",MANUAL,,,"ليست في المعجم — ولا يُخترع اسمُ عمودٍ لتسميةٍ لم تُدرَس",
Financing/financiers_registry.php,legal_entities,"درجة السرية",MANUAL,,,"ليست في المعجم — ولا يُخترع اسمُ عمودٍ لتسميةٍ لم تُدرَس",
Financing/financiers_registry.php,legal_entities,الكيان,BOUND,entity,gov,"يبثُّه `ems_gov_ctx()` من `admin_companies` — موصولٌ سلفًا، لا عمل",
Financing/financiers_registry.php,legal_entities,"مرجع التفويض",MANUAL,,,"تسميةٌ علائقيةٌ (مرجعٌ لجدولٍ آخر) — عمودٌ نصيٌّ لها يزدوج المصدر",
Financing/financiers_registry.php,legal_entities,"تاريخ الاعتماد",MANUAL,approved_at,,"مشتقٌّ من `approved_at` و`legal_entities` لا يحمله — يلزم قرار",
Financing/financiers_registry.php,legal_entities,"تاريخ الإنشاء",BIND,created_at,derived,"مشتقٌّ من `created_at` القائمِ في `legal_entities` — بلا هجرة",
Financing/financiers_registry.php,legal_entities,"المرجع الأب",MANUAL,,,"تسميةٌ علائقيةٌ (مرجعٌ لجدولٍ آخر) — عمودٌ نصيٌّ لها يزدوج المصدر",
Financing/financiers_registry.php,legal_entities,"المنشئ — الاسم والصفة",MANUAL,created_by,,"مشتقٌّ من `created_by` و`legal_entities` لا يحمله — يلزم قرار",
Financing/financiers_registry.php,legal_entities,"المعتمد — الاسم والصفة",MANUAL,approved_by,,"مشتقٌّ من `approved_by` و`legal_entities` لا يحمله — يلزم قرار",
Financing/financiers_registry.php,legal_entities,"سجل الاطلاع",MANUAL,,,"تسميةٌ علائقيةٌ (مرجعٌ لجدولٍ آخر) — عمودٌ نصيٌّ لها يزدوج المصدر",
Financing/financiers_registry.php,legal_entities,المرفق,MANUAL,,,"تسميةٌ علائقيةٌ (مرجعٌ لجدولٍ آخر) — عمودٌ نصيٌّ لها يزدوج المصدر",
Financing/financiers_registry.php,legal_entities,"مركز التكلفة",MANUAL,,,"تسميةٌ علائقيةٌ (مرجعٌ لجدولٍ آخر) — عمودٌ نصيٌّ لها يزدوج المصدر",
Financing/financiers_registry.php,legal_entities,"سعر الصرف ومصدره",MANUAL,,,"تسميةٌ علائقيةٌ (مرجعٌ لجدولٍ آخر) — عمودٌ نصيٌّ لها يزدوج المصدر",
Financing/financiers_registry.php,legal_entities,العملة,MANUAL,,,"تسميةٌ علائقيةٌ (مرجعٌ لجدولٍ آخر) — عمودٌ نصيٌّ لها يزدوج المصدر",
Financing/financing_board.php,financing_operations,"كود العملية",MANUAL,,,"ليست في المعجم — ولا يُخترع اسمُ عمودٍ لتسميةٍ لم تُدرَس",
Financing/financing_board.php,financing_operations,الممول,MANUAL,,,"ليست في المعجم — ولا يُخترع اسمُ عمودٍ لتسميةٍ لم تُدرَس",
Financing/financing_board.php,financing_operations,"نموذج التمويل",MANUAL,,,"ليست في المعجم — ولا يُخترع اسمُ عمودٍ لتسميةٍ لم تُدرَس",
Financing/financing_board.php,financing_operations,"تاريخ التوقيع",MANUAL,,,"ليست في المعجم — ولا يُخترع اسمُ عمودٍ لتسميةٍ لم تُدرَس",
Financing/financing_board.php,financing_operations,"تاريخ النفاذ",MANUAL,,,"ليست في المعجم — ولا يُخترع اسمُ عمودٍ لتسميةٍ لم تُدرَس",
Financing/financing_board.php,financing_operations,"تاريخ نهاية العملية",MANUAL,,,"ليست في المعجم — ولا يُخترع اسمُ عمودٍ لتسميةٍ لم تُدرَس",
Financing/financing_board.php,financing_operations,"الأعيان الممولة",MANUAL,,,"ليست في المعجم — ولا يُخترع اسمُ عمودٍ لتسميةٍ لم تُدرَس",
Financing/financing_board.php,financing_operations,"قيمة شراء العين",MANUAL,,,"ليست في المعجم — ولا يُخترع اسمُ عمودٍ لتسميةٍ لم تُدرَس",
Financing/financing_board.php,financing_operations,"مصدر قيمة الشراء",MANUAL,,,"ليست في المعجم — ولا يُخترع اسمُ عمودٍ لتسميةٍ لم تُدرَس",
Financing/financing_board.php,financing_operations,"رأس المال الممول",MANUAL,,,"ليست في المعجم — ولا يُخترع اسمُ عمودٍ لتسميةٍ لم تُدرَس",
Financing/financing_board.php,financing_operations,"مصدر رأس المال",MANUAL,,,"ليست في المعجم — ولا يُخترع اسمُ عمودٍ لتسميةٍ لم تُدرَس",
Financing/financing_board.php,financing_operations,"نسبة المقدم",MANUAL,,,"ليست في المعجم — ولا يُخترع اسمُ عمودٍ لتسميةٍ لم تُدرَس",
Financing/financing_board.php,financing_operations,"قيمة المقدم",MANUAL,,,"ليست في المعجم — ولا يُخترع اسمُ عمودٍ لتسميةٍ لم تُدرَس",
Financing/financing_board.php,financing_operations,"نسبة الأرباح",MANUAL,,,"ليست في المعجم — ولا يُخترع اسمُ عمودٍ لتسميةٍ لم تُدرَس",
Financing/financing_board.php,financing_operations,"قيمة الأرباح",MANUAL,,,"ليست في المعجم — ولا يُخترع اسمُ عمودٍ لتسميةٍ لم تُدرَس",
Financing/financing_board.php,financing_operations,"إجمالي السداد",MANUAL,,,"ليست في المعجم — ولا يُخترع اسمُ عمودٍ لتسميةٍ لم تُدرَس",
Financing/financing_board.php,financing_operations,"المدة بالأشهر",MANUAL,,,"ليست في المعجم — ولا يُخترع اسمُ عمودٍ لتسميةٍ لم تُدرَس",
Financing/financing_board.php,financing_operations,"عدد الأقساط",MANUAL,,,"ليست في المعجم — ولا يُخترع اسمُ عمودٍ لتسميةٍ لم تُدرَس",
Financing/financing_board.php,financing_operations,"قيمة القسط",MANUAL,,,"ليست في المعجم — ولا يُخترع اسمُ عمودٍ لتسميةٍ لم تُدرَس",
Financing/financing_board.php,financing_operations,"تاريخ أول قسط",MANUAL,,,"ليست في المعجم — ولا يُخترع اسمُ عمودٍ لتسميةٍ لم تُدرَس",
Financing/financing_board.php,financing_operations,"تاريخ آخر قسط",MANUAL,,,"ليست في المعجم — ولا يُخترع اسمُ عمودٍ لتسميةٍ لم تُدرَس",
Financing/financing_board.php,financing_operations,اعتمده,MANUAL,approved_by,,"مشتقٌّ من `approved_by` و`financing_operations` لا يحمله — يلزم قرار",
Financing/financing_board.php,financing_operations,وقعه,MANUAL,,,"ليست في المعجم — ولا يُخترع اسمُ عمودٍ لتسميةٍ لم تُدرَس",
Financing/financing_board.php,financing_operations,"نسخة القاعدة المستعملة",MANUAL,,,"تسميةٌ علائقيةٌ (مرجعٌ لجدولٍ آخر) — عمودٌ نصيٌّ لها يزدوج المصدر",
Financing/financing_board.php,financing_operations,الكيان,BOUND,entity,gov,"يبثُّه `ems_gov_ctx()` من `admin_companies` — موصولٌ سلفًا، لا عمل",
Financing/financing_board.php,financing_operations,"مرجع التفويض",MANUAL,,,"تسميةٌ علائقيةٌ (مرجعٌ لجدولٍ آخر) — عمودٌ نصيٌّ لها يزدوج المصدر",
Financing/financing_board.php,financing_operations,"تاريخ الاعتماد",MANUAL,approved_at,,"مشتقٌّ من `approved_at` و`financing_operations` لا يحمله — يلزم قرار",
Financing/financing_board.php,financing_operations,"تاريخ الإنشاء",BIND,created_at,derived,"مشتقٌّ من `created_at` القائمِ في `financing_operations` — بلا هجرة",
Financing/financing_board.php,financing_operations,"المرجع الأب",MANUAL,,,"تسميةٌ علائقيةٌ (مرجعٌ لجدولٍ آخر) — عمودٌ نصيٌّ لها يزدوج المصدر",
Financing/financing_board.php,financing_operations,"المنشئ — الاسم والصفة",BIND,created_by,derived,"مشتقٌّ من `created_by` القائمِ في `financing_operations` — بلا هجرة",
Financing/financing_board.php,financing_operations,الحالة,MANUAL,status,,"مشتقٌّ من `status` و`financing_operations` لا يحمله — يلزم قرار",
Financing/financing_board.php,financing_operations,"مفتاح منع التكرار",MANUAL,,,"تسميةٌ علائقيةٌ (مرجعٌ لجدولٍ آخر) — عمودٌ نصيٌّ لها يزدوج المصدر",
Financing/financing_board.php,financing_operations,"معكوس ب",MANUAL,,,"تسميةٌ علائقيةٌ (مرجعٌ لجدولٍ آخر) — عمودٌ نصيٌّ لها يزدوج المصدر",
Financing/financing_board.php,financing_operations,"عكس عن",MANUAL,,,"تسميةٌ علائقيةٌ (مرجعٌ لجدولٍ آخر) — عمودٌ نصيٌّ لها يزدوج المصدر",
Financing/financing_board.php,financing_operations,"درجة الأثر",MANUAL,,,"تسميةٌ علائقيةٌ (مرجعٌ لجدولٍ آخر) — عمودٌ نصيٌّ لها يزدوج المصدر",
Financing/financing_board.php,financing_operations,"سجل الاطلاع",MANUAL,,,"تسميةٌ علائقيةٌ (مرجعٌ لجدولٍ آخر) — عمودٌ نصيٌّ لها يزدوج المصدر",
Financing/financing_board.php,financing_operations,المرفق,MANUAL,,,"تسميةٌ علائقيةٌ (مرجعٌ لجدولٍ آخر) — عمودٌ نصيٌّ لها يزدوج المصدر",
Financing/financing_board.php,financing_operations,"مركز التكلفة",MANUAL,,,"تسميةٌ علائقيةٌ (مرجعٌ لجدولٍ آخر) — عمودٌ نصيٌّ لها يزدوج المصدر",
Financing/financing_board.php,financing_operations,"سعر الصرف ومصدره",MANUAL,,,"تسميةٌ علائقيةٌ (مرجعٌ لجدولٍ آخر) — عمودٌ نصيٌّ لها يزدوج المصدر",
Financing/financing_operation_new.php,financing_models,الكيان,BOUND,entity,gov,"يبثُّه `ems_gov_ctx()` من `admin_companies` — موصولٌ سلفًا، لا عمل",
Financing/financing_operation_new.php,financing_models,"المنشئ — الاسم والصفة",MANUAL,created_by,,"مشتقٌّ من `created_by` و`financing_models` لا يحمله — يلزم قرار",
Financing/financing_operation_new.php,financing_models,"المعتمد — الاسم والصفة",BIND,approved_by,derived,"مشتقٌّ من `approved_by` القائمِ في `financing_models` — بلا هجرة",
Financing/financing_operation_new.php,financing_models,"مرجع التفويض",MANUAL,,,"تسميةٌ علائقيةٌ (مرجعٌ لجدولٍ آخر) — عمودٌ نصيٌّ لها يزدوج المصدر",
Financing/financing_operation_new.php,financing_models,"المرجع الأب",MANUAL,,,"تسميةٌ علائقيةٌ (مرجعٌ لجدولٍ آخر) — عمودٌ نصيٌّ لها يزدوج المصدر",
Financing/financing_operation_new.php,financing_models,"تاريخ الإنشاء",MANUAL,created_at,,"مشتقٌّ من `created_at` و`financing_models` لا يحمله — يلزم قرار",
Financing/financing_operation_new.php,financing_models,"تاريخ الاعتماد",BIND,approved_at,derived,"مشتقٌّ من `approved_at` القائمِ في `financing_models` — بلا هجرة",
Financing/financing_operation_new.php,financing_models,الحالة,MANUAL,status,,"مشتقٌّ من `status` و`financing_models` لا يحمله — يلزم قرار",
Financing/installments.php,financing_installments,"رقم القسط",MANUAL,,,"ليست في المعجم — ولا يُخترع اسمُ عمودٍ لتسميةٍ لم تُدرَس",
Financing/installments.php,financing_installments,الممول,MANUAL,,,"ليست في المعجم — ولا يُخترع اسمُ عمودٍ لتسميةٍ لم تُدرَس",
Financing/installments.php,financing_installments,"الرصيد قبل",MANUAL,,,"ليست في المعجم — ولا يُخترع اسمُ عمودٍ لتسميةٍ لم تُدرَس",
Financing/installments.php,financing_installments,"الرصيد بعد",MANUAL,,,"ليست في المعجم — ولا يُخترع اسمُ عمودٍ لتسميةٍ لم تُدرَس",
Financing/installments.php,financing_installments,"أيام التأخير",MANUAL,,,"ليست في المعجم — ولا يُخترع اسمُ عمودٍ لتسميةٍ لم تُدرَس",
Financing/installments.php,financing_installments,"غرامة تأخير",MANUAL,,,"ليست في المعجم — ولا يُخترع اسمُ عمودٍ لتسميةٍ لم تُدرَس",
Financing/installments.php,financing_installments,"رقم سند الصرف",MANUAL,,,"ليست في المعجم — ولا يُخترع اسمُ عمودٍ لتسميةٍ لم تُدرَس",
Financing/installments.php,financing_installments,"رقم القيد",MANUAL,,,"تسميةٌ علائقيةٌ (مرجعٌ لجدولٍ آخر) — عمودٌ نصيٌّ لها يزدوج المصدر",
Financing/installments.php,financing_installments,الكيان,BOUND,entity,gov,"يبثُّه `ems_gov_ctx()` من `admin_companies` — موصولٌ سلفًا، لا عمل",
Financing/installments.php,financing_installments,"مرجع التفويض",MANUAL,,,"تسميةٌ علائقيةٌ (مرجعٌ لجدولٍ آخر) — عمودٌ نصيٌّ لها يزدوج المصدر",
Financing/installments.php,financing_installments,"تاريخ الاعتماد",MANUAL,approved_at,,"مشتقٌّ من `approved_at` و`financing_installments` لا يحمله — يلزم قرار",
Financing/installments.php,financing_installments,"تاريخ الإنشاء",BIND,created_at,derived,"مشتقٌّ من `created_at` القائمِ في `financing_installments` — بلا هجرة",
Financing/installments.php,financing_installments,"المرجع الأب",MANUAL,,,"تسميةٌ علائقيةٌ (مرجعٌ لجدولٍ آخر) — عمودٌ نصيٌّ لها يزدوج المصدر",
Financing/installments.php,financing_installments,"المنشئ — الاسم والصفة",MANUAL,created_by,,"مشتقٌّ من `created_by` و`financing_installments` لا يحمله — يلزم قرار",
Financing/installments.php,financing_installments,"المعتمد — الاسم والصفة",MANUAL,approved_by,,"مشتقٌّ من `approved_by` و`financing_installments` لا يحمله — يلزم قرار",
Financing/installments.php,financing_installments,"مفتاح منع التكرار",MANUAL,,,"تسميةٌ علائقيةٌ (مرجعٌ لجدولٍ آخر) — عمودٌ نصيٌّ لها يزدوج المصدر",
Financing/installments.php,financing_installments,"معكوس ب",MANUAL,,,"تسميةٌ علائقيةٌ (مرجعٌ لجدولٍ آخر) — عمودٌ نصيٌّ لها يزدوج المصدر",
Financing/installments.php,financing_installments,"عكس عن",MANUAL,,,"تسميةٌ علائقيةٌ (مرجعٌ لجدولٍ آخر) — عمودٌ نصيٌّ لها يزدوج المصدر",
Financing/installments.php,financing_installments,"درجة الأثر",MANUAL,,,"تسميةٌ علائقيةٌ (مرجعٌ لجدولٍ آخر) — عمودٌ نصيٌّ لها يزدوج المصدر",
Financing/installments.php,financing_installments,"سجل الاطلاع",MANUAL,,,"تسميةٌ علائقيةٌ (مرجعٌ لجدولٍ آخر) — عمودٌ نصيٌّ لها يزدوج المصدر",
Financing/installments.php,financing_installments,المرفق,MANUAL,,,"تسميةٌ علائقيةٌ (مرجعٌ لجدولٍ آخر) — عمودٌ نصيٌّ لها يزدوج المصدر",
Financing/installments.php,financing_installments,"مركز التكلفة",MANUAL,,,"تسميةٌ علائقيةٌ (مرجعٌ لجدولٍ آخر) — عمودٌ نصيٌّ لها يزدوج المصدر",
Financing/installments.php,financing_installments,"سعر الصرف ومصدره",MANUAL,,,"تسميةٌ علائقيةٌ (مرجعٌ لجدولٍ آخر) — عمودٌ نصيٌّ لها يزدوج المصدر",
Financing/installments.php,financing_installments,العملة,MANUAL,,,"تسميةٌ علائقيةٌ (مرجعٌ لجدولٍ آخر) — عمودٌ نصيٌّ لها يزدوج المصدر",
Financing/operation_profile.php,asset_ownership_shares,الكيان,BOUND,entity,gov,"يبثُّه `ems_gov_ctx()` من `admin_companies` — موصولٌ سلفًا، لا عمل",
Financing/operation_profile.php,asset_ownership_shares,"المنشئ — الاسم والصفة",BIND,created_by,derived,"مشتقٌّ من `created_by` القائمِ في `asset_ownership_shares` — بلا هجرة",
Financing/operation_profile.php,asset_ownership_shares,"المعتمد — الاسم والصفة",MANUAL,approved_by,,"مشتقٌّ من `approved_by` و`asset_ownership_shares` لا يحمله — يلزم قرار",
Financing/operation_profile.php,asset_ownership_shares,"مرجع التفويض",MANUAL,,,"تسميةٌ علائقيةٌ (مرجعٌ لجدولٍ آخر) — عمودٌ نصيٌّ لها يزدوج المصدر",
Financing/operation_profile.php,asset_ownership_shares,"المرجع الأب",MANUAL,,,"تسميةٌ علائقيةٌ (مرجعٌ لجدولٍ آخر) — عمودٌ نصيٌّ لها يزدوج المصدر",
Financing/operation_profile.php,asset_ownership_shares,"تاريخ الإنشاء",BIND,created_at,derived,"مشتقٌّ من `created_at` القائمِ في `asset_ownership_shares` — بلا هجرة",
Financing/operation_profile.php,asset_ownership_shares,"تاريخ الاعتماد",MANUAL,approved_at,,"مشتقٌّ من `approved_at` و`asset_ownership_shares` لا يحمله — يلزم قرار",
Financing/owners_registry.php,ownership_access_grants,"المالك القانوني",MANUAL,,,"ليست في المعجم — ولا يُخترع اسمُ عمودٍ لتسميةٍ لم تُدرَس",
Financing/owners_registry.php,ownership_access_grants,"نوع الملكية",MANUAL,,,"ليست في المعجم — ولا يُخترع اسمُ عمودٍ لتسميةٍ لم تُدرَس",
Financing/owners_registry.php,ownership_access_grants,"نسبة الملكية",MANUAL,,,"ليست في المعجم — ولا يُخترع اسمُ عمودٍ لتسميةٍ لم تُدرَس",
Financing/owners_registry.php,ownership_access_grants,"المنتفع الاقتصادي",MANUAL,,,"ليست في المعجم — ولا يُخترع اسمُ عمودٍ لتسميةٍ لم تُدرَس",
Financing/owners_registry.php,ownership_access_grants,"مرتهن الضمان",MANUAL,,,"ليست في المعجم — ولا يُخترع اسمُ عمودٍ لتسميةٍ لم تُدرَس",
Financing/owners_registry.php,ownership_access_grants,"عملية التمويل المرتبطة",MANUAL,,,"ليست في المعجم — ولا يُخترع اسمُ عمودٍ لتسميةٍ لم تُدرَس",
Financing/owners_registry.php,ownership_access_grants,"تاريخ بدء الملكية",MANUAL,,,"ليست في المعجم — ولا يُخترع اسمُ عمودٍ لتسميةٍ لم تُدرَس",
Financing/owners_registry.php,ownership_access_grants,"تاريخ الانتهاء",MANUAL,,,"ليست في المعجم — ولا يُخترع اسمُ عمودٍ لتسميةٍ لم تُدرَس",
Financing/owners_registry.php,ownership_access_grants,"مستند الملكية",MANUAL,,,"ليست في المعجم — ولا يُخترع اسمُ عمودٍ لتسميةٍ لم تُدرَس",
Financing/owners_registry.php,ownership_access_grants,"حق الرجوع",MANUAL,,,"ليست في المعجم — ولا يُخترع اسمُ عمودٍ لتسميةٍ لم تُدرَس",
Financing/owners_registry.php,ownership_access_grants,"درجة السرية",MANUAL,,,"ليست في المعجم — ولا يُخترع اسمُ عمودٍ لتسميةٍ لم تُدرَس",
Financing/owners_registry.php,ownership_access_grants,"من يملك صلاحية الاطلاع",MANUAL,,,"ليست في المعجم — ولا يُخترع اسمُ عمودٍ لتسميةٍ لم تُدرَس",
Financing/owners_registry.php,ownership_access_grants,"رقم الحصة",MANUAL,,,"ليست في المعجم — ولا يُخترع اسمُ عمودٍ لتسميةٍ لم تُدرَس",
Financing/owners_registry.php,ownership_access_grants,"كود العين",MANUAL,,,"ليست في المعجم — ولا يُخترع اسمُ عمودٍ لتسميةٍ لم تُدرَس",
Financing/owners_registry.php,ownership_access_grants,"الممول أو المالك",MANUAL,,,"ليست في المعجم — ولا يُخترع اسمُ عمودٍ لتسميةٍ لم تُدرَس",
Financing/owners_registry.php,ownership_access_grants,"النسبة المسجلة",MANUAL,,,"ليست في المعجم — ولا يُخترع اسمُ عمودٍ لتسميةٍ لم تُدرَس",
Financing/owners_registry.php,ownership_access_grants,"النسبة المصححة",MANUAL,,,"ليست في المعجم — ولا يُخترع اسمُ عمودٍ لتسميةٍ لم تُدرَس",
Financing/owners_registry.php,ownership_access_grants,"سبب التصحيح",MANUAL,,,"ليست في المعجم — ولا يُخترع اسمُ عمودٍ لتسميةٍ لم تُدرَس",
Financing/owners_registry.php,ownership_access_grants,"من تاريخ",NEW,date_from,date,"لا عمودَ له في `ownership_access_grants` — يُنشأ **اختياريًّا** (NULL)",
Financing/owners_registry.php,ownership_access_grants,"إلى تاريخ",NEW,date_to,date,"لا عمودَ له في `ownership_access_grants` — يُنشأ **اختياريًّا** (NULL)",
Financing/owners_registry.php,ownership_access_grants,"المشتري عند التخارج",MANUAL,,,"ليست في المعجم — ولا يُخترع اسمُ عمودٍ لتسميةٍ لم تُدرَس",
Financing/owners_registry.php,ownership_access_grants,"مستند التخارج",MANUAL,,,"ليست في المعجم — ولا يُخترع اسمُ عمودٍ لتسميةٍ لم تُدرَس",
Financing/owners_registry.php,ownership_access_grants,"رأس المال المساهم به",MANUAL,,,"ليست في المعجم — ولا يُخترع اسمُ عمودٍ لتسميةٍ لم تُدرَس",
Financing/owners_registry.php,ownership_access_grants,"تقييم الحصة",MANUAL,,,"ليست في المعجم — ولا يُخترع اسمُ عمودٍ لتسميةٍ لم تُدرَس",
Financing/owners_registry.php,ownership_access_grants,"مستند الحصة",MANUAL,,,"ليست في المعجم — ولا يُخترع اسمُ عمودٍ لتسميةٍ لم تُدرَس",
Financing/owners_registry.php,ownership_access_grants,"مجموع الحصص النشطة",MANUAL,,,"ليست في المعجم — ولا يُخترع اسمُ عمودٍ لتسميةٍ لم تُدرَس",
Financing/owners_registry.php,ownership_access_grants,"حالة قيد المئة",MANUAL,,,"ليست في المعجم — ولا يُخترع اسمُ عمودٍ لتسميةٍ لم تُدرَس",
Financing/owners_registry.php,ownership_access_grants,سجلها,MANUAL,,,"ليست في المعجم — ولا يُخترع اسمُ عمودٍ لتسميةٍ لم تُدرَس",
Financing/owners_registry.php,ownership_access_grants,اعتمدها,MANUAL,approved_by,,"مشتقٌّ من `approved_by` و`ownership_access_grants` لا يحمله — يلزم قرار",
Financing/owners_registry.php,ownership_access_grants,الكيان,BOUND,entity,gov,"يبثُّه `ems_gov_ctx()` من `admin_companies` — موصولٌ سلفًا، لا عمل",
Financing/owners_registry.php,ownership_access_grants,"تاريخ الاعتماد",MANUAL,approved_at,,"مشتقٌّ من `approved_at` و`ownership_access_grants` لا يحمله — يلزم قرار",
Financing/owners_registry.php,ownership_access_grants,"تاريخ الإنشاء",BIND,created_at,derived,"مشتقٌّ من `created_at` القائمِ في `ownership_access_grants` — بلا هجرة",
Financing/owners_registry.php,ownership_access_grants,"المرجع الأب",MANUAL,,,"تسميةٌ علائقيةٌ (مرجعٌ لجدولٍ آخر) — عمودٌ نصيٌّ لها يزدوج المصدر",
Financing/owners_registry.php,ownership_access_grants,"المنشئ — الاسم والصفة",MANUAL,created_by,,"مشتقٌّ من `created_by` و`ownership_access_grants` لا يحمله — يلزم قرار",
Financing/owners_registry.php,ownership_access_grants,"المعتمد — الاسم والصفة",MANUAL,approved_by,,"تسميتانِ في الشاشةِ تؤولانِ إلى `approved_by` — تصادمُ مفتاحٍ يلزمه قرار",
Financing/owners_registry.php,ownership_access_grants,الحالة,MANUAL,status,,"مشتقٌّ من `status` و`ownership_access_grants` لا يحمله — يلزم قرار",
Financing/owners_registry.php,ownership_access_grants,"سجل الاطلاع",MANUAL,,,"تسميةٌ علائقيةٌ (مرجعٌ لجدولٍ آخر) — عمودٌ نصيٌّ لها يزدوج المصدر",
Financing/owners_registry.php,ownership_access_grants,المرفق,MANUAL,,,"تسميةٌ علائقيةٌ (مرجعٌ لجدولٍ آخر) — عمودٌ نصيٌّ لها يزدوج المصدر",
Financing/ownership_links.php,,الحالة,MANUAL,,,"جدولُ الشاشةِ لم يُستنبَط — لا يُقاس عمودٌ بلا جدول",
Financing/ownership_links.php,,الكيان,BOUND,entity,gov,"يبثُّه `ems_gov_ctx()` من `admin_companies` — موصولٌ سلفًا، لا عمل",
Financing/ownership_links.php,,"تاريخ الإنشاء",MANUAL,,,"جدولُ الشاشةِ لم يُستنبَط — لا يُقاس عمودٌ بلا جدول",
Financing/ownership_links.php,,"المعتمد — الاسم والصفة",MANUAL,,,"جدولُ الشاشةِ لم يُستنبَط — لا يُقاس عمودٌ بلا جدول",
Financing/ownership_links.php,,"تاريخ الاعتماد",MANUAL,,,"جدولُ الشاشةِ لم يُستنبَط — لا يُقاس عمودٌ بلا جدول",
Financing/ownership_links.php,,"مرجع التفويض",MANUAL,,,"جدولُ الشاشةِ لم يُستنبَط — لا يُقاس عمودٌ بلا جدول",
Financing/ownership_links.php,,"المرجع الأب",MANUAL,,,"جدولُ الشاشةِ لم يُستنبَط — لا يُقاس عمودٌ بلا جدول",
Financing/ownership_links.php,,المرفق,MANUAL,,,"جدولُ الشاشةِ لم يُستنبَط — لا يُقاس عمودٌ بلا جدول",
Financing/ownership_links.php,,"سجل الاطلاع",MANUAL,,,"جدولُ الشاشةِ لم يُستنبَط — لا يُقاس عمودٌ بلا جدول",
Governance/access_review.php,,الكيان,BOUND,entity,gov,"يبثُّه `ems_gov_ctx()` من `admin_companies` — موصولٌ سلفًا، لا عمل",
Governance/access_review.php,,"المعتمد — الاسم والصفة",MANUAL,,,"جدولُ الشاشةِ لم يُستنبَط — لا يُقاس عمودٌ بلا جدول",
Governance/access_review.php,,الحالة,MANUAL,,,"جدولُ الشاشةِ لم يُستنبَط — لا يُقاس عمودٌ بلا جدول",
Governance/activation_patterns.php,governance_flags,"كود النمط",MANUAL,,,"ليست في المعجم — ولا يُخترع اسمُ عمودٍ لتسميةٍ لم تُدرَس",
Governance/activation_patterns.php,governance_flags,"الكيان أو العقد",MANUAL,,,"ليست في المعجم — ولا يُخترع اسمُ عمودٍ لتسميةٍ لم تُدرَس",
Governance/activation_patterns.php,governance_flags,"نمط التفعيل",MANUAL,,,"ليست في المعجم — ولا يُخترع اسمُ عمودٍ لتسميةٍ لم تُدرَس",
Governance/activation_patterns.php,governance_flags,"العناصر المفعلة",MANUAL,,,"ليست في المعجم — ولا يُخترع اسمُ عمودٍ لتسميةٍ لم تُدرَس",
Governance/activation_patterns.php,governance_flags,"العناصر المطفأة",MANUAL,,,"ليست في المعجم — ولا يُخترع اسمُ عمودٍ لتسميةٍ لم تُدرَس",
Governance/activation_patterns.php,governance_flags,"تاريخ التفعيل",MANUAL,,,"ليست في المعجم — ولا يُخترع اسمُ عمودٍ لتسميةٍ لم تُدرَس",
Governance/activation_patterns.php,governance_flags,"تاريخ الترقية المتوقع",MANUAL,,,"ليست في المعجم — ولا يُخترع اسمُ عمودٍ لتسميةٍ لم تُدرَس",
Governance/activation_patterns.php,governance_flags,"شرط الترقية",MANUAL,,,"ليست في المعجم — ولا يُخترع اسمُ عمودٍ لتسميةٍ لم تُدرَس",
Governance/activation_patterns.php,governance_flags,اعتمده,MANUAL,approved_by,,"مشتقٌّ من `approved_by` و`governance_flags` لا يحمله — يلزم قرار",
Governance/activation_patterns.php,governance_flags,الكيان,BOUND,entity,gov,"يبثُّه `ems_gov_ctx()` من `admin_companies` — موصولٌ سلفًا، لا عمل",
Governance/activation_patterns.php,governance_flags,"مرجع التفويض",MANUAL,,,"تسميةٌ علائقيةٌ (مرجعٌ لجدولٍ آخر) — عمودٌ نصيٌّ لها يزدوج المصدر",
Governance/activation_patterns.php,governance_flags,"تاريخ الاعتماد",MANUAL,approved_at,,"مشتقٌّ من `approved_at` و`governance_flags` لا يحمله — يلزم قرار",
Governance/activation_patterns.php,governance_flags,"تاريخ الإنشاء",MANUAL,created_at,,"مشتقٌّ من `created_at` و`governance_flags` لا يحمله — يلزم قرار",
Governance/activation_patterns.php,governance_flags,"المرجع الأب",MANUAL,,,"تسميةٌ علائقيةٌ (مرجعٌ لجدولٍ آخر) — عمودٌ نصيٌّ لها يزدوج المصدر",
Governance/activation_patterns.php,governance_flags,"المنشئ — الاسم والصفة",MANUAL,created_by,,"مشتقٌّ من `created_by` و`governance_flags` لا يحمله — يلزم قرار",
Governance/activation_patterns.php,governance_flags,المرفق,MANUAL,,,"تسميةٌ علائقيةٌ (مرجعٌ لجدولٍ آخر) — عمودٌ نصيٌّ لها يزدوج المصدر",
Governance/break_glass.php,,الكيان,BOUND,entity,gov,"يبثُّه `ems_gov_ctx()` من `admin_companies` — موصولٌ سلفًا، لا عمل",
Governance/break_glass.php,,الحالة,MANUAL,,,"جدولُ الشاشةِ لم يُستنبَط — لا يُقاس عمودٌ بلا جدول",
Governance/canonical_names.php,,الكيان,BOUND,entity,gov,"يبثُّه `ems_gov_ctx()` من `admin_companies` — موصولٌ سلفًا، لا عمل",
Governance/canonical_names.php,,"المنشئ — الاسم والصفة",MANUAL,,,"جدولُ الشاشةِ لم يُستنبَط — لا يُقاس عمودٌ بلا جدول",
Governance/canonical_names.php,,"المعتمد — الاسم والصفة",MANUAL,,,"جدولُ الشاشةِ لم يُستنبَط — لا يُقاس عمودٌ بلا جدول",
Governance/canonical_names.php,,"تاريخ الاعتماد",MANUAL,,,"جدولُ الشاشةِ لم يُستنبَط — لا يُقاس عمودٌ بلا جدول",
Governance/canonical_names.php,,الحالة,MANUAL,,,"جدولُ الشاشةِ لم يُستنبَط — لا يُقاس عمودٌ بلا جدول",
Governance/doc_types.php,,الكيان,BOUND,entity,gov,"يبثُّه `ems_gov_ctx()` من `admin_companies` — موصولٌ سلفًا، لا عمل",
Governance/doc_types.php,,"المنشئ — الاسم والصفة",MANUAL,,,"جدولُ الشاشةِ لم يُستنبَط — لا يُقاس عمودٌ بلا جدول",
Governance/doc_types.php,,الحالة,MANUAL,,,"جدولُ الشاشةِ لم يُستنبَط — لا يُقاس عمودٌ بلا جدول",
Governance/entities_registry.php,entity_licenses,"كود الكيان",MANUAL,,,"ليست في المعجم — ولا يُخترع اسمُ عمودٍ لتسميةٍ لم تُدرَس",
Governance/entities_registry.php,entity_licenses,"الاسم القانوني الكامل",NEW,legal_name,text,"لا عمودَ له في `entity_licenses` — يُنشأ **اختياريًّا** (NULL)",
Governance/entities_registry.php,entity_licenses,"الشكل النظامي",NEW,legal_form,text,"لا عمودَ له في `entity_licenses` — يُنشأ **اختياريًّا** (NULL)",
Governance/entities_registry.php,entity_licenses,"بلد التسجيل",NEW,registration_country,text,"لا عمودَ له في `entity_licenses` — يُنشأ **اختياريًّا** (NULL)",
Governance/entities_registry.php,entity_licenses,"جهة التسجيل",NEW,registration_authority,text,"لا عمودَ له في `entity_licenses` — يُنشأ **اختياريًّا** (NULL)",
Governance/entities_registry.php,entity_licenses,"رقم السجل",NEW,commercial_reg_no,text,"لا عمودَ له في `entity_licenses` — يُنشأ **اختياريًّا** (NULL)",
Governance/entities_registry.php,entity_licenses,"الرقم الضريبي",NEW,tax_id,text,"لا عمودَ له في `entity_licenses` — يُنشأ **اختياريًّا** (NULL)",
Governance/entities_registry.php,entity_licenses,"العنوان المسجل",NEW,registered_address,textarea,"لا عمودَ له في `entity_licenses` — يُنشأ **اختياريًّا** (NULL)",
Governance/entities_registry.php,entity_licenses,"تاريخ التأسيس",MANUAL,,,"ليست في المعجم — ولا يُخترع اسمُ عمودٍ لتسميةٍ لم تُدرَس",
Governance/entities_registry.php,entity_licenses,"كيان مجموعة؟",MANUAL,,,"ليست في المعجم — ولا يُخترع اسمُ عمودٍ لتسميةٍ لم تُدرَس",
Governance/entities_registry.php,entity_licenses,"اكتمال الملكية",MANUAL,,,"ليست في المعجم — ولا يُخترع اسمُ عمودٍ لتسميةٍ لم تُدرَس",
Governance/entities_registry.php,entity_licenses,سجله,MANUAL,created_by,,"مشتقٌّ من `created_by` و`entity_licenses` لا يحمله — يلزم قرار",
Governance/entities_registry.php,entity_licenses,"تاريخ التسجيل",BIND,created_at,derived,"مشتقٌّ من `created_at` القائمِ في `entity_licenses` — بلا هجرة",
Governance/entities_registry.php,entity_licenses,"مرجع التفويض",MANUAL,,,"تسميةٌ علائقيةٌ (مرجعٌ لجدولٍ آخر) — عمودٌ نصيٌّ لها يزدوج المصدر",
Governance/entities_registry.php,entity_licenses,"تاريخ الاعتماد",MANUAL,approved_at,,"مشتقٌّ من `approved_at` و`entity_licenses` لا يحمله — يلزم قرار",
Governance/entities_registry.php,entity_licenses,"تاريخ الإنشاء",MANUAL,created_at,,"تسميتانِ في الشاشةِ تؤولانِ إلى `created_at` — تصادمُ مفتاحٍ يلزمه قرار",
Governance/entities_registry.php,entity_licenses,"المرجع الأب",MANUAL,,,"تسميةٌ علائقيةٌ (مرجعٌ لجدولٍ آخر) — عمودٌ نصيٌّ لها يزدوج المصدر",
Governance/entities_registry.php,entity_licenses,"المعتمد — الاسم والصفة",MANUAL,approved_by,,"مشتقٌّ من `approved_by` و`entity_licenses` لا يحمله — يلزم قرار",
Governance/entities_registry.php,entity_licenses,"سجل الاطلاع",MANUAL,,,"تسميةٌ علائقيةٌ (مرجعٌ لجدولٍ آخر) — عمودٌ نصيٌّ لها يزدوج المصدر",
Governance/entities_registry.php,entity_licenses,المرفق,MANUAL,,,"تسميةٌ علائقيةٌ (مرجعٌ لجدولٍ آخر) — عمودٌ نصيٌّ لها يزدوج المصدر",
Governance/exceptions.php,,"تاريخ الاعتماد",MANUAL,,,"جدولُ الشاشةِ لم يُستنبَط — لا يُقاس عمودٌ بلا جدول",
Governance/exceptions.php,,الحالة,MANUAL,,,"جدولُ الشاشةِ لم يُستنبَط — لا يُقاس عمودٌ بلا جدول",
Governance/exceptions.php,,الكيان,BOUND,entity,gov,"يبثُّه `ems_gov_ctx()` من `admin_companies` — موصولٌ سلفًا، لا عمل",
Governance/exceptions.php,,"المنشئ — الاسم والصفة",MANUAL,,,"جدولُ الشاشةِ لم يُستنبَط — لا يُقاس عمودٌ بلا جدول",
Governance/exceptions.php,,"تاريخ الإنشاء",MANUAL,,,"جدولُ الشاشةِ لم يُستنبَط — لا يُقاس عمودٌ بلا جدول",
Governance/exceptions.php,,"مرجع التفويض",MANUAL,,,"جدولُ الشاشةِ لم يُستنبَط — لا يُقاس عمودٌ بلا جدول",
Governance/exceptions.php,,"المرجع الأب",MANUAL,,,"جدولُ الشاشةِ لم يُستنبَط — لا يُقاس عمودٌ بلا جدول",
Governance/exceptions.php,,المرفق,MANUAL,,,"جدولُ الشاشةِ لم يُستنبَط — لا يُقاس عمودٌ بلا جدول",
Governance/gov_reports.php,cmp03_screen_rows,الكيان,BOUND,entity,gov,"يبثُّه `ems_gov_ctx()` من `admin_companies` — موصولٌ سلفًا، لا عمل",
Governance/gov_reports.php,cmp03_screen_rows,"المنشئ — الاسم والصفة",BIND,created_by,derived,"مشتقٌّ من `created_by` القائمِ في `cmp03_screen_rows` — بلا هجرة",
Governance/gov_reports.php,cmp03_screen_rows,"المعتمد — الاسم والصفة",MANUAL,approved_by,,"مشتقٌّ من `approved_by` و`cmp03_screen_rows` لا يحمله — يلزم قرار",
Governance/gov_reports.php,cmp03_screen_rows,"مرجع التفويض",MANUAL,,,"تسميةٌ علائقيةٌ (مرجعٌ لجدولٍ آخر) — عمودٌ نصيٌّ لها يزدوج المصدر",
Governance/gov_reports.php,cmp03_screen_rows,"المرجع الأب",MANUAL,,,"تسميةٌ علائقيةٌ (مرجعٌ لجدولٍ آخر) — عمودٌ نصيٌّ لها يزدوج المصدر",
Governance/gov_reports.php,cmp03_screen_rows,"تاريخ الإنشاء",BIND,created_at,derived,"مشتقٌّ من `created_at` القائمِ في `cmp03_screen_rows` — بلا هجرة",
Governance/gov_reports.php,cmp03_screen_rows,"تاريخ الاعتماد",MANUAL,approved_at,,"مشتقٌّ من `approved_at` و`cmp03_screen_rows` لا يحمله — يلزم قرار",
Governance/gov_reports.php,cmp03_screen_rows,الحالة,BIND,status,derived,"مشتقٌّ من `status` القائمِ في `cmp03_screen_rows` — بلا هجرة",
Governance/guard_denials.php,guard_denials,الحالة,MANUAL,status,,"مشتقٌّ من `status` و`guard_denials` لا يحمله — يلزم قرار",
Governance/guard_denials.php,guard_denials,الكيان,BOUND,entity,gov,"يبثُّه `ems_gov_ctx()` من `admin_companies` — موصولٌ سلفًا، لا عمل",
Governance/guards.php,,الحالة,MANUAL,,,"جدولُ الشاشةِ لم يُستنبَط — لا يُقاس عمودٌ بلا جدول",
Governance/guards.php,,الكيان,BOUND,entity,gov,"يبثُّه `ems_gov_ctx()` من `admin_companies` — موصولٌ سلفًا، لا عمل",
Governance/guards.php,,"المنشئ — الاسم والصفة",MANUAL,,,"جدولُ الشاشةِ لم يُستنبَط — لا يُقاس عمودٌ بلا جدول",
Governance/guards.php,,"تاريخ الإنشاء",MANUAL,,,"جدولُ الشاشةِ لم يُستنبَط — لا يُقاس عمودٌ بلا جدول",
Governance/guards.php,,"المعتمد — الاسم والصفة",MANUAL,,,"جدولُ الشاشةِ لم يُستنبَط — لا يُقاس عمودٌ بلا جدول",
Governance/guards.php,,"تاريخ الاعتماد",MANUAL,,,"جدولُ الشاشةِ لم يُستنبَط — لا يُقاس عمودٌ بلا جدول",
Governance/guards.php,,"مرجع التفويض",MANUAL,,,"جدولُ الشاشةِ لم يُستنبَط — لا يُقاس عمودٌ بلا جدول",
Governance/guards.php,,"المرجع الأب",MANUAL,,,"جدولُ الشاشةِ لم يُستنبَط — لا يُقاس عمودٌ بلا جدول",
Governance/guards.php,,المرفق,MANUAL,,,"جدولُ الشاشةِ لم يُستنبَط — لا يُقاس عمودٌ بلا جدول",
Governance/licenses_guarantees.php,entity_licenses,"الرقم أو المرجع",MANUAL,,,"ليست في المعجم — ولا يُخترع اسمُ عمودٍ لتسميةٍ لم تُدرَس",
Governance/licenses_guarantees.php,entity_licenses,المستفيد,MANUAL,,,"ليست في المعجم — ولا يُخترع اسمُ عمودٍ لتسميةٍ لم تُدرَس",
Governance/licenses_guarantees.php,entity_licenses,"تاريخ الإصدار",BIND,issue_date,existing,"`issue_date` قائمٌ في `entity_licenses` — وصلٌ بلا هجرة",
Governance/licenses_guarantees.php,entity_licenses,"المدة المتبقية",MANUAL,,,"ليست في المعجم — ولا يُخترع اسمُ عمودٍ لتسميةٍ لم تُدرَس",
Governance/licenses_guarantees.php,entity_licenses,"شرط التمديد التلقائي",MANUAL,,,"ليست في المعجم — ولا يُخترع اسمُ عمودٍ لتسميةٍ لم تُدرَس",
Governance/licenses_guarantees.php,entity_licenses,الرسوم,MANUAL,,,"ليست في المعجم — ولا يُخترع اسمُ عمودٍ لتسميةٍ لم تُدرَس",
Governance/licenses_guarantees.php,entity_licenses,"حالة الرد أو المصادرة",MANUAL,,,"ليست في المعجم — ولا يُخترع اسمُ عمودٍ لتسميةٍ لم تُدرَس",
Governance/licenses_guarantees.php,entity_licenses,المسؤول,NEW,responsible,text,"لا عمودَ له في `entity_licenses` — يُنشأ **اختياريًّا** (NULL)",
Governance/licenses_guarantees.php,entity_licenses,"مرجع التفويض",MANUAL,,,"تسميةٌ علائقيةٌ (مرجعٌ لجدولٍ آخر) — عمودٌ نصيٌّ لها يزدوج المصدر",
Governance/licenses_guarantees.php,entity_licenses,"تاريخ الاعتماد",MANUAL,approved_at,,"مشتقٌّ من `approved_at` و`entity_licenses` لا يحمله — يلزم قرار",
Governance/licenses_guarantees.php,entity_licenses,"تاريخ الإنشاء",BIND,created_at,derived,"مشتقٌّ من `created_at` القائمِ في `entity_licenses` — بلا هجرة",
Governance/licenses_guarantees.php,entity_licenses,"المنشئ — الاسم والصفة",MANUAL,created_by,,"مشتقٌّ من `created_by` و`entity_licenses` لا يحمله — يلزم قرار",
Governance/licenses_guarantees.php,entity_licenses,"المعتمد — الاسم والصفة",MANUAL,approved_by,,"مشتقٌّ من `approved_by` و`entity_licenses` لا يحمله — يلزم قرار",
Governance/licenses_guarantees.php,entity_licenses,المرفق,MANUAL,,,"تسميةٌ علائقيةٌ (مرجعٌ لجدولٍ آخر) — عمودٌ نصيٌّ لها يزدوج المصدر",
Governance/licenses_guarantees.php,entity_licenses,"مركز التكلفة",MANUAL,,,"تسميةٌ علائقيةٌ (مرجعٌ لجدولٍ آخر) — عمودٌ نصيٌّ لها يزدوج المصدر",
Governance/licenses_guarantees.php,entity_licenses,"سعر الصرف ومصدره",MANUAL,,,"تسميةٌ علائقيةٌ (مرجعٌ لجدولٍ آخر) — عمودٌ نصيٌّ لها يزدوج المصدر",
Governance/licenses_guarantees.php,entity_licenses,العملة,MANUAL,,,"تسميةٌ علائقيةٌ (مرجعٌ لجدولٍ آخر) — عمودٌ نصيٌّ لها يزدوج المصدر",
Governance/ownership_grants.php,ownership_access_grants,الكيان,BOUND,entity,gov,"يبثُّه `ems_gov_ctx()` من `admin_companies` — موصولٌ سلفًا، لا عمل",
Governance/ownership_grants.php,ownership_access_grants,"المنشئ — الاسم والصفة",MANUAL,created_by,,"مشتقٌّ من `created_by` و`ownership_access_grants` لا يحمله — يلزم قرار",
Governance/ownership_grants.php,ownership_access_grants,"المعتمد — الاسم والصفة",MANUAL,approved_by,,"مشتقٌّ من `approved_by` و`ownership_access_grants` لا يحمله — يلزم قرار",
Governance/ownership_grants.php,ownership_access_grants,"مرجع التفويض",MANUAL,,,"تسميةٌ علائقيةٌ (مرجعٌ لجدولٍ آخر) — عمودٌ نصيٌّ لها يزدوج المصدر",
Governance/ownership_grants.php,ownership_access_grants,"المرجع الأب",MANUAL,,,"تسميةٌ علائقيةٌ (مرجعٌ لجدولٍ آخر) — عمودٌ نصيٌّ لها يزدوج المصدر",
Governance/ownership_grants.php,ownership_access_grants,"تاريخ الإنشاء",BIND,created_at,derived,"مشتقٌّ من `created_at` القائمِ في `ownership_access_grants` — بلا هجرة",
Governance/ownership_grants.php,ownership_access_grants,"تاريخ الاعتماد",MANUAL,approved_at,,"مشتقٌّ من `approved_at` و`ownership_access_grants` لا يحمله — يلزم قرار",
Governance/perm_explain.php,roles,الكيان,BOUND,entity,gov,"يبثُّه `ems_gov_ctx()` من `admin_companies` — موصولٌ سلفًا، لا عمل",
Governance/portal_users.php,,الكيان,BOUND,entity,gov,"يبثُّه `ems_gov_ctx()` من `admin_companies` — موصولٌ سلفًا، لا عمل",
Governance/portal_users.php,,"تاريخ الإنشاء",MANUAL,,,"جدولُ الشاشةِ لم يُستنبَط — لا يُقاس عمودٌ بلا جدول",
Governance/portal_users.php,,الحالة,MANUAL,,,"جدولُ الشاشةِ لم يُستنبَط — لا يُقاس عمودٌ بلا جدول",
Governance/portal_users.php,,"المعتمد — الاسم والصفة",MANUAL,,,"جدولُ الشاشةِ لم يُستنبَط — لا يُقاس عمودٌ بلا جدول",
Governance/portal_users.php,,"تاريخ الاعتماد",MANUAL,,,"جدولُ الشاشةِ لم يُستنبَط — لا يُقاس عمودٌ بلا جدول",
Governance/portal_users.php,,"مرجع التفويض",MANUAL,,,"جدولُ الشاشةِ لم يُستنبَط — لا يُقاس عمودٌ بلا جدول",
Governance/portal_users.php,,"المرجع الأب",MANUAL,,,"جدولُ الشاشةِ لم يُستنبَط — لا يُقاس عمودٌ بلا جدول",
Governance/portal_users.php,,المرفق,MANUAL,,,"جدولُ الشاشةِ لم يُستنبَط — لا يُقاس عمودٌ بلا جدول",
Governance/portal_users.php,,"سجل الاطلاع",MANUAL,,,"جدولُ الشاشةِ لم يُستنبَط — لا يُقاس عمودٌ بلا جدول",
Governance/sensitive_fields.php,,الكيان,BOUND,entity,gov,"يبثُّه `ems_gov_ctx()` من `admin_companies` — موصولٌ سلفًا، لا عمل",
Governance/sensitive_fields.php,,"المنشئ — الاسم والصفة",MANUAL,,,"جدولُ الشاشةِ لم يُستنبَط — لا يُقاس عمودٌ بلا جدول",
Governance/sensitive_fields.php,,"المعتمد — الاسم والصفة",MANUAL,,,"جدولُ الشاشةِ لم يُستنبَط — لا يُقاس عمودٌ بلا جدول",
Governance/sensitive_fields.php,,"تاريخ الاعتماد",MANUAL,,,"جدولُ الشاشةِ لم يُستنبَط — لا يُقاس عمودٌ بلا جدول",
Governance/sensitive_fields.php,,الحالة,MANUAL,,,"جدولُ الشاشةِ لم يُستنبَط — لا يُقاس عمودٌ بلا جدول",
Governance/signing_authority.php,signing_authorities,"رقم التفويض",MANUAL,,,"ليست في المعجم — ولا يُخترع اسمُ عمودٍ لتسميةٍ لم تُدرَس",
Governance/signing_authority.php,signing_authorities,صفته,MANUAL,,,"ليست في المعجم — ولا يُخترع اسمُ عمودٍ لتسميةٍ لم تُدرَس",
Governance/signing_authority.php,signing_authorities,"توقيع مشترك مطلوب؟",MANUAL,,,"ليست في المعجم — ولا يُخترع اسمُ عمودٍ لتسميةٍ لم تُدرَس",
Governance/signing_authority.php,signing_authorities,"من تاريخ",NEW,date_from,date,"لا عمودَ له في `signing_authorities` — يُنشأ **اختياريًّا** (NULL)",
Governance/signing_authority.php,signing_authorities,"إلى تاريخ",NEW,date_to,date,"لا عمودَ له في `signing_authorities` — يُنشأ **اختياريًّا** (NULL)",
Governance/signing_authority.php,signing_authorities,"جهة التصديق",MANUAL,,,"ليست في المعجم — ولا يُخترع اسمُ عمودٍ لتسميةٍ لم تُدرَس",
Governance/signing_authority.php,signing_authorities,أصدره,BIND,created_by,derived,"مشتقٌّ من `created_by` القائمِ في `signing_authorities` — بلا هجرة",
Governance/signing_authority.php,signing_authorities,الكيان,BOUND,entity,gov,"يبثُّه `ems_gov_ctx()` من `admin_companies` — موصولٌ سلفًا، لا عمل",
Governance/signing_authority.php,signing_authorities,"مرجع التفويض",MANUAL,,,"تسميةٌ علائقيةٌ (مرجعٌ لجدولٍ آخر) — عمودٌ نصيٌّ لها يزدوج المصدر",
Governance/signing_authority.php,signing_authorities,"تاريخ الاعتماد",MANUAL,approved_at,,"مشتقٌّ من `approved_at` و`signing_authorities` لا يحمله — يلزم قرار",
Governance/signing_authority.php,signing_authorities,"تاريخ الإنشاء",BIND,created_at,derived,"مشتقٌّ من `created_at` القائمِ في `signing_authorities` — بلا هجرة",
Governance/signing_authority.php,signing_authorities,"المرجع الأب",MANUAL,,,"تسميةٌ علائقيةٌ (مرجعٌ لجدولٍ آخر) — عمودٌ نصيٌّ لها يزدوج المصدر",
Governance/signing_authority.php,signing_authorities,"المعتمد — الاسم والصفة",MANUAL,approved_by,,"مشتقٌّ من `approved_by` و`signing_authorities` لا يحمله — يلزم قرار",
Governance/signing_authority.php,signing_authorities,المرفق,MANUAL,,,"تسميةٌ علائقيةٌ (مرجعٌ لجدولٍ آخر) — عمودٌ نصيٌّ لها يزدوج المصدر",
Governance/signing_authority.php,signing_authorities,العملة,MANUAL,,,"تسميةٌ علائقيةٌ (مرجعٌ لجدولٍ آخر) — عمودٌ نصيٌّ لها يزدوج المصدر",
Governance/state_machines.php,,الكيان,BOUND,entity,gov,"يبثُّه `ems_gov_ctx()` من `admin_companies` — موصولٌ سلفًا، لا عمل",
Governance/state_machines.php,,"المنشئ — الاسم والصفة",MANUAL,,,"جدولُ الشاشةِ لم يُستنبَط — لا يُقاس عمودٌ بلا جدول",
Governance/state_machines.php,,الحالة,MANUAL,,,"جدولُ الشاشةِ لم يُستنبَط — لا يُقاس عمودٌ بلا جدول",
Maintenance/equipment_hours_preventive.php,unit_entries,الكيان,BOUND,entity,gov,"يبثُّه `ems_gov_ctx()` من `admin_companies` — موصولٌ سلفًا، لا عمل",
Maintenance/equipment_hours_preventive.php,unit_entries,"المنشئ — الاسم والصفة",MANUAL,created_by,,"مشتقٌّ من `created_by` و`unit_entries` لا يحمله — يلزم قرار",
Maintenance/equipment_hours_preventive.php,unit_entries,"المعتمد — الاسم والصفة",MANUAL,approved_by,,"مشتقٌّ من `approved_by` و`unit_entries` لا يحمله — يلزم قرار",
Maintenance/equipment_hours_preventive.php,unit_entries,"مرجع التفويض",MANUAL,,,"تسميةٌ علائقيةٌ (مرجعٌ لجدولٍ آخر) — عمودٌ نصيٌّ لها يزدوج المصدر",
Maintenance/equipment_hours_preventive.php,unit_entries,"المرجع الأب",MANUAL,,,"تسميةٌ علائقيةٌ (مرجعٌ لجدولٍ آخر) — عمودٌ نصيٌّ لها يزدوج المصدر",
Maintenance/equipment_hours_preventive.php,unit_entries,"تاريخ الإنشاء",BIND,created_at,derived,"مشتقٌّ من `created_at` القائمِ في `unit_entries` — بلا هجرة",
Maintenance/equipment_hours_preventive.php,unit_entries,"تاريخ الاعتماد",MANUAL,approved_at,,"مشتقٌّ من `approved_at` و`unit_entries` لا يحمله — يلزم قرار",
Maintenance/failure_report.php,mnt_order,الكيان,BOUND,entity,gov,"يبثُّه `ems_gov_ctx()` من `admin_companies` — موصولٌ سلفًا، لا عمل",
Maintenance/failure_report.php,mnt_order,"المنشئ — الاسم والصفة",BIND,created_by,derived,"مشتقٌّ من `created_by` القائمِ في `mnt_order` — بلا هجرة",
Maintenance/failure_report.php,mnt_order,"المعتمد — الاسم والصفة",MANUAL,approved_by,,"مشتقٌّ من `approved_by` و`mnt_order` لا يحمله — يلزم قرار",
Maintenance/failure_report.php,mnt_order,"مرجع التفويض",MANUAL,,,"تسميةٌ علائقيةٌ (مرجعٌ لجدولٍ آخر) — عمودٌ نصيٌّ لها يزدوج المصدر",
Maintenance/failure_report.php,mnt_order,"المرجع الأب",MANUAL,,,"تسميةٌ علائقيةٌ (مرجعٌ لجدولٍ آخر) — عمودٌ نصيٌّ لها يزدوج المصدر",
Maintenance/failure_report.php,mnt_order,"تاريخ الإنشاء",BIND,created_at,derived,"مشتقٌّ من `created_at` القائمِ في `mnt_order` — بلا هجرة",
Maintenance/failure_report.php,mnt_order,"تاريخ الاعتماد",MANUAL,approved_at,,"مشتقٌّ من `approved_at` و`mnt_order` لا يحمله — يلزم قرار",
Maintenance/failure_report.php,mnt_order,الحالة,MANUAL,status,,"مشتقٌّ من `status` و`mnt_order` لا يحمله — يلزم قرار",
Maintenance/inspections.php,equipments,"رقم التفتيش",MANUAL,,,"ليست في المعجم — ولا يُخترع اسمُ عمودٍ لتسميةٍ لم تُدرَس",
Maintenance/inspections.php,equipments,"كود المعدة",MANUAL,,,"تسميةٌ علائقيةٌ (مرجعٌ لجدولٍ آخر) — عمودٌ نصيٌّ لها يزدوج المصدر",
Maintenance/inspections.php,equipments,الموقع,NEW,location,text,"لا عمودَ له في `equipments` — يُنشأ **اختياريًّا** (NULL)",
Maintenance/inspections.php,equipments,"قراءة العداد",MANUAL,,,"ليست في المعجم — ولا يُخترع اسمُ عمودٍ لتسميةٍ لم تُدرَس",
Maintenance/inspections.php,equipments,"عدد البنود المفحوصة",MANUAL,,,"ليست في المعجم — ولا يُخترع اسمُ عمودٍ لتسميةٍ لم تُدرَس",
Maintenance/inspections.php,equipments,"بنود سليمة",MANUAL,,,"ليست في المعجم — ولا يُخترع اسمُ عمودٍ لتسميةٍ لم تُدرَس",
Maintenance/inspections.php,equipments,"بنود ملاحظة",MANUAL,,,"ليست في المعجم — ولا يُخترع اسمُ عمودٍ لتسميةٍ لم تُدرَس",
Maintenance/inspections.php,equipments,"بنود حرجة",MANUAL,,,"ليست في المعجم — ولا يُخترع اسمُ عمودٍ لتسميةٍ لم تُدرَس",
Maintenance/inspections.php,equipments,"قرار التشغيل",MANUAL,,,"ليست في المعجم — ولا يُخترع اسمُ عمودٍ لتسميةٍ لم تُدرَس",
Maintenance/inspections.php,equipments,"سريان القرار حتى",MANUAL,,,"ليست في المعجم — ولا يُخترع اسمُ عمودٍ لتسميةٍ لم تُدرَس",
Maintenance/inspections.php,equipments,التوصيات,MANUAL,,,"ليست في المعجم — ولا يُخترع اسمُ عمودٍ لتسميةٍ لم تُدرَس",
Maintenance/inspections.php,equipments,الفني,MANUAL,,,"ليست في المعجم — ولا يُخترع اسمُ عمودٍ لتسميةٍ لم تُدرَس",
Maintenance/inspections.php,equipments,اعتمده,MANUAL,approved_by,,"مشتقٌّ من `approved_by` و`equipments` لا يحمله — يلزم قرار",
Maintenance/inspections.php,equipments,الكيان,BOUND,entity,gov,"يبثُّه `ems_gov_ctx()` من `admin_companies` — موصولٌ سلفًا، لا عمل",
Maintenance/inspections.php,equipments,"تاريخ الاعتماد",MANUAL,approved_at,,"مشتقٌّ من `approved_at` و`equipments` لا يحمله — يلزم قرار",
Maintenance/inspections.php,equipments,"تاريخ الإنشاء",BIND,created_at,derived,"مشتقٌّ من `created_at` القائمِ في `equipments` — بلا هجرة",
Maintenance/inspections.php,equipments,"المرجع الأب",MANUAL,,,"تسميةٌ علائقيةٌ (مرجعٌ لجدولٍ آخر) — عمودٌ نصيٌّ لها يزدوج المصدر",
Maintenance/inspections.php,equipments,"المنشئ — الاسم والصفة",BIND,created_by,derived,"مشتقٌّ من `created_by` القائمِ في `equipments` — بلا هجرة",
Maintenance/inspections.php,equipments,المرفق,MANUAL,,,"تسميةٌ علائقيةٌ (مرجعٌ لجدولٍ آخر) — عمودٌ نصيٌّ لها يزدوج المصدر",
Maintenance/master_data.php,,الكيان,BOUND,entity,gov,"يبثُّه `ems_gov_ctx()` من `admin_companies` — موصولٌ سلفًا، لا عمل",
Maintenance/master_data.php,,"المنشئ — الاسم والصفة",MANUAL,,,"جدولُ الشاشةِ لم يُستنبَط — لا يُقاس عمودٌ بلا جدول",
Maintenance/master_data.php,,"المعتمد — الاسم والصفة",MANUAL,,,"جدولُ الشاشةِ لم يُستنبَط — لا يُقاس عمودٌ بلا جدول",
Maintenance/master_data.php,,"مرجع التفويض",MANUAL,,,"جدولُ الشاشةِ لم يُستنبَط — لا يُقاس عمودٌ بلا جدول",
Maintenance/master_data.php,,"المرجع الأب",MANUAL,,,"جدولُ الشاشةِ لم يُستنبَط — لا يُقاس عمودٌ بلا جدول",
Maintenance/master_data.php,,"تاريخ الإنشاء",MANUAL,,,"جدولُ الشاشةِ لم يُستنبَط — لا يُقاس عمودٌ بلا جدول",
Maintenance/master_data.php,,"تاريخ الاعتماد",MANUAL,,,"جدولُ الشاشةِ لم يُستنبَط — لا يُقاس عمودٌ بلا جدول",
Maintenance/master_data.php,,الحالة,MANUAL,,,"جدولُ الشاشةِ لم يُستنبَط — لا يُقاس عمودٌ بلا جدول",
Maintenance/orders.php,mnt_order,"رقم الأمر",MANUAL,,,"ليست في المعجم — ولا يُخترع اسمُ عمودٍ لتسميةٍ لم تُدرَس",
Maintenance/orders.php,mnt_order,"تاريخ الفتح",MANUAL,,,"ليست في المعجم — ولا يُخترع اسمُ عمودٍ لتسميةٍ لم تُدرَس",
Maintenance/orders.php,mnt_order,الموقع,NEW,location,text,"لا عمودَ له في `mnt_order` — يُنشأ **اختياريًّا** (NULL)",
Maintenance/orders.php,mnt_order,"التشخيص الفني",MANUAL,,,"ليست في المعجم — ولا يُخترع اسمُ عمودٍ لتسميةٍ لم تُدرَس",
Maintenance/orders.php,mnt_order,"قراءة العداد",MANUAL,,,"ليست في المعجم — ولا يُخترع اسمُ عمودٍ لتسميةٍ لم تُدرَس",
Maintenance/orders.php,mnt_order,الأولوية,MANUAL,,,"ليست في المعجم — ولا يُخترع اسمُ عمودٍ لتسميةٍ لم تُدرَس",
Maintenance/orders.php,mnt_order,"الفني المكلف",MANUAL,,,"ليست في المعجم — ولا يُخترع اسمُ عمودٍ لتسميةٍ لم تُدرَس",
Maintenance/orders.php,mnt_order,"تكلفة القطع",MANUAL,,,"ليست في المعجم — ولا يُخترع اسمُ عمودٍ لتسميةٍ لم تُدرَس",
Maintenance/orders.php,mnt_order,"الطرف المتحمل",MANUAL,,,"ليست في المعجم — ولا يُخترع اسمُ عمودٍ لتسميةٍ لم تُدرَس",
Maintenance/orders.php,mnt_order,"ساعات التوقف",MANUAL,,,"ليست في المعجم — ولا يُخترع اسمُ عمودٍ لتسميةٍ لم تُدرَس",
Maintenance/orders.php,mnt_order,"تاريخ الإقفال",MANUAL,,,"ليست في المعجم — ولا يُخترع اسمُ عمودٍ لتسميةٍ لم تُدرَس",
Maintenance/orders.php,mnt_order,"نتيجة الفحص النهائي",MANUAL,,,"ليست في المعجم — ولا يُخترع اسمُ عمودٍ لتسميةٍ لم تُدرَس",
Maintenance/orders.php,mnt_order,أصدره,BIND,created_by,derived,"مشتقٌّ من `created_by` القائمِ في `mnt_order` — بلا هجرة",
Maintenance/orders.php,mnt_order,اعتمده,MANUAL,approved_by,,"مشتقٌّ من `approved_by` و`mnt_order` لا يحمله — يلزم قرار",
Maintenance/orders.php,mnt_order,الكيان,BOUND,entity,gov,"يبثُّه `ems_gov_ctx()` من `admin_companies` — موصولٌ سلفًا، لا عمل",
Maintenance/orders.php,mnt_order,"تاريخ الاعتماد",MANUAL,approved_at,,"مشتقٌّ من `approved_at` و`mnt_order` لا يحمله — يلزم قرار",
Maintenance/orders.php,mnt_order,"تاريخ الإنشاء",BIND,created_at,derived,"مشتقٌّ من `created_at` القائمِ في `mnt_order` — بلا هجرة",
Maintenance/orders.php,mnt_order,"المرجع الأب",MANUAL,,,"تسميةٌ علائقيةٌ (مرجعٌ لجدولٍ آخر) — عمودٌ نصيٌّ لها يزدوج المصدر",
Maintenance/orders.php,mnt_order,"مفتاح منع التكرار",MANUAL,,,"تسميةٌ علائقيةٌ (مرجعٌ لجدولٍ آخر) — عمودٌ نصيٌّ لها يزدوج المصدر",
Maintenance/orders.php,mnt_order,"معكوس ب",MANUAL,,,"تسميةٌ علائقيةٌ (مرجعٌ لجدولٍ آخر) — عمودٌ نصيٌّ لها يزدوج المصدر",
Maintenance/orders.php,mnt_order,"عكس عن",MANUAL,,,"تسميةٌ علائقيةٌ (مرجعٌ لجدولٍ آخر) — عمودٌ نصيٌّ لها يزدوج المصدر",
Maintenance/orders.php,mnt_order,"درجة الأثر",MANUAL,,,"تسميةٌ علائقيةٌ (مرجعٌ لجدولٍ آخر) — عمودٌ نصيٌّ لها يزدوج المصدر",
Maintenance/orders.php,mnt_order,المرفق,MANUAL,,,"تسميةٌ علائقيةٌ (مرجعٌ لجدولٍ آخر) — عمودٌ نصيٌّ لها يزدوج المصدر",
Maintenance/orders.php,mnt_order,"مركز التكلفة",MANUAL,,,"تسميةٌ علائقيةٌ (مرجعٌ لجدولٍ آخر) — عمودٌ نصيٌّ لها يزدوج المصدر",
Maintenance/orders.php,mnt_order,"سعر الصرف ومصدره",MANUAL,,,"تسميةٌ علائقيةٌ (مرجعٌ لجدولٍ آخر) — عمودٌ نصيٌّ لها يزدوج المصدر",
Maintenance/preventive_plans.php,mnt_order,"نوع الخدمة",MANUAL,,,"ليست في المعجم — ولا يُخترع اسمُ عمودٍ لتسميةٍ لم تُدرَس",
Maintenance/preventive_plans.php,mnt_order,"دورية الساعات",MANUAL,,,"ليست في المعجم — ولا يُخترع اسمُ عمودٍ لتسميةٍ لم تُدرَس",
Maintenance/preventive_plans.php,mnt_order,"العداد عند آخر خدمة",MANUAL,,,"ليست في المعجم — ولا يُخترع اسمُ عمودٍ لتسميةٍ لم تُدرَس",
Maintenance/preventive_plans.php,mnt_order,"العداد الحالي",MANUAL,,,"ليست في المعجم — ولا يُخترع اسمُ عمودٍ لتسميةٍ لم تُدرَس",
Maintenance/preventive_plans.php,mnt_order,"الساعات المتبقية",MANUAL,,,"ليست في المعجم — ولا يُخترع اسمُ عمودٍ لتسميةٍ لم تُدرَس",
Maintenance/preventive_plans.php,mnt_order,"القطع المطلوبة",MANUAL,,,"ليست في المعجم — ولا يُخترع اسمُ عمودٍ لتسميةٍ لم تُدرَس",
Maintenance/preventive_plans.php,mnt_order,الكمية,MANUAL,,,"ليست في المعجم — ولا يُخترع اسمُ عمودٍ لتسميةٍ لم تُدرَس",
Maintenance/preventive_plans.php,mnt_order,"حالة توفر القطع",MANUAL,,,"ليست في المعجم — ولا يُخترع اسمُ عمودٍ لتسميةٍ لم تُدرَس",
Maintenance/preventive_plans.php,mnt_order,"أمر العمل المولد",MANUAL,,,"ليست في المعجم — ولا يُخترع اسمُ عمودٍ لتسميةٍ لم تُدرَس",
Maintenance/preventive_plans.php,mnt_order,المسؤول,NEW,responsible,text,"لا عمودَ له في `mnt_order` — يُنشأ **اختياريًّا** (NULL)",
Maintenance/preventive_plans.php,mnt_order,الكيان,BOUND,entity,gov,"يبثُّه `ems_gov_ctx()` من `admin_companies` — موصولٌ سلفًا، لا عمل",
Maintenance/preventive_plans.php,mnt_order,"تاريخ الاعتماد",MANUAL,approved_at,,"مشتقٌّ من `approved_at` و`mnt_order` لا يحمله — يلزم قرار",
Maintenance/preventive_plans.php,mnt_order,"تاريخ الإنشاء",BIND,created_at,derived,"مشتقٌّ من `created_at` القائمِ في `mnt_order` — بلا هجرة",
Maintenance/preventive_plans.php,mnt_order,"المرجع الأب",MANUAL,,,"تسميةٌ علائقيةٌ (مرجعٌ لجدولٍ آخر) — عمودٌ نصيٌّ لها يزدوج المصدر",
Maintenance/preventive_plans.php,mnt_order,"المنشئ — الاسم والصفة",BIND,created_by,derived,"مشتقٌّ من `created_by` القائمِ في `mnt_order` — بلا هجرة",
Maintenance/preventive_plans.php,mnt_order,"المعتمد — الاسم والصفة",MANUAL,approved_by,,"مشتقٌّ من `approved_by` و`mnt_order` لا يحمله — يلزم قرار",
Maintenance/preventive_plans.php,mnt_order,المرفق,MANUAL,,,"تسميةٌ علائقيةٌ (مرجعٌ لجدولٍ آخر) — عمودٌ نصيٌّ لها يزدوج المصدر",
Maintenance/preventive_plans.php,mnt_order,"مركز التكلفة",MANUAL,,,"تسميةٌ علائقيةٌ (مرجعٌ لجدولٍ آخر) — عمودٌ نصيٌّ لها يزدوج المصدر",
Maintenance/preventive_plans.php,mnt_order,"سعر الصرف ومصدره",MANUAL,,,"تسميةٌ علائقيةٌ (مرجعٌ لجدولٍ آخر) — عمودٌ نصيٌّ لها يزدوج المصدر",
Maintenance/return_to_service.php,mnt_order,الكيان,BOUND,entity,gov,"يبثُّه `ems_gov_ctx()` من `admin_companies` — موصولٌ سلفًا، لا عمل",
Maintenance/return_to_service.php,mnt_order,"المنشئ — الاسم والصفة",BIND,created_by,derived,"مشتقٌّ من `created_by` القائمِ في `mnt_order` — بلا هجرة",
Maintenance/return_to_service.php,mnt_order,"المعتمد — الاسم والصفة",MANUAL,approved_by,,"مشتقٌّ من `approved_by` و`mnt_order` لا يحمله — يلزم قرار",
Maintenance/return_to_service.php,mnt_order,"مرجع التفويض",MANUAL,,,"تسميةٌ علائقيةٌ (مرجعٌ لجدولٍ آخر) — عمودٌ نصيٌّ لها يزدوج المصدر",
Maintenance/return_to_service.php,mnt_order,"المرجع الأب",MANUAL,,,"تسميةٌ علائقيةٌ (مرجعٌ لجدولٍ آخر) — عمودٌ نصيٌّ لها يزدوج المصدر",
Maintenance/return_to_service.php,mnt_order,"تاريخ الإنشاء",BIND,created_at,derived,"مشتقٌّ من `created_at` القائمِ في `mnt_order` — بلا هجرة",
Maintenance/return_to_service.php,mnt_order,"تاريخ الاعتماد",MANUAL,approved_at,,"مشتقٌّ من `approved_at` و`mnt_order` لا يحمله — يلزم قرار",
Maintenance/return_to_service.php,mnt_order,الحالة,MANUAL,status,,"مشتقٌّ من `status` و`mnt_order` لا يحمله — يلزم قرار",
Maintenance/workshop.php,,الحالة,MANUAL,,,"جدولُ الشاشةِ لم يُستنبَط — لا يُقاس عمودٌ بلا جدول",
Maintenance/workshop.php,,الكيان,BOUND,entity,gov,"يبثُّه `ems_gov_ctx()` من `admin_companies` — موصولٌ سلفًا، لا عمل",
Maintenance/workshop.php,,"تاريخ الإنشاء",MANUAL,,,"جدولُ الشاشةِ لم يُستنبَط — لا يُقاس عمودٌ بلا جدول",
Maintenance/workshop.php,,"المعتمد — الاسم والصفة",MANUAL,,,"جدولُ الشاشةِ لم يُستنبَط — لا يُقاس عمودٌ بلا جدول",
Maintenance/workshop.php,,"تاريخ الاعتماد",MANUAL,,,"جدولُ الشاشةِ لم يُستنبَط — لا يُقاس عمودٌ بلا جدول",
Maintenance/workshop.php,,"مرجع التفويض",MANUAL,,,"جدولُ الشاشةِ لم يُستنبَط — لا يُقاس عمودٌ بلا جدول",
Maintenance/workshop.php,,"المرجع الأب",MANUAL,,,"جدولُ الشاشةِ لم يُستنبَط — لا يُقاس عمودٌ بلا جدول",
Maintenance/workshop.php,,المرفق,MANUAL,,,"جدولُ الشاشةِ لم يُستنبَط — لا يُقاس عمودٌ بلا جدول",
Maintenance/workshop.php,,"مركز التكلفة",MANUAL,,,"جدولُ الشاشةِ لم يُستنبَط — لا يُقاس عمودٌ بلا جدول",
Maintenance/workshop.php,,"سعر الصرف ومصدره",MANUAL,,,"جدولُ الشاشةِ لم يُستنبَط — لا يُقاس عمودٌ بلا جدول",
Operations/attendance.php,,الحالة,MANUAL,,,"جدولُ الشاشةِ لم يُستنبَط — لا يُقاس عمودٌ بلا جدول",
Operations/attendance.php,,الكيان,BOUND,entity,gov,"يبثُّه `ems_gov_ctx()` من `admin_companies` — موصولٌ سلفًا، لا عمل",
Operations/attendance.php,,"تاريخ الإنشاء",MANUAL,,,"جدولُ الشاشةِ لم يُستنبَط — لا يُقاس عمودٌ بلا جدول",
Operations/attendance.php,,"المعتمد — الاسم والصفة",MANUAL,,,"جدولُ الشاشةِ لم يُستنبَط — لا يُقاس عمودٌ بلا جدول",
Operations/attendance.php,,"تاريخ الاعتماد",MANUAL,,,"جدولُ الشاشةِ لم يُستنبَط — لا يُقاس عمودٌ بلا جدول",
Operations/attendance.php,,"مرجع التفويض",MANUAL,,,"جدولُ الشاشةِ لم يُستنبَط — لا يُقاس عمودٌ بلا جدول",
Operations/attendance.php,,"المرجع الأب",MANUAL,,,"جدولُ الشاشةِ لم يُستنبَط — لا يُقاس عمودٌ بلا جدول",
Operations/attendance.php,,"مركز التكلفة",MANUAL,,,"جدولُ الشاشةِ لم يُستنبَط — لا يُقاس عمودٌ بلا جدول",
Operations/attendance.php,,"سعر الصرف ومصدره",MANUAL,,,"جدولُ الشاشةِ لم يُستنبَط — لا يُقاس عمودٌ بلا جدول",
Operations/attendance.php,,"سجل الاطلاع",MANUAL,,,"جدولُ الشاشةِ لم يُستنبَط — لا يُقاس عمودٌ بلا جدول",
Operations/containers.php,role_permissions,"نوع المعدة",MANUAL,,,"ليست في المعجم — ولا يُخترع اسمُ عمودٍ لتسميةٍ لم تُدرَس",
Operations/containers.php,role_permissions,"رقم المقعد",MANUAL,,,"ليست في المعجم — ولا يُخترع اسمُ عمودٍ لتسميةٍ لم تُدرَس",
Operations/containers.php,role_permissions,"دور الوحدة",MANUAL,,,"ليست في المعجم — ولا يُخترع اسمُ عمودٍ لتسميةٍ لم تُدرَس",
Operations/containers.php,role_permissions,"الساعات التعاقدية الشهرية",MANUAL,,,"ليست في المعجم — ولا يُخترع اسمُ عمودٍ لتسميةٍ لم تُدرَس",
Operations/containers.php,role_permissions,"سعر الساعة",MANUAL,,,"ليست في المعجم — ولا يُخترع اسمُ عمودٍ لتسميةٍ لم تُدرَس",
Operations/containers.php,role_permissions,"نوع الوحدة",MANUAL,,,"ليست في المعجم — ولا يُخترع اسمُ عمودٍ لتسميةٍ لم تُدرَس",
Operations/containers.php,role_permissions,"المعدة المسندة حاليا",MANUAL,,,"ليست في المعجم — ولا يُخترع اسمُ عمودٍ لتسميةٍ لم تُدرَس",
Operations/containers.php,role_permissions,"مالك المعدة",MANUAL,,,"ليست في المعجم — ولا يُخترع اسمُ عمودٍ لتسميةٍ لم تُدرَس",
Operations/containers.php,role_permissions,"تاريخ بدء الإسناد",MANUAL,,,"ليست في المعجم — ولا يُخترع اسمُ عمودٍ لتسميةٍ لم تُدرَس",
Operations/containers.php,role_permissions,"حالة الإشغال",MANUAL,,,"ليست في المعجم — ولا يُخترع اسمُ عمودٍ لتسميةٍ لم تُدرَس",
Operations/containers.php,role_permissions,"تاريخ السريان",NEW,effective_date,date,"لا عمودَ له في `role_permissions` — يُنشأ **اختياريًّا** (NULL)",
Operations/containers.php,role_permissions,عرفها,MANUAL,created_by,,"مشتقٌّ من `created_by` و`role_permissions` لا يحمله — يلزم قرار",
Operations/containers.php,role_permissions,"رقم الإسناد",MANUAL,,,"ليست في المعجم — ولا يُخترع اسمُ عمودٍ لتسميةٍ لم تُدرَس",
Operations/containers.php,role_permissions,"كود المعدة",MANUAL,,,"تسميةٌ علائقيةٌ (مرجعٌ لجدولٍ آخر) — عمودٌ نصيٌّ لها يزدوج المصدر",
Operations/containers.php,role_permissions,"من تاريخ",NEW,date_from,date,"لا عمودَ له في `role_permissions` — يُنشأ **اختياريًّا** (NULL)",
Operations/containers.php,role_permissions,"إلى تاريخ",NEW,date_to,date,"لا عمودَ له في `role_permissions` — يُنشأ **اختياريًّا** (NULL)",
Operations/containers.php,role_permissions,"عدد الأيام",MANUAL,,,"ليست في المعجم — ولا يُخترع اسمُ عمودٍ لتسميةٍ لم تُدرَس",
Operations/containers.php,role_permissions,"سبب الاستبدال",MANUAL,,,"ليست في المعجم — ولا يُخترع اسمُ عمودٍ لتسميةٍ لم تُدرَس",
Operations/containers.php,role_permissions,"الوحدة السابقة",MANUAL,,,"ليست في المعجم — ولا يُخترع اسمُ عمودٍ لتسميةٍ لم تُدرَس",
Operations/containers.php,role_permissions,"المشغلون المسندون",MANUAL,,,"ليست في المعجم — ولا يُخترع اسمُ عمودٍ لتسميةٍ لم تُدرَس",
Operations/containers.php,role_permissions,أسنده,MANUAL,,,"ليست في المعجم — ولا يُخترع اسمُ عمودٍ لتسميةٍ لم تُدرَس",
Operations/containers.php,role_permissions,الكيان,BOUND,entity,gov,"يبثُّه `ems_gov_ctx()` من `admin_companies` — موصولٌ سلفًا، لا عمل",
Operations/containers.php,role_permissions,"مرجع التفويض",MANUAL,,,"تسميةٌ علائقيةٌ (مرجعٌ لجدولٍ آخر) — عمودٌ نصيٌّ لها يزدوج المصدر",
Operations/containers.php,role_permissions,"تاريخ الاعتماد",MANUAL,approved_at,,"مشتقٌّ من `approved_at` و`role_permissions` لا يحمله — يلزم قرار",
Operations/containers.php,role_permissions,"تاريخ الإنشاء",MANUAL,created_at,,"مشتقٌّ من `created_at` و`role_permissions` لا يحمله — يلزم قرار",
Operations/containers.php,role_permissions,"المرجع الأب",MANUAL,,,"تسميةٌ علائقيةٌ (مرجعٌ لجدولٍ آخر) — عمودٌ نصيٌّ لها يزدوج المصدر",
Operations/containers.php,role_permissions,"المنشئ — الاسم والصفة",MANUAL,created_by,,"تسميتانِ في الشاشةِ تؤولانِ إلى `created_by` — تصادمُ مفتاحٍ يلزمه قرار",
Operations/containers.php,role_permissions,"المعتمد — الاسم والصفة",MANUAL,approved_by,,"مشتقٌّ من `approved_by` و`role_permissions` لا يحمله — يلزم قرار",
Operations/containers.php,role_permissions,الحالة,MANUAL,status,,"مشتقٌّ من `status` و`role_permissions` لا يحمله — يلزم قرار",
Operations/containers.php,role_permissions,"مفتاح منع التكرار",MANUAL,,,"تسميةٌ علائقيةٌ (مرجعٌ لجدولٍ آخر) — عمودٌ نصيٌّ لها يزدوج المصدر",
Operations/containers.php,role_permissions,"معكوس ب",MANUAL,,,"تسميةٌ علائقيةٌ (مرجعٌ لجدولٍ آخر) — عمودٌ نصيٌّ لها يزدوج المصدر",
Operations/containers.php,role_permissions,"عكس عن",MANUAL,,,"تسميةٌ علائقيةٌ (مرجعٌ لجدولٍ آخر) — عمودٌ نصيٌّ لها يزدوج المصدر",
Operations/containers.php,role_permissions,"درجة الأثر",MANUAL,,,"تسميةٌ علائقيةٌ (مرجعٌ لجدولٍ آخر) — عمودٌ نصيٌّ لها يزدوج المصدر",
Operations/containers.php,role_permissions,المرفق,MANUAL,,,"تسميةٌ علائقيةٌ (مرجعٌ لجدولٍ آخر) — عمودٌ نصيٌّ لها يزدوج المصدر",
Operations/containers.php,role_permissions,"مركز التكلفة",MANUAL,,,"تسميةٌ علائقيةٌ (مرجعٌ لجدولٍ آخر) — عمودٌ نصيٌّ لها يزدوج المصدر",
Operations/containers.php,role_permissions,"سعر الصرف ومصدره",MANUAL,,,"تسميةٌ علائقيةٌ (مرجعٌ لجدولٍ آخر) — عمودٌ نصيٌّ لها يزدوج المصدر",
Operations/containers.php,role_permissions,العملة,MANUAL,,,"تسميةٌ علائقيةٌ (مرجعٌ لجدولٍ آخر) — عمودٌ نصيٌّ لها يزدوج المصدر",
Operations/daily_plan.php,role_permissions,"رقم الخطة",MANUAL,,,"ليست في المعجم — ولا يُخترع اسمُ عمودٍ لتسميةٍ لم تُدرَس",
Operations/daily_plan.php,role_permissions,"تاريخ التنفيذ",MANUAL,,,"ليست في المعجم — ولا يُخترع اسمُ عمودٍ لتسميةٍ لم تُدرَس",
Operations/daily_plan.php,role_permissions,الموقع,NEW,location,text,"لا عمودَ له في `role_permissions` — يُنشأ **اختياريًّا** (NULL)",
Operations/daily_plan.php,role_permissions,المشروع,MANUAL,,,"ليست في المعجم — ولا يُخترع اسمُ عمودٍ لتسميةٍ لم تُدرَس",
Operations/daily_plan.php,role_permissions,"رقم العقد",MANUAL,,,"ليست في المعجم — ولا يُخترع اسمُ عمودٍ لتسميةٍ لم تُدرَس",
Operations/daily_plan.php,role_permissions,"كود المعدة",MANUAL,,,"تسميةٌ علائقيةٌ (مرجعٌ لجدولٍ آخر) — عمودٌ نصيٌّ لها يزدوج المصدر",
Operations/daily_plan.php,role_permissions,"المشغل الأساسي",MANUAL,,,"ليست في المعجم — ولا يُخترع اسمُ عمودٍ لتسميةٍ لم تُدرَس",
Operations/daily_plan.php,role_permissions,"المشغل البديل",MANUAL,,,"ليست في المعجم — ولا يُخترع اسمُ عمودٍ لتسميةٍ لم تُدرَس",
Operations/daily_plan.php,role_permissions,"الساعات المخططة",MANUAL,,,"ليست في المعجم — ولا يُخترع اسمُ عمودٍ لتسميةٍ لم تُدرَس",
Operations/daily_plan.php,role_permissions,"الكمية المستهدفة",MANUAL,,,"ليست في المعجم — ولا يُخترع اسمُ عمودٍ لتسميةٍ لم تُدرَس",
Operations/daily_plan.php,role_permissions,"جبهة العمل",MANUAL,,,"ليست في المعجم — ولا يُخترع اسمُ عمودٍ لتسميةٍ لم تُدرَس",
Operations/daily_plan.php,role_permissions,"حالة الجاهزية",MANUAL,,,"ليست في المعجم — ولا يُخترع اسمُ عمودٍ لتسميةٍ لم تُدرَس",
Operations/daily_plan.php,role_permissions,أعدها,MANUAL,,,"ليست في المعجم — ولا يُخترع اسمُ عمودٍ لتسميةٍ لم تُدرَس",
Operations/daily_plan.php,role_permissions,اعتمدها,MANUAL,approved_by,,"مشتقٌّ من `approved_by` و`role_permissions` لا يحمله — يلزم قرار",
Operations/daily_plan.php,role_permissions,الكيان,BOUND,entity,gov,"يبثُّه `ems_gov_ctx()` من `admin_companies` — موصولٌ سلفًا، لا عمل",
Operations/daily_plan.php,role_permissions,"مرجع التفويض",MANUAL,,,"تسميةٌ علائقيةٌ (مرجعٌ لجدولٍ آخر) — عمودٌ نصيٌّ لها يزدوج المصدر",
Operations/daily_plan.php,role_permissions,"تاريخ الاعتماد",MANUAL,approved_at,,"مشتقٌّ من `approved_at` و`role_permissions` لا يحمله — يلزم قرار",
Operations/daily_plan.php,role_permissions,"تاريخ الإنشاء",MANUAL,created_at,,"مشتقٌّ من `created_at` و`role_permissions` لا يحمله — يلزم قرار",
Operations/daily_plan.php,role_permissions,"المرجع الأب",MANUAL,,,"تسميةٌ علائقيةٌ (مرجعٌ لجدولٍ آخر) — عمودٌ نصيٌّ لها يزدوج المصدر",
Operations/daily_plan.php,role_permissions,الحالة,MANUAL,status,,"مشتقٌّ من `status` و`role_permissions` لا يحمله — يلزم قرار",
Operations/daily_plan.php,role_permissions,المرفق,MANUAL,,,"تسميةٌ علائقيةٌ (مرجعٌ لجدولٍ آخر) — عمودٌ نصيٌّ لها يزدوج المصدر",
Operations/distribution_space.php,,"رقم التكليف",MANUAL,,,"جدولُ الشاشةِ لم يُستنبَط — لا يُقاس عمودٌ بلا جدول",
Operations/distribution_space.php,,"كود المشغل",MANUAL,,,"جدولُ الشاشةِ لم يُستنبَط — لا يُقاس عمودٌ بلا جدول",
Operations/distribution_space.php,,"كود المعدة",MANUAL,,,"جدولُ الشاشةِ لم يُستنبَط — لا يُقاس عمودٌ بلا جدول",
Operations/distribution_space.php,,"الوحدة التعاقدية",MANUAL,,,"جدولُ الشاشةِ لم يُستنبَط — لا يُقاس عمودٌ بلا جدول",
Operations/distribution_space.php,,"من الموقع",MANUAL,,,"جدولُ الشاشةِ لم يُستنبَط — لا يُقاس عمودٌ بلا جدول",
Operations/distribution_space.php,,التاريخ,MANUAL,,,"جدولُ الشاشةِ لم يُستنبَط — لا يُقاس عمودٌ بلا جدول",
Operations/distribution_space.php,,"تاريخ السريان",MANUAL,,,"جدولُ الشاشةِ لم يُستنبَط — لا يُقاس عمودٌ بلا جدول",
Operations/distribution_space.php,,"عدد الأيام",MANUAL,,,"جدولُ الشاشةِ لم يُستنبَط — لا يُقاس عمودٌ بلا جدول",
Operations/distribution_space.php,,"سبب الإنهاء",MANUAL,,,"جدولُ الشاشةِ لم يُستنبَط — لا يُقاس عمودٌ بلا جدول",
Operations/distribution_space.php,,"المشغل البديل",MANUAL,,,"جدولُ الشاشةِ لم يُستنبَط — لا يُقاس عمودٌ بلا جدول",
Operations/distribution_space.php,,"فحص التأهيل",MANUAL,,,"جدولُ الشاشةِ لم يُستنبَط — لا يُقاس عمودٌ بلا جدول",
Operations/distribution_space.php,,"فحص الرخصة",MANUAL,,,"جدولُ الشاشةِ لم يُستنبَط — لا يُقاس عمودٌ بلا جدول",
Operations/distribution_space.php,,كلفه,MANUAL,,,"جدولُ الشاشةِ لم يُستنبَط — لا يُقاس عمودٌ بلا جدول",
Operations/distribution_space.php,,"وافق عليه",MANUAL,,,"جدولُ الشاشةِ لم يُستنبَط — لا يُقاس عمودٌ بلا جدول",
Operations/distribution_space.php,,"رقم الأمر",MANUAL,,,"جدولُ الشاشةِ لم يُستنبَط — لا يُقاس عمودٌ بلا جدول",
Operations/distribution_space.php,,"إلى الموقع",MANUAL,,,"جدولُ الشاشةِ لم يُستنبَط — لا يُقاس عمودٌ بلا جدول",
Operations/distribution_space.php,,"نوع المورد",MANUAL,,,"جدولُ الشاشةِ لم يُستنبَط — لا يُقاس عمودٌ بلا جدول",
Operations/distribution_space.php,,"كود المورد",MANUAL,,,"جدولُ الشاشةِ لم يُستنبَط — لا يُقاس عمودٌ بلا جدول",
Operations/distribution_space.php,,"اسم المورد",MANUAL,,,"جدولُ الشاشةِ لم يُستنبَط — لا يُقاس عمودٌ بلا جدول",
Operations/distribution_space.php,,"سبب النقل",MANUAL,,,"جدولُ الشاشةِ لم يُستنبَط — لا يُقاس عمودٌ بلا جدول",
Operations/distribution_space.php,,"أمر الترحيل المرتبط",MANUAL,,,"جدولُ الشاشةِ لم يُستنبَط — لا يُقاس عمودٌ بلا جدول",
Operations/distribution_space.php,,"موافقة القوى",MANUAL,,,"جدولُ الشاشةِ لم يُستنبَط — لا يُقاس عمودٌ بلا جدول",
Operations/distribution_space.php,,"موافقة الموقع المصدر",MANUAL,,,"جدولُ الشاشةِ لم يُستنبَط — لا يُقاس عمودٌ بلا جدول",
Operations/distribution_space.php,,أصدره,MANUAL,,,"جدولُ الشاشةِ لم يُستنبَط — لا يُقاس عمودٌ بلا جدول",
Operations/distribution_space.php,,"تاريخ التنفيذ",MANUAL,,,"جدولُ الشاشةِ لم يُستنبَط — لا يُقاس عمودٌ بلا جدول",
Operations/distribution_space.php,,الكيان,BOUND,entity,gov,"يبثُّه `ems_gov_ctx()` من `admin_companies` — موصولٌ سلفًا، لا عمل",
Operations/distribution_space.php,,"مرجع التفويض",MANUAL,,,"جدولُ الشاشةِ لم يُستنبَط — لا يُقاس عمودٌ بلا جدول",
Operations/distribution_space.php,,"تاريخ الاعتماد",MANUAL,,,"جدولُ الشاشةِ لم يُستنبَط — لا يُقاس عمودٌ بلا جدول",
Operations/distribution_space.php,,"تاريخ الإنشاء",MANUAL,,,"جدولُ الشاشةِ لم يُستنبَط — لا يُقاس عمودٌ بلا جدول",
Operations/distribution_space.php,,"المرجع الأب",MANUAL,,,"جدولُ الشاشةِ لم يُستنبَط — لا يُقاس عمودٌ بلا جدول",
Operations/distribution_space.php,,"المعتمد — الاسم والصفة",MANUAL,,,"جدولُ الشاشةِ لم يُستنبَط — لا يُقاس عمودٌ بلا جدول",
Operations/distribution_space.php,,الحالة,MANUAL,,,"جدولُ الشاشةِ لم يُستنبَط — لا يُقاس عمودٌ بلا جدول",
Operations/distribution_space.php,,"مفتاح منع التكرار",MANUAL,,,"جدولُ الشاشةِ لم يُستنبَط — لا يُقاس عمودٌ بلا جدول",
Operations/distribution_space.php,,"معكوس ب",MANUAL,,,"جدولُ الشاشةِ لم يُستنبَط — لا يُقاس عمودٌ بلا جدول",
Operations/distribution_space.php,,"عكس عن",MANUAL,,,"جدولُ الشاشةِ لم يُستنبَط — لا يُقاس عمودٌ بلا جدول",
Operations/distribution_space.php,,"درجة الأثر",MANUAL,,,"جدولُ الشاشةِ لم يُستنبَط — لا يُقاس عمودٌ بلا جدول",
Operations/distribution_space.php,,المرفق,MANUAL,,,"جدولُ الشاشةِ لم يُستنبَط — لا يُقاس عمودٌ بلا جدول",
Operations/equipment_quota.php,,الكيان,BOUND,entity,gov,"يبثُّه `ems_gov_ctx()` من `admin_companies` — موصولٌ سلفًا، لا عمل",
Operations/equipment_quota.php,,"مفتاح منع التكرار",MANUAL,,,"جدولُ الشاشةِ لم يُستنبَط — لا يُقاس عمودٌ بلا جدول",
Operations/equipment_quota.php,,"المنشئ — الاسم والصفة",MANUAL,,,"جدولُ الشاشةِ لم يُستنبَط — لا يُقاس عمودٌ بلا جدول",
Operations/equipment_quota.php,,"المعتمد — الاسم والصفة",MANUAL,,,"جدولُ الشاشةِ لم يُستنبَط — لا يُقاس عمودٌ بلا جدول",
Operations/equipment_quota.php,,"تاريخ الاعتماد",MANUAL,,,"جدولُ الشاشةِ لم يُستنبَط — لا يُقاس عمودٌ بلا جدول",
Operations/equipment_quota.php,,"معكوس ب",MANUAL,,,"جدولُ الشاشةِ لم يُستنبَط — لا يُقاس عمودٌ بلا جدول",
Operations/equipment_quota.php,,الحالة,MANUAL,,,"جدولُ الشاشةِ لم يُستنبَط — لا يُقاس عمودٌ بلا جدول",
Operations/fleet_calendar.php,equipments_types,الكيان,BOUND,entity,gov,"يبثُّه `ems_gov_ctx()` من `admin_companies` — موصولٌ سلفًا، لا عمل",
Operations/fleet_calendar.php,equipments_types,"المنشئ — الاسم والصفة",MANUAL,created_by,,"مشتقٌّ من `created_by` و`equipments_types` لا يحمله — يلزم قرار",
Operations/fleet_calendar.php,equipments_types,"المعتمد — الاسم والصفة",MANUAL,approved_by,,"مشتقٌّ من `approved_by` و`equipments_types` لا يحمله — يلزم قرار",
Operations/fleet_calendar.php,equipments_types,"مرجع التفويض",MANUAL,,,"تسميةٌ علائقيةٌ (مرجعٌ لجدولٍ آخر) — عمودٌ نصيٌّ لها يزدوج المصدر",
Operations/fleet_calendar.php,equipments_types,"المرجع الأب",MANUAL,,,"تسميةٌ علائقيةٌ (مرجعٌ لجدولٍ آخر) — عمودٌ نصيٌّ لها يزدوج المصدر",
Operations/fleet_calendar.php,equipments_types,"تاريخ الإنشاء",BIND,created_at,derived,"مشتقٌّ من `created_at` القائمِ في `equipments_types` — بلا هجرة",
Operations/fleet_calendar.php,equipments_types,"تاريخ الاعتماد",MANUAL,approved_at,,"مشتقٌّ من `approved_at` و`equipments_types` لا يحمله — يلزم قرار",
Operations/fleet_utilization.php,equipments_types,الكيان,BOUND,entity,gov,"يبثُّه `ems_gov_ctx()` من `admin_companies` — موصولٌ سلفًا، لا عمل",
Operations/fleet_utilization.php,equipments_types,"المنشئ — الاسم والصفة",MANUAL,created_by,,"مشتقٌّ من `created_by` و`equipments_types` لا يحمله — يلزم قرار",
Operations/fleet_utilization.php,equipments_types,"المعتمد — الاسم والصفة",MANUAL,approved_by,,"مشتقٌّ من `approved_by` و`equipments_types` لا يحمله — يلزم قرار",
Operations/fleet_utilization.php,equipments_types,"مرجع التفويض",MANUAL,,,"تسميةٌ علائقيةٌ (مرجعٌ لجدولٍ آخر) — عمودٌ نصيٌّ لها يزدوج المصدر",
Operations/fleet_utilization.php,equipments_types,"المرجع الأب",MANUAL,,,"تسميةٌ علائقيةٌ (مرجعٌ لجدولٍ آخر) — عمودٌ نصيٌّ لها يزدوج المصدر",
Operations/fleet_utilization.php,equipments_types,"تاريخ الإنشاء",BIND,created_at,derived,"مشتقٌّ من `created_at` القائمِ في `equipments_types` — بلا هجرة",
Operations/fleet_utilization.php,equipments_types,"تاريخ الاعتماد",MANUAL,approved_at,,"مشتقٌّ من `approved_at` و`equipments_types` لا يحمله — يلزم قرار",
Operations/fleet_utilization.php,equipments_types,الحالة,BIND,status,derived,"مشتقٌّ من `status` القائمِ في `equipments_types` — بلا هجرة",
Operations/monthly_close.php,,العملة,MANUAL,,,"جدولُ الشاشةِ لم يُستنبَط — لا يُقاس عمودٌ بلا جدول",
Operations/monthly_close.php,,الحالة,MANUAL,,,"جدولُ الشاشةِ لم يُستنبَط — لا يُقاس عمودٌ بلا جدول",
Operations/monthly_close.php,,الكيان,BOUND,entity,gov,"يبثُّه `ems_gov_ctx()` من `admin_companies` — موصولٌ سلفًا، لا عمل",
Operations/monthly_close.php,,"تاريخ الإنشاء",MANUAL,,,"جدولُ الشاشةِ لم يُستنبَط — لا يُقاس عمودٌ بلا جدول",
Operations/monthly_close.php,,"تاريخ الاعتماد",MANUAL,,,"جدولُ الشاشةِ لم يُستنبَط — لا يُقاس عمودٌ بلا جدول",
Operations/monthly_close.php,,"مرجع التفويض",MANUAL,,,"جدولُ الشاشةِ لم يُستنبَط — لا يُقاس عمودٌ بلا جدول",
Operations/monthly_close.php,,"المرجع الأب",MANUAL,,,"جدولُ الشاشةِ لم يُستنبَط — لا يُقاس عمودٌ بلا جدول",
Operations/monthly_close.php,,المرفق,MANUAL,,,"جدولُ الشاشةِ لم يُستنبَط — لا يُقاس عمودٌ بلا جدول",
Operations/monthly_close.php,,"مفتاح منع التكرار",MANUAL,,,"جدولُ الشاشةِ لم يُستنبَط — لا يُقاس عمودٌ بلا جدول",
Operations/monthly_close.php,,"درجة الأثر",MANUAL,,,"جدولُ الشاشةِ لم يُستنبَط — لا يُقاس عمودٌ بلا جدول",
Operations/monthly_close.php,,"معكوس ب",MANUAL,,,"جدولُ الشاشةِ لم يُستنبَط — لا يُقاس عمودٌ بلا جدول",
Operations/monthly_close.php,,"عكس عن",MANUAL,,,"جدولُ الشاشةِ لم يُستنبَط — لا يُقاس عمودٌ بلا جدول",
Operations/monthly_close.php,,"مركز التكلفة",MANUAL,,,"جدولُ الشاشةِ لم يُستنبَط — لا يُقاس عمودٌ بلا جدول",
Operations/monthly_close.php,,"سعر الصرف ومصدره",MANUAL,,,"جدولُ الشاشةِ لم يُستنبَط — لا يُقاس عمودٌ بلا جدول",
Operations/operations_room.php,,المشروع,MANUAL,,,"جدولُ الشاشةِ لم يُستنبَط — لا يُقاس عمودٌ بلا جدول",
Operations/operations_room.php,,"المعدات المخططة",MANUAL,,,"جدولُ الشاشةِ لم يُستنبَط — لا يُقاس عمودٌ بلا جدول",
Operations/operations_room.php,,"المعدات العاملة",MANUAL,,,"جدولُ الشاشةِ لم يُستنبَط — لا يُقاس عمودٌ بلا جدول",
Operations/operations_room.php,,المتوقفة,MANUAL,,,"جدولُ الشاشةِ لم يُستنبَط — لا يُقاس عمودٌ بلا جدول",
Operations/operations_room.php,,"نسبة التشغيل",MANUAL,,,"جدولُ الشاشةِ لم يُستنبَط — لا يُقاس عمودٌ بلا جدول",
Operations/operations_room.php,,"الإنتاج اليوم",MANUAL,,,"جدولُ الشاشةِ لم يُستنبَط — لا يُقاس عمودٌ بلا جدول",
Operations/operations_room.php,,"نسبة الإنجاز من الخطة",MANUAL,,,"جدولُ الشاشةِ لم يُستنبَط — لا يُقاس عمودٌ بلا جدول",
Operations/operations_room.php,,"وحدات لم ترفع",MANUAL,,,"جدولُ الشاشةِ لم يُستنبَط — لا يُقاس عمودٌ بلا جدول",
Operations/operations_room.php,,"بلاغات مفتوحة",MANUAL,,,"جدولُ الشاشةِ لم يُستنبَط — لا يُقاس عمودٌ بلا جدول",
Operations/operations_room.php,,الكيان,BOUND,entity,gov,"يبثُّه `ems_gov_ctx()` من `admin_companies` — موصولٌ سلفًا، لا عمل",
Operations/production.php,,"المستند المرفق",MANUAL,,,"جدولُ الشاشةِ لم يُستنبَط — لا يُقاس عمودٌ بلا جدول",
Operations/production.php,,الحالة,MANUAL,,,"جدولُ الشاشةِ لم يُستنبَط — لا يُقاس عمودٌ بلا جدول",
Operations/production.php,,الكيان,BOUND,entity,gov,"يبثُّه `ems_gov_ctx()` من `admin_companies` — موصولٌ سلفًا، لا عمل",
Operations/production.php,,"تاريخ الإنشاء",MANUAL,,,"جدولُ الشاشةِ لم يُستنبَط — لا يُقاس عمودٌ بلا جدول",
Operations/production.php,,"المعتمد — الاسم والصفة",MANUAL,,,"جدولُ الشاشةِ لم يُستنبَط — لا يُقاس عمودٌ بلا جدول",
Operations/production.php,,"تاريخ الاعتماد",MANUAL,,,"جدولُ الشاشةِ لم يُستنبَط — لا يُقاس عمودٌ بلا جدول",
Operations/production.php,,"مرجع التفويض",MANUAL,,,"جدولُ الشاشةِ لم يُستنبَط — لا يُقاس عمودٌ بلا جدول",
Operations/production.php,,"المرجع الأب",MANUAL,,,"جدولُ الشاشةِ لم يُستنبَط — لا يُقاس عمودٌ بلا جدول",
Operations/production.php,,"مفتاح منع التكرار",MANUAL,,,"جدولُ الشاشةِ لم يُستنبَط — لا يُقاس عمودٌ بلا جدول",
Operations/production.php,,"درجة الأثر",MANUAL,,,"جدولُ الشاشةِ لم يُستنبَط — لا يُقاس عمودٌ بلا جدول",
Operations/production.php,,"معكوس ب",MANUAL,,,"جدولُ الشاشةِ لم يُستنبَط — لا يُقاس عمودٌ بلا جدول",
Operations/production.php,,"عكس عن",MANUAL,,,"جدولُ الشاشةِ لم يُستنبَط — لا يُقاس عمودٌ بلا جدول",
Operations/shift_log.php,,الكيان,BOUND,entity,gov,"يبثُّه `ems_gov_ctx()` من `admin_companies` — موصولٌ سلفًا، لا عمل",
Operations/shift_log.php,,"المنشئ — الاسم والصفة",MANUAL,,,"جدولُ الشاشةِ لم يُستنبَط — لا يُقاس عمودٌ بلا جدول",
Operations/shift_log.php,,"تاريخ الإنشاء",MANUAL,,,"جدولُ الشاشةِ لم يُستنبَط — لا يُقاس عمودٌ بلا جدول",
Operations/shift_log.php,,"المعتمد — الاسم والصفة",MANUAL,,,"جدولُ الشاشةِ لم يُستنبَط — لا يُقاس عمودٌ بلا جدول",
Operations/shift_log.php,,"تاريخ الاعتماد",MANUAL,,,"جدولُ الشاشةِ لم يُستنبَط — لا يُقاس عمودٌ بلا جدول",
Operations/shift_log.php,,"مرجع التفويض",MANUAL,,,"جدولُ الشاشةِ لم يُستنبَط — لا يُقاس عمودٌ بلا جدول",
Operations/shift_log.php,,"المرجع الأب",MANUAL,,,"جدولُ الشاشةِ لم يُستنبَط — لا يُقاس عمودٌ بلا جدول",
Operations/shift_log.php,,المرفق,MANUAL,,,"جدولُ الشاشةِ لم يُستنبَط — لا يُقاس عمودٌ بلا جدول",
Operations/site_gate_equip.php,,الكيان,BOUND,entity,gov,"يبثُّه `ems_gov_ctx()` من `admin_companies` — موصولٌ سلفًا، لا عمل",
Operations/site_gate_equip.php,,"المنشئ — الاسم والصفة",MANUAL,,,"جدولُ الشاشةِ لم يُستنبَط — لا يُقاس عمودٌ بلا جدول",
Operations/site_gate_equip.php,,"تاريخ الاعتماد",MANUAL,,,"جدولُ الشاشةِ لم يُستنبَط — لا يُقاس عمودٌ بلا جدول",
Operations/site_gate_equip.php,,"مرجع التفويض",MANUAL,,,"جدولُ الشاشةِ لم يُستنبَط — لا يُقاس عمودٌ بلا جدول",
Operations/site_gate_equip.php,,الحالة,MANUAL,,,"جدولُ الشاشةِ لم يُستنبَط — لا يُقاس عمودٌ بلا جدول",
Operations/site_gate_person.php,,الكيان,BOUND,entity,gov,"يبثُّه `ems_gov_ctx()` من `admin_companies` — موصولٌ سلفًا، لا عمل",
Operations/site_gate_person.php,,"المنشئ — الاسم والصفة",MANUAL,,,"جدولُ الشاشةِ لم يُستنبَط — لا يُقاس عمودٌ بلا جدول",
Operations/site_gate_person.php,,"تاريخ الاعتماد",MANUAL,,,"جدولُ الشاشةِ لم يُستنبَط — لا يُقاس عمودٌ بلا جدول",
Operations/site_gate_person.php,,الحالة,MANUAL,,,"جدولُ الشاشةِ لم يُستنبَط — لا يُقاس عمودٌ بلا جدول",
Operations/site_shift_plan.php,,الكيان,BOUND,entity,gov,"يبثُّه `ems_gov_ctx()` من `admin_companies` — موصولٌ سلفًا، لا عمل",
Operations/site_shift_plan.php,,"المنشئ — الاسم والصفة",MANUAL,,,"جدولُ الشاشةِ لم يُستنبَط — لا يُقاس عمودٌ بلا جدول",
Operations/site_shift_plan.php,,"المعتمد — الاسم والصفة",MANUAL,,,"جدولُ الشاشةِ لم يُستنبَط — لا يُقاس عمودٌ بلا جدول",
Operations/site_shift_plan.php,,"تاريخ الاعتماد",MANUAL,,,"جدولُ الشاشةِ لم يُستنبَط — لا يُقاس عمودٌ بلا جدول",
Operations/site_shift_plan.php,,"مرجع التفويض",MANUAL,,,"جدولُ الشاشةِ لم يُستنبَط — لا يُقاس عمودٌ بلا جدول",
Operations/site_shift_plan.php,,الحالة,MANUAL,,,"جدولُ الشاشةِ لم يُستنبَط — لا يُقاس عمودٌ بلا جدول",
Operations/site_work_calendar.php,,الكيان,BOUND,entity,gov,"يبثُّه `ems_gov_ctx()` من `admin_companies` — موصولٌ سلفًا، لا عمل",
Operations/site_work_calendar.php,,"المنشئ — الاسم والصفة",MANUAL,,,"جدولُ الشاشةِ لم يُستنبَط — لا يُقاس عمودٌ بلا جدول",
Operations/site_work_calendar.php,,"المعتمد — الاسم والصفة",MANUAL,,,"جدولُ الشاشةِ لم يُستنبَط — لا يُقاس عمودٌ بلا جدول",
Operations/site_work_calendar.php,,"تاريخ الاعتماد",MANUAL,,,"جدولُ الشاشةِ لم يُستنبَط — لا يُقاس عمودٌ بلا جدول",
Operations/site_work_calendar.php,,"مرجع التفويض",MANUAL,,,"جدولُ الشاشةِ لم يُستنبَط — لا يُقاس عمودٌ بلا جدول",
Operations/site_work_calendar.php,,الحالة,MANUAL,,,"جدولُ الشاشةِ لم يُستنبَط — لا يُقاس عمودٌ بلا جدول",
Operations/sites_board.php,project,الكيان,BOUND,entity,gov,"يبثُّه `ems_gov_ctx()` من `admin_companies` — موصولٌ سلفًا، لا عمل",
Operations/sites_board.php,project,"المنشئ — الاسم والصفة",BIND,created_by,derived,"مشتقٌّ من `created_by` القائمِ في `project` — بلا هجرة",
Operations/sites_board.php,project,"المعتمد — الاسم والصفة",MANUAL,approved_by,,"مشتقٌّ من `approved_by` و`project` لا يحمله — يلزم قرار",
Operations/sites_board.php,project,"مرجع التفويض",MANUAL,,,"تسميةٌ علائقيةٌ (مرجعٌ لجدولٍ آخر) — عمودٌ نصيٌّ لها يزدوج المصدر",
Operations/sites_board.php,project,"المرجع الأب",MANUAL,,,"تسميةٌ علائقيةٌ (مرجعٌ لجدولٍ آخر) — عمودٌ نصيٌّ لها يزدوج المصدر",
Operations/sites_board.php,project,"تاريخ الإنشاء",MANUAL,created_at,,"مشتقٌّ من `created_at` و`project` لا يحمله — يلزم قرار",
Operations/sites_board.php,project,"تاريخ الاعتماد",MANUAL,approved_at,,"مشتقٌّ من `approved_at` و`project` لا يحمله — يلزم قرار",
Operations/stops_unattributed.php,timesheet,"رقم التوقف",MANUAL,,,"ليست في المعجم — ولا يُخترع اسمُ عمودٍ لتسميةٍ لم تُدرَس",
Operations/stops_unattributed.php,timesheet,الموقع,NEW,location,text,"لا عمودَ له في `timesheet` — يُنشأ **اختياريًّا** (NULL)",
Operations/stops_unattributed.php,timesheet,"كود المعدة",MANUAL,,,"تسميةٌ علائقيةٌ (مرجعٌ لجدولٍ آخر) — عمودٌ نصيٌّ لها يزدوج المصدر",
Operations/stops_unattributed.php,timesheet,"الوحدة التعاقدية",MANUAL,,,"تسميةٌ علائقيةٌ (مرجعٌ لجدولٍ آخر) — عمودٌ نصيٌّ لها يزدوج المصدر",
Operations/stops_unattributed.php,timesheet,"من الساعة",MANUAL,,,"ليست في المعجم — ولا يُخترع اسمُ عمودٍ لتسميةٍ لم تُدرَس",
Operations/stops_unattributed.php,timesheet,"إلى الساعة",MANUAL,,,"ليست في المعجم — ولا يُخترع اسمُ عمودٍ لتسميةٍ لم تُدرَس",
Operations/stops_unattributed.php,timesheet,"المدة بالساعات",MANUAL,,,"ليست في المعجم — ولا يُخترع اسمُ عمودٍ لتسميةٍ لم تُدرَس",
Operations/stops_unattributed.php,timesheet,"تصنيف التوقف",MANUAL,,,"ليست في المعجم — ولا يُخترع اسمُ عمودٍ لتسميةٍ لم تُدرَس",
Operations/stops_unattributed.php,timesheet,"السبب التفصيلي",MANUAL,,,"ليست في المعجم — ولا يُخترع اسمُ عمودٍ لتسميةٍ لم تُدرَس",
Operations/stops_unattributed.php,timesheet,"الطرف المتحمل",MANUAL,,,"ليست في المعجم — ولا يُخترع اسمُ عمودٍ لتسميةٍ لم تُدرَس",
Operations/stops_unattributed.php,timesheet,"مرجع بند العقد",MANUAL,,,"ليست في المعجم — ولا يُخترع اسمُ عمودٍ لتسميةٍ لم تُدرَس",
Operations/stops_unattributed.php,timesheet,"أمر الصيانة المرتبط",MANUAL,,,"ليست في المعجم — ولا يُخترع اسمُ عمودٍ لتسميةٍ لم تُدرَس",
Operations/stops_unattributed.php,timesheet,"أثر الفوترة",MANUAL,,,"ليست في المعجم — ولا يُخترع اسمُ عمودٍ لتسميةٍ لم تُدرَس",
Operations/stops_unattributed.php,timesheet,"أثر استحقاق المورد",MANUAL,,,"ليست في المعجم — ولا يُخترع اسمُ عمودٍ لتسميةٍ لم تُدرَس",
Operations/stops_unattributed.php,timesheet,سجله,MANUAL,created_by,,"مشتقٌّ من `created_by` و`timesheet` لا يحمله — يلزم قرار",
Operations/stops_unattributed.php,timesheet,أسنده,MANUAL,,,"ليست في المعجم — ولا يُخترع اسمُ عمودٍ لتسميةٍ لم تُدرَس",
Operations/stops_unattributed.php,timesheet,الكيان,BOUND,entity,gov,"يبثُّه `ems_gov_ctx()` من `admin_companies` — موصولٌ سلفًا، لا عمل",
Operations/stops_unattributed.php,timesheet,"مرجع التفويض",MANUAL,,,"تسميةٌ علائقيةٌ (مرجعٌ لجدولٍ آخر) — عمودٌ نصيٌّ لها يزدوج المصدر",
Operations/stops_unattributed.php,timesheet,"تاريخ الاعتماد",MANUAL,approved_at,,"مشتقٌّ من `approved_at` و`timesheet` لا يحمله — يلزم قرار",
Operations/stops_unattributed.php,timesheet,"تاريخ الإنشاء",MANUAL,created_at,,"مشتقٌّ من `created_at` و`timesheet` لا يحمله — يلزم قرار",
Operations/stops_unattributed.php,timesheet,"المعتمد — الاسم والصفة",MANUAL,approved_by,,"مشتقٌّ من `approved_by` و`timesheet` لا يحمله — يلزم قرار",
Operations/stops_unattributed.php,timesheet,الحالة,BIND,status,derived,"مشتقٌّ من `status` القائمِ في `timesheet` — بلا هجرة",
Operations/stops_unattributed.php,timesheet,"مفتاح منع التكرار",MANUAL,,,"تسميةٌ علائقيةٌ (مرجعٌ لجدولٍ آخر) — عمودٌ نصيٌّ لها يزدوج المصدر",
Operations/stops_unattributed.php,timesheet,"معكوس ب",MANUAL,,,"تسميةٌ علائقيةٌ (مرجعٌ لجدولٍ آخر) — عمودٌ نصيٌّ لها يزدوج المصدر",
Operations/stops_unattributed.php,timesheet,"عكس عن",MANUAL,,,"تسميةٌ علائقيةٌ (مرجعٌ لجدولٍ آخر) — عمودٌ نصيٌّ لها يزدوج المصدر",
Operations/stops_unattributed.php,timesheet,"درجة الأثر",MANUAL,,,"تسميةٌ علائقيةٌ (مرجعٌ لجدولٍ آخر) — عمودٌ نصيٌّ لها يزدوج المصدر",
Operations/stops_unattributed.php,timesheet,المرفق,MANUAL,,,"تسميةٌ علائقيةٌ (مرجعٌ لجدولٍ آخر) — عمودٌ نصيٌّ لها يزدوج المصدر",
Operations/stops_unattributed.php,timesheet,"مركز التكلفة",MANUAL,,,"تسميةٌ علائقيةٌ (مرجعٌ لجدولٍ آخر) — عمودٌ نصيٌّ لها يزدوج المصدر",
Operations/stops_unattributed.php,timesheet,"سعر الصرف ومصدره",MANUAL,,,"تسميةٌ علائقيةٌ (مرجعٌ لجدولٍ آخر) — عمودٌ نصيٌّ لها يزدوج المصدر",
Operations/unbilled.php,,العملة,MANUAL,,,"جدولُ الشاشةِ لم يُستنبَط — لا يُقاس عمودٌ بلا جدول",
Operations/unbilled.php,,الحالة,MANUAL,,,"جدولُ الشاشةِ لم يُستنبَط — لا يُقاس عمودٌ بلا جدول",
Operations/unbilled.php,,الكيان,BOUND,entity,gov,"يبثُّه `ems_gov_ctx()` من `admin_companies` — موصولٌ سلفًا، لا عمل",
Operations/unbilled.php,,"المنشئ — الاسم والصفة",MANUAL,,,"جدولُ الشاشةِ لم يُستنبَط — لا يُقاس عمودٌ بلا جدول",
Operations/unbilled.php,,"تاريخ الإنشاء",MANUAL,,,"جدولُ الشاشةِ لم يُستنبَط — لا يُقاس عمودٌ بلا جدول",
Operations/unbilled.php,,"تاريخ الاعتماد",MANUAL,,,"جدولُ الشاشةِ لم يُستنبَط — لا يُقاس عمودٌ بلا جدول",
Operations/unbilled.php,,"مرجع التفويض",MANUAL,,,"جدولُ الشاشةِ لم يُستنبَط — لا يُقاس عمودٌ بلا جدول",
Operations/unbilled.php,,"المرجع الأب",MANUAL,,,"جدولُ الشاشةِ لم يُستنبَط — لا يُقاس عمودٌ بلا جدول",
Operations/unbilled.php,,المرفق,MANUAL,,,"جدولُ الشاشةِ لم يُستنبَط — لا يُقاس عمودٌ بلا جدول",
Operations/unbilled.php,,"مفتاح منع التكرار",MANUAL,,,"جدولُ الشاشةِ لم يُستنبَط — لا يُقاس عمودٌ بلا جدول",
Operations/unbilled.php,,"درجة الأثر",MANUAL,,,"جدولُ الشاشةِ لم يُستنبَط — لا يُقاس عمودٌ بلا جدول",
Operations/unbilled.php,,"معكوس ب",MANUAL,,,"جدولُ الشاشةِ لم يُستنبَط — لا يُقاس عمودٌ بلا جدول",
Operations/unbilled.php,,"عكس عن",MANUAL,,,"جدولُ الشاشةِ لم يُستنبَط — لا يُقاس عمودٌ بلا جدول",
Operations/unbilled.php,,"مركز التكلفة",MANUAL,,,"جدولُ الشاشةِ لم يُستنبَط — لا يُقاس عمودٌ بلا جدول",
Operations/unbilled.php,,"سعر الصرف ومصدره",MANUAL,,,"جدولُ الشاشةِ لم يُستنبَط — لا يُقاس عمودٌ بلا جدول",
Operations/unit_perf.php,,الحالة,MANUAL,,,"جدولُ الشاشةِ لم يُستنبَط — لا يُقاس عمودٌ بلا جدول",
Operations/unit_perf.php,,الكيان,BOUND,entity,gov,"يبثُّه `ems_gov_ctx()` من `admin_companies` — موصولٌ سلفًا، لا عمل",
Operations/unit_perf.php,,"مفتاح منع التكرار",MANUAL,,,"جدولُ الشاشةِ لم يُستنبَط — لا يُقاس عمودٌ بلا جدول",
Operations/unit_perf.php,,"درجة الأثر",MANUAL,,,"جدولُ الشاشةِ لم يُستنبَط — لا يُقاس عمودٌ بلا جدول",
Operations/unit_perf.php,,"معكوس ب",MANUAL,,,"جدولُ الشاشةِ لم يُستنبَط — لا يُقاس عمودٌ بلا جدول",
Operations/unit_perf.php,,"عكس عن",MANUAL,,,"جدولُ الشاشةِ لم يُستنبَط — لا يُقاس عمودٌ بلا جدول",
Operations/unit_perf.php,,"مركز التكلفة",MANUAL,,,"جدولُ الشاشةِ لم يُستنبَط — لا يُقاس عمودٌ بلا جدول",
Operations/unit_perf.php,,"سعر الصرف ومصدره",MANUAL,,,"جدولُ الشاشةِ لم يُستنبَط — لا يُقاس عمودٌ بلا جدول",
Operations/unit_perf.php,,"نسخة القاعدة المستعملة",MANUAL,,,"جدولُ الشاشةِ لم يُستنبَط — لا يُقاس عمودٌ بلا جدول",
Opportunities/opportunities.php,,"رقم الفرصة",MANUAL,,,"جدولُ الشاشةِ لم يُستنبَط — لا يُقاس عمودٌ بلا جدول",
Opportunities/opportunities.php,,"تاريخ الفتح",MANUAL,,,"جدولُ الشاشةِ لم يُستنبَط — لا يُقاس عمودٌ بلا جدول",
Opportunities/opportunities.php,,"نوع الفرصة",MANUAL,,,"جدولُ الشاشةِ لم يُستنبَط — لا يُقاس عمودٌ بلا جدول",
Opportunities/opportunities.php,,الوصف,MANUAL,,,"جدولُ الشاشةِ لم يُستنبَط — لا يُقاس عمودٌ بلا جدول",
Opportunities/opportunities.php,,"تاريخ القرار المتوقع",MANUAL,,,"جدولُ الشاشةِ لم يُستنبَط — لا يُقاس عمودٌ بلا جدول",
Opportunities/opportunities.php,,"آخر نشاط",MANUAL,,,"جدولُ الشاشةِ لم يُستنبَط — لا يُقاس عمودٌ بلا جدول",
Opportunities/opportunities.php,,المسؤول,MANUAL,,,"جدولُ الشاشةِ لم يُستنبَط — لا يُقاس عمودٌ بلا جدول",
Opportunities/opportunities.php,,"سبب الإسقاط",MANUAL,,,"جدولُ الشاشةِ لم يُستنبَط — لا يُقاس عمودٌ بلا جدول",
Opportunities/opportunities.php,,الكيان,BOUND,entity,gov,"يبثُّه `ems_gov_ctx()` من `admin_companies` — موصولٌ سلفًا، لا عمل",
Opportunities/opportunities.php,,"مرجع التفويض",MANUAL,,,"جدولُ الشاشةِ لم يُستنبَط — لا يُقاس عمودٌ بلا جدول",
Opportunities/opportunities.php,,"تاريخ الاعتماد",MANUAL,,,"جدولُ الشاشةِ لم يُستنبَط — لا يُقاس عمودٌ بلا جدول",
Opportunities/opportunities.php,,"تاريخ الإنشاء",MANUAL,,,"جدولُ الشاشةِ لم يُستنبَط — لا يُقاس عمودٌ بلا جدول",
Opportunities/opportunities.php,,"المرجع الأب",MANUAL,,,"جدولُ الشاشةِ لم يُستنبَط — لا يُقاس عمودٌ بلا جدول",
Opportunities/opportunities.php,,"المنشئ — الاسم والصفة",MANUAL,,,"جدولُ الشاشةِ لم يُستنبَط — لا يُقاس عمودٌ بلا جدول",
Opportunities/opportunities.php,,"المعتمد — الاسم والصفة",MANUAL,,,"جدولُ الشاشةِ لم يُستنبَط — لا يُقاس عمودٌ بلا جدول",
Opportunities/opportunities.php,,الحالة,MANUAL,,,"جدولُ الشاشةِ لم يُستنبَط — لا يُقاس عمودٌ بلا جدول",
Opportunities/opportunities.php,,المرفق,MANUAL,,,"جدولُ الشاشةِ لم يُستنبَط — لا يُقاس عمودٌ بلا جدول",
Opportunities/opportunities.php,,"مركز التكلفة",MANUAL,,,"جدولُ الشاشةِ لم يُستنبَط — لا يُقاس عمودٌ بلا جدول",
Opportunities/opportunities.php,,"سعر الصرف ومصدره",MANUAL,,,"جدولُ الشاشةِ لم يُستنبَط — لا يُقاس عمودٌ بلا جدول",
Opportunities/opportunities.php,,العملة,MANUAL,,,"جدولُ الشاشةِ لم يُستنبَط — لا يُقاس عمودٌ بلا جدول",
Portal/approvals_inbox.php,unit_entries,الكيان,BOUND,entity,gov,"يبثُّه `ems_gov_ctx()` من `admin_companies` — موصولٌ سلفًا، لا عمل",
Portal/approvals_inbox.php,unit_entries,"المنشئ — الاسم والصفة",MANUAL,created_by,,"مشتقٌّ من `created_by` و`unit_entries` لا يحمله — يلزم قرار",
Portal/approvals_inbox.php,unit_entries,"المعتمد — الاسم والصفة",MANUAL,approved_by,,"مشتقٌّ من `approved_by` و`unit_entries` لا يحمله — يلزم قرار",
Portal/approvals_inbox.php,unit_entries,"مرجع التفويض",MANUAL,,,"تسميةٌ علائقيةٌ (مرجعٌ لجدولٍ آخر) — عمودٌ نصيٌّ لها يزدوج المصدر",
Portal/approvals_inbox.php,unit_entries,"المرجع الأب",MANUAL,,,"تسميةٌ علائقيةٌ (مرجعٌ لجدولٍ آخر) — عمودٌ نصيٌّ لها يزدوج المصدر",
Portal/approvals_inbox.php,unit_entries,"تاريخ الإنشاء",BIND,created_at,derived,"مشتقٌّ من `created_at` القائمِ في `unit_entries` — بلا هجرة",
Portal/approvals_inbox.php,unit_entries,"تاريخ الاعتماد",MANUAL,approved_at,,"مشتقٌّ من `approved_at` و`unit_entries` لا يحمله — يلزم قرار",
Portal/approvals_inbox.php,unit_entries,الحالة,MANUAL,status,,"مشتقٌّ من `status` و`unit_entries` لا يحمله — يلزم قرار",
Portal/business_models.php,,الكيان,BOUND,entity,gov,"يبثُّه `ems_gov_ctx()` من `admin_companies` — موصولٌ سلفًا، لا عمل",
Portal/business_models.php,,"المنشئ — الاسم والصفة",MANUAL,,,"جدولُ الشاشةِ لم يُستنبَط — لا يُقاس عمودٌ بلا جدول",
Portal/business_models.php,,"المعتمد — الاسم والصفة",MANUAL,,,"جدولُ الشاشةِ لم يُستنبَط — لا يُقاس عمودٌ بلا جدول",
Portal/business_models.php,,الحالة,MANUAL,,,"جدولُ الشاشةِ لم يُستنبَط — لا يُقاس عمودٌ بلا جدول",
Portal/ceo_approvals.php,exec_approvals,الكيان,BOUND,entity,gov,"يبثُّه `ems_gov_ctx()` من `admin_companies` — موصولٌ سلفًا، لا عمل",
Portal/ceo_approvals.php,exec_approvals,العملة,MANUAL,,,"تسميةٌ علائقيةٌ (مرجعٌ لجدولٍ آخر) — عمودٌ نصيٌّ لها يزدوج المصدر",
Portal/ceo_approvals.php,exec_approvals,"المنشئ — الاسم والصفة",BIND,created_by,derived,"مشتقٌّ من `created_by` القائمِ في `exec_approvals` — بلا هجرة",
Portal/ceo_approvals.php,exec_approvals,"المعتمد — الاسم والصفة",MANUAL,approved_by,,"مشتقٌّ من `approved_by` و`exec_approvals` لا يحمله — يلزم قرار",
Portal/ceo_approvals.php,exec_approvals,"مرجع التفويض",MANUAL,,,"تسميةٌ علائقيةٌ (مرجعٌ لجدولٍ آخر) — عمودٌ نصيٌّ لها يزدوج المصدر",
Portal/ceo_approvals.php,exec_approvals,"تاريخ الإنشاء",BIND,created_at,derived,"مشتقٌّ من `created_at` القائمِ في `exec_approvals` — بلا هجرة",
Portal/ceo_approvals.php,exec_approvals,"تاريخ الاعتماد",BIND,approved_at,derived,"مشتقٌّ من `approved_at` القائمِ في `exec_approvals` — بلا هجرة",
Portal/ceo_approvals.php,exec_approvals,"المرجع الأب",MANUAL,,,"تسميةٌ علائقيةٌ (مرجعٌ لجدولٍ آخر) — عمودٌ نصيٌّ لها يزدوج المصدر",
Portal/ceo_approvals.php,exec_approvals,الحالة,BIND,status,derived,"مشتقٌّ من `status` القائمِ في `exec_approvals` — بلا هجرة",
Portal/ceo_board.php,exec_approvals,الكيان,BOUND,entity,gov,"يبثُّه `ems_gov_ctx()` من `admin_companies` — موصولٌ سلفًا، لا عمل",
Portal/ceo_contracts.php,exec_contract_signings,الكيان,BOUND,entity,gov,"يبثُّه `ems_gov_ctx()` من `admin_companies` — موصولٌ سلفًا، لا عمل",
Portal/ceo_contracts.php,exec_contract_signings,العملة,MANUAL,,,"تسميةٌ علائقيةٌ (مرجعٌ لجدولٍ آخر) — عمودٌ نصيٌّ لها يزدوج المصدر",
Portal/ceo_contracts.php,exec_contract_signings,"سجل في السجل الموحد؟",MANUAL,,,"ليست في المعجم — ولا يُخترع اسمُ عمودٍ لتسميةٍ لم تُدرَس",
Portal/ceo_contracts.php,exec_contract_signings,"المنشئ — الاسم والصفة",BIND,created_by,derived,"مشتقٌّ من `created_by` القائمِ في `exec_contract_signings` — بلا هجرة",
Portal/ceo_contracts.php,exec_contract_signings,"المعتمد — الاسم والصفة",MANUAL,approved_by,,"مشتقٌّ من `approved_by` و`exec_contract_signings` لا يحمله — يلزم قرار",
Portal/ceo_contracts.php,exec_contract_signings,"مرجع التفويض",MANUAL,,,"تسميةٌ علائقيةٌ (مرجعٌ لجدولٍ آخر) — عمودٌ نصيٌّ لها يزدوج المصدر",
Portal/ceo_contracts.php,exec_contract_signings,"تاريخ الاعتماد",BIND,approved_at,derived,"مشتقٌّ من `approved_at` القائمِ في `exec_contract_signings` — بلا هجرة",
Portal/ceo_contracts.php,exec_contract_signings,"تاريخ الإنشاء",BIND,created_at,derived,"مشتقٌّ من `created_at` القائمِ في `exec_contract_signings` — بلا هجرة",
Portal/ceo_contracts.php,exec_contract_signings,"المرجع الأب",MANUAL,,,"تسميةٌ علائقيةٌ (مرجعٌ لجدولٍ آخر) — عمودٌ نصيٌّ لها يزدوج المصدر",
Portal/ceo_contracts.php,exec_contract_signings,الحالة,BIND,status,derived,"مشتقٌّ من `status` القائمِ في `exec_contract_signings` — بلا هجرة",
Portal/ceo_reports.php,ems_business_events,الكيان,BOUND,entity,gov,"يبثُّه `ems_gov_ctx()` من `admin_companies` — موصولٌ سلفًا، لا عمل",
Portal/ceo_reports.php,ems_business_events,"المنشئ — الاسم والصفة",BIND,created_by,derived,"مشتقٌّ من `created_by` القائمِ في `ems_business_events` — بلا هجرة",
Portal/ceo_reports.php,ems_business_events,"المعتمد — الاسم والصفة",MANUAL,approved_by,,"مشتقٌّ من `approved_by` و`ems_business_events` لا يحمله — يلزم قرار",
Portal/ceo_reports.php,ems_business_events,"مرجع التفويض",MANUAL,,,"تسميةٌ علائقيةٌ (مرجعٌ لجدولٍ آخر) — عمودٌ نصيٌّ لها يزدوج المصدر",
Portal/ceo_reports.php,ems_business_events,"المرجع الأب",MANUAL,,,"تسميةٌ علائقيةٌ (مرجعٌ لجدولٍ آخر) — عمودٌ نصيٌّ لها يزدوج المصدر",
Portal/ceo_reports.php,ems_business_events,"تاريخ الإنشاء",BIND,created_at,derived,"مشتقٌّ من `created_at` القائمِ في `ems_business_events` — بلا هجرة",
Portal/ceo_reports.php,ems_business_events,"تاريخ الاعتماد",MANUAL,approved_at,,"مشتقٌّ من `approved_at` و`ems_business_events` لا يحمله — يلزم قرار",
Portal/ceo_risk.php,exec_decisions,الكيان,BOUND,entity,gov,"يبثُّه `ems_gov_ctx()` من `admin_companies` — موصولٌ سلفًا، لا عمل",
Portal/ceo_risk.php,exec_decisions,العملة,MANUAL,,,"تسميةٌ علائقيةٌ (مرجعٌ لجدولٍ آخر) — عمودٌ نصيٌّ لها يزدوج المصدر",
Portal/ceo_risk.php,exec_decisions,"المعتمد — الاسم والصفة",MANUAL,approved_by,,"مشتقٌّ من `approved_by` و`exec_decisions` لا يحمله — يلزم قرار",
Portal/ceo_risk.php,exec_decisions,"مرجع التفويض",MANUAL,,,"تسميةٌ علائقيةٌ (مرجعٌ لجدولٍ آخر) — عمودٌ نصيٌّ لها يزدوج المصدر",
Portal/ceo_risk.php,exec_decisions,"المرجع الأب",MANUAL,,,"تسميةٌ علائقيةٌ (مرجعٌ لجدولٍ آخر) — عمودٌ نصيٌّ لها يزدوج المصدر",
Portal/ceo_risk.php,exec_decisions,الحالة,BIND,status,derived,"مشتقٌّ من `status` القائمِ في `exec_decisions` — بلا هجرة",
Portal/contract_review.php,,الكيان,BOUND,entity,gov,"يبثُّه `ems_gov_ctx()` من `admin_companies` — موصولٌ سلفًا، لا عمل",
Portal/contract_review.php,,العملة,MANUAL,,,"جدولُ الشاشةِ لم يُستنبَط — لا يُقاس عمودٌ بلا جدول",
Portal/contract_review.php,,"المنشئ — الاسم والصفة",MANUAL,,,"جدولُ الشاشةِ لم يُستنبَط — لا يُقاس عمودٌ بلا جدول",
Portal/contract_review.php,,"المعتمد — الاسم والصفة",MANUAL,,,"جدولُ الشاشةِ لم يُستنبَط — لا يُقاس عمودٌ بلا جدول",
Portal/contract_review.php,,الحالة,MANUAL,,,"جدولُ الشاشةِ لم يُستنبَط — لا يُقاس عمودٌ بلا جدول",
Portal/dept_board.php,work_items,الكيان,BOUND,entity,gov,"يبثُّه `ems_gov_ctx()` من `admin_companies` — موصولٌ سلفًا، لا عمل",
Portal/dept_board.php,work_items,"المنشئ — الاسم والصفة",BIND,created_by,derived,"مشتقٌّ من `created_by` القائمِ في `work_items` — بلا هجرة",
Portal/dept_board.php,work_items,"المعتمد — الاسم والصفة",BIND,approved_by,derived,"مشتقٌّ من `approved_by` القائمِ في `work_items` — بلا هجرة",
Portal/dept_board.php,work_items,"مرجع التفويض",MANUAL,,,"تسميةٌ علائقيةٌ (مرجعٌ لجدولٍ آخر) — عمودٌ نصيٌّ لها يزدوج المصدر",
Portal/dept_board.php,work_items,"المرجع الأب",MANUAL,,,"تسميةٌ علائقيةٌ (مرجعٌ لجدولٍ آخر) — عمودٌ نصيٌّ لها يزدوج المصدر",
Portal/dept_board.php,work_items,"تاريخ الاعتماد",BIND,approved_at,derived,"مشتقٌّ من `approved_at` القائمِ في `work_items` — بلا هجرة",
Portal/founding_mode.php,,الكيان,BOUND,entity,gov,"يبثُّه `ems_gov_ctx()` من `admin_companies` — موصولٌ سلفًا، لا عمل",
Portal/founding_mode.php,,الحالة,MANUAL,,,"جدولُ الشاشةِ لم يُستنبَط — لا يُقاس عمودٌ بلا جدول",
Portal/my_achievement.php,,الموظف,MANUAL,,,"جدولُ الشاشةِ لم يُستنبَط — لا يُقاس عمودٌ بلا جدول",
Portal/my_achievement.php,,الإدارة,MANUAL,,,"جدولُ الشاشةِ لم يُستنبَط — لا يُقاس عمودٌ بلا جدول",
Portal/my_achievement.php,,"المدى المختار",MANUAL,,,"جدولُ الشاشةِ لم يُستنبَط — لا يُقاس عمودٌ بلا جدول",
Portal/my_achievement.php,,"المهام المسندة",MANUAL,,,"جدولُ الشاشةِ لم يُستنبَط — لا يُقاس عمودٌ بلا جدول",
Portal/my_achievement.php,,"المنجزة في المهلة",MANUAL,,,"جدولُ الشاشةِ لم يُستنبَط — لا يُقاس عمودٌ بلا جدول",
Portal/my_achievement.php,,المتأخرة,MANUAL,,,"جدولُ الشاشةِ لم يُستنبَط — لا يُقاس عمودٌ بلا جدول",
Portal/my_achievement.php,,"نسبة الالتزام",MANUAL,,,"جدولُ الشاشةِ لم يُستنبَط — لا يُقاس عمودٌ بلا جدول",
Portal/my_achievement.php,,"ساعات العمل",MANUAL,,,"جدولُ الشاشةِ لم يُستنبَط — لا يُقاس عمودٌ بلا جدول",
Portal/my_achievement.php,,"الإنتاج المنسوب",MANUAL,,,"جدولُ الشاشةِ لم يُستنبَط — لا يُقاس عمودٌ بلا جدول",
Portal/my_achievement.php,,"نسبة الإنجاز من المستهدف",MANUAL,,,"جدولُ الشاشةِ لم يُستنبَط — لا يُقاس عمودٌ بلا جدول",
Portal/my_achievement.php,,"البلاغات المرفوعة",MANUAL,,,"جدولُ الشاشةِ لم يُستنبَط — لا يُقاس عمودٌ بلا جدول",
Portal/my_achievement.php,,"البلاغات المعالجة",MANUAL,,,"جدولُ الشاشةِ لم يُستنبَط — لا يُقاس عمودٌ بلا جدول",
Portal/my_achievement.php,,"الترتيب في الإدارة",MANUAL,,,"جدولُ الشاشةِ لم يُستنبَط — لا يُقاس عمودٌ بلا جدول",
Portal/my_achievement.php,,"تاريخ التوليد",MANUAL,,,"جدولُ الشاشةِ لم يُستنبَط — لا يُقاس عمودٌ بلا جدول",
Portal/my_achievement.php,,الكيان,BOUND,entity,gov,"يبثُّه `ems_gov_ctx()` من `admin_companies` — موصولٌ سلفًا، لا عمل",
Portal/my_certificate.php,achievement_certificates,الموظف,MANUAL,,,"ليست في المعجم — ولا يُخترع اسمُ عمودٍ لتسميةٍ لم تُدرَس",
Portal/my_certificate.php,achievement_certificates,الإدارة,NEW,department,text,"لا عمودَ له في `achievement_certificates` — يُنشأ **اختياريًّا** (NULL)",
Portal/my_certificate.php,achievement_certificates,"المهام المنجزة",MANUAL,,,"ليست في المعجم — ولا يُخترع اسمُ عمودٍ لتسميةٍ لم تُدرَس",
Portal/my_certificate.php,achievement_certificates,"نسبة الالتزام بالمهل",MANUAL,,,"ليست في المعجم — ولا يُخترع اسمُ عمودٍ لتسميةٍ لم تُدرَس",
Portal/my_certificate.php,achievement_certificates,"ساعات العمل",MANUAL,,,"ليست في المعجم — ولا يُخترع اسمُ عمودٍ لتسميةٍ لم تُدرَس",
Portal/my_certificate.php,achievement_certificates,"الإنتاج المنسوب",MANUAL,,,"ليست في المعجم — ولا يُخترع اسمُ عمودٍ لتسميةٍ لم تُدرَس",
Portal/my_certificate.php,achievement_certificates,"نسبة الإنجاز",MANUAL,,,"ليست في المعجم — ولا يُخترع اسمُ عمودٍ لتسميةٍ لم تُدرَس",
Portal/my_certificate.php,achievement_certificates,الترتيب,MANUAL,,,"ليست في المعجم — ولا يُخترع اسمُ عمودٍ لتسميةٍ لم تُدرَس",
Portal/my_certificate.php,achievement_certificates,أصدرها,MANUAL,,,"ليست في المعجم — ولا يُخترع اسمُ عمودٍ لتسميةٍ لم تُدرَس",
Portal/my_certificate.php,achievement_certificates,"تاريخ الإصدار",NEW,issue_date,date,"لا عمودَ له في `achievement_certificates` — يُنشأ **اختياريًّا** (NULL)",
Portal/my_certificate.php,achievement_certificates,الكيان,BOUND,entity,gov,"يبثُّه `ems_gov_ctx()` من `admin_companies` — موصولٌ سلفًا، لا عمل",
Portal/my_certificate.php,achievement_certificates,"مرجع التفويض",MANUAL,,,"تسميةٌ علائقيةٌ (مرجعٌ لجدولٍ آخر) — عمودٌ نصيٌّ لها يزدوج المصدر",
Portal/my_certificate.php,achievement_certificates,"تاريخ الاعتماد",MANUAL,approved_at,,"مشتقٌّ من `approved_at` و`achievement_certificates` لا يحمله — يلزم قرار",
Portal/my_certificate.php,achievement_certificates,"تاريخ الإنشاء",MANUAL,created_at,,"مشتقٌّ من `created_at` و`achievement_certificates` لا يحمله — يلزم قرار",
Portal/my_certificate.php,achievement_certificates,"المرجع الأب",MANUAL,,,"تسميةٌ علائقيةٌ (مرجعٌ لجدولٍ آخر) — عمودٌ نصيٌّ لها يزدوج المصدر",
Portal/my_certificate.php,achievement_certificates,"المعتمد — الاسم والصفة",MANUAL,approved_by,,"مشتقٌّ من `approved_by` و`achievement_certificates` لا يحمله — يلزم قرار",
Portal/my_certificate.php,achievement_certificates,الحالة,MANUAL,status,,"مشتقٌّ من `status` و`achievement_certificates` لا يحمله — يلزم قرار",
Portal/my_certificate.php,achievement_certificates,المرفق,MANUAL,,,"تسميةٌ علائقيةٌ (مرجعٌ لجدولٍ آخر) — عمودٌ نصيٌّ لها يزدوج المصدر",
Portal/my_kpi.php,work_items,الكيان,BOUND,entity,gov,"يبثُّه `ems_gov_ctx()` من `admin_companies` — موصولٌ سلفًا، لا عمل",
Portal/my_kpi.php,work_items,"المنشئ — الاسم والصفة",BIND,created_by,derived,"مشتقٌّ من `created_by` القائمِ في `work_items` — بلا هجرة",
Portal/my_kpi.php,work_items,"المعتمد — الاسم والصفة",BIND,approved_by,derived,"مشتقٌّ من `approved_by` القائمِ في `work_items` — بلا هجرة",
Portal/my_kpi.php,work_items,"مرجع التفويض",MANUAL,,,"تسميةٌ علائقيةٌ (مرجعٌ لجدولٍ آخر) — عمودٌ نصيٌّ لها يزدوج المصدر",
Portal/my_kpi.php,work_items,"المرجع الأب",MANUAL,,,"تسميةٌ علائقيةٌ (مرجعٌ لجدولٍ آخر) — عمودٌ نصيٌّ لها يزدوج المصدر",
Portal/my_kpi.php,work_items,"تاريخ الإنشاء",BIND,created_at,derived,"مشتقٌّ من `created_at` القائمِ في `work_items` — بلا هجرة",
Portal/my_kpi.php,work_items,"تاريخ الاعتماد",BIND,approved_at,derived,"مشتقٌّ من `approved_at` القائمِ في `work_items` — بلا هجرة",
Portal/my_kpi.php,work_items,الحالة,BIND,status,derived,"مشتقٌّ من `status` القائمِ في `work_items` — بلا هجرة",
Portal/my_portal.php,work_items,الموظف,MANUAL,,,"ليست في المعجم — ولا يُخترع اسمُ عمودٍ لتسميةٍ لم تُدرَس",
Portal/my_portal.php,work_items,الصفة,NEW,contact_title,text,"لا عمودَ له في `work_items` — يُنشأ **اختياريًّا** (NULL)",
Portal/my_portal.php,work_items,الإدارة,NEW,department,text,"لا عمودَ له في `work_items` — يُنشأ **اختياريًّا** (NULL)",
Portal/my_portal.php,work_items,الموقع,NEW,location,text,"لا عمودَ له في `work_items` — يُنشأ **اختياريًّا** (NULL)",
Portal/my_portal.php,work_items,"المعدة المكلف عليها",MANUAL,,,"ليست في المعجم — ولا يُخترع اسمُ عمودٍ لتسميةٍ لم تُدرَس",
Portal/my_portal.php,work_items,"المشغل الآخر على المعدة",MANUAL,,,"ليست في المعجم — ولا يُخترع اسمُ عمودٍ لتسميةٍ لم تُدرَس",
Portal/my_portal.php,work_items,"مهام مفتوحة",MANUAL,,,"ليست في المعجم — ولا يُخترع اسمُ عمودٍ لتسميةٍ لم تُدرَس",
Portal/my_portal.php,work_items,"موافقات تنتظرني",MANUAL,,,"ليست في المعجم — ولا يُخترع اسمُ عمودٍ لتسميةٍ لم تُدرَس",
Portal/my_portal.php,work_items,"طلباتي المعلقة",MANUAL,,,"ليست في المعجم — ولا يُخترع اسمُ عمودٍ لتسميةٍ لم تُدرَس",
Portal/my_portal.php,work_items,"بلاغاتي المفتوحة",MANUAL,,,"ليست في المعجم — ولا يُخترع اسمُ عمودٍ لتسميةٍ لم تُدرَس",
Portal/my_portal.php,work_items,"إنجاز الشهر",MANUAL,,,"ليست في المعجم — ولا يُخترع اسمُ عمودٍ لتسميةٍ لم تُدرَس",
Portal/my_portal.php,work_items,"آخر دخول",MANUAL,,,"ليست في المعجم — ولا يُخترع اسمُ عمودٍ لتسميةٍ لم تُدرَس",
Portal/my_portal.php,work_items,الكيان,BOUND,entity,gov,"يبثُّه `ems_gov_ctx()` من `admin_companies` — موصولٌ سلفًا، لا عمل",
Portal/my_requests.php,request_types,الكيان,BOUND,entity,gov,"يبثُّه `ems_gov_ctx()` من `admin_companies` — موصولٌ سلفًا، لا عمل",
Portal/my_requests.php,request_types,"المنشئ — الاسم والصفة",MANUAL,created_by,,"مشتقٌّ من `created_by` و`request_types` لا يحمله — يلزم قرار",
Portal/my_requests.php,request_types,"المعتمد — الاسم والصفة",MANUAL,approved_by,,"مشتقٌّ من `approved_by` و`request_types` لا يحمله — يلزم قرار",
Portal/my_requests.php,request_types,"مرجع التفويض",MANUAL,,,"تسميةٌ علائقيةٌ (مرجعٌ لجدولٍ آخر) — عمودٌ نصيٌّ لها يزدوج المصدر",
Portal/my_requests.php,request_types,"المرجع الأب",MANUAL,,,"تسميةٌ علائقيةٌ (مرجعٌ لجدولٍ آخر) — عمودٌ نصيٌّ لها يزدوج المصدر",
Portal/my_requests.php,request_types,"تاريخ الإنشاء",MANUAL,created_at,,"مشتقٌّ من `created_at` و`request_types` لا يحمله — يلزم قرار",
Portal/my_requests.php,request_types,"تاريخ الاعتماد",MANUAL,approved_at,,"مشتقٌّ من `approved_at` و`request_types` لا يحمله — يلزم قرار",
Portal/my_tasks.php,work_items,الكيان,BOUND,entity,gov,"يبثُّه `ems_gov_ctx()` من `admin_companies` — موصولٌ سلفًا، لا عمل",
Portal/notifications.php,personal_notifications,الكيان,BOUND,entity,gov,"يبثُّه `ems_gov_ctx()` من `admin_companies` — موصولٌ سلفًا، لا عمل",
Portal/notifications.php,personal_notifications,"المنشئ — الاسم والصفة",BIND,created_by,derived,"مشتقٌّ من `created_by` القائمِ في `personal_notifications` — بلا هجرة",
Portal/notifications.php,personal_notifications,"المعتمد — الاسم والصفة",MANUAL,approved_by,,"مشتقٌّ من `approved_by` و`personal_notifications` لا يحمله — يلزم قرار",
Portal/notifications.php,personal_notifications,"مرجع التفويض",MANUAL,,,"تسميةٌ علائقيةٌ (مرجعٌ لجدولٍ آخر) — عمودٌ نصيٌّ لها يزدوج المصدر",
Portal/notifications.php,personal_notifications,"المرجع الأب",MANUAL,,,"تسميةٌ علائقيةٌ (مرجعٌ لجدولٍ آخر) — عمودٌ نصيٌّ لها يزدوج المصدر",
Portal/notifications.php,personal_notifications,"تاريخ الإنشاء",BIND,created_at,derived,"مشتقٌّ من `created_at` القائمِ في `personal_notifications` — بلا هجرة",
Portal/notifications.php,personal_notifications,"تاريخ الاعتماد",MANUAL,approved_at,,"مشتقٌّ من `approved_at` و`personal_notifications` لا يحمله — يلزم قرار",
Portal/notifications.php,personal_notifications,الحالة,MANUAL,status,,"مشتقٌّ من `status` و`personal_notifications` لا يحمله — يلزم قرار",
Portal/portal_elements.php,role_permissions,الكيان,BOUND,entity,gov,"يبثُّه `ems_gov_ctx()` من `admin_companies` — موصولٌ سلفًا، لا عمل",
Portal/portal_elements.php,role_permissions,"المنشئ — الاسم والصفة",MANUAL,created_by,,"مشتقٌّ من `created_by` و`role_permissions` لا يحمله — يلزم قرار",
Portal/portal_elements.php,role_permissions,"المعتمد — الاسم والصفة",MANUAL,approved_by,,"مشتقٌّ من `approved_by` و`role_permissions` لا يحمله — يلزم قرار",
Portal/portal_elements.php,role_permissions,"مرجع التفويض",MANUAL,,,"تسميةٌ علائقيةٌ (مرجعٌ لجدولٍ آخر) — عمودٌ نصيٌّ لها يزدوج المصدر",
Portal/portal_elements.php,role_permissions,"المرجع الأب",MANUAL,,,"تسميةٌ علائقيةٌ (مرجعٌ لجدولٍ آخر) — عمودٌ نصيٌّ لها يزدوج المصدر",
Portal/portal_elements.php,role_permissions,"تاريخ الإنشاء",MANUAL,created_at,,"مشتقٌّ من `created_at` و`role_permissions` لا يحمله — يلزم قرار",
Portal/portal_elements.php,role_permissions,"تاريخ الاعتماد",MANUAL,approved_at,,"مشتقٌّ من `approved_at` و`role_permissions` لا يحمله — يلزم قرار",
Portal/portal_elements.php,role_permissions,الحالة,MANUAL,status,,"مشتقٌّ من `status` و`role_permissions` لا يحمله — يلزم قرار",
Portal/project_charter.php,exec_project_charters,الكيان,BOUND,entity,gov,"يبثُّه `ems_gov_ctx()` من `admin_companies` — موصولٌ سلفًا، لا عمل",
Portal/project_charter.php,exec_project_charters,"مركز التكلفة",MANUAL,,,"تسميةٌ علائقيةٌ (مرجعٌ لجدولٍ آخر) — عمودٌ نصيٌّ لها يزدوج المصدر",
Portal/project_charter.php,exec_project_charters,"إفادة الأسطول",MANUAL,,,"ليست في المعجم — ولا يُخترع اسمُ عمودٍ لتسميةٍ لم تُدرَس",
Portal/project_charter.php,exec_project_charters,"إفادة التمويل",MANUAL,,,"ليست في المعجم — ولا يُخترع اسمُ عمودٍ لتسميةٍ لم تُدرَس",
Portal/project_charter.php,exec_project_charters,"المعتمد — الاسم والصفة",MANUAL,approved_by,,"مشتقٌّ من `approved_by` و`exec_project_charters` لا يحمله — يلزم قرار",
Portal/project_charter.php,exec_project_charters,"تاريخ الاعتماد",MANUAL,approved_at,,"مشتقٌّ من `approved_at` و`exec_project_charters` لا يحمله — يلزم قرار",
Portal/project_charter.php,exec_project_charters,"المنشئ — الاسم والصفة",BIND,created_by,derived,"مشتقٌّ من `created_by` القائمِ في `exec_project_charters` — بلا هجرة",
Portal/project_charter.php,exec_project_charters,"مرجع التفويض",MANUAL,,,"تسميةٌ علائقيةٌ (مرجعٌ لجدولٍ آخر) — عمودٌ نصيٌّ لها يزدوج المصدر",
Portal/project_charter.php,exec_project_charters,"تاريخ الإنشاء",BIND,created_at,derived,"مشتقٌّ من `created_at` القائمِ في `exec_project_charters` — بلا هجرة",
Portal/project_charter.php,exec_project_charters,"المرجع الأب",MANUAL,,,"تسميةٌ علائقيةٌ (مرجعٌ لجدولٍ آخر) — عمودٌ نصيٌّ لها يزدوج المصدر",
Portal/project_charter.php,exec_project_charters,الحالة,BIND,status,derived,"مشتقٌّ من `status` القائمِ في `exec_project_charters` — بلا هجرة",
Portal/release_stamp.php,,الكيان,BOUND,entity,gov,"يبثُّه `ems_gov_ctx()` من `admin_companies` — موصولٌ سلفًا، لا عمل",
Portal/release_stamp.php,,"المعتمد — الاسم والصفة",MANUAL,,,"جدولُ الشاشةِ لم يُستنبَط — لا يُقاس عمودٌ بلا جدول",
Portal/release_stamp.php,,الحالة,MANUAL,,,"جدولُ الشاشةِ لم يُستنبَط — لا يُقاس عمودٌ بلا جدول",
Portal/visibility_audit.php,role_permissions,الكيان,BOUND,entity,gov,"يبثُّه `ems_gov_ctx()` من `admin_companies` — موصولٌ سلفًا، لا عمل",
Portal/visibility_audit.php,role_permissions,"المنشئ — الاسم والصفة",MANUAL,created_by,,"مشتقٌّ من `created_by` و`role_permissions` لا يحمله — يلزم قرار",
Portal/visibility_audit.php,role_permissions,"المعتمد — الاسم والصفة",MANUAL,approved_by,,"مشتقٌّ من `approved_by` و`role_permissions` لا يحمله — يلزم قرار",
Portal/visibility_audit.php,role_permissions,"مرجع التفويض",MANUAL,,,"تسميةٌ علائقيةٌ (مرجعٌ لجدولٍ آخر) — عمودٌ نصيٌّ لها يزدوج المصدر",
Portal/visibility_audit.php,role_permissions,"المرجع الأب",MANUAL,,,"تسميةٌ علائقيةٌ (مرجعٌ لجدولٍ آخر) — عمودٌ نصيٌّ لها يزدوج المصدر",
Portal/visibility_audit.php,role_permissions,"تاريخ الإنشاء",MANUAL,created_at,,"مشتقٌّ من `created_at` و`role_permissions` لا يحمله — يلزم قرار",
Portal/visibility_audit.php,role_permissions,"تاريخ الاعتماد",MANUAL,approved_at,,"مشتقٌّ من `approved_at` و`role_permissions` لا يحمله — يلزم قرار",
Portal/visibility_audit.php,role_permissions,الحالة,MANUAL,status,,"مشتقٌّ من `status` و`role_permissions` لا يحمله — يلزم قرار",
Portal/visibility_keys.php,role_permissions,"رقم المفتاح",MANUAL,,,"ليست في المعجم — ولا يُخترع اسمُ عمودٍ لتسميةٍ لم تُدرَس",
Portal/visibility_keys.php,role_permissions,الشاشة,MANUAL,,,"ليست في المعجم — ولا يُخترع اسمُ عمودٍ لتسميةٍ لم تُدرَس",
Portal/visibility_keys.php,role_permissions,الملف,MANUAL,,,"ليست في المعجم — ولا يُخترع اسمُ عمودٍ لتسميةٍ لم تُدرَس",
Portal/visibility_keys.php,role_permissions,"الإدارة المالكة",MANUAL,,,"ليست في المعجم — ولا يُخترع اسمُ عمودٍ لتسميةٍ لم تُدرَس",
Portal/visibility_keys.php,role_permissions,"الدور المستفيد",MANUAL,,,"ليست في المعجم — ولا يُخترع اسمُ عمودٍ لتسميةٍ لم تُدرَس",
Portal/visibility_keys.php,role_permissions,"الإدارة العارضة",MANUAL,,,"ليست في المعجم — ولا يُخترع اسمُ عمودٍ لتسميةٍ لم تُدرَس",
Portal/visibility_keys.php,role_permissions,الزاوية,MANUAL,,,"ليست في المعجم — ولا يُخترع اسمُ عمودٍ لتسميةٍ لم تُدرَس",
Portal/visibility_keys.php,role_permissions,"الأعمدة المعروضة",MANUAL,,,"ليست في المعجم — ولا يُخترع اسمُ عمودٍ لتسميةٍ لم تُدرَس",
Portal/visibility_keys.php,role_permissions,"الفلاتر الافتراضية",MANUAL,,,"ليست في المعجم — ولا يُخترع اسمُ عمودٍ لتسميةٍ لم تُدرَس",
Portal/visibility_keys.php,role_permissions,"الأفعال المسموحة",MANUAL,,,"ليست في المعجم — ولا يُخترع اسمُ عمودٍ لتسميةٍ لم تُدرَس",
Portal/visibility_keys.php,role_permissions,"الأفعال المحجوبة",MANUAL,,,"ليست في المعجم — ولا يُخترع اسمُ عمودٍ لتسميةٍ لم تُدرَس",
Portal/visibility_keys.php,role_permissions,"تاريخ السريان",NEW,effective_date,date,"لا عمودَ له في `role_permissions` — يُنشأ **اختياريًّا** (NULL)",
Portal/visibility_keys.php,role_permissions,أنشأه,MANUAL,,,"ليست في المعجم — ولا يُخترع اسمُ عمودٍ لتسميةٍ لم تُدرَس",
Portal/visibility_keys.php,role_permissions,الكيان,BOUND,entity,gov,"يبثُّه `ems_gov_ctx()` من `admin_companies` — موصولٌ سلفًا، لا عمل",
Portal/visibility_keys.php,role_permissions,"مرجع التفويض",MANUAL,,,"تسميةٌ علائقيةٌ (مرجعٌ لجدولٍ آخر) — عمودٌ نصيٌّ لها يزدوج المصدر",
Portal/visibility_keys.php,role_permissions,"تاريخ الاعتماد",MANUAL,approved_at,,"مشتقٌّ من `approved_at` و`role_permissions` لا يحمله — يلزم قرار",
Portal/visibility_keys.php,role_permissions,"تاريخ الإنشاء",MANUAL,created_at,,"مشتقٌّ من `created_at` و`role_permissions` لا يحمله — يلزم قرار",
Portal/visibility_keys.php,role_permissions,"المرجع الأب",MANUAL,,,"تسميةٌ علائقيةٌ (مرجعٌ لجدولٍ آخر) — عمودٌ نصيٌّ لها يزدوج المصدر",
Portal/visibility_keys.php,role_permissions,"المعتمد — الاسم والصفة",MANUAL,approved_by,,"مشتقٌّ من `approved_by` و`role_permissions` لا يحمله — يلزم قرار",
Portal/visibility_keys.php,role_permissions,الحالة,MANUAL,status,,"مشتقٌّ من `status` و`role_permissions` لا يحمله — يلزم قرار",
Portal/visibility_keys.php,role_permissions,المرفق,MANUAL,,,"تسميةٌ علائقيةٌ (مرجعٌ لجدولٍ آخر) — عمودٌ نصيٌّ لها يزدوج المصدر",
Portal/visibility_simulator.php,role_permissions,الكيان,BOUND,entity,gov,"يبثُّه `ems_gov_ctx()` من `admin_companies` — موصولٌ سلفًا، لا عمل",
Portal/visibility_simulator.php,role_permissions,"المنشئ — الاسم والصفة",MANUAL,created_by,,"مشتقٌّ من `created_by` و`role_permissions` لا يحمله — يلزم قرار",
Portal/visibility_simulator.php,role_permissions,"المعتمد — الاسم والصفة",MANUAL,approved_by,,"مشتقٌّ من `approved_by` و`role_permissions` لا يحمله — يلزم قرار",
Portal/visibility_simulator.php,role_permissions,"مرجع التفويض",MANUAL,,,"تسميةٌ علائقيةٌ (مرجعٌ لجدولٍ آخر) — عمودٌ نصيٌّ لها يزدوج المصدر",
Portal/visibility_simulator.php,role_permissions,"المرجع الأب",MANUAL,,,"تسميةٌ علائقيةٌ (مرجعٌ لجدولٍ آخر) — عمودٌ نصيٌّ لها يزدوج المصدر",
Portal/visibility_simulator.php,role_permissions,"تاريخ الإنشاء",MANUAL,created_at,,"مشتقٌّ من `created_at` و`role_permissions` لا يحمله — يلزم قرار",
Portal/visibility_simulator.php,role_permissions,"تاريخ الاعتماد",MANUAL,approved_at,,"مشتقٌّ من `approved_at` و`role_permissions` لا يحمله — يلزم قرار",
Portal/visibility_simulator.php,role_permissions,الحالة,MANUAL,status,,"مشتقٌّ من `status` و`role_permissions` لا يحمله — يلزم قرار",
Procurement/consumption_rate.php,proc_item,الكيان,BOUND,entity,gov,"يبثُّه `ems_gov_ctx()` من `admin_companies` — موصولٌ سلفًا، لا عمل",
Procurement/consumption_rate.php,proc_item,العملة,MANUAL,,,"تسميةٌ علائقيةٌ (مرجعٌ لجدولٍ آخر) — عمودٌ نصيٌّ لها يزدوج المصدر",
Procurement/consumption_rate.php,proc_item,"مركز التكلفة",MANUAL,,,"تسميةٌ علائقيةٌ (مرجعٌ لجدولٍ آخر) — عمودٌ نصيٌّ لها يزدوج المصدر",
Procurement/consumption_rate.php,proc_item,"المنشئ — الاسم والصفة",BIND,created_by,derived,"مشتقٌّ من `created_by` القائمِ في `proc_item` — بلا هجرة",
Procurement/consumption_rate.php,proc_item,"تاريخ الإنشاء",BIND,created_at,derived,"مشتقٌّ من `created_at` القائمِ في `proc_item` — بلا هجرة",
Procurement/consumption_rate.php,proc_item,الحالة,BIND,status,derived,"مشتقٌّ من `status` القائمِ في `proc_item` — بلا هجرة",
Procurement/dashboard_proc.php,proc_request,الكيان,BOUND,entity,gov,"يبثُّه `ems_gov_ctx()` من `admin_companies` — موصولٌ سلفًا، لا عمل",
Procurement/dashboard_proc.php,proc_request,"المنشئ — الاسم والصفة",BIND,created_by,derived,"مشتقٌّ من `created_by` القائمِ في `proc_request` — بلا هجرة",
Procurement/dashboard_proc.php,proc_request,"المعتمد — الاسم والصفة",MANUAL,approved_by,,"مشتقٌّ من `approved_by` و`proc_request` لا يحمله — يلزم قرار",
Procurement/dashboard_proc.php,proc_request,"مرجع التفويض",MANUAL,,,"تسميةٌ علائقيةٌ (مرجعٌ لجدولٍ آخر) — عمودٌ نصيٌّ لها يزدوج المصدر",
Procurement/dashboard_proc.php,proc_request,"المرجع الأب",MANUAL,,,"تسميةٌ علائقيةٌ (مرجعٌ لجدولٍ آخر) — عمودٌ نصيٌّ لها يزدوج المصدر",
Procurement/dashboard_proc.php,proc_request,"تاريخ الإنشاء",BIND,created_at,derived,"مشتقٌّ من `created_at` القائمِ في `proc_request` — بلا هجرة",
Procurement/dashboard_proc.php,proc_request,"تاريخ الاعتماد",MANUAL,approved_at,,"مشتقٌّ من `approved_at` و`proc_request` لا يحمله — يلزم قرار",
Procurement/dashboard_proc.php,proc_request,الحالة,MANUAL,status,,"مشتقٌّ من `status` و`proc_request` لا يحمله — يلزم قرار",
Procurement/issue_proc.php,,"رقم السند",MANUAL,,,"جدولُ الشاشةِ لم يُستنبَط — لا يُقاس عمودٌ بلا جدول",
Procurement/issue_proc.php,,المخزن,MANUAL,,,"جدولُ الشاشةِ لم يُستنبَط — لا يُقاس عمودٌ بلا جدول",
Procurement/issue_proc.php,,"الجهة الطالبة",MANUAL,,,"جدولُ الشاشةِ لم يُستنبَط — لا يُقاس عمودٌ بلا جدول",
Procurement/issue_proc.php,,"مرجع الطلب",MANUAL,,,"جدولُ الشاشةِ لم يُستنبَط — لا يُقاس عمودٌ بلا جدول",
Procurement/issue_proc.php,,"أمر العمل أو المشروع",MANUAL,,,"جدولُ الشاشةِ لم يُستنبَط — لا يُقاس عمودٌ بلا جدول",
Procurement/issue_proc.php,,"الوحدة التعاقدية",MANUAL,,,"جدولُ الشاشةِ لم يُستنبَط — لا يُقاس عمودٌ بلا جدول",
Procurement/issue_proc.php,,"قراءة العداد",MANUAL,,,"جدولُ الشاشةِ لم يُستنبَط — لا يُقاس عمودٌ بلا جدول",
Procurement/issue_proc.php,,"رقم الصنف",MANUAL,,,"جدولُ الشاشةِ لم يُستنبَط — لا يُقاس عمودٌ بلا جدول",
Procurement/issue_proc.php,,"اسم الصنف",MANUAL,,,"جدولُ الشاشةِ لم يُستنبَط — لا يُقاس عمودٌ بلا جدول",
Procurement/issue_proc.php,,"الكمية المصروفة",MANUAL,,,"جدولُ الشاشةِ لم يُستنبَط — لا يُقاس عمودٌ بلا جدول",
Procurement/issue_proc.php,,الوحدة,MANUAL,,,"جدولُ الشاشةِ لم يُستنبَط — لا يُقاس عمودٌ بلا جدول",
Procurement/issue_proc.php,,"تكلفة الوحدة",MANUAL,,,"جدولُ الشاشةِ لم يُستنبَط — لا يُقاس عمودٌ بلا جدول",
Procurement/issue_proc.php,,"صفة المستلم",MANUAL,,,"جدولُ الشاشةِ لم يُستنبَط — لا يُقاس عمودٌ بلا جدول",
Procurement/issue_proc.php,,"نوع الصرف",MANUAL,,,"جدولُ الشاشةِ لم يُستنبَط — لا يُقاس عمودٌ بلا جدول",
Procurement/issue_proc.php,,صرفه,MANUAL,,,"جدولُ الشاشةِ لم يُستنبَط — لا يُقاس عمودٌ بلا جدول",
Procurement/issue_proc.php,,الكيان,BOUND,entity,gov,"يبثُّه `ems_gov_ctx()` من `admin_companies` — موصولٌ سلفًا، لا عمل",
Procurement/issue_proc.php,,"مرجع التفويض",MANUAL,,,"جدولُ الشاشةِ لم يُستنبَط — لا يُقاس عمودٌ بلا جدول",
Procurement/issue_proc.php,,"تاريخ الاعتماد",MANUAL,,,"جدولُ الشاشةِ لم يُستنبَط — لا يُقاس عمودٌ بلا جدول",
Procurement/issue_proc.php,,"تاريخ الإنشاء",MANUAL,,,"جدولُ الشاشةِ لم يُستنبَط — لا يُقاس عمودٌ بلا جدول",
Procurement/issue_proc.php,,"المنشئ — الاسم والصفة",MANUAL,,,"جدولُ الشاشةِ لم يُستنبَط — لا يُقاس عمودٌ بلا جدول",
Procurement/issue_proc.php,,"المعتمد — الاسم والصفة",MANUAL,,,"جدولُ الشاشةِ لم يُستنبَط — لا يُقاس عمودٌ بلا جدول",
Procurement/issue_proc.php,,"مفتاح منع التكرار",MANUAL,,,"جدولُ الشاشةِ لم يُستنبَط — لا يُقاس عمودٌ بلا جدول",
Procurement/issue_proc.php,,"معكوس ب",MANUAL,,,"جدولُ الشاشةِ لم يُستنبَط — لا يُقاس عمودٌ بلا جدول",
Procurement/issue_proc.php,,"عكس عن",MANUAL,,,"جدولُ الشاشةِ لم يُستنبَط — لا يُقاس عمودٌ بلا جدول",
Procurement/issue_proc.php,,"درجة الأثر",MANUAL,,,"جدولُ الشاشةِ لم يُستنبَط — لا يُقاس عمودٌ بلا جدول",
Procurement/issue_proc.php,,المرفق,MANUAL,,,"جدولُ الشاشةِ لم يُستنبَط — لا يُقاس عمودٌ بلا جدول",
Procurement/issue_proc.php,,"سعر الصرف ومصدره",MANUAL,,,"جدولُ الشاشةِ لم يُستنبَط — لا يُقاس عمودٌ بلا جدول",
Procurement/issue_proc.php,,"مركز التكلفة المحمل",MANUAL,,,"جدولُ الشاشةِ لم يُستنبَط — لا يُقاس عمودٌ بلا جدول",
Procurement/items_proc.php,,"رقم الصنف",MANUAL,,,"جدولُ الشاشةِ لم يُستنبَط — لا يُقاس عمودٌ بلا جدول",
Procurement/items_proc.php,,"الموديل أو العائلة المخدومة",MANUAL,,,"جدولُ الشاشةِ لم يُستنبَط — لا يُقاس عمودٌ بلا جدول",
Procurement/items_proc.php,,"حد إعادة الطلب",MANUAL,,,"جدولُ الشاشةِ لم يُستنبَط — لا يُقاس عمودٌ بلا جدول",
Procurement/items_proc.php,,"الحد الأدنى",MANUAL,,,"جدولُ الشاشةِ لم يُستنبَط — لا يُقاس عمودٌ بلا جدول",
Procurement/items_proc.php,,"الحد الأقصى",MANUAL,,,"جدولُ الشاشةِ لم يُستنبَط — لا يُقاس عمودٌ بلا جدول",
Procurement/items_proc.php,,"متوسط التكلفة",MANUAL,,,"جدولُ الشاشةِ لم يُستنبَط — لا يُقاس عمودٌ بلا جدول",
Procurement/items_proc.php,,"المورد المفضل",MANUAL,,,"جدولُ الشاشةِ لم يُستنبَط — لا يُقاس عمودٌ بلا جدول",
Procurement/items_proc.php,,"المخزن الافتراضي",MANUAL,,,"جدولُ الشاشةِ لم يُستنبَط — لا يُقاس عمودٌ بلا جدول",
Procurement/items_proc.php,,عرفه,MANUAL,,,"جدولُ الشاشةِ لم يُستنبَط — لا يُقاس عمودٌ بلا جدول",
Procurement/items_proc.php,,الكيان,BOUND,entity,gov,"يبثُّه `ems_gov_ctx()` من `admin_companies` — موصولٌ سلفًا، لا عمل",
Procurement/items_proc.php,,"مرجع التفويض",MANUAL,,,"جدولُ الشاشةِ لم يُستنبَط — لا يُقاس عمودٌ بلا جدول",
Procurement/items_proc.php,,"تاريخ الاعتماد",MANUAL,,,"جدولُ الشاشةِ لم يُستنبَط — لا يُقاس عمودٌ بلا جدول",
Procurement/items_proc.php,,"تاريخ الإنشاء",MANUAL,,,"جدولُ الشاشةِ لم يُستنبَط — لا يُقاس عمودٌ بلا جدول",
Procurement/items_proc.php,,"المرجع الأب",MANUAL,,,"جدولُ الشاشةِ لم يُستنبَط — لا يُقاس عمودٌ بلا جدول",
Procurement/items_proc.php,,"المنشئ — الاسم والصفة",MANUAL,,,"جدولُ الشاشةِ لم يُستنبَط — لا يُقاس عمودٌ بلا جدول",
Procurement/items_proc.php,,"المعتمد — الاسم والصفة",MANUAL,,,"جدولُ الشاشةِ لم يُستنبَط — لا يُقاس عمودٌ بلا جدول",
Procurement/items_proc.php,,الحالة,MANUAL,,,"جدولُ الشاشةِ لم يُستنبَط — لا يُقاس عمودٌ بلا جدول",
Procurement/items_proc.php,,المرفق,MANUAL,,,"جدولُ الشاشةِ لم يُستنبَط — لا يُقاس عمودٌ بلا جدول",
Procurement/items_proc.php,,"مركز التكلفة",MANUAL,,,"جدولُ الشاشةِ لم يُستنبَط — لا يُقاس عمودٌ بلا جدول",
Procurement/items_proc.php,,"سعر الصرف ومصدره",MANUAL,,,"جدولُ الشاشةِ لم يُستنبَط — لا يُقاس عمودٌ بلا جدول",
Procurement/items_proc.php,,العملة,MANUAL,,,"جدولُ الشاشةِ لم يُستنبَط — لا يُقاس عمودٌ بلا جدول",
Procurement/master_data_proc.php,,"المواقع الداخلية",MANUAL,,,"جدولُ الشاشةِ لم يُستنبَط — لا يُقاس عمودٌ بلا جدول",
Procurement/master_data_proc.php,,"أمين المخزن",MANUAL,,,"جدولُ الشاشةِ لم يُستنبَط — لا يُقاس عمودٌ بلا جدول",
Procurement/master_data_proc.php,,"أسلوب الجرد",MANUAL,,,"جدولُ الشاشةِ لم يُستنبَط — لا يُقاس عمودٌ بلا جدول",
Procurement/master_data_proc.php,,"دورية الجرد",MANUAL,,,"جدولُ الشاشةِ لم يُستنبَط — لا يُقاس عمودٌ بلا جدول",
Procurement/master_data_proc.php,,"عهدة مزدوجة؟",MANUAL,,,"جدولُ الشاشةِ لم يُستنبَط — لا يُقاس عمودٌ بلا جدول",
Procurement/master_data_proc.php,,"ترخيص مطلوب؟",MANUAL,,,"جدولُ الشاشةِ لم يُستنبَط — لا يُقاس عمودٌ بلا جدول",
Procurement/master_data_proc.php,,"رقم الترخيص",MANUAL,,,"جدولُ الشاشةِ لم يُستنبَط — لا يُقاس عمودٌ بلا جدول",
Procurement/master_data_proc.php,,"تاريخ انتهائه",MANUAL,,,"جدولُ الشاشةِ لم يُستنبَط — لا يُقاس عمودٌ بلا جدول",
Procurement/master_data_proc.php,,"ضوابط الصرف",MANUAL,,,"جدولُ الشاشةِ لم يُستنبَط — لا يُقاس عمودٌ بلا جدول",
Procurement/master_data_proc.php,,الكيان,BOUND,entity,gov,"يبثُّه `ems_gov_ctx()` من `admin_companies` — موصولٌ سلفًا، لا عمل",
Procurement/master_data_proc.php,,"مرجع التفويض",MANUAL,,,"جدولُ الشاشةِ لم يُستنبَط — لا يُقاس عمودٌ بلا جدول",
Procurement/master_data_proc.php,,"تاريخ الاعتماد",MANUAL,,,"جدولُ الشاشةِ لم يُستنبَط — لا يُقاس عمودٌ بلا جدول",
Procurement/master_data_proc.php,,"تاريخ الإنشاء",MANUAL,,,"جدولُ الشاشةِ لم يُستنبَط — لا يُقاس عمودٌ بلا جدول",
Procurement/master_data_proc.php,,"المرجع الأب",MANUAL,,,"جدولُ الشاشةِ لم يُستنبَط — لا يُقاس عمودٌ بلا جدول",
Procurement/master_data_proc.php,,"المنشئ — الاسم والصفة",MANUAL,,,"جدولُ الشاشةِ لم يُستنبَط — لا يُقاس عمودٌ بلا جدول",
Procurement/master_data_proc.php,,"المعتمد — الاسم والصفة",MANUAL,,,"جدولُ الشاشةِ لم يُستنبَط — لا يُقاس عمودٌ بلا جدول",
Procurement/master_data_proc.php,,الحالة,MANUAL,,,"جدولُ الشاشةِ لم يُستنبَط — لا يُقاس عمودٌ بلا جدول",
Procurement/master_data_proc.php,,المرفق,MANUAL,,,"جدولُ الشاشةِ لم يُستنبَط — لا يُقاس عمودٌ بلا جدول",
Procurement/orders_proc.php,,"رقم الأمر",MANUAL,,,"جدولُ الشاشةِ لم يُستنبَط — لا يُقاس عمودٌ بلا جدول",
Procurement/orders_proc.php,,"تاريخ الإصدار",MANUAL,,,"جدولُ الشاشةِ لم يُستنبَط — لا يُقاس عمودٌ بلا جدول",
Procurement/orders_proc.php,,"الرقم الضريبي للمورد",MANUAL,,,"جدولُ الشاشةِ لم يُستنبَط — لا يُقاس عمودٌ بلا جدول",
Procurement/orders_proc.php,,"مرجع الترسية",MANUAL,,,"جدولُ الشاشةِ لم يُستنبَط — لا يُقاس عمودٌ بلا جدول",
Procurement/orders_proc.php,,الأصناف,MANUAL,,,"جدولُ الشاشةِ لم يُستنبَط — لا يُقاس عمودٌ بلا جدول",
Procurement/orders_proc.php,,"رقم قطعة المصنع",MANUAL,,,"جدولُ الشاشةِ لم يُستنبَط — لا يُقاس عمودٌ بلا جدول",
Procurement/orders_proc.php,,الكمية,MANUAL,,,"جدولُ الشاشةِ لم يُستنبَط — لا يُقاس عمودٌ بلا جدول",
Procurement/orders_proc.php,,"سعر الوحدة",MANUAL,,,"جدولُ الشاشةِ لم يُستنبَط — لا يُقاس عمودٌ بلا جدول",
Procurement/orders_proc.php,,"الإجمالي قبل الضريبة",MANUAL,,,"جدولُ الشاشةِ لم يُستنبَط — لا يُقاس عمودٌ بلا جدول",
Procurement/orders_proc.php,,"نسبة الضريبة",MANUAL,,,"جدولُ الشاشةِ لم يُستنبَط — لا يُقاس عمودٌ بلا جدول",
Procurement/orders_proc.php,,"قيمة الضريبة",MANUAL,,,"جدولُ الشاشةِ لم يُستنبَط — لا يُقاس عمودٌ بلا جدول",
Procurement/orders_proc.php,,"وقت الدفع",MANUAL,,,"جدولُ الشاشةِ لم يُستنبَط — لا يُقاس عمودٌ بلا جدول",
Procurement/orders_proc.php,,"نوع الاستلام",MANUAL,,,"جدولُ الشاشةِ لم يُستنبَط — لا يُقاس عمودٌ بلا جدول",
Procurement/orders_proc.php,,الوجهة,MANUAL,,,"جدولُ الشاشةِ لم يُستنبَط — لا يُقاس عمودٌ بلا جدول",
Procurement/orders_proc.php,,"تاريخ التوريد المتفق",MANUAL,,,"جدولُ الشاشةِ لم يُستنبَط — لا يُقاس عمودٌ بلا جدول",
Procurement/orders_proc.php,,أصدره,MANUAL,,,"جدولُ الشاشةِ لم يُستنبَط — لا يُقاس عمودٌ بلا جدول",
Procurement/orders_proc.php,,الكيان,BOUND,entity,gov,"يبثُّه `ems_gov_ctx()` من `admin_companies` — موصولٌ سلفًا، لا عمل",
Procurement/orders_proc.php,,"مرجع التفويض",MANUAL,,,"جدولُ الشاشةِ لم يُستنبَط — لا يُقاس عمودٌ بلا جدول",
Procurement/orders_proc.php,,"تاريخ الاعتماد",MANUAL,,,"جدولُ الشاشةِ لم يُستنبَط — لا يُقاس عمودٌ بلا جدول",
Procurement/orders_proc.php,,"تاريخ الإنشاء",MANUAL,,,"جدولُ الشاشةِ لم يُستنبَط — لا يُقاس عمودٌ بلا جدول",
Procurement/orders_proc.php,,"مفتاح منع التكرار",MANUAL,,,"جدولُ الشاشةِ لم يُستنبَط — لا يُقاس عمودٌ بلا جدول",
Procurement/orders_proc.php,,"معكوس ب",MANUAL,,,"جدولُ الشاشةِ لم يُستنبَط — لا يُقاس عمودٌ بلا جدول",
Procurement/orders_proc.php,,"عكس عن",MANUAL,,,"جدولُ الشاشةِ لم يُستنبَط — لا يُقاس عمودٌ بلا جدول",
Procurement/orders_proc.php,,"درجة الأثر",MANUAL,,,"جدولُ الشاشةِ لم يُستنبَط — لا يُقاس عمودٌ بلا جدول",
Procurement/orders_proc.php,,المرفق,MANUAL,,,"جدولُ الشاشةِ لم يُستنبَط — لا يُقاس عمودٌ بلا جدول",
Procurement/orders_proc.php,,"مركز التكلفة",MANUAL,,,"جدولُ الشاشةِ لم يُستنبَط — لا يُقاس عمودٌ بلا جدول",
Procurement/orders_proc.php,,"سعر الصرف",MANUAL,,,"جدولُ الشاشةِ لم يُستنبَط — لا يُقاس عمودٌ بلا جدول",
Procurement/po_match.php,proc_order,"المنشئ — الاسم والصفة",BIND,created_by,derived,"مشتقٌّ من `created_by` القائمِ في `proc_order` — بلا هجرة",
Procurement/po_match.php,proc_order,"المعتمد — الاسم والصفة",MANUAL,approved_by,,"مشتقٌّ من `approved_by` و`proc_order` لا يحمله — يلزم قرار",
Procurement/po_match.php,proc_order,"مرجع التفويض",MANUAL,,,"تسميةٌ علائقيةٌ (مرجعٌ لجدولٍ آخر) — عمودٌ نصيٌّ لها يزدوج المصدر",
Procurement/po_match.php,proc_order,"المرجع الأب",MANUAL,,,"تسميةٌ علائقيةٌ (مرجعٌ لجدولٍ آخر) — عمودٌ نصيٌّ لها يزدوج المصدر",
Procurement/po_match.php,proc_order,"تاريخ الإنشاء",BIND,created_at,derived,"مشتقٌّ من `created_at` القائمِ في `proc_order` — بلا هجرة",
Procurement/po_match.php,proc_order,"تاريخ الاعتماد",MANUAL,approved_at,,"مشتقٌّ من `approved_at` و`proc_order` لا يحمله — يلزم قرار",
Procurement/po_match.php,proc_order,الحالة,MANUAL,status,,"مشتقٌّ من `status` و`proc_order` لا يحمله — يلزم قرار",
Procurement/po_match.php,proc_order,"مركز التكلفة",MANUAL,,,"تسميةٌ علائقيةٌ (مرجعٌ لجدولٍ آخر) — عمودٌ نصيٌّ لها يزدوج المصدر",
Procurement/po_match.php,proc_order,"سعر الصرف ومصدره",MANUAL,,,"تسميةٌ علائقيةٌ (مرجعٌ لجدولٍ آخر) — عمودٌ نصيٌّ لها يزدوج المصدر",
Procurement/receipt_custody_proc.php,,"رقم العهدة",MANUAL,,,"جدولُ الشاشةِ لم يُستنبَط — لا يُقاس عمودٌ بلا جدول",
Procurement/receipt_custody_proc.php,,"سند الصرف",MANUAL,,,"جدولُ الشاشةِ لم يُستنبَط — لا يُقاس عمودٌ بلا جدول",
Procurement/receipt_custody_proc.php,,الصفة,MANUAL,,,"جدولُ الشاشةِ لم يُستنبَط — لا يُقاس عمودٌ بلا جدول",
Procurement/receipt_custody_proc.php,,الصنف,MANUAL,,,"جدولُ الشاشةِ لم يُستنبَط — لا يُقاس عمودٌ بلا جدول",
Procurement/receipt_custody_proc.php,,"الكمية المصروفة",MANUAL,,,"جدولُ الشاشةِ لم يُستنبَط — لا يُقاس عمودٌ بلا جدول",
Procurement/receipt_custody_proc.php,,"الكمية المستهلكة",MANUAL,,,"جدولُ الشاشةِ لم يُستنبَط — لا يُقاس عمودٌ بلا جدول",
Procurement/receipt_custody_proc.php,,"الكمية المرتجعة",MANUAL,,,"جدولُ الشاشةِ لم يُستنبَط — لا يُقاس عمودٌ بلا جدول",
Procurement/receipt_custody_proc.php,,"تاريخ الإرجاع",MANUAL,,,"جدولُ الشاشةِ لم يُستنبَط — لا يُقاس عمودٌ بلا جدول",
Procurement/receipt_custody_proc.php,,"حالة المرتجع",MANUAL,,,"جدولُ الشاشةِ لم يُستنبَط — لا يُقاس عمودٌ بلا جدول",
Procurement/receipt_custody_proc.php,,"قرار المرتجع",MANUAL,,,"جدولُ الشاشةِ لم يُستنبَط — لا يُقاس عمودٌ بلا جدول",
Procurement/receipt_custody_proc.php,,"المتبقي في العهدة",MANUAL,,,"جدولُ الشاشةِ لم يُستنبَط — لا يُقاس عمودٌ بلا جدول",
Procurement/receipt_custody_proc.php,,المسؤول,MANUAL,,,"جدولُ الشاشةِ لم يُستنبَط — لا يُقاس عمودٌ بلا جدول",
Procurement/receipt_custody_proc.php,,الكيان,BOUND,entity,gov,"يبثُّه `ems_gov_ctx()` من `admin_companies` — موصولٌ سلفًا، لا عمل",
Procurement/receipt_custody_proc.php,,"مرجع التفويض",MANUAL,,,"جدولُ الشاشةِ لم يُستنبَط — لا يُقاس عمودٌ بلا جدول",
Procurement/receipt_custody_proc.php,,"تاريخ الاعتماد",MANUAL,,,"جدولُ الشاشةِ لم يُستنبَط — لا يُقاس عمودٌ بلا جدول",
Procurement/receipt_custody_proc.php,,"تاريخ الإنشاء",MANUAL,,,"جدولُ الشاشةِ لم يُستنبَط — لا يُقاس عمودٌ بلا جدول",
Procurement/receipt_custody_proc.php,,"المرجع الأب",MANUAL,,,"جدولُ الشاشةِ لم يُستنبَط — لا يُقاس عمودٌ بلا جدول",
Procurement/receipt_custody_proc.php,,"المنشئ — الاسم والصفة",MANUAL,,,"جدولُ الشاشةِ لم يُستنبَط — لا يُقاس عمودٌ بلا جدول",
Procurement/receipt_custody_proc.php,,"المعتمد — الاسم والصفة",MANUAL,,,"جدولُ الشاشةِ لم يُستنبَط — لا يُقاس عمودٌ بلا جدول",
Procurement/receipt_custody_proc.php,,المرفق,MANUAL,,,"جدولُ الشاشةِ لم يُستنبَط — لا يُقاس عمودٌ بلا جدول",
Procurement/reordering_proc.php,proc_orderpoint,الكيان,BOUND,entity,gov,"يبثُّه `ems_gov_ctx()` من `admin_companies` — موصولٌ سلفًا، لا عمل",
Procurement/reordering_proc.php,proc_orderpoint,"المنشئ — الاسم والصفة",BIND,created_by,derived,"مشتقٌّ من `created_by` القائمِ في `proc_orderpoint` — بلا هجرة",
Procurement/reordering_proc.php,proc_orderpoint,"المعتمد — الاسم والصفة",MANUAL,approved_by,,"مشتقٌّ من `approved_by` و`proc_orderpoint` لا يحمله — يلزم قرار",
Procurement/reordering_proc.php,proc_orderpoint,"مرجع التفويض",MANUAL,,,"تسميةٌ علائقيةٌ (مرجعٌ لجدولٍ آخر) — عمودٌ نصيٌّ لها يزدوج المصدر",
Procurement/reordering_proc.php,proc_orderpoint,"المرجع الأب",MANUAL,,,"تسميةٌ علائقيةٌ (مرجعٌ لجدولٍ آخر) — عمودٌ نصيٌّ لها يزدوج المصدر",
Procurement/reordering_proc.php,proc_orderpoint,"تاريخ الإنشاء",BIND,created_at,derived,"مشتقٌّ من `created_at` القائمِ في `proc_orderpoint` — بلا هجرة",
Procurement/reordering_proc.php,proc_orderpoint,"تاريخ الاعتماد",MANUAL,approved_at,,"مشتقٌّ من `approved_at` و`proc_orderpoint` لا يحمله — يلزم قرار",
Procurement/reordering_proc.php,proc_orderpoint,الحالة,MANUAL,status,,"مشتقٌّ من `status` و`proc_orderpoint` لا يحمله — يلزم قرار",
Procurement/requests_proc.php,role_permissions,"رقم الطلب",MANUAL,,,"تسميةٌ علائقيةٌ (مرجعٌ لجدولٍ آخر) — عمودٌ نصيٌّ لها يزدوج المصدر",
Procurement/requests_proc.php,role_permissions,"تاريخ الطلب",NEW,request_date,date,"لا عمودَ له في `role_permissions` — يُنشأ **اختياريًّا** (NULL)",
Procurement/requests_proc.php,role_permissions,"الإدارة الطالبة",MANUAL,,,"ليست في المعجم — ولا يُخترع اسمُ عمودٍ لتسميةٍ لم تُدرَس",
Procurement/requests_proc.php,role_permissions,المرجع,MANUAL,,,"ليست في المعجم — ولا يُخترع اسمُ عمودٍ لتسميةٍ لم تُدرَس",
Procurement/requests_proc.php,role_permissions,"المعدة أو المشروع",MANUAL,,,"ليست في المعجم — ولا يُخترع اسمُ عمودٍ لتسميةٍ لم تُدرَس",
Procurement/requests_proc.php,role_permissions,"رقم الصنف",MANUAL,,,"ليست في المعجم — ولا يُخترع اسمُ عمودٍ لتسميةٍ لم تُدرَس",
Procurement/requests_proc.php,role_permissions,"اسم الصنف",MANUAL,,,"ليست في المعجم — ولا يُخترع اسمُ عمودٍ لتسميةٍ لم تُدرَس",
Procurement/requests_proc.php,role_permissions,الكمية,MANUAL,,,"ليست في المعجم — ولا يُخترع اسمُ عمودٍ لتسميةٍ لم تُدرَس",
Procurement/requests_proc.php,role_permissions,الوحدة,MANUAL,,,"تسميةٌ علائقيةٌ (مرجعٌ لجدولٍ آخر) — عمودٌ نصيٌّ لها يزدوج المصدر",
Procurement/requests_proc.php,role_permissions,"القيمة التقديرية",MANUAL,,,"ليست في المعجم — ولا يُخترع اسمُ عمودٍ لتسميةٍ لم تُدرَس",
Procurement/requests_proc.php,role_permissions,"بند الموازنة",MANUAL,,,"ليست في المعجم — ولا يُخترع اسمُ عمودٍ لتسميةٍ لم تُدرَس",
Procurement/requests_proc.php,role_permissions,"المتاح في الموازنة",MANUAL,,,"ليست في المعجم — ولا يُخترع اسمُ عمودٍ لتسميةٍ لم تُدرَس",
Procurement/requests_proc.php,role_permissions,قدمه,MANUAL,,,"ليست في المعجم — ولا يُخترع اسمُ عمودٍ لتسميةٍ لم تُدرَس",
Procurement/requests_proc.php,role_permissions,"اعتماد الإدارة",MANUAL,,,"ليست في المعجم — ولا يُخترع اسمُ عمودٍ لتسميةٍ لم تُدرَس",
Procurement/requests_proc.php,role_permissions,الكيان,BOUND,entity,gov,"يبثُّه `ems_gov_ctx()` من `admin_companies` — موصولٌ سلفًا، لا عمل",
Procurement/requests_proc.php,role_permissions,"مرجع التفويض",MANUAL,,,"تسميةٌ علائقيةٌ (مرجعٌ لجدولٍ آخر) — عمودٌ نصيٌّ لها يزدوج المصدر",
Procurement/requests_proc.php,role_permissions,"تاريخ الاعتماد",MANUAL,approved_at,,"مشتقٌّ من `approved_at` و`role_permissions` لا يحمله — يلزم قرار",
Procurement/requests_proc.php,role_permissions,"تاريخ الإنشاء",MANUAL,created_at,,"مشتقٌّ من `created_at` و`role_permissions` لا يحمله — يلزم قرار",
Procurement/requests_proc.php,role_permissions,المرفق,MANUAL,,,"تسميةٌ علائقيةٌ (مرجعٌ لجدولٍ آخر) — عمودٌ نصيٌّ لها يزدوج المصدر",
Procurement/requests_proc.php,role_permissions,"مركز التكلفة",MANUAL,,,"تسميةٌ علائقيةٌ (مرجعٌ لجدولٍ آخر) — عمودٌ نصيٌّ لها يزدوج المصدر",
Procurement/requests_proc.php,role_permissions,"سعر الصرف ومصدره",MANUAL,,,"تسميةٌ علائقيةٌ (مرجعٌ لجدولٍ آخر) — عمودٌ نصيٌّ لها يزدوج المصدر",
Procurement/requests_proc.php,role_permissions,العملة,MANUAL,,,"تسميةٌ علائقيةٌ (مرجعٌ لجدولٍ آخر) — عمودٌ نصيٌّ لها يزدوج المصدر",
Procurement/rfq_compare_award.php,supplier_rfqs,"رقم الطلب",MANUAL,,,"تسميةٌ علائقيةٌ (مرجعٌ لجدولٍ آخر) — عمودٌ نصيٌّ لها يزدوج المصدر",
Procurement/rfq_compare_award.php,supplier_rfqs,"تاريخ الإرسال",MANUAL,,,"ليست في المعجم — ولا يُخترع اسمُ عمودٍ لتسميةٍ لم تُدرَس",
Procurement/rfq_compare_award.php,supplier_rfqs,"مرجع طلب الشراء",MANUAL,,,"ليست في المعجم — ولا يُخترع اسمُ عمودٍ لتسميةٍ لم تُدرَس",
Procurement/rfq_compare_award.php,supplier_rfqs,الأصناف,MANUAL,,,"ليست في المعجم — ولا يُخترع اسمُ عمودٍ لتسميةٍ لم تُدرَس",
Procurement/rfq_compare_award.php,supplier_rfqs,"الموردون المدعوون",MANUAL,,,"ليست في المعجم — ولا يُخترع اسمُ عمودٍ لتسميةٍ لم تُدرَس",
Procurement/rfq_compare_award.php,supplier_rfqs,"تاريخ إقفال العروض",MANUAL,,,"ليست في المعجم — ولا يُخترع اسمُ عمودٍ لتسميةٍ لم تُدرَس",
Procurement/rfq_compare_award.php,supplier_rfqs,الإجمالي,MANUAL,,,"ليست في المعجم — ولا يُخترع اسمُ عمودٍ لتسميةٍ لم تُدرَس",
Procurement/rfq_compare_award.php,supplier_rfqs,"مدة التوريد",MANUAL,,,"ليست في المعجم — ولا يُخترع اسمُ عمودٍ لتسميةٍ لم تُدرَس",
Procurement/rfq_compare_award.php,supplier_rfqs,"شروط الدفع",MANUAL,,,"ليست في المعجم — ولا يُخترع اسمُ عمودٍ لتسميةٍ لم تُدرَس",
Procurement/rfq_compare_award.php,supplier_rfqs,"التقييم الفني",MANUAL,,,"ليست في المعجم — ولا يُخترع اسمُ عمودٍ لتسميةٍ لم تُدرَس",
Procurement/rfq_compare_award.php,supplier_rfqs,الترتيب,MANUAL,,,"ليست في المعجم — ولا يُخترع اسمُ عمودٍ لتسميةٍ لم تُدرَس",
Procurement/rfq_compare_award.php,supplier_rfqs,القرار,MANUAL,,,"ليست في المعجم — ولا يُخترع اسمُ عمودٍ لتسميةٍ لم تُدرَس",
Procurement/rfq_compare_award.php,supplier_rfqs,"مبرر الاختيار",MANUAL,,,"ليست في المعجم — ولا يُخترع اسمُ عمودٍ لتسميةٍ لم تُدرَس",
Procurement/rfq_compare_award.php,supplier_rfqs,أعده,BIND,created_by,derived,"مشتقٌّ من `created_by` القائمِ في `supplier_rfqs` — بلا هجرة",
Procurement/rfq_compare_award.php,supplier_rfqs,اعتمده,MANUAL,approved_by,,"مشتقٌّ من `approved_by` و`supplier_rfqs` لا يحمله — يلزم قرار",
Procurement/rfq_compare_award.php,supplier_rfqs,الكيان,BOUND,entity,gov,"يبثُّه `ems_gov_ctx()` من `admin_companies` — موصولٌ سلفًا، لا عمل",
Procurement/rfq_compare_award.php,supplier_rfqs,"مرجع التفويض",MANUAL,,,"تسميةٌ علائقيةٌ (مرجعٌ لجدولٍ آخر) — عمودٌ نصيٌّ لها يزدوج المصدر",
Procurement/rfq_compare_award.php,supplier_rfqs,"تاريخ الاعتماد",MANUAL,approved_at,,"مشتقٌّ من `approved_at` و`supplier_rfqs` لا يحمله — يلزم قرار",
Procurement/rfq_compare_award.php,supplier_rfqs,"تاريخ الإنشاء",BIND,created_at,derived,"مشتقٌّ من `created_at` القائمِ في `supplier_rfqs` — بلا هجرة",
Procurement/rfq_compare_award.php,supplier_rfqs,الحالة,MANUAL,status,,"مشتقٌّ من `status` و`supplier_rfqs` لا يحمله — يلزم قرار",
Procurement/rfq_compare_award.php,supplier_rfqs,المرفق,MANUAL,,,"تسميةٌ علائقيةٌ (مرجعٌ لجدولٍ آخر) — عمودٌ نصيٌّ لها يزدوج المصدر",
Procurement/rfq_compare_award.php,supplier_rfqs,"مركز التكلفة",MANUAL,,,"تسميةٌ علائقيةٌ (مرجعٌ لجدولٍ آخر) — عمودٌ نصيٌّ لها يزدوج المصدر",
Procurement/rfq_compare_award.php,supplier_rfqs,"سعر الصرف ومصدره",MANUAL,,,"تسميةٌ علائقيةٌ (مرجعٌ لجدولٍ آخر) — عمودٌ نصيٌّ لها يزدوج المصدر",
Procurement/rfq_compare_award.php,supplier_rfqs,العملة,MANUAL,,,"تسميةٌ علائقيةٌ (مرجعٌ لجدولٍ آخر) — عمودٌ نصيٌّ لها يزدوج المصدر",
Procurement/stock_proc.php,proc_warehouse,"اسم الصنف",MANUAL,,,"ليست في المعجم — ولا يُخترع اسمُ عمودٍ لتسميةٍ لم تُدرَس",
Procurement/stock_proc.php,proc_warehouse,الفئة,NEW,category,text,"لا عمودَ له في `proc_warehouse` — يُنشأ **اختياريًّا** (NULL)",
Procurement/stock_proc.php,proc_warehouse,الوحدة,MANUAL,,,"تسميةٌ علائقيةٌ (مرجعٌ لجدولٍ آخر) — عمودٌ نصيٌّ لها يزدوج المصدر",
Procurement/stock_proc.php,proc_warehouse,"الموقع الداخلي",MANUAL,,,"ليست في المعجم — ولا يُخترع اسمُ عمودٍ لتسميةٍ لم تُدرَس",
Procurement/stock_proc.php,proc_warehouse,"الرصيد المادي",MANUAL,,,"ليست في المعجم — ولا يُخترع اسمُ عمودٍ لتسميةٍ لم تُدرَس",
Procurement/stock_proc.php,proc_warehouse,المحجوز,MANUAL,,,"ليست في المعجم — ولا يُخترع اسمُ عمودٍ لتسميةٍ لم تُدرَس",
Procurement/stock_proc.php,proc_warehouse,"قيد الشراء",MANUAL,,,"ليست في المعجم — ولا يُخترع اسمُ عمودٍ لتسميةٍ لم تُدرَس",
Procurement/stock_proc.php,proc_warehouse,"قيد التحويل",MANUAL,,,"ليست في المعجم — ولا يُخترع اسمُ عمودٍ لتسميةٍ لم تُدرَس",
Procurement/stock_proc.php,proc_warehouse,"في العهدة",MANUAL,,,"ليست في المعجم — ولا يُخترع اسمُ عمودٍ لتسميةٍ لم تُدرَس",
Procurement/stock_proc.php,proc_warehouse,"حد إعادة الطلب",MANUAL,,,"ليست في المعجم — ولا يُخترع اسمُ عمودٍ لتسميةٍ لم تُدرَس",
Procurement/stock_proc.php,proc_warehouse,"الحد الأقصى",MANUAL,,,"ليست في المعجم — ولا يُخترع اسمُ عمودٍ لتسميةٍ لم تُدرَس",
Procurement/stock_proc.php,proc_warehouse,"قطعة حرجة",MANUAL,,,"ليست في المعجم — ولا يُخترع اسمُ عمودٍ لتسميةٍ لم تُدرَس",
Procurement/stock_proc.php,proc_warehouse,"متوسط التكلفة",MANUAL,,,"ليست في المعجم — ولا يُخترع اسمُ عمودٍ لتسميةٍ لم تُدرَس",
Procurement/stock_proc.php,proc_warehouse,"قيمة الرصيد",MANUAL,,,"ليست في المعجم — ولا يُخترع اسمُ عمودٍ لتسميةٍ لم تُدرَس",
Procurement/stock_proc.php,proc_warehouse,"آخر حركة",MANUAL,,,"ليست في المعجم — ولا يُخترع اسمُ عمودٍ لتسميةٍ لم تُدرَس",
Procurement/stock_proc.php,proc_warehouse,الكيان,BOUND,entity,gov,"يبثُّه `ems_gov_ctx()` من `admin_companies` — موصولٌ سلفًا، لا عمل",
Procurement/stock_proc.php,proc_warehouse,"مرجع التفويض",MANUAL,,,"تسميةٌ علائقيةٌ (مرجعٌ لجدولٍ آخر) — عمودٌ نصيٌّ لها يزدوج المصدر",
Procurement/stock_proc.php,proc_warehouse,"تاريخ الاعتماد",MANUAL,approved_at,,"مشتقٌّ من `approved_at` و`proc_warehouse` لا يحمله — يلزم قرار",
Procurement/stock_proc.php,proc_warehouse,"تاريخ الإنشاء",BIND,created_at,derived,"مشتقٌّ من `created_at` القائمِ في `proc_warehouse` — بلا هجرة",
Procurement/stock_proc.php,proc_warehouse,"المرجع الأب",MANUAL,,,"تسميةٌ علائقيةٌ (مرجعٌ لجدولٍ آخر) — عمودٌ نصيٌّ لها يزدوج المصدر",
Procurement/stock_proc.php,proc_warehouse,"المنشئ — الاسم والصفة",BIND,created_by,derived,"مشتقٌّ من `created_by` القائمِ في `proc_warehouse` — بلا هجرة",
Procurement/stock_proc.php,proc_warehouse,"المعتمد — الاسم والصفة",MANUAL,approved_by,,"مشتقٌّ من `approved_by` و`proc_warehouse` لا يحمله — يلزم قرار",
Procurement/stock_proc.php,proc_warehouse,الحالة,BIND,status,derived,"مشتقٌّ من `status` القائمِ في `proc_warehouse` — بلا هجرة",
Procurement/stock_proc.php,proc_warehouse,المرفق,MANUAL,,,"تسميةٌ علائقيةٌ (مرجعٌ لجدولٍ آخر) — عمودٌ نصيٌّ لها يزدوج المصدر",
Procurement/stock_proc.php,proc_warehouse,"مركز التكلفة",MANUAL,,,"تسميةٌ علائقيةٌ (مرجعٌ لجدولٍ آخر) — عمودٌ نصيٌّ لها يزدوج المصدر",
Procurement/stock_proc.php,proc_warehouse,"سعر الصرف ومصدره",MANUAL,,,"تسميةٌ علائقيةٌ (مرجعٌ لجدولٍ آخر) — عمودٌ نصيٌّ لها يزدوج المصدر",
Procurement/supplier_card_proc.php,proc_order,الكيان,BOUND,entity,gov,"يبثُّه `ems_gov_ctx()` من `admin_companies` — موصولٌ سلفًا، لا عمل",
Procurement/supplier_card_proc.php,proc_order,"المنشئ — الاسم والصفة",BIND,created_by,derived,"مشتقٌّ من `created_by` القائمِ في `proc_order` — بلا هجرة",
Procurement/supplier_card_proc.php,proc_order,"المعتمد — الاسم والصفة",MANUAL,approved_by,,"مشتقٌّ من `approved_by` و`proc_order` لا يحمله — يلزم قرار",
Procurement/supplier_card_proc.php,proc_order,"مرجع التفويض",MANUAL,,,"تسميةٌ علائقيةٌ (مرجعٌ لجدولٍ آخر) — عمودٌ نصيٌّ لها يزدوج المصدر",
Procurement/supplier_card_proc.php,proc_order,"المرجع الأب",MANUAL,,,"تسميةٌ علائقيةٌ (مرجعٌ لجدولٍ آخر) — عمودٌ نصيٌّ لها يزدوج المصدر",
Procurement/supplier_card_proc.php,proc_order,"تاريخ الإنشاء",BIND,created_at,derived,"مشتقٌّ من `created_at` القائمِ في `proc_order` — بلا هجرة",
Procurement/supplier_card_proc.php,proc_order,"تاريخ الاعتماد",MANUAL,approved_at,,"مشتقٌّ من `approved_at` و`proc_order` لا يحمله — يلزم قرار",
Procurement/suppliers_proc.php,,الكيان,BOUND,entity,gov,"يبثُّه `ems_gov_ctx()` من `admin_companies` — موصولٌ سلفًا، لا عمل",
Procurement/suppliers_proc.php,,"المنشئ — الاسم والصفة",MANUAL,,,"جدولُ الشاشةِ لم يُستنبَط — لا يُقاس عمودٌ بلا جدول",
Procurement/suppliers_proc.php,,"المعتمد — الاسم والصفة",MANUAL,,,"جدولُ الشاشةِ لم يُستنبَط — لا يُقاس عمودٌ بلا جدول",
Procurement/suppliers_proc.php,,"مرجع التفويض",MANUAL,,,"جدولُ الشاشةِ لم يُستنبَط — لا يُقاس عمودٌ بلا جدول",
Procurement/suppliers_proc.php,,"المرجع الأب",MANUAL,,,"جدولُ الشاشةِ لم يُستنبَط — لا يُقاس عمودٌ بلا جدول",
Procurement/suppliers_proc.php,,"تاريخ الإنشاء",MANUAL,,,"جدولُ الشاشةِ لم يُستنبَط — لا يُقاس عمودٌ بلا جدول",
Procurement/suppliers_proc.php,,"تاريخ الاعتماد",MANUAL,,,"جدولُ الشاشةِ لم يُستنبَط — لا يُقاس عمودٌ بلا جدول",
Procurement/suppliers_proc.php,,الحالة,MANUAL,,,"جدولُ الشاشةِ لم يُستنبَط — لا يُقاس عمودٌ بلا جدول",
Procurement/warehouse_board.php,proc_item,الكيان,BOUND,entity,gov,"يبثُّه `ems_gov_ctx()` من `admin_companies` — موصولٌ سلفًا، لا عمل",
Procurement/warehouse_board.php,proc_item,"المنشئ — الاسم والصفة",BIND,created_by,derived,"مشتقٌّ من `created_by` القائمِ في `proc_item` — بلا هجرة",
Procurement/warehouse_board.php,proc_item,"المعتمد — الاسم والصفة",MANUAL,approved_by,,"مشتقٌّ من `approved_by` و`proc_item` لا يحمله — يلزم قرار",
Procurement/warehouse_board.php,proc_item,"مرجع التفويض",MANUAL,,,"تسميةٌ علائقيةٌ (مرجعٌ لجدولٍ آخر) — عمودٌ نصيٌّ لها يزدوج المصدر",
Procurement/warehouse_board.php,proc_item,"المرجع الأب",MANUAL,,,"تسميةٌ علائقيةٌ (مرجعٌ لجدولٍ آخر) — عمودٌ نصيٌّ لها يزدوج المصدر",
Procurement/warehouse_board.php,proc_item,"تاريخ الإنشاء",BIND,created_at,derived,"مشتقٌّ من `created_at` القائمِ في `proc_item` — بلا هجرة",
Procurement/warehouse_board.php,proc_item,"تاريخ الاعتماد",MANUAL,approved_at,,"مشتقٌّ من `approved_at` و`proc_item` لا يحمله — يلزم قرار",
Procurement/warehouse_board.php,proc_item,الحالة,BIND,status,derived,"مشتقٌّ من `status` القائمِ في `proc_item` — بلا هجرة",
Procurement/wh_count.php,proc_warehouse,"رقم المحضر",MANUAL,,,"تسميةٌ علائقيةٌ (مرجعٌ لجدولٍ آخر) — عمودٌ نصيٌّ لها يزدوج المصدر",
Procurement/wh_count.php,proc_warehouse,"تاريخ الجرد",MANUAL,,,"ليست في المعجم — ولا يُخترع اسمُ عمودٍ لتسميةٍ لم تُدرَس",
Procurement/wh_count.php,proc_warehouse,المخزن,MANUAL,,,"ليست في المعجم — ولا يُخترع اسمُ عمودٍ لتسميةٍ لم تُدرَس",
Procurement/wh_count.php,proc_warehouse,"أسلوب الجرد",MANUAL,,,"ليست في المعجم — ولا يُخترع اسمُ عمودٍ لتسميةٍ لم تُدرَس",
Procurement/wh_count.php,proc_warehouse,الفترة,MANUAL,,,"تسميةٌ علائقيةٌ (مرجعٌ لجدولٍ آخر) — عمودٌ نصيٌّ لها يزدوج المصدر",
Procurement/wh_count.php,proc_warehouse,"اسم الصنف",MANUAL,,,"ليست في المعجم — ولا يُخترع اسمُ عمودٍ لتسميةٍ لم تُدرَس",
Procurement/wh_count.php,proc_warehouse,"الرصيد الدفتري",MANUAL,,,"ليست في المعجم — ولا يُخترع اسمُ عمودٍ لتسميةٍ لم تُدرَس",
Procurement/wh_count.php,proc_warehouse,"العد الفعلي",MANUAL,,,"ليست في المعجم — ولا يُخترع اسمُ عمودٍ لتسميةٍ لم تُدرَس",
Procurement/wh_count.php,proc_warehouse,الفرق,MANUAL,,,"ليست في المعجم — ولا يُخترع اسمُ عمودٍ لتسميةٍ لم تُدرَس",
Procurement/wh_count.php,proc_warehouse,"نسبة الفرق",MANUAL,,,"ليست في المعجم — ولا يُخترع اسمُ عمودٍ لتسميةٍ لم تُدرَس",
Procurement/wh_count.php,proc_warehouse,"قيمة الفرق",MANUAL,,,"ليست في المعجم — ولا يُخترع اسمُ عمودٍ لتسميةٍ لم تُدرَس",
Procurement/wh_count.php,proc_warehouse,"رقم قيد التسوية",MANUAL,,,"ليست في المعجم — ولا يُخترع اسمُ عمودٍ لتسميةٍ لم تُدرَس",
Procurement/wh_count.php,proc_warehouse,عده,MANUAL,,,"ليست في المعجم — ولا يُخترع اسمُ عمودٍ لتسميةٍ لم تُدرَس",
Procurement/wh_count.php,proc_warehouse,راجعه,MANUAL,,,"ليست في المعجم — ولا يُخترع اسمُ عمودٍ لتسميةٍ لم تُدرَس",
Procurement/wh_count.php,proc_warehouse,اعتمده,MANUAL,approved_by,,"مشتقٌّ من `approved_by` و`proc_warehouse` لا يحمله — يلزم قرار",
Procurement/wh_count.php,proc_warehouse,"نسخة القاعدة المستعملة",MANUAL,,,"تسميةٌ علائقيةٌ (مرجعٌ لجدولٍ آخر) — عمودٌ نصيٌّ لها يزدوج المصدر",
Procurement/wh_count.php,proc_warehouse,الكيان,BOUND,entity,gov,"يبثُّه `ems_gov_ctx()` من `admin_companies` — موصولٌ سلفًا، لا عمل",
Procurement/wh_count.php,proc_warehouse,"مرجع التفويض",MANUAL,,,"تسميةٌ علائقيةٌ (مرجعٌ لجدولٍ آخر) — عمودٌ نصيٌّ لها يزدوج المصدر",
Procurement/wh_count.php,proc_warehouse,"تاريخ الاعتماد",MANUAL,approved_at,,"مشتقٌّ من `approved_at` و`proc_warehouse` لا يحمله — يلزم قرار",
Procurement/wh_count.php,proc_warehouse,"تاريخ الإنشاء",BIND,created_at,derived,"مشتقٌّ من `created_at` القائمِ في `proc_warehouse` — بلا هجرة",
Procurement/wh_count.php,proc_warehouse,"المرجع الأب",MANUAL,,,"تسميةٌ علائقيةٌ (مرجعٌ لجدولٍ آخر) — عمودٌ نصيٌّ لها يزدوج المصدر",
Procurement/wh_count.php,proc_warehouse,الحالة,BIND,status,derived,"مشتقٌّ من `status` القائمِ في `proc_warehouse` — بلا هجرة",
Procurement/wh_count.php,proc_warehouse,"مفتاح منع التكرار",MANUAL,,,"تسميةٌ علائقيةٌ (مرجعٌ لجدولٍ آخر) — عمودٌ نصيٌّ لها يزدوج المصدر",
Procurement/wh_count.php,proc_warehouse,"معكوس ب",MANUAL,,,"تسميةٌ علائقيةٌ (مرجعٌ لجدولٍ آخر) — عمودٌ نصيٌّ لها يزدوج المصدر",
Procurement/wh_count.php,proc_warehouse,"عكس عن",MANUAL,,,"تسميةٌ علائقيةٌ (مرجعٌ لجدولٍ آخر) — عمودٌ نصيٌّ لها يزدوج المصدر",
Procurement/wh_count.php,proc_warehouse,"درجة الأثر",MANUAL,,,"تسميةٌ علائقيةٌ (مرجعٌ لجدولٍ آخر) — عمودٌ نصيٌّ لها يزدوج المصدر",
Procurement/wh_count.php,proc_warehouse,المرفق,MANUAL,,,"تسميةٌ علائقيةٌ (مرجعٌ لجدولٍ آخر) — عمودٌ نصيٌّ لها يزدوج المصدر",
Procurement/wh_count.php,proc_warehouse,"مركز التكلفة",MANUAL,,,"تسميةٌ علائقيةٌ (مرجعٌ لجدولٍ آخر) — عمودٌ نصيٌّ لها يزدوج المصدر",
Procurement/wh_count.php,proc_warehouse,"سعر الصرف ومصدره",MANUAL,,,"تسميةٌ علائقيةٌ (مرجعٌ لجدولٍ آخر) — عمودٌ نصيٌّ لها يزدوج المصدر",
Procurement/wh_receipt.php,proc_receipt_line,الكيان,BOUND,entity,gov,"يبثُّه `ems_gov_ctx()` من `admin_companies` — موصولٌ سلفًا، لا عمل",
Procurement/wh_receipt.php,proc_receipt_line,"المنشئ — الاسم والصفة",MANUAL,created_by,,"مشتقٌّ من `created_by` و`proc_receipt_line` لا يحمله — يلزم قرار",
Procurement/wh_receipt.php,proc_receipt_line,"المعتمد — الاسم والصفة",MANUAL,approved_by,,"مشتقٌّ من `approved_by` و`proc_receipt_line` لا يحمله — يلزم قرار",
Procurement/wh_receipt.php,proc_receipt_line,"مرجع التفويض",MANUAL,,,"تسميةٌ علائقيةٌ (مرجعٌ لجدولٍ آخر) — عمودٌ نصيٌّ لها يزدوج المصدر",
Procurement/wh_receipt.php,proc_receipt_line,"المرجع الأب",MANUAL,,,"تسميةٌ علائقيةٌ (مرجعٌ لجدولٍ آخر) — عمودٌ نصيٌّ لها يزدوج المصدر",
Procurement/wh_receipt.php,proc_receipt_line,"تاريخ الإنشاء",BIND,created_at,derived,"مشتقٌّ من `created_at` القائمِ في `proc_receipt_line` — بلا هجرة",
Procurement/wh_receipt.php,proc_receipt_line,"تاريخ الاعتماد",MANUAL,approved_at,,"مشتقٌّ من `approved_at` و`proc_receipt_line` لا يحمله — يلزم قرار",
Procurement/wh_receipt.php,proc_receipt_line,المرفق,MANUAL,,,"تسميةٌ علائقيةٌ (مرجعٌ لجدولٍ آخر) — عمودٌ نصيٌّ لها يزدوج المصدر",
Procurement/wh_returns.php,proc_stock_move,الكيان,BOUND,entity,gov,"يبثُّه `ems_gov_ctx()` من `admin_companies` — موصولٌ سلفًا، لا عمل",
Procurement/wh_returns.php,proc_stock_move,"المنشئ — الاسم والصفة",BIND,created_by,derived,"مشتقٌّ من `created_by` القائمِ في `proc_stock_move` — بلا هجرة",
Procurement/wh_returns.php,proc_stock_move,"المعتمد — الاسم والصفة",MANUAL,approved_by,,"مشتقٌّ من `approved_by` و`proc_stock_move` لا يحمله — يلزم قرار",
Procurement/wh_returns.php,proc_stock_move,"مرجع التفويض",MANUAL,,,"تسميةٌ علائقيةٌ (مرجعٌ لجدولٍ آخر) — عمودٌ نصيٌّ لها يزدوج المصدر",
Procurement/wh_returns.php,proc_stock_move,"المرجع الأب",MANUAL,,,"تسميةٌ علائقيةٌ (مرجعٌ لجدولٍ آخر) — عمودٌ نصيٌّ لها يزدوج المصدر",
Procurement/wh_returns.php,proc_stock_move,"تاريخ الإنشاء",BIND,created_at,derived,"مشتقٌّ من `created_at` القائمِ في `proc_stock_move` — بلا هجرة",
Procurement/wh_returns.php,proc_stock_move,"تاريخ الاعتماد",MANUAL,approved_at,,"مشتقٌّ من `approved_at` و`proc_stock_move` لا يحمله — يلزم قرار",
Procurement/wh_returns.php,proc_stock_move,الحالة,MANUAL,status,,"مشتقٌّ من `status` و`proc_stock_move` لا يحمله — يلزم قرار",
Procurement/wh_transfer.php,proc_item,"رقم الأمر",MANUAL,,,"ليست في المعجم — ولا يُخترع اسمُ عمودٍ لتسميةٍ لم تُدرَس",
Procurement/wh_transfer.php,proc_item,"تاريخ الإصدار",NEW,issue_date,date,"لا عمودَ له في `proc_item` — يُنشأ **اختياريًّا** (NULL)",
Procurement/wh_transfer.php,proc_item,"إلى مخزن",MANUAL,,,"ليست في المعجم — ولا يُخترع اسمُ عمودٍ لتسميةٍ لم تُدرَس",
Procurement/wh_transfer.php,proc_item,"سبب التحويل",MANUAL,,,"ليست في المعجم — ولا يُخترع اسمُ عمودٍ لتسميةٍ لم تُدرَس",
Procurement/wh_transfer.php,proc_item,الوحدة,MANUAL,,,"تسميةٌ علائقيةٌ (مرجعٌ لجدولٍ آخر) — عمودٌ نصيٌّ لها يزدوج المصدر",
Procurement/wh_transfer.php,proc_item,"قيمة التحويل",MANUAL,,,"ليست في المعجم — ولا يُخترع اسمُ عمودٍ لتسميةٍ لم تُدرَس",
Procurement/wh_transfer.php,proc_item,الناقل,MANUAL,,,"ليست في المعجم — ولا يُخترع اسمُ عمودٍ لتسميةٍ لم تُدرَس",
Procurement/wh_transfer.php,proc_item,"أمر الترحيل المرتبط",MANUAL,,,"ليست في المعجم — ولا يُخترع اسمُ عمودٍ لتسميةٍ لم تُدرَس",
Procurement/wh_transfer.php,proc_item,"تاريخ الخروج",MANUAL,,,"ليست في المعجم — ولا يُخترع اسمُ عمودٍ لتسميةٍ لم تُدرَس",
Procurement/wh_transfer.php,proc_item,"تاريخ الاستلام",MANUAL,,,"ليست في المعجم — ولا يُخترع اسمُ عمودٍ لتسميةٍ لم تُدرَس",
Procurement/wh_transfer.php,proc_item,المستلم,MANUAL,,,"ليست في المعجم — ولا يُخترع اسمُ عمودٍ لتسميةٍ لم تُدرَس",
Procurement/wh_transfer.php,proc_item,أصدره,BIND,created_by,derived,"مشتقٌّ من `created_by` القائمِ في `proc_item` — بلا هجرة",
Procurement/wh_transfer.php,proc_item,الكيان,BOUND,entity,gov,"يبثُّه `ems_gov_ctx()` من `admin_companies` — موصولٌ سلفًا، لا عمل",
Procurement/wh_transfer.php,proc_item,"تاريخ الاعتماد",MANUAL,approved_at,,"مشتقٌّ من `approved_at` و`proc_item` لا يحمله — يلزم قرار",
Procurement/wh_transfer.php,proc_item,"تاريخ الإنشاء",BIND,created_at,derived,"مشتقٌّ من `created_at` القائمِ في `proc_item` — بلا هجرة",
Procurement/wh_transfer.php,proc_item,"المرجع الأب",MANUAL,,,"تسميةٌ علائقيةٌ (مرجعٌ لجدولٍ آخر) — عمودٌ نصيٌّ لها يزدوج المصدر",
Procurement/wh_transfer.php,proc_item,"المعتمد — الاسم والصفة",MANUAL,approved_by,,"مشتقٌّ من `approved_by` و`proc_item` لا يحمله — يلزم قرار",
Procurement/wh_transfer.php,proc_item,الحالة,BIND,status,derived,"مشتقٌّ من `status` القائمِ في `proc_item` — بلا هجرة",
Procurement/wh_transfer.php,proc_item,"مفتاح منع التكرار",MANUAL,,,"تسميةٌ علائقيةٌ (مرجعٌ لجدولٍ آخر) — عمودٌ نصيٌّ لها يزدوج المصدر",
Procurement/wh_transfer.php,proc_item,"معكوس ب",MANUAL,,,"تسميةٌ علائقيةٌ (مرجعٌ لجدولٍ آخر) — عمودٌ نصيٌّ لها يزدوج المصدر",
Procurement/wh_transfer.php,proc_item,"عكس عن",MANUAL,,,"تسميةٌ علائقيةٌ (مرجعٌ لجدولٍ آخر) — عمودٌ نصيٌّ لها يزدوج المصدر",
Procurement/wh_transfer.php,proc_item,"درجة الأثر",MANUAL,,,"تسميةٌ علائقيةٌ (مرجعٌ لجدولٍ آخر) — عمودٌ نصيٌّ لها يزدوج المصدر",
Procurement/wh_transfer.php,proc_item,المرفق,MANUAL,,,"تسميةٌ علائقيةٌ (مرجعٌ لجدولٍ آخر) — عمودٌ نصيٌّ لها يزدوج المصدر",
Procurement/wh_transfer.php,proc_item,"مركز التكلفة",MANUAL,,,"تسميةٌ علائقيةٌ (مرجعٌ لجدولٍ آخر) — عمودٌ نصيٌّ لها يزدوج المصدر",
Procurement/wh_transfer.php,proc_item,"سعر الصرف ومصدره",MANUAL,,,"تسميةٌ علائقيةٌ (مرجعٌ لجدولٍ آخر) — عمودٌ نصيٌّ لها يزدوج المصدر",
Procurement/wh_transfer.php,proc_item,العملة,MANUAL,,,"تسميةٌ علائقيةٌ (مرجعٌ لجدولٍ آخر) — عمودٌ نصيٌّ لها يزدوج المصدر",
Projects/project_profile.php,operations,الكيان,BOUND,entity,gov,"يبثُّه `ems_gov_ctx()` من `admin_companies` — موصولٌ سلفًا، لا عمل",
Projects/project_profile.php,operations,"المنشئ — الاسم والصفة",MANUAL,created_by,,"مشتقٌّ من `created_by` و`operations` لا يحمله — يلزم قرار",
Projects/project_profile.php,operations,"المعتمد — الاسم والصفة",MANUAL,approved_by,,"مشتقٌّ من `approved_by` و`operations` لا يحمله — يلزم قرار",
Projects/project_profile.php,operations,"مرجع التفويض",MANUAL,,,"تسميةٌ علائقيةٌ (مرجعٌ لجدولٍ آخر) — عمودٌ نصيٌّ لها يزدوج المصدر",
Projects/project_profile.php,operations,"المرجع الأب",MANUAL,,,"تسميةٌ علائقيةٌ (مرجعٌ لجدولٍ آخر) — عمودٌ نصيٌّ لها يزدوج المصدر",
Projects/project_profile.php,operations,"تاريخ الإنشاء",MANUAL,created_at,,"مشتقٌّ من `created_at` و`operations` لا يحمله — يلزم قرار",
Projects/project_profile.php,operations,"تاريخ الاعتماد",MANUAL,approved_at,,"مشتقٌّ من `approved_at` و`operations` لا يحمله — يلزم قرار",
Projects/project_profile.php,operations,الحالة,BIND,status,derived,"مشتقٌّ من `status` القائمِ في `operations` — بلا هجرة",
Projects/projects.php,project,"العقود المرتبطة",MANUAL,,,"ليست في المعجم — ولا يُخترع اسمُ عمودٍ لتسميةٍ لم تُدرَس",
Projects/projects.php,project,"تاريخ البدء",MANUAL,,,"ليست في المعجم — ولا يُخترع اسمُ عمودٍ لتسميةٍ لم تُدرَس",
Projects/projects.php,project,"تاريخ الانتهاء المخطط",MANUAL,,,"ليست في المعجم — ولا يُخترع اسمُ عمودٍ لتسميةٍ لم تُدرَس",
Projects/projects.php,project,المواقع,MANUAL,,,"ليست في المعجم — ولا يُخترع اسمُ عمودٍ لتسميةٍ لم تُدرَس",
Projects/projects.php,project,"مدير المشروع",MANUAL,,,"ليست في المعجم — ولا يُخترع اسمُ عمودٍ لتسميةٍ لم تُدرَس",
Projects/projects.php,project,"القيمة التعاقدية",MANUAL,,,"ليست في المعجم — ولا يُخترع اسمُ عمودٍ لتسميةٍ لم تُدرَس",
Projects/projects.php,project,"نسبة الإنجاز",MANUAL,,,"ليست في المعجم — ولا يُخترع اسمُ عمودٍ لتسميةٍ لم تُدرَس",
Projects/projects.php,project,الكيان,BOUND,entity,gov,"يبثُّه `ems_gov_ctx()` من `admin_companies` — موصولٌ سلفًا، لا عمل",
Projects/projects.php,project,"مرجع التفويض",MANUAL,,,"تسميةٌ علائقيةٌ (مرجعٌ لجدولٍ آخر) — عمودٌ نصيٌّ لها يزدوج المصدر",
Projects/projects.php,project,"تاريخ الاعتماد",MANUAL,approved_at,,"مشتقٌّ من `approved_at` و`project` لا يحمله — يلزم قرار",
Projects/projects.php,project,"تاريخ الإنشاء",MANUAL,created_at,,"مشتقٌّ من `created_at` و`project` لا يحمله — يلزم قرار",
Projects/projects.php,project,"المرجع الأب",MANUAL,,,"تسميةٌ علائقيةٌ (مرجعٌ لجدولٍ آخر) — عمودٌ نصيٌّ لها يزدوج المصدر",
Projects/projects.php,project,"المنشئ — الاسم والصفة",BIND,created_by,derived,"مشتقٌّ من `created_by` القائمِ في `project` — بلا هجرة",
Projects/projects.php,project,"المعتمد — الاسم والصفة",MANUAL,approved_by,,"مشتقٌّ من `approved_by` و`project` لا يحمله — يلزم قرار",
Projects/projects.php,project,المرفق,MANUAL,,,"تسميةٌ علائقيةٌ (مرجعٌ لجدولٍ آخر) — عمودٌ نصيٌّ لها يزدوج المصدر",
Projects/projects.php,project,"مركز التكلفة",MANUAL,,,"تسميةٌ علائقيةٌ (مرجعٌ لجدولٍ آخر) — عمودٌ نصيٌّ لها يزدوج المصدر",
Projects/projects.php,project,"سعر الصرف ومصدره",MANUAL,,,"تسميةٌ علائقيةٌ (مرجعٌ لجدولٍ آخر) — عمودٌ نصيٌّ لها يزدوج المصدر",
Projects/projects.php,project,العملة,MANUAL,,,"تسميةٌ علائقيةٌ (مرجعٌ لجدولٍ آخر) — عمودٌ نصيٌّ لها يزدوج المصدر",
Projects/sites.php,role_permissions,الكيان,BOUND,entity,gov,"يبثُّه `ems_gov_ctx()` من `admin_companies` — موصولٌ سلفًا، لا عمل",
Projects/sites.php,role_permissions,"المنشئ — الاسم والصفة",MANUAL,created_by,,"مشتقٌّ من `created_by` و`role_permissions` لا يحمله — يلزم قرار",
Projects/sites.php,role_permissions,"المعتمد — الاسم والصفة",MANUAL,approved_by,,"مشتقٌّ من `approved_by` و`role_permissions` لا يحمله — يلزم قرار",
Projects/sites.php,role_permissions,"مرجع التفويض",MANUAL,,,"تسميةٌ علائقيةٌ (مرجعٌ لجدولٍ آخر) — عمودٌ نصيٌّ لها يزدوج المصدر",
Projects/sites.php,role_permissions,"المرجع الأب",MANUAL,,,"تسميةٌ علائقيةٌ (مرجعٌ لجدولٍ آخر) — عمودٌ نصيٌّ لها يزدوج المصدر",
Projects/sites.php,role_permissions,"تاريخ الإنشاء",MANUAL,created_at,,"مشتقٌّ من `created_at` و`role_permissions` لا يحمله — يلزم قرار",
Projects/sites.php,role_permissions,"تاريخ الاعتماد",MANUAL,approved_at,,"مشتقٌّ من `approved_at` و`role_permissions` لا يحمله — يلزم قرار",
Reports/margin_report.php,unit_party_awards,الفترة,MANUAL,,,"تسميةٌ علائقيةٌ (مرجعٌ لجدولٍ آخر) — عمودٌ نصيٌّ لها يزدوج المصدر",
Reports/margin_report.php,unit_party_awards,المشروع,MANUAL,,,"ليست في المعجم — ولا يُخترع اسمُ عمودٍ لتسميةٍ لم تُدرَس",
Reports/margin_report.php,unit_party_awards,الوحدة,MANUAL,,,"تسميةٌ علائقيةٌ (مرجعٌ لجدولٍ آخر) — عمودٌ نصيٌّ لها يزدوج المصدر",
Reports/margin_report.php,unit_party_awards,"الإيراد المعترف به",MANUAL,,,"ليست في المعجم — ولا يُخترع اسمُ عمودٍ لتسميةٍ لم تُدرَس",
Reports/margin_report.php,unit_party_awards,"تكلفة المشغلين",MANUAL,,,"ليست في المعجم — ولا يُخترع اسمُ عمودٍ لتسميةٍ لم تُدرَس",
Reports/margin_report.php,unit_party_awards,"تكلفة الوقود",MANUAL,,,"ليست في المعجم — ولا يُخترع اسمُ عمودٍ لتسميةٍ لم تُدرَس",
Reports/margin_report.php,unit_party_awards,"تكلفة الصيانة",MANUAL,,,"ليست في المعجم — ولا يُخترع اسمُ عمودٍ لتسميةٍ لم تُدرَس",
Reports/margin_report.php,unit_party_awards,"تكلفة المخزون",MANUAL,,,"ليست في المعجم — ولا يُخترع اسمُ عمودٍ لتسميةٍ لم تُدرَس",
Reports/margin_report.php,unit_party_awards,"تكلفة الترحيل",MANUAL,,,"ليست في المعجم — ولا يُخترع اسمُ عمودٍ لتسميةٍ لم تُدرَس",
Reports/margin_report.php,unit_party_awards,"تكلفة التمويل",MANUAL,,,"ليست في المعجم — ولا يُخترع اسمُ عمودٍ لتسميةٍ لم تُدرَس",
Reports/margin_report.php,unit_party_awards,الإهلاك,MANUAL,,,"ليست في المعجم — ولا يُخترع اسمُ عمودٍ لتسميةٍ لم تُدرَس",
Reports/margin_report.php,unit_party_awards,"إجمالي التكلفة",MANUAL,,,"ليست في المعجم — ولا يُخترع اسمُ عمودٍ لتسميةٍ لم تُدرَس",
Reports/margin_report.php,unit_party_awards,"نسبة الهامش",MANUAL,,,"ليست في المعجم — ولا يُخترع اسمُ عمودٍ لتسميةٍ لم تُدرَس",
Reports/margin_report.php,unit_party_awards,الكيان,BOUND,entity,gov,"يبثُّه `ems_gov_ctx()` من `admin_companies` — موصولٌ سلفًا، لا عمل",
Reports/margin_report.php,unit_party_awards,الحالة,MANUAL,status,,"مشتقٌّ من `status` و`unit_party_awards` لا يحمله — يلزم قرار",
Reports/margin_report.php,unit_party_awards,"مركز التكلفة",MANUAL,,,"تسميةٌ علائقيةٌ (مرجعٌ لجدولٍ آخر) — عمودٌ نصيٌّ لها يزدوج المصدر",
Reports/margin_report.php,unit_party_awards,"سعر الصرف ومصدره",MANUAL,,,"تسميةٌ علائقيةٌ (مرجعٌ لجدولٍ آخر) — عمودٌ نصيٌّ لها يزدوج المصدر",
Settings/guard_classification.php,guard_policies,الكيان,BOUND,entity,gov,"يبثُّه `ems_gov_ctx()` من `admin_companies` — موصولٌ سلفًا، لا عمل",
Settings/guard_classification.php,guard_policies,"المنشئ — الاسم والصفة",MANUAL,created_by,,"مشتقٌّ من `created_by` و`guard_policies` لا يحمله — يلزم قرار",
Settings/guard_classification.php,guard_policies,"المعتمد — الاسم والصفة",MANUAL,approved_by,,"مشتقٌّ من `approved_by` و`guard_policies` لا يحمله — يلزم قرار",
Settings/guard_classification.php,guard_policies,"مرجع التفويض",MANUAL,,,"تسميةٌ علائقيةٌ (مرجعٌ لجدولٍ آخر) — عمودٌ نصيٌّ لها يزدوج المصدر",
Settings/guard_classification.php,guard_policies,"المرجع الأب",MANUAL,,,"تسميةٌ علائقيةٌ (مرجعٌ لجدولٍ آخر) — عمودٌ نصيٌّ لها يزدوج المصدر",
Settings/guard_classification.php,guard_policies,"تاريخ الإنشاء",MANUAL,created_at,,"مشتقٌّ من `created_at` و`guard_policies` لا يحمله — يلزم قرار",
Settings/guard_classification.php,guard_policies,"تاريخ الاعتماد",MANUAL,approved_at,,"مشتقٌّ من `approved_at` و`guard_policies` لا يحمله — يلزم قرار",
Settings/guard_classification.php,guard_policies,الحالة,MANUAL,status,,"مشتقٌّ من `status` و`guard_policies` لا يحمله — يلزم قرار",
Settings/modules.php,,"اسم الشاشة",MANUAL,,,"جدولُ الشاشةِ لم يُستنبَط — لا يُقاس عمودٌ بلا جدول",
Settings/modules.php,,"الملف التقني",MANUAL,,,"جدولُ الشاشةِ لم يُستنبَط — لا يُقاس عمودٌ بلا جدول",
Settings/modules.php,,المسار,MANUAL,,,"جدولُ الشاشةِ لم يُستنبَط — لا يُقاس عمودٌ بلا جدول",
Settings/modules.php,,"الإدارة المالكة",MANUAL,,,"جدولُ الشاشةِ لم يُستنبَط — لا يُقاس عمودٌ بلا جدول",
Settings/modules.php,,"نوع الشاشة",MANUAL,,,"جدولُ الشاشةِ لم يُستنبَط — لا يُقاس عمودٌ بلا جدول",
Settings/modules.php,,مفعلة؟,MANUAL,,,"جدولُ الشاشةِ لم يُستنبَط — لا يُقاس عمودٌ بلا جدول",
Settings/modules.php,,"تظهر في القائمة؟",MANUAL,,,"جدولُ الشاشةِ لم يُستنبَط — لا يُقاس عمودٌ بلا جدول",
Settings/modules.php,,"المرحلة في الدورة",MANUAL,,,"جدولُ الشاشةِ لم يُستنبَط — لا يُقاس عمودٌ بلا جدول",
Settings/modules.php,,المجموعة,MANUAL,,,"جدولُ الشاشةِ لم يُستنبَط — لا يُقاس عمودٌ بلا جدول",
Settings/modules.php,,ترتيبها,MANUAL,,,"جدولُ الشاشةِ لم يُستنبَط — لا يُقاس عمودٌ بلا جدول",
Settings/modules.php,,"تحويل مسار من",MANUAL,,,"جدولُ الشاشةِ لم يُستنبَط — لا يُقاس عمودٌ بلا جدول",
Settings/modules.php,,"عداد الطرق القديم",MANUAL,,,"جدولُ الشاشةِ لم يُستنبَط — لا يُقاس عمودٌ بلا جدول",
Settings/modules.php,,"تاريخ التفعيل",MANUAL,,,"جدولُ الشاشةِ لم يُستنبَط — لا يُقاس عمودٌ بلا جدول",
Settings/modules.php,,الكيان,BOUND,entity,gov,"يبثُّه `ems_gov_ctx()` من `admin_companies` — موصولٌ سلفًا، لا عمل",
Settings/modules.php,,"مرجع التفويض",MANUAL,,,"جدولُ الشاشةِ لم يُستنبَط — لا يُقاس عمودٌ بلا جدول",
Settings/modules.php,,"تاريخ الاعتماد",MANUAL,,,"جدولُ الشاشةِ لم يُستنبَط — لا يُقاس عمودٌ بلا جدول",
Settings/modules.php,,"تاريخ الإنشاء",MANUAL,,,"جدولُ الشاشةِ لم يُستنبَط — لا يُقاس عمودٌ بلا جدول",
Settings/modules.php,,"المرجع الأب",MANUAL,,,"جدولُ الشاشةِ لم يُستنبَط — لا يُقاس عمودٌ بلا جدول",
Settings/modules.php,,"المنشئ — الاسم والصفة",MANUAL,,,"جدولُ الشاشةِ لم يُستنبَط — لا يُقاس عمودٌ بلا جدول",
Settings/modules.php,,"المعتمد — الاسم والصفة",MANUAL,,,"جدولُ الشاشةِ لم يُستنبَط — لا يُقاس عمودٌ بلا جدول",
Settings/modules.php,,الحالة,MANUAL,,,"جدولُ الشاشةِ لم يُستنبَط — لا يُقاس عمودٌ بلا جدول",
Settings/modules.php,,المرفق,MANUAL,,,"جدولُ الشاشةِ لم يُستنبَط — لا يُقاس عمودٌ بلا جدول",
Settings/role_permissions.php,role_permissions,الكيان,BOUND,entity,gov,"يبثُّه `ems_gov_ctx()` من `admin_companies` — موصولٌ سلفًا، لا عمل",
Settings/role_permissions.php,role_permissions,"المنشئ — الاسم والصفة",MANUAL,created_by,,"مشتقٌّ من `created_by` و`role_permissions` لا يحمله — يلزم قرار",
Settings/role_permissions.php,role_permissions,"المعتمد — الاسم والصفة",MANUAL,approved_by,,"مشتقٌّ من `approved_by` و`role_permissions` لا يحمله — يلزم قرار",
Settings/role_permissions.php,role_permissions,"مرجع التفويض",MANUAL,,,"تسميةٌ علائقيةٌ (مرجعٌ لجدولٍ آخر) — عمودٌ نصيٌّ لها يزدوج المصدر",
Settings/role_permissions.php,role_permissions,"المرجع الأب",MANUAL,,,"تسميةٌ علائقيةٌ (مرجعٌ لجدولٍ آخر) — عمودٌ نصيٌّ لها يزدوج المصدر",
Settings/role_permissions.php,role_permissions,"تاريخ الإنشاء",MANUAL,created_at,,"مشتقٌّ من `created_at` و`role_permissions` لا يحمله — يلزم قرار",
Settings/role_permissions.php,role_permissions,"تاريخ الاعتماد",MANUAL,approved_at,,"مشتقٌّ من `approved_at` و`role_permissions` لا يحمله — يلزم قرار",
Settings/role_permissions.php,role_permissions,الحالة,MANUAL,status,,"مشتقٌّ من `status` و`role_permissions` لا يحمله — يلزم قرار",
Settings/roles.php,roles,"كود الدور",MANUAL,,,"ليست في المعجم — ولا يُخترع اسمُ عمودٍ لتسميةٍ لم تُدرَس",
Settings/roles.php,roles,"اسم الدور",MANUAL,,,"ليست في المعجم — ولا يُخترع اسمُ عمودٍ لتسميةٍ لم تُدرَس",
Settings/roles.php,roles,"العائلة الوظيفية",MANUAL,,,"ليست في المعجم — ولا يُخترع اسمُ عمودٍ لتسميةٍ لم تُدرَس",
Settings/roles.php,roles,الإدارة,NEW,department,text,"لا عمودَ له في `roles` — يُنشأ **اختياريًّا** (NULL)",
Settings/roles.php,roles,"قالب الصلاحيات",MANUAL,,,"ليست في المعجم — ولا يُخترع اسمُ عمودٍ لتسميةٍ لم تُدرَس",
Settings/roles.php,roles,"النطاق الافتراضي",MANUAL,,,"ليست في المعجم — ولا يُخترع اسمُ عمودٍ لتسميةٍ لم تُدرَس",
Settings/roles.php,roles,"سقف الاعتماد",MANUAL,,,"ليست في المعجم — ولا يُخترع اسمُ عمودٍ لتسميةٍ لم تُدرَس",
Settings/roles.php,roles,"عدد حامليه",MANUAL,,,"ليست في المعجم — ولا يُخترع اسمُ عمودٍ لتسميةٍ لم تُدرَس",
Settings/roles.php,roles,"تعارض واجبات مع",MANUAL,,,"ليست في المعجم — ولا يُخترع اسمُ عمودٍ لتسميةٍ لم تُدرَس",
Settings/roles.php,roles,"تاريخ التعريف",MANUAL,,,"ليست في المعجم — ولا يُخترع اسمُ عمودٍ لتسميةٍ لم تُدرَس",
Settings/roles.php,roles,عرفه,MANUAL,created_by,,"مشتقٌّ من `created_by` و`roles` لا يحمله — يلزم قرار",
Settings/roles.php,roles,الكيان,BOUND,entity,gov,"يبثُّه `ems_gov_ctx()` من `admin_companies` — موصولٌ سلفًا، لا عمل",
Settings/roles.php,roles,"مرجع التفويض",MANUAL,,,"تسميةٌ علائقيةٌ (مرجعٌ لجدولٍ آخر) — عمودٌ نصيٌّ لها يزدوج المصدر",
Settings/roles.php,roles,"تاريخ الاعتماد",MANUAL,approved_at,,"مشتقٌّ من `approved_at` و`roles` لا يحمله — يلزم قرار",
Settings/roles.php,roles,"المرجع الأب",MANUAL,,,"تسميةٌ علائقيةٌ (مرجعٌ لجدولٍ آخر) — عمودٌ نصيٌّ لها يزدوج المصدر",
Settings/roles.php,roles,"المنشئ — الاسم والصفة",MANUAL,created_by,,"تسميتانِ في الشاشةِ تؤولانِ إلى `created_by` — تصادمُ مفتاحٍ يلزمه قرار",
Settings/roles.php,roles,المرفق,MANUAL,,,"تسميةٌ علائقيةٌ (مرجعٌ لجدولٍ آخر) — عمودٌ نصيٌّ لها يزدوج المصدر",
Settings/roles.php,roles,العملة,MANUAL,,,"تسميةٌ علائقيةٌ (مرجعٌ لجدولٍ آخر) — عمودٌ نصيٌّ لها يزدوج المصدر",
Suppliers/equipment_plan.php,suppliers,"رقم الخطة",MANUAL,,,"ليست في المعجم — ولا يُخترع اسمُ عمودٍ لتسميةٍ لم تُدرَس",
Suppliers/equipment_plan.php,suppliers,المورد,MANUAL,,,"ليست في المعجم — ولا يُخترع اسمُ عمودٍ لتسميةٍ لم تُدرَس",
Suppliers/equipment_plan.php,suppliers,العقد,MANUAL,,,"تسميةٌ علائقيةٌ (مرجعٌ لجدولٍ آخر) — عمودٌ نصيٌّ لها يزدوج المصدر",
Suppliers/equipment_plan.php,suppliers,"العدد المتعهد",MANUAL,,,"ليست في المعجم — ولا يُخترع اسمُ عمودٍ لتسميةٍ لم تُدرَس",
Suppliers/equipment_plan.php,suppliers,"الموديل المتوقع",MANUAL,,,"ليست في المعجم — ولا يُخترع اسمُ عمودٍ لتسميةٍ لم تُدرَس",
Suppliers/equipment_plan.php,suppliers,"سنة الصنع الدنيا",MANUAL,,,"ليست في المعجم — ولا يُخترع اسمُ عمودٍ لتسميةٍ لم تُدرَس",
Suppliers/equipment_plan.php,suppliers,"تاريخ الجاهزية المتعهد",MANUAL,,,"ليست في المعجم — ولا يُخترع اسمُ عمودٍ لتسميةٍ لم تُدرَس",
Suppliers/equipment_plan.php,suppliers,"الوصول الفعلي",MANUAL,,,"ليست في المعجم — ولا يُخترع اسمُ عمودٍ لتسميةٍ لم تُدرَس",
Suppliers/equipment_plan.php,suppliers,"التأخر بالأيام",MANUAL,,,"ليست في المعجم — ولا يُخترع اسمُ عمودٍ لتسميةٍ لم تُدرَس",
Suppliers/equipment_plan.php,suppliers,"جزاء التأخر",MANUAL,,,"ليست في المعجم — ولا يُخترع اسمُ عمودٍ لتسميةٍ لم تُدرَس",
Suppliers/equipment_plan.php,suppliers,"سقف الاحتياطي المسموح",MANUAL,,,"ليست في المعجم — ولا يُخترع اسمُ عمودٍ لتسميةٍ لم تُدرَس",
Suppliers/equipment_plan.php,suppliers,"كود المعدة",MANUAL,,,"تسميةٌ علائقيةٌ (مرجعٌ لجدولٍ آخر) — عمودٌ نصيٌّ لها يزدوج المصدر",
Suppliers/equipment_plan.php,suppliers,"المورد المتعاقد معه",MANUAL,,,"ليست في المعجم — ولا يُخترع اسمُ عمودٍ لتسميةٍ لم تُدرَس",
Suppliers/equipment_plan.php,suppliers,"المالك الحقيقي",MANUAL,,,"ليست في المعجم — ولا يُخترع اسمُ عمودٍ لتسميةٍ لم تُدرَس",
Suppliers/equipment_plan.php,suppliers,"علاقة المورد بالمالك",MANUAL,,,"ليست في المعجم — ولا يُخترع اسمُ عمودٍ لتسميةٍ لم تُدرَس",
Suppliers/equipment_plan.php,suppliers,الموديل,MANUAL,,,"ليست في المعجم — ولا يُخترع اسمُ عمودٍ لتسميةٍ لم تُدرَس",
Suppliers/equipment_plan.php,suppliers,"سنة الصنع",MANUAL,,,"ليست في المعجم — ولا يُخترع اسمُ عمودٍ لتسميةٍ لم تُدرَس",
Suppliers/equipment_plan.php,suppliers,"الرقم التسلسلي",MANUAL,,,"ليست في المعجم — ولا يُخترع اسمُ عمودٍ لتسميةٍ لم تُدرَس",
Suppliers/equipment_plan.php,suppliers,"العقد المرتبط",MANUAL,,,"ليست في المعجم — ولا يُخترع اسمُ عمودٍ لتسميةٍ لم تُدرَس",
Suppliers/equipment_plan.php,suppliers,"الوحدة التعاقدية",MANUAL,,,"تسميةٌ علائقيةٌ (مرجعٌ لجدولٍ آخر) — عمودٌ نصيٌّ لها يزدوج المصدر",
Suppliers/equipment_plan.php,suppliers,"تاريخ التفعيل",MANUAL,,,"ليست في المعجم — ولا يُخترع اسمُ عمودٍ لتسميةٍ لم تُدرَس",
Suppliers/equipment_plan.php,suppliers,"العداد عند التفعيل",MANUAL,,,"ليست في المعجم — ولا يُخترع اسمُ عمودٍ لتسميةٍ لم تُدرَس",
Suppliers/equipment_plan.php,suppliers,"العداد الحالي",MANUAL,,,"ليست في المعجم — ولا يُخترع اسمُ عمودٍ لتسميةٍ لم تُدرَس",
Suppliers/equipment_plan.php,suppliers,"حالة الجاهزية",MANUAL,,,"ليست في المعجم — ولا يُخترع اسمُ عمودٍ لتسميةٍ لم تُدرَس",
Suppliers/equipment_plan.php,suppliers,"حق الرجوع",MANUAL,,,"ليست في المعجم — ولا يُخترع اسمُ عمودٍ لتسميةٍ لم تُدرَس",
Suppliers/equipment_plan.php,suppliers,"درجة سرية الملكية",MANUAL,,,"ليست في المعجم — ولا يُخترع اسمُ عمودٍ لتسميةٍ لم تُدرَس",
Suppliers/equipment_plan.php,suppliers,الكيان,BOUND,entity,gov,"يبثُّه `ems_gov_ctx()` من `admin_companies` — موصولٌ سلفًا، لا عمل",
Suppliers/equipment_plan.php,suppliers,"مرجع التفويض",MANUAL,,,"تسميةٌ علائقيةٌ (مرجعٌ لجدولٍ آخر) — عمودٌ نصيٌّ لها يزدوج المصدر",
Suppliers/equipment_plan.php,suppliers,"تاريخ الاعتماد",MANUAL,approved_at,,"مشتقٌّ من `approved_at` و`suppliers` لا يحمله — يلزم قرار",
Suppliers/equipment_plan.php,suppliers,"تاريخ الإنشاء",BIND,created_at,derived,"مشتقٌّ من `created_at` القائمِ في `suppliers` — بلا هجرة",
Suppliers/equipment_plan.php,suppliers,"المرجع الأب",MANUAL,,,"تسميةٌ علائقيةٌ (مرجعٌ لجدولٍ آخر) — عمودٌ نصيٌّ لها يزدوج المصدر",
Suppliers/equipment_plan.php,suppliers,"المنشئ — الاسم والصفة",MANUAL,created_by,,"مشتقٌّ من `created_by` و`suppliers` لا يحمله — يلزم قرار",
Suppliers/equipment_plan.php,suppliers,"المعتمد — الاسم والصفة",MANUAL,approved_by,,"مشتقٌّ من `approved_by` و`suppliers` لا يحمله — يلزم قرار",
Suppliers/equipment_plan.php,suppliers,"سجل الاطلاع",MANUAL,,,"تسميةٌ علائقيةٌ (مرجعٌ لجدولٍ آخر) — عمودٌ نصيٌّ لها يزدوج المصدر",
Suppliers/equipment_plan.php,suppliers,المرفق,MANUAL,,,"تسميةٌ علائقيةٌ (مرجعٌ لجدولٍ آخر) — عمودٌ نصيٌّ لها يزدوج المصدر",
Suppliers/equipment_plan.php,suppliers,العملة,MANUAL,,,"تسميةٌ علائقيةٌ (مرجعٌ لجدولٍ آخر) — عمودٌ نصيٌّ لها يزدوج المصدر",
Suppliers/rfq_requests.php,role_permissions,الكيان,BOUND,entity,gov,"يبثُّه `ems_gov_ctx()` من `admin_companies` — موصولٌ سلفًا، لا عمل",
Suppliers/rfq_requests.php,role_permissions,"المنشئ — الاسم والصفة",MANUAL,created_by,,"مشتقٌّ من `created_by` و`role_permissions` لا يحمله — يلزم قرار",
Suppliers/rfq_requests.php,role_permissions,"المعتمد — الاسم والصفة",MANUAL,approved_by,,"مشتقٌّ من `approved_by` و`role_permissions` لا يحمله — يلزم قرار",
Suppliers/rfq_requests.php,role_permissions,"مرجع التفويض",MANUAL,,,"تسميةٌ علائقيةٌ (مرجعٌ لجدولٍ آخر) — عمودٌ نصيٌّ لها يزدوج المصدر",
Suppliers/rfq_requests.php,role_permissions,"المرجع الأب",MANUAL,,,"تسميةٌ علائقيةٌ (مرجعٌ لجدولٍ آخر) — عمودٌ نصيٌّ لها يزدوج المصدر",
Suppliers/rfq_requests.php,role_permissions,"تاريخ الإنشاء",MANUAL,created_at,,"مشتقٌّ من `created_at` و`role_permissions` لا يحمله — يلزم قرار",
Suppliers/rfq_requests.php,role_permissions,"تاريخ الاعتماد",MANUAL,approved_at,,"مشتقٌّ من `approved_at` و`role_permissions` لا يحمله — يلزم قرار",
Suppliers/rfq_requests.php,role_permissions,الحالة,MANUAL,status,,"مشتقٌّ من `status` و`role_permissions` لا يحمله — يلزم قرار",
Suppliers/settlements.php,role_permissions,العقد,MANUAL,,,"تسميةٌ علائقيةٌ (مرجعٌ لجدولٍ آخر) — عمودٌ نصيٌّ لها يزدوج المصدر",
Suppliers/settlements.php,role_permissions,الوحدة,MANUAL,,,"تسميةٌ علائقيةٌ (مرجعٌ لجدولٍ آخر) — عمودٌ نصيٌّ لها يزدوج المصدر",
Suppliers/settlements.php,role_permissions,"الساعات المتعاقدة",MANUAL,,,"ليست في المعجم — ولا يُخترع اسمُ عمودٍ لتسميةٍ لم تُدرَس",
Suppliers/settlements.php,role_permissions,"الساعات المنفذة",MANUAL,,,"ليست في المعجم — ولا يُخترع اسمُ عمودٍ لتسميةٍ لم تُدرَس",
Suppliers/settlements.php,role_permissions,العجز,MANUAL,,,"ليست في المعجم — ولا يُخترع اسمُ عمودٍ لتسميةٍ لم تُدرَس",
Suppliers/settlements.php,role_permissions,"التعطل المحمل على المورد",MANUAL,,,"ليست في المعجم — ولا يُخترع اسمُ عمودٍ لتسميةٍ لم تُدرَس",
Suppliers/settlements.php,role_permissions,"ساعات مخصومة بالتسوية",MANUAL,,,"ليست في المعجم — ولا يُخترع اسمُ عمودٍ لتسميةٍ لم تُدرَس",
Suppliers/settlements.php,role_permissions,"سعر الساعة",MANUAL,,,"ليست في المعجم — ولا يُخترع اسمُ عمودٍ لتسميةٍ لم تُدرَس",
Suppliers/settlements.php,role_permissions,"الاستحقاق قبل التسويات",MANUAL,,,"ليست في المعجم — ولا يُخترع اسمُ عمودٍ لتسميةٍ لم تُدرَس",
Suppliers/settlements.php,role_permissions,"تحميلات على المورد",MANUAL,,,"ليست في المعجم — ولا يُخترع اسمُ عمودٍ لتسميةٍ لم تُدرَس",
Suppliers/settlements.php,role_permissions,جزاءات,MANUAL,,,"ليست في المعجم — ولا يُخترع اسمُ عمودٍ لتسميةٍ لم تُدرَس",
Suppliers/settlements.php,role_permissions,حوافز,MANUAL,,,"ليست في المعجم — ولا يُخترع اسمُ عمودٍ لتسميةٍ لم تُدرَس",
Suppliers/settlements.php,role_permissions,"صافي المستحق",MANUAL,,,"ليست في المعجم — ولا يُخترع اسمُ عمودٍ لتسميةٍ لم تُدرَس",
Suppliers/settlements.php,role_permissions,أعدها,MANUAL,,,"ليست في المعجم — ولا يُخترع اسمُ عمودٍ لتسميةٍ لم تُدرَس",
Suppliers/settlements.php,role_permissions,اعتمدها,MANUAL,approved_by,,"مشتقٌّ من `approved_by` و`role_permissions` لا يحمله — يلزم قرار",
Suppliers/settlements.php,role_permissions,"نسخة القاعدة المستعملة",MANUAL,,,"تسميةٌ علائقيةٌ (مرجعٌ لجدولٍ آخر) — عمودٌ نصيٌّ لها يزدوج المصدر",
Suppliers/settlements.php,role_permissions,الكيان,BOUND,entity,gov,"يبثُّه `ems_gov_ctx()` من `admin_companies` — موصولٌ سلفًا، لا عمل",
Suppliers/settlements.php,role_permissions,"مرجع التفويض",MANUAL,,,"تسميةٌ علائقيةٌ (مرجعٌ لجدولٍ آخر) — عمودٌ نصيٌّ لها يزدوج المصدر",
Suppliers/settlements.php,role_permissions,"تاريخ الاعتماد",MANUAL,approved_at,,"مشتقٌّ من `approved_at` و`role_permissions` لا يحمله — يلزم قرار",
Suppliers/settlements.php,role_permissions,"المرجع الأب",MANUAL,,,"تسميةٌ علائقيةٌ (مرجعٌ لجدولٍ آخر) — عمودٌ نصيٌّ لها يزدوج المصدر",
Suppliers/settlements.php,role_permissions,"مفتاح منع التكرار",MANUAL,,,"تسميةٌ علائقيةٌ (مرجعٌ لجدولٍ آخر) — عمودٌ نصيٌّ لها يزدوج المصدر",
Suppliers/settlements.php,role_permissions,"معكوس ب",MANUAL,,,"تسميةٌ علائقيةٌ (مرجعٌ لجدولٍ آخر) — عمودٌ نصيٌّ لها يزدوج المصدر",
Suppliers/settlements.php,role_permissions,"عكس عن",MANUAL,,,"تسميةٌ علائقيةٌ (مرجعٌ لجدولٍ آخر) — عمودٌ نصيٌّ لها يزدوج المصدر",
Suppliers/settlements.php,role_permissions,"درجة الأثر",MANUAL,,,"تسميةٌ علائقيةٌ (مرجعٌ لجدولٍ آخر) — عمودٌ نصيٌّ لها يزدوج المصدر",
Suppliers/settlements.php,role_permissions,المرفق,MANUAL,,,"تسميةٌ علائقيةٌ (مرجعٌ لجدولٍ آخر) — عمودٌ نصيٌّ لها يزدوج المصدر",
Suppliers/settlements.php,role_permissions,"مركز التكلفة",MANUAL,,,"تسميةٌ علائقيةٌ (مرجعٌ لجدولٍ آخر) — عمودٌ نصيٌّ لها يزدوج المصدر",
Suppliers/settlements.php,role_permissions,العملة,MANUAL,,,"تسميةٌ علائقيةٌ (مرجعٌ لجدولٍ آخر) — عمودٌ نصيٌّ لها يزدوج المصدر",
Suppliers/settlements.php,role_permissions,"سعر الصرف",MANUAL,,,"تسميةٌ علائقيةٌ (مرجعٌ لجدولٍ آخر) — عمودٌ نصيٌّ لها يزدوج المصدر",
Suppliers/shares_coverage.php,capacity_consumption_ledger,"رقم الحصة",MANUAL,,,"ليست في المعجم — ولا يُخترع اسمُ عمودٍ لتسميةٍ لم تُدرَس",
Suppliers/shares_coverage.php,capacity_consumption_ledger,العقد,MANUAL,,,"تسميةٌ علائقيةٌ (مرجعٌ لجدولٍ آخر) — عمودٌ نصيٌّ لها يزدوج المصدر",
Suppliers/shares_coverage.php,capacity_consumption_ledger,"نموذج العمل",MANUAL,,,"ليست في المعجم — ولا يُخترع اسمُ عمودٍ لتسميةٍ لم تُدرَس",
Suppliers/shares_coverage.php,capacity_consumption_ledger,"وحدة العمل",MANUAL,,,"ليست في المعجم — ولا يُخترع اسمُ عمودٍ لتسميةٍ لم تُدرَس",
Suppliers/shares_coverage.php,capacity_consumption_ledger,"نوع المعدة",MANUAL,,,"ليست في المعجم — ولا يُخترع اسمُ عمودٍ لتسميةٍ لم تُدرَس",
Suppliers/shares_coverage.php,capacity_consumption_ledger,"الحصة المخصصة (وحدات)",MANUAL,,,"ليست في المعجم — ولا يُخترع اسمُ عمودٍ لتسميةٍ لم تُدرَس",
Suppliers/shares_coverage.php,capacity_consumption_ledger,"حصة المبيعات لهذا النوع",MANUAL,,,"ليست في المعجم — ولا يُخترع اسمُ عمودٍ لتسميةٍ لم تُدرَس",
Suppliers/shares_coverage.php,capacity_consumption_ledger,"مجموع حصص الموردين لهذا النوع",MANUAL,,,"ليست في المعجم — ولا يُخترع اسمُ عمودٍ لتسميةٍ لم تُدرَس",
Suppliers/shares_coverage.php,capacity_consumption_ledger,"المتبقي من حصة المبيعات",MANUAL,,,"ليست في المعجم — ولا يُخترع اسمُ عمودٍ لتسميةٍ لم تُدرَس",
Suppliers/shares_coverage.php,capacity_consumption_ledger,"معدات أساسية",MANUAL,,,"ليست في المعجم — ولا يُخترع اسمُ عمودٍ لتسميةٍ لم تُدرَس",
Suppliers/shares_coverage.php,capacity_consumption_ledger,"معدات احتياطية",MANUAL,,,"ليست في المعجم — ولا يُخترع اسمُ عمودٍ لتسميةٍ لم تُدرَس",
Suppliers/shares_coverage.php,capacity_consumption_ledger,"الموزع على المعدات",MANUAL,,,"ليست في المعجم — ولا يُخترع اسمُ عمودٍ لتسميةٍ لم تُدرَس",
Suppliers/shares_coverage.php,capacity_consumption_ledger,"غير الموزع",MANUAL,,,"ليست في المعجم — ولا يُخترع اسمُ عمودٍ لتسميةٍ لم تُدرَس",
Suppliers/shares_coverage.php,capacity_consumption_ledger,"الساعات المشتقة من عقد العميل (محسوبة)",MANUAL,,,"ليست في المعجم — ولا يُخترع اسمُ عمودٍ لتسميةٍ لم تُدرَس",
Suppliers/shares_coverage.php,capacity_consumption_ledger,"تاريخ السريان",NEW,effective_date,date,"لا عمودَ له في `capacity_consumption_ledger` — يُنشأ **اختياريًّا** (NULL)",
Suppliers/shares_coverage.php,capacity_consumption_ledger,"تاريخ الانتهاء",MANUAL,,,"ليست في المعجم — ولا يُخترع اسمُ عمودٍ لتسميةٍ لم تُدرَس",
Suppliers/shares_coverage.php,capacity_consumption_ledger,"حالة الحصة",MANUAL,,,"ليست في المعجم — ولا يُخترع اسمُ عمودٍ لتسميةٍ لم تُدرَس",
Suppliers/shares_coverage.php,capacity_consumption_ledger,"مرجع العقد أو الملحق",MANUAL,,,"ليست في المعجم — ولا يُخترع اسمُ عمودٍ لتسميةٍ لم تُدرَس",
Suppliers/shares_coverage.php,capacity_consumption_ledger,"مرجع الترسية",MANUAL,,,"ليست في المعجم — ولا يُخترع اسمُ عمودٍ لتسميةٍ لم تُدرَس",
Suppliers/shares_coverage.php,capacity_consumption_ledger,خصصها,MANUAL,,,"ليست في المعجم — ولا يُخترع اسمُ عمودٍ لتسميةٍ لم تُدرَس",
Suppliers/shares_coverage.php,capacity_consumption_ledger,"نسخة القاعدة المستعملة",MANUAL,,,"تسميةٌ علائقيةٌ (مرجعٌ لجدولٍ آخر) — عمودٌ نصيٌّ لها يزدوج المصدر",
Suppliers/shares_coverage.php,capacity_consumption_ledger,"رقم السطر",MANUAL,,,"ليست في المعجم — ولا يُخترع اسمُ عمودٍ لتسميةٍ لم تُدرَس",
Suppliers/shares_coverage.php,capacity_consumption_ledger,"تاريخ القيد",MANUAL,,,"ليست في المعجم — ولا يُخترع اسمُ عمودٍ لتسميةٍ لم تُدرَس",
Suppliers/shares_coverage.php,capacity_consumption_ledger,"الحصة المرجعية",MANUAL,,,"ليست في المعجم — ولا يُخترع اسمُ عمودٍ لتسميةٍ لم تُدرَس",
Suppliers/shares_coverage.php,capacity_consumption_ledger,"الوحدة التعاقدية",MANUAL,,,"تسميةٌ علائقيةٌ (مرجعٌ لجدولٍ آخر) — عمودٌ نصيٌّ لها يزدوج المصدر",
Suppliers/shares_coverage.php,capacity_consumption_ledger,المعدة,MANUAL,,,"ليست في المعجم — ولا يُخترع اسمُ عمودٍ لتسميةٍ لم تُدرَس",
Suppliers/shares_coverage.php,capacity_consumption_ledger,الفترة,MANUAL,,,"تسميةٌ علائقيةٌ (مرجعٌ لجدولٍ آخر) — عمودٌ نصيٌّ لها يزدوج المصدر",
Suppliers/shares_coverage.php,capacity_consumption_ledger,"الساعات المستهلكة",MANUAL,,,"ليست في المعجم — ولا يُخترع اسمُ عمودٍ لتسميةٍ لم تُدرَس",
Suppliers/shares_coverage.php,capacity_consumption_ledger,"الرصيد قبل",MANUAL,,,"ليست في المعجم — ولا يُخترع اسمُ عمودٍ لتسميةٍ لم تُدرَس",
Suppliers/shares_coverage.php,capacity_consumption_ledger,"الرصيد بعد",MANUAL,,,"ليست في المعجم — ولا يُخترع اسمُ عمودٍ لتسميةٍ لم تُدرَس",
Suppliers/shares_coverage.php,capacity_consumption_ledger,"المستند المصدر",MANUAL,,,"ليست في المعجم — ولا يُخترع اسمُ عمودٍ لتسميةٍ لم تُدرَس",
Suppliers/shares_coverage.php,capacity_consumption_ledger,الكيان,BOUND,entity,gov,"يبثُّه `ems_gov_ctx()` من `admin_companies` — موصولٌ سلفًا، لا عمل",
Suppliers/shares_coverage.php,capacity_consumption_ledger,"مرجع التفويض",MANUAL,,,"تسميةٌ علائقيةٌ (مرجعٌ لجدولٍ آخر) — عمودٌ نصيٌّ لها يزدوج المصدر",
Suppliers/shares_coverage.php,capacity_consumption_ledger,"تاريخ الاعتماد",MANUAL,approved_at,,"مشتقٌّ من `approved_at` و`capacity_consumption_ledger` لا يحمله — يلزم قرار",
Suppliers/shares_coverage.php,capacity_consumption_ledger,"تاريخ الإنشاء",BIND,created_at,derived,"مشتقٌّ من `created_at` القائمِ في `capacity_consumption_ledger` — بلا هجرة",
Suppliers/shares_coverage.php,capacity_consumption_ledger,"المنشئ — الاسم والصفة",BIND,created_by,derived,"مشتقٌّ من `created_by` القائمِ في `capacity_consumption_ledger` — بلا هجرة",
Suppliers/shares_coverage.php,capacity_consumption_ledger,"المعتمد — الاسم والصفة",MANUAL,approved_by,,"مشتقٌّ من `approved_by` و`capacity_consumption_ledger` لا يحمله — يلزم قرار",
Suppliers/shares_coverage.php,capacity_consumption_ledger,الحالة,MANUAL,status,,"مشتقٌّ من `status` و`capacity_consumption_ledger` لا يحمله — يلزم قرار",
Suppliers/shares_coverage.php,capacity_consumption_ledger,"مفتاح منع التكرار",MANUAL,,,"تسميةٌ علائقيةٌ (مرجعٌ لجدولٍ آخر) — عمودٌ نصيٌّ لها يزدوج المصدر",
Suppliers/shares_coverage.php,capacity_consumption_ledger,"معكوس ب",MANUAL,,,"تسميةٌ علائقيةٌ (مرجعٌ لجدولٍ آخر) — عمودٌ نصيٌّ لها يزدوج المصدر",
Suppliers/shares_coverage.php,capacity_consumption_ledger,"عكس عن",MANUAL,,,"تسميةٌ علائقيةٌ (مرجعٌ لجدولٍ آخر) — عمودٌ نصيٌّ لها يزدوج المصدر",
Suppliers/shares_coverage.php,capacity_consumption_ledger,"درجة الأثر",MANUAL,,,"تسميةٌ علائقيةٌ (مرجعٌ لجدولٍ آخر) — عمودٌ نصيٌّ لها يزدوج المصدر",
Suppliers/shares_coverage.php,capacity_consumption_ledger,"سجل الاطلاع",MANUAL,,,"تسميةٌ علائقيةٌ (مرجعٌ لجدولٍ آخر) — عمودٌ نصيٌّ لها يزدوج المصدر",
Suppliers/shares_coverage.php,capacity_consumption_ledger,المرفق,MANUAL,,,"تسميةٌ علائقيةٌ (مرجعٌ لجدولٍ آخر) — عمودٌ نصيٌّ لها يزدوج المصدر",
Suppliers/supplier_advances.php,role_permissions,"رقم السلفة",MANUAL,,,"ليست في المعجم — ولا يُخترع اسمُ عمودٍ لتسميةٍ لم تُدرَس",
Suppliers/supplier_advances.php,role_permissions,العقد,MANUAL,,,"تسميةٌ علائقيةٌ (مرجعٌ لجدولٍ آخر) — عمودٌ نصيٌّ لها يزدوج المصدر",
Suppliers/supplier_advances.php,role_permissions,"تاريخ الطلب",NEW,request_date,date,"لا عمودَ له في `role_permissions` — يُنشأ **اختياريًّا** (NULL)",
Suppliers/supplier_advances.php,role_permissions,"سبب السلفة",MANUAL,,,"ليست في المعجم — ولا يُخترع اسمُ عمودٍ لتسميةٍ لم تُدرَس",
Suppliers/supplier_advances.php,role_permissions,"نسبة الاستقطاع من التسوية",MANUAL,,,"ليست في المعجم — ولا يُخترع اسمُ عمودٍ لتسميةٍ لم تُدرَس",
Suppliers/supplier_advances.php,role_permissions,"عدد أشهر الاستقطاع",MANUAL,,,"ليست في المعجم — ولا يُخترع اسمُ عمودٍ لتسميةٍ لم تُدرَس",
Suppliers/supplier_advances.php,role_permissions,"المستقطع حتى تاريخه",MANUAL,,,"ليست في المعجم — ولا يُخترع اسمُ عمودٍ لتسميةٍ لم تُدرَس",
Suppliers/supplier_advances.php,role_permissions,المتبقي,MANUAL,,,"ليست في المعجم — ولا يُخترع اسمُ عمودٍ لتسميةٍ لم تُدرَس",
Suppliers/supplier_advances.php,role_permissions,"الضمان المقدم",MANUAL,,,"ليست في المعجم — ولا يُخترع اسمُ عمودٍ لتسميةٍ لم تُدرَس",
Suppliers/supplier_advances.php,role_permissions,"اعتماد الموردين",MANUAL,,,"ليست في المعجم — ولا يُخترع اسمُ عمودٍ لتسميةٍ لم تُدرَس",
Suppliers/supplier_advances.php,role_permissions,"الاعتماد المالي",MANUAL,,,"ليست في المعجم — ولا يُخترع اسمُ عمودٍ لتسميةٍ لم تُدرَس",
Suppliers/supplier_advances.php,role_permissions,"تاريخ الصرف",MANUAL,,,"ليست في المعجم — ولا يُخترع اسمُ عمودٍ لتسميةٍ لم تُدرَس",
Suppliers/supplier_advances.php,role_permissions,"نسخة القاعدة المستعملة",MANUAL,,,"تسميةٌ علائقيةٌ (مرجعٌ لجدولٍ آخر) — عمودٌ نصيٌّ لها يزدوج المصدر",
Suppliers/supplier_advances.php,role_permissions,الكيان,BOUND,entity,gov,"يبثُّه `ems_gov_ctx()` من `admin_companies` — موصولٌ سلفًا، لا عمل",
Suppliers/supplier_advances.php,role_permissions,"مرجع التفويض",MANUAL,,,"تسميةٌ علائقيةٌ (مرجعٌ لجدولٍ آخر) — عمودٌ نصيٌّ لها يزدوج المصدر",
Suppliers/supplier_advances.php,role_permissions,"تاريخ الاعتماد",MANUAL,approved_at,,"مشتقٌّ من `approved_at` و`role_permissions` لا يحمله — يلزم قرار",
Suppliers/supplier_advances.php,role_permissions,"تاريخ الإنشاء",MANUAL,created_at,,"مشتقٌّ من `created_at` و`role_permissions` لا يحمله — يلزم قرار",
Suppliers/supplier_advances.php,role_permissions,"المرجع الأب",MANUAL,,,"تسميةٌ علائقيةٌ (مرجعٌ لجدولٍ آخر) — عمودٌ نصيٌّ لها يزدوج المصدر",
Suppliers/supplier_advances.php,role_permissions,"المنشئ — الاسم والصفة",MANUAL,created_by,,"مشتقٌّ من `created_by` و`role_permissions` لا يحمله — يلزم قرار",
Suppliers/supplier_advances.php,role_permissions,"مفتاح منع التكرار",MANUAL,,,"تسميةٌ علائقيةٌ (مرجعٌ لجدولٍ آخر) — عمودٌ نصيٌّ لها يزدوج المصدر",
Suppliers/supplier_advances.php,role_permissions,"معكوس ب",MANUAL,,,"تسميةٌ علائقيةٌ (مرجعٌ لجدولٍ آخر) — عمودٌ نصيٌّ لها يزدوج المصدر",
Suppliers/supplier_advances.php,role_permissions,"عكس عن",MANUAL,,,"تسميةٌ علائقيةٌ (مرجعٌ لجدولٍ آخر) — عمودٌ نصيٌّ لها يزدوج المصدر",
Suppliers/supplier_advances.php,role_permissions,"درجة الأثر",MANUAL,,,"تسميةٌ علائقيةٌ (مرجعٌ لجدولٍ آخر) — عمودٌ نصيٌّ لها يزدوج المصدر",
Suppliers/supplier_advances.php,role_permissions,المرفق,MANUAL,,,"تسميةٌ علائقيةٌ (مرجعٌ لجدولٍ آخر) — عمودٌ نصيٌّ لها يزدوج المصدر",
Suppliers/supplier_advances.php,role_permissions,"مركز التكلفة",MANUAL,,,"تسميةٌ علائقيةٌ (مرجعٌ لجدولٍ آخر) — عمودٌ نصيٌّ لها يزدوج المصدر",
Suppliers/supplier_advances.php,role_permissions,"سعر الصرف ومصدره",MANUAL,,,"تسميةٌ علائقيةٌ (مرجعٌ لجدولٍ آخر) — عمودٌ نصيٌّ لها يزدوج المصدر",
Suppliers/supplier_advances.php,role_permissions,العملة,MANUAL,,,"تسميةٌ علائقيةٌ (مرجعٌ لجدولٍ آخر) — عمودٌ نصيٌّ لها يزدوج المصدر",
Suppliers/supplier_bank.php,suppliers,العملة,MANUAL,,,"تسميةٌ علائقيةٌ (مرجعٌ لجدولٍ آخر) — عمودٌ نصيٌّ لها يزدوج المصدر",
Suppliers/supplier_bank.php,suppliers,الحالة,BIND,status,derived,"مشتقٌّ من `status` القائمِ في `suppliers` — بلا هجرة",
Suppliers/supplier_bank.php,suppliers,الكيان,BOUND,entity,gov,"يبثُّه `ems_gov_ctx()` من `admin_companies` — موصولٌ سلفًا، لا عمل",
Suppliers/supplier_bank.php,suppliers,"المنشئ — الاسم والصفة",MANUAL,created_by,,"مشتقٌّ من `created_by` و`suppliers` لا يحمله — يلزم قرار",
Suppliers/supplier_bank.php,suppliers,"تاريخ الإنشاء",BIND,created_at,derived,"مشتقٌّ من `created_at` القائمِ في `suppliers` — بلا هجرة",
Suppliers/supplier_bank.php,suppliers,"المعتمد — الاسم والصفة",MANUAL,approved_by,,"مشتقٌّ من `approved_by` و`suppliers` لا يحمله — يلزم قرار",
Suppliers/supplier_bank.php,suppliers,"تاريخ الاعتماد",MANUAL,approved_at,,"مشتقٌّ من `approved_at` و`suppliers` لا يحمله — يلزم قرار",
Suppliers/supplier_bank.php,suppliers,"مرجع التفويض",MANUAL,,,"تسميةٌ علائقيةٌ (مرجعٌ لجدولٍ آخر) — عمودٌ نصيٌّ لها يزدوج المصدر",
Suppliers/supplier_bank.php,suppliers,"المرجع الأب",MANUAL,,,"تسميةٌ علائقيةٌ (مرجعٌ لجدولٍ آخر) — عمودٌ نصيٌّ لها يزدوج المصدر",
Suppliers/supplier_bank.php,suppliers,المرفق,MANUAL,,,"تسميةٌ علائقيةٌ (مرجعٌ لجدولٍ آخر) — عمودٌ نصيٌّ لها يزدوج المصدر",
Suppliers/supplier_bank.php,suppliers,"مفتاح منع التكرار",MANUAL,,,"تسميةٌ علائقيةٌ (مرجعٌ لجدولٍ آخر) — عمودٌ نصيٌّ لها يزدوج المصدر",
Suppliers/supplier_bank.php,suppliers,"درجة الأثر",MANUAL,,,"تسميةٌ علائقيةٌ (مرجعٌ لجدولٍ آخر) — عمودٌ نصيٌّ لها يزدوج المصدر",
Suppliers/supplier_bank.php,suppliers,"معكوس ب",MANUAL,,,"تسميةٌ علائقيةٌ (مرجعٌ لجدولٍ آخر) — عمودٌ نصيٌّ لها يزدوج المصدر",
Suppliers/supplier_bank.php,suppliers,"عكس عن",MANUAL,,,"تسميةٌ علائقيةٌ (مرجعٌ لجدولٍ آخر) — عمودٌ نصيٌّ لها يزدوج المصدر",
Suppliers/supplier_bank.php,suppliers,"سجل الاطلاع",MANUAL,,,"تسميةٌ علائقيةٌ (مرجعٌ لجدولٍ آخر) — عمودٌ نصيٌّ لها يزدوج المصدر",
Suppliers/supplier_capacity.php,role_permissions,"رقم السجل",NEW,commercial_reg_no,text,"لا عمودَ له في `role_permissions` — يُنشأ **اختياريًّا** (NULL)",
Suppliers/supplier_capacity.php,role_permissions,المورد,MANUAL,,,"ليست في المعجم — ولا يُخترع اسمُ عمودٍ لتسميةٍ لم تُدرَس",
Suppliers/supplier_capacity.php,role_permissions,العقد,MANUAL,,,"تسميةٌ علائقيةٌ (مرجعٌ لجدولٍ آخر) — عمودٌ نصيٌّ لها يزدوج المصدر",
Suppliers/supplier_capacity.php,role_permissions,"الطاقة التعاقدية (وحدات)",MANUAL,,,"ليست في المعجم — ولا يُخترع اسمُ عمودٍ لتسميةٍ لم تُدرَس",
Suppliers/supplier_capacity.php,role_permissions,"الطاقة المفعلة",MANUAL,,,"ليست في المعجم — ولا يُخترع اسمُ عمودٍ لتسميةٍ لم تُدرَس",
Suppliers/supplier_capacity.php,role_permissions,"متوسط زمن الإحلال",MANUAL,,,"ليست في المعجم — ولا يُخترع اسمُ عمودٍ لتسميةٍ لم تُدرَس",
Suppliers/supplier_capacity.php,role_permissions,"حالات تجاوز المهلة",MANUAL,,,"ليست في المعجم — ولا يُخترع اسمُ عمودٍ لتسميةٍ لم تُدرَس",
Suppliers/supplier_capacity.php,role_permissions,"قيمة الجزاء المستحق",MANUAL,,,"ليست في المعجم — ولا يُخترع اسمُ عمودٍ لتسميةٍ لم تُدرَس",
Suppliers/supplier_capacity.php,role_permissions,"تاريخ القياس",MANUAL,,,"ليست في المعجم — ولا يُخترع اسمُ عمودٍ لتسميةٍ لم تُدرَس",
Suppliers/supplier_capacity.php,role_permissions,"نسخة القاعدة المستعملة",MANUAL,,,"تسميةٌ علائقيةٌ (مرجعٌ لجدولٍ آخر) — عمودٌ نصيٌّ لها يزدوج المصدر",
Suppliers/supplier_capacity.php,role_permissions,الفترة,MANUAL,,,"تسميةٌ علائقيةٌ (مرجعٌ لجدولٍ آخر) — عمودٌ نصيٌّ لها يزدوج المصدر",
Suppliers/supplier_capacity.php,role_permissions,"الوحدات المتعاقدة",MANUAL,,,"ليست في المعجم — ولا يُخترع اسمُ عمودٍ لتسميةٍ لم تُدرَس",
Suppliers/supplier_capacity.php,role_permissions,"الوحدات المفعلة",MANUAL,,,"ليست في المعجم — ولا يُخترع اسمُ عمودٍ لتسميةٍ لم تُدرَس",
Suppliers/supplier_capacity.php,role_permissions,"فجوة التغطية",MANUAL,,,"ليست في المعجم — ولا يُخترع اسمُ عمودٍ لتسميةٍ لم تُدرَس",
Suppliers/supplier_capacity.php,role_permissions,"الساعات التعاقدية",MANUAL,,,"ليست في المعجم — ولا يُخترع اسمُ عمودٍ لتسميةٍ لم تُدرَس",
Suppliers/supplier_capacity.php,role_permissions,"الساعات المنفذة",MANUAL,,,"ليست في المعجم — ولا يُخترع اسمُ عمودٍ لتسميةٍ لم تُدرَس",
Suppliers/supplier_capacity.php,role_permissions,المستهدف,MANUAL,,,"ليست في المعجم — ولا يُخترع اسمُ عمودٍ لتسميةٍ لم تُدرَس",
Suppliers/supplier_capacity.php,role_permissions,العجز,MANUAL,,,"ليست في المعجم — ولا يُخترع اسمُ عمودٍ لتسميةٍ لم تُدرَس",
Suppliers/supplier_capacity.php,role_permissions,"حالات تأخر الإحلال",MANUAL,,,"ليست في المعجم — ولا يُخترع اسمُ عمودٍ لتسميةٍ لم تُدرَس",
Suppliers/supplier_capacity.php,role_permissions,"قيمة الجزاء",MANUAL,,,"ليست في المعجم — ولا يُخترع اسمُ عمودٍ لتسميةٍ لم تُدرَس",
Suppliers/supplier_capacity.php,role_permissions,"التقييم العام",MANUAL,,,"ليست في المعجم — ولا يُخترع اسمُ عمودٍ لتسميةٍ لم تُدرَس",
Suppliers/supplier_capacity.php,role_permissions,الكيان,BOUND,entity,gov,"يبثُّه `ems_gov_ctx()` من `admin_companies` — موصولٌ سلفًا، لا عمل",
Suppliers/supplier_capacity.php,role_permissions,"مرجع التفويض",MANUAL,,,"تسميةٌ علائقيةٌ (مرجعٌ لجدولٍ آخر) — عمودٌ نصيٌّ لها يزدوج المصدر",
Suppliers/supplier_capacity.php,role_permissions,"تاريخ الاعتماد",MANUAL,approved_at,,"مشتقٌّ من `approved_at` و`role_permissions` لا يحمله — يلزم قرار",
Suppliers/supplier_capacity.php,role_permissions,"تاريخ الإنشاء",MANUAL,created_at,,"مشتقٌّ من `created_at` و`role_permissions` لا يحمله — يلزم قرار",
Suppliers/supplier_capacity.php,role_permissions,"المرجع الأب",MANUAL,,,"تسميةٌ علائقيةٌ (مرجعٌ لجدولٍ آخر) — عمودٌ نصيٌّ لها يزدوج المصدر",
Suppliers/supplier_capacity.php,role_permissions,"المنشئ — الاسم والصفة",MANUAL,created_by,,"مشتقٌّ من `created_by` و`role_permissions` لا يحمله — يلزم قرار",
Suppliers/supplier_capacity.php,role_permissions,"المعتمد — الاسم والصفة",MANUAL,approved_by,,"مشتقٌّ من `approved_by` و`role_permissions` لا يحمله — يلزم قرار",
Suppliers/supplier_capacity.php,role_permissions,"مفتاح منع التكرار",MANUAL,,,"تسميةٌ علائقيةٌ (مرجعٌ لجدولٍ آخر) — عمودٌ نصيٌّ لها يزدوج المصدر",
Suppliers/supplier_capacity.php,role_permissions,"معكوس ب",MANUAL,,,"تسميةٌ علائقيةٌ (مرجعٌ لجدولٍ آخر) — عمودٌ نصيٌّ لها يزدوج المصدر",
Suppliers/supplier_capacity.php,role_permissions,"عكس عن",MANUAL,,,"تسميةٌ علائقيةٌ (مرجعٌ لجدولٍ آخر) — عمودٌ نصيٌّ لها يزدوج المصدر",
Suppliers/supplier_capacity.php,role_permissions,"درجة الأثر",MANUAL,,,"تسميةٌ علائقيةٌ (مرجعٌ لجدولٍ آخر) — عمودٌ نصيٌّ لها يزدوج المصدر",
Suppliers/supplier_capacity.php,role_permissions,المرفق,MANUAL,,,"تسميةٌ علائقيةٌ (مرجعٌ لجدولٍ آخر) — عمودٌ نصيٌّ لها يزدوج المصدر",
Suppliers/supplier_capacity.php,role_permissions,"مركز التكلفة",MANUAL,,,"تسميةٌ علائقيةٌ (مرجعٌ لجدولٍ آخر) — عمودٌ نصيٌّ لها يزدوج المصدر",
Suppliers/supplier_capacity.php,role_permissions,"سعر الصرف ومصدره",MANUAL,,,"تسميةٌ علائقيةٌ (مرجعٌ لجدولٍ آخر) — عمودٌ نصيٌّ لها يزدوج المصدر",
Suppliers/supplier_capacity.php,role_permissions,العملة,MANUAL,,,"تسميةٌ علائقيةٌ (مرجعٌ لجدولٍ آخر) — عمودٌ نصيٌّ لها يزدوج المصدر",
Suppliers/supplier_closure.php,role_permissions,"رقم المحضر",MANUAL,,,"تسميةٌ علائقيةٌ (مرجعٌ لجدولٍ آخر) — عمودٌ نصيٌّ لها يزدوج المصدر",
Suppliers/supplier_closure.php,role_permissions,"تاريخ الإنهاء",MANUAL,,,"ليست في المعجم — ولا يُخترع اسمُ عمودٍ لتسميةٍ لم تُدرَس",
Suppliers/supplier_closure.php,role_permissions,"سبب الإنهاء",MANUAL,,,"ليست في المعجم — ولا يُخترع اسمُ عمودٍ لتسميةٍ لم تُدرَس",
Suppliers/supplier_closure.php,role_permissions,"إجمالي المستحقات",MANUAL,,,"ليست في المعجم — ولا يُخترع اسمُ عمودٍ لتسميةٍ لم تُدرَس",
Suppliers/supplier_closure.php,role_permissions,"التحميلات علينا",MANUAL,,,"ليست في المعجم — ولا يُخترع اسمُ عمودٍ لتسميةٍ لم تُدرَس",
Suppliers/supplier_closure.php,role_permissions,"التحميلات على المورد",MANUAL,,,"ليست في المعجم — ولا يُخترع اسمُ عمودٍ لتسميةٍ لم تُدرَس",
Suppliers/supplier_closure.php,role_permissions,الجزاءات,MANUAL,,,"ليست في المعجم — ولا يُخترع اسمُ عمودٍ لتسميةٍ لم تُدرَس",
Suppliers/supplier_closure.php,role_permissions,"السلف غير المسددة",MANUAL,,,"ليست في المعجم — ولا يُخترع اسمُ عمودٍ لتسميةٍ لم تُدرَس",
Suppliers/supplier_closure.php,role_permissions,"الصافي المستحق",MANUAL,,,"ليست في المعجم — ولا يُخترع اسمُ عمودٍ لتسميةٍ لم تُدرَس",
Suppliers/supplier_closure.php,role_permissions,"حالة الكفالة",MANUAL,,,"ليست في المعجم — ولا يُخترع اسمُ عمودٍ لتسميةٍ لم تُدرَس",
Suppliers/supplier_closure.php,role_permissions,"المعدات المخرجة",MANUAL,,,"ليست في المعجم — ولا يُخترع اسمُ عمودٍ لتسميةٍ لم تُدرَس",
Suppliers/supplier_closure.php,role_permissions,"تاريخ إخلاء المعدات",MANUAL,,,"ليست في المعجم — ولا يُخترع اسمُ عمودٍ لتسميةٍ لم تُدرَس",
Suppliers/supplier_closure.php,role_permissions,"اعتماد الموردين",MANUAL,,,"ليست في المعجم — ولا يُخترع اسمُ عمودٍ لتسميةٍ لم تُدرَس",
Suppliers/supplier_closure.php,role_permissions,"الاعتماد المالي",MANUAL,,,"ليست في المعجم — ولا يُخترع اسمُ عمودٍ لتسميةٍ لم تُدرَس",
Suppliers/supplier_closure.php,role_permissions,"تاريخ السداد النهائي",MANUAL,,,"ليست في المعجم — ولا يُخترع اسمُ عمودٍ لتسميةٍ لم تُدرَس",
Suppliers/supplier_closure.php,role_permissions,الكيان,BOUND,entity,gov,"يبثُّه `ems_gov_ctx()` من `admin_companies` — موصولٌ سلفًا، لا عمل",
Suppliers/supplier_closure.php,role_permissions,"مرجع التفويض",MANUAL,,,"تسميةٌ علائقيةٌ (مرجعٌ لجدولٍ آخر) — عمودٌ نصيٌّ لها يزدوج المصدر",
Suppliers/supplier_closure.php,role_permissions,"تاريخ الاعتماد",MANUAL,approved_at,,"مشتقٌّ من `approved_at` و`role_permissions` لا يحمله — يلزم قرار",
Suppliers/supplier_closure.php,role_permissions,"تاريخ الإنشاء",MANUAL,created_at,,"مشتقٌّ من `created_at` و`role_permissions` لا يحمله — يلزم قرار",
Suppliers/supplier_closure.php,role_permissions,"المرجع الأب",MANUAL,,,"تسميةٌ علائقيةٌ (مرجعٌ لجدولٍ آخر) — عمودٌ نصيٌّ لها يزدوج المصدر",
Suppliers/supplier_closure.php,role_permissions,"المنشئ — الاسم والصفة",MANUAL,created_by,,"مشتقٌّ من `created_by` و`role_permissions` لا يحمله — يلزم قرار",
Suppliers/supplier_closure.php,role_permissions,"مفتاح منع التكرار",MANUAL,,,"تسميةٌ علائقيةٌ (مرجعٌ لجدولٍ آخر) — عمودٌ نصيٌّ لها يزدوج المصدر",
Suppliers/supplier_closure.php,role_permissions,"معكوس ب",MANUAL,,,"تسميةٌ علائقيةٌ (مرجعٌ لجدولٍ آخر) — عمودٌ نصيٌّ لها يزدوج المصدر",
Suppliers/supplier_closure.php,role_permissions,"عكس عن",MANUAL,,,"تسميةٌ علائقيةٌ (مرجعٌ لجدولٍ آخر) — عمودٌ نصيٌّ لها يزدوج المصدر",
Suppliers/supplier_closure.php,role_permissions,"درجة الأثر",MANUAL,,,"تسميةٌ علائقيةٌ (مرجعٌ لجدولٍ آخر) — عمودٌ نصيٌّ لها يزدوج المصدر",
Suppliers/supplier_closure.php,role_permissions,المرفق,MANUAL,,,"تسميةٌ علائقيةٌ (مرجعٌ لجدولٍ آخر) — عمودٌ نصيٌّ لها يزدوج المصدر",
Suppliers/supplier_closure.php,role_permissions,"مركز التكلفة",MANUAL,,,"تسميةٌ علائقيةٌ (مرجعٌ لجدولٍ آخر) — عمودٌ نصيٌّ لها يزدوج المصدر",
Suppliers/supplier_closure.php,role_permissions,"سعر الصرف ومصدره",MANUAL,,,"تسميةٌ علائقيةٌ (مرجعٌ لجدولٍ آخر) — عمودٌ نصيٌّ لها يزدوج المصدر",
Suppliers/supplier_closure.php,role_permissions,العملة,MANUAL,,,"تسميةٌ علائقيةٌ (مرجعٌ لجدولٍ آخر) — عمودٌ نصيٌّ لها يزدوج المصدر",
Suppliers/supplier_contract_lines.php,role_permissions,الكيان,BOUND,entity,gov,"يبثُّه `ems_gov_ctx()` من `admin_companies` — موصولٌ سلفًا، لا عمل",
Suppliers/supplier_contract_lines.php,role_permissions,"المنشئ — الاسم والصفة",MANUAL,created_by,,"مشتقٌّ من `created_by` و`role_permissions` لا يحمله — يلزم قرار",
Suppliers/supplier_contract_lines.php,role_permissions,"المعتمد — الاسم والصفة",MANUAL,approved_by,,"مشتقٌّ من `approved_by` و`role_permissions` لا يحمله — يلزم قرار",
Suppliers/supplier_contract_lines.php,role_permissions,"مرجع التفويض",MANUAL,,,"تسميةٌ علائقيةٌ (مرجعٌ لجدولٍ آخر) — عمودٌ نصيٌّ لها يزدوج المصدر",
Suppliers/supplier_contract_lines.php,role_permissions,"المرجع الأب",MANUAL,,,"تسميةٌ علائقيةٌ (مرجعٌ لجدولٍ آخر) — عمودٌ نصيٌّ لها يزدوج المصدر",
Suppliers/supplier_contract_lines.php,role_permissions,"تاريخ الإنشاء",MANUAL,created_at,,"مشتقٌّ من `created_at` و`role_permissions` لا يحمله — يلزم قرار",
Suppliers/supplier_contract_lines.php,role_permissions,"تاريخ الاعتماد",MANUAL,approved_at,,"مشتقٌّ من `approved_at` و`role_permissions` لا يحمله — يلزم قرار",
Suppliers/supplier_documents.php,role_permissions,الكيان,BOUND,entity,gov,"يبثُّه `ems_gov_ctx()` من `admin_companies` — موصولٌ سلفًا، لا عمل",
Suppliers/supplier_documents.php,role_permissions,"المنشئ — الاسم والصفة",MANUAL,created_by,,"مشتقٌّ من `created_by` و`role_permissions` لا يحمله — يلزم قرار",
Suppliers/supplier_documents.php,role_permissions,"المعتمد — الاسم والصفة",MANUAL,approved_by,,"مشتقٌّ من `approved_by` و`role_permissions` لا يحمله — يلزم قرار",
Suppliers/supplier_documents.php,role_permissions,"مرجع التفويض",MANUAL,,,"تسميةٌ علائقيةٌ (مرجعٌ لجدولٍ آخر) — عمودٌ نصيٌّ لها يزدوج المصدر",
Suppliers/supplier_documents.php,role_permissions,"المرجع الأب",MANUAL,,,"تسميةٌ علائقيةٌ (مرجعٌ لجدولٍ آخر) — عمودٌ نصيٌّ لها يزدوج المصدر",
Suppliers/supplier_documents.php,role_permissions,"تاريخ الإنشاء",MANUAL,created_at,,"مشتقٌّ من `created_at` و`role_permissions` لا يحمله — يلزم قرار",
Suppliers/supplier_documents.php,role_permissions,"تاريخ الاعتماد",MANUAL,approved_at,,"مشتقٌّ من `approved_at` و`role_permissions` لا يحمله — يلزم قرار",
Suppliers/supplier_documents.php,role_permissions,الحالة,MANUAL,status,,"مشتقٌّ من `status` و`role_permissions` لا يحمله — يلزم قرار",
Suppliers/supplier_evaluation.php,role_permissions,"رقم التقييم",MANUAL,,,"ليست في المعجم — ولا يُخترع اسمُ عمودٍ لتسميةٍ لم تُدرَس",
Suppliers/supplier_evaluation.php,role_permissions,المورد,MANUAL,,,"ليست في المعجم — ولا يُخترع اسمُ عمودٍ لتسميةٍ لم تُدرَس",
Suppliers/supplier_evaluation.php,role_permissions,"محور الجاهزية",MANUAL,,,"ليست في المعجم — ولا يُخترع اسمُ عمودٍ لتسميةٍ لم تُدرَس",
Suppliers/supplier_evaluation.php,role_permissions,"محور الالتزام بالمهل",MANUAL,,,"ليست في المعجم — ولا يُخترع اسمُ عمودٍ لتسميةٍ لم تُدرَس",
Suppliers/supplier_evaluation.php,role_permissions,"محور جودة المعدات",MANUAL,,,"ليست في المعجم — ولا يُخترع اسمُ عمودٍ لتسميةٍ لم تُدرَس",
Suppliers/supplier_evaluation.php,role_permissions,"محور الاستجابة",MANUAL,,,"ليست في المعجم — ولا يُخترع اسمُ عمودٍ لتسميةٍ لم تُدرَس",
Suppliers/supplier_evaluation.php,role_permissions,"محور الوثائق",MANUAL,,,"ليست في المعجم — ولا يُخترع اسمُ عمودٍ لتسميةٍ لم تُدرَس",
Suppliers/supplier_evaluation.php,role_permissions,"الدرجة الممنوحة",MANUAL,,,"ليست في المعجم — ولا يُخترع اسمُ عمودٍ لتسميةٍ لم تُدرَس",
Suppliers/supplier_evaluation.php,role_permissions,"الدرجة القصوى",MANUAL,,,"ليست في المعجم — ولا يُخترع اسمُ عمودٍ لتسميةٍ لم تُدرَس",
Suppliers/supplier_evaluation.php,role_permissions,"التصنيف الناتج",MANUAL,,,"ليست في المعجم — ولا يُخترع اسمُ عمودٍ لتسميةٍ لم تُدرَس",
Suppliers/supplier_evaluation.php,role_permissions,"أثر التقييم",MANUAL,,,"ليست في المعجم — ولا يُخترع اسمُ عمودٍ لتسميةٍ لم تُدرَس",
Suppliers/supplier_evaluation.php,role_permissions,قيمه,MANUAL,,,"ليست في المعجم — ولا يُخترع اسمُ عمودٍ لتسميةٍ لم تُدرَس",
Suppliers/supplier_evaluation.php,role_permissions,اعتمده,MANUAL,approved_by,,"مشتقٌّ من `approved_by` و`role_permissions` لا يحمله — يلزم قرار",
Suppliers/supplier_evaluation.php,role_permissions,الكيان,BOUND,entity,gov,"يبثُّه `ems_gov_ctx()` من `admin_companies` — موصولٌ سلفًا، لا عمل",
Suppliers/supplier_evaluation.php,role_permissions,"مرجع التفويض",MANUAL,,,"تسميةٌ علائقيةٌ (مرجعٌ لجدولٍ آخر) — عمودٌ نصيٌّ لها يزدوج المصدر",
Suppliers/supplier_evaluation.php,role_permissions,"تاريخ الاعتماد",MANUAL,approved_at,,"مشتقٌّ من `approved_at` و`role_permissions` لا يحمله — يلزم قرار",
Suppliers/supplier_evaluation.php,role_permissions,"تاريخ الإنشاء",MANUAL,created_at,,"مشتقٌّ من `created_at` و`role_permissions` لا يحمله — يلزم قرار",
Suppliers/supplier_evaluation.php,role_permissions,"المرجع الأب",MANUAL,,,"تسميةٌ علائقيةٌ (مرجعٌ لجدولٍ آخر) — عمودٌ نصيٌّ لها يزدوج المصدر",
Suppliers/supplier_evaluation.php,role_permissions,"المنشئ — الاسم والصفة",MANUAL,created_by,,"مشتقٌّ من `created_by` و`role_permissions` لا يحمله — يلزم قرار",
Suppliers/supplier_evaluation.php,role_permissions,المرفق,MANUAL,,,"تسميةٌ علائقيةٌ (مرجعٌ لجدولٍ آخر) — عمودٌ نصيٌّ لها يزدوج المصدر",
Suppliers/supplier_profile.php,supplierscontracts,الكيان,BOUND,entity,gov,"يبثُّه `ems_gov_ctx()` من `admin_companies` — موصولٌ سلفًا، لا عمل",
Suppliers/supplier_profile.php,supplierscontracts,"المنشئ — الاسم والصفة",MANUAL,created_by,,"مشتقٌّ من `created_by` و`supplierscontracts` لا يحمله — يلزم قرار",
Suppliers/supplier_profile.php,supplierscontracts,"المعتمد — الاسم والصفة",MANUAL,approved_by,,"مشتقٌّ من `approved_by` و`supplierscontracts` لا يحمله — يلزم قرار",
Suppliers/supplier_profile.php,supplierscontracts,"مرجع التفويض",MANUAL,,,"تسميةٌ علائقيةٌ (مرجعٌ لجدولٍ آخر) — عمودٌ نصيٌّ لها يزدوج المصدر",
Suppliers/supplier_profile.php,supplierscontracts,"المرجع الأب",MANUAL,,,"تسميةٌ علائقيةٌ (مرجعٌ لجدولٍ آخر) — عمودٌ نصيٌّ لها يزدوج المصدر",
Suppliers/supplier_profile.php,supplierscontracts,"تاريخ الإنشاء",BIND,created_at,derived,"مشتقٌّ من `created_at` القائمِ في `supplierscontracts` — بلا هجرة",
Suppliers/supplier_profile.php,supplierscontracts,"تاريخ الاعتماد",MANUAL,approved_at,,"مشتقٌّ من `approved_at` و`supplierscontracts` لا يحمله — يلزم قرار",
Suppliers/supplier_rules.php,role_permissions,"رقم القاعدة",MANUAL,,,"ليست في المعجم — ولا يُخترع اسمُ عمودٍ لتسميةٍ لم تُدرَس",
Suppliers/supplier_rules.php,role_permissions,"المورد أو العام",MANUAL,,,"ليست في المعجم — ولا يُخترع اسمُ عمودٍ لتسميةٍ لم تُدرَس",
Suppliers/supplier_rules.php,role_permissions,"بند العقد المرجعي",MANUAL,,,"ليست في المعجم — ولا يُخترع اسمُ عمودٍ لتسميةٍ لم تُدرَس",
Suppliers/supplier_rules.php,role_permissions,"حالة الاستحقاق",MANUAL,,,"ليست في المعجم — ولا يُخترع اسمُ عمودٍ لتسميةٍ لم تُدرَس",
Suppliers/supplier_rules.php,role_permissions,"معادلة الاحتساب",MANUAL,,,"ليست في المعجم — ولا يُخترع اسمُ عمودٍ لتسميةٍ لم تُدرَس",
Suppliers/supplier_rules.php,role_permissions,"يحتاج موافقة المورد؟",MANUAL,,,"ليست في المعجم — ولا يُخترع اسمُ عمودٍ لتسميةٍ لم تُدرَس",
Suppliers/supplier_rules.php,role_permissions,"دورة الاعتماد",MANUAL,,,"ليست في المعجم — ولا يُخترع اسمُ عمودٍ لتسميةٍ لم تُدرَس",
Suppliers/supplier_rules.php,role_permissions,عرفها,MANUAL,created_by,,"مشتقٌّ من `created_by` و`role_permissions` لا يحمله — يلزم قرار",
Suppliers/supplier_rules.php,role_permissions,الكيان,BOUND,entity,gov,"يبثُّه `ems_gov_ctx()` من `admin_companies` — موصولٌ سلفًا، لا عمل",
Suppliers/supplier_rules.php,role_permissions,"مرجع التفويض",MANUAL,,,"تسميةٌ علائقيةٌ (مرجعٌ لجدولٍ آخر) — عمودٌ نصيٌّ لها يزدوج المصدر",
Suppliers/supplier_rules.php,role_permissions,"تاريخ الاعتماد",MANUAL,approved_at,,"مشتقٌّ من `approved_at` و`role_permissions` لا يحمله — يلزم قرار",
Suppliers/supplier_rules.php,role_permissions,"تاريخ الإنشاء",MANUAL,created_at,,"مشتقٌّ من `created_at` و`role_permissions` لا يحمله — يلزم قرار",
Suppliers/supplier_rules.php,role_permissions,"المنشئ — الاسم والصفة",MANUAL,created_by,,"تسميتانِ في الشاشةِ تؤولانِ إلى `created_by` — تصادمُ مفتاحٍ يلزمه قرار",
Suppliers/supplier_rules.php,role_permissions,المرفق,MANUAL,,,"تسميةٌ علائقيةٌ (مرجعٌ لجدولٍ آخر) — عمودٌ نصيٌّ لها يزدوج المصدر",
Suppliers/supplier_rules.php,role_permissions,"مركز التكلفة",MANUAL,,,"تسميةٌ علائقيةٌ (مرجعٌ لجدولٍ آخر) — عمودٌ نصيٌّ لها يزدوج المصدر",
Suppliers/supplier_rules.php,role_permissions,"سعر الصرف ومصدره",MANUAL,,,"تسميةٌ علائقيةٌ (مرجعٌ لجدولٍ آخر) — عمودٌ نصيٌّ لها يزدوج المصدر",
Suppliers/supplier_rules.php,role_permissions,العملة,MANUAL,,,"تسميةٌ علائقيةٌ (مرجعٌ لجدولٍ آخر) — عمودٌ نصيٌّ لها يزدوج المصدر",
Suppliers/suppliers.php,suppliers,"الاسم القانوني",NEW,legal_name,text,"لا عمودَ له في `suppliers` — يُنشأ **اختياريًّا** (NULL)",
Suppliers/suppliers.php,suppliers,"نوع المورد",MANUAL,,,"ليست في المعجم — ولا يُخترع اسمُ عمودٍ لتسميةٍ لم تُدرَس",
Suppliers/suppliers.php,suppliers,"طبيعة التعاقد",MANUAL,,,"ليست في المعجم — ولا يُخترع اسمُ عمودٍ لتسميةٍ لم تُدرَس",
Suppliers/suppliers.php,suppliers,"عدد عقود الوساطة",MANUAL,,,"ليست في المعجم — ولا يُخترع اسمُ عمودٍ لتسميةٍ لم تُدرَس",
Suppliers/suppliers.php,suppliers,"عدد عقود الملكية",MANUAL,,,"ليست في المعجم — ولا يُخترع اسمُ عمودٍ لتسميةٍ لم تُدرَس",
Suppliers/suppliers.php,suppliers,"نسبة الوساطة من عقوده",MANUAL,,,"ليست في المعجم — ولا يُخترع اسمُ عمودٍ لتسميةٍ لم تُدرَس",
Suppliers/suppliers.php,suppliers,"السجل التجاري",MANUAL,,,"ليست في المعجم — ولا يُخترع اسمُ عمودٍ لتسميةٍ لم تُدرَس",
Suppliers/suppliers.php,suppliers,"الرقم الضريبي",NEW,tax_id,text,"لا عمودَ له في `suppliers` — يُنشأ **اختياريًّا** (NULL)",
Suppliers/suppliers.php,suppliers,"المالك الحقيقي للمعدات",MANUAL,,,"ليست في المعجم — ولا يُخترع اسمُ عمودٍ لتسميةٍ لم تُدرَس",
Suppliers/suppliers.php,suppliers,"هاتف المالك",MANUAL,,,"ليست في المعجم — ولا يُخترع اسمُ عمودٍ لتسميةٍ لم تُدرَس",
Suppliers/suppliers.php,suppliers,"الشخص المفوض بالتوقيع",MANUAL,,,"ليست في المعجم — ولا يُخترع اسمُ عمودٍ لتسميةٍ لم تُدرَس",
Suppliers/suppliers.php,suppliers,هاتفه,MANUAL,,,"ليست في المعجم — ولا يُخترع اسمُ عمودٍ لتسميةٍ لم تُدرَس",
Suppliers/suppliers.php,suppliers,"مستند تفويضه",MANUAL,,,"ليست في المعجم — ولا يُخترع اسمُ عمودٍ لتسميةٍ لم تُدرَس",
Suppliers/suppliers.php,suppliers,"علاقة المورد بالمالك",MANUAL,,,"ليست في المعجم — ولا يُخترع اسمُ عمودٍ لتسميةٍ لم تُدرَس",
Suppliers/suppliers.php,suppliers,"العملات المتعامل بها",MANUAL,,,"ليست في المعجم — ولا يُخترع اسمُ عمودٍ لتسميةٍ لم تُدرَس",
Suppliers/suppliers.php,suppliers,"تصنيف العلاقة",MANUAL,,,"ليست في المعجم — ولا يُخترع اسمُ عمودٍ لتسميةٍ لم تُدرَس",
Suppliers/suppliers.php,suppliers,"وثائق التأهيل",MANUAL,,,"ليست في المعجم — ولا يُخترع اسمُ عمودٍ لتسميةٍ لم تُدرَس",
Suppliers/suppliers.php,suppliers,"تاريخ انتهاء أقدم وثيقة",MANUAL,,,"ليست في المعجم — ولا يُخترع اسمُ عمودٍ لتسميةٍ لم تُدرَس",
Suppliers/suppliers.php,suppliers,"الحساب البنكي",MANUAL,,,"ليست في المعجم — ولا يُخترع اسمُ عمودٍ لتسميةٍ لم تُدرَس",
Suppliers/suppliers.php,suppliers,"حالة التحقق من الحساب",MANUAL,,,"ليست في المعجم — ولا يُخترع اسمُ عمودٍ لتسميةٍ لم تُدرَس",
Suppliers/suppliers.php,suppliers,سجله,MANUAL,created_by,,"مشتقٌّ من `created_by` و`suppliers` لا يحمله — يلزم قرار",
Suppliers/suppliers.php,suppliers,الكيان,BOUND,entity,gov,"يبثُّه `ems_gov_ctx()` من `admin_companies` — موصولٌ سلفًا، لا عمل",
Suppliers/suppliers.php,suppliers,"مرجع التفويض",MANUAL,,,"تسميةٌ علائقيةٌ (مرجعٌ لجدولٍ آخر) — عمودٌ نصيٌّ لها يزدوج المصدر",
Suppliers/suppliers.php,suppliers,"تاريخ الاعتماد",MANUAL,approved_at,,"مشتقٌّ من `approved_at` و`suppliers` لا يحمله — يلزم قرار",
Suppliers/suppliers.php,suppliers,"تاريخ الإنشاء",BIND,created_at,derived,"مشتقٌّ من `created_at` القائمِ في `suppliers` — بلا هجرة",
Suppliers/suppliers.php,suppliers,"المرجع الأب",MANUAL,,,"تسميةٌ علائقيةٌ (مرجعٌ لجدولٍ آخر) — عمودٌ نصيٌّ لها يزدوج المصدر",
Suppliers/suppliers.php,suppliers,"المعتمد — الاسم والصفة",MANUAL,approved_by,,"مشتقٌّ من `approved_by` و`suppliers` لا يحمله — يلزم قرار",
Suppliers/suppliers.php,suppliers,"سجل الاطلاع",MANUAL,,,"تسميةٌ علائقيةٌ (مرجعٌ لجدولٍ آخر) — عمودٌ نصيٌّ لها يزدوج المصدر",
Suppliers/suppliers.php,suppliers,المرفق,MANUAL,,,"تسميةٌ علائقيةٌ (مرجعٌ لجدولٍ آخر) — عمودٌ نصيٌّ لها يزدوج المصدر",
Suppliers/suppliers_details.php,supplierscontracts,الكيان,BOUND,entity,gov,"يبثُّه `ems_gov_ctx()` من `admin_companies` — موصولٌ سلفًا، لا عمل",
Suppliers/suppliers_details.php,supplierscontracts,"المنشئ — الاسم والصفة",MANUAL,created_by,,"مشتقٌّ من `created_by` و`supplierscontracts` لا يحمله — يلزم قرار",
Suppliers/suppliers_details.php,supplierscontracts,"المعتمد — الاسم والصفة",MANUAL,approved_by,,"مشتقٌّ من `approved_by` و`supplierscontracts` لا يحمله — يلزم قرار",
Suppliers/suppliers_details.php,supplierscontracts,"مرجع التفويض",MANUAL,,,"تسميةٌ علائقيةٌ (مرجعٌ لجدولٍ آخر) — عمودٌ نصيٌّ لها يزدوج المصدر",
Suppliers/suppliers_details.php,supplierscontracts,"المرجع الأب",MANUAL,,,"تسميةٌ علائقيةٌ (مرجعٌ لجدولٍ آخر) — عمودٌ نصيٌّ لها يزدوج المصدر",
Suppliers/suppliers_details.php,supplierscontracts,"تاريخ الإنشاء",BIND,created_at,derived,"مشتقٌّ من `created_at` القائمِ في `supplierscontracts` — بلا هجرة",
Suppliers/suppliers_details.php,supplierscontracts,"تاريخ الاعتماد",MANUAL,approved_at,,"مشتقٌّ من `approved_at` و`supplierscontracts` لا يحمله — يلزم قرار",
Suppliers/supplierscontracts.php,supplierscontracts,"تاريخ البدء",MANUAL,,,"ليست في المعجم — ولا يُخترع اسمُ عمودٍ لتسميةٍ لم تُدرَس",
Suppliers/supplierscontracts.php,supplierscontracts,"تاريخ الانتهاء",MANUAL,,,"ليست في المعجم — ولا يُخترع اسمُ عمودٍ لتسميةٍ لم تُدرَس",
Suppliers/supplierscontracts.php,supplierscontracts,"نموذج التعاقد",MANUAL,,,"ليست في المعجم — ولا يُخترع اسمُ عمودٍ لتسميةٍ لم تُدرَس",
Suppliers/supplierscontracts.php,supplierscontracts,"وحدة التعاقد",MANUAL,,,"ليست في المعجم — ولا يُخترع اسمُ عمودٍ لتسميةٍ لم تُدرَس",
Suppliers/supplierscontracts.php,supplierscontracts,"نوع المعدة",MANUAL,,,"ليست في المعجم — ولا يُخترع اسمُ عمودٍ لتسميةٍ لم تُدرَس",
Suppliers/supplierscontracts.php,supplierscontracts,"عدد الوحدات المتعاقد عليها",MANUAL,,,"ليست في المعجم — ولا يُخترع اسمُ عمودٍ لتسميةٍ لم تُدرَس",
Suppliers/supplierscontracts.php,supplierscontracts,"عدد الورديات المتفق عليها",MANUAL,,,"ليست في المعجم — ولا يُخترع اسمُ عمودٍ لتسميةٍ لم تُدرَس",
Suppliers/supplierscontracts.php,supplierscontracts,"وحدات الوردية الواحدة",MANUAL,,,"ليست في المعجم — ولا يُخترع اسمُ عمودٍ لتسميةٍ لم تُدرَس",
Suppliers/supplierscontracts.php,supplierscontracts,"الوحدات الشهرية الملزمة",MANUAL,,,"ليست في المعجم — ولا يُخترع اسمُ عمودٍ لتسميةٍ لم تُدرَس",
Suppliers/supplierscontracts.php,supplierscontracts,"الساعات الشهرية للوحدة",MANUAL,,,"ليست في المعجم — ولا يُخترع اسمُ عمودٍ لتسميةٍ لم تُدرَس",
Suppliers/supplierscontracts.php,supplierscontracts,"سعر الساعة",MANUAL,,,"ليست في المعجم — ولا يُخترع اسمُ عمودٍ لتسميةٍ لم تُدرَس",
Suppliers/supplierscontracts.php,supplierscontracts,"نسبة الجاهزية الدنيا",MANUAL,,,"ليست في المعجم — ولا يُخترع اسمُ عمودٍ لتسميةٍ لم تُدرَس",
Suppliers/supplierscontracts.php,supplierscontracts,"مهلة الإحلال",MANUAL,,,"ليست في المعجم — ولا يُخترع اسمُ عمودٍ لتسميةٍ لم تُدرَس",
Suppliers/supplierscontracts.php,supplierscontracts,"غرامة العجز",MANUAL,,,"ليست في المعجم — ولا يُخترع اسمُ عمودٍ لتسميةٍ لم تُدرَس",
Suppliers/supplierscontracts.php,supplierscontracts,"دورية التسوية",MANUAL,,,"ليست في المعجم — ولا يُخترع اسمُ عمودٍ لتسميةٍ لم تُدرَس",
Suppliers/supplierscontracts.php,supplierscontracts,"مهلة السداد",MANUAL,,,"ليست في المعجم — ولا يُخترع اسمُ عمودٍ لتسميةٍ لم تُدرَس",
Suppliers/supplierscontracts.php,supplierscontracts,"نسخة القاعدة المستعملة",MANUAL,,,"تسميةٌ علائقيةٌ (مرجعٌ لجدولٍ آخر) — عمودٌ نصيٌّ لها يزدوج المصدر",
Suppliers/supplierscontracts.php,supplierscontracts,الكيان,BOUND,entity,gov,"يبثُّه `ems_gov_ctx()` من `admin_companies` — موصولٌ سلفًا، لا عمل",
Suppliers/supplierscontracts.php,supplierscontracts,"مرجع التفويض",MANUAL,,,"تسميةٌ علائقيةٌ (مرجعٌ لجدولٍ آخر) — عمودٌ نصيٌّ لها يزدوج المصدر",
Suppliers/supplierscontracts.php,supplierscontracts,"تاريخ الاعتماد",MANUAL,approved_at,,"مشتقٌّ من `approved_at` و`supplierscontracts` لا يحمله — يلزم قرار",
Suppliers/supplierscontracts.php,supplierscontracts,"تاريخ الإنشاء",BIND,created_at,derived,"مشتقٌّ من `created_at` القائمِ في `supplierscontracts` — بلا هجرة",
Suppliers/supplierscontracts.php,supplierscontracts,"المرجع الأب",MANUAL,,,"تسميةٌ علائقيةٌ (مرجعٌ لجدولٍ آخر) — عمودٌ نصيٌّ لها يزدوج المصدر",
Suppliers/supplierscontracts.php,supplierscontracts,"المنشئ — الاسم والصفة",MANUAL,created_by,,"مشتقٌّ من `created_by` و`supplierscontracts` لا يحمله — يلزم قرار",
Suppliers/supplierscontracts.php,supplierscontracts,"مفتاح منع التكرار",MANUAL,,,"تسميةٌ علائقيةٌ (مرجعٌ لجدولٍ آخر) — عمودٌ نصيٌّ لها يزدوج المصدر",
Suppliers/supplierscontracts.php,supplierscontracts,"معكوس ب",MANUAL,,,"تسميةٌ علائقيةٌ (مرجعٌ لجدولٍ آخر) — عمودٌ نصيٌّ لها يزدوج المصدر",
Suppliers/supplierscontracts.php,supplierscontracts,"عكس عن",MANUAL,,,"تسميةٌ علائقيةٌ (مرجعٌ لجدولٍ آخر) — عمودٌ نصيٌّ لها يزدوج المصدر",
Suppliers/supplierscontracts.php,supplierscontracts,"درجة الأثر",MANUAL,,,"تسميةٌ علائقيةٌ (مرجعٌ لجدولٍ آخر) — عمودٌ نصيٌّ لها يزدوج المصدر",
Suppliers/supplierscontracts.php,supplierscontracts,المرفق,MANUAL,,,"تسميةٌ علائقيةٌ (مرجعٌ لجدولٍ آخر) — عمودٌ نصيٌّ لها يزدوج المصدر",
Suppliers/supplierscontracts.php,supplierscontracts,"مركز التكلفة",MANUAL,,,"تسميةٌ علائقيةٌ (مرجعٌ لجدولٍ آخر) — عمودٌ نصيٌّ لها يزدوج المصدر",
Suppliers/supplierscontracts.php,supplierscontracts,"سعر الصرف ومصدره",MANUAL,,,"تسميةٌ علائقيةٌ (مرجعٌ لجدولٍ آخر) — عمودٌ نصيٌّ لها يزدوج المصدر",
Suppliers/supplierscontracts_details.php,supplierscontracts,الكيان,BOUND,entity,gov,"يبثُّه `ems_gov_ctx()` من `admin_companies` — موصولٌ سلفًا، لا عمل",
Suppliers/supplierscontracts_details.php,supplierscontracts,"المنشئ — الاسم والصفة",MANUAL,created_by,,"مشتقٌّ من `created_by` و`supplierscontracts` لا يحمله — يلزم قرار",
Suppliers/supplierscontracts_details.php,supplierscontracts,"المعتمد — الاسم والصفة",MANUAL,approved_by,,"مشتقٌّ من `approved_by` و`supplierscontracts` لا يحمله — يلزم قرار",
Suppliers/supplierscontracts_details.php,supplierscontracts,"مرجع التفويض",MANUAL,,,"تسميةٌ علائقيةٌ (مرجعٌ لجدولٍ آخر) — عمودٌ نصيٌّ لها يزدوج المصدر",
Suppliers/supplierscontracts_details.php,supplierscontracts,"المرجع الأب",MANUAL,,,"تسميةٌ علائقيةٌ (مرجعٌ لجدولٍ آخر) — عمودٌ نصيٌّ لها يزدوج المصدر",
Suppliers/supplierscontracts_details.php,supplierscontracts,"تاريخ الإنشاء",BIND,created_at,derived,"مشتقٌّ من `created_at` القائمِ في `supplierscontracts` — بلا هجرة",
Suppliers/supplierscontracts_details.php,supplierscontracts,"تاريخ الاعتماد",MANUAL,approved_at,,"مشتقٌّ من `approved_at` و`supplierscontracts` لا يحمله — يلزم قرار",
Suppliers/supplierscontracts_details.php,supplierscontracts,الحالة,BIND,status,derived,"مشتقٌّ من `status` القائمِ في `supplierscontracts` — بلا هجرة",
Tickets/admin_close.php,tickets,"تاريخ الإنجاز",MANUAL,,,"ليست في المعجم — ولا يُخترع اسمُ عمودٍ لتسميةٍ لم تُدرَس",
Tickets/admin_close.php,tickets,المنجز,MANUAL,,,"ليست في المعجم — ولا يُخترع اسمُ عمودٍ لتسميةٍ لم تُدرَس",
Tickets/admin_close.php,tickets,"الأثر التشغيلي المسجل",MANUAL,,,"ليست في المعجم — ولا يُخترع اسمُ عمودٍ لتسميةٍ لم تُدرَس",
Tickets/admin_close.php,tickets,"المستند الناتج",MANUAL,,,"ليست في المعجم — ولا يُخترع اسمُ عمودٍ لتسميةٍ لم تُدرَس",
Tickets/admin_close.php,tickets,"سياسة الإغلاق",MANUAL,,,"ليست في المعجم — ولا يُخترع اسمُ عمودٍ لتسميةٍ لم تُدرَس",
Tickets/admin_close.php,tickets,المؤكد,MANUAL,,,"ليست في المعجم — ولا يُخترع اسمُ عمودٍ لتسميةٍ لم تُدرَس",
Tickets/admin_close.php,tickets,"تاريخ التأكيد",MANUAL,,,"ليست في المعجم — ولا يُخترع اسمُ عمودٍ لتسميةٍ لم تُدرَس",
Tickets/admin_close.php,tickets,"عدد مرات إعادة الفتح",MANUAL,,,"ليست في المعجم — ولا يُخترع اسمُ عمودٍ لتسميةٍ لم تُدرَس",
Tickets/admin_close.php,tickets,"سبب آخر إعادة فتح",MANUAL,,,"ليست في المعجم — ولا يُخترع اسمُ عمودٍ لتسميةٍ لم تُدرَس",
Tickets/admin_close.php,tickets,"نوع الإغلاق",MANUAL,,,"ليست في المعجم — ولا يُخترع اسمُ عمودٍ لتسميةٍ لم تُدرَس",
Tickets/admin_close.php,tickets,الكيان,BOUND,entity,gov,"يبثُّه `ems_gov_ctx()` من `admin_companies` — موصولٌ سلفًا، لا عمل",
Tickets/admin_close.php,tickets,"مرجع التفويض",MANUAL,,,"تسميةٌ علائقيةٌ (مرجعٌ لجدولٍ آخر) — عمودٌ نصيٌّ لها يزدوج المصدر",
Tickets/admin_close.php,tickets,"تاريخ الاعتماد",MANUAL,approved_at,,"مشتقٌّ من `approved_at` و`tickets` لا يحمله — يلزم قرار",
Tickets/admin_close.php,tickets,"تاريخ الإنشاء",BIND,created_at,derived,"مشتقٌّ من `created_at` القائمِ في `tickets` — بلا هجرة",
Tickets/admin_close.php,tickets,"المرجع الأب",MANUAL,,,"تسميةٌ علائقيةٌ (مرجعٌ لجدولٍ آخر) — عمودٌ نصيٌّ لها يزدوج المصدر",
Tickets/admin_close.php,tickets,"المنشئ — الاسم والصفة",BIND,created_by,derived,"مشتقٌّ من `created_by` القائمِ في `tickets` — بلا هجرة",
Tickets/admin_close.php,tickets,"المعتمد — الاسم والصفة",MANUAL,approved_by,,"مشتقٌّ من `approved_by` و`tickets` لا يحمله — يلزم قرار",
Tickets/admin_close.php,tickets,المرفق,MANUAL,,,"تسميةٌ علائقيةٌ (مرجعٌ لجدولٍ آخر) — عمودٌ نصيٌّ لها يزدوج المصدر",
Tickets/dept_inbox.php,ticket_workstreams,"تاريخ الفتح",MANUAL,,,"ليست في المعجم — ولا يُخترع اسمُ عمودٍ لتسميةٍ لم تُدرَس",
Tickets/dept_inbox.php,ticket_workstreams,الفئة,NEW,category,text,"لا عمودَ له في `ticket_workstreams` — يُنشأ **اختياريًّا** (NULL)",
Tickets/dept_inbox.php,ticket_workstreams,النوع,MANUAL,,,"ليست في المعجم — ولا يُخترع اسمُ عمودٍ لتسميةٍ لم تُدرَس",
Tickets/dept_inbox.php,ticket_workstreams,الأولوية,MANUAL,,,"ليست في المعجم — ولا يُخترع اسمُ عمودٍ لتسميةٍ لم تُدرَس",
Tickets/dept_inbox.php,ticket_workstreams,الموقع,NEW,location,text,"لا عمودَ له في `ticket_workstreams` — يُنشأ **اختياريًّا** (NULL)",
Tickets/dept_inbox.php,ticket_workstreams,المعدة,MANUAL,,,"ليست في المعجم — ولا يُخترع اسمُ عمودٍ لتسميةٍ لم تُدرَس",
Tickets/dept_inbox.php,ticket_workstreams,المبلغ,MANUAL,,,"ليست في المعجم — ولا يُخترع اسمُ عمودٍ لتسميةٍ لم تُدرَس",
Tickets/dept_inbox.php,ticket_workstreams,"مهلة الاستجابة",MANUAL,,,"ليست في المعجم — ولا يُخترع اسمُ عمودٍ لتسميةٍ لم تُدرَس",
Tickets/dept_inbox.php,ticket_workstreams,"تاريخ الاستلام",MANUAL,,,"ليست في المعجم — ولا يُخترع اسمُ عمودٍ لتسميةٍ لم تُدرَس",
Tickets/dept_inbox.php,ticket_workstreams,المتبقي,MANUAL,,,"ليست في المعجم — ولا يُخترع اسمُ عمودٍ لتسميةٍ لم تُدرَس",
Tickets/dept_inbox.php,ticket_workstreams,"سبب التعليق",MANUAL,,,"ليست في المعجم — ولا يُخترع اسمُ عمودٍ لتسميةٍ لم تُدرَس",
Tickets/dept_inbox.php,ticket_workstreams,الكيان,BOUND,entity,gov,"يبثُّه `ems_gov_ctx()` من `admin_companies` — موصولٌ سلفًا، لا عمل",
Tickets/inquiry.php,tickets,الكيان,BOUND,entity,gov,"يبثُّه `ems_gov_ctx()` من `admin_companies` — موصولٌ سلفًا، لا عمل",
Tickets/inquiry.php,tickets,"المنشئ — الاسم والصفة",BIND,created_by,derived,"مشتقٌّ من `created_by` القائمِ في `tickets` — بلا هجرة",
Tickets/inquiry.php,tickets,"المعتمد — الاسم والصفة",MANUAL,approved_by,,"مشتقٌّ من `approved_by` و`tickets` لا يحمله — يلزم قرار",
Tickets/inquiry.php,tickets,"مرجع التفويض",MANUAL,,,"تسميةٌ علائقيةٌ (مرجعٌ لجدولٍ آخر) — عمودٌ نصيٌّ لها يزدوج المصدر",
Tickets/inquiry.php,tickets,"المرجع الأب",MANUAL,,,"تسميةٌ علائقيةٌ (مرجعٌ لجدولٍ آخر) — عمودٌ نصيٌّ لها يزدوج المصدر",
Tickets/inquiry.php,tickets,"تاريخ الإنشاء",BIND,created_at,derived,"مشتقٌّ من `created_at` القائمِ في `tickets` — بلا هجرة",
Tickets/inquiry.php,tickets,"تاريخ الاعتماد",MANUAL,approved_at,,"مشتقٌّ من `approved_at` و`tickets` لا يحمله — يلزم قرار",
Tickets/intake_classify.php,ticket_types,الكيان,BOUND,entity,gov,"يبثُّه `ems_gov_ctx()` من `admin_companies` — موصولٌ سلفًا، لا عمل",
Tickets/intake_classify.php,ticket_types,"المنشئ — الاسم والصفة",MANUAL,created_by,,"مشتقٌّ من `created_by` و`ticket_types` لا يحمله — يلزم قرار",
Tickets/intake_classify.php,ticket_types,"المعتمد — الاسم والصفة",MANUAL,approved_by,,"مشتقٌّ من `approved_by` و`ticket_types` لا يحمله — يلزم قرار",
Tickets/intake_classify.php,ticket_types,"مرجع التفويض",MANUAL,,,"تسميةٌ علائقيةٌ (مرجعٌ لجدولٍ آخر) — عمودٌ نصيٌّ لها يزدوج المصدر",
Tickets/intake_classify.php,ticket_types,"المرجع الأب",MANUAL,,,"تسميةٌ علائقيةٌ (مرجعٌ لجدولٍ آخر) — عمودٌ نصيٌّ لها يزدوج المصدر",
Tickets/intake_classify.php,ticket_types,"تاريخ الإنشاء",BIND,created_at,derived,"مشتقٌّ من `created_at` القائمِ في `ticket_types` — بلا هجرة",
Tickets/intake_classify.php,ticket_types,"تاريخ الاعتماد",MANUAL,approved_at,,"مشتقٌّ من `approved_at` و`ticket_types` لا يحمله — يلزم قرار",
Tickets/intake_classify.php,ticket_types,الحالة,MANUAL,status,,"مشتقٌّ من `status` و`ticket_types` لا يحمله — يلزم قرار",
Tickets/ticket_categories_config.php,,الكيان,BOUND,entity,gov,"يبثُّه `ems_gov_ctx()` من `admin_companies` — موصولٌ سلفًا، لا عمل",
Tickets/ticket_categories_config.php,,"المنشئ — الاسم والصفة",MANUAL,,,"جدولُ الشاشةِ لم يُستنبَط — لا يُقاس عمودٌ بلا جدول",
Tickets/ticket_categories_config.php,,"المعتمد — الاسم والصفة",MANUAL,,,"جدولُ الشاشةِ لم يُستنبَط — لا يُقاس عمودٌ بلا جدول",
Tickets/ticket_categories_config.php,,"مرجع التفويض",MANUAL,,,"جدولُ الشاشةِ لم يُستنبَط — لا يُقاس عمودٌ بلا جدول",
Tickets/ticket_categories_config.php,,"المرجع الأب",MANUAL,,,"جدولُ الشاشةِ لم يُستنبَط — لا يُقاس عمودٌ بلا جدول",
Tickets/ticket_categories_config.php,,"تاريخ الإنشاء",MANUAL,,,"جدولُ الشاشةِ لم يُستنبَط — لا يُقاس عمودٌ بلا جدول",
Tickets/ticket_categories_config.php,,"تاريخ الاعتماد",MANUAL,,,"جدولُ الشاشةِ لم يُستنبَط — لا يُقاس عمودٌ بلا جدول",
Tickets/ticket_dashboard.php,tickets,الفترة,MANUAL,,,"تسميةٌ علائقيةٌ (مرجعٌ لجدولٍ آخر) — عمودٌ نصيٌّ لها يزدوج المصدر",
Tickets/ticket_dashboard.php,tickets,"الملتزم بمهلة الاستجابة",MANUAL,,,"ليست في المعجم — ولا يُخترع اسمُ عمودٍ لتسميةٍ لم تُدرَس",
Tickets/ticket_dashboard.php,tickets,"الملتزم بمهلة الإنجاز",MANUAL,,,"ليست في المعجم — ولا يُخترع اسمُ عمودٍ لتسميةٍ لم تُدرَس",
Tickets/ticket_dashboard.php,tickets,"بلا استجابة",MANUAL,,,"ليست في المعجم — ولا يُخترع اسمُ عمودٍ لتسميةٍ لم تُدرَس",
Tickets/ticket_dashboard.php,tickets,"متوسط زمن التعليق",MANUAL,,,"ليست في المعجم — ولا يُخترع اسمُ عمودٍ لتسميةٍ لم تُدرَس",
Tickets/ticket_dashboard.php,tickets,"إعادة الفتح",MANUAL,,,"ليست في المعجم — ولا يُخترع اسمُ عمودٍ لتسميةٍ لم تُدرَس",
Tickets/ticket_dashboard.php,tickets,"نسبة إعادة الفتح",MANUAL,,,"ليست في المعجم — ولا يُخترع اسمُ عمودٍ لتسميةٍ لم تُدرَس",
Tickets/ticket_dashboard.php,tickets,"المغلق بلا أثر",MANUAL,,,"ليست في المعجم — ولا يُخترع اسمُ عمودٍ لتسميةٍ لم تُدرَس",
Tickets/ticket_dashboard.php,tickets,"متوسط التأخير",MANUAL,,,"ليست في المعجم — ولا يُخترع اسمُ عمودٍ لتسميةٍ لم تُدرَس",
Tickets/ticket_dashboard.php,tickets,المستهدف,MANUAL,,,"ليست في المعجم — ولا يُخترع اسمُ عمودٍ لتسميةٍ لم تُدرَس",
Tickets/ticket_dashboard.php,tickets,الحكم,MANUAL,,,"ليست في المعجم — ولا يُخترع اسمُ عمودٍ لتسميةٍ لم تُدرَس",
Tickets/ticket_dashboard.php,tickets,الكيان,BOUND,entity,gov,"يبثُّه `ems_gov_ctx()` من `admin_companies` — موصولٌ سلفًا، لا عمل",
Tickets/ticket_escalation_config.php,,"رقم التصعيد",MANUAL,,,"جدولُ الشاشةِ لم يُستنبَط — لا يُقاس عمودٌ بلا جدول",
Tickets/ticket_escalation_config.php,,البلاغ,MANUAL,,,"جدولُ الشاشةِ لم يُستنبَط — لا يُقاس عمودٌ بلا جدول",
Tickets/ticket_escalation_config.php,,"المهلة المتجاوزة",MANUAL,,,"جدولُ الشاشةِ لم يُستنبَط — لا يُقاس عمودٌ بلا جدول",
Tickets/ticket_escalation_config.php,,"المستوى بعد",MANUAL,,,"جدولُ الشاشةِ لم يُستنبَط — لا يُقاس عمودٌ بلا جدول",
Tickets/ticket_escalation_config.php,,"المصعد إليه",MANUAL,,,"جدولُ الشاشةِ لم يُستنبَط — لا يُقاس عمودٌ بلا جدول",
Tickets/ticket_escalation_config.php,,"تاريخ التصعيد",MANUAL,,,"جدولُ الشاشةِ لم يُستنبَط — لا يُقاس عمودٌ بلا جدول",
Tickets/ticket_escalation_config.php,,"مدة التجاوز",MANUAL,,,"جدولُ الشاشةِ لم يُستنبَط — لا يُقاس عمودٌ بلا جدول",
Tickets/ticket_escalation_config.php,,"المالك الأصلي",MANUAL,,,"جدولُ الشاشةِ لم يُستنبَط — لا يُقاس عمودٌ بلا جدول",
Tickets/ticket_escalation_config.php,,"هل بقي مسؤولا؟",MANUAL,,,"جدولُ الشاشةِ لم يُستنبَط — لا يُقاس عمودٌ بلا جدول",
Tickets/ticket_escalation_config.php,,"الإجراء المتخذ",MANUAL,,,"جدولُ الشاشةِ لم يُستنبَط — لا يُقاس عمودٌ بلا جدول",
Tickets/ticket_escalation_config.php,,"تاريخ رفع التصعيد",MANUAL,,,"جدولُ الشاشةِ لم يُستنبَط — لا يُقاس عمودٌ بلا جدول",
Tickets/ticket_escalation_config.php,,الكيان,BOUND,entity,gov,"يبثُّه `ems_gov_ctx()` من `admin_companies` — موصولٌ سلفًا، لا عمل",
Tickets/ticket_form.php,ticket,الكيان,BOUND,entity,gov,"يبثُّه `ems_gov_ctx()` من `admin_companies` — موصولٌ سلفًا، لا عمل",
Tickets/ticket_form.php,ticket,"المنشئ — الاسم والصفة",MANUAL,,,"جدولُ الشاشةِ لم يُستنبَط — لا يُقاس عمودٌ بلا جدول",
Tickets/ticket_form.php,ticket,"المعتمد — الاسم والصفة",MANUAL,,,"جدولُ الشاشةِ لم يُستنبَط — لا يُقاس عمودٌ بلا جدول",
Tickets/ticket_form.php,ticket,"مرجع التفويض",MANUAL,,,"جدولُ الشاشةِ لم يُستنبَط — لا يُقاس عمودٌ بلا جدول",
Tickets/ticket_form.php,ticket,"المرجع الأب",MANUAL,,,"جدولُ الشاشةِ لم يُستنبَط — لا يُقاس عمودٌ بلا جدول",
Tickets/ticket_form.php,ticket,"تاريخ الإنشاء",MANUAL,,,"جدولُ الشاشةِ لم يُستنبَط — لا يُقاس عمودٌ بلا جدول",
Tickets/ticket_form.php,ticket,"تاريخ الاعتماد",MANUAL,,,"جدولُ الشاشةِ لم يُستنبَط — لا يُقاس عمودٌ بلا جدول",
Tickets/ticket_form.php,ticket,الحالة,MANUAL,,,"جدولُ الشاشةِ لم يُستنبَط — لا يُقاس عمودٌ بلا جدول",
Tickets/ticket_recurrence.php,,"رقم المجموعة",MANUAL,,,"جدولُ الشاشةِ لم يُستنبَط — لا يُقاس عمودٌ بلا جدول",
Tickets/ticket_recurrence.php,,الموضوع,MANUAL,,,"جدولُ الشاشةِ لم يُستنبَط — لا يُقاس عمودٌ بلا جدول",
Tickets/ticket_recurrence.php,,"الموقع أو المعدة",MANUAL,,,"جدولُ الشاشةِ لم يُستنبَط — لا يُقاس عمودٌ بلا جدول",
Tickets/ticket_recurrence.php,,"عدد البلاغات",MANUAL,,,"جدولُ الشاشةِ لم يُستنبَط — لا يُقاس عمودٌ بلا جدول",
Tickets/ticket_recurrence.php,,"النافذة الزمنية",MANUAL,,,"جدولُ الشاشةِ لم يُستنبَط — لا يُقاس عمودٌ بلا جدول",
Tickets/ticket_recurrence.php,,"أول بلاغ",MANUAL,,,"جدولُ الشاشةِ لم يُستنبَط — لا يُقاس عمودٌ بلا جدول",
Tickets/ticket_recurrence.php,,"آخر بلاغ",MANUAL,,,"جدولُ الشاشةِ لم يُستنبَط — لا يُقاس عمودٌ بلا جدول",
Tickets/ticket_recurrence.php,,"إجمالي ساعات التوقف",MANUAL,,,"جدولُ الشاشةِ لم يُستنبَط — لا يُقاس عمودٌ بلا جدول",
Tickets/ticket_recurrence.php,,"إجمالي التكلفة",MANUAL,,,"جدولُ الشاشةِ لم يُستنبَط — لا يُقاس عمودٌ بلا جدول",
Tickets/ticket_recurrence.php,,"السبب الجذري المرجح",MANUAL,,,"جدولُ الشاشةِ لم يُستنبَط — لا يُقاس عمودٌ بلا جدول",
Tickets/ticket_recurrence.php,,"الإجراء الجذري",MANUAL,,,"جدولُ الشاشةِ لم يُستنبَط — لا يُقاس عمودٌ بلا جدول",
Tickets/ticket_recurrence.php,,المسؤول,MANUAL,,,"جدولُ الشاشةِ لم يُستنبَط — لا يُقاس عمودٌ بلا جدول",
Tickets/ticket_recurrence.php,,"تاريخ الإقفال",MANUAL,,,"جدولُ الشاشةِ لم يُستنبَط — لا يُقاس عمودٌ بلا جدول",
Tickets/ticket_recurrence.php,,"رقم القالب",MANUAL,,,"جدولُ الشاشةِ لم يُستنبَط — لا يُقاس عمودٌ بلا جدول",
Tickets/ticket_recurrence.php,,الفئة,MANUAL,,,"جدولُ الشاشةِ لم يُستنبَط — لا يُقاس عمودٌ بلا جدول",
Tickets/ticket_recurrence.php,,"الإدارة المستهدفة",MANUAL,,,"جدولُ الشاشةِ لم يُستنبَط — لا يُقاس عمودٌ بلا جدول",
Tickets/ticket_recurrence.php,,"المكلف الافتراضي",MANUAL,,,"جدولُ الشاشةِ لم يُستنبَط — لا يُقاس عمودٌ بلا جدول",
Tickets/ticket_recurrence.php,,الدورية,MANUAL,,,"جدولُ الشاشةِ لم يُستنبَط — لا يُقاس عمودٌ بلا جدول",
Tickets/ticket_recurrence.php,,"يوم التوليد",MANUAL,,,"جدولُ الشاشةِ لم يُستنبَط — لا يُقاس عمودٌ بلا جدول",
Tickets/ticket_recurrence.php,,"آخر توليد",MANUAL,,,"جدولُ الشاشةِ لم يُستنبَط — لا يُقاس عمودٌ بلا جدول",
Tickets/ticket_recurrence.php,,"عدد المولد",MANUAL,,,"جدولُ الشاشةِ لم يُستنبَط — لا يُقاس عمودٌ بلا جدول",
Tickets/ticket_recurrence.php,,"نسبة الإنجاز",MANUAL,,,"جدولُ الشاشةِ لم يُستنبَط — لا يُقاس عمودٌ بلا جدول",
Tickets/ticket_recurrence.php,,عرفه,MANUAL,,,"جدولُ الشاشةِ لم يُستنبَط — لا يُقاس عمودٌ بلا جدول",
Tickets/ticket_recurrence.php,,الكيان,BOUND,entity,gov,"يبثُّه `ems_gov_ctx()` من `admin_companies` — موصولٌ سلفًا، لا عمل",
Tickets/ticket_recurrence.php,,"مرجع التفويض",MANUAL,,,"جدولُ الشاشةِ لم يُستنبَط — لا يُقاس عمودٌ بلا جدول",
Tickets/ticket_recurrence.php,,"تاريخ الاعتماد",MANUAL,,,"جدولُ الشاشةِ لم يُستنبَط — لا يُقاس عمودٌ بلا جدول",
Tickets/ticket_recurrence.php,,"تاريخ الإنشاء",MANUAL,,,"جدولُ الشاشةِ لم يُستنبَط — لا يُقاس عمودٌ بلا جدول",
Tickets/ticket_recurrence.php,,"المرجع الأب",MANUAL,,,"جدولُ الشاشةِ لم يُستنبَط — لا يُقاس عمودٌ بلا جدول",
Tickets/ticket_recurrence.php,,"المنشئ — الاسم والصفة",MANUAL,,,"جدولُ الشاشةِ لم يُستنبَط — لا يُقاس عمودٌ بلا جدول",
Tickets/ticket_recurrence.php,,"المعتمد — الاسم والصفة",MANUAL,,,"جدولُ الشاشةِ لم يُستنبَط — لا يُقاس عمودٌ بلا جدول",
Tickets/ticket_recurrence.php,,المرفق,MANUAL,,,"جدولُ الشاشةِ لم يُستنبَط — لا يُقاس عمودٌ بلا جدول",
Tickets/ticket_recurrence.php,,"مركز التكلفة",MANUAL,,,"جدولُ الشاشةِ لم يُستنبَط — لا يُقاس عمودٌ بلا جدول",
Tickets/ticket_recurrence.php,,"سعر الصرف ومصدره",MANUAL,,,"جدولُ الشاشةِ لم يُستنبَط — لا يُقاس عمودٌ بلا جدول",
Tickets/ticket_sla_config.php,,الكيان,BOUND,entity,gov,"يبثُّه `ems_gov_ctx()` من `admin_companies` — موصولٌ سلفًا، لا عمل",
Tickets/ticket_sla_config.php,,"المنشئ — الاسم والصفة",MANUAL,,,"جدولُ الشاشةِ لم يُستنبَط — لا يُقاس عمودٌ بلا جدول",
Tickets/ticket_sla_config.php,,"المعتمد — الاسم والصفة",MANUAL,,,"جدولُ الشاشةِ لم يُستنبَط — لا يُقاس عمودٌ بلا جدول",
Tickets/ticket_sla_config.php,,"مرجع التفويض",MANUAL,,,"جدولُ الشاشةِ لم يُستنبَط — لا يُقاس عمودٌ بلا جدول",
Tickets/ticket_sla_config.php,,"المرجع الأب",MANUAL,,,"جدولُ الشاشةِ لم يُستنبَط — لا يُقاس عمودٌ بلا جدول",
Tickets/ticket_sla_config.php,,"تاريخ الإنشاء",MANUAL,,,"جدولُ الشاشةِ لم يُستنبَط — لا يُقاس عمودٌ بلا جدول",
Tickets/ticket_sla_config.php,,"تاريخ الاعتماد",MANUAL,,,"جدولُ الشاشةِ لم يُستنبَط — لا يُقاس عمودٌ بلا جدول",
Tickets/ticket_types_config.php,,"رقم القاعدة",MANUAL,,,"جدولُ الشاشةِ لم يُستنبَط — لا يُقاس عمودٌ بلا جدول",
Tickets/ticket_types_config.php,,الفئة,MANUAL,,,"جدولُ الشاشةِ لم يُستنبَط — لا يُقاس عمودٌ بلا جدول",
Tickets/ticket_types_config.php,,النوع,MANUAL,,,"جدولُ الشاشةِ لم يُستنبَط — لا يُقاس عمودٌ بلا جدول",
Tickets/ticket_types_config.php,,الموقع,MANUAL,,,"جدولُ الشاشةِ لم يُستنبَط — لا يُقاس عمودٌ بلا جدول",
Tickets/ticket_types_config.php,,"الإدارة المختصة",MANUAL,,,"جدولُ الشاشةِ لم يُستنبَط — لا يُقاس عمودٌ بلا جدول",
Tickets/ticket_types_config.php,,"الدور المستقبل",MANUAL,,,"جدولُ الشاشةِ لم يُستنبَط — لا يُقاس عمودٌ بلا جدول",
Tickets/ticket_types_config.php,,"مهلة الاستجابة",MANUAL,,,"جدولُ الشاشةِ لم يُستنبَط — لا يُقاس عمودٌ بلا جدول",
Tickets/ticket_types_config.php,,"مهلة الإنجاز",MANUAL,,,"جدولُ الشاشةِ لم يُستنبَط — لا يُقاس عمودٌ بلا جدول",
Tickets/ticket_types_config.php,,"الأولوية الافتراضية",MANUAL,,,"جدولُ الشاشةِ لم يُستنبَط — لا يُقاس عمودٌ بلا جدول",
Tickets/ticket_types_config.php,,"شرط رفع الأولوية",MANUAL,,,"جدولُ الشاشةِ لم يُستنبَط — لا يُقاس عمودٌ بلا جدول",
Tickets/ticket_types_config.php,,"سياسة الإغلاق",MANUAL,,,"جدولُ الشاشةِ لم يُستنبَط — لا يُقاس عمودٌ بلا جدول",
Tickets/ticket_types_config.php,,"تاريخ السريان",MANUAL,,,"جدولُ الشاشةِ لم يُستنبَط — لا يُقاس عمودٌ بلا جدول",
Tickets/ticket_types_config.php,,عرفها,MANUAL,,,"جدولُ الشاشةِ لم يُستنبَط — لا يُقاس عمودٌ بلا جدول",
Tickets/ticket_types_config.php,,"رقم الإعداد",MANUAL,,,"جدولُ الشاشةِ لم يُستنبَط — لا يُقاس عمودٌ بلا جدول",
Tickets/ticket_types_config.php,,"نوع قياس المهلة",MANUAL,,,"جدولُ الشاشةِ لم يُستنبَط — لا يُقاس عمودٌ بلا جدول",
Tickets/ticket_types_config.php,,"سلم التصعيد",MANUAL,,,"جدولُ الشاشةِ لم يُستنبَط — لا يُقاس عمودٌ بلا جدول",
Tickets/ticket_types_config.php,,"مستوى السرية الافتراضي",MANUAL,,,"جدولُ الشاشةِ لم يُستنبَط — لا يُقاس عمودٌ بلا جدول",
Tickets/ticket_types_config.php,,عرفه,MANUAL,,,"جدولُ الشاشةِ لم يُستنبَط — لا يُقاس عمودٌ بلا جدول",
Tickets/ticket_types_config.php,,الكيان,BOUND,entity,gov,"يبثُّه `ems_gov_ctx()` من `admin_companies` — موصولٌ سلفًا، لا عمل",
Tickets/ticket_types_config.php,,"مرجع التفويض",MANUAL,,,"جدولُ الشاشةِ لم يُستنبَط — لا يُقاس عمودٌ بلا جدول",
Tickets/ticket_types_config.php,,"تاريخ الاعتماد",MANUAL,,,"جدولُ الشاشةِ لم يُستنبَط — لا يُقاس عمودٌ بلا جدول",
Tickets/ticket_types_config.php,,"تاريخ الإنشاء",MANUAL,,,"جدولُ الشاشةِ لم يُستنبَط — لا يُقاس عمودٌ بلا جدول",
Tickets/ticket_types_config.php,,"المرجع الأب",MANUAL,,,"جدولُ الشاشةِ لم يُستنبَط — لا يُقاس عمودٌ بلا جدول",
Tickets/ticket_types_config.php,,"المعتمد — الاسم والصفة",MANUAL,,,"جدولُ الشاشةِ لم يُستنبَط — لا يُقاس عمودٌ بلا جدول",
Tickets/ticket_types_config.php,,المرفق,MANUAL,,,"جدولُ الشاشةِ لم يُستنبَط — لا يُقاس عمودٌ بلا جدول",
Tickets/ticket_workstreams_board.php,role_permissions,"البلاغ الأصل",MANUAL,,,"ليست في المعجم — ولا يُخترع اسمُ عمودٍ لتسميةٍ لم تُدرَس",
Tickets/ticket_workstreams_board.php,role_permissions,"نوع المسار",MANUAL,,,"ليست في المعجم — ولا يُخترع اسمُ عمودٍ لتسميةٍ لم تُدرَس",
Tickets/ticket_workstreams_board.php,role_permissions,"المستند الناتج",MANUAL,,,"ليست في المعجم — ولا يُخترع اسمُ عمودٍ لتسميةٍ لم تُدرَس",
Tickets/ticket_workstreams_board.php,role_permissions,"مهلة المسار",MANUAL,,,"ليست في المعجم — ولا يُخترع اسمُ عمودٍ لتسميةٍ لم تُدرَس",
Tickets/ticket_workstreams_board.php,role_permissions,"تاريخ الاستلام",MANUAL,,,"ليست في المعجم — ولا يُخترع اسمُ عمودٍ لتسميةٍ لم تُدرَس",
Tickets/ticket_workstreams_board.php,role_permissions,"تاريخ الإنجاز",MANUAL,,,"ليست في المعجم — ولا يُخترع اسمُ عمودٍ لتسميةٍ لم تُدرَس",
Tickets/ticket_workstreams_board.php,role_permissions,"حالة المسار",MANUAL,,,"ليست في المعجم — ولا يُخترع اسمُ عمودٍ لتسميةٍ لم تُدرَس",
Tickets/ticket_workstreams_board.php,role_permissions,"سبب التعليق",MANUAL,,,"ليست في المعجم — ولا يُخترع اسمُ عمودٍ لتسميةٍ لم تُدرَس",
Tickets/ticket_workstreams_board.php,role_permissions,"مدة التعليق",MANUAL,,,"ليست في المعجم — ولا يُخترع اسمُ عمودٍ لتسميةٍ لم تُدرَس",
Tickets/ticket_workstreams_board.php,role_permissions,الكيان,BOUND,entity,gov,"يبثُّه `ems_gov_ctx()` من `admin_companies` — موصولٌ سلفًا، لا عمل",
Tickets/ticket_workstreams_board.php,role_permissions,"مرجع التفويض",MANUAL,,,"تسميةٌ علائقيةٌ (مرجعٌ لجدولٍ آخر) — عمودٌ نصيٌّ لها يزدوج المصدر",
Tickets/ticket_workstreams_board.php,role_permissions,"تاريخ الاعتماد",MANUAL,approved_at,,"مشتقٌّ من `approved_at` و`role_permissions` لا يحمله — يلزم قرار",
Tickets/ticket_workstreams_board.php,role_permissions,"تاريخ الإنشاء",MANUAL,created_at,,"مشتقٌّ من `created_at` و`role_permissions` لا يحمله — يلزم قرار",
Tickets/ticket_workstreams_board.php,role_permissions,"المنشئ — الاسم والصفة",MANUAL,created_by,,"مشتقٌّ من `created_by` و`role_permissions` لا يحمله — يلزم قرار",
Tickets/ticket_workstreams_board.php,role_permissions,"المعتمد — الاسم والصفة",MANUAL,approved_by,,"مشتقٌّ من `approved_by` و`role_permissions` لا يحمله — يلزم قرار",
Tickets/ticket_workstreams_board.php,role_permissions,المرفق,MANUAL,,,"تسميةٌ علائقيةٌ (مرجعٌ لجدولٍ آخر) — عمودٌ نصيٌّ لها يزدوج المصدر",
Tickets/tickets_list.php,tickets,"رقم البلاغ",MANUAL,,,"ليست في المعجم — ولا يُخترع اسمُ عمودٍ لتسميةٍ لم تُدرَس",
Tickets/tickets_list.php,tickets,الفئة,NEW,category,text,"لا عمودَ له في `tickets` — يُنشأ **اختياريًّا** (NULL)",
Tickets/tickets_list.php,tickets,الأولوية,MANUAL,,,"ليست في المعجم — ولا يُخترع اسمُ عمودٍ لتسميةٍ لم تُدرَس",
Tickets/tickets_list.php,tickets,الموقع,NEW,location,text,"لا عمودَ له في `tickets` — يُنشأ **اختياريًّا** (NULL)",
Tickets/tickets_list.php,tickets,"الإدارة المختصة",MANUAL,,,"ليست في المعجم — ولا يُخترع اسمُ عمودٍ لتسميةٍ لم تُدرَس",
Tickets/tickets_list.php,tickets,المكلف,MANUAL,,,"ليست في المعجم — ولا يُخترع اسمُ عمودٍ لتسميةٍ لم تُدرَس",
Tickets/tickets_list.php,tickets,"مستوى السرية",MANUAL,,,"ليست في المعجم — ولا يُخترع اسمُ عمودٍ لتسميةٍ لم تُدرَس",
Tickets/tickets_list.php,tickets,"المسارات المتوازية",MANUAL,,,"ليست في المعجم — ولا يُخترع اسمُ عمودٍ لتسميةٍ لم تُدرَس",
Tickets/tickets_list.php,tickets,المهلة,MANUAL,,,"ليست في المعجم — ولا يُخترع اسمُ عمودٍ لتسميةٍ لم تُدرَس",
Tickets/tickets_list.php,tickets,المتبقي,MANUAL,,,"ليست في المعجم — ولا يُخترع اسمُ عمودٍ لتسميةٍ لم تُدرَس",
Tickets/tickets_list.php,tickets,"التصعيد الحالي",MANUAL,,,"ليست في المعجم — ولا يُخترع اسمُ عمودٍ لتسميةٍ لم تُدرَس",
Tickets/tickets_list.php,tickets,الكيان,BOUND,entity,gov,"يبثُّه `ems_gov_ctx()` من `admin_companies` — موصولٌ سلفًا، لا عمل",
Tickets/tickets_list.php,tickets,الحالة,MANUAL,status,,"مشتقٌّ من `status` و`tickets` لا يحمله — يلزم قرار",
Tickets/watchtower.php,role_permissions,الكيان,BOUND,entity,gov,"يبثُّه `ems_gov_ctx()` من `admin_companies` — موصولٌ سلفًا، لا عمل",
Tickets/watchtower.php,role_permissions,"المنشئ — الاسم والصفة",MANUAL,created_by,,"مشتقٌّ من `created_by` و`role_permissions` لا يحمله — يلزم قرار",
Tickets/watchtower.php,role_permissions,"المعتمد — الاسم والصفة",MANUAL,approved_by,,"مشتقٌّ من `approved_by` و`role_permissions` لا يحمله — يلزم قرار",
Tickets/watchtower.php,role_permissions,"مرجع التفويض",MANUAL,,,"تسميةٌ علائقيةٌ (مرجعٌ لجدولٍ آخر) — عمودٌ نصيٌّ لها يزدوج المصدر",
Tickets/watchtower.php,role_permissions,"المرجع الأب",MANUAL,,,"تسميةٌ علائقيةٌ (مرجعٌ لجدولٍ آخر) — عمودٌ نصيٌّ لها يزدوج المصدر",
Tickets/watchtower.php,role_permissions,"تاريخ الإنشاء",MANUAL,created_at,,"مشتقٌّ من `created_at` و`role_permissions` لا يحمله — يلزم قرار",
Tickets/watchtower.php,role_permissions,"تاريخ الاعتماد",MANUAL,approved_at,,"مشتقٌّ من `approved_at` و`role_permissions` لا يحمله — يلزم قرار",
Tickets/watchtower.php,role_permissions,الحالة,MANUAL,status,,"مشتقٌّ من `status` و`role_permissions` لا يحمله — يلزم قرار",
Timesheet/timesheet.php,operations,"رقم الصف",MANUAL,,,"ليست في المعجم — ولا يُخترع اسمُ عمودٍ لتسميةٍ لم تُدرَس",
Timesheet/timesheet.php,operations,الموقع,NEW,location,text,"لا عمودَ له في `operations` — يُنشأ **اختياريًّا** (NULL)",
Timesheet/timesheet.php,operations,العقد,MANUAL,,,"تسميةٌ علائقيةٌ (مرجعٌ لجدولٍ آخر) — عمودٌ نصيٌّ لها يزدوج المصدر",
Timesheet/timesheet.php,operations,"الوحدة التعاقدية",MANUAL,,,"تسميةٌ علائقيةٌ (مرجعٌ لجدولٍ آخر) — عمودٌ نصيٌّ لها يزدوج المصدر",
Timesheet/timesheet.php,operations,المشغل,MANUAL,,,"ليست في المعجم — ولا يُخترع اسمُ عمودٍ لتسميةٍ لم تُدرَس",
Timesheet/timesheet.php,operations,الفترة,MANUAL,,,"تسميةٌ علائقيةٌ (مرجعٌ لجدولٍ آخر) — عمودٌ نصيٌّ لها يزدوج المصدر",
Timesheet/timesheet.php,operations,"من الساعة",MANUAL,,,"ليست في المعجم — ولا يُخترع اسمُ عمودٍ لتسميةٍ لم تُدرَس",
Timesheet/timesheet.php,operations,"إلى الساعة",MANUAL,,,"ليست في المعجم — ولا يُخترع اسمُ عمودٍ لتسميةٍ لم تُدرَس",
Timesheet/timesheet.php,operations,"ساعات التوقف",MANUAL,,,"ليست في المعجم — ولا يُخترع اسمُ عمودٍ لتسميةٍ لم تُدرَس",
Timesheet/timesheet.php,operations,"سبب التوقف",MANUAL,,,"ليست في المعجم — ولا يُخترع اسمُ عمودٍ لتسميةٍ لم تُدرَس",
Timesheet/timesheet.php,operations,"الطرف المتحمل",MANUAL,,,"ليست في المعجم — ولا يُخترع اسمُ عمودٍ لتسميةٍ لم تُدرَس",
Timesheet/timesheet.php,operations,"العداد أول",MANUAL,,,"ليست في المعجم — ولا يُخترع اسمُ عمودٍ لتسميةٍ لم تُدرَس",
Timesheet/timesheet.php,operations,"العداد آخر",MANUAL,,,"ليست في المعجم — ولا يُخترع اسمُ عمودٍ لتسميةٍ لم تُدرَس",
Timesheet/timesheet.php,operations,المدخل,MANUAL,,,"ليست في المعجم — ولا يُخترع اسمُ عمودٍ لتسميةٍ لم تُدرَس",
Timesheet/timesheet.php,operations,"اعتماد الموقع",MANUAL,,,"ليست في المعجم — ولا يُخترع اسمُ عمودٍ لتسميةٍ لم تُدرَس",
Timesheet/timesheet.php,operations,"اعتماد التشغيل",MANUAL,,,"ليست في المعجم — ولا يُخترع اسمُ عمودٍ لتسميةٍ لم تُدرَس",
Timesheet/timesheet.php,operations,الكيان,BOUND,entity,gov,"يبثُّه `ems_gov_ctx()` من `admin_companies` — موصولٌ سلفًا، لا عمل",
Timesheet/timesheet.php,operations,"مرجع التفويض",MANUAL,,,"تسميةٌ علائقيةٌ (مرجعٌ لجدولٍ آخر) — عمودٌ نصيٌّ لها يزدوج المصدر",
Timesheet/timesheet.php,operations,"تاريخ الاعتماد",MANUAL,approved_at,,"مشتقٌّ من `approved_at` و`operations` لا يحمله — يلزم قرار",
Timesheet/timesheet.php,operations,"تاريخ الإنشاء",MANUAL,created_at,,"مشتقٌّ من `created_at` و`operations` لا يحمله — يلزم قرار",
Timesheet/timesheet.php,operations,"المرجع الأب",MANUAL,,,"تسميةٌ علائقيةٌ (مرجعٌ لجدولٍ آخر) — عمودٌ نصيٌّ لها يزدوج المصدر",
Timesheet/timesheet.php,operations,"مفتاح منع التكرار",MANUAL,,,"تسميةٌ علائقيةٌ (مرجعٌ لجدولٍ آخر) — عمودٌ نصيٌّ لها يزدوج المصدر",
Timesheet/timesheet.php,operations,"معكوس ب",MANUAL,,,"تسميةٌ علائقيةٌ (مرجعٌ لجدولٍ آخر) — عمودٌ نصيٌّ لها يزدوج المصدر",
Timesheet/timesheet.php,operations,"عكس عن",MANUAL,,,"تسميةٌ علائقيةٌ (مرجعٌ لجدولٍ آخر) — عمودٌ نصيٌّ لها يزدوج المصدر",
Timesheet/timesheet.php,operations,"درجة الأثر",MANUAL,,,"تسميةٌ علائقيةٌ (مرجعٌ لجدولٍ آخر) — عمودٌ نصيٌّ لها يزدوج المصدر",
Timesheet/timesheet.php,operations,المرفق,MANUAL,,,"تسميةٌ علائقيةٌ (مرجعٌ لجدولٍ آخر) — عمودٌ نصيٌّ لها يزدوج المصدر",
Timesheet/timesheet_details.php,timesheet,الكيان,BOUND,entity,gov,"يبثُّه `ems_gov_ctx()` من `admin_companies` — موصولٌ سلفًا، لا عمل",
Timesheet/timesheet_details.php,timesheet,"المنشئ — الاسم والصفة",MANUAL,created_by,,"مشتقٌّ من `created_by` و`timesheet` لا يحمله — يلزم قرار",
Timesheet/timesheet_details.php,timesheet,"تاريخ الإنشاء",MANUAL,created_at,,"مشتقٌّ من `created_at` و`timesheet` لا يحمله — يلزم قرار",
Timesheet/timesheet_details.php,timesheet,"المرجع الأب",MANUAL,,,"تسميةٌ علائقيةٌ (مرجعٌ لجدولٍ آخر) — عمودٌ نصيٌّ لها يزدوج المصدر",
Timesheet/view_timesheet.php,timesheet,الكيان,BOUND,entity,gov,"يبثُّه `ems_gov_ctx()` من `admin_companies` — موصولٌ سلفًا، لا عمل",
Timesheet/view_timesheet.php,timesheet,"المنشئ — الاسم والصفة",MANUAL,created_by,,"مشتقٌّ من `created_by` و`timesheet` لا يحمله — يلزم قرار",
Timesheet/view_timesheet.php,timesheet,"تاريخ الإنشاء",MANUAL,created_at,,"مشتقٌّ من `created_at` و`timesheet` لا يحمله — يلزم قرار",
Timesheet/view_timesheet.php,timesheet,"المرجع الأب",MANUAL,,,"تسميةٌ علائقيةٌ (مرجعٌ لجدولٍ آخر) — عمودٌ نصيٌّ لها يزدوج المصدر",
Transport/transfer_arrival.php,transfer_events,الكيان,BOUND,entity,gov,"يبثُّه `ems_gov_ctx()` من `admin_companies` — موصولٌ سلفًا، لا عمل",
Transport/transfer_arrival.php,transfer_events,"المنشئ — الاسم والصفة",MANUAL,created_by,,"مشتقٌّ من `created_by` و`transfer_events` لا يحمله — يلزم قرار",
Transport/transfer_arrival.php,transfer_events,"المعتمد — الاسم والصفة",MANUAL,approved_by,,"مشتقٌّ من `approved_by` و`transfer_events` لا يحمله — يلزم قرار",
Transport/transfer_arrival.php,transfer_events,"مرجع التفويض",MANUAL,,,"تسميةٌ علائقيةٌ (مرجعٌ لجدولٍ آخر) — عمودٌ نصيٌّ لها يزدوج المصدر",
Transport/transfer_arrival.php,transfer_events,"المرجع الأب",MANUAL,,,"تسميةٌ علائقيةٌ (مرجعٌ لجدولٍ آخر) — عمودٌ نصيٌّ لها يزدوج المصدر",
Transport/transfer_arrival.php,transfer_events,"تاريخ الإنشاء",BIND,created_at,derived,"مشتقٌّ من `created_at` القائمِ في `transfer_events` — بلا هجرة",
Transport/transfer_arrival.php,transfer_events,"تاريخ الاعتماد",MANUAL,approved_at,,"مشتقٌّ من `approved_at` و`transfer_events` لا يحمله — يلزم قرار",
Transport/transfer_arrival.php,transfer_events,الحالة,MANUAL,status,,"مشتقٌّ من `status` و`transfer_events` لا يحمله — يلزم قرار",
Transport/transfer_close_cost.php,transfer_cost_lines,"رقم المحضر",MANUAL,,,"تسميةٌ علائقيةٌ (مرجعٌ لجدولٍ آخر) — عمودٌ نصيٌّ لها يزدوج المصدر",
Transport/transfer_close_cost.php,transfer_cost_lines,"بند التكلفة",MANUAL,,,"ليست في المعجم — ولا يُخترع اسمُ عمودٍ لتسميةٍ لم تُدرَس",
Transport/transfer_close_cost.php,transfer_cost_lines,الوصف,NEW,description,textarea,"لا عمودَ له في `transfer_cost_lines` — يُنشأ **اختياريًّا** (NULL)",
Transport/transfer_close_cost.php,transfer_cost_lines,المبلغ,MANUAL,,,"ليست في المعجم — ولا يُخترع اسمُ عمودٍ لتسميةٍ لم تُدرَس",
Transport/transfer_close_cost.php,transfer_cost_lines,"المستند المؤيد",MANUAL,,,"ليست في المعجم — ولا يُخترع اسمُ عمودٍ لتسميةٍ لم تُدرَس",
Transport/transfer_close_cost.php,transfer_cost_lines,المتحمل,MANUAL,,,"ليست في المعجم — ولا يُخترع اسمُ عمودٍ لتسميةٍ لم تُدرَس",
Transport/transfer_close_cost.php,transfer_cost_lines,الكيان,BOUND,entity,gov,"يبثُّه `ems_gov_ctx()` من `admin_companies` — موصولٌ سلفًا، لا عمل",
Transport/transfer_close_cost.php,transfer_cost_lines,"تاريخ الإنشاء",BIND,created_at,derived,"مشتقٌّ من `created_at` القائمِ في `transfer_cost_lines` — بلا هجرة",
Transport/transfer_close_cost.php,transfer_cost_lines,"المرجع الأب",MANUAL,,,"تسميةٌ علائقيةٌ (مرجعٌ لجدولٍ آخر) — عمودٌ نصيٌّ لها يزدوج المصدر",
Transport/transfer_close_cost.php,transfer_cost_lines,"المنشئ — الاسم والصفة",MANUAL,created_by,,"مشتقٌّ من `created_by` و`transfer_cost_lines` لا يحمله — يلزم قرار",
Transport/transfer_close_cost.php,transfer_cost_lines,الحالة,MANUAL,status,,"مشتقٌّ من `status` و`transfer_cost_lines` لا يحمله — يلزم قرار",
Transport/transfer_close_cost.php,transfer_cost_lines,"مفتاح منع التكرار",MANUAL,,,"تسميةٌ علائقيةٌ (مرجعٌ لجدولٍ آخر) — عمودٌ نصيٌّ لها يزدوج المصدر",
Transport/transfer_close_cost.php,transfer_cost_lines,"مركز التكلفة",MANUAL,,,"تسميةٌ علائقيةٌ (مرجعٌ لجدولٍ آخر) — عمودٌ نصيٌّ لها يزدوج المصدر",
Transport/transfer_close_cost.php,transfer_cost_lines,"سعر الصرف ومصدره",MANUAL,,,"تسميةٌ علائقيةٌ (مرجعٌ لجدولٍ آخر) — عمودٌ نصيٌّ لها يزدوج المصدر",
Transport/transfer_close_cost.php,transfer_cost_lines,العملة,MANUAL,,,"تسميةٌ علائقيةٌ (مرجعٌ لجدولٍ آخر) — عمودٌ نصيٌّ لها يزدوج المصدر",
Transport/transfer_cost_rules_config.php,,الكيان,BOUND,entity,gov,"يبثُّه `ems_gov_ctx()` من `admin_companies` — موصولٌ سلفًا، لا عمل",
Transport/transfer_cost_rules_config.php,,"المنشئ — الاسم والصفة",MANUAL,,,"جدولُ الشاشةِ لم يُستنبَط — لا يُقاس عمودٌ بلا جدول",
Transport/transfer_cost_rules_config.php,,"المعتمد — الاسم والصفة",MANUAL,,,"جدولُ الشاشةِ لم يُستنبَط — لا يُقاس عمودٌ بلا جدول",
Transport/transfer_cost_rules_config.php,,"مرجع التفويض",MANUAL,,,"جدولُ الشاشةِ لم يُستنبَط — لا يُقاس عمودٌ بلا جدول",
Transport/transfer_cost_rules_config.php,,"المرجع الأب",MANUAL,,,"جدولُ الشاشةِ لم يُستنبَط — لا يُقاس عمودٌ بلا جدول",
Transport/transfer_cost_rules_config.php,,"تاريخ الإنشاء",MANUAL,,,"جدولُ الشاشةِ لم يُستنبَط — لا يُقاس عمودٌ بلا جدول",
Transport/transfer_cost_rules_config.php,,"تاريخ الاعتماد",MANUAL,,,"جدولُ الشاشةِ لم يُستنبَط — لا يُقاس عمودٌ بلا جدول",
Transport/transfer_fleet.php,,العملة,MANUAL,,,"جدولُ الشاشةِ لم يُستنبَط — لا يُقاس عمودٌ بلا جدول",
Transport/transfer_fleet.php,,الحالة,MANUAL,,,"جدولُ الشاشةِ لم يُستنبَط — لا يُقاس عمودٌ بلا جدول",
Transport/transfer_fleet.php,,الكيان,BOUND,entity,gov,"يبثُّه `ems_gov_ctx()` من `admin_companies` — موصولٌ سلفًا، لا عمل",
Transport/transfer_fleet.php,,"المنشئ — الاسم والصفة",MANUAL,,,"جدولُ الشاشةِ لم يُستنبَط — لا يُقاس عمودٌ بلا جدول",
Transport/transfer_fleet.php,,"تاريخ الإنشاء",MANUAL,,,"جدولُ الشاشةِ لم يُستنبَط — لا يُقاس عمودٌ بلا جدول",
Transport/transfer_fleet.php,,"المعتمد — الاسم والصفة",MANUAL,,,"جدولُ الشاشةِ لم يُستنبَط — لا يُقاس عمودٌ بلا جدول",
Transport/transfer_fleet.php,,"تاريخ الاعتماد",MANUAL,,,"جدولُ الشاشةِ لم يُستنبَط — لا يُقاس عمودٌ بلا جدول",
Transport/transfer_fleet.php,,"مرجع التفويض",MANUAL,,,"جدولُ الشاشةِ لم يُستنبَط — لا يُقاس عمودٌ بلا جدول",
Transport/transfer_fleet.php,,"المرجع الأب",MANUAL,,,"جدولُ الشاشةِ لم يُستنبَط — لا يُقاس عمودٌ بلا جدول",
Transport/transfer_fleet.php,,المرفق,MANUAL,,,"جدولُ الشاشةِ لم يُستنبَط — لا يُقاس عمودٌ بلا جدول",
Transport/transfer_fleet.php,,"سجل الاطلاع",MANUAL,,,"جدولُ الشاشةِ لم يُستنبَط — لا يُقاس عمودٌ بلا جدول",
Transport/transfer_in_transit.php,transfer_orders,"رقم الرحلة",MANUAL,,,"ليست في المعجم — ولا يُخترع اسمُ عمودٍ لتسميةٍ لم تُدرَس",
Transport/transfer_in_transit.php,transfer_orders,"وقت المغادرة",MANUAL,,,"ليست في المعجم — ولا يُخترع اسمُ عمودٍ لتسميةٍ لم تُدرَس",
Transport/transfer_in_transit.php,transfer_orders,"مشرف الانطلاق",MANUAL,,,"ليست في المعجم — ولا يُخترع اسمُ عمودٍ لتسميةٍ لم تُدرَس",
Transport/transfer_in_transit.php,transfer_orders,"الموقع الحالي المسجل",MANUAL,,,"ليست في المعجم — ولا يُخترع اسمُ عمودٍ لتسميةٍ لم تُدرَس",
Transport/transfer_in_transit.php,transfer_orders,"آخر تحديث",BIND,updated_at,derived,"مشتقٌّ من `updated_at` القائمِ في `transfer_orders` — بلا هجرة",
Transport/transfer_in_transit.php,transfer_orders,"المسافة المقطوعة",MANUAL,,,"ليست في المعجم — ولا يُخترع اسمُ عمودٍ لتسميةٍ لم تُدرَس",
Transport/transfer_in_transit.php,transfer_orders,المتبقي,MANUAL,,,"ليست في المعجم — ولا يُخترع اسمُ عمودٍ لتسميةٍ لم تُدرَس",
Transport/transfer_in_transit.php,transfer_orders,"الوصول المتوقع",MANUAL,,,"ليست في المعجم — ولا يُخترع اسمُ عمودٍ لتسميةٍ لم تُدرَس",
Transport/transfer_in_transit.php,transfer_orders,"التأخر بالساعات",MANUAL,,,"ليست في المعجم — ولا يُخترع اسمُ عمودٍ لتسميةٍ لم تُدرَس",
Transport/transfer_in_transit.php,transfer_orders,"سبب التأخر",MANUAL,,,"ليست في المعجم — ولا يُخترع اسمُ عمودٍ لتسميةٍ لم تُدرَس",
Transport/transfer_in_transit.php,transfer_orders,الكيان,BOUND,entity,gov,"يبثُّه `ems_gov_ctx()` من `admin_companies` — موصولٌ سلفًا، لا عمل",
Transport/transfer_in_transit.php,transfer_orders,"مرجع التفويض",MANUAL,,,"تسميةٌ علائقيةٌ (مرجعٌ لجدولٍ آخر) — عمودٌ نصيٌّ لها يزدوج المصدر",
Transport/transfer_in_transit.php,transfer_orders,"تاريخ الاعتماد",MANUAL,approved_at,,"مشتقٌّ من `approved_at` و`transfer_orders` لا يحمله — يلزم قرار",
Transport/transfer_in_transit.php,transfer_orders,"تاريخ الإنشاء",BIND,created_at,derived,"مشتقٌّ من `created_at` القائمِ في `transfer_orders` — بلا هجرة",
Transport/transfer_in_transit.php,transfer_orders,"المرجع الأب",MANUAL,,,"تسميةٌ علائقيةٌ (مرجعٌ لجدولٍ آخر) — عمودٌ نصيٌّ لها يزدوج المصدر",
Transport/transfer_in_transit.php,transfer_orders,"المنشئ — الاسم والصفة",BIND,created_by,derived,"مشتقٌّ من `created_by` القائمِ في `transfer_orders` — بلا هجرة",
Transport/transfer_in_transit.php,transfer_orders,"المعتمد — الاسم والصفة",MANUAL,approved_by,,"مشتقٌّ من `approved_by` و`transfer_orders` لا يحمله — يلزم قرار",
Transport/transfer_in_transit.php,transfer_orders,الحالة,MANUAL,status,,"مشتقٌّ من `status` و`transfer_orders` لا يحمله — يلزم قرار",
Transport/transfer_in_transit.php,transfer_orders,"مفتاح منع التكرار",MANUAL,,,"تسميةٌ علائقيةٌ (مرجعٌ لجدولٍ آخر) — عمودٌ نصيٌّ لها يزدوج المصدر",
Transport/transfer_in_transit.php,transfer_orders,"معكوس ب",MANUAL,,,"تسميةٌ علائقيةٌ (مرجعٌ لجدولٍ آخر) — عمودٌ نصيٌّ لها يزدوج المصدر",
Transport/transfer_in_transit.php,transfer_orders,"عكس عن",MANUAL,,,"تسميةٌ علائقيةٌ (مرجعٌ لجدولٍ آخر) — عمودٌ نصيٌّ لها يزدوج المصدر",
Transport/transfer_in_transit.php,transfer_orders,"درجة الأثر",MANUAL,,,"تسميةٌ علائقيةٌ (مرجعٌ لجدولٍ آخر) — عمودٌ نصيٌّ لها يزدوج المصدر",
Transport/transfer_in_transit.php,transfer_orders,المرفق,MANUAL,,,"تسميةٌ علائقيةٌ (مرجعٌ لجدولٍ آخر) — عمودٌ نصيٌّ لها يزدوج المصدر",
Transport/transfer_order_form.php,transfer_cost_lines,الكيان,BOUND,entity,gov,"يبثُّه `ems_gov_ctx()` من `admin_companies` — موصولٌ سلفًا، لا عمل",
Transport/transfer_order_form.php,transfer_cost_lines,"المنشئ — الاسم والصفة",MANUAL,created_by,,"مشتقٌّ من `created_by` و`transfer_cost_lines` لا يحمله — يلزم قرار",
Transport/transfer_order_form.php,transfer_cost_lines,"المعتمد — الاسم والصفة",MANUAL,approved_by,,"مشتقٌّ من `approved_by` و`transfer_cost_lines` لا يحمله — يلزم قرار",
Transport/transfer_order_form.php,transfer_cost_lines,"مرجع التفويض",MANUAL,,,"تسميةٌ علائقيةٌ (مرجعٌ لجدولٍ آخر) — عمودٌ نصيٌّ لها يزدوج المصدر",
Transport/transfer_order_form.php,transfer_cost_lines,"المرجع الأب",MANUAL,,,"تسميةٌ علائقيةٌ (مرجعٌ لجدولٍ آخر) — عمودٌ نصيٌّ لها يزدوج المصدر",
Transport/transfer_order_form.php,transfer_cost_lines,"تاريخ الإنشاء",BIND,created_at,derived,"مشتقٌّ من `created_at` القائمِ في `transfer_cost_lines` — بلا هجرة",
Transport/transfer_order_form.php,transfer_cost_lines,"تاريخ الاعتماد",MANUAL,approved_at,,"مشتقٌّ من `approved_at` و`transfer_cost_lines` لا يحمله — يلزم قرار",
Transport/transfer_order_form.php,transfer_cost_lines,الحالة,MANUAL,status,,"مشتقٌّ من `status` و`transfer_cost_lines` لا يحمله — يلزم قرار",
Transport/transfer_orders_list.php,transfer_orders,"رقم الأمر",MANUAL,,,"ليست في المعجم — ولا يُخترع اسمُ عمودٍ لتسميةٍ لم تُدرَس",
Transport/transfer_orders_list.php,transfer_orders,"تاريخ الإصدار",NEW,issue_date,date,"لا عمودَ له في `transfer_orders` — يُنشأ **اختياريًّا** (NULL)",
Transport/transfer_orders_list.php,transfer_orders,"مرجع الطلب",MANUAL,,,"ليست في المعجم — ولا يُخترع اسمُ عمودٍ لتسميةٍ لم تُدرَس",
Transport/transfer_orders_list.php,transfer_orders,"العناصر المنقولة",MANUAL,,,"ليست في المعجم — ولا يُخترع اسمُ عمودٍ لتسميةٍ لم تُدرَس",
Transport/transfer_orders_list.php,transfer_orders,إلى,MANUAL,,,"ليست في المعجم — ولا يُخترع اسمُ عمودٍ لتسميةٍ لم تُدرَس",
Transport/transfer_orders_list.php,transfer_orders,"المسافة كم",MANUAL,,,"ليست في المعجم — ولا يُخترع اسمُ عمودٍ لتسميةٍ لم تُدرَس",
Transport/transfer_orders_list.php,transfer_orders,"وسيلة النقل",MANUAL,,,"ليست في المعجم — ولا يُخترع اسمُ عمودٍ لتسميةٍ لم تُدرَس",
Transport/transfer_orders_list.php,transfer_orders,الناقل,MANUAL,,,"ليست في المعجم — ولا يُخترع اسمُ عمودٍ لتسميةٍ لم تُدرَس",
Transport/transfer_orders_list.php,transfer_orders,"رقم التصريح",MANUAL,,,"ليست في المعجم — ولا يُخترع اسمُ عمودٍ لتسميةٍ لم تُدرَس",
Transport/transfer_orders_list.php,transfer_orders,"تاريخ المغادرة",MANUAL,,,"ليست في المعجم — ولا يُخترع اسمُ عمودٍ لتسميةٍ لم تُدرَس",
Transport/transfer_orders_list.php,transfer_orders,"تاريخ الوصول",MANUAL,,,"ليست في المعجم — ولا يُخترع اسمُ عمودٍ لتسميةٍ لم تُدرَس",
Transport/transfer_orders_list.php,transfer_orders,"مؤكد الوصول",MANUAL,,,"ليست في المعجم — ولا يُخترع اسمُ عمودٍ لتسميةٍ لم تُدرَس",
Transport/transfer_orders_list.php,transfer_orders,"مستند إثبات الوصول",MANUAL,,,"ليست في المعجم — ولا يُخترع اسمُ عمودٍ لتسميةٍ لم تُدرَس",
Transport/transfer_orders_list.php,transfer_orders,"قاعدة التحميل",MANUAL,,,"ليست في المعجم — ولا يُخترع اسمُ عمودٍ لتسميةٍ لم تُدرَس",
Transport/transfer_orders_list.php,transfer_orders,"إجمالي التكلفة",MANUAL,,,"ليست في المعجم — ولا يُخترع اسمُ عمودٍ لتسميةٍ لم تُدرَس",
Transport/transfer_orders_list.php,transfer_orders,أصدره,BIND,created_by,derived,"مشتقٌّ من `created_by` القائمِ في `transfer_orders` — بلا هجرة",
Transport/transfer_orders_list.php,transfer_orders,الكيان,BOUND,entity,gov,"يبثُّه `ems_gov_ctx()` من `admin_companies` — موصولٌ سلفًا، لا عمل",
Transport/transfer_orders_list.php,transfer_orders,"مرجع التفويض",MANUAL,,,"تسميةٌ علائقيةٌ (مرجعٌ لجدولٍ آخر) — عمودٌ نصيٌّ لها يزدوج المصدر",
Transport/transfer_orders_list.php,transfer_orders,"تاريخ الاعتماد",MANUAL,approved_at,,"مشتقٌّ من `approved_at` و`transfer_orders` لا يحمله — يلزم قرار",
Transport/transfer_orders_list.php,transfer_orders,"تاريخ الإنشاء",BIND,created_at,derived,"مشتقٌّ من `created_at` القائمِ في `transfer_orders` — بلا هجرة",
Transport/transfer_orders_list.php,transfer_orders,"المعتمد — الاسم والصفة",MANUAL,approved_by,,"مشتقٌّ من `approved_by` و`transfer_orders` لا يحمله — يلزم قرار",
Transport/transfer_orders_list.php,transfer_orders,الحالة,MANUAL,status,,"مشتقٌّ من `status` و`transfer_orders` لا يحمله — يلزم قرار",
Transport/transfer_orders_list.php,transfer_orders,"مفتاح منع التكرار",MANUAL,,,"تسميةٌ علائقيةٌ (مرجعٌ لجدولٍ آخر) — عمودٌ نصيٌّ لها يزدوج المصدر",
Transport/transfer_orders_list.php,transfer_orders,"معكوس ب",MANUAL,,,"تسميةٌ علائقيةٌ (مرجعٌ لجدولٍ آخر) — عمودٌ نصيٌّ لها يزدوج المصدر",
Transport/transfer_orders_list.php,transfer_orders,"عكس عن",MANUAL,,,"تسميةٌ علائقيةٌ (مرجعٌ لجدولٍ آخر) — عمودٌ نصيٌّ لها يزدوج المصدر",
Transport/transfer_orders_list.php,transfer_orders,"درجة الأثر",MANUAL,,,"تسميةٌ علائقيةٌ (مرجعٌ لجدولٍ آخر) — عمودٌ نصيٌّ لها يزدوج المصدر",
Transport/transfer_orders_list.php,transfer_orders,المرفق,MANUAL,,,"تسميةٌ علائقيةٌ (مرجعٌ لجدولٍ آخر) — عمودٌ نصيٌّ لها يزدوج المصدر",
Transport/transfer_orders_list.php,transfer_orders,"مركز التكلفة",MANUAL,,,"تسميةٌ علائقيةٌ (مرجعٌ لجدولٍ آخر) — عمودٌ نصيٌّ لها يزدوج المصدر",
Transport/transfer_orders_list.php,transfer_orders,"سعر الصرف ومصدره",MANUAL,,,"تسميةٌ علائقيةٌ (مرجعٌ لجدولٍ آخر) — عمودٌ نصيٌّ لها يزدوج المصدر",
Transport/transfer_orders_list.php,transfer_orders,العملة,MANUAL,,,"تسميةٌ علائقيةٌ (مرجعٌ لجدولٍ آخر) — عمودٌ نصيٌّ لها يزدوج المصدر",
Transport/transfer_permits.php,,المرفق,MANUAL,,,"جدولُ الشاشةِ لم يُستنبَط — لا يُقاس عمودٌ بلا جدول",
Transport/transfer_permits.php,,الحالة,MANUAL,,,"جدولُ الشاشةِ لم يُستنبَط — لا يُقاس عمودٌ بلا جدول",
Transport/transfer_permits.php,,الكيان,BOUND,entity,gov,"يبثُّه `ems_gov_ctx()` من `admin_companies` — موصولٌ سلفًا، لا عمل",
Transport/transfer_permits.php,,"المنشئ — الاسم والصفة",MANUAL,,,"جدولُ الشاشةِ لم يُستنبَط — لا يُقاس عمودٌ بلا جدول",
Transport/transfer_permits.php,,"تاريخ الإنشاء",MANUAL,,,"جدولُ الشاشةِ لم يُستنبَط — لا يُقاس عمودٌ بلا جدول",
Transport/transfer_permits.php,,"المعتمد — الاسم والصفة",MANUAL,,,"جدولُ الشاشةِ لم يُستنبَط — لا يُقاس عمودٌ بلا جدول",
Transport/transfer_permits.php,,"تاريخ الاعتماد",MANUAL,,,"جدولُ الشاشةِ لم يُستنبَط — لا يُقاس عمودٌ بلا جدول",
Transport/transfer_permits.php,,"مرجع التفويض",MANUAL,,,"جدولُ الشاشةِ لم يُستنبَط — لا يُقاس عمودٌ بلا جدول",
Transport/transfer_permits.php,,"المرجع الأب",MANUAL,,,"جدولُ الشاشةِ لم يُستنبَط — لا يُقاس عمودٌ بلا جدول",
Transport/transfer_permits.php,,"مركز التكلفة",MANUAL,,,"جدولُ الشاشةِ لم يُستنبَط — لا يُقاس عمودٌ بلا جدول",
Transport/transfer_permits.php,,"سعر الصرف ومصدره",MANUAL,,,"جدولُ الشاشةِ لم يُستنبَط — لا يُقاس عمودٌ بلا جدول",
Transport/transfer_requests.php,transfer_requests,"رقم الطلب",MANUAL,,,"تسميةٌ علائقيةٌ (مرجعٌ لجدولٍ آخر) — عمودٌ نصيٌّ لها يزدوج المصدر",
Transport/transfer_requests.php,transfer_requests,"تاريخ الطلب",NEW,request_date,date,"لا عمودَ له في `transfer_requests` — يُنشأ **اختياريًّا** (NULL)",
Transport/transfer_requests.php,transfer_requests,"الإدارة الطالبة",MANUAL,,,"ليست في المعجم — ولا يُخترع اسمُ عمودٍ لتسميةٍ لم تُدرَس",
Transport/transfer_requests.php,transfer_requests,"العنصر المطلوب ترحيله",MANUAL,,,"ليست في المعجم — ولا يُخترع اسمُ عمودٍ لتسميةٍ لم تُدرَس",
Transport/transfer_requests.php,transfer_requests,من,MANUAL,,,"ليست في المعجم — ولا يُخترع اسمُ عمودٍ لتسميةٍ لم تُدرَس",
Transport/transfer_requests.php,transfer_requests,إلى,MANUAL,,,"ليست في المعجم — ولا يُخترع اسمُ عمودٍ لتسميةٍ لم تُدرَس",
Transport/transfer_requests.php,transfer_requests,"التاريخ المطلوب",MANUAL,,,"ليست في المعجم — ولا يُخترع اسمُ عمودٍ لتسميةٍ لم تُدرَس",
Transport/transfer_requests.php,transfer_requests,قدمه,MANUAL,,,"ليست في المعجم — ولا يُخترع اسمُ عمودٍ لتسميةٍ لم تُدرَس",
Transport/transfer_requests.php,transfer_requests,اعتمده,MANUAL,approved_by,,"مشتقٌّ من `approved_by` و`transfer_requests` لا يحمله — يلزم قرار",
Transport/transfer_requests.php,transfer_requests,الكيان,BOUND,entity,gov,"يبثُّه `ems_gov_ctx()` من `admin_companies` — موصولٌ سلفًا، لا عمل",
Transport/transfer_requests.php,transfer_requests,"مرجع التفويض",MANUAL,,,"تسميةٌ علائقيةٌ (مرجعٌ لجدولٍ آخر) — عمودٌ نصيٌّ لها يزدوج المصدر",
Transport/transfer_requests.php,transfer_requests,"تاريخ الاعتماد",MANUAL,approved_at,,"مشتقٌّ من `approved_at` و`transfer_requests` لا يحمله — يلزم قرار",
Transport/transfer_requests.php,transfer_requests,"تاريخ الإنشاء",BIND,created_at,derived,"مشتقٌّ من `created_at` القائمِ في `transfer_requests` — بلا هجرة",
Transport/transfer_requests.php,transfer_requests,"المرجع الأب",MANUAL,,,"تسميةٌ علائقيةٌ (مرجعٌ لجدولٍ آخر) — عمودٌ نصيٌّ لها يزدوج المصدر",
Transport/transfer_requests.php,transfer_requests,المرفق,MANUAL,,,"تسميةٌ علائقيةٌ (مرجعٌ لجدولٍ آخر) — عمودٌ نصيٌّ لها يزدوج المصدر",
Transport/transfer_requests.php,transfer_requests,"مركز التكلفة",MANUAL,,,"تسميةٌ علائقيةٌ (مرجعٌ لجدولٍ آخر) — عمودٌ نصيٌّ لها يزدوج المصدر",
Transport/transfer_requests.php,transfer_requests,"سعر الصرف ومصدره",MANUAL,,,"تسميةٌ علائقيةٌ (مرجعٌ لجدولٍ آخر) — عمودٌ نصيٌّ لها يزدوج المصدر",
Transport/transfer_tariffs.php,role_permissions,"رقم التعرفة",MANUAL,,,"ليست في المعجم — ولا يُخترع اسمُ عمودٍ لتسميةٍ لم تُدرَس",
Transport/transfer_tariffs.php,role_permissions,"اتجاه الحركة",MANUAL,,,"ليست في المعجم — ولا يُخترع اسمُ عمودٍ لتسميةٍ لم تُدرَس",
Transport/transfer_tariffs.php,role_permissions,من,MANUAL,,,"ليست في المعجم — ولا يُخترع اسمُ عمودٍ لتسميةٍ لم تُدرَس",
Transport/transfer_tariffs.php,role_permissions,إلى,MANUAL,,,"ليست في المعجم — ولا يُخترع اسمُ عمودٍ لتسميةٍ لم تُدرَس",
Transport/transfer_tariffs.php,role_permissions,"وسيلة النقل",MANUAL,,,"ليست في المعجم — ولا يُخترع اسمُ عمودٍ لتسميةٍ لم تُدرَس",
Transport/transfer_tariffs.php,role_permissions,"سعر الكيلومتر",MANUAL,,,"ليست في المعجم — ولا يُخترع اسمُ عمودٍ لتسميةٍ لم تُدرَس",
Transport/transfer_tariffs.php,role_permissions,"الحد الأدنى",MANUAL,,,"ليست في المعجم — ولا يُخترع اسمُ عمودٍ لتسميةٍ لم تُدرَس",
Transport/transfer_tariffs.php,role_permissions,"قاعدة المتحمل",MANUAL,,,"ليست في المعجم — ولا يُخترع اسمُ عمودٍ لتسميةٍ لم تُدرَس",
Transport/transfer_tariffs.php,role_permissions,"شرط القاعدة",MANUAL,,,"ليست في المعجم — ولا يُخترع اسمُ عمودٍ لتسميةٍ لم تُدرَس",
Transport/transfer_tariffs.php,role_permissions,اعتمدها,MANUAL,approved_by,,"مشتقٌّ من `approved_by` و`role_permissions` لا يحمله — يلزم قرار",
Transport/transfer_tariffs.php,role_permissions,الكيان,BOUND,entity,gov,"يبثُّه `ems_gov_ctx()` من `admin_companies` — موصولٌ سلفًا، لا عمل",
Transport/transfer_tariffs.php,role_permissions,"مرجع التفويض",MANUAL,,,"تسميةٌ علائقيةٌ (مرجعٌ لجدولٍ آخر) — عمودٌ نصيٌّ لها يزدوج المصدر",
Transport/transfer_tariffs.php,role_permissions,"تاريخ الاعتماد",MANUAL,approved_at,,"مشتقٌّ من `approved_at` و`role_permissions` لا يحمله — يلزم قرار",
Transport/transfer_tariffs.php,role_permissions,"المرجع الأب",MANUAL,,,"تسميةٌ علائقيةٌ (مرجعٌ لجدولٍ آخر) — عمودٌ نصيٌّ لها يزدوج المصدر",
Transport/transfer_tariffs.php,role_permissions,"المنشئ — الاسم والصفة",MANUAL,created_by,,"مشتقٌّ من `created_by` و`role_permissions` لا يحمله — يلزم قرار",
Transport/transfer_tariffs.php,role_permissions,المرفق,MANUAL,,,"تسميةٌ علائقيةٌ (مرجعٌ لجدولٍ آخر) — عمودٌ نصيٌّ لها يزدوج المصدر",
Transport/transfer_tariffs.php,role_permissions,"مركز التكلفة",MANUAL,,,"تسميةٌ علائقيةٌ (مرجعٌ لجدولٍ آخر) — عمودٌ نصيٌّ لها يزدوج المصدر",
Transport/transfer_tariffs.php,role_permissions,"سعر الصرف ومصدره",MANUAL,,,"تسميةٌ علائقيةٌ (مرجعٌ لجدولٍ آخر) — عمودٌ نصيٌّ لها يزدوج المصدر",
Transport/transfer_tariffs.php,role_permissions,العملة,MANUAL,,,"تسميةٌ علائقيةٌ (مرجعٌ لجدولٍ آخر) — عمودٌ نصيٌّ لها يزدوج المصدر",
Transport/transfer_types_config.php,,الكيان,BOUND,entity,gov,"يبثُّه `ems_gov_ctx()` من `admin_companies` — موصولٌ سلفًا، لا عمل",
Transport/transfer_types_config.php,,"المنشئ — الاسم والصفة",MANUAL,,,"جدولُ الشاشةِ لم يُستنبَط — لا يُقاس عمودٌ بلا جدول",
Transport/transfer_types_config.php,,"المعتمد — الاسم والصفة",MANUAL,,,"جدولُ الشاشةِ لم يُستنبَط — لا يُقاس عمودٌ بلا جدول",
Transport/transfer_types_config.php,,"مرجع التفويض",MANUAL,,,"جدولُ الشاشةِ لم يُستنبَط — لا يُقاس عمودٌ بلا جدول",
Transport/transfer_types_config.php,,"المرجع الأب",MANUAL,,,"جدولُ الشاشةِ لم يُستنبَط — لا يُقاس عمودٌ بلا جدول",
Transport/transfer_types_config.php,,"تاريخ الإنشاء",MANUAL,,,"جدولُ الشاشةِ لم يُستنبَط — لا يُقاس عمودٌ بلا جدول",
Transport/transfer_types_config.php,,"تاريخ الاعتماد",MANUAL,,,"جدولُ الشاشةِ لم يُستنبَط — لا يُقاس عمودٌ بلا جدول",
Transport/trs_locations_config.php,,الكيان,BOUND,entity,gov,"يبثُّه `ems_gov_ctx()` من `admin_companies` — موصولٌ سلفًا، لا عمل",
Transport/trs_locations_config.php,,"المنشئ — الاسم والصفة",MANUAL,,,"جدولُ الشاشةِ لم يُستنبَط — لا يُقاس عمودٌ بلا جدول",
Transport/trs_locations_config.php,,"المعتمد — الاسم والصفة",MANUAL,,,"جدولُ الشاشةِ لم يُستنبَط — لا يُقاس عمودٌ بلا جدول",
Transport/trs_locations_config.php,,"مرجع التفويض",MANUAL,,,"جدولُ الشاشةِ لم يُستنبَط — لا يُقاس عمودٌ بلا جدول",
Transport/trs_locations_config.php,,"المرجع الأب",MANUAL,,,"جدولُ الشاشةِ لم يُستنبَط — لا يُقاس عمودٌ بلا جدول",
Transport/trs_locations_config.php,,"تاريخ الإنشاء",MANUAL,,,"جدولُ الشاشةِ لم يُستنبَط — لا يُقاس عمودٌ بلا جدول",
Transport/trs_locations_config.php,,"تاريخ الاعتماد",MANUAL,,,"جدولُ الشاشةِ لم يُستنبَط — لا يُقاس عمودٌ بلا جدول",
Workforce/contract_registry.php,employee_contracts,"رقم العقد",MANUAL,,,"ليست في المعجم — ولا يُخترع اسمُ عمودٍ لتسميةٍ لم تُدرَس",
Workforce/contract_registry.php,employee_contracts,"الطرف الآخر",MANUAL,,,"ليست في المعجم — ولا يُخترع اسمُ عمودٍ لتسميةٍ لم تُدرَس",
Workforce/contract_registry.php,employee_contracts,"تاريخ التوقيع",MANUAL,,,"ليست في المعجم — ولا يُخترع اسمُ عمودٍ لتسميةٍ لم تُدرَس",
Workforce/contract_registry.php,employee_contracts,"تاريخ البدء",MANUAL,,,"ليست في المعجم — ولا يُخترع اسمُ عمودٍ لتسميةٍ لم تُدرَس",
Workforce/contract_registry.php,employee_contracts,"تاريخ الانتهاء",MANUAL,,,"ليست في المعجم — ولا يُخترع اسمُ عمودٍ لتسميةٍ لم تُدرَس",
Workforce/contract_registry.php,employee_contracts,القيمة,MANUAL,,,"ليست في المعجم — ولا يُخترع اسمُ عمودٍ لتسميةٍ لم تُدرَس",
Workforce/contract_registry.php,employee_contracts,"الالتزام القائم",MANUAL,,,"ليست في المعجم — ولا يُخترع اسمُ عمودٍ لتسميةٍ لم تُدرَس",
Workforce/contract_registry.php,employee_contracts,"حالة الكفالة",MANUAL,,,"ليست في المعجم — ولا يُخترع اسمُ عمودٍ لتسميةٍ لم تُدرَس",
Workforce/contract_registry.php,employee_contracts,"المفوض بالتوقيع",MANUAL,,,"ليست في المعجم — ولا يُخترع اسمُ عمودٍ لتسميةٍ لم تُدرَس",
Workforce/contract_registry.php,employee_contracts,"الإدارة المالكة",MANUAL,,,"ليست في المعجم — ولا يُخترع اسمُ عمودٍ لتسميةٍ لم تُدرَس",
Workforce/contract_registry.php,employee_contracts,الكيان,BOUND,entity,gov,"يبثُّه `ems_gov_ctx()` من `admin_companies` — موصولٌ سلفًا، لا عمل",
Workforce/contract_registry.php,employee_contracts,"مرجع التفويض",MANUAL,,,"تسميةٌ علائقيةٌ (مرجعٌ لجدولٍ آخر) — عمودٌ نصيٌّ لها يزدوج المصدر",
Workforce/contract_registry.php,employee_contracts,"تاريخ الاعتماد",BIND,approved_at,derived,"مشتقٌّ من `approved_at` القائمِ في `employee_contracts` — بلا هجرة",
Workforce/contract_registry.php,employee_contracts,"تاريخ الإنشاء",BIND,created_at,derived,"مشتقٌّ من `created_at` القائمِ في `employee_contracts` — بلا هجرة",
Workforce/contract_registry.php,employee_contracts,"المنشئ — الاسم والصفة",BIND,created_by,derived,"مشتقٌّ من `created_by` القائمِ في `employee_contracts` — بلا هجرة",
Workforce/contract_registry.php,employee_contracts,"مركز التكلفة",MANUAL,,,"تسميةٌ علائقيةٌ (مرجعٌ لجدولٍ آخر) — عمودٌ نصيٌّ لها يزدوج المصدر",
Workforce/contract_registry.php,employee_contracts,"سعر الصرف ومصدره",MANUAL,,,"تسميةٌ علائقيةٌ (مرجعٌ لجدولٍ آخر) — عمودٌ نصيٌّ لها يزدوج المصدر",
Workforce/contract_registry.php,employee_contracts,العملة,MANUAL,,,"تسميةٌ علائقيةٌ (مرجعٌ لجدولٍ آخر) — عمودٌ نصيٌّ لها يزدوج المصدر",
Workforce/contract_registry.php,employee_contracts,"المستند المرفق",MANUAL,,,"تسميةٌ علائقيةٌ (مرجعٌ لجدولٍ آخر) — عمودٌ نصيٌّ لها يزدوج المصدر",
Workforce/deductions.php,deduction_proposals,العملة,MANUAL,,,"تسميةٌ علائقيةٌ (مرجعٌ لجدولٍ آخر) — عمودٌ نصيٌّ لها يزدوج المصدر",
Workforce/deductions.php,deduction_proposals,الحالة,MANUAL,status,,"مشتقٌّ من `status` و`deduction_proposals` لا يحمله — يلزم قرار",
Workforce/deductions.php,deduction_proposals,الكيان,BOUND,entity,gov,"يبثُّه `ems_gov_ctx()` من `admin_companies` — موصولٌ سلفًا، لا عمل",
Workforce/deductions.php,deduction_proposals,"تاريخ الإنشاء",BIND,created_at,derived,"مشتقٌّ من `created_at` القائمِ في `deduction_proposals` — بلا هجرة",
Workforce/deductions.php,deduction_proposals,"تاريخ الاعتماد",MANUAL,approved_at,,"مشتقٌّ من `approved_at` و`deduction_proposals` لا يحمله — يلزم قرار",
Workforce/deductions.php,deduction_proposals,"مرجع التفويض",MANUAL,,,"تسميةٌ علائقيةٌ (مرجعٌ لجدولٍ آخر) — عمودٌ نصيٌّ لها يزدوج المصدر",
Workforce/deductions.php,deduction_proposals,"مفتاح منع التكرار",MANUAL,,,"تسميةٌ علائقيةٌ (مرجعٌ لجدولٍ آخر) — عمودٌ نصيٌّ لها يزدوج المصدر",
Workforce/deductions.php,deduction_proposals,"درجة الأثر",MANUAL,,,"تسميةٌ علائقيةٌ (مرجعٌ لجدولٍ آخر) — عمودٌ نصيٌّ لها يزدوج المصدر",
Workforce/deductions.php,deduction_proposals,"معكوس ب",MANUAL,,,"تسميةٌ علائقيةٌ (مرجعٌ لجدولٍ آخر) — عمودٌ نصيٌّ لها يزدوج المصدر",
Workforce/deductions.php,deduction_proposals,"عكس عن",MANUAL,,,"تسميةٌ علائقيةٌ (مرجعٌ لجدولٍ آخر) — عمودٌ نصيٌّ لها يزدوج المصدر",
Workforce/deductions.php,deduction_proposals,"مركز التكلفة",MANUAL,,,"تسميةٌ علائقيةٌ (مرجعٌ لجدولٍ آخر) — عمودٌ نصيٌّ لها يزدوج المصدر",
Workforce/deductions.php,deduction_proposals,"سعر الصرف ومصدره",MANUAL,,,"تسميةٌ علائقيةٌ (مرجعٌ لجدولٍ آخر) — عمودٌ نصيٌّ لها يزدوج المصدر",
Workforce/deductions.php,deduction_proposals,"نسخة القاعدة المستعملة",MANUAL,,,"تسميةٌ علائقيةٌ (مرجعٌ لجدولٍ آخر) — عمودٌ نصيٌّ لها يزدوج المصدر",
Workforce/employee_advances.php,role_permissions,"رقم السلفة",MANUAL,,,"ليست في المعجم — ولا يُخترع اسمُ عمودٍ لتسميةٍ لم تُدرَس",
Workforce/employee_advances.php,role_permissions,"كود الموظف",MANUAL,,,"ليست في المعجم — ولا يُخترع اسمُ عمودٍ لتسميةٍ لم تُدرَس",
Workforce/employee_advances.php,role_permissions,"تاريخ الطلب",NEW,request_date,date,"لا عمودَ له في `role_permissions` — يُنشأ **اختياريًّا** (NULL)",
Workforce/employee_advances.php,role_permissions,"سبب السلفة",MANUAL,,,"ليست في المعجم — ولا يُخترع اسمُ عمودٍ لتسميةٍ لم تُدرَس",
Workforce/employee_advances.php,role_permissions,"عدد أقساط الاستقطاع",MANUAL,,,"ليست في المعجم — ولا يُخترع اسمُ عمودٍ لتسميةٍ لم تُدرَس",
Workforce/employee_advances.php,role_permissions,"تاريخ بدء الاستقطاع",MANUAL,,,"ليست في المعجم — ولا يُخترع اسمُ عمودٍ لتسميةٍ لم تُدرَس",
Workforce/employee_advances.php,role_permissions,المسدد,MANUAL,,,"ليست في المعجم — ولا يُخترع اسمُ عمودٍ لتسميةٍ لم تُدرَس",
Workforce/employee_advances.php,role_permissions,المتبقي,MANUAL,,,"ليست في المعجم — ولا يُخترع اسمُ عمودٍ لتسميةٍ لم تُدرَس",
Workforce/employee_advances.php,role_permissions,"اعتماد المدير",MANUAL,,,"ليست في المعجم — ولا يُخترع اسمُ عمودٍ لتسميةٍ لم تُدرَس",
Workforce/employee_advances.php,role_permissions,"الاعتماد المالي",MANUAL,,,"ليست في المعجم — ولا يُخترع اسمُ عمودٍ لتسميةٍ لم تُدرَس",
Workforce/employee_advances.php,role_permissions,"تاريخ الصرف",MANUAL,,,"ليست في المعجم — ولا يُخترع اسمُ عمودٍ لتسميةٍ لم تُدرَس",
Workforce/employee_advances.php,role_permissions,"رقم سند الصرف",MANUAL,,,"ليست في المعجم — ولا يُخترع اسمُ عمودٍ لتسميةٍ لم تُدرَس",
Workforce/employee_advances.php,role_permissions,الكيان,BOUND,entity,gov,"يبثُّه `ems_gov_ctx()` من `admin_companies` — موصولٌ سلفًا، لا عمل",
Workforce/employee_advances.php,role_permissions,"مرجع التفويض",MANUAL,,,"تسميةٌ علائقيةٌ (مرجعٌ لجدولٍ آخر) — عمودٌ نصيٌّ لها يزدوج المصدر",
Workforce/employee_advances.php,role_permissions,"تاريخ الاعتماد",MANUAL,approved_at,,"مشتقٌّ من `approved_at` و`role_permissions` لا يحمله — يلزم قرار",
Workforce/employee_advances.php,role_permissions,"تاريخ الإنشاء",MANUAL,created_at,,"مشتقٌّ من `created_at` و`role_permissions` لا يحمله — يلزم قرار",
Workforce/employee_advances.php,role_permissions,"المرجع الأب",MANUAL,,,"تسميةٌ علائقيةٌ (مرجعٌ لجدولٍ آخر) — عمودٌ نصيٌّ لها يزدوج المصدر",
Workforce/employee_advances.php,role_permissions,"المنشئ — الاسم والصفة",MANUAL,created_by,,"مشتقٌّ من `created_by` و`role_permissions` لا يحمله — يلزم قرار",
Workforce/employee_advances.php,role_permissions,"مفتاح منع التكرار",MANUAL,,,"تسميةٌ علائقيةٌ (مرجعٌ لجدولٍ آخر) — عمودٌ نصيٌّ لها يزدوج المصدر",
Workforce/employee_advances.php,role_permissions,"معكوس ب",MANUAL,,,"تسميةٌ علائقيةٌ (مرجعٌ لجدولٍ آخر) — عمودٌ نصيٌّ لها يزدوج المصدر",
Workforce/employee_advances.php,role_permissions,"عكس عن",MANUAL,,,"تسميةٌ علائقيةٌ (مرجعٌ لجدولٍ آخر) — عمودٌ نصيٌّ لها يزدوج المصدر",
Workforce/employee_advances.php,role_permissions,"درجة الأثر",MANUAL,,,"تسميةٌ علائقيةٌ (مرجعٌ لجدولٍ آخر) — عمودٌ نصيٌّ لها يزدوج المصدر",
Workforce/employee_advances.php,role_permissions,المرفق,MANUAL,,,"تسميةٌ علائقيةٌ (مرجعٌ لجدولٍ آخر) — عمودٌ نصيٌّ لها يزدوج المصدر",
Workforce/employee_advances.php,role_permissions,"مركز التكلفة",MANUAL,,,"تسميةٌ علائقيةٌ (مرجعٌ لجدولٍ آخر) — عمودٌ نصيٌّ لها يزدوج المصدر",
Workforce/employee_advances.php,role_permissions,"سعر الصرف ومصدره",MANUAL,,,"تسميةٌ علائقيةٌ (مرجعٌ لجدولٍ آخر) — عمودٌ نصيٌّ لها يزدوج المصدر",
Workforce/employee_advances.php,role_permissions,العملة,MANUAL,,,"تسميةٌ علائقيةٌ (مرجعٌ لجدولٍ آخر) — عمودٌ نصيٌّ لها يزدوج المصدر",
Workforce/employee_settlements.php,role_permissions,الكيان,BOUND,entity,gov,"يبثُّه `ems_gov_ctx()` من `admin_companies` — موصولٌ سلفًا، لا عمل",
Workforce/employee_settlements.php,role_permissions,"المنشئ — الاسم والصفة",MANUAL,created_by,,"مشتقٌّ من `created_by` و`role_permissions` لا يحمله — يلزم قرار",
Workforce/employee_settlements.php,role_permissions,"المعتمد — الاسم والصفة",MANUAL,approved_by,,"مشتقٌّ من `approved_by` و`role_permissions` لا يحمله — يلزم قرار",
Workforce/employee_settlements.php,role_permissions,"مرجع التفويض",MANUAL,,,"تسميةٌ علائقيةٌ (مرجعٌ لجدولٍ آخر) — عمودٌ نصيٌّ لها يزدوج المصدر",
Workforce/employee_settlements.php,role_permissions,"المرجع الأب",MANUAL,,,"تسميةٌ علائقيةٌ (مرجعٌ لجدولٍ آخر) — عمودٌ نصيٌّ لها يزدوج المصدر",
Workforce/employee_settlements.php,role_permissions,"تاريخ الإنشاء",MANUAL,created_at,,"مشتقٌّ من `created_at` و`role_permissions` لا يحمله — يلزم قرار",
Workforce/employee_settlements.php,role_permissions,"تاريخ الاعتماد",MANUAL,approved_at,,"مشتقٌّ من `approved_at` و`role_permissions` لا يحمله — يلزم قرار",
Workforce/final_settlement.php,role_permissions,"رقم المحضر",MANUAL,,,"تسميةٌ علائقيةٌ (مرجعٌ لجدولٍ آخر) — عمودٌ نصيٌّ لها يزدوج المصدر",
Workforce/final_settlement.php,role_permissions,"تاريخ الالتحاق",MANUAL,,,"ليست في المعجم — ولا يُخترع اسمُ عمودٍ لتسميةٍ لم تُدرَس",
Workforce/final_settlement.php,role_permissions,"تاريخ إنهاء الخدمة",MANUAL,,,"ليست في المعجم — ولا يُخترع اسمُ عمودٍ لتسميةٍ لم تُدرَس",
Workforce/final_settlement.php,role_permissions,"سبب الإنهاء",MANUAL,,,"ليست في المعجم — ولا يُخترع اسمُ عمودٍ لتسميةٍ لم تُدرَس",
Workforce/final_settlement.php,role_permissions,"مدة الخدمة",MANUAL,,,"ليست في المعجم — ولا يُخترع اسمُ عمودٍ لتسميةٍ لم تُدرَس",
Workforce/final_settlement.php,role_permissions,"الراتب الأخير",MANUAL,,,"ليست في المعجم — ولا يُخترع اسمُ عمودٍ لتسميةٍ لم تُدرَس",
Workforce/final_settlement.php,role_permissions,"رصيد الإجازات",MANUAL,,,"ليست في المعجم — ولا يُخترع اسمُ عمودٍ لتسميةٍ لم تُدرَس",
Workforce/final_settlement.php,role_permissions,"بدل الإجازات",MANUAL,,,"ليست في المعجم — ولا يُخترع اسمُ عمودٍ لتسميةٍ لم تُدرَس",
Workforce/final_settlement.php,role_permissions,"مستحقات أخرى",MANUAL,,,"ليست في المعجم — ولا يُخترع اسمُ عمودٍ لتسميةٍ لم تُدرَس",
Workforce/final_settlement.php,role_permissions,"السلف غير المسددة",MANUAL,,,"ليست في المعجم — ولا يُخترع اسمُ عمودٍ لتسميةٍ لم تُدرَس",
Workforce/final_settlement.php,role_permissions,خصومات,MANUAL,,,"ليست في المعجم — ولا يُخترع اسمُ عمودٍ لتسميةٍ لم تُدرَس",
Workforce/final_settlement.php,role_permissions,"العهد غير المخلاة",MANUAL,,,"ليست في المعجم — ولا يُخترع اسمُ عمودٍ لتسميةٍ لم تُدرَس",
Workforce/final_settlement.php,role_permissions,"إجمالي الخصومات",MANUAL,,,"ليست في المعجم — ولا يُخترع اسمُ عمودٍ لتسميةٍ لم تُدرَس",
Workforce/final_settlement.php,role_permissions,الصافي,MANUAL,,,"ليست في المعجم — ولا يُخترع اسمُ عمودٍ لتسميةٍ لم تُدرَس",
Workforce/final_settlement.php,role_permissions,"إخلاء طرف المخازن",MANUAL,,,"ليست في المعجم — ولا يُخترع اسمُ عمودٍ لتسميةٍ لم تُدرَس",
Workforce/final_settlement.php,role_permissions,"إخلاء طرف الأسطول",MANUAL,,,"ليست في المعجم — ولا يُخترع اسمُ عمودٍ لتسميةٍ لم تُدرَس",
Workforce/final_settlement.php,role_permissions,"تعطيل الحساب",MANUAL,,,"ليست في المعجم — ولا يُخترع اسمُ عمودٍ لتسميةٍ لم تُدرَس",
Workforce/final_settlement.php,role_permissions,"اعتماد الموارد",MANUAL,,,"ليست في المعجم — ولا يُخترع اسمُ عمودٍ لتسميةٍ لم تُدرَس",
Workforce/final_settlement.php,role_permissions,"الاعتماد المالي",MANUAL,,,"ليست في المعجم — ولا يُخترع اسمُ عمودٍ لتسميةٍ لم تُدرَس",
Workforce/final_settlement.php,role_permissions,"تاريخ السداد",MANUAL,,,"ليست في المعجم — ولا يُخترع اسمُ عمودٍ لتسميةٍ لم تُدرَس",
Workforce/final_settlement.php,role_permissions,الكيان,BOUND,entity,gov,"يبثُّه `ems_gov_ctx()` من `admin_companies` — موصولٌ سلفًا، لا عمل",
Workforce/final_settlement.php,role_permissions,"مرجع التفويض",MANUAL,,,"تسميةٌ علائقيةٌ (مرجعٌ لجدولٍ آخر) — عمودٌ نصيٌّ لها يزدوج المصدر",
Workforce/final_settlement.php,role_permissions,"تاريخ الاعتماد",MANUAL,approved_at,,"مشتقٌّ من `approved_at` و`role_permissions` لا يحمله — يلزم قرار",
Workforce/final_settlement.php,role_permissions,"تاريخ الإنشاء",MANUAL,created_at,,"مشتقٌّ من `created_at` و`role_permissions` لا يحمله — يلزم قرار",
Workforce/final_settlement.php,role_permissions,"المرجع الأب",MANUAL,,,"تسميةٌ علائقيةٌ (مرجعٌ لجدولٍ آخر) — عمودٌ نصيٌّ لها يزدوج المصدر",
Workforce/final_settlement.php,role_permissions,"مفتاح منع التكرار",MANUAL,,,"تسميةٌ علائقيةٌ (مرجعٌ لجدولٍ آخر) — عمودٌ نصيٌّ لها يزدوج المصدر",
Workforce/final_settlement.php,role_permissions,"معكوس ب",MANUAL,,,"تسميةٌ علائقيةٌ (مرجعٌ لجدولٍ آخر) — عمودٌ نصيٌّ لها يزدوج المصدر",
Workforce/final_settlement.php,role_permissions,"عكس عن",MANUAL,,,"تسميةٌ علائقيةٌ (مرجعٌ لجدولٍ آخر) — عمودٌ نصيٌّ لها يزدوج المصدر",
Workforce/final_settlement.php,role_permissions,"درجة الأثر",MANUAL,,,"تسميةٌ علائقيةٌ (مرجعٌ لجدولٍ آخر) — عمودٌ نصيٌّ لها يزدوج المصدر",
Workforce/final_settlement.php,role_permissions,"سجل الاطلاع",MANUAL,,,"تسميةٌ علائقيةٌ (مرجعٌ لجدولٍ آخر) — عمودٌ نصيٌّ لها يزدوج المصدر",
Workforce/final_settlement.php,role_permissions,المرفق,MANUAL,,,"تسميةٌ علائقيةٌ (مرجعٌ لجدولٍ آخر) — عمودٌ نصيٌّ لها يزدوج المصدر",
Workforce/final_settlement.php,role_permissions,"مركز التكلفة",MANUAL,,,"تسميةٌ علائقيةٌ (مرجعٌ لجدولٍ آخر) — عمودٌ نصيٌّ لها يزدوج المصدر",
Workforce/final_settlement.php,role_permissions,"سعر الصرف ومصدره",MANUAL,,,"تسميةٌ علائقيةٌ (مرجعٌ لجدولٍ آخر) — عمودٌ نصيٌّ لها يزدوج المصدر",
Workforce/final_settlement.php,role_permissions,العملة,MANUAL,,,"تسميةٌ علائقيةٌ (مرجعٌ لجدولٍ آخر) — عمودٌ نصيٌّ لها يزدوج المصدر",
Workforce/housing_units.php,project,"كود الوحدة",MANUAL,,,"ليست في المعجم — ولا يُخترع اسمُ عمودٍ لتسميةٍ لم تُدرَس",
Workforce/housing_units.php,project,المعسكر,MANUAL,,,"ليست في المعجم — ولا يُخترع اسمُ عمودٍ لتسميةٍ لم تُدرَس",
Workforce/housing_units.php,project,"نوع الوحدة",MANUAL,,,"ليست في المعجم — ولا يُخترع اسمُ عمودٍ لتسميةٍ لم تُدرَس",
Workforce/housing_units.php,project,"الشاغلون الحاليون",MANUAL,,,"ليست في المعجم — ولا يُخترع اسمُ عمودٍ لتسميةٍ لم تُدرَس",
Workforce/housing_units.php,project,المتاح,MANUAL,,,"ليست في المعجم — ولا يُخترع اسمُ عمودٍ لتسميةٍ لم تُدرَس",
Workforce/housing_units.php,project,"تاريخ التخصيص",MANUAL,,,"ليست في المعجم — ولا يُخترع اسمُ عمودٍ لتسميةٍ لم تُدرَس",
Workforce/housing_units.php,project,"نوع الإعاشة",MANUAL,,,"ليست في المعجم — ولا يُخترع اسمُ عمودٍ لتسميةٍ لم تُدرَس",
Workforce/housing_units.php,project,"تكلفة الإعاشة الشهرية",MANUAL,,,"ليست في المعجم — ولا يُخترع اسمُ عمودٍ لتسميةٍ لم تُدرَس",
Workforce/housing_units.php,project,"الجهة المتحملة",MANUAL,,,"ليست في المعجم — ولا يُخترع اسمُ عمودٍ لتسميةٍ لم تُدرَس",
Workforce/housing_units.php,project,المسؤول,NEW,responsible,text,"لا عمودَ له في `project` — يُنشأ **اختياريًّا** (NULL)",
Workforce/housing_units.php,project,الكيان,BOUND,entity,gov,"يبثُّه `ems_gov_ctx()` من `admin_companies` — موصولٌ سلفًا، لا عمل",
Workforce/housing_units.php,project,"مرجع التفويض",MANUAL,,,"تسميةٌ علائقيةٌ (مرجعٌ لجدولٍ آخر) — عمودٌ نصيٌّ لها يزدوج المصدر",
Workforce/housing_units.php,project,"تاريخ الاعتماد",MANUAL,approved_at,,"مشتقٌّ من `approved_at` و`project` لا يحمله — يلزم قرار",
Workforce/housing_units.php,project,"تاريخ الإنشاء",MANUAL,created_at,,"مشتقٌّ من `created_at` و`project` لا يحمله — يلزم قرار",
Workforce/housing_units.php,project,"المرجع الأب",MANUAL,,,"تسميةٌ علائقيةٌ (مرجعٌ لجدولٍ آخر) — عمودٌ نصيٌّ لها يزدوج المصدر",
Workforce/housing_units.php,project,"المعتمد — الاسم والصفة",MANUAL,approved_by,,"مشتقٌّ من `approved_by` و`project` لا يحمله — يلزم قرار",
Workforce/housing_units.php,project,الحالة,BIND,status,derived,"مشتقٌّ من `status` القائمِ في `project` — بلا هجرة",
Workforce/housing_units.php,project,المرفق,MANUAL,,,"تسميةٌ علائقيةٌ (مرجعٌ لجدولٍ آخر) — عمودٌ نصيٌّ لها يزدوج المصدر",
Workforce/housing_units.php,project,"مركز التكلفة",MANUAL,,,"تسميةٌ علائقيةٌ (مرجعٌ لجدولٍ آخر) — عمودٌ نصيٌّ لها يزدوج المصدر",
Workforce/housing_units.php,project,"سعر الصرف ومصدره",MANUAL,,,"تسميةٌ علائقيةٌ (مرجعٌ لجدولٍ آخر) — عمودٌ نصيٌّ لها يزدوج المصدر",
Workforce/housing_units.php,project,العملة,MANUAL,,,"تسميةٌ علائقيةٌ (مرجعٌ لجدولٍ آخر) — عمودٌ نصيٌّ لها يزدوج المصدر",
Workforce/op_codes.php,,الحالة,MANUAL,,,"جدولُ الشاشةِ لم يُستنبَط — لا يُقاس عمودٌ بلا جدول",
Workforce/op_codes.php,,الكيان,BOUND,entity,gov,"يبثُّه `ems_gov_ctx()` من `admin_companies` — موصولٌ سلفًا، لا عمل",
Workforce/op_codes.php,,"المنشئ — الاسم والصفة",MANUAL,,,"جدولُ الشاشةِ لم يُستنبَط — لا يُقاس عمودٌ بلا جدول",
Workforce/op_codes.php,,"تاريخ الإنشاء",MANUAL,,,"جدولُ الشاشةِ لم يُستنبَط — لا يُقاس عمودٌ بلا جدول",
Workforce/op_codes.php,,"المعتمد — الاسم والصفة",MANUAL,,,"جدولُ الشاشةِ لم يُستنبَط — لا يُقاس عمودٌ بلا جدول",
Workforce/op_codes.php,,"تاريخ الاعتماد",MANUAL,,,"جدولُ الشاشةِ لم يُستنبَط — لا يُقاس عمودٌ بلا جدول",
Workforce/op_codes.php,,"مرجع التفويض",MANUAL,,,"جدولُ الشاشةِ لم يُستنبَط — لا يُقاس عمودٌ بلا جدول",
Workforce/op_codes.php,,"المرجع الأب",MANUAL,,,"جدولُ الشاشةِ لم يُستنبَط — لا يُقاس عمودٌ بلا جدول",
Workforce/op_codes.php,,المرفق,MANUAL,,,"جدولُ الشاشةِ لم يُستنبَط — لا يُقاس عمودٌ بلا جدول",
Workforce/op_monthly.php,,العملة,MANUAL,,,"جدولُ الشاشةِ لم يُستنبَط — لا يُقاس عمودٌ بلا جدول",
Workforce/op_monthly.php,,الحالة,MANUAL,,,"جدولُ الشاشةِ لم يُستنبَط — لا يُقاس عمودٌ بلا جدول",
Workforce/op_monthly.php,,الكيان,BOUND,entity,gov,"يبثُّه `ems_gov_ctx()` من `admin_companies` — موصولٌ سلفًا، لا عمل",
Workforce/op_monthly.php,,"مفتاح منع التكرار",MANUAL,,,"جدولُ الشاشةِ لم يُستنبَط — لا يُقاس عمودٌ بلا جدول",
Workforce/op_monthly.php,,"درجة الأثر",MANUAL,,,"جدولُ الشاشةِ لم يُستنبَط — لا يُقاس عمودٌ بلا جدول",
Workforce/op_monthly.php,,"معكوس ب",MANUAL,,,"جدولُ الشاشةِ لم يُستنبَط — لا يُقاس عمودٌ بلا جدول",
Workforce/op_monthly.php,,"عكس عن",MANUAL,,,"جدولُ الشاشةِ لم يُستنبَط — لا يُقاس عمودٌ بلا جدول",
Workforce/op_monthly.php,,"مركز التكلفة",MANUAL,,,"جدولُ الشاشةِ لم يُستنبَط — لا يُقاس عمودٌ بلا جدول",
Workforce/op_monthly.php,,"سعر الصرف ومصدره",MANUAL,,,"جدولُ الشاشةِ لم يُستنبَط — لا يُقاس عمودٌ بلا جدول",
Workforce/op_monthly.php,,"نسخة القاعدة المستعملة",MANUAL,,,"جدولُ الشاشةِ لم يُستنبَط — لا يُقاس عمودٌ بلا جدول",
Workforce/op_qual.php,,الحالة,MANUAL,,,"جدولُ الشاشةِ لم يُستنبَط — لا يُقاس عمودٌ بلا جدول",
Workforce/op_qual.php,,الكيان,BOUND,entity,gov,"يبثُّه `ems_gov_ctx()` من `admin_companies` — موصولٌ سلفًا، لا عمل",
Workforce/op_qual.php,,"المنشئ — الاسم والصفة",MANUAL,,,"جدولُ الشاشةِ لم يُستنبَط — لا يُقاس عمودٌ بلا جدول",
Workforce/op_qual.php,,"تاريخ الإنشاء",MANUAL,,,"جدولُ الشاشةِ لم يُستنبَط — لا يُقاس عمودٌ بلا جدول",
Workforce/op_qual.php,,"المعتمد — الاسم والصفة",MANUAL,,,"جدولُ الشاشةِ لم يُستنبَط — لا يُقاس عمودٌ بلا جدول",
Workforce/op_qual.php,,"تاريخ الاعتماد",MANUAL,,,"جدولُ الشاشةِ لم يُستنبَط — لا يُقاس عمودٌ بلا جدول",
Workforce/op_qual.php,,"مرجع التفويض",MANUAL,,,"جدولُ الشاشةِ لم يُستنبَط — لا يُقاس عمودٌ بلا جدول",
Workforce/op_qual.php,,"المرجع الأب",MANUAL,,,"جدولُ الشاشةِ لم يُستنبَط — لا يُقاس عمودٌ بلا جدول",
Workforce/op_qual.php,,المرفق,MANUAL,,,"جدولُ الشاشةِ لم يُستنبَط — لا يُقاس عمودٌ بلا جدول",
Workforce/payroll_runs.php,role_permissions,"رقم المسير",MANUAL,,,"ليست في المعجم — ولا يُخترع اسمُ عمودٍ لتسميةٍ لم تُدرَس",
Workforce/payroll_runs.php,role_permissions,الشهر,MANUAL,,,"ليست في المعجم — ولا يُخترع اسمُ عمودٍ لتسميةٍ لم تُدرَس",
Workforce/payroll_runs.php,role_permissions,"كود الموظف",MANUAL,,,"ليست في المعجم — ولا يُخترع اسمُ عمودٍ لتسميةٍ لم تُدرَس",
Workforce/payroll_runs.php,role_permissions,الاسم,MANUAL,,,"ليست في المعجم — ولا يُخترع اسمُ عمودٍ لتسميةٍ لم تُدرَس",
Workforce/payroll_runs.php,role_permissions,"الأجر الأساسي",MANUAL,,,"ليست في المعجم — ولا يُخترع اسمُ عمودٍ لتسميةٍ لم تُدرَس",
Workforce/payroll_runs.php,role_permissions,البدلات,MANUAL,,,"ليست في المعجم — ولا يُخترع اسمُ عمودٍ لتسميةٍ لم تُدرَس",
Workforce/payroll_runs.php,role_permissions,الحافز,MANUAL,,,"ليست في المعجم — ولا يُخترع اسمُ عمودٍ لتسميةٍ لم تُدرَس",
Workforce/payroll_runs.php,role_permissions,"إجمالي الاستحقاق",MANUAL,,,"ليست في المعجم — ولا يُخترع اسمُ عمودٍ لتسميةٍ لم تُدرَس",
Workforce/payroll_runs.php,role_permissions,"خصم التأخير",MANUAL,,,"ليست في المعجم — ولا يُخترع اسمُ عمودٍ لتسميةٍ لم تُدرَس",
Workforce/payroll_runs.php,role_permissions,جزاءات,MANUAL,,,"ليست في المعجم — ولا يُخترع اسمُ عمودٍ لتسميةٍ لم تُدرَس",
Workforce/payroll_runs.php,role_permissions,"قسط سلفة",MANUAL,,,"ليست في المعجم — ولا يُخترع اسمُ عمودٍ لتسميةٍ لم تُدرَس",
Workforce/payroll_runs.php,role_permissions,تأمينات,MANUAL,,,"ليست في المعجم — ولا يُخترع اسمُ عمودٍ لتسميةٍ لم تُدرَس",
Workforce/payroll_runs.php,role_permissions,"الحساب البنكي",MANUAL,,,"ليست في المعجم — ولا يُخترع اسمُ عمودٍ لتسميةٍ لم تُدرَس",
Workforce/payroll_runs.php,role_permissions,أعده,MANUAL,created_by,,"مشتقٌّ من `created_by` و`role_permissions` لا يحمله — يلزم قرار",
Workforce/payroll_runs.php,role_permissions,راجعه,MANUAL,,,"ليست في المعجم — ولا يُخترع اسمُ عمودٍ لتسميةٍ لم تُدرَس",
Workforce/payroll_runs.php,role_permissions,اعتمده,MANUAL,approved_by,,"مشتقٌّ من `approved_by` و`role_permissions` لا يحمله — يلزم قرار",
Workforce/payroll_runs.php,role_permissions,"رقم أمر الدفع",MANUAL,,,"ليست في المعجم — ولا يُخترع اسمُ عمودٍ لتسميةٍ لم تُدرَس",
Workforce/payroll_runs.php,role_permissions,الكيان,BOUND,entity,gov,"يبثُّه `ems_gov_ctx()` من `admin_companies` — موصولٌ سلفًا، لا عمل",
Workforce/payroll_runs.php,role_permissions,"مرجع التفويض",MANUAL,,,"تسميةٌ علائقيةٌ (مرجعٌ لجدولٍ آخر) — عمودٌ نصيٌّ لها يزدوج المصدر",
Workforce/payroll_runs.php,role_permissions,"تاريخ الاعتماد",MANUAL,approved_at,,"مشتقٌّ من `approved_at` و`role_permissions` لا يحمله — يلزم قرار",
Workforce/payroll_runs.php,role_permissions,"تاريخ الإنشاء",MANUAL,created_at,,"مشتقٌّ من `created_at` و`role_permissions` لا يحمله — يلزم قرار",
Workforce/payroll_runs.php,role_permissions,"المرجع الأب",MANUAL,,,"تسميةٌ علائقيةٌ (مرجعٌ لجدولٍ آخر) — عمودٌ نصيٌّ لها يزدوج المصدر",
Workforce/payroll_runs.php,role_permissions,"مفتاح منع التكرار",MANUAL,,,"تسميةٌ علائقيةٌ (مرجعٌ لجدولٍ آخر) — عمودٌ نصيٌّ لها يزدوج المصدر",
Workforce/payroll_runs.php,role_permissions,"معكوس ب",MANUAL,,,"تسميةٌ علائقيةٌ (مرجعٌ لجدولٍ آخر) — عمودٌ نصيٌّ لها يزدوج المصدر",
Workforce/payroll_runs.php,role_permissions,"عكس عن",MANUAL,,,"تسميةٌ علائقيةٌ (مرجعٌ لجدولٍ آخر) — عمودٌ نصيٌّ لها يزدوج المصدر",
Workforce/payroll_runs.php,role_permissions,"درجة الأثر",MANUAL,,,"تسميةٌ علائقيةٌ (مرجعٌ لجدولٍ آخر) — عمودٌ نصيٌّ لها يزدوج المصدر",
Workforce/payroll_runs.php,role_permissions,"سجل الاطلاع",MANUAL,,,"تسميةٌ علائقيةٌ (مرجعٌ لجدولٍ آخر) — عمودٌ نصيٌّ لها يزدوج المصدر",
Workforce/payroll_runs.php,role_permissions,المرفق,MANUAL,,,"تسميةٌ علائقيةٌ (مرجعٌ لجدولٍ آخر) — عمودٌ نصيٌّ لها يزدوج المصدر",
Workforce/payroll_runs.php,role_permissions,"مركز التكلفة",MANUAL,,,"تسميةٌ علائقيةٌ (مرجعٌ لجدولٍ آخر) — عمودٌ نصيٌّ لها يزدوج المصدر",
Workforce/payroll_runs.php,role_permissions,"سعر الصرف ومصدره",MANUAL,,,"تسميةٌ علائقيةٌ (مرجعٌ لجدولٍ آخر) — عمودٌ نصيٌّ لها يزدوج المصدر",
Workforce/payroll_runs.php,role_permissions,العملة,MANUAL,,,"تسميةٌ علائقيةٌ (مرجعٌ لجدولٍ آخر) — عمودٌ نصيٌّ لها يزدوج المصدر",
Workforce/project_contracts.php,,الكيان,BOUND,entity,gov,"يبثُّه `ems_gov_ctx()` من `admin_companies` — موصولٌ سلفًا، لا عمل",
Workforce/project_contracts.php,,العملة,MANUAL,,,"جدولُ الشاشةِ لم يُستنبَط — لا يُقاس عمودٌ بلا جدول",
Workforce/project_contracts.php,,"إذن الخروج",MANUAL,,,"جدولُ الشاشةِ لم يُستنبَط — لا يُقاس عمودٌ بلا جدول",
Workforce/project_contracts.php,,"المنشئ — الاسم والصفة",MANUAL,,,"جدولُ الشاشةِ لم يُستنبَط — لا يُقاس عمودٌ بلا جدول",
Workforce/project_contracts.php,,"المعتمد — الاسم والصفة",MANUAL,,,"جدولُ الشاشةِ لم يُستنبَط — لا يُقاس عمودٌ بلا جدول",
Workforce/project_contracts.php,,"تاريخ الاعتماد",MANUAL,,,"جدولُ الشاشةِ لم يُستنبَط — لا يُقاس عمودٌ بلا جدول",
Workforce/project_contracts.php,,"مرجع التفويض",MANUAL,,,"جدولُ الشاشةِ لم يُستنبَط — لا يُقاس عمودٌ بلا جدول",
Workforce/project_contracts.php,,الحالة,MANUAL,,,"جدولُ الشاشةِ لم يُستنبَط — لا يُقاس عمودٌ بلا جدول",
Workforce/proposed_deductions.php,fin_dues,"رقم الاقتراح",MANUAL,,,"ليست في المعجم — ولا يُخترع اسمُ عمودٍ لتسميةٍ لم تُدرَس",
Workforce/proposed_deductions.php,fin_dues,"كود المشغل",MANUAL,,,"ليست في المعجم — ولا يُخترع اسمُ عمودٍ لتسميةٍ لم تُدرَس",
Workforce/proposed_deductions.php,fin_dues,الشهر,MANUAL,,,"ليست في المعجم — ولا يُخترع اسمُ عمودٍ لتسميةٍ لم تُدرَس",
Workforce/proposed_deductions.php,fin_dues,"سبب الخصم",MANUAL,,,"ليست في المعجم — ولا يُخترع اسمُ عمودٍ لتسميةٍ لم تُدرَس",
Workforce/proposed_deductions.php,fin_dues,"المستند المؤيد",MANUAL,,,"ليست في المعجم — ولا يُخترع اسمُ عمودٍ لتسميةٍ لم تُدرَس",
Workforce/proposed_deductions.php,fin_dues,"أيام أو ساعات",MANUAL,,,"ليست في المعجم — ولا يُخترع اسمُ عمودٍ لتسميةٍ لم تُدرَس",
Workforce/proposed_deductions.php,fin_dues,"معادلة الاحتساب",MANUAL,,,"ليست في المعجم — ولا يُخترع اسمُ عمودٍ لتسميةٍ لم تُدرَس",
Workforce/proposed_deductions.php,fin_dues,"قيمة الخصم",MANUAL,,,"ليست في المعجم — ولا يُخترع اسمُ عمودٍ لتسميةٍ لم تُدرَس",
Workforce/proposed_deductions.php,fin_dues,"نسبة من الصافي",MANUAL,,,"ليست في المعجم — ولا يُخترع اسمُ عمودٍ لتسميةٍ لم تُدرَس",
Workforce/proposed_deductions.php,fin_dues,اقترحه,MANUAL,,,"ليست في المعجم — ولا يُخترع اسمُ عمودٍ لتسميةٍ لم تُدرَس",
Workforce/proposed_deductions.php,fin_dues,"راجعته الموارد",MANUAL,,,"ليست في المعجم — ولا يُخترع اسمُ عمودٍ لتسميةٍ لم تُدرَس",
Workforce/proposed_deductions.php,fin_dues,"اعتماد الإدارة",MANUAL,,,"ليست في المعجم — ولا يُخترع اسمُ عمودٍ لتسميةٍ لم تُدرَس",
Workforce/proposed_deductions.php,fin_dues,"الاعتماد المالي",MANUAL,,,"ليست في المعجم — ولا يُخترع اسمُ عمودٍ لتسميةٍ لم تُدرَس",
Workforce/proposed_deductions.php,fin_dues,"المسير المرحل إليه",MANUAL,,,"ليست في المعجم — ولا يُخترع اسمُ عمودٍ لتسميةٍ لم تُدرَس",
Workforce/proposed_deductions.php,fin_dues,"نسخة القاعدة المستعملة",MANUAL,,,"تسميةٌ علائقيةٌ (مرجعٌ لجدولٍ آخر) — عمودٌ نصيٌّ لها يزدوج المصدر",
Workforce/proposed_deductions.php,fin_dues,الكيان,BOUND,entity,gov,"يبثُّه `ems_gov_ctx()` من `admin_companies` — موصولٌ سلفًا، لا عمل",
Workforce/proposed_deductions.php,fin_dues,"مرجع التفويض",MANUAL,,,"تسميةٌ علائقيةٌ (مرجعٌ لجدولٍ آخر) — عمودٌ نصيٌّ لها يزدوج المصدر",
Workforce/proposed_deductions.php,fin_dues,"تاريخ الاعتماد",MANUAL,approved_at,,"مشتقٌّ من `approved_at` و`fin_dues` لا يحمله — يلزم قرار",
Workforce/proposed_deductions.php,fin_dues,"تاريخ الإنشاء",BIND,created_at,derived,"مشتقٌّ من `created_at` القائمِ في `fin_dues` — بلا هجرة",
Workforce/proposed_deductions.php,fin_dues,"المرجع الأب",MANUAL,,,"تسميةٌ علائقيةٌ (مرجعٌ لجدولٍ آخر) — عمودٌ نصيٌّ لها يزدوج المصدر",
Workforce/proposed_deductions.php,fin_dues,الحالة,MANUAL,status,,"مشتقٌّ من `status` و`fin_dues` لا يحمله — يلزم قرار",
Workforce/proposed_deductions.php,fin_dues,"مفتاح منع التكرار",MANUAL,,,"تسميةٌ علائقيةٌ (مرجعٌ لجدولٍ آخر) — عمودٌ نصيٌّ لها يزدوج المصدر",
Workforce/proposed_deductions.php,fin_dues,"معكوس ب",MANUAL,,,"تسميةٌ علائقيةٌ (مرجعٌ لجدولٍ آخر) — عمودٌ نصيٌّ لها يزدوج المصدر",
Workforce/proposed_deductions.php,fin_dues,"عكس عن",MANUAL,,,"تسميةٌ علائقيةٌ (مرجعٌ لجدولٍ آخر) — عمودٌ نصيٌّ لها يزدوج المصدر",
Workforce/proposed_deductions.php,fin_dues,"درجة الأثر",MANUAL,,,"تسميةٌ علائقيةٌ (مرجعٌ لجدولٍ آخر) — عمودٌ نصيٌّ لها يزدوج المصدر",
Workforce/proposed_deductions.php,fin_dues,"مركز التكلفة",MANUAL,,,"تسميةٌ علائقيةٌ (مرجعٌ لجدولٍ آخر) — عمودٌ نصيٌّ لها يزدوج المصدر",
Workforce/proposed_deductions.php,fin_dues,"سعر الصرف ومصدره",MANUAL,,,"تسميةٌ علائقيةٌ (مرجعٌ لجدولٍ آخر) — عمودٌ نصيٌّ لها يزدوج المصدر",
Workforce/proposed_deductions.php,fin_dues,العملة,MANUAL,,,"تسميةٌ علائقيةٌ (مرجعٌ لجدولٍ آخر) — عمودٌ نصيٌّ لها يزدوج المصدر",
Workforce/recruitment_pipeline.php,rec_applications,"رقم الطلب",MANUAL,,,"تسميةٌ علائقيةٌ (مرجعٌ لجدولٍ آخر) — عمودٌ نصيٌّ لها يزدوج المصدر",
Workforce/recruitment_pipeline.php,rec_applications,"تاريخ الطلب",NEW,request_date,date,"لا عمودَ له في `rec_applications` — يُنشأ **اختياريًّا** (NULL)",
Workforce/recruitment_pipeline.php,rec_applications,"الإدارة الطالبة",MANUAL,,,"ليست في المعجم — ولا يُخترع اسمُ عمودٍ لتسميةٍ لم تُدرَس",
Workforce/recruitment_pipeline.php,rec_applications,"المسمى المطلوب",MANUAL,,,"ليست في المعجم — ولا يُخترع اسمُ عمودٍ لتسميةٍ لم تُدرَس",
Workforce/recruitment_pipeline.php,rec_applications,"عدد الشواغر",MANUAL,,,"ليست في المعجم — ولا يُخترع اسمُ عمودٍ لتسميةٍ لم تُدرَس",
Workforce/recruitment_pipeline.php,rec_applications,"المؤهل المطلوب",MANUAL,,,"ليست في المعجم — ولا يُخترع اسمُ عمودٍ لتسميةٍ لم تُدرَس",
Workforce/recruitment_pipeline.php,rec_applications,"الخبرة المطلوبة",MANUAL,,,"ليست في المعجم — ولا يُخترع اسمُ عمودٍ لتسميةٍ لم تُدرَس",
Workforce/recruitment_pipeline.php,rec_applications,الموقع,NEW,location,text,"لا عمودَ له في `rec_applications` — يُنشأ **اختياريًّا** (NULL)",
Workforce/recruitment_pipeline.php,rec_applications,"نوع العقد",MANUAL,,,"ليست في المعجم — ولا يُخترع اسمُ عمودٍ لتسميةٍ لم تُدرَس",
Workforce/recruitment_pipeline.php,rec_applications,"الأجر المقترح",MANUAL,,,"ليست في المعجم — ولا يُخترع اسمُ عمودٍ لتسميةٍ لم تُدرَس",
Workforce/recruitment_pipeline.php,rec_applications,"اعتماد الموارد",MANUAL,,,"ليست في المعجم — ولا يُخترع اسمُ عمودٍ لتسميةٍ لم تُدرَس",
Workforce/recruitment_pipeline.php,rec_applications,"اعتماد المالية",MANUAL,,,"ليست في المعجم — ولا يُخترع اسمُ عمودٍ لتسميةٍ لم تُدرَس",
Workforce/recruitment_pipeline.php,rec_applications,"المرشح المختار",MANUAL,,,"ليست في المعجم — ولا يُخترع اسمُ عمودٍ لتسميةٍ لم تُدرَس",
Workforce/recruitment_pipeline.php,rec_applications,"تاريخ العرض",MANUAL,,,"ليست في المعجم — ولا يُخترع اسمُ عمودٍ لتسميةٍ لم تُدرَس",
Workforce/recruitment_pipeline.php,rec_applications,"تاريخ القبول",MANUAL,,,"ليست في المعجم — ولا يُخترع اسمُ عمودٍ لتسميةٍ لم تُدرَس",
Workforce/recruitment_pipeline.php,rec_applications,"تاريخ المباشرة",MANUAL,,,"ليست في المعجم — ولا يُخترع اسمُ عمودٍ لتسميةٍ لم تُدرَس",
Workforce/recruitment_pipeline.php,rec_applications,الكيان,BOUND,entity,gov,"يبثُّه `ems_gov_ctx()` من `admin_companies` — موصولٌ سلفًا، لا عمل",
Workforce/recruitment_pipeline.php,rec_applications,"مرجع التفويض",MANUAL,,,"تسميةٌ علائقيةٌ (مرجعٌ لجدولٍ آخر) — عمودٌ نصيٌّ لها يزدوج المصدر",
Workforce/recruitment_pipeline.php,rec_applications,"تاريخ الاعتماد",MANUAL,approved_at,,"مشتقٌّ من `approved_at` و`rec_applications` لا يحمله — يلزم قرار",
Workforce/recruitment_pipeline.php,rec_applications,"تاريخ الإنشاء",BIND,created_at,derived,"مشتقٌّ من `created_at` القائمِ في `rec_applications` — بلا هجرة",
Workforce/recruitment_pipeline.php,rec_applications,"المرجع الأب",MANUAL,,,"تسميةٌ علائقيةٌ (مرجعٌ لجدولٍ آخر) — عمودٌ نصيٌّ لها يزدوج المصدر",
Workforce/recruitment_pipeline.php,rec_applications,"المنشئ — الاسم والصفة",MANUAL,created_by,,"مشتقٌّ من `created_by` و`rec_applications` لا يحمله — يلزم قرار",
Workforce/recruitment_pipeline.php,rec_applications,الحالة,MANUAL,status,,"مشتقٌّ من `status` و`rec_applications` لا يحمله — يلزم قرار",
Workforce/recruitment_pipeline.php,rec_applications,المرفق,MANUAL,,,"تسميةٌ علائقيةٌ (مرجعٌ لجدولٍ آخر) — عمودٌ نصيٌّ لها يزدوج المصدر",
Workforce/recruitment_pipeline.php,rec_applications,"مركز التكلفة",MANUAL,,,"تسميةٌ علائقيةٌ (مرجعٌ لجدولٍ آخر) — عمودٌ نصيٌّ لها يزدوج المصدر",
Workforce/recruitment_pipeline.php,rec_applications,"سعر الصرف ومصدره",MANUAL,,,"تسميةٌ علائقيةٌ (مرجعٌ لجدولٍ آخر) — عمودٌ نصيٌّ لها يزدوج المصدر",
Workforce/recruitment_pipeline.php,rec_applications,العملة,MANUAL,,,"تسميةٌ علائقيةٌ (مرجعٌ لجدولٍ آخر) — عمودٌ نصيٌّ لها يزدوج المصدر",
Workforce/rotation.php,,الحالة,MANUAL,,,"جدولُ الشاشةِ لم يُستنبَط — لا يُقاس عمودٌ بلا جدول",
Workforce/rotation.php,,الكيان,BOUND,entity,gov,"يبثُّه `ems_gov_ctx()` من `admin_companies` — موصولٌ سلفًا، لا عمل",
Workforce/rotation.php,,"المنشئ — الاسم والصفة",MANUAL,,,"جدولُ الشاشةِ لم يُستنبَط — لا يُقاس عمودٌ بلا جدول",
Workforce/rotation.php,,"تاريخ الإنشاء",MANUAL,,,"جدولُ الشاشةِ لم يُستنبَط — لا يُقاس عمودٌ بلا جدول",
Workforce/rotation.php,,"المعتمد — الاسم والصفة",MANUAL,,,"جدولُ الشاشةِ لم يُستنبَط — لا يُقاس عمودٌ بلا جدول",
Workforce/rotation.php,,"تاريخ الاعتماد",MANUAL,,,"جدولُ الشاشةِ لم يُستنبَط — لا يُقاس عمودٌ بلا جدول",
Workforce/rotation.php,,"مرجع التفويض",MANUAL,,,"جدولُ الشاشةِ لم يُستنبَط — لا يُقاس عمودٌ بلا جدول",
Workforce/rotation.php,,"المرجع الأب",MANUAL,,,"جدولُ الشاشةِ لم يُستنبَط — لا يُقاس عمودٌ بلا جدول",
Workforce/rotation.php,,المرفق,MANUAL,,,"جدولُ الشاشةِ لم يُستنبَط — لا يُقاس عمودٌ بلا جدول",
Workforce/rotation.php,,"مركز التكلفة",MANUAL,,,"جدولُ الشاشةِ لم يُستنبَط — لا يُقاس عمودٌ بلا جدول",
Workforce/rotation.php,,"سعر الصرف ومصدره",MANUAL,,,"جدولُ الشاشةِ لم يُستنبَط — لا يُقاس عمودٌ بلا جدول",
Workforce/worker_contract.php,employees,الكيان,BOUND,entity,gov,"يبثُّه `ems_gov_ctx()` من `admin_companies` — موصولٌ سلفًا، لا عمل",
Workforce/worker_contract.php,employees,"المنشئ — الاسم والصفة",MANUAL,created_by,,"مشتقٌّ من `created_by` و`employees` لا يحمله — يلزم قرار",
Workforce/worker_contract.php,employees,"المعتمد — الاسم والصفة",MANUAL,approved_by,,"مشتقٌّ من `approved_by` و`employees` لا يحمله — يلزم قرار",
Workforce/worker_contract.php,employees,"مرجع التفويض",MANUAL,,,"تسميةٌ علائقيةٌ (مرجعٌ لجدولٍ آخر) — عمودٌ نصيٌّ لها يزدوج المصدر",
Workforce/worker_contract.php,employees,"المرجع الأب",MANUAL,,,"تسميةٌ علائقيةٌ (مرجعٌ لجدولٍ آخر) — عمودٌ نصيٌّ لها يزدوج المصدر",
Workforce/worker_contract.php,employees,"تاريخ الإنشاء",BIND,created_at,derived,"مشتقٌّ من `created_at` القائمِ في `employees` — بلا هجرة",
Workforce/worker_contract.php,employees,"تاريخ الاعتماد",MANUAL,approved_at,,"مشتقٌّ من `approved_at` و`employees` لا يحمله — يلزم قرار",
Workforce/worker_evaluation.php,worker_evaluation,"رقم التقييم",MANUAL,,,"ليست في المعجم — ولا يُخترع اسمُ عمودٍ لتسميةٍ لم تُدرَس",
Workforce/worker_evaluation.php,worker_evaluation,"محور الالتزام",MANUAL,,,"ليست في المعجم — ولا يُخترع اسمُ عمودٍ لتسميةٍ لم تُدرَس",
Workforce/worker_evaluation.php,worker_evaluation,"محور الإنتاجية",MANUAL,,,"ليست في المعجم — ولا يُخترع اسمُ عمودٍ لتسميةٍ لم تُدرَس",
Workforce/worker_evaluation.php,worker_evaluation,"محور السلامة",MANUAL,,,"ليست في المعجم — ولا يُخترع اسمُ عمودٍ لتسميةٍ لم تُدرَس",
Workforce/worker_evaluation.php,worker_evaluation,"محور التعاون",MANUAL,,,"ليست في المعجم — ولا يُخترع اسمُ عمودٍ لتسميةٍ لم تُدرَس",
Workforce/worker_evaluation.php,worker_evaluation,"محور الانضباط",MANUAL,,,"ليست في المعجم — ولا يُخترع اسمُ عمودٍ لتسميةٍ لم تُدرَس",
Workforce/worker_evaluation.php,worker_evaluation,"الدرجة القصوى",MANUAL,,,"ليست في المعجم — ولا يُخترع اسمُ عمودٍ لتسميةٍ لم تُدرَس",
Workforce/worker_evaluation.php,worker_evaluation,النسبة,MANUAL,,,"ليست في المعجم — ولا يُخترع اسمُ عمودٍ لتسميةٍ لم تُدرَس",
Workforce/worker_evaluation.php,worker_evaluation,التصنيف,MANUAL,,,"ليست في المعجم — ولا يُخترع اسمُ عمودٍ لتسميةٍ لم تُدرَس",
Workforce/worker_evaluation.php,worker_evaluation,التوصية,MANUAL,,,"ليست في المعجم — ولا يُخترع اسمُ عمودٍ لتسميةٍ لم تُدرَس",
Workforce/worker_evaluation.php,worker_evaluation,المقيم,MANUAL,,,"ليست في المعجم — ولا يُخترع اسمُ عمودٍ لتسميةٍ لم تُدرَس",
Workforce/worker_evaluation.php,worker_evaluation,"اعتماد الموارد",MANUAL,,,"ليست في المعجم — ولا يُخترع اسمُ عمودٍ لتسميةٍ لم تُدرَس",
Workforce/worker_evaluation.php,worker_evaluation,"تاريخ الإقفال",MANUAL,,,"ليست في المعجم — ولا يُخترع اسمُ عمودٍ لتسميةٍ لم تُدرَس",
Workforce/worker_evaluation.php,worker_evaluation,الكيان,BOUND,entity,gov,"يبثُّه `ems_gov_ctx()` من `admin_companies` — موصولٌ سلفًا، لا عمل",
Workforce/worker_leave_absence.php,employees,"رقم الطلب",MANUAL,,,"تسميةٌ علائقيةٌ (مرجعٌ لجدولٍ آخر) — عمودٌ نصيٌّ لها يزدوج المصدر",
Workforce/worker_leave_absence.php,employees,"تاريخ الطلب",NEW,request_date,date,"لا عمودَ له في `employees` — يُنشأ **اختياريًّا** (NULL)",
Workforce/worker_leave_absence.php,employees,"عدد الأيام",MANUAL,,,"ليست في المعجم — ولا يُخترع اسمُ عمودٍ لتسميةٍ لم تُدرَس",
Workforce/worker_leave_absence.php,employees,"الرصيد قبل",MANUAL,,,"ليست في المعجم — ولا يُخترع اسمُ عمودٍ لتسميةٍ لم تُدرَس",
Workforce/worker_leave_absence.php,employees,"الرصيد بعد",MANUAL,,,"ليست في المعجم — ولا يُخترع اسمُ عمودٍ لتسميةٍ لم تُدرَس",
Workforce/worker_leave_absence.php,employees,"المستند المؤيد",MANUAL,,,"ليست في المعجم — ولا يُخترع اسمُ عمودٍ لتسميةٍ لم تُدرَس",
Workforce/worker_leave_absence.php,employees,"أثر الأجر",MANUAL,,,"ليست في المعجم — ولا يُخترع اسمُ عمودٍ لتسميةٍ لم تُدرَس",
Workforce/worker_leave_absence.php,employees,"اعتماد المدير",MANUAL,,,"ليست في المعجم — ولا يُخترع اسمُ عمودٍ لتسميةٍ لم تُدرَس",
Workforce/worker_leave_absence.php,employees,"اعتماد الموارد",MANUAL,,,"ليست في المعجم — ولا يُخترع اسمُ عمودٍ لتسميةٍ لم تُدرَس",
Workforce/worker_leave_absence.php,employees,الكيان,BOUND,entity,gov,"يبثُّه `ems_gov_ctx()` من `admin_companies` — موصولٌ سلفًا، لا عمل",
Workforce/worker_leave_absence.php,employees,"مرجع التفويض",MANUAL,,,"تسميةٌ علائقيةٌ (مرجعٌ لجدولٍ آخر) — عمودٌ نصيٌّ لها يزدوج المصدر",
Workforce/worker_leave_absence.php,employees,"تاريخ الاعتماد",MANUAL,approved_at,,"مشتقٌّ من `approved_at` و`employees` لا يحمله — يلزم قرار",
Workforce/worker_leave_absence.php,employees,"تاريخ الإنشاء",BIND,created_at,derived,"مشتقٌّ من `created_at` القائمِ في `employees` — بلا هجرة",
Workforce/worker_leave_absence.php,employees,"المرجع الأب",MANUAL,,,"تسميةٌ علائقيةٌ (مرجعٌ لجدولٍ آخر) — عمودٌ نصيٌّ لها يزدوج المصدر",
Workforce/worker_leave_absence.php,employees,"المنشئ — الاسم والصفة",MANUAL,created_by,,"مشتقٌّ من `created_by` و`employees` لا يحمله — يلزم قرار",
Workforce/worker_leave_absence.php,employees,"مركز التكلفة",MANUAL,,,"تسميةٌ علائقيةٌ (مرجعٌ لجدولٍ آخر) — عمودٌ نصيٌّ لها يزدوج المصدر",
Workforce/worker_leave_absence.php,employees,"سعر الصرف ومصدره",MANUAL,,,"تسميةٌ علائقيةٌ (مرجعٌ لجدولٍ آخر) — عمودٌ نصيٌّ لها يزدوج المصدر",
Workforce/worker_movement.php,employees,"رقم الأمر",MANUAL,,,"ليست في المعجم — ولا يُخترع اسمُ عمودٍ لتسميةٍ لم تُدرَس",
Workforce/worker_movement.php,employees,"من الموقع",MANUAL,,,"ليست في المعجم — ولا يُخترع اسمُ عمودٍ لتسميةٍ لم تُدرَس",
Workforce/worker_movement.php,employees,"إلى الموقع",MANUAL,,,"ليست في المعجم — ولا يُخترع اسمُ عمودٍ لتسميةٍ لم تُدرَس",
Workforce/worker_movement.php,employees,"نوع التنقل",MANUAL,,,"ليست في المعجم — ولا يُخترع اسمُ عمودٍ لتسميةٍ لم تُدرَس",
Workforce/worker_movement.php,employees,"سبب التنقل",MANUAL,,,"ليست في المعجم — ولا يُخترع اسمُ عمودٍ لتسميةٍ لم تُدرَس",
Workforce/worker_movement.php,employees,"تاريخ المغادرة",MANUAL,,,"ليست في المعجم — ولا يُخترع اسمُ عمودٍ لتسميةٍ لم تُدرَس",
Workforce/worker_movement.php,employees,"تاريخ الوصول",MANUAL,,,"ليست في المعجم — ولا يُخترع اسمُ عمودٍ لتسميةٍ لم تُدرَس",
Workforce/worker_movement.php,employees,"رحلة الترحيل",MANUAL,,,"ليست في المعجم — ولا يُخترع اسمُ عمودٍ لتسميةٍ لم تُدرَس",
Workforce/worker_movement.php,employees,"التخصيص السابق",MANUAL,,,"ليست في المعجم — ولا يُخترع اسمُ عمودٍ لتسميةٍ لم تُدرَس",
Workforce/worker_movement.php,employees,"التخصيص الجديد",MANUAL,,,"ليست في المعجم — ولا يُخترع اسمُ عمودٍ لتسميةٍ لم تُدرَس",
Workforce/worker_movement.php,employees,"أثر على الأجر",MANUAL,,,"ليست في المعجم — ولا يُخترع اسمُ عمودٍ لتسميةٍ لم تُدرَس",
Workforce/worker_movement.php,employees,"أثر على البدلات",MANUAL,,,"ليست في المعجم — ولا يُخترع اسمُ عمودٍ لتسميةٍ لم تُدرَس",
Workforce/worker_movement.php,employees,"السكن الجديد",MANUAL,,,"ليست في المعجم — ولا يُخترع اسمُ عمودٍ لتسميةٍ لم تُدرَس",
Workforce/worker_movement.php,employees,أصدره,MANUAL,created_by,,"مشتقٌّ من `created_by` و`employees` لا يحمله — يلزم قرار",
Workforce/worker_movement.php,employees,الكيان,BOUND,entity,gov,"يبثُّه `ems_gov_ctx()` من `admin_companies` — موصولٌ سلفًا، لا عمل",
Workforce/worker_movement.php,employees,"مرجع التفويض",MANUAL,,,"تسميةٌ علائقيةٌ (مرجعٌ لجدولٍ آخر) — عمودٌ نصيٌّ لها يزدوج المصدر",
Workforce/worker_movement.php,employees,"تاريخ الاعتماد",MANUAL,approved_at,,"مشتقٌّ من `approved_at` و`employees` لا يحمله — يلزم قرار",
Workforce/worker_movement.php,employees,"تاريخ الإنشاء",BIND,created_at,derived,"مشتقٌّ من `created_at` القائمِ في `employees` — بلا هجرة",
Workforce/worker_movement.php,employees,"المرجع الأب",MANUAL,,,"تسميةٌ علائقيةٌ (مرجعٌ لجدولٍ آخر) — عمودٌ نصيٌّ لها يزدوج المصدر",
Workforce/worker_movement.php,employees,"المعتمد — الاسم والصفة",MANUAL,approved_by,,"مشتقٌّ من `approved_by` و`employees` لا يحمله — يلزم قرار",
Workforce/worker_movement.php,employees,"مفتاح منع التكرار",MANUAL,,,"تسميةٌ علائقيةٌ (مرجعٌ لجدولٍ آخر) — عمودٌ نصيٌّ لها يزدوج المصدر",
Workforce/worker_movement.php,employees,"معكوس ب",MANUAL,,,"تسميةٌ علائقيةٌ (مرجعٌ لجدولٍ آخر) — عمودٌ نصيٌّ لها يزدوج المصدر",
Workforce/worker_movement.php,employees,"عكس عن",MANUAL,,,"تسميةٌ علائقيةٌ (مرجعٌ لجدولٍ آخر) — عمودٌ نصيٌّ لها يزدوج المصدر",
Workforce/worker_movement.php,employees,"درجة الأثر",MANUAL,,,"تسميةٌ علائقيةٌ (مرجعٌ لجدولٍ آخر) — عمودٌ نصيٌّ لها يزدوج المصدر",
Workforce/worker_movement.php,employees,المرفق,MANUAL,,,"تسميةٌ علائقيةٌ (مرجعٌ لجدولٍ آخر) — عمودٌ نصيٌّ لها يزدوج المصدر",
Workforce/worker_movement.php,employees,"مركز التكلفة",MANUAL,,,"تسميةٌ علائقيةٌ (مرجعٌ لجدولٍ آخر) — عمودٌ نصيٌّ لها يزدوج المصدر",
Workforce/worker_movement.php,employees,"سعر الصرف ومصدره",MANUAL,,,"تسميةٌ علائقيةٌ (مرجعٌ لجدولٍ آخر) — عمودٌ نصيٌّ لها يزدوج المصدر",
Workforce/worker_register.php,employees,الكيان,BOUND,entity,gov,"يبثُّه `ems_gov_ctx()` من `admin_companies` — موصولٌ سلفًا، لا عمل",
Workforce/worker_register.php,employees,"المنشئ — الاسم والصفة",MANUAL,created_by,,"مشتقٌّ من `created_by` و`employees` لا يحمله — يلزم قرار",
Workforce/worker_register.php,employees,"المعتمد — الاسم والصفة",MANUAL,approved_by,,"مشتقٌّ من `approved_by` و`employees` لا يحمله — يلزم قرار",
Workforce/worker_register.php,employees,"مرجع التفويض",MANUAL,,,"تسميةٌ علائقيةٌ (مرجعٌ لجدولٍ آخر) — عمودٌ نصيٌّ لها يزدوج المصدر",
Workforce/worker_register.php,employees,"المرجع الأب",MANUAL,,,"تسميةٌ علائقيةٌ (مرجعٌ لجدولٍ آخر) — عمودٌ نصيٌّ لها يزدوج المصدر",
Workforce/worker_register.php,employees,"تاريخ الإنشاء",BIND,created_at,derived,"مشتقٌّ من `created_at` القائمِ في `employees` — بلا هجرة",
Workforce/worker_register.php,employees,"تاريخ الاعتماد",MANUAL,approved_at,,"مشتقٌّ من `approved_at` و`employees` لا يحمله — يلزم قرار",
Workforce/worker_settlement.php,worker_settlement,الكيان,BOUND,entity,gov,"يبثُّه `ems_gov_ctx()` من `admin_companies` — موصولٌ سلفًا، لا عمل",
Workforce/worker_settlement.php,worker_settlement,"المنشئ — الاسم والصفة",BIND,created_by,derived,"مشتقٌّ من `created_by` القائمِ في `worker_settlement` — بلا هجرة",
Workforce/worker_settlement.php,worker_settlement,"المعتمد — الاسم والصفة",MANUAL,approved_by,,"مشتقٌّ من `approved_by` و`worker_settlement` لا يحمله — يلزم قرار",
Workforce/worker_settlement.php,worker_settlement,"مرجع التفويض",MANUAL,,,"تسميةٌ علائقيةٌ (مرجعٌ لجدولٍ آخر) — عمودٌ نصيٌّ لها يزدوج المصدر",
Workforce/worker_settlement.php,worker_settlement,"المرجع الأب",MANUAL,,,"تسميةٌ علائقيةٌ (مرجعٌ لجدولٍ آخر) — عمودٌ نصيٌّ لها يزدوج المصدر",
Workforce/worker_settlement.php,worker_settlement,"تاريخ الإنشاء",BIND,created_at,derived,"مشتقٌّ من `created_at` القائمِ في `worker_settlement` — بلا هجرة",
Workforce/worker_settlement.php,worker_settlement,"تاريخ الاعتماد",MANUAL,approved_at,,"مشتقٌّ من `approved_at` و`worker_settlement` لا يحمله — يلزم قرار",
Workforce/worker_worklog.php,employees,الكيان,BOUND,entity,gov,"يبثُّه `ems_gov_ctx()` من `admin_companies` — موصولٌ سلفًا، لا عمل",
Workforce/worker_worklog.php,employees,"المنشئ — الاسم والصفة",MANUAL,created_by,,"مشتقٌّ من `created_by` و`employees` لا يحمله — يلزم قرار",
Workforce/worker_worklog.php,employees,"المعتمد — الاسم والصفة",MANUAL,approved_by,,"مشتقٌّ من `approved_by` و`employees` لا يحمله — يلزم قرار",
Workforce/worker_worklog.php,employees,"مرجع التفويض",MANUAL,,,"تسميةٌ علائقيةٌ (مرجعٌ لجدولٍ آخر) — عمودٌ نصيٌّ لها يزدوج المصدر",
Workforce/worker_worklog.php,employees,"المرجع الأب",MANUAL,,,"تسميةٌ علائقيةٌ (مرجعٌ لجدولٍ آخر) — عمودٌ نصيٌّ لها يزدوج المصدر",
Workforce/worker_worklog.php,employees,"تاريخ الإنشاء",BIND,created_at,derived,"مشتقٌّ من `created_at` القائمِ في `employees` — بلا هجرة",
Workforce/worker_worklog.php,employees,"تاريخ الاعتماد",MANUAL,approved_at,,"مشتقٌّ من `approved_at` و`employees` لا يحمله — يلزم قرار",
Workforce/workforce_requirement.php,project,الكيان,BOUND,entity,gov,"يبثُّه `ems_gov_ctx()` من `admin_companies` — موصولٌ سلفًا، لا عمل",
Workforce/workforce_requirement.php,project,"المنشئ — الاسم والصفة",BIND,created_by,derived,"مشتقٌّ من `created_by` القائمِ في `project` — بلا هجرة",
Workforce/workforce_requirement.php,project,"المعتمد — الاسم والصفة",MANUAL,approved_by,,"مشتقٌّ من `approved_by` و`project` لا يحمله — يلزم قرار",
Workforce/workforce_requirement.php,project,"مرجع التفويض",MANUAL,,,"تسميةٌ علائقيةٌ (مرجعٌ لجدولٍ آخر) — عمودٌ نصيٌّ لها يزدوج المصدر",
Workforce/workforce_requirement.php,project,"المرجع الأب",MANUAL,,,"تسميةٌ علائقيةٌ (مرجعٌ لجدولٍ آخر) — عمودٌ نصيٌّ لها يزدوج المصدر",
Workforce/workforce_requirement.php,project,"تاريخ الإنشاء",MANUAL,created_at,,"مشتقٌّ من `created_at` و`project` لا يحمله — يلزم قرار",
Workforce/workforce_requirement.php,project,"تاريخ الاعتماد",MANUAL,approved_at,,"مشتقٌّ من `approved_at` و`project` لا يحمله — يلزم قرار",
admin/audit_log.php,admin_audit_log,"رقم المحاولة",MANUAL,,,"ليست في المعجم — ولا يُخترع اسمُ عمودٍ لتسميةٍ لم تُدرَس",
admin/audit_log.php,admin_audit_log,المستخدم,MANUAL,,,"ليست في المعجم — ولا يُخترع اسمُ عمودٍ لتسميةٍ لم تُدرَس",
admin/audit_log.php,admin_audit_log,الصفة,NEW,contact_title,text,"لا عمودَ له في `admin_audit_log` — يُنشأ **اختياريًّا** (NULL)",
admin/audit_log.php,admin_audit_log,الشاشة,MANUAL,,,"ليست في المعجم — ولا يُخترع اسمُ عمودٍ لتسميةٍ لم تُدرَس",
admin/audit_log.php,admin_audit_log,"الفعل المحاول",MANUAL,,,"ليست في المعجم — ولا يُخترع اسمُ عمودٍ لتسميةٍ لم تُدرَس",
admin/audit_log.php,admin_audit_log,"الحارس المانع",MANUAL,,,"ليست في المعجم — ولا يُخترع اسمُ عمودٍ لتسميةٍ لم تُدرَس",
admin/audit_log.php,admin_audit_log,"سبب المنع",MANUAL,,,"ليست في المعجم — ولا يُخترع اسمُ عمودٍ لتسميةٍ لم تُدرَس",
admin/audit_log.php,admin_audit_log,"رمز الاستجابة",MANUAL,,,"ليست في المعجم — ولا يُخترع اسمُ عمودٍ لتسميةٍ لم تُدرَس",
admin/audit_log.php,admin_audit_log,"تكرار المحاولة",MANUAL,,,"ليست في المعجم — ولا يُخترع اسمُ عمودٍ لتسميةٍ لم تُدرَس",
admin/audit_log.php,admin_audit_log,"هل طلب استثناء؟",MANUAL,,,"ليست في المعجم — ولا يُخترع اسمُ عمودٍ لتسميةٍ لم تُدرَس",
admin/audit_log.php,admin_audit_log,"رقم الاستثناء",MANUAL,,,"ليست في المعجم — ولا يُخترع اسمُ عمودٍ لتسميةٍ لم تُدرَس",
admin/audit_log.php,admin_audit_log,"إجراء الحوكمة",MANUAL,,,"ليست في المعجم — ولا يُخترع اسمُ عمودٍ لتسميةٍ لم تُدرَس",
admin/audit_log.php,admin_audit_log,الكيان,BOUND,entity,gov,"يبثُّه `ems_gov_ctx()` من `admin_companies` — موصولٌ سلفًا، لا عمل",
admin/audit_log.php,admin_audit_log,الحالة,MANUAL,status,,"مشتقٌّ من `status` و`admin_audit_log` لا يحمله — يلزم قرار",
admin/ops_manager_board.php,daily_plans,الكيان,BOUND,entity,gov,"يبثُّه `ems_gov_ctx()` من `admin_companies` — موصولٌ سلفًا، لا عمل",
admin/ops_manager_board.php,daily_plans,"المنشئ — الاسم والصفة",BIND,created_by,derived,"مشتقٌّ من `created_by` القائمِ في `daily_plans` — بلا هجرة",
admin/ops_manager_board.php,daily_plans,"المعتمد — الاسم والصفة",BIND,approved_by,derived,"مشتقٌّ من `approved_by` القائمِ في `daily_plans` — بلا هجرة",
admin/ops_manager_board.php,daily_plans,"مرجع التفويض",MANUAL,,,"تسميةٌ علائقيةٌ (مرجعٌ لجدولٍ آخر) — عمودٌ نصيٌّ لها يزدوج المصدر",
admin/ops_manager_board.php,daily_plans,"المرجع الأب",MANUAL,,,"تسميةٌ علائقيةٌ (مرجعٌ لجدولٍ آخر) — عمودٌ نصيٌّ لها يزدوج المصدر",
admin/ops_manager_board.php,daily_plans,"تاريخ الإنشاء",BIND,created_at,derived,"مشتقٌّ من `created_at` القائمِ في `daily_plans` — بلا هجرة",
admin/ops_manager_board.php,daily_plans,"تاريخ الاعتماد",BIND,approved_at,derived,"مشتقٌّ من `approved_at` القائمِ في `daily_plans` — بلا هجرة",
admin/ops_manager_board.php,daily_plans,الحالة,MANUAL,status,,"مشتقٌّ من `status` و`daily_plans` لا يحمله — يلزم قرار",
admin/org_assignments.php,org_assignments,"رقم التكليف",MANUAL,,,"ليست في المعجم — ولا يُخترع اسمُ عمودٍ لتسميةٍ لم تُدرَس",
admin/org_assignments.php,org_assignments,الموظف,MANUAL,,,"ليست في المعجم — ولا يُخترع اسمُ عمودٍ لتسميةٍ لم تُدرَس",
admin/org_assignments.php,org_assignments,"المسمى الأصلي",MANUAL,,,"ليست في المعجم — ولا يُخترع اسمُ عمودٍ لتسميةٍ لم تُدرَس",
admin/org_assignments.php,org_assignments,"التكليف الجديد",MANUAL,,,"ليست في المعجم — ولا يُخترع اسمُ عمودٍ لتسميةٍ لم تُدرَس",
admin/org_assignments.php,org_assignments,"سقف الاعتماد",MANUAL,,,"ليست في المعجم — ولا يُخترع اسمُ عمودٍ لتسميةٍ لم تُدرَس",
admin/org_assignments.php,org_assignments,"بدل التكليف",MANUAL,,,"ليست في المعجم — ولا يُخترع اسمُ عمودٍ لتسميةٍ لم تُدرَس",
admin/org_assignments.php,org_assignments,أصدره,MANUAL,created_by,,"مشتقٌّ من `created_by` و`org_assignments` لا يحمله — يلزم قرار",
admin/org_assignments.php,org_assignments,"مرجع القرار",MANUAL,,,"ليست في المعجم — ولا يُخترع اسمُ عمودٍ لتسميةٍ لم تُدرَس",
admin/org_assignments.php,org_assignments,الكيان,BOUND,entity,gov,"يبثُّه `ems_gov_ctx()` من `admin_companies` — موصولٌ سلفًا، لا عمل",
admin/org_assignments.php,org_assignments,"مرجع التفويض",MANUAL,,,"تسميةٌ علائقيةٌ (مرجعٌ لجدولٍ آخر) — عمودٌ نصيٌّ لها يزدوج المصدر",
admin/org_assignments.php,org_assignments,"تاريخ الاعتماد",MANUAL,approved_at,,"مشتقٌّ من `approved_at` و`org_assignments` لا يحمله — يلزم قرار",
admin/org_assignments.php,org_assignments,"تاريخ الإنشاء",BIND,created_at,derived,"مشتقٌّ من `created_at` القائمِ في `org_assignments` — بلا هجرة",
admin/org_assignments.php,org_assignments,المرفق,MANUAL,,,"تسميةٌ علائقيةٌ (مرجعٌ لجدولٍ آخر) — عمودٌ نصيٌّ لها يزدوج المصدر",
admin/org_assignments.php,org_assignments,العملة,MANUAL,,,"تسميةٌ علائقيةٌ (مرجعٌ لجدولٍ آخر) — عمودٌ نصيٌّ لها يزدوج المصدر",
admin/org_permits.php,role_permissions,"رقم الإذن",MANUAL,,,"ليست في المعجم — ولا يُخترع اسمُ عمودٍ لتسميةٍ لم تُدرَس",
admin/org_permits.php,role_permissions,المستفيد,MANUAL,,,"ليست في المعجم — ولا يُخترع اسمُ عمودٍ لتسميةٍ لم تُدرَس",
admin/org_permits.php,role_permissions,"نوع المستفيد",MANUAL,,,"ليست في المعجم — ولا يُخترع اسمُ عمودٍ لتسميةٍ لم تُدرَس",
admin/org_permits.php,role_permissions,الغرض,MANUAL,,,"ليست في المعجم — ولا يُخترع اسمُ عمودٍ لتسميةٍ لم تُدرَس",
admin/org_permits.php,role_permissions,المرافقون,MANUAL,,,"ليست في المعجم — ولا يُخترع اسمُ عمودٍ لتسميةٍ لم تُدرَس",
admin/org_permits.php,role_permissions,المركبة,MANUAL,,,"ليست في المعجم — ولا يُخترع اسمُ عمودٍ لتسميةٍ لم تُدرَس",
admin/org_permits.php,role_permissions,"رقم اللوحة",MANUAL,,,"ليست في المعجم — ولا يُخترع اسمُ عمودٍ لتسميةٍ لم تُدرَس",
admin/org_permits.php,role_permissions,"من تاريخ",NEW,date_from,date,"لا عمودَ له في `role_permissions` — يُنشأ **اختياريًّا** (NULL)",
admin/org_permits.php,role_permissions,"إلى تاريخ",NEW,date_to,date,"لا عمودَ له في `role_permissions` — يُنشأ **اختياريًّا** (NULL)",
admin/org_permits.php,role_permissions,"جهة الإصدار",MANUAL,,,"ليست في المعجم — ولا يُخترع اسمُ عمودٍ لتسميةٍ لم تُدرَس",
admin/org_permits.php,role_permissions,"المصادقة الأمنية",MANUAL,,,"ليست في المعجم — ولا يُخترع اسمُ عمودٍ لتسميةٍ لم تُدرَس",
admin/org_permits.php,role_permissions,أصدره,MANUAL,created_by,,"مشتقٌّ من `created_by` و`role_permissions` لا يحمله — يلزم قرار",
admin/org_permits.php,role_permissions,الكيان,BOUND,entity,gov,"يبثُّه `ems_gov_ctx()` من `admin_companies` — موصولٌ سلفًا، لا عمل",
admin/org_permits.php,role_permissions,"مرجع التفويض",MANUAL,,,"تسميةٌ علائقيةٌ (مرجعٌ لجدولٍ آخر) — عمودٌ نصيٌّ لها يزدوج المصدر",
admin/org_permits.php,role_permissions,"تاريخ الاعتماد",MANUAL,approved_at,,"مشتقٌّ من `approved_at` و`role_permissions` لا يحمله — يلزم قرار",
admin/org_permits.php,role_permissions,"تاريخ الإنشاء",MANUAL,created_at,,"مشتقٌّ من `created_at` و`role_permissions` لا يحمله — يلزم قرار",
admin/org_permits.php,role_permissions,"المرجع الأب",MANUAL,,,"تسميةٌ علائقيةٌ (مرجعٌ لجدولٍ آخر) — عمودٌ نصيٌّ لها يزدوج المصدر",
admin/org_permits.php,role_permissions,"المعتمد — الاسم والصفة",MANUAL,approved_by,,"مشتقٌّ من `approved_by` و`role_permissions` لا يحمله — يلزم قرار",
admin/org_permits.php,role_permissions,المرفق,MANUAL,,,"تسميةٌ علائقيةٌ (مرجعٌ لجدولٍ آخر) — عمودٌ نصيٌّ لها يزدوج المصدر",
admin/sec_employee_wizard.php,hr_dictionaries,الكيان,BOUND,entity,gov,"يبثُّه `ems_gov_ctx()` من `admin_companies` — موصولٌ سلفًا، لا عمل",
admin/sec_employee_wizard.php,hr_dictionaries,"المنشئ — الاسم والصفة",MANUAL,created_by,,"مشتقٌّ من `created_by` و`hr_dictionaries` لا يحمله — يلزم قرار",
admin/sec_employee_wizard.php,hr_dictionaries,"المعتمد — الاسم والصفة",MANUAL,approved_by,,"مشتقٌّ من `approved_by` و`hr_dictionaries` لا يحمله — يلزم قرار",
admin/sec_employee_wizard.php,hr_dictionaries,"مرجع التفويض",MANUAL,,,"تسميةٌ علائقيةٌ (مرجعٌ لجدولٍ آخر) — عمودٌ نصيٌّ لها يزدوج المصدر",
admin/sec_employee_wizard.php,hr_dictionaries,"المرجع الأب",MANUAL,,,"تسميةٌ علائقيةٌ (مرجعٌ لجدولٍ آخر) — عمودٌ نصيٌّ لها يزدوج المصدر",
admin/sec_employee_wizard.php,hr_dictionaries,"تاريخ الإنشاء",MANUAL,created_at,,"مشتقٌّ من `created_at` و`hr_dictionaries` لا يحمله — يلزم قرار",
admin/sec_employee_wizard.php,hr_dictionaries,"تاريخ الاعتماد",MANUAL,approved_at,,"مشتقٌّ من `approved_at` و`hr_dictionaries` لا يحمله — يلزم قرار",
admin/sec_employee_wizard.php,hr_dictionaries,الحالة,MANUAL,status,,"مشتقٌّ من `status` و`hr_dictionaries` لا يحمله — يلزم قرار",
admin/sec_governance.php,permission_exceptions,"رقم المراجعة",MANUAL,,,"ليست في المعجم — ولا يُخترع اسمُ عمودٍ لتسميةٍ لم تُدرَس",
admin/sec_governance.php,permission_exceptions,"تاريخ المراجعة",MANUAL,,,"ليست في المعجم — ولا يُخترع اسمُ عمودٍ لتسميةٍ لم تُدرَس",
admin/sec_governance.php,permission_exceptions,"الحساب أو الدور",MANUAL,,,"ليست في المعجم — ولا يُخترع اسمُ عمودٍ لتسميةٍ لم تُدرَس",
admin/sec_governance.php,permission_exceptions,"الواجبان المتعارضان",MANUAL,,,"ليست في المعجم — ولا يُخترع اسمُ عمودٍ لتسميةٍ لم تُدرَس",
admin/sec_governance.php,permission_exceptions,"درجة الخطورة",MANUAL,,,"ليست في المعجم — ولا يُخترع اسمُ عمودٍ لتسميةٍ لم تُدرَس",
admin/sec_governance.php,permission_exceptions,"الاستثناءات القائمة",MANUAL,,,"ليست في المعجم — ولا يُخترع اسمُ عمودٍ لتسميةٍ لم تُدرَس",
admin/sec_governance.php,permission_exceptions,"الإجراء المتخذ",MANUAL,,,"ليست في المعجم — ولا يُخترع اسمُ عمودٍ لتسميةٍ لم تُدرَس",
admin/sec_governance.php,permission_exceptions,"تاريخ التنفيذ",MANUAL,,,"ليست في المعجم — ولا يُخترع اسمُ عمودٍ لتسميةٍ لم تُدرَس",
admin/sec_governance.php,permission_exceptions,المراجع,MANUAL,,,"ليست في المعجم — ولا يُخترع اسمُ عمودٍ لتسميةٍ لم تُدرَس",
admin/sec_governance.php,permission_exceptions,اعتمده,MANUAL,approved_by,,"مشتقٌّ من `approved_by` و`permission_exceptions` لا يحمله — يلزم قرار",
admin/sec_governance.php,permission_exceptions,"تاريخ المراجعة القادمة",MANUAL,,,"ليست في المعجم — ولا يُخترع اسمُ عمودٍ لتسميةٍ لم تُدرَس",
admin/sec_governance.php,permission_exceptions,الكيان,BOUND,entity,gov,"يبثُّه `ems_gov_ctx()` من `admin_companies` — موصولٌ سلفًا، لا عمل",
includes/gov_columns.php,admin_companies,"تحقن حرفيا في الشاشات (tools/cmp03_apply.php)، * وخلايا الصفوف يحشوها ui-unification.js (padGovernanceCells) قبل تهيئة DataTables * بقيم السياق العام هنا أو «—». الفائض فوق 22 عمودا يحمل class=""none"" فينهار * لسطر تابع عبر DataTables Responsive (توصية المالك ① المعتمدة). */ if (!function_exists('ems_gov_registry')) { /** سجل الأعمدة الحاكمة: مفتاح ← [التسمية الحرفية من المستند · الشريحة · لماذا هو حاكم] */ function ems_gov_registry() { return array( 'entity' => array('الكيان', 1, 'عزل الشركات — لا صف بلا كيان مالك'), 'authority_ref' => array('مرجع التفويض', 1, 'سند صلاحية المعتمد — تفويض أو سلطة أصلية'), 'approved_at' => array('تاريخ الاعتماد', 1, 'لحظة الاعتماد — وبها يقاس زمن الدورة'), 'created_at' => array('تاريخ الإنشاء', 1, 'لحظة الإنشاء بالتاريخ والوقت'), 'parent_ref' => array('المرجع الأب', 1, 'المستند الذي تولد عنه — خيط التتبع'), 'creator' => array('المنشئ — الاسم والصفة', 1, 'من أنشأ المستند وبأي صفة — لا اسم مجرد'), 'approver' => array('المعتمد — الاسم والصفة', 1, 'من اعتمده وبأي صفة'), 'status' => array('الحالة', 1, 'حالة المستند في دورته'), 'required_approver' => array('المعتمد المطلوب', 1, 'من يلزم اعتماده بحسب سلسلة الاعتماد'), 'creating_entity' => array('الجهة المنشئة', 1, 'الجهة التي أنشأت المستند'), 'idem_key' => array('مفتاح منع التكرار', 2, 'يمنع وقوع الأثر مرتين بمفتاح مركب'), 'reversed_by' => array('معكوس ب', 2, 'مرجع الحركة التي عكسته'), 'reversal_of' => array('عكس عن', 2, 'مرجع الحركة التي عكسها'), 'impact_grade' => array('درجة الأثر', 2, 'مبدئي أم نهائي — فلا يقفل مبدئي ماليا'), 'view_log' => array('سجل الاطلاع', 2, 'من قرأ البيان الحساس ومتى'), 'attachment' => array('المرفق', 3, 'مستند الإثبات الخارجي'), 'cost_center' => array('مركز التكلفة', 3, 'وجهة التحميل'), 'fx_rate_source' => array('سعر الصرف ومصدره', 3, 'ما خالف عملة الدفاتر يحمل السعر ومصدره'), 'currency' => array('العملة', 3, 'لا مبلغ بلا عملة'), 'fx_rate' => array('سعر الصرف', 3, 'سعر التحويل لعملة الدفاتر'), 'attached_doc' => array('المستند المرفق', 3, 'مستند الإثبات المرفق'), 'attachments' => array('المرفقات', 3, 'مرفقات الإثبات'), 'loaded_cost_center' => array('مركز التكلفة المحمل', 3, 'المركز الذي حملت عليه التكلفة'), 'base_currency' => array('العملة الأساسية', 3, 'عملة دفاتر الكيان'), 'fx_source' => array('مصدر سعر الصرف', 3, 'مصدر السعر المعتمد'), ); } /** تسمية المستند ← المفتاح (للمطبق والفحوص) */ function ems_gov_key_by_label($label) { static $idx = null; if ($idx === null) { $idx = array(); foreach (ems_gov_registry() as $k => $def) { $idx[$def[0]] = $k; } } return isset($idx[$label]) ? $idx[$label] : null; } /** سياق القيم العامة (ما يصح تعميمه على كل صفوف شاشة محكومة بعزل الكيان) */ function ems_gov_ctx() { static $ctx = null; if ($ctx !== null) { return $ctx; } $ctx = array('values' => array()); $conn = isset($GLOBALS['conn']) ? $GLOBALS['conn'] : null; $cid = isset($_SESSION['user']['company_id']) ? (int) $_SESSION['user']['company_id'] : 0; if ($conn && $cid > 0) { // الكيان والعملة الأساسية عامان بعزل المستأجر — سائر القيم صفية فتبقى «—» // حتى يربط مصدرها الصفي (docs/CMP03_FOLLOWUP_SOURCES_ar.md). $r = mysqli_query($conn, ""SELECT company_name, currency FROM admin_companies WHERE id = "" . $cid . "" LIMIT 1""); if ($r && ($row = mysqli_fetch_assoc($r))) { if (!empty($row['company_name'])) { $ctx['values']['entity'] = $row['company_name']; } if (!empty($row['currency'])) { $ctx['values']['base_currency'] = $row['currency']; } } } return $ctx; } /** بث سياق الحوكمة للواجهة — مرة واحدة لكل صفحة (يستدعيه insidebar/inheader) */ function ems_gov_emit_assets() { if (!empty($GLOBALS['__ems_gov_emitted'])) { return; } $GLOBALS['__ems_gov_emitted'] = true; $ctx = ems_gov_ctx(); echo ""\nwindow.emsGovCtx = "" . json_encode($ctx, JSON_UNESCAPED_UNICODE | JSON_HEX_TAG | JSON_HEX_AMP) . "";\n""; ems_gov_slice_filter_start(); } /** * ══ INJ-0104 · المحجوب **غير موجود في مصدر HTML** لا مخفي فيه ══════════ * * نص القبول: «كل دور يرى الشاشة بزاويته: أعمدة وأفعال مختلفة، **والمحجوب * غير موجود في مصدر HTML أصلا**». والمقيس قبله: الأعمدة الحاكمة كلها * تطبع لكل دور بصنف `none` — أي **مخفية بالعرض حاضرة في المصدر**. ومن * يضغط «عرض المصدر» يقرأ مفاتيح منع التكرار ومراكز التكلفة وأسعار الصرف. * * والحجب هنا **في الخادم ومركزي**: مرشح مخرج يبدأ من نقطة الحقن * نفسها (`inheader.php`) فيشمل كل شاشة بلا تعديل ملف واحد منها — * «أصلح المولد لا مخرجه». * * ◆ **والشريحة هي المقياس**: الشريحة ① هوية المستند وسلسلته — يراها كل * من يرى الشاشة. والشريحتان ②③ دواخل حوكمة ومالية (مفاتيح العطالة · * مراجع العكس · مراكز التكلفة · أسعار الصرف) — لا يراها إلا من يملك * منفذا حاكما. * ◆ **والخلية تحشى بجافاسكربت** فلا `` ثابتة تيتم بإزالة ``. * ◆ وإطفاؤه بعلم واحد (`EMS_GOV_SLICE_FILTER=off`) — فمن أراد المسلك القديم * يعلنه ولا يكتشفه. */ function ems_gov_slice_allowed($slice) { static $max = null; if ($max === null) { $role = isset($_SESSION['user']['role']) ? (string) $_SESSION['user']['role'] : ''; if ($role === '-1') { $max = 3; } else { $max = 1; if (isset($GLOBALS['conn']) && $GLOBALS['conn'] instanceof mysqli && $role !== '') { /* منفذ حاكم = منحة قراءة على مودول حوكمة أو تدقيق أو مالية */ $st = $GLOBALS['conn']->prepare( ""SELECT COUNT(*) FROM role_permissions rp JOIN modules m ON m.id = rp.module_id WHERE rp.role_id = ? AND rp.can_view = 1 AND (m.code LIKE 'Governance/%' OR m.code LIKE 'admin/%' OR m.code LIKE 'Audit/%' OR m.code LIKE 'Finance/%')""); if ($st) { $rid = (int) $role; $st->bind_param('i', $rid); if ($st->execute()) { $row = $st->get_result()->fetch_row(); if ($row && (int) $row[0] > 0) { $max = 3; } } $st->close(); } } } } return ((int) $slice)",MANUAL,,,"ليست في المعجم — ولا يُخترع اسمُ عمودٍ لتسميةٍ لم تُدرَس",
main/all_assistants.php,roles,"رقم التكليف",MANUAL,,,"ليست في المعجم — ولا يُخترع اسمُ عمودٍ لتسميةٍ لم تُدرَس",
main/all_assistants.php,roles,الأصيل,MANUAL,,,"ليست في المعجم — ولا يُخترع اسمُ عمودٍ لتسميةٍ لم تُدرَس",
main/all_assistants.php,roles,صفته,MANUAL,,,"ليست في المعجم — ولا يُخترع اسمُ عمودٍ لتسميةٍ لم تُدرَس",
main/all_assistants.php,roles,المعاون,MANUAL,,,"ليست في المعجم — ولا يُخترع اسمُ عمودٍ لتسميةٍ لم تُدرَس",
main/all_assistants.php,roles,"نوع النيابة",MANUAL,,,"ليست في المعجم — ولا يُخترع اسمُ عمودٍ لتسميةٍ لم تُدرَس",
main/all_assistants.php,roles,"النطاق المفوض",MANUAL,,,"ليست في المعجم — ولا يُخترع اسمُ عمودٍ لتسميةٍ لم تُدرَس",
main/all_assistants.php,roles,"سقف الاعتماد",MANUAL,,,"ليست في المعجم — ولا يُخترع اسمُ عمودٍ لتسميةٍ لم تُدرَس",
main/all_assistants.php,roles,"من تاريخ",NEW,date_from,date,"لا عمودَ له في `roles` — يُنشأ **اختياريًّا** (NULL)",
main/all_assistants.php,roles,"إلى تاريخ",NEW,date_to,date,"لا عمودَ له في `roles` — يُنشأ **اختياريًّا** (NULL)",
main/all_assistants.php,roles,"سبب النيابة",MANUAL,,,"ليست في المعجم — ولا يُخترع اسمُ عمودٍ لتسميةٍ لم تُدرَس",
main/all_assistants.php,roles,"مرجع تفويض الأصيل",MANUAL,,,"ليست في المعجم — ولا يُخترع اسمُ عمودٍ لتسميةٍ لم تُدرَس",
main/all_assistants.php,roles,أصدره,MANUAL,created_by,,"مشتقٌّ من `created_by` و`roles` لا يحمله — يلزم قرار",
main/all_assistants.php,roles,الكيان,BOUND,entity,gov,"يبثُّه `ems_gov_ctx()` من `admin_companies` — موصولٌ سلفًا، لا عمل",
main/all_assistants.php,roles,"مرجع التفويض",MANUAL,,,"تسميةٌ علائقيةٌ (مرجعٌ لجدولٍ آخر) — عمودٌ نصيٌّ لها يزدوج المصدر",
main/all_assistants.php,roles,"تاريخ الاعتماد",MANUAL,approved_at,,"مشتقٌّ من `approved_at` و`roles` لا يحمله — يلزم قرار",
main/all_assistants.php,roles,"تاريخ الإنشاء",BIND,created_at,derived,"مشتقٌّ من `created_at` القائمِ في `roles` — بلا هجرة",
main/all_assistants.php,roles,الحالة,BIND,status,derived,"مشتقٌّ من `status` القائمِ في `roles` — بلا هجرة",
main/all_assistants.php,roles,المرفق,MANUAL,,,"تسميةٌ علائقيةٌ (مرجعٌ لجدولٍ آخر) — عمودٌ نصيٌّ لها يزدوج المصدر",
main/all_assistants.php,roles,العملة,MANUAL,,,"تسميةٌ علائقيةٌ (مرجعٌ لجدولٍ آخر) — عمودٌ نصيٌّ لها يزدوج المصدر",
main/profile.php,activity_logs,"كود الموظف",MANUAL,,,"ليست في المعجم — ولا يُخترع اسمُ عمودٍ لتسميةٍ لم تُدرَس",
main/profile.php,activity_logs,الاسم,MANUAL,,,"ليست في المعجم — ولا يُخترع اسمُ عمودٍ لتسميةٍ لم تُدرَس",
main/profile.php,activity_logs,"رقم الهوية",MANUAL,,,"ليست في المعجم — ولا يُخترع اسمُ عمودٍ لتسميةٍ لم تُدرَس",
main/profile.php,activity_logs,"تاريخ الميلاد",MANUAL,,,"ليست في المعجم — ولا يُخترع اسمُ عمودٍ لتسميةٍ لم تُدرَس",
main/profile.php,activity_logs,الهاتف,NEW,phone,text,"لا عمودَ له في `activity_logs` — يُنشأ **اختياريًّا** (NULL)",
main/profile.php,activity_logs,البريد,NEW,email,text,"لا عمودَ له في `activity_logs` — يُنشأ **اختياريًّا** (NULL)",
main/profile.php,activity_logs,"حالة اجتماعية",MANUAL,,,"ليست في المعجم — ولا يُخترع اسمُ عمودٍ لتسميةٍ لم تُدرَس",
main/profile.php,activity_logs,المستفيدون,MANUAL,,,"ليست في المعجم — ولا يُخترع اسمُ عمودٍ لتسميةٍ لم تُدرَس",
main/profile.php,activity_logs,"الحساب البنكي",MANUAL,,,"ليست في المعجم — ولا يُخترع اسمُ عمودٍ لتسميةٍ لم تُدرَس",
main/profile.php,activity_logs,"الوثائق المرفقة",MANUAL,,,"ليست في المعجم — ولا يُخترع اسمُ عمودٍ لتسميةٍ لم تُدرَس",
main/profile.php,activity_logs,"تاريخ آخر تحديث",MANUAL,,,"ليست في المعجم — ولا يُخترع اسمُ عمودٍ لتسميةٍ لم تُدرَس",
main/profile.php,activity_logs,"حقول تحتاج اعتمادا",MANUAL,,,"ليست في المعجم — ولا يُخترع اسمُ عمودٍ لتسميةٍ لم تُدرَس",
main/profile.php,activity_logs,الكيان,BOUND,entity,gov,"يبثُّه `ems_gov_ctx()` من `admin_companies` — موصولٌ سلفًا، لا عمل",
main/profile.php,activity_logs,الحالة,MANUAL,status,,"مشتقٌّ من `status` و`activity_logs` لا يحمله — يلزم قرار",
main/project_users.php,roles,الكيان,BOUND,entity,gov,"يبثُّه `ems_gov_ctx()` من `admin_companies` — موصولٌ سلفًا، لا عمل",
main/project_users.php,roles,"المنشئ — الاسم والصفة",MANUAL,created_by,,"مشتقٌّ من `created_by` و`roles` لا يحمله — يلزم قرار",
main/project_users.php,roles,"المعتمد — الاسم والصفة",MANUAL,approved_by,,"مشتقٌّ من `approved_by` و`roles` لا يحمله — يلزم قرار",
main/project_users.php,roles,"مرجع التفويض",MANUAL,,,"تسميةٌ علائقيةٌ (مرجعٌ لجدولٍ آخر) — عمودٌ نصيٌّ لها يزدوج المصدر",
main/project_users.php,roles,"المرجع الأب",MANUAL,,,"تسميةٌ علائقيةٌ (مرجعٌ لجدولٍ آخر) — عمودٌ نصيٌّ لها يزدوج المصدر",
main/project_users.php,roles,"تاريخ الاعتماد",MANUAL,approved_at,,"مشتقٌّ من `approved_at` و`roles` لا يحمله — يلزم قرار",
main/project_users.php,roles,الحالة,BIND,status,derived,"مشتقٌّ من `status` القائمِ في `roles` — بلا هجرة",
main/user_profile.php,project,الكيان,BOUND,entity,gov,"يبثُّه `ems_gov_ctx()` من `admin_companies` — موصولٌ سلفًا، لا عمل",
main/user_profile.php,project,"المنشئ — الاسم والصفة",BIND,created_by,derived,"مشتقٌّ من `created_by` القائمِ في `project` — بلا هجرة",
main/user_profile.php,project,"المعتمد — الاسم والصفة",MANUAL,approved_by,,"مشتقٌّ من `approved_by` و`project` لا يحمله — يلزم قرار",
main/user_profile.php,project,"مرجع التفويض",MANUAL,,,"تسميةٌ علائقيةٌ (مرجعٌ لجدولٍ آخر) — عمودٌ نصيٌّ لها يزدوج المصدر",
main/user_profile.php,project,"المرجع الأب",MANUAL,,,"تسميةٌ علائقيةٌ (مرجعٌ لجدولٍ آخر) — عمودٌ نصيٌّ لها يزدوج المصدر",
main/user_profile.php,project,"تاريخ الإنشاء",MANUAL,created_at,,"مشتقٌّ من `created_at` و`project` لا يحمله — يلزم قرار",
main/user_profile.php,project,"تاريخ الاعتماد",MANUAL,approved_at,,"مشتقٌّ من `approved_at` و`project` لا يحمله — يلزم قرار",
main/users.php,project,"كود الحساب",MANUAL,,,"ليست في المعجم — ولا يُخترع اسمُ عمودٍ لتسميةٍ لم تُدرَس",
main/users.php,project,الشخص,MANUAL,,,"ليست في المعجم — ولا يُخترع اسمُ عمودٍ لتسميةٍ لم تُدرَس",
main/users.php,project,"رقم الهوية",MANUAL,,,"ليست في المعجم — ولا يُخترع اسمُ عمودٍ لتسميةٍ لم تُدرَس",
main/users.php,project,الصفة,NEW,contact_title,text,"لا عمودَ له في `project` — يُنشأ **اختياريًّا** (NULL)",
main/users.php,project,الدور,MANUAL,,,"ليست في المعجم — ولا يُخترع اسمُ عمودٍ لتسميةٍ لم تُدرَس",
main/users.php,project,"قالب الصلاحيات",MANUAL,,,"ليست في المعجم — ولا يُخترع اسمُ عمودٍ لتسميةٍ لم تُدرَس",
main/users.php,project,النطاق,MANUAL,,,"ليست في المعجم — ولا يُخترع اسمُ عمودٍ لتسميةٍ لم تُدرَس",
main/users.php,project,"سقف الاعتماد",MANUAL,,,"ليست في المعجم — ولا يُخترع اسمُ عمودٍ لتسميةٍ لم تُدرَس",
main/users.php,project,"آخر دخول",MANUAL,,,"ليست في المعجم — ولا يُخترع اسمُ عمودٍ لتسميةٍ لم تُدرَس",
main/users.php,project,"حالة الحساب",MANUAL,,,"ليست في المعجم — ولا يُخترع اسمُ عمودٍ لتسميةٍ لم تُدرَس",
main/users.php,project,أنشأه,MANUAL,,,"ليست في المعجم — ولا يُخترع اسمُ عمودٍ لتسميةٍ لم تُدرَس",
main/users.php,project,الكيان,BOUND,entity,gov,"يبثُّه `ems_gov_ctx()` من `admin_companies` — موصولٌ سلفًا، لا عمل",
main/users.php,project,"مرجع التفويض",MANUAL,,,"تسميةٌ علائقيةٌ (مرجعٌ لجدولٍ آخر) — عمودٌ نصيٌّ لها يزدوج المصدر",
main/users.php,project,"تاريخ الاعتماد",MANUAL,approved_at,,"مشتقٌّ من `approved_at` و`project` لا يحمله — يلزم قرار",
main/users.php,project,"تاريخ الإنشاء",MANUAL,created_at,,"مشتقٌّ من `created_at` و`project` لا يحمله — يلزم قرار",
main/users.php,project,"المرجع الأب",MANUAL,,,"تسميةٌ علائقيةٌ (مرجعٌ لجدولٍ آخر) — عمودٌ نصيٌّ لها يزدوج المصدر",
main/users.php,project,"سجل الاطلاع",MANUAL,,,"تسميةٌ علائقيةٌ (مرجعٌ لجدولٍ آخر) — عمودٌ نصيٌّ لها يزدوج المصدر",
main/users.php,project,المرفق,MANUAL,,,"تسميةٌ علائقيةٌ (مرجعٌ لجدولٍ آخر) — عمودٌ نصيٌّ لها يزدوج المصدر",
main/users.php,project,العملة,MANUAL,,,"تسميةٌ علائقيةٌ (مرجعٌ لجدولٍ آخر) — عمودٌ نصيٌّ لها يزدوج المصدر",
movement/add_drivers.php,equipment_drivers,الكيان,BOUND,entity,gov,"يبثُّه `ems_gov_ctx()` من `admin_companies` — موصولٌ سلفًا، لا عمل",
movement/add_drivers.php,equipment_drivers,"المنشئ — الاسم والصفة",MANUAL,created_by,,"مشتقٌّ من `created_by` و`equipment_drivers` لا يحمله — يلزم قرار",
movement/add_drivers.php,equipment_drivers,"تاريخ الإنشاء",MANUAL,created_at,,"مشتقٌّ من `created_at` و`equipment_drivers` لا يحمله — يلزم قرار",
movement/add_drivers.php,equipment_drivers,"المرجع الأب",MANUAL,,,"تسميةٌ علائقيةٌ (مرجعٌ لجدولٍ آخر) — عمودٌ نصيٌّ لها يزدوج المصدر",
movement/move_oprators.php,operations,الكيان,BOUND,entity,gov,"يبثُّه `ems_gov_ctx()` من `admin_companies` — موصولٌ سلفًا، لا عمل",
movement/move_oprators.php,operations,"المنشئ — الاسم والصفة",MANUAL,created_by,,"مشتقٌّ من `created_by` و`operations` لا يحمله — يلزم قرار",
movement/move_oprators.php,operations,"تاريخ الإنشاء",MANUAL,created_at,,"مشتقٌّ من `created_at` و`operations` لا يحمله — يلزم قرار",
movement/move_oprators.php,operations,"المرجع الأب",MANUAL,,,"تسميةٌ علائقيةٌ (مرجعٌ لجدولٍ آخر) — عمودٌ نصيٌّ لها يزدوج المصدر",
movement/movement_operations.php,operations,الكيان,BOUND,entity,gov,"يبثُّه `ems_gov_ctx()` من `admin_companies` — موصولٌ سلفًا، لا عمل",
movement/movement_operations.php,operations,"المنشئ — الاسم والصفة",MANUAL,created_by,,"مشتقٌّ من `created_by` و`operations` لا يحمله — يلزم قرار",
movement/movement_operations.php,operations,"تاريخ الإنشاء",MANUAL,created_at,,"مشتقٌّ من `created_at` و`operations` لا يحمله — يلزم قرار",
movement/movement_operations.php,operations,"المرجع الأب",MANUAL,,,"تسميةٌ علائقيةٌ (مرجعٌ لجدولٍ آخر) — عمودٌ نصيٌّ لها يزدوج المصدر",
movement/project_drivers.php,operations,الكيان,BOUND,entity,gov,"يبثُّه `ems_gov_ctx()` من `admin_companies` — موصولٌ سلفًا، لا عمل",
movement/project_drivers.php,operations,"المنشئ — الاسم والصفة",MANUAL,created_by,,"مشتقٌّ من `created_by` و`operations` لا يحمله — يلزم قرار",
movement/project_drivers.php,operations,"تاريخ الإنشاء",MANUAL,created_at,,"مشتقٌّ من `created_at` و`operations` لا يحمله — يلزم قرار",
movement/project_drivers.php,operations,"المرجع الأب",MANUAL,,,"تسميةٌ علائقيةٌ (مرجعٌ لجدولٍ آخر) — عمودٌ نصيٌّ لها يزدوج المصدر",
tests/permgov_adoption_test.php,fin_financial_events,الكيان,BOUND,entity,gov,"يبثُّه `ems_gov_ctx()` من `admin_companies` — موصولٌ سلفًا، لا عمل",
tests/permgov_adoption_test.php,fin_financial_events,"مفتاح منع التكرار",MANUAL,,,"تسميةٌ علائقيةٌ (مرجعٌ لجدولٍ آخر) — عمودٌ نصيٌّ لها يزدوج المصدر",
tests/permgov_adoption_test.php,fin_financial_events,"سعر الصرف",MANUAL,,,"تسميةٌ علائقيةٌ (مرجعٌ لجدولٍ آخر) — عمودٌ نصيٌّ لها يزدوج المصدر",
user_capacities.php,role_permissions,الإدارة,NEW,department,text,"لا عمودَ له في `role_permissions` — يُنشأ **اختياريًّا** (NULL)",
user_capacities.php,role_permissions,"سقف الاعتماد",MANUAL,,,"ليست في المعجم — ولا يُخترع اسمُ عمودٍ لتسميةٍ لم تُدرَس",
user_capacities.php,role_permissions,"من تاريخ",NEW,date_from,date,"لا عمودَ له في `role_permissions` — يُنشأ **اختياريًّا** (NULL)",
user_capacities.php,role_permissions,"إلى تاريخ",NEW,date_to,date,"لا عمودَ له في `role_permissions` — يُنشأ **اختياريًّا** (NULL)",
user_capacities.php,role_permissions,"الصفة النشطة الآن",MANUAL,,,"ليست في المعجم — ولا يُخترع اسمُ عمودٍ لتسميةٍ لم تُدرَس",
user_capacities.php,role_permissions,"آخر تبديل",MANUAL,,,"ليست في المعجم — ولا يُخترع اسمُ عمودٍ لتسميةٍ لم تُدرَس",
user_capacities.php,role_permissions,الكيان,BOUND,entity,gov,"يبثُّه `ems_gov_ctx()` من `admin_companies` — موصولٌ سلفًا، لا عمل",
user_capacities.php,role_permissions,"مرجع التفويض",MANUAL,,,"تسميةٌ علائقيةٌ (مرجعٌ لجدولٍ آخر) — عمودٌ نصيٌّ لها يزدوج المصدر",
user_capacities.php,role_permissions,"تاريخ الاعتماد",MANUAL,approved_at,,"مشتقٌّ من `approved_at` و`role_permissions` لا يحمله — يلزم قرار",
user_capacities.php,role_permissions,"تاريخ الإنشاء",MANUAL,created_at,,"مشتقٌّ من `created_at` و`role_permissions` لا يحمله — يلزم قرار",
user_capacities.php,role_permissions,"المرجع الأب",MANUAL,,,"تسميةٌ علائقيةٌ (مرجعٌ لجدولٍ آخر) — عمودٌ نصيٌّ لها يزدوج المصدر",
user_capacities.php,role_permissions,"المنشئ — الاسم والصفة",MANUAL,created_by,,"مشتقٌّ من `created_by` و`role_permissions` لا يحمله — يلزم قرار",
user_capacities.php,role_permissions,"سجل الاطلاع",MANUAL,,,"تسميةٌ علائقيةٌ (مرجعٌ لجدولٍ آخر) — عمودٌ نصيٌّ لها يزدوج المصدر",
user_capacities.php,role_permissions,المرفق,MANUAL,,,"تسميةٌ علائقيةٌ (مرجعٌ لجدولٍ آخر) — عمودٌ نصيٌّ لها يزدوج المصدر",
