#	الرمزُ الحالي	الاسمُ المقترحُ domain.resource.action	الفعل	الإدارة	الشاشة	الفاعل	ما يُكتب	الحدث	المستهلك	الأثر	العكس	①معنًى	②alias	③مالك	④مصدر	⑤معالج	⑥عكسٌ ماليّ	⑦دائرية	⑧الكود	حاجب	حالةُ الربط
1	ticket.open	tickets.ticket.create	فتحُ بلاغ	مركز البلاغات	أبلغ عن مشكلة من هذه الشاشة	المستخدم	tickets · ticket_context	TicketOpened	مركزُ البلاغات · الإدارةُ المختصة	تذكرةٌ مصنَّفةٌ موجَّهةٌ آليًّا · ومهلةٌ تبدأ · وسياقُ الشاشة محفوظ	إغلاقٌ إداريٌّ بمرجع	✔	✔	✔	✔	◐ معلَّقُ الربطِ معلَنٌ	✔	✔	◐ يحتاج مقارنةً بالكود الحيّ	لا	معلَّقُ الربطِ — 228 من 242
2	ticket.ack	tickets.ticket.receive	استلامُ البلاغ	مركز البلاغات	بلاغات إدارتي	المكلَّف	tickets.state · sla	TicketAcknowledged	مركزُ البلاغات	مهلةُ الاستجابة تتوقف · ومهلةُ الإنجاز تبدأ · والمكلَّفُ مسؤولٌ باسمه	إعادةُ توجيهٍ بسبب	✔	✔	✔	✔	◐ معلَّقُ الربطِ معلَنٌ	✔	✔	◐ يحتاج مقارنةً بالكود الحيّ	لا	معلَّقُ الربطِ — 228 من 242
3	ticket.done	tickets.ticket.execute_done	إنجازُ البلاغ	مركز البلاغات	بلاغات إدارتي	المكلَّف	tickets.state · resolution	TicketResolved	المبلِّغُ · المركز	ينتظر تأكيدَ المبلِّغ — ولا يُغلق المكلَّفُ بنفسه	إعادةُ فتحٍ بعدّاد	✔	✔	✔	✔	◐ معلَّقُ الربطِ معلَنٌ	✔	✔	◐ يحتاج مقارنةً بالكود الحيّ	لا	معلَّقُ الربطِ — 228 من 242
4	approval.grant	governance.approval.approve	اعتمادٌ في سقفي	الحوكمة والالتزام	صندوق ما ينتظر اعتمادي	المعتمِد	approvals · audit	ApprovalGranted	الحلقةُ التالية	المستندُ ينتقل · والتوقيعُ يُسجَّل بمرجع التفويض	سحبٌ بقرارٍ موثَّق	✔	✔	✔	✔	◐ معلَّقُ الربطِ معلَنٌ	✔	✔	◐ يحتاج مقارنةً بالكود الحيّ	لا	معلَّقُ الربطِ — 228 من 242
5	approval.reject	governance.approval.execute_reject	رفضٌ بسببٍ محكوم	الحوكمة والالتزام	صندوق ما ينتظر اعتمادي	المعتمِد	approvals · reasons	ApprovalRejected	المُنشئ · المسار	المستندُ يعود لمُنشئه بسببٍ من قائمةٍ محكومة — ويُقاس السببُ في تحليل الاختناقات	إعادةُ رفعٍ بعد التصحيح	✔	✔	✔	✔	◐ معلَّقُ الربطِ معلَنٌ	✔	✔	◐ يحتاج مقارنةً بالكود الحيّ	لا	معلَّقُ الربطِ — 228 من 242
6	approval.return	governance.approval.execute_return	إعادةٌ للتصحيح	الحوكمة والالتزام	صندوق ما ينتظر اعتمادي	المعتمِد	approvals	ApprovalReturned	المُنشئ	المستندُ يعود قابلًا للتعديل · والمهلةُ تتوقف حتى إعادة الرفع	◆ بلا عكس	✔	✔	✔	✔	◐ معلَّقُ الربطِ معلَنٌ	✔	✔	◐ يحتاج مقارنةً بالكود الحيّ	لا	معلَّقُ الربطِ — 228 من 242
7	ach.range	workspace.achievement.execute	اختيارُ مدى الإنجاز	مساحة عملي	إنجازي	المستخدم	—	—	—	يُعاد الحسابُ للمدى: يومًا أو أسبوعًا أو شهرًا أو سنةً أو بتاريخين	◆ بلا عكس	✔	✔	✔	✔	◐ معلَّقُ الربطِ معلَنٌ	✔	✔	◐ يحتاج مقارنةً بالكود الحيّ	لا	معلَّقُ الربطِ — 228 من 242
8	plan.submit	site.plan.submit	رفعُ خطة الغد	إدارة الموقع	خطة عمل الغد	مديرُ الموقع	daily_plans · resource_locks	PlanSubmitted	التشغيل · القوى · الأسطول	الحارسُ يفحص التأهيلَ والجاهزيةَ والوثائق · والمواردُ تُحجز مبدئيًّا	سحبٌ قبل الاعتماد	✔	✔	✔	✔	◐ معلَّقُ الربطِ معلَنٌ	✔	✔	◐ يحتاج مقارنةً بالكود الحيّ	لا	معلَّقُ الربطِ — 228 من 242
9	plan.approve	site.plan.approve	اعتمادُ خطة الموقع	إدارة الموقع	خطة عمل الغد	مديرُ التشغيل	daily_plans.state	PlanApproved	الموقع · القوى · الأسطول · النقل	الخطةُ تصير نافذةً · ويُفتح التايم شيت عليها · وتُطلب رحلاتُ الترحيل الناقصة	إعادةٌ بسببٍ محكوم	✔	✔	✔	✔	◐ معلَّقُ الربطِ معلَنٌ	✔	✔	◐ يحتاج مقارنةً بالكود الحيّ	لا	معلَّقُ الربطِ — 228 من 242
10	plan.copy	site.plan.execute	نسخُ خطة الأمس	إدارة الموقع	خطة عمل الغد	مديرُ الموقع	daily_plans	PlanDrafted	الموقعُ وحدَه	مسودةٌ بالتوزيع نفسِه — والحارسُ يعيد فحصَ الجاهزية والتأهيل قبل الرفع	حذفُ المسودة	✔	✔	✔	✔	◐ معلَّقُ الربطِ معلَنٌ	✔	✔	◐ يحتاج مقارنةً بالكود الحيّ	لا	معلَّقُ الربطِ — 228 من 242
11	asset.assign	ops.asset.assign	تخصيصُ معدةٍ لموقع	إدارة التشغيل	توزيع المعدات والمشغّلين	مديرُ التشغيل	assignments · equipment.location	EquipmentAssigned	الموقع · القوى · النقل · الأسطول	المعدةُ تظهر في لوحة الموقع · وتُطلب رحلةُ ترحيلٍ إن اختلف الموقع · وتُطلب موافقةُ القوى	إنهاءُ تخصيصٍ بتاريخٍ وسبب	✔	✔	✔	✔	◐ معلَّقُ الربطِ معلَنٌ	✔	✔	◐ يحتاج مقارنةً بالكود الحيّ	لا	معلَّقُ الربطِ — 228 من 242
12	operator.swap	ops.operator.execute	تبديلُ مشغّلٍ على معدة	إدارة التشغيل	توزيع المعدات والمشغّلين	مديرُ التشغيل	operator_assignments · approvals	OperatorSwapRequested	القوى · الموارد · الموقع	لا يقع التبديلُ قبل موافقة القوى · وبعدها يتغير التايم شيت والاستحقاق والحافز	إلغاءُ الطلب أو عكسُ التبديل	✔	✔	✔	✔	◐ معلَّقُ الربطِ معلَنٌ	✔	✔	◐ يحتاج مقارنةً بالكود الحيّ	لا	معلَّقُ الربطِ — 228 من 242
13	unit.save	site.unit.execute	حفظُ صف الوحدة	إدارة الموقع	تسجيل التايم شيت والإنتاج	مدخلُ الساعات	unit_records · unit_periods	UnitDraftSaved	الموقعُ وحدَه	مسودةٌ — لا أثرَ ماليًّا ولا تشغيليًّا	تعديلٌ حرٌّ قبل الرفع	✔	✔	✔	✔	◐ معلَّقُ الربطِ معلَنٌ	✔	✔	◐ يحتاج مقارنةً بالكود الحيّ	لا	معلَّقُ الربطِ — 228 من 242
14	unit.submit	site.unit.submit	رفعُ اليوم للاعتماد	إدارة الموقع	تسجيل التايم شيت والإنتاج	مدخلُ الساعات	unit_records.state	UnitSubmitted	مديرُ الموقع	الحلقةُ الأولى تُفتح · وقفلُ التعديل · وعدّادُ المهلة يبدأ	سحبٌ قبل الاعتماد الأول	✔	✔	✔	✔	◐ معلَّقُ الربطِ معلَنٌ	✔	✔	◐ يحتاج مقارنةً بالكود الحيّ	لا	معلَّقُ الربطِ — 228 من 242
15	chain.site	site.chain.approve_occurrence	اعتمادُ الموقع — الحلقة الأولى	إدارة الموقع	تسجيل التايم شيت والإنتاج	مديرُ الموقع	approval_chain	ChainSiteApproved	إدارةُ التشغيل	الحلقةُ الثانية تُفتح · ولا يُعدَّل الصفُّ إلا بطلب تغيير حالة	إعادةٌ للتصحيح بسبب	✔	✔	✔	✔	◐ معلَّقُ الربطِ معلَنٌ	✔	✔	◐ يحتاج مقارنةً بالكود الحيّ	لا	معلَّقُ الربطِ — 228 من 242
16	chain.ops	site.chain.approve_conformity	اعتمادُ التشغيل — الحلقة الثانية	إدارة الموقع	تسجيل التايم شيت والإنتاج	مديرُ التشغيل	approval_chain · attribution	ChainOpsApproved	الموردون · القوى · الأسطول	الإسنادُ نهائيٌّ · وحاوياتُ الموردين تُستهلك · وعدّادُ المعدة يُحدَّث	عكسٌ بقرارِ تغيير حالة	✔	✔	✔	✔	◐ معلَّقُ الربطِ معلَنٌ	✔	✔	◐ يحتاج مقارنةً بالكود الحيّ	لا	معلَّقُ الربطِ — 228 من 242
17	chain.complete	site.chain.execute	اكتمالُ السلسلة الخماسية	إدارة الموقع	تسجيل التايم شيت والإنتاج	الماليةُ إقفالًا	fin_events	ChainCompleted	المالية · المبيعات · الموردون · القوى · الأسطول	إيرادُ العميل وذمةُ المورد وأجرُ المشغّل تتولد بأحكامٍ ثلاثةٍ مستقلة · وخطةُ العقد تُحدَّث · والإهلاكُ يُحتسب	حركةٌ مقابلةٌ بمرجعها	✔	✔	✔	✔	◐ معلَّقُ الربطِ معلَنٌ	✔	✔	◐ يحتاج مقارنةً بالكود الحيّ	لا	معلَّقُ الربطِ — 228 من 242
18	meter.read	site.meter.create	تسجيلُ قراءة العدّاد	إدارة الموقع	تسجيل التايم شيت والإنتاج	مدخلُ الساعات	meter_readings	MeterUpdated	الأسطول · الصيانة · المالية	العدّادُ يرتفع · ومحرّكُ الوقائية يفحص بلوغَ 250 ساعة · والإهلاكُ يُعاد حسابه	تصحيحٌ موثَّقٌ بمعتمِد	✔	✔	✔	✔	◐ معلَّقُ الربطِ معلَنٌ	✔	✔	◐ يحتاج مقارنةً بالكود الحيّ	لا	معلَّقُ الربطِ — 228 من 242
19	prod.confirm	site.production.execute	تثبيتُ الكمية المعتمدة من العميل	إدارة الموقع	الإنتاج والقياس	مديرُ التشغيل	production.client_qty · variance	ProductionConfirmed	المبيعات · المالية	الفرقُ يُسجَّل بسببه · والكميةُ المعتمدة تصير أساسَ المستخلص	تسويةٌ بقرارٍ موثَّق	✔	✔	✔	✔	◐ معلَّقُ الربطِ معلَنٌ	✔	✔	◐ يحتاج مقارنةً بالكود الحيّ	لا	معلَّقُ الربطِ — 228 من 242
20	prod.save	site.production.create	تسجيلُ كمية الإنتاج	إدارة الموقع	الإنتاج والقياس	مدخلُ الساعات	production_records	ProductionRecorded	التشغيل · المبيعات	كميتُنا مسجَّلةٌ بمستندها — وتنتظر اعتمادَ العميل	تعديلٌ قبل الاعتماد	✔	✔	✔	✔	◐ معلَّقُ الربطِ معلَنٌ	✔	✔	◐ يحتاج مقارنةً بالكود الحيّ	لا	معلَّقُ الربطِ — 228 من 242
21	stop.attribute	ops.stop.assign	إسنادُ التوقف لمسؤوله	إدارة التشغيل	التوقفات وتحديد المتحمل	مديرُ التشغيل	stops · attribution	StopAttributed	المبيعات · الموردون · القوى · المالية	الإسنادُ يحدد: أتُفوتر؟ أتُحتسب وحدةً للمورد؟ أيُحتسب أجرًا؟ — ولا تُقفل واقعةٌ بلا مسؤول	تغييرُ إسنادٍ بطلبٍ وسلّم	✔	✔	✔	✔	◐ معلَّقُ الربطِ معلَنٌ	✔	✔	◐ يحتاج مقارنةً بالكود الحيّ	لا	معلَّقُ الربطِ — 228 من 242
22	stop.record	ops.stop.create	تسجيلُ توقف	إدارة التشغيل	التوقفات وتحديد المتحمل	مدخلُ الساعات	stops	StopRecorded	التشغيل · الصيانة	زمنُ التوقف يبدأ · والمسؤولُ مبدئيٌّ حتى الإسناد النهائي	تعديلٌ قبل الاعتماد	✔	✔	✔	✔	◐ معلَّقُ الربطِ معلَنٌ	✔	✔	◐ يحتاج مقارنةً بالكود الحيّ	لا	معلَّقُ الربطِ — 228 من 242
23	period.close	ops.period.close	إقفالُ الفترة التشغيلية	إدارة التشغيل	الإقفال الشهري للوحدة	مديرُ التشغيل	period_close · locks	PeriodClosed	المالية · المبيعات · الموردون · القوى	لا كتابةَ على وحدات الفترة · وبوابةُ الاستحقاق تُفتح · والمستخلصُ يُبنى	فتحُ فترةٍ بقرارِ نائبُ الرئيس التنفيذي المختص	✔	✔	✔	✔	◐ معلَّقُ الربطِ معلَنٌ	✔	✔	◐ يحتاج مقارنةً بالكود الحيّ	لا	معلَّقُ الربطِ — 228 من 242
24	tech.approve	maint.tech.approve	اعتمادُ الجاهزية الفنية	إدارة الصيانة	جاهزية المعدات للتشغيل	مديرُ الصيانة	readiness	ReadinessApproved	التشغيل · الأسطول · الموقع	المعدةُ تصير قابلةً للتخصيص وتظهر في لوحة الغد	سحبُ الجاهزية بسببٍ فني	✔	✔	✔	✔	◐ معلَّقُ الربطِ معلَنٌ	✔	✔	◐ يحتاج مقارنةً بالكود الحيّ	لا	معلَّقُ الربطِ — 228 من 242
25	tech.block	maint.tech.suspend	منعُ التشغيل	إدارة الصيانة	جاهزية المعدات للتشغيل	مديرُ الصيانة	readiness.blocked	EquipmentBlocked	التشغيل · الموقع · الأسطول · النقل	التخصيصُ يُرفض بنيويًّا · والقائمُ يُنبَّه لإحلاله · وأمرُ ترحيلٍ للورشة قد يُطلب	رفعُ المنع بجاهزيةٍ جديدة	✔	✔	✔	✔	◐ معلَّقُ الربطِ معلَنٌ	✔	✔	◐ يحتاج مقارنةً بالكود الحيّ	لا	معلَّقُ الربطِ — 228 من 242
26	wo.open	maint.workorder.create	فتحُ أمر عمل	إدارة الصيانة	أوامر الصيانة	مديرُ الصيانة	work_orders · downtime	WorkOrderOpened	التشغيل · الأسطول · الموقع · المخازن	زمنُ التوقف يبدأ «تحت التحقق» · والمتحمّلُ مبدئيٌّ · والمعدةُ غيرُ متاحة	إلغاءٌ بسببٍ ومرجع	✔	✔	✔	✔	◐ معلَّقُ الربطِ معلَنٌ	✔	✔	◐ يحتاج مقارنةً بالكود الحيّ	لا	معلَّقُ الربطِ — 228 من 242
27	wo.close	maint.workorder.close	إقفالُ أمر العمل	إدارة الصيانة	أوامر الصيانة	مديرُ الصيانة	work_orders · cost_alloc	WorkOrderClosed	المالية · الأسطول · الموردون · التشغيل	التكلفةُ تُحمَّل · وزمنُ التوقف يُثبَّت · والكرتُ يُحدَّث · والجاهزيةُ تُطلب	عكسُ التحميل بحركةٍ مقابلة	✔	✔	✔	✔	◐ معلَّقُ الربطِ معلَنٌ	✔	✔	◐ يحتاج مقارنةً بالكود الحيّ	لا	معلَّقُ الربطِ — 228 من 242
28	trip.order	transport.trip.execute_order	إصدارُ أمر ترحيل	النقل والترحيل	أوامر الترحيل	مديرُ النقل	transfer_orders	TransferOrdered	الأسطول · الموقع · القوى · الصيانة	المعدةُ «قيد الترحيل» · والموقعُ المستقبِلُ يُخطَر · ولا يبدأ بلا تصريحٍ ساري	إلغاءٌ بسببٍ ورفعُ العلامة	✔	✔	✔	✔	◐ معلَّقُ الربطِ معلَنٌ	✔	✔	◐ يحتاج مقارنةً بالكود الحيّ	لا	معلَّقُ الربطِ — 228 من 242
29	trip.arrive	transport.trip.execute_arrive	تأكيدُ الوصول	النقل والترحيل	أوامر الترحيل	مشرفُ الموقع	transfer.arrived · equipment.location	TransferArrived	النقل · الأسطول · التشغيل	موقعُ المعدة يتغير في الكرت · وتصير متاحةً للتخصيص · والرحلةُ تُقفل تكلفيًّا	اعتراضٌ على نقصٍ ببلاغ	✔	✔	✔	✔	◐ معلَّقُ الربطِ معلَنٌ	✔	✔	◐ يحتاج مقارنةً بالكود الحيّ	لا	معلَّقُ الربطِ — 228 من 242
30	trip.cost	transport.trip.execute_cost	تحميلُ تكلفة الرحلة	النقل والترحيل	إقفال الأمر وتحميل تكلفته	المالية	transfer_cost · cost_alloc	TransferCosted	المالية · التشغيل · المبيعات	قاعدةُ الستين يومًا تحسم: العميلُ أو الشركة · والمشروعُ يرى الكلفة	عكسُ التحميل بحركةٍ مقابلة	✔	✔	✔	✔	◐ معلَّقُ الربطِ معلَنٌ	✔	✔	◐ يحتاج مقارنةً بالكود الحيّ	لا	معلَّقُ الربطِ — 228 من 242
31	rfq.award	procurement.rfq.execute	ترسيةُ العرض الفائز	إدارة المشتريات	طلب العروض ومقارنتها	مديرُ المشتريات	rfq_awards · quotas	RFQAwarded	الموردون · المالية · المخازن	حصةُ المورد تُخصَّص بقيد Σ ≤ التزامُ العقد · وأمرُ الشراء يُفتح · والخاسرون يُخطَرون	إلغاءُ ترسيةٍ بقرارٍ وسبب	✔	✔	✔	✔	◐ معلَّقُ الربطِ معلَنٌ	✔	✔	◐ يحتاج مقارنةً بالكود الحيّ	لا	معلَّقُ الربطِ — 228 من 242
32	rfq.send	procurement.rfq.submit_send	إرسالُ طلب عروضٍ للموردين	إدارة المشتريات	طلب العروض ومقارنتها	المشتريات	rfq · rfq_invites	RFQSent	الموردون	كلُّ موردٍ يرى طلبَه وحدَه — والعروضُ معزولةٌ بعضُها عن بعض	إلغاءُ الطلب وإخطارُ المدعوين	✔	✔	✔	✔	◐ معلَّقُ الربطِ معلَنٌ	✔	✔	◐ يحتاج مقارنةً بالكود الحيّ	لا	معلَّقُ الربطِ — 228 من 242
33	rfq.quote	procurement.rfq.submit_quote	تقديمُ عرضٍ من المورد	إدارة المشتريات	طلب العروض ومقارنتها	المورد	rfq_quotes	QuoteSubmitted	المشتريات	العرضُ يُسجَّل مقفلًا حتى موعد الفتح — ولا يراه موردٌ آخر	سحبُ العرض قبل الفتح	✔	✔	✔	✔	◐ معلَّقُ الربطِ معلَنٌ	✔	✔	◐ يحتاج مقارنةً بالكود الحيّ	لا	معلَّقُ الربطِ — 228 من 242
34	po.issue	procurement.po.execute	إصدارُ أمر شراء	إدارة المشتريات	أوامر الشراء	مديرُ المشتريات	purchase_orders · commitments	PurchaseOrderIssued	المخازن · المالية · الموردون	المخزنُ ينتظر الاستلام · والالتزامُ يُسجَّل في الموازنة · ولا يصدر بلا اعتمادٍ مالي	إلغاءٌ وتحريرُ الالتزام	✔	✔	✔	✔	◐ معلَّقُ الربطِ معلَنٌ	✔	✔	◐ يحتاج مقارنةً بالكود الحيّ	لا	معلَّقُ الربطِ — 228 من 242
35	po.receive.partial	procurement.po.receive	استلامٌ جزئيٌّ لأمر	إدارة المشتريات	أوامر الشراء	المخازن	goods_receipts	PartialReceipt	المشتريات · المالية	الكميةُ المستلَمة تدخل المخزون · والباقي يبقى منتظرًا · والمطابقةُ تنتظر الاكتمال	إرجاعٌ بسندٍ مقابل	✔	✔	✔	✔	◐ معلَّقُ الربطِ معلَنٌ	✔	✔	◐ يحتاج مقارنةً بالكود الحيّ	لا	معلَّقُ الربطِ — 228 من 242
36	stock.receive	inventory.stock.execute_receive	إدخالُ مواد للمخزن	إدارة المخازن	أرصدة المخزون بحالاتها	أمينُ المخزن	stock_moves	StockReceived	المشتريات · المالية · الصيانة	الرصيدُ يرتفع «متاحًا» · وأمرُ الشراء يُقفل استلامًا · والحجزُ المعلَّق يُنفَّذ	إرجاعٌ للمورد بسندٍ مقابل	✔	✔	✔	✔	◐ معلَّقُ الربطِ معلَنٌ	✔	✔	◐ يحتاج مقارنةً بالكود الحيّ	لا	معلَّقُ الربطِ — 228 من 242
37	stock.reorder	inventory.stock.execute_reorder	بلوغُ حدِّ إعادة الطلب	إدارة المخازن	أرصدة المخزون بحالاتها	النظام	reorder_alerts	ReorderTriggered	المشتريات · الصيانة	طلبُ شراءٍ يُقترح آليًّا · والقطعةُ الحرجةُ تُنبَّه للصيانة	تجاهلٌ بقرارٍ مسجَّل	✔	✔	✔	✔	◐ معلَّقُ الربطِ معلَنٌ	✔	✔	◐ يحتاج مقارنةً بالكود الحيّ	لا	معلَّقُ الربطِ — 228 من 242
38	stock.reserve	inventory.stock.execute_reserve	حجزُ صنفٍ لأمر	إدارة المخازن	أرصدة المخزون بحالاتها	الصيانة	stock_reservations	StockReserved	المخازن · الصيانة	المتاحُ ينقص والمحجوزُ يرتفع · وأمرُ العمل يعرف أن قطعتَه محجوزة	تحريرُ الحجز بانتهاء الأمر	✔	✔	✔	✔	◐ معلَّقُ الربطِ معلَنٌ	✔	✔	◐ يحتاج مقارنةً بالكود الحيّ	لا	معلَّقُ الربطِ — 228 من 242
39	stock.issue	inventory.stock.disburse	صرفُ مواد بسند	إدارة المخازن	صرف مواد من المخزن	أمينُ المخزن	stock_moves · custody · cost_alloc	StockIssued	الصيانة · المالية · المشتريات · الموقع	الرصيدُ ينخفض · وعهدةٌ تُفتح باسم المستلم · والتكلفةُ تُحمَّل على الأمر أو المشروع · وإن بلغ الحدَّ وُلّد طلبُ شراء	إرجاعٌ بسندٍ مقابل	✔	✔	✔	✔	◐ معلَّقُ الربطِ معلَنٌ	✔	✔	◐ يحتاج مقارنةً بالكود الحيّ	لا	معلَّقُ الربطِ — 228 من 242
40	stock.count	inventory.stock.close	إقفالُ محضر جرد	إدارة المخازن	الجرد ومعالجة الفروقات	مديرُ المخازن	stock_count · adjustments	StockCounted	المالية	الفرقُ يُسجَّل بسببه · وقيدُ تسويةٍ يُولَّد · والدفتريُّ يساوي الفعليّ	عكسُ التسوية بقيدٍ مقابل	✔	✔	✔	✔	◐ معلَّقُ الربطِ معلَنٌ	✔	✔	◐ يحتاج مقارنةً بالكود الحيّ	لا	معلَّقُ الربطِ — 228 من 242
41	contract.activate	sales.contract.activate	تفعيلُ العقد	المبيعات والعقود	عقود العملاء	المديرُ التنفيذي	contracts.state · obligations	ContractActivated	التشغيل · الموردون · المالية	الحاويةُ الرئيسية تُولَّد · والتغطيةُ تُفتح للتخصيص · وخطةُ الدفع تدخل التدفق	إنهاءٌ أو تعليقٌ بقرار	✔	✔	✔	✔	◐ معلَّقُ الربطِ معلَنٌ	✔	✔	◐ يحتاج مقارنةً بالكود الحيّ	لا	معلَّقُ الربطِ — 228 من 242
42	supplier.activate	suppliers.supplier.activate	تفعيلُ مورد	إدارة الموردين	سجل الموردين	مديرُ الموردين	suppliers.state · docs	SupplierActivated	التشغيل · المشتريات · المالية	الحارسُ يفحص الوثائقَ السارية · ويصير قابلًا للتعاقد والتخصيص	تعطيلٌ بسببٍ مكتوب	✔	✔	✔	✔	◐ معلَّقُ الربطِ معلَنٌ	✔	✔	◐ يحتاج مقارنةً بالكود الحيّ	لا	معلَّقُ الربطِ — 228 من 242
43	supplier.evaluate	suppliers.supplier.execute	تقييمُ مورد	إدارة الموردين	سجل الموردين	مديرُ الموردين	supplier_ratings	SupplierEvaluated	المشتريات · التشغيل	التقييمُ يؤثر في الترسية القادمة · والمتدنّي يُقيَّد أو يُعلَّق	إعادةُ تقييمٍ بدورة	✔	✔	✔	✔	◐ معلَّقُ الربطِ معلَنٌ	✔	✔	◐ يحتاج مقارنةً بالكود الحيّ	لا	معلَّقُ الربطِ — 228 من 242
44	quota.allocate	suppliers.quota.assign	تخصيصُ حصةٍ لمورد	إدارة الموردين	حصص الموردين من العقود	مديرُ الموردين	supplier_quotas	QuotaAllocated	التشغيل · المبيعات · المالية	الحارسُ يفحص Σ الحصص ≤ التزامُ العقد · والتخصيصُ الميدانيُّ يُقيَّد بها	سحبُ حصةٍ بتاريخٍ وسبب	✔	✔	✔	✔	◐ معلَّقُ الربطِ معلَنٌ	✔	✔	◐ يحتاج مقارنةً بالكود الحيّ	لا	معلَّقُ الربطِ — 228 من 242
45	quota.consume	suppliers.quota.execute	استهلاكُ حصةٍ باعتماد وحدة	إدارة الموردين	حصص الموردين من العقود	النظام	quota_ledger	QuotaConsumed	الموردون · التشغيل	الرصيدُ المتاحُ من الحصة ينقص · وبلوغُ السقف يمنع تخصيصًا جديدًا	عكسٌ بتغيير حالة الوحدة	✔	✔	✔	✔	◐ معلَّقُ الربطِ معلَنٌ	✔	✔	◐ يحتاج مقارنةً بالكود الحيّ	لا	معلَّقُ الربطِ — 228 من 242
46	settle.approve	suppliers.settlement.approve	اعتمادُ تسوية المورد	إدارة الموردين	تسويات ومستحقات الموردين	مديرُ الموردين	settlements · payables	SettlementApproved	المالية	الذمةُ الدائنةُ تُسجَّل · وطلبُ الدفع يُفتح · والكشفُ الشهريُّ يُحدَّث	اعتراضٌ ببندٍ أو عكسٌ بحركة	✔	✔	✔	✔	◐ معلَّقُ الربطِ معلَنٌ	✔	✔	◐ يحتاج مقارنةً بالكود الحيّ	لا	معلَّقُ الربطِ — 228 من 242
47	op.assign	workforce.op.assign	تكليفُ مشغّلٍ على معدة	القوى التشغيلية	تكليف المشغّل على المعدة	مديرُ القوى	operator_assignments	OperatorAssigned	التشغيل · الموقع · الأسطول · الموارد	الحارسُ يفحص التأهيلَ والرخصةَ · والتايم شيتُ يقبل هذا المشغّل على هذه المعدة · وسجلُّ القيادة يُحدَّث	إنهاءُ تكليفٍ بتاريخ	✔	✔	✔	✔	◐ معلَّقُ الربطِ معلَنٌ	✔	✔	◐ يحتاج مقارنةً بالكود الحيّ	لا	معلَّقُ الربطِ — 228 من 242
48	asset.create	fleet.asset.create	إنشاءُ كرت معدة	إدارة الأسطول	سجل المعدات	مسجّلُ الأصل	equipments · asset_register	AssetCreated	الصيانة · التشغيل · المالية · التمويل	كرتٌ بكودٍ دائم · وطلبُ تفتيشٍ أوليٍّ يُفتح · وأصلٌ يدخل السجلَ بلا إهلاكٍ حتى التفعيل	استبعادٌ موثَّق	✔	✔	✔	✔	◐ معلَّقُ الربطِ معلَنٌ	✔	✔	◐ يحتاج مقارنةً بالكود الحيّ	لا	معلَّقُ الربطِ — 228 من 242
49	asset.dispose	fleet.asset.execute	إخراجُ معدةٍ من الخدمة	إدارة الأسطول	سجل المعدات	المديرُ المالي	asset_register · fin_events	AssetDisposed	المالية · التشغيل · الصيانة · التمويل	الإهلاكُ يتوقف · والقيمةُ تُقفل · والتخصيصاتُ تُنهى · والحصصُ تُغلق	عكسٌ بقرارٍ وقيدٍ مقابل	✔	✔	✔	✔	◐ معلَّقُ الربطِ معلَنٌ	✔	✔	◐ يحتاج مقارنةً بالكود الحيّ	لا	معلَّقُ الربطِ — 228 من 242
50	payroll.approve	hr.payment.approve	اعتمادُ المسيّر	الموارد البشرية	مسيّر الرواتب	المديرُ المالي	payroll · payables · fin_events	PayrollApproved	المالية · الموارد · القوى	الاستحقاقُ يُقيَّد · وأمرُ الدفع يُفتح · والخصوماتُ تُرحَّل · والسلفُ تُستقطع	عكسُ المسيّر بقيدٍ مقابل	✔	✔	✔	✔	◐ معلَّقُ الربطِ معلَنٌ	✔	✔	◐ يحتاج مقارنةً بالكود الحيّ	لا	معلَّقُ الربطِ — 228 من 242
51	fin.entitle	finance.finance.compute_entitle	توليدُ الاستحقاق	المالية والخزينة	توليد المستحق من العمل المعتمد	المديرُ المالي	fin_events · receivables · payables	EntitlementGenerated	المبيعات · الموردون · القوى · التمويل	إيرادُ العميل وذمةُ المورد وأجرُ المشغّل تتولد من واقعةٍ واحدةٍ بأحكامٍ ثلاثةٍ مستقلة — ولا أثرَ قبل هذه اللحظة	قيدٌ عاكسٌ بمرجعه	✔	✔	✔	✔	◐ معلَّقُ الربطِ معلَنٌ	✔	✔	◐ يحتاج مقارنةً بالكود الحيّ	لا	معلَّقُ الربطِ — 228 من 242
52	pay.request	finance.payment.create	إنشاءُ طلب دفع	المالية والخزينة	طلبات الدفع والسداد	الإدارةُ الطالبة	payment_requests · budget_check	PaymentRequested	المالية · الميزانية	الحارسُ يفحص المتاحَ في الميزانية · والطلبُ يدخل سلّمَ الاعتماد بسقفه	سحبٌ قبل الاعتماد	✔	✔	✔	✔	◐ معلَّقُ الربطِ معلَنٌ	✔	✔	◐ يحتاج مقارنةً بالكود الحيّ	لا	معلَّقُ الربطِ — 228 من 242
53	pay.execute	finance.payment.execute	تنفيذُ السداد	المالية والخزينة	طلبات الدفع والسداد	أمينُ الخزينة	payments · treasury	PaymentExecuted	الموردون · التمويل · الموارد · المشتريات	الذمةُ تنخفض · والخزينةُ تنخفض · والكشفُ يُحدَّث · والمطابقةُ البنكيةُ تنتظر	سندُ عكسٍ بمرجعه	✔	✔	✔	✔	◐ معلَّقُ الربطِ معلَنٌ	✔	✔	◐ يحتاج مقارنةً بالكود الحيّ	لا	معلَّقُ الربطِ — 228 من 242
54	fin.close	finance.finance.close	إقفالُ الفترة المحاسبية	المالية والخزينة	إقفال الفترة المحاسبية	المديرُ المالي	period_close · locks	FinPeriodClosed	كلُّ الإدارات	لا كتابةَ في الفترة · والقيودُ تُجمَّد · والتقاريرُ تصير نهائية	فتحٌ بقرار نائبُ الرئيس التنفيذي المختص وسببٍ مكتوب	✔	✔	✔	✔	◐ معلَّقُ الربطِ معلَنٌ	✔	✔	◐ يحتاج مقارنةً بالكود الحيّ	لا	معلَّقُ الربطِ — 228 من 242
55	budget.commit	finance.budget.execute	حجزُ التزامٍ على الميزانية	المالية والخزينة	الموازنة العامة	النظام	budget_commitments	BudgetCommitted	الإدارةُ المعنية · المالية	المتاحُ ينخفض قبل الصرف · وتجاوزُ السقف يوقف الطلبَ حتى الاعتماد	تحريرُ الالتزام عند الإلغاء	✔	✔	✔	✔	◐ معلَّقُ الربطِ معلَنٌ	✔	✔	◐ يحتاج مقارنةً بالكود الحيّ	لا	معلَّقُ الربطِ — 228 من 242
56	budget.approve	finance.budget.approve	اعتمادُ الموازنة	المالية والخزينة	الموازنة العامة	المديرُ التنفيذي	budgets	BudgetApproved	كلُّ الإدارات	سقفُ كل إدارةٍ يُثبَّت · وطلباتُ الصرف تُفحص عليه · والتجاوزُ يُوقف حتى الاعتماد	تعديلٌ بقرارٍ وبيانِ أثر	✔	✔	✔	✔	◐ معلَّقُ الربطِ معلَنٌ	✔	✔	◐ يحتاج مقارنةً بالكود الحيّ	لا	معلَّقُ الربطِ — 228 من 242
57	fin.operation	capital.finance.execute	تنفيذُ عملية تمويل	التمويل والملكية	عمليات التمويل	إدارةُ التمويل	financing_ops · assets · installments	FinancingActivated	المالية · الأسطول	الأصلُ والالتزامُ يُقيَّدان بحسب النموذج · وجدولُ الأقساط يُولَّد · والتدفقُ يُحدَّث	إقفالُ العملية بقرارٍ وقيدٍ مقابل	✔	✔	✔	✔	◐ معلَّقُ الربطِ معلَنٌ	✔	✔	◐ يحتاج مقارنةً بالكود الحيّ	لا	معلَّقُ الربطِ — 228 من 242
58	share.record	capital.share.create	تسجيلُ حصة ملكية	التمويل والملكية	حصص الملكية في الأصول	الإدارةُ العامة	ownership_shares · audit	OwnershipChanged	المالية · الأسطول	الحارسُ يفحص Σ الحصص = 100٪ بالضبط · وحاملُ الإهلاك يتغير · ومستحقُّ العائد يتغير	إنهاءُ حصةٍ بمستند بيعٍ وتاريخ	✔	✔	✔	✔	◐ معلَّقُ الربطِ معلَنٌ	✔	✔	◐ يحتاج مقارنةً بالكود الحيّ	لا	معلَّقُ الربطِ — 228 من 242
59	route.auto	tickets.route.execute	التوجيهُ الآلي	مركز البلاغات	تصنيف البلاغ وتوجيهه آليًّا	النظام	tickets.assigned · sla	TicketRouted	الإدارةُ المختصة	التذكرةُ تصل صاحبَها بلا وسيط · والمهلةُ تبدأ · والمعدةُ في مقعدٍ تعاقديٍّ ترفع الأولويةَ لحرج	تصحيحُ تصنيفٍ يعيد التوجيه	✔	✔	✔	✔	◐ معلَّقُ الربطِ معلَنٌ	✔	✔	◐ يحتاج مقارنةً بالكود الحيّ	لا	معلَّقُ الربطِ — 228 من 242
60	esc.auto	tickets.escalation.execute	التصعيدُ الآلي	مركز البلاغات	مهل البلاغات وتصعيدها	النظام	escalations · alerts	TicketEscalated	مديرُ الإدارة · مديرُ التشغيل · الإدارةُ العامة	ينتقل للمستوى الأعلى بانتهاء المهلة · ويبقى مالكُه الأصليُّ مسؤولًا — فالتصعيدُ إضافةُ رقيبٍ لا نقلُ عبء	رفعُ التصعيد بإنجازٍ مؤكَّد	✔	✔	✔	✔	◐ معلَّقُ الربطِ معلَنٌ	✔	✔	◐ يحتاج مقارنةً بالكود الحيّ	لا	معلَّقُ الربطِ — 228 من 242
61	deleg.grant	governance.delegation.execute	إصدارُ تفويضٍ بالتوقيع	الحوكمة والالتزام	التفويض بالتوقيع	الحوكمة	signature_delegations	DelegationGranted	سلّمُ الموافقات · كلُّ الإدارات	المفوَّضُ يعتمد في سقفه ونطاقه ومدته · وينتهي آليًّا · وكلُّ اعتمادٍ يحمل مرجعَ تفويضه	سحبٌ بقرارٍ فوريّ	✔	✔	✔	✔	◐ معلَّقُ الربطِ معلَنٌ	✔	✔	◐ يحتاج مقارنةً بالكود الحيّ	لا	معلَّقُ الربطِ — 228 من 242
62	user.create	governance.user.create	إنشاءُ حساب	الحوكمة والالتزام	حسابات المستخدمين	مديرُ الصلاحيات	users · person_relationships	AccountCreated	الحوكمة · الموارد	حسابٌ واحدٌ للشخص بصفاته · والصلاحيةُ تُشتق من قالب دوره · ولا حسابَ ثانٍ لنفس الشخص	تعطيلٌ لا حذف	✔	✔	✔	✔	◐ معلَّقُ الربطِ معلَنٌ	✔	✔	◐ يحتاج مقارنةً بالكود الحيّ	لا	معلَّقُ الربطِ — 228 من 242
63	role.template	governance.role.update	تعديلُ قالب صلاحيات	الحوكمة والالتزام	الأدوار وقوالب صلاحياتها	مديرُ الصلاحيات	role_templates · effective_perms	RoleTemplateChanged	كلُّ من يحمل الدور	الصلاحياتُ المشتقةُ تُعاد حسابها · والقوائمُ تُعاد بناؤها · ولا يُمسّ استثناءٌ فرديٌّ نافذ	رجوعٌ لنسخةٍ سابقةٍ بسجل	✔	✔	✔	✔	◐ معلَّقُ الربطِ معلَنٌ	✔	✔	◐ يحتاج مقارنةً بالكود الحيّ	لا	معلَّقُ الربطِ — 228 من 242
64	role.create	governance.role.create	إنشاءُ دورٍ جديد	الحوكمة والالتزام	الأدوار وقوالب صلاحياتها	مديرُ الصلاحيات	roles · role_templates	RoleCreated	الحوكمة	الدورُ يرث قالبَ عائلته · والصلاحيةُ تُشتق من الطبقات السبع · ولا تُمنح فرديًّا إلا باستثناء	تعطيلٌ بعد نقل حامليه	✔	✔	✔	✔	◐ معلَّقُ الربطِ معلَنٌ	✔	✔	◐ يحتاج مقارنةً بالكود الحيّ	لا	معلَّقُ الربطِ — 228 من 242
65	vis.publish	governance.vis.execute_publish	نشرُ تغيير ظهور	الحوكمة والالتزام	من يرى ماذا ومكوّنات البوابة	مديرُ الصلاحيات	visibility_keys · portal_elements	VisibilityChanged	كلُّ الإدارات	قوائمُ الإدارات تُعاد بناؤها للأدوار المتأثرة · والمحجوبُ يختفي من الصفحة · والحارسُ يُحدَّث	رجوعٌ للنسخة السابقة بسجل	✔	✔	✔	✔	◐ معلَّقُ الربطِ معلَنٌ	✔	✔	◐ يحتاج مقارنةً بالكود الحيّ	لا	معلَّقُ الربطِ — 228 من 242
66	vis.simulate	governance.vis.execute_simulate	محاكاةُ ظهورٍ لدور	الحوكمة والالتزام	من يرى ماذا ومكوّنات البوابة	مديرُ الصلاحيات	—	—	—	يُعرض ما سيراه الدورُ قبل النشر — بلا أثرٍ على البيانات	◆ بلا عكس	✔	✔	✔	✔	◐ معلَّقُ الربطِ معلَنٌ	✔	✔	◐ يحتاج مقارنةً بالكود الحيّ	لا	معلَّقُ الربطِ — 228 من 242
67	module.toggle	governance.module.activate	تفعيلُ صفحةٍ أو إخفاؤها	الحوكمة والالتزام	صفحات النظام والإدارات	مديرُ الصلاحيات	modules · menu_cache	ModuleToggled	كلُّ الإدارات	الصفحةُ تظهر أو تختفي من كل القوائم · وتحويلُ المسار يبقى بعدّادٍ لمن يطرق القديم	إعادةُ التفعيل	✔	✔	✔	✔	◐ معلَّقُ الربطِ معلَنٌ	✔	✔	◐ يحتاج مقارنةً بالكود الحيّ	لا	معلَّقُ الربطِ — 228 من 242
68	exception.grant	governance.exception.grant	منحُ استثناء	الحوكمة والالتزام	طلبات الاستثناء	سلّمُ الموافقات	exceptions · guard_state	ExceptionGranted	الإدارةُ الطالبة · الحوكمة	الحارسُ يسمح لهذا النطاق وهذه المدة وحدهما · وكلُّ استعمالٍ يُسجَّل · وينتهي آليًّا	إلغاءٌ مبكرٌ بقرار	✔	✔	✔	✔	◐ معلَّقُ الربطِ معلَنٌ	✔	✔	◐ يحتاج مقارنةً بالكود الحيّ	لا	معلَّقُ الربطِ — 228 من 242
69	audit.read	governance.audit.create	تسجيلُ اطّلاعٍ على حقلٍ حساس	الحوكمة والالتزام	سجل التدقيق والاطّلاع	النظام	access_log	SensitiveAccessed	الحوكمة	كلُّ قراءةٍ لبياناتِ ملكيةٍ أو راتبٍ أو حسابٍ بنكيٍّ تُسجَّل بالمستخدم والوقت والسجل	لا عكسَ — السجلُّ لا يُعدَّل	✔	✔	✔	✔	◐ معلَّقُ الربطِ معلَنٌ	✔	✔	◐ يحتاج مقارنةً بالكود الحيّ	لا	معلَّقُ الربطِ — 228 من 242
70	audit.export	governance.audit.export	تصديرُ سجل تدقيق	الحوكمة والالتزام	سجل التدقيق والاطّلاع	الحوكمة	export_log	AuditExported	الحوكمة	التصديرُ نفسُه يُسجَّل — فسجلُّ التدقيق يدقّق من يقرؤه	◆ بلا عكس	✔	✔	✔	✔	◐ معلَّقُ الربطِ معلَنٌ	✔ قارئٌ — لا أثرَ يُعكس	✔	◐ يحتاج مقارنةً بالكود الحيّ	لا	معلَّقُ الربطِ — 228 من 242
71	room.intervene	ops.room.execute_intervene	التدخّل في موقعٍ متعثّر	إدارة التشغيل	غرفة عمليات المواقع	مديرُ التشغيل	interventions · alerts	SiteIntervention	الموقع · القوى · الصيانة	الموقعُ يُخطَر بالتدخّل · وطلبُ إحلالٍ أو بديلٍ يُفتح · ويُسجَّل التدخّلُ في أداء الموقع	إغلاقُ التدخّل بحلٍّ مؤكَّد	✔	✔	✔	✔	◐ معلَّقُ الربطِ معلَنٌ	✔	✔	◐ يحتاج مقارنةً بالكود الحيّ	لا	معلَّقُ الربطِ — 228 من 242
72	room.filter	ops.room.execute_filter	تصفيةُ المواقع بحالتها	إدارة التشغيل	غرفة عمليات المواقع	المستخدم	—	—	—	عرضٌ مصفًّى بالحالة أو المشروع أو نوع المعدة — بلا أثرٍ على البيانات	◆ بلا عكس	✔	✔	✔	✔	◐ معلَّقُ الربطِ معلَنٌ	✔	✔	◐ يحتاج مقارنةً بالكود الحيّ	لا	معلَّقُ الربطِ — 228 من 242
73	shift.open	site.shift.create	فتحُ الوردية	إدارة الموقع	سجل الوردية	مشرفُ الوردية	shift_log · attendance	ShiftOpened	القوى · الموقع · التايم شيت	الورديةُ تصير نافذةً · والتايم شيتُ يقبل الإدخالَ عليها · وحضورُ المشغّلين يُثبَّت	إلغاءُ فتحٍ قبل أول إدخال	✔	✔	✔	✔	◐ معلَّقُ الربطِ معلَنٌ	✔	✔	◐ يحتاج مقارنةً بالكود الحيّ	لا	معلَّقُ الربطِ — 228 من 242
74	shift.close	site.shift.close	إقفالُ الوردية ومحضرُ التسليم	إدارة الموقع	سجل الوردية	مشرفُ الوردية	shift_log.closed · handover	ShiftClosed	الموقع · القوى · الأسطول	لا إدخالَ على الوردية بعده · ومحضرُ التسليم يُوثَّق · وقراءةُ العدّاد تُثبَّت	فتحٌ بطلبٍ ومعتمِد	✔	✔	✔	✔	◐ معلَّقُ الربطِ معلَنٌ	✔	✔	◐ يحتاج مقارنةً بالكود الحيّ	لا	معلَّقُ الربطِ — 228 من 242
75	unit.assign	ops.unit.assign	إسنادُ معدةٍ لوحدةٍ تعاقدية	إدارة التشغيل	إسناد المعدات للوحدات	مديرُ التشغيل	unit_assignments	UnitEquipmentAssigned	المبيعات · الموردون · الأسطول · المالية	المقعدُ يمتلئ وفجوةُ المقاعد تنقص · وساعاتُ المعدة تُنسب للوحدة · والاستحقاقُ يُحتسب عليها	إنهاءُ إسنادٍ بتاريخٍ وسببِ استبدال	✔	✔	✔	✔	◐ معلَّقُ الربطِ معلَنٌ	✔	✔	◐ يحتاج مقارنةً بالكود الحيّ	لا	معلَّقُ الربطِ — 228 من 242
76	perf.compute	ops.period.compute	احتسابُ الأداء الشهري	إدارة التشغيل	الأداء الشهري للوحدة	النظام	unit_monthly_perf	UnitPerfComputed	المبيعات · الموردون · المالية	التعاقديةُ مقابل المنفَّذة · والعجزُ يفتح بندَ مطالبةٍ إن نصّ العقد · والجزاءُ يُحتسب	إعادةُ احتسابٍ بعد تصحيح وحدة	✔	✔	✔	✔	◐ معلَّقُ الربطِ معلَنٌ	✔	✔	◐ يحتاج مقارنةً بالكود الحيّ	لا	معلَّقُ الربطِ — 228 من 242
77	unbilled.claim	sales.unbilled.execute	المطالبةُ ببندٍ محتبَس	المبيعات والعقود	الأعمال غير المفوترة	المبيعات	claims · unbilled.state	UnbilledClaimed	المالية · التشغيل	البندُ ينتقل إلى المستخلص · وعمرُ الاحتباس يتوقف · والإيرادُ المحتبَسُ ينقص	سحبُ المطالبة بقرار	✔	✔	✔	✔	◐ معلَّقُ الربطِ معلَنٌ	✔	✔	◐ يحتاج مقارنةً بالكود الحيّ	لا	معلَّقُ الربطِ — 228 من 242
78	insp.submit	maint.insurance.submit	رفعُ تفتيشٍ منجَز	إدارة الصيانة	الفحص الفني اليومي	الفنيّ	inspections · findings	InspectionSubmitted	الصيانة · الأسطول	بنودُ الملاحظة والحرج تُفتح · وقرارُ التشغيل يُقترح · والكرتُ يُحدَّث بتاريخ التفتيش	إعادةٌ للتصحيح	✔	✔	✔	✔	◐ معلَّقُ الربطِ معلَنٌ	✔	✔	◐ يحتاج مقارنةً بالكود الحيّ	لا	معلَّقُ الربطِ — 228 من 242
79	insp.decide	maint.insurance.execute	قرارُ التشغيل بعد التفتيش	إدارة الصيانة	الفحص الفني اليومي	مديرُ الصيانة	readiness · tech_decision	TechDecisionMade	التشغيل · الأسطول · الموقع	يسمح · أو يسمح بمتابعة · أو حتى موعد · أو يمنع — والحارسُ يطبّق القرارَ على التخصيص	سحبُ القرار بتفتيشٍ جديد	✔	✔	✔	✔	◐ معلَّقُ الربطِ معلَنٌ	✔	✔	◐ يحتاج مقارنةً بالكود الحيّ	لا	معلَّقُ الربطِ — 228 من 242
80	pm.generate	maint.pm.compute	توليدُ أمرٍ وقائيٍّ بالساعات	إدارة الصيانة	خطط الصيانة الوقائية	النظام	work_orders · pm_plans	PreventiveTriggered	الصيانة · التشغيل · المخازن	أمرُ عملٍ وقائيٌّ يُفتح ببلوغ 250 ساعة · والقطعُ تُحجز · والتوقفُ يُجدول في الخطة	تأجيلٌ بقرارٍ وسقفِ ساعات	✔	✔	✔	✔	◐ معلَّقُ الربطِ معلَنٌ	✔	✔	◐ يحتاج مقارنةً بالكود الحيّ	لا	معلَّقُ الربطِ — 228 من 242
81	fail.classify	maint.fail.execute	تصنيفُ العطل وسببِه الجذري	إدارة الصيانة	تصنيف الأعطال وأسبابها	مسؤولُ الصيانة	failures · root_cause	FailureClassified	الأسطول · الموردون · التشغيل	اعتماديةُ المعدة تُعاد حسابها · وتكرارُ العطل يرفع البلاغَ مشكلةً · والمورد يُقيَّم	إعادةُ تصنيفٍ بسبب	✔	✔	✔	✔	◐ معلَّقُ الربطِ معلَنٌ	✔	✔	◐ يحتاج مقارنةً بالكود الحيّ	لا	معلَّقُ الربطِ — 228 من 242
82	tech.assign	maint.tech.assign	تكليفُ فنيٍّ بأمرٍ	إدارة الصيانة	الورش والفنيون	مديرُ الصيانة	work_labor · workload	TechnicianAssigned	الموارد · الصيانة	ساعاتُ الفني تُسجَّل على الأمر · وتكلفتُها تُحمَّل · وحملُ الورشة يُحدَّث	إنهاءُ تكليف	✔	✔	✔	✔	◐ معلَّقُ الربطِ معلَنٌ	✔	✔	◐ يحتاج مقارنةً بالكود الحيّ	لا	معلَّقُ الربطِ — 228 من 242
83	model.define	fleet.model.define	تعريفُ موديلٍ ومواصفاتِه	إدارة الأسطول	موديلات المعدات ومواصفاتها	الأسطول	equipment_models · service_specs	ModelDefined	الصيانة · المشتريات	كلُّ معدةٍ من الموديل ترث مواصفاتِه ودورياتِ غياره وقطعَه القياسية	تعديلٌ بأثرٍ مستقبليٍّ لا رجعي	✘ رمزٌ لأكثرَ من معنى	✔	✔	✔	◐ معلَّقُ الربطِ معلَنٌ	✔	✔	◐ يحتاج مقارنةً بالكود الحيّ	نعم	معلَّقُ الربطِ — 228 من 242
84	req.raise	transport.request.submit	رفعُ طلب ترحيل	النقل والترحيل	طلبات الترحيل	الإدارةُ الطالبة	transfer_requests	TransferRequested	النقل	الطلبُ يصل النقلَ بمصدره ومبرّره — ولا يُنفَّذ قبل أمرٍ معتمد	سحبُ الطلب قبل الأمر	✘ رمزٌ لأكثرَ من معنى	✔	✔	✔	◐ معلَّقُ الربطِ معلَنٌ	✔	✔	◐ يحتاج مقارنةً بالكود الحيّ	نعم	معلَّقُ الربطِ — 228 من 242
85	permit.issue	transport.period.execute	إصدارُ تصريحٍ للمسار	النقل والترحيل	تصاريح المسار والحمولة	منسّقُ الترحيل	permits	PermitIssued	النقل	الأمرُ يصير جاهزًا للتنفيذ · ولا مغادرةَ بتصريحٍ منتهٍ	إلغاءُ تصريحٍ يوقف الرحلة	✔	✔	✔	✔	◐ معلَّقُ الربطِ معلَنٌ	✔	✔	◐ يحتاج مقارنةً بالكود الحيّ	لا	معلَّقُ الربطِ — 228 من 242
86	trip.depart	transport.trip.create	تسجيلُ المغادرة	النقل والترحيل	متابعة الرحلات في الطريق	مشرفُ الانطلاق	transfer.departed	TransferDeparted	الموقعُ المستقبِل · الأسطول · التشغيل	المعدةُ تُرفع من الموقع المصدر · والوجهةُ تنتظرها · وزمنُ الرحلة يبدأ	إلغاءٌ قبل الخروج الفعلي	✔	✔	✔	✔	◐ معلَّقُ الربطِ معلَنٌ	✔	✔	◐ يحتاج مقارنةً بالكود الحيّ	لا	معلَّقُ الربطِ — 228 من 242
87	carrier.assign	transport.carrier.assign	تخصيصُ لابدٍ أو ناقلٍ للرحلة	النقل والترحيل	اللوابد والمركبات الناقلة	منسّقُ الترحيل	transfer_carriers	CarrierAssigned	النقل · المالية	اللابدُ يُحجز للرحلة · وتعرفتُه تدخل التكلفة · والمقاولُ الخارجيُّ يفتح طلبَ دفع	إنهاءُ حجزٍ بسبب	✔	✔	✔	✔	◐ معلَّقُ الربطِ معلَنٌ	✔	✔	◐ يحتاج مقارنةً بالكود الحيّ	لا	معلَّقُ الربطِ — 228 من 242
88	tariff.set	transport.tariff.approve	اعتمادُ تعرفةٍ أو قاعدةِ تحميل	النقل والترحيل	تعرفة الترحيل وقواعد التحميل	المالية	transfer_tariffs	TariffApproved	النقل · التشغيل · المبيعات	كلُّ رحلةٍ بعدها تُسعَّر بالتعرفة الجديدة · وقاعدةُ الستين يومًا تُطبَّق آليًّا	رجوعٌ لتعرفةٍ سابقةٍ بتاريخ	✔	✔	✔	✔	◐ معلَّقُ الربطِ معلَنٌ	✔	✔	◐ يحتاج مقارنةً بالكود الحيّ	لا	معلَّقُ الربطِ — 228 من 242
89	pr.raise	procurement.pr.submit	رفعُ طلب شراء	إدارة المشتريات	طلبات الشراء	الإدارةُ الطالبة	purchase_requests · budget_check	PurchaseRequested	المشتريات · المالية	الحارسُ يفحص المتاحَ في الميزانية · والطلبُ يحمل مصدرَ احتياجه وتصنيفَه	سحبٌ قبل طلب العروض	✔	✔	✔	✔	◐ معلَّقُ الربطِ معلَنٌ	✔	✔	◐ يحتاج مقارنةً بالكود الحيّ	لا	معلَّقُ الربطِ — 228 من 242
90	pr.approve	procurement.pr.execute	الاعتمادُ الماليُّ للطلب	إدارة المشتريات	طلبات الشراء	المالية	purchase_requests.state	PurchaseRequestApproved	المشتريات	الطلبُ يصير قابلًا لطلب العروض · والالتزامُ المبدئيُّ يُحجز	رفضٌ بسببٍ محكوم	✔	✔	✔	✔	◐ معلَّقُ الربطِ معلَنٌ	✔	✔	◐ يحتاج مقارنةً بالكود الحيّ	لا	معلَّقُ الربطِ — 228 من 242
91	match.exception	procurement.material.create	تسجيلُ فرقٍ في المطابقة	إدارة المشتريات	مطابقة الفاتورة بالأمر والاستلام	المشتريات	match_exceptions	MatchExceptionRaised	المالية · المخازن	الدفعُ يتوقف حتى تفسير الفرق · والفرقُ يُصنَّف: كميةً أو سعرًا أو صنفًا	إغلاقُ الفرق بقرارٍ وتسوية	✔	✔	✔	✔	◐ معلَّقُ الربطِ معلَنٌ	✔	✔	◐ يحتاج مقارنةً بالكود الحيّ	لا	معلَّقُ الربطِ — 228 من 242
92	item.critical	inventory.item.execute	وسمُ صنفٍ حرجًا	إدارة المخازن	كتالوج الأصناف والقطع الحرجة	المخازن	items.critical · reorder	ItemMarkedCritical	المشتريات · الصيانة	الحارسُ يمنع اعتمادَه حرجًا بلا حدودٍ ونقطةِ إعادة طلب · والنقصُ يُنبَّه فورًا	رفعُ الوسم بقرار	✔	✔	✔	✔	◐ معلَّقُ الربطِ معلَنٌ	✔	✔	◐ يحتاج مقارنةً بالكود الحيّ	لا	معلَّقُ الربطِ — 228 من 242
93	custody.return	inventory.custody.receive	استلامُ مرتجعٍ من العهدة	إدارة المخازن	العهد والمرتجعات	أمينُ المخزن	returns · custody.closed	CustodyReturned	المخازن · الصيانة · المالية	المرتجعُ يُصنَّف: صالحٌ أو قابلٌ للإصلاح أو للإتلاف · والعهدةُ تُقفل · والتكلفةُ تُعدَّل	إعادةُ فتح عهدةٍ بسبب	✔	✔	✔	✔	◐ معلَّقُ الربطِ معلَنٌ	✔	✔	◐ يحتاج مقارنةً بالكود الحيّ	لا	معلَّقُ الربطِ — 228 من 242
94	wh.move	inventory.warehouse.transfer	تحويلُ مواد بين مخزنين	إدارة المخازن	التحويل بين المخازن	أمينُ المخزن	stock_moves · transit	StockInTransit	المخزنُ المستقبِل · النقل	الرصيدُ يصير «قيد التحويل» — لا متاحًا ولا مصروفًا · ولا يُقفل إلا بالاستلام	إلغاءٌ يعيد الرصيدَ للمصدر	✔	✔	✔	✔	◐ معلَّقُ الربطِ معلَنٌ	✔	✔	◐ يحتاج مقارنةً بالكود الحيّ	لا	معلَّقُ الربطِ — 228 من 242
95	receipt.open	inventory.reconciliation.create	فتحُ عهدة استلامٍ مؤقت	إدارة المخازن	الاستلام المؤقت قبل الإدخال	المستلِم	receipt_custody	ReceiptCustodyOpened	المخازن · المشتريات · النقل	المادةُ في عهدة المستلم حتى الوجهة · ولا تدخل الرصيدَ المتاح	إقفالٌ بالاستلام النهائي	✔	✔	✔	✔	◐ معلَّقُ الربطِ معلَنٌ	✔	✔	◐ يحتاج مقارنةً بالكود الحيّ	لا	معلَّقُ الربطِ — 228 من 242
96	wh.define	inventory.warehouse.define	تعريفُ مخزنٍ ونوعِه	إدارة المخازن	المخازن وأنواعها	المخازن	warehouses · controls	WarehouseDefined	المخازن · الحوكمة	ضوابطُ الاستلام والصرف والجرد والصلاحيات تُشتق من النوع — والمتفجراتُ بعهدةٍ مزدوجة	تعطيلٌ بعد تصفير الرصيد	✔	✔	✔	✔	◐ معلَّقُ الربطِ معلَنٌ	✔	✔	◐ يحتاج مقارنةً بالكود الحيّ	لا	معلَّقُ الربطِ — 228 من 242
97	client.create	sales.client.create	تسجيلُ عميلٍ جديد	المبيعات والعقود	سجل العملاء	المبيعات	clients · entities	ClientCreated	المالية · الحوكمة	كيانٌ يُنشأ في السجل · وحسابُ ذمةٍ يُفتح · ولا تعاقدَ قبل اكتمال وثائقه	تعطيلٌ لا حذف	✔	✔	✔	✔	◐ معلَّقُ الربطِ معلَنٌ	✔	✔	◐ يحتاج مقارنةً بالكود الحيّ	لا	معلَّقُ الربطِ — 228 من 242
98	opp.qualify	sales.opp.execute	تأهيلُ فرصةٍ تجارية	المبيعات والعقود	الفرص والزيارات والمناقصات	المبيعات	opportunities.stage	OpportunityQualified	المبيعات	الفرصةُ تنتقل لمرحلة العرض · وتُحجز مواردُ التسعير	إسقاطُ الفرصة بسبب	✔	✔	✔	✔	◐ معلَّقُ الربطِ معلَنٌ	✔	✔	◐ يحتاج مقارنةً بالكود الحيّ	لا	معلَّقُ الربطِ — 228 من 242
99	quote.send	sales.quota.submit	إرسالُ عرض سعرٍ للعميل	المبيعات والعقود	عروض الأسعار للعملاء	مديرُ المبيعات	quotations · versions	QuoteSent	المالية	العرضُ يُقفل بنسخته · والتعديلُ ينشئ نسخةً جديدةً لا يمحو السابقة	سحبُ العرض بإخطار	✔	✔	✔	✔	◐ معلَّقُ الربطِ معلَنٌ	✔	✔	◐ يحتاج مقارنةً بالكود الحيّ	لا	معلَّقُ الربطِ — 228 من 242
100	quote.accept	sales.quota.execute	قبولُ العميل للعرض	المبيعات والعقود	عروض الأسعار للعملاء	المبيعات	quotations.accepted	QuoteAccepted	العقود · التشغيل	العرضُ يتحول إلى مسودة عقدٍ ببنوده وأسعاره — ولا يُعاد إدخالُها	رفضٌ يُغلق الفرصة	✔	✔	✔	✔	◐ معلَّقُ الربطِ معلَنٌ	✔	✔	◐ يحتاج مقارنةً بالكود الحيّ	لا	معلَّقُ الربطِ — 228 من 242
101	cov.define	sales.cov.define	تعريفُ التزام نوع المعدة	المبيعات والعقود	التزام العقد بنوع المعدة	العقود	contract_coverage	CoverageDefined	التشغيل · الموردون	الحاويةُ الرئيسية تُولَّد · وفجوةُ التغطية تُحتسب · وحصصُ الموردين تُقيَّد بها	تعديلٌ بملحقٍ لا بتحرير	✔	✔	✔	✔	◐ معلَّقُ الربطِ معلَنٌ	✔	✔	◐ يحتاج مقارنةً بالكود الحيّ	لا	معلَّقُ الربطِ — 228 من 242
102	unit.define	sales.unit.define	تعريفُ وحدةٍ تعاقديةٍ مرقَّمة	المبيعات والعقود	الوحدات التعاقدية المرقَّمة	العقود	contract_units	ContractUnitDefined	التشغيل · الموردون · المالية	مقعدٌ مرقَّمٌ بساعاته الشهرية · وفجوةُ المقاعد تُحتسب · والاستحقاقُ يُبنى عليه	إلغاءُ وحدةٍ بملحق	✔	✔	✔	✔	◐ معلَّقُ الربطِ معلَنٌ	✔	✔	◐ يحتاج مقارنةً بالكود الحيّ	لا	معلَّقُ الربطِ — 228 من 242
103	terms.set	sales.terms.execute	تثبيتُ أحكام العقد	المبيعات والعقود	أحكام العقد — العملات والمقدم والمهل	العقود والمالية	contract_terms	TermsLocked	المالية · التشغيل	العملاتُ الثلاثُ والمقدمُ ومهلُ الاعتماد والسداد ودورةُ الإقفال تصير حاكمةً للفوترة	تعديلٌ بملحقٍ بسريان	✔	✔	✔	✔	◐ معلَّقُ الربطِ معلَنٌ	✔	✔	◐ يحتاج مقارنةً بالكود الحيّ	لا	معلَّقُ الربطِ — 228 من 242
104	price.trigger	sales.price.execute	بلوغُ محفّز تعديل السعر	المبيعات والعقود	آليات تعديل السعر	النظام	price_adjust_events	PriceAdjustTriggered	المبيعات · المالية	المتغيرُ بلغ حدَّه — ويُفتح طلبُ مراجعةٍ بسقفه · ولا يُطبَّق آليًّا	إغلاقُ المحفّز بقرارٍ بعدم التعديل	✔	✔	✔	✔	◐ معلَّقُ الربطِ معلَنٌ	✔	✔	◐ يحتاج مقارنةً بالكود الحيّ	لا	معلَّقُ الربطِ — 228 من 242
105	claim.issue	sales.claim.execute	إصدارُ مستخلص	المبيعات والعقود	المستخلصات والمطالبات	المبيعات	claims · claim_lines	ClaimIssued	المالية · العميل · التشغيل	الوحداتُ المعتمدةُ تُدرج بأسعار لقطتها · والجزاءاتُ والحوافزُ تُحتسب · وتُفتح مهلةُ اعتماد العميل	إشعارٌ دائنٌ لا حذف	✔	✔	✔	✔	◐ معلَّقُ الربطِ معلَنٌ	✔	✔	◐ يحتاج مقارنةً بالكود الحيّ	لا	معلَّقُ الربطِ — 228 من 242
106	claim.client.approve	sales.claim.approve	اعتمادُ العميل للمستخلص	المبيعات والعقود	المستخلصات والمطالبات	العميل	claims.approved	ClaimApproved	المالية	الفاتورةُ تُفتح · والذمةُ المدينةُ تُسجَّل · ومهلةُ السداد تبدأ	اعتراضُ العميل يعيده لبند	✔	✔	✔	✔	◐ معلَّقُ الربطِ معلَنٌ	✔	✔	◐ يحتاج مقارنةً بالكود الحيّ	لا	معلَّقُ الربطِ — 228 من 242
107	penalty.compute	sales.penalty.compute	احتسابُ جزاءٍ أو حافز	المبيعات والعقود	الجزاءات والحوافز التعاقدية	المبيعات	penalties	PenaltyComputed	المالية · الموردون	البندُ يدخل المستخلصَ خصمًا أو إضافة · والمحمَّلُ على المورد يدخل تسويتَه	إعفاءٌ بقرارٍ يشير للأصل	✔	✔	✔	✔	◐ معلَّقُ الربطِ معلَنٌ	✔	✔	◐ يحتاج مقارنةً بالكود الحيّ	لا	معلَّقُ الربطِ — 228 من 242
108	risk.log	sales.risk.create_log	تسجيلُ خطرٍ تجاري	المبيعات والعقود	المخاطر التجارية	المبيعات	commercial_risks	RiskLogged	المالية · نائبُ الرئيس التنفيذي المختص	الخطرُ يُقيَّم باحتماله وأثره · ويُرفع إن تجاوز الحد	إغلاقُ الخطر بمعالجة	✔	✔	✔	✔	◐ معلَّقُ الربطِ معلَنٌ	✔	✔	◐ يحتاج مقارنةً بالكود الحيّ	لا	معلَّقُ الربطِ — 228 من 242
109	project.create	sales.project.create	إنشاءُ مشروع	المبيعات والعقود	المشاريع والمواقع	المبيعات	projects · cost_centers	ProjectCreated	التشغيل · المالية	مركزُ تكلفةٍ يُفتح · والعقودُ تُربط به أبًا تعاقديًّا · والمواقعُ تُسجَّل نطاقًا داخله	إقفالُ المشروع بعد تصفير حركته	✔	✔	✔	✔	◐ معلَّقُ الربطِ معلَنٌ	✔	✔	◐ يحتاج مقارنةً بالكود الحيّ	لا	معلَّقُ الربطِ — 228 من 242
110	sc.activate	suppliers.sc.activate	تفعيلُ عقد مورد	إدارة الموردين	عقود الموردين	المديرُ التنفيذي	supplier_contracts	SupplierContractActive	التشغيل · المالية	الحصةُ تصير قابلةً للتخصيص · وأساسُ الاستحقاق يُثبَّت · والوثائقُ تُفحص	إنهاءٌ أو تعليقٌ بقرار	✔	✔	✔	✔	◐ معلَّقُ الربطِ معلَنٌ	✔	✔	◐ يحتاج مقارنةً بالكود الحيّ	لا	معلَّقُ الربطِ — 228 من 242
111	se.register	suppliers.se.create	تسجيلُ معدةِ موردٍ ومالكِها	إدارة الموردين	معدات المورد ومالكوها	مديرُ الموردين	supplier_equipment · ownership	SupplierEquipRegistered	الأسطول · التشغيل	المعدةُ تدخل الأسطولَ المشغَّل بعرضٍ موحَّد · ومالكُها الحقيقيُّ يُوثَّق بحق الرجوع	إخراجٌ بتاريخٍ وسبب	✔	✔	✔	✔	◐ معلَّقُ الربطِ معلَنٌ	✔	✔	◐ يحتاج مقارنةً بالكود الحيّ	لا	معلَّقُ الربطِ — 228 من 242
112	stmt.issue	suppliers.stmt.execute	إصدارُ كشفٍ شهري	إدارة الموردين	كشف حساب المورد الشهري	مديرُ الموردين	supplier_statements	StatementIssued	المالية · المورد	الاستحقاقاتُ والمدفوعاتُ والرصيدُ التراكميُّ تُثبَّت · والمطابقةُ تُطلب قبل السداد	إعادةُ إصدارٍ بنسخةٍ جديدة	✔	✔	✔	✔	◐ معلَّقُ الربطِ معلَنٌ	✔	✔	◐ يحتاج مقارنةً بالكود الحيّ	لا	معلَّقُ الربطِ — 228 من 242
113	bank.verify	suppliers.bank.execute	التحققُ من حساب المورد	إدارة الموردين	حسابات الموردين البنكية	المالية	supplier_banks · verification	BankVerified	المالية	السدادُ لا يقع لحسابٍ غيرِ محقَّق · وكلُّ اطّلاعٍ على الحساب يُسجَّل	سحبُ التحقق بسبب	✔	✔	✔	✔	◐ معلَّقُ الربطِ معلَنٌ	✔	✔	◐ يحتاج مقارنةً بالكود الحيّ	لا	معلَّقُ الربطِ — 228 من 242
114	perf.penalty	suppliers.period.compute	احتسابُ جزاء أداءٍ على المورد	إدارة الموردين	أداء الموردين وجاهزيتهم	مديرُ الموردين	supplier_penalties	SupplierPenaltyApplied	المالية · المبيعات	الجزاءُ يدخل تسويةَ المورد خصمًا · وتقييمُه يتغير · وقد يُقيَّد تخصيصُه	إعفاءٌ بقرارٍ يشير للأصل	✔	✔	✔	✔	◐ معلَّقُ الربطِ معلَنٌ	✔	✔	◐ يحتاج مقارنةً بالكود الحيّ	لا	معلَّقُ الربطِ — 228 من 242
115	qual.grant	workforce.qual.grant	منحُ تأهيلٍ على نوع معدة	القوى التشغيلية	تأهيل المشغّلين على أنواع المعدات	مديرُ القوى	operator_qualifications	QualificationGranted	التشغيل · الموقع	الحارسُ يسمح بتخصيصه على هذا النوع · وبانتهاء الشهادة يُمنع آليًّا	سحبُ التأهيل بسببٍ فني	✔	✔	✔	✔	◐ معلَّقُ الربطِ معلَنٌ	✔	✔	◐ يحتاج مقارنةً بالكود الحيّ	لا	معلَّقُ الربطِ — 228 من 242
116	rot.schedule	workforce.rot.execute	جدولةُ دورة تناوب	القوى التشغيلية	دورات التناوب والإجازة الميدانية	مديرُ القوى	rotation_cycles · leaves	RotationScheduled	التشغيل · النقل · الموارد	البديلُ يُحجز · ورحلةُ التناوب تُطلب · والإجازةُ الميدانيةُ تُحتسب في الرصيد	تعديلُ الجدول بموافقة	✔	✔	✔	✔	◐ معلَّقُ الربطِ معلَنٌ	✔	✔	◐ يحتاج مقارنةً بالكود الحيّ	لا	معلَّقُ الربطِ — 228 من 242
117	opm.approve	workforce.opm.approve	اعتمادُ الأداء الشهري للمشغّل	القوى التشغيلية	الأداء الشهري للمشغّل	مديرُ القوى	operator_monthly	OperatorPerfApproved	الموارد · المالية	أساسُ الحافز يُثبَّت · والساعاتُ تدخل المسيّر · والإنتاجُ يُنسب له	إعادةُ احتسابٍ بعد تصحيح وحدة	✔	✔	✔	✔	◐ معلَّقُ الربطِ معلَنٌ	✔	✔	◐ يحتاج مقارنةً بالكود الحيّ	لا	معلَّقُ الربطِ — 228 من 242
118	code.assign	workforce.code.assign	تخصيصُ رقمٍ شاغرٍ لمشغّلٍ جديد	القوى التشغيلية	أرقام المشغّلين الشاغرة	مديرُ القوى	operator_codes	CodeAssigned	الموارد · التشغيل	الرقمُ يُربط بالشخص · ولا يُعاد استعمالُه لغيره · وتاريخُ التخصيص يُوثَّق	تجميدُ الرقم بقرار	✔	✔	✔	✔	◐ معلَّقُ الربطِ معلَنٌ	✔	✔	◐ يحتاج مقارنةً بالكود الحيّ	لا	معلَّقُ الربطِ — 228 من 242
119	ded.propose	workforce.ded.execute	اقتراحُ خصمٍ على مشغّل	القوى التشغيلية	خصومات المشغّلين المقترحة	مديرُ القوى	proposed_deductions	DeductionProposed	الموارد · المالية	الخصمُ يدخل دورةَ الاعتماد الثلاثية — ولا يُرحَّل للمسيّر قبلها	سحبُ الاقتراح	✔	✔	✔	✔	◐ معلَّقُ الربطِ معلَنٌ	✔	✔	◐ يحتاج مقارنةً بالكود الحيّ	لا	معلَّقُ الربطِ — 228 من 242
120	att.record	hr.attendance.create	تسجيلُ حضورٍ أو غياب	الموارد البشرية	الحضور والانصراف	الموارد	attendance	AttendanceRecorded	الموارد · القوى · المالية	رمزُ الحالة يحدد خمسةَ آثارٍ مستقلة: الراتبُ والحافزُ والتواجدُ والفوترةُ واستحقاقُ المورد	تصحيحٌ باستثناءٍ معتمد	✔	✔	✔	✔	◐ معلَّقُ الربطِ معلَنٌ	✔	✔	◐ يحتاج مقارنةً بالكود الحيّ	لا	معلَّقُ الربطِ — 228 من 242
121	leave.approve	hr.leave.approve	اعتمادُ إجازة	الموارد البشرية	الإجازات والغياب	مديرُ الموارد	leaves · balances	LeaveApproved	القوى · التشغيل · المالية	الرصيدُ ينقص · والتناوبُ يُعاد جدولتُه · والبديلُ يُطلب · وأثرُ الأجر يُحتسب بالرمز	إلغاءٌ يعيد الرصيد	✔	✔	✔	✔	◐ معلَّقُ الربطِ معلَنٌ	✔	✔	◐ يحتاج مقارنةً بالكود الحيّ	لا	معلَّقُ الربطِ — 228 من 242
122	ded.approve	hr.ded.approve	اعتمادُ خصمٍ بدورته	الموارد البشرية	الخصومات والجزاءات	سلّمُ الموافقات	deductions.approved	DeductionApproved	المالية · الموارد	يُرحَّل للمسيّر ببنده ومرجعه — ولا ترحيلَ مباشر	إعفاءٌ بقرارٍ مستقلٍّ يشير للأصل	✔	✔	✔	✔	◐ معلَّقُ الربطِ معلَنٌ	✔	✔	◐ يحتاج مقارنةً بالكود الحيّ	لا	معلَّقُ الربطِ — 228 من 242
123	adv.grant	hr.advance.disburse	صرفُ سلفةٍ لموظف	الموارد البشرية	السلف والعهد المالية	المالية	advances · deduction_plan	AdvanceGranted	الموارد · المالية	جدولُ الاستقطاع يُولَّد · والخزينةُ تنخفض · والاستقطاعُ يبدأ من المسيّر التالي	إلغاءٌ باسترداد	✔	✔	✔	✔	◐ معلَّقُ الربطِ معلَنٌ	✔	✔	◐ يحتاج مقارنةً بالكود الحيّ	لا	معلَّقُ الربطِ — 228 من 242
124	hire.offer	hr.hire.execute	إصدارُ عرضِ عملٍ	الموارد البشرية	التوظيف من الشاغر إلى المباشرة	مديرُ الموارد	offers	OfferIssued	الموارد	العرضُ يُوثَّق بمكوّناته · وقبولُه يفتح إنشاءَ العقد	سحبُ العرض قبل القبول	✔	✔	✔	✔	◐ معلَّقُ الربطِ معلَنٌ	✔	✔	◐ يحتاج مقارنةً بالكود الحيّ	لا	معلَّقُ الربطِ — 228 من 242
125	contract.sign	hr.contract.approve	توقيعُ عقد موظف	الموارد البشرية	عقود الموظفين	المديرُ التنفيذي	employee_contracts	EmployeeContractSigned	الموارد · القوى · المالية	نموذجُ الأجر ومكوّناتُه تصير أساسَ المسيّر · والصفةُ تُفتح في الهوية · والتكليفُ يصير ممكنًا	إنهاءُ خدمةٍ بمستحقاتها	✔	✔	✔	✔	◐ معلَّقُ الربطِ معلَنٌ	✔	✔	◐ يحتاج مقارنةً بالكود الحيّ	لا	معلَّقُ الربطِ — 228 من 242
126	emp.create	hr.employee.create	إنشاءُ ملف موظف	الموارد البشرية	سجل الموظفين	الموارد	employees · persons	EmployeeCreated	الحوكمة · القوى	شخصٌ في سجل الهوية · والحارسُ يمنع تكرارَ الهوية · ويُطلب حسابٌ من الحوكمة	إنهاءُ خدمةٍ لا حذف	✔	✔	✔	✔	◐ معلَّقُ الربطِ معلَنٌ	✔	✔	◐ يحتاج مقارنةً بالكود الحيّ	لا	معلَّقُ الربطِ — 228 من 242
127	doc.expire	fleet.document.execute	انتهاءُ وثيقةٍ حرجة	إدارة الأسطول	وثائق المعدات والمشغّلين	النظام	equipment_docs.expired · guards	CriticalDocExpired	التشغيل · الموقع · الأسطول · النقل	الحارسُ يمنع التخصيصَ والتشغيل · والتخصيصُ القائمُ يُنبَّه · ولا يُرفع المنعُ إلا بتجديدٍ أو استثناء	تجديدُ الوثيقة يرفع المنعَ آليًّا	✔	✔	✔	✔	◐ معلَّقُ الربطِ معلَنٌ	✔	✔	◐ يحتاج مقارنةً بالكود الحيّ	لا	معلَّقُ الربطِ — 228 من 242
128	meter.fix	fleet.meter.update	تصحيحُ قراءةِ عدّاد	إدارة الأسطول	قراءات العدّادات	مديرُ الأسطول	meter_corrections · audit	MeterCorrected	الصيانة · المالية	القراءةُ الخاطئةُ تُحفظ والمصححةُ تُعتمد بسببٍ ومعتمِد · والإهلاكُ والوقائيةُ يُعاد حسابهما	لا محو — التصحيحُ سجلٌّ مستقل	✔	✔	✔	✔	◐ معلَّقُ الربطِ معلَنٌ	✔	✔	◐ يحتاج مقارنةً بالكود الحيّ	لا	معلَّقُ الربطِ — 228 من 242
129	recon.close	fleet.reconciliation.close	إقفالُ فرقٍ في المطابقة	إدارة الأسطول	مطابقة سجل الأصول بالتشغيل	مديرُ الأسطول	asset_recon · adjustments	ReconClosed	المالية	الفرقُ يُفسَّر بسببه: خطأُ إدخالٍ أو ساعاتٌ غيرُ مسجَّلةٍ أو معدةٌ خارج السجل · والتصحيحُ يُوثَّق	عكسُ التصحيح بقيدٍ مقابل	✔	✔	✔	✔	◐ معلَّقُ الربطِ معلَنٌ	✔	✔	◐ يحتاج مقارنةً بالكود الحيّ	لا	معلَّقُ الربطِ — 228 من 242
130	dep.post	fleet.depreciation.execute	نشرُ قيد الإهلاك الدوري	إدارة الأسطول	الإهلاك والقيمة الدفترية	المالية	fin_events · asset_register	DepreciationPosted	الأسطول · التمويل	المتراكمُ يرتفع · والقيمةُ الدفتريةُ تنخفض ولا تنزل تحت الخردة · والحصصُ توزّع القيدَ بنسبتها	قيدٌ عاكسٌ بمرجعه	✔	✔	✔	✔	◐ معلَّقُ الربطِ معلَنٌ	✔	✔	◐ يحتاج مقارنةً بالكود الحيّ	لا	معلَّقُ الربطِ — 228 من 242
131	owner.link	fleet.ownership.execute	توثيقُ مالكِ معدة	إدارة الأسطول	ملّاك الأسطول	الأسطول	fleet_ownership	OwnerLinked	الموردون · التمويل	المالكُ يُربط بلا كشفِ شروطٍ للتشغيل · وحقُّ الرجوع يُوثَّق · والاطّلاعُ يُسجَّل	فكُّ ربطٍ بمستند	✔	✔	✔	✔	◐ معلَّقُ الربطِ معلَنٌ	✔	✔	◐ يحتاج مقارنةً بالكود الحيّ	لا	معلَّقُ الربطِ — 228 من 242
132	inv.issue	finance.inventory.execute	إصدارُ فاتورة	المالية والخزينة	فواتير العملاء	المالية	invoices · receivables	InvoiceIssued	المبيعات · العميل	الذمةُ المدينةُ تُسجَّل · ومهلةُ السداد تبدأ · والإيرادُ يُعترف به	إشعارٌ دائنٌ بمرجعه — لا إلغاء	✔	✔	✔	✔	◐ معلَّقُ الربطِ معلَنٌ	✔	✔	◐ يحتاج مقارنةً بالكود الحيّ	لا	معلَّقُ الربطِ — 228 من 242
133	rec.collect	finance.reconciliation.create	تسجيلُ تحصيل	المالية والخزينة	ذمم العملاء وأعمارها	أمينُ الخزينة	receipts · receivables	PaymentCollected	المبيعات · المالية	الذمةُ تنخفض · والخزينةُ ترتفع · وعمرُ الدين يُعاد حسابه	سندُ عكسٍ بمرجعه	✔	✔	✔	✔	◐ معلَّقُ الربطِ معلَنٌ	✔	✔	◐ يحتاج مقارنةً بالكود الحيّ	لا	معلَّقُ الربطِ — 228 من 242
134	rec.provision	finance.reconciliation.execute	تكوينُ مخصص ديون	المالية والخزينة	ذمم العملاء وأعمارها	المديرُ المالي	provisions	ProvisionMade	المالية	المخصصُ يُقيَّد · والذمةُ تبقى قائمةً · والربحيةُ تتأثر	عكسُ المخصص عند التحصيل	✔	✔	✔	✔	◐ معلَّقُ الربطِ معلَنٌ	✔	✔	◐ يحتاج مقارنةً بالكود الحيّ	لا	معلَّقُ الربطِ — 228 من 242
135	pay.prioritize	finance.payment.execute_prioritize	ترتيبُ أولوية السداد	المالية والخزينة	ذمم الموردين والمستحقات	المديرُ المالي	payment_priority	PayablesPrioritized	الموردون · التمويل	خطةُ السداد تُعاد ترتيبُها بالسيولة المتاحة · والمورد يُخطَر بموعده	إعادةُ ترتيبٍ بقرار	✔	✔	✔	✔	◐ معلَّقُ الربطِ معلَنٌ	✔	✔	◐ يحتاج مقارنةً بالكود الحيّ	لا	معلَّقُ الربطِ — 228 من 242
136	treas.transfer	finance.treas.execute	تحويلٌ بين الصناديق	المالية والخزينة	الخزينة والصناديق	أمينُ الخزينة	treasury_moves	TreasuryTransferred	المالية	الرصيدُ ينتقل بعملته · وفرقُ الصرف يُقيَّد إن اختلفت العملة	حركةٌ مقابلة	✔	✔	✔	✔	◐ معلَّقُ الربطِ معلَنٌ	✔	✔	◐ يحتاج مقارنةً بالكود الحيّ	لا	معلَّقُ الربطِ — 228 من 242
137	recon.match	finance.reconciliation.reconcile	مطابقةُ حركةٍ بنكية	المالية والخزينة	المطابقة البنكية	المالية	bank_recon	BankReconciled	المالية	الحركةُ تُطابق أو يُفتح فرقٌ بسببه · والرصيدُ الدفتريُّ يساوي البنك	فكُّ مطابقةٍ بسبب	✔	✔	✔	✔	◐ معلَّقُ الربطِ معلَنٌ	✔	✔	◐ يحتاج مقارنةً بالكود الحيّ	لا	معلَّقُ الربطِ — 228 من 242
138	je.post	finance.je.execute	نشرُ قيد	المالية والخزينة	القيود اليومية	المحاسبُ المخوَّل	journal_entries	JournalPosted	المالية	القيدُ يدخل الدفاترَ · ولا يُعدَّل بعده · والتصحيحُ بقيدٍ عاكس	قيدٌ عاكسٌ بمرجعه	✔	✔	✔	✔	◐ معلَّقُ الربطِ معلَنٌ	✔	✔	◐ يحتاج مقارنةً بالكود الحيّ	لا	معلَّقُ الربطِ — 228 من 242
139	acc.define	finance.account.define	تعريفُ حسابٍ أو مركزِ تكلفة	المالية والخزينة	دليل الحسابات ومراكز التكلفة	المالية	coa · cost_centers	AccountDefined	كلُّ الإدارات	الحسابُ يصير متاحًا للقيد والتحميل · ومركزُ التكلفة يظهر في طلبات الصرف	تعطيلٌ بعد تصفير الرصيد	✔	✔	✔	✔	◐ معلَّقُ الربطِ معلَنٌ	✔	✔	◐ يحتاج مقارنةً بالكود الحيّ	لا	معلَّقُ الربطِ — 228 من 242
140	fx.set	finance.fx.approve	اعتمادُ سعر صرف	المالية والخزينة	أسعار الصرف	المالية	fx_rates	FxRateSet	المبيعات · الموردون · التمويل	كلُّ تقويمٍ بعده يستعمل السعرَ الجديد · وفروقُ الصرف تُحتسب على الأرصدة القائمة	سعرٌ جديدٌ بتاريخ — لا تعديلَ رجعي	✔	✔	✔	✔	◐ معلَّقُ الربطِ معلَنٌ	✔	✔	◐ يحتاج مقارنةً بالكود الحيّ	لا	معلَّقُ الربطِ — 228 من 242
141	margin.compute	finance.margin.compute	احتسابُ الهامش	المالية والخزينة	هامش الربح للعقد والواقعة	النظام	margin_analysis	MarginComputed	المبيعات · التشغيل	الإيرادُ مقابل التكلفة بالواقعة والعقد والمشروع — وتظهر العقودُ الخاسرة	إعادةُ احتسابٍ بعد تصحيح	✔	✔	✔	✔	◐ معلَّقُ الربطِ معلَنٌ	✔	✔	◐ يحتاج مقارنةً بالكود الحيّ	لا	معلَّقُ الربطِ — 228 من 242
142	rpt.export	finance.report.export	تصديرُ تقرير	المالية والخزينة	هامش الربح للعقد والواقعة	المستخدم	export_log	ReportExported	الحوكمة	الملفُّ يُصدَّر بنطاق المستخدم وحدَه · وكلُّ تصديرٍ يُسجَّل بالمستخدم والفلاتر	◆ بلا عكس	✔	✔	✔	✔	◐ معلَّقُ الربطِ معلَنٌ	✔ قارئٌ — لا أثرَ يُعكس	✔	◐ يحتاج مقارنةً بالكود الحيّ	لا	معلَّقُ الربطِ — 228 من 242
143	var.analyze	finance.var.execute	تحليلُ انحرافٍ	المالية والخزينة	متابعة انحراف المنفَّذ عن المخطط	المالية	variance_analysis	VarianceAnalyzed	التشغيل · المبيعات	المخططُ والمنفَّذُ والمفوترُ والمحصَّل بفجواتها ومالكِ كل فجوة	إغلاقُ الانحراف بمعالجة	✔	✔	✔	✔	◐ معلَّقُ الربطِ معلَنٌ	✔	✔	◐ يحتاج مقارنةً بالكود الحيّ	لا	معلَّقُ الربطِ — 228 من 242
144	model.approve	capital.model.approve	اعتمادُ معالجةٍ محاسبيةٍ لنموذج	التمويل والملكية	نماذج التمويل ومعالجتها	المالية والمراجع	financing_models	FinModelApproved	التمويل · المالية	النموذجُ يصير قابلًا للاستعمال — ولا عمليةَ بنموذجٍ بلا معالجةٍ معتمدة	سحبُ الاعتماد يوقف النموذج	✔	✔	✔	✔	◐ معلَّقُ الربطِ معلَنٌ	✔	✔	◐ يحتاج مقارنةً بالكود الحيّ	لا	معلَّقُ الربطِ — 228 من 242
145	financier.create	capital.finance.create	تسجيلُ ممول	التمويل والملكية	سجل الممولين	إدارةُ التمويل	financiers · entities	FinancierCreated	المالية · الحوكمة	كيانٌ بصفة ممول · وحسابُ ذمةٍ يُفتح · ولا يُعرض للتشغيل	تعطيلٌ بعد تصفير الاستحقاق	✔	✔	✔	✔	◐ معلَّقُ الربطِ معلَنٌ	✔	✔	◐ يحتاج مقارنةً بالكود الحيّ	لا	معلَّقُ الربطِ — 228 من 242
146	change.record	capital.change.create	تسجيلُ تغيّرٍ في عقد تمويل	التمويل والملكية	تغيّرات عقود التمويل	إدارةُ التمويل	financing_changes	FinancingChanged	المالية	الجدولةُ تُعاد · وإضافةُ رأس المال ملحقٌ لا دمج · والمقارنةُ التاريخيةُ تبقى سليمة	عكسُ التغيير بقرار	✔	✔	✔	✔	◐ معلَّقُ الربطِ معلَنٌ	✔	✔	◐ يحتاج مقارنةً بالكود الحيّ	لا	معلَّقُ الربطِ — 228 من 242
147	asset.link	capital.asset.execute	ربطُ عينٍ بعملية تمويل	التمويل والملكية	الأعيان المموَّلة	إدارةُ التمويل	financed_assets	AssetFinanceLinked	المالية · الأسطول	الأصلُ يحمل مصدرَ تمويله · وحاملُ الإهلاك يُحدَّد · والتشغيلُ لا يرى الشروط	فكُّ ربطٍ موثَّقٍ بمستند	✔	✔	✔	✔	◐ معلَّقُ الربطِ معلَنٌ	✔	✔	◐ يحتاج مقارنةً بالكود الحيّ	لا	معلَّقُ الربطِ — 228 من 242
148	inst.generate	capital.insurance.compute	توليدُ جدول الأقساط	التمويل والملكية	الأقساط ومواعيد السداد	النظام	installments	InstallmentsGenerated	المالية	كلُّ قسطٍ حدثٌ ماليٌّ بمفتاح (العملية × رقم القسط) فلا يتكرر · والتدفقُ المتوقع يُحدَّث	إعادةُ جدولةٍ بملحق	✔	✔	✔	✔	◐ معلَّقُ الربطِ معلَنٌ	✔	✔	◐ يحتاج مقارنةً بالكود الحيّ	لا	معلَّقُ الربطِ — 228 من 242
149	inst.prepay	capital.insurance.execute	سدادٌ مبكر	التمويل والملكية	الأقساط ومواعيد السداد	المالية	installments · early_settle	EarlyPrepaid	التمويل · المالية	خصمُ أرباحٍ أو غرامةُ تعجيلٍ ببندٍ باسمه — ولا يُطرح من الرصيد صامتًا	عكسٌ بحركةٍ مقابلة	✔	✔	✔	✔	◐ معلَّقُ الربطِ معلَنٌ	✔	✔	◐ يحتاج مقارنةً بالكود الحيّ	لا	معلَّقُ الربطِ — 228 من 242
150	exit.record	capital.exit.create	تسجيلُ خروجٍ غيرِ مسجَّل	التمويل والملكية	الخروج غير المسجَّل من الملكية	إدارةُ التمويل	ownership_exit · corrections	UnregisteredExitRecorded	المالية · الأسطول	حصةُ البائع تُنهى بتاريخها ومستندها · وحصةُ المشتري تُفتح بالتاريخ نفسِه بلا فجوةٍ ولا تراكب	تصحيحٌ موثَّقٌ — لا محو	✔	✔	✔	✔	◐ معلَّقُ الربطِ معلَنٌ	✔	✔	◐ يحتاج مقارنةً بالكود الحيّ	لا	معلَّقُ الربطِ — 228 من 242
151	fv.settle	capital.fv.reconcile	تسويةُ فرقِ سدادٍ	التمويل والملكية	فروق السداد والاستحقاق	إدارةُ التمويل	fin_variance.settled	FinVarianceSettled	المالية	الفرقُ يُغلق بسببٍ معتمدٍ وقرارِ تسوية — ولا يبقى مفتوحًا بلا حسم	إعادةُ فتحٍ بدليلٍ جديد	✔	✔	✔	✔	◐ معلَّقُ الربطِ معلَنٌ	✔	✔	◐ يحتاج مقارنةً بالكود الحيّ	لا	معلَّقُ الربطِ — 228 من 242
152	idle.close	capital.idle.close	إغلاقُ عقدٍ بلا حركة	التمويل والملكية	عقود تمويل بلا حركة	إدارةُ التمويل	fin_idle.closed	IdleContractClosed	المالية	السببُ يُذكر: لم تبدأ أو أُلغيت أو قيدٌ ناقص · والإجراءُ يُوثَّق	إعادةُ فتحٍ بقرار	✔	✔	✔	✔	◐ معلَّقُ الربطِ معلَنٌ	✔	✔	◐ يحتاج مقارنةً بالكود الحيّ	لا	معلَّقُ الربطِ — 228 من 242
153	cost.allocate	capital.cost.execute	توزيعُ تكلفة التمويل	التمويل والملكية	توزيع تكلفة التمويل على المشاريع	إدارةُ التمويل	financing_cost_alloc	FinancingCostAllocated	المالية · التشغيل	التكلفةُ تُوزَّع بنسبة ساعات تشغيل الأصول المموَّلة · والمشروعُ يراها مجرَّدةً بلا كشفِ الممول	عكسُ التوزيع بقيدٍ مقابل	✔	✔	✔	✔	◐ معلَّقُ الربطِ معلَنٌ	✔	✔	◐ يحتاج مقارنةً بالكود الحيّ	لا	معلَّقُ الربطِ — 228 من 242
154	link.record	governance.link.create	تسجيلُ علاقة ملكيةٍ بين كيانين	الحوكمة والالتزام	علاقات الملكية بين الكيانات	الحوكمة	entity_ownership	EntityOwnershipRecorded	التمويل · الحوكمة	قيدُ المئة يُفرض عند «كامل» وحده · وتضاربُ المصالح يُكشف آليًّا قبل الاعتماد	إنهاءُ علاقةٍ بتاريخٍ ومستند	✔	✔	✔	✔	◐ معلَّقُ الربطِ معلَنٌ	✔	✔	◐ يحتاج مقارنةً بالكود الحيّ	لا	معلَّقُ الربطِ — 228 من 242
155	ticket.classify	tickets.ticket.execute_classify	تصنيفُ البلاغ	مركز البلاغات	بلاغات المركز	مركزُ البلاغات	tickets.category	TicketClassified	الإدارةُ المختصة	الفئةُ والنوعُ يحددان الإدارةَ والمهلةَ آليًّا · والمعدةُ في مقعدٍ تعاقديٍّ ترفع الأولويةَ لحرج	تصحيحُ تصنيفٍ يعيد التوجيه	✔	✔	✔	✔	◐ معلَّقُ الربطِ معلَنٌ	✔	✔	◐ يحتاج مقارنةً بالكود الحيّ	لا	معلَّقُ الربطِ — 228 من 242
156	ticket.branch	tickets.ticket.execute_branch	تفريعُ البلاغ لمساراتٍ متوازية	مركز البلاغات	تحويل البلاغ وتفريعه لمسارات	الإدارةُ المالكة	ticket_workstreams	TicketBranched	الصيانة · المخازن · التشغيل · المشتريات	الواقعةُ واحدةٌ ورقمُها واحد — ولكل مسارٍ إدارتُه ومالكُه ومهلتُه · ولا يُغلق الرأسُ حتى تُغلق المساراتُ الإلزامية	دمجُ مسارٍ بقرار	✔	✔	✔	✔	◐ معلَّقُ الربطِ معلَنٌ	✔	✔	◐ يحتاج مقارنةً بالكود الحيّ	لا	معلَّقُ الربطِ — 228 من 242
157	ticket.transfer	tickets.ticket.transfer	تحويلُ البلاغ لإدارةٍ أخرى	مركز البلاغات	تحويل البلاغ وتفريعه لمسارات	الإدارةُ المالكة	ticket_transfers	TicketTransferred	الإدارةُ المستقبِلة	الملكيةُ تنتقل بسببٍ مسجَّل · والمهلةُ تستمر ولا تُصفَّر · والمحوّلُ يبقى في السجل	إعادةُ تحويلٍ بسبب	✔	✔	✔	✔	◐ معلَّقُ الربطِ معلَنٌ	✔	✔	◐ يحتاج مقارنةً بالكود الحيّ	لا	معلَّقُ الربطِ — 228 من 242
158	ticket.confirm	tickets.ticket.execute_confirm	تأكيدُ المبلِّغ للإغلاق	مركز البلاغات	إغلاق البلاغ وتأكيده	المبلِّغ	tickets.closed	TicketClosed	الإدارةُ المالكة · المركز	البلاغُ يُغلق نهائيًّا · والمهلُ تتوقف · والأثرُ التشغيليُّ يُثبَّت	إعادةُ فتحٍ بعدّادٍ ظاهر	✔	✔	✔	✔	◐ معلَّقُ الربطِ معلَنٌ	✔	✔	◐ يحتاج مقارنةً بالكود الحيّ	لا	معلَّقُ الربطِ — 228 من 242
159	ticket.admin.close	tickets.ticket.close	إغلاقٌ إداريٌّ للمكرر	مركز البلاغات	إغلاق البلاغ وتأكيده	مركزُ البلاغات	tickets.admin_closed	TicketAdminClosed	المبلِّغ	المكررُ يُغلق بمرجع الأصل · ومبلِّغُه يُضاف متابعًا للأصل فلا يُفقد أنه أبلغ	إعادةُ فتحٍ بقرار	✔	✔	✔	✔	◐ معلَّقُ الربطِ معلَنٌ	✔	✔	◐ يحتاج مقارنةً بالكود الحيّ	لا	معلَّقُ الربطِ — 228 من 242
160	recur.escalate	tickets.reconciliation.submit	رفعُ التكرار مشكلةً	مركز البلاغات	البلاغات المتكررة وسببها الجذري	مركزُ البلاغات	recurrence_groups	RecurrenceEscalated	الصيانة · الأسطول · نائبُ الرئيس التنفيذي المختص	ثلاثةُ بلاغاتٍ فأكثرُ شهريًّا تُرفع مشكلةً تحتاج سببًا جذريًّا لا إصلاحًا موضعيًّا	إغلاقُ المجموعة بمعالجةٍ جذرية	✔	✔	✔	✔	◐ معلَّقُ الربطِ معلَنٌ	✔	✔	◐ يحتاج مقارنةً بالكود الحيّ	لا	معلَّقُ الربطِ — 228 من 242
161	kpi.report	tickets.kpi.execute	إصدارُ تقرير التأخر	مركز البلاغات	مؤشرات البلاغات	مركزُ البلاغات	ticket_kpi_reports	TicketKPIIssued	مديرُ التشغيل · نائبُ الرئيس التنفيذي المختص	من يتأخر ومن لا يستجيب بالاسم والإدارة ومتوسطِ التأخير — ويُرفع دوريًّا	◆ بلا عكس	✔	✔	✔	✔	◐ معلَّقُ الربطِ معلَنٌ	✔	✔	◐ يحتاج مقارنةً بالكود الحيّ	لا	معلَّقُ الربطِ — 228 من 242
162	entity.create	governance.entity.create	تسجيلُ كيانٍ قانوني	الحوكمة والالتزام	سجل الشركات والكيانات	الحوكمة	entities · entity_roles	EntityCreated	كلُّ الإدارات	الفرادةُ بالبلد وجهةِ التسجيل والرقم معًا · وصفاتُه تُخزَّن مؤرَّخةً · ولا تعاقدَ مع غير نشط	تعطيلٌ لا حذف	✔	✔	✔	✔	◐ معلَّقُ الربطِ معلَنٌ	✔	✔	◐ يحتاج مقارنةً بالكود الحيّ	لا	معلَّقُ الربطِ — 228 من 242
163	lic.expire	governance.license.execute	انتهاءُ ترخيصٍ أو كفالة	الحوكمة والالتزام	التراخيص والكفالات	النظام	licenses.expired · alerts	LicenseExpired	الحوكمة · المبيعات · الموردون · المالية	تنبيهٌ حاجبٌ حتى القرار · والتعاقدُ مع الكيان يُمنع · والكفالةُ المنتهيةُ تُسقط حقًّا أو تُعرّض لمطالبة	تجديدٌ يرفع الحجب	✔	✔	✔	✔	◐ معلَّقُ الربطِ معلَنٌ	✔	✔	◐ يحتاج مقارنةً بالكود الحيّ	لا	معلَّقُ الربطِ — 228 من 242
164	guard.enforce	governance.guard.execute	قلبُ حمايةٍ إلى الإنفاذ	الحوكمة والالتزام	تصنيف قواعد المنع	الحوكمة	guard_state	GuardEnforced	الإدارةُ المعنية	الحمايةُ تنتقل من «يرى ولا يمنع» إلى «يمنع ويسمح بقرارٍ موثَّق» · والاستثناءُ يمتص الاضطرار	رجوعٌ إلى الرصد بعلَم	✔	✔	✔	✔	◐ معلَّقُ الربطِ معلَنٌ	✔	✔	◐ يحتاج مقارنةً بالكود الحيّ	لا	معلَّقُ الربطِ — 228 من 242
165	act.upgrade	governance.action.execute	ترقيةُ نمط التفعيل	الحوكمة والالتزام	أنماط تفعيل المزايا	الحوكمة	activation_flags	ActivationUpgraded	الكيانُ المعني	المزايا تُفعَّل بعلَمٍ لكل عنصرٍ على مستوى الكيان والعقد — ولا تحتاج هجرةَ بيانات	رجوعٌ بإطفاء العلَم	✔	✔	✔	✔	◐ معلَّقُ الربطِ معلَنٌ	✔	✔	◐ يحتاج مقارنةً بالكود الحيّ	لا	معلَّقُ الربطِ — 228 من 242
166	denial.review	governance.denial.review	مراجعةُ محاولةٍ ممنوعة	الحوكمة والالتزام	المحاولات الممنوعة	الحوكمة	denial_reviews	DenialReviewed	الإدارةُ المعنية	المنعُ المتكرر يكشف: إما حاجةً لاستثناءٍ أو خطأً في تصنيف الحماية أو محاولةَ تجاوز	إغلاقُ المراجعة بقرار	✔	✔	✔	✔	◐ معلَّقُ الربطِ معلَنٌ	✔ قارئٌ — لا أثرَ يُعكس	✔	◐ يحتاج مقارنةً بالكود الحيّ	لا	معلَّقُ الربطِ — 228 من 242
167	rpt.export	governance.report.export	تصديرُ تقرير	الحوكمة والالتزام	مركز التقارير	المستخدم	export_log	ReportExported	الحوكمة	الملفُّ يُصدَّر بنطاق المستخدم وحدَه · وكلُّ تصديرٍ يُسجَّل بالمستخدم والفلاتر	◆ بلا عكس	✔	✔	✔	✔	◐ معلَّقُ الربطِ معلَنٌ	✔ قارئٌ — لا أثرَ يُعكس	✔	◐ يحتاج مقارنةً بالكود الحيّ	لا	معلَّقُ الربطِ — 228 من 242
168	rpt.export	governance.report.export	تصديرُ تقرير	الحوكمة والالتزام	إنجاز الإدارة	المستخدم	export_log	ReportExported	الحوكمة	الملفُّ يُصدَّر بنطاق المستخدم وحدَه · وكلُّ تصديرٍ يُسجَّل بالمستخدم والفلاتر	◆ بلا عكس	✔	✔	✔	✔	◐ معلَّقُ الربطِ معلَنٌ	✔ قارئٌ — لا أثرَ يُعكس	✔	◐ يحتاج مقارنةً بالكود الحيّ	لا	معلَّقُ الربطِ — 228 من 242
169	budget.request	finance.budget.request	طلبُ تعديل ميزانية	المالية والخزينة	ميزانية إدارتي	مديرُ الإدارة	budget_change_requests	BudgetChangeRequested	المالية	الطلبُ يدخل سلّمَ الاعتماد ببيان أثره — ولا يُعدَّل السقفُ قبل الاعتماد	سحبُ الطلب	✔	✔	✔	✔	◐ معلَّقُ الربطِ معلَنٌ	✔	✔	◐ يحتاج مقارنةً بالكود الحيّ	لا	معلَّقُ الربطِ — 228 من 242
170	portal.render	workspace.portal.create	فتحُ بوابتي	مساحة عملي	بوابتي	النظام	—	—	—	تُصيَّر المكوّناتُ التي منحته إياها الحوكمةُ وحدَها · ومشغّلُ المعدة يرى معدتَه ومشغّلَها الآخر	◆ بلا عكس	✔	✔	✔	✔	◐ معلَّقُ الربطِ معلَنٌ	✔	✔	◐ يحتاج مقارنةً بالكود الحيّ	لا	معلَّقُ الربطِ — 228 من 242
171	req.raise	workspace.request.submit	تقديمُ طلبٍ شخصي	مساحة عملي	طلباتي	الموظف	requests	PersonalRequestRaised	الإدارةُ المعنية · الموارد	الطلبُ يدخل صندوقَ اعتماد المعنيّ بمساره — ويظهر في «طلباتي» بحالته	سحبُ الطلب قبل الاعتماد	✘ رمزٌ لأكثرَ من معنى	✔	✔	✔	◐ معلَّقُ الربطِ معلَنٌ	✔	✔	◐ يحتاج مقارنةً بالكود الحيّ	نعم	معلَّقُ الربطِ — 228 من 242
172	msg.send	workspace.msg.submit	إرسالُ مراسلة	مساحة عملي	المراسلات	الموظف	messages	MessageSent	المستقبِل	المراسلةُ تصل بمرجعها إن ارتبطت بمعاملةٍ — ولا تُغني عن البلاغ ولا الطلب	◆ بلا عكس	✔	✔	✔	✔	◐ معلَّقُ الربطِ معلَنٌ	✔	✔	◐ يحتاج مقارنةً بالكود الحيّ	لا	معلَّقُ الربطِ — 228 من 242
173	cap.switch	workspace.capacity.execute	التبديلُ بين صفاتي	مساحة عملي	صفاتي والتبديل بينها	الموظف	session.capacity · audit	CapacitySwitched	الحوكمة	المساحةُ تتغير كليًّا — ولا تتسرب صلاحيةُ صفةٍ إلى أخرى · والتبديلُ يُسجَّل	رجوعٌ للصفة السابقة	✔	✔	✔	✔	◐ معلَّقُ الربطِ معلَنٌ	✔	✔	◐ يحتاج مقارنةً بالكود الحيّ	لا	معلَّقُ الربطِ — 228 من 242
174	prof.update	workspace.prof.update	تحديثُ بياناتي	مساحة عملي	ملفي الشخصي	الموظف	persons · change_requests	ProfileUpdateRequested	الموارد البشرية	الحقولُ الحساسةُ تحتاج اعتمادَ الموارد · والباقي يُحدَّث مباشرةً ويُسجَّل	رفضٌ بسبب	✔	✔	✔	✔	◐ معلَّقُ الربطِ معلَنٌ	✔	✔	◐ يحتاج مقارنةً بالكود الحيّ	لا	معلَّقُ الربطِ — 228 من 242
175	pwd.change	workspace.pwd.execute	تغييرُ كلمة المرور	مساحة عملي	تغيير كلمة المرور	الموظف	users · security_log	PasswordChanged	الحوكمة	الجلساتُ الأخرى تُنهى · والتغييرُ يُسجَّل في سجل الأمن	◆ بلا عكس	✔	✔	✔	✔	◐ معلَّقُ الربطِ معلَنٌ	✔	✔	◐ يحتاج مقارنةً بالكود الحيّ	لا	معلَّقُ الربطِ — 228 من 242
176	cert.issue	workspace.certificate.execute	إصدارُ شهادة إنجاز	مساحة عملي	شهادة إنجازي	النظام	certificates	CertificateIssued	الموارد البشرية	الشهادةُ تُصدَر بأرقامٍ من إنجازه المعتمد — ولا تُحرَّر يدويًّا	◆ بلا عكس	✔	✔	✔	✔	◐ معلَّقُ الربطِ معلَنٌ	✔	✔	◐ يحتاج مقارنةً بالكود الحيّ	لا	معلَّقُ الربطِ — 228 من 242
177	eval.submit	workspace.eval.submit	تقديمُ تقييم	مساحة عملي	تقييمي	الموظف	evaluations	EvaluationSubmitted	الموارد البشرية · المدير	التقييمُ الثنائيُّ يُقفل بعد الطرفين · ويدخل ملفَّ الأداء	إعادةُ فتحٍ بقرار	✔	✔	✔	✔	◐ معلَّقُ الربطِ معلَنٌ	✔	✔	◐ يحتاج مقارنةً بالكود الحيّ	لا	معلَّقُ الربطِ — 228 من 242
178	task.done	workspace.task.execute	إنجازُ مهمة	مساحة عملي	مهامي	الموظف	tasks · workflow	TaskCompleted	المسارُ التالي	المهمةُ تُقفل · والخطوةُ التاليةُ تُفتح لصاحبها · ومهلةُ المسار تُحدَّث	إعادةُ فتحٍ بسبب	✔	✔	✔	✔	◐ معلَّقُ الربطِ معلَنٌ	✔	✔	◐ يحتاج مقارنةً بالكود الحيّ	لا	معلَّقُ الربطِ — 228 من 242
179	op.code	workforce.op.execute	تكويدُ مشغّلٍ جديد	القوى التشغيلية	سجل المشغّلين	مديرُ القوى	operators · codes	OperatorCoded	الموارد · التشغيل · الموردون	الرقمُ يُربط بالشخص ولا يُعاد استعمالُه · وتبعيتُه تُحدَّد: موظفٌ لدينا أو موظفُ مورد	تعطيلٌ لا حذف	✔	✔	✔	✔	◐ معلَّقُ الربطِ معلَنٌ	✔	✔	◐ يحتاج مقارنةً بالكود الحيّ	لا	معلَّقُ الربطِ — 228 من 242
180	op.deactivate	workforce.op.suspend	تعطيلُ مشغّل	القوى التشغيلية	سجل المشغّلين	مديرُ القوى	operators.state	OperatorDeactivated	التشغيل · الموقع · الموارد	لا يُخصَّص بعده · والتخصيصُ القائمُ يُنبَّه لإحلاله · ورقمُه يدخل الأرقامَ الشاغرة	إعادةُ تفعيلٍ بقرار	✔	✔	✔	✔	◐ معلَّقُ الربطِ معلَنٌ	✔	✔	◐ يحتاج مقارنةً بالكود الحيّ	لا	معلَّقُ الربطِ — 228 من 242
181	amend.activate	sales.amendment.activate	تفعيلُ ملحق	المبيعات والعقود	ملاحق العقود وتجديداتها	المديرُ التنفيذي	contract_amendments · versions	AmendmentActivated	التشغيل · الموردون · المالية	نسخةٌ جديدةٌ للكميات والأسعار بسريانها · وما قبلها يُحفظ للمقارنة · والحصصُ تُعاد موازنتُها	إلغاءٌ قبل السريان	✔	✔	✔	✔	◐ معلَّقُ الربطِ معلَنٌ	✔	✔	◐ يحتاج مقارنةً بالكود الحيّ	لا	معلَّقُ الربطِ — 228 من 242
182	stmt.client.issue	finance.stmt.execute	إصدارُ كشف حساب عميل	المالية والخزينة	كشف حساب العميل	المالية	client_statements	ClientStatementIssued	المبيعات · العميل	الرصيدُ التراكميُّ يُثبَّت · والعميلُ يُطالب بمطابقته قبل التصعيد	إعادةُ إصدارٍ بنسخةٍ جديدة	✔	✔	✔	✔	◐ معلَّقُ الربطِ معلَنٌ	✔	✔	◐ يحتاج مقارنةً بالكود الحيّ	لا	معلَّقُ الربطِ — 228 من 242
183	tax.file	finance.tax.submit	تقديمُ إقرارٍ ضريبي	المالية والخزينة	الفاتورة الضريبية والإقرارات	المديرُ المالي	tax_returns · fin_events	TaxFiled	المالية · الحوكمة	الالتزامُ الضريبيُّ يُقيَّد · والفاتورةُ تُقفل ضريبيًّا · ولا تُعدَّل بعده	إقرارٌ معدَّلٌ بمرجع الأصل	✔	✔	✔	✔	◐ معلَّقُ الربطِ معلَنٌ	✔	✔	◐ يحتاج مقارنةً بالكود الحيّ	لا	معلَّقُ الربطِ — 228 من 242
184	supp.eval	suppliers.supplier.approve	اعتمادُ تقييم دوري	إدارة الموردين	تقييم المورد الدوري	مديرُ الموردين	supplier_ratings	SupplierRated	المشتريات · التشغيل	التقييمُ يقيّد الترسيةَ القادمة · والمتدنّي يُعلَّق أو يُقيَّد تخصيصُه	إعادةُ تقييمٍ بدورةٍ جديدة	✔	✔	✔	✔	◐ معلَّقُ الربطِ معلَنٌ	✔	✔	◐ يحتاج مقارنةً بالكود الحيّ	لا	معلَّقُ الربطِ — 228 من 242
185	supp.close	suppliers.supplier.close	إقفالُ تصفية مورد	إدارة الموردين	تصفية إنهاء عقد مورد	المديرُ المالي	supplier_closure · payables	SupplierClosed	الموردون · الأسطول · التشغيل	المستحقُّ يُسدَّد صافيًا · والكفالةُ تُردّ أو تُصادر · والمعداتُ تُخرَج · والعقدُ يُقفل	إعادةُ فتحٍ بقرار	✔	✔	✔	✔	◐ معلَّقُ الربطِ معلَنٌ	✔	✔	◐ يحتاج مقارنةً بالكود الحيّ	لا	معلَّقُ الربطِ — 228 من 242
186	emp.settle	hr.employee.close	إقفالُ تصفية موظف	الموارد البشرية	تصفية إنهاء خدمة موظف	المديرُ المالي	final_settlement · payables	EmployeeSettled	الموارد · المالية · المخازن · الحوكمة	المستحقُّ يُسدَّد صافيًا · والعهدُ تُخلى · والحسابُ يُعطَّل · والصفةُ تُنهى في الهوية	إعادةُ فتحٍ بقرار	✔	✔	✔	✔	◐ معلَّقُ الربطِ معلَنٌ	✔	✔	◐ يحتاج مقارنةً بالكود الحيّ	لا	معلَّقُ الربطِ — 228 من 242
187	dep.policy	fleet.depreciation.approve	اعتمادُ سياسة إهلاك	إدارة الأسطول	سياسات الإهلاك المعتمدة	المديرُ المالي	depreciation_profiles	DepPolicyApproved	الأسطول · التمويل	كلُّ معدةٍ من الفئة تُهلك بالسياسة الجديدة من تاريخ السريان — ولا أثرَ رجعيّ	سياسةٌ جديدةٌ بتاريخ	✔	✔	✔	✔	◐ معلَّقُ الربطِ معلَنٌ	✔	✔	◐ يحتاج مقارنةً بالكود الحيّ	لا	معلَّقُ الربطِ — 228 من 242
188	cash.forecast	finance.cash.update	تحديثُ التدفق المتوقع	المالية والخزينة	التدفق النقدي والتنبؤ	المالية	cash_forecast	CashForecastUpdated	نائبُ الرئيس التنفيذي المختص · التمويل · الموردون	فجوةُ السيولة تُكشف قبل وقوعها · وأولويةُ السداد تُعاد ترتيبُها	إعادةُ حسابٍ بمعطياتٍ جديدة	✔	✔	✔	✔	◐ معلَّقُ الربطِ معلَنٌ	✔	✔	◐ يحتاج مقارنةً بالكود الحيّ	لا	معلَّقُ الربطِ — 228 من 242
189	sod.enforce	governance.sod.execute	فرضُ فصل واجبات	الحوكمة والالتزام	فصل الواجبات المتعارضة	الحوكمة	sod_matrix · role_conflicts	SoDEnforced	كلُّ الإدارات	الحسابُ الجامعُ بين واجبين متعارضين يُقيَّد · والاعتمادُ يُرفض بنيويًّا حتى الفصل	استثناءٌ بموافقاتٍ عليا ومدةٍ قصيرة	✔	✔	✔	✔	◐ معلَّقُ الربطِ معلَنٌ	✔	✔	◐ يحتاج مقارنةً بالكود الحيّ	لا	معلَّقُ الربطِ — 228 من 242
190	evt.log	sales.event.create	تسجيل حدث عقد	المبيعات والعقود	سجل حركة العقد	النظام	contract_events	ContractEventLogged	الحوكمة · المالية	كلُّ تغييرٍ على العقد يُسجَّل بتاريخه ومرجعه — ولا يُعدَّل السجل	لا عكس — سجلٌّ تاريخي	✔	✔	✔	✔	◐ معلَّقُ الربطِ معلَنٌ	✔	✔	◐ يحتاج مقارنةً بالكود الحيّ	لا	معلَّقُ الربطِ — 228 من 242
191	svc.define	sales.svc.define	تعريف خدمة أو بند بيع	المبيعات والعقود	كتالوج الخدمات وبنود البيع	المبيعات	products · gl_link	ServiceDefined	المالية · المبيعات	البندُ يصير متاحًا في العقود والعروض · وحسابُه الإيراديُّ يُربط · ووحدةُ قياسه تُثبَّت	تعطيلٌ بعد إنهاء عقوده	✔	✔	✔	✔	◐ معلَّقُ الربطِ معلَنٌ	✔	✔	◐ يحتاج مقارنةً بالكود الحيّ	لا	معلَّقُ الربطِ — 228 من 242
192	price.approve	sales.price.approve	اعتماد قائمة تسعير	المبيعات والعقود	قوائم التسعير المعتمدة	الرئيس التنفيذي	pricelists	PricelistApproved	المبيعات · المالية	كلُّ عرضٍ بعدها يستعمل الأسعارَ الجديدة · والخصمُ خارج المسموح يحتاج اعتمادًا	قائمةٌ جديدةٌ بتاريخ — لا تعديلَ رجعي	✔	✔	✔	✔	◐ معلَّقُ الربطِ معلَنٌ	✔	✔	◐ يحتاج مقارنةً بالكود الحيّ	لا	معلَّقُ الربطِ — 228 من 242
193	uom.define	sales.uom.define	تعريف وحدة قياس	المبيعات والعقود	وحدات القياس والتحويل	المبيعات	units_of_measure	UoMDefined	التشغيل · المخازن · المالية	الوحدةُ تصير متاحةً للبنود والأصناف · ومعاملُ التحويل يُثبَّت ولا يُعدَّل بعد الاستعمال	تعطيلٌ بعد تصفير الاستعمال	✔	✔	✔	✔	◐ معلَّقُ الربطِ معلَنٌ	✔	✔	◐ يحتاج مقارنةً بالكود الحيّ	لا	معلَّقُ الربطِ — 228 من 242
194	reg.audit	governance.reg.review	مراجعة سجل العقود	الحوكمة والالتزام	سجل العقود الموحَّد	الحوكمة	contract_audit	ContractRegistryAudited	نائبُ الرئيس التنفيذي المختص	كلُّ عقدٍ يُفحص: التفويضُ والكفالةُ والسريان — والناقصُ يُرفع بلاغًا	إغلاقُ المراجعة بمعالجة	✔	✔	✔	✔	◐ معلَّقُ الربطِ معلَنٌ	✔ قارئٌ — لا أثرَ يُعكس	✔	◐ يحتاج مقارنةً بالكود الحيّ	لا	معلَّقُ الربطِ — 228 من 242
195	cap.measure	suppliers.capacity.execute	قياس طاقة المورد	إدارة الموردين	طاقة المورد وجاهزيته ومهلة الإحلال	مدير الموردين	supplier_capacity	SupplierCapacityMeasured	التشغيل · المالية	الجاهزيةُ الفعليةُ تُقاس مقابل الدنيا · وتجاوزُ مهلة الإحلال يفتح جزاءً	إعادةُ قياسٍ بفترةٍ جديدة	✔	✔	✔	✔	◐ معلَّقُ الربطِ معلَنٌ	✔	✔	◐ يحتاج مقارنةً بالكود الحيّ	لا	معلَّقُ الربطِ — 228 من 242
196	rule.define	suppliers.rule.define	تعريف قاعدة تحميل	إدارة الموردين	قواعد التحميل والجزاءات على المورد	مدير الموردين	supplier_rules	SupplierRuleDefined	الصيانة · المالية	كلُّ تحميلٍ بعدها يُحتسب بمعادلتها وسقفها — ولا تحميلَ خارجها	قاعدةٌ جديدةٌ بتاريخ سريان	✔	✔	✔	✔	◐ معلَّقُ الربطِ معلَنٌ	✔	✔	◐ يحتاج مقارنةً بالكود الحيّ	لا	معلَّقُ الربطِ — 228 من 242
197	sadv.grant	suppliers.sadv.disburse	صرف سلفة مورد	إدارة الموردين	سلفيات الموردين	المدير المالي	supplier_advances	SupplierAdvanceGranted	الموردون · المالية	جدولُ الاستقطاع يُولَّد · والخزينةُ تنخفض · والاستقطاعُ يبدأ من التسوية التالية	إلغاءٌ باسترداد	✔	✔	✔	✔	◐ معلَّقُ الربطِ معلَنٌ	✔	✔	◐ يحتاج مقارنةً بالكود الحيّ	لا	معلَّقُ الربطِ — 228 من 242
198	org.change	governance.org.update	تعديل الهيكل التنظيمي	الحوكمة والالتزام	الهيكل التنظيمي والمسميات	الحوكمة	org_structure · versions	OrgStructureChanged	كلُّ الإدارات	الوحداتُ والمسمياتُ تتغير بقرارٍ مرجعيٍّ · والتكليفاتُ القائمةُ تُراجَع · والقوالبُ تُعاد اشتقاقها	رجوعٌ لنسخةٍ سابقةٍ بقرار	✔	✔	✔	✔	◐ معلَّقُ الربطِ معلَنٌ	✔	✔	◐ يحتاج مقارنةً بالكود الحيّ	لا	معلَّقُ الربطِ — 228 من 242
199	asg.issue	governance.assignment.execute	إصدار تكليف تنظيمي	الحوكمة والالتزام	التكليفات التنظيمية	الحوكمة	org_assignments	AssignmentIssued	الإدارة المعنية · الموارد · الصلاحيات	المكلَّفُ يعمل في نطاق التكليف ومدته · والصلاحيةُ تُشتق منه · وينتهي آليًّا بانقضائه	إنهاءٌ مبكرٌ بقرار	✔	✔	✔	✔	◐ معلَّقُ الربطِ معلَنٌ	✔	✔	◐ يحتاج مقارنةً بالكود الحيّ	لا	معلَّقُ الربطِ — 228 من 242
200	permit.grant	site.period.execute	إصدار إذن دخول	إدارة الموقع	أذون الزيارة والمركبات الخارجية	مدير الموقع	site_permits	SitePermitGranted	الموقع · الأمن · القوى	الدخولُ يُسمح للمستفيد في المدة المحددة — ولا دخولَ بلا إذنٍ ساري	إلغاءٌ فوريٌّ بسبب	✔	✔	✔	✔	◐ معلَّقُ الربطِ معلَنٌ	✔	✔	◐ يحتاج مقارنةً بالكود الحيّ	لا	معلَّقُ الربطِ — 228 من 242
201	house.assign	workforce.house.assign	تخصيص وحدة سكنية	القوى التشغيلية	السكن والإعاشة والمعسكرات	مدير القوى	housing_assignments	HousingAssigned	القوى · الموارد · المالية	الوحدةُ تُشغَل بسعتها · وتكلفةُ الإعاشة تُحمَّل على مركزها · والاستحقاقُ يُفحص من العقد	إخلاءٌ بتاريخ	✔	✔	✔	✔	◐ معلَّقُ الربطِ معلَنٌ	✔	✔	◐ يحتاج مقارنةً بالكود الحيّ	لا	معلَّقُ الربطِ — 228 من 242
202	move.execute	workforce.movement.execute	تنفيذ تنقّل عامل	القوى التشغيلية	تنقلات العاملين	مدير القوى	worker_movements	WorkerMoved	التشغيل · الموارد · النقل · الموقع	التخصيصُ السابق يُنهى والجديدُ يُفتح · ورحلةُ النقل تُطلب · والسكنُ يُعاد تخصيصُه · والبدلاتُ تُراجَع	عكسُ التنقّل بأمرٍ مقابل	✔	✔	✔	✔	◐ معلَّقُ الربطِ معلَنٌ	✔	✔	◐ يحتاج مقارنةً بالكود الحيّ	لا	معلَّقُ الربطِ — 228 من 242
203	weval.close	hr.weval.close	إقفال تقييم أداء	الموارد البشرية	تقييم أداء العاملين	الموارد البشرية	worker_evaluations	WorkerEvaluated	الموارد · القوى	التقييمُ يدخل الملفَّ الوظيفي · ويؤثر في الترقية والبدل والتجديد	إعادةُ فتحٍ بقرارٍ وسبب	✔	✔	✔	✔	◐ معلَّقُ الربطِ معلَنٌ	✔	✔	◐ يحتاج مقارنةً بالكود الحيّ	لا	معلَّقُ الربطِ — 228 من 242
204	eqt.define	fleet.eqt.define	تعريف نوع معدة	إدارة الأسطول	أنواع المعدات وفئاتها	الأسطول	equipment_types	EquipTypeDefined	المبيعات · الصيانة · التشغيل	النوعُ يصير متاحًا في بنود العقد وخطط الوقائية · ووحدةُ عدّاده تُثبَّت	تعطيلٌ بعد إنهاء معداته	✔	✔	✔	✔	◐ معلَّقُ الربطِ معلَنٌ	✔	✔	◐ يحتاج مقارنةً بالكود الحيّ	لا	معلَّقُ الربطِ — 228 من 242
205	fs.close	finance.fs.close	إقفال القوائم المالية	المالية والخزينة	القوائم المالية	الرئيس التنفيذي	financial_statements	StatementsClosed	نائبُ الرئيس التنفيذي المختص · المراجع الخارجي	القوائمُ تصير نهائيةً للفترة · ولا قيدَ بعدها إلا بفتحٍ بقرار	فتحٌ بقرار الجمعية أو المراجع	✔	✔	✔	✔	◐ معلَّقُ الربطِ معلَنٌ	✔	✔	◐ يحتاج مقارنةً بالكود الحيّ	لا	معلَّقُ الربطِ — 228 من 242
206	cost.compute	finance.cost.compute	احتساب التكلفة والربحية	المالية والخزينة	التكاليف والربحية بالمركز	النظام	cost_analysis	CostComputed	التشغيل · الأسطول · الصيانة · المبيعات	التكلفةُ تُوزَّع على المركز والمشروع والمعدة · وتظهر الوحداتُ الخاسرة	إعادةُ احتسابٍ بعد تصحيح	✔	✔	✔	✔	◐ معلَّقُ الربطِ معلَنٌ	✔	✔	◐ يحتاج مقارنةً بالكود الحيّ	لا	معلَّقُ الربطِ — 228 من 242
207	prov.use	finance.prov.execute	استخدام مخصص صيانة	المالية والخزينة	مخصص الصيانة والعمرات	المدير المالي	maintenance_provision	ProvisionUsed	الصيانة · الأسطول	المخصصُ ينخفض بقيمة العمرة · وتكلفةُ العمرة لا تُحمَّل مباشرةً على الفترة	عكسُ الاستخدام بقيدٍ مقابل	✔	✔	✔	✔	◐ معلَّقُ الربطِ معلَنٌ	✔	✔	◐ يحتاج مقارنةً بالكود الحيّ	لا	معلَّقُ الربطِ — 228 من 242
208	route.define	finance.route.define	تعريف قاعدة توجيه	المالية والخزينة	قواعد توجيه الطلبات المالية	المدير المالي	routing_rules	RoutingRuleDefined	كلُّ الإدارات	كلُّ طلبٍ بعدها يسلك المسارَ الجديد بسقوفه — ولا يُوجَّه يدويًّا	قاعدةٌ جديدةٌ بتاريخ سريان	✔	✔	✔	✔	◐ معلَّقُ الربطِ معلَنٌ	✔	✔	◐ يحتاج مقارنةً بالكود الحيّ	لا	معلَّقُ الربطِ — 228 من 242
209	cycle.measure	finance.cycle.execute	قياس زمن الدورة	المالية والخزينة	زمن دورة الطلبات	النظام	cycle_time_metrics	CycleTimeMeasured	المالية · الإدارات	مواضعُ الاختناق تُكشف بالحلقة والمعتمِد — ويُرفع تقريرٌ دوريٌّ بالمتجاوزين	إعادةُ قياسٍ بفترة	✔	✔	✔	✔	◐ معلَّقُ الربطِ معلَنٌ	✔	✔	◐ يحتاج مقارنةً بالكود الحيّ	لا	معلَّقُ الربطِ — 228 من 242
210	trace.follow	finance.trace.execute	تتبّع أثر واقعة	المالية والخزينة	تتبّع الأثر من الواقعة إلى القيد	المالية	—	—	—	خيطٌ متصلٌ من الواقعة التشغيلية إلى القيد المحاسبي — بلا انقطاع	◆ بلا عكس	✔	✔	✔	✔	◐ معلَّقُ الربطِ معلَنٌ	✔ قارئٌ — لا أثرَ يُعكس	✔	◐ يحتاج مقارنةً بالكود الحيّ	لا	معلَّقُ الربطِ — 228 من 242
211	desk.post	finance.desk.execute	قيد من مكتب المحاسب	المالية والخزينة	مهام المحاسب اليومية	المحاسبُ المخوَّل	journal_entries	DeskPosted	المالية	القيدُ يُرفع للمراجعة قبل النشر — ولا ينشر المحاسبُ قيدَه	إعادةٌ للتصحيح	✔	✔	✔	✔	◐ معلَّقُ الربطِ معلَنٌ	✔	✔	◐ يحتاج مقارنةً بالكود الحيّ	لا	معلَّقُ الربطِ — 228 من 242
212	tcf.define	tickets.tcf.define	تعريف إعداد بلاغات	مركز البلاغات	إعدادات البلاغات — الأنواع والمهل والتصعيد	مركزُ البلاغات	ticket_config	TicketConfigDefined	كلُّ الإدارات	كلُّ بلاغٍ بعدها يُوجَّه ويُمهَّل بالإعداد الجديد — ولا توجيهَ يدوي	إعدادٌ جديدٌ بتاريخ سريان	✔	✔	✔	✔	◐ معلَّقُ الربطِ معلَنٌ	✔	✔	◐ يحتاج مقارنةً بالكود الحيّ	لا	معلَّقُ الربطِ — 228 من 242
213	tpl.generate	tickets.tpl.execute	توليد بلاغ دوري	مركز البلاغات	البلاغات الدورية المولَّدة	النظام	tickets	PeriodicTicketGenerated	الإدارة المستهدفة	البلاغُ يُنشأ في موعده بمكلَّفه ومهلته — ولا يحتاج من يتذكّره	تعطيلُ القالب بقرار	✔	✔	✔	✔	◐ معلَّقُ الربطِ معلَنٌ	✔	✔	◐ يحتاج مقارنةً بالكود الحيّ	لا	معلَّقُ الربطِ — 228 من 242
214	prt.create	governance.prt.create	إنشاء حساب بوابة خارجية	الحوكمة والالتزام	حسابات بوابة الأطراف الخارجية	مديرُ الصلاحيات	portal_users · isolation	PortalAccountCreated	المبيعات · الموردون · الحوكمة	الحسابُ يرى نطاقَه وحدَه بعزلٍ تام · ولا يرى بياناتِ طرفٍ آخر ولو كان في العقد نفسِه	تعطيلٌ فوريٌّ بسبب	✔	✔	✔	✔	◐ معلَّقُ الربطِ معلَنٌ	✔	✔	◐ يحتاج مقارنةً بالكود الحيّ	لا	معلَّقُ الربطِ — 228 من 242
215	ast.assign	governance.ast.assign	تكليف معاون بالنيابة	الحوكمة والالتزام	المعاونون والنيابة المؤقتة	الحوكمة	assistants · delegations	AssistantAssigned	الإدارة المعنية · سلّم الموافقات	المعاونُ يعتمد في نطاق الأصيل ومدته — ولا يتجاوز سقفَه · وينتهي آليًّا	إنهاءٌ مبكرٌ بقرار	✔	✔	✔	✔	◐ معلَّقُ الربطِ معلَنٌ	✔	✔	◐ يحتاج مقارنةً بالكود الحيّ	لا	معلَّقُ الربطِ — 228 من 242
216	quota.post	suppliers.quota.create	قيدُ استهلاكٍ في الدفتر	إدارة الموردين	دفتر استهلاك حصص الموردين	النظام	quota_ledger	QuotaConsumed	الموردون · التشغيل · المالية	سطرٌ لا يتكرر بمفتاح (الوحدة × الفترة × الحصة) · والرصيدُ ينقص · وبلوغُ السقف يمنع تخصيصًا جديدًا	سطرٌ عاكسٌ بمرجعه — لا حذفَ ولا تعديل	✔	✔	✔	✔	◐ معلَّقُ الربطِ معلَنٌ	✔	✔	◐ يحتاج مقارنةً بالكود الحيّ	لا	معلَّقُ الربطِ — 228 من 242
217	plan.commit	suppliers.plan.approve	اعتمادُ خطة معدات مورد	إدارة الموردين	خطة معدات المورد المتعهَّد بها	مديرُ الموردين	supplier_equipment_plan	SupplierPlanCommitted	التشغيل · الأسطول	الخطةُ تصير التزامًا · وفجوةُ التغطية تُحتسب عليها · والتأخرُ عن تاريخ الجاهزية يفتح جزاءً	تعديلٌ بملحقٍ لا بتحرير	✔	✔	✔	✔	◐ معلَّقُ الربطِ معلَنٌ	✔	✔	◐ يحتاج مقارنةً بالكود الحيّ	لا	معلَّقُ الربطِ — 228 من 242
218	gate.pass	finance.gate.execute	اجتيازُ بوابة الاستحقاق	المالية والخزينة	فحص شروط الاستحقاق	المديرُ المالي	entitlement_gate · fin_events	EntitlementGatePassed	المالية · المبيعات · الموردون · القوى	الحارسُ يفحص: سلسلةٌ مكتملة · فترةٌ مفتوحة · عقدٌ نافذ · حصةٌ متاحة — ثم يتولد الأثرُ الماليُّ ولا يقع قبلها	ردٌّ بسببٍ محكومٍ يعيد الوحدةَ معلَّقة	✔	✔	✔	✔	◐ معلَّقُ الربطِ معلَنٌ	✔	✔	◐ يحتاج مقارنةً بالكود الحيّ	لا	معلَّقُ الربطِ — 228 من 242
219	field.classify	governance.field.execute	تصنيفُ حقلٍ حساس	الحوكمة والالتزام	سياسات الحقول الحساسة	الحوكمة	field_classification	FieldClassified	كلُّ الإدارات	الحقلُ يُخفى لمن لا يملكه · وكلُّ اطّلاعٍ يُسجَّل · والأكثرُ تقييدًا يغلب عند تعارض القوالب	رفعُ التصنيف بقرار	✔	✔	✔	✔	◐ معلَّقُ الربطِ معلَنٌ	✔	✔	◐ يحتاج مقارنةً بالكود الحيّ	لا	معلَّقُ الربطِ — 228 من 242
220	glass.break	governance.glass.grant	منحُ صلاحية طوارئ	الحوكمة والالتزام	صلاحية الطوارئ اللحظية (كسر الزجاج)	الإدارةُ العامة	break_glass · audit	BreakGlassGranted	الحوكمة · الإدارة المعنية	الصلاحيةُ تُمنح دقائقَ معدودةً بموافقتين عليا · وكلُّ فعلٍ تحتها يُسجَّل ويُراجَع خلال 24 ساعة	إنهاءٌ فوريٌّ وتقريرُ مراجعةٍ إلزامي	✔	✔	✔	✔	◐ معلَّقُ الربطِ معلَنٌ	✔	✔	◐ يحتاج مقارنةً بالكود الحيّ	لا	معلَّقُ الربطِ — 228 من 242
221	review.close	governance.reversal.close	إقفالُ دورة مراجعة	الحوكمة والالتزام	دورة المراجعة الدورية للصلاحيات	الحوكمة	access_reviews	AccessReviewClosed	كلُّ الإدارات	ما لم يُؤكَّد يُسحب آليًّا · والحساباتُ الخاملةُ تُعطَّل · وتقريرُ الدورة يُرفع للإدارة العامة	فتحُ دورةٍ جديدةٍ لا إعادةَ فتح	✔	✔	✔	✔	◐ معلَّقُ الربطِ معلَنٌ	✔	✔	◐ يحتاج مقارنةً بالكود الحيّ	لا	معلَّقُ الربطِ — 228 من 242
222	found.close	governance.found.close	إغلاقُ وضع التأسيس	الحوكمة والالتزام	وضع التأسيس وإغلاقه	المديرُ التنفيذي	founding_mode · audit	FoundingModeClosed	كلُّ الإدارات	لا إدخالَ بعده إلا بسلسلة الاعتماد · وكلُّ ما أُدخل في الوضع يُوسَم «مؤسِّس» ويُراجَع	لا إعادةَ فتحٍ — يُفتح وضعُ تصحيحٍ مستقلٌّ بقرار	✔	✔	✔	✔	◐ معلَّقُ الربطِ معلَنٌ	✔	✔	◐ يحتاج مقارنةً بالكود الحيّ	لا	معلَّقُ الربطِ — 228 من 242
223	sm.define	governance.sm.define	تعريفُ آلة حالة	الحوكمة والالتزام	حالات المستندات وانتقالاتها	الحوكمة	state_machines · transitions	StateMachineDefined	كلُّ الإدارات	لا انتقالَ خارج المعرَّف · وكلُّ انتقالٍ له فعلٌ ومخوَّلٌ وشرط · والحارسُ يرفض ما سواه	نسخةٌ جديدةٌ بتاريخ سريان	✔	✔	✔	✔	◐ معلَّقُ الربطِ معلَنٌ	✔	✔	◐ يحتاج مقارنةً بالكود الحيّ	لا	معلَّقُ الربطِ — 228 من 242
224	dev.close	capital.deviation.close	إقفالُ ورقة انحراف	التمويل والملكية	انحرافات التمويل — السداد والملكية والتوثيق	إدارةُ التمويل	fin_deviations	DeviationClosed	المالية · الحوكمة	لا تُغلق بلا سببٍ معتمدٍ وقرارِ تسويةٍ وقيدٍ إن لزم — ولا تبقى مفتوحةً بلا حسم	إعادةُ فتحٍ بدليلٍ جديد	✔	✔	✔	✔	◐ معلَّقُ الربطِ معلَنٌ	✔	✔	◐ يحتاج مقارنةً بالكود الحيّ	لا	معلَّقُ الربطِ — 228 من 242
225	rel.publish	governance.relocation.execute	نشرُ إصدار	الحوكمة والالتزام	بصمة الإصدار وتقرير النشر	الحوكمة	releases · release_manifest	ReleasePublished	كلُّ الإدارات	بصمةُ الإصدار تُثبَّت · وتقريرُ الاكتمال يُصدَر بالشاشات والأعمدة والأفعال المتغيرة · والرجوعُ ممكنٌ بعلَم	رجوعٌ للإصدار السابق بعلَمٍ وسجل	✔	✔	✔	✔	◐ معلَّقُ الربطِ معلَنٌ	✔	✔	◐ يحتاج مقارنةً بالكود الحيّ	لا	معلَّقُ الربطِ — 228 من 242
226	ceo.approve	exec.ceo.approve	اعتمادُ الإدارة العليا	الإدارة التنفيذية	اعتمادات الرئيس التنفيذي	المديرُ التنفيذي	approvals · audit	ExecApproved	الإدارةُ الطالبة · الحوكمة	المستندُ ينفذ بعد أعلى حلقةٍ في السلّم · والتوقيعُ يُسجَّل بصفة الرئيس التنفيذي لا بتفويض	سحبُ اعتمادٍ بقرارٍ موثَّق	✔	✔	✔	✔	◐ معلَّقُ الربطِ معلَنٌ	✔	✔	◐ يحتاج مقارنةً بالكود الحيّ	لا	معلَّقُ الربطِ — 228 من 242
227	ceo.sign	exec.ceo.execute	التوقيعُ على عقد	الإدارة التنفيذية	توقيع العقود والالتزامات	المديرُ التنفيذي	contracts.signed · registry	ContractSigned	المبيعات · الموردون · التمويل · المالية · الحوكمة	العقدُ يصير نافذًا · والحاويةُ تُولَّد · والالتزامُ يدخل الموازنة والتدفق · ويُقيَّد في السجل الموحَّد	إنهاءٌ أو تعليقٌ بقرارٍ موثَّق	✔	✔	✔	✔	◐ معلَّقُ الربطِ معلَنٌ	✔	✔	◐ يحتاج مقارنةً بالكود الحيّ	لا	معلَّقُ الربطِ — 228 من 242
228	project.charter	exec.project.approve	اعتمادُ فتح مشروع	الإدارة التنفيذية	قرار فتح مشروع جديد	المديرُ التنفيذي	projects · site_managers · cost_centers	ProjectChartered	التشغيل · المبيعات · القوى · المالية · الأسطول · التمويل	المشروعُ يُفتح بمركز تكلفته · ومديرُ الموقع يُعيَّن بصلاحياته · والمواقعُ تُنشأ · والموارد تُحجز — ولا يقع شيءٌ من هذا بقرارٍ فردي	إغلاقُ المشروع بقرارٍ مشابهٍ ومحضرِ تصفية	✔	✔	✔	✔	◐ معلَّقُ الربطِ معلَنٌ	✔	✔	◐ يحتاج مقارنةً بالكود الحيّ	لا	معلَّقُ الربطِ — 228 من 242
229	model.define	sales.model.define	تعريفُ نموذج عمل	المبيعات والعقود	نماذج العمل ووحدات القياس	المديرُ التنفيذي	business_models · uom	BusinessModelDefined	المبيعات · التشغيل · الموردون · الأسطول · المالية	النموذجُ يحدد سلسلةً كاملة: وحدةَ القياس ← ما يُسجَّل ميدانيًّا ← وحدةَ الحاوية ← وحدةَ تعاقد المورد ← أساسَ الاستحقاق	نموذجٌ جديدٌ بتاريخ — ولا تعديلَ رجعيّ على عقدٍ نافذ	✘ رمزٌ لأكثرَ من معنى	✔	✔	✔	◐ معلَّقُ الربطِ معلَنٌ	✔	✔	◐ يحتاج مقارنةً بالكود الحيّ	نعم	معلَّقُ الربطِ — 228 من 242
230	source.set	fleet.source.execute	تحديدُ مصدر معدة	إدارة الأسطول	مصدر المعدة ونمط تملّكها	الأسطول والتمويل	equipment_sourcing	EquipmentSourced	المالية · التمويل · الموردون · التشغيل	المصدرُ يحدد: من يملك · من يُهلك · من يستحق العائد · ومن يُحمَّل الصيانة — والتشغيلُ يراها معدةً بلا مصدر	تغييرُ مصدرٍ بمستندٍ وأثرٍ محاسبي	✔	✔	✔	✔	◐ معلَّقُ الربطِ معلَنٌ	✔	✔	◐ يحتاج مقارنةً بالكود الحيّ	لا	معلَّقُ الربطِ — 228 من 242
231	shift.assign	site.shift.execute	تحديدُ ورديات الغد	إدارة الموقع	جدول الورديات — النهار والليل	مديرُ الموقع	shift_plan · assignments	ShiftPlanSet	القوى · الصيانة · التشغيل	المعدةُ والمشغّلُ يُثبَّتان للوردية · والتايم شيتُ يقبل عليهما · والصيانةُ تعرف نافذتَها · والتناوبُ يُحتسب	تبديلٌ بموافقة القوى وسببٍ مكتوب	✔	✔	✔	✔	◐ معلَّقُ الربطِ معلَنٌ	✔	✔	◐ يحتاج مقارنةً بالكود الحيّ	لا	معلَّقُ الربطِ — 228 من 242
232	cal.approve	site.calendar.approve	اعتمادُ جدول عمل الموقع	إدارة الموقع	جدول عمل المنجم — الأسبوعي والشهري	مديرُ التشغيل	work_calendar	WorkCalendarApproved	الموقع · القوى · الصيانة · المبيعات	أيامُ العمل تصير نافذةً · والتناوبُ يُبنى عليها · ونوافذُ الوقائية تُحجز · والكمياتُ المخططةُ تُوزَّع	تعديلٌ باعتمادٍ وبيانِ أثر	✔	✔	✔	✔	◐ معلَّقُ الربطِ معلَنٌ	✔	✔	◐ يحتاج مقارنةً بالكود الحيّ	لا	معلَّقُ الربطِ — 228 من 242
233	gate.equip	site.gate.execute_equip	إصدارُ إذن دخول أو خروج معدة	إدارة الموقع	أذون دخول وخروج المعدات	مديرُ الموقع	site_gate_log · equipment.location	EquipmentGated	الأسطول · النقل · التشغيل · الصيانة	المعدةُ تدخل الموقعَ أو تخرج منه بتاريخٍ موثَّق · وموقعُها في الكرت يتغير · ولا حركةَ بلا إذنٍ ساري	إلغاءُ الإذن قبل التنفيذ	✔	✔	✔	✔	◐ معلَّقُ الربطِ معلَنٌ	✔	✔	◐ يحتاج مقارنةً بالكود الحيّ	لا	معلَّقُ الربطِ — 228 من 242
234	gate.person	site.gate.execute_person	إصدارُ إذن دخول أو خروج مشغّل	إدارة الموقع	أذون دخول وخروج المشغّلين	مديرُ الموقع	site_gate_log · assignments	PersonGated	القوى · الموارد · النقل	بدايةُ العمل أو نهايتُه تُوثَّق · والتخصيصُ يُفتح أو يُنهى · والتناوبُ والأجرُ يُحتسبان من التاريخ	إلغاءُ الإذن قبل التنفيذ	✔	✔	✔	✔	◐ معلَّقُ الربطِ معلَنٌ	✔	✔	◐ يحتاج مقارنةً بالكود الحيّ	لا	معلَّقُ الربطِ — 228 من 242
235	eq.quota.allocate	suppliers.eq.execute	توزيعُ حصة على معدة	إدارة الموردين	توزيع وحدات المورد على معداته	مديرُ الموردين	equipment_quota · quota_ledger	EquipmentQuotaAllocated	التشغيل · الموقع · المالية · المبيعات	الحارسُ يفحص Σ حصص المعدات ≤ حصة المورد · والمعدةُ الاحتياطيةُ تُقبل بصفر · والتخصيصُ الميدانيُّ يُقيَّد بالحصة	سحبُ حصةٍ بتاريخٍ وسببٍ ونقلُها لمعدةٍ أخرى	✔	✔	✔	✔	◐ معلَّقُ الربطِ معلَنٌ	✔	✔	◐ يحتاج مقارنةً بالكود الحيّ	لا	معلَّقُ الربطِ — 228 من 242
236	eq.quota.shift	suppliers.eq.transfer	نقلُ حصةٍ بين معدات المورد	إدارة الموردين	توزيع وحدات المورد على معداته	مديرُ الموردين	equipment_quota · audit	QuotaShifted	التشغيل · المالية	المورد حرٌّ في تنفيذ حصته بأيِّ معدةٍ من معداته — الأساسيةِ أو الاحتياطية · والمجموعُ لا يتغير · والنقلُ يُسجَّل بسببه	نقلٌ عكسيٌّ بمرجعه	✔	✔	✔	✔	◐ معلَّقُ الربطِ معلَنٌ	✔	✔	◐ يحتاج مقارنةً بالكود الحيّ	لا	معلَّقُ الربطِ — 228 من 242
237	pc.sign	hr.pc.approve	توقيعُ عقدٍ مشروعيٍّ مؤقت	الموارد البشرية	عقود المشاريع المؤقتة	الموارد البشرية	project_contracts	ProjectContractSigned	القوى · التشغيل · المالية	العقدُ يبدأ من تاريخ التعاقد وينتهي بأولِ محفّزٍ يقع: انتهاءُ مدته · أو انتهاءُ عقد المورد · أو انتهاءُ المشروع — ولا يُجدَّد تلقائيًّا	إنهاءٌ مبكرٌ بمستحقاته	✔	✔	✔	✔	◐ معلَّقُ الربطِ معلَنٌ	✔	✔	◐ يحتاج مقارنةً بالكود الحيّ	لا	معلَّقُ الربطِ — 228 من 242
238	pc.trigger	hr.pc.execute	وقوعُ محفّز انتهاء	الموارد البشرية	عقود المشاريع المؤقتة	النظام	project_contracts.state · alerts	ProjectContractTriggered	الموارد · القوى · التشغيل · المالية	العقودُ المرتبطةُ تُنبَّه قبل الانتهاء بمهلة · والتصفيةُ تُفتح · والتخصيصُ يُنهى · وإذنُ الخروج يُطلب	تمديدٌ بملحقٍ قبل الانتهاء	✔	✔	✔	✔	◐ معلَّقُ الربطِ معلَنٌ	✔	✔	◐ يحتاج مقارنةً بالكود الحيّ	لا	معلَّقُ الربطِ — 228 من 242
239	perm.trace	governance.permission.execute	تفسيرُ صلاحيةٍ لحساب	الحوكمة والالتزام	تفسير مصدر الصلاحية	مديرُ الصلاحيات	—	—	—	يُعرض كلُّ مصدرٍ بحكمه: مُنح من قالب العائلة · ومُنع من نوع العلاقة · والنتيجةُ ممنوع — والمنعُ يغلب المنح	◆ بلا عكس	✔	✔	✔	✔	◐ معلَّقُ الربطِ معلَنٌ	✔	✔	◐ يحتاج مقارنةً بالكود الحيّ	لا	معلَّقُ الربطِ — 228 من 242
240	dt.define	governance.dt.define	تعريفُ نوع مستند	الحوكمة والالتزام	سجل أنواع المستندات	الحوكمة	doc_types · numbering	DocTypeDefined	كلُّ الإدارات	نمطُ الترقيم يُثبَّت · وآلةُ الحالة تُربط · ومدةُ الحفظ النظاميةُ تُفرض · ولا يُنشأ مستندٌ بلا نوع	نسخةٌ جديدةٌ بتاريخ سريان	✔	✔	✔	✔	◐ معلَّقُ الربطِ معلَنٌ	✔	✔	◐ يحتاج مقارنةً بالكود الحيّ	لا	معلَّقُ الربطِ — 228 من 242
241	board.drill	exec.board.execute	التعمّقُ في مؤشر	الإدارة التنفيذية	لوحة الرئيس التنفيذي	المديرُ التنفيذي	—	—	—	يُفتح المصدرُ التفصيليُّ للرقم بنطاق الإدارة العليا — بلا أثرٍ على البيانات	◆ بلا عكس	✔	✔	✔	✔	◐ معلَّقُ الربطِ معلَنٌ	✔	✔	◐ يحتاج مقارنةً بالكود الحيّ	لا	معلَّقُ الربطِ — 228 من 242
242	risk.decide	exec.risk.execute_decide	حسمُ قضيةٍ عليا	الإدارة التنفيذية	المخاطر والقرارات العليا	المديرُ التنفيذي	exec_decisions · assignments	ExecDecisionMade	الإدارةُ المكلَّفة · الحوكمة	القرارُ يُلزم الإدارةَ المكلَّفة بمهلته · ويُسجَّل في سجل القرارات العليا · والمتابعةُ تُجدول	قرارٌ لاحقٌ يُعدّله بمرجع الأصل	✔	✔	✔	✔	◐ معلَّقُ الربطِ معلَنٌ	✔	✔	◐ يحتاج مقارنةً بالكود الحيّ	لا	معلَّقُ الربطِ — 228 من 242
243	cons.flag	inventory.contract.execute	رصدُ استهلاكٍ شاذ	إدارة المخازن	استهلاك المعدة ومعدله	النظام	consumption_alerts	AbnormalConsumption	المخازن · الصيانة · التشغيل	تجاوزُ المعدل المرجعي بنسبةٍ معلنةٍ يفتح بلاغًا آليًّا — تسربٌ أو سوءُ تشغيلٍ أو خطأُ صرف	إغلاقُ التنبيه بسببٍ موثَّق	✔	✔	✔	✔	◐ معلَّقُ الربطِ معلَنٌ	✔	✔	◐ يحتاج مقارنةً بالكود الحيّ	لا	معلَّقُ الربطِ — 228 من 242
244	review.block	sales.reversal.suspend	حجبُ اعتماد عقدٍ بملاحظةٍ حرجة	المبيعات والعقود	مراجعة العقود وملاحظاتها	الحوكمة	contract_review · guards	ContractBlocked	المبيعات · الإدارة التنفيذية	الحارسُ يمنع التوقيعَ حتى تُغلق الملاحظةُ الحرجة — والمعالجةُ تُوثَّق بمستندها	إغلاقُ الملاحظة يرفع الحجب	✔	✔	✔	✔	◐ معلَّقُ الربطِ معلَنٌ	✔	✔	◐ يحتاج مقارنةً بالكود الحيّ	لا	معلَّقُ الربطِ — 228 من 242
245	bridge.link	fleet.bridge.execute	ربطُ كودٍ بمعدة	إدارة الأسطول	جسر ترقيم المعدات	الأسطول	code_bridge	CodeBridged	التشغيل · الصيانة · الموردون · المالية	كلُّ ترميزٍ للمعدة يشير إلى كودٍ واحد · والتعارضُ يُكشف قبل الإدخال · ولا معدةَ بكودين نافذين	فضُّ ربطٍ بمستندٍ وسبب	✔	✔	✔	✔	◐ معلَّقُ الربطِ معلَنٌ	✔	✔	◐ يحتاج مقارنةً بالكود الحيّ	لا	معلَّقُ الربطِ — 228 من 242
246	name.merge	governance.name.merge	دمجُ مرادفٍ في الاسم المعتمد	الحوكمة والالتزام	سجل الأسماء المعتمدة	الحوكمة	canonical_names · entity_merge	NameMerged	كلُّ الإدارات	السجلاتُ المرتبطةُ بالمرادف تُحوَّل للمعتمد · والمرادفُ يبقى للبحث ولا يُنشئ كيانًا · والتكرارُ يُمنع مستقبلًا	فضُّ دمجٍ بقرارٍ وسجل	✔	✔	✔	✔	◐ معلَّقُ الربطِ معلَنٌ	✔	✔	◐ يحتاج مقارنةً بالكود الحيّ	لا	معلَّقُ الربطِ — 228 من 242
247	risk.signal.raise	core.risk.submit_signal	رفعُ إشارةِ خطر	RSK	إشارات المخاطر والفرز	أيُّ موظفٍ مخوَّل	risk_signals	RiskSignalRaised	إدارةُ المخاطر	إشارةٌ مسجَّلةٌ تنتظر الفرزَ — ولا تُنشئ خطرًا	سحبُ الإشارةِ قبل الفرز	✔	✔	✘ بلا مالك	✔	◐ معلَّقُ الربطِ معلَنٌ	✔	✔	◐ يحتاج مقارنةً بالكود الحيّ	نعم	معلَّقُ الربطِ — 228 من 242
248	risk.signal.triage	core.risk.execute_signal	فرزُ إشارةِ خطر	RSK	إشارات المخاطر والفرز	محللُ المخاطر	risk_signals · risks	RiskSignalTriaged	الإدارةُ المعنية	الإشارةُ تُهمَل أو تُربط أو تُنشئ خطرًا أو تُصعَّد — بسببٍ مكتوب	إعادةُ الفرزِ بقرارٍ مسبَّب	✔	✔	✘ بلا مالك	✔	◐ معلَّقُ الربطِ معلَنٌ	✔	✔	◐ يحتاج مقارنةً بالكود الحيّ	نعم	معلَّقُ الربطِ — 228 من 242
249	risk.create	core.risk.create	تسجيلُ خطرٍ جديد	RSK	سجل المخاطر المؤسسي	محللُ المخاطر	risks	RiskRegistered	الإدارةُ المالكةُ والمخاطر	خطرٌ مسجَّلٌ بمالكٍ ووحدةٍ وتصنيفٍ — ولا تقييمَ بعد	إلغاءُ التسجيلِ قبل التقييم	✔	✔	✘ بلا مالك	✔	◐ معلَّقُ الربطِ معلَنٌ	✔	✔	◐ يحتاج مقارنةً بالكود الحيّ	نعم	معلَّقُ الربطِ — 228 من 242
250	risk.owner.assign	core.risk.execute_owner	تعيينُ مالكِ الخطر	RSK	ملف الخطر	مديرُ المخاطر	risks	RiskOwnerAssigned	الإدارةُ المالكة	الخطرُ يظهر في مساحةِ مخاطرِ الإدارةِ ومهامِّ مالكه	إعادةُ التعيينِ بقرار	✔	✔	✘ بلا مالك	✔	◐ معلَّقُ الربطِ معلَنٌ	✔	✔	◐ يحتاج مقارنةً بالكود الحيّ	نعم	معلَّقُ الربطِ — 228 من 242
251	risk.assess.inherent	core.risk.execute_assess	تقييمُ الخطرِ المتأصل	RSK	تقييم الخطر ونسخُه التاريخية	مالكُ الخطرِ بمراجعةِ المخاطر	risk_assessments	RiskAssessedInherent	إدارةُ المخاطر	درجةٌ متأصلةٌ بأبعادِ الأثرِ الثمانيةِ محفوظةٌ بتاريخها	تقييمٌ جديدٌ يحفظ السابقَ ولا يمحوه	✔	✘ معنًى بعدةِ رموزٍ بلا alias	✘ بلا مالك	✔	◐ معلَّقُ الربطِ معلَنٌ	✔	✔	◐ يحتاج مقارنةً بالكود الحيّ	نعم	معلَّقُ الربطِ — 228 من 242
252	risk.control.link	core.risk.execute_control	ربطُ ضابطٍ بالخطر	RSK	الضوابط والضوابط الحرجة	مالكُ الضابط	risk_controls	RiskControlLinked	إدارةُ المخاطر	الضابطُ مرتبطٌ — ولا يخفض الدرجةَ قبل إثبات فعاليته	فكُّ الارتباطِ بسبب	✔	✘ معنًى بعدةِ رموزٍ بلا alias	✘ بلا مالك	✔	◐ معلَّقُ الربطِ معلَنٌ	✔	✔	◐ يحتاج مقارنةً بالكود الحيّ	نعم	معلَّقُ الربطِ — 228 من 242
253	risk.control.verify	core.risk.execute_control	التحققُ من ضابطٍ حرج	RSK	التحقق من الضوابط الحرجة	◆ متحقِّقٌ مستقلٌّ غيرُ مالكِ الضابط	risk_verifications · risk_controls	ControlVerified	المخاطرُ والحوكمة	فعاليةُ الضابطِ محكومةٌ بدليلٍ — وتُحدَّث درجةُ الخطرِ المتبقي	تحققٌ جديدٌ يحفظ السابق	✔	✘ معنًى بعدةِ رموزٍ بلا alias	✘ بلا مالك	✔	◐ معلَّقُ الربطِ معلَنٌ	✔	✔	◐ يحتاج مقارنةً بالكود الحيّ	نعم	معلَّقُ الربطِ — 228 من 242
254	risk.control.fail	core.risk.create_control	تسجيلُ فشلِ ضابطٍ حرج	RSK	التحقق من الضوابط الحرجة	المتحقِّقُ أو النظام	risk_controls · risk_escalations	◆ CriticalControlFailed	◆ الرئيسُ التنفيذيُّ والمخاطرُ والإدارةُ المالكة	◆ تصعيدٌ فوريٌّ في اليومِ نفسِه ورفعُ الخطرِ المتبقي	لا يُعكس — يُغلق بإجراءٍ تصحيحيٍّ متحقَّقٍ منه	✔	✔	✘ بلا مالك	✔	◐ معلَّقُ الربطِ معلَنٌ	✔	✔	◐ يحتاج مقارنةً بالكود الحيّ	نعم	معلَّقُ الربطِ — 228 من 242
255	risk.assess.residual	core.risk.execute_assess	تقييمُ الخطرِ المتبقي	RSK	تقييم الخطر ونسخُه التاريخية	مالكُ الخطرِ بتحدي المخاطر	risk_assessments	RiskAssessedResidual	المخاطرُ والإدارةُ المالكة	درجةٌ متبقيةٌ — وعليها يُبنى قرارُ القبولِ ومقارنةُ الشهية	تقييمٌ جديدٌ يحفظ السابق	✔	✘ معنًى بعدةِ رموزٍ بلا alias	✘ بلا مالك	✔	◐ معلَّقُ الربطِ معلَنٌ	✔	✔	◐ يحتاج مقارنةً بالكود الحيّ	نعم	معلَّقُ الربطِ — 228 من 242
256	risk.treatment.plan	core.risk.create_treatment	إنشاءُ خطةِ معالجة	RSK	إجراءات المعالجة	مالكُ الخطر	risk_treatments · work_items	RiskTreatmentPlanned	مسؤولُ التنفيذِ ومساحةُ عمله	إجراءٌ مسنَدٌ بمهلةٍ يظهر في مهامِّ مسؤوله	إلغاءُ الخطةِ بسببٍ مسجَّل	✔	✔	✘ بلا مالك	✔	◐ معلَّقُ الربطِ معلَنٌ	✔	✔	◐ يحتاج مقارنةً بالكود الحيّ	نعم	معلَّقُ الربطِ — 228 من 242
257	risk.treatment.close	core.risk.close_treatment	إغلاقُ إجراءِ معالجة	RSK	إجراءات المعالجة	المتحقِّقُ لا المنفِّذ	risk_treatments	RiskTreatmentClosed	المخاطرُ والإدارةُ المالكة	◆ لا يُغلق بلا دليلِ تنفيذٍ يقبله المتحقِّق	إعادةُ الفتحِ بسبب	✔	✔	✘ بلا مالك	✔	◐ معلَّقُ الربطِ معلَنٌ	✔	✔	◐ يحتاج مقارنةً بالكود الحيّ	نعم	معلَّقُ الربطِ — 228 من 242
258	risk.accept	core.risk.execute_accept	قبولُ خطرٍ متبقٍّ	RSK	القبول والاستثناءات	◆ صاحبُ السلطةِ بحسب الدرجة	risk_acceptances	RiskAccepted	المخاطرُ والرئيسُ عند الحرج	قرارُ قبولٍ موقَّعٌ بمهلةِ مراجعةٍ وضوابطَ معوِّضة	سحبُ القبولِ بقرارٍ من الجهةِ نفسِها أو أعلى	✔	✔	✘ بلا مالك	✔	◐ معلَّقُ الربطِ معلَنٌ	✔	✔	◐ يحتاج مقارنةً بالكود الحيّ	نعم	معلَّقُ الربطِ — 228 من 242
259	risk.escalate	core.risk.execute_escalate	تصعيدُ خطر	RSK	المراجعات والتصعيدات	محرّكُ التصعيدِ أو مديرُ المخاطر	risk_escalations	RiskEscalated	النائبُ أو الرئيسُ بحسب الدرجة	◆ تصعيدٌ آليٌّ بالمصفوفةِ — ولا يملك أحدٌ منعَه	إغلاقُ التصعيدِ بقرارِ الجهةِ المصعَّدِ إليها	✔	✔	✘ بلا مالك	✔	◐ معلَّقُ الربطِ معلَنٌ	✔	✔	◐ يحتاج مقارنةً بالكود الحيّ	نعم	معلَّقُ الربطِ — 228 من 242
260	risk.review	core.risk.review	مراجعةٌ دوريةٌ للخطر	RSK	المراجعات والتصعيدات	محللُ المخاطر	risk_reviews · risk_assessments	RiskReviewed	الإدارةُ المالكة	تقييمٌ محدَّثٌ وقرارُ استمرارٍ أو إغلاقٍ أو تصعيد	مراجعةٌ جديدةٌ تحفظ السابقة	✔	✔	✘ بلا مالك	✔	◐ معلَّقُ الربطِ معلَنٌ	✔ قارئٌ — لا أثرَ يُعكس	✔	◐ يحتاج مقارنةً بالكود الحيّ	نعم	معلَّقُ الربطِ — 228 من 242
261	risk.close	core.risk.close	إغلاقُ خطر	RSK	ملف الخطر	◆ صاحبُ السلطةِ بحسب الدرجة	risks · risk_reviews	RiskClosed	المخاطرُ والإدارةُ المالكة	◆ لا يُغلق بلا دليلِ تنفيذٍ وإعادةِ تقييمٍ واعتماد	إعادةُ الفتحِ بحدثٍ جديدٍ أو مراجعة	✔	✔	✘ بلا مالك	✔	◐ معلَّقُ الربطِ معلَنٌ	✔	✔	◐ يحتاج مقارنةً بالكود الحيّ	نعم	معلَّقُ الربطِ — 228 من 242
262	risk.reopen	core.risk.reject	إعادةُ فتحِ خطرٍ مغلق	RSK	ملف الخطر	محللُ المخاطر	risks	RiskReopened	الإدارةُ المالكة	الخطرُ يعود للدورةِ بتقييمٍ جديدٍ يحفظ التاريخَ كلَّه	◆ بلا عكس	✔	✔	✘ بلا مالك	✔	◐ معلَّقُ الربطِ معلَنٌ	✔	✔	◐ يحتاج مقارنةً بالكود الحيّ	نعم	معلَّقُ الربطِ — 228 من 242
263	risk.incident.log	core.risk.create_incident	تسجيلُ واقعة	RSK	الحوادث والوقائع	الموقعُ أو مركزُ البلاغات	risk_incidents	IncidentLogged	المخاطرُ والسلامةُ والإدارةُ المعنية	واقعةٌ مسجَّلةٌ — وإن حققت خطرًا قائمًا أُعيد تقييمُه	تصحيحُ التسجيلِ بمرجعٍ لا حذفًا	✔	✔	✘ بلا مالك	✔	◐ معلَّقُ الربطِ معلَنٌ	✔	✔	◐ يحتاج مقارنةً بالكود الحيّ	نعم	معلَّقُ الربطِ — 228 من 242
264	risk.kri.threshold	core.risk.define_kri	ضبطُ حدِّ مؤشرِ خطر	RSK	مؤشرات المخاطر والضوابط	مديرُ المخاطر	risk_kris	KRIThresholdSet	الإداراتُ المعنية	الحدودُ الجديدةُ تسري على القراءاتِ القادمةِ لا الماضية	إعادةُ الحدِّ السابقِ بقرار	✔	✔	✘ بلا مالك	✔	◐ معلَّقُ الربطِ معلَنٌ	✔	✔	◐ يحتاج مقارنةً بالكود الحيّ	نعم	معلَّقُ الربطِ — 228 من 242
265	risk.appetite.set	core.risk.approve_appetite	اعتمادُ شهيةِ المخاطر	RSK	الشهية وحدود التحمل	◆ الرئيسُ التنفيذيُّ حصرًا	risk_appetite	RiskAppetiteSet	المنصةُ كلُّها	الشهيةُ المعتمدةُ تُغيّر حدودَ التصعيدِ في المجالاتِ كلِّها	اعتمادُ شهيةٍ جديدةٍ يحفظ السابقة	✔	✔	✘ بلا مالك	✔	◐ معلَّقُ الربطِ معلَنٌ	✔	✔	◐ يحتاج مقارنةً بالكود الحيّ	نعم	معلَّقُ الربطِ — 228 من 242
266	risk.taxonomy.define	core.risk.define_taxonomy	تعريفُ تصنيفِ المخاطر	RSK	وحدات المخاطر والتصنيف	مديرُ المخاطر	risk_taxonomy	RiskTaxonomyDefined	المنصةُ كلُّها	التصنيفُ المعتمدُ يحكم تسجيلَ المخاطرِ كلِّها	تعديلُ التصنيفِ بترحيلٍ لا بحذف	✔	✔	✘ بلا مالك	✔	◐ معلَّقُ الربطِ معلَنٌ	✔	✔	◐ يحتاج مقارنةً بالكود الحيّ	نعم	معلَّقُ الربطِ — 228 من 242
267	risk.dept.view	core.risk.execute_dept	عرضُ مخاطرِ الإدارة	RSK	مخاطر الإدارة	مديرُ الإدارةِ وموظفوها	—	—	—	عرضٌ بنطاقِ الإدارةِ — قراءةٌ لا كتابة	◆ بلا عكس	✔	✔	✘ بلا مالك	✔	◐ معلَّقُ الربطِ معلَنٌ	✔ قارئٌ — لا أثرَ يُعكس	✔	◐ يحتاج مقارنةً بالكود الحيّ	نعم	معلَّقُ الربطِ — 228 من 242
268	risk.report.export	core.risk.export	تصديرُ تقريرِ مخاطر	RSK	تقارير المخاطر والتحليلات	مديرُ المخاطرِ ومن يخوّله	risk_export_log	RiskReportExported	الحوكمة	سجلُّ تصديرٍ بتسعةِ بنودٍ — والحقولُ الحساسةُ محجوبةٌ بالصلاحية	◆ بلا عكس	✔	✔	✘ بلا مالك	✔	◐ معلَّقُ الربطِ معلَنٌ	✔ قارئٌ — لا أثرَ يُعكس	✔	◐ يحتاج مقارنةً بالكود الحيّ	نعم	معلَّقُ الربطِ — 228 من 242
269	risk.ops.view	ops.risk.execute_conformity	عرضُ المخاطر التشغيلية	إدارة التشغيل	المخاطر التشغيلية	مديرُ الإدارةِ وموظفوها المخوَّلون	—	—	—	عرضُ مخاطرِ المخاطر التشغيلية بنطاقِ الإدارةِ — قراءةٌ لا كتابةٌ · والتعديلُ يمرُّ بإدارة المخاطر	◆ بلا عكس	✔	✘ معنًى بعدةِ رموزٍ بلا alias	✔	✔	◐ معلَّقُ الربطِ معلَنٌ	✔ قارئٌ — لا أثرَ يُعكس	✔	◐ يحتاج مقارنةً بالكود الحيّ	نعم	معلَّقُ الربطِ — 228 من 242
270	risk.ops.raise	ops.risk.execute_conformity	الإبلاغُ عن خطرٍ في المخاطر التشغيلية	إدارة التشغيل	المخاطر التشغيلية	أيُّ موظفٍ مخوَّلٍ في الإدارة	risk_signals	RiskSignalRaised	إدارةُ المخاطر	◆ إشارةٌ تنتظر الفرزَ — ولا تُنشئ خطرًا مباشرةً · فليس كلُّ ما يُبلَّغ عنه خطرًا	سحبُ الإشارةِ قبل الفرز	✔	✘ معنًى بعدةِ رموزٍ بلا alias	✔	✔	◐ معلَّقُ الربطِ معلَنٌ	✔	✔	◐ يحتاج مقارنةً بالكود الحيّ	نعم	معلَّقُ الربطِ — 228 من 242
271	risk.ops.evidence	ops.risk.create	تسجيلُ دليلِ تنفيذِ ضابطٍ في المخاطر التشغيلية	إدارة التشغيل	المخاطر التشغيلية	مالكُ الضابطِ في الإدارة	risk_controls	ControlEvidenceLogged	إدارةُ المخاطر	دليلُ التنفيذِ مسجَّلٌ — ◆ والفعاليةُ يحكمها متحقِّقٌ مستقلٌّ لا مالكُ الضابط	تصحيحُ الدليلِ بمرجعٍ لا حذفًا	✔	✔	✔	✔	◐ معلَّقُ الربطِ معلَنٌ	✔	✔	◐ يحتاج مقارنةً بالكود الحيّ	لا	معلَّقُ الربطِ — 228 من 242
272	risk.mnt.view	maint.risk.execute_mnt	عرضُ مخاطر الصيانة	إدارة الصيانة	مخاطر الصيانة	مديرُ الإدارةِ وموظفوها المخوَّلون	—	—	—	عرضُ مخاطرِ مخاطر الصيانة بنطاقِ الإدارةِ — قراءةٌ لا كتابةٌ · والتعديلُ يمرُّ بإدارة المخاطر	◆ بلا عكس	✔	✘ معنًى بعدةِ رموزٍ بلا alias	✔	✔	◐ معلَّقُ الربطِ معلَنٌ	✔ قارئٌ — لا أثرَ يُعكس	✔	◐ يحتاج مقارنةً بالكود الحيّ	نعم	معلَّقُ الربطِ — 228 من 242
273	risk.mnt.raise	maint.risk.execute_mnt	الإبلاغُ عن خطرٍ في مخاطر الصيانة	إدارة الصيانة	مخاطر الصيانة	أيُّ موظفٍ مخوَّلٍ في الإدارة	risk_signals	RiskSignalRaised	إدارةُ المخاطر	◆ إشارةٌ تنتظر الفرزَ — ولا تُنشئ خطرًا مباشرةً · فليس كلُّ ما يُبلَّغ عنه خطرًا	سحبُ الإشارةِ قبل الفرز	✔	✘ معنًى بعدةِ رموزٍ بلا alias	✔	✔	◐ معلَّقُ الربطِ معلَنٌ	✔	✔	◐ يحتاج مقارنةً بالكود الحيّ	نعم	معلَّقُ الربطِ — 228 من 242
274	risk.mnt.evidence	maint.risk.create	تسجيلُ دليلِ تنفيذِ ضابطٍ في مخاطر الصيانة	إدارة الصيانة	مخاطر الصيانة	مالكُ الضابطِ في الإدارة	risk_controls	ControlEvidenceLogged	إدارةُ المخاطر	دليلُ التنفيذِ مسجَّلٌ — ◆ والفعاليةُ يحكمها متحقِّقٌ مستقلٌّ لا مالكُ الضابط	تصحيحُ الدليلِ بمرجعٍ لا حذفًا	✔	✔	✔	✔	◐ معلَّقُ الربطِ معلَنٌ	✔	✔	◐ يحتاج مقارنةً بالكود الحيّ	لا	معلَّقُ الربطِ — 228 من 242
275	risk.wrk.view	workforce.risk.execute_crew	عرضُ مخاطر القوى التشغيلية	القوى التشغيلية	مخاطر القوى التشغيلية	مديرُ الإدارةِ وموظفوها المخوَّلون	—	—	—	عرضُ مخاطرِ مخاطر القوى التشغيلية بنطاقِ الإدارةِ — قراءةٌ لا كتابةٌ · والتعديلُ يمرُّ بإدارة المخاطر	◆ بلا عكس	✔	✘ معنًى بعدةِ رموزٍ بلا alias	✔	✔	◐ معلَّقُ الربطِ معلَنٌ	✔ قارئٌ — لا أثرَ يُعكس	✔	◐ يحتاج مقارنةً بالكود الحيّ	نعم	معلَّقُ الربطِ — 228 من 242
276	risk.wrk.raise	workforce.risk.execute_crew	الإبلاغُ عن خطرٍ في مخاطر القوى التشغيلية	القوى التشغيلية	مخاطر القوى التشغيلية	أيُّ موظفٍ مخوَّلٍ في الإدارة	risk_signals	RiskSignalRaised	إدارةُ المخاطر	◆ إشارةٌ تنتظر الفرزَ — ولا تُنشئ خطرًا مباشرةً · فليس كلُّ ما يُبلَّغ عنه خطرًا	سحبُ الإشارةِ قبل الفرز	✔	✘ معنًى بعدةِ رموزٍ بلا alias	✔	✔	◐ معلَّقُ الربطِ معلَنٌ	✔	✔	◐ يحتاج مقارنةً بالكود الحيّ	نعم	معلَّقُ الربطِ — 228 من 242
277	risk.wrk.evidence	workforce.risk.create	تسجيلُ دليلِ تنفيذِ ضابطٍ في مخاطر القوى التشغيلية	القوى التشغيلية	مخاطر القوى التشغيلية	مالكُ الضابطِ في الإدارة	risk_controls	ControlEvidenceLogged	إدارةُ المخاطر	دليلُ التنفيذِ مسجَّلٌ — ◆ والفعاليةُ يحكمها متحقِّقٌ مستقلٌّ لا مالكُ الضابط	تصحيحُ الدليلِ بمرجعٍ لا حذفًا	✔	✔	✔	✔	◐ معلَّقُ الربطِ معلَنٌ	✔	✔	◐ يحتاج مقارنةً بالكود الحيّ	لا	معلَّقُ الربطِ — 228 من 242
278	risk.trp.view	transport.risk.execute_trp	عرضُ مخاطر النقل والترحيل	النقل والترحيل	مخاطر النقل والترحيل	مديرُ الإدارةِ وموظفوها المخوَّلون	—	—	—	عرضُ مخاطرِ مخاطر النقل والترحيل بنطاقِ الإدارةِ — قراءةٌ لا كتابةٌ · والتعديلُ يمرُّ بإدارة المخاطر	◆ بلا عكس	✔	✘ معنًى بعدةِ رموزٍ بلا alias	✔	✔	◐ معلَّقُ الربطِ معلَنٌ	✔ قارئٌ — لا أثرَ يُعكس	✔	◐ يحتاج مقارنةً بالكود الحيّ	نعم	معلَّقُ الربطِ — 228 من 242
279	risk.trp.raise	transport.risk.execute_trp	الإبلاغُ عن خطرٍ في مخاطر النقل والترحيل	النقل والترحيل	مخاطر النقل والترحيل	أيُّ موظفٍ مخوَّلٍ في الإدارة	risk_signals	RiskSignalRaised	إدارةُ المخاطر	◆ إشارةٌ تنتظر الفرزَ — ولا تُنشئ خطرًا مباشرةً · فليس كلُّ ما يُبلَّغ عنه خطرًا	سحبُ الإشارةِ قبل الفرز	✔	✘ معنًى بعدةِ رموزٍ بلا alias	✔	✔	◐ معلَّقُ الربطِ معلَنٌ	✔	✔	◐ يحتاج مقارنةً بالكود الحيّ	نعم	معلَّقُ الربطِ — 228 من 242
280	risk.trp.evidence	transport.risk.create	تسجيلُ دليلِ تنفيذِ ضابطٍ في مخاطر النقل والترحيل	النقل والترحيل	مخاطر النقل والترحيل	مالكُ الضابطِ في الإدارة	risk_controls	ControlEvidenceLogged	إدارةُ المخاطر	دليلُ التنفيذِ مسجَّلٌ — ◆ والفعاليةُ يحكمها متحقِّقٌ مستقلٌّ لا مالكُ الضابط	تصحيحُ الدليلِ بمرجعٍ لا حذفًا	✔	✔	✔	✔	◐ معلَّقُ الربطِ معلَنٌ	✔	✔	◐ يحتاج مقارنةً بالكود الحيّ	لا	معلَّقُ الربطِ — 228 من 242
281	risk.prc.view	procurement.risk.execute_prc	عرضُ مخاطر المشتريات التشغيلية	إدارة المشتريات	مخاطر المشتريات التشغيلية	مديرُ الإدارةِ وموظفوها المخوَّلون	—	—	—	عرضُ مخاطرِ مخاطر المشتريات التشغيلية بنطاقِ الإدارةِ — قراءةٌ لا كتابةٌ · والتعديلُ يمرُّ بإدارة المخاطر	◆ بلا عكس	✔	✘ معنًى بعدةِ رموزٍ بلا alias	✔	✔	◐ معلَّقُ الربطِ معلَنٌ	✔ قارئٌ — لا أثرَ يُعكس	✔	◐ يحتاج مقارنةً بالكود الحيّ	نعم	معلَّقُ الربطِ — 228 من 242
282	risk.prc.raise	procurement.risk.execute_prc	الإبلاغُ عن خطرٍ في مخاطر المشتريات التشغيلية	إدارة المشتريات	مخاطر المشتريات التشغيلية	أيُّ موظفٍ مخوَّلٍ في الإدارة	risk_signals	RiskSignalRaised	إدارةُ المخاطر	◆ إشارةٌ تنتظر الفرزَ — ولا تُنشئ خطرًا مباشرةً · فليس كلُّ ما يُبلَّغ عنه خطرًا	سحبُ الإشارةِ قبل الفرز	✔	✘ معنًى بعدةِ رموزٍ بلا alias	✔	✔	◐ معلَّقُ الربطِ معلَنٌ	✔	✔	◐ يحتاج مقارنةً بالكود الحيّ	نعم	معلَّقُ الربطِ — 228 من 242
283	risk.prc.evidence	procurement.risk.create	تسجيلُ دليلِ تنفيذِ ضابطٍ في مخاطر المشتريات التشغيلية	إدارة المشتريات	مخاطر المشتريات التشغيلية	مالكُ الضابطِ في الإدارة	risk_controls	ControlEvidenceLogged	إدارةُ المخاطر	دليلُ التنفيذِ مسجَّلٌ — ◆ والفعاليةُ يحكمها متحقِّقٌ مستقلٌّ لا مالكُ الضابط	تصحيحُ الدليلِ بمرجعٍ لا حذفًا	✔	✔	✔	✔	◐ معلَّقُ الربطِ معلَنٌ	✔	✔	◐ يحتاج مقارنةً بالكود الحيّ	لا	معلَّقُ الربطِ — 228 من 242
284	risk.inv.view	inventory.risk.execute_inv	عرضُ مخاطر المخازن	إدارة المخازن	مخاطر المخازن	مديرُ الإدارةِ وموظفوها المخوَّلون	—	—	—	عرضُ مخاطرِ مخاطر المخازن بنطاقِ الإدارةِ — قراءةٌ لا كتابةٌ · والتعديلُ يمرُّ بإدارة المخاطر	◆ بلا عكس	✔	✘ معنًى بعدةِ رموزٍ بلا alias	✔	✔	◐ معلَّقُ الربطِ معلَنٌ	✔ قارئٌ — لا أثرَ يُعكس	✔	◐ يحتاج مقارنةً بالكود الحيّ	نعم	معلَّقُ الربطِ — 228 من 242
285	risk.inv.raise	inventory.risk.execute_inv	الإبلاغُ عن خطرٍ في مخاطر المخازن	إدارة المخازن	مخاطر المخازن	أيُّ موظفٍ مخوَّلٍ في الإدارة	risk_signals	RiskSignalRaised	إدارةُ المخاطر	◆ إشارةٌ تنتظر الفرزَ — ولا تُنشئ خطرًا مباشرةً · فليس كلُّ ما يُبلَّغ عنه خطرًا	سحبُ الإشارةِ قبل الفرز	✔	✘ معنًى بعدةِ رموزٍ بلا alias	✔	✔	◐ معلَّقُ الربطِ معلَنٌ	✔	✔	◐ يحتاج مقارنةً بالكود الحيّ	نعم	معلَّقُ الربطِ — 228 من 242
286	risk.inv.evidence	inventory.risk.create	تسجيلُ دليلِ تنفيذِ ضابطٍ في مخاطر المخازن	إدارة المخازن	مخاطر المخازن	مالكُ الضابطِ في الإدارة	risk_controls	ControlEvidenceLogged	إدارةُ المخاطر	دليلُ التنفيذِ مسجَّلٌ — ◆ والفعاليةُ يحكمها متحقِّقٌ مستقلٌّ لا مالكُ الضابط	تصحيحُ الدليلِ بمرجعٍ لا حذفًا	✔	✔	✔	✔	◐ معلَّقُ الربطِ معلَنٌ	✔	✔	◐ يحتاج مقارنةً بالكود الحيّ	لا	معلَّقُ الربطِ — 228 من 242
287	risk.sal.view	sales.risk.execute_sal	عرضُ مخاطر المبيعات والعقود	المبيعات والعقود	مخاطر المبيعات والعقود	مديرُ الإدارةِ وموظفوها المخوَّلون	—	—	—	عرضُ مخاطرِ مخاطر المبيعات والعقود بنطاقِ الإدارةِ — قراءةٌ لا كتابةٌ · والتعديلُ يمرُّ بإدارة المخاطر	◆ بلا عكس	✔	✘ معنًى بعدةِ رموزٍ بلا alias	✔	✔	◐ معلَّقُ الربطِ معلَنٌ	✔ قارئٌ — لا أثرَ يُعكس	✔	◐ يحتاج مقارنةً بالكود الحيّ	نعم	معلَّقُ الربطِ — 228 من 242
288	risk.sal.raise	sales.risk.execute_sal	الإبلاغُ عن خطرٍ في مخاطر المبيعات والعقود	المبيعات والعقود	مخاطر المبيعات والعقود	أيُّ موظفٍ مخوَّلٍ في الإدارة	risk_signals	RiskSignalRaised	إدارةُ المخاطر	◆ إشارةٌ تنتظر الفرزَ — ولا تُنشئ خطرًا مباشرةً · فليس كلُّ ما يُبلَّغ عنه خطرًا	سحبُ الإشارةِ قبل الفرز	✔	✘ معنًى بعدةِ رموزٍ بلا alias	✔	✔	◐ معلَّقُ الربطِ معلَنٌ	✔	✔	◐ يحتاج مقارنةً بالكود الحيّ	نعم	معلَّقُ الربطِ — 228 من 242
289	risk.sal.evidence	sales.risk.create_sal	تسجيلُ دليلِ تنفيذِ ضابطٍ في مخاطر المبيعات والعقود	المبيعات والعقود	مخاطر المبيعات والعقود	مالكُ الضابطِ في الإدارة	risk_controls	ControlEvidenceLogged	إدارةُ المخاطر	دليلُ التنفيذِ مسجَّلٌ — ◆ والفعاليةُ يحكمها متحقِّقٌ مستقلٌّ لا مالكُ الضابط	تصحيحُ الدليلِ بمرجعٍ لا حذفًا	✔	✔	✔	✔	◐ معلَّقُ الربطِ معلَنٌ	✔	✔	◐ يحتاج مقارنةً بالكود الحيّ	لا	معلَّقُ الربطِ — 228 من 242
290	risk.sup.view	suppliers.risk.execute_quota	عرضُ مخاطر الموردين	إدارة الموردين	مخاطر الموردين	مديرُ الإدارةِ وموظفوها المخوَّلون	—	—	—	عرضُ مخاطرِ مخاطر الموردين بنطاقِ الإدارةِ — قراءةٌ لا كتابةٌ · والتعديلُ يمرُّ بإدارة المخاطر	◆ بلا عكس	✔	✘ معنًى بعدةِ رموزٍ بلا alias	✔	✔	◐ معلَّقُ الربطِ معلَنٌ	✔ قارئٌ — لا أثرَ يُعكس	✔	◐ يحتاج مقارنةً بالكود الحيّ	نعم	معلَّقُ الربطِ — 228 من 242
291	risk.sup.raise	suppliers.risk.execute_quota	الإبلاغُ عن خطرٍ في مخاطر الموردين	إدارة الموردين	مخاطر الموردين	أيُّ موظفٍ مخوَّلٍ في الإدارة	risk_signals	RiskSignalRaised	إدارةُ المخاطر	◆ إشارةٌ تنتظر الفرزَ — ولا تُنشئ خطرًا مباشرةً · فليس كلُّ ما يُبلَّغ عنه خطرًا	سحبُ الإشارةِ قبل الفرز	✔	✘ معنًى بعدةِ رموزٍ بلا alias	✔	✔	◐ معلَّقُ الربطِ معلَنٌ	✔	✔	◐ يحتاج مقارنةً بالكود الحيّ	نعم	معلَّقُ الربطِ — 228 من 242
292	risk.sup.evidence	suppliers.risk.create	تسجيلُ دليلِ تنفيذِ ضابطٍ في مخاطر الموردين	إدارة الموردين	مخاطر الموردين	مالكُ الضابطِ في الإدارة	risk_controls	ControlEvidenceLogged	إدارةُ المخاطر	دليلُ التنفيذِ مسجَّلٌ — ◆ والفعاليةُ يحكمها متحقِّقٌ مستقلٌّ لا مالكُ الضابط	تصحيحُ الدليلِ بمرجعٍ لا حذفًا	✔	✔	✔	✔	◐ معلَّقُ الربطِ معلَنٌ	✔	✔	◐ يحتاج مقارنةً بالكود الحيّ	لا	معلَّقُ الربطِ — 228 من 242
293	risk.fin.view	finance.risk.execute_period	عرضُ المخاطر المالية	المالية والخزينة	المخاطر المالية	مديرُ الإدارةِ وموظفوها المخوَّلون	—	—	—	عرضُ مخاطرِ المخاطر المالية بنطاقِ الإدارةِ — قراءةٌ لا كتابةٌ · والتعديلُ يمرُّ بإدارة المخاطر	◆ بلا عكس	✔	✘ معنًى بعدةِ رموزٍ بلا alias	✔	✔	◐ معلَّقُ الربطِ معلَنٌ	✔ قارئٌ — لا أثرَ يُعكس	✔	◐ يحتاج مقارنةً بالكود الحيّ	نعم	معلَّقُ الربطِ — 228 من 242
294	risk.fin.raise	finance.risk.execute_period	الإبلاغُ عن خطرٍ في المخاطر المالية	المالية والخزينة	المخاطر المالية	أيُّ موظفٍ مخوَّلٍ في الإدارة	risk_signals	RiskSignalRaised	إدارةُ المخاطر	◆ إشارةٌ تنتظر الفرزَ — ولا تُنشئ خطرًا مباشرةً · فليس كلُّ ما يُبلَّغ عنه خطرًا	سحبُ الإشارةِ قبل الفرز	✔	✘ معنًى بعدةِ رموزٍ بلا alias	✔	✔	◐ معلَّقُ الربطِ معلَنٌ	✔	✔	◐ يحتاج مقارنةً بالكود الحيّ	نعم	معلَّقُ الربطِ — 228 من 242
295	risk.fin.evidence	finance.risk.create	تسجيلُ دليلِ تنفيذِ ضابطٍ في المخاطر المالية	المالية والخزينة	المخاطر المالية	مالكُ الضابطِ في الإدارة	risk_controls	ControlEvidenceLogged	إدارةُ المخاطر	دليلُ التنفيذِ مسجَّلٌ — ◆ والفعاليةُ يحكمها متحقِّقٌ مستقلٌّ لا مالكُ الضابط	تصحيحُ الدليلِ بمرجعٍ لا حذفًا	✔	✔	✔	✔	◐ معلَّقُ الربطِ معلَنٌ	✔	✔	◐ يحتاج مقارنةً بالكود الحيّ	لا	معلَّقُ الربطِ — 228 من 242
296	risk.cap.view	capital.risk.execute_cap	عرضُ مخاطر التمويل والملكية	التمويل والملكية	مخاطر التمويل والملكية	مديرُ الإدارةِ وموظفوها المخوَّلون	—	—	—	عرضُ مخاطرِ مخاطر التمويل والملكية بنطاقِ الإدارةِ — قراءةٌ لا كتابةٌ · والتعديلُ يمرُّ بإدارة المخاطر	◆ بلا عكس	✔	✘ معنًى بعدةِ رموزٍ بلا alias	✔	✔	◐ معلَّقُ الربطِ معلَنٌ	✔ قارئٌ — لا أثرَ يُعكس	✔	◐ يحتاج مقارنةً بالكود الحيّ	نعم	معلَّقُ الربطِ — 228 من 242
297	risk.cap.raise	capital.risk.execute_cap	الإبلاغُ عن خطرٍ في مخاطر التمويل والملكية	التمويل والملكية	مخاطر التمويل والملكية	أيُّ موظفٍ مخوَّلٍ في الإدارة	risk_signals	RiskSignalRaised	إدارةُ المخاطر	◆ إشارةٌ تنتظر الفرزَ — ولا تُنشئ خطرًا مباشرةً · فليس كلُّ ما يُبلَّغ عنه خطرًا	سحبُ الإشارةِ قبل الفرز	✔	✘ معنًى بعدةِ رموزٍ بلا alias	✔	✔	◐ معلَّقُ الربطِ معلَنٌ	✔	✔	◐ يحتاج مقارنةً بالكود الحيّ	نعم	معلَّقُ الربطِ — 228 من 242
298	risk.cap.evidence	capital.risk.create	تسجيلُ دليلِ تنفيذِ ضابطٍ في مخاطر التمويل والملكية	التمويل والملكية	مخاطر التمويل والملكية	مالكُ الضابطِ في الإدارة	risk_controls	ControlEvidenceLogged	إدارةُ المخاطر	دليلُ التنفيذِ مسجَّلٌ — ◆ والفعاليةُ يحكمها متحقِّقٌ مستقلٌّ لا مالكُ الضابط	تصحيحُ الدليلِ بمرجعٍ لا حذفًا	✔	✔	✔	✔	◐ معلَّقُ الربطِ معلَنٌ	✔	✔	◐ يحتاج مقارنةً بالكود الحيّ	لا	معلَّقُ الربطِ — 228 من 242
299	risk.flt.view	fleet.risk.execute_flt	عرضُ مخاطر الأسطول	إدارة الأسطول	مخاطر الأسطول	مديرُ الإدارةِ وموظفوها المخوَّلون	—	—	—	عرضُ مخاطرِ مخاطر الأسطول بنطاقِ الإدارةِ — قراءةٌ لا كتابةٌ · والتعديلُ يمرُّ بإدارة المخاطر	◆ بلا عكس	✔	✘ معنًى بعدةِ رموزٍ بلا alias	✔	✔	◐ معلَّقُ الربطِ معلَنٌ	✔ قارئٌ — لا أثرَ يُعكس	✔	◐ يحتاج مقارنةً بالكود الحيّ	نعم	معلَّقُ الربطِ — 228 من 242
300	risk.flt.raise	fleet.risk.execute_flt	الإبلاغُ عن خطرٍ في مخاطر الأسطول	إدارة الأسطول	مخاطر الأسطول	أيُّ موظفٍ مخوَّلٍ في الإدارة	risk_signals	RiskSignalRaised	إدارةُ المخاطر	◆ إشارةٌ تنتظر الفرزَ — ولا تُنشئ خطرًا مباشرةً · فليس كلُّ ما يُبلَّغ عنه خطرًا	سحبُ الإشارةِ قبل الفرز	✔	✘ معنًى بعدةِ رموزٍ بلا alias	✔	✔	◐ معلَّقُ الربطِ معلَنٌ	✔	✔	◐ يحتاج مقارنةً بالكود الحيّ	نعم	معلَّقُ الربطِ — 228 من 242
301	risk.flt.evidence	fleet.risk.create	تسجيلُ دليلِ تنفيذِ ضابطٍ في مخاطر الأسطول	إدارة الأسطول	مخاطر الأسطول	مالكُ الضابطِ في الإدارة	risk_controls	ControlEvidenceLogged	إدارةُ المخاطر	دليلُ التنفيذِ مسجَّلٌ — ◆ والفعاليةُ يحكمها متحقِّقٌ مستقلٌّ لا مالكُ الضابط	تصحيحُ الدليلِ بمرجعٍ لا حذفًا	✔	✔	✔	✔	◐ معلَّقُ الربطِ معلَنٌ	✔	✔	◐ يحتاج مقارنةً بالكود الحيّ	لا	معلَّقُ الربطِ — 228 من 242
302	risk.hrm.view	hr.risk.execute_hrm	عرضُ مخاطر الموارد البشرية	الموارد البشرية	مخاطر الموارد البشرية	مديرُ الإدارةِ وموظفوها المخوَّلون	—	—	—	عرضُ مخاطرِ مخاطر الموارد البشرية بنطاقِ الإدارةِ — قراءةٌ لا كتابةٌ · والتعديلُ يمرُّ بإدارة المخاطر	◆ بلا عكس	✔	✘ معنًى بعدةِ رموزٍ بلا alias	✔	✔	◐ معلَّقُ الربطِ معلَنٌ	✔ قارئٌ — لا أثرَ يُعكس	✔	◐ يحتاج مقارنةً بالكود الحيّ	نعم	معلَّقُ الربطِ — 228 من 242
303	risk.hrm.raise	hr.risk.execute_hrm	الإبلاغُ عن خطرٍ في مخاطر الموارد البشرية	الموارد البشرية	مخاطر الموارد البشرية	أيُّ موظفٍ مخوَّلٍ في الإدارة	risk_signals	RiskSignalRaised	إدارةُ المخاطر	◆ إشارةٌ تنتظر الفرزَ — ولا تُنشئ خطرًا مباشرةً · فليس كلُّ ما يُبلَّغ عنه خطرًا	سحبُ الإشارةِ قبل الفرز	✔	✘ معنًى بعدةِ رموزٍ بلا alias	✔	✔	◐ معلَّقُ الربطِ معلَنٌ	✔	✔	◐ يحتاج مقارنةً بالكود الحيّ	نعم	معلَّقُ الربطِ — 228 من 242
304	risk.hrm.evidence	hr.risk.create	تسجيلُ دليلِ تنفيذِ ضابطٍ في مخاطر الموارد البشرية	الموارد البشرية	مخاطر الموارد البشرية	مالكُ الضابطِ في الإدارة	risk_controls	ControlEvidenceLogged	إدارةُ المخاطر	دليلُ التنفيذِ مسجَّلٌ — ◆ والفعاليةُ يحكمها متحقِّقٌ مستقلٌّ لا مالكُ الضابط	تصحيحُ الدليلِ بمرجعٍ لا حذفًا	✔	✔	✔	✔	◐ معلَّقُ الربطِ معلَنٌ	✔	✔	◐ يحتاج مقارنةً بالكود الحيّ	لا	معلَّقُ الربطِ — 228 من 242
305	risk.gov.view	governance.risk.execute_gov	عرضُ مخاطر الحوكمة والالتزام	الحوكمة والالتزام	مخاطر الحوكمة والالتزام	مديرُ الإدارةِ وموظفوها المخوَّلون	—	—	—	عرضُ مخاطرِ مخاطر الحوكمة والالتزام بنطاقِ الإدارةِ — قراءةٌ لا كتابةٌ · والتعديلُ يمرُّ بإدارة المخاطر	◆ بلا عكس	✔	✘ معنًى بعدةِ رموزٍ بلا alias	✔	✔	◐ معلَّقُ الربطِ معلَنٌ	✔ قارئٌ — لا أثرَ يُعكس	✔	◐ يحتاج مقارنةً بالكود الحيّ	نعم	معلَّقُ الربطِ — 228 من 242
306	risk.gov.raise	governance.risk.execute_gov	الإبلاغُ عن خطرٍ في مخاطر الحوكمة والالتزام	الحوكمة والالتزام	مخاطر الحوكمة والالتزام	أيُّ موظفٍ مخوَّلٍ في الإدارة	risk_signals	RiskSignalRaised	إدارةُ المخاطر	◆ إشارةٌ تنتظر الفرزَ — ولا تُنشئ خطرًا مباشرةً · فليس كلُّ ما يُبلَّغ عنه خطرًا	سحبُ الإشارةِ قبل الفرز	✔	✘ معنًى بعدةِ رموزٍ بلا alias	✔	✔	◐ معلَّقُ الربطِ معلَنٌ	✔	✔	◐ يحتاج مقارنةً بالكود الحيّ	نعم	معلَّقُ الربطِ — 228 من 242
307	risk.gov.evidence	governance.risk.create	تسجيلُ دليلِ تنفيذِ ضابطٍ في مخاطر الحوكمة والالتزام	الحوكمة والالتزام	مخاطر الحوكمة والالتزام	مالكُ الضابطِ في الإدارة	risk_controls	ControlEvidenceLogged	إدارةُ المخاطر	دليلُ التنفيذِ مسجَّلٌ — ◆ والفعاليةُ يحكمها متحقِّقٌ مستقلٌّ لا مالكُ الضابط	تصحيحُ الدليلِ بمرجعٍ لا حذفًا	✔	✔	✔	✔	◐ معلَّقُ الربطِ معلَنٌ	✔	✔	◐ يحتاج مقارنةً بالكود الحيّ	لا	معلَّقُ الربطِ — 228 من 242
308	risk.crp.view	tickets.risk.execute_crp	عرضُ مخاطر البلاغات والوقائع	مركز البلاغات	مخاطر البلاغات والوقائع	مديرُ الإدارةِ وموظفوها المخوَّلون	—	—	—	عرضُ مخاطرِ مخاطر البلاغات والوقائع بنطاقِ الإدارةِ — قراءةٌ لا كتابةٌ · والتعديلُ يمرُّ بإدارة المخاطر	◆ بلا عكس	✔	✘ معنًى بعدةِ رموزٍ بلا alias	✔	✔	◐ معلَّقُ الربطِ معلَنٌ	✔ قارئٌ — لا أثرَ يُعكس	✔	◐ يحتاج مقارنةً بالكود الحيّ	نعم	معلَّقُ الربطِ — 228 من 242
309	risk.crp.raise	tickets.risk.execute_crp	الإبلاغُ عن خطرٍ في مخاطر البلاغات والوقائع	مركز البلاغات	مخاطر البلاغات والوقائع	أيُّ موظفٍ مخوَّلٍ في الإدارة	risk_signals	RiskSignalRaised	إدارةُ المخاطر	◆ إشارةٌ تنتظر الفرزَ — ولا تُنشئ خطرًا مباشرةً · فليس كلُّ ما يُبلَّغ عنه خطرًا	سحبُ الإشارةِ قبل الفرز	✔	✘ معنًى بعدةِ رموزٍ بلا alias	✔	✔	◐ معلَّقُ الربطِ معلَنٌ	✔	✔	◐ يحتاج مقارنةً بالكود الحيّ	نعم	معلَّقُ الربطِ — 228 من 242
310	risk.crp.evidence	tickets.risk.create	تسجيلُ دليلِ تنفيذِ ضابطٍ في مخاطر البلاغات والوقائع	مركز البلاغات	مخاطر البلاغات والوقائع	مالكُ الضابطِ في الإدارة	risk_controls	ControlEvidenceLogged	إدارةُ المخاطر	دليلُ التنفيذِ مسجَّلٌ — ◆ والفعاليةُ يحكمها متحقِّقٌ مستقلٌّ لا مالكُ الضابط	تصحيحُ الدليلِ بمرجعٍ لا حذفًا	✔	✔	✔	✔	◐ معلَّقُ الربطِ معلَنٌ	✔	✔	◐ يحتاج مقارنةً بالكود الحيّ	لا	معلَّقُ الربطِ — 228 من 242
311	risk.sit.view	site.risk.execute_sit	عرضُ مخاطر الموقع	إدارة الموقع	مخاطر الموقع	مديرُ الإدارةِ وموظفوها المخوَّلون	—	—	—	عرضُ مخاطرِ مخاطر الموقع بنطاقِ الإدارةِ — قراءةٌ لا كتابةٌ · والتعديلُ يمرُّ بإدارة المخاطر	◆ بلا عكس	✔	✘ معنًى بعدةِ رموزٍ بلا alias	✔	✔	◐ معلَّقُ الربطِ معلَنٌ	✔ قارئٌ — لا أثرَ يُعكس	✔	◐ يحتاج مقارنةً بالكود الحيّ	نعم	معلَّقُ الربطِ — 228 من 242
312	risk.sit.raise	site.risk.execute_sit	الإبلاغُ عن خطرٍ في مخاطر الموقع	إدارة الموقع	مخاطر الموقع	أيُّ موظفٍ مخوَّلٍ في الإدارة	risk_signals	RiskSignalRaised	إدارةُ المخاطر	◆ إشارةٌ تنتظر الفرزَ — ولا تُنشئ خطرًا مباشرةً · فليس كلُّ ما يُبلَّغ عنه خطرًا	سحبُ الإشارةِ قبل الفرز	✔	✘ معنًى بعدةِ رموزٍ بلا alias	✔	✔	◐ معلَّقُ الربطِ معلَنٌ	✔	✔	◐ يحتاج مقارنةً بالكود الحيّ	نعم	معلَّقُ الربطِ — 228 من 242
313	risk.sit.evidence	site.risk.create	تسجيلُ دليلِ تنفيذِ ضابطٍ في مخاطر الموقع	إدارة الموقع	مخاطر الموقع	مالكُ الضابطِ في الإدارة	risk_controls	ControlEvidenceLogged	إدارةُ المخاطر	دليلُ التنفيذِ مسجَّلٌ — ◆ والفعاليةُ يحكمها متحقِّقٌ مستقلٌّ لا مالكُ الضابط	تصحيحُ الدليلِ بمرجعٍ لا حذفًا	✔	✔	✔	✔	◐ معلَّقُ الربطِ معلَنٌ	✔	✔	◐ يحتاج مقارنةً بالكود الحيّ	لا	معلَّقُ الربطِ — 228 من 242
314	risk.ceo.view	exec.risk.execute_ceo	عرضُ المخاطر المؤسسية	الإدارة التنفيذية	المخاطر المؤسسية	مديرُ الإدارةِ وموظفوها المخوَّلون	—	—	—	عرضُ مخاطرِ المخاطر المؤسسية بنطاقِ الإدارةِ — قراءةٌ لا كتابةٌ · والتعديلُ يمرُّ بإدارة المخاطر	◆ بلا عكس	✔	✘ معنًى بعدةِ رموزٍ بلا alias	✔	✔	◐ معلَّقُ الربطِ معلَنٌ	✔ قارئٌ — لا أثرَ يُعكس	✔	◐ يحتاج مقارنةً بالكود الحيّ	نعم	معلَّقُ الربطِ — 228 من 242
315	risk.ceo.raise	exec.risk.execute_ceo	الإبلاغُ عن خطرٍ في المخاطر المؤسسية	الإدارة التنفيذية	المخاطر المؤسسية	أيُّ موظفٍ مخوَّلٍ في الإدارة	risk_signals	RiskSignalRaised	إدارةُ المخاطر	◆ إشارةٌ تنتظر الفرزَ — ولا تُنشئ خطرًا مباشرةً · فليس كلُّ ما يُبلَّغ عنه خطرًا	سحبُ الإشارةِ قبل الفرز	✔	✘ معنًى بعدةِ رموزٍ بلا alias	✔	✔	◐ معلَّقُ الربطِ معلَنٌ	✔	✔	◐ يحتاج مقارنةً بالكود الحيّ	نعم	معلَّقُ الربطِ — 228 من 242
316	risk.ceo.evidence	exec.risk.create	تسجيلُ دليلِ تنفيذِ ضابطٍ في المخاطر المؤسسية	الإدارة التنفيذية	المخاطر المؤسسية	مالكُ الضابطِ في الإدارة	risk_controls	ControlEvidenceLogged	إدارةُ المخاطر	دليلُ التنفيذِ مسجَّلٌ — ◆ والفعاليةُ يحكمها متحقِّقٌ مستقلٌّ لا مالكُ الضابط	تصحيحُ الدليلِ بمرجعٍ لا حذفًا	✔	✔	✔	✔	◐ معلَّقُ الربطِ معلَنٌ	✔	✔	◐ يحتاج مقارنةً بالكود الحيّ	لا	معلَّقُ الربطِ — 228 من 242
317	risk.field.signal	core.risk.submit_field	رفعُ إشارةِ خطرٍ من الميدان	RSK	مخاطر الميدان	المُبلِّغُ الميدانيُّ المخوَّل	risk_signals	RiskSignalRaised	إدارةُ المخاطر	◆ إشارةٌ محفوظةٌ محليًّا فورًا ثم تُزامن — وتدخل الفرزَ ولا تُنشئ خطرًا	سحبُها قبل الفرز	✔	✔	✘ بلا مالك	✔	◐ معلَّقُ الربطِ معلَنٌ	✔	✔	◐ يحتاج مقارنةً بالكود الحيّ	نعم	معلَّقُ الربطِ — 228 من 242
318	risk.field.evidence	core.risk.create_field	تسجيلُ دليلِ ضابطٍ ميدانيًّا	RSK	مخاطر الميدان	المُبلِّغُ الميدانيُّ المخوَّل	risk_controls	ControlEvidenceLogged	إدارةُ المخاطر	دليلُ التنفيذِ مسجَّلٌ — ◆ والفعاليةُ يحكمها متحقِّقٌ مستقل	تصحيحٌ بمرجعٍ لا حذفًا	✔	✔	✘ بلا مالك	✔	◐ معلَّقُ الربطِ معلَنٌ	✔	✔	◐ يحتاج مقارنةً بالكود الحيّ	نعم	معلَّقُ الربطِ — 228 من 242
319	risk.field.action	core.risk.execute_field	تنفيذُ إجراءِ معالجةٍ ميداني	RSK	مخاطر الميدان	المُبلِّغُ الميدانيُّ المخوَّل	risk_treatments	RiskTreatmentProgressed	إدارةُ المخاطر	الإجراءُ يتقدم بدليلٍ — ◆ والإغلاقُ بقبولِ المتحقِّق لا المنفِّذ	إعادةُ الفتحِ بسبب	✔	✘ معنًى بعدةِ رموزٍ بلا alias	✘ بلا مالك	✔	◐ معلَّقُ الربطِ معلَنٌ	✔	✔	◐ يحتاج مقارنةً بالكود الحيّ	نعم	معلَّقُ الربطِ — 228 من 242
320	risk.field.sync	core.risk.execute_field	مزامنةُ الإشاراتِ المعلَّقة	RSK	مخاطر الميدان	المُبلِّغُ الميدانيُّ المخوَّل	risk_signals	RiskSignalsSynced	إدارةُ المخاطر	◆ المعلَّقُ يُرفع بمفتاحِه — والإعادةُ ترجع مرجعَ الأولِ ولا تُنشئ ثانيًا	◆ بلا عكس	✔	✘ معنًى بعدةِ رموزٍ بلا alias	✘ بلا مالك	✔	◐ معلَّقُ الربطِ معلَنٌ	✔	✔	◐ يحتاج مقارنةً بالكود الحيّ	نعم	معلَّقُ الربطِ — 228 من 242
321	gov.ceo.view	exec.governance.execute	عرضُ حوكمة مكتبُ الرئيس التنفيذي والنواب	الإدارة التنفيذية	حوكمة مكتبُ الرئيس التنفيذي والنواب	مديرُ الإدارة	—	—	—	عرضُ حوكمةِ الإدارةِ بنطاقها — قراءةٌ لا كتابة	◆ بلا عكس	✔	✔	✔	✔	◐ معلَّقُ الربطِ معلَنٌ	✔ قارئٌ — لا أثرَ يُعكس	✔	◐ يحتاج مقارنةً بالكود الحيّ	لا	معلَّقُ الربطِ — 228 من 242
322	gov.ceo.attest	exec.governance.approve	تصديقُ مراجعةِ وصولٍ في مكتبُ الرئيس التنفيذي والنواب	الإدارة التنفيذية	حوكمة مكتبُ الرئيس التنفيذي والنواب	مديرُ الإدارة	access_reviews	AccessReviewAttested	الحوكمةُ والالتزام	◆ المديرُ يصدّق على قائمةِ فريقه — والتصديقُ لا يمنح صلاحيةً بل يشهد بصحتها	سحبُ التصديقِ بسبب	✔	✔	✔	✔	◐ معلَّقُ الربطِ معلَنٌ	✔	✔	◐ يحتاج مقارنةً بالكود الحيّ	لا	معلَّقُ الربطِ — 228 من 242
323	gov.ops.view	ops.governance.execute	عرضُ حوكمة إدارة التشغيل	إدارة التشغيل	حوكمة إدارة التشغيل	مديرُ الإدارة	—	—	—	عرضُ حوكمةِ الإدارةِ بنطاقها — قراءةٌ لا كتابة	◆ بلا عكس	✔	✔	✔	✔	◐ معلَّقُ الربطِ معلَنٌ	✔ قارئٌ — لا أثرَ يُعكس	✔	◐ يحتاج مقارنةً بالكود الحيّ	لا	معلَّقُ الربطِ — 228 من 242
324	gov.ops.attest	ops.governance.approve	تصديقُ مراجعةِ وصولٍ في إدارة التشغيل	إدارة التشغيل	حوكمة إدارة التشغيل	مديرُ الإدارة	access_reviews	AccessReviewAttested	الحوكمةُ والالتزام	◆ المديرُ يصدّق على قائمةِ فريقه — والتصديقُ لا يمنح صلاحيةً بل يشهد بصحتها	سحبُ التصديقِ بسبب	✔	✔	✔	✔	◐ معلَّقُ الربطِ معلَنٌ	✔	✔	◐ يحتاج مقارنةً بالكود الحيّ	لا	معلَّقُ الربطِ — 228 من 242
325	gov.sal.view	sales.governance.execute	عرضُ حوكمة المبيعات والعقود	المبيعات والعقود	حوكمة المبيعات والعقود	مديرُ الإدارة	—	—	—	عرضُ حوكمةِ الإدارةِ بنطاقها — قراءةٌ لا كتابة	◆ بلا عكس	✔	✔	✔	✔	◐ معلَّقُ الربطِ معلَنٌ	✔ قارئٌ — لا أثرَ يُعكس	✔	◐ يحتاج مقارنةً بالكود الحيّ	لا	معلَّقُ الربطِ — 228 من 242
326	gov.sal.attest	sales.governance.approve	تصديقُ مراجعةِ وصولٍ في المبيعات والعقود	المبيعات والعقود	حوكمة المبيعات والعقود	مديرُ الإدارة	access_reviews	AccessReviewAttested	الحوكمةُ والالتزام	◆ المديرُ يصدّق على قائمةِ فريقه — والتصديقُ لا يمنح صلاحيةً بل يشهد بصحتها	سحبُ التصديقِ بسبب	✔	✔	✔	✔	◐ معلَّقُ الربطِ معلَنٌ	✔	✔	◐ يحتاج مقارنةً بالكود الحيّ	لا	معلَّقُ الربطِ — 228 من 242
327	gov.sup.view	suppliers.governance.execute	عرضُ حوكمة إدارة الموردين	إدارة الموردين	حوكمة إدارة الموردين	مديرُ الإدارة	—	—	—	عرضُ حوكمةِ الإدارةِ بنطاقها — قراءةٌ لا كتابة	◆ بلا عكس	✔	✔	✔	✔	◐ معلَّقُ الربطِ معلَنٌ	✔ قارئٌ — لا أثرَ يُعكس	✔	◐ يحتاج مقارنةً بالكود الحيّ	لا	معلَّقُ الربطِ — 228 من 242
328	gov.sup.attest	suppliers.governance.approve	تصديقُ مراجعةِ وصولٍ في إدارة الموردين	إدارة الموردين	حوكمة إدارة الموردين	مديرُ الإدارة	access_reviews	AccessReviewAttested	الحوكمةُ والالتزام	◆ المديرُ يصدّق على قائمةِ فريقه — والتصديقُ لا يمنح صلاحيةً بل يشهد بصحتها	سحبُ التصديقِ بسبب	✔	✔	✔	✔	◐ معلَّقُ الربطِ معلَنٌ	✔	✔	◐ يحتاج مقارنةً بالكود الحيّ	لا	معلَّقُ الربطِ — 228 من 242
329	gov.flt.view	fleet.governance.execute	عرضُ حوكمة إدارة الأسطول	إدارة الأسطول	حوكمة إدارة الأسطول	مديرُ الإدارة	—	—	—	عرضُ حوكمةِ الإدارةِ بنطاقها — قراءةٌ لا كتابة	◆ بلا عكس	✔	✔	✔	✔	◐ معلَّقُ الربطِ معلَنٌ	✔ قارئٌ — لا أثرَ يُعكس	✔	◐ يحتاج مقارنةً بالكود الحيّ	لا	معلَّقُ الربطِ — 228 من 242
330	gov.flt.attest	fleet.governance.approve	تصديقُ مراجعةِ وصولٍ في إدارة الأسطول	إدارة الأسطول	حوكمة إدارة الأسطول	مديرُ الإدارة	access_reviews	AccessReviewAttested	الحوكمةُ والالتزام	◆ المديرُ يصدّق على قائمةِ فريقه — والتصديقُ لا يمنح صلاحيةً بل يشهد بصحتها	سحبُ التصديقِ بسبب	✔	✔	✔	✔	◐ معلَّقُ الربطِ معلَنٌ	✔	✔	◐ يحتاج مقارنةً بالكود الحيّ	لا	معلَّقُ الربطِ — 228 من 242
331	gov.fin.view	finance.governance.execute	عرضُ حوكمة المالية والخزينة	المالية والخزينة	حوكمة المالية والخزينة	مديرُ الإدارة	—	—	—	عرضُ حوكمةِ الإدارةِ بنطاقها — قراءةٌ لا كتابة	◆ بلا عكس	✔	✔	✔	✔	◐ معلَّقُ الربطِ معلَنٌ	✔ قارئٌ — لا أثرَ يُعكس	✔	◐ يحتاج مقارنةً بالكود الحيّ	لا	معلَّقُ الربطِ — 228 من 242
332	gov.fin.attest	finance.governance.approve	تصديقُ مراجعةِ وصولٍ في المالية والخزينة	المالية والخزينة	حوكمة المالية والخزينة	مديرُ الإدارة	access_reviews	AccessReviewAttested	الحوكمةُ والالتزام	◆ المديرُ يصدّق على قائمةِ فريقه — والتصديقُ لا يمنح صلاحيةً بل يشهد بصحتها	سحبُ التصديقِ بسبب	✔	✔	✔	✔	◐ معلَّقُ الربطِ معلَنٌ	✔	✔	◐ يحتاج مقارنةً بالكود الحيّ	لا	معلَّقُ الربطِ — 228 من 242
333	gov.cap.view	capital.governance.execute	عرضُ حوكمة التمويل والملكية	التمويل والملكية	حوكمة التمويل والملكية	مديرُ الإدارة	—	—	—	عرضُ حوكمةِ الإدارةِ بنطاقها — قراءةٌ لا كتابة	◆ بلا عكس	✔	✔	✔	✔	◐ معلَّقُ الربطِ معلَنٌ	✔ قارئٌ — لا أثرَ يُعكس	✔	◐ يحتاج مقارنةً بالكود الحيّ	لا	معلَّقُ الربطِ — 228 من 242
334	gov.cap.attest	capital.governance.approve	تصديقُ مراجعةِ وصولٍ في التمويل والملكية	التمويل والملكية	حوكمة التمويل والملكية	مديرُ الإدارة	access_reviews	AccessReviewAttested	الحوكمةُ والالتزام	◆ المديرُ يصدّق على قائمةِ فريقه — والتصديقُ لا يمنح صلاحيةً بل يشهد بصحتها	سحبُ التصديقِ بسبب	✔	✔	✔	✔	◐ معلَّقُ الربطِ معلَنٌ	✔	✔	◐ يحتاج مقارنةً بالكود الحيّ	لا	معلَّقُ الربطِ — 228 من 242
335	gov.hrm.view	hr.governance.execute	عرضُ حوكمة الموارد البشرية	الموارد البشرية	حوكمة الموارد البشرية	مديرُ الإدارة	—	—	—	عرضُ حوكمةِ الإدارةِ بنطاقها — قراءةٌ لا كتابة	◆ بلا عكس	✔	✔	✔	✔	◐ معلَّقُ الربطِ معلَنٌ	✔ قارئٌ — لا أثرَ يُعكس	✔	◐ يحتاج مقارنةً بالكود الحيّ	لا	معلَّقُ الربطِ — 228 من 242
336	gov.hrm.attest	hr.governance.approve	تصديقُ مراجعةِ وصولٍ في الموارد البشرية	الموارد البشرية	حوكمة الموارد البشرية	مديرُ الإدارة	access_reviews	AccessReviewAttested	الحوكمةُ والالتزام	◆ المديرُ يصدّق على قائمةِ فريقه — والتصديقُ لا يمنح صلاحيةً بل يشهد بصحتها	سحبُ التصديقِ بسبب	✔	✔	✔	✔	◐ معلَّقُ الربطِ معلَنٌ	✔	✔	◐ يحتاج مقارنةً بالكود الحيّ	لا	معلَّقُ الربطِ — 228 من 242
337	gov.rsk.view	core.governance.execute	عرضُ حوكمة إدارة المخاطر المؤسسية	RSK	حوكمة إدارة المخاطر المؤسسية	مديرُ الإدارة	—	—	—	عرضُ حوكمةِ الإدارةِ بنطاقها — قراءةٌ لا كتابة	◆ بلا عكس	✔	✔	✘ بلا مالك	✔	◐ معلَّقُ الربطِ معلَنٌ	✔ قارئٌ — لا أثرَ يُعكس	✔	◐ يحتاج مقارنةً بالكود الحيّ	نعم	معلَّقُ الربطِ — 228 من 242
338	gov.rsk.attest	core.governance.approve	تصديقُ مراجعةِ وصولٍ في إدارة المخاطر المؤسسية	RSK	حوكمة إدارة المخاطر المؤسسية	مديرُ الإدارة	access_reviews	AccessReviewAttested	الحوكمةُ والالتزام	◆ المديرُ يصدّق على قائمةِ فريقه — والتصديقُ لا يمنح صلاحيةً بل يشهد بصحتها	سحبُ التصديقِ بسبب	✔	✔	✘ بلا مالك	✔	◐ معلَّقُ الربطِ معلَنٌ	✔	✔	◐ يحتاج مقارنةً بالكود الحيّ	نعم	معلَّقُ الربطِ — 228 من 242
339	gov.gov.view	governance.governance.execute	عرضُ حوكمة الحوكمة والالتزام	الحوكمة والالتزام	حوكمة الحوكمة والالتزام	مديرُ الإدارة	—	—	—	عرضُ حوكمةِ الإدارةِ بنطاقها — قراءةٌ لا كتابة	◆ بلا عكس	✔	✔	✔	✔	◐ معلَّقُ الربطِ معلَنٌ	✔ قارئٌ — لا أثرَ يُعكس	✔	◐ يحتاج مقارنةً بالكود الحيّ	لا	معلَّقُ الربطِ — 228 من 242
340	gov.gov.attest	governance.governance.approve	تصديقُ مراجعةِ وصولٍ في الحوكمة والالتزام	الحوكمة والالتزام	حوكمة الحوكمة والالتزام	مديرُ الإدارة	access_reviews	AccessReviewAttested	الحوكمةُ والالتزام	◆ المديرُ يصدّق على قائمةِ فريقه — والتصديقُ لا يمنح صلاحيةً بل يشهد بصحتها	سحبُ التصديقِ بسبب	✔	✔	✔	✔	◐ معلَّقُ الربطِ معلَنٌ	✔	✔	◐ يحتاج مقارنةً بالكود الحيّ	لا	معلَّقُ الربطِ — 228 من 242
341	gov.crp.view	tickets.governance.execute	عرضُ حوكمة مركز البلاغات	مركز البلاغات	حوكمة مركز البلاغات	مديرُ الإدارة	—	—	—	عرضُ حوكمةِ الإدارةِ بنطاقها — قراءةٌ لا كتابة	◆ بلا عكس	✔	✔	✔	✔	◐ معلَّقُ الربطِ معلَنٌ	✔ قارئٌ — لا أثرَ يُعكس	✔	◐ يحتاج مقارنةً بالكود الحيّ	لا	معلَّقُ الربطِ — 228 من 242
342	gov.crp.attest	tickets.governance.approve	تصديقُ مراجعةِ وصولٍ في مركز البلاغات	مركز البلاغات	حوكمة مركز البلاغات	مديرُ الإدارة	access_reviews	AccessReviewAttested	الحوكمةُ والالتزام	◆ المديرُ يصدّق على قائمةِ فريقه — والتصديقُ لا يمنح صلاحيةً بل يشهد بصحتها	سحبُ التصديقِ بسبب	✔	✔	✔	✔	◐ معلَّقُ الربطِ معلَنٌ	✔	✔	◐ يحتاج مقارنةً بالكود الحيّ	لا	معلَّقُ الربطِ — 228 من 242
343	gov.mnt.view	maint.governance.execute	عرضُ حوكمة إدارة الصيانة	إدارة الصيانة	حوكمة إدارة الصيانة	مديرُ الإدارة	—	—	—	عرضُ حوكمةِ الإدارةِ بنطاقها — قراءةٌ لا كتابة	◆ بلا عكس	✔	✔	✔	✔	◐ معلَّقُ الربطِ معلَنٌ	✔ قارئٌ — لا أثرَ يُعكس	✔	◐ يحتاج مقارنةً بالكود الحيّ	لا	معلَّقُ الربطِ — 228 من 242
344	gov.mnt.attest	maint.governance.approve	تصديقُ مراجعةِ وصولٍ في إدارة الصيانة	إدارة الصيانة	حوكمة إدارة الصيانة	مديرُ الإدارة	access_reviews	AccessReviewAttested	الحوكمةُ والالتزام	◆ المديرُ يصدّق على قائمةِ فريقه — والتصديقُ لا يمنح صلاحيةً بل يشهد بصحتها	سحبُ التصديقِ بسبب	✔	✔	✔	✔	◐ معلَّقُ الربطِ معلَنٌ	✔	✔	◐ يحتاج مقارنةً بالكود الحيّ	لا	معلَّقُ الربطِ — 228 من 242
345	gov.wrk.view	workforce.governance.execute	عرضُ حوكمة القوى التشغيلية	القوى التشغيلية	حوكمة القوى التشغيلية	مديرُ الإدارة	—	—	—	عرضُ حوكمةِ الإدارةِ بنطاقها — قراءةٌ لا كتابة	◆ بلا عكس	✔	✔	✔	✔	◐ معلَّقُ الربطِ معلَنٌ	✔ قارئٌ — لا أثرَ يُعكس	✔	◐ يحتاج مقارنةً بالكود الحيّ	لا	معلَّقُ الربطِ — 228 من 242
346	gov.wrk.attest	workforce.governance.approve	تصديقُ مراجعةِ وصولٍ في القوى التشغيلية	القوى التشغيلية	حوكمة القوى التشغيلية	مديرُ الإدارة	access_reviews	AccessReviewAttested	الحوكمةُ والالتزام	◆ المديرُ يصدّق على قائمةِ فريقه — والتصديقُ لا يمنح صلاحيةً بل يشهد بصحتها	سحبُ التصديقِ بسبب	✔	✔	✔	✔	◐ معلَّقُ الربطِ معلَنٌ	✔	✔	◐ يحتاج مقارنةً بالكود الحيّ	لا	معلَّقُ الربطِ — 228 من 242
347	gov.trp.view	transport.governance.execute	عرضُ حوكمة النقل والترحيل	النقل والترحيل	حوكمة النقل والترحيل	مديرُ الإدارة	—	—	—	عرضُ حوكمةِ الإدارةِ بنطاقها — قراءةٌ لا كتابة	◆ بلا عكس	✔	✔	✔	✔	◐ معلَّقُ الربطِ معلَنٌ	✔ قارئٌ — لا أثرَ يُعكس	✔	◐ يحتاج مقارنةً بالكود الحيّ	لا	معلَّقُ الربطِ — 228 من 242
348	gov.trp.attest	transport.governance.approve	تصديقُ مراجعةِ وصولٍ في النقل والترحيل	النقل والترحيل	حوكمة النقل والترحيل	مديرُ الإدارة	access_reviews	AccessReviewAttested	الحوكمةُ والالتزام	◆ المديرُ يصدّق على قائمةِ فريقه — والتصديقُ لا يمنح صلاحيةً بل يشهد بصحتها	سحبُ التصديقِ بسبب	✔	✔	✔	✔	◐ معلَّقُ الربطِ معلَنٌ	✔	✔	◐ يحتاج مقارنةً بالكود الحيّ	لا	معلَّقُ الربطِ — 228 من 242
349	gov.prc.view	procurement.governance.execute	عرضُ حوكمة إدارة المشتريات التشغيلية	إدارة المشتريات	حوكمة إدارة المشتريات التشغيلية	مديرُ الإدارة	—	—	—	عرضُ حوكمةِ الإدارةِ بنطاقها — قراءةٌ لا كتابة	◆ بلا عكس	✔	✔	✔	✔	◐ معلَّقُ الربطِ معلَنٌ	✔ قارئٌ — لا أثرَ يُعكس	✔	◐ يحتاج مقارنةً بالكود الحيّ	لا	معلَّقُ الربطِ — 228 من 242
350	gov.prc.attest	procurement.governance.approve	تصديقُ مراجعةِ وصولٍ في إدارة المشتريات التشغيلية	إدارة المشتريات	حوكمة إدارة المشتريات التشغيلية	مديرُ الإدارة	access_reviews	AccessReviewAttested	الحوكمةُ والالتزام	◆ المديرُ يصدّق على قائمةِ فريقه — والتصديقُ لا يمنح صلاحيةً بل يشهد بصحتها	سحبُ التصديقِ بسبب	✔	✔	✔	✔	◐ معلَّقُ الربطِ معلَنٌ	✔	✔	◐ يحتاج مقارنةً بالكود الحيّ	لا	معلَّقُ الربطِ — 228 من 242
351	gov.inv.view	inventory.governance.execute	عرضُ حوكمة إدارة المخازن	إدارة المخازن	حوكمة إدارة المخازن	مديرُ الإدارة	—	—	—	عرضُ حوكمةِ الإدارةِ بنطاقها — قراءةٌ لا كتابة	◆ بلا عكس	✔	✔	✔	✔	◐ معلَّقُ الربطِ معلَنٌ	✔ قارئٌ — لا أثرَ يُعكس	✔	◐ يحتاج مقارنةً بالكود الحيّ	لا	معلَّقُ الربطِ — 228 من 242
352	gov.inv.attest	inventory.governance.approve	تصديقُ مراجعةِ وصولٍ في إدارة المخازن	إدارة المخازن	حوكمة إدارة المخازن	مديرُ الإدارة	access_reviews	AccessReviewAttested	الحوكمةُ والالتزام	◆ المديرُ يصدّق على قائمةِ فريقه — والتصديقُ لا يمنح صلاحيةً بل يشهد بصحتها	سحبُ التصديقِ بسبب	✔	✔	✔	✔	◐ معلَّقُ الربطِ معلَنٌ	✔	✔	◐ يحتاج مقارنةً بالكود الحيّ	لا	معلَّقُ الربطِ — 228 من 242
353	gov.sit.view	site.governance.execute	عرضُ حوكمة إدارة الموقع	إدارة الموقع	حوكمة إدارة الموقع	مديرُ الإدارة	—	—	—	عرضُ حوكمةِ الإدارةِ بنطاقها — قراءةٌ لا كتابة	◆ بلا عكس	✔	✔	✔	✔	◐ معلَّقُ الربطِ معلَنٌ	✔ قارئٌ — لا أثرَ يُعكس	✔	◐ يحتاج مقارنةً بالكود الحيّ	لا	معلَّقُ الربطِ — 228 من 242
354	gov.sit.attest	site.governance.approve	تصديقُ مراجعةِ وصولٍ في إدارة الموقع	إدارة الموقع	حوكمة إدارة الموقع	مديرُ الإدارة	access_reviews	AccessReviewAttested	الحوكمةُ والالتزام	◆ المديرُ يصدّق على قائمةِ فريقه — والتصديقُ لا يمنح صلاحيةً بل يشهد بصحتها	سحبُ التصديقِ بسبب	✔	✔	✔	✔	◐ معلَّقُ الربطِ معلَنٌ	✔	✔	◐ يحتاج مقارنةً بالكود الحيّ	لا	معلَّقُ الربطِ — 228 من 242
355	risk.portfolio.view	core.risk.execute_portfolio	عرضُ لوحةِ المخاطرِ المؤسسية	RSK	لوحة المخاطر المؤسسية	الرئيسُ التنفيذيُّ ومديرُ المخاطر	—	—	—	◆ لوحةٌ عليا: الحرجُ والمرتفعُ وتجاوزاتُ الشهيةِ والصاعدُ والمتحققُ والضوابطُ الفاشلةُ والإجراءاتُ المتأخرةُ وما ينتظر قرارَه — لا قائمةَ آلافِ المخاطر	◆ بلا عكس	✔	✘ معنًى بعدةِ رموزٍ بلا alias	✘ بلا مالك	✔	◐ معلَّقُ الربطِ معلَنٌ	✔ قارئٌ — لا أثرَ يُعكس	✔	◐ يحتاج مقارنةً بالكود الحيّ	نعم	معلَّقُ الربطِ — 228 من 242
356	risk.portfolio.drill	core.risk.execute_portfolio	التعمّقُ من رقمٍ إلى مخاطرِه	RSK	لوحة المخاطر المؤسسية	الرئيسُ ومديرُ المخاطر	—	—	—	◆ كلُّ رقمٍ أو بطاقةٍ قابلٌ للنقرِ يفتح المخاطرَ المكوِّنةَ له — ولا رقمَ صامت	◆ بلا عكس	✔	✘ معنًى بعدةِ رموزٍ بلا alias	✘ بلا مالك	✔	◐ معلَّقُ الربطِ معلَنٌ	✔	✔	◐ يحتاج مقارنةً بالكود الحيّ	نعم	معلَّقُ الربطِ — 228 من 242
357	risk.committee.convene	core.risk.execute_committee	انعقادُ لجنةِ المخاطر	RSK	لجنة المخاطر	مديرُ المخاطر	risk_committee_meetings	RiskCommitteeConvened	الأعضاءُ المدعوون	محضرٌ مفتوحٌ بجدولِ أعمالٍ ومخاطرَ معروضةٍ وحضورٍ مسجَّل	إلغاءُ الانعقادِ قبل الاعتماد	✔	✔	✘ بلا مالك	✔	◐ معلَّقُ الربطِ معلَنٌ	✔	✔	◐ يحتاج مقارنةً بالكود الحيّ	نعم	معلَّقُ الربطِ — 228 من 242
358	risk.committee.decide	core.risk.create_committee	تسجيلُ قرارِ لجنةِ المخاطر	RSK	لجنة المخاطر	◆ رئيسُ اللجنةِ بحسب الاختصاص	risk_committee_decisions · risk_register	RiskCommitteeDecided	المخاطرُ والإداراتُ المالكة	◆ قرارٌ ملزمٌ بتكليفٍ ومهلةٍ — ويُحدَّث الخطرُ المعنيُّ ويظهر التكليفُ في مهامِّ مسؤوله	سحبُ القرارِ بقرارٍ من اللجنةِ نفسِها	✔	✔	✘ بلا مالك	✔	◐ معلَّقُ الربطِ معلَنٌ	✔	✔	◐ يحتاج مقارنةً بالكود الحيّ	نعم	معلَّقُ الربطِ — 228 من 242
359	risk.committee.close	core.risk.approve_committee	اعتمادُ محضرِ اللجنة	RSK	لجنة المخاطر	رئيسُ اللجنة	risk_committee_meetings	RiskCommitteeMinutesApproved	المخاطرُ والحوكمة	◆ المحضرُ معتمدٌ لا يُعدَّل — والتصحيحُ محضرٌ لاحقٌ يشير إليه	◆ بلا عكس	✔	✔	✘ بلا مالك	✔	◐ معلَّقُ الربطِ معلَنٌ	✔	✔	◐ يحتاج مقارنةً بالكود الحيّ	نعم	معلَّقُ الربطِ — 228 من 242
360	risk.settings.taxonomy	core.risk.define_settings	ضبطُ تصنيفِ المخاطرِ ووحداتِه	RSK	إعدادات المخاطر والتصنيف	مديرُ المخاطر	risk_units · risk_taxonomy	RiskTaxonomyUpdated	المنصةُ كلُّها	◆ التصنيفُ المعتمدُ يحكم تسجيلَ المخاطرِ كلِّها — والتعديلُ بترحيلٍ لا بحذف	إعادةُ التصنيفِ السابقِ بقرار	✔	✘ معنًى بعدةِ رموزٍ بلا alias	✘ بلا مالك	✔	◐ معلَّقُ الربطِ معلَنٌ	✔	✔	◐ يحتاج مقارنةً بالكود الحيّ	نعم	معلَّقُ الربطِ — 228 من 242
361	risk.settings.window	core.risk.define_settings	ضبطُ نافذةِ منعِ التكرارِ لوحدة	RSK	إعدادات المخاطر والتصنيف	مديرُ المخاطر	risk_units	RiskDedupeWindowSet	محرّكُ منعِ التكرار	◆ النافذةُ الجديدةُ تسري على التسجيلِ القادمِ لا الماضي — والاستراتيجيةُ أطولُ والتشغيليةُ أقصر	إعادةُ النافذةِ السابقة	✔	✘ معنًى بعدةِ رموزٍ بلا alias	✘ بلا مالك	✔	◐ معلَّقُ الربطِ معلَنٌ	✔	✔	◐ يحتاج مقارنةً بالكود الحيّ	نعم	معلَّقُ الربطِ — 228 من 242
362	risk.settings.review	core.risk.define_settings	ضبطُ دوريةِ المراجعةِ بحسب الدرجة	RSK	إعدادات المخاطر والتصنيف	مديرُ المخاطر	risk_settings	RiskReviewCycleSet	المخاطرُ والإداراتُ المالكة	الحرجُ شهريًّا والمرتفعُ ربعَ سنويٍّ والمتوسطُ نصفَ سنويٍّ والمنخفضُ سنويًّا	إعادةُ الدوريةِ السابقة	✔	✘ معنًى بعدةِ رموزٍ بلا alias	✘ بلا مالك	✔	◐ معلَّقُ الربطِ معلَنٌ	✔	✔	◐ يحتاج مقارنةً بالكود الحيّ	نعم	معلَّقُ الربطِ — 228 من 242
363	fin.ratio.compute	finance.finance.compute_ratio	حسابُ النسبِ المالية	المالية والخزينة	لوحة النسب المالية	محرّكُ النسب	fin_ratio_values	FinancialRatiosComputed	الرئيسُ والنائبُ الماليُّ والمخاطر	◆ النسبُ محسوبةٌ من القيودِ لا من إدخالٍ يدويّ — والبسطُ والمقامُ من أكوادِ الشجرةِ المعلنة	إعادةُ الحسابِ لفترةٍ	✔	✔	✔	✔	◐ معلَّقُ الربطِ معلَنٌ	✔	✔	◐ يحتاج مقارنةً بالكود الحيّ	لا	معلَّقُ الربطِ — 228 من 242
364	fin.ratio.drill	finance.finance.execute_ratio	التعمّقُ من نسبةٍ إلى قيودِها	المالية والخزينة	تفصيل نسبة مالية	المخوَّلُ بالقراءة	—	—	—	◆ النقرُ يفتح الحساباتَ ثم القيودَ ثم الوقائعَ المصدر — ورقمٌ لا يُتعمَّق فيه لا يُقرَّر عليه	◆ بلا عكس	✔	✔	✔	✔	◐ معلَّقُ الربطِ معلَنٌ	✔	✔	◐ يحتاج مقارنةً بالكود الحيّ	لا	معلَّقُ الربطِ — 228 من 242
365	fin.ratio.target	finance.finance.approve	اعتمادُ حدِّ نسبةٍ وهدفِها	المالية والخزينة	حدود النسب وأهدافها	◆ نائبُ الرئيس للشؤون المالية والاستثمار	fin_ratio_targets	RatioTargetApproved	المالكون المعنيون	◆ لكل نسبةٍ حدُّ إنذارٍ وحدٌّ حرجٌ ومالكٌ ودورية — ولا نسبةَ تُعرض بلا حد	إعادةُ الحدِّ السابقِ بقرار	✔	✔	✔	✔	◐ معلَّقُ الربطِ معلَنٌ	✔	✔	◐ يحتاج مقارنةً بالكود الحيّ	لا	معلَّقُ الربطِ — 228 من 242
366	fin.unit.economics	finance.finance.execute_unit	عرضُ ربحيةِ المعدةِ الواحدة	المالية والخزينة	ربحية المعدة الواحدة	المالكون والأسطولُ والتشغيل	—	—	—	◆ إيرادُ المعدةِ وتكلفتُها وهامشُها وتكلفةُ ساعتها ونقطةُ تعادلها — بالبُعد D5	◆ بلا عكس	✔	✔	✔	✔	◐ معلَّقُ الربطِ معلَنٌ	✔ قارئٌ — لا أثرَ يُعكس	✔	◐ يحتاج مقارنةً بالكود الحيّ	لا	معلَّقُ الربطِ — 228 من 242
367	fin.contract.margin	finance.finance.execute_contract	عرضُ هامشِ العقدِ ونموذجِ العمل	المالية والخزينة	هامش العقد ونموذج العمل	الماليةُ والمبيعات	—	—	—	◆ الهامشُ لكل عقدٍ وكل نموذجٍ — والسالبُ يُنشر إشارةً للمبيعاتِ والمخاطر	◆ بلا عكس	✔	✔	✔	✔	◐ معلَّقُ الربطِ معلَنٌ	✔ قارئٌ — لا أثرَ يُعكس	✔	◐ يحتاج مقارنةً بالكود الحيّ	لا	معلَّقُ الربطِ — 228 من 242
368	fin.project.pl	finance.finance.compute_project	توليدُ قائمةِ دخلِ المشروع	المالية والخزينة	قائمة دخل المشروع	المحاسبُ بمراجعةِ المدير المالي	fin_project_pl	ProjectPLGenerated	التشغيلُ والمخاطرُ والمالكون	◆ الإيرادُ والتكلفةُ المباشرةُ بالبُعد D2 والحصةُ المحمَّلةُ بأساسِ تحميلٍ معلَن	إعادةُ التوليدِ لفترة	✔	✔	✔	✔	◐ معلَّقُ الربطِ معلَنٌ	✔	✔	◐ يحتاج مقارنةً بالكود الحيّ	لا	معلَّقُ الربطِ — 228 من 242
369	fin.cashflow.generate	finance.finance.compute_cashflow	توليدُ قائمةِ التدفقاتِ النقدية	المالية والخزينة	قائمة التدفقات النقدية	◆ المدير المالي	fin_cashflow	CashFlowStatementGenerated	الرئيسُ والنائبُ الماليُّ والممولون	◆ بالطريقةِ غيرِ المباشرةِ — وتتوازن مع تغيرِ النقديةِ الفعليِّ أو تُرفض	إعادةُ التوليد	✔	✔	✔	✔	◐ معلَّقُ الربطِ معلَنٌ	✔	✔	◐ يحتاج مقارنةً بالكود الحيّ	لا	معلَّقُ الربطِ — 228 من 242
370	fin.equity.generate	finance.finance.compute_equity	توليدُ قائمةِ التغيراتِ في حقوق الملكية	المالية والخزينة	قائمة التغيرات في حقوق الملكية	◆ المدير المالي	fin_equity	EquityStatementGenerated	الرئيسُ والشركاءُ والتمويل	◆ الختاميُّ = الافتتاحيُّ + الحركاتُ لكل بندٍ أو تُرفض	إعادةُ التوليد	✔	✔	✔	✔	◐ معلَّقُ الربطِ معلَنٌ	✔	✔	◐ يحتاج مقارنةً بالكود الحيّ	لا	معلَّقُ الربطِ — 228 من 242
371	fin.signal.raise	finance.finance.execute_signal	نشرُ إشارةِ إنذارٍ مالي	المالية والخزينة	الإنذار المالي المبكر	محرّكُ الإشارات	risk_signals	◆ RiskSignalRaised	◆ إدارةُ المخاطر	◆ الإشارةُ تُنشر إلى المخاطرِ لا تبقى في المالية — فتدخل الفرزَ الرباعي	سحبُها قبل الفرز	✔	✔	✔	✔	◐ معلَّقُ الربطِ معلَنٌ	✔	✔	◐ يحتاج مقارنةً بالكود الحيّ	لا	معلَّقُ الربطِ — 228 من 242
372	fin.posting.matrix	finance.finance.define	ضبطُ مصفوفةِ الترحيلِ للإدارات	المالية والخزينة	مصفوفة الترحيل من الإدارات	◆ المدير الماليُّ بمراجعةِ الحوكمة	fin_posting_matrix	PostingMatrixUpdated	الإداراتُ كلُّها	◆ الحسابُ يُشتق من نوعِ الواقعةِ ونموذجِ العملِ ونوعِ العقدِ — ولا يُختار يدويًّا	إعادةُ المصفوفةِ السابقة	✔	✔	✔	✔	◐ معلَّقُ الربطِ معلَنٌ	✔	✔	◐ يحتاج مقارنةً بالكود الحيّ	لا	معلَّقُ الربطِ — 228 من 242
