المصنَّف	الورقة	ترتيب الورقة	خلية الرأس	رقم الحقل	اسم الحقل	آلية المصدر (AS-IS)	سلوك النظام المستهدف (TO-BE)	قاعدة الظهور	مصدر الحكم	حالة السطح	المتطلب الحاكم	قرار المصالحة
المبيعات التعاقدية	01_سجل_العملاء	1	A3	1	رقم العميل · Customer_ID	قيمة مثبتة	مفتاح أساسي مولَّد	يولّده النظام ولا يُحرَّر	قيمة في المرجع	قائم (AS-IS)	SAL-01	—
المبيعات التعاقدية	01_سجل_العملاء	1	B3	2	الاسم القانوني	قيمة مثبتة	إدخال أعمال	خانة إدخال مفتوحة	قيمة في المرجع	قائم (AS-IS)	SAL-01	—
المبيعات التعاقدية	01_سجل_العملاء	1	C3	3	الاسم المختصر	ورقة بلا بيانات	إدخال أعمال	خانة إدخال مفتوحة	اسم الحقل ودلالته	قائم (AS-IS)	SAL-01	—
المبيعات التعاقدية	01_سجل_العملاء	1	D3	4	تصنيف العميل	قيمة مثبتة	إدخال أعمال	خانة إدخال مفتوحة	قيمة في المرجع	قائم (AS-IS)	SAL-01	—
المبيعات التعاقدية	01_سجل_العملاء	1	E3	5	أساس التصنيف	قيمة مثبتة	إدخال أعمال	خانة إدخال مفتوحة	قيمة في المرجع	قائم (AS-IS)	SAL-01	—
المبيعات التعاقدية	01_سجل_العملاء	1	F3	6	حالة العميل	قيمة مثبتة	إدخال أعمال	خانة إدخال مفتوحة	قيمة في المرجع	قائم (AS-IS)	SAL-01	—
المبيعات التعاقدية	01_سجل_العملاء	1	G3	7	القطاع	قيمة مثبتة	إدخال أعمال	خانة إدخال مفتوحة	قيمة في المرجع	قائم (AS-IS)	SAL-01	—
المبيعات التعاقدية	01_سجل_العملاء	1	H3	8	الدولة	قيمة مثبتة	إدخال أعمال	خانة إدخال مفتوحة	قيمة في المرجع	قائم (AS-IS)	SAL-01	—
المبيعات التعاقدية	01_سجل_العملاء	1	I3	9	المدينة/المنطقة	قيمة مثبتة	إدخال أعمال	خانة إدخال مفتوحة	قيمة في المرجع	قائم (AS-IS)	SAL-01	—
المبيعات التعاقدية	01_سجل_العملاء	1	J3	10	رقم التسجيل	ورقة بلا بيانات	إدخال أعمال	خانة إدخال مفتوحة	اسم الحقل ودلالته	قائم (AS-IS)	SAL-01	—
المبيعات التعاقدية	01_سجل_العملاء	1	K3	11	الرقم الضريبي	ورقة بلا بيانات	إدخال أعمال	خانة إدخال مفتوحة	اسم الحقل ودلالته	قائم (AS-IS)	SAL-01	—
المبيعات التعاقدية	01_سجل_العملاء	1	L3	12	مالك الحساب	قيمة مثبتة	إدخال أعمال	خانة إدخال مفتوحة	قيمة في المرجع	قائم (AS-IS)	SAL-01	—
المبيعات التعاقدية	01_سجل_العملاء	1	M3	13	مصدر التعرف	قيمة مثبتة	إدخال أعمال	خانة إدخال مفتوحة	قيمة في المرجع	قائم (AS-IS)	SAL-01	—
المبيعات التعاقدية	01_سجل_العملاء	1	N3	14	درجة الأولوية	ورقة بلا بيانات	إدخال أعمال	خانة إدخال مفتوحة	اسم الحقل ودلالته	قائم (AS-IS)	SAL-01	—
المبيعات التعاقدية	01_سجل_العملاء	1	O3	15	التصنيف الائتماني	قيمة مثبتة	إدخال أعمال	خانة إدخال مفتوحة	قيمة في المرجع	قائم (AS-IS)	SAL-01	—
المبيعات التعاقدية	01_سجل_العملاء	1	P3	16	حد الائتمان ($)	ورقة بلا بيانات	إدخال أعمال	خانة إدخال مفتوحة	اسم الحقل ودلالته	قائم (AS-IS)	SAL-01	—
المبيعات التعاقدية	01_سجل_العملاء	1	Q3	17	حد الائتمان (ج.س)	ورقة بلا بيانات	إدخال أعمال	خانة إدخال مفتوحة	اسم الحقل ودلالته	قائم (AS-IS)	SAL-01	—
المبيعات التعاقدية	01_سجل_العملاء	1	R3	18	شروط الدفع الافتراضية	ورقة بلا بيانات	إدخال أعمال	خانة إدخال مفتوحة	اسم الحقل ودلالته	قائم (AS-IS)	SAL-01	—
المبيعات التعاقدية	01_سجل_العملاء	1	S3	19	تاريخ أول تعامل	صيغة عابرة للأوراق	مستورد للقراءة من مالكه	يُقرأ من مالكه ويُعرض موسومًا	صيغة حية في المرجع	قائم (AS-IS)	SAL-01	—
المبيعات التعاقدية	01_سجل_العملاء	1	T3	20	عدد العقود	صيغة عابرة للأوراق	مشتق محسوب	يُحسب في الخدمة ولا يُدخل	صيغة حية في المرجع	قائم (AS-IS)	SAL-01	—
المبيعات التعاقدية	01_سجل_العملاء	1	U3	21	العقود الجارية	صيغة عابرة للأوراق	مستورد للقراءة من مالكه	يُقرأ من مالكه ويُعرض موسومًا	صيغة حية في المرجع	قائم (AS-IS)	SAL-01	—
المبيعات التعاقدية	01_سجل_العملاء	1	V3	22	آخر نشاط تنفيذي	صيغة عابرة للأوراق	مشتق محسوب	يُحسب في الخدمة ولا يُدخل	صيغة حية في المرجع	قائم (AS-IS)	SAL-01	—
المبيعات التعاقدية	01_سجل_العملاء	1	W3	23	نماذج التعامل	قيمة مثبتة	إدخال أعمال	خانة إدخال مفتوحة	قيمة في المرجع	قائم (AS-IS)	SAL-01	—
المبيعات التعاقدية	01_سجل_العملاء	1	X3	24	ملاحظات	ورقة بلا بيانات	أثر تدقيقي أو بيانات وصفية	يُحفظ ولا يُعرض في النموذج	اسم الحقل ودلالته	قائم (AS-IS)	SAL-01	—
المبيعات التعاقدية	01_سجل_العملاء	1	Y3	25	أنواع الخدمات	قيمة مثبتة	إدخال أعمال	خانة إدخال مفتوحة	قيمة في المرجع	قائم (AS-IS)	SAL-01	—
المبيعات التعاقدية	01_سجل_العملاء	1	Z3	26	العملات المتعامل بها	قيمة مثبتة	إدخال أعمال	خانة إدخال مفتوحة	قيمة في المرجع	قائم (AS-IS)	SAL-01	—
المبيعات التعاقدية	01_سجل_العملاء	1	AA3	27	دورية الفوترة بالمصدر	قيمة مثبتة	إدخال أعمال	خانة إدخال مفتوحة	قيمة في المرجع	قائم (AS-IS)	SAL-01	—
المبيعات التعاقدية	01_سجل_العملاء	1	AB3	28	عدد المشاريع	صيغة عابرة للأوراق	مشتق محسوب	يُحسب في الخدمة ولا يُدخل	صيغة حية في المرجع	قائم (AS-IS)	SAL-01	—
المبيعات التعاقدية	01_سجل_العملاء	1	AC3	29	مستوى حجية بيانات العميل	قيمة مثبتة	أثر تدقيقي أو بيانات وصفية	يُحفظ ولا يُعرض في النموذج	قيمة في المرجع	قائم (AS-IS)	SAL-01	—
المبيعات التعاقدية	02_جهات_اتصال_العملاء	2	A3	1	رقم جهة الاتصال · Contact_ID	قيمة مثبتة	مفتاح أساسي مولَّد	يولّده النظام ولا يُحرَّر	قيمة في المرجع	يُبنى (TO-BE)	SAL-02	—
المبيعات التعاقدية	02_جهات_اتصال_العملاء	2	B3	2	رقم العميل	قيمة مثبتة	مفتاح خارجي موروث	يُورَث من الأب ولا يُنشأ هنا	قيمة في المرجع	يُبنى (TO-BE)	SAL-02	—
المبيعات التعاقدية	02_جهات_اتصال_العملاء	2	C3	3	اسم العميل (بحث)	صيغة عابرة للأوراق	مرجع من قائمة	قائمة اختيار — لا كتابة حرة	صيغة حية في المرجع	يُبنى (TO-BE)	SAL-02	—
المبيعات التعاقدية	02_جهات_اتصال_العملاء	2	D3	4	الاسم	ورقة بلا بيانات	إدخال أعمال	خانة إدخال مفتوحة	اسم الحقل ودلالته	يُبنى (TO-BE)	SAL-02	—
المبيعات التعاقدية	02_جهات_اتصال_العملاء	2	E3	5	المسمى الوظيفي	ورقة بلا بيانات	إدخال أعمال	خانة إدخال مفتوحة	اسم الحقل ودلالته	يُبنى (TO-BE)	SAL-02	—
المبيعات التعاقدية	02_جهات_اتصال_العملاء	2	F3	6	الهاتف	ورقة بلا بيانات	إدخال أعمال	خانة إدخال مفتوحة	اسم الحقل ودلالته	يُبنى (TO-BE)	SAL-02	—
المبيعات التعاقدية	02_جهات_اتصال_العملاء	2	G3	7	البريد	ورقة بلا بيانات	إدخال أعمال	خانة إدخال مفتوحة	اسم الحقل ودلالته	يُبنى (TO-BE)	SAL-02	—
المبيعات التعاقدية	02_جهات_اتصال_العملاء	2	H3	8	دوره في القرار	ورقة بلا بيانات	إدخال أعمال	خانة إدخال مفتوحة	اسم الحقل ودلالته	يُبنى (TO-BE)	SAL-02	—
المبيعات التعاقدية	02_جهات_اتصال_العملاء	2	I3	9	الحالة	قيمة مثبتة	إدخال أعمال	خانة إدخال مفتوحة	قيمة في المرجع	يُبنى (TO-BE)	SAL-02	—
المبيعات التعاقدية	02_جهات_اتصال_العملاء	2	J3	10	ملاحظات	قيمة مثبتة	أثر تدقيقي أو بيانات وصفية	يُحفظ ولا يُعرض في النموذج	قيمة في المرجع	يُبنى (TO-BE)	SAL-02	—
المبيعات التعاقدية	02_جهات_اتصال_العملاء	2	K3	11	حالة البيانات	قيمة مثبتة	أثر تدقيقي أو بيانات وصفية	يُحفظ ولا يُعرض في النموذج	قيمة في المرجع	يُبنى (TO-BE)	SAL-02	—
المبيعات التعاقدية	02_جهات_اتصال_العملاء	2	L3	12	أثر البحث في المصادر	قيمة مثبتة	إدخال أعمال	خانة إدخال مفتوحة	قيمة في المرجع	يُبنى (TO-BE)	SAL-02	—
المبيعات التعاقدية	03_سجل_المشاريع	3	A3	1	رقم المشروع · Project_ID	قيمة مثبتة	مفتاح أساسي مولَّد	يولّده النظام ولا يُحرَّر	قيمة في المرجع	قائم (AS-IS)	SAL-03	—
المبيعات التعاقدية	03_سجل_المشاريع	3	B3	2	رقم العميل	قيمة مثبتة	مفتاح خارجي موروث	يُورَث من الأب ولا يُنشأ هنا	قيمة في المرجع	قائم (AS-IS)	SAL-03	—
المبيعات التعاقدية	03_سجل_المشاريع	3	C3	3	اسم العميل (بحث)	صيغة عابرة للأوراق	مرجع من قائمة	قائمة اختيار — لا كتابة حرة	صيغة حية في المرجع	قائم (AS-IS)	SAL-03	—
المبيعات التعاقدية	03_سجل_المشاريع	3	D3	4	اسم المشروع	قيمة مثبتة	إدخال أعمال	خانة إدخال مفتوحة	قيمة في المرجع	قائم (AS-IS)	SAL-03	—
المبيعات التعاقدية	03_سجل_المشاريع	3	E3	5	الوصف	قيمة مثبتة	إدخال أعمال	خانة إدخال مفتوحة	قيمة في المرجع	قائم (AS-IS)	SAL-03	—
المبيعات التعاقدية	03_سجل_المشاريع	3	F3	6	الموقع (نطاق تنفيذ)	قيمة مثبتة	إدخال أعمال	خانة إدخال مفتوحة	قيمة في المرجع	قائم (AS-IS)	SAL-03	—
المبيعات التعاقدية	03_سجل_المشاريع	3	G3	7	القطاع	قيمة مثبتة	إدخال أعمال	خانة إدخال مفتوحة	قيمة في المرجع	قائم (AS-IS)	SAL-03	—
المبيعات التعاقدية	03_سجل_المشاريع	3	H3	8	حالة المشروع	قيمة مثبتة	إدخال أعمال	خانة إدخال مفتوحة	قيمة في المرجع	قائم (AS-IS)	SAL-03	—
المبيعات التعاقدية	03_سجل_المشاريع	3	I3	9	تاريخ البداية	صيغة عابرة للأوراق	مستورد للقراءة من مالكه	يُقرأ من مالكه ويُعرض موسومًا	صيغة حية في المرجع	قائم (AS-IS)	SAL-03	—
المبيعات التعاقدية	03_سجل_المشاريع	3	J3	10	المسؤول التجاري	قيمة مثبتة	إدخال أعمال	خانة إدخال مفتوحة	قيمة في المرجع	قائم (AS-IS)	SAL-03	—
المبيعات التعاقدية	03_سجل_المشاريع	3	K3	11	القيمة التقديرية ($)	صيغة عابرة للأوراق	مستورد للقراءة من مالكه	يُقرأ من مالكه ويُعرض موسومًا	صيغة حية في المرجع	قائم (AS-IS)	SAL-03	—
المبيعات التعاقدية	03_سجل_المشاريع	3	L3	12	القيمة التقديرية (ج.س)	صيغة عابرة للأوراق	مستورد للقراءة من مالكه	يُقرأ من مالكه ويُعرض موسومًا	صيغة حية في المرجع	قائم (AS-IS)	SAL-03	—
المبيعات التعاقدية	03_سجل_المشاريع	3	M3	13	عدد العقود	صيغة عابرة للأوراق	مشتق محسوب	يُحسب في الخدمة ولا يُدخل	صيغة حية في المرجع	قائم (AS-IS)	SAL-03	—
المبيعات التعاقدية	03_سجل_المشاريع	3	N3	14	ملاحظات	ورقة بلا بيانات	أثر تدقيقي أو بيانات وصفية	يُحفظ ولا يُعرض في النموذج	اسم الحقل ودلالته	قائم (AS-IS)	SAL-03	—
المبيعات التعاقدية	03_سجل_المشاريع	3	O3	15	كود المشروع لدى العميل	ورقة بلا بيانات	مفتاح خارجي موروث	يُورَث من الأب ولا يُنشأ هنا	اسم الحقل ودلالته	قائم (AS-IS)	SAL-03	—
المبيعات التعاقدية	03_سجل_المشاريع	3	P3	16	الإقليم/الولاية	قيمة مثبتة	إدخال أعمال	خانة إدخال مفتوحة	قيمة في المرجع	قائم (AS-IS)	SAL-03	—
المبيعات التعاقدية	03_سجل_المشاريع	3	Q3	17	تسلسل مشروع العميل	صيغة عابرة للأوراق	مستورد للقراءة من مالكه	يُقرأ من مالكه ويُعرض موسومًا	صيغة حية في المرجع	قائم (AS-IS)	SAL-03	—
المبيعات التعاقدية	03_سجل_المشاريع	3	R3	18	نوع الخدمة	قيمة مثبتة	إدخال أعمال	خانة إدخال مفتوحة	قيمة في المرجع	قائم (AS-IS)	SAL-03	—
المبيعات التعاقدية	03_سجل_المشاريع	3	S3	19	نموذج العمل	قيمة مثبتة	إدخال أعمال	خانة إدخال مفتوحة	قيمة في المرجع	قائم (AS-IS)	SAL-03	—
المبيعات التعاقدية	03_سجل_المشاريع	3	T3	20	أساس التسمية والحدود	قيمة مثبتة	إدخال أعمال	خانة إدخال مفتوحة	قيمة في المرجع	قائم (AS-IS)	SAL-03	—
المبيعات التعاقدية	03_سجل_المشاريع	3	U3	21	قاعدة التجميع	قيمة مثبتة	إدخال أعمال	خانة إدخال مفتوحة	قيمة في المرجع	قائم (AS-IS)	SAL-03	—
المبيعات التعاقدية	03_سجل_المشاريع	3	V3	22	مستوى الحجية	قيمة مثبتة	أثر تدقيقي أو بيانات وصفية	يُحفظ ولا يُعرض في النموذج	قيمة في المرجع	قائم (AS-IS)	SAL-03	—
المبيعات التعاقدية	04_الفرص_البيعية	4	A3	1	رقم الفرصة · Opportunity_ID	قيمة مثبتة	مفتاح أساسي مولَّد	يولّده النظام ولا يُحرَّر	قيمة في المرجع	قائم (AS-IS)	SAL-04	—
المبيعات التعاقدية	04_الفرص_البيعية	4	B3	2	رقم العميل	قيمة مثبتة	مفتاح خارجي موروث	يُورَث من الأب ولا يُنشأ هنا	قيمة في المرجع	قائم (AS-IS)	SAL-04	—
المبيعات التعاقدية	04_الفرص_البيعية	4	C3	3	اسم العميل (بحث)	صيغة عابرة للأوراق	مرجع من قائمة	قائمة اختيار — لا كتابة حرة	صيغة حية في المرجع	قائم (AS-IS)	SAL-04	—
المبيعات التعاقدية	04_الفرص_البيعية	4	D3	4	رقم المشروع	قيمة مثبتة	مفتاح خارجي موروث	يُورَث من الأب ولا يُنشأ هنا	قيمة في المرجع	قائم (AS-IS)	SAL-04	—
المبيعات التعاقدية	04_الفرص_البيعية	4	E3	5	نوع الفرصة	قيمة مثبتة	إدخال أعمال	خانة إدخال مفتوحة	قيمة في المرجع	قائم (AS-IS)	SAL-04	—
المبيعات التعاقدية	04_الفرص_البيعية	4	F3	6	تاريخ الفتح	قيمة مثبتة	إدخال أعمال	خانة إدخال مفتوحة	قيمة في المرجع	قائم (AS-IS)	SAL-04	—
المبيعات التعاقدية	04_الفرص_البيعية	4	G3	7	مصدر الفرصة	قيمة مثبتة	إدخال أعمال	خانة إدخال مفتوحة	قيمة في المرجع	قائم (AS-IS)	SAL-04	—
المبيعات التعاقدية	04_الفرص_البيعية	4	H3	8	نموذج العمل	قيمة مثبتة	إدخال أعمال	خانة إدخال مفتوحة	قيمة في المرجع	قائم (AS-IS)	SAL-04	—
المبيعات التعاقدية	04_الفرص_البيعية	4	I3	9	نوع الخدمة	قيمة مثبتة	إدخال أعمال	خانة إدخال مفتوحة	قيمة في المرجع	قائم (AS-IS)	SAL-04	—
المبيعات التعاقدية	04_الفرص_البيعية	4	J3	10	الحجم المطلوب	قيمة مثبتة	إدخال أعمال	خانة إدخال مفتوحة	قيمة في المرجع	قائم (AS-IS)	SAL-04	—
المبيعات التعاقدية	04_الفرص_البيعية	4	K3	11	الوحدة	قيمة مثبتة	إدخال أعمال	خانة إدخال مفتوحة	قيمة في المرجع	قائم (AS-IS)	SAL-04	—
المبيعات التعاقدية	04_الفرص_البيعية	4	L3	12	القيمة التقديرية ($)	صيغة عابرة للأوراق	مستورد للقراءة من مالكه	يُقرأ من مالكه ويُعرض موسومًا	صيغة حية في المرجع	قائم (AS-IS)	SAL-04	—
المبيعات التعاقدية	04_الفرص_البيعية	4	M3	13	القيمة التقديرية (ج.س)	صيغة عابرة للأوراق	مستورد للقراءة من مالكه	يُقرأ من مالكه ويُعرض موسومًا	صيغة حية في المرجع	قائم (AS-IS)	SAL-04	—
المبيعات التعاقدية	04_الفرص_البيعية	4	N3	14	مرحلة الفرصة	قيمة مثبتة	إدخال أعمال	خانة إدخال مفتوحة	قيمة في المرجع	قائم (AS-IS)	SAL-04	—
المبيعات التعاقدية	04_الفرص_البيعية	4	O3	15	احتمال الفوز	قيمة مثبتة	إدخال أعمال	خانة إدخال مفتوحة	قيمة في المرجع	قائم (AS-IS)	SAL-04	—
المبيعات التعاقدية	04_الفرص_البيعية	4	P3	16	تاريخ الحسم	قيمة مثبتة	إدخال أعمال	خانة إدخال مفتوحة	قيمة في المرجع	قائم (AS-IS)	SAL-04	—
المبيعات التعاقدية	04_الفرص_البيعية	4	Q3	17	نتيجة الفرصة	قيمة مثبتة	إدخال أعمال	خانة إدخال مفتوحة	قيمة في المرجع	قائم (AS-IS)	SAL-04	—
المبيعات التعاقدية	04_الفرص_البيعية	4	R3	18	المنافسة	قيمة مثبتة	إدخال أعمال	خانة إدخال مفتوحة	قيمة في المرجع	قائم (AS-IS)	SAL-04	—
المبيعات التعاقدية	04_الفرص_البيعية	4	S3	19	المسؤول	قيمة مثبتة	إدخال أعمال	خانة إدخال مفتوحة	قيمة في المرجع	قائم (AS-IS)	SAL-04	—
المبيعات التعاقدية	04_الفرص_البيعية	4	T3	20	سبب الربح/الخسارة	قيمة مثبتة	إدخال أعمال	خانة إدخال مفتوحة	قيمة في المرجع	قائم (AS-IS)	SAL-04	—
المبيعات التعاقدية	04_الفرص_البيعية	4	U3	21	الإجراء التالي	قيمة مثبتة	إدخال أعمال	خانة إدخال مفتوحة	قيمة في المرجع	قائم (AS-IS)	SAL-04	—
المبيعات التعاقدية	04_الفرص_البيعية	4	V3	22	تاريخ الإجراء التالي	ورقة بلا بيانات	إدخال أعمال	خانة إدخال مفتوحة	اسم الحقل ودلالته	قائم (AS-IS)	SAL-04	—
المبيعات التعاقدية	04_الفرص_البيعية	4	W3	23	مرجع العقد الناتج	قيمة مثبتة	إدخال أعمال	خانة إدخال مفتوحة	قيمة في المرجع	قائم (AS-IS)	SAL-04	—
المبيعات التعاقدية	04_الفرص_البيعية	4	X3	24	ملاحظات	قيمة مثبتة	أثر تدقيقي أو بيانات وصفية	يُحفظ ولا يُعرض في النموذج	قيمة في المرجع	قائم (AS-IS)	SAL-04	—
المبيعات التعاقدية	04_الفرص_البيعية	4	Y3	25	مفتاح الحاوية المصدر	قيمة مثبتة	إدخال أعمال	خانة إدخال مفتوحة	قيمة في المرجع	قائم (AS-IS)	SAL-04	—
المبيعات التعاقدية	04_الفرص_البيعية	4	Z3	26	مستوى الحجية	قيمة مثبتة	أثر تدقيقي أو بيانات وصفية	يُحفظ ولا يُعرض في النموذج	قيمة في المرجع	قائم (AS-IS)	SAL-04	—
المبيعات التعاقدية	04_الفرص_البيعية	4	AA3	27	أساس القيمة الرجعية	قيمة مثبتة	إدخال أعمال	خانة إدخال مفتوحة	قيمة في المرجع	قائم (AS-IS)	SAL-04	—
المبيعات التعاقدية	05_الأنشطة_والمتابعات	5	A3	1	رقم النشاط	قيمة مثبتة	إدخال أعمال	خانة إدخال مفتوحة	قيمة في المرجع	قائم (AS-IS)	SAL-05	—
المبيعات التعاقدية	05_الأنشطة_والمتابعات	5	B3	2	التاريخ	قيمة مثبتة	إدخال أعمال	خانة إدخال مفتوحة	قيمة في المرجع	قائم (AS-IS)	SAL-05	—
المبيعات التعاقدية	05_الأنشطة_والمتابعات	5	C3	3	رقم العميل	قيمة مثبتة	مفتاح خارجي موروث	يُورَث من الأب ولا يُنشأ هنا	قيمة في المرجع	قائم (AS-IS)	SAL-05	—
المبيعات التعاقدية	05_الأنشطة_والمتابعات	5	D3	4	اسم العميل (بحث)	صيغة عابرة للأوراق	مرجع من قائمة	قائمة اختيار — لا كتابة حرة	صيغة حية في المرجع	قائم (AS-IS)	SAL-05	—
المبيعات التعاقدية	05_الأنشطة_والمتابعات	5	E3	5	رقم المشروع	قيمة مثبتة	مفتاح خارجي موروث	يُورَث من الأب ولا يُنشأ هنا	قيمة في المرجع	قائم (AS-IS)	SAL-05	—
المبيعات التعاقدية	05_الأنشطة_والمتابعات	5	F3	6	رقم الفرصة	قيمة مثبتة	مفتاح خارجي موروث	يُورَث من الأب ولا يُنشأ هنا	قيمة في المرجع	قائم (AS-IS)	SAL-05	—
المبيعات التعاقدية	05_الأنشطة_والمتابعات	5	G3	7	مرجع العقد	قيمة مثبتة	إدخال أعمال	خانة إدخال مفتوحة	قيمة في المرجع	قائم (AS-IS)	SAL-05	—
المبيعات التعاقدية	05_الأنشطة_والمتابعات	5	H3	8	نوع النشاط	قيمة مثبتة	إدخال أعمال	خانة إدخال مفتوحة	قيمة في المرجع	قائم (AS-IS)	SAL-05	—
المبيعات التعاقدية	05_الأنشطة_والمتابعات	5	I3	9	الموضوع/الملخص	قيمة مثبتة	إدخال أعمال	خانة إدخال مفتوحة	قيمة في المرجع	قائم (AS-IS)	SAL-05	—
المبيعات التعاقدية	05_الأنشطة_والمتابعات	5	J3	10	النتيجة	قيمة مثبتة	إدخال أعمال	خانة إدخال مفتوحة	قيمة في المرجع	قائم (AS-IS)	SAL-05	—
المبيعات التعاقدية	05_الأنشطة_والمتابعات	5	K3	11	المسؤول	قيمة مثبتة	إدخال أعمال	خانة إدخال مفتوحة	قيمة في المرجع	قائم (AS-IS)	SAL-05	—
المبيعات التعاقدية	05_الأنشطة_والمتابعات	5	L3	12	الإجراء التالي	قيمة مثبتة	إدخال أعمال	خانة إدخال مفتوحة	قيمة في المرجع	قائم (AS-IS)	SAL-05	—
المبيعات التعاقدية	05_الأنشطة_والمتابعات	5	M3	13	تاريخه	ورقة بلا بيانات	إدخال أعمال	خانة إدخال مفتوحة	اسم الحقل ودلالته	قائم (AS-IS)	SAL-05	—
المبيعات التعاقدية	05_الأنشطة_والمتابعات	5	N3	14	ملاحظات	قيمة مثبتة	أثر تدقيقي أو بيانات وصفية	يُحفظ ولا يُعرض في النموذج	قيمة في المرجع	قائم (AS-IS)	SAL-05	—
المبيعات التعاقدية	05_الأنشطة_والمتابعات	5	O3	15	مفتاح الحاوية المصدر	قيمة مثبتة	إدخال أعمال	خانة إدخال مفتوحة	قيمة في المرجع	قائم (AS-IS)	SAL-05	—
المبيعات التعاقدية	05_الأنشطة_والمتابعات	5	P3	16	مستوى الحجية	قيمة مثبتة	أثر تدقيقي أو بيانات وصفية	يُحفظ ولا يُعرض في النموذج	قيمة في المرجع	قائم (AS-IS)	SAL-05	—
المبيعات التعاقدية	05_الأنشطة_والمتابعات	5	Q3	17	أساس القيمة الرجعية	قيمة مثبتة	إدخال أعمال	خانة إدخال مفتوحة	قيمة في المرجع	قائم (AS-IS)	SAL-05	—
المبيعات التعاقدية	06_احتياج_العميل_وطلب_العرض	6	A3	1	رقم الطلب	قيمة مثبتة	إدخال أعمال	خانة إدخال مفتوحة	قيمة في المرجع	يُبنى (TO-BE)	SAL-06	—
المبيعات التعاقدية	06_احتياج_العميل_وطلب_العرض	6	B3	2	رقم العميل	قيمة مثبتة	مفتاح خارجي موروث	يُورَث من الأب ولا يُنشأ هنا	قيمة في المرجع	يُبنى (TO-BE)	SAL-06	—
المبيعات التعاقدية	06_احتياج_العميل_وطلب_العرض	6	C3	3	اسم العميل (بحث)	صيغة عابرة للأوراق	مرجع من قائمة	قائمة اختيار — لا كتابة حرة	صيغة حية في المرجع	يُبنى (TO-BE)	SAL-06	—
المبيعات التعاقدية	06_احتياج_العميل_وطلب_العرض	6	D3	4	رقم المشروع	قيمة مثبتة	مفتاح خارجي موروث	يُورَث من الأب ولا يُنشأ هنا	قيمة في المرجع	يُبنى (TO-BE)	SAL-06	—
المبيعات التعاقدية	06_احتياج_العميل_وطلب_العرض	6	E3	5	رقم الفرصة	قيمة مثبتة	مفتاح خارجي موروث	يُورَث من الأب ولا يُنشأ هنا	قيمة في المرجع	يُبنى (TO-BE)	SAL-06	—
المبيعات التعاقدية	06_احتياج_العميل_وطلب_العرض	6	F3	6	نوع الطلب	قيمة مثبتة	إدخال أعمال	خانة إدخال مفتوحة	قيمة في المرجع	يُبنى (TO-BE)	SAL-06	—
المبيعات التعاقدية	06_احتياج_العميل_وطلب_العرض	6	G3	7	نطاق الطلب	قيمة مثبتة	إدخال أعمال	خانة إدخال مفتوحة	قيمة في المرجع	يُبنى (TO-BE)	SAL-06	—
المبيعات التعاقدية	06_احتياج_العميل_وطلب_العرض	6	H3	8	الخدمة المطلوبة	قيمة مثبتة	إدخال أعمال	خانة إدخال مفتوحة	قيمة في المرجع	يُبنى (TO-BE)	SAL-06	—
المبيعات التعاقدية	06_احتياج_العميل_وطلب_العرض	6	I3	9	نموذج العمل المطلوب	قيمة مثبتة	موروث بالإسناد من الأب	يُملأ من الأب عند الإنشاء ويُعرض مقفلًا	قاعدة المتطلب الحاكم	يُبنى (TO-BE)	SAL-06	حُسم بالمتطلب: إدخال أعمال ← موروث بالإسناد من الأب
المبيعات التعاقدية	06_احتياج_العميل_وطلب_العرض	6	J3	10	الوحدة	قيمة مثبتة	إدخال أعمال	خانة إدخال مفتوحة	قيمة في المرجع	يُبنى (TO-BE)	SAL-06	—
المبيعات التعاقدية	06_احتياج_العميل_وطلب_العرض	6	K3	11	الكمية/الحجم المطلوب	قيمة مثبتة	موروث بالإسناد من الأب	يُملأ من الأب عند الإنشاء ويُعرض مقفلًا	قاعدة المتطلب الحاكم	يُبنى (TO-BE)	SAL-06	حُسم بالمتطلب: إدخال أعمال ← موروث بالإسناد من الأب
المبيعات التعاقدية	06_احتياج_العميل_وطلب_العرض	6	L3	12	أنواع الآليات المطلوبة	قيمة مثبتة	إدخال أعمال	خانة إدخال مفتوحة	قيمة في المرجع	يُبنى (TO-BE)	SAL-06	—
المبيعات التعاقدية	06_احتياج_العميل_وطلب_العرض	6	M3	13	عدد الآليات	قيمة مثبتة	إدخال أعمال	خانة إدخال مفتوحة	قيمة في المرجع	يُبنى (TO-BE)	SAL-06	—
المبيعات التعاقدية	06_احتياج_العميل_وطلب_العرض	6	N3	14	المدة (أشهر)	قيمة مثبتة	موروث بالإسناد من الأب	يُملأ من الأب عند الإنشاء ويُعرض مقفلًا	قاعدة المتطلب الحاكم	يُبنى (TO-BE)	SAL-06	حُسم بالمتطلب: إدخال أعمال ← موروث بالإسناد من الأب
المبيعات التعاقدية	06_احتياج_العميل_وطلب_العرض	6	O3	15	البداية المتوقعة	قيمة مثبتة	إدخال أعمال	خانة إدخال مفتوحة	قيمة في المرجع	يُبنى (TO-BE)	SAL-06	—
المبيعات التعاقدية	06_احتياج_العميل_وطلب_العرض	6	P3	16	النهاية المتوقعة	قيمة مثبتة	إدخال أعمال	خانة إدخال مفتوحة	قيمة في المرجع	يُبنى (TO-BE)	SAL-06	—
المبيعات التعاقدية	06_احتياج_العميل_وطلب_العرض	6	Q3	17	أساس البداية المتوقعة	قيمة مثبتة	إدخال أعمال	خانة إدخال مفتوحة	قيمة في المرجع	يُبنى (TO-BE)	SAL-06	—
المبيعات التعاقدية	06_احتياج_العميل_وطلب_العرض	6	R3	18	أساس النهاية المتوقعة	قيمة مثبتة	إدخال أعمال	خانة إدخال مفتوحة	قيمة في المرجع	يُبنى (TO-BE)	SAL-06	—
المبيعات التعاقدية	06_احتياج_العميل_وطلب_العرض	6	S3	19	حالة بيانات التواريخ	قيمة مثبتة	إدخال أعمال	خانة إدخال مفتوحة	قيمة في المرجع	يُبنى (TO-BE)	SAL-06	—
المبيعات التعاقدية	06_احتياج_العميل_وطلب_العرض	6	T3	20	المتطلبات التجارية الأساسية	قيمة مثبتة	إدخال أعمال	خانة إدخال مفتوحة	قيمة في المرجع	يُبنى (TO-BE)	SAL-06	—
المبيعات التعاقدية	06_احتياج_العميل_وطلب_العرض	6	U3	21	تاريخ الاستلام	قيمة مثبتة	إدخال أعمال	خانة إدخال مفتوحة	قيمة في المرجع	يُبنى (TO-BE)	SAL-06	—
المبيعات التعاقدية	06_احتياج_العميل_وطلب_العرض	6	V3	22	موعد الرد بالعرض	قيمة مثبتة	إدخال أعمال	خانة إدخال مفتوحة	قيمة في المرجع	يُبنى (TO-BE)	SAL-06	—
المبيعات التعاقدية	06_احتياج_العميل_وطلب_العرض	6	W3	23	الحالة	قيمة مثبتة	إدخال أعمال	خانة إدخال مفتوحة	قيمة في المرجع	يُبنى (TO-BE)	SAL-06	—
المبيعات التعاقدية	06_احتياج_العميل_وطلب_العرض	6	X3	24	مرجع العقد الناتج	قيمة مثبتة	إدخال أعمال	خانة إدخال مفتوحة	قيمة في المرجع	يُبنى (TO-BE)	SAL-06	—
المبيعات التعاقدية	06_احتياج_العميل_وطلب_العرض	6	Y3	25	ملاحظات	قيمة مثبتة	أثر تدقيقي أو بيانات وصفية	يُحفظ ولا يُعرض في النموذج	قيمة في المرجع	يُبنى (TO-BE)	SAL-06	—
المبيعات التعاقدية	06_احتياج_العميل_وطلب_العرض	6	Z3	26	مفتاح الحاوية المصدر	قيمة مثبتة	إدخال أعمال	خانة إدخال مفتوحة	قيمة في المرجع	يُبنى (TO-BE)	SAL-06	—
المبيعات التعاقدية	06_احتياج_العميل_وطلب_العرض	6	AA3	27	مستوى الحجية	قيمة مثبتة	أثر تدقيقي أو بيانات وصفية	يُحفظ ولا يُعرض في النموذج	قيمة في المرجع	يُبنى (TO-BE)	SAL-06	—
المبيعات التعاقدية	06_احتياج_العميل_وطلب_العرض	6	AB3	28	أساس القيمة الرجعية	قيمة مثبتة	إدخال أعمال	خانة إدخال مفتوحة	قيمة في المرجع	يُبنى (TO-BE)	SAL-06	—
المبيعات التعاقدية	07_سجل_العروض	7	A3	1	رقم العرض الداخلي · Quote_ID	قيمة مثبتة	مفتاح أساسي مولَّد	يولّده النظام ولا يُحرَّر	قيمة في المرجع	قائم (AS-IS)	SAL-07	—
المبيعات التعاقدية	07_سجل_العروض	7	B3	2	رقم الفرصة	قيمة مثبتة	مفتاح خارجي موروث	يُورَث من الأب ولا يُنشأ هنا	قيمة في المرجع	قائم (AS-IS)	SAL-07	—
المبيعات التعاقدية	07_سجل_العروض	7	C3	3	رقم الطلب	قيمة مثبتة	إدخال أعمال	خانة إدخال مفتوحة	قيمة في المرجع	قائم (AS-IS)	SAL-07	—
المبيعات التعاقدية	07_سجل_العروض	7	D3	4	رقم العميل	قيمة مثبتة	مفتاح خارجي موروث	يُورَث من الأب ولا يُنشأ هنا	قيمة في المرجع	قائم (AS-IS)	SAL-07	—
المبيعات التعاقدية	07_سجل_العروض	7	E3	5	اسم العميل (بحث)	صيغة عابرة للأوراق	مرجع من قائمة	قائمة اختيار — لا كتابة حرة	صيغة حية في المرجع	قائم (AS-IS)	SAL-07	—
المبيعات التعاقدية	07_سجل_العروض	7	F3	6	رقم المشروع	قيمة مثبتة	مفتاح خارجي موروث	يُورَث من الأب ولا يُنشأ هنا	قيمة في المرجع	قائم (AS-IS)	SAL-07	—
المبيعات التعاقدية	07_سجل_العروض	7	G3	7	رقم العرض الرسمي	قيمة مثبتة	مفتاح خارجي موروث	يُورَث من الأب ولا يُنشأ هنا	قيمة في المرجع	قائم (AS-IS)	SAL-07	—
المبيعات التعاقدية	07_سجل_العروض	7	H3	8	تاريخ الإصدار	قيمة مثبتة	إدخال أعمال	خانة إدخال مفتوحة	قيمة في المرجع	قائم (AS-IS)	SAL-07	—
المبيعات التعاقدية	07_سجل_العروض	7	I3	9	تاريخ الإرسال	قيمة مثبتة	إدخال أعمال	خانة إدخال مفتوحة	قيمة في المرجع	قائم (AS-IS)	SAL-07	—
المبيعات التعاقدية	07_سجل_العروض	7	J3	10	أساس التاريخ	قيمة مثبتة	إدخال أعمال	خانة إدخال مفتوحة	قيمة في المرجع	قائم (AS-IS)	SAL-07	—
المبيعات التعاقدية	07_سجل_العروض	7	K3	11	النسخة	قيمة مثبتة	إدخال أعمال	خانة إدخال مفتوحة	قيمة في المرجع	قائم (AS-IS)	SAL-07	—
المبيعات التعاقدية	07_سجل_العروض	7	L3	12	نموذج العمل	قيمة مثبتة	إدخال أعمال	خانة إدخال مفتوحة	قيمة في المرجع	قائم (AS-IS)	SAL-07	—
المبيعات التعاقدية	07_سجل_العروض	7	M3	13	العملة	قيمة مثبتة	إدخال أعمال	خانة إدخال مفتوحة	قيمة في المرجع	قائم (AS-IS)	SAL-07	—
المبيعات التعاقدية	07_سجل_العروض	7	N3	14	مدة السريان	قيمة مثبتة	إدخال أعمال	خانة إدخال مفتوحة	قيمة في المرجع	قائم (AS-IS)	SAL-07	—
المبيعات التعاقدية	07_سجل_العروض	7	O3	15	شروط الدفع/الفوترة	قيمة مثبتة	إدخال أعمال	خانة إدخال مفتوحة	قيمة في المرجع	قائم (AS-IS)	SAL-07	—
المبيعات التعاقدية	07_سجل_العروض	7	P3	16	حالة العرض	قيمة مثبتة	إدخال أعمال	خانة إدخال مفتوحة	قيمة في المرجع	قائم (AS-IS)	SAL-07	—
المبيعات التعاقدية	07_سجل_العروض	7	Q3	17	رد العميل	قيمة مثبتة	إدخال أعمال	خانة إدخال مفتوحة	قيمة في المرجع	قائم (AS-IS)	SAL-07	—
المبيعات التعاقدية	07_سجل_العروض	7	R3	18	حالة القرار	قيمة مثبتة	إدخال أعمال	خانة إدخال مفتوحة	قيمة في المرجع	قائم (AS-IS)	SAL-07	—
المبيعات التعاقدية	07_سجل_العروض	7	S3	19	تاريخ القرار	قيمة مثبتة	إدخال أعمال	خانة إدخال مفتوحة	قيمة في المرجع	قائم (AS-IS)	SAL-07	—
المبيعات التعاقدية	07_سجل_العروض	7	T3	20	قيمة العرض ($)	صيغة عابرة للأوراق	مشتق محسوب	يُحسب في الخدمة ولا يُدخل	صيغة حية في المرجع	قائم (AS-IS)	SAL-07	—
المبيعات التعاقدية	07_سجل_العروض	7	U3	21	قيمة العرض (ج.س)	صيغة عابرة للأوراق	مشتق محسوب	يُحسب في الخدمة ولا يُدخل	صيغة حية في المرجع	قائم (AS-IS)	SAL-07	—
المبيعات التعاقدية	07_سجل_العروض	7	V3	22	مرجع العقد الناتج	قيمة مثبتة	إدخال أعمال	خانة إدخال مفتوحة	قيمة في المرجع	قائم (AS-IS)	SAL-07	—
المبيعات التعاقدية	07_سجل_العروض	7	W3	23	ملاحظات	قيمة مثبتة	أثر تدقيقي أو بيانات وصفية	يُحفظ ولا يُعرض في النموذج	قيمة في المرجع	قائم (AS-IS)	SAL-07	—
المبيعات التعاقدية	07_سجل_العروض	7	X3	24	مفتاح الحاوية المصدر	قيمة مثبتة	إدخال أعمال	خانة إدخال مفتوحة	قيمة في المرجع	قائم (AS-IS)	SAL-07	—
المبيعات التعاقدية	07_سجل_العروض	7	Y3	25	مستوى الحجية	قيمة مثبتة	أثر تدقيقي أو بيانات وصفية	يُحفظ ولا يُعرض في النموذج	قيمة في المرجع	قائم (AS-IS)	SAL-07	—
المبيعات التعاقدية	07_سجل_العروض	7	Z3	26	أساس القيمة الرجعية	قيمة مثبتة	إدخال أعمال	خانة إدخال مفتوحة	قيمة في المرجع	قائم (AS-IS)	SAL-07	—
المبيعات التعاقدية	08_بنود_العروض	8	A3	1	رقم البند	قيمة مثبتة	موروث بالإسناد من الأب	يُملأ من الأب عند الإنشاء ويُعرض مقفلًا	قاعدة المتطلب الحاكم	يُبنى (TO-BE)	SAL-08	حُسم بالمتطلب: إدخال أعمال ← موروث بالإسناد من الأب
المبيعات التعاقدية	08_بنود_العروض	8	B3	2	رقم العرض	قيمة مثبتة	مفتاح خارجي موروث	يُورَث من الأب ولا يُنشأ هنا	قيمة في المرجع	يُبنى (TO-BE)	SAL-08	—
المبيعات التعاقدية	08_بنود_العروض	8	C3	3	مرجع العقد	قيمة مثبتة	إدخال أعمال	خانة إدخال مفتوحة	قيمة في المرجع	يُبنى (TO-BE)	SAL-08	—
المبيعات التعاقدية	08_بنود_العروض	8	D3	4	نوع البند	قيمة مثبتة	موروث بالإسناد من الأب	يُملأ من الأب عند الإنشاء ويُعرض مقفلًا	قاعدة المتطلب الحاكم	يُبنى (TO-BE)	SAL-08	حُسم بالمتطلب: إدخال أعمال ← موروث بالإسناد من الأب
المبيعات التعاقدية	08_بنود_العروض	8	E3	5	نوع الخدمة	قيمة مثبتة	إدخال أعمال	خانة إدخال مفتوحة	قيمة في المرجع	يُبنى (TO-BE)	SAL-08	—
المبيعات التعاقدية	08_بنود_العروض	8	F3	6	نوع المعدة/البند	قيمة مثبتة	موروث بالإسناد من الأب	يُملأ من الأب عند الإنشاء ويُعرض مقفلًا	قاعدة المتطلب الحاكم	يُبنى (TO-BE)	SAL-08	حُسم بالمتطلب: إدخال أعمال ← موروث بالإسناد من الأب
المبيعات التعاقدية	08_بنود_العروض	8	G3	7	نموذج العمل	قيمة مثبتة	موروث بالإسناد من الأب	يُملأ من الأب عند الإنشاء ويُعرض مقفلًا	قاعدة المتطلب الحاكم	يُبنى (TO-BE)	SAL-08	حُسم بالمتطلب: إدخال أعمال ← موروث بالإسناد من الأب
المبيعات التعاقدية	08_بنود_العروض	8	H3	8	عدد المعدات	قيمة مثبتة	إدخال أعمال	خانة إدخال مفتوحة	قيمة في المرجع	يُبنى (TO-BE)	SAL-08	—
المبيعات التعاقدية	08_بنود_العروض	8	I3	9	أساس الوحدة الشهري	قيمة مثبتة	إدخال أعمال	خانة إدخال مفتوحة	قيمة في المرجع	يُبنى (TO-BE)	SAL-08	—
المبيعات التعاقدية	08_بنود_العروض	8	J3	10	المدة (أشهر)	قيمة مثبتة	إدخال أعمال	خانة إدخال مفتوحة	قيمة في المرجع	يُبنى (TO-BE)	SAL-08	—
المبيعات التعاقدية	08_بنود_العروض	8	K3	11	الكمية/المستهدف	قيمة مثبتة	إدخال أعمال	خانة إدخال مفتوحة	قيمة في المرجع	يُبنى (TO-BE)	SAL-08	—
المبيعات التعاقدية	08_بنود_العروض	8	L3	12	وحدة القياس	قيمة مثبتة	مرجع من قائمة	قائمة اختيار — لا كتابة حرة	قاعدة المتطلب الحاكم	يُبنى (TO-BE)	SAL-08	حُسم بالمتطلب: إدخال أعمال ← مرجع من قائمة
المبيعات التعاقدية	08_بنود_العروض	8	M3	13	سعر الوحدة	قيمة مثبتة	مرجع من قائمة	قائمة اختيار — لا كتابة حرة	قاعدة المتطلب الحاكم	يُبنى (TO-BE)	SAL-08	حُسم بالمتطلب: لقطة تعاقدية ← مرجع من قائمة
المبيعات التعاقدية	08_بنود_العروض	8	N3	14	العملة	قيمة مثبتة	إدخال أعمال	خانة إدخال مفتوحة	قيمة في المرجع	يُبنى (TO-BE)	SAL-08	—
المبيعات التعاقدية	08_بنود_العروض	8	O3	15	القيمة	صيغة داخلية	مشتق محسوب	يُحسب في الخدمة ولا يُدخل	صيغة حية في المرجع	يُبنى (TO-BE)	SAL-08	—
المبيعات التعاقدية	08_بنود_العروض	8	P3	16	سريان النسخة السعرية	ورقة بلا بيانات	مرجع من قائمة	قائمة اختيار — لا كتابة حرة	قاعدة المتطلب الحاكم	يُبنى (TO-BE)	SAL-08	حُسم بالمتطلب: إدخال أعمال ← مرجع من قائمة
المبيعات التعاقدية	08_بنود_العروض	8	Q3	17	أساس السعر	قيمة مثبتة	مرجع من قائمة	قائمة اختيار — لا كتابة حرة	قاعدة المتطلب الحاكم	يُبنى (TO-BE)	SAL-08	حُسم بالمتطلب: إدخال أعمال ← مرجع من قائمة
المبيعات التعاقدية	08_بنود_العروض	8	R3	18	الضريبة كما وردت	قيمة مثبتة	إدخال أعمال	خانة إدخال مفتوحة	قيمة في المرجع	يُبنى (TO-BE)	SAL-08	—
المبيعات التعاقدية	08_بنود_العروض	8	S3	19	نص السعر كما ورد بالمصدر	قيمة مثبتة	مرجع من قائمة	قائمة اختيار — لا كتابة حرة	قاعدة المتطلب الحاكم	يُبنى (TO-BE)	SAL-08	حُسم بالمتطلب: لقطة تعاقدية ← مرجع من قائمة
المبيعات التعاقدية	08_بنود_العروض	8	T3	20	حالة البيانات	قيمة مثبتة	أثر تدقيقي أو بيانات وصفية	يُحفظ ولا يُعرض في النموذج	قيمة في المرجع	يُبنى (TO-BE)	SAL-08	—
المبيعات التعاقدية	08_بنود_العروض	8	U3	21	ملاحظات تجارية	قيمة مثبتة	أثر تدقيقي أو بيانات وصفية	يُحفظ ولا يُعرض في النموذج	قيمة في المرجع	يُبنى (TO-BE)	SAL-08	—
المبيعات التعاقدية	08_بنود_العروض	8	V3	22	مفتاح الحاوية المصدر	قيمة مثبتة	إدخال أعمال	خانة إدخال مفتوحة	قيمة في المرجع	يُبنى (TO-BE)	SAL-08	—
المبيعات التعاقدية	08_بنود_العروض	8	W3	23	مستوى الحجية	قيمة مثبتة	أثر تدقيقي أو بيانات وصفية	يُحفظ ولا يُعرض في النموذج	قيمة في المرجع	يُبنى (TO-BE)	SAL-08	—
المبيعات التعاقدية	08_بنود_العروض	8	X3	24	أساس القيمة الرجعية	قيمة مثبتة	إدخال أعمال	خانة إدخال مفتوحة	قيمة في المرجع	يُبنى (TO-BE)	SAL-08	—
المبيعات التعاقدية	09_التفاوض_ومراجعات_العرض	9	A3	1	رقم الواقعة	قيمة مثبتة	إدخال أعمال	خانة إدخال مفتوحة	قيمة في المرجع	يُبنى (TO-BE)	SAL-09	—
المبيعات التعاقدية	09_التفاوض_ومراجعات_العرض	9	B3	2	نوع السجل	قيمة مثبتة	إدخال أعمال	خانة إدخال مفتوحة	قيمة في المرجع	يُبنى (TO-BE)	SAL-09	—
المبيعات التعاقدية	09_التفاوض_ومراجعات_العرض	9	C3	3	رقم العرض	قيمة مثبتة	مفتاح خارجي موروث	يُورَث من الأب ولا يُنشأ هنا	قيمة في المرجع	يُبنى (TO-BE)	SAL-09	—
المبيعات التعاقدية	09_التفاوض_ومراجعات_العرض	9	D3	4	مرجع العقد	قيمة مثبتة	إدخال أعمال	خانة إدخال مفتوحة	قيمة في المرجع	يُبنى (TO-BE)	SAL-09	—
المبيعات التعاقدية	09_التفاوض_ومراجعات_العرض	9	E3	5	الحاوية الجديدة	قيمة مثبتة	إدخال أعمال	خانة إدخال مفتوحة	قيمة في المرجع	يُبنى (TO-BE)	SAL-09	—
المبيعات التعاقدية	09_التفاوض_ومراجعات_العرض	9	F3	6	الحاوية السابقة	قيمة مثبتة	إدخال أعمال	خانة إدخال مفتوحة	قيمة في المرجع	يُبنى (TO-BE)	SAL-09	—
المبيعات التعاقدية	09_التفاوض_ومراجعات_العرض	9	G3	7	نطاق المقارنة	قيمة مثبتة	إدخال أعمال	خانة إدخال مفتوحة	قيمة في المرجع	يُبنى (TO-BE)	SAL-09	—
المبيعات التعاقدية	09_التفاوض_ومراجعات_العرض	9	H3	8	التاريخ	ورقة بلا بيانات	إدخال أعمال	خانة إدخال مفتوحة	اسم الحقل ودلالته	يُبنى (TO-BE)	SAL-09	—
المبيعات التعاقدية	09_التفاوض_ومراجعات_العرض	9	I3	9	نوع التغيير	قيمة مثبتة	إدخال أعمال	خانة إدخال مفتوحة	قيمة في المرجع	يُبنى (TO-BE)	SAL-09	—
المبيعات التعاقدية	09_التفاوض_ومراجعات_العرض	9	J3	10	قبل	قيمة مثبتة	إدخال أعمال	خانة إدخال مفتوحة	قيمة في المرجع	يُبنى (TO-BE)	SAL-09	—
المبيعات التعاقدية	09_التفاوض_ومراجعات_العرض	9	K3	11	بعد	قيمة مثبتة	إدخال أعمال	خانة إدخال مفتوحة	قيمة في المرجع	يُبنى (TO-BE)	SAL-09	—
المبيعات التعاقدية	09_التفاوض_ومراجعات_العرض	9	L3	12	الأثر التجاري	قيمة مثبتة	إدخال أعمال	خانة إدخال مفتوحة	قيمة في المرجع	يُبنى (TO-BE)	SAL-09	—
المبيعات التعاقدية	09_التفاوض_ومراجعات_العرض	9	M3	13	الوثيقة المرجعية	قيمة مثبتة	إدخال أعمال	خانة إدخال مفتوحة	قيمة في المرجع	يُبنى (TO-BE)	SAL-09	—
المبيعات التعاقدية	09_التفاوض_ومراجعات_العرض	9	N3	14	السبب/الدليل	قيمة مثبتة	إدخال أعمال	خانة إدخال مفتوحة	قيمة في المرجع	يُبنى (TO-BE)	SAL-09	—
المبيعات التعاقدية	09_التفاوض_ومراجعات_العرض	9	O3	15	الطرف الطالب	قيمة مثبتة	إدخال أعمال	خانة إدخال مفتوحة	قيمة في المرجع	يُبنى (TO-BE)	SAL-09	—
المبيعات التعاقدية	09_التفاوض_ومراجعات_العرض	9	P3	16	الحالة	قيمة مثبتة	إدخال أعمال	خانة إدخال مفتوحة	قيمة في المرجع	يُبنى (TO-BE)	SAL-09	—
المبيعات التعاقدية	09_التفاوض_ومراجعات_العرض	9	Q3	17	ملاحظات	قيمة مثبتة	أثر تدقيقي أو بيانات وصفية	يُحفظ ولا يُعرض في النموذج	قيمة في المرجع	يُبنى (TO-BE)	SAL-09	—
المبيعات التعاقدية	09_التفاوض_ومراجعات_العرض	9	R3	18	مفتاح الحاوية المصدر	قيمة مثبتة	إدخال أعمال	خانة إدخال مفتوحة	قيمة في المرجع	يُبنى (TO-BE)	SAL-09	—
المبيعات التعاقدية	09_التفاوض_ومراجعات_العرض	9	S3	19	مستوى الحجية	قيمة مثبتة	أثر تدقيقي أو بيانات وصفية	يُحفظ ولا يُعرض في النموذج	قيمة في المرجع	يُبنى (TO-BE)	SAL-09	—
المبيعات التعاقدية	09_التفاوض_ومراجعات_العرض	9	T3	20	أساس القيمة الرجعية	قيمة مثبتة	إدخال أعمال	خانة إدخال مفتوحة	قيمة في المرجع	يُبنى (TO-BE)	SAL-09	—
المبيعات التعاقدية	10_مراجعة_ما_قبل_العقد	10	A3	1	رقم المراجعة	قيمة مثبتة	إدخال أعمال	خانة إدخال مفتوحة	قيمة في المرجع	قائم (AS-IS)	SAL-10	—
المبيعات التعاقدية	10_مراجعة_ما_قبل_العقد	10	B3	2	رقم العرض	قيمة مثبتة	مفتاح خارجي موروث	يُورَث من الأب ولا يُنشأ هنا	قيمة في المرجع	قائم (AS-IS)	SAL-10	—
المبيعات التعاقدية	10_مراجعة_ما_قبل_العقد	10	C3	3	رقم العميل	قيمة مثبتة	مفتاح خارجي موروث	يُورَث من الأب ولا يُنشأ هنا	قيمة في المرجع	قائم (AS-IS)	SAL-10	—
المبيعات التعاقدية	10_مراجعة_ما_قبل_العقد	10	D3	4	اسم العميل (بحث)	صيغة عابرة للأوراق	مرجع من قائمة	قائمة اختيار — لا كتابة حرة	صيغة حية في المرجع	قائم (AS-IS)	SAL-10	—
المبيعات التعاقدية	10_مراجعة_ما_قبل_العقد	10	E3	5	رقم المشروع	قيمة مثبتة	مفتاح خارجي موروث	يُورَث من الأب ولا يُنشأ هنا	قيمة في المرجع	قائم (AS-IS)	SAL-10	—
المبيعات التعاقدية	10_مراجعة_ما_قبل_العقد	10	F3	6	مطابقة العرض النهائي	قيمة مثبتة	إدخال أعمال	خانة إدخال مفتوحة	قيمة في المرجع	قائم (AS-IS)	SAL-10	—
المبيعات التعاقدية	10_مراجعة_ما_قبل_العقد	10	G3	7	النطاق	قيمة مثبتة	إدخال أعمال	خانة إدخال مفتوحة	قيمة في المرجع	قائم (AS-IS)	SAL-10	—
المبيعات التعاقدية	10_مراجعة_ما_قبل_العقد	10	H3	8	الأسعار	قيمة مثبتة	إدخال أعمال	خانة إدخال مفتوحة	قيمة في المرجع	قائم (AS-IS)	SAL-10	—
المبيعات التعاقدية	10_مراجعة_ما_قبل_العقد	10	I3	9	الكميات	قيمة مثبتة	إدخال أعمال	خانة إدخال مفتوحة	قيمة في المرجع	قائم (AS-IS)	SAL-10	—
المبيعات التعاقدية	10_مراجعة_ما_قبل_العقد	10	J3	10	العملة	قيمة مثبتة	إدخال أعمال	خانة إدخال مفتوحة	قيمة في المرجع	قائم (AS-IS)	SAL-10	—
المبيعات التعاقدية	10_مراجعة_ما_قبل_العقد	10	K3	11	شروط الدفع	قيمة مثبتة	إدخال أعمال	خانة إدخال مفتوحة	قيمة في المرجع	قائم (AS-IS)	SAL-10	—
المبيعات التعاقدية	10_مراجعة_ما_قبل_العقد	10	L3	12	المقدم	قيمة مثبتة	إدخال أعمال	خانة إدخال مفتوحة	قيمة في المرجع	قائم (AS-IS)	SAL-10	—
المبيعات التعاقدية	10_مراجعة_ما_قبل_العقد	10	M3	13	الضمان	قيمة مثبتة	إدخال أعمال	خانة إدخال مفتوحة	قيمة في المرجع	قائم (AS-IS)	SAL-10	—
المبيعات التعاقدية	10_مراجعة_ما_قبل_العقد	10	N3	14	الغرامات	قيمة مثبتة	إدخال أعمال	خانة إدخال مفتوحة	قيمة في المرجع	قائم (AS-IS)	SAL-10	—
المبيعات التعاقدية	10_مراجعة_ما_قبل_العقد	10	O3	15	التزامات العميل	قيمة مثبتة	إدخال أعمال	خانة إدخال مفتوحة	قيمة في المرجع	قائم (AS-IS)	SAL-10	—
المبيعات التعاقدية	10_مراجعة_ما_قبل_العقد	10	P3	16	المخاطر التجارية	قيمة مثبتة	إدخال أعمال	خانة إدخال مفتوحة	قيمة في المرجع	قائم (AS-IS)	SAL-10	—
المبيعات التعاقدية	10_مراجعة_ما_قبل_العقد	10	Q3	17	الملاحظات المفتوحة	قيمة مثبتة	إدخال أعمال	خانة إدخال مفتوحة	قيمة في المرجع	قائم (AS-IS)	SAL-10	—
المبيعات التعاقدية	10_مراجعة_ما_قبل_العقد	10	R3	18	حالة الجاهزية للتوقيع	قيمة مثبتة	إدخال أعمال	خانة إدخال مفتوحة	قيمة في المرجع	قائم (AS-IS)	SAL-10	—
المبيعات التعاقدية	10_مراجعة_ما_قبل_العقد	10	S3	19	تاريخ الإقفال	قيمة مثبتة	إدخال أعمال	خانة إدخال مفتوحة	قيمة في المرجع	قائم (AS-IS)	SAL-10	—
المبيعات التعاقدية	10_مراجعة_ما_قبل_العقد	10	T3	20	المعتمِد	قيمة مثبتة	أثر تدقيقي أو بيانات وصفية	يُحفظ ولا يُعرض في النموذج	قيمة في المرجع	قائم (AS-IS)	SAL-10	—
المبيعات التعاقدية	10_مراجعة_ما_قبل_العقد	10	U3	21	مرجع العقد	قيمة مثبتة	إدخال أعمال	خانة إدخال مفتوحة	قيمة في المرجع	قائم (AS-IS)	SAL-10	—
المبيعات التعاقدية	10_مراجعة_ما_قبل_العقد	10	V3	22	ملاحظات	قيمة مثبتة	أثر تدقيقي أو بيانات وصفية	يُحفظ ولا يُعرض في النموذج	قيمة في المرجع	قائم (AS-IS)	SAL-10	—
المبيعات التعاقدية	10_مراجعة_ما_قبل_العقد	10	W3	23	مفتاح الحاوية المصدر	قيمة مثبتة	إدخال أعمال	خانة إدخال مفتوحة	قيمة في المرجع	قائم (AS-IS)	SAL-10	—
المبيعات التعاقدية	10_مراجعة_ما_قبل_العقد	10	X3	24	مستوى الحجية	قيمة مثبتة	أثر تدقيقي أو بيانات وصفية	يُحفظ ولا يُعرض في النموذج	قيمة في المرجع	قائم (AS-IS)	SAL-10	—
المبيعات التعاقدية	10_مراجعة_ما_قبل_العقد	10	Y3	25	أساس القيمة الرجعية	قيمة مثبتة	إدخال أعمال	خانة إدخال مفتوحة	قيمة في المرجع	قائم (AS-IS)	SAL-10	—
المبيعات التعاقدية	11_سجل_عقود_المشاريع	11	A3	1	كود العقد · Contract_ID	قيمة مثبتة	مفتاح أساسي مولَّد	يولّده النظام ولا يُحرَّر	قيمة في المرجع	قائم (AS-IS)	SAL-11	—
المبيعات التعاقدية	11_سجل_عقود_المشاريع	11	B3	2	رقم العميل	قيمة مثبتة	مفتاح خارجي موروث	يُورَث من الأب ولا يُنشأ هنا	قيمة في المرجع	قائم (AS-IS)	SAL-11	—
المبيعات التعاقدية	11_سجل_عقود_المشاريع	11	C3	3	اسم العميل (بحث)	صيغة عابرة للأوراق	مرجع من قائمة	قائمة اختيار — لا كتابة حرة	صيغة حية في المرجع	قائم (AS-IS)	SAL-11	—
المبيعات التعاقدية	11_سجل_عقود_المشاريع	11	D3	4	رقم المشروع	قيمة مثبتة	مفتاح خارجي موروث	يُورَث من الأب ولا يُنشأ هنا	قيمة في المرجع	قائم (AS-IS)	SAL-11	—
المبيعات التعاقدية	11_سجل_عقود_المشاريع	11	E3	5	نموذج العمل	قيمة مثبتة	إدخال أعمال	خانة إدخال مفتوحة	قيمة في المرجع	قائم (AS-IS)	SAL-11	—
المبيعات التعاقدية	11_سجل_عقود_المشاريع	11	F3	6	رقم العقد بالمنظومة	قيمة مثبتة	مفتاح خارجي موروث	يُورَث من الأب ولا يُنشأ هنا	قيمة في المرجع	قائم (AS-IS)	SAL-11	—
المبيعات التعاقدية	11_سجل_عقود_المشاريع	11	G3	7	تسلسل الشركة	قيمة مثبتة	إدخال أعمال	خانة إدخال مفتوحة	قيمة في المرجع	قائم (AS-IS)	SAL-11	—
المبيعات التعاقدية	11_سجل_عقود_المشاريع	11	H3	8	توقيع الوثيقة	قيمة مثبتة	إدخال أعمال	خانة إدخال مفتوحة	قيمة في المرجع	قائم (AS-IS)	SAL-11	—
المبيعات التعاقدية	11_سجل_عقود_المشاريع	11	I3	9	البداية التعاقدية	قيمة مثبتة	إدخال أعمال	خانة إدخال مفتوحة	قيمة في المرجع	قائم (AS-IS)	SAL-11	—
المبيعات التعاقدية	11_سجل_عقود_المشاريع	11	J3	10	النهاية التعاقدية	قيمة مثبتة	إدخال أعمال	خانة إدخال مفتوحة	قيمة في المرجع	قائم (AS-IS)	SAL-11	—
المبيعات التعاقدية	11_سجل_عقود_المشاريع	11	K3	11	البداية التنفيذية ◄	قيمة مثبتة	مستورد للقراءة من مالكه	يُقرأ من مالكه ويُعرض موسومًا	قيمة في المرجع	قائم (AS-IS)	SAL-11	—
المبيعات التعاقدية	11_سجل_عقود_المشاريع	11	L3	12	النهاية التنفيذية ◄	قيمة مثبتة	مستورد للقراءة من مالكه	يُقرأ من مالكه ويُعرض موسومًا	قيمة في المرجع	قائم (AS-IS)	SAL-11	—
المبيعات التعاقدية	11_سجل_عقود_المشاريع	11	M3	13	حالة العقد	قيمة مثبتة	إدخال أعمال	خانة إدخال مفتوحة	قيمة في المرجع	قائم (AS-IS)	SAL-11	—
المبيعات التعاقدية	11_سجل_عقود_المشاريع	11	N3	14	عدد الحاويات (التجديدات)	صيغة عابرة للأوراق	مشتق محسوب	يُحسب في الخدمة ولا يُدخل	صيغة حية في المرجع	قائم (AS-IS)	SAL-11	—
المبيعات التعاقدية	11_سجل_عقود_المشاريع	11	O3	15	الوحدات المتعاقدة الحالية	صيغة عابرة للأوراق	مستورد للقراءة من مالكه	يُقرأ من مالكه ويُعرض موسومًا	صيغة حية في المرجع	قائم (AS-IS)	SAL-11	—
المبيعات التعاقدية	11_سجل_عقود_المشاريع	11	P3	16	السعة الشهرية الحالية	صيغة عابرة للأوراق	مستورد للقراءة من مالكه	يُقرأ من مالكه ويُعرض موسومًا	صيغة حية في المرجع	قائم (AS-IS)	SAL-11	—
المبيعات التعاقدية	11_سجل_عقود_المشاريع	11	Q3	17	حالة خط الأساس	صيغة عابرة للأوراق	مستورد للقراءة من مالكه	يُقرأ من مالكه ويُعرض موسومًا	صيغة حية في المرجع	قائم (AS-IS)	SAL-11	—
المبيعات التعاقدية	11_سجل_عقود_المشاريع	11	R3	18	الحجية/مصدر التوثيق	قيمة مثبتة	إدخال أعمال	خانة إدخال مفتوحة	قيمة في المرجع	قائم (AS-IS)	SAL-11	—
المبيعات التعاقدية	11_سجل_عقود_المشاريع	11	S3	19	العملة	قيمة مثبتة	إدخال أعمال	خانة إدخال مفتوحة	قيمة في المرجع	قائم (AS-IS)	SAL-11	—
المبيعات التعاقدية	11_سجل_عقود_المشاريع	11	T3	20	أساس التسعير (كما ورد)	قيمة مثبتة	إدخال أعمال	خانة إدخال مفتوحة	قيمة في المرجع	قائم (AS-IS)	SAL-11	—
المبيعات التعاقدية	11_سجل_عقود_المشاريع	11	U3	21	سعر الوحدة (كما ورد)	قيمة مثبتة	لقطة تعاقدية	تُثبَّت لحظة التعاقد ولا تتغير بأثر رجعي	قيمة في المرجع	قائم (AS-IS)	SAL-11	—
المبيعات التعاقدية	11_سجل_عقود_المشاريع	11	V3	22	الضريبة	قيمة مثبتة	إدخال أعمال	خانة إدخال مفتوحة	قيمة في المرجع	قائم (AS-IS)	SAL-11	—
المبيعات التعاقدية	11_سجل_عقود_المشاريع	11	W3	23	الدفع والفوترة	قيمة مثبتة	إدخال أعمال	خانة إدخال مفتوحة	قيمة في المرجع	قائم (AS-IS)	SAL-11	—
المبيعات التعاقدية	11_سجل_عقود_المشاريع	11	X3	24	الوديعة/الدفعة المقدمة	قيمة مثبتة	إدخال أعمال	خانة إدخال مفتوحة	قيمة في المرجع	قائم (AS-IS)	SAL-11	—
المبيعات التعاقدية	11_سجل_عقود_المشاريع	11	Y3	25	الوقود	قيمة مثبتة	إدخال أعمال	خانة إدخال مفتوحة	قيمة في المرجع	قائم (AS-IS)	SAL-11	—
المبيعات التعاقدية	11_سجل_عقود_المشاريع	11	Z3	26	السكن والإعاشة	قيمة مثبتة	إدخال أعمال	خانة إدخال مفتوحة	قيمة في المرجع	قائم (AS-IS)	SAL-11	—
المبيعات التعاقدية	11_سجل_عقود_المشاريع	11	AA3	27	الصيانة وقطع الغيار	قيمة مثبتة	إدخال أعمال	خانة إدخال مفتوحة	قيمة في المرجع	قائم (AS-IS)	SAL-11	—
المبيعات التعاقدية	11_سجل_عقود_المشاريع	11	AB3	28	التأمين	قيمة مثبتة	إدخال أعمال	خانة إدخال مفتوحة	قيمة في المرجع	قائم (AS-IS)	SAL-11	—
المبيعات التعاقدية	11_سجل_عقود_المشاريع	11	AC3	29	المشغلون	قيمة مثبتة	إدخال أعمال	خانة إدخال مفتوحة	قيمة في المرجع	قائم (AS-IS)	SAL-11	—
المبيعات التعاقدية	11_سجل_عقود_المشاريع	11	AD3	30	النقل والتعبئة	قيمة مثبتة	إدخال أعمال	خانة إدخال مفتوحة	قيمة في المرجع	قائم (AS-IS)	SAL-11	—
المبيعات التعاقدية	11_سجل_عقود_المشاريع	11	AE3	31	الحد الأدنى للساعات	قيمة مثبتة	إدخال أعمال	خانة إدخال مفتوحة	قيمة في المرجع	قائم (AS-IS)	SAL-11	—
المبيعات التعاقدية	11_سجل_عقود_المشاريع	11	AF3	32	ضمان التشغيل	قيمة مثبتة	إدخال أعمال	خانة إدخال مفتوحة	قيمة في المرجع	قائم (AS-IS)	SAL-11	—
المبيعات التعاقدية	11_سجل_عقود_المشاريع	11	AG3	33	جدول عمل الموقع	قيمة مثبتة	إدخال أعمال	خانة إدخال مفتوحة	قيمة في المرجع	قائم (AS-IS)	SAL-11	—
المبيعات التعاقدية	11_سجل_عقود_المشاريع	11	AH3	34	خصم ساعات المخالفة	قيمة مثبتة	إدخال أعمال	خانة إدخال مفتوحة	قيمة في المرجع	قائم (AS-IS)	SAL-11	—
المبيعات التعاقدية	11_سجل_عقود_المشاريع	11	AI3	35	التوقف غير المدفوع	قيمة مثبتة	إدخال أعمال	خانة إدخال مفتوحة	قيمة في المرجع	قائم (AS-IS)	SAL-11	—
المبيعات التعاقدية	11_سجل_عقود_المشاريع	11	AJ3	36	الإنهاء	قيمة مثبتة	إدخال أعمال	خانة إدخال مفتوحة	قيمة في المرجع	قائم (AS-IS)	SAL-11	—
المبيعات التعاقدية	11_سجل_عقود_المشاريع	11	AK3	37	التجديد	قيمة مثبتة	إدخال أعمال	خانة إدخال مفتوحة	قيمة في المرجع	قائم (AS-IS)	SAL-11	—
المبيعات التعاقدية	11_سجل_عقود_المشاريع	11	AL3	38	القانون الحاكم	قيمة مثبتة	إدخال أعمال	خانة إدخال مفتوحة	قيمة في المرجع	قائم (AS-IS)	SAL-11	—
المبيعات التعاقدية	11_سجل_عقود_المشاريع	11	AM3	39	المسؤول التجاري	قيمة مثبتة	إدخال أعمال	خانة إدخال مفتوحة	قيمة في المرجع	قائم (AS-IS)	SAL-11	—
المبيعات التعاقدية	11_سجل_عقود_المشاريع	11	AN3	40	ملاحظات	قيمة مثبتة	أثر تدقيقي أو بيانات وصفية	يُحفظ ولا يُعرض في النموذج	قيمة في المرجع	قائم (AS-IS)	SAL-11	—
المبيعات التعاقدية	11_سجل_عقود_المشاريع	11	AO3	41	نوع الخدمة المقدَّمة	صيغة عابرة للأوراق	مستورد للقراءة من مالكه	يُقرأ من مالكه ويُعرض موسومًا	صيغة حية في المرجع	قائم (AS-IS)	SAL-11	—
المبيعات التعاقدية	11_سجل_عقود_المشاريع	11	AP3	42	أساس التعاقد (الوحدة)	صيغة عابرة للأوراق	مستورد للقراءة من مالكه	يُقرأ من مالكه ويُعرض موسومًا	صيغة حية في المرجع	قائم (AS-IS)	SAL-11	—
المبيعات التعاقدية	11_سجل_عقود_المشاريع	11	AQ3	43	مكان إبرام العقد (مؤكد)	قيمة مثبتة	إدخال أعمال	خانة إدخال مفتوحة	قيمة في المرجع	قائم (AS-IS)	SAL-11	—
المبيعات التعاقدية	11_سجل_عقود_المشاريع	11	AR3	44	المكان المرجَّح تاريخيًا	قيمة مثبتة	إدخال أعمال	خانة إدخال مفتوحة	قيمة في المرجع	قائم (AS-IS)	SAL-11	—
المبيعات التعاقدية	11_سجل_عقود_المشاريع	11	AS3	45	أساس المكان المرجَّح	قيمة مثبتة	إدخال أعمال	خانة إدخال مفتوحة	قيمة في المرجع	قائم (AS-IS)	SAL-11	—
المبيعات التعاقدية	11_سجل_عقود_المشاريع	11	AT3	46	مستوى حجية المكان المرجَّح	قيمة مثبتة	إدخال أعمال	خانة إدخال مفتوحة	قيمة في المرجع	قائم (AS-IS)	SAL-11	—
المبيعات التعاقدية	11_سجل_عقود_المشاريع	11	AU3	47	الحالة كما وردت بالمصدر	قيمة مثبتة	إدخال أعمال	خانة إدخال مفتوحة	قيمة في المرجع	قائم (AS-IS)	SAL-11	—
المبيعات التعاقدية	11_سجل_عقود_المشاريع	11	AV3	48	أساس تعديل الحالة	قيمة مثبتة	إدخال أعمال	خانة إدخال مفتوحة	قيمة في المرجع	قائم (AS-IS)	SAL-11	—
المبيعات التعاقدية	11_سجل_عقود_المشاريع	11	AW3	49	نموذج التسعير	قيمة مثبتة	إدخال أعمال	خانة إدخال مفتوحة	قيمة في المرجع	قائم (AS-IS)	SAL-11	—
المبيعات التعاقدية	11_سجل_عقود_المشاريع	11	AX3	50	وحدة الفوترة	قيمة مثبتة	إدخال أعمال	خانة إدخال مفتوحة	قيمة في المرجع	قائم (AS-IS)	SAL-11	—
المبيعات التعاقدية	11_سجل_عقود_المشاريع	11	AY3	51	الحد الأدنى (كمية)	قيمة مثبتة	إدخال أعمال	خانة إدخال مفتوحة	قيمة في المرجع	قائم (AS-IS)	SAL-11	—
المبيعات التعاقدية	11_سجل_عقود_المشاريع	11	AZ3	52	دورية الحد الأدنى	قيمة مثبتة	إدخال أعمال	خانة إدخال مفتوحة	قيمة في المرجع	قائم (AS-IS)	SAL-11	—
المبيعات التعاقدية	11_سجل_عقود_المشاريع	11	BA3	53	الكمية المضمونة	قيمة مثبتة	إدخال أعمال	خانة إدخال مفتوحة	قيمة في المرجع	قائم (AS-IS)	SAL-11	—
المبيعات التعاقدية	11_سجل_عقود_المشاريع	11	BB3	54	عتبة الفوترة	قيمة مثبتة	إدخال أعمال	خانة إدخال مفتوحة	قيمة في المرجع	قائم (AS-IS)	SAL-11	—
المبيعات التعاقدية	11_سجل_عقود_المشاريع	11	BC3	55	متحمل العجز	قيمة مثبتة	إدخال أعمال	خانة إدخال مفتوحة	قيمة في المرجع	قائم (AS-IS)	SAL-11	—
المبيعات التعاقدية	11_سجل_عقود_المشاريع	11	BD3	56	قاعدة العجز	قيمة مثبتة	إدخال أعمال	خانة إدخال مفتوحة	قيمة في المرجع	قائم (AS-IS)	SAL-11	—
المبيعات التعاقدية	11_سجل_عقود_المشاريع	11	BE3	57	بنية السعر	قيمة مثبتة	إدخال أعمال	خانة إدخال مفتوحة	قيمة في المرجع	قائم (AS-IS)	SAL-11	—
المبيعات التعاقدية	11_سجل_عقود_المشاريع	11	BF3	58	عدد النسخ/المكوّنات السعرية	قيمة مثبتة	إدخال أعمال	خانة إدخال مفتوحة	قيمة في المرجع	قائم (AS-IS)	SAL-11	—
المبيعات التعاقدية	11_سجل_عقود_المشاريع	11	BG3	59	مرجع تسعيري	قيمة مثبتة	إدخال أعمال	خانة إدخال مفتوحة	قيمة في المرجع	قائم (AS-IS)	SAL-11	—
المبيعات التعاقدية	12_بنود_العقد_والالتزام_التجاري	12	A3	1	رقم البند · Line_ID	قيمة مثبتة	مفتاح أساسي مولَّد	يولّده النظام ولا يُحرَّر	قيمة في المرجع	قائم (AS-IS)	SAL-12	—
المبيعات التعاقدية	12_بنود_العقد_والالتزام_التجاري	12	B3	2	كود العقد	قيمة مثبتة	مفتاح خارجي موروث	يُورَث من الأب ولا يُنشأ هنا	قيمة في المرجع	قائم (AS-IS)	SAL-12	—
المبيعات التعاقدية	12_بنود_العقد_والالتزام_التجاري	12	C3	3	رقم العميل	صيغة عابرة للأوراق	مفتاح خارجي موروث	يُورَث من الأب ولا يُنشأ هنا	صيغة حية في المرجع	قائم (AS-IS)	SAL-12	—
المبيعات التعاقدية	12_بنود_العقد_والالتزام_التجاري	12	D3	4	اسم العميل (بحث)	صيغة عابرة للأوراق	مرجع من قائمة	قائمة اختيار — لا كتابة حرة	صيغة حية في المرجع	قائم (AS-IS)	SAL-12	—
المبيعات التعاقدية	12_بنود_العقد_والالتزام_التجاري	12	E3	5	نموذج العمل	صيغة عابرة للأوراق	موروث بالإسناد من الأب	يُملأ من الأب عند الإنشاء ويُعرض مقفلًا	قاعدة المتطلب الحاكم	قائم (AS-IS)	SAL-12	حُسم بالمتطلب: مستورد للقراءة من مالكه ← موروث بالإسناد من الأب
المبيعات التعاقدية	12_بنود_العقد_والالتزام_التجاري	12	F3	6	البند (بند البيع)	قيمة مثبتة	موروث بالإسناد من الأب	يُملأ من الأب عند الإنشاء ويُعرض مقفلًا	قاعدة المتطلب الحاكم	قائم (AS-IS)	SAL-12	حُسم بالمتطلب: إدخال أعمال ← موروث بالإسناد من الأب
المبيعات التعاقدية	12_بنود_العقد_والالتزام_التجاري	12	G3	7	وحدة القياس	قيمة مثبتة	موروث بالإسناد من الأب	يُملأ من الأب عند الإنشاء ويُعرض مقفلًا	قاعدة المتطلب الحاكم	قائم (AS-IS)	SAL-12	حُسم بالمتطلب: إدخال أعمال ← موروث بالإسناد من الأب
المبيعات التعاقدية	12_بنود_العقد_والالتزام_التجاري	12	H3	8	الوحدات المتعاقدة (التركيبة الحالية)	قيمة مثبتة	موروث بالإسناد من الأب	يُملأ من الأب عند الإنشاء ويُعرض مقفلًا	قاعدة المتطلب الحاكم	قائم (AS-IS)	SAL-12	حُسم بالمتطلب: إدخال أعمال ← موروث بالإسناد من الأب
المبيعات التعاقدية	12_بنود_العقد_والالتزام_التجاري	12	I3	9	أساس الوحدة الشهري	قيمة مثبتة	موروث بالإسناد من الأب	يُملأ من الأب عند الإنشاء ويُعرض مقفلًا	قاعدة المتطلب الحاكم	قائم (AS-IS)	SAL-12	حُسم بالمتطلب: إدخال أعمال ← موروث بالإسناد من الأب
المبيعات التعاقدية	12_بنود_العقد_والالتزام_التجاري	12	J3	10	المستهدف الشهري للبند	صيغة داخلية	مشتق محسوب	يُحسب في الخدمة ولا يُدخل	صيغة حية في المرجع	قائم (AS-IS)	SAL-12	—
المبيعات التعاقدية	12_بنود_العقد_والالتزام_التجاري	12	K3	11	العملة	صيغة عابرة للأوراق	موروث بالإسناد من الأب	يُملأ من الأب عند الإنشاء ويُعرض مقفلًا	قاعدة المتطلب الحاكم	قائم (AS-IS)	SAL-12	حُسم بالمتطلب: مستورد للقراءة من مالكه ← موروث بالإسناد من الأب
المبيعات التعاقدية	12_بنود_العقد_والالتزام_التجاري	12	L3	12	سعر وحدة البند	قيمة مثبتة	موروث بالإسناد من الأب	يُملأ من الأب عند الإنشاء ويُعرض مقفلًا	قاعدة المتطلب الحاكم	قائم (AS-IS)	SAL-12	حُسم بالمتطلب: لقطة تعاقدية ← موروث بالإسناد من الأب
المبيعات التعاقدية	12_بنود_العقد_والالتزام_التجاري	12	M3	13	سريان النسخة السعرية	قيمة مثبتة	موروث بالإسناد من الأب	يُملأ من الأب عند الإنشاء ويُعرض مقفلًا	قاعدة المتطلب الحاكم	قائم (AS-IS)	SAL-12	حُسم بالمتطلب: إدخال أعمال ← موروث بالإسناد من الأب
المبيعات التعاقدية	12_بنود_العقد_والالتزام_التجاري	12	N3	14	حالة سعر البند	قيمة مثبتة	موروث بالإسناد من الأب	يُملأ من الأب عند الإنشاء ويُعرض مقفلًا	قاعدة المتطلب الحاكم	قائم (AS-IS)	SAL-12	حُسم بالمتطلب: لقطة تعاقدية ← موروث بالإسناد من الأب
المبيعات التعاقدية	12_بنود_العقد_والالتزام_التجاري	12	O3	15	أساس التسعير (رأس العقد)	صيغة عابرة للأوراق	مستورد للقراءة من مالكه	يُقرأ من مالكه ويُعرض موسومًا	صيغة حية في المرجع	قائم (AS-IS)	SAL-12	—
المبيعات التعاقدية	12_بنود_العقد_والالتزام_التجاري	12	P3	16	نص السعر كما ورد بالمصدر	صيغة عابرة للأوراق	موروث بالإسناد من الأب	يُملأ من الأب عند الإنشاء ويُعرض مقفلًا	قاعدة المتطلب الحاكم	قائم (AS-IS)	SAL-12	حُسم بالمتطلب: مستورد للقراءة من مالكه ← موروث بالإسناد من الأب
المبيعات التعاقدية	12_بنود_العقد_والالتزام_التجاري	12	Q3	17	الحد الأدنى/قاعدة العجز	صيغة عابرة للأوراق	مستورد للقراءة من مالكه	يُقرأ من مالكه ويُعرض موسومًا	صيغة حية في المرجع	قائم (AS-IS)	SAL-12	—
المبيعات التعاقدية	12_بنود_العقد_والالتزام_التجاري	12	R3	18	سريان التركيبة الحالية	قيمة مثبتة	موروث بالإسناد من الأب	يُملأ من الأب عند الإنشاء ويُعرض مقفلًا	قاعدة المتطلب الحاكم	قائم (AS-IS)	SAL-12	حُسم بالمتطلب: إدخال أعمال ← موروث بالإسناد من الأب
المبيعات التعاقدية	12_بنود_العقد_والالتزام_التجاري	12	S3	19	مرجع الحاوية	قيمة مثبتة	إدخال أعمال	خانة إدخال مفتوحة	قيمة في المرجع	قائم (AS-IS)	SAL-12	—
المبيعات التعاقدية	12_بنود_العقد_والالتزام_التجاري	12	T3	20	مصدر المستهدف	قيمة مثبتة	إدخال أعمال	خانة إدخال مفتوحة	قيمة في المرجع	قائم (AS-IS)	SAL-12	—
المبيعات التعاقدية	12_بنود_العقد_والالتزام_التجاري	12	U3	21	ملاحظات	ورقة بلا بيانات	أثر تدقيقي أو بيانات وصفية	يُحفظ ولا يُعرض في النموذج	اسم الحقل ودلالته	قائم (AS-IS)	SAL-12	—
المبيعات التعاقدية	12-2_مصفوفة_الالتزامات	13	A3	1	كود العقد	قيمة مثبتة	مفتاح أساسي مولَّد	يولّده النظام ولا يُحرَّر	قيمة في المرجع	قائم (AS-IS)	SAL-13	—
المبيعات التعاقدية	12-2_مصفوفة_الالتزامات	13	B3	2	رقم العميل	صيغة عابرة للأوراق	مفتاح خارجي موروث	يُورَث من الأب ولا يُنشأ هنا	صيغة حية في المرجع	قائم (AS-IS)	SAL-13	—
المبيعات التعاقدية	12-2_مصفوفة_الالتزامات	13	C3	3	اسم العميل (بحث)	صيغة عابرة للأوراق	مرجع من قائمة	قائمة اختيار — لا كتابة حرة	صيغة حية في المرجع	قائم (AS-IS)	SAL-13	—
المبيعات التعاقدية	12-2_مصفوفة_الالتزامات	13	D3	4	نموذج العمل	صيغة عابرة للأوراق	مستورد للقراءة من مالكه	يُقرأ من مالكه ويُعرض موسومًا	صيغة حية في المرجع	قائم (AS-IS)	SAL-13	—
المبيعات التعاقدية	12-2_مصفوفة_الالتزامات	13	E3	5	حالة العقد	صيغة عابرة للأوراق	مستورد للقراءة من مالكه	يُقرأ من مالكه ويُعرض موسومًا	صيغة حية في المرجع	قائم (AS-IS)	SAL-13	—
المبيعات التعاقدية	12-2_مصفوفة_الالتزامات	13	F3	6	حجية العقد	صيغة عابرة للأوراق	مستورد للقراءة من مالكه	يُقرأ من مالكه ويُعرض موسومًا	صيغة حية في المرجع	قائم (AS-IS)	SAL-13	—
المبيعات التعاقدية	12-2_مصفوفة_الالتزامات	13	G3	7	الوقود	قيمة مثبتة	إدخال أعمال	خانة إدخال مفتوحة	قيمة في المرجع	قائم (AS-IS)	SAL-13	—
المبيعات التعاقدية	12-2_مصفوفة_الالتزامات	13	H3	8	الزيوت	قيمة مثبتة	إدخال أعمال	خانة إدخال مفتوحة	قيمة في المرجع	قائم (AS-IS)	SAL-13	—
المبيعات التعاقدية	12-2_مصفوفة_الالتزامات	13	I3	9	الصيانة	قيمة مثبتة	إدخال أعمال	خانة إدخال مفتوحة	قيمة في المرجع	قائم (AS-IS)	SAL-13	—
المبيعات التعاقدية	12-2_مصفوفة_الالتزامات	13	J3	10	قطع الغيار	قيمة مثبتة	إدخال أعمال	خانة إدخال مفتوحة	قيمة في المرجع	قائم (AS-IS)	SAL-13	—
المبيعات التعاقدية	12-2_مصفوفة_الالتزامات	13	K3	11	المشغلون (السائقون)	قيمة مثبتة	إدخال أعمال	خانة إدخال مفتوحة	قيمة في المرجع	قائم (AS-IS)	SAL-13	—
المبيعات التعاقدية	12-2_مصفوفة_الالتزامات	13	L3	12	السكن والإعاشة	قيمة مثبتة	إدخال أعمال	خانة إدخال مفتوحة	قيمة في المرجع	قائم (AS-IS)	SAL-13	—
المبيعات التعاقدية	12-2_مصفوفة_الالتزامات	13	M3	13	ترحيل الذهاب	قيمة مثبتة	إدخال أعمال	خانة إدخال مفتوحة	قيمة في المرجع	قائم (AS-IS)	SAL-13	—
المبيعات التعاقدية	12-2_مصفوفة_الالتزامات	13	N3	14	ترحيل العودة	قيمة مثبتة	إدخال أعمال	خانة إدخال مفتوحة	قيمة في المرجع	قائم (AS-IS)	SAL-13	—
المبيعات التعاقدية	12-2_مصفوفة_الالتزامات	13	O3	15	التأمين	قيمة مثبتة	إدخال أعمال	خانة إدخال مفتوحة	قيمة في المرجع	قائم (AS-IS)	SAL-13	—
المبيعات التعاقدية	12-2_مصفوفة_الالتزامات	13	P3	16	الضرر	قيمة مثبتة	إدخال أعمال	خانة إدخال مفتوحة	قيمة في المرجع	قائم (AS-IS)	SAL-13	—
المبيعات التعاقدية	12-2_مصفوفة_الالتزامات	13	Q3	17	الانتظار	قيمة مثبتة	إدخال أعمال	خانة إدخال مفتوحة	قيمة في المرجع	قائم (AS-IS)	SAL-13	—
المبيعات التعاقدية	12-2_مصفوفة_الالتزامات	13	R3	18	العطل	قيمة مثبتة	إدخال أعمال	خانة إدخال مفتوحة	قيمة في المرجع	قائم (AS-IS)	SAL-13	—
المبيعات التعاقدية	12-2_مصفوفة_الالتزامات	13	S3	19	المخالفات	قيمة مثبتة	إدخال أعمال	خانة إدخال مفتوحة	قيمة في المرجع	قائم (AS-IS)	SAL-13	—
المبيعات التعاقدية	12-2_مصفوفة_الالتزامات	13	T3	20	الحد الأدنى للساعات	قيمة مثبتة	إدخال أعمال	خانة إدخال مفتوحة	قيمة في المرجع	قائم (AS-IS)	SAL-13	—
المبيعات التعاقدية	12-2_مصفوفة_الالتزامات	13	U3	21	ضمان التشغيل	قيمة مثبتة	إدخال أعمال	خانة إدخال مفتوحة	قيمة في المرجع	قائم (AS-IS)	SAL-13	—
المبيعات التعاقدية	12-2_مصفوفة_الالتزامات	13	V3	22	جدول عمل الموقع	قيمة مثبتة	إدخال أعمال	خانة إدخال مفتوحة	قيمة في المرجع	قائم (AS-IS)	SAL-13	—
المبيعات التعاقدية	12-2_مصفوفة_الالتزامات	13	W3	23	خصم ساعات المخالفة	قيمة مثبتة	إدخال أعمال	خانة إدخال مفتوحة	قيمة في المرجع	قائم (AS-IS)	SAL-13	—
المبيعات التعاقدية	12-2_مصفوفة_الالتزامات	13	X3	24	التوقف غير المدفوع	قيمة مثبتة	إدخال أعمال	خانة إدخال مفتوحة	قيمة في المرجع	قائم (AS-IS)	SAL-13	—
المبيعات التعاقدية	12-2_مصفوفة_الالتزامات	13	Y3	25	الإنهاء	قيمة مثبتة	إدخال أعمال	خانة إدخال مفتوحة	قيمة في المرجع	قائم (AS-IS)	SAL-13	—
المبيعات التعاقدية	12-2_مصفوفة_الالتزامات	13	Z3	26	التجديد	قيمة مثبتة	إدخال أعمال	خانة إدخال مفتوحة	قيمة في المرجع	قائم (AS-IS)	SAL-13	—
المبيعات التعاقدية	12-2_مصفوفة_الالتزامات	13	AA3	27	القانون الحاكم	قيمة مثبتة	إدخال أعمال	خانة إدخال مفتوحة	قيمة في المرجع	قائم (AS-IS)	SAL-13	—
المبيعات التعاقدية	12-2_مصفوفة_الالتزامات	13	AB3	28	بنود تحمُّل محددة	قيمة مثبتة	إدخال أعمال	خانة إدخال مفتوحة	قيمة في المرجع	قائم (AS-IS)	SAL-13	—
المبيعات التعاقدية	12-2_مصفوفة_الالتزامات	13	AC3	29	شروط تعاقدية محددة	قيمة مثبتة	إدخال أعمال	خانة إدخال مفتوحة	قيمة في المرجع	قائم (AS-IS)	SAL-13	—
المبيعات التعاقدية	12-2_مصفوفة_الالتزامات	13	AD3	30	بنود مسكوت عنها	قيمة مثبتة	إدخال أعمال	خانة إدخال مفتوحة	قيمة في المرجع	قائم (AS-IS)	SAL-13	—
المبيعات التعاقدية	12-2_مصفوفة_الالتزامات	13	AE3	31	حالة تعبئة المصفوفة	قيمة مثبتة	إدخال أعمال	خانة إدخال مفتوحة	قيمة في المرجع	قائم (AS-IS)	SAL-13	—
المبيعات التعاقدية	12-2_مصفوفة_الالتزامات	13	AF3	32	مستوى الحجية	قيمة مثبتة	أثر تدقيقي أو بيانات وصفية	يُحفظ ولا يُعرض في النموذج	قيمة في المرجع	قائم (AS-IS)	SAL-13	—
المبيعات التعاقدية	12-2_مصفوفة_الالتزامات	13	AG3	33	نص المصفوفة كما ورد بالمصدر	قيمة مثبتة	إدخال أعمال	خانة إدخال مفتوحة	قيمة في المرجع	قائم (AS-IS)	SAL-13	—
المبيعات التعاقدية	12-2_مصفوفة_الالتزامات	13	AH3	34	أساس الاشتقاق	قيمة مثبتة	إدخال أعمال	خانة إدخال مفتوحة	قيمة في المرجع	قائم (AS-IS)	SAL-13	—
المبيعات التعاقدية	12-2_مصفوفة_الالتزامات	13	AI3	35	ملاحظات	ورقة بلا بيانات	أثر تدقيقي أو بيانات وصفية	يُحفظ ولا يُعرض في النموذج	اسم الحقل ودلالته	قائم (AS-IS)	SAL-13	—
المبيعات التعاقدية	13_خط_الأساس_والمستهدفات	14	A3	1	رقم السطر	قيمة مثبتة	إدخال أعمال	خانة إدخال مفتوحة	قيمة في المرجع	قائم (AS-IS)	SAL-14	—
المبيعات التعاقدية	13_خط_الأساس_والمستهدفات	14	B3	2	مفتاح الحاوية	قيمة مثبتة	إدخال أعمال	خانة إدخال مفتوحة	قيمة في المرجع	قائم (AS-IS)	SAL-14	—
المبيعات التعاقدية	13_خط_الأساس_والمستهدفات	14	C3	3	كود العقد	قيمة مثبتة	مفتاح خارجي موروث	يُورَث من الأب ولا يُنشأ هنا	قيمة في المرجع	قائم (AS-IS)	SAL-14	—
المبيعات التعاقدية	13_خط_الأساس_والمستهدفات	14	D3	4	رقم العميل	صيغة عابرة للأوراق	مفتاح خارجي موروث	يُورَث من الأب ولا يُنشأ هنا	صيغة حية في المرجع	قائم (AS-IS)	SAL-14	—
المبيعات التعاقدية	13_خط_الأساس_والمستهدفات	14	E3	5	اسم العميل (بحث)	صيغة عابرة للأوراق	مرجع من قائمة	قائمة اختيار — لا كتابة حرة	صيغة حية في المرجع	قائم (AS-IS)	SAL-14	—
المبيعات التعاقدية	13_خط_الأساس_والمستهدفات	14	F3	6	نموذج العمل	صيغة عابرة للأوراق	مستورد للقراءة من مالكه	يُقرأ من مالكه ويُعرض موسومًا	صيغة حية في المرجع	قائم (AS-IS)	SAL-14	—
المبيعات التعاقدية	13_خط_الأساس_والمستهدفات	14	G3	7	رقم التجديد	قيمة مثبتة	إدخال أعمال	خانة إدخال مفتوحة	قيمة في المرجع	قائم (AS-IS)	SAL-14	—
المبيعات التعاقدية	13_خط_الأساس_والمستهدفات	14	H3	8	رقم الشهر	قيمة مثبتة	مشتق محسوب	يُحسب في الخدمة ولا يُدخل	قاعدة المتطلب الحاكم	قائم (AS-IS)	SAL-14	حُسم بالمتطلب: إدخال أعمال ← مشتق محسوب
المبيعات التعاقدية	13_خط_الأساس_والمستهدفات	14	I3	9	بداية الشهر	قيمة مثبتة	مشتق محسوب	يُحسب في الخدمة ولا يُدخل	قاعدة المتطلب الحاكم	قائم (AS-IS)	SAL-14	حُسم بالمتطلب: إدخال أعمال ← مشتق محسوب
المبيعات التعاقدية	13_خط_الأساس_والمستهدفات	14	J3	10	نهاية الشهر	قيمة مثبتة	مشتق محسوب	يُحسب في الخدمة ولا يُدخل	قاعدة المتطلب الحاكم	قائم (AS-IS)	SAL-14	حُسم بالمتطلب: إدخال أعمال ← مشتق محسوب
المبيعات التعاقدية	13_خط_الأساس_والمستهدفات	14	K3	11	البند	قيمة مثبتة	إدخال أعمال	خانة إدخال مفتوحة	قيمة في المرجع	قائم (AS-IS)	SAL-14	—
المبيعات التعاقدية	13_خط_الأساس_والمستهدفات	14	L3	12	عدد الآليات	قيمة مثبتة	إدخال أعمال	خانة إدخال مفتوحة	قيمة في المرجع	قائم (AS-IS)	SAL-14	—
المبيعات التعاقدية	13_خط_الأساس_والمستهدفات	14	M3	13	أساس الوحدة	قيمة مثبتة	إدخال أعمال	خانة إدخال مفتوحة	قيمة في المرجع	قائم (AS-IS)	SAL-14	—
المبيعات التعاقدية	13_خط_الأساس_والمستهدفات	14	N3	14	المستهدف الشهري للبند	قيمة مثبتة	مشتق محسوب	يُحسب في الخدمة ولا يُدخل	قاعدة المتطلب الحاكم	قائم (AS-IS)	SAL-14	حُسم بالمتطلب: إدخال أعمال ← مشتق محسوب
المبيعات التعاقدية	13_خط_الأساس_والمستهدفات	14	O3	15	المستهدف الشهري الكامل	صيغة داخلية	مشتق محسوب	يُحسب في الخدمة ولا يُدخل	صيغة حية في المرجع	قائم (AS-IS)	SAL-14	—
المبيعات التعاقدية	13_خط_الأساس_والمستهدفات	14	P3	16	الوحدة	قيمة مثبتة	إدخال أعمال	خانة إدخال مفتوحة	قيمة في المرجع	قائم (AS-IS)	SAL-14	—
المبيعات التعاقدية	13_خط_الأساس_والمستهدفات	14	Q3	17	نسخة الخطة	قيمة مثبتة	إدخال أعمال	خانة إدخال مفتوحة	قيمة في المرجع	قائم (AS-IS)	SAL-14	—
المبيعات التعاقدية	13_خط_الأساس_والمستهدفات	14	R3	18	مصدر المستهدف	صيغة عابرة للأوراق	مشتق محسوب	يُحسب في الخدمة ولا يُدخل	قاعدة المتطلب الحاكم	قائم (AS-IS)	SAL-14	حُسم بالمتطلب: مستورد للقراءة من مالكه ← مشتق محسوب
المبيعات التعاقدية	13_خط_الأساس_والمستهدفات	14	S3	19	ملاحظات	ورقة بلا بيانات	أثر تدقيقي أو بيانات وصفية	يُحفظ ولا يُعرض في النموذج	اسم الحقل ودلالته	قائم (AS-IS)	SAL-14	—
المبيعات التعاقدية	14_الحاويات_التعاقدية	15	A3	1	مفتاح الحاوية · Key	قيمة مثبتة	مفتاح أساسي مولَّد	يولّده النظام ولا يُحرَّر	قيمة في المرجع	قائم (AS-IS)	SAL-15	—
المبيعات التعاقدية	14_الحاويات_التعاقدية	15	B3	2	كود العقد	قيمة مثبتة	مفتاح خارجي موروث	يُورَث من الأب ولا يُنشأ هنا	قيمة في المرجع	قائم (AS-IS)	SAL-15	—
المبيعات التعاقدية	14_الحاويات_التعاقدية	15	C3	3	رقم العميل	صيغة عابرة للأوراق	مفتاح خارجي موروث	يُورَث من الأب ولا يُنشأ هنا	صيغة حية في المرجع	قائم (AS-IS)	SAL-15	—
المبيعات التعاقدية	14_الحاويات_التعاقدية	15	D3	4	اسم العميل (بحث)	صيغة عابرة للأوراق	مرجع من قائمة	قائمة اختيار — لا كتابة حرة	صيغة حية في المرجع	قائم (AS-IS)	SAL-15	—
المبيعات التعاقدية	14_الحاويات_التعاقدية	15	E3	5	نموذج العمل	صيغة عابرة للأوراق	مستورد للقراءة من مالكه	يُقرأ من مالكه ويُعرض موسومًا	صيغة حية في المرجع	قائم (AS-IS)	SAL-15	—
المبيعات التعاقدية	14_الحاويات_التعاقدية	15	F3	6	رقم العقد	قيمة مثبتة	مفتاح خارجي موروث	يُورَث من الأب ولا يُنشأ هنا	قيمة في المرجع	قائم (AS-IS)	SAL-15	—
المبيعات التعاقدية	14_الحاويات_التعاقدية	15	G3	7	رقم التجديد (الحاوية)	قيمة مثبتة	مفتاح خارجي موروث	يُورَث من الأب ولا يُنشأ هنا	قيمة في المرجع	قائم (AS-IS)	SAL-15	—
المبيعات التعاقدية	14_الحاويات_التعاقدية	15	H3	8	نوع الحاوية	قيمة مثبتة	إدخال أعمال	خانة إدخال مفتوحة	قيمة في المرجع	قائم (AS-IS)	SAL-15	—
المبيعات التعاقدية	14_الحاويات_التعاقدية	15	I3	9	السريان التعاقدي من	قيمة مثبتة	إدخال أعمال	خانة إدخال مفتوحة	قيمة في المرجع	قائم (AS-IS)	SAL-15	—
المبيعات التعاقدية	14_الحاويات_التعاقدية	15	J3	10	إلى	قيمة مثبتة	إدخال أعمال	خانة إدخال مفتوحة	قيمة في المرجع	قائم (AS-IS)	SAL-15	—
المبيعات التعاقدية	14_الحاويات_التعاقدية	15	K3	11	التنفيذي من ◄	قيمة مثبتة	مستورد للقراءة من مالكه	يُقرأ من مالكه ويُعرض موسومًا	قيمة في المرجع	قائم (AS-IS)	SAL-15	—
المبيعات التعاقدية	14_الحاويات_التعاقدية	15	L3	12	إلى ◄	قيمة مثبتة	مستورد للقراءة من مالكه	يُقرأ من مالكه ويُعرض موسومًا	قيمة في المرجع	قائم (AS-IS)	SAL-15	—
المبيعات التعاقدية	14_الحاويات_التعاقدية	15	M3	13	أشهر الحاوية	قيمة مثبتة	إدخال أعمال	خانة إدخال مفتوحة	قيمة في المرجع	قائم (AS-IS)	SAL-15	—
المبيعات التعاقدية	14_الحاويات_التعاقدية	15	N3	14	سعة الحاوية (المستهدف)	قيمة مثبتة	إدخال أعمال	خانة إدخال مفتوحة	قيمة في المرجع	قائم (AS-IS)	SAL-15	—
المبيعات التعاقدية	14_الحاويات_التعاقدية	15	O3	15	الوحدة	قيمة مثبتة	إدخال أعمال	خانة إدخال مفتوحة	قيمة في المرجع	قائم (AS-IS)	SAL-15	—
المبيعات التعاقدية	14_الحاويات_التعاقدية	15	P3	16	المستهدف المنقضي ◄	قيمة مثبتة	مستورد للقراءة من مالكه	يُقرأ من مالكه ويُعرض موسومًا	قيمة في المرجع	قائم (AS-IS)	SAL-15	—
المبيعات التعاقدية	14_الحاويات_التعاقدية	15	Q3	17	المخطط الشهري المسجَّل	صيغة عابرة للأوراق	مستورد للقراءة من مالكه	يُقرأ من مالكه ويُعرض موسومًا	صيغة حية في المرجع	قائم (AS-IS)	SAL-15	—
المبيعات التعاقدية	14_الحاويات_التعاقدية	15	R3	18	المنفَّذ	صيغة عابرة للأوراق	مستورد للقراءة من مالكه	يُقرأ من مالكه ويُعرض موسومًا	صيغة حية في المرجع	قائم (AS-IS)	SAL-15	—
المبيعات التعاقدية	14_الحاويات_التعاقدية	15	S3	19	المنجز/المقاس	صيغة عابرة للأوراق	مستورد للقراءة من مالكه	يُقرأ من مالكه ويُعرض موسومًا	صيغة حية في المرجع	قائم (AS-IS)	SAL-15	—
المبيعات التعاقدية	14_الحاويات_التعاقدية	15	T3	20	نسبة التحقق	صيغة داخلية	مشتق محسوب	يُحسب في الخدمة ولا يُدخل	صيغة حية في المرجع	قائم (AS-IS)	SAL-15	—
المبيعات التعاقدية	14_الحاويات_التعاقدية	15	U3	21	فجوة التغطية	صيغة داخلية	مشتق محسوب	يُحسب في الخدمة ولا يُدخل	صيغة حية في المرجع	قائم (AS-IS)	SAL-15	—
المبيعات التعاقدية	14_الحاويات_التعاقدية	15	V3	22	حالة الحاوية	قيمة مثبتة	إدخال أعمال	خانة إدخال مفتوحة	قيمة في المرجع	قائم (AS-IS)	SAL-15	—
المبيعات التعاقدية	14_الحاويات_التعاقدية	15	W3	23	الحجية	قيمة مثبتة	أثر تدقيقي أو بيانات وصفية	يُحفظ ولا يُعرض في النموذج	قيمة في المرجع	قائم (AS-IS)	SAL-15	—
المبيعات التعاقدية	14_الحاويات_التعاقدية	15	X3	24	ملاحظات	ورقة بلا بيانات	أثر تدقيقي أو بيانات وصفية	يُحفظ ولا يُعرض في النموذج	اسم الحقل ودلالته	قائم (AS-IS)	SAL-15	—
المبيعات التعاقدية	14_الحاويات_التعاقدية	15	Y3	25	حالة الحاوية كما وردت بالمصدر	قيمة مثبتة	إدخال أعمال	خانة إدخال مفتوحة	قيمة في المرجع	قائم (AS-IS)	SAL-15	—
المبيعات التعاقدية	14_الحاويات_التعاقدية	15	Z3	26	النسخة السابقة	قيمة مثبتة	إدخال أعمال	خانة إدخال مفتوحة	قيمة في المرجع	قائم (AS-IS)	SAL-15	—
المبيعات التعاقدية	14_الحاويات_التعاقدية	15	AA3	27	تكييف النسخة	قيمة مثبتة	إدخال أعمال	خانة إدخال مفتوحة	قيمة في المرجع	قائم (AS-IS)	SAL-15	—
المبيعات التعاقدية	14_الحاويات_التعاقدية	15	AB3	28	ما الذي تغيّر عن النسخة السابقة	قيمة مثبتة	إدخال أعمال	خانة إدخال مفتوحة	قيمة في المرجع	قائم (AS-IS)	SAL-15	—
المبيعات التعاقدية	14_الحاويات_التعاقدية	15	AC3	29	عدد وقائع التغيير	صيغة عابرة للأوراق	مشتق محسوب	يُحسب في الخدمة ولا يُدخل	صيغة حية في المرجع	قائم (AS-IS)	SAL-15	—
المبيعات التعاقدية	14_الحاويات_التعاقدية	15	AD3	30	النقلات ◄ (نقل)	قيمة مثبتة	مستورد للقراءة من مالكه	يُقرأ من مالكه ويُعرض موسومًا	قيمة في المرجع	قائم (AS-IS)	SAL-15	—
المبيعات التعاقدية	14_الحاويات_التعاقدية	15	AE3	31	ساعات التشغيل المنجزة ◄ (تخريم)	قيمة مثبتة	مستورد للقراءة من مالكه	يُقرأ من مالكه ويُعرض موسومًا	قيمة في المرجع	قائم (AS-IS)	SAL-15	—
المبيعات التعاقدية	15_الأداء_والمبيعات_الشهرية	16	A3	1	رقم السطر	قيمة مثبتة	مستورد للقراءة من مالكه	يُقرأ من مالكه ويُعرض موسومًا	قاعدة المتطلب الحاكم	قائم (AS-IS)	SAL-16	حُسم بالمتطلب: إدخال أعمال ← مستورد للقراءة من مالكه
المبيعات التعاقدية	15_الأداء_والمبيعات_الشهرية	16	B3	2	مفتاح الحاوية	قيمة مثبتة	مستورد للقراءة من مالكه	يُقرأ من مالكه ويُعرض موسومًا	قاعدة المتطلب الحاكم	قائم (AS-IS)	SAL-16	حُسم بالمتطلب: إدخال أعمال ← مستورد للقراءة من مالكه
المبيعات التعاقدية	15_الأداء_والمبيعات_الشهرية	16	C3	3	كود العقد	قيمة مثبتة	مفتاح خارجي موروث	يُورَث من الأب ولا يُنشأ هنا	قيمة في المرجع	قائم (AS-IS)	SAL-16	—
المبيعات التعاقدية	15_الأداء_والمبيعات_الشهرية	16	D3	4	رقم العميل	صيغة عابرة للأوراق	مفتاح خارجي موروث	يُورَث من الأب ولا يُنشأ هنا	صيغة حية في المرجع	قائم (AS-IS)	SAL-16	—
المبيعات التعاقدية	15_الأداء_والمبيعات_الشهرية	16	E3	5	اسم العميل (بحث)	صيغة عابرة للأوراق	مرجع من قائمة	قائمة اختيار — لا كتابة حرة	صيغة حية في المرجع	قائم (AS-IS)	SAL-16	—
المبيعات التعاقدية	15_الأداء_والمبيعات_الشهرية	16	F3	6	نموذج العمل	صيغة عابرة للأوراق	مستورد للقراءة من مالكه	يُقرأ من مالكه ويُعرض موسومًا	قاعدة المتطلب الحاكم	قائم (AS-IS)	SAL-16	—
المبيعات التعاقدية	15_الأداء_والمبيعات_الشهرية	16	G3	7	رقم التجديد	قيمة مثبتة	مستورد للقراءة من مالكه	يُقرأ من مالكه ويُعرض موسومًا	قاعدة المتطلب الحاكم	قائم (AS-IS)	SAL-16	حُسم بالمتطلب: إدخال أعمال ← مستورد للقراءة من مالكه
المبيعات التعاقدية	15_الأداء_والمبيعات_الشهرية	16	H3	8	رقم الشهر	قيمة مثبتة	مستورد للقراءة من مالكه	يُقرأ من مالكه ويُعرض موسومًا	قاعدة المتطلب الحاكم	قائم (AS-IS)	SAL-16	حُسم بالمتطلب: إدخال أعمال ← مستورد للقراءة من مالكه
المبيعات التعاقدية	15_الأداء_والمبيعات_الشهرية	16	I3	9	من	قيمة مثبتة	مستورد للقراءة من مالكه	يُقرأ من مالكه ويُعرض موسومًا	قاعدة المتطلب الحاكم	قائم (AS-IS)	SAL-16	حُسم بالمتطلب: إدخال أعمال ← مستورد للقراءة من مالكه
المبيعات التعاقدية	15_الأداء_والمبيعات_الشهرية	16	J3	10	إلى	قيمة مثبتة	مستورد للقراءة من مالكه	يُقرأ من مالكه ويُعرض موسومًا	قاعدة المتطلب الحاكم	قائم (AS-IS)	SAL-16	حُسم بالمتطلب: إدخال أعمال ← مستورد للقراءة من مالكه
المبيعات التعاقدية	15_الأداء_والمبيعات_الشهرية	16	K3	11	البند	قيمة مثبتة	مستورد للقراءة من مالكه	يُقرأ من مالكه ويُعرض موسومًا	قاعدة المتطلب الحاكم	قائم (AS-IS)	SAL-16	حُسم بالمتطلب: إدخال أعمال ← مستورد للقراءة من مالكه
المبيعات التعاقدية	15_الأداء_والمبيعات_الشهرية	16	L3	12	عدد الآليات ◄	قيمة مثبتة	مشتق محسوب	يُحسب في الخدمة ولا يُدخل	قيمة في المرجع	قائم (AS-IS)	SAL-16	—
المبيعات التعاقدية	15_الأداء_والمبيعات_الشهرية	16	M3	13	المستهدف الشهري	صيغة عابرة للأوراق	مستورد للقراءة من مالكه	يُقرأ من مالكه ويُعرض موسومًا	قاعدة المتطلب الحاكم	قائم (AS-IS)	SAL-16	—
المبيعات التعاقدية	15_الأداء_والمبيعات_الشهرية	16	N3	14	الكمية المنفَّذة ◄	قيمة مثبتة	مستورد للقراءة من مالكه	يُقرأ من مالكه ويُعرض موسومًا	قاعدة المتطلب الحاكم	قائم (AS-IS)	SAL-16	—
المبيعات التعاقدية	15_الأداء_والمبيعات_الشهرية	16	O3	15	الوحدة	قيمة مثبتة	مستورد للقراءة من مالكه	يُقرأ من مالكه ويُعرض موسومًا	قاعدة المتطلب الحاكم	قائم (AS-IS)	SAL-16	حُسم بالمتطلب: إدخال أعمال ← مستورد للقراءة من مالكه
المبيعات التعاقدية	15_الأداء_والمبيعات_الشهرية	16	P3	16	ساعات التشغيل ◄	صيغة داخلية	مشتق محسوب	يُحسب في الخدمة ولا يُدخل	صيغة حية في المرجع	قائم (AS-IS)	SAL-16	—
المبيعات التعاقدية	15_الأداء_والمبيعات_الشهرية	16	Q3	17	النقلات ◄	قيمة مثبتة	مستورد للقراءة من مالكه	يُقرأ من مالكه ويُعرض موسومًا	قاعدة المتطلب الحاكم	قائم (AS-IS)	SAL-16	—
المبيعات التعاقدية	15_الأداء_والمبيعات_الشهرية	16	R3	18	مخصومة/استعداد ◄	قيمة مثبتة	مستورد للقراءة من مالكه	يُقرأ من مالكه ويُعرض موسومًا	قاعدة المتطلب الحاكم	قائم (AS-IS)	SAL-16	—
المبيعات التعاقدية	15_الأداء_والمبيعات_الشهرية	16	S3	19	مخصومة/عمل ◄	قيمة مثبتة	مستورد للقراءة من مالكه	يُقرأ من مالكه ويُعرض موسومًا	قاعدة المتطلب الحاكم	قائم (AS-IS)	SAL-16	—
المبيعات التعاقدية	15_الأداء_والمبيعات_الشهرية	16	T3	20	مضافة/عمل ◄	قيمة مثبتة	مستورد للقراءة من مالكه	يُقرأ من مالكه ويُعرض موسومًا	قاعدة المتطلب الحاكم	قائم (AS-IS)	SAL-16	—
المبيعات التعاقدية	15_الأداء_والمبيعات_الشهرية	16	U3	21	مضافة/استعداد ◄	قيمة مثبتة	مستورد للقراءة من مالكه	يُقرأ من مالكه ويُعرض موسومًا	قاعدة المتطلب الحاكم	قائم (AS-IS)	SAL-16	—
المبيعات التعاقدية	15_الأداء_والمبيعات_الشهرية	16	V3	22	الكمية المنجزة (المقاسة) ◄	قيمة مثبتة	مستورد للقراءة من مالكه	يُقرأ من مالكه ويُعرض موسومًا	قاعدة المتطلب الحاكم	قائم (AS-IS)	SAL-16	—
المبيعات التعاقدية	15_الأداء_والمبيعات_الشهرية	16	W3	23	تحقق المنفَّذ	صيغة داخلية	مشتق محسوب	يُحسب في الخدمة ولا يُدخل	صيغة حية في المرجع	قائم (AS-IS)	SAL-16	—
المبيعات التعاقدية	15_الأداء_والمبيعات_الشهرية	16	X3	24	تحقق المنجز	صيغة داخلية	مشتق محسوب	يُحسب في الخدمة ولا يُدخل	صيغة حية في المرجع	قائم (AS-IS)	SAL-16	—
المبيعات التعاقدية	15_الأداء_والمبيعات_الشهرية	16	Y3	25	الإيراد المحسوب ($) ◄	قيمة مثبتة	مستورد للقراءة من مالكه	يُقرأ من مالكه ويُعرض موسومًا	قاعدة المتطلب الحاكم	قائم (AS-IS)	SAL-16	—
المبيعات التعاقدية	15_الأداء_والمبيعات_الشهرية	16	Z3	26	الإيراد المحسوب (ج.س) ◄	ورقة بلا بيانات	مستورد للقراءة من مالكه	يُقرأ من مالكه ويُعرض موسومًا	قاعدة المتطلب الحاكم	قائم (AS-IS)	SAL-16	—
المبيعات التعاقدية	15_الأداء_والمبيعات_الشهرية	16	AA3	27	مصدر البيان	قيمة مثبتة	مستورد للقراءة من مالكه	يُقرأ من مالكه ويُعرض موسومًا	قاعدة المتطلب الحاكم	قائم (AS-IS)	SAL-16	حُسم بالمتطلب: إدخال أعمال ← مستورد للقراءة من مالكه
المبيعات التعاقدية	15_الأداء_والمبيعات_الشهرية	16	AB3	28	ملاحظات	ورقة بلا بيانات	أثر تدقيقي أو بيانات وصفية	يُحفظ ولا يُعرض في النموذج	اسم الحقل ودلالته	قائم (AS-IS)	SAL-16	—
المبيعات التعاقدية	15_الأداء_والمبيعات_الشهرية	16	AC3	29	الكمية المفوترة للعميل ◄	ورقة بلا بيانات	مستورد للقراءة من مالكه	يُقرأ من مالكه ويُعرض موسومًا	قاعدة المتطلب الحاكم	قائم (AS-IS)	SAL-16	—
المبيعات التعاقدية	15_الأداء_والمبيعات_الشهرية	16	AD3	30	المفوتر للعميل ($) ◄	ورقة بلا بيانات	مستورد للقراءة من مالكه	يُقرأ من مالكه ويُعرض موسومًا	قاعدة المتطلب الحاكم	قائم (AS-IS)	SAL-16	—
المبيعات التعاقدية	15_الأداء_والمبيعات_الشهرية	16	AE3	31	منفَّذ غير مفوتر	ورقة بلا بيانات	مستورد للقراءة من مالكه	يُقرأ من مالكه ويُعرض موسومًا	قاعدة المتطلب الحاكم	قائم (AS-IS)	SAL-16	حُسم بالمتطلب: إدخال أعمال ← مستورد للقراءة من مالكه
المبيعات التعاقدية	15_الأداء_والمبيعات_الشهرية	16	AF3	32	إيراد غير مطالَب به ($)	ورقة بلا بيانات	مستورد للقراءة من مالكه	يُقرأ من مالكه ويُعرض موسومًا	قاعدة المتطلب الحاكم	قائم (AS-IS)	SAL-16	حُسم بالمتطلب: إدخال أعمال ← مستورد للقراءة من مالكه
المبيعات التعاقدية	15_الأداء_والمبيعات_الشهرية	16	AG3	33	مرجع الفاتورة	قيمة مثبتة	مستورد للقراءة من مالكه	يُقرأ من مالكه ويُعرض موسومًا	قاعدة المتطلب الحاكم	قائم (AS-IS)	SAL-16	حُسم بالمتطلب: إدخال أعمال ← مستورد للقراءة من مالكه
المبيعات التعاقدية	15_الأداء_والمبيعات_الشهرية	16	AH3	34	عملة العقد	صيغة عابرة للأوراق	مستورد للقراءة من مالكه	يُقرأ من مالكه ويُعرض موسومًا	قاعدة المتطلب الحاكم	قائم (AS-IS)	SAL-16	—
المبيعات التعاقدية	15_الأداء_والمبيعات_الشهرية	16	AI3	35	حالة أعمدة الإيراد	قيمة مثبتة	مستورد للقراءة من مالكه	يُقرأ من مالكه ويُعرض موسومًا	قاعدة المتطلب الحاكم	قائم (AS-IS)	SAL-16	حُسم بالمتطلب: إدخال أعمال ← مستورد للقراءة من مالكه
المبيعات التعاقدية	16_المطالبات_والتسليم_للمالية	17	A3	1	رقم المطالبة · Claim_ID	قيمة مثبتة	مفتاح أساسي مولَّد	يولّده النظام ولا يُحرَّر	قيمة في المرجع	قائم (AS-IS)	SAL-17	—
المبيعات التعاقدية	16_المطالبات_والتسليم_للمالية	17	B3	2	مفتاح الحاوية	قيمة مثبتة	إدخال أعمال	خانة إدخال مفتوحة	قيمة في المرجع	قائم (AS-IS)	SAL-17	—
المبيعات التعاقدية	16_المطالبات_والتسليم_للمالية	17	C3	3	كود العقد	صيغة عابرة للأوراق	مفتاح خارجي موروث	يُورَث من الأب ولا يُنشأ هنا	صيغة حية في المرجع	قائم (AS-IS)	SAL-17	—
المبيعات التعاقدية	16_المطالبات_والتسليم_للمالية	17	D3	4	رقم العميل	صيغة عابرة للأوراق	مفتاح خارجي موروث	يُورَث من الأب ولا يُنشأ هنا	صيغة حية في المرجع	قائم (AS-IS)	SAL-17	—
المبيعات التعاقدية	16_المطالبات_والتسليم_للمالية	17	E3	5	اسم العميل (بحث)	صيغة عابرة للأوراق	مرجع من قائمة	قائمة اختيار — لا كتابة حرة	صيغة حية في المرجع	قائم (AS-IS)	SAL-17	—
المبيعات التعاقدية	16_المطالبات_والتسليم_للمالية	17	F3	6	الفترة من	صيغة عابرة للأوراق	مستورد للقراءة من مالكه	يُقرأ من مالكه ويُعرض موسومًا	صيغة حية في المرجع	قائم (AS-IS)	SAL-17	—
المبيعات التعاقدية	16_المطالبات_والتسليم_للمالية	17	G3	7	إلى	صيغة عابرة للأوراق	مستورد للقراءة من مالكه	يُقرأ من مالكه ويُعرض موسومًا	صيغة حية في المرجع	قائم (AS-IS)	SAL-17	—
المبيعات التعاقدية	16_المطالبات_والتسليم_للمالية	17	H3	8	الكمية المنجزة المرجعية	صيغة عابرة للأوراق	مشتق محسوب	يُحسب في الخدمة ولا يُدخل	قاعدة المتطلب الحاكم	قائم (AS-IS)	SAL-17	حُسم بالمتطلب: مستورد للقراءة من مالكه ← مشتق محسوب
المبيعات التعاقدية	16_المطالبات_والتسليم_للمالية	17	I3	9	الوحدة	صيغة عابرة للأوراق	مستورد للقراءة من مالكه	يُقرأ من مالكه ويُعرض موسومًا	صيغة حية في المرجع	قائم (AS-IS)	SAL-17	—
المبيعات التعاقدية	16_المطالبات_والتسليم_للمالية	17	J3	10	الاستحقاق المحسوب ($)	صيغة عابرة للأوراق	مشتق محسوب	يُحسب في الخدمة ولا يُدخل	قاعدة المتطلب الحاكم	قائم (AS-IS)	SAL-17	حُسم بالمتطلب: مستورد للقراءة من مالكه ← مشتق محسوب
المبيعات التعاقدية	16_المطالبات_والتسليم_للمالية	17	K3	11	الاستحقاق المحسوب (ج.س)	صيغة عابرة للأوراق	مشتق محسوب	يُحسب في الخدمة ولا يُدخل	قاعدة المتطلب الحاكم	قائم (AS-IS)	SAL-17	حُسم بالمتطلب: مستورد للقراءة من مالكه ← مشتق محسوب
المبيعات التعاقدية	16_المطالبات_والتسليم_للمالية	17	L3	12	القيمة المطالب بها ($)	ورقة بلا بيانات	مشتق محسوب	يُحسب في الخدمة ولا يُدخل	قاعدة المتطلب الحاكم	قائم (AS-IS)	SAL-17	حُسم بالمتطلب: إدخال أعمال ← مشتق محسوب
المبيعات التعاقدية	16_المطالبات_والتسليم_للمالية	17	M3	13	المطالب بها (ج.س)	ورقة بلا بيانات	إدخال أعمال	خانة إدخال مفتوحة	اسم الحقل ودلالته	قائم (AS-IS)	SAL-17	—
المبيعات التعاقدية	16_المطالبات_والتسليم_للمالية	17	N3	14	مرجع القياس/المستخلص	قيمة مثبتة	إدخال أعمال	خانة إدخال مفتوحة	قيمة في المرجع	قائم (AS-IS)	SAL-17	—
المبيعات التعاقدية	16_المطالبات_والتسليم_للمالية	17	O3	15	حالة اعتماد العميل	قيمة مثبتة	إدخال أعمال	خانة إدخال مفتوحة	قيمة في المرجع	قائم (AS-IS)	SAL-17	—
المبيعات التعاقدية	16_المطالبات_والتسليم_للمالية	17	P3	16	تاريخ التسليم للمالية	ورقة بلا بيانات	إدخال أعمال	خانة إدخال مفتوحة	اسم الحقل ودلالته	قائم (AS-IS)	SAL-17	—
المبيعات التعاقدية	16_المطالبات_والتسليم_للمالية	17	Q3	17	مرجع الفاتورة ◄	قيمة مثبتة	مستورد للقراءة من مالكه	يُقرأ من مالكه ويُعرض موسومًا	قيمة في المرجع	قائم (AS-IS)	SAL-17	—
المبيعات التعاقدية	16_المطالبات_والتسليم_للمالية	17	R3	18	حالة المتابعة	قيمة مثبتة	إدخال أعمال	خانة إدخال مفتوحة	قيمة في المرجع	قائم (AS-IS)	SAL-17	—
المبيعات التعاقدية	16_المطالبات_والتسليم_للمالية	17	S3	19	ملاحظات	قيمة مثبتة	أثر تدقيقي أو بيانات وصفية	يُحفظ ولا يُعرض في النموذج	قيمة في المرجع	قائم (AS-IS)	SAL-17	—
المبيعات التعاقدية	16_المطالبات_والتسليم_للمالية	17	T3	20	المفوتر للعميل ($) ◄	ورقة بلا بيانات	مستورد للقراءة من مالكه	يُقرأ من مالكه ويُعرض موسومًا	اسم الحقل ودلالته	قائم (AS-IS)	SAL-17	—
المبيعات التعاقدية	16_المطالبات_والتسليم_للمالية	17	U3	21	مستحق غير مطالَب به ($)	ورقة بلا بيانات	إدخال أعمال	خانة إدخال مفتوحة	اسم الحقل ودلالته	قائم (AS-IS)	SAL-17	—
المبيعات التعاقدية	16_المطالبات_والتسليم_للمالية	17	V3	22	حالة التحصيل	قيمة مثبتة	إدخال أعمال	خانة إدخال مفتوحة	قيمة في المرجع	قائم (AS-IS)	SAL-17	—
المبيعات التعاقدية	16_المطالبات_والتسليم_للمالية	17	W3	23	أساس حالة التحصيل	قيمة مثبتة	إدخال أعمال	خانة إدخال مفتوحة	قيمة في المرجع	قائم (AS-IS)	SAL-17	—
المبيعات التعاقدية	16_المطالبات_والتسليم_للمالية	17	X3	24	دليل القياس/التسوية بالمصدر	قيمة مثبتة	إدخال أعمال	خانة إدخال مفتوحة	قيمة في المرجع	قائم (AS-IS)	SAL-17	—
المبيعات التعاقدية	16_المطالبات_والتسليم_للمالية	17	Y3	25	مستوى الحجية	قيمة مثبتة	أثر تدقيقي أو بيانات وصفية	يُحفظ ولا يُعرض في النموذج	قيمة في المرجع	قائم (AS-IS)	SAL-17	—
المبيعات التعاقدية	17_الملحقات_والتجديد_والإغلاق	18	A3	1	رقم القيد · Amendment_ID	قيمة مثبتة	مفتاح أساسي مولَّد	يولّده النظام ولا يُحرَّر	قيمة في المرجع	قائم (AS-IS)	SAL-19	—
المبيعات التعاقدية	17_الملحقات_والتجديد_والإغلاق	18	B3	2	كود العقد	قيمة مثبتة	مفتاح خارجي موروث	يُورَث من الأب ولا يُنشأ هنا	قيمة في المرجع	قائم (AS-IS)	SAL-19	—
المبيعات التعاقدية	17_الملحقات_والتجديد_والإغلاق	18	C3	3	رقم العميل	صيغة عابرة للأوراق	مفتاح خارجي موروث	يُورَث من الأب ولا يُنشأ هنا	صيغة حية في المرجع	قائم (AS-IS)	SAL-19	—
المبيعات التعاقدية	17_الملحقات_والتجديد_والإغلاق	18	D3	4	اسم العميل (بحث)	صيغة عابرة للأوراق	مرجع من قائمة	قائمة اختيار — لا كتابة حرة	صيغة حية في المرجع	قائم (AS-IS)	SAL-19	—
المبيعات التعاقدية	17_الملحقات_والتجديد_والإغلاق	18	E3	5	رقم الوثيقة	قيمة مثبتة	إدخال أعمال	خانة إدخال مفتوحة	قيمة في المرجع	قائم (AS-IS)	SAL-19	—
المبيعات التعاقدية	17_الملحقات_والتجديد_والإغلاق	18	F3	6	التجديد (الحاوية)	قيمة مثبتة	إدخال أعمال	خانة إدخال مفتوحة	قيمة في المرجع	قائم (AS-IS)	SAL-19	—
المبيعات التعاقدية	17_الملحقات_والتجديد_والإغلاق	18	G3	7	مفتاح الحاوية	قيمة مثبتة	إدخال أعمال	خانة إدخال مفتوحة	قيمة في المرجع	قائم (AS-IS)	SAL-19	—
المبيعات التعاقدية	17_الملحقات_والتجديد_والإغلاق	18	H3	8	الوثيقة / التكييف النصي	قيمة مثبتة	إدخال أعمال	خانة إدخال مفتوحة	قيمة في المرجع	قائم (AS-IS)	SAL-19	—
المبيعات التعاقدية	17_الملحقات_والتجديد_والإغلاق	18	I3	9	تكييف الحدث	قيمة مثبتة	إدخال أعمال	خانة إدخال مفتوحة	قيمة في المرجع	قائم (AS-IS)	SAL-19	—
المبيعات التعاقدية	17_الملحقات_والتجديد_والإغلاق	18	J3	10	توقيعها	قيمة مثبتة	إدخال أعمال	خانة إدخال مفتوحة	قيمة في المرجع	قائم (AS-IS)	SAL-19	—
المبيعات التعاقدية	17_الملحقات_والتجديد_والإغلاق	18	K3	11	السريان التعاقدي من	قيمة مثبتة	إدخال أعمال	خانة إدخال مفتوحة	قيمة في المرجع	قائم (AS-IS)	SAL-19	—
المبيعات التعاقدية	17_الملحقات_والتجديد_والإغلاق	18	L3	12	إلى	قيمة مثبتة	إدخال أعمال	خانة إدخال مفتوحة	قيمة في المرجع	قائم (AS-IS)	SAL-19	—
المبيعات التعاقدية	17_الملحقات_والتجديد_والإغلاق	18	M3	13	التنفيذي من ◄	قيمة مثبتة	مستورد للقراءة من مالكه	يُقرأ من مالكه ويُعرض موسومًا	قيمة في المرجع	قائم (AS-IS)	SAL-19	—
المبيعات التعاقدية	17_الملحقات_والتجديد_والإغلاق	18	N3	14	إلى ◄	قيمة مثبتة	مستورد للقراءة من مالكه	يُقرأ من مالكه ويُعرض موسومًا	قيمة في المرجع	قائم (AS-IS)	SAL-19	—
المبيعات التعاقدية	17_الملحقات_والتجديد_والإغلاق	18	O3	15	مستهدف الوثيقة	قيمة مثبتة	إدخال أعمال	خانة إدخال مفتوحة	قيمة في المرجع	قائم (AS-IS)	SAL-19	—
المبيعات التعاقدية	17_الملحقات_والتجديد_والإغلاق	18	P3	16	الوحدة	صيغة عابرة للأوراق	مستورد للقراءة من مالكه	يُقرأ من مالكه ويُعرض موسومًا	صيغة حية في المرجع	قائم (AS-IS)	SAL-19	—
المبيعات التعاقدية	17_الملحقات_والتجديد_والإغلاق	18	Q3	17	الأثر على الحاويات	قيمة مثبتة	إدخال أعمال	خانة إدخال مفتوحة	قيمة في المرجع	قائم (AS-IS)	SAL-19	—
المبيعات التعاقدية	17_الملحقات_والتجديد_والإغلاق	18	R3	18	الحجية	قيمة مثبتة	أثر تدقيقي أو بيانات وصفية	يُحفظ ولا يُعرض في النموذج	قيمة في المرجع	قائم (AS-IS)	SAL-19	—
المبيعات التعاقدية	17_الملحقات_والتجديد_والإغلاق	18	S3	19	حالة الوثيقة	قيمة مثبتة	إدخال أعمال	خانة إدخال مفتوحة	قيمة في المرجع	قائم (AS-IS)	SAL-19	—
المبيعات التعاقدية	17_الملحقات_والتجديد_والإغلاق	18	T3	20	ملاحظات	ورقة بلا بيانات	أثر تدقيقي أو بيانات وصفية	يُحفظ ولا يُعرض في النموذج	اسم الحقل ودلالته	قائم (AS-IS)	SAL-19	—
المبيعات التعاقدية	18_لوحة_المبيعات	19	A3	1	البيان	قيمة مثبتة	إدخال أعمال	خانة إدخال مفتوحة	قيمة في المرجع	قائم (AS-IS)	SAL-20	—
المبيعات التعاقدية	18_لوحة_المبيعات	19	B3	2	القيمة	صيغة عابرة للأوراق	مستورد للقراءة من مالكه	يُقرأ من مالكه ويُعرض موسومًا	صيغة حية في المرجع	قائم (AS-IS)	SAL-20	—
المبيعات التعاقدية	18_لوحة_المبيعات	19	C3	3	الوحدة/العملة	ورقة بلا بيانات	إدخال أعمال	خانة إدخال مفتوحة	اسم الحقل ودلالته	قائم (AS-IS)	SAL-20	—
المبيعات التعاقدية	18_لوحة_المبيعات	19	D3	4	ملاحظة	قيمة مثبتة	أثر تدقيقي أو بيانات وصفية	يُحفظ ولا يُعرض في النموذج	قيمة في المرجع	قائم (AS-IS)	SAL-20	—
المبيعات التعاقدية	18_لوحة_المبيعات	19	F3	5	مصدر الرسم 1 — نسبة التحقق التعاقدي حسب نموذج العمل	قيمة مثبتة	إدخال أعمال	خانة إدخال مفتوحة	قيمة في المرجع	قائم (AS-IS)	SAL-20	—
المبيعات التعاقدية	19_القوائم_المرجعية	20	A3	1	حالة العميل	قيمة مثبتة	مرجعي فقط	بيت البيانات المرجعية — لا يتكرر	قيمة في المرجع	قائم (AS-IS)	SAL-21	—
المبيعات التعاقدية	19_القوائم_المرجعية	20	B3	2	تصنيف العميل	قيمة مثبتة	مرجعي فقط	بيت البيانات المرجعية — لا يتكرر	قيمة في المرجع	قائم (AS-IS)	SAL-21	—
المبيعات التعاقدية	19_القوائم_المرجعية	20	C3	3	حالة المشروع	قيمة مثبتة	مرجعي فقط	بيت البيانات المرجعية — لا يتكرر	قيمة في المرجع	قائم (AS-IS)	SAL-21	—
المبيعات التعاقدية	19_القوائم_المرجعية	20	D3	4	نوع الفرصة	قيمة مثبتة	مرجعي فقط	بيت البيانات المرجعية — لا يتكرر	قيمة في المرجع	قائم (AS-IS)	SAL-21	—
المبيعات التعاقدية	19_القوائم_المرجعية	20	E3	5	مرحلة الفرصة	قيمة مثبتة	مرجعي فقط	بيت البيانات المرجعية — لا يتكرر	قيمة في المرجع	قائم (AS-IS)	SAL-21	—
المبيعات التعاقدية	19_القوائم_المرجعية	20	F3	6	نوع النشاط	قيمة مثبتة	مرجعي فقط	بيت البيانات المرجعية — لا يتكرر	قيمة في المرجع	قائم (AS-IS)	SAL-21	—
المبيعات التعاقدية	19_القوائم_المرجعية	20	G3	7	نوع الطلب	قيمة مثبتة	مرجعي فقط	بيت البيانات المرجعية — لا يتكرر	قيمة في المرجع	قائم (AS-IS)	SAL-21	—
المبيعات التعاقدية	19_القوائم_المرجعية	20	H3	8	حالة العرض	قيمة مثبتة	مرجعي فقط	بيت البيانات المرجعية — لا يتكرر	قيمة في المرجع	قائم (AS-IS)	SAL-21	—
المبيعات التعاقدية	19_القوائم_المرجعية	20	I3	9	نموذج العمل	قيمة مثبتة	مرجعي فقط	بيت البيانات المرجعية — لا يتكرر	قيمة في المرجع	قائم (AS-IS)	SAL-21	—
المبيعات التعاقدية	19_القوائم_المرجعية	20	J3	10	وحدة القياس	قيمة مثبتة	مرجعي فقط	بيت البيانات المرجعية — لا يتكرر	قيمة في المرجع	قائم (AS-IS)	SAL-21	—
المبيعات التعاقدية	19_القوائم_المرجعية	20	K3	11	العملة	قيمة مثبتة	مرجعي فقط	بيت البيانات المرجعية — لا يتكرر	قيمة في المرجع	قائم (AS-IS)	SAL-21	—
المبيعات التعاقدية	19_القوائم_المرجعية	20	L3	12	حالة العقد	قيمة مثبتة	مرجعي فقط	بيت البيانات المرجعية — لا يتكرر	قيمة في المرجع	قائم (AS-IS)	SAL-21	—
المبيعات التعاقدية	19_القوائم_المرجعية	20	M3	13	الحجية	قيمة مثبتة	أثر تدقيقي أو بيانات وصفية	يُحفظ ولا يُعرض في النموذج	قيمة في المرجع	قائم (AS-IS)	SAL-21	—
المبيعات التعاقدية	19_القوائم_المرجعية	20	N3	14	تكييف الوثيقة	قيمة مثبتة	مرجعي فقط	بيت البيانات المرجعية — لا يتكرر	قيمة في المرجع	قائم (AS-IS)	SAL-21	—
المبيعات التعاقدية	19_القوائم_المرجعية	20	O3	15	نوع الحاوية	قيمة مثبتة	مرجعي فقط	بيت البيانات المرجعية — لا يتكرر	قيمة في المرجع	قائم (AS-IS)	SAL-21	—
المبيعات التعاقدية	19_القوائم_المرجعية	20	P3	16	نوع الآلية/البند	قيمة مثبتة	مرجعي فقط	بيت البيانات المرجعية — لا يتكرر	قيمة في المرجع	قائم (AS-IS)	SAL-21	—
المبيعات التعاقدية	19_القوائم_المرجعية	20	Q3	17	الدور في القرار	قيمة مثبتة	مرجعي فقط	بيت البيانات المرجعية — لا يتكرر	قيمة في المرجع	قائم (AS-IS)	SAL-21	—
المبيعات التعاقدية	19_القوائم_المرجعية	20	R3	18	حالة جهة الاتصال	قيمة مثبتة	مرجعي فقط	بيت البيانات المرجعية — لا يتكرر	قيمة في المرجع	قائم (AS-IS)	SAL-21	—
المبيعات التعاقدية	19_القوائم_المرجعية	20	S3	19	حالة الطلب	قيمة مثبتة	مرجعي فقط	بيت البيانات المرجعية — لا يتكرر	قيمة في المرجع	قائم (AS-IS)	SAL-21	—
المبيعات التعاقدية	19_القوائم_المرجعية	20	T3	20	بند المراجعة	قيمة مثبتة	مرجعي فقط	بيت البيانات المرجعية — لا يتكرر	قيمة في المرجع	قائم (AS-IS)	SAL-21	—
المبيعات التعاقدية	19_القوائم_المرجعية	20	U3	21	جاهزية التوقيع	قيمة مثبتة	مرجعي فقط	بيت البيانات المرجعية — لا يتكرر	قيمة في المرجع	قائم (AS-IS)	SAL-21	—
المبيعات التعاقدية	19_القوائم_المرجعية	20	V3	22	اعتماد العميل	قيمة مثبتة	مرجعي فقط	بيت البيانات المرجعية — لا يتكرر	قيمة في المرجع	قائم (AS-IS)	SAL-21	—
المبيعات التعاقدية	19_القوائم_المرجعية	20	W3	23	حالة التحصيل	قيمة مثبتة	مرجعي فقط	بيت البيانات المرجعية — لا يتكرر	قيمة في المرجع	قائم (AS-IS)	SAL-21	—
المبيعات التعاقدية	19_القوائم_المرجعية	20	X3	24	حالة المطالبة	قيمة مثبتة	مرجعي فقط	بيت البيانات المرجعية — لا يتكرر	قيمة في المرجع	قائم (AS-IS)	SAL-21	—
المبيعات التعاقدية	19_القوائم_المرجعية	20	Y3	25	مستوى الحجية	قيمة مثبتة	أثر تدقيقي أو بيانات وصفية	يُحفظ ولا يُعرض في النموذج	قيمة في المرجع	قائم (AS-IS)	SAL-21	—
المبيعات التعاقدية	19_القوائم_المرجعية	20	Z3	26	قاعدة التجميع	قيمة مثبتة	مرجعي فقط	بيت البيانات المرجعية — لا يتكرر	قيمة في المرجع	قائم (AS-IS)	SAL-21	—
المبيعات التعاقدية	19_القوائم_المرجعية	20	AA3	27	نموذج التسعير	قيمة مثبتة	مرجعي فقط	بيت البيانات المرجعية — لا يتكرر	قيمة في المرجع	قائم (AS-IS)	SAL-21	—
المبيعات التعاقدية	19_القوائم_المرجعية	20	AB3	28	تصنيف الالتزام	قيمة مثبتة	مرجعي فقط	بيت البيانات المرجعية — لا يتكرر	قيمة في المرجع	قائم (AS-IS)	SAL-21	—
المبيعات التعاقدية	19_القوائم_المرجعية	20	AC3	29	طرف الالتزام	قيمة مثبتة	مرجعي فقط	بيت البيانات المرجعية — لا يتكرر	قيمة في المرجع	قائم (AS-IS)	SAL-21	—
المبيعات التعاقدية	19_القوائم_المرجعية	20	AD3	30	حالة مصفوفة الالتزامات	قيمة مثبتة	مرجعي فقط	بيت البيانات المرجعية — لا يتكرر	قيمة في المرجع	قائم (AS-IS)	SAL-21	—
المبيعات التعاقدية	19_القوائم_المرجعية	20	AE3	31	نموذج العمل التجاري	قيمة مثبتة	مرجعي فقط	بيت البيانات المرجعية — لا يتكرر	قيمة في المرجع	قائم (AS-IS)	SAL-21	—
المبيعات التعاقدية	19_القوائم_المرجعية	20	AF3	32	نوع الخدمة المقدَّمة	قيمة مثبتة	مرجعي فقط	بيت البيانات المرجعية — لا يتكرر	قيمة في المرجع	قائم (AS-IS)	SAL-21	—
المبيعات التعاقدية	19_القوائم_المرجعية	20	AG3	33	أساس التعاقد (الوحدة)	قيمة مثبتة	مرجعي فقط	بيت البيانات المرجعية — لا يتكرر	قيمة في المرجع	قائم (AS-IS)	SAL-21	—
المبيعات التعاقدية	19_القوائم_المرجعية	20	AH3	34	حالة البيانات	قيمة مثبتة	أثر تدقيقي أو بيانات وصفية	يُحفظ ولا يُعرض في النموذج	قيمة في المرجع	قائم (AS-IS)	SAL-21	—
المبيعات التعاقدية	19_القوائم_المرجعية	20	AI3	35	نوع بند العرض	قيمة مثبتة	مرجعي فقط	بيت البيانات المرجعية — لا يتكرر	قيمة في المرجع	قائم (AS-IS)	SAL-21	—
المبيعات التعاقدية	19_القوائم_المرجعية	20	AJ3	36	نوع سجل التفاوض	قيمة مثبتة	مرجعي فقط	بيت البيانات المرجعية — لا يتكرر	قيمة في المرجع	قائم (AS-IS)	SAL-21	—
المبيعات التعاقدية	19_القوائم_المرجعية	20	AK3	37	درجة الثقة	قيمة مثبتة	مرجعي فقط	بيت البيانات المرجعية — لا يتكرر	قيمة في المرجع	قائم (AS-IS)	SAL-21	—
المبيعات التعاقدية	19_القوائم_المرجعية	20	AL3	38	نوع الفرصة التاريخي	قيمة مثبتة	مرجعي فقط	بيت البيانات المرجعية — لا يتكرر	قيمة في المرجع	قائم (AS-IS)	SAL-21	—
المبيعات التعاقدية	19_القوائم_المرجعية	20	AM3	39	حالة الحاوية	قيمة مثبتة	مرجعي فقط	بيت البيانات المرجعية — لا يتكرر	قيمة في المرجع	قائم (AS-IS)	SAL-21	—
المبيعات التعاقدية	19_القوائم_المرجعية	20	AN3	40	حالة الوثيقة	قيمة مثبتة	مرجعي فقط	بيت البيانات المرجعية — لا يتكرر	قيمة في المرجع	قائم (AS-IS)	SAL-21	—
المبيعات التعاقدية	19_القوائم_المرجعية	20	AO3	41	مستوى التصنيف الائتماني	قيمة مثبتة	مرجعي فقط	بيت البيانات المرجعية — لا يتكرر	قيمة في المرجع	قائم (AS-IS)	SAL-21	—
المبيعات التعاقدية	20_قاموس_البيانات	21	A3	1	الاسم التقني	قيمة مثبتة	مرجعي فقط	بيت البيانات المرجعية — لا يتكرر	قيمة في المرجع	قائم (AS-IS)	SAL-23	—
المبيعات التعاقدية	20_قاموس_البيانات	21	B3	2	التسمية العربية	قيمة مثبتة	مرجعي فقط	بيت البيانات المرجعية — لا يتكرر	قيمة في المرجع	قائم (AS-IS)	SAL-23	—
المبيعات التعاقدية	20_قاموس_البيانات	21	C3	3	الكيان	قيمة مثبتة	مرجعي فقط	بيت البيانات المرجعية — لا يتكرر	قيمة في المرجع	قائم (AS-IS)	SAL-23	—
المبيعات التعاقدية	20_قاموس_البيانات	21	D3	4	الشيت	قيمة مثبتة	مرجعي فقط	بيت البيانات المرجعية — لا يتكرر	قيمة في المرجع	قائم (AS-IS)	SAL-23	—
المبيعات التعاقدية	20_قاموس_البيانات	21	E3	5	نوع البيانات	قيمة مثبتة	مرجعي فقط	بيت البيانات المرجعية — لا يتكرر	قيمة في المرجع	قائم (AS-IS)	SAL-23	—
المبيعات التعاقدية	20_قاموس_البيانات	21	F3	6	إلزامي؟	قيمة مثبتة	مرجعي فقط	بيت البيانات المرجعية — لا يتكرر	قيمة في المرجع	قائم (AS-IS)	SAL-23	—
المبيعات التعاقدية	20_قاموس_البيانات	21	G3	7	المفتاح	ورقة بلا بيانات	مرجعي فقط	بيت البيانات المرجعية — لا يتكرر	اسم الحقل ودلالته	قائم (AS-IS)	SAL-23	—
المبيعات التعاقدية	20_قاموس_البيانات	21	H3	8	القيم المسموحة (قائمة 19)	ورقة بلا بيانات	مرجعي فقط	بيت البيانات المرجعية — لا يتكرر	اسم الحقل ودلالته	قائم (AS-IS)	SAL-23	—
المبيعات التعاقدية	20_قاموس_البيانات	21	I3	9	مصدر الحقيقة/المالك	قيمة مثبتة	مرجعي فقط	بيت البيانات المرجعية — لا يتكرر	قيمة في المرجع	قائم (AS-IS)	SAL-23	—
المبيعات التعاقدية	20_قاموس_البيانات	21	J3	10	ملف المصدر	ورقة بلا بيانات	مرجعي فقط	بيت البيانات المرجعية — لا يتكرر	اسم الحقل ودلالته	قائم (AS-IS)	SAL-23	—
المبيعات التعاقدية	20_قاموس_البيانات	21	K3	11	شيت المصدر	ورقة بلا بيانات	مرجعي فقط	بيت البيانات المرجعية — لا يتكرر	اسم الحقل ودلالته	قائم (AS-IS)	SAL-23	—
المبيعات التعاقدية	20_قاموس_البيانات	21	L3	12	عمود المصدر	ورقة بلا بيانات	مرجعي فقط	بيت البيانات المرجعية — لا يتكرر	اسم الحقل ودلالته	قائم (AS-IS)	SAL-23	—
المبيعات التعاقدية	20_قاموس_البيانات	21	M3	13	قاعدة التحويل	قيمة مثبتة	مرجعي فقط	بيت البيانات المرجعية — لا يتكرر	قيمة في المرجع	قائم (AS-IS)	SAL-23	—
المبيعات التعاقدية	20_قاموس_البيانات	21	N3	14	ملاحظات	ورقة بلا بيانات	أثر تدقيقي أو بيانات وصفية	يُحفظ ولا يُعرض في النموذج	اسم الحقل ودلالته	قائم (AS-IS)	SAL-23	—
المبيعات التعاقدية	21_خريطة_الترحيل	22	A3	1	ملف المصدر	قيمة مثبتة	مرجعي فقط	بيت البيانات المرجعية — لا يتكرر	قيمة في المرجع	قائم (AS-IS)	SAL-24	—
المبيعات التعاقدية	21_خريطة_الترحيل	22	B3	2	شيت المصدر	قيمة مثبتة	مرجعي فقط	بيت البيانات المرجعية — لا يتكرر	قيمة في المرجع	قائم (AS-IS)	SAL-24	—
المبيعات التعاقدية	21_خريطة_الترحيل	22	C3	3	العمود	قيمة مثبتة	مرجعي فقط	بيت البيانات المرجعية — لا يتكرر	قيمة في المرجع	قائم (AS-IS)	SAL-24	—
المبيعات التعاقدية	21_خريطة_الترحيل	22	D3	4	اسم العمود	قيمة مثبتة	مرجعي فقط	بيت البيانات المرجعية — لا يتكرر	قيمة في المرجع	قائم (AS-IS)	SAL-24	—
المبيعات التعاقدية	21_خريطة_الترحيل	22	E3	5	نوع البيانات	قيمة مثبتة	مرجعي فقط	بيت البيانات المرجعية — لا يتكرر	قيمة في المرجع	قائم (AS-IS)	SAL-24	—
المبيعات التعاقدية	21_خريطة_الترحيل	22	F3	6	مثال	قيمة مثبتة	مرجعي فقط	بيت البيانات المرجعية — لا يتكرر	قيمة في المرجع	قائم (AS-IS)	SAL-24	—
المبيعات التعاقدية	21_خريطة_الترحيل	22	G3	7	إدخال/معادلة	قيمة مثبتة	مرجعي فقط	بيت البيانات المرجعية — لا يتكرر	قيمة في المرجع	قائم (AS-IS)	SAL-24	—
المبيعات التعاقدية	21_خريطة_الترحيل	22	H3	8	المعنى التجاري	قيمة مثبتة	مرجعي فقط	بيت البيانات المرجعية — لا يتكرر	قيمة في المرجع	قائم (AS-IS)	SAL-24	—
المبيعات التعاقدية	21_خريطة_الترحيل	22	I3	9	المرحلة	قيمة مثبتة	مرجعي فقط	بيت البيانات المرجعية — لا يتكرر	قيمة في المرجع	قائم (AS-IS)	SAL-24	—
المبيعات التعاقدية	21_خريطة_الترحيل	22	J3	10	الكيان المالك	قيمة مثبتة	مرجعي فقط	بيت البيانات المرجعية — لا يتكرر	قيمة في المرجع	قائم (AS-IS)	SAL-24	—
المبيعات التعاقدية	21_خريطة_الترحيل	22	K3	11	التصنيف	قيمة مثبتة	مرجعي فقط	بيت البيانات المرجعية — لا يتكرر	قيمة في المرجع	قائم (AS-IS)	SAL-24	—
المبيعات التعاقدية	21_خريطة_الترحيل	22	L3	12	قرار الترحيل	قيمة مثبتة	مرجعي فقط	بيت البيانات المرجعية — لا يتكرر	قيمة في المرجع	قائم (AS-IS)	SAL-24	—
المبيعات التعاقدية	21_خريطة_الترحيل	22	M3	13	الوجهة في المنظومة الجديدة	قيمة مثبتة	مرجعي فقط	بيت البيانات المرجعية — لا يتكرر	قيمة في المرجع	قائم (AS-IS)	SAL-24	—
المبيعات التعاقدية	21_خريطة_الترحيل	22	N3	14	ملاحظة	قيمة مثبتة	أثر تدقيقي أو بيانات وصفية	يُحفظ ولا يُعرض في النموذج	قيمة في المرجع	قائم (AS-IS)	SAL-24	—
المبيعات التعاقدية	22_تقرير_المراجعة	23	B4	1	أولًا — ماذا كان مكررًا فدُمج (MERGE_DUPLICATE)	قيمة مثبتة	مرجعي فقط	بيت البيانات المرجعية — لا يتكرر	قيمة في المرجع	قائم (AS-IS)	SAL-24	—
المبيعات التعاقدية	23_قاموس_قواعد_الاستنتاج	24	A3	1	#	قيمة مثبتة	مرجعي فقط	بيت البيانات المرجعية — لا يتكرر	قيمة في المرجع	قائم (AS-IS)	SAL-23	—
المبيعات التعاقدية	23_قاموس_قواعد_الاستنتاج	24	B3	2	معرّف القاعدة	قيمة مثبتة	مرجعي فقط	بيت البيانات المرجعية — لا يتكرر	قيمة في المرجع	قائم (AS-IS)	SAL-23	—
المبيعات التعاقدية	23_قاموس_قواعد_الاستنتاج	24	C3	3	الشيت	قيمة مثبتة	مرجعي فقط	بيت البيانات المرجعية — لا يتكرر	قيمة في المرجع	قائم (AS-IS)	SAL-23	—
المبيعات التعاقدية	23_قاموس_قواعد_الاستنتاج	24	D3	4	الحقل/السجل	قيمة مثبتة	مرجعي فقط	بيت البيانات المرجعية — لا يتكرر	قيمة في المرجع	قائم (AS-IS)	SAL-23	—
المبيعات التعاقدية	23_قاموس_قواعد_الاستنتاج	24	E3	5	ملف المصدر	قيمة مثبتة	مرجعي فقط	بيت البيانات المرجعية — لا يتكرر	قيمة في المرجع	قائم (AS-IS)	SAL-23	—
المبيعات التعاقدية	23_قاموس_قواعد_الاستنتاج	24	F3	6	شيت المصدر	قيمة مثبتة	مرجعي فقط	بيت البيانات المرجعية — لا يتكرر	قيمة في المرجع	قائم (AS-IS)	SAL-23	—
المبيعات التعاقدية	23_قاموس_قواعد_الاستنتاج	24	G3	7	مفتاح المصدر	قيمة مثبتة	مرجعي فقط	بيت البيانات المرجعية — لا يتكرر	قيمة في المرجع	قائم (AS-IS)	SAL-23	—
المبيعات التعاقدية	23_قاموس_قواعد_الاستنتاج	24	H3	8	قاعدة الاستنتاج	قيمة مثبتة	مرجعي فقط	بيت البيانات المرجعية — لا يتكرر	قيمة في المرجع	قائم (AS-IS)	SAL-23	—
المبيعات التعاقدية	23_قاموس_قواعد_الاستنتاج	24	I3	9	مستويات الحجية الفعلية (محسوبة من سجل التتبع 24)	قيمة مثبتة	مرجعي فقط	بيت البيانات المرجعية — لا يتكرر	قيمة في المرجع	قائم (AS-IS)	SAL-23	—
المبيعات التعاقدية	23_قاموس_قواعد_الاستنتاج	24	J3	10	قاعدة المالك	قيمة مثبتة	مرجعي فقط	بيت البيانات المرجعية — لا يتكرر	قيمة في المرجع	قائم (AS-IS)	SAL-23	—
المبيعات التعاقدية	23_قاموس_قواعد_الاستنتاج	24	K3	11	عدد أسطر التتبع	قيمة مثبتة	مرجعي فقط	بيت البيانات المرجعية — لا يتكرر	قيمة في المرجع	قائم (AS-IS)	SAL-23	—
المبيعات التعاقدية	24_سجل_تتبع_القيم_الرجعية	25	A3	1	#	قيمة مثبتة	مرجعي فقط	بيت البيانات المرجعية — لا يتكرر	قيمة في المرجع	قائم (AS-IS)	SAL-24	—
المبيعات التعاقدية	24_سجل_تتبع_القيم_الرجعية	25	B3	2	معرّف السجل	قيمة مثبتة	مرجعي فقط	بيت البيانات المرجعية — لا يتكرر	قيمة في المرجع	قائم (AS-IS)	SAL-24	—
المبيعات التعاقدية	24_سجل_تتبع_القيم_الرجعية	25	C3	3	الشيت	قيمة مثبتة	مرجعي فقط	بيت البيانات المرجعية — لا يتكرر	قيمة في المرجع	قائم (AS-IS)	SAL-24	—
المبيعات التعاقدية	24_سجل_تتبع_القيم_الرجعية	25	D3	4	الحقل المستنتَج	قيمة مثبتة	مرجعي فقط	بيت البيانات المرجعية — لا يتكرر	قيمة في المرجع	قائم (AS-IS)	SAL-24	—
المبيعات التعاقدية	24_سجل_تتبع_القيم_الرجعية	25	E3	5	ملف المصدر	قيمة مثبتة	مرجعي فقط	بيت البيانات المرجعية — لا يتكرر	قيمة في المرجع	قائم (AS-IS)	SAL-24	—
المبيعات التعاقدية	24_سجل_تتبع_القيم_الرجعية	25	F3	6	شيت المصدر	قيمة مثبتة	مرجعي فقط	بيت البيانات المرجعية — لا يتكرر	قيمة في المرجع	قائم (AS-IS)	SAL-24	—
المبيعات التعاقدية	24_سجل_تتبع_القيم_الرجعية	25	G3	7	مفتاح المصدر	قيمة مثبتة	مرجعي فقط	بيت البيانات المرجعية — لا يتكرر	قيمة في المرجع	قائم (AS-IS)	SAL-24	—
المبيعات التعاقدية	24_سجل_تتبع_القيم_الرجعية	25	H3	8	معرّف القاعدة	قيمة مثبتة	مرجعي فقط	بيت البيانات المرجعية — لا يتكرر	قيمة في المرجع	قائم (AS-IS)	SAL-24	—
المبيعات التعاقدية	24_سجل_تتبع_القيم_الرجعية	25	I3	9	مستوى الحجية	قيمة مثبتة	أثر تدقيقي أو بيانات وصفية	يُحفظ ولا يُعرض في النموذج	قيمة في المرجع	قائم (AS-IS)	SAL-24	—
المبيعات التعاقدية	24_سجل_تتبع_القيم_الرجعية	25	J3	10	درجة الثقة	قيمة مثبتة	مرجعي فقط	بيت البيانات المرجعية — لا يتكرر	قيمة في المرجع	قائم (AS-IS)	SAL-24	—
المبيعات التعاقدية	25_تقرير_اكتمال_البيانات	26	A3	1	#	قيمة مثبتة	مرجعي فقط	بيت البيانات المرجعية — لا يتكرر	قيمة في المرجع	قائم (AS-IS)	SAL-24	—
المبيعات التعاقدية	25_تقرير_اكتمال_البيانات	26	B3	2	الشيت	قيمة مثبتة	مرجعي فقط	بيت البيانات المرجعية — لا يتكرر	قيمة في المرجع	قائم (AS-IS)	SAL-24	—
المبيعات التعاقدية	25_تقرير_اكتمال_البيانات	26	C3	3	العمود (تقني)	قيمة مثبتة	مرجعي فقط	بيت البيانات المرجعية — لا يتكرر	قيمة في المرجع	قائم (AS-IS)	SAL-24	—
المبيعات التعاقدية	25_تقرير_اكتمال_البيانات	26	D3	4	العمود (عربي)	قيمة مثبتة	مرجعي فقط	بيت البيانات المرجعية — لا يتكرر	قيمة في المرجع	قائم (AS-IS)	SAL-24	—
المبيعات التعاقدية	25_تقرير_اكتمال_البيانات	26	E3	5	طريقة الاشتقاق	قيمة مثبتة	مرجعي فقط	بيت البيانات المرجعية — لا يتكرر	قيمة في المرجع	قائم (AS-IS)	SAL-24	—
المبيعات التعاقدية	25_تقرير_اكتمال_البيانات	26	F3	6	عدد السجلات التاريخية	قيمة مثبتة	مرجعي فقط	بيت البيانات المرجعية — لا يتكرر	قيمة في المرجع	قائم (AS-IS)	SAL-24	—
المبيعات التعاقدية	25_تقرير_اكتمال_البيانات	26	G3	7	منقول مباشرة	قيمة مثبتة	مرجعي فقط	بيت البيانات المرجعية — لا يتكرر	قيمة في المرجع	قائم (AS-IS)	SAL-24	—
المبيعات التعاقدية	25_تقرير_اكتمال_البيانات	26	H3	8	بالربط (Lookup)	قيمة مثبتة	مرجعي فقط	بيت البيانات المرجعية — لا يتكرر	قيمة في المرجع	قائم (AS-IS)	SAL-24	—
المبيعات التعاقدية	25_تقرير_اكتمال_البيانات	26	I3	9	محسوب	قيمة مثبتة	مرجعي فقط	بيت البيانات المرجعية — لا يتكرر	قيمة في المرجع	قائم (AS-IS)	SAL-24	—
المبيعات التعاقدية	25_تقرير_اكتمال_البيانات	26	J3	10	مستنتج رجعيًا	قيمة مثبتة	مرجعي فقط	بيت البيانات المرجعية — لا يتكرر	قيمة في المرجع	قائم (AS-IS)	SAL-24	—
المبيعات التعاقدية	25_تقرير_اكتمال_البيانات	26	K3	11	بقاعدة مالك	قيمة مثبتة	مرجعي فقط	بيت البيانات المرجعية — لا يتكرر	قيمة في المرجع	قائم (AS-IS)	SAL-24	—
المبيعات التعاقدية	25_تقرير_اكتمال_البيانات	26	L3	12	مستورد للقراءة	قيمة مثبتة	مرجعي فقط	بيت البيانات المرجعية — لا يتكرر	قيمة في المرجع	قائم (AS-IS)	SAL-24	—
المبيعات التعاقدية	25_تقرير_اكتمال_البيانات	26	M3	13	غير منطبق	قيمة مثبتة	مرجعي فقط	بيت البيانات المرجعية — لا يتكرر	قيمة في المرجع	قائم (AS-IS)	SAL-24	—
المبيعات التعاقدية	25_تقرير_اكتمال_البيانات	26	N3	14	غير متاح فعلًا	قيمة مثبتة	مرجعي فقط	بيت البيانات المرجعية — لا يتكرر	قيمة في المرجع	قائم (AS-IS)	SAL-24	—
المبيعات التعاقدية	25_تقرير_اكتمال_البيانات	26	O3	15	يتطلب إدخالًا يدويًا	قيمة مثبتة	مرجعي فقط	بيت البيانات المرجعية — لا يتكرر	قيمة في المرجع	قائم (AS-IS)	SAL-24	—
المبيعات التعاقدية	25_تقرير_اكتمال_البيانات	26	P3	16	فراغ متبقٍ قابل للتفادي	قيمة مثبتة	مرجعي فقط	بيت البيانات المرجعية — لا يتكرر	قيمة في المرجع	قائم (AS-IS)	SAL-24	—
المبيعات التعاقدية	25_تقرير_اكتمال_البيانات	26	Q3	17	سبب الفراغ	قيمة مثبتة	مرجعي فقط	بيت البيانات المرجعية — لا يتكرر	قيمة في المرجع	قائم (AS-IS)	SAL-24	—
المبيعات التعاقدية	25_تقرير_اكتمال_البيانات	26	R3	18	نسبة الاكتمال	صيغة داخلية	مرجعي فقط	بيت البيانات المرجعية — لا يتكرر	صيغة حية في المرجع	قائم (AS-IS)	SAL-24	—
عقود الموردين	م01_سجل_الموردين	1	A3	1	رقم المورد · Supplier_ID	قيمة مثبتة	مفتاح أساسي مولَّد	يولّده النظام ولا يُحرَّر	قيمة في المرجع	قائم (AS-IS)	SUP-01	—
عقود الموردين	م01_سجل_الموردين	1	B3	2	التسلسل الزمني للتعامل ◄	قيمة مثبتة	مستورد للقراءة من مالكه	يُقرأ من مالكه ويُعرض موسومًا	قيمة في المرجع	قائم (AS-IS)	SUP-01	—
عقود الموردين	م01_سجل_الموردين	1	C3	3	الاسم القانوني	قيمة مثبتة	إدخال أعمال	خانة إدخال مفتوحة	قيمة في المرجع	قائم (AS-IS)	SUP-01	—
عقود الموردين	م01_سجل_الموردين	1	D3	4	الاسم المختصر	قيمة مثبتة	إدخال أعمال	خانة إدخال مفتوحة	قيمة في المرجع	قائم (AS-IS)	SUP-01	—
عقود الموردين	م01_سجل_الموردين	1	E3	5	المرادف القديم · SUQ	ورقة بلا بيانات	إدخال أعمال	خانة إدخال مفتوحة	اسم الحقل ودلالته	قائم (AS-IS)	SUP-01	—
عقود الموردين	م01_سجل_الموردين	1	F3	6	تصنيف المورد	قيمة مثبتة	إدخال أعمال	خانة إدخال مفتوحة	قيمة في المرجع	قائم (AS-IS)	SUP-01	—
عقود الموردين	م01_سجل_الموردين	1	G3	7	نوع المورد (مصدر)	قيمة مثبتة	إدخال أعمال	خانة إدخال مفتوحة	قيمة في المرجع	قائم (AS-IS)	SUP-01	—
عقود الموردين	م01_سجل_الموردين	1	H3	8	مصدر القيد	قيمة مثبتة	إدخال أعمال	خانة إدخال مفتوحة	قيمة في المرجع	قائم (AS-IS)	SUP-01	—
عقود الموردين	م01_سجل_الموردين	1	I3	9	فئة مصدر القدرة	قيمة مثبتة	إدخال أعمال	خانة إدخال مفتوحة	قيمة في المرجع	قائم (AS-IS)	SUP-01	—
عقود الموردين	م01_سجل_الموردين	1	J3	10	نمط التعاقد ◄	قيمة مثبتة	مستورد للقراءة من مالكه	يُقرأ من مالكه ويُعرض موسومًا	قيمة في المرجع	قائم (AS-IS)	SUP-01	—
عقود الموردين	م01_سجل_الموردين	1	K3	11	طبيعة المورد (مالك/وسيط)	ورقة بلا بيانات	إدخال أعمال	خانة إدخال مفتوحة	اسم الحقل ودلالته	قائم (AS-IS)	SUP-01	—
عقود الموردين	م01_سجل_الموردين	1	L3	12	حالة المورد	قيمة مثبتة	إدخال أعمال	خانة إدخال مفتوحة	قيمة في المرجع	قائم (AS-IS)	SUP-01	—
عقود الموردين	م01_سجل_الموردين	1	M3	13	تاريخ آخر نشاط تشغيلي ◄	قيمة مثبتة	مستورد للقراءة من مالكه	يُقرأ من مالكه ويُعرض موسومًا	قيمة في المرجع	قائم (AS-IS)	SUP-01	—
عقود الموردين	م01_سجل_الموردين	1	N3	14	تاريخ آخر حركة مالية ◄	قيمة مثبتة	مستورد للقراءة من مالكه	يُقرأ من مالكه ويُعرض موسومًا	قيمة في المرجع	قائم (AS-IS)	SUP-01	—
عقود الموردين	م01_سجل_الموردين	1	O3	15	أشهر منذ آخر نشاط ◄	قيمة مثبتة	مستورد للقراءة من مالكه	يُقرأ من مالكه ويُعرض موسومًا	قيمة في المرجع	قائم (AS-IS)	SUP-01	—
عقود الموردين	م01_سجل_الموردين	1	P3	16	دليل آخر نشاط ◄	قيمة مثبتة	مستورد للقراءة من مالكه	يُقرأ من مالكه ويُعرض موسومًا	قيمة في المرجع	قائم (AS-IS)	SUP-01	—
عقود الموردين	م01_سجل_الموردين	1	Q3	17	أساس الحالة ◄	قيمة مثبتة	مستورد للقراءة من مالكه	يُقرأ من مالكه ويُعرض موسومًا	قيمة في المرجع	قائم (AS-IS)	SUP-01	—
عقود الموردين	م01_سجل_الموردين	1	R3	18	تاريخ أول تعامل ◄	قيمة مثبتة	مستورد للقراءة من مالكه	يُقرأ من مالكه ويُعرض موسومًا	قيمة في المرجع	قائم (AS-IS)	SUP-01	—
عقود الموردين	م01_سجل_الموردين	1	S3	19	الدولة	قيمة مثبتة	إدخال أعمال	خانة إدخال مفتوحة	قيمة في المرجع	قائم (AS-IS)	SUP-01	—
عقود الموردين	م01_سجل_الموردين	1	T3	20	المدينة	ورقة بلا بيانات	إدخال أعمال	خانة إدخال مفتوحة	اسم الحقل ودلالته	قائم (AS-IS)	SUP-01	—
عقود الموردين	م01_سجل_الموردين	1	U3	21	السجل التجاري	ورقة بلا بيانات	إدخال أعمال	خانة إدخال مفتوحة	اسم الحقل ودلالته	قائم (AS-IS)	SUP-01	—
عقود الموردين	م01_سجل_الموردين	1	V3	22	الرقم الضريبي	ورقة بلا بيانات	إدخال أعمال	خانة إدخال مفتوحة	اسم الحقل ودلالته	قائم (AS-IS)	SUP-01	—
عقود الموردين	م01_سجل_الموردين	1	W3	23	نماذج التعامل ◄	قيمة مثبتة	مستورد للقراءة من مالكه	يُقرأ من مالكه ويُعرض موسومًا	قيمة في المرجع	قائم (AS-IS)	SUP-01	—
عقود الموردين	م01_سجل_الموردين	1	X3	24	العملات المتعامل بها ◄	قيمة مثبتة	مستورد للقراءة من مالكه	يُقرأ من مالكه ويُعرض موسومًا	قيمة في المرجع	قائم (AS-IS)	SUP-01	—
عقود الموردين	م01_سجل_الموردين	1	Y3	25	عدد الحصص ◄	صيغة عابرة للأوراق	مشتق محسوب	يُحسب في الخدمة ولا يُدخل	صيغة حية في المرجع	قائم (AS-IS)	SUP-01	—
عقود الموردين	م01_سجل_الموردين	1	Z3	26	عدد المعدات المسندة ◄	صيغة عابرة للأوراق	مشتق محسوب	يُحسب في الخدمة ولا يُدخل	صيغة حية في المرجع	قائم (AS-IS)	SUP-01	—
عقود الموردين	م01_سجل_الموردين	1	AA3	27	حالة التأهيل (م03) ◄	ورقة بلا بيانات	مستورد للقراءة من مالكه	يُقرأ من مالكه ويُعرض موسومًا	اسم الحقل ودلالته	قائم (AS-IS)	SUP-01	—
عقود الموردين	م01_سجل_الموردين	1	AB3	28	التصنيف الاستراتيجي (م20) ◄	ورقة بلا بيانات	مستورد للقراءة من مالكه	يُقرأ من مالكه ويُعرض موسومًا	اسم الحقل ودلالته	قائم (AS-IS)	SUP-01	—
عقود الموردين	م01_سجل_الموردين	1	AC3	29	مستوى الحجية	قيمة مثبتة	أثر تدقيقي أو بيانات وصفية	يُحفظ ولا يُعرض في النموذج	قيمة في المرجع	قائم (AS-IS)	SUP-01	—
عقود الموردين	م01_سجل_الموردين	1	AD3	30	مصدر التوثيق	قيمة مثبتة	إدخال أعمال	خانة إدخال مفتوحة	قيمة في المرجع	قائم (AS-IS)	SUP-01	—
عقود الموردين	م01_سجل_الموردين	1	AE3	31	ملاحظات	قيمة مثبتة	أثر تدقيقي أو بيانات وصفية	يُحفظ ولا يُعرض في النموذج	قيمة في المرجع	قائم (AS-IS)	SUP-01	—
عقود الموردين	م02_جهات_الاتصال_والمفوضون	2	A3	1	رقم الجهة · Contact_ID	قيمة مثبتة	مفتاح أساسي مولَّد	يولّده النظام ولا يُحرَّر	قيمة في المرجع	يُبنى (TO-BE)	SUP-02	—
عقود الموردين	م02_جهات_الاتصال_والمفوضون	2	B3	2	رقم المورد	قيمة مثبتة	مفتاح خارجي موروث	يُورَث من الأب ولا يُنشأ هنا	قيمة في المرجع	يُبنى (TO-BE)	SUP-02	—
عقود الموردين	م02_جهات_الاتصال_والمفوضون	2	C3	3	اسم المورد (بحث)	قيمة مثبتة	مرجع من قائمة	قائمة اختيار — لا كتابة حرة	قيمة في المرجع	يُبنى (TO-BE)	SUP-02	—
عقود الموردين	م02_جهات_الاتصال_والمفوضون	2	D3	4	الاسم	ورقة بلا بيانات	إدخال أعمال	خانة إدخال مفتوحة	اسم الحقل ودلالته	يُبنى (TO-BE)	SUP-02	—
عقود الموردين	م02_جهات_الاتصال_والمفوضون	2	E3	5	الصفة/الدور	ورقة بلا بيانات	إدخال أعمال	خانة إدخال مفتوحة	اسم الحقل ودلالته	يُبنى (TO-BE)	SUP-02	—
عقود الموردين	م02_جهات_الاتصال_والمفوضون	2	F3	6	نوع التفويض	ورقة بلا بيانات	إدخال أعمال	خانة إدخال مفتوحة	اسم الحقل ودلالته	يُبنى (TO-BE)	SUP-02	—
عقود الموردين	م02_جهات_الاتصال_والمفوضون	2	G3	7	مستند التفويض	ورقة بلا بيانات	إدخال أعمال	خانة إدخال مفتوحة	اسم الحقل ودلالته	يُبنى (TO-BE)	SUP-02	—
عقود الموردين	م02_جهات_الاتصال_والمفوضون	2	H3	8	سريان التفويض من	ورقة بلا بيانات	إدخال أعمال	خانة إدخال مفتوحة	اسم الحقل ودلالته	يُبنى (TO-BE)	SUP-02	—
عقود الموردين	م02_جهات_الاتصال_والمفوضون	2	I3	9	إلى	ورقة بلا بيانات	إدخال أعمال	خانة إدخال مفتوحة	اسم الحقل ودلالته	يُبنى (TO-BE)	SUP-02	—
عقود الموردين	م02_جهات_الاتصال_والمفوضون	2	J3	10	الهاتف الأساسي	ورقة بلا بيانات	إدخال أعمال	خانة إدخال مفتوحة	اسم الحقل ودلالته	يُبنى (TO-BE)	SUP-02	—
عقود الموردين	م02_جهات_الاتصال_والمفوضون	2	K3	11	هاتف بديل	ورقة بلا بيانات	إدخال أعمال	خانة إدخال مفتوحة	اسم الحقل ودلالته	يُبنى (TO-BE)	SUP-02	—
عقود الموردين	م02_جهات_الاتصال_والمفوضون	2	L3	12	البريد	ورقة بلا بيانات	إدخال أعمال	خانة إدخال مفتوحة	اسم الحقل ودلالته	يُبنى (TO-BE)	SUP-02	—
عقود الموردين	م02_جهات_الاتصال_والمفوضون	2	M3	13	حالة جهة الاتصال	ورقة بلا بيانات	إدخال أعمال	خانة إدخال مفتوحة	اسم الحقل ودلالته	يُبنى (TO-BE)	SUP-02	—
عقود الموردين	م02_جهات_الاتصال_والمفوضون	2	N3	14	الحجية	ورقة بلا بيانات	أثر تدقيقي أو بيانات وصفية	يُحفظ ولا يُعرض في النموذج	اسم الحقل ودلالته	يُبنى (TO-BE)	SUP-02	—
عقود الموردين	م02_جهات_الاتصال_والمفوضون	2	O3	15	حالة البيانات	ورقة بلا بيانات	أثر تدقيقي أو بيانات وصفية	يُحفظ ولا يُعرض في النموذج	اسم الحقل ودلالته	يُبنى (TO-BE)	SUP-02	—
عقود الموردين	م02_جهات_الاتصال_والمفوضون	2	P3	16	ملاحظات	ورقة بلا بيانات	أثر تدقيقي أو بيانات وصفية	يُحفظ ولا يُعرض في النموذج	اسم الحقل ودلالته	يُبنى (TO-BE)	SUP-02	—
عقود الموردين	م03_التأهيل_القانوني_والائتماني	3	A3	1	رقم القيد · Qual_ID	قيمة مثبتة	مفتاح أساسي مولَّد	يولّده النظام ولا يُحرَّر	قيمة في المرجع	قائم (AS-IS)	SUP-03	—
عقود الموردين	م03_التأهيل_القانوني_والائتماني	3	B3	2	رقم المورد	قيمة مثبتة	مفتاح خارجي موروث	يُورَث من الأب ولا يُنشأ هنا	قيمة في المرجع	قائم (AS-IS)	SUP-03	—
عقود الموردين	م03_التأهيل_القانوني_والائتماني	3	C3	3	اسم المورد (بحث)	قيمة مثبتة	مرجع من قائمة	قائمة اختيار — لا كتابة حرة	قيمة في المرجع	قائم (AS-IS)	SUP-03	—
عقود الموردين	م03_التأهيل_القانوني_والائتماني	3	D3	4	نوع الوثيقة	ورقة بلا بيانات	إدخال أعمال	خانة إدخال مفتوحة	اسم الحقل ودلالته	قائم (AS-IS)	SUP-03	—
عقود الموردين	م03_التأهيل_القانوني_والائتماني	3	E3	5	رقم الوثيقة	ورقة بلا بيانات	إدخال أعمال	خانة إدخال مفتوحة	اسم الحقل ودلالته	قائم (AS-IS)	SUP-03	—
عقود الموردين	م03_التأهيل_القانوني_والائتماني	3	F3	6	جهة الإصدار	ورقة بلا بيانات	إدخال أعمال	خانة إدخال مفتوحة	اسم الحقل ودلالته	قائم (AS-IS)	SUP-03	—
عقود الموردين	م03_التأهيل_القانوني_والائتماني	3	G3	7	تاريخ الإصدار	ورقة بلا بيانات	إدخال أعمال	خانة إدخال مفتوحة	اسم الحقل ودلالته	قائم (AS-IS)	SUP-03	—
عقود الموردين	م03_التأهيل_القانوني_والائتماني	3	H3	8	تاريخ الانتهاء	ورقة بلا بيانات	إدخال أعمال	خانة إدخال مفتوحة	اسم الحقل ودلالته	قائم (AS-IS)	SUP-03	—
عقود الموردين	م03_التأهيل_القانوني_والائتماني	3	I3	9	حالة التحقق	ورقة بلا بيانات	إدخال أعمال	خانة إدخال مفتوحة	اسم الحقل ودلالته	قائم (AS-IS)	SUP-03	—
عقود الموردين	م03_التأهيل_القانوني_والائتماني	3	J3	10	تاريخ التحقق	ورقة بلا بيانات	إدخال أعمال	خانة إدخال مفتوحة	اسم الحقل ودلالته	قائم (AS-IS)	SUP-03	—
عقود الموردين	م03_التأهيل_القانوني_والائتماني	3	K3	11	المتحقق	ورقة بلا بيانات	إدخال أعمال	خانة إدخال مفتوحة	اسم الحقل ودلالته	قائم (AS-IS)	SUP-03	—
عقود الموردين	م03_التأهيل_القانوني_والائتماني	3	L3	12	اسم البنك	ورقة بلا بيانات	إدخال أعمال	خانة إدخال مفتوحة	اسم الحقل ودلالته	قائم (AS-IS)	SUP-03	—
عقود الموردين	م03_التأهيل_القانوني_والائتماني	3	M3	13	الفرع	ورقة بلا بيانات	إدخال أعمال	خانة إدخال مفتوحة	اسم الحقل ودلالته	قائم (AS-IS)	SUP-03	—
عقود الموردين	م03_التأهيل_القانوني_والائتماني	3	N3	14	رقم الحساب	ورقة بلا بيانات	إدخال أعمال	خانة إدخال مفتوحة	اسم الحقل ودلالته	قائم (AS-IS)	SUP-03	—
عقود الموردين	م03_التأهيل_القانوني_والائتماني	3	O3	15	اسم صاحب الحساب	ورقة بلا بيانات	إدخال أعمال	خانة إدخال مفتوحة	اسم الحقل ودلالته	قائم (AS-IS)	SUP-03	—
عقود الموردين	م03_التأهيل_القانوني_والائتماني	3	P3	16	مطابقة الاسم للمورد؟	ورقة بلا بيانات	إدخال أعمال	خانة إدخال مفتوحة	اسم الحقل ودلالته	قائم (AS-IS)	SUP-03	—
عقود الموردين	م03_التأهيل_القانوني_والائتماني	3	Q3	17	علم حساب طرف ثالث	ورقة بلا بيانات	إدخال أعمال	خانة إدخال مفتوحة	اسم الحقل ودلالته	قائم (AS-IS)	SUP-03	—
عقود الموردين	م03_التأهيل_القانوني_والائتماني	3	R3	18	مستند تفويض الطرف الثالث	ورقة بلا بيانات	إدخال أعمال	خانة إدخال مفتوحة	اسم الحقل ودلالته	قائم (AS-IS)	SUP-03	—
عقود الموردين	م03_التأهيل_القانوني_والائتماني	3	S3	19	حد التعامل الشهري $	ورقة بلا بيانات	إدخال أعمال	خانة إدخال مفتوحة	اسم الحقل ودلالته	قائم (AS-IS)	SUP-03	—
عقود الموردين	م03_التأهيل_القانوني_والائتماني	3	T3	20	حد التعامل ج.س	ورقة بلا بيانات	إدخال أعمال	خانة إدخال مفتوحة	اسم الحقل ودلالته	قائم (AS-IS)	SUP-03	—
عقود الموردين	م03_التأهيل_القانوني_والائتماني	3	U3	21	شروط سداد افتراضية	ورقة بلا بيانات	إدخال أعمال	خانة إدخال مفتوحة	اسم الحقل ودلالته	قائم (AS-IS)	SUP-03	—
عقود الموردين	م03_التأهيل_القانوني_والائتماني	3	V3	22	التصنيف الائتماني الداخلي	ورقة بلا بيانات	إدخال أعمال	خانة إدخال مفتوحة	اسم الحقل ودلالته	قائم (AS-IS)	SUP-03	—
عقود الموردين	م03_التأهيل_القانوني_والائتماني	3	W3	23	أساس التصنيف	ورقة بلا بيانات	إدخال أعمال	خانة إدخال مفتوحة	اسم الحقل ودلالته	قائم (AS-IS)	SUP-03	—
عقود الموردين	م03_التأهيل_القانوني_والائتماني	3	X3	24	مستوى الحجية	ورقة بلا بيانات	أثر تدقيقي أو بيانات وصفية	يُحفظ ولا يُعرض في النموذج	اسم الحقل ودلالته	قائم (AS-IS)	SUP-03	—
عقود الموردين	م03_التأهيل_القانوني_والائتماني	3	Y3	25	حالة البيانات	ورقة بلا بيانات	أثر تدقيقي أو بيانات وصفية	يُحفظ ولا يُعرض في النموذج	اسم الحقل ودلالته	قائم (AS-IS)	SUP-03	—
عقود الموردين	م03_التأهيل_القانوني_والائتماني	3	Z3	26	ملاحظات	ورقة بلا بيانات	أثر تدقيقي أو بيانات وصفية	يُحفظ ولا يُعرض في النموذج	اسم الحقل ودلالته	قائم (AS-IS)	SUP-03	—
عقود الموردين	م04_المعدات_المقدَّمة_تحت_العقد	4	A3	1	كود المعدة · Equipment_ID	قيمة مثبتة	مفتاح أساسي مولَّد	يولّده النظام ولا يُحرَّر	قيمة في المرجع	قائم (AS-IS)	SUP-04	—
عقود الموردين	م04_المعدات_المقدَّمة_تحت_العقد	4	B3	2	التسلسل الزمني للإسناد ◄	قيمة مثبتة	مستورد للقراءة من مالكه	يُقرأ من مالكه ويُعرض موسومًا	قيمة في المرجع	قائم (AS-IS)	SUP-04	—
عقود الموردين	م04_المعدات_المقدَّمة_تحت_العقد	4	C3	3	رقم المورد	قيمة مثبتة	مفتاح خارجي موروث	يُورَث من الأب ولا يُنشأ هنا	قيمة في المرجع	قائم (AS-IS)	SUP-04	—
عقود الموردين	م04_المعدات_المقدَّمة_تحت_العقد	4	D3	4	اسم المورد (بحث)	قيمة مثبتة	مرجع من قائمة	قائمة اختيار — لا كتابة حرة	قيمة في المرجع	قائم (AS-IS)	SUP-04	—
عقود الموردين	م04_المعدات_المقدَّمة_تحت_العقد	4	E3	5	نوع الآلية/البند	قيمة مثبتة	إدخال أعمال	خانة إدخال مفتوحة	قيمة في المرجع	قائم (AS-IS)	SUP-04	—
عقود الموردين	م04_المعدات_المقدَّمة_تحت_العقد	4	F3	6	بادئة النوع (v4)	قيمة مثبتة	إدخال أعمال	خانة إدخال مفتوحة	قيمة في المرجع	قائم (AS-IS)	SUP-04	—
عقود الموردين	م04_المعدات_المقدَّمة_تحت_العقد	4	G3	7	رقم اللوحة (كما ورد)	ورقة بلا بيانات	إدخال أعمال	خانة إدخال مفتوحة	اسم الحقل ودلالته	قائم (AS-IS)	SUP-04	—
عقود الموردين	م04_المعدات_المقدَّمة_تحت_العقد	4	H3	8	رمز اللوحة	ورقة بلا بيانات	إدخال أعمال	خانة إدخال مفتوحة	اسم الحقل ودلالته	قائم (AS-IS)	SUP-04	—
عقود الموردين	م04_المعدات_المقدَّمة_تحت_العقد	4	I3	9	رقم اللوحة (رقمي)	ورقة بلا بيانات	إدخال أعمال	خانة إدخال مفتوحة	اسم الحقل ودلالته	قائم (AS-IS)	SUP-04	—
عقود الموردين	م04_المعدات_المقدَّمة_تحت_العقد	4	J3	10	رقم الشاسي	ورقة بلا بيانات	إدخال أعمال	خانة إدخال مفتوحة	اسم الحقل ودلالته	قائم (AS-IS)	SUP-04	—
عقود الموردين	م04_المعدات_المقدَّمة_تحت_العقد	4	K3	11	سنة الصنع	ورقة بلا بيانات	إدخال أعمال	خانة إدخال مفتوحة	اسم الحقل ودلالته	قائم (AS-IS)	SUP-04	—
عقود الموردين	م04_المعدات_المقدَّمة_تحت_العقد	4	L3	12	الملكية	قيمة مثبتة	إدخال أعمال	خانة إدخال مفتوحة	قيمة في المرجع	قائم (AS-IS)	SUP-04	—
عقود الموردين	م04_المعدات_المقدَّمة_تحت_العقد	4	M3	13	المالك القانوني للمعدة	قيمة مثبتة	إدخال أعمال	خانة إدخال مفتوحة	قيمة في المرجع	قائم (AS-IS)	SUP-04	—
عقود الموردين	م04_المعدات_المقدَّمة_تحت_العقد	4	N3	14	هاتف المالك	ورقة بلا بيانات	إدخال أعمال	خانة إدخال مفتوحة	اسم الحقل ودلالته	قائم (AS-IS)	SUP-04	—
عقود الموردين	م04_المعدات_المقدَّمة_تحت_العقد	4	O3	15	صفة المورد تجاه المعدة	قيمة مثبتة	إدخال أعمال	خانة إدخال مفتوحة	قيمة في المرجع	قائم (AS-IS)	SUP-04	—
عقود الموردين	م04_المعدات_المقدَّمة_تحت_العقد	4	P3	16	مستند حق التقديم (نوع/رقم/تاريخ/جهة)	ورقة بلا بيانات	إدخال أعمال	خانة إدخال مفتوحة	اسم الحقل ودلالته	قائم (AS-IS)	SUP-04	—
عقود الموردين	م04_المعدات_المقدَّمة_تحت_العقد	4	Q3	17	حالة التحقق من الصفة	قيمة مثبتة	إدخال أعمال	خانة إدخال مفتوحة	قيمة في المرجع	قائم (AS-IS)	SUP-04	—
عقود الموردين	م04_المعدات_المقدَّمة_تحت_العقد	4	R3	18	تاريخ التحقق	ورقة بلا بيانات	إدخال أعمال	خانة إدخال مفتوحة	اسم الحقل ودلالته	قائم (AS-IS)	SUP-04	—
عقود الموردين	م04_المعدات_المقدَّمة_تحت_العقد	4	S3	19	المتحقِّق	ورقة بلا بيانات	إدخال أعمال	خانة إدخال مفتوحة	اسم الحقل ودلالته	قائم (AS-IS)	SUP-04	—
عقود الموردين	م04_المعدات_المقدَّمة_تحت_العقد	4	T3	20	مخاطر الصفة ◄	قيمة مثبتة	مستورد للقراءة من مالكه	يُقرأ من مالكه ويُعرض موسومًا	قيمة في المرجع	قائم (AS-IS)	SUP-04	—
عقود الموردين	م04_المعدات_المقدَّمة_تحت_العقد	4	U3	21	وسم «لا تُرسمل»	ورقة بلا بيانات	إدخال أعمال	خانة إدخال مفتوحة	اسم الحقل ودلالته	قائم (AS-IS)	SUP-04	—
عقود الموردين	م04_المعدات_المقدَّمة_تحت_العقد	4	V3	22	حالة المعدة	قيمة مثبتة	إدخال أعمال	خانة إدخال مفتوحة	قيمة في المرجع	قائم (AS-IS)	SUP-04	—
عقود الموردين	م04_المعدات_المقدَّمة_تحت_العقد	4	W3	23	تاريخ أول إسناد ◄	قيمة مثبتة	مستورد للقراءة من مالكه	يُقرأ من مالكه ويُعرض موسومًا	قيمة في المرجع	قائم (AS-IS)	SUP-04	—
عقود الموردين	م04_المعدات_المقدَّمة_تحت_العقد	4	X3	24	تاريخ آخر إسناد ◄	قيمة مثبتة	مستورد للقراءة من مالكه	يُقرأ من مالكه ويُعرض موسومًا	قيمة في المرجع	قائم (AS-IS)	SUP-04	—
عقود الموردين	م04_المعدات_المقدَّمة_تحت_العقد	4	Y3	25	أشهر منذ آخر نشاط ◄	قيمة مثبتة	مستورد للقراءة من مالكه	يُقرأ من مالكه ويُعرض موسومًا	قيمة في المرجع	قائم (AS-IS)	SUP-04	—
عقود الموردين	م04_المعدات_المقدَّمة_تحت_العقد	4	Z3	26	عدد الخانات التي خدمها ◄	قيمة مثبتة	مشتق محسوب	يُحسب في الخدمة ولا يُدخل	قيمة في المرجع	قائم (AS-IS)	SUP-04	—
عقود الموردين	م04_المعدات_المقدَّمة_تحت_العقد	4	AA3	27	آخر عميل خدمه ◄	قيمة مثبتة	مشتق محسوب	يُحسب في الخدمة ولا يُدخل	قيمة في المرجع	قائم (AS-IS)	SUP-04	—
عقود الموردين	م04_المعدات_المقدَّمة_تحت_العقد	4	AB3	28	أساس حالة المعدة ◄	قيمة مثبتة	مستورد للقراءة من مالكه	يُقرأ من مالكه ويُعرض موسومًا	قيمة في المرجع	قائم (AS-IS)	SUP-04	—
عقود الموردين	م04_المعدات_المقدَّمة_تحت_العقد	4	AC3	29	علم تعارض الحالة ◄	ورقة بلا بيانات	مستورد للقراءة من مالكه	يُقرأ من مالكه ويُعرض موسومًا	اسم الحقل ودلالته	قائم (AS-IS)	SUP-04	—
عقود الموردين	م04_المعدات_المقدَّمة_تحت_العقد	4	AD3	30	تاريخ الحالة	ورقة بلا بيانات	إدخال أعمال	خانة إدخال مفتوحة	اسم الحقل ودلالته	قائم (AS-IS)	SUP-04	—
عقود الموردين	م04_المعدات_المقدَّمة_تحت_العقد	4	AE3	31	معدة مساندة؟	قيمة مثبتة	إدخال أعمال	خانة إدخال مفتوحة	قيمة في المرجع	قائم (AS-IS)	SUP-04	—
عقود الموردين	م04_المعدات_المقدَّمة_تحت_العقد	4	AF3	32	مرادفات أكواد قديمة	ورقة بلا بيانات	إدخال أعمال	خانة إدخال مفتوحة	اسم الحقل ودلالته	قائم (AS-IS)	SUP-04	—
عقود الموردين	م04_المعدات_المقدَّمة_تحت_العقد	4	AG3	33	مصدر التوثيق	قيمة مثبتة	إدخال أعمال	خانة إدخال مفتوحة	قيمة في المرجع	قائم (AS-IS)	SUP-04	—
عقود الموردين	م04_المعدات_المقدَّمة_تحت_العقد	4	AH3	34	ملاحظات	ورقة بلا بيانات	أثر تدقيقي أو بيانات وصفية	يُحفظ ولا يُعرض في النموذج	اسم الحقل ودلالته	قائم (AS-IS)	SUP-04	—
عقود الموردين	م05_احتياجات_التغطية	5	A3	1	رقم الاحتياج · Need_ID	قيمة مثبتة	مفتاح أساسي مولَّد	يولّده النظام ولا يُحرَّر	قيمة في المرجع	قائم (AS-IS)	SUP-05	—
عقود الموردين	م05_احتياجات_التغطية	5	B3	2	كود العقد	قيمة مثبتة	مفتاح خارجي موروث	يُورَث من الأب ولا يُنشأ هنا	قيمة في المرجع	قائم (AS-IS)	SUP-05	—
عقود الموردين	م05_احتياجات_التغطية	5	C3	3	رقم العقد (تسلسل العميل)	قيمة مثبتة	مفتاح خارجي موروث	يُورَث من الأب ولا يُنشأ هنا	قيمة في المرجع	قائم (AS-IS)	SUP-05	—
عقود الموردين	م05_احتياجات_التغطية	5	D3	4	رقم العميل	قيمة مثبتة	مفتاح خارجي موروث	يُورَث من الأب ولا يُنشأ هنا	قيمة في المرجع	قائم (AS-IS)	SUP-05	—
عقود الموردين	م05_احتياجات_التغطية	5	E3	5	اسم العميل (بحث)	قيمة مثبتة	مرجع من قائمة	قائمة اختيار — لا كتابة حرة	قيمة في المرجع	قائم (AS-IS)	SUP-05	—
عقود الموردين	م05_احتياجات_التغطية	5	F3	6	نموذج العمل	قيمة مثبتة	إدخال أعمال	خانة إدخال مفتوحة	قيمة في المرجع	قائم (AS-IS)	SUP-05	—
عقود الموردين	م05_احتياجات_التغطية	5	G3	7	مفتاح الحاوية · Key	قيمة مثبتة	إدخال أعمال	خانة إدخال مفتوحة	قيمة في المرجع	قائم (AS-IS)	SUP-05	—
عقود الموردين	م05_احتياجات_التغطية	5	H3	8	رقم التجديد (الحاوية)	قيمة مثبتة	مفتاح خارجي موروث	يُورَث من الأب ولا يُنشأ هنا	قيمة في المرجع	قائم (AS-IS)	SUP-05	—
عقود الموردين	م05_احتياجات_التغطية	5	I3	9	نوع الحاوية	قيمة مثبتة	إدخال أعمال	خانة إدخال مفتوحة	قيمة في المرجع	قائم (AS-IS)	SUP-05	—
عقود الموردين	م05_احتياجات_التغطية	5	J3	10	نوع الآلية/البند	قيمة مثبتة	إدخال أعمال	خانة إدخال مفتوحة	قيمة في المرجع	قائم (AS-IS)	SUP-05	—
عقود الموردين	م05_احتياجات_التغطية	5	K3	11	وحدة القياس	قيمة مثبتة	إدخال أعمال	خانة إدخال مفتوحة	قيمة في المرجع	قائم (AS-IS)	SUP-05	—
عقود الموردين	م05_احتياجات_التغطية	5	L3	12	خانات العميل	قيمة مثبتة	إدخال أعمال	خانة إدخال مفتوحة	قيمة في المرجع	قائم (AS-IS)	SUP-05	—
عقود الموردين	م05_احتياجات_التغطية	5	M3	13	أساس الوحدة الشهري	قيمة مثبتة	إدخال أعمال	خانة إدخال مفتوحة	قيمة في المرجع	قائم (AS-IS)	SUP-05	—
عقود الموردين	م05_احتياجات_التغطية	5	N3	14	أشهر الحاوية	قيمة مثبتة	إدخال أعمال	خانة إدخال مفتوحة	قيمة في المرجع	قائم (AS-IS)	SUP-05	—
عقود الموردين	م05_احتياجات_التغطية	5	O3	15	سعة الحاوية (المستهدف)	قيمة مثبتة	إدخال أعمال	خانة إدخال مفتوحة	قيمة في المرجع	قائم (AS-IS)	SUP-05	—
عقود الموردين	م05_احتياجات_التغطية	5	P3	16	المستهدف المنقضي ◄	ورقة بلا بيانات	مستورد للقراءة من مالكه	يُقرأ من مالكه ويُعرض موسومًا	اسم الحقل ودلالته	قائم (AS-IS)	SUP-05	—
عقود الموردين	م05_احتياجات_التغطية	5	Q3	17	سعر بيع الوحدة (قراءة) ◄	ورقة بلا بيانات	مستورد للقراءة من مالكه	يُقرأ من مالكه ويُعرض موسومًا	اسم الحقل ودلالته	قائم (AS-IS)	SUP-05	—
عقود الموردين	م05_احتياجات_التغطية	5	R3	18	السريان التعاقدي من	قيمة مثبتة	إدخال أعمال	خانة إدخال مفتوحة	قيمة في المرجع	قائم (AS-IS)	SUP-05	—
عقود الموردين	م05_احتياجات_التغطية	5	S3	19	إلى	قيمة مثبتة	إدخال أعمال	خانة إدخال مفتوحة	قيمة في المرجع	قائم (AS-IS)	SUP-05	—
عقود الموردين	م05_احتياجات_التغطية	5	T3	20	حالة توزيع الاحتياج (مصدر)	قيمة مثبتة	إدخال أعمال	خانة إدخال مفتوحة	قيمة في المرجع	قائم (AS-IS)	SUP-05	—
عقود الموردين	م05_احتياجات_التغطية	5	U3	21	المغطى بعقود الموردين ◄	قيمة مثبتة	مستورد للقراءة من مالكه	يُقرأ من مالكه ويُعرض موسومًا	قيمة في المرجع	قائم (AS-IS)	SUP-05	—
عقود الموردين	م05_احتياجات_التغطية	5	V3	22	فجوة التغطية ◄	قيمة مثبتة	مشتق محسوب	يُحسب في الخدمة ولا يُدخل	قيمة في المرجع	قائم (AS-IS)	SUP-05	—
عقود الموردين	م05_احتياجات_التغطية	5	W3	23	حالة الاحتياج	قيمة مثبتة	إدخال أعمال	خانة إدخال مفتوحة	قيمة في المرجع	قائم (AS-IS)	SUP-05	—
عقود الموردين	م05_احتياجات_التغطية	5	X3	24	Σ حصص الموردين (حي) ◄	صيغة عابرة للأوراق	مستورد للقراءة من مالكه	يُقرأ من مالكه ويُعرض موسومًا	صيغة حية في المرجع	قائم (AS-IS)	SUP-05	—
عقود الموردين	م05_احتياجات_التغطية	5	Y3	25	علم تجاوز التوزيع ◄	صيغة داخلية	مشتق محسوب	يُحسب في الخدمة ولا يُدخل	صيغة حية في المرجع	قائم (AS-IS)	SUP-05	—
عقود الموردين	م05_احتياجات_التغطية	5	Z3	26	فحص الخانات (مصدر)	قيمة مثبتة	إدخال أعمال	خانة إدخال مفتوحة	قيمة في المرجع	قائم (AS-IS)	SUP-05	—
عقود الموردين	م05_احتياجات_التغطية	5	AA3	27	خانات الموردين (مصدر)	قيمة مثبتة	إدخال أعمال	خانة إدخال مفتوحة	قيمة في المرجع	قائم (AS-IS)	SUP-05	—
عقود الموردين	م05_احتياجات_التغطية	5	AB3	28	منفَّذ الحاوية (مصدر) ◄	قيمة مثبتة	مستورد للقراءة من مالكه	يُقرأ من مالكه ويُعرض موسومًا	قيمة في المرجع	قائم (AS-IS)	SUP-05	—
عقود الموردين	م05_احتياجات_التغطية	5	AC3	29	نسبة تحقق الحاوية (مصدر) ◄	قيمة مثبتة	مشتق محسوب	يُحسب في الخدمة ولا يُدخل	قيمة في المرجع	قائم (AS-IS)	SUP-05	—
عقود الموردين	م05_احتياجات_التغطية	5	AD3	30	ملاحظات	قيمة مثبتة	أثر تدقيقي أو بيانات وصفية	يُحفظ ولا يُعرض في النموذج	قيمة في المرجع	قائم (AS-IS)	SUP-05	—
عقود الموردين	م05_احتياجات_التغطية	5	AE3	31	حالة عقد العميل (قراءة من المبيعات) ◄	قيمة مثبتة	مستورد للقراءة من مالكه	يُقرأ من مالكه ويُعرض موسومًا	قيمة في المرجع	قائم (AS-IS)	SUP-05	—
عقود الموردين	م05_احتياجات_التغطية	5	AF3	32	النهاية التنفيذية لعقد العميل ◄	قيمة مثبتة	مستورد للقراءة من مالكه	يُقرأ من مالكه ويُعرض موسومًا	قيمة في المرجع	قائم (AS-IS)	SUP-05	—
عقود الموردين	م06_الترشيح_ومراجعة_التعاقد	6	A3	1	رقم الترشيح · Nom_ID	قيمة مثبتة	مفتاح أساسي مولَّد	يولّده النظام ولا يُحرَّر	قيمة في المرجع	قائم (AS-IS)	SUP-06	—
عقود الموردين	م06_الترشيح_ومراجعة_التعاقد	6	B3	2	رقم الاحتياج	ورقة بلا بيانات	مفتاح خارجي موروث	يُورَث من الأب ولا يُنشأ هنا	اسم الحقل ودلالته	قائم (AS-IS)	SUP-06	—
عقود الموردين	م06_الترشيح_ومراجعة_التعاقد	6	C3	3	كود العقد	قيمة مثبتة	مفتاح خارجي موروث	يُورَث من الأب ولا يُنشأ هنا	قيمة في المرجع	قائم (AS-IS)	SUP-06	—
عقود الموردين	م06_الترشيح_ومراجعة_التعاقد	6	D3	4	رقم المورد	قيمة مثبتة	مفتاح خارجي موروث	يُورَث من الأب ولا يُنشأ هنا	قيمة في المرجع	قائم (AS-IS)	SUP-06	—
عقود الموردين	م06_الترشيح_ومراجعة_التعاقد	6	E3	5	اسم المورد (بحث)	قيمة مثبتة	مرجع من قائمة	قائمة اختيار — لا كتابة حرة	قيمة في المرجع	قائم (AS-IS)	SUP-06	—
عقود الموردين	م06_الترشيح_ومراجعة_التعاقد	6	F3	6	نوع الآلية/البند	ورقة بلا بيانات	إدخال أعمال	خانة إدخال مفتوحة	اسم الحقل ودلالته	قائم (AS-IS)	SUP-06	—
عقود الموردين	م06_الترشيح_ومراجعة_التعاقد	6	G3	7	كود المعدة المعروضة	ورقة بلا بيانات	إدخال أعمال	خانة إدخال مفتوحة	اسم الحقل ودلالته	قائم (AS-IS)	SUP-06	—
عقود الموردين	م06_الترشيح_ومراجعة_التعاقد	6	H3	8	السعر المعروض	ورقة بلا بيانات	لقطة تعاقدية	تُثبَّت لحظة التعاقد ولا تتغير بأثر رجعي	اسم الحقل ودلالته	قائم (AS-IS)	SUP-06	—
عقود الموردين	م06_الترشيح_ومراجعة_التعاقد	6	I3	9	العملة	قيمة مثبتة	إدخال أعمال	خانة إدخال مفتوحة	قيمة في المرجع	قائم (AS-IS)	SUP-06	—
عقود الموردين	م06_الترشيح_ومراجعة_التعاقد	6	J3	10	تاريخ العرض	ورقة بلا بيانات	إدخال أعمال	خانة إدخال مفتوحة	اسم الحقل ودلالته	قائم (AS-IS)	SUP-06	—
عقود الموردين	م06_الترشيح_ومراجعة_التعاقد	6	K3	11	فحص التأهيل القانوني	قيمة مثبتة	إدخال أعمال	خانة إدخال مفتوحة	قيمة في المرجع	قائم (AS-IS)	SUP-06	—
عقود الموردين	م06_الترشيح_ومراجعة_التعاقد	6	L3	12	فحص الحساب البنكي	قيمة مثبتة	إدخال أعمال	خانة إدخال مفتوحة	قيمة في المرجع	قائم (AS-IS)	SUP-06	—
عقود الموردين	م06_الترشيح_ومراجعة_التعاقد	6	M3	13	فحص تعارض المصالح	قيمة مثبتة	إدخال أعمال	خانة إدخال مفتوحة	قيمة في المرجع	قائم (AS-IS)	SUP-06	—
عقود الموردين	م06_الترشيح_ومراجعة_التعاقد	6	N3	14	فحص السقف الائتماني	قيمة مثبتة	إدخال أعمال	خانة إدخال مفتوحة	قيمة في المرجع	قائم (AS-IS)	SUP-06	—
عقود الموردين	م06_الترشيح_ومراجعة_التعاقد	6	O3	15	فحص الهامش (ضمن الحد)	قيمة مثبتة	إدخال أعمال	خانة إدخال مفتوحة	قيمة في المرجع	قائم (AS-IS)	SUP-06	—
عقود الموردين	م06_الترشيح_ومراجعة_التعاقد	6	P3	16	فحص توافق الحصة مع الاحتياج	قيمة مثبتة	إدخال أعمال	خانة إدخال مفتوحة	قيمة في المرجع	قائم (AS-IS)	SUP-06	—
عقود الموردين	م06_الترشيح_ومراجعة_التعاقد	6	Q3	17	استثناء معتمد (مرجع)	ورقة بلا بيانات	إدخال أعمال	خانة إدخال مفتوحة	اسم الحقل ودلالته	قائم (AS-IS)	SUP-06	—
عقود الموردين	م06_الترشيح_ومراجعة_التعاقد	6	R3	18	جاهزية التوقيع	ورقة بلا بيانات	إدخال أعمال	خانة إدخال مفتوحة	اسم الحقل ودلالته	قائم (AS-IS)	SUP-06	—
عقود الموردين	م06_الترشيح_ومراجعة_التعاقد	6	S3	19	المُنشئ	ورقة بلا بيانات	أثر تدقيقي أو بيانات وصفية	يُحفظ ولا يُعرض في النموذج	اسم الحقل ودلالته	قائم (AS-IS)	SUP-06	—
عقود الموردين	م06_الترشيح_ومراجعة_التعاقد	6	T3	20	المراجع	ورقة بلا بيانات	أثر تدقيقي أو بيانات وصفية	يُحفظ ولا يُعرض في النموذج	اسم الحقل ودلالته	قائم (AS-IS)	SUP-06	—
عقود الموردين	م06_الترشيح_ومراجعة_التعاقد	6	U3	21	المعتمِد	ورقة بلا بيانات	أثر تدقيقي أو بيانات وصفية	يُحفظ ولا يُعرض في النموذج	اسم الحقل ودلالته	قائم (AS-IS)	SUP-06	—
عقود الموردين	م06_الترشيح_ومراجعة_التعاقد	6	V3	22	تاريخ المراجعة	ورقة بلا بيانات	إدخال أعمال	خانة إدخال مفتوحة	اسم الحقل ودلالته	قائم (AS-IS)	SUP-06	—
عقود الموردين	م06_الترشيح_ومراجعة_التعاقد	6	W3	23	حالة الترشيح	قيمة مثبتة	إدخال أعمال	خانة إدخال مفتوحة	قيمة في المرجع	قائم (AS-IS)	SUP-06	—
عقود الموردين	م06_الترشيح_ومراجعة_التعاقد	6	X3	24	سبب الاختيار/الاستبعاد	قيمة مثبتة	إدخال أعمال	خانة إدخال مفتوحة	قيمة في المرجع	قائم (AS-IS)	SUP-06	—
عقود الموردين	م06_الترشيح_ومراجعة_التعاقد	6	Y3	25	كود عقد المورد الناتج	قيمة مثبتة	مفتاح خارجي موروث	يُورَث من الأب ولا يُنشأ هنا	قيمة في المرجع	قائم (AS-IS)	SUP-06	—
عقود الموردين	م06_الترشيح_ومراجعة_التعاقد	6	Z3	26	حالة البيانات	قيمة مثبتة	أثر تدقيقي أو بيانات وصفية	يُحفظ ولا يُعرض في النموذج	قيمة في المرجع	قائم (AS-IS)	SUP-06	—
عقود الموردين	م06_الترشيح_ومراجعة_التعاقد	6	AA3	27	ملاحظات	ورقة بلا بيانات	أثر تدقيقي أو بيانات وصفية	يُحفظ ولا يُعرض في النموذج	اسم الحقل ودلالته	قائم (AS-IS)	SUP-06	—
عقود الموردين	م07_سجل_عقود_الموردين	7	A3	1	كود عقد المورد · Sup_Contract_ID	قيمة مثبتة	مفتاح أساسي مولَّد	يولّده النظام ولا يُحرَّر	قيمة في المرجع	قائم (AS-IS)	SUP-08	—
عقود الموردين	م07_سجل_عقود_الموردين	7	B3	2	التسلسل الزمني للعقد ◄	قيمة مثبتة	مستورد للقراءة من مالكه	يُقرأ من مالكه ويُعرض موسومًا	قيمة في المرجع	قائم (AS-IS)	SUP-08	—
عقود الموردين	م07_سجل_عقود_الموردين	7	C3	3	رقم المورد	قيمة مثبتة	مفتاح خارجي موروث	يُورَث من الأب ولا يُنشأ هنا	قيمة في المرجع	قائم (AS-IS)	SUP-08	—
عقود الموردين	م07_سجل_عقود_الموردين	7	D3	4	اسم المورد (بحث)	قيمة مثبتة	مرجع من قائمة	قائمة اختيار — لا كتابة حرة	قيمة في المرجع	قائم (AS-IS)	SUP-08	—
عقود الموردين	م07_سجل_عقود_الموردين	7	E3	5	كود العقد (العميل)	قيمة مثبتة	مفتاح خارجي موروث	يُورَث من الأب ولا يُنشأ هنا	قيمة في المرجع	قائم (AS-IS)	SUP-08	—
عقود الموردين	م07_سجل_عقود_الموردين	7	F3	6	رقم العميل	قيمة مثبتة	مفتاح خارجي موروث	يُورَث من الأب ولا يُنشأ هنا	قيمة في المرجع	قائم (AS-IS)	SUP-08	—
عقود الموردين	م07_سجل_عقود_الموردين	7	G3	7	اسم العميل (بحث)	قيمة مثبتة	مرجع من قائمة	قائمة اختيار — لا كتابة حرة	قيمة في المرجع	قائم (AS-IS)	SUP-08	—
عقود الموردين	م07_سجل_عقود_الموردين	7	H3	8	نموذج العمل	قيمة مثبتة	إدخال أعمال	خانة إدخال مفتوحة	قيمة في المرجع	قائم (AS-IS)	SUP-08	—
عقود الموردين	م07_سجل_عقود_الموردين	7	I3	9	رقم عقد المورد (رتبة الانضمام) ◄	قيمة مثبتة	مفتاح خارجي موروث	يُورَث من الأب ولا يُنشأ هنا	قيمة في المرجع	قائم (AS-IS)	SUP-08	—
عقود الموردين	م07_سجل_عقود_الموردين	7	J3	10	تسلسل عقد المورد بالشركة	ورقة بلا بيانات	إدخال أعمال	خانة إدخال مفتوحة	اسم الحقل ودلالته	قائم (AS-IS)	SUP-08	—
عقود الموردين	م07_سجل_عقود_الموردين	7	K3	11	مفتاح الحاوية · Key	قيمة مثبتة	إدخال أعمال	خانة إدخال مفتوحة	قيمة في المرجع	قائم (AS-IS)	SUP-08	—
عقود الموردين	م07_سجل_عقود_الموردين	7	L3	12	استثناء تسوية فقط؟	قيمة مثبتة	إدخال أعمال	خانة إدخال مفتوحة	قيمة في المرجع	قائم (AS-IS)	SUP-08	—
عقود الموردين	م07_سجل_عقود_الموردين	7	M3	13	مرجع اعتماد الاستثناء	ورقة بلا بيانات	إدخال أعمال	خانة إدخال مفتوحة	اسم الحقل ودلالته	قائم (AS-IS)	SUP-08	—
عقود الموردين	م07_سجل_عقود_الموردين	7	N3	14	توقيع الوثيقة	ورقة بلا بيانات	إدخال أعمال	خانة إدخال مفتوحة	اسم الحقل ودلالته	قائم (AS-IS)	SUP-08	—
عقود الموردين	م07_سجل_عقود_الموردين	7	O3	15	البداية التعاقدية (مستنتجة) ◄	قيمة مثبتة	مستورد للقراءة من مالكه	يُقرأ من مالكه ويُعرض موسومًا	قيمة في المرجع	قائم (AS-IS)	SUP-08	—
عقود الموردين	م07_سجل_عقود_الموردين	7	P3	16	النهاية التعاقدية (مستنتجة) ◄	قيمة مثبتة	مستورد للقراءة من مالكه	يُقرأ من مالكه ويُعرض موسومًا	قيمة في المرجع	قائم (AS-IS)	SUP-08	—
عقود الموردين	م07_سجل_عقود_الموردين	7	Q3	17	أساس استنتاج المدة	قيمة مثبتة	إدخال أعمال	خانة إدخال مفتوحة	قيمة في المرجع	قائم (AS-IS)	SUP-08	—
عقود الموردين	م07_سجل_عقود_الموردين	7	R3	18	البداية التنفيذية ◄	قيمة مثبتة	مستورد للقراءة من مالكه	يُقرأ من مالكه ويُعرض موسومًا	قيمة في المرجع	قائم (AS-IS)	SUP-08	—
عقود الموردين	م07_سجل_عقود_الموردين	7	S3	19	النهاية التنفيذية ◄	قيمة مثبتة	مستورد للقراءة من مالكه	يُقرأ من مالكه ويُعرض موسومًا	قيمة في المرجع	قائم (AS-IS)	SUP-08	—
عقود الموردين	م07_سجل_عقود_الموردين	7	T3	20	تاريخ الانضمام (أول يوم عمل) ◄	قيمة مثبتة	مستورد للقراءة من مالكه	يُقرأ من مالكه ويُعرض موسومًا	قيمة في المرجع	قائم (AS-IS)	SUP-08	—
عقود الموردين	م07_سجل_عقود_الموردين	7	U3	21	حالة العقد	قيمة مثبتة	إدخال أعمال	خانة إدخال مفتوحة	قيمة في المرجع	قائم (AS-IS)	SUP-08	—
عقود الموردين	م07_سجل_عقود_الموردين	7	V3	22	أساس حالة العقد ◄	قيمة مثبتة	مستورد للقراءة من مالكه	يُقرأ من مالكه ويُعرض موسومًا	قيمة في المرجع	قائم (AS-IS)	SUP-08	—
عقود الموردين	م07_سجل_عقود_الموردين	7	W3	23	تعارض مع حالة عقد العميل ◄	ورقة بلا بيانات	مستورد للقراءة من مالكه	يُقرأ من مالكه ويُعرض موسومًا	اسم الحقل ودلالته	قائم (AS-IS)	SUP-08	—
عقود الموردين	م07_سجل_عقود_الموردين	7	X3	24	تكييف الوثيقة	قيمة مثبتة	إدخال أعمال	خانة إدخال مفتوحة	قيمة في المرجع	قائم (AS-IS)	SUP-08	—
عقود الموردين	م07_سجل_عقود_الموردين	7	Y3	25	مستوى الحجية	قيمة مثبتة	أثر تدقيقي أو بيانات وصفية	يُحفظ ولا يُعرض في النموذج	قيمة في المرجع	قائم (AS-IS)	SUP-08	—
عقود الموردين	م07_سجل_عقود_الموردين	7	Z3	26	العملة	قيمة مثبتة	إدخال أعمال	خانة إدخال مفتوحة	قيمة في المرجع	قائم (AS-IS)	SUP-08	—
عقود الموردين	م07_سجل_عقود_الموردين	7	AA3	27	شروط السداد	ورقة بلا بيانات	إدخال أعمال	خانة إدخال مفتوحة	اسم الحقل ودلالته	قائم (AS-IS)	SUP-08	—
عقود الموردين	م07_سجل_عقود_الموردين	7	AB3	28	موقع التنفيذ/المنجم	ورقة بلا بيانات	إدخال أعمال	خانة إدخال مفتوحة	اسم الحقل ودلالته	قائم (AS-IS)	SUP-08	—
عقود الموردين	م07_سجل_عقود_الموردين	7	AC3	29	القيمة الشهرية التعاقدية ◄	صيغة عابرة للأوراق	مستورد للقراءة من مالكه	يُقرأ من مالكه ويُعرض موسومًا	صيغة حية في المرجع	قائم (AS-IS)	SUP-08	—
عقود الموردين	م07_سجل_عقود_الموردين	7	AD3	30	قيمة العقد التقديرية ◄	ورقة بلا بيانات	مشتق محسوب	يُحسب في الخدمة ولا يُدخل	اسم الحقل ودلالته	قائم (AS-IS)	SUP-08	—
عقود الموردين	م07_سجل_عقود_الموردين	7	AE3	31	عدد البنود ◄	صيغة عابرة للأوراق	مشتق محسوب	يُحسب في الخدمة ولا يُدخل	صيغة حية في المرجع	قائم (AS-IS)	SUP-08	—
عقود الموردين	م07_سجل_عقود_الموردين	7	AF3	32	عدد الخانات المسندة ◄	صيغة عابرة للأوراق	مشتق محسوب	يُحسب في الخدمة ولا يُدخل	صيغة حية في المرجع	قائم (AS-IS)	SUP-08	—
عقود الموردين	م07_سجل_عقود_الموردين	7	AG3	33	نسخة العقد الحالية	قيمة مثبتة	إدخال أعمال	خانة إدخال مفتوحة	قيمة في المرجع	قائم (AS-IS)	SUP-08	—
عقود الموردين	م07_سجل_عقود_الموردين	7	AH3	34	مرجع آخر ملحق (م21)	قيمة مثبتة	إدخال أعمال	خانة إدخال مفتوحة	قيمة في المرجع	قائم (AS-IS)	SUP-08	—
عقود الموردين	م07_سجل_عقود_الموردين	7	AI3	35	حالة الإغلاق ◄	صيغة عابرة للأوراق	مستورد للقراءة من مالكه	يُقرأ من مالكه ويُعرض موسومًا	صيغة حية في المرجع	قائم (AS-IS)	SUP-08	—
عقود الموردين	م07_سجل_عقود_الموردين	7	AJ3	36	علم انتهاء قبل عقد العميل ◄	ورقة بلا بيانات	مستورد للقراءة من مالكه	يُقرأ من مالكه ويُعرض موسومًا	اسم الحقل ودلالته	قائم (AS-IS)	SUP-08	—
عقود الموردين	م07_سجل_عقود_الموردين	7	AK3	37	حلقات الحجية المتوفرة (من 20) ◄	قيمة مثبتة	مستورد للقراءة من مالكه	يُقرأ من مالكه ويُعرض موسومًا	قيمة في المرجع	قائم (AS-IS)	SUP-08	—
عقود الموردين	م07_سجل_عقود_الموردين	7	AL3	38	نسبة اكتمال الملف المستندي ◄	قيمة مثبتة	مشتق محسوب	يُحسب في الخدمة ولا يُدخل	قيمة في المرجع	قائم (AS-IS)	SUP-08	—
عقود الموردين	م07_سجل_عقود_الموردين	7	AM3	39	الحلقات المفقودة ◄	قيمة مثبتة	مستورد للقراءة من مالكه	يُقرأ من مالكه ويُعرض موسومًا	قيمة في المرجع	قائم (AS-IS)	SUP-08	—
عقود الموردين	م07_سجل_عقود_الموردين	7	AN3	40	حالة البيانات	قيمة مثبتة	أثر تدقيقي أو بيانات وصفية	يُحفظ ولا يُعرض في النموذج	قيمة في المرجع	قائم (AS-IS)	SUP-08	—
عقود الموردين	م07_سجل_عقود_الموردين	7	AO3	41	ملاحظات	قيمة مثبتة	أثر تدقيقي أو بيانات وصفية	يُحفظ ولا يُعرض في النموذج	قيمة في المرجع	قائم (AS-IS)	SUP-08	—
عقود الموردين	م07_سجل_عقود_الموردين	7	AP3	42	المُنشئ	ورقة بلا بيانات	أثر تدقيقي أو بيانات وصفية	يُحفظ ولا يُعرض في النموذج	اسم الحقل ودلالته	قائم (AS-IS)	SUP-08	—
عقود الموردين	م07_سجل_عقود_الموردين	7	AQ3	43	المراجع	ورقة بلا بيانات	أثر تدقيقي أو بيانات وصفية	يُحفظ ولا يُعرض في النموذج	اسم الحقل ودلالته	قائم (AS-IS)	SUP-08	—
عقود الموردين	م07_سجل_عقود_الموردين	7	AR3	44	المعتمِد	ورقة بلا بيانات	أثر تدقيقي أو بيانات وصفية	يُحفظ ولا يُعرض في النموذج	اسم الحقل ودلالته	قائم (AS-IS)	SUP-08	—
عقود الموردين	م07_سجل_عقود_الموردين	7	AS3	45	تاريخ الاعتماد الداخلي	ورقة بلا بيانات	أثر تدقيقي أو بيانات وصفية	يُحفظ ولا يُعرض في النموذج	اسم الحقل ودلالته	قائم (AS-IS)	SUP-08	—
عقود الموردين	م08_بنود_عقود_الموردين	8	A3	1	رقم البند · SupLine_ID	قيمة مثبتة	مفتاح أساسي مولَّد	يولّده النظام ولا يُحرَّر	قيمة في المرجع	قائم (AS-IS)	SUP-09	—
عقود الموردين	م08_بنود_عقود_الموردين	8	B3	2	كود عقد المورد	قيمة مثبتة	مفتاح خارجي موروث	يُورَث من الأب ولا يُنشأ هنا	قيمة في المرجع	قائم (AS-IS)	SUP-09	—
عقود الموردين	م08_بنود_عقود_الموردين	8	C3	3	رقم المورد	قيمة مثبتة	مفتاح خارجي موروث	يُورَث من الأب ولا يُنشأ هنا	قيمة في المرجع	قائم (AS-IS)	SUP-09	—
عقود الموردين	م08_بنود_عقود_الموردين	8	D3	4	اسم المورد (بحث)	قيمة مثبتة	مرجع من قائمة	قائمة اختيار — لا كتابة حرة	قيمة في المرجع	قائم (AS-IS)	SUP-09	—
عقود الموردين	م08_بنود_عقود_الموردين	8	E3	5	رقم بند عقد العميل المقابل	ورقة بلا بيانات	مفتاح خارجي موروث	يُورَث من الأب ولا يُنشأ هنا	اسم الحقل ودلالته	قائم (AS-IS)	SUP-09	—
عقود الموردين	م08_بنود_عقود_الموردين	8	F3	6	نموذج العمل	قيمة مثبتة	موروث بالإسناد من الأب	يُملأ من الأب عند الإنشاء ويُعرض مقفلًا	قاعدة المتطلب الحاكم	قائم (AS-IS)	SUP-09	حُسم بالمتطلب: إدخال أعمال ← موروث بالإسناد من الأب
عقود الموردين	م08_بنود_عقود_الموردين	8	G3	7	نوع الآلية/البند	قيمة مثبتة	موروث بالإسناد من الأب	يُملأ من الأب عند الإنشاء ويُعرض مقفلًا	قاعدة المتطلب الحاكم	قائم (AS-IS)	SUP-09	حُسم بالمتطلب: إدخال أعمال ← موروث بالإسناد من الأب
عقود الموردين	م08_بنود_عقود_الموردين	8	H3	8	وحدة القياس	قيمة مثبتة	موروث بالإسناد من الأب	يُملأ من الأب عند الإنشاء ويُعرض مقفلًا	قاعدة المتطلب الحاكم	قائم (AS-IS)	SUP-09	حُسم بالمتطلب: إدخال أعمال ← موروث بالإسناد من الأب
عقود الموردين	م08_بنود_عقود_الموردين	8	I3	9	الحصة الشهرية المتعاقدة	قيمة مثبتة	موروث بالإسناد من الأب	يُملأ من الأب عند الإنشاء ويُعرض مقفلًا	قاعدة المتطلب الحاكم	قائم (AS-IS)	SUP-09	حُسم بالمتطلب: إدخال أعمال ← موروث بالإسناد من الأب
عقود الموردين	م08_بنود_عقود_الموردين	8	J3	10	سعر الوحدة الأساسي	ورقة بلا بيانات	موروث بالإسناد من الأب	يُملأ من الأب عند الإنشاء ويُعرض مقفلًا	قاعدة المتطلب الحاكم	قائم (AS-IS)	SUP-09	حُسم بالمتطلب: لقطة تعاقدية ← موروث بالإسناد من الأب
عقود الموردين	م08_بنود_عقود_الموردين	8	K3	11	سعر الوحدة الإضافي	ورقة بلا بيانات	موروث بالإسناد من الأب	يُملأ من الأب عند الإنشاء ويُعرض مقفلًا	قاعدة المتطلب الحاكم	قائم (AS-IS)	SUP-09	حُسم بالمتطلب: لقطة تعاقدية ← موروث بالإسناد من الأب
عقود الموردين	م08_بنود_عقود_الموردين	8	L3	12	سعر السداد ≤15 يومًا	ورقة بلا بيانات	موروث بالإسناد من الأب	يُملأ من الأب عند الإنشاء ويُعرض مقفلًا	قاعدة المتطلب الحاكم	قائم (AS-IS)	SUP-09	حُسم بالمتطلب: لقطة تعاقدية ← موروث بالإسناد من الأب
عقود الموردين	م08_بنود_عقود_الموردين	8	M3	13	سعر السداد 15–45	ورقة بلا بيانات	موروث بالإسناد من الأب	يُملأ من الأب عند الإنشاء ويُعرض مقفلًا	قاعدة المتطلب الحاكم	قائم (AS-IS)	SUP-09	حُسم بالمتطلب: لقطة تعاقدية ← موروث بالإسناد من الأب
عقود الموردين	م08_بنود_عقود_الموردين	8	N3	14	سعر السداد >45	ورقة بلا بيانات	موروث بالإسناد من الأب	يُملأ من الأب عند الإنشاء ويُعرض مقفلًا	قاعدة المتطلب الحاكم	قائم (AS-IS)	SUP-09	حُسم بالمتطلب: لقطة تعاقدية ← موروث بالإسناد من الأب
عقود الموردين	م08_بنود_عقود_الموردين	8	O3	15	المبلغ الشهري الأساسي	ورقة بلا بيانات	إدخال أعمال	خانة إدخال مفتوحة	اسم الحقل ودلالته	قائم (AS-IS)	SUP-09	—
عقود الموردين	م08_بنود_عقود_الموردين	8	P3	16	عدد الورديات	ورقة بلا بيانات	إدخال أعمال	خانة إدخال مفتوحة	اسم الحقل ودلالته	قائم (AS-IS)	SUP-09	—
عقود الموردين	م08_بنود_عقود_الموردين	8	Q3	17	العملة	قيمة مثبتة	موروث بالإسناد من الأب	يُملأ من الأب عند الإنشاء ويُعرض مقفلًا	قاعدة المتطلب الحاكم	قائم (AS-IS)	SUP-09	حُسم بالمتطلب: إدخال أعمال ← موروث بالإسناد من الأب
عقود الموردين	م08_بنود_عقود_الموردين	8	R3	18	سريان التركيبة من	قيمة مثبتة	موروث بالإسناد من الأب	يُملأ من الأب عند الإنشاء ويُعرض مقفلًا	قاعدة المتطلب الحاكم	قائم (AS-IS)	SUP-09	حُسم بالمتطلب: إدخال أعمال ← موروث بالإسناد من الأب
عقود الموردين	م08_بنود_عقود_الموردين	8	S3	19	إلى	قيمة مثبتة	إدخال أعمال	خانة إدخال مفتوحة	قيمة في المرجع	قائم (AS-IS)	SUP-09	—
عقود الموردين	م08_بنود_عقود_الموردين	8	T3	20	Pricing_Model	قيمة مثبتة	إدخال أعمال	خانة إدخال مفتوحة	قيمة في المرجع	قائم (AS-IS)	SUP-09	—
عقود الموردين	م08_بنود_عقود_الموردين	8	U3	21	Billing_UOM	قيمة مثبتة	إدخال أعمال	خانة إدخال مفتوحة	قيمة في المرجع	قائم (AS-IS)	SUP-09	—
عقود الموردين	م08_بنود_عقود_الموردين	8	V3	22	Minimum_Qty (أساس الخانة)	قيمة مثبتة	إدخال أعمال	خانة إدخال مفتوحة	قيمة في المرجع	قائم (AS-IS)	SUP-09	—
عقود الموردين	م08_بنود_عقود_الموردين	8	W3	23	Minimum_Period	قيمة مثبتة	إدخال أعمال	خانة إدخال مفتوحة	قيمة في المرجع	قائم (AS-IS)	SUP-09	—
عقود الموردين	م08_بنود_عقود_الموردين	8	X3	24	Guaranteed_Qty	ورقة بلا بيانات	إدخال أعمال	خانة إدخال مفتوحة	اسم الحقل ودلالته	قائم (AS-IS)	SUP-09	—
عقود الموردين	م08_بنود_عقود_الموردين	8	Y3	25	Threshold_Qty	ورقة بلا بيانات	إدخال أعمال	خانة إدخال مفتوحة	اسم الحقل ودلالته	قائم (AS-IS)	SUP-09	—
عقود الموردين	م08_بنود_عقود_الموردين	8	Z3	26	Shortfall_Bearer	قيمة مثبتة	إدخال أعمال	خانة إدخال مفتوحة	قيمة في المرجع	قائم (AS-IS)	SUP-09	—
عقود الموردين	م08_بنود_عقود_الموردين	8	AA3	27	Pricing_Reference	ورقة بلا بيانات	إدخال أعمال	خانة إدخال مفتوحة	اسم الحقل ودلالته	قائم (AS-IS)	SUP-09	—
عقود الموردين	م08_بنود_عقود_الموردين	8	AB3	28	النسخة السعرية	قيمة مثبتة	موروث بالإسناد من الأب	يُملأ من الأب عند الإنشاء ويُعرض مقفلًا	قاعدة المتطلب الحاكم	قائم (AS-IS)	SUP-09	حُسم بالمتطلب: إدخال أعمال ← موروث بالإسناد من الأب
عقود الموردين	م08_بنود_عقود_الموردين	8	AC3	29	حالة البند	قيمة مثبتة	موروث بالإسناد من الأب	يُملأ من الأب عند الإنشاء ويُعرض مقفلًا	قاعدة المتطلب الحاكم	قائم (AS-IS)	SUP-09	حُسم بالمتطلب: إدخال أعمال ← موروث بالإسناد من الأب
عقود الموردين	م08_بنود_عقود_الموردين	8	AD3	30	مصدر السعر/الحجية	قيمة مثبتة	موروث بالإسناد من الأب	يُملأ من الأب عند الإنشاء ويُعرض مقفلًا	قاعدة المتطلب الحاكم	قائم (AS-IS)	SUP-09	حُسم بالمتطلب: إدخال أعمال ← موروث بالإسناد من الأب
عقود الموردين	م08_بنود_عقود_الموردين	8	AE3	31	ملاحظات	قيمة مثبتة	أثر تدقيقي أو بيانات وصفية	يُحفظ ولا يُعرض في النموذج	قيمة في المرجع	قائم (AS-IS)	SUP-09	—
عقود الموردين	م09_مصفوفة_المسؤوليات_والتكاليف	9	A3	1	كود عقد المورد · Sup_Contract_ID	قيمة مثبتة	مفتاح أساسي مولَّد	يولّده النظام ولا يُحرَّر	قيمة في المرجع	قائم (AS-IS)	SUP-10	—
عقود الموردين	م09_مصفوفة_المسؤوليات_والتكاليف	9	B3	2	رقم المورد	قيمة مثبتة	مفتاح خارجي موروث	يُورَث من الأب ولا يُنشأ هنا	قيمة في المرجع	قائم (AS-IS)	SUP-10	—
عقود الموردين	م09_مصفوفة_المسؤوليات_والتكاليف	9	C3	3	اسم المورد (بحث)	قيمة مثبتة	مرجع من قائمة	قائمة اختيار — لا كتابة حرة	قيمة في المرجع	قائم (AS-IS)	SUP-10	—
عقود الموردين	م09_مصفوفة_المسؤوليات_والتكاليف	9	D3	4	نموذج العمل	قيمة مثبتة	إدخال أعمال	خانة إدخال مفتوحة	قيمة في المرجع	قائم (AS-IS)	SUP-10	—
عقود الموردين	م09_مصفوفة_المسؤوليات_والتكاليف	9	E3	5	تكييف الوثيقة	قيمة مثبتة	إدخال أعمال	خانة إدخال مفتوحة	قيمة في المرجع	قائم (AS-IS)	SUP-10	—
عقود الموردين	م09_مصفوفة_المسؤوليات_والتكاليف	9	F3	6	مستوى الحجية	قيمة مثبتة	أثر تدقيقي أو بيانات وصفية	يُحفظ ولا يُعرض في النموذج	قيمة في المرجع	قائم (AS-IS)	SUP-10	—
عقود الموردين	م09_مصفوفة_المسؤوليات_والتكاليف	9	G3	7	الوقود ▼	قيمة مثبتة	إدخال أعمال	خانة إدخال مفتوحة	قيمة في المرجع	قائم (AS-IS)	SUP-10	—
عقود الموردين	م09_مصفوفة_المسؤوليات_والتكاليف	9	H3	8	الزيوت ▼	قيمة مثبتة	إدخال أعمال	خانة إدخال مفتوحة	قيمة في المرجع	قائم (AS-IS)	SUP-10	—
عقود الموردين	م09_مصفوفة_المسؤوليات_والتكاليف	9	I3	9	الصيانة ▼	قيمة مثبتة	إدخال أعمال	خانة إدخال مفتوحة	قيمة في المرجع	قائم (AS-IS)	SUP-10	—
عقود الموردين	م09_مصفوفة_المسؤوليات_والتكاليف	9	J3	10	قطع الغيار ▼	قيمة مثبتة	إدخال أعمال	خانة إدخال مفتوحة	قيمة في المرجع	قائم (AS-IS)	SUP-10	—
عقود الموردين	م09_مصفوفة_المسؤوليات_والتكاليف	9	K3	11	المشغل (السائق) ▼	قيمة مثبتة	إدخال أعمال	خانة إدخال مفتوحة	قيمة في المرجع	قائم (AS-IS)	SUP-10	—
عقود الموردين	م09_مصفوفة_المسؤوليات_والتكاليف	9	L3	12	السكن والإعاشة ▼	قيمة مثبتة	إدخال أعمال	خانة إدخال مفتوحة	قيمة في المرجع	قائم (AS-IS)	SUP-10	—
عقود الموردين	م09_مصفوفة_المسؤوليات_والتكاليف	9	M3	13	ترحيل الذهاب (Mobilization) ▼	قيمة مثبتة	إدخال أعمال	خانة إدخال مفتوحة	قيمة في المرجع	قائم (AS-IS)	SUP-10	—
عقود الموردين	م09_مصفوفة_المسؤوليات_والتكاليف	9	N3	14	ترحيل العودة (Demobilization) ▼	قيمة مثبتة	إدخال أعمال	خانة إدخال مفتوحة	قيمة في المرجع	قائم (AS-IS)	SUP-10	—
عقود الموردين	م09_مصفوفة_المسؤوليات_والتكاليف	9	O3	15	الضرر ▼	قيمة مثبتة	إدخال أعمال	خانة إدخال مفتوحة	قيمة في المرجع	قائم (AS-IS)	SUP-10	—
عقود الموردين	م09_مصفوفة_المسؤوليات_والتكاليف	9	P3	16	الانتظار ▼	قيمة مثبتة	إدخال أعمال	خانة إدخال مفتوحة	قيمة في المرجع	قائم (AS-IS)	SUP-10	—
عقود الموردين	م09_مصفوفة_المسؤوليات_والتكاليف	9	Q3	17	التوقف ▼	قيمة مثبتة	إدخال أعمال	خانة إدخال مفتوحة	قيمة في المرجع	قائم (AS-IS)	SUP-10	—
عقود الموردين	م09_مصفوفة_المسؤوليات_والتكاليف	9	R3	18	العطل ▼	قيمة مثبتة	إدخال أعمال	خانة إدخال مفتوحة	قيمة في المرجع	قائم (AS-IS)	SUP-10	—
عقود الموردين	م09_مصفوفة_المسؤوليات_والتكاليف	9	S3	19	التأمين ▼	قيمة مثبتة	إدخال أعمال	خانة إدخال مفتوحة	قيمة في المرجع	قائم (AS-IS)	SUP-10	—
عقود الموردين	م09_مصفوفة_المسؤوليات_والتكاليف	9	T3	20	المخالفات ▼	قيمة مثبتة	إدخال أعمال	خانة إدخال مفتوحة	قيمة في المرجع	قائم (AS-IS)	SUP-10	—
عقود الموردين	م09_مصفوفة_المسؤوليات_والتكاليف	9	U3	21	عدد البنود المحددة ◄	صيغة داخلية	مشتق محسوب	يُحسب في الخدمة ولا يُدخل	صيغة حية في المرجع	قائم (AS-IS)	SUP-10	—
عقود الموردين	م09_مصفوفة_المسؤوليات_والتكاليف	9	V3	22	حالة تعبئة المصفوفة ◄	قيمة مثبتة	مستورد للقراءة من مالكه	يُقرأ من مالكه ويُعرض موسومًا	قيمة في المرجع	قائم (AS-IS)	SUP-10	—
عقود الموردين	م09_مصفوفة_المسؤوليات_والتكاليف	9	W3	23	المرجع (نص العقد/الملحق)	ورقة بلا بيانات	إدخال أعمال	خانة إدخال مفتوحة	اسم الحقل ودلالته	قائم (AS-IS)	SUP-10	—
عقود الموردين	م09_مصفوفة_المسؤوليات_والتكاليف	9	X3	24	المُعبِّئ	ورقة بلا بيانات	إدخال أعمال	خانة إدخال مفتوحة	اسم الحقل ودلالته	قائم (AS-IS)	SUP-10	—
عقود الموردين	م09_مصفوفة_المسؤوليات_والتكاليف	9	Y3	25	تاريخ التعبئة	ورقة بلا بيانات	إدخال أعمال	خانة إدخال مفتوحة	اسم الحقل ودلالته	قائم (AS-IS)	SUP-10	—
عقود الموردين	م09_مصفوفة_المسؤوليات_والتكاليف	9	Z3	26	حالة البيانات	ورقة بلا بيانات	أثر تدقيقي أو بيانات وصفية	يُحفظ ولا يُعرض في النموذج	اسم الحقل ودلالته	قائم (AS-IS)	SUP-10	—
عقود الموردين	م09_مصفوفة_المسؤوليات_والتكاليف	9	AA3	27	ملاحظات	ورقة بلا بيانات	أثر تدقيقي أو بيانات وصفية	يُحفظ ولا يُعرض في النموذج	اسم الحقل ودلالته	قائم (AS-IS)	SUP-10	—
عقود الموردين	م10_الحصص_والحاويات_التعاقدية	10	A3	1	كود الخانة · Slot_ID	قيمة مثبتة	مفتاح أساسي مولَّد	يولّده النظام ولا يُحرَّر	قيمة في المرجع	قائم (AS-IS)	SUP-11	—
عقود الموردين	م10_الحصص_والحاويات_التعاقدية	10	B3	2	التسلسل الزمني للخانة ◄	قيمة مثبتة	مستورد للقراءة من مالكه	يُقرأ من مالكه ويُعرض موسومًا	قيمة في المرجع	قائم (AS-IS)	SUP-11	—
عقود الموردين	م10_الحصص_والحاويات_التعاقدية	10	C3	3	رقم العميل	قيمة مثبتة	مفتاح خارجي موروث	يُورَث من الأب ولا يُنشأ هنا	قيمة في المرجع	قائم (AS-IS)	SUP-11	—
عقود الموردين	م10_الحصص_والحاويات_التعاقدية	10	D3	4	نموذج العمل	قيمة مثبتة	إدخال أعمال	خانة إدخال مفتوحة	قيمة في المرجع	قائم (AS-IS)	SUP-11	—
عقود الموردين	م10_الحصص_والحاويات_التعاقدية	10	E3	5	رقم العقد	قيمة مثبتة	مفتاح خارجي موروث	يُورَث من الأب ولا يُنشأ هنا	قيمة في المرجع	قائم (AS-IS)	SUP-11	—
عقود الموردين	م10_الحصص_والحاويات_التعاقدية	10	F3	6	رقم التجديد (الحاوية)	قيمة مثبتة	مفتاح خارجي موروث	يُورَث من الأب ولا يُنشأ هنا	قيمة في المرجع	قائم (AS-IS)	SUP-11	—
عقود الموردين	م10_الحصص_والحاويات_التعاقدية	10	G3	7	مفتاح الحاوية · Key	قيمة مثبتة	إدخال أعمال	خانة إدخال مفتوحة	قيمة في المرجع	قائم (AS-IS)	SUP-11	—
عقود الموردين	م10_الحصص_والحاويات_التعاقدية	10	H3	8	رقم المورد	ورقة بلا بيانات	مفتاح خارجي موروث	يُورَث من الأب ولا يُنشأ هنا	اسم الحقل ودلالته	قائم (AS-IS)	SUP-11	—
عقود الموردين	م10_الحصص_والحاويات_التعاقدية	10	I3	9	اسم المورد (بحث)	قيمة مثبتة	مرجع من قائمة	قائمة اختيار — لا كتابة حرة	قيمة في المرجع	قائم (AS-IS)	SUP-11	—
عقود الموردين	م10_الحصص_والحاويات_التعاقدية	10	J3	10	كود عقد المورد	ورقة بلا بيانات	مفتاح خارجي موروث	يُورَث من الأب ولا يُنشأ هنا	اسم الحقل ودلالته	قائم (AS-IS)	SUP-11	—
عقود الموردين	م10_الحصص_والحاويات_التعاقدية	10	K3	11	نوع الآلية/البند	قيمة مثبتة	إدخال أعمال	خانة إدخال مفتوحة	قيمة في المرجع	قائم (AS-IS)	SUP-11	—
عقود الموردين	م10_الحصص_والحاويات_التعاقدية	10	L3	12	وحدة القياس	قيمة مثبتة	إدخال أعمال	خانة إدخال مفتوحة	قيمة في المرجع	قائم (AS-IS)	SUP-11	—
عقود الموردين	م10_الحصص_والحاويات_التعاقدية	10	M3	13	نوع الخانة	قيمة مثبتة	إدخال أعمال	خانة إدخال مفتوحة	قيمة في المرجع	قائم (AS-IS)	SUP-11	—
عقود الموردين	م10_الحصص_والحاويات_التعاقدية	10	N3	14	التصنيف (استمرارية)	قيمة مثبتة	إدخال أعمال	خانة إدخال مفتوحة	قيمة في المرجع	قائم (AS-IS)	SUP-11	—
عقود الموردين	م10_الحصص_والحاويات_التعاقدية	10	O3	15	عدد خانات الآلية	قيمة مثبتة	إدخال أعمال	خانة إدخال مفتوحة	قيمة في المرجع	قائم (AS-IS)	SUP-11	—
عقود الموردين	م10_الحصص_والحاويات_التعاقدية	10	P3	16	الدور المستنتَج	ورقة بلا بيانات	إدخال أعمال	خانة إدخال مفتوحة	اسم الحقل ودلالته	قائم (AS-IS)	SUP-11	—
عقود الموردين	م10_الحصص_والحاويات_التعاقدية	10	Q3	17	أساس الخانة الشهري ◄	قيمة مثبتة	مستورد للقراءة من مالكه	يُقرأ من مالكه ويُعرض موسومًا	قيمة في المرجع	قائم (AS-IS)	SUP-11	—
عقود الموردين	م10_الحصص_والحاويات_التعاقدية	10	R3	18	أشهر عقد المورد بالحاوية (كما ورد)	قيمة مثبتة	إدخال أعمال	خانة إدخال مفتوحة	قيمة في المرجع	قائم (AS-IS)	SUP-11	—
عقود الموردين	م10_الحصص_والحاويات_التعاقدية	10	S3	19	أشهر منقضية ◄	قيمة مثبتة	مستورد للقراءة من مالكه	يُقرأ من مالكه ويُعرض موسومًا	قيمة في المرجع	قائم (AS-IS)	SUP-11	—
عقود الموردين	م10_الحصص_والحاويات_التعاقدية	10	T3	20	أشهر الحاوية (إجمالي) ◄	قيمة مثبتة	مستورد للقراءة من مالكه	يُقرأ من مالكه ويُعرض موسومًا	قيمة في المرجع	قائم (AS-IS)	SUP-11	—
عقود الموردين	م10_الحصص_والحاويات_التعاقدية	10	U3	21	خانات-شهر ◄	صيغة داخلية	مشتق محسوب	يُحسب في الخدمة ولا يُدخل	صيغة حية في المرجع	قائم (AS-IS)	SUP-11	—
عقود الموردين	م10_الحصص_والحاويات_التعاقدية	10	V3	22	حصة المورد ◄	قيمة مثبتة	مستورد للقراءة من مالكه	يُقرأ من مالكه ويُعرض موسومًا	قيمة في المرجع	قائم (AS-IS)	SUP-11	—
عقود الموردين	م10_الحصص_والحاويات_التعاقدية	10	W3	23	المستهدف الشهري	قيمة مثبتة	إدخال أعمال	خانة إدخال مفتوحة	قيمة في المرجع	قائم (AS-IS)	SUP-11	—
عقود الموردين	م10_الحصص_والحاويات_التعاقدية	10	X3	24	المعدات الأساسية المطلوبة	قيمة مثبتة	إدخال أعمال	خانة إدخال مفتوحة	قيمة في المرجع	قائم (AS-IS)	SUP-11	—
عقود الموردين	م10_الحصص_والحاويات_التعاقدية	10	Y3	25	الأساسية المتاحة ◄	قيمة مثبتة	مستورد للقراءة من مالكه	يُقرأ من مالكه ويُعرض موسومًا	قيمة في المرجع	قائم (AS-IS)	SUP-11	—
عقود الموردين	م10_الحصص_والحاويات_التعاقدية	10	Z3	26	الاحتياطية ◄	قيمة مثبتة	مستورد للقراءة من مالكه	يُقرأ من مالكه ويُعرض موسومًا	قيمة في المرجع	قائم (AS-IS)	SUP-11	—
عقود الموردين	م10_الحصص_والحاويات_التعاقدية	10	AA3	27	فجوة الأساسية ◄	قيمة مثبتة	مشتق محسوب	يُحسب في الخدمة ولا يُدخل	قيمة في المرجع	قائم (AS-IS)	SUP-11	—
عقود الموردين	م10_الحصص_والحاويات_التعاقدية	10	AB3	28	أساسية نشطة (حي) ◄	صيغة عابرة للأوراق	مستورد للقراءة من مالكه	يُقرأ من مالكه ويُعرض موسومًا	صيغة حية في المرجع	قائم (AS-IS)	SUP-11	—
عقود الموردين	م10_الحصص_والحاويات_التعاقدية	10	AC3	29	علم عجز معدات ◄	صيغة داخلية	مشتق محسوب	يُحسب في الخدمة ولا يُدخل	صيغة حية في المرجع	قائم (AS-IS)	SUP-11	—
عقود الموردين	م10_الحصص_والحاويات_التعاقدية	10	AD3	30	نسبة تغطية المعدات ◄	قيمة مثبتة	مشتق محسوب	يُحسب في الخدمة ولا يُدخل	قيمة في المرجع	قائم (AS-IS)	SUP-11	—
عقود الموردين	م10_الحصص_والحاويات_التعاقدية	10	AE3	31	الاعتماد على الاحتياطي ◄	ورقة بلا بيانات	مستورد للقراءة من مالكه	يُقرأ من مالكه ويُعرض موسومًا	اسم الحقل ودلالته	قائم (AS-IS)	SUP-11	—
عقود الموردين	م10_الحصص_والحاويات_التعاقدية	10	AF3	32	المنفَّذ ◄	قيمة مثبتة	مستورد للقراءة من مالكه	يُقرأ من مالكه ويُعرض موسومًا	قيمة في المرجع	قائم (AS-IS)	SUP-11	—
عقود الموردين	م10_الحصص_والحاويات_التعاقدية	10	AG3	33	نسبة التحقق ◄	قيمة مثبتة	مشتق محسوب	يُحسب في الخدمة ولا يُدخل	قيمة في المرجع	قائم (AS-IS)	SUP-11	—
عقود الموردين	م10_الحصص_والحاويات_التعاقدية	10	AH3	34	سريان الحصة من	ورقة بلا بيانات	إدخال أعمال	خانة إدخال مفتوحة	اسم الحقل ودلالته	قائم (AS-IS)	SUP-11	—
عقود الموردين	م10_الحصص_والحاويات_التعاقدية	10	AI3	35	إلى	ورقة بلا بيانات	إدخال أعمال	خانة إدخال مفتوحة	اسم الحقل ودلالته	قائم (AS-IS)	SUP-11	—
عقود الموردين	م10_الحصص_والحاويات_التعاقدية	10	AJ3	36	سعر وحدة المورد (م08) ◄	ورقة بلا بيانات	مستورد للقراءة من مالكه	يُقرأ من مالكه ويُعرض موسومًا	اسم الحقل ودلالته	قائم (AS-IS)	SUP-11	—
عقود الموردين	م10_الحصص_والحاويات_التعاقدية	10	AK3	37	سعر بيع الوحدة (قراءة) ◄	قيمة مثبتة	مستورد للقراءة من مالكه	يُقرأ من مالكه ويُعرض موسومًا	قيمة في المرجع	قائم (AS-IS)	SUP-11	—
عقود الموردين	م10_الحصص_والحاويات_التعاقدية	10	AL3	38	هامش الوحدة ◄	صيغة داخلية	مشتق محسوب	يُحسب في الخدمة ولا يُدخل	صيغة حية في المرجع	قائم (AS-IS)	SUP-11	—
عقود الموردين	م10_الحصص_والحاويات_التعاقدية	10	AM3	39	علم هامش سالب ◄	صيغة داخلية	مشتق محسوب	يُحسب في الخدمة ولا يُدخل	صيغة حية في المرجع	قائم (AS-IS)	SUP-11	—
عقود الموردين	م10_الحصص_والحاويات_التعاقدية	10	AN3	40	حالة الخانة	قيمة مثبتة	إدخال أعمال	خانة إدخال مفتوحة	قيمة في المرجع	قائم (AS-IS)	SUP-11	—
عقود الموردين	م10_الحصص_والحاويات_التعاقدية	10	AO3	41	الحجية	قيمة مثبتة	أثر تدقيقي أو بيانات وصفية	يُحفظ ولا يُعرض في النموذج	قيمة في المرجع	قائم (AS-IS)	SUP-11	—
عقود الموردين	م10_الحصص_والحاويات_التعاقدية	10	AP3	42	إجمالي التزام العميل (مصدر)	قيمة مثبتة	إدخال أعمال	خانة إدخال مفتوحة	قيمة في المرجع	قائم (AS-IS)	SUP-11	—
عقود الموردين	م10_الحصص_والحاويات_التعاقدية	10	AQ3	43	نسبة الحصة من الالتزام ◄	قيمة مثبتة	مشتق محسوب	يُحسب في الخدمة ولا يُدخل	قيمة في المرجع	قائم (AS-IS)	SUP-11	—
عقود الموردين	م10_الحصص_والحاويات_التعاقدية	10	AR3	44	العجز / الفائض ◄	قيمة مثبتة	مستورد للقراءة من مالكه	يُقرأ من مالكه ويُعرض موسومًا	قيمة في المرجع	قائم (AS-IS)	SUP-11	—
عقود الموردين	م10_الحصص_والحاويات_التعاقدية	10	AS3	45	ملاحظات	قيمة مثبتة	أثر تدقيقي أو بيانات وصفية	يُحفظ ولا يُعرض في النموذج	قيمة في المرجع	قائم (AS-IS)	SUP-11	—
عقود الموردين	م10_الحصص_والحاويات_التعاقدية	10	AT3	46	كود العقد (قراءة) ◄	قيمة مثبتة	مفتاح خارجي موروث	يُورَث من الأب ولا يُنشأ هنا	قيمة في المرجع	قائم (AS-IS)	SUP-11	—
عقود الموردين	م10_الحصص_والحاويات_التعاقدية	10	AU3	47	عملة البيع (قراءة) ◄	قيمة مثبتة	مستورد للقراءة من مالكه	يُقرأ من مالكه ويُعرض موسومًا	قيمة في المرجع	قائم (AS-IS)	SUP-11	—
عقود الموردين	م10_الحصص_والحاويات_التعاقدية	10	AV3	48	ملاءمة عملة الهامش ◄	قيمة مثبتة	مستورد للقراءة من مالكه	يُقرأ من مالكه ويُعرض موسومًا	قيمة في المرجع	قائم (AS-IS)	SUP-11	—
عقود الموردين	م10_الحصص_والحاويات_التعاقدية	10	AW3	49	علم حصة جارية بلا نشاط ◄	قيمة مثبتة	مستورد للقراءة من مالكه	يُقرأ من مالكه ويُعرض موسومًا	قيمة في المرجع	قائم (AS-IS)	SUP-11	—
عقود الموردين	م10_الحصص_والحاويات_التعاقدية	10	AX3	50	آخر نشاط بالخانة ◄	قيمة مثبتة	مشتق محسوب	يُحسب في الخدمة ولا يُدخل	قيمة في المرجع	قائم (AS-IS)	SUP-11	—
عقود الموردين	م11_توزيع_الخانات_على_المعدات	11	A3	1	رقم الإسناد · Assign_ID	قيمة مثبتة	مفتاح أساسي مولَّد	يولّده النظام ولا يُحرَّر	قيمة في المرجع	قائم (AS-IS)	SUP-12	—
عقود الموردين	م11_توزيع_الخانات_على_المعدات	11	B3	2	كود الخانة · Slot_ID	قيمة مثبتة	مفتاح خارجي موروث	يُورَث من الأب ولا يُنشأ هنا	قيمة في المرجع	قائم (AS-IS)	SUP-12	—
عقود الموردين	م11_توزيع_الخانات_على_المعدات	11	C3	3	كود عقد المورد	قيمة مثبتة	مفتاح خارجي موروث	يُورَث من الأب ولا يُنشأ هنا	قيمة في المرجع	قائم (AS-IS)	SUP-12	—
عقود الموردين	م11_توزيع_الخانات_على_المعدات	11	D3	4	رقم المورد	قيمة مثبتة	مفتاح خارجي موروث	يُورَث من الأب ولا يُنشأ هنا	قيمة في المرجع	قائم (AS-IS)	SUP-12	—
عقود الموردين	م11_توزيع_الخانات_على_المعدات	11	E3	5	كود المعدة · Equipment_ID	قيمة مثبتة	إدخال أعمال	خانة إدخال مفتوحة	قيمة في المرجع	قائم (AS-IS)	SUP-12	—
عقود الموردين	م11_توزيع_الخانات_على_المعدات	11	F3	6	نوع الآلية/البند	قيمة مثبتة	إدخال أعمال	خانة إدخال مفتوحة	قيمة في المرجع	قائم (AS-IS)	SUP-12	—
عقود الموردين	م11_توزيع_الخانات_على_المعدات	11	G3	7	رقم اللوحة (كما ورد)	قيمة مثبتة	إدخال أعمال	خانة إدخال مفتوحة	قيمة في المرجع	قائم (AS-IS)	SUP-12	—
عقود الموردين	م11_توزيع_الخانات_على_المعدات	11	H3	8	رمز اللوحة ◄	ورقة بلا بيانات	مستورد للقراءة من مالكه	يُقرأ من مالكه ويُعرض موسومًا	اسم الحقل ودلالته	قائم (AS-IS)	SUP-12	—
عقود الموردين	م11_توزيع_الخانات_على_المعدات	11	I3	9	رقم اللوحة (رقمي) ◄	قيمة مثبتة	مستورد للقراءة من مالكه	يُقرأ من مالكه ويُعرض موسومًا	قيمة في المرجع	قائم (AS-IS)	SUP-12	—
عقود الموردين	م11_توزيع_الخانات_على_المعدات	11	J3	10	نوع الخانة	قيمة مثبتة	إدخال أعمال	خانة إدخال مفتوحة	قيمة في المرجع	قائم (AS-IS)	SUP-12	—
عقود الموردين	م11_توزيع_الخانات_على_المعدات	11	K3	11	مفتاح الحاوية · Key	قيمة مثبتة	إدخال أعمال	خانة إدخال مفتوحة	قيمة في المرجع	قائم (AS-IS)	SUP-12	—
عقود الموردين	م11_توزيع_الخانات_على_المعدات	11	L3	12	رقم العميل	قيمة مثبتة	مفتاح خارجي موروث	يُورَث من الأب ولا يُنشأ هنا	قيمة في المرجع	قائم (AS-IS)	SUP-12	—
عقود الموردين	م11_توزيع_الخانات_على_المعدات	11	M3	13	اسم العميل (بحث)	قيمة مثبتة	مرجع من قائمة	قائمة اختيار — لا كتابة حرة	قيمة في المرجع	قائم (AS-IS)	SUP-12	—
عقود الموردين	م11_توزيع_الخانات_على_المعدات	11	N3	14	نموذج العمل	قيمة مثبتة	إدخال أعمال	خانة إدخال مفتوحة	قيمة في المرجع	قائم (AS-IS)	SUP-12	—
عقود الموردين	م11_توزيع_الخانات_على_المعدات	11	O3	15	رقم الآلية في عقد العميل	ورقة بلا بيانات	مفتاح خارجي موروث	يُورَث من الأب ولا يُنشأ هنا	اسم الحقل ودلالته	قائم (AS-IS)	SUP-12	—
عقود الموردين	م11_توزيع_الخانات_على_المعدات	11	P3	16	رقم الآلية في عقد المورد	قيمة مثبتة	مفتاح خارجي موروث	يُورَث من الأب ولا يُنشأ هنا	قيمة في المرجع	قائم (AS-IS)	SUP-12	—
عقود الموردين	م11_توزيع_الخانات_على_المعدات	11	Q3	17	من	قيمة مثبتة	إدخال أعمال	خانة إدخال مفتوحة	قيمة في المرجع	قائم (AS-IS)	SUP-12	—
عقود الموردين	م11_توزيع_الخانات_على_المعدات	11	R3	18	إلى	قيمة مثبتة	إدخال أعمال	خانة إدخال مفتوحة	قيمة في المرجع	قائم (AS-IS)	SUP-12	—
عقود الموردين	م11_توزيع_الخانات_على_المعدات	11	S3	19	نوع الإسناد	قيمة مثبتة	إدخال أعمال	خانة إدخال مفتوحة	قيمة في المرجع	قائم (AS-IS)	SUP-12	—
عقود الموردين	م11_توزيع_الخانات_على_المعدات	11	T3	20	الدور (أساسية/احتياطية)	قيمة مثبتة	إدخال أعمال	خانة إدخال مفتوحة	قيمة في المرجع	قائم (AS-IS)	SUP-12	—
عقود الموردين	م11_توزيع_الخانات_على_المعدات	11	U3	21	سبب التغيير	ورقة بلا بيانات	إدخال أعمال	خانة إدخال مفتوحة	اسم الحقل ودلالته	قائم (AS-IS)	SUP-12	—
عقود الموردين	م11_توزيع_الخانات_على_المعدات	11	V3	22	مرجع حدث الجاهزية (م12)	ورقة بلا بيانات	إدخال أعمال	خانة إدخال مفتوحة	اسم الحقل ودلالته	قائم (AS-IS)	SUP-12	—
عقود الموردين	م11_توزيع_الخانات_على_المعدات	11	W3	23	أشهر النشاط ◄	قيمة مثبتة	مستورد للقراءة من مالكه	يُقرأ من مالكه ويُعرض موسومًا	قيمة في المرجع	قائم (AS-IS)	SUP-12	—
عقود الموردين	م11_توزيع_الخانات_على_المعدات	11	X3	24	أيام العمل ◄	قيمة مثبتة	مستورد للقراءة من مالكه	يُقرأ من مالكه ويُعرض موسومًا	قيمة في المرجع	قائم (AS-IS)	SUP-12	—
عقود الموردين	م11_توزيع_الخانات_على_المعدات	11	Y3	25	المنفَّذ بوحدة الحصة ◄	قيمة مثبتة	مستورد للقراءة من مالكه	يُقرأ من مالكه ويُعرض موسومًا	قيمة في المرجع	قائم (AS-IS)	SUP-12	—
عقود الموردين	م11_توزيع_الخانات_على_المعدات	11	Z3	26	ساعات المورد الكلية ◄	قيمة مثبتة	مستورد للقراءة من مالكه	يُقرأ من مالكه ويُعرض موسومًا	قيمة في المرجع	قائم (AS-IS)	SUP-12	—
عقود الموردين	م11_توزيع_الخانات_على_المعدات	11	AA3	27	ساعات الاتفاق الشهرية	قيمة مثبتة	إدخال أعمال	خانة إدخال مفتوحة	قيمة في المرجع	قائم (AS-IS)	SUP-12	—
عقود الموردين	م11_توزيع_الخانات_على_المعدات	11	AB3	28	الموقع (المنجم)	ورقة بلا بيانات	إدخال أعمال	خانة إدخال مفتوحة	اسم الحقل ودلالته	قائم (AS-IS)	SUP-12	—
عقود الموردين	م11_توزيع_الخانات_على_المعدات	11	AC3	29	الاستمرارية	قيمة مثبتة	إدخال أعمال	خانة إدخال مفتوحة	قيمة في المرجع	قائم (AS-IS)	SUP-12	—
عقود الموردين	م11_توزيع_الخانات_على_المعدات	11	AD3	30	الوضع التشغيلي	قيمة مثبتة	إدخال أعمال	خانة إدخال مفتوحة	قيمة في المرجع	قائم (AS-IS)	SUP-12	—
عقود الموردين	م11_توزيع_الخانات_على_المعدات	11	AE3	31	مستحق المورد $ (مرجعي) ◄	قيمة مثبتة	مستورد للقراءة من مالكه	يُقرأ من مالكه ويُعرض موسومًا	قيمة في المرجع	قائم (AS-IS)	SUP-12	—
عقود الموردين	م11_توزيع_الخانات_على_المعدات	11	AF3	32	عقد المورد (كما بالمصدر)	قيمة مثبتة	إدخال أعمال	خانة إدخال مفتوحة	قيمة في المرجع	قائم (AS-IS)	SUP-12	—
عقود الموردين	م11_توزيع_الخانات_على_المعدات	11	AG3	33	عدد إسنادات الآلية ◄	قيمة مثبتة	مشتق محسوب	يُحسب في الخدمة ولا يُدخل	قيمة في المرجع	قائم (AS-IS)	SUP-12	—
عقود الموردين	م11_توزيع_الخانات_على_المعدات	11	AH3	34	حالة الإسناد	قيمة مثبتة	إدخال أعمال	خانة إدخال مفتوحة	قيمة في المرجع	قائم (AS-IS)	SUP-12	—
عقود الموردين	م11_توزيع_الخانات_على_المعدات	11	AI3	35	ملاحظات	قيمة مثبتة	أثر تدقيقي أو بيانات وصفية	يُحفظ ولا يُعرض في النموذج	قيمة في المرجع	قائم (AS-IS)	SUP-12	—
عقود الموردين	م12_الجاهزية_والإحلال_والاحتياط	12	A3	1	رقم الحدث · Event_ID	قيمة مثبتة	مفتاح أساسي مولَّد	يولّده النظام ولا يُحرَّر	قيمة في المرجع	قائم (AS-IS)	SUP-13	—
عقود الموردين	م12_الجاهزية_والإحلال_والاحتياط	12	B3	2	مفتاح الحاوية · Key	قيمة مثبتة	إدخال أعمال	خانة إدخال مفتوحة	قيمة في المرجع	قائم (AS-IS)	SUP-13	—
عقود الموردين	م12_الجاهزية_والإحلال_والاحتياط	12	C3	3	كود الخانة · Slot_ID	قيمة مثبتة	مفتاح خارجي موروث	يُورَث من الأب ولا يُنشأ هنا	قيمة في المرجع	قائم (AS-IS)	SUP-13	—
عقود الموردين	م12_الجاهزية_والإحلال_والاحتياط	12	D3	4	اختبار الانتماء ◄	قيمة مثبتة	مستورد للقراءة من مالكه	يُقرأ من مالكه ويُعرض موسومًا	قيمة في المرجع	قائم (AS-IS)	SUP-13	—
عقود الموردين	م12_الجاهزية_والإحلال_والاحتياط	12	E3	5	نموذج العمل	قيمة مثبتة	إدخال أعمال	خانة إدخال مفتوحة	قيمة في المرجع	قائم (AS-IS)	SUP-13	—
عقود الموردين	م12_الجاهزية_والإحلال_والاحتياط	12	F3	6	رقم الشهر	قيمة مثبتة	إدخال أعمال	خانة إدخال مفتوحة	قيمة في المرجع	قائم (AS-IS)	SUP-13	—
عقود الموردين	م12_الجاهزية_والإحلال_والاحتياط	12	G3	7	التاريخ	قيمة مثبتة	إدخال أعمال	خانة إدخال مفتوحة	قيمة في المرجع	قائم (AS-IS)	SUP-13	—
عقود الموردين	م12_الجاهزية_والإحلال_والاحتياط	12	H3	8	الحدث	قيمة مثبتة	إدخال أعمال	خانة إدخال مفتوحة	قيمة في المرجع	قائم (AS-IS)	SUP-13	—
عقود الموردين	م12_الجاهزية_والإحلال_والاحتياط	12	I3	9	نوع الخانة	قيمة مثبتة	إدخال أعمال	خانة إدخال مفتوحة	قيمة في المرجع	قائم (AS-IS)	SUP-13	—
عقود الموردين	م12_الجاهزية_والإحلال_والاحتياط	12	J3	10	رقم المورد	قيمة مثبتة	مفتاح خارجي موروث	يُورَث من الأب ولا يُنشأ هنا	قيمة في المرجع	قائم (AS-IS)	SUP-13	—
عقود الموردين	م12_الجاهزية_والإحلال_والاحتياط	12	K3	11	اسم المورد (بحث)	قيمة مثبتة	مرجع من قائمة	قائمة اختيار — لا كتابة حرة	قيمة في المرجع	قائم (AS-IS)	SUP-13	—
عقود الموردين	م12_الجاهزية_والإحلال_والاحتياط	12	L3	12	كود المعدة	ورقة بلا بيانات	إدخال أعمال	خانة إدخال مفتوحة	اسم الحقل ودلالته	قائم (AS-IS)	SUP-13	—
عقود الموردين	م12_الجاهزية_والإحلال_والاحتياط	12	M3	13	الطرف المقابل	قيمة مثبتة	إدخال أعمال	خانة إدخال مفتوحة	قيمة في المرجع	قائم (AS-IS)	SUP-13	—
عقود الموردين	م12_الجاهزية_والإحلال_والاحتياط	12	N3	14	من الاحتياطي؟	قيمة مثبتة	إدخال أعمال	خانة إدخال مفتوحة	قيمة في المرجع	قائم (AS-IS)	SUP-13	—
عقود الموردين	م12_الجاهزية_والإحلال_والاحتياط	12	O3	15	القيمة قبل	ورقة بلا بيانات	إدخال أعمال	خانة إدخال مفتوحة	اسم الحقل ودلالته	قائم (AS-IS)	SUP-13	—
عقود الموردين	م12_الجاهزية_والإحلال_والاحتياط	12	P3	16	القيمة بعد	قيمة مثبتة	إدخال أعمال	خانة إدخال مفتوحة	قيمة في المرجع	قائم (AS-IS)	SUP-13	—
عقود الموردين	م12_الجاهزية_والإحلال_والاحتياط	12	Q3	17	اسم المستند ◄	قيمة مثبتة	مستورد للقراءة من مالكه	يُقرأ من مالكه ويُعرض موسومًا	قيمة في المرجع	قائم (AS-IS)	SUP-13	—
عقود الموردين	م12_الجاهزية_والإحلال_والاحتياط	12	R3	18	تاريخ المستند ◄	قيمة مثبتة	مستورد للقراءة من مالكه	يُقرأ من مالكه ويُعرض موسومًا	قيمة في المرجع	قائم (AS-IS)	SUP-13	—
عقود الموردين	م12_الجاهزية_والإحلال_والاحتياط	12	S3	19	مستند/مرجع (كما ورد)	قيمة مثبتة	إدخال أعمال	خانة إدخال مفتوحة	قيمة في المرجع	قائم (AS-IS)	SUP-13	—
عقود الموردين	م12_الجاهزية_والإحلال_والاحتياط	12	T3	20	ملاحظات	قيمة مثبتة	أثر تدقيقي أو بيانات وصفية	يُحفظ ولا يُعرض في النموذج	قيمة في المرجع	قائم (AS-IS)	SUP-13	—
عقود الموردين	م13_مستهدفات_الموردين	13	A3	1	رقم السطر	قيمة مثبتة	إدخال أعمال	خانة إدخال مفتوحة	قيمة في المرجع	قائم (AS-IS)	SUP-14	—
عقود الموردين	م13_مستهدفات_الموردين	13	B3	2	كود الخانة · Slot_ID	قيمة مثبتة	مفتاح خارجي موروث	يُورَث من الأب ولا يُنشأ هنا	قيمة في المرجع	قائم (AS-IS)	SUP-14	—
عقود الموردين	م13_مستهدفات_الموردين	13	C3	3	رقم المورد	قيمة مثبتة	مفتاح خارجي موروث	يُورَث من الأب ولا يُنشأ هنا	قيمة في المرجع	قائم (AS-IS)	SUP-14	—
عقود الموردين	م13_مستهدفات_الموردين	13	D3	4	اسم المورد (بحث)	قيمة مثبتة	مرجع من قائمة	قائمة اختيار — لا كتابة حرة	قيمة في المرجع	قائم (AS-IS)	SUP-14	—
عقود الموردين	م13_مستهدفات_الموردين	13	E3	5	كود عقد المورد	قيمة مثبتة	مفتاح خارجي موروث	يُورَث من الأب ولا يُنشأ هنا	قيمة في المرجع	قائم (AS-IS)	SUP-14	—
عقود الموردين	م13_مستهدفات_الموردين	13	F3	6	نموذج العمل	قيمة مثبتة	مشتق محسوب	يُحسب في الخدمة ولا يُدخل	قاعدة المتطلب الحاكم	قائم (AS-IS)	SUP-14	حُسم بالمتطلب: إدخال أعمال ← مشتق محسوب
عقود الموردين	م13_مستهدفات_الموردين	13	G3	7	نوع الآلية/البند	قيمة مثبتة	مشتق محسوب	يُحسب في الخدمة ولا يُدخل	قاعدة المتطلب الحاكم	قائم (AS-IS)	SUP-14	حُسم بالمتطلب: إدخال أعمال ← مشتق محسوب
عقود الموردين	م13_مستهدفات_الموردين	13	H3	8	رقم الشهر	قيمة مثبتة	إدخال أعمال	خانة إدخال مفتوحة	قيمة في المرجع	قائم (AS-IS)	SUP-14	—
عقود الموردين	م13_مستهدفات_الموردين	13	I3	9	من	قيمة مثبتة	مشتق محسوب	يُحسب في الخدمة ولا يُدخل	قاعدة المتطلب الحاكم	قائم (AS-IS)	SUP-14	حُسم بالمتطلب: إدخال أعمال ← مشتق محسوب
عقود الموردين	م13_مستهدفات_الموردين	13	J3	10	إلى	قيمة مثبتة	مشتق محسوب	يُحسب في الخدمة ولا يُدخل	قاعدة المتطلب الحاكم	قائم (AS-IS)	SUP-14	حُسم بالمتطلب: إدخال أعمال ← مشتق محسوب
عقود الموردين	م13_مستهدفات_الموردين	13	K3	11	وحدة القياس	قيمة مثبتة	مشتق محسوب	يُحسب في الخدمة ولا يُدخل	قاعدة المتطلب الحاكم	قائم (AS-IS)	SUP-14	حُسم بالمتطلب: إدخال أعمال ← مشتق محسوب
عقود الموردين	م13_مستهدفات_الموردين	13	L3	12	خانات الشهر	قيمة مثبتة	مشتق محسوب	يُحسب في الخدمة ولا يُدخل	قاعدة المتطلب الحاكم	قائم (AS-IS)	SUP-14	حُسم بالمتطلب: إدخال أعمال ← مشتق محسوب
عقود الموردين	م13_مستهدفات_الموردين	13	M3	13	قيمة الخانة (الجزئي أيامه/30)	قيمة مثبتة	مشتق محسوب	يُحسب في الخدمة ولا يُدخل	قاعدة المتطلب الحاكم	قائم (AS-IS)	SUP-14	حُسم بالمتطلب: إدخال أعمال ← مشتق محسوب
عقود الموردين	م13_مستهدفات_الموردين	13	N3	14	مستهدف الشهر ◄	قيمة مثبتة	مشتق محسوب	يُحسب في الخدمة ولا يُدخل	قاعدة المتطلب الحاكم	قائم (AS-IS)	SUP-14	حُسم بالمتطلب: مستورد للقراءة من مالكه ← مشتق محسوب
عقود الموردين	م13_مستهدفات_الموردين	13	O3	15	المنفَّذ بالشهر ◄	صيغة عابرة للأوراق	مشتق محسوب	يُحسب في الخدمة ولا يُدخل	قاعدة المتطلب الحاكم	قائم (AS-IS)	SUP-14	حُسم بالمتطلب: مستورد للقراءة من مالكه ← مشتق محسوب
عقود الموردين	م13_مستهدفات_الموردين	13	P3	16	نسبة تحقق الشهر ◄	صيغة داخلية	مشتق محسوب	يُحسب في الخدمة ولا يُدخل	صيغة حية في المرجع	قائم (AS-IS)	SUP-14	—
عقود الموردين	م13_مستهدفات_الموردين	13	Q3	17	علم شهر بلا تنفيذ ◄	صيغة داخلية	مشتق محسوب	يُحسب في الخدمة ولا يُدخل	صيغة حية في المرجع	قائم (AS-IS)	SUP-14	—
عقود الموردين	م13_مستهدفات_الموردين	13	R3	18	المستهدف المنقضي ◄	ورقة بلا بيانات	مشتق محسوب	يُحسب في الخدمة ولا يُدخل	قاعدة المتطلب الحاكم	قائم (AS-IS)	SUP-14	حُسم بالمتطلب: مستورد للقراءة من مالكه ← مشتق محسوب
عقود الموردين	م13_مستهدفات_الموردين	13	S3	19	نسخة الخطة	قيمة مثبتة	مشتق محسوب	يُحسب في الخدمة ولا يُدخل	قاعدة المتطلب الحاكم	قائم (AS-IS)	SUP-14	حُسم بالمتطلب: إدخال أعمال ← مشتق محسوب
عقود الموردين	م13_مستهدفات_الموردين	13	T3	20	مصدر المستهدف	قيمة مثبتة	مشتق محسوب	يُحسب في الخدمة ولا يُدخل	قاعدة المتطلب الحاكم	قائم (AS-IS)	SUP-14	حُسم بالمتطلب: إدخال أعمال ← مشتق محسوب
عقود الموردين	م13_مستهدفات_الموردين	13	U3	21	ملاحظات	قيمة مثبتة	أثر تدقيقي أو بيانات وصفية	يُحفظ ولا يُعرض في النموذج	قيمة في المرجع	قائم (AS-IS)	SUP-14	—
عقود الموردين	م14_الأداء_والوحدات_المعتمدة	14	A3	1	رقم السطر	قيمة مثبتة	إدخال أعمال	خانة إدخال مفتوحة	قيمة في المرجع	قائم (AS-IS)	SUP-15	—
عقود الموردين	م14_الأداء_والوحدات_المعتمدة	14	B3	2	كود الخانة · Slot_ID	قيمة مثبتة	مفتاح خارجي موروث	يُورَث من الأب ولا يُنشأ هنا	قيمة في المرجع	قائم (AS-IS)	SUP-15	—
عقود الموردين	م14_الأداء_والوحدات_المعتمدة	14	C3	3	كود عقد المورد	قيمة مثبتة	مفتاح خارجي موروث	يُورَث من الأب ولا يُنشأ هنا	قيمة في المرجع	قائم (AS-IS)	SUP-15	—
عقود الموردين	م14_الأداء_والوحدات_المعتمدة	14	D3	4	رقم المورد	قيمة مثبتة	مفتاح خارجي موروث	يُورَث من الأب ولا يُنشأ هنا	قيمة في المرجع	قائم (AS-IS)	SUP-15	—
عقود الموردين	م14_الأداء_والوحدات_المعتمدة	14	E3	5	اسم المورد (بحث)	قيمة مثبتة	مرجع من قائمة	قائمة اختيار — لا كتابة حرة	قيمة في المرجع	قائم (AS-IS)	SUP-15	—
عقود الموردين	م14_الأداء_والوحدات_المعتمدة	14	F3	6	نموذج العمل	قيمة مثبتة	إدخال أعمال	خانة إدخال مفتوحة	قيمة في المرجع	قائم (AS-IS)	SUP-15	—
عقود الموردين	م14_الأداء_والوحدات_المعتمدة	14	G3	7	رقم الشهر	قيمة مثبتة	إدخال أعمال	خانة إدخال مفتوحة	قيمة في المرجع	قائم (AS-IS)	SUP-15	—
عقود الموردين	م14_الأداء_والوحدات_المعتمدة	14	H3	8	من	ورقة بلا بيانات	إدخال أعمال	خانة إدخال مفتوحة	اسم الحقل ودلالته	قائم (AS-IS)	SUP-15	—
عقود الموردين	م14_الأداء_والوحدات_المعتمدة	14	I3	9	إلى	ورقة بلا بيانات	إدخال أعمال	خانة إدخال مفتوحة	اسم الحقل ودلالته	قائم (AS-IS)	SUP-15	—
عقود الموردين	م14_الأداء_والوحدات_المعتمدة	14	J3	10	وحدة القياس	قيمة مثبتة	إدخال أعمال	خانة إدخال مفتوحة	قيمة في المرجع	قائم (AS-IS)	SUP-15	—
عقود الموردين	م14_الأداء_والوحدات_المعتمدة	14	K3	11	نوع الآلية/البند	قيمة مثبتة	إدخال أعمال	خانة إدخال مفتوحة	قيمة في المرجع	قائم (AS-IS)	SUP-15	—
عقود الموردين	م14_الأداء_والوحدات_المعتمدة	14	L3	12	رمز الآلية (مصدر)	قيمة مثبتة	إدخال أعمال	خانة إدخال مفتوحة	قيمة في المرجع	قائم (AS-IS)	SUP-15	—
عقود الموردين	م14_الأداء_والوحدات_المعتمدة	14	M3	13	رقم اللوحة	قيمة مثبتة	إدخال أعمال	خانة إدخال مفتوحة	قيمة في المرجع	قائم (AS-IS)	SUP-15	—
عقود الموردين	م14_الأداء_والوحدات_المعتمدة	14	N3	14	ساعات الاتفاق (متعاقد)	قيمة مثبتة	إدخال أعمال	خانة إدخال مفتوحة	قيمة في المرجع	قائم (AS-IS)	SUP-15	—
عقود الموردين	م14_الأداء_والوحدات_المعتمدة	14	O3	15	أطنان متفق عليها	ورقة بلا بيانات	إدخال أعمال	خانة إدخال مفتوحة	اسم الحقل ودلالته	قائم (AS-IS)	SUP-15	—
عقود الموردين	م14_الأداء_والوحدات_المعتمدة	14	P3	16	أمتار متفق عليها	ورقة بلا بيانات	إدخال أعمال	خانة إدخال مفتوحة	اسم الحقل ودلالته	قائم (AS-IS)	SUP-15	—
عقود الموردين	م14_الأداء_والوحدات_المعتمدة	14	Q3	17	المنفَّذ (الأساس) ◄	قيمة مثبتة	مستورد للقراءة من مالكه	يُقرأ من مالكه ويُعرض موسومًا	قيمة في المرجع	قائم (AS-IS)	SUP-15	—
عقود الموردين	م14_الأداء_والوحدات_المعتمدة	14	R3	18	ساعات أساسية (مصدر) ◄	قيمة مثبتة	مستورد للقراءة من مالكه	يُقرأ من مالكه ويُعرض موسومًا	قيمة في المرجع	قائم (AS-IS)	SUP-15	—
عقود الموردين	م14_الأداء_والوحدات_المعتمدة	14	S3	19	أطنان ويست ◄	قيمة مثبتة	مستورد للقراءة من مالكه	يُقرأ من مالكه ويُعرض موسومًا	قيمة في المرجع	قائم (AS-IS)	SUP-15	—
عقود الموردين	م14_الأداء_والوحدات_المعتمدة	14	T3	20	أطنان خام ◄	قيمة مثبتة	مستورد للقراءة من مالكه	يُقرأ من مالكه ويُعرض موسومًا	قيمة في المرجع	قائم (AS-IS)	SUP-15	—
عقود الموردين	م14_الأداء_والوحدات_المعتمدة	14	U3	21	أمتار تفجير ◄	قيمة مثبتة	مستورد للقراءة من مالكه	يُقرأ من مالكه ويُعرض موسومًا	قيمة في المرجع	قائم (AS-IS)	SUP-15	—
عقود الموردين	م14_الأداء_والوحدات_المعتمدة	14	V3	22	أمتار G.C ◄	قيمة مثبتة	مستورد للقراءة من مالكه	يُقرأ من مالكه ويُعرض موسومًا	قيمة في المرجع	قائم (AS-IS)	SUP-15	—
عقود الموردين	م14_الأداء_والوحدات_المعتمدة	14	W3	23	مضافة عمل	قيمة مثبتة	إدخال أعمال	خانة إدخال مفتوحة	قيمة في المرجع	قائم (AS-IS)	SUP-15	—
عقود الموردين	م14_الأداء_والوحدات_المعتمدة	14	X3	24	مستند المضافة عمل	ورقة بلا بيانات	إدخال أعمال	خانة إدخال مفتوحة	اسم الحقل ودلالته	قائم (AS-IS)	SUP-15	—
عقود الموردين	م14_الأداء_والوحدات_المعتمدة	14	Y3	25	مضافة تعطل	ورقة بلا بيانات	إدخال أعمال	خانة إدخال مفتوحة	اسم الحقل ودلالته	قائم (AS-IS)	SUP-15	—
عقود الموردين	م14_الأداء_والوحدات_المعتمدة	14	Z3	26	مضافة استعداد	قيمة مثبتة	إدخال أعمال	خانة إدخال مفتوحة	قيمة في المرجع	قائم (AS-IS)	SUP-15	—
عقود الموردين	م14_الأداء_والوحدات_المعتمدة	14	AA3	27	مستند المضافة استعداد	ورقة بلا بيانات	إدخال أعمال	خانة إدخال مفتوحة	اسم الحقل ودلالته	قائم (AS-IS)	SUP-15	—
عقود الموردين	م14_الأداء_والوحدات_المعتمدة	14	AB3	28	مخصومة — استعداد	ورقة بلا بيانات	إدخال أعمال	خانة إدخال مفتوحة	اسم الحقل ودلالته	قائم (AS-IS)	SUP-15	—
عقود الموردين	م14_الأداء_والوحدات_المعتمدة	14	AC3	29	مخصومة — عمل	قيمة مثبتة	إدخال أعمال	خانة إدخال مفتوحة	قيمة في المرجع	قائم (AS-IS)	SUP-15	—
عقود الموردين	م14_الأداء_والوحدات_المعتمدة	14	AD3	30	سبب الخصم	ورقة بلا بيانات	إدخال أعمال	خانة إدخال مفتوحة	اسم الحقل ودلالته	قائم (AS-IS)	SUP-15	—
عقود الموردين	م14_الأداء_والوحدات_المعتمدة	14	AE3	31	مرجع قرار الخصم	ورقة بلا بيانات	إدخال أعمال	خانة إدخال مفتوحة	اسم الحقل ودلالته	قائم (AS-IS)	SUP-15	—
عقود الموردين	م14_الأداء_والوحدات_المعتمدة	14	AF3	32	معتمد التسوية	ورقة بلا بيانات	إدخال أعمال	خانة إدخال مفتوحة	اسم الحقل ودلالته	قائم (AS-IS)	SUP-15	—
عقود الموردين	م14_الأداء_والوحدات_المعتمدة	14	AG3	33	الساعات الفعلية ◄	قيمة مثبتة	مستورد للقراءة من مالكه	يُقرأ من مالكه ويُعرض موسومًا	قيمة في المرجع	قائم (AS-IS)	SUP-15	—
عقود الموردين	م14_الأداء_والوحدات_المعتمدة	14	AH3	34	الساعات الكلية ◄	قيمة مثبتة	مستورد للقراءة من مالكه	يُقرأ من مالكه ويُعرض موسومًا	قيمة في المرجع	قائم (AS-IS)	SUP-15	—
عقود الموردين	م14_الأداء_والوحدات_المعتمدة	14	AI3	35	صافي وحدات المورد المعتمدة ◄	قيمة مثبتة	مشتق محسوب	يُحسب في الخدمة ولا يُدخل	قيمة في المرجع	قائم (AS-IS)	SUP-15	—
عقود الموردين	م14_الأداء_والوحدات_المعتمدة	14	AJ3	36	منجزة العميل (قراءة) ◄	ورقة بلا بيانات	مستورد للقراءة من مالكه	يُقرأ من مالكه ويُعرض موسومًا	اسم الحقل ودلالته	قائم (AS-IS)	SUP-15	—
عقود الموردين	م14_الأداء_والوحدات_المعتمدة	14	AK3	37	تاريخ الاعتماد	قيمة مثبتة	أثر تدقيقي أو بيانات وصفية	يُحفظ ولا يُعرض في النموذج	قيمة في المرجع	قائم (AS-IS)	SUP-15	—
عقود الموردين	م14_الأداء_والوحدات_المعتمدة	14	AL3	38	مصدر البيان	قيمة مثبتة	إدخال أعمال	خانة إدخال مفتوحة	قيمة في المرجع	قائم (AS-IS)	SUP-15	—
عقود الموردين	م14_الأداء_والوحدات_المعتمدة	14	AM3	39	طريقة الربط بالحصة	قيمة مثبتة	إدخال أعمال	خانة إدخال مفتوحة	قيمة في المرجع	قائم (AS-IS)	SUP-15	—
عقود الموردين	م14_الأداء_والوحدات_المعتمدة	14	AN3	40	حالة المورد وقت القيد	قيمة مثبتة	إدخال أعمال	خانة إدخال مفتوحة	قيمة في المرجع	قائم (AS-IS)	SUP-15	—
عقود الموردين	م14_الأداء_والوحدات_المعتمدة	14	AO3	41	ملاحظات	قيمة مثبتة	أثر تدقيقي أو بيانات وصفية	يُحفظ ولا يُعرض في النموذج	قيمة في المرجع	قائم (AS-IS)	SUP-15	—
عقود الموردين	م14_الأداء_والوحدات_المعتمدة	14	AP3	42	المُنشئ	ورقة بلا بيانات	أثر تدقيقي أو بيانات وصفية	يُحفظ ولا يُعرض في النموذج	اسم الحقل ودلالته	قائم (AS-IS)	SUP-15	—
عقود الموردين	م14_الأداء_والوحدات_المعتمدة	14	AQ3	43	المراجع	ورقة بلا بيانات	أثر تدقيقي أو بيانات وصفية	يُحفظ ولا يُعرض في النموذج	اسم الحقل ودلالته	قائم (AS-IS)	SUP-15	—
عقود الموردين	م14_الأداء_والوحدات_المعتمدة	14	AR3	44	المعتمِد	ورقة بلا بيانات	أثر تدقيقي أو بيانات وصفية	يُحفظ ولا يُعرض في النموذج	اسم الحقل ودلالته	قائم (AS-IS)	SUP-15	—
عقود الموردين	م15_النيابية_والسلف_والخصومات	15	A3	1	رقم الواقعة · OnBehalf_ID	قيمة مثبتة	مفتاح أساسي مولَّد	يولّده النظام ولا يُحرَّر	قيمة في المرجع	قائم (AS-IS)	SUP-17	—
عقود الموردين	م15_النيابية_والسلف_والخصومات	15	B3	2	التاريخ	ورقة بلا بيانات	إدخال أعمال	خانة إدخال مفتوحة	اسم الحقل ودلالته	قائم (AS-IS)	SUP-17	—
عقود الموردين	م15_النيابية_والسلف_والخصومات	15	C3	3	رقم المورد	ورقة بلا بيانات	مفتاح خارجي موروث	يُورَث من الأب ولا يُنشأ هنا	اسم الحقل ودلالته	قائم (AS-IS)	SUP-17	—
عقود الموردين	م15_النيابية_والسلف_والخصومات	15	D3	4	اسم المورد (بحث)	ورقة بلا بيانات	مرجع من قائمة	قائمة اختيار — لا كتابة حرة	اسم الحقل ودلالته	قائم (AS-IS)	SUP-17	—
عقود الموردين	م15_النيابية_والسلف_والخصومات	15	E3	5	كود عقد المورد	ورقة بلا بيانات	مفتاح خارجي موروث	يُورَث من الأب ولا يُنشأ هنا	اسم الحقل ودلالته	قائم (AS-IS)	SUP-17	—
عقود الموردين	م15_النيابية_والسلف_والخصومات	15	F3	6	كود الخانة/المعدة (إن وجد)	ورقة بلا بيانات	مفتاح خارجي موروث	يُورَث من الأب ولا يُنشأ هنا	اسم الحقل ودلالته	قائم (AS-IS)	SUP-17	—
عقود الموردين	م15_النيابية_والسلف_والخصومات	15	G3	7	نوع الواقعة النيابية	ورقة بلا بيانات	إدخال أعمال	خانة إدخال مفتوحة	اسم الحقل ودلالته	قائم (AS-IS)	SUP-17	—
عقود الموردين	م15_النيابية_والسلف_والخصومات	15	H3	8	كود المشغل E###	ورقة بلا بيانات	إدخال أعمال	خانة إدخال مفتوحة	اسم الحقل ودلالته	قائم (AS-IS)	SUP-17	—
عقود الموردين	م15_النيابية_والسلف_والخصومات	15	I3	9	الوصف	ورقة بلا بيانات	إدخال أعمال	خانة إدخال مفتوحة	اسم الحقل ودلالته	قائم (AS-IS)	SUP-17	—
عقود الموردين	م15_النيابية_والسلف_والخصومات	15	J3	10	المبلغ	ورقة بلا بيانات	إدخال أعمال	خانة إدخال مفتوحة	اسم الحقل ودلالته	قائم (AS-IS)	SUP-17	—
عقود الموردين	م15_النيابية_والسلف_والخصومات	15	K3	11	العملة	ورقة بلا بيانات	إدخال أعمال	خانة إدخال مفتوحة	اسم الحقل ودلالته	قائم (AS-IS)	SUP-17	—
عقود الموردين	م15_النيابية_والسلف_والخصومات	15	L3	12	Provided_By	ورقة بلا بيانات	إدخال أعمال	خانة إدخال مفتوحة	اسم الحقل ودلالته	قائم (AS-IS)	SUP-17	—
عقود الموردين	م15_النيابية_والسلف_والخصومات	15	M3	13	Paid_By	ورقة بلا بيانات	إدخال أعمال	خانة إدخال مفتوحة	اسم الحقل ودلالته	قائم (AS-IS)	SUP-17	—
عقود الموردين	م15_النيابية_والسلف_والخصومات	15	N3	14	Economic_Cost_Bearer	ورقة بلا بيانات	إدخال أعمال	خانة إدخال مفتوحة	اسم الحقل ودلالته	قائم (AS-IS)	SUP-17	—
عقود الموردين	م15_النيابية_والسلف_والخصومات	15	O3	15	قابل للاسترداد؟	ورقة بلا بيانات	إدخال أعمال	خانة إدخال مفتوحة	اسم الحقل ودلالته	قائم (AS-IS)	SUP-17	—
عقود الموردين	م15_النيابية_والسلف_والخصومات	15	P3	16	المستند/الإثبات	ورقة بلا بيانات	إدخال أعمال	خانة إدخال مفتوحة	اسم الحقل ودلالته	قائم (AS-IS)	SUP-17	—
عقود الموردين	م15_النيابية_والسلف_والخصومات	15	Q3	17	معتمد الصرف	ورقة بلا بيانات	إدخال أعمال	خانة إدخال مفتوحة	اسم الحقل ودلالته	قائم (AS-IS)	SUP-17	—
عقود الموردين	م15_النيابية_والسلف_والخصومات	15	R3	18	حالة السلسلة النيابية	ورقة بلا بيانات	إدخال أعمال	خانة إدخال مفتوحة	اسم الحقل ودلالته	قائم (AS-IS)	SUP-17	—
عقود الموردين	م15_النيابية_والسلف_والخصومات	15	S3	19	مرجع التسوية الخاصمة (م17)	ورقة بلا بيانات	إدخال أعمال	خانة إدخال مفتوحة	اسم الحقل ودلالته	قائم (AS-IS)	SUP-17	—
عقود الموردين	م15_النيابية_والسلف_والخصومات	15	T3	20	المبلغ المسترد ◄	ورقة بلا بيانات	مستورد للقراءة من مالكه	يُقرأ من مالكه ويُعرض موسومًا	اسم الحقل ودلالته	قائم (AS-IS)	SUP-17	—
عقود الموردين	م15_النيابية_والسلف_والخصومات	15	U3	21	المتبقي ◄	ورقة بلا بيانات	مستورد للقراءة من مالكه	يُقرأ من مالكه ويُعرض موسومًا	اسم الحقل ودلالته	قائم (AS-IS)	SUP-17	—
عقود الموردين	م15_النيابية_والسلف_والخصومات	15	V3	22	نص المصدر (بيان الأستاذ)	ورقة بلا بيانات	إدخال أعمال	خانة إدخال مفتوحة	اسم الحقل ودلالته	قائم (AS-IS)	SUP-17	—
عقود الموردين	م15_النيابية_والسلف_والخصومات	15	W3	23	Source_Row_Ref	ورقة بلا بيانات	إدخال أعمال	خانة إدخال مفتوحة	اسم الحقل ودلالته	قائم (AS-IS)	SUP-17	—
عقود الموردين	م15_النيابية_والسلف_والخصومات	15	X3	24	حالة البيانات	ورقة بلا بيانات	أثر تدقيقي أو بيانات وصفية	يُحفظ ولا يُعرض في النموذج	اسم الحقل ودلالته	قائم (AS-IS)	SUP-17	—
عقود الموردين	م15_النيابية_والسلف_والخصومات	15	Y3	25	ملاحظات	ورقة بلا بيانات	أثر تدقيقي أو بيانات وصفية	يُحفظ ولا يُعرض في النموذج	اسم الحقل ودلالته	قائم (AS-IS)	SUP-17	—
عقود الموردين	م16_استحقاقات_الموردين	16	A3	1	رقم الاستحقاق · Entitle_ID	قيمة مثبتة	مفتاح أساسي مولَّد	يولّده النظام ولا يُحرَّر	قيمة في المرجع	قائم (AS-IS)	SUP-18	—
عقود الموردين	م16_استحقاقات_الموردين	16	B3	2	الفترة (شهر)	قيمة مثبتة	إدخال أعمال	خانة إدخال مفتوحة	قيمة في المرجع	قائم (AS-IS)	SUP-18	—
عقود الموردين	م16_استحقاقات_الموردين	16	C3	3	رقم المورد	قيمة مثبتة	مفتاح خارجي موروث	يُورَث من الأب ولا يُنشأ هنا	قيمة في المرجع	قائم (AS-IS)	SUP-18	—
عقود الموردين	م16_استحقاقات_الموردين	16	D3	4	اسم المورد (بحث)	قيمة مثبتة	مرجع من قائمة	قائمة اختيار — لا كتابة حرة	قيمة في المرجع	قائم (AS-IS)	SUP-18	—
عقود الموردين	م16_استحقاقات_الموردين	16	E3	5	كود عقد المورد	قيمة مثبتة	مفتاح خارجي موروث	يُورَث من الأب ولا يُنشأ هنا	قيمة في المرجع	قائم (AS-IS)	SUP-18	—
عقود الموردين	م16_استحقاقات_الموردين	16	F3	6	رقم البند	قيمة مثبتة	إدخال أعمال	خانة إدخال مفتوحة	قيمة في المرجع	قائم (AS-IS)	SUP-18	—
عقود الموردين	م16_استحقاقات_الموردين	16	G3	7	وحدة القياس	قيمة مثبتة	إدخال أعمال	خانة إدخال مفتوحة	قيمة في المرجع	قائم (AS-IS)	SUP-18	—
عقود الموردين	م16_استحقاقات_الموردين	16	H3	8	مفتاح الشهر (YYYYMM)	قيمة مثبتة	إدخال أعمال	خانة إدخال مفتوحة	قيمة في المرجع	قائم (AS-IS)	SUP-18	—
عقود الموردين	م16_استحقاقات_الموردين	16	I3	9	نوع الآلية/البند	قيمة مثبتة	إدخال أعمال	خانة إدخال مفتوحة	قيمة في المرجع	قائم (AS-IS)	SUP-18	—
عقود الموردين	م16_استحقاقات_الموردين	16	J3	10	الوحدات المعتمدة ◄	قيمة مثبتة	مستورد للقراءة من مالكه	يُقرأ من مالكه ويُعرض موسومًا	قيمة في المرجع	قائم (AS-IS)	SUP-18	—
عقود الموردين	م16_استحقاقات_الموردين	16	K3	11	الاتفاق الشهري $	قيمة مثبتة	إدخال أعمال	خانة إدخال مفتوحة	قيمة في المرجع	قائم (AS-IS)	SUP-18	—
عقود الموردين	م16_استحقاقات_الموردين	16	L3	12	سعر الساعة $ (مطبق)	قيمة مثبتة	لقطة تعاقدية	تُثبَّت لحظة التعاقد ولا تتغير بأثر رجعي	قيمة في المرجع	قائم (AS-IS)	SUP-18	—
عقود الموردين	م16_استحقاقات_الموردين	16	M3	13	سعر الإضافية $ (مطبق)	قيمة مثبتة	لقطة تعاقدية	تُثبَّت لحظة التعاقد ولا تتغير بأثر رجعي	قيمة في المرجع	قائم (AS-IS)	SUP-18	—
عقود الموردين	م16_استحقاقات_الموردين	16	N3	14	سعر الساعة ج.س (مطبق)	قيمة مثبتة	لقطة تعاقدية	تُثبَّت لحظة التعاقد ولا تتغير بأثر رجعي	قيمة في المرجع	قائم (AS-IS)	SUP-18	—
عقود الموردين	م16_استحقاقات_الموردين	16	O3	15	سعر طن ويست (مطبق)	قيمة مثبتة	لقطة تعاقدية	تُثبَّت لحظة التعاقد ولا تتغير بأثر رجعي	قيمة في المرجع	قائم (AS-IS)	SUP-18	—
عقود الموردين	م16_استحقاقات_الموردين	16	P3	16	سعر طن خام (مطبق)	قيمة مثبتة	لقطة تعاقدية	تُثبَّت لحظة التعاقد ولا تتغير بأثر رجعي	قيمة في المرجع	قائم (AS-IS)	SUP-18	—
عقود الموردين	م16_استحقاقات_الموردين	16	Q3	17	سعر متر تفجير (مطبق)	قيمة مثبتة	لقطة تعاقدية	تُثبَّت لحظة التعاقد ولا تتغير بأثر رجعي	قيمة في المرجع	قائم (AS-IS)	SUP-18	—
عقود الموردين	م16_استحقاقات_الموردين	16	R3	18	سعر متر G.C (مطبق)	قيمة مثبتة	لقطة تعاقدية	تُثبَّت لحظة التعاقد ولا تتغير بأثر رجعي	قيمة في المرجع	قائم (AS-IS)	SUP-18	—
عقود الموردين	م16_استحقاقات_الموردين	16	S3	19	مستحق الساعات $ ◄	قيمة مثبتة	مستورد للقراءة من مالكه	يُقرأ من مالكه ويُعرض موسومًا	قيمة في المرجع	قائم (AS-IS)	SUP-18	—
عقود الموردين	م16_استحقاقات_الموردين	16	T3	20	مستحق الساعات ج.س ◄	قيمة مثبتة	مستورد للقراءة من مالكه	يُقرأ من مالكه ويُعرض موسومًا	قيمة في المرجع	قائم (AS-IS)	SUP-18	—
عقود الموردين	م16_استحقاقات_الموردين	16	U3	21	مبلغ الإضافية $ ◄	قيمة مثبتة	مستورد للقراءة من مالكه	يُقرأ من مالكه ويُعرض موسومًا	قيمة في المرجع	قائم (AS-IS)	SUP-18	—
عقود الموردين	م16_استحقاقات_الموردين	16	V3	22	مستحق الأطنان $ ◄	قيمة مثبتة	مستورد للقراءة من مالكه	يُقرأ من مالكه ويُعرض موسومًا	قيمة في المرجع	قائم (AS-IS)	SUP-18	—
عقود الموردين	م16_استحقاقات_الموردين	16	W3	23	مستحق تفجير $ ◄	قيمة مثبتة	مستورد للقراءة من مالكه	يُقرأ من مالكه ويُعرض موسومًا	قيمة في المرجع	قائم (AS-IS)	SUP-18	—
عقود الموردين	م16_استحقاقات_الموردين	16	X3	24	مستحق G.C $ ◄	قيمة مثبتة	مستورد للقراءة من مالكه	يُقرأ من مالكه ويُعرض موسومًا	قيمة في المرجع	قائم (AS-IS)	SUP-18	—
عقود الموردين	م16_استحقاقات_الموردين	16	Y3	25	(−) الخصومات ◄	قيمة مثبتة	مستورد للقراءة من مالكه	يُقرأ من مالكه ويُعرض موسومًا	قيمة في المرجع	قائم (AS-IS)	SUP-18	—
عقود الموردين	م16_استحقاقات_الموردين	16	Z3	26	إجمالي الاستحقاق $ ◄	قيمة مثبتة	مشتق محسوب	يُحسب في الخدمة ولا يُدخل	قيمة في المرجع	قائم (AS-IS)	SUP-18	—
عقود الموردين	م16_استحقاقات_الموردين	16	AA3	27	إجمالي الاستحقاق ج.س ◄	قيمة مثبتة	مشتق محسوب	يُحسب في الخدمة ولا يُدخل	قيمة في المرجع	قائم (AS-IS)	SUP-18	—
عقود الموردين	م16_استحقاقات_الموردين	16	AB3	28	المستلم الكلي $ (مصدر) ◄	قيمة مثبتة	مستورد للقراءة من مالكه	يُقرأ من مالكه ويُعرض موسومًا	قيمة في المرجع	قائم (AS-IS)	SUP-18	—
عقود الموردين	م16_استحقاقات_الموردين	16	AC3	29	المتبقي $ (مصدر) ◄	قيمة مثبتة	مستورد للقراءة من مالكه	يُقرأ من مالكه ويُعرض موسومًا	قيمة في المرجع	قائم (AS-IS)	SUP-18	—
عقود الموردين	م16_استحقاقات_الموردين	16	AD3	30	المتبقي ج.س (مصدر) ◄	قيمة مثبتة	مستورد للقراءة من مالكه	يُقرأ من مالكه ويُعرض موسومًا	قيمة في المرجع	قائم (AS-IS)	SUP-18	—
عقود الموردين	م16_استحقاقات_الموردين	16	AE3	31	حالة الاستحقاق	قيمة مثبتة	مشتق محسوب	يُحسب في الخدمة ولا يُدخل	قاعدة المتطلب الحاكم	قائم (AS-IS)	SUP-18	حُسم بالمتطلب: إدخال أعمال ← مشتق محسوب
عقود الموردين	م16_استحقاقات_الموردين	16	AF3	32	تاريخ الإثبات	قيمة مثبتة	إدخال أعمال	خانة إدخال مفتوحة	قيمة في المرجع	قائم (AS-IS)	SUP-18	—
عقود الموردين	م16_استحقاقات_الموردين	16	AG3	33	مرجع الأداء (م14)	قيمة مثبتة	إدخال أعمال	خانة إدخال مفتوحة	قيمة في المرجع	قائم (AS-IS)	SUP-18	—
عقود الموردين	م16_استحقاقات_الموردين	16	AH3	34	مصدر السعر	قيمة مثبتة	إدخال أعمال	خانة إدخال مفتوحة	قيمة في المرجع	قائم (AS-IS)	SUP-18	—
عقود الموردين	م16_استحقاقات_الموردين	16	AI3	35	البيان (مصدر)	قيمة مثبتة	إدخال أعمال	خانة إدخال مفتوحة	قيمة في المرجع	قائم (AS-IS)	SUP-18	—
عقود الموردين	م16_استحقاقات_الموردين	16	AJ3	36	ملاحظات	قيمة مثبتة	أثر تدقيقي أو بيانات وصفية	يُحفظ ولا يُعرض في النموذج	قيمة في المرجع	قائم (AS-IS)	SUP-18	—
عقود الموردين	م17_التسويات_وكشف_الحساب	17	A3	1	رقم الإقفال · Settle_ID	قيمة مثبتة	مفتاح أساسي مولَّد	يولّده النظام ولا يُحرَّر	قيمة في المرجع	قائم (AS-IS)	SUP-19	—
عقود الموردين	م17_التسويات_وكشف_الحساب	17	B3	2	رقم المورد	قيمة مثبتة	مفتاح خارجي موروث	يُورَث من الأب ولا يُنشأ هنا	قيمة في المرجع	قائم (AS-IS)	SUP-19	—
عقود الموردين	م17_التسويات_وكشف_الحساب	17	C3	3	اسم المورد (بحث)	قيمة مثبتة	مرجع من قائمة	قائمة اختيار — لا كتابة حرة	قيمة في المرجع	قائم (AS-IS)	SUP-19	—
عقود الموردين	م17_التسويات_وكشف_الحساب	17	D3	4	العملة	قيمة مثبتة	إدخال أعمال	خانة إدخال مفتوحة	قيمة في المرجع	قائم (AS-IS)	SUP-19	—
عقود الموردين	م17_التسويات_وكشف_الحساب	17	E3	5	الشهر	قيمة مثبتة	إدخال أعمال	خانة إدخال مفتوحة	قيمة في المرجع	قائم (AS-IS)	SUP-19	—
عقود الموردين	م17_التسويات_وكشف_الحساب	17	F3	6	مفتاح الشهر (YYYYMM)	قيمة مثبتة	إدخال أعمال	خانة إدخال مفتوحة	قيمة في المرجع	قائم (AS-IS)	SUP-19	—
عقود الموردين	م17_التسويات_وكشف_الحساب	17	G3	7	رصيد افتتاحي ◄	صيغة عابرة للأوراق	مشتق محسوب	يُحسب في الخدمة ولا يُدخل	صيغة حية في المرجع	قائم (AS-IS)	SUP-19	—
عقود الموردين	م17_التسويات_وكشف_الحساب	17	H3	8	استحقاق الشهر ◄	صيغة عابرة للأوراق	مستورد للقراءة من مالكه	يُقرأ من مالكه ويُعرض موسومًا	صيغة حية في المرجع	قائم (AS-IS)	SUP-19	—
عقود الموردين	م17_التسويات_وكشف_الحساب	17	I3	9	(−) مستردات نيابية (م15) ◄	قيمة مثبتة	مستورد للقراءة من مالكه	يُقرأ من مالكه ويُعرض موسومًا	قيمة في المرجع	قائم (AS-IS)	SUP-19	—
عقود الموردين	م17_التسويات_وكشف_الحساب	17	J3	10	(−) سلف ◄	قيمة مثبتة	مستورد للقراءة من مالكه	يُقرأ من مالكه ويُعرض موسومًا	قيمة في المرجع	قائم (AS-IS)	SUP-19	—
عقود الموردين	م17_التسويات_وكشف_الحساب	17	K3	11	(−) جزاءات (م19) ◄	قيمة مثبتة	مستورد للقراءة من مالكه	يُقرأ من مالكه ويُعرض موسومًا	قيمة في المرجع	قائم (AS-IS)	SUP-19	—
عقود الموردين	م17_التسويات_وكشف_الحساب	17	L3	12	(±) تسويات معتمدة أخرى	قيمة مثبتة	إدخال أعمال	خانة إدخال مفتوحة	قيمة في المرجع	قائم (AS-IS)	SUP-19	—
عقود الموردين	م17_التسويات_وكشف_الحساب	17	M3	13	صافي مستحق الشهر Net_Payable ◄	صيغة داخلية	مشتق محسوب	يُحسب في الخدمة ولا يُدخل	صيغة حية في المرجع	قائم (AS-IS)	SUP-19	—
عقود الموردين	م17_التسويات_وكشف_الحساب	17	N3	14	المدفوع خلال الشهر ◄	صيغة عابرة للأوراق	مستورد للقراءة من مالكه	يُقرأ من مالكه ويُعرض موسومًا	صيغة حية في المرجع	قائم (AS-IS)	SUP-19	—
عقود الموردين	م17_التسويات_وكشف_الحساب	17	O3	15	رصيد ختامي ◄	صيغة داخلية	مشتق محسوب	يُحسب في الخدمة ولا يُدخل	صيغة حية في المرجع	قائم (AS-IS)	SUP-19	—
عقود الموردين	م17_التسويات_وكشف_الحساب	17	P3	16	حالة الإقفال	قيمة مثبتة	إدخال أعمال	خانة إدخال مفتوحة	قيمة في المرجع	قائم (AS-IS)	SUP-19	—
عقود الموردين	م17_التسويات_وكشف_الحساب	17	Q3	17	المُنشئ	ورقة بلا بيانات	أثر تدقيقي أو بيانات وصفية	يُحفظ ولا يُعرض في النموذج	اسم الحقل ودلالته	قائم (AS-IS)	SUP-19	—
عقود الموردين	م17_التسويات_وكشف_الحساب	17	R3	18	المراجع	ورقة بلا بيانات	أثر تدقيقي أو بيانات وصفية	يُحفظ ولا يُعرض في النموذج	اسم الحقل ودلالته	قائم (AS-IS)	SUP-19	—
عقود الموردين	م17_التسويات_وكشف_الحساب	17	S3	19	المعتمِد	ورقة بلا بيانات	أثر تدقيقي أو بيانات وصفية	يُحفظ ولا يُعرض في النموذج	اسم الحقل ودلالته	قائم (AS-IS)	SUP-19	—
عقود الموردين	م17_التسويات_وكشف_الحساب	17	T3	20	تاريخ الاعتماد	ورقة بلا بيانات	أثر تدقيقي أو بيانات وصفية	يُحفظ ولا يُعرض في النموذج	اسم الحقل ودلالته	قائم (AS-IS)	SUP-19	—
عقود الموردين	م17_التسويات_وكشف_الحساب	17	U3	21	مراجع البنود الخاصمة	قيمة مثبتة	إدخال أعمال	خانة إدخال مفتوحة	قيمة في المرجع	قائم (AS-IS)	SUP-19	—
عقود الموردين	م17_التسويات_وكشف_الحساب	17	V3	22	ملاحظات	قيمة مثبتة	أثر تدقيقي أو بيانات وصفية	يُحفظ ولا يُعرض في النموذج	قيمة في المرجع	قائم (AS-IS)	SUP-19	—
عقود الموردين	م18_طلبات_الدفع_وحالة_الصرف	18	A3	1	رقم الطلب · PayReq_ID	قيمة مثبتة	مفتاح أساسي مولَّد	يولّده النظام ولا يُحرَّر	قيمة في المرجع	قائم (AS-IS)	SUP-20	—
عقود الموردين	م18_طلبات_الدفع_وحالة_الصرف	18	B3	2	التاريخ	قيمة مثبتة	إدخال أعمال	خانة إدخال مفتوحة	قيمة في المرجع	قائم (AS-IS)	SUP-20	—
عقود الموردين	م18_طلبات_الدفع_وحالة_الصرف	18	C3	3	رقم المورد	قيمة مثبتة	مفتاح خارجي موروث	يُورَث من الأب ولا يُنشأ هنا	قيمة في المرجع	قائم (AS-IS)	SUP-20	—
عقود الموردين	م18_طلبات_الدفع_وحالة_الصرف	18	D3	4	الجهة المستفيدة	قيمة مثبتة	إدخال أعمال	خانة إدخال مفتوحة	قيمة في المرجع	قائم (AS-IS)	SUP-20	—
عقود الموردين	م18_طلبات_الدفع_وحالة_الصرف	18	E3	5	طريقة الدفع	ورقة بلا بيانات	إدخال أعمال	خانة إدخال مفتوحة	اسم الحقل ودلالته	قائم (AS-IS)	SUP-20	—
عقود الموردين	م18_طلبات_الدفع_وحالة_الصرف	18	F3	6	اسم البنك	ورقة بلا بيانات	إدخال أعمال	خانة إدخال مفتوحة	اسم الحقل ودلالته	قائم (AS-IS)	SUP-20	—
عقود الموردين	م18_طلبات_الدفع_وحالة_الصرف	18	G3	7	رقم الحساب	ورقة بلا بيانات	إدخال أعمال	خانة إدخال مفتوحة	اسم الحقل ودلالته	قائم (AS-IS)	SUP-20	—
عقود الموردين	م18_طلبات_الدفع_وحالة_الصرف	18	H3	8	اسم صاحب الحساب	ورقة بلا بيانات	إدخال أعمال	خانة إدخال مفتوحة	اسم الحقل ودلالته	قائم (AS-IS)	SUP-20	—
عقود الموردين	م18_طلبات_الدفع_وحالة_الصرف	18	I3	9	علم طرف ثالث	ورقة بلا بيانات	إدخال أعمال	خانة إدخال مفتوحة	اسم الحقل ودلالته	قائم (AS-IS)	SUP-20	—
عقود الموردين	م18_طلبات_الدفع_وحالة_الصرف	18	J3	10	مرجع تفويض الطرف الثالث (م03)	ورقة بلا بيانات	إدخال أعمال	خانة إدخال مفتوحة	اسم الحقل ودلالته	قائم (AS-IS)	SUP-20	—
عقود الموردين	م18_طلبات_الدفع_وحالة_الصرف	18	K3	11	العميل/المشروع	قيمة مثبتة	إدخال أعمال	خانة إدخال مفتوحة	قيمة في المرجع	قائم (AS-IS)	SUP-20	—
عقود الموردين	م18_طلبات_الدفع_وحالة_الصرف	18	L3	12	نظام التقسيم	ورقة بلا بيانات	إدخال أعمال	خانة إدخال مفتوحة	اسم الحقل ودلالته	قائم (AS-IS)	SUP-20	—
عقود الموردين	م18_طلبات_الدفع_وحالة_الصرف	18	M3	13	مرجع التسوية (م17)	قيمة مثبتة	إدخال أعمال	خانة إدخال مفتوحة	قيمة في المرجع	قائم (AS-IS)	SUP-20	—
عقود الموردين	م18_طلبات_الدفع_وحالة_الصرف	18	N3	14	المستلم ج.س (لاستحقاق الجنيه)	ورقة بلا بيانات	إدخال أعمال	خانة إدخال مفتوحة	اسم الحقل ودلالته	قائم (AS-IS)	SUP-20	—
عقود الموردين	م18_طلبات_الدفع_وحالة_الصرف	18	O3	15	المستلم بالجنيه (مُدولر)	قيمة مثبتة	إدخال أعمال	خانة إدخال مفتوحة	قيمة في المرجع	قائم (AS-IS)	SUP-20	—
عقود الموردين	م18_طلبات_الدفع_وحالة_الصرف	18	P3	16	سعر الصرف (مصدره وتاريخه)	قيمة مثبتة	لقطة تعاقدية	تُثبَّت لحظة التعاقد ولا تتغير بأثر رجعي	قيمة في المرجع	قائم (AS-IS)	SUP-20	—
عقود الموردين	م18_طلبات_الدفع_وحالة_الصرف	18	Q3	17	المستلم الكلي $ ◄	قيمة مثبتة	مستورد للقراءة من مالكه	يُقرأ من مالكه ويُعرض موسومًا	قيمة في المرجع	قائم (AS-IS)	SUP-20	—
عقود الموردين	م18_طلبات_الدفع_وحالة_الصرف	18	R3	18	مفتاح شهر الصرف (YYYYMM)	قيمة مثبتة	إدخال أعمال	خانة إدخال مفتوحة	قيمة في المرجع	قائم (AS-IS)	SUP-20	—
عقود الموردين	م18_طلبات_الدفع_وحالة_الصرف	18	S3	19	شهر الاستحقاق المسدد (كما ورد)	ورقة بلا بيانات	إدخال أعمال	خانة إدخال مفتوحة	اسم الحقل ودلالته	قائم (AS-IS)	SUP-20	—
عقود الموردين	م18_طلبات_الدفع_وحالة_الصرف	18	T3	20	الإقفال المخصص ◄	ورقة بلا بيانات	مستورد للقراءة من مالكه	يُقرأ من مالكه ويُعرض موسومًا	اسم الحقل ودلالته	قائم (AS-IS)	SUP-20	—
عقود الموردين	م18_طلبات_الدفع_وحالة_الصرف	18	U3	21	حالة التخصيص	قيمة مثبتة	إدخال أعمال	خانة إدخال مفتوحة	قيمة في المرجع	قائم (AS-IS)	SUP-20	—
عقود الموردين	م18_طلبات_الدفع_وحالة_الصرف	18	V3	22	حالة الطلب	قيمة مثبتة	إدخال أعمال	خانة إدخال مفتوحة	قيمة في المرجع	قائم (AS-IS)	SUP-20	—
عقود الموردين	م18_طلبات_الدفع_وحالة_الصرف	18	W3	23	حالة الصرف (قراءة) ◄	قيمة مثبتة	مستورد للقراءة من مالكه	يُقرأ من مالكه ويُعرض موسومًا	قيمة في المرجع	قائم (AS-IS)	SUP-20	—
عقود الموردين	م18_طلبات_الدفع_وحالة_الصرف	18	X3	24	تاريخ الصرف ◄	قيمة مثبتة	مستورد للقراءة من مالكه	يُقرأ من مالكه ويُعرض موسومًا	قيمة في المرجع	قائم (AS-IS)	SUP-20	—
عقود الموردين	م18_طلبات_الدفع_وحالة_الصرف	18	Y3	25	مرجع الصرف ◄	ورقة بلا بيانات	مستورد للقراءة من مالكه	يُقرأ من مالكه ويُعرض موسومًا	اسم الحقل ودلالته	قائم (AS-IS)	SUP-20	—
عقود الموردين	م18_طلبات_الدفع_وحالة_الصرف	18	Z3	26	سياق الآلية (إن ورد)	ورقة بلا بيانات	إدخال أعمال	خانة إدخال مفتوحة	اسم الحقل ودلالته	قائم (AS-IS)	SUP-20	—
عقود الموردين	م18_طلبات_الدفع_وحالة_الصرف	18	AA3	27	طبيعة الدفعة (مستخرجة) ◄	ورقة بلا بيانات	مستورد للقراءة من مالكه	يُقرأ من مالكه ويُعرض موسومًا	اسم الحقل ودلالته	قائم (AS-IS)	SUP-20	—
عقود الموردين	م18_طلبات_الدفع_وحالة_الصرف	18	AB3	28	البيان (مصدر)	قيمة مثبتة	إدخال أعمال	خانة إدخال مفتوحة	قيمة في المرجع	قائم (AS-IS)	SUP-20	—
عقود الموردين	م18_طلبات_الدفع_وحالة_الصرف	18	AC3	29	ملاحظات	قيمة مثبتة	أثر تدقيقي أو بيانات وصفية	يُحفظ ولا يُعرض في النموذج	قيمة في المرجع	قائم (AS-IS)	SUP-20	—
عقود الموردين	م18_طلبات_الدفع_وحالة_الصرف	18	AD3	30	المُنشئ	ورقة بلا بيانات	أثر تدقيقي أو بيانات وصفية	يُحفظ ولا يُعرض في النموذج	اسم الحقل ودلالته	قائم (AS-IS)	SUP-20	—
عقود الموردين	م18_طلبات_الدفع_وحالة_الصرف	18	AE3	31	المراجع	ورقة بلا بيانات	أثر تدقيقي أو بيانات وصفية	يُحفظ ولا يُعرض في النموذج	اسم الحقل ودلالته	قائم (AS-IS)	SUP-20	—
عقود الموردين	م18_طلبات_الدفع_وحالة_الصرف	18	AF3	32	المعتمِد	ورقة بلا بيانات	أثر تدقيقي أو بيانات وصفية	يُحفظ ولا يُعرض في النموذج	اسم الحقل ودلالته	قائم (AS-IS)	SUP-20	—
عقود الموردين	م19_المخالفات_والجزاءات	19	A3	1	رقم القيد	قيمة مثبتة	إدخال أعمال	خانة إدخال مفتوحة	قيمة في المرجع	يُبنى (TO-BE)	SUP-23	—
عقود الموردين	م19_المخالفات_والجزاءات	19	B3	2	التاريخ	ورقة بلا بيانات	إدخال أعمال	خانة إدخال مفتوحة	اسم الحقل ودلالته	يُبنى (TO-BE)	SUP-23	—
عقود الموردين	م19_المخالفات_والجزاءات	19	C3	3	رقم المورد	ورقة بلا بيانات	مفتاح خارجي موروث	يُورَث من الأب ولا يُنشأ هنا	اسم الحقل ودلالته	يُبنى (TO-BE)	SUP-23	—
عقود الموردين	م19_المخالفات_والجزاءات	19	D3	4	اسم المورد (بحث)	ورقة بلا بيانات	مرجع من قائمة	قائمة اختيار — لا كتابة حرة	اسم الحقل ودلالته	يُبنى (TO-BE)	SUP-23	—
عقود الموردين	م19_المخالفات_والجزاءات	19	E3	5	كود عقد المورد	ورقة بلا بيانات	مفتاح خارجي موروث	يُورَث من الأب ولا يُنشأ هنا	اسم الحقل ودلالته	يُبنى (TO-BE)	SUP-23	—
عقود الموردين	م19_المخالفات_والجزاءات	19	F3	6	نوع الجزاء/المطالبة	ورقة بلا بيانات	إدخال أعمال	خانة إدخال مفتوحة	اسم الحقل ودلالته	يُبنى (TO-BE)	SUP-23	—
عقود الموردين	م19_المخالفات_والجزاءات	19	G3	7	الوصف	ورقة بلا بيانات	إدخال أعمال	خانة إدخال مفتوحة	اسم الحقل ودلالته	يُبنى (TO-BE)	SUP-23	—
عقود الموردين	م19_المخالفات_والجزاءات	19	H3	8	المرجع التعاقدي (بند)	ورقة بلا بيانات	إدخال أعمال	خانة إدخال مفتوحة	اسم الحقل ودلالته	يُبنى (TO-BE)	SUP-23	—
عقود الموردين	م19_المخالفات_والجزاءات	19	I3	9	المبلغ/الأثر	ورقة بلا بيانات	إدخال أعمال	خانة إدخال مفتوحة	اسم الحقل ودلالته	يُبنى (TO-BE)	SUP-23	—
عقود الموردين	م19_المخالفات_والجزاءات	19	J3	10	العملة	ورقة بلا بيانات	إدخال أعمال	خانة إدخال مفتوحة	اسم الحقل ودلالته	يُبنى (TO-BE)	SUP-23	—
عقود الموردين	م19_المخالفات_والجزاءات	19	K3	11	الحالة	ورقة بلا بيانات	إدخال أعمال	خانة إدخال مفتوحة	اسم الحقل ودلالته	يُبنى (TO-BE)	SUP-23	—
عقود الموردين	م19_المخالفات_والجزاءات	19	L3	12	القرار	ورقة بلا بيانات	إدخال أعمال	خانة إدخال مفتوحة	اسم الحقل ودلالته	يُبنى (TO-BE)	SUP-23	—
عقود الموردين	م19_المخالفات_والجزاءات	19	M3	13	معتمد القرار	ورقة بلا بيانات	إدخال أعمال	خانة إدخال مفتوحة	اسم الحقل ودلالته	يُبنى (TO-BE)	SUP-23	—
عقود الموردين	م19_المخالفات_والجزاءات	19	N3	14	مرجع الخصم بالتسوية (م17)	ورقة بلا بيانات	إدخال أعمال	خانة إدخال مفتوحة	اسم الحقل ودلالته	يُبنى (TO-BE)	SUP-23	—
عقود الموردين	م19_المخالفات_والجزاءات	19	O3	15	حالة البيانات	ورقة بلا بيانات	أثر تدقيقي أو بيانات وصفية	يُحفظ ولا يُعرض في النموذج	اسم الحقل ودلالته	يُبنى (TO-BE)	SUP-23	—
عقود الموردين	م19_المخالفات_والجزاءات	19	P3	16	ملاحظات	قيمة مثبتة	أثر تدقيقي أو بيانات وصفية	يُحفظ ولا يُعرض في النموذج	قيمة في المرجع	يُبنى (TO-BE)	SUP-23	—
عقود الموردين	م20_تقييم_المورد_والأداء	20	A3	1	رقم المورد	قيمة مثبتة	مفتاح خارجي موروث	يُورَث من الأب ولا يُنشأ هنا	قيمة في المرجع	قائم (AS-IS)	SUP-24	—
عقود الموردين	م20_تقييم_المورد_والأداء	20	B3	2	اسم المورد (بحث)	قيمة مثبتة	مرجع من قائمة	قائمة اختيار — لا كتابة حرة	قيمة في المرجع	قائم (AS-IS)	SUP-24	—
عقود الموردين	م20_تقييم_المورد_والأداء	20	C3	3	الفترة	قيمة مثبتة	إدخال أعمال	خانة إدخال مفتوحة	قيمة في المرجع	قائم (AS-IS)	SUP-24	—
عقود الموردين	م20_تقييم_المورد_والأداء	20	D3	4	عقود نشطة ◄	صيغة عابرة للأوراق	مستورد للقراءة من مالكه	يُقرأ من مالكه ويُعرض موسومًا	صيغة حية في المرجع	قائم (AS-IS)	SUP-24	—
عقود الموردين	م20_تقييم_المورد_والأداء	20	E3	5	عقود منتهية بلا إغلاق ◄	صيغة عابرة للأوراق	مستورد للقراءة من مالكه	يُقرأ من مالكه ويُعرض موسومًا	صيغة حية في المرجع	قائم (AS-IS)	SUP-24	—
عقود الموردين	م20_تقييم_المورد_والأداء	20	F3	6	حصص (خانات) ◄	صيغة عابرة للأوراق	مستورد للقراءة من مالكه	يُقرأ من مالكه ويُعرض موسومًا	صيغة حية في المرجع	قائم (AS-IS)	SUP-24	—
عقود الموردين	م20_تقييم_المورد_والأداء	20	G3	7	معدات مسندة ◄	صيغة عابرة للأوراق	مستورد للقراءة من مالكه	يُقرأ من مالكه ويُعرض موسومًا	صيغة حية في المرجع	قائم (AS-IS)	SUP-24	—
عقود الموردين	م20_تقييم_المورد_والأداء	20	H3	8	انكشاف الاستحقاق $ ◄	صيغة عابرة للأوراق	مستورد للقراءة من مالكه	يُقرأ من مالكه ويُعرض موسومًا	صيغة حية في المرجع	قائم (AS-IS)	SUP-24	—
عقود الموردين	م20_تقييم_المورد_والأداء	20	I3	9	المدفوع $ ◄	صيغة عابرة للأوراق	مستورد للقراءة من مالكه	يُقرأ من مالكه ويُعرض موسومًا	صيغة حية في المرجع	قائم (AS-IS)	SUP-24	—
عقود الموردين	م20_تقييم_المورد_والأداء	20	J3	10	الرصيد المستحق $ ◄	صيغة داخلية	مشتق محسوب	يُحسب في الخدمة ولا يُدخل	صيغة حية في المرجع	قائم (AS-IS)	SUP-24	—
عقود الموردين	م20_تقييم_المورد_والأداء	20	K3	11	نسبة التركز من محفظة الاستحقاق ◄	صيغة عابرة للأوراق	مشتق محسوب	يُحسب في الخدمة ولا يُدخل	صيغة حية في المرجع	قائم (AS-IS)	SUP-24	—
عقود الموردين	م20_تقييم_المورد_والأداء	20	L3	12	Σ المستهدف (تجميعي عبر الوحدات) ◄	صيغة عابرة للأوراق	مستورد للقراءة من مالكه	يُقرأ من مالكه ويُعرض موسومًا	صيغة حية في المرجع	قائم (AS-IS)	SUP-24	—
عقود الموردين	م20_تقييم_المورد_والأداء	20	M3	13	Σ المنفَّذ (تجميعي) ◄	صيغة عابرة للأوراق	مستورد للقراءة من مالكه	يُقرأ من مالكه ويُعرض موسومًا	صيغة حية في المرجع	قائم (AS-IS)	SUP-24	—
عقود الموردين	م20_تقييم_المورد_والأداء	20	N3	14	نسبة تحقق الحصص ◄	صيغة داخلية	مشتق محسوب	يُحسب في الخدمة ولا يُدخل	صيغة حية في المرجع	قائم (AS-IS)	SUP-24	—
عقود الموردين	م20_تقييم_المورد_والأداء	20	O3	15	Σ مخصومة — عمل (ساعات) ◄	صيغة عابرة للأوراق	مستورد للقراءة من مالكه	يُقرأ من مالكه ويُعرض موسومًا	صيغة حية في المرجع	قائم (AS-IS)	SUP-24	—
عقود الموردين	م20_تقييم_المورد_والأداء	20	P3	16	معدل الخصومات ◄	صيغة عابرة للأوراق	مستورد للقراءة من مالكه	يُقرأ من مالكه ويُعرض موسومًا	صيغة حية في المرجع	قائم (AS-IS)	SUP-24	—
عقود الموردين	م20_تقييم_المورد_والأداء	20	Q3	17	نسبة معدات غير متحقق الصفة ◄	قيمة مثبتة	مشتق محسوب	يُحسب في الخدمة ولا يُدخل	قيمة في المرجع	قائم (AS-IS)	SUP-24	—
عقود الموردين	م20_تقييم_المورد_والأداء	20	R3	18	موردون بديلون لأضيق نوع ◄	قيمة مثبتة	مستورد للقراءة من مالكه	يُقرأ من مالكه ويُعرض موسومًا	قيمة في المرجع	قائم (AS-IS)	SUP-24	—
عقود الموردين	م20_تقييم_المورد_والأداء	20	S3	19	عقود تنتهي قبل عقد العميل ◄	صيغة عابرة للأوراق	مستورد للقراءة من مالكه	يُقرأ من مالكه ويُعرض موسومًا	صيغة حية في المرجع	قائم (AS-IS)	SUP-24	—
عقود الموردين	م20_تقييم_المورد_والأداء	20	T3	20	تصنيف المخاطرة المركب ◄	صيغة داخلية	مشتق محسوب	يُحسب في الخدمة ولا يُدخل	صيغة حية في المرجع	قائم (AS-IS)	SUP-24	—
عقود الموردين	م20_تقييم_المورد_والأداء	20	U3	21	درجة المخاطرة ◄	صيغة داخلية	مشتق محسوب	يُحسب في الخدمة ولا يُدخل	صيغة حية في المرجع	قائم (AS-IS)	SUP-24	—
عقود الموردين	م20_تقييم_المورد_والأداء	20	V3	22	الالتزام بالمواعيد %	ورقة بلا بيانات	إدخال أعمال	خانة إدخال مفتوحة	اسم الحقل ودلالته	قائم (AS-IS)	SUP-24	—
عقود الموردين	م20_تقييم_المورد_والأداء	20	W3	23	جودة المعدات (1–5)	ورقة بلا بيانات	إدخال أعمال	خانة إدخال مفتوحة	اسم الحقل ودلالته	قائم (AS-IS)	SUP-24	—
عقود الموردين	م20_تقييم_المورد_والأداء	20	X3	24	الاستجابة للبلاغات	ورقة بلا بيانات	إدخال أعمال	خانة إدخال مفتوحة	اسم الحقل ودلالته	قائم (AS-IS)	SUP-24	—
عقود الموردين	م20_تقييم_المورد_والأداء	20	Y3	25	التصنيف الاستراتيجي	ورقة بلا بيانات	إدخال أعمال	خانة إدخال مفتوحة	اسم الحقل ودلالته	قائم (AS-IS)	SUP-24	—
عقود الموردين	م20_تقييم_المورد_والأداء	20	Z3	26	ملاحظات الأداء	ورقة بلا بيانات	أثر تدقيقي أو بيانات وصفية	يُحفظ ولا يُعرض في النموذج	اسم الحقل ودلالته	قائم (AS-IS)	SUP-24	—
عقود الموردين	م20_تقييم_المورد_والأداء	20	AA3	27	المقيِّم	ورقة بلا بيانات	إدخال أعمال	خانة إدخال مفتوحة	اسم الحقل ودلالته	قائم (AS-IS)	SUP-24	—
عقود الموردين	م20_تقييم_المورد_والأداء	20	AB3	28	تاريخ التقييم	ورقة بلا بيانات	إدخال أعمال	خانة إدخال مفتوحة	اسم الحقل ودلالته	قائم (AS-IS)	SUP-24	—
عقود الموردين	م20_تقييم_المورد_والأداء	20	AC3	29	حالة الاعتماد	ورقة بلا بيانات	إدخال أعمال	خانة إدخال مفتوحة	اسم الحقل ودلالته	قائم (AS-IS)	SUP-24	—
عقود الموردين	م21_الملاحق_والتصفية_والإغلاق	21	A3	1	رقم القيد	قيمة مثبتة	إدخال أعمال	خانة إدخال مفتوحة	قيمة في المرجع	قائم (AS-IS)	SUP-25	—
عقود الموردين	م21_الملاحق_والتصفية_والإغلاق	21	B3	2	كود عقد المورد	قيمة مثبتة	مفتاح خارجي موروث	يُورَث من الأب ولا يُنشأ هنا	قيمة في المرجع	قائم (AS-IS)	SUP-25	—
عقود الموردين	م21_الملاحق_والتصفية_والإغلاق	21	C3	3	نوع وثيقة الإغلاق	قيمة مثبتة	إدخال أعمال	خانة إدخال مفتوحة	قيمة في المرجع	قائم (AS-IS)	SUP-25	—
عقود الموردين	م21_الملاحق_والتصفية_والإغلاق	21	D3	4	رقم النسخة	قيمة مثبتة	إدخال أعمال	خانة إدخال مفتوحة	قيمة في المرجع	قائم (AS-IS)	SUP-25	—
عقود الموردين	م21_الملاحق_والتصفية_والإغلاق	21	E3	5	ما الذي تغيّر	قيمة مثبتة	إدخال أعمال	خانة إدخال مفتوحة	قيمة في المرجع	قائم (AS-IS)	SUP-25	—
عقود الموردين	م21_الملاحق_والتصفية_والإغلاق	21	F3	6	سريان من	قيمة مثبتة	إدخال أعمال	خانة إدخال مفتوحة	قيمة في المرجع	قائم (AS-IS)	SUP-25	—
عقود الموردين	م21_الملاحق_والتصفية_والإغلاق	21	G3	7	تاريخ التوقيع	ورقة بلا بيانات	إدخال أعمال	خانة إدخال مفتوحة	اسم الحقل ودلالته	قائم (AS-IS)	SUP-25	—
عقود الموردين	م21_الملاحق_والتصفية_والإغلاق	21	H3	8	الحالة	قيمة مثبتة	إدخال أعمال	خانة إدخال مفتوحة	قيمة في المرجع	قائم (AS-IS)	SUP-25	—
عقود الموردين	م21_الملاحق_والتصفية_والإغلاق	21	I3	9	مرجع تسوية الإغلاق (م17)	ورقة بلا بيانات	إدخال أعمال	خانة إدخال مفتوحة	اسم الحقل ودلالته	قائم (AS-IS)	SUP-25	—
عقود الموردين	م21_الملاحق_والتصفية_والإغلاق	21	J3	10	إخلاء الطرف	ورقة بلا بيانات	إدخال أعمال	خانة إدخال مفتوحة	اسم الحقل ودلالته	قائم (AS-IS)	SUP-25	—
عقود الموردين	م21_الملاحق_والتصفية_والإغلاق	21	K3	11	المستند	ورقة بلا بيانات	إدخال أعمال	خانة إدخال مفتوحة	اسم الحقل ودلالته	قائم (AS-IS)	SUP-25	—
عقود الموردين	م21_الملاحق_والتصفية_والإغلاق	21	L3	12	ملاحظات	قيمة مثبتة	أثر تدقيقي أو بيانات وصفية	يُحفظ ولا يُعرض في النموذج	قيمة في المرجع	قائم (AS-IS)	SUP-25	—
عقود الموردين	م22_مصادر_القدرة_والتكامل	22	A3	1	رقم السطر	قيمة مثبتة	إدخال أعمال	خانة إدخال مفتوحة	قيمة في المرجع	قائم (AS-IS)	SUP-27	—
عقود الموردين	م22_مصادر_القدرة_والتكامل	22	B3	2	مصدر القدرة	قيمة مثبتة	إدخال أعمال	خانة إدخال مفتوحة	قيمة في المرجع	قائم (AS-IS)	SUP-27	—
عقود الموردين	م22_مصادر_القدرة_والتكامل	22	C3	3	المرجع (كود عقد مورد / كود أصل)	قيمة مثبتة	إدخال أعمال	خانة إدخال مفتوحة	قيمة في المرجع	قائم (AS-IS)	SUP-27	—
عقود الموردين	م22_مصادر_القدرة_والتكامل	22	D3	4	نوع الآلية/البند	قيمة مثبتة	إدخال أعمال	خانة إدخال مفتوحة	قيمة في المرجع	قائم (AS-IS)	SUP-27	—
عقود الموردين	م22_مصادر_القدرة_والتكامل	22	E3	5	الطاقة الشهرية	ورقة بلا بيانات	إدخال أعمال	خانة إدخال مفتوحة	اسم الحقل ودلالته	قائم (AS-IS)	SUP-27	—
عقود الموردين	م22_مصادر_القدرة_والتكامل	22	F3	6	وحدة القياس	ورقة بلا بيانات	إدخال أعمال	خانة إدخال مفتوحة	اسم الحقل ودلالته	قائم (AS-IS)	SUP-27	—
عقود الموردين	م22_مصادر_القدرة_والتكامل	22	G3	7	تكلفة الوحدة (قراءة) ◄	ورقة بلا بيانات	مستورد للقراءة من مالكه	يُقرأ من مالكه ويُعرض موسومًا	اسم الحقل ودلالته	قائم (AS-IS)	SUP-27	—
عقود الموردين	م22_مصادر_القدرة_والتكامل	22	H3	8	نظام المصدر	قيمة مثبتة	إدخال أعمال	خانة إدخال مفتوحة	قيمة في المرجع	قائم (AS-IS)	SUP-27	—
عقود الموردين	م22_مصادر_القدرة_والتكامل	22	I3	9	الحالة	قيمة مثبتة	إدخال أعمال	خانة إدخال مفتوحة	قيمة في المرجع	قائم (AS-IS)	SUP-27	—
عقود الموردين	م22_مصادر_القدرة_والتكامل	22	J3	10	حالة البيانات	قيمة مثبتة	أثر تدقيقي أو بيانات وصفية	يُحفظ ولا يُعرض في النموذج	قيمة في المرجع	قائم (AS-IS)	SUP-27	—
عقود الموردين	م22_مصادر_القدرة_والتكامل	22	K3	11	ملاحظة الفصل	ورقة بلا بيانات	أثر تدقيقي أو بيانات وصفية	يُحفظ ولا يُعرض في النموذج	اسم الحقل ودلالته	قائم (AS-IS)	SUP-27	—
عقود الموردين	م30_عروض_الموردين_والتفاوض	23	A3	1	كود العرض · SupOffer_ID	قيمة مثبتة	مفتاح أساسي مولَّد	يولّده النظام ولا يُحرَّر	قيمة في المرجع	يُبنى (TO-BE)	SUP-07	—
عقود الموردين	م30_عروض_الموردين_والتفاوض	23	B3	2	كود عقد المورد (الناتج)	قيمة مثبتة	مفتاح خارجي موروث	يُورَث من الأب ولا يُنشأ هنا	قيمة في المرجع	يُبنى (TO-BE)	SUP-07	—
عقود الموردين	م30_عروض_الموردين_والتفاوض	23	C3	3	رقم المورد	قيمة مثبتة	مفتاح خارجي موروث	يُورَث من الأب ولا يُنشأ هنا	قيمة في المرجع	يُبنى (TO-BE)	SUP-07	—
عقود الموردين	م30_عروض_الموردين_والتفاوض	23	D3	4	اسم المورد (بحث)	قيمة مثبتة	مرجع من قائمة	قائمة اختيار — لا كتابة حرة	قيمة في المرجع	يُبنى (TO-BE)	SUP-07	—
عقود الموردين	م30_عروض_الموردين_والتفاوض	23	E3	5	نموذج العمل	قيمة مثبتة	إدخال أعمال	خانة إدخال مفتوحة	قيمة في المرجع	يُبنى (TO-BE)	SUP-07	—
عقود الموردين	م30_عروض_الموردين_والتفاوض	23	F3	6	صفة العرض	قيمة مثبتة	إدخال أعمال	خانة إدخال مفتوحة	قيمة في المرجع	يُبنى (TO-BE)	SUP-07	—
عقود الموردين	م30_عروض_الموردين_والتفاوض	23	G3	7	رقم النسخة	قيمة مثبتة	إدخال أعمال	خانة إدخال مفتوحة	قيمة في المرجع	يُبنى (TO-BE)	SUP-07	—
عقود الموردين	م30_عروض_الموردين_والتفاوض	23	H3	8	النسخة الأساس	ورقة بلا بيانات	إدخال أعمال	خانة إدخال مفتوحة	اسم الحقل ودلالته	يُبنى (TO-BE)	SUP-07	—
عقود الموردين	م30_عروض_الموردين_والتفاوض	23	I3	9	ما الذي تغيّر عن سابقتها	ورقة بلا بيانات	إدخال أعمال	خانة إدخال مفتوحة	اسم الحقل ودلالته	يُبنى (TO-BE)	SUP-07	—
عقود الموردين	م30_عروض_الموردين_والتفاوض	23	J3	10	من اقترح التغيير	ورقة بلا بيانات	إدخال أعمال	خانة إدخال مفتوحة	اسم الحقل ودلالته	يُبنى (TO-BE)	SUP-07	—
عقود الموردين	م30_عروض_الموردين_والتفاوض	23	K3	11	تاريخ التغيير	ورقة بلا بيانات	إدخال أعمال	خانة إدخال مفتوحة	اسم الحقل ودلالته	يُبنى (TO-BE)	SUP-07	—
عقود الموردين	م30_عروض_الموردين_والتفاوض	23	L3	12	حالة التفاوض	قيمة مثبتة	إدخال أعمال	خانة إدخال مفتوحة	قيمة في المرجع	يُبنى (TO-BE)	SUP-07	—
عقود الموردين	م30_عروض_الموردين_والتفاوض	23	M3	13	أنواع البنود المعروضة ◄	قيمة مثبتة	مستورد للقراءة من مالكه	يُقرأ من مالكه ويُعرض موسومًا	قيمة في المرجع	يُبنى (TO-BE)	SUP-07	—
عقود الموردين	م30_عروض_الموردين_والتفاوض	23	N3	14	عدد البنود ◄	قيمة مثبتة	مشتق محسوب	يُحسب في الخدمة ولا يُدخل	قيمة في المرجع	يُبنى (TO-BE)	SUP-07	—
عقود الموردين	م30_عروض_الموردين_والتفاوض	23	O3	15	إجمالي الحصة الشهرية المعروضة ◄	قيمة مثبتة	مشتق محسوب	يُحسب في الخدمة ولا يُدخل	قيمة في المرجع	يُبنى (TO-BE)	SUP-07	—
عقود الموردين	م30_عروض_الموردين_والتفاوض	23	P3	16	أدنى سعر وحدة ◄	ورقة بلا بيانات	مستورد للقراءة من مالكه	يُقرأ من مالكه ويُعرض موسومًا	اسم الحقل ودلالته	يُبنى (TO-BE)	SUP-07	—
عقود الموردين	م30_عروض_الموردين_والتفاوض	23	Q3	17	أعلى سعر وحدة ◄	ورقة بلا بيانات	مستورد للقراءة من مالكه	يُقرأ من مالكه ويُعرض موسومًا	اسم الحقل ودلالته	يُبنى (TO-BE)	SUP-07	—
عقود الموردين	م30_عروض_الموردين_والتفاوض	23	R3	18	العملة	قيمة مثبتة	إدخال أعمال	خانة إدخال مفتوحة	قيمة في المرجع	يُبنى (TO-BE)	SUP-07	—
عقود الموردين	م30_عروض_الموردين_والتفاوض	23	S3	19	شروط السداد المعروضة	ورقة بلا بيانات	إدخال أعمال	خانة إدخال مفتوحة	اسم الحقل ودلالته	يُبنى (TO-BE)	SUP-07	—
عقود الموردين	م30_عروض_الموردين_والتفاوض	23	T3	20	موقع التنفيذ	ورقة بلا بيانات	إدخال أعمال	خانة إدخال مفتوحة	اسم الحقل ودلالته	يُبنى (TO-BE)	SUP-07	—
عقود الموردين	م30_عروض_الموردين_والتفاوض	23	U3	21	تاريخ العرض	ورقة بلا بيانات	إدخال أعمال	خانة إدخال مفتوحة	اسم الحقل ودلالته	يُبنى (TO-BE)	SUP-07	—
عقود الموردين	م30_عروض_الموردين_والتفاوض	23	V3	22	العرض يسبق ◄	قيمة مثبتة	مستورد للقراءة من مالكه	يُقرأ من مالكه ويُعرض موسومًا	قيمة في المرجع	يُبنى (TO-BE)	SUP-07	—
عقود الموردين	م30_عروض_الموردين_والتفاوض	23	W3	23	عروض منافسة قورنت	ورقة بلا بيانات	إدخال أعمال	خانة إدخال مفتوحة	اسم الحقل ودلالته	يُبنى (TO-BE)	SUP-07	—
عقود الموردين	م30_عروض_الموردين_والتفاوض	23	X3	24	الضمانات المطلوبة	ورقة بلا بيانات	إدخال أعمال	خانة إدخال مفتوحة	اسم الحقل ودلالته	يُبنى (TO-BE)	SUP-07	—
عقود الموردين	م30_عروض_الموردين_والتفاوض	23	Y3	25	Record_Basis	قيمة مثبتة	أثر تدقيقي أو بيانات وصفية	يُحفظ ولا يُعرض في النموذج	قيمة في المرجع	يُبنى (TO-BE)	SUP-07	—
عقود الموردين	م30_عروض_الموردين_والتفاوض	23	Z3	26	Derivation_Rule	قيمة مثبتة	أثر تدقيقي أو بيانات وصفية	يُحفظ ولا يُعرض في النموذج	قيمة في المرجع	يُبنى (TO-BE)	SUP-07	—
عقود الموردين	م30_عروض_الموردين_والتفاوض	23	AA3	27	Confidence	قيمة مثبتة	أثر تدقيقي أو بيانات وصفية	يُحفظ ولا يُعرض في النموذج	قيمة في المرجع	يُبنى (TO-BE)	SUP-07	—
عقود الموردين	م30_عروض_الموردين_والتفاوض	23	AB3	28	Needs_Review	قيمة مثبتة	أثر تدقيقي أو بيانات وصفية	يُحفظ ولا يُعرض في النموذج	قيمة في المرجع	يُبنى (TO-BE)	SUP-07	—
عقود الموردين	م30_عروض_الموردين_والتفاوض	23	AC3	29	حالة البيانات	قيمة مثبتة	أثر تدقيقي أو بيانات وصفية	يُحفظ ولا يُعرض في النموذج	قيمة في المرجع	يُبنى (TO-BE)	SUP-07	—
عقود الموردين	م30_عروض_الموردين_والتفاوض	23	AD3	30	المصدر	قيمة مثبتة	أثر تدقيقي أو بيانات وصفية	يُحفظ ولا يُعرض في النموذج	قيمة في المرجع	يُبنى (TO-BE)	SUP-07	—
عقود الموردين	م30_عروض_الموردين_والتفاوض	23	AE3	31	ملاحظات	ورقة بلا بيانات	أثر تدقيقي أو بيانات وصفية	يُحفظ ولا يُعرض في النموذج	اسم الحقل ودلالته	يُبنى (TO-BE)	SUP-07	—
عقود الموردين	م31_الإقفال_التعاقدي_للخانات	24	A3	1	كود الإقفال التعاقدي · SlotClose_ID	قيمة مثبتة	مفتاح أساسي مولَّد	يولّده النظام ولا يُحرَّر	قيمة في المرجع	يُبنى (TO-BE)	SUP-16	—
عقود الموردين	م31_الإقفال_التعاقدي_للخانات	24	B3	2	كود الخانة · Slot_ID	قيمة مثبتة	مفتاح خارجي موروث	يُورَث من الأب ولا يُنشأ هنا	قيمة في المرجع	يُبنى (TO-BE)	SUP-16	—
عقود الموردين	م31_الإقفال_التعاقدي_للخانات	24	C3	3	كود عقد المورد	ورقة بلا بيانات	مفتاح خارجي موروث	يُورَث من الأب ولا يُنشأ هنا	اسم الحقل ودلالته	يُبنى (TO-BE)	SUP-16	—
عقود الموردين	م31_الإقفال_التعاقدي_للخانات	24	D3	4	رقم المورد	ورقة بلا بيانات	مفتاح خارجي موروث	يُورَث من الأب ولا يُنشأ هنا	اسم الحقل ودلالته	يُبنى (TO-BE)	SUP-16	—
عقود الموردين	م31_الإقفال_التعاقدي_للخانات	24	E3	5	اسم المورد (بحث)	قيمة مثبتة	مرجع من قائمة	قائمة اختيار — لا كتابة حرة	قيمة في المرجع	يُبنى (TO-BE)	SUP-16	—
عقود الموردين	م31_الإقفال_التعاقدي_للخانات	24	F3	6	نموذج العمل	قيمة مثبتة	إدخال أعمال	خانة إدخال مفتوحة	قيمة في المرجع	يُبنى (TO-BE)	SUP-16	—
عقود الموردين	م31_الإقفال_التعاقدي_للخانات	24	G3	7	نوع الآلية/البند	قيمة مثبتة	إدخال أعمال	خانة إدخال مفتوحة	قيمة في المرجع	يُبنى (TO-BE)	SUP-16	—
عقود الموردين	م31_الإقفال_التعاقدي_للخانات	24	H3	8	وحدة القياس	قيمة مثبتة	إدخال أعمال	خانة إدخال مفتوحة	قيمة في المرجع	يُبنى (TO-BE)	SUP-16	—
عقود الموردين	م31_الإقفال_التعاقدي_للخانات	24	I3	9	نوع الفترة	قيمة مثبتة	إدخال أعمال	خانة إدخال مفتوحة	قيمة في المرجع	يُبنى (TO-BE)	SUP-16	—
عقود الموردين	م31_الإقفال_التعاقدي_للخانات	24	J3	10	بداية الفترة	ورقة بلا بيانات	إدخال أعمال	خانة إدخال مفتوحة	اسم الحقل ودلالته	يُبنى (TO-BE)	SUP-16	—
عقود الموردين	م31_الإقفال_التعاقدي_للخانات	24	K3	11	نهاية الفترة	ورقة بلا بيانات	إدخال أعمال	خانة إدخال مفتوحة	اسم الحقل ودلالته	يُبنى (TO-BE)	SUP-16	—
عقود الموردين	م31_الإقفال_التعاقدي_للخانات	24	L3	12	شهر نهاية الفترة (وسم) ◄	ورقة بلا بيانات	مستورد للقراءة من مالكه	يُقرأ من مالكه ويُعرض موسومًا	اسم الحقل ودلالته	يُبنى (TO-BE)	SUP-16	—
عقود الموردين	م31_الإقفال_التعاقدي_للخانات	24	M3	13	أشهر الفترة ◄	قيمة مثبتة	مشتق محسوب	يُحسب في الخدمة ولا يُدخل	قاعدة المتطلب الحاكم	يُبنى (TO-BE)	SUP-16	حُسم بالمتطلب: مستورد للقراءة من مالكه ← مشتق محسوب
عقود الموردين	م31_الإقفال_التعاقدي_للخانات	24	N3	14	الأساس الشهري المتعاقد ◄	قيمة مثبتة	مشتق محسوب	يُحسب في الخدمة ولا يُدخل	قاعدة المتطلب الحاكم	يُبنى (TO-BE)	SUP-16	حُسم بالمتطلب: مستورد للقراءة من مالكه ← مشتق محسوب
عقود الموردين	م31_الإقفال_التعاقدي_للخانات	24	O3	15	المتعاقد عليه للفترة ◄	قيمة مثبتة	مشتق محسوب	يُحسب في الخدمة ولا يُدخل	قاعدة المتطلب الحاكم	يُبنى (TO-BE)	SUP-16	حُسم بالمتطلب: مستورد للقراءة من مالكه ← مشتق محسوب
عقود الموردين	م31_الإقفال_التعاقدي_للخانات	24	P3	16	المنفَّذ المعتمد بالفترة ◄	قيمة مثبتة	مشتق محسوب	يُحسب في الخدمة ولا يُدخل	قاعدة المتطلب الحاكم	يُبنى (TO-BE)	SUP-16	حُسم بالمتطلب: مستورد للقراءة من مالكه ← مشتق محسوب
عقود الموردين	م31_الإقفال_التعاقدي_للخانات	24	Q3	17	الفجوة/الفائض ◄	صيغة داخلية	مشتق محسوب	يُحسب في الخدمة ولا يُدخل	صيغة حية في المرجع	يُبنى (TO-BE)	SUP-16	—
عقود الموردين	م31_الإقفال_التعاقدي_للخانات	24	R3	18	نسبة التحقق ◄	قيمة مثبتة	مشتق محسوب	يُحسب في الخدمة ولا يُدخل	قيمة في المرجع	يُبنى (TO-BE)	SUP-16	—
عقود الموردين	م31_الإقفال_التعاقدي_للخانات	24	S3	19	أشهر بها أداء ◄	قيمة مثبتة	مشتق محسوب	يُحسب في الخدمة ولا يُدخل	قاعدة المتطلب الحاكم	يُبنى (TO-BE)	SUP-16	حُسم بالمتطلب: مستورد للقراءة من مالكه ← مشتق محسوب
عقود الموردين	م31_الإقفال_التعاقدي_للخانات	24	T3	20	آخر نشاط بالخانة ◄	قيمة مثبتة	مشتق محسوب	يُحسب في الخدمة ولا يُدخل	قيمة في المرجع	يُبنى (TO-BE)	SUP-16	—
عقود الموردين	م31_الإقفال_التعاقدي_للخانات	24	U3	21	سعر وحدة المورد (م08) ◄	ورقة بلا بيانات	مستورد للقراءة من مالكه	يُقرأ من مالكه ويُعرض موسومًا	اسم الحقل ودلالته	يُبنى (TO-BE)	SUP-16	—
عقود الموردين	م31_الإقفال_التعاقدي_للخانات	24	V3	22	العملة	قيمة مثبتة	إدخال أعمال	خانة إدخال مفتوحة	قيمة في المرجع	يُبنى (TO-BE)	SUP-16	—
عقود الموردين	م31_الإقفال_التعاقدي_للخانات	24	W3	23	قيمة الفترة التقديرية ◄	ورقة بلا بيانات	مشتق محسوب	يُحسب في الخدمة ولا يُدخل	اسم الحقل ودلالته	يُبنى (TO-BE)	SUP-16	—
عقود الموردين	م31_الإقفال_التعاقدي_للخانات	24	X3	24	حالة الخانة (م10)	قيمة مثبتة	إدخال أعمال	خانة إدخال مفتوحة	قيمة في المرجع	يُبنى (TO-BE)	SUP-16	—
عقود الموردين	م31_الإقفال_التعاقدي_للخانات	24	Y3	25	حالة الإقفال التعاقدي ◄	قيمة مثبتة	مستورد للقراءة من مالكه	يُقرأ من مالكه ويُعرض موسومًا	قيمة في المرجع	يُبنى (TO-BE)	SUP-16	—
عقود الموردين	م31_الإقفال_التعاقدي_للخانات	24	Z3	26	مرجع الإقفال الشهري (م17)	قيمة مثبتة	إدخال أعمال	خانة إدخال مفتوحة	قيمة في المرجع	يُبنى (TO-BE)	SUP-16	—
عقود الموردين	م31_الإقفال_التعاقدي_للخانات	24	AA3	27	المُنشئ	ورقة بلا بيانات	أثر تدقيقي أو بيانات وصفية	يُحفظ ولا يُعرض في النموذج	اسم الحقل ودلالته	يُبنى (TO-BE)	SUP-16	—
عقود الموردين	م31_الإقفال_التعاقدي_للخانات	24	AB3	28	المراجع	ورقة بلا بيانات	أثر تدقيقي أو بيانات وصفية	يُحفظ ولا يُعرض في النموذج	اسم الحقل ودلالته	يُبنى (TO-BE)	SUP-16	—
عقود الموردين	م31_الإقفال_التعاقدي_للخانات	24	AC3	29	المعتمِد	ورقة بلا بيانات	أثر تدقيقي أو بيانات وصفية	يُحفظ ولا يُعرض في النموذج	اسم الحقل ودلالته	يُبنى (TO-BE)	SUP-16	—
عقود الموردين	م31_الإقفال_التعاقدي_للخانات	24	AD3	30	تاريخ الاعتماد	ورقة بلا بيانات	أثر تدقيقي أو بيانات وصفية	يُحفظ ولا يُعرض في النموذج	اسم الحقل ودلالته	يُبنى (TO-BE)	SUP-16	—
عقود الموردين	م31_الإقفال_التعاقدي_للخانات	24	AE3	31	Record_Basis	قيمة مثبتة	أثر تدقيقي أو بيانات وصفية	يُحفظ ولا يُعرض في النموذج	قيمة في المرجع	يُبنى (TO-BE)	SUP-16	—
عقود الموردين	م31_الإقفال_التعاقدي_للخانات	24	AF3	32	Derivation_Rule	قيمة مثبتة	أثر تدقيقي أو بيانات وصفية	يُحفظ ولا يُعرض في النموذج	قيمة في المرجع	يُبنى (TO-BE)	SUP-16	—
عقود الموردين	م31_الإقفال_التعاقدي_للخانات	24	AG3	33	حالة البيانات	قيمة مثبتة	أثر تدقيقي أو بيانات وصفية	يُحفظ ولا يُعرض في النموذج	قيمة في المرجع	يُبنى (TO-BE)	SUP-16	—
عقود الموردين	م31_الإقفال_التعاقدي_للخانات	24	AH3	34	ملاحظات	ورقة بلا بيانات	أثر تدقيقي أو بيانات وصفية	يُحفظ ولا يُعرض في النموذج	اسم الحقل ودلالته	يُبنى (TO-BE)	SUP-16	—
عقود الموردين	م32_أعمار_الأرصدة_والالتزامات	25	A3	1	كود الرصيد · Aging_ID	قيمة مثبتة	مفتاح أساسي مولَّد	يولّده النظام ولا يُحرَّر	قيمة في المرجع	يُبنى (TO-BE)	SUP-22	—
عقود الموردين	م32_أعمار_الأرصدة_والالتزامات	25	B3	2	التسلسل الزمني للمورد ◄	قيمة مثبتة	مستورد للقراءة من مالكه	يُقرأ من مالكه ويُعرض موسومًا	قيمة في المرجع	يُبنى (TO-BE)	SUP-22	—
عقود الموردين	م32_أعمار_الأرصدة_والالتزامات	25	C3	3	رقم المورد	قيمة مثبتة	مفتاح خارجي موروث	يُورَث من الأب ولا يُنشأ هنا	قيمة في المرجع	يُبنى (TO-BE)	SUP-22	—
عقود الموردين	م32_أعمار_الأرصدة_والالتزامات	25	D3	4	اسم المورد (بحث)	قيمة مثبتة	مرجع من قائمة	قائمة اختيار — لا كتابة حرة	قيمة في المرجع	يُبنى (TO-BE)	SUP-22	—
عقود الموردين	م32_أعمار_الأرصدة_والالتزامات	25	E3	5	العملة	قيمة مثبتة	إدخال أعمال	خانة إدخال مفتوحة	قيمة في المرجع	يُبنى (TO-BE)	SUP-22	—
عقود الموردين	م32_أعمار_الأرصدة_والالتزامات	25	F3	6	إجمالي الاستحقاق ◄	صيغة عابرة للأوراق	مشتق محسوب	يُحسب في الخدمة ولا يُدخل	صيغة حية في المرجع	يُبنى (TO-BE)	SUP-22	—
عقود الموردين	م32_أعمار_الأرصدة_والالتزامات	25	G3	7	إجمالي المدفوع ◄	صيغة عابرة للأوراق	مشتق محسوب	يُحسب في الخدمة ولا يُدخل	صيغة حية في المرجع	يُبنى (TO-BE)	SUP-22	—
عقود الموردين	م32_أعمار_الأرصدة_والالتزامات	25	H3	8	الرصيد القائم ◄	صيغة داخلية	مشتق محسوب	يُحسب في الخدمة ولا يُدخل	صيغة حية في المرجع	يُبنى (TO-BE)	SUP-22	—
عقود الموردين	م32_أعمار_الأرصدة_والالتزامات	25	I3	9	آخر شهر حركة ◄	قيمة مثبتة	مشتق محسوب	يُحسب في الخدمة ولا يُدخل	قيمة في المرجع	يُبنى (TO-BE)	SUP-22	—
عقود الموردين	م32_أعمار_الأرصدة_والالتزامات	25	J3	10	عمر الرصيد (يومًا) ◄	قيمة مثبتة	مشتق محسوب	يُحسب في الخدمة ولا يُدخل	قيمة في المرجع	يُبنى (TO-BE)	SUP-22	—
عقود الموردين	م32_أعمار_الأرصدة_والالتزامات	25	K3	11	شريحة العمر ◄	قيمة مثبتة	مشتق محسوب	يُحسب في الخدمة ولا يُدخل	قاعدة المتطلب الحاكم	يُبنى (TO-BE)	SUP-22	حُسم بالمتطلب: مستورد للقراءة من مالكه ← مشتق محسوب
عقود الموردين	م32_أعمار_الأرصدة_والالتزامات	25	L3	12	حالة الرصيد ◄	قيمة مثبتة	مشتق محسوب	يُحسب في الخدمة ولا يُدخل	قيمة في المرجع	يُبنى (TO-BE)	SUP-22	—
عقود الموردين	م32_أعمار_الأرصدة_والالتزامات	25	M3	13	حالة المورد (م01) ◄	قيمة مثبتة	مستورد للقراءة من مالكه	يُقرأ من مالكه ويُعرض موسومًا	قيمة في المرجع	يُبنى (TO-BE)	SUP-22	—
عقود الموردين	م32_أعمار_الأرصدة_والالتزامات	25	N3	14	التزام قادم ≤30 يومًا	ورقة بلا بيانات	مشتق محسوب	يُحسب في الخدمة ولا يُدخل	قاعدة المتطلب الحاكم	يُبنى (TO-BE)	SUP-22	حُسم بالمتطلب: إدخال أعمال ← مشتق محسوب
عقود الموردين	م32_أعمار_الأرصدة_والالتزامات	25	O3	15	التزام قادم 31–60	ورقة بلا بيانات	مشتق محسوب	يُحسب في الخدمة ولا يُدخل	قاعدة المتطلب الحاكم	يُبنى (TO-BE)	SUP-22	حُسم بالمتطلب: إدخال أعمال ← مشتق محسوب
عقود الموردين	م32_أعمار_الأرصدة_والالتزامات	25	P3	16	التزام قادم 61–90	ورقة بلا بيانات	مشتق محسوب	يُحسب في الخدمة ولا يُدخل	قاعدة المتطلب الحاكم	يُبنى (TO-BE)	SUP-22	حُسم بالمتطلب: إدخال أعمال ← مشتق محسوب
عقود الموردين	م32_أعمار_الأرصدة_والالتزامات	25	Q3	17	إجراء التحصيل/السداد المقترح	ورقة بلا بيانات	إدخال أعمال	خانة إدخال مفتوحة	اسم الحقل ودلالته	يُبنى (TO-BE)	SUP-22	—
عقود الموردين	م32_أعمار_الأرصدة_والالتزامات	25	R3	18	المسؤول	ورقة بلا بيانات	إدخال أعمال	خانة إدخال مفتوحة	اسم الحقل ودلالته	يُبنى (TO-BE)	SUP-22	—
عقود الموردين	م32_أعمار_الأرصدة_والالتزامات	25	S3	19	Record_Basis	قيمة مثبتة	أثر تدقيقي أو بيانات وصفية	يُحفظ ولا يُعرض في النموذج	قيمة في المرجع	يُبنى (TO-BE)	SUP-22	—
عقود الموردين	م32_أعمار_الأرصدة_والالتزامات	25	T3	20	Derivation_Rule	قيمة مثبتة	أثر تدقيقي أو بيانات وصفية	يُحفظ ولا يُعرض في النموذج	قيمة في المرجع	يُبنى (TO-BE)	SUP-22	—
عقود الموردين	م32_أعمار_الأرصدة_والالتزامات	25	U3	21	حالة البيانات	قيمة مثبتة	أثر تدقيقي أو بيانات وصفية	يُحفظ ولا يُعرض في النموذج	قيمة في المرجع	يُبنى (TO-BE)	SUP-22	—
عقود الموردين	م32_أعمار_الأرصدة_والالتزامات	25	V3	22	ملاحظات	ورقة بلا بيانات	أثر تدقيقي أو بيانات وصفية	يُحفظ ولا يُعرض في النموذج	اسم الحقل ودلالته	يُبنى (TO-BE)	SUP-22	—
عقود الموردين	م33_سجل_المستندات_والضمانات	26	A3	1	كود المستند · Doc_ID	قيمة مثبتة	مفتاح أساسي مولَّد	يولّده النظام ولا يُحرَّر	قيمة في المرجع	يُبنى (TO-BE)	SUP-26	—
عقود الموردين	م33_سجل_المستندات_والضمانات	26	B3	2	نوع المستند	قيمة مثبتة	إدخال أعمال	خانة إدخال مفتوحة	قيمة في المرجع	يُبنى (TO-BE)	SUP-26	—
عقود الموردين	م33_سجل_المستندات_والضمانات	26	C3	3	المرجع	قيمة مثبتة	إدخال أعمال	خانة إدخال مفتوحة	قيمة في المرجع	يُبنى (TO-BE)	SUP-26	—
عقود الموردين	م33_سجل_المستندات_والضمانات	26	D3	4	رقم المورد	قيمة مثبتة	مفتاح خارجي موروث	يُورَث من الأب ولا يُنشأ هنا	قيمة في المرجع	يُبنى (TO-BE)	SUP-26	—
عقود الموردين	م33_سجل_المستندات_والضمانات	26	E3	5	اسم المورد (بحث)	قيمة مثبتة	مرجع من قائمة	قائمة اختيار — لا كتابة حرة	قيمة في المرجع	يُبنى (TO-BE)	SUP-26	—
عقود الموردين	م33_سجل_المستندات_والضمانات	26	F3	6	النطاق (عقد/مورد)	قيمة مثبتة	إدخال أعمال	خانة إدخال مفتوحة	قيمة في المرجع	يُبنى (TO-BE)	SUP-26	—
عقود الموردين	م33_سجل_المستندات_والضمانات	26	G3	7	الحالة	ورقة بلا بيانات	إدخال أعمال	خانة إدخال مفتوحة	اسم الحقل ودلالته	يُبنى (TO-BE)	SUP-26	—
عقود الموردين	م33_سجل_المستندات_والضمانات	26	H3	8	تاريخ الانتهاء	ورقة بلا بيانات	إدخال أعمال	خانة إدخال مفتوحة	اسم الحقل ودلالته	يُبنى (TO-BE)	SUP-26	—
عقود الموردين	م33_سجل_المستندات_والضمانات	26	I3	9	Record_Basis	قيمة مثبتة	أثر تدقيقي أو بيانات وصفية	يُحفظ ولا يُعرض في النموذج	قيمة في المرجع	يُبنى (TO-BE)	SUP-26	—
عقود الموردين	م33_سجل_المستندات_والضمانات	26	J3	10	المصدر	قيمة مثبتة	أثر تدقيقي أو بيانات وصفية	يُحفظ ولا يُعرض في النموذج	قيمة في المرجع	يُبنى (TO-BE)	SUP-26	—
عقود الموردين	م33_سجل_المستندات_والضمانات	26	K3	11	حالة البيانات	قيمة مثبتة	أثر تدقيقي أو بيانات وصفية	يُحفظ ولا يُعرض في النموذج	قيمة في المرجع	يُبنى (TO-BE)	SUP-26	—
عقود الموردين	م33_سجل_المستندات_والضمانات	26	L3	12	ملاحظات	قيمة مثبتة	أثر تدقيقي أو بيانات وصفية	يُحفظ ولا يُعرض في النموذج	قيمة في المرجع	يُبنى (TO-BE)	SUP-26	—
عقود الموردين	م34_قاموس_قواعد_الاستنتاج	27	A3	1	كود القاعدة	قيمة مثبتة	مرجعي فقط	بيت البيانات المرجعية — لا يتكرر	قيمة في المرجع	قائم (AS-IS)	SUP-30	—
عقود الموردين	م34_قاموس_قواعد_الاستنتاج	27	B3	2	الحقل/المخرج	قيمة مثبتة	مرجعي فقط	بيت البيانات المرجعية — لا يتكرر	قيمة في المرجع	قائم (AS-IS)	SUP-30	—
عقود الموردين	م34_قاموس_قواعد_الاستنتاج	27	C3	3	القيم الممكنة	قيمة مثبتة	مرجعي فقط	بيت البيانات المرجعية — لا يتكرر	قيمة في المرجع	قائم (AS-IS)	SUP-30	—
عقود الموردين	م34_قاموس_قواعد_الاستنتاج	27	D3	4	قاعدة الاشتقاق	قيمة مثبتة	مرجعي فقط	بيت البيانات المرجعية — لا يتكرر	قيمة في المرجع	قائم (AS-IS)	SUP-30	—
عقود الموردين	م34_قاموس_قواعد_الاستنتاج	27	E3	5	الشيت المطبَّق فيه	قيمة مثبتة	مرجعي فقط	بيت البيانات المرجعية — لا يتكرر	قيمة في المرجع	قائم (AS-IS)	SUP-30	—
عقود الموردين	م34_قاموس_قواعد_الاستنتاج	27	F3	6	القيد/التحذير	قيمة مثبتة	مرجعي فقط	بيت البيانات المرجعية — لا يتكرر	قيمة في المرجع	قائم (AS-IS)	SUP-30	—
عقود الموردين	م34_قاموس_قواعد_الاستنتاج	27	G3	7	تصنيف الحجية	قيمة مثبتة	مرجعي فقط	بيت البيانات المرجعية — لا يتكرر	قيمة في المرجع	قائم (AS-IS)	SUP-30	—
عقود الموردين	م23_لوحة_إدارة_الموردين	28	A3	1	المؤشر	قيمة مثبتة	إدخال أعمال	خانة إدخال مفتوحة	قيمة في المرجع	يُبنى (TO-BE)	SUP-28	—
عقود الموردين	م23_لوحة_إدارة_الموردين	28	B3	2	القيمة ◄	صيغة عابرة للأوراق	مستورد للقراءة من مالكه	يُقرأ من مالكه ويُعرض موسومًا	صيغة حية في المرجع	يُبنى (TO-BE)	SUP-28	—
عقود الموردين	م23_لوحة_إدارة_الموردين	28	C3	3	المعادلة/المصدر	قيمة مثبتة	إدخال أعمال	خانة إدخال مفتوحة	قيمة في المرجع	يُبنى (TO-BE)	SUP-28	—
عقود الموردين	م23_لوحة_إدارة_الموردين	28	D3	4	الفترة	قيمة مثبتة	إدخال أعمال	خانة إدخال مفتوحة	قيمة في المرجع	يُبنى (TO-BE)	SUP-28	—
عقود الموردين	م23_لوحة_إدارة_الموردين	28	E3	5	ملاحظة	ورقة بلا بيانات	أثر تدقيقي أو بيانات وصفية	يُحفظ ولا يُعرض في النموذج	اسم الحقل ودلالته	يُبنى (TO-BE)	SUP-28	—
عقود الموردين	م24_القوائم_المرجعية	29	A3	1	نموذج العمل	قيمة مثبتة	مرجعي فقط	بيت البيانات المرجعية — لا يتكرر	قيمة في المرجع	قائم (AS-IS)	SUP-29	—
عقود الموردين	م24_القوائم_المرجعية	29	B3	2	وحدة القياس	قيمة مثبتة	مرجعي فقط	بيت البيانات المرجعية — لا يتكرر	قيمة في المرجع	قائم (AS-IS)	SUP-29	—
عقود الموردين	م24_القوائم_المرجعية	29	C3	3	العملة	قيمة مثبتة	مرجعي فقط	بيت البيانات المرجعية — لا يتكرر	قيمة في المرجع	قائم (AS-IS)	SUP-29	—
عقود الموردين	م24_القوائم_المرجعية	29	D3	4	نوع الآلية/البند	قيمة مثبتة	مرجعي فقط	بيت البيانات المرجعية — لا يتكرر	قيمة في المرجع	قائم (AS-IS)	SUP-29	—
عقود الموردين	م24_القوائم_المرجعية	29	E3	5	بادئة النوع (v4)	قيمة مثبتة	مرجعي فقط	بيت البيانات المرجعية — لا يتكرر	قيمة في المرجع	قائم (AS-IS)	SUP-29	—
عقود الموردين	م24_القوائم_المرجعية	29	F3	6	تصنيف المورد	قيمة مثبتة	مرجعي فقط	بيت البيانات المرجعية — لا يتكرر	قيمة في المرجع	قائم (AS-IS)	SUP-29	—
عقود الموردين	م24_القوائم_المرجعية	29	G3	7	فئة مصدر القدرة	قيمة مثبتة	مرجعي فقط	بيت البيانات المرجعية — لا يتكرر	قيمة في المرجع	قائم (AS-IS)	SUP-29	—
عقود الموردين	م24_القوائم_المرجعية	29	H3	8	طبيعة المورد	قيمة مثبتة	مرجعي فقط	بيت البيانات المرجعية — لا يتكرر	قيمة في المرجع	قائم (AS-IS)	SUP-29	—
عقود الموردين	م24_القوائم_المرجعية	29	I3	9	حالة المورد	قيمة مثبتة	مرجعي فقط	بيت البيانات المرجعية — لا يتكرر	قيمة في المرجع	قائم (AS-IS)	SUP-29	—
عقود الموردين	م24_القوائم_المرجعية	29	J3	10	أساس اشتقاق الحالة	قيمة مثبتة	مرجعي فقط	بيت البيانات المرجعية — لا يتكرر	قيمة في المرجع	قائم (AS-IS)	SUP-29	—
عقود الموردين	م24_القوائم_المرجعية	29	K3	11	نوع التفويض	قيمة مثبتة	مرجعي فقط	بيت البيانات المرجعية — لا يتكرر	قيمة في المرجع	قائم (AS-IS)	SUP-29	—
عقود الموردين	م24_القوائم_المرجعية	29	L3	12	نوع الوثيقة	قيمة مثبتة	مرجعي فقط	بيت البيانات المرجعية — لا يتكرر	قيمة في المرجع	قائم (AS-IS)	SUP-29	—
عقود الموردين	م24_القوائم_المرجعية	29	M3	13	حالة التحقق	قيمة مثبتة	مرجعي فقط	بيت البيانات المرجعية — لا يتكرر	قيمة في المرجع	قائم (AS-IS)	SUP-29	—
عقود الموردين	م24_القوائم_المرجعية	29	N3	14	نوع الخانة	قيمة مثبتة	مرجعي فقط	بيت البيانات المرجعية — لا يتكرر	قيمة في المرجع	قائم (AS-IS)	SUP-29	—
عقود الموردين	م24_القوائم_المرجعية	29	O3	15	التصنيف (استمرارية)	قيمة مثبتة	مرجعي فقط	بيت البيانات المرجعية — لا يتكرر	قيمة في المرجع	قائم (AS-IS)	SUP-29	—
عقود الموردين	م24_القوائم_المرجعية	29	P3	16	الدور (أساسية/احتياطية)	قيمة مثبتة	مرجعي فقط	بيت البيانات المرجعية — لا يتكرر	قيمة في المرجع	قائم (AS-IS)	SUP-29	—
عقود الموردين	م24_القوائم_المرجعية	29	Q3	17	نوع الإسناد	قيمة مثبتة	مرجعي فقط	بيت البيانات المرجعية — لا يتكرر	قيمة في المرجع	قائم (AS-IS)	SUP-29	—
عقود الموردين	م24_القوائم_المرجعية	29	R3	18	الحدث	قيمة مثبتة	مرجعي فقط	بيت البيانات المرجعية — لا يتكرر	قيمة في المرجع	قائم (AS-IS)	SUP-29	—
عقود الموردين	م24_القوائم_المرجعية	29	S3	19	حالة العقد	قيمة مثبتة	مرجعي فقط	بيت البيانات المرجعية — لا يتكرر	قيمة في المرجع	قائم (AS-IS)	SUP-29	—
عقود الموردين	م24_القوائم_المرجعية	29	T3	20	تكييف الوثيقة	قيمة مثبتة	مرجعي فقط	بيت البيانات المرجعية — لا يتكرر	قيمة في المرجع	قائم (AS-IS)	SUP-29	—
عقود الموردين	م24_القوائم_المرجعية	29	U3	21	مستوى الحجية	قيمة مثبتة	أثر تدقيقي أو بيانات وصفية	يُحفظ ولا يُعرض في النموذج	قيمة في المرجع	قائم (AS-IS)	SUP-29	—
عقود الموردين	م24_القوائم_المرجعية	29	V3	22	حجية الحصة (المصدر)	قيمة مثبتة	مرجعي فقط	بيت البيانات المرجعية — لا يتكرر	قيمة في المرجع	قائم (AS-IS)	SUP-29	—
عقود الموردين	م24_القوائم_المرجعية	29	W3	23	كود الالتزام	قيمة مثبتة	مرجعي فقط	بيت البيانات المرجعية — لا يتكرر	قيمة في المرجع	قائم (AS-IS)	SUP-29	—
عقود الموردين	م24_القوائم_المرجعية	29	X3	24	أطراف الثلاثية	قيمة مثبتة	مرجعي فقط	بيت البيانات المرجعية — لا يتكرر	قيمة في المرجع	قائم (AS-IS)	SUP-29	—
عقود الموردين	م24_القوائم_المرجعية	29	Y3	25	طرف الالتزام (م09)	قيمة مثبتة	مرجعي فقط	بيت البيانات المرجعية — لا يتكرر	قيمة في المرجع	قائم (AS-IS)	SUP-29	—
عقود الموردين	م24_القوائم_المرجعية	29	Z3	26	قابل للاسترداد؟	قيمة مثبتة	مرجعي فقط	بيت البيانات المرجعية — لا يتكرر	قيمة في المرجع	قائم (AS-IS)	SUP-29	—
عقود الموردين	م24_القوائم_المرجعية	29	AA3	27	نوع الواقعة النيابية	قيمة مثبتة	مرجعي فقط	بيت البيانات المرجعية — لا يتكرر	قيمة في المرجع	قائم (AS-IS)	SUP-29	—
عقود الموردين	م24_القوائم_المرجعية	29	AB3	28	حالة السلسلة النيابية	قيمة مثبتة	مرجعي فقط	بيت البيانات المرجعية — لا يتكرر	قيمة في المرجع	قائم (AS-IS)	SUP-29	—
عقود الموردين	م24_القوائم_المرجعية	29	AC3	29	حالة الاستحقاق	قيمة مثبتة	مرجعي فقط	بيت البيانات المرجعية — لا يتكرر	قيمة في المرجع	قائم (AS-IS)	SUP-29	—
عقود الموردين	م24_القوائم_المرجعية	29	AD3	30	حالة التسوية	قيمة مثبتة	مرجعي فقط	بيت البيانات المرجعية — لا يتكرر	قيمة في المرجع	قائم (AS-IS)	SUP-29	—
عقود الموردين	م24_القوائم_المرجعية	29	AE3	31	نظام التقسيم	قيمة مثبتة	مرجعي فقط	بيت البيانات المرجعية — لا يتكرر	قيمة في المرجع	قائم (AS-IS)	SUP-29	—
عقود الموردين	م24_القوائم_المرجعية	29	AF3	32	طريقة الدفع	قيمة مثبتة	مرجعي فقط	بيت البيانات المرجعية — لا يتكرر	قيمة في المرجع	قائم (AS-IS)	SUP-29	—
عقود الموردين	م24_القوائم_المرجعية	29	AG3	33	حالة الطلب	قيمة مثبتة	مرجعي فقط	بيت البيانات المرجعية — لا يتكرر	قيمة في المرجع	قائم (AS-IS)	SUP-29	—
عقود الموردين	م24_القوائم_المرجعية	29	AH3	34	حالة الصرف	قيمة مثبتة	مرجعي فقط	بيت البيانات المرجعية — لا يتكرر	قيمة في المرجع	قائم (AS-IS)	SUP-29	—
عقود الموردين	م24_القوائم_المرجعية	29	AI3	35	نوع الجزاء/المطالبة	قيمة مثبتة	مرجعي فقط	بيت البيانات المرجعية — لا يتكرر	قيمة في المرجع	قائم (AS-IS)	SUP-29	—
عقود الموردين	م24_القوائم_المرجعية	29	AJ3	36	نوع وثيقة الإغلاق	قيمة مثبتة	مرجعي فقط	بيت البيانات المرجعية — لا يتكرر	قيمة في المرجع	قائم (AS-IS)	SUP-29	—
عقود الموردين	م24_القوائم_المرجعية	29	AK3	37	التصنيف الاستراتيجي	قيمة مثبتة	مرجعي فقط	بيت البيانات المرجعية — لا يتكرر	قيمة في المرجع	قائم (AS-IS)	SUP-29	—
عقود الموردين	م24_القوائم_المرجعية	29	AL3	38	مصدر القدرة	قيمة مثبتة	مرجعي فقط	بيت البيانات المرجعية — لا يتكرر	قيمة في المرجع	قائم (AS-IS)	SUP-29	—
عقود الموردين	م24_القوائم_المرجعية	29	AM3	39	قرار الترحيل	قيمة مثبتة	مرجعي فقط	بيت البيانات المرجعية — لا يتكرر	قيمة في المرجع	قائم (AS-IS)	SUP-29	—
عقود الموردين	م24_القوائم_المرجعية	29	AN3	40	جاهزية التوقيع	قيمة مثبتة	مرجعي فقط	بيت البيانات المرجعية — لا يتكرر	قيمة في المرجع	قائم (AS-IS)	SUP-29	—
عقود الموردين	م24_القوائم_المرجعية	29	AO3	41	نتيجة الفحص	قيمة مثبتة	مرجعي فقط	بيت البيانات المرجعية — لا يتكرر	قيمة في المرجع	قائم (AS-IS)	SUP-29	—
عقود الموردين	م24_القوائم_المرجعية	29	AP3	42	حالة الحصة	قيمة مثبتة	مرجعي فقط	بيت البيانات المرجعية — لا يتكرر	قيمة في المرجع	قائم (AS-IS)	SUP-29	—
عقود الموردين	م24_القوائم_المرجعية	29	AQ3	43	الوضع التشغيلي	قيمة مثبتة	مرجعي فقط	بيت البيانات المرجعية — لا يتكرر	قيمة في المرجع	قائم (AS-IS)	SUP-29	—
عقود الموردين	م24_القوائم_المرجعية	29	AR3	44	الاستمرارية	قيمة مثبتة	مرجعي فقط	بيت البيانات المرجعية — لا يتكرر	قيمة في المرجع	قائم (AS-IS)	SUP-29	—
عقود الموردين	م24_القوائم_المرجعية	29	AS3	45	طريقة الربط بالحصة	قيمة مثبتة	مرجعي فقط	بيت البيانات المرجعية — لا يتكرر	قيمة في المرجع	قائم (AS-IS)	SUP-29	—
عقود الموردين	م24_القوائم_المرجعية	29	AT3	46	طبيعة علاقة المورد بالمعدة	قيمة مثبتة	مرجعي فقط	بيت البيانات المرجعية — لا يتكرر	قيمة في المرجع	قائم (AS-IS)	SUP-29	—
عقود الموردين	م24_القوائم_المرجعية	29	AU3	47	معالجة الاستعداد والتوقف (قاعدة)	قيمة مثبتة	مرجعي فقط	بيت البيانات المرجعية — لا يتكرر	قيمة في المرجع	قائم (AS-IS)	SUP-29	—
عقود الموردين	م25_القاموس_وخريطة_الترحيل	30	A3	1	الاسم التقني	قيمة مثبتة	مرجعي فقط	بيت البيانات المرجعية — لا يتكرر	قيمة في المرجع	قائم (AS-IS)	SUP-30	—
عقود الموردين	م25_القاموس_وخريطة_الترحيل	30	B3	2	التسمية العربية	قيمة مثبتة	مرجعي فقط	بيت البيانات المرجعية — لا يتكرر	قيمة في المرجع	قائم (AS-IS)	SUP-30	—
عقود الموردين	م25_القاموس_وخريطة_الترحيل	30	C3	3	الكيان	قيمة مثبتة	مرجعي فقط	بيت البيانات المرجعية — لا يتكرر	قيمة في المرجع	قائم (AS-IS)	SUP-30	—
عقود الموردين	م25_القاموس_وخريطة_الترحيل	30	D3	4	الشيت	قيمة مثبتة	مرجعي فقط	بيت البيانات المرجعية — لا يتكرر	قيمة في المرجع	قائم (AS-IS)	SUP-30	—
عقود الموردين	م25_القاموس_وخريطة_الترحيل	30	E3	5	نوع البيانات	قيمة مثبتة	مرجعي فقط	بيت البيانات المرجعية — لا يتكرر	قيمة في المرجع	قائم (AS-IS)	SUP-30	—
عقود الموردين	م25_القاموس_وخريطة_الترحيل	30	F3	6	إلزامي؟	قيمة مثبتة	مرجعي فقط	بيت البيانات المرجعية — لا يتكرر	قيمة في المرجع	قائم (AS-IS)	SUP-30	—
عقود الموردين	م25_القاموس_وخريطة_الترحيل	30	G3	7	المفتاح	قيمة مثبتة	مرجعي فقط	بيت البيانات المرجعية — لا يتكرر	قيمة في المرجع	قائم (AS-IS)	SUP-30	—
عقود الموردين	م25_القاموس_وخريطة_الترحيل	30	H3	8	القيم المسموحة (قائمة م24)	ورقة بلا بيانات	مرجعي فقط	بيت البيانات المرجعية — لا يتكرر	اسم الحقل ودلالته	قائم (AS-IS)	SUP-30	—
عقود الموردين	م25_القاموس_وخريطة_الترحيل	30	I3	9	مصدر الحقيقة/المالك	قيمة مثبتة	مرجعي فقط	بيت البيانات المرجعية — لا يتكرر	قيمة في المرجع	قائم (AS-IS)	SUP-30	—
عقود الموردين	م25_القاموس_وخريطة_الترحيل	30	J3	10	حالة البيانات	قيمة مثبتة	أثر تدقيقي أو بيانات وصفية	يُحفظ ولا يُعرض في النموذج	قيمة في المرجع	قائم (AS-IS)	SUP-30	—
عقود الموردين	م25_القاموس_وخريطة_الترحيل	30	K3	11	تصنيف الفراغ (ما يعنيه الفراغ) ◄	ورقة بلا بيانات	مرجعي فقط	بيت البيانات المرجعية — لا يتكرر	اسم الحقل ودلالته	قائم (AS-IS)	SUP-30	—
عقود الموردين	م25_القاموس_وخريطة_الترحيل	30	L3	12	ملاحظات	ورقة بلا بيانات	أثر تدقيقي أو بيانات وصفية	يُحفظ ولا يُعرض في النموذج	اسم الحقل ودلالته	قائم (AS-IS)	SUP-30	—
عقود الموردين	م27_تخصيص_الدفع_على_الإقفالات	31	A3	1	رقم التخصيص	قيمة مثبتة	إدخال أعمال	خانة إدخال مفتوحة	قيمة في المرجع	قائم (AS-IS)	SUP-21	—
عقود الموردين	م27_تخصيص_الدفع_على_الإقفالات	31	B3	2	رقم طلب الدفع	قيمة مثبتة	إدخال أعمال	خانة إدخال مفتوحة	قيمة في المرجع	قائم (AS-IS)	SUP-21	—
عقود الموردين	م27_تخصيص_الدفع_على_الإقفالات	31	C3	3	رقم المورد	قيمة مثبتة	مفتاح خارجي موروث	يُورَث من الأب ولا يُنشأ هنا	قيمة في المرجع	قائم (AS-IS)	SUP-21	—
عقود الموردين	م27_تخصيص_الدفع_على_الإقفالات	31	D3	4	رقم الإقفال (م17)	قيمة مثبتة	إدخال أعمال	خانة إدخال مفتوحة	قيمة في المرجع	قائم (AS-IS)	SUP-21	—
عقود الموردين	م27_تخصيص_الدفع_على_الإقفالات	31	E3	5	العملة	قيمة مثبتة	إدخال أعمال	خانة إدخال مفتوحة	قيمة في المرجع	قائم (AS-IS)	SUP-21	—
عقود الموردين	م27_تخصيص_الدفع_على_الإقفالات	31	F3	6	المبلغ المخصص	قيمة مثبتة	إدخال أعمال	خانة إدخال مفتوحة	قيمة في المرجع	قائم (AS-IS)	SUP-21	—
عقود الموردين	م27_تخصيص_الدفع_على_الإقفالات	31	G3	7	تاريخ التخصيص	قيمة مثبتة	إدخال أعمال	خانة إدخال مفتوحة	قيمة في المرجع	قائم (AS-IS)	SUP-21	—
عقود الموردين	م27_تخصيص_الدفع_على_الإقفالات	31	H3	8	قاعدة التخصيص	قيمة مثبتة	إدخال أعمال	خانة إدخال مفتوحة	قيمة في المرجع	قائم (AS-IS)	SUP-21	—
عقود الموردين	م27_تخصيص_الدفع_على_الإقفالات	31	I3	9	حالة البيانات	قيمة مثبتة	أثر تدقيقي أو بيانات وصفية	يُحفظ ولا يُعرض في النموذج	قيمة في المرجع	قائم (AS-IS)	SUP-21	—
عقود الموردين	م27_تخصيص_الدفع_على_الإقفالات	31	J3	10	علم تجاوز صافي الشهر ◄	ورقة بلا بيانات	مشتق محسوب	يُحسب في الخدمة ولا يُدخل	اسم الحقل ودلالته	قائم (AS-IS)	SUP-21	—
عقود الموردين	م28_خريطة_الترحيل	32	A3	1	#	قيمة مثبتة	مرجعي فقط	بيت البيانات المرجعية — لا يتكرر	قيمة في المرجع	قائم (AS-IS)	SUP-30	—
عقود الموردين	م28_خريطة_الترحيل	32	B3	2	الاتجاه	قيمة مثبتة	مرجعي فقط	بيت البيانات المرجعية — لا يتكرر	قيمة في المرجع	قائم (AS-IS)	SUP-30	—
عقود الموردين	م28_خريطة_الترحيل	32	C3	3	ملف/شيت المصدر	قيمة مثبتة	مرجعي فقط	بيت البيانات المرجعية — لا يتكرر	قيمة في المرجع	قائم (AS-IS)	SUP-30	—
عقود الموردين	م28_خريطة_الترحيل	32	D3	4	العمود/الحقل	قيمة مثبتة	مرجعي فقط	بيت البيانات المرجعية — لا يتكرر	قيمة في المرجع	قائم (AS-IS)	SUP-30	—
عقود الموردين	م28_خريطة_الترحيل	32	E3	5	الوجهة/المصدر	قيمة مثبتة	مرجعي فقط	بيت البيانات المرجعية — لا يتكرر	قيمة في المرجع	قائم (AS-IS)	SUP-30	—
عقود الموردين	م28_خريطة_الترحيل	32	F3	6	قرار الترحيل	قيمة مثبتة	مرجعي فقط	بيت البيانات المرجعية — لا يتكرر	قيمة في المرجع	قائم (AS-IS)	SUP-30	—
عقود الموردين	م28_خريطة_الترحيل	32	G3	7	ملاحظة	ورقة بلا بيانات	أثر تدقيقي أو بيانات وصفية	يُحفظ ولا يُعرض في النموذج	اسم الحقل ودلالته	قائم (AS-IS)	SUP-30	—
عقود الموردين	م29_تقرير_المراجعة_والقبول	33	A3	1	القسم	قيمة مثبتة	مرجعي فقط	بيت البيانات المرجعية — لا يتكرر	قيمة في المرجع	قائم (AS-IS)	SUP-30	—
عقود الموردين	م29_تقرير_المراجعة_والقبول	33	B3	2	البند	قيمة مثبتة	مرجعي فقط	بيت البيانات المرجعية — لا يتكرر	قيمة في المرجع	قائم (AS-IS)	SUP-30	—
عقود الموردين	م29_تقرير_المراجعة_والقبول	33	C3	3	القيمة/النتيجة	قيمة مثبتة	مرجعي فقط	بيت البيانات المرجعية — لا يتكرر	قيمة في المرجع	قائم (AS-IS)	SUP-30	—
عقود الموردين	م29_تقرير_المراجعة_والقبول	33	D3	4	الحالة	قيمة مثبتة	مرجعي فقط	بيت البيانات المرجعية — لا يتكرر	قيمة في المرجع	قائم (AS-IS)	SUP-30	—
عقود الموردين	م29_تقرير_المراجعة_والقبول	33	E3	5	ملاحظة	ورقة بلا بيانات	أثر تدقيقي أو بيانات وصفية	يُحفظ ولا يُعرض في النموذج	اسم الحقل ودلالته	قائم (AS-IS)	SUP-30	—
عقود الموردين	م26_تتبع_التعبئة_والترحيل	34	A3	1	رقم القيد	قيمة مثبتة	مرجعي فقط	بيت البيانات المرجعية — لا يتكرر	قيمة في المرجع	قائم (AS-IS)	SUP-30	—
عقود الموردين	م26_تتبع_التعبئة_والترحيل	34	B3	2	ملف المصدر	قيمة مثبتة	مرجعي فقط	بيت البيانات المرجعية — لا يتكرر	قيمة في المرجع	قائم (AS-IS)	SUP-30	—
عقود الموردين	م26_تتبع_التعبئة_والترحيل	34	C3	3	شيت المصدر	قيمة مثبتة	مرجعي فقط	بيت البيانات المرجعية — لا يتكرر	قيمة في المرجع	قائم (AS-IS)	SUP-30	—
عقود الموردين	م26_تتبع_التعبئة_والترحيل	34	D3	4	العمود	قيمة مثبتة	مرجعي فقط	بيت البيانات المرجعية — لا يتكرر	قيمة في المرجع	قائم (AS-IS)	SUP-30	—
عقود الموردين	م26_تتبع_التعبئة_والترحيل	34	E3	5	Source_Row_Ref	قيمة مثبتة	مرجعي فقط	بيت البيانات المرجعية — لا يتكرر	قيمة في المرجع	قائم (AS-IS)	SUP-30	—
عقود الموردين	م26_تتبع_التعبئة_والترحيل	34	F3	6	الكيان الهدف	قيمة مثبتة	مرجعي فقط	بيت البيانات المرجعية — لا يتكرر	قيمة في المرجع	قائم (AS-IS)	SUP-30	—
عقود الموردين	م26_تتبع_التعبئة_والترحيل	34	G3	7	الشيت الهدف	قيمة مثبتة	مرجعي فقط	بيت البيانات المرجعية — لا يتكرر	قيمة في المرجع	قائم (AS-IS)	SUP-30	—
عقود الموردين	م26_تتبع_التعبئة_والترحيل	34	H3	8	معرف السجل الهدف	قيمة مثبتة	مرجعي فقط	بيت البيانات المرجعية — لا يتكرر	قيمة في المرجع	قائم (AS-IS)	SUP-30	—
عقود الموردين	م26_تتبع_التعبئة_والترحيل	34	I3	9	قرار الترحيل	قيمة مثبتة	مرجعي فقط	بيت البيانات المرجعية — لا يتكرر	قيمة في المرجع	قائم (AS-IS)	SUP-30	—
عقود الموردين	م26_تتبع_التعبئة_والترحيل	34	J3	10	التحويل المطبق	قيمة مثبتة	مرجعي فقط	بيت البيانات المرجعية — لا يتكرر	قيمة في المرجع	قائم (AS-IS)	SUP-30	—
عقود الموردين	م26_تتبع_التعبئة_والترحيل	34	K3	11	حالة الترحيل	قيمة مثبتة	مرجعي فقط	بيت البيانات المرجعية — لا يتكرر	قيمة في المرجع	قائم (AS-IS)	SUP-30	—
عقود الموردين	م26_تتبع_التعبئة_والترحيل	34	L3	12	تاريخ الترحيل	قيمة مثبتة	مرجعي فقط	بيت البيانات المرجعية — لا يتكرر	قيمة في المرجع	قائم (AS-IS)	SUP-30	—
عقود الموردين	م26_تتبع_التعبئة_والترحيل	34	M3	13	المدقق	قيمة مثبتة	مرجعي فقط	بيت البيانات المرجعية — لا يتكرر	قيمة في المرجع	قائم (AS-IS)	SUP-30	—
عقود الموردين	م26_تتبع_التعبئة_والترحيل	34	N3	14	ملاحظة	ورقة بلا بيانات	أثر تدقيقي أو بيانات وصفية	يُحفظ ولا يُعرض في النموذج	اسم الحقل ودلالته	قائم (AS-IS)	SUP-30	—
