role_id,role_name,module_id,module_code,module_name,screen_view,tab_view,field_view,create,update,submit,return_for_fix,approve,reject,cancel,reverse,delete_draft,export,print,grant_permission,override_cap,scope_proposed,derivation
1,"ادارة التشغيل",1,Clients/clients.php,العملاء,1,1,1,0,0,0,0,0,0,0,0,0,1,1,0,0,company,derived_from_4flags
1,"ادارة التشغيل",2,Projects/projects.php,المشاريع,1,1,1,0,0,0,0,0,0,0,0,0,1,1,0,0,company,derived_from_4flags
1,"ادارة التشغيل",3,main/users.php,الصلاحيات,1,1,1,1,1,1,1,0,0,0,0,1,1,1,0,0,company,derived_from_4flags
1,"ادارة التشغيل",4,Reports/reports.php,"مركز التقارير",1,1,1,1,1,1,1,0,0,0,0,1,1,1,0,0,company,derived_from_4flags
1,"ادارة التشغيل",5,Equipments/equipments_types.php,"أنواع المعدات",1,1,1,1,1,1,1,0,0,0,0,1,1,1,0,0,company,derived_from_4flags
1,"ادارة التشغيل",6,Reports/reports.php,"مركز التقارير",1,1,1,1,1,1,1,0,0,0,0,1,1,1,0,0,company,derived_from_4flags
1,"ادارة التشغيل",7,Employees/employees.php,الموظفون,1,1,1,1,1,1,1,0,0,0,0,1,1,1,0,0,company,derived_from_4flags
1,"ادارة التشغيل",8,Equipments/equipments_fleet.php,المعدات,1,1,1,1,1,1,1,0,0,0,0,1,1,1,0,0,company,derived_from_4flags
1,"ادارة التشغيل",9,Oprators/oprators.php,"شاشة التشغيل",1,1,1,1,1,1,1,0,0,0,0,1,1,1,0,0,company,derived_from_4flags
1,"ادارة التشغيل",10,Timesheet/timesheet_type.php,"تسجيل الوحدات",1,1,1,1,1,1,1,0,0,0,0,1,1,1,0,0,company,derived_from_4flags
1,"ادارة التشغيل",11,Settings/settings.php,الإعدادات,1,1,1,1,1,1,1,0,0,0,0,1,1,1,0,0,company,derived_from_4flags
1,"ادارة التشغيل",12,ActivityLogs/activity_logs.php,"سجل النشاط",1,1,1,1,1,1,1,0,0,0,0,1,1,1,0,0,company,derived_from_4flags
1,"ادارة التشغيل",14,main/project_users.php,"مشرفو الموردين",1,1,1,1,1,1,1,0,0,0,0,1,1,1,0,0,company,derived_from_4flags
1,"ادارة التشغيل",15,main/project_users.php,المشرفين,1,1,1,1,1,1,1,0,0,0,0,1,1,1,0,0,company,derived_from_4flags
1,"ادارة التشغيل",16,main/project_users.php,المشرفين,1,1,1,1,1,1,1,0,0,0,0,1,1,1,0,0,company,derived_from_4flags
1,"ادارة التشغيل",17,main/project_users.php,"إدارة المعاونين",1,1,1,1,1,1,1,0,0,0,0,1,1,1,0,0,company,derived_from_4flags
1,"ادارة التشغيل",18,main/project_users.php,المشرفين,1,1,1,1,1,1,1,0,0,0,0,1,1,1,0,0,company,derived_from_4flags
1,"ادارة التشغيل",20,Contracts/contracts.php,العقود,1,1,1,0,0,0,0,0,0,0,0,0,1,1,0,0,company,derived_from_4flags
1,"ادارة التشغيل",21,Contracts/contracts_details.php,"ملف عقد المشروع",1,1,1,0,0,0,0,0,0,0,0,0,1,1,0,0,company,derived_from_4flags
1,"ادارة التشغيل",22,Suppliers/suppliers.php,الموردون,0,0,0,0,0,0,0,0,0,0,0,0,0,0,0,0,,no_grant
1,"ادارة التشغيل",23,Oprators/select_project.php,التشغيل,0,0,0,0,0,0,0,0,0,0,0,0,0,0,0,0,,no_grant
1,"ادارة التشغيل",24,Settings/settings.php,الإعدادات,0,0,0,0,0,0,0,0,0,0,0,0,0,0,0,0,,no_grant
1,"ادارة التشغيل",25,Suppliers/supplierscontracts.php,"عقود الموردين",0,0,0,0,0,0,0,0,0,0,0,0,0,0,0,0,,no_grant
1,"ادارة التشغيل",26,Suppliers/supplierscontracts_details.php,"ملف عقد المورد",0,0,0,0,0,0,0,0,0,0,0,0,0,0,0,0,,no_grant
1,"ادارة التشغيل",27,Equipments/equipments_drivers.php,المعدات,0,0,0,0,0,0,0,0,0,0,0,0,0,0,0,0,,no_grant
1,"ادارة التشغيل",28,Reports/reports.php,"مركز التقارير",0,0,0,0,0,0,0,0,0,0,0,0,0,0,0,0,,no_grant
1,"ادارة التشغيل",29,movement/project_drivers.php,"توزيع المشغّلين",0,0,0,0,0,0,0,0,0,0,0,0,0,0,0,0,,no_grant
1,"ادارة التشغيل",30,movement/movement_operations.php,الورديات,0,0,0,0,0,0,0,0,0,0,0,0,0,0,0,0,,no_grant
1,"ادارة التشغيل",31,Reports/reports.php,"مركز التقارير",0,0,0,0,0,0,0,0,0,0,0,0,0,0,0,0,,no_grant
1,"ادارة التشغيل",32,Reports/reports.php,"مركز التقارير",0,0,0,0,0,0,0,0,0,0,0,0,0,0,0,0,,no_grant
1,"ادارة التشغيل",34,movement/map_page.php,"متابعة المشروع",0,0,0,0,0,0,0,0,0,0,0,0,0,0,0,0,,no_grant
1,"ادارة التشغيل",35,Clients/clients.php,العملاء,0,0,0,0,0,0,0,0,0,0,0,0,0,0,0,0,,no_grant
1,"ادارة التشغيل",36,Projects/projects.php,المشاريع,0,0,0,0,0,0,0,0,0,0,0,0,0,0,0,0,,no_grant
1,"ادارة التشغيل",37,Contracts/contracts.php,العقود,0,0,0,0,0,0,0,0,0,0,0,0,0,0,0,0,,no_grant
1,"ادارة التشغيل",38,Equipments/manage_failure_codes.php,"تصنيفات الأعطال",0,0,0,0,0,0,0,0,0,0,0,0,0,0,0,0,,no_grant
1,"ادارة التشغيل",40,Equipments/fleet_models.php,"الأنواع والموديلات",1,1,1,1,1,1,1,0,0,0,0,1,1,1,0,0,company,derived_from_4flags
1,"ادارة التشغيل",41,Equipments/fleet_depreciation_profiles.php,"إعداد الإهلاك",1,1,1,1,1,1,1,0,0,0,0,1,1,1,0,0,company,derived_from_4flags
1,"ادارة التشغيل",42,Maintenance/breakdowns.php,"البلاغات (غير مفعّلة)",0,0,0,0,0,0,0,0,0,0,0,0,0,0,0,0,,no_grant
1,"ادارة التشغيل",43,Maintenance/orders.php,"أوامر الصيانة",0,0,0,0,0,0,0,0,0,0,0,0,0,0,0,0,,no_grant
1,"ادارة التشغيل",44,Maintenance/inspections.php,"الفحص الفني اليومي",0,0,0,0,0,0,0,0,0,0,0,0,0,0,0,0,,no_grant
1,"ادارة التشغيل",45,Maintenance/preventive_plans.php,"الصيانة الوقائية",0,0,0,0,0,0,0,0,0,0,0,0,0,0,0,0,,no_grant
1,"ادارة التشغيل",46,Maintenance/master_data.php,"إعدادات الصيانة",0,0,0,0,0,0,0,0,0,0,0,0,0,0,0,0,,no_grant
1,"ادارة التشغيل",47,Workforce/worker_register.php,"السجل التشغيلي للعامل",0,0,0,0,0,0,0,0,0,0,0,0,0,0,0,0,,no_grant
1,"ادارة التشغيل",48,Workforce/worker_contract.php,"عقود العاملين",0,0,0,0,0,0,0,0,0,0,0,0,0,0,0,0,,no_grant
1,"ادارة التشغيل",50,Workforce/worker_leave_absence.php,"الإجازات والغياب",0,0,0,0,0,0,0,0,0,0,0,0,0,0,0,0,,no_grant
1,"ادارة التشغيل",51,Workforce/worker_movement.php,"تنقلات العاملين",0,0,0,0,0,0,0,0,0,0,0,0,0,0,0,0,,no_grant
1,"ادارة التشغيل",52,Workforce/housing_units.php,"السكن والإعاشة",0,0,0,0,0,0,0,0,0,0,0,0,0,0,0,0,,no_grant
1,"ادارة التشغيل",53,Workforce/worker_evaluation.php,"تقييم الأداء",0,0,0,0,0,0,0,0,0,0,0,0,0,0,0,0,,no_grant
1,"ادارة التشغيل",54,Workforce/worker_settlement.php,"تسويات العاملين",0,0,0,0,0,0,0,0,0,0,0,0,0,0,0,0,,no_grant
1,"ادارة التشغيل",55,Workforce/workforce_requirement.php,"احتياج القوى والتخطيط",0,0,0,0,0,0,0,0,0,0,0,0,0,0,0,0,,no_grant
1,"ادارة التشغيل",56,Workforce/worker_worklog.php,"سجل الأحداث التشغيلية",0,0,0,0,0,0,0,0,0,0,0,0,0,0,0,0,,no_grant
1,"ادارة التشغيل",57,Employees/job_titles.php,"المسميات الوظيفية",0,0,0,0,0,0,0,0,0,0,0,0,0,0,0,0,,no_grant
1,"ادارة التشغيل",58,Employees/employee_roles.php,"الأدوار الوظيفية",0,0,0,0,0,0,0,0,0,0,0,0,0,0,0,0,,no_grant
1,"ادارة التشغيل",59,Employees/equipment_operators.php,"المشغّلون والسائقون",0,0,0,0,0,0,0,0,0,0,0,0,0,0,0,0,,no_grant
1,"ادارة التشغيل",60,main/users.php,"إدارة المستخدمين",0,0,0,0,0,0,0,0,0,0,0,0,0,0,0,0,,no_grant
1,"ادارة التشغيل",61,main/all_assistants.php,المعاونون,0,0,0,0,0,0,0,0,0,0,0,0,0,0,0,0,,no_grant
1,"ادارة التشغيل",62,Employees/employee_contracts.php,"عقود الموظفين",1,1,1,0,0,0,0,0,0,0,0,0,1,1,0,0,company,derived_from_4flags
1,"ادارة التشغيل",63,Employees/employee_contracts_details.php,"ملف عقد الموظف",1,1,1,0,0,0,0,0,0,0,0,0,1,1,0,0,company,derived_from_4flags
1,"ادارة التشغيل",64,Employees/employee_profile.php,"بطاقة الموظف",1,1,1,0,0,0,0,0,0,0,0,0,1,1,0,0,company,derived_from_4flags
1,"ادارة التشغيل",65,Employees/showcontractemployee.php,"عرض عقد الموظف",1,1,1,0,0,0,0,0,0,0,0,0,1,1,0,0,company,derived_from_4flags
1,"ادارة التشغيل",66,Opportunities/opportunities.php,"الفرص البيعية",0,0,0,0,0,0,0,0,0,0,0,0,0,0,0,0,,no_grant
1,"ادارة التشغيل",67,Procurement/dashboard_proc.php,"لوحة المشتريات",0,0,0,0,0,0,0,0,0,0,0,0,0,0,0,0,,no_grant
1,"ادارة التشغيل",68,Procurement/items_proc.php,"كتالوج الأصناف",0,0,0,0,0,0,0,0,0,0,0,0,0,0,0,0,,no_grant
1,"ادارة التشغيل",69,Procurement/requests_proc.php,"طلبات الشراء",0,0,0,0,0,0,0,0,0,0,0,0,0,0,0,0,,no_grant
1,"ادارة التشغيل",70,Procurement/orders_proc.php,"أوامر الشراء",0,0,0,0,0,0,0,0,0,0,0,0,0,0,0,0,,no_grant
1,"ادارة التشغيل",71,Procurement/receipt_custody_proc.php,"الاستلام المؤقت",0,0,0,0,0,0,0,0,0,0,0,0,0,0,0,0,,no_grant
1,"ادارة التشغيل",72,Procurement/stock_proc.php,المخزون,0,0,0,0,0,0,0,0,0,0,0,0,0,0,0,0,,no_grant
1,"ادارة التشغيل",73,Procurement/issue_proc.php,"صرف المخزون والعهدة",0,0,0,0,0,0,0,0,0,0,0,0,0,0,0,0,,no_grant
1,"ادارة التشغيل",74,Procurement/reordering_proc.php,"حدود إعادة الطلب",0,0,0,0,0,0,0,0,0,0,0,0,0,0,0,0,,no_grant
1,"ادارة التشغيل",75,Procurement/suppliers_proc.php,"موردو المشتريات",0,0,0,0,0,0,0,0,0,0,0,0,0,0,0,0,,no_grant
1,"ادارة التشغيل",76,Procurement/master_data_proc.php,"البيانات المرجعية",0,0,0,0,0,0,0,0,0,0,0,0,0,0,0,0,,no_grant
1,"ادارة التشغيل",77,Clients/activities.php,"أنشطة العملاء",0,0,0,0,0,0,0,0,0,0,0,0,0,0,0,0,,no_grant
1,"ادارة التشغيل",78,Clients/commercial_risks.php,"المخاطر التجارية",0,0,0,0,0,0,0,0,0,0,0,0,0,0,0,0,,no_grant
1,"ادارة التشغيل",79,Clients/tenders.php,المناقصات,0,0,0,0,0,0,0,0,0,0,0,0,0,0,0,0,,no_grant
1,"ادارة التشغيل",80,Clients/quotations.php,"عروض الأسعار",0,0,0,0,0,0,0,0,0,0,0,0,0,0,0,0,,no_grant
1,"ادارة التشغيل",81,Clients/pricelists.php,"قوائم ونماذج التسعير",0,0,0,0,0,0,0,0,0,0,0,0,0,0,0,0,,no_grant
1,"ادارة التشغيل",82,Clients/products.php,"كتالوج المنتجات والخدمات",0,0,0,0,0,0,0,0,0,0,0,0,0,0,0,0,,no_grant
1,"ادارة التشغيل",83,Clients/units_of_measure.php,"وحدات القياس",0,0,0,0,0,0,0,0,0,0,0,0,0,0,0,0,,no_grant
1,"ادارة التشغيل",84,Clients/contract_amendments.php,"ملاحق العقود وتجديداتها",0,0,0,0,0,0,0,0,0,0,0,0,0,0,0,0,,no_grant
1,"ادارة التشغيل",85,Clients/contract_events.php,"سجل حركة العقد",0,0,0,0,0,0,0,0,0,0,0,0,0,0,0,0,,no_grant
1,"ادارة التشغيل",86,Finance/events_list_fin.php,"المعاملات المالية",1,1,1,0,0,0,0,0,0,0,0,0,1,1,0,0,company,derived_from_4flags
1,"ادارة التشغيل",87,Finance/accounts_fin.php,"دليل الحسابات",0,0,0,0,0,0,0,0,0,0,0,0,0,0,0,0,,no_grant
1,"ادارة التشغيل",88,Finance/journal_form_fin.php,"القيود اليومية",0,0,0,0,0,0,0,0,0,0,0,0,0,0,0,0,,no_grant
1,"ادارة التشغيل",89,Finance/budget_form_fin.php,"الميزانية والانحراف",1,1,1,1,1,1,1,0,0,0,0,0,1,1,0,0,company,derived_from_4flags
1,"ادارة التشغيل",90,Finance/dues_fin.php,"الذمم والتحصيل",0,0,0,0,0,0,0,0,0,0,0,0,0,0,0,0,,no_grant
1,"ادارة التشغيل",91,Finance/payments_fin.php,"المدفوعات والخزينة",0,0,0,0,0,0,0,0,0,0,0,0,0,0,0,0,,no_grant
1,"ادارة التشغيل",92,Finance/cost_report_fin.php,"التكاليف والربحية",1,1,1,0,0,0,0,0,0,0,0,0,1,1,0,0,company,derived_from_4flags
1,"ادارة التشغيل",93,Finance/periods_fin.php,"إقفال الفترات",0,0,0,0,0,0,0,0,0,0,0,0,0,0,0,0,,no_grant
1,"ادارة التشغيل",94,Finance/funding_fin.php,"التمويل والالتزامات",0,0,0,0,0,0,0,0,0,0,0,0,0,0,0,0,,no_grant
1,"ادارة التشغيل",95,Finance/cash_forecast_fin.php,"السيولة والتنبؤ النقدي",0,0,0,0,0,0,0,0,0,0,0,0,0,0,0,0,,no_grant
1,"ادارة التشغيل",96,Finance/management_accounting_fin.php,"المحاسبة الإدارية",0,0,0,0,0,0,0,0,0,0,0,0,0,0,0,0,,no_grant
1,"ادارة التشغيل",97,Finance/accountants_fin.php,"المحاسبون والوحدات",0,0,0,0,0,0,0,0,0,0,0,0,0,0,0,0,,no_grant
1,"ادارة التشغيل",98,Finance/import_events_fin.php,"استقبال معاملات الإدارات",0,0,0,0,0,0,0,0,0,0,0,0,0,0,0,0,,no_grant
1,"ادارة التشغيل",99,Finance/executive_dashboard_fin.php,"اللوحة التنفيذية",0,0,0,0,0,0,0,0,0,0,0,0,0,0,0,0,,no_grant
1,"ادارة التشغيل",100,Finance/financial_statements_fin.php,"القوائم المالية",0,0,0,0,0,0,0,0,0,0,0,0,0,0,0,0,,no_grant
1,"ادارة التشغيل",101,Finance/assets_fin.php,"الأصول والإهلاك",0,0,0,0,0,0,0,0,0,0,0,0,0,0,0,0,,no_grant
1,"ادارة التشغيل",102,Finance/tax_fin.php,"الضرائب والقيمة المضافة",0,0,0,0,0,0,0,0,0,0,0,0,0,0,0,0,,no_grant
1,"ادارة التشغيل",103,Finance/bank_reconciliation_fin.php,"المطابقة البنكية",0,0,0,0,0,0,0,0,0,0,0,0,0,0,0,0,,no_grant
1,"ادارة التشغيل",104,Finance/cfo_daily_board_fin.php,"لوحة المدير المالي",0,0,0,0,0,0,0,0,0,0,0,0,0,0,0,0,,no_grant
1,"ادارة التشغيل",105,Finance/unit_records_fin.php,"وحدات الأطراف",1,1,1,0,0,0,0,0,0,0,0,0,1,1,0,0,company,derived_from_4flags
1,"ادارة التشغيل",106,Finance/supplier_statement_fin.php,"كشف حساب المورد",0,0,0,0,0,0,0,0,0,0,0,0,0,0,0,0,,no_grant
1,"ادارة التشغيل",107,main/project_users.php,المعاونين,0,0,0,0,0,0,0,0,0,0,0,0,0,0,0,0,,no_grant
1,"ادارة التشغيل",108,Transport/transfer_types_config.php,"إعدادات الترحيل",0,0,0,0,0,0,0,0,0,0,0,0,0,0,0,0,,no_grant
1,"ادارة التشغيل",109,Transport/transfer_cost_rules_config.php,"قواعد تحميل تكلفة الترحيل",0,0,0,0,0,0,0,0,0,0,0,0,0,0,0,0,,no_grant
1,"ادارة التشغيل",110,Transport/trs_locations_config.php,المواقع,0,0,0,0,0,0,0,0,0,0,0,0,0,0,0,0,,no_grant
1,"ادارة التشغيل",111,Transport/transfer_requests.php,"موافقات الترحيل",0,0,0,0,0,0,0,0,0,0,0,0,0,0,0,0,,no_grant
1,"ادارة التشغيل",112,Transport/transfer_orders_list.php,"أوامر الترحيل",0,0,0,0,0,0,0,0,0,0,0,0,0,0,0,0,,no_grant
1,"ادارة التشغيل",113,Transport/transfer_dashboard.php,"لوحة الرحلات",0,0,0,0,0,0,0,0,0,0,0,0,0,0,0,0,,no_grant
1,"ادارة التشغيل",114,FinRequests/request_form.php,"طلب مالي جديد",1,1,1,1,1,1,1,0,0,0,0,0,1,1,0,0,company,derived_from_4flags
1,"ادارة التشغيل",115,FinRequests/my_requests.php,"طلباتي المالية",1,1,1,0,0,0,0,0,0,0,0,0,1,1,0,0,company,derived_from_4flags
1,"ادارة التشغيل",116,FinRequests/dept_inbox.php,"موافقات إدارتي",1,1,1,0,1,0,1,0,0,0,0,0,1,1,0,0,company,derived_from_4flags
1,"ادارة التشغيل",117,FinRequests/accountant_desk.php,"مكتب المحاسب",0,0,0,0,0,0,0,0,0,0,0,0,0,0,0,0,,no_grant
1,"ادارة التشغيل",118,FinRequests/finance_gateway.php,"الطلبات المالية",0,0,0,0,0,0,0,0,0,0,0,0,0,0,0,0,,no_grant
1,"ادارة التشغيل",119,FinRequests/effect_map.php,"سجل الحركة المالية",0,0,0,0,0,0,0,0,0,0,0,0,0,0,0,0,,no_grant
1,"ادارة التشغيل",120,FinRequests/routing_admin.php,"قواعد توجيه الطلبات",0,0,0,0,0,0,0,0,0,0,0,0,0,0,0,0,,no_grant
1,"ادارة التشغيل",121,FinRequests/cycle_time_board.php,"زمن دورة الطلبات",0,0,0,0,0,0,0,0,0,0,0,0,0,0,0,0,,no_grant
1,"ادارة التشغيل",122,FinRequests/requests_reports.php,"تقارير الطلبات المالية",0,0,0,0,0,0,0,0,0,0,0,0,0,0,0,0,,no_grant
1,"ادارة التشغيل",123,Settings/role_permissions.php,"صلاحيات الأدوار",1,1,1,1,1,1,1,0,0,0,0,1,1,1,0,0,company,derived_from_4flags
1,"ادارة التشغيل",124,Settings/roles.php,الأدوار,1,1,1,1,1,1,1,0,0,0,0,1,1,1,0,0,company,derived_from_4flags
1,"ادارة التشغيل",125,Finance/variance_monitor_fin.php,"متابعة الانحراف",0,0,0,0,0,0,0,0,0,0,0,0,0,0,0,0,,no_grant
1,"ادارة التشغيل",126,Finance/maintenance_provision_fin.php,"قواعد مخصص الصيانة",0,0,0,0,0,0,0,0,0,0,0,0,0,0,0,0,,no_grant
1,"ادارة التشغيل",127,Clients/contract_commitments.php,"التزامات العقود",0,0,0,0,0,0,0,0,0,0,0,0,0,0,0,0,,no_grant
1,"ادارة التشغيل",128,Finance/operator_pay_fin.php,"قواعد مستحقات المشغّلين",0,0,0,0,0,0,0,0,0,0,0,0,0,0,0,0,,no_grant
1,"ادارة التشغيل",129,Clients/readiness_lines.php,"جاهزية العروض",0,0,0,0,0,0,0,0,0,0,0,0,0,0,0,0,,no_grant
1,"ادارة التشغيل",130,Tickets/ticket_types_config.php,"إعداد أنواع البلاغات",0,0,0,0,0,0,0,0,0,0,0,0,0,0,0,0,,no_grant
1,"ادارة التشغيل",131,Tickets/ticket_categories_config.php,"تصنيفات الأعطال والبلاغات",0,0,0,0,0,0,0,0,0,0,0,0,0,0,0,0,,no_grant
1,"ادارة التشغيل",132,Tickets/tickets_list.php,البلاغات,0,0,0,0,0,0,0,0,0,0,0,0,0,0,0,0,,no_grant
1,"ادارة التشغيل",133,Tickets/ticket_form.php,"تسجيل بلاغ",0,0,0,0,0,0,0,0,0,0,0,0,0,0,0,0,,no_grant
1,"ادارة التشغيل",134,Tickets/ticket_sla_config.php,"أزمنة الاستجابة والإنجاز",0,0,0,0,0,0,0,0,0,0,0,0,0,0,0,0,,no_grant
1,"ادارة التشغيل",135,Tickets/ticket_escalation_config.php,"سلّم التصعيد",0,0,0,0,0,0,0,0,0,0,0,0,0,0,0,0,,no_grant
1,"ادارة التشغيل",136,Tickets/ticket_recurrence.php,"البلاغات الدورية",0,0,0,0,0,0,0,0,0,0,0,0,0,0,0,0,,no_grant
1,"ادارة التشغيل",137,Tickets/ticket_dashboard.php,"أداء البلاغات",0,0,0,0,0,0,0,0,0,0,0,0,0,0,0,0,,no_grant
1,"ادارة التشغيل",138,Maintenance/dashboard_mnt.php,"لوحة إدارة الصيانة",0,0,0,0,0,0,0,0,0,0,0,0,0,0,0,0,,no_grant
1,"ادارة التشغيل",139,main/role_board.php,"لوحة الدور",1,1,1,0,0,0,0,0,0,0,0,0,1,1,0,0,company,derived_from_4flags
1,"ادارة التشغيل",140,Finance/operator_pay_policies_fin.php,"سياسات مستحقات المشغّلين",0,0,0,0,0,0,0,0,0,0,0,0,0,0,0,0,,no_grant
1,"ادارة التشغيل",141,Equipments/equipment_documents.php,"وثائق المعدات والمشغّلين",1,1,1,0,0,0,0,0,0,0,0,0,1,1,0,0,company,derived_from_4flags
1,"ادارة التشغيل",142,Contracts/claims.php,المستخلصات,1,1,1,0,0,0,0,0,0,0,0,0,1,1,0,0,company,derived_from_4flags
1,"ادارة التشغيل",143,Finance/currencies_fin.php,"العملات وأسعار الصرف",0,0,0,0,0,0,0,0,0,0,0,0,0,0,0,0,,no_grant
1,"ادارة التشغيل",144,Suppliers/settlements.php,"تسويات الموردين",0,0,0,0,0,0,0,0,0,0,0,0,0,0,0,0,,no_grant
1,"ادارة التشغيل",145,Contracts/contract_obligations.php,"مصفوفة التزامات العقد",1,1,1,0,0,0,0,0,0,0,0,0,1,1,0,0,company,derived_from_4flags
1,"ادارة التشغيل",146,Approvals/attribution_board.php,"لوحة الإسناد اليومي",1,1,1,1,0,1,0,0,0,0,0,0,1,1,0,0,company,derived_from_4flags
1,"ادارة التشغيل",147,Contracts/penalties.php,"احتساب الجزاءات والحوافز",1,1,1,0,0,0,0,0,0,0,0,0,1,1,0,0,company,derived_from_4flags
1,"ادارة التشغيل",148,Workforce/employee_settlements.php,"تسويات الموظفين",1,1,1,0,0,0,0,0,0,0,0,0,1,1,0,0,company,derived_from_4flags
1,"ادارة التشغيل",149,Operations/containers.php,"حاويات العقود",1,1,1,1,0,1,0,0,0,0,0,0,1,1,0,0,company,derived_from_4flags
1,"ادارة التشغيل",150,Projects/sites.php,"مواقع التنفيذ",1,1,1,1,1,1,1,0,0,0,0,0,1,1,0,0,company,derived_from_4flags
1,"ادارة التشغيل",151,Workforce/contract_registry.php,"سجل العقود الموحّد",0,0,0,0,0,0,0,0,0,0,0,0,0,0,0,0,,no_grant
1,"ادارة التشغيل",152,Operations/daily_plan.php,"خطة عمل الغد",0,0,0,0,0,0,0,0,0,0,0,0,0,0,0,0,,no_grant
1,"ادارة التشغيل",153,Suppliers/supplier_contract_lines.php,"بنود عقد المورد",0,0,0,0,0,0,0,0,0,0,0,0,0,0,0,0,,no_grant
1,"ادارة التشغيل",154,Contracts/price_terms.php,"شروط تعديل السعر",1,1,1,0,0,0,0,0,0,0,0,0,1,1,0,0,company,derived_from_4flags
1,"ادارة التشغيل",155,Equipments/meter_readings.php,"قراءات العدّادات",0,0,0,0,0,0,0,0,0,0,0,0,0,0,0,0,,no_grant
1,"ادارة التشغيل",156,Workforce/payroll_runs.php,"مسيّر الرواتب",0,0,0,0,0,0,0,0,0,0,0,0,0,0,0,0,,no_grant
1,"ادارة التشغيل",157,Workforce/employee_advances.php,"سلفيات الموظفين",0,0,0,0,0,0,0,0,0,0,0,0,0,0,0,0,,no_grant
1,"ادارة التشغيل",158,Suppliers/supplier_advances.php,"سلفيات الموردين",0,0,0,0,0,0,0,0,0,0,0,0,0,0,0,0,,no_grant
1,"ادارة التشغيل",159,Suppliers/supplier_rules.php,"قواعد تحميل المورد وجزاءاته",0,0,0,0,0,0,0,0,0,0,0,0,0,0,0,0,,no_grant
1,"ادارة التشغيل",160,Suppliers/supplier_capacity.php,"الطاقة والجاهزية ومهلة الإحلال",0,0,0,0,0,0,0,0,0,0,0,0,0,0,0,0,,no_grant
1,"ادارة التشغيل",161,Suppliers/supplier_evaluation.php,"تقييم المورد الدوري",0,0,0,0,0,0,0,0,0,0,0,0,0,0,0,0,,no_grant
1,"ادارة التشغيل",162,Suppliers/supplier_closure.php,"تصفية إنهاء عقد المورد",0,0,0,0,0,0,0,0,0,0,0,0,0,0,0,0,,no_grant
1,"ادارة التشغيل",163,Suppliers/supplier_documents.php,"وثائق المورد وحسابه البنكي",0,0,0,0,0,0,0,0,0,0,0,0,0,0,0,0,,no_grant
1,"ادارة التشغيل",164,Contracts/tax_invoices.php,"الفاتورة الضريبية",0,0,0,0,0,0,0,0,0,0,0,0,0,0,0,0,,no_grant
1,"ادارة التشغيل",165,Contracts/client_statement.php,"كشف حساب العميل",0,0,0,0,0,0,0,0,0,0,0,0,0,0,0,0,,no_grant
1,"ادارة التشغيل",166,Contracts/collections.php,"الذمم والتحصيل",0,0,0,0,0,0,0,0,0,0,0,0,0,0,0,0,,no_grant
1,"ادارة التشغيل",167,Workforce/final_settlement.php,"تصفية إنهاء خدمة الموظف",0,0,0,0,0,0,0,0,0,0,0,0,0,0,0,0,,no_grant
1,"ادارة التشغيل",168,Transport/transfer_tariffs.php,"تعرفة الترحيل وتسعير الأوامر",0,0,0,0,0,0,0,0,0,0,0,0,0,0,0,0,,no_grant
1,"ادارة التشغيل",169,Finance/periodic_events_fin.php,"الدوريات المالية",0,0,0,0,0,0,0,0,0,0,0,0,0,0,0,0,,no_grant
1,"ادارة التشغيل",171,Suppliers/rfq_requests.php,"طلبات عروض الموردين",0,0,0,0,0,0,0,0,0,0,0,0,0,0,0,0,,no_grant
1,"ادارة التشغيل",172,Contracts/contract_sites.php,"نطاقات العقد التشغيلية",0,0,0,0,0,0,0,0,0,0,0,0,0,0,0,0,,no_grant
1,"ادارة التشغيل",173,Contracts/contract_lines.php,"بنود عقد العميل وقيمته",0,0,0,0,0,0,0,0,0,0,0,0,0,0,0,0,,no_grant
1,"ادارة التشغيل",174,Contracts/contract_monthly_plan.php,"الجدول الشهري للعقد",0,0,0,0,0,0,0,0,0,0,0,0,0,0,0,0,,no_grant
1,"ادارة التشغيل",175,Contracts/contract_resource_plan.php,"خطة موارد العقد",1,1,1,0,0,0,0,0,0,0,0,0,1,1,0,0,company,derived_from_4flags
1,"ادارة التشغيل",176,Contracts/contract_payment_schedule.php,"خطة دفع العقد",0,0,0,0,0,0,0,0,0,0,0,0,0,0,0,0,,no_grant
1,"ادارة التشغيل",177,Contracts/contract_guarantees.php,"ضمانات العقد",0,0,0,0,0,0,0,0,0,0,0,0,0,0,0,0,,no_grant
1,"ادارة التشغيل",178,Contracts/plan_actual_link.php,"ربط الخطة بالفعلي",0,0,0,0,0,0,0,0,0,0,0,0,0,0,0,0,,no_grant
1,"ادارة التشغيل",179,Contracts/contract_baseline.php,"خط أساس العقد",0,0,0,0,0,0,0,0,0,0,0,0,0,0,0,0,,no_grant
1,"ادارة التشغيل",180,Contracts/contract_lifecycle.php,"اقتصاد دورة حياة العقد",0,0,0,0,0,0,0,0,0,0,0,0,0,0,0,0,,no_grant
1,"ادارة التشغيل",181,Contracts/commercial_board.php,"اللوحة التجارية للعقود",0,0,0,0,0,0,0,0,0,0,0,0,0,0,0,0,,no_grant
1,"ادارة التشغيل",182,user_capacities.php,"صفاتي ومبدّل المساحة",1,1,1,0,0,0,0,0,0,0,0,0,1,1,0,0,company,derived_from_4flags
1,"ادارة التشغيل",183,Portal/visibility_keys.php,"مفاتيح الظهور",0,0,0,0,0,0,0,0,0,0,0,0,0,0,0,0,,no_grant
1,"ادارة التشغيل",184,Portal/portal_elements.php,"مكوّنات البوابة",0,0,0,0,0,0,0,0,0,0,0,0,0,0,0,0,,no_grant
1,"ادارة التشغيل",185,Portal/visibility_simulator.php,"من يرى ماذا (محاكاة)",0,0,0,0,0,0,0,0,0,0,0,0,0,0,0,0,,no_grant
1,"ادارة التشغيل",186,Portal/visibility_audit.php,"سجل تدقيق الظهور",0,0,0,0,0,0,0,0,0,0,0,0,0,0,0,0,,no_grant
1,"ادارة التشغيل",187,Portal/my_portal.php,بوابتي,1,1,1,0,0,0,0,0,0,0,0,0,1,1,0,0,company,derived_from_4flags
1,"ادارة التشغيل",188,Portal/my_achievement.php,إنجازي,1,1,1,0,0,0,0,0,0,0,0,0,1,1,0,0,company,derived_from_4flags
1,"ادارة التشغيل",189,Portal/my_evaluation.php,"التقييم الثنائي",1,1,1,1,0,1,0,0,0,0,0,0,1,1,0,0,company,derived_from_4flags
1,"ادارة التشغيل",190,Portal/my_certificate.php,"شهادة الإنجاز",1,1,1,0,0,0,0,0,0,0,0,0,1,1,0,0,company,derived_from_4flags
1,"ادارة التشغيل",191,Portal/workspace.php,"مساحة العمل",1,1,1,0,0,0,0,0,0,0,0,0,1,1,0,0,company,derived_from_4flags
1,"ادارة التشغيل",192,Finance/approvals_inbox.php,"صندوق الاعتمادات الموحد",0,0,0,0,0,0,0,0,0,0,0,0,0,0,0,0,,no_grant
1,"ادارة التشغيل",193,Operations/operations_room.php,"غرفة عمليات التشغيل",1,1,1,0,0,0,0,0,0,0,0,0,1,1,0,0,company,derived_from_4flags
1,"ادارة التشغيل",194,Operations/distribution_space.php,"مساحة التوزيع",1,1,1,0,0,0,0,0,0,0,0,0,1,1,0,0,company,derived_from_4flags
1,"ادارة التشغيل",195,Reports/daily_units_report.php,"سجل الوحدات اليومية",1,1,1,0,0,0,0,0,0,0,0,0,1,1,0,0,company,derived_from_4flags
1,"ادارة التشغيل",196,Fleet/readiness_board.php,"لوحة الجاهزية",1,1,1,0,0,0,0,0,0,0,0,0,1,1,0,0,company,derived_from_4flags
1,"ادارة التشغيل",197,Maintenance/failure_report.php,"تقرير الأعطال (التصنيف الموحد)",1,1,1,0,0,0,0,0,0,0,0,0,1,1,0,0,company,derived_from_4flags
1,"ادارة التشغيل",198,Procurement/supplier_card_proc.php,"بطاقة مورد المشتريات",0,0,0,0,0,0,0,0,0,0,0,0,0,0,0,0,,no_grant
1,"ادارة التشغيل",199,Procurement/warehouse_board.php,"لوحة أمين المستودع",0,0,0,0,0,0,0,0,0,0,0,0,0,0,0,0,,no_grant
1,"ادارة التشغيل",200,Contracts/contract_card.php,"بطاقة العقد الأم",1,1,1,0,0,0,0,0,0,0,0,0,1,1,0,0,company,derived_from_4flags
1,"ادارة التشغيل",201,Employees/employee_card.php,"بطاقة الموظف",1,1,1,0,0,0,0,0,0,0,0,0,1,1,0,0,company,derived_from_4flags
1,"ادارة التشغيل",202,Reports/margin_report.php,"هامش الواقعة والعقد",0,0,0,0,0,0,0,0,0,0,0,0,0,0,0,0,,no_grant
1,"ادارة التشغيل",203,Reports/exceptions_report.php,"تقرير الاستثناءات",1,1,1,0,0,0,0,0,0,0,0,0,1,1,0,0,company,derived_from_4flags
1,"ادارة التشغيل",204,Reports/guard_denials_report.php,"تقرير المنع",1,1,1,0,0,0,0,0,0,0,0,0,1,1,0,0,company,derived_from_4flags
1,"ادارة التشغيل",205,Settings/guard_classification.php,"تصنيف الحمايات",1,1,1,0,1,0,1,0,0,0,0,0,1,1,0,0,company,derived_from_4flags
1,"ادارة التشغيل",206,Governance/entities_registry.php,"سجل الكيانات",1,1,1,1,1,1,1,0,0,0,0,0,1,1,0,0,company,derived_from_4flags
1,"ادارة التشغيل",207,Governance/signing_authority.php,"التفويض بالتوقيع",1,1,1,1,1,1,1,0,0,0,0,0,1,1,0,0,company,derived_from_4flags
1,"ادارة التشغيل",208,Governance/licenses_guarantees.php,"التراخيص والكفالات",1,1,1,1,1,1,1,0,0,0,0,0,1,1,0,0,company,derived_from_4flags
1,"ادارة التشغيل",209,Governance/activation_patterns.php,"أنماط التفعيل",1,1,1,0,1,0,1,0,0,0,0,0,1,1,0,0,company,derived_from_4flags
1,"ادارة التشغيل",210,Financing/financiers_registry.php,"سجل الممولين",1,1,1,0,0,0,0,0,0,0,0,0,1,1,0,0,company,derived_from_4flags
1,"ادارة التشغيل",211,Financing/financing_operation_new.php,"إنشاء عملية تمويل",1,1,1,1,0,1,0,0,0,0,0,0,1,1,0,0,company,derived_from_4flags
1,"ادارة التشغيل",212,Reports/approval_lag_report.php,"الاعتمادات المتأخرة والوثائق",1,1,1,0,0,0,0,0,0,0,0,0,1,1,0,0,company,derived_from_4flags
1,"ادارة التشغيل",213,Governance/ownership_grants.php,"منح المجال المقيَّد",1,1,1,1,1,1,1,0,0,0,0,0,1,1,0,0,company,derived_from_4flags
1,"ادارة التشغيل",214,Financing/financing_board.php,"لوحة إدارة التمويل",0,0,0,0,0,0,0,0,0,0,0,0,0,0,0,0,,no_grant
1,"ادارة التشغيل",215,admin/ops_manager_board.php,"لوحة مدير التشغيل",1,1,1,1,1,1,1,0,0,0,0,0,1,1,0,0,company,derived_from_4flags
1,"ادارة التشغيل",216,admin/org_assignments.php,"التكليفات التنظيمية",1,1,1,1,1,1,1,0,0,0,0,0,1,1,0,0,company,derived_from_4flags
1,"ادارة التشغيل",217,admin/org_structure.php,"الهيكل التنظيمي",1,1,1,1,1,1,1,0,0,0,0,0,1,1,0,0,company,derived_from_4flags
1,"ادارة التشغيل",218,admin/org_permits.php,"أذونات المواقع",1,1,1,1,1,1,1,0,0,0,0,0,1,1,0,0,company,derived_from_4flags
1,"ادارة التشغيل",222,admin/sec_governance.php,"مركز حوكمة الصلاحيات",0,0,0,0,0,0,0,0,0,0,0,0,0,0,0,0,,no_grant
1,"ادارة التشغيل",223,admin/sec_employee_wizard.php,"معالج إعداد الموظف",0,0,0,0,0,0,0,0,0,0,0,0,0,0,0,0,,no_grant
1,"ادارة التشغيل",225,Tickets/ticket_workstreams_board.php,"لوحة مسارات البلاغات",0,0,0,0,0,0,0,0,0,0,0,0,0,0,0,0,,no_grant
1,"ادارة التشغيل",226,Tickets/watchtower.php,"برج المراقبة",0,0,0,0,0,0,0,0,0,0,0,0,0,0,0,0,,no_grant
1,"ادارة التشغيل",227,Tickets/ticket_contextual_open.php,"بلاغ سياقي جديد",1,1,1,1,0,1,0,0,0,0,0,0,1,1,0,0,company,derived_from_4flags
1,"ادارة التشغيل",228,main/my_workspace.php,"مساحة عملي",1,1,1,0,0,0,0,0,0,0,0,0,1,1,0,0,company,derived_from_4flags
2,"ادارة الموردين",1,Clients/clients.php,العملاء,1,1,1,1,1,1,1,0,0,0,0,1,1,1,0,0,company,derived_from_4flags
2,"ادارة الموردين",2,Projects/projects.php,المشاريع,1,1,1,1,1,1,1,0,0,0,0,1,1,1,0,0,company,derived_from_4flags
2,"ادارة الموردين",3,main/users.php,الصلاحيات,1,1,1,1,1,1,1,0,0,0,0,1,1,1,0,0,company,derived_from_4flags
2,"ادارة الموردين",4,Reports/reports.php,"مركز التقارير",1,1,1,1,1,1,1,0,0,0,0,1,1,1,0,0,company,derived_from_4flags
2,"ادارة الموردين",5,Equipments/equipments_types.php,"أنواع المعدات",1,1,1,1,1,1,1,0,0,0,0,1,1,1,0,0,company,derived_from_4flags
2,"ادارة الموردين",6,Reports/reports.php,"مركز التقارير",1,1,1,1,1,1,1,0,0,0,0,1,1,1,0,0,company,derived_from_4flags
2,"ادارة الموردين",7,Employees/employees.php,الموظفون,1,1,1,1,1,1,1,0,0,0,0,1,1,1,0,0,company,derived_from_4flags
2,"ادارة الموردين",8,Equipments/equipments_fleet.php,المعدات,1,1,1,1,1,1,1,0,0,0,0,1,1,1,0,0,company,derived_from_4flags
2,"ادارة الموردين",9,Oprators/oprators.php,"شاشة التشغيل",1,1,1,1,1,1,1,0,0,0,0,1,1,1,0,0,company,derived_from_4flags
2,"ادارة الموردين",10,Timesheet/timesheet_type.php,"تسجيل الوحدات",1,1,1,1,1,1,1,0,0,0,0,1,1,1,0,0,company,derived_from_4flags
2,"ادارة الموردين",11,Settings/settings.php,الإعدادات,1,1,1,1,1,1,1,0,0,0,0,1,1,1,0,0,company,derived_from_4flags
2,"ادارة الموردين",12,ActivityLogs/activity_logs.php,"سجل النشاط",1,1,1,1,1,1,1,0,0,0,0,1,1,1,0,0,company,derived_from_4flags
2,"ادارة الموردين",14,main/project_users.php,"مشرفو الموردين",1,1,1,1,0,1,0,0,0,0,0,1,1,1,0,0,company,derived_from_4flags
2,"ادارة الموردين",15,main/project_users.php,المشرفين,1,1,1,1,1,1,1,0,0,0,0,1,1,1,0,0,company,derived_from_4flags
2,"ادارة الموردين",16,main/project_users.php,المشرفين,1,1,1,1,1,1,1,0,0,0,0,1,1,1,0,0,company,derived_from_4flags
2,"ادارة الموردين",17,main/project_users.php,"إدارة المعاونين",1,1,1,1,1,1,1,0,0,0,0,1,1,1,0,0,company,derived_from_4flags
2,"ادارة الموردين",18,main/project_users.php,المشرفين,1,1,1,1,1,1,1,0,0,0,0,1,1,1,0,0,company,derived_from_4flags
2,"ادارة الموردين",20,Contracts/contracts.php,العقود,1,1,1,1,1,1,1,0,0,0,0,1,1,1,0,0,company,derived_from_4flags
2,"ادارة الموردين",21,Contracts/contracts_details.php,"ملف عقد المشروع",1,1,1,1,1,1,1,0,0,0,0,1,1,1,0,0,company,derived_from_4flags
2,"ادارة الموردين",22,Suppliers/suppliers.php,الموردون,1,1,1,1,1,1,1,0,0,0,0,1,1,1,0,0,company,derived_from_4flags
2,"ادارة الموردين",23,Oprators/select_project.php,التشغيل,0,0,0,0,0,0,0,0,0,0,0,0,0,0,0,0,,no_grant
2,"ادارة الموردين",24,Settings/settings.php,الإعدادات,1,1,1,1,1,1,1,0,0,0,0,0,1,1,0,0,company,derived_from_4flags
2,"ادارة الموردين",25,Suppliers/supplierscontracts.php,"عقود الموردين",1,1,1,1,1,1,1,0,0,0,0,1,1,1,0,0,company,derived_from_4flags
2,"ادارة الموردين",26,Suppliers/supplierscontracts_details.php,"ملف عقد المورد",1,1,1,1,1,1,1,0,0,0,0,1,1,1,0,0,company,derived_from_4flags
2,"ادارة الموردين",27,Equipments/equipments_drivers.php,المعدات,0,0,0,0,0,0,0,0,0,0,0,0,0,0,0,0,,no_grant
2,"ادارة الموردين",28,Reports/reports.php,"مركز التقارير",0,0,0,0,0,0,0,0,0,0,0,0,0,0,0,0,,no_grant
2,"ادارة الموردين",29,movement/project_drivers.php,"توزيع المشغّلين",0,0,0,0,0,0,0,0,0,0,0,0,0,0,0,0,,no_grant
2,"ادارة الموردين",30,movement/movement_operations.php,الورديات,0,0,0,0,0,0,0,0,0,0,0,0,0,0,0,0,,no_grant
2,"ادارة الموردين",31,Reports/reports.php,"مركز التقارير",0,0,0,0,0,0,0,0,0,0,0,0,0,0,0,0,,no_grant
2,"ادارة الموردين",32,Reports/reports.php,"مركز التقارير",0,0,0,0,0,0,0,0,0,0,0,0,0,0,0,0,,no_grant
2,"ادارة الموردين",34,movement/map_page.php,"متابعة المشروع",0,0,0,0,0,0,0,0,0,0,0,0,0,0,0,0,,no_grant
2,"ادارة الموردين",35,Clients/clients.php,العملاء,0,0,0,0,0,0,0,0,0,0,0,0,0,0,0,0,,no_grant
2,"ادارة الموردين",36,Projects/projects.php,المشاريع,0,0,0,0,0,0,0,0,0,0,0,0,0,0,0,0,,no_grant
2,"ادارة الموردين",37,Contracts/contracts.php,العقود,0,0,0,0,0,0,0,0,0,0,0,0,0,0,0,0,,no_grant
2,"ادارة الموردين",38,Equipments/manage_failure_codes.php,"تصنيفات الأعطال",0,0,0,0,0,0,0,0,0,0,0,0,0,0,0,0,,no_grant
2,"ادارة الموردين",40,Equipments/fleet_models.php,"الأنواع والموديلات",1,1,1,1,1,1,1,0,0,0,0,1,1,1,0,0,company,derived_from_4flags
2,"ادارة الموردين",41,Equipments/fleet_depreciation_profiles.php,"إعداد الإهلاك",1,1,1,1,1,1,1,0,0,0,0,1,1,1,0,0,company,derived_from_4flags
2,"ادارة الموردين",42,Maintenance/breakdowns.php,"البلاغات (غير مفعّلة)",0,0,0,0,0,0,0,0,0,0,0,0,0,0,0,0,,no_grant
2,"ادارة الموردين",43,Maintenance/orders.php,"أوامر الصيانة",0,0,0,0,0,0,0,0,0,0,0,0,0,0,0,0,,no_grant
2,"ادارة الموردين",44,Maintenance/inspections.php,"الفحص الفني اليومي",0,0,0,0,0,0,0,0,0,0,0,0,0,0,0,0,,no_grant
2,"ادارة الموردين",45,Maintenance/preventive_plans.php,"الصيانة الوقائية",0,0,0,0,0,0,0,0,0,0,0,0,0,0,0,0,,no_grant
2,"ادارة الموردين",46,Maintenance/master_data.php,"إعدادات الصيانة",0,0,0,0,0,0,0,0,0,0,0,0,0,0,0,0,,no_grant
2,"ادارة الموردين",47,Workforce/worker_register.php,"السجل التشغيلي للعامل",0,0,0,0,0,0,0,0,0,0,0,0,0,0,0,0,,no_grant
2,"ادارة الموردين",48,Workforce/worker_contract.php,"عقود العاملين",0,0,0,0,0,0,0,0,0,0,0,0,0,0,0,0,,no_grant
2,"ادارة الموردين",50,Workforce/worker_leave_absence.php,"الإجازات والغياب",0,0,0,0,0,0,0,0,0,0,0,0,0,0,0,0,,no_grant
2,"ادارة الموردين",51,Workforce/worker_movement.php,"تنقلات العاملين",0,0,0,0,0,0,0,0,0,0,0,0,0,0,0,0,,no_grant
2,"ادارة الموردين",52,Workforce/housing_units.php,"السكن والإعاشة",0,0,0,0,0,0,0,0,0,0,0,0,0,0,0,0,,no_grant
2,"ادارة الموردين",53,Workforce/worker_evaluation.php,"تقييم الأداء",0,0,0,0,0,0,0,0,0,0,0,0,0,0,0,0,,no_grant
2,"ادارة الموردين",54,Workforce/worker_settlement.php,"تسويات العاملين",0,0,0,0,0,0,0,0,0,0,0,0,0,0,0,0,,no_grant
2,"ادارة الموردين",55,Workforce/workforce_requirement.php,"احتياج القوى والتخطيط",0,0,0,0,0,0,0,0,0,0,0,0,0,0,0,0,,no_grant
2,"ادارة الموردين",56,Workforce/worker_worklog.php,"سجل الأحداث التشغيلية",0,0,0,0,0,0,0,0,0,0,0,0,0,0,0,0,,no_grant
2,"ادارة الموردين",57,Employees/job_titles.php,"المسميات الوظيفية",0,0,0,0,0,0,0,0,0,0,0,0,0,0,0,0,,no_grant
2,"ادارة الموردين",58,Employees/employee_roles.php,"الأدوار الوظيفية",0,0,0,0,0,0,0,0,0,0,0,0,0,0,0,0,,no_grant
2,"ادارة الموردين",59,Employees/equipment_operators.php,"المشغّلون والسائقون",0,0,0,0,0,0,0,0,0,0,0,0,0,0,0,0,,no_grant
2,"ادارة الموردين",60,main/users.php,"إدارة المستخدمين",0,0,0,0,0,0,0,0,0,0,0,0,0,0,0,0,,no_grant
2,"ادارة الموردين",61,main/all_assistants.php,المعاونون,0,0,0,0,0,0,0,0,0,0,0,0,0,0,0,0,,no_grant
2,"ادارة الموردين",62,Employees/employee_contracts.php,"عقود الموظفين",1,1,1,0,0,0,0,0,0,0,0,0,1,1,0,0,company,derived_from_4flags
2,"ادارة الموردين",63,Employees/employee_contracts_details.php,"ملف عقد الموظف",1,1,1,0,0,0,0,0,0,0,0,0,1,1,0,0,company,derived_from_4flags
2,"ادارة الموردين",64,Employees/employee_profile.php,"بطاقة الموظف",1,1,1,0,0,0,0,0,0,0,0,0,1,1,0,0,company,derived_from_4flags
2,"ادارة الموردين",65,Employees/showcontractemployee.php,"عرض عقد الموظف",1,1,1,0,0,0,0,0,0,0,0,0,1,1,0,0,company,derived_from_4flags
2,"ادارة الموردين",66,Opportunities/opportunities.php,"الفرص البيعية",0,0,0,0,0,0,0,0,0,0,0,0,0,0,0,0,,no_grant
2,"ادارة الموردين",67,Procurement/dashboard_proc.php,"لوحة المشتريات",0,0,0,0,0,0,0,0,0,0,0,0,0,0,0,0,,no_grant
2,"ادارة الموردين",68,Procurement/items_proc.php,"كتالوج الأصناف",0,0,0,0,0,0,0,0,0,0,0,0,0,0,0,0,,no_grant
2,"ادارة الموردين",69,Procurement/requests_proc.php,"طلبات الشراء",0,0,0,0,0,0,0,0,0,0,0,0,0,0,0,0,,no_grant
2,"ادارة الموردين",70,Procurement/orders_proc.php,"أوامر الشراء",0,0,0,0,0,0,0,0,0,0,0,0,0,0,0,0,,no_grant
2,"ادارة الموردين",71,Procurement/receipt_custody_proc.php,"الاستلام المؤقت",0,0,0,0,0,0,0,0,0,0,0,0,0,0,0,0,,no_grant
2,"ادارة الموردين",72,Procurement/stock_proc.php,المخزون,0,0,0,0,0,0,0,0,0,0,0,0,0,0,0,0,,no_grant
2,"ادارة الموردين",73,Procurement/issue_proc.php,"صرف المخزون والعهدة",0,0,0,0,0,0,0,0,0,0,0,0,0,0,0,0,,no_grant
2,"ادارة الموردين",74,Procurement/reordering_proc.php,"حدود إعادة الطلب",0,0,0,0,0,0,0,0,0,0,0,0,0,0,0,0,,no_grant
2,"ادارة الموردين",75,Procurement/suppliers_proc.php,"موردو المشتريات",0,0,0,0,0,0,0,0,0,0,0,0,0,0,0,0,,no_grant
2,"ادارة الموردين",76,Procurement/master_data_proc.php,"البيانات المرجعية",0,0,0,0,0,0,0,0,0,0,0,0,0,0,0,0,,no_grant
2,"ادارة الموردين",77,Clients/activities.php,"أنشطة العملاء",0,0,0,0,0,0,0,0,0,0,0,0,0,0,0,0,,no_grant
2,"ادارة الموردين",78,Clients/commercial_risks.php,"المخاطر التجارية",0,0,0,0,0,0,0,0,0,0,0,0,0,0,0,0,,no_grant
2,"ادارة الموردين",79,Clients/tenders.php,المناقصات,0,0,0,0,0,0,0,0,0,0,0,0,0,0,0,0,,no_grant
2,"ادارة الموردين",80,Clients/quotations.php,"عروض الأسعار",0,0,0,0,0,0,0,0,0,0,0,0,0,0,0,0,,no_grant
2,"ادارة الموردين",81,Clients/pricelists.php,"قوائم ونماذج التسعير",0,0,0,0,0,0,0,0,0,0,0,0,0,0,0,0,,no_grant
2,"ادارة الموردين",82,Clients/products.php,"كتالوج المنتجات والخدمات",0,0,0,0,0,0,0,0,0,0,0,0,0,0,0,0,,no_grant
2,"ادارة الموردين",83,Clients/units_of_measure.php,"وحدات القياس",0,0,0,0,0,0,0,0,0,0,0,0,0,0,0,0,,no_grant
2,"ادارة الموردين",84,Clients/contract_amendments.php,"ملاحق العقود وتجديداتها",0,0,0,0,0,0,0,0,0,0,0,0,0,0,0,0,,no_grant
2,"ادارة الموردين",85,Clients/contract_events.php,"سجل حركة العقد",0,0,0,0,0,0,0,0,0,0,0,0,0,0,0,0,,no_grant
2,"ادارة الموردين",86,Finance/events_list_fin.php,"المعاملات المالية",0,0,0,0,0,0,0,0,0,0,0,0,0,0,0,0,,no_grant
2,"ادارة الموردين",87,Finance/accounts_fin.php,"دليل الحسابات",0,0,0,0,0,0,0,0,0,0,0,0,0,0,0,0,,no_grant
2,"ادارة الموردين",88,Finance/journal_form_fin.php,"القيود اليومية",0,0,0,0,0,0,0,0,0,0,0,0,0,0,0,0,,no_grant
2,"ادارة الموردين",89,Finance/budget_form_fin.php,"الميزانية والانحراف",1,1,1,1,1,1,1,0,0,0,0,0,1,1,0,0,company,derived_from_4flags
2,"ادارة الموردين",90,Finance/dues_fin.php,"الذمم والتحصيل",0,0,0,0,0,0,0,0,0,0,0,0,0,0,0,0,,no_grant
2,"ادارة الموردين",91,Finance/payments_fin.php,"المدفوعات والخزينة",1,1,1,0,0,0,0,0,0,0,0,0,1,1,0,0,company,derived_from_4flags
2,"ادارة الموردين",92,Finance/cost_report_fin.php,"التكاليف والربحية",0,0,0,0,0,0,0,0,0,0,0,0,0,0,0,0,,no_grant
2,"ادارة الموردين",93,Finance/periods_fin.php,"إقفال الفترات",0,0,0,0,0,0,0,0,0,0,0,0,0,0,0,0,,no_grant
2,"ادارة الموردين",94,Finance/funding_fin.php,"التمويل والالتزامات",0,0,0,0,0,0,0,0,0,0,0,0,0,0,0,0,,no_grant
2,"ادارة الموردين",95,Finance/cash_forecast_fin.php,"السيولة والتنبؤ النقدي",0,0,0,0,0,0,0,0,0,0,0,0,0,0,0,0,,no_grant
2,"ادارة الموردين",96,Finance/management_accounting_fin.php,"المحاسبة الإدارية",0,0,0,0,0,0,0,0,0,0,0,0,0,0,0,0,,no_grant
2,"ادارة الموردين",97,Finance/accountants_fin.php,"المحاسبون والوحدات",0,0,0,0,0,0,0,0,0,0,0,0,0,0,0,0,,no_grant
2,"ادارة الموردين",98,Finance/import_events_fin.php,"استقبال معاملات الإدارات",0,0,0,0,0,0,0,0,0,0,0,0,0,0,0,0,,no_grant
2,"ادارة الموردين",99,Finance/executive_dashboard_fin.php,"اللوحة التنفيذية",0,0,0,0,0,0,0,0,0,0,0,0,0,0,0,0,,no_grant
2,"ادارة الموردين",100,Finance/financial_statements_fin.php,"القوائم المالية",0,0,0,0,0,0,0,0,0,0,0,0,0,0,0,0,,no_grant
2,"ادارة الموردين",101,Finance/assets_fin.php,"الأصول والإهلاك",0,0,0,0,0,0,0,0,0,0,0,0,0,0,0,0,,no_grant
2,"ادارة الموردين",102,Finance/tax_fin.php,"الضرائب والقيمة المضافة",0,0,0,0,0,0,0,0,0,0,0,0,0,0,0,0,,no_grant
2,"ادارة الموردين",103,Finance/bank_reconciliation_fin.php,"المطابقة البنكية",0,0,0,0,0,0,0,0,0,0,0,0,0,0,0,0,,no_grant
2,"ادارة الموردين",104,Finance/cfo_daily_board_fin.php,"لوحة المدير المالي",0,0,0,0,0,0,0,0,0,0,0,0,0,0,0,0,,no_grant
2,"ادارة الموردين",105,Finance/unit_records_fin.php,"وحدات الأطراف",0,0,0,0,0,0,0,0,0,0,0,0,0,0,0,0,,no_grant
2,"ادارة الموردين",106,Finance/supplier_statement_fin.php,"كشف حساب المورد",1,1,1,0,0,0,0,0,0,0,0,0,1,1,0,0,company,derived_from_4flags
2,"ادارة الموردين",107,main/project_users.php,المعاونين,0,0,0,0,0,0,0,0,0,0,0,0,0,0,0,0,,no_grant
2,"ادارة الموردين",108,Transport/transfer_types_config.php,"إعدادات الترحيل",0,0,0,0,0,0,0,0,0,0,0,0,0,0,0,0,,no_grant
2,"ادارة الموردين",109,Transport/transfer_cost_rules_config.php,"قواعد تحميل تكلفة الترحيل",0,0,0,0,0,0,0,0,0,0,0,0,0,0,0,0,,no_grant
2,"ادارة الموردين",110,Transport/trs_locations_config.php,المواقع,0,0,0,0,0,0,0,0,0,0,0,0,0,0,0,0,,no_grant
2,"ادارة الموردين",111,Transport/transfer_requests.php,"موافقات الترحيل",0,0,0,0,0,0,0,0,0,0,0,0,0,0,0,0,,no_grant
2,"ادارة الموردين",112,Transport/transfer_orders_list.php,"أوامر الترحيل",0,0,0,0,0,0,0,0,0,0,0,0,0,0,0,0,,no_grant
2,"ادارة الموردين",113,Transport/transfer_dashboard.php,"لوحة الرحلات",0,0,0,0,0,0,0,0,0,0,0,0,0,0,0,0,,no_grant
2,"ادارة الموردين",114,FinRequests/request_form.php,"طلب مالي جديد",1,1,1,1,1,1,1,0,0,0,0,0,1,1,0,0,company,derived_from_4flags
2,"ادارة الموردين",115,FinRequests/my_requests.php,"طلباتي المالية",1,1,1,0,0,0,0,0,0,0,0,0,1,1,0,0,company,derived_from_4flags
2,"ادارة الموردين",116,FinRequests/dept_inbox.php,"موافقات إدارتي",1,1,1,0,1,0,1,0,0,0,0,0,1,1,0,0,company,derived_from_4flags
2,"ادارة الموردين",117,FinRequests/accountant_desk.php,"مكتب المحاسب",0,0,0,0,0,0,0,0,0,0,0,0,0,0,0,0,,no_grant
2,"ادارة الموردين",118,FinRequests/finance_gateway.php,"الطلبات المالية",0,0,0,0,0,0,0,0,0,0,0,0,0,0,0,0,,no_grant
2,"ادارة الموردين",119,FinRequests/effect_map.php,"سجل الحركة المالية",0,0,0,0,0,0,0,0,0,0,0,0,0,0,0,0,,no_grant
2,"ادارة الموردين",120,FinRequests/routing_admin.php,"قواعد توجيه الطلبات",0,0,0,0,0,0,0,0,0,0,0,0,0,0,0,0,,no_grant
2,"ادارة الموردين",121,FinRequests/cycle_time_board.php,"زمن دورة الطلبات",0,0,0,0,0,0,0,0,0,0,0,0,0,0,0,0,,no_grant
2,"ادارة الموردين",122,FinRequests/requests_reports.php,"تقارير الطلبات المالية",0,0,0,0,0,0,0,0,0,0,0,0,0,0,0,0,,no_grant
2,"ادارة الموردين",123,Settings/role_permissions.php,"صلاحيات الأدوار",0,0,0,0,0,0,0,0,0,0,0,0,0,0,0,0,,no_grant
2,"ادارة الموردين",124,Settings/roles.php,الأدوار,0,0,0,0,0,0,0,0,0,0,0,0,0,0,0,0,,no_grant
2,"ادارة الموردين",125,Finance/variance_monitor_fin.php,"متابعة الانحراف",0,0,0,0,0,0,0,0,0,0,0,0,0,0,0,0,,no_grant
2,"ادارة الموردين",126,Finance/maintenance_provision_fin.php,"قواعد مخصص الصيانة",0,0,0,0,0,0,0,0,0,0,0,0,0,0,0,0,,no_grant
2,"ادارة الموردين",127,Clients/contract_commitments.php,"التزامات العقود",0,0,0,0,0,0,0,0,0,0,0,0,0,0,0,0,,no_grant
2,"ادارة الموردين",128,Finance/operator_pay_fin.php,"قواعد مستحقات المشغّلين",0,0,0,0,0,0,0,0,0,0,0,0,0,0,0,0,,no_grant
2,"ادارة الموردين",129,Clients/readiness_lines.php,"جاهزية العروض",0,0,0,0,0,0,0,0,0,0,0,0,0,0,0,0,,no_grant
2,"ادارة الموردين",130,Tickets/ticket_types_config.php,"إعداد أنواع البلاغات",0,0,0,0,0,0,0,0,0,0,0,0,0,0,0,0,,no_grant
2,"ادارة الموردين",131,Tickets/ticket_categories_config.php,"تصنيفات الأعطال والبلاغات",0,0,0,0,0,0,0,0,0,0,0,0,0,0,0,0,,no_grant
2,"ادارة الموردين",132,Tickets/tickets_list.php,البلاغات,0,0,0,0,0,0,0,0,0,0,0,0,0,0,0,0,,no_grant
2,"ادارة الموردين",133,Tickets/ticket_form.php,"تسجيل بلاغ",0,0,0,0,0,0,0,0,0,0,0,0,0,0,0,0,,no_grant
2,"ادارة الموردين",134,Tickets/ticket_sla_config.php,"أزمنة الاستجابة والإنجاز",0,0,0,0,0,0,0,0,0,0,0,0,0,0,0,0,,no_grant
2,"ادارة الموردين",135,Tickets/ticket_escalation_config.php,"سلّم التصعيد",0,0,0,0,0,0,0,0,0,0,0,0,0,0,0,0,,no_grant
2,"ادارة الموردين",136,Tickets/ticket_recurrence.php,"البلاغات الدورية",0,0,0,0,0,0,0,0,0,0,0,0,0,0,0,0,,no_grant
2,"ادارة الموردين",137,Tickets/ticket_dashboard.php,"أداء البلاغات",0,0,0,0,0,0,0,0,0,0,0,0,0,0,0,0,,no_grant
2,"ادارة الموردين",138,Maintenance/dashboard_mnt.php,"لوحة إدارة الصيانة",0,0,0,0,0,0,0,0,0,0,0,0,0,0,0,0,,no_grant
2,"ادارة الموردين",139,main/role_board.php,"لوحة الدور",1,1,1,0,0,0,0,0,0,0,0,0,1,1,0,0,company,derived_from_4flags
2,"ادارة الموردين",140,Finance/operator_pay_policies_fin.php,"سياسات مستحقات المشغّلين",0,0,0,0,0,0,0,0,0,0,0,0,0,0,0,0,,no_grant
2,"ادارة الموردين",141,Equipments/equipment_documents.php,"وثائق المعدات والمشغّلين",0,0,0,0,0,0,0,0,0,0,0,0,0,0,0,0,,no_grant
2,"ادارة الموردين",142,Contracts/claims.php,المستخلصات,0,0,0,0,0,0,0,0,0,0,0,0,0,0,0,0,,no_grant
2,"ادارة الموردين",143,Finance/currencies_fin.php,"العملات وأسعار الصرف",0,0,0,0,0,0,0,0,0,0,0,0,0,0,0,0,,no_grant
2,"ادارة الموردين",144,Suppliers/settlements.php,"تسويات الموردين",1,1,1,1,0,1,0,0,0,0,0,0,1,1,0,0,company,derived_from_4flags
2,"ادارة الموردين",145,Contracts/contract_obligations.php,"مصفوفة التزامات العقد",0,0,0,0,0,0,0,0,0,0,0,0,0,0,0,0,,no_grant
2,"ادارة الموردين",146,Approvals/attribution_board.php,"لوحة الإسناد اليومي",0,0,0,0,0,0,0,0,0,0,0,0,0,0,0,0,,no_grant
2,"ادارة الموردين",147,Contracts/penalties.php,"احتساب الجزاءات والحوافز",0,0,0,0,0,0,0,0,0,0,0,0,0,0,0,0,,no_grant
2,"ادارة الموردين",148,Workforce/employee_settlements.php,"تسويات الموظفين",0,0,0,0,0,0,0,0,0,0,0,0,0,0,0,0,,no_grant
2,"ادارة الموردين",149,Operations/containers.php,"حاويات العقود",0,0,0,0,0,0,0,0,0,0,0,0,0,0,0,0,,no_grant
2,"ادارة الموردين",150,Projects/sites.php,"مواقع التنفيذ",0,0,0,0,0,0,0,0,0,0,0,0,0,0,0,0,,no_grant
2,"ادارة الموردين",151,Workforce/contract_registry.php,"سجل العقود الموحّد",0,0,0,0,0,0,0,0,0,0,0,0,0,0,0,0,,no_grant
2,"ادارة الموردين",152,Operations/daily_plan.php,"خطة عمل الغد",0,0,0,0,0,0,0,0,0,0,0,0,0,0,0,0,,no_grant
2,"ادارة الموردين",153,Suppliers/supplier_contract_lines.php,"بنود عقد المورد",1,1,1,1,1,1,1,0,0,0,0,0,1,1,0,0,company,derived_from_4flags
2,"ادارة الموردين",154,Contracts/price_terms.php,"شروط تعديل السعر",0,0,0,0,0,0,0,0,0,0,0,0,0,0,0,0,,no_grant
2,"ادارة الموردين",155,Equipments/meter_readings.php,"قراءات العدّادات",0,0,0,0,0,0,0,0,0,0,0,0,0,0,0,0,,no_grant
2,"ادارة الموردين",156,Workforce/payroll_runs.php,"مسيّر الرواتب",0,0,0,0,0,0,0,0,0,0,0,0,0,0,0,0,,no_grant
2,"ادارة الموردين",157,Workforce/employee_advances.php,"سلفيات الموظفين",0,0,0,0,0,0,0,0,0,0,0,0,0,0,0,0,,no_grant
2,"ادارة الموردين",158,Suppliers/supplier_advances.php,"سلفيات الموردين",1,1,1,1,1,1,1,0,0,0,0,0,1,1,0,0,company,derived_from_4flags
2,"ادارة الموردين",159,Suppliers/supplier_rules.php,"قواعد تحميل المورد وجزاءاته",1,1,1,1,1,1,1,0,0,0,0,0,1,1,0,0,company,derived_from_4flags
2,"ادارة الموردين",160,Suppliers/supplier_capacity.php,"الطاقة والجاهزية ومهلة الإحلال",1,1,1,1,1,1,1,0,0,0,0,0,1,1,0,0,company,derived_from_4flags
2,"ادارة الموردين",161,Suppliers/supplier_evaluation.php,"تقييم المورد الدوري",1,1,1,1,1,1,1,0,0,0,0,0,1,1,0,0,company,derived_from_4flags
2,"ادارة الموردين",162,Suppliers/supplier_closure.php,"تصفية إنهاء عقد المورد",1,1,1,1,1,1,1,0,0,0,0,0,1,1,0,0,company,derived_from_4flags
2,"ادارة الموردين",163,Suppliers/supplier_documents.php,"وثائق المورد وحسابه البنكي",1,1,1,1,1,1,1,0,0,0,0,0,1,1,0,0,company,derived_from_4flags
2,"ادارة الموردين",164,Contracts/tax_invoices.php,"الفاتورة الضريبية",0,0,0,0,0,0,0,0,0,0,0,0,0,0,0,0,,no_grant
2,"ادارة الموردين",165,Contracts/client_statement.php,"كشف حساب العميل",0,0,0,0,0,0,0,0,0,0,0,0,0,0,0,0,,no_grant
2,"ادارة الموردين",166,Contracts/collections.php,"الذمم والتحصيل",0,0,0,0,0,0,0,0,0,0,0,0,0,0,0,0,,no_grant
2,"ادارة الموردين",167,Workforce/final_settlement.php,"تصفية إنهاء خدمة الموظف",0,0,0,0,0,0,0,0,0,0,0,0,0,0,0,0,,no_grant
2,"ادارة الموردين",168,Transport/transfer_tariffs.php,"تعرفة الترحيل وتسعير الأوامر",1,1,1,0,0,0,0,0,0,0,0,0,1,1,0,0,company,derived_from_4flags
2,"ادارة الموردين",169,Finance/periodic_events_fin.php,"الدوريات المالية",0,0,0,0,0,0,0,0,0,0,0,0,0,0,0,0,,no_grant
2,"ادارة الموردين",171,Suppliers/rfq_requests.php,"طلبات عروض الموردين",1,1,1,1,1,1,1,0,0,0,0,0,1,1,0,0,company,derived_from_4flags
2,"ادارة الموردين",172,Contracts/contract_sites.php,"نطاقات العقد التشغيلية",0,0,0,0,0,0,0,0,0,0,0,0,0,0,0,0,,no_grant
2,"ادارة الموردين",173,Contracts/contract_lines.php,"بنود عقد العميل وقيمته",0,0,0,0,0,0,0,0,0,0,0,0,0,0,0,0,,no_grant
2,"ادارة الموردين",174,Contracts/contract_monthly_plan.php,"الجدول الشهري للعقد",0,0,0,0,0,0,0,0,0,0,0,0,0,0,0,0,,no_grant
2,"ادارة الموردين",175,Contracts/contract_resource_plan.php,"خطة موارد العقد",0,0,0,0,0,0,0,0,0,0,0,0,0,0,0,0,,no_grant
2,"ادارة الموردين",176,Contracts/contract_payment_schedule.php,"خطة دفع العقد",0,0,0,0,0,0,0,0,0,0,0,0,0,0,0,0,,no_grant
2,"ادارة الموردين",177,Contracts/contract_guarantees.php,"ضمانات العقد",0,0,0,0,0,0,0,0,0,0,0,0,0,0,0,0,,no_grant
2,"ادارة الموردين",178,Contracts/plan_actual_link.php,"ربط الخطة بالفعلي",0,0,0,0,0,0,0,0,0,0,0,0,0,0,0,0,,no_grant
2,"ادارة الموردين",179,Contracts/contract_baseline.php,"خط أساس العقد",0,0,0,0,0,0,0,0,0,0,0,0,0,0,0,0,,no_grant
2,"ادارة الموردين",180,Contracts/contract_lifecycle.php,"اقتصاد دورة حياة العقد",0,0,0,0,0,0,0,0,0,0,0,0,0,0,0,0,,no_grant
2,"ادارة الموردين",181,Contracts/commercial_board.php,"اللوحة التجارية للعقود",0,0,0,0,0,0,0,0,0,0,0,0,0,0,0,0,,no_grant
2,"ادارة الموردين",182,user_capacities.php,"صفاتي ومبدّل المساحة",1,1,1,0,0,0,0,0,0,0,0,0,1,1,0,0,company,derived_from_4flags
2,"ادارة الموردين",183,Portal/visibility_keys.php,"مفاتيح الظهور",0,0,0,0,0,0,0,0,0,0,0,0,0,0,0,0,,no_grant
2,"ادارة الموردين",184,Portal/portal_elements.php,"مكوّنات البوابة",0,0,0,0,0,0,0,0,0,0,0,0,0,0,0,0,,no_grant
2,"ادارة الموردين",185,Portal/visibility_simulator.php,"من يرى ماذا (محاكاة)",0,0,0,0,0,0,0,0,0,0,0,0,0,0,0,0,,no_grant
2,"ادارة الموردين",186,Portal/visibility_audit.php,"سجل تدقيق الظهور",0,0,0,0,0,0,0,0,0,0,0,0,0,0,0,0,,no_grant
2,"ادارة الموردين",187,Portal/my_portal.php,بوابتي,1,1,1,0,0,0,0,0,0,0,0,0,1,1,0,0,company,derived_from_4flags
2,"ادارة الموردين",188,Portal/my_achievement.php,إنجازي,1,1,1,0,0,0,0,0,0,0,0,0,1,1,0,0,company,derived_from_4flags
2,"ادارة الموردين",189,Portal/my_evaluation.php,"التقييم الثنائي",1,1,1,1,0,1,0,0,0,0,0,0,1,1,0,0,company,derived_from_4flags
2,"ادارة الموردين",190,Portal/my_certificate.php,"شهادة الإنجاز",1,1,1,0,0,0,0,0,0,0,0,0,1,1,0,0,company,derived_from_4flags
2,"ادارة الموردين",191,Portal/workspace.php,"مساحة العمل",1,1,1,0,0,0,0,0,0,0,0,0,1,1,0,0,company,derived_from_4flags
2,"ادارة الموردين",192,Finance/approvals_inbox.php,"صندوق الاعتمادات الموحد",0,0,0,0,0,0,0,0,0,0,0,0,0,0,0,0,,no_grant
2,"ادارة الموردين",193,Operations/operations_room.php,"غرفة عمليات التشغيل",0,0,0,0,0,0,0,0,0,0,0,0,0,0,0,0,,no_grant
2,"ادارة الموردين",194,Operations/distribution_space.php,"مساحة التوزيع",0,0,0,0,0,0,0,0,0,0,0,0,0,0,0,0,,no_grant
2,"ادارة الموردين",195,Reports/daily_units_report.php,"سجل الوحدات اليومية",0,0,0,0,0,0,0,0,0,0,0,0,0,0,0,0,,no_grant
2,"ادارة الموردين",196,Fleet/readiness_board.php,"لوحة الجاهزية",0,0,0,0,0,0,0,0,0,0,0,0,0,0,0,0,,no_grant
2,"ادارة الموردين",197,Maintenance/failure_report.php,"تقرير الأعطال (التصنيف الموحد)",0,0,0,0,0,0,0,0,0,0,0,0,0,0,0,0,,no_grant
2,"ادارة الموردين",198,Procurement/supplier_card_proc.php,"بطاقة مورد المشتريات",0,0,0,0,0,0,0,0,0,0,0,0,0,0,0,0,,no_grant
2,"ادارة الموردين",199,Procurement/warehouse_board.php,"لوحة أمين المستودع",0,0,0,0,0,0,0,0,0,0,0,0,0,0,0,0,,no_grant
2,"ادارة الموردين",200,Contracts/contract_card.php,"بطاقة العقد الأم",0,0,0,0,0,0,0,0,0,0,0,0,0,0,0,0,,no_grant
2,"ادارة الموردين",201,Employees/employee_card.php,"بطاقة الموظف",0,0,0,0,0,0,0,0,0,0,0,0,0,0,0,0,,no_grant
2,"ادارة الموردين",202,Reports/margin_report.php,"هامش الواقعة والعقد",0,0,0,0,0,0,0,0,0,0,0,0,0,0,0,0,,no_grant
2,"ادارة الموردين",203,Reports/exceptions_report.php,"تقرير الاستثناءات",0,0,0,0,0,0,0,0,0,0,0,0,0,0,0,0,,no_grant
2,"ادارة الموردين",204,Reports/guard_denials_report.php,"تقرير المنع",0,0,0,0,0,0,0,0,0,0,0,0,0,0,0,0,,no_grant
2,"ادارة الموردين",205,Settings/guard_classification.php,"تصنيف الحمايات",0,0,0,0,0,0,0,0,0,0,0,0,0,0,0,0,,no_grant
2,"ادارة الموردين",206,Governance/entities_registry.php,"سجل الكيانات",0,0,0,0,0,0,0,0,0,0,0,0,0,0,0,0,,no_grant
2,"ادارة الموردين",207,Governance/signing_authority.php,"التفويض بالتوقيع",0,0,0,0,0,0,0,0,0,0,0,0,0,0,0,0,,no_grant
2,"ادارة الموردين",208,Governance/licenses_guarantees.php,"التراخيص والكفالات",0,0,0,0,0,0,0,0,0,0,0,0,0,0,0,0,,no_grant
2,"ادارة الموردين",209,Governance/activation_patterns.php,"أنماط التفعيل",0,0,0,0,0,0,0,0,0,0,0,0,0,0,0,0,,no_grant
2,"ادارة الموردين",210,Financing/financiers_registry.php,"سجل الممولين",0,0,0,0,0,0,0,0,0,0,0,0,0,0,0,0,,no_grant
2,"ادارة الموردين",211,Financing/financing_operation_new.php,"إنشاء عملية تمويل",0,0,0,0,0,0,0,0,0,0,0,0,0,0,0,0,,no_grant
2,"ادارة الموردين",212,Reports/approval_lag_report.php,"الاعتمادات المتأخرة والوثائق",0,0,0,0,0,0,0,0,0,0,0,0,0,0,0,0,,no_grant
2,"ادارة الموردين",213,Governance/ownership_grants.php,"منح المجال المقيَّد",0,0,0,0,0,0,0,0,0,0,0,0,0,0,0,0,,no_grant
2,"ادارة الموردين",214,Financing/financing_board.php,"لوحة إدارة التمويل",0,0,0,0,0,0,0,0,0,0,0,0,0,0,0,0,,no_grant
2,"ادارة الموردين",215,admin/ops_manager_board.php,"لوحة مدير التشغيل",0,0,0,0,0,0,0,0,0,0,0,0,0,0,0,0,,no_grant
2,"ادارة الموردين",216,admin/org_assignments.php,"التكليفات التنظيمية",0,0,0,0,0,0,0,0,0,0,0,0,0,0,0,0,,no_grant
2,"ادارة الموردين",217,admin/org_structure.php,"الهيكل التنظيمي",0,0,0,0,0,0,0,0,0,0,0,0,0,0,0,0,,no_grant
2,"ادارة الموردين",218,admin/org_permits.php,"أذونات المواقع",0,0,0,0,0,0,0,0,0,0,0,0,0,0,0,0,,no_grant
2,"ادارة الموردين",222,admin/sec_governance.php,"مركز حوكمة الصلاحيات",0,0,0,0,0,0,0,0,0,0,0,0,0,0,0,0,,no_grant
2,"ادارة الموردين",223,admin/sec_employee_wizard.php,"معالج إعداد الموظف",0,0,0,0,0,0,0,0,0,0,0,0,0,0,0,0,,no_grant
2,"ادارة الموردين",225,Tickets/ticket_workstreams_board.php,"لوحة مسارات البلاغات",0,0,0,0,0,0,0,0,0,0,0,0,0,0,0,0,,no_grant
2,"ادارة الموردين",226,Tickets/watchtower.php,"برج المراقبة",0,0,0,0,0,0,0,0,0,0,0,0,0,0,0,0,,no_grant
2,"ادارة الموردين",227,Tickets/ticket_contextual_open.php,"بلاغ سياقي جديد",1,1,1,1,0,1,0,0,0,0,0,0,1,1,0,0,company,derived_from_4flags
2,"ادارة الموردين",228,main/my_workspace.php,"مساحة عملي",1,1,1,0,0,0,0,0,0,0,0,0,1,1,0,0,company,derived_from_4flags
3,"ادارة الاسطول",1,Clients/clients.php,العملاء,1,1,1,1,1,1,1,0,0,0,0,1,1,1,0,0,company,derived_from_4flags
3,"ادارة الاسطول",2,Projects/projects.php,المشاريع,1,1,1,1,1,1,1,0,0,0,0,1,1,1,0,0,company,derived_from_4flags
3,"ادارة الاسطول",3,main/users.php,الصلاحيات,1,1,1,1,1,1,1,0,0,0,0,1,1,1,0,0,company,derived_from_4flags
3,"ادارة الاسطول",4,Reports/reports.php,"مركز التقارير",1,1,1,1,1,1,1,0,0,0,0,1,1,1,0,0,company,derived_from_4flags
3,"ادارة الاسطول",5,Equipments/equipments_types.php,"أنواع المعدات",1,1,1,1,1,1,1,0,0,0,0,1,1,1,0,0,company,derived_from_4flags
3,"ادارة الاسطول",6,Reports/reports.php,"مركز التقارير",1,1,1,1,1,1,1,0,0,0,0,1,1,1,0,0,company,derived_from_4flags
3,"ادارة الاسطول",7,Employees/employees.php,الموظفون,1,1,1,1,1,1,1,0,0,0,0,1,1,1,0,0,company,derived_from_4flags
3,"ادارة الاسطول",8,Equipments/equipments_fleet.php,المعدات,1,1,1,1,1,1,1,0,0,0,0,1,1,1,0,0,company,derived_from_4flags
3,"ادارة الاسطول",9,Oprators/oprators.php,"شاشة التشغيل",1,1,1,1,1,1,1,0,0,0,0,1,1,1,0,0,company,derived_from_4flags
3,"ادارة الاسطول",10,Timesheet/timesheet_type.php,"تسجيل الوحدات",1,1,1,1,1,1,1,0,0,0,0,1,1,1,0,0,company,derived_from_4flags
3,"ادارة الاسطول",11,Settings/settings.php,الإعدادات,1,1,1,1,1,1,1,0,0,0,0,1,1,1,0,0,company,derived_from_4flags
3,"ادارة الاسطول",12,ActivityLogs/activity_logs.php,"سجل النشاط",1,1,1,1,1,1,1,0,0,0,0,1,1,1,0,0,company,derived_from_4flags
3,"ادارة الاسطول",14,main/project_users.php,"مشرفو الموردين",1,1,1,1,1,1,1,0,0,0,0,1,1,1,0,0,company,derived_from_4flags
3,"ادارة الاسطول",15,main/project_users.php,المشرفين,1,1,1,1,0,1,0,0,0,0,0,1,1,1,0,0,company,derived_from_4flags
3,"ادارة الاسطول",16,main/project_users.php,المشرفين,1,1,1,1,1,1,1,0,0,0,0,1,1,1,0,0,company,derived_from_4flags
3,"ادارة الاسطول",17,main/project_users.php,"إدارة المعاونين",1,1,1,1,1,1,1,0,0,0,0,1,1,1,0,0,company,derived_from_4flags
3,"ادارة الاسطول",18,main/project_users.php,المشرفين,1,1,1,1,1,1,1,0,0,0,0,1,1,1,0,0,company,derived_from_4flags
3,"ادارة الاسطول",20,Contracts/contracts.php,العقود,1,1,1,1,1,1,1,0,0,0,0,1,1,1,0,0,company,derived_from_4flags
3,"ادارة الاسطول",21,Contracts/contracts_details.php,"ملف عقد المشروع",1,1,1,1,1,1,1,0,0,0,0,1,1,1,0,0,company,derived_from_4flags
3,"ادارة الاسطول",22,Suppliers/suppliers.php,الموردون,1,1,1,1,1,1,1,0,0,0,0,1,1,1,0,0,company,derived_from_4flags
3,"ادارة الاسطول",23,Oprators/select_project.php,التشغيل,1,1,1,1,1,1,1,0,0,0,0,0,1,1,0,0,company,derived_from_4flags
3,"ادارة الاسطول",24,Settings/settings.php,الإعدادات,0,0,0,0,0,0,0,0,0,0,0,0,0,0,0,0,,no_grant
3,"ادارة الاسطول",25,Suppliers/supplierscontracts.php,"عقود الموردين",0,0,0,0,0,0,0,0,0,0,0,0,0,0,0,0,,no_grant
3,"ادارة الاسطول",26,Suppliers/supplierscontracts_details.php,"ملف عقد المورد",0,0,0,0,0,0,0,0,0,0,0,0,0,0,0,0,,no_grant
3,"ادارة الاسطول",27,Equipments/equipments_drivers.php,المعدات,0,0,0,0,0,0,0,0,0,0,0,0,0,0,0,0,,no_grant
3,"ادارة الاسطول",28,Reports/reports.php,"مركز التقارير",0,0,0,0,0,0,0,0,0,0,0,0,0,0,0,0,,no_grant
3,"ادارة الاسطول",29,movement/project_drivers.php,"توزيع المشغّلين",0,0,0,0,0,0,0,0,0,0,0,0,0,0,0,0,,no_grant
3,"ادارة الاسطول",30,movement/movement_operations.php,الورديات,0,0,0,0,0,0,0,0,0,0,0,0,0,0,0,0,,no_grant
3,"ادارة الاسطول",31,Reports/reports.php,"مركز التقارير",0,0,0,0,0,0,0,0,0,0,0,0,0,0,0,0,,no_grant
3,"ادارة الاسطول",32,Reports/reports.php,"مركز التقارير",0,0,0,0,0,0,0,0,0,0,0,0,0,0,0,0,,no_grant
3,"ادارة الاسطول",34,movement/map_page.php,"متابعة المشروع",0,0,0,0,0,0,0,0,0,0,0,0,0,0,0,0,,no_grant
3,"ادارة الاسطول",35,Clients/clients.php,العملاء,0,0,0,0,0,0,0,0,0,0,0,0,0,0,0,0,,no_grant
3,"ادارة الاسطول",36,Projects/projects.php,المشاريع,0,0,0,0,0,0,0,0,0,0,0,0,0,0,0,0,,no_grant
3,"ادارة الاسطول",37,Contracts/contracts.php,العقود,0,0,0,0,0,0,0,0,0,0,0,0,0,0,0,0,,no_grant
3,"ادارة الاسطول",38,Equipments/manage_failure_codes.php,"تصنيفات الأعطال",1,1,1,1,1,1,1,0,0,0,0,1,1,1,0,0,company,derived_from_4flags
3,"ادارة الاسطول",40,Equipments/fleet_models.php,"الأنواع والموديلات",1,1,1,1,1,1,1,0,0,0,0,1,1,1,0,0,company,derived_from_4flags
3,"ادارة الاسطول",41,Equipments/fleet_depreciation_profiles.php,"إعداد الإهلاك",1,1,1,1,1,1,1,0,0,0,0,1,1,1,0,0,company,derived_from_4flags
3,"ادارة الاسطول",42,Maintenance/breakdowns.php,"البلاغات (غير مفعّلة)",0,0,0,0,0,0,0,0,0,0,0,0,0,0,0,0,,no_grant
3,"ادارة الاسطول",43,Maintenance/orders.php,"أوامر الصيانة",0,0,0,0,0,0,0,0,0,0,0,0,0,0,0,0,,no_grant
3,"ادارة الاسطول",44,Maintenance/inspections.php,"الفحص الفني اليومي",0,0,0,0,0,0,0,0,0,0,0,0,0,0,0,0,,no_grant
3,"ادارة الاسطول",45,Maintenance/preventive_plans.php,"الصيانة الوقائية",0,0,0,0,0,0,0,0,0,0,0,0,0,0,0,0,,no_grant
3,"ادارة الاسطول",46,Maintenance/master_data.php,"إعدادات الصيانة",0,0,0,0,0,0,0,0,0,0,0,0,0,0,0,0,,no_grant
3,"ادارة الاسطول",47,Workforce/worker_register.php,"السجل التشغيلي للعامل",0,0,0,0,0,0,0,0,0,0,0,0,0,0,0,0,,no_grant
3,"ادارة الاسطول",48,Workforce/worker_contract.php,"عقود العاملين",0,0,0,0,0,0,0,0,0,0,0,0,0,0,0,0,,no_grant
3,"ادارة الاسطول",50,Workforce/worker_leave_absence.php,"الإجازات والغياب",0,0,0,0,0,0,0,0,0,0,0,0,0,0,0,0,,no_grant
3,"ادارة الاسطول",51,Workforce/worker_movement.php,"تنقلات العاملين",0,0,0,0,0,0,0,0,0,0,0,0,0,0,0,0,,no_grant
3,"ادارة الاسطول",52,Workforce/housing_units.php,"السكن والإعاشة",0,0,0,0,0,0,0,0,0,0,0,0,0,0,0,0,,no_grant
3,"ادارة الاسطول",53,Workforce/worker_evaluation.php,"تقييم الأداء",0,0,0,0,0,0,0,0,0,0,0,0,0,0,0,0,,no_grant
3,"ادارة الاسطول",54,Workforce/worker_settlement.php,"تسويات العاملين",0,0,0,0,0,0,0,0,0,0,0,0,0,0,0,0,,no_grant
3,"ادارة الاسطول",55,Workforce/workforce_requirement.php,"احتياج القوى والتخطيط",0,0,0,0,0,0,0,0,0,0,0,0,0,0,0,0,,no_grant
3,"ادارة الاسطول",56,Workforce/worker_worklog.php,"سجل الأحداث التشغيلية",0,0,0,0,0,0,0,0,0,0,0,0,0,0,0,0,,no_grant
3,"ادارة الاسطول",57,Employees/job_titles.php,"المسميات الوظيفية",0,0,0,0,0,0,0,0,0,0,0,0,0,0,0,0,,no_grant
3,"ادارة الاسطول",58,Employees/employee_roles.php,"الأدوار الوظيفية",0,0,0,0,0,0,0,0,0,0,0,0,0,0,0,0,,no_grant
3,"ادارة الاسطول",59,Employees/equipment_operators.php,"المشغّلون والسائقون",0,0,0,0,0,0,0,0,0,0,0,0,0,0,0,0,,no_grant
3,"ادارة الاسطول",60,main/users.php,"إدارة المستخدمين",0,0,0,0,0,0,0,0,0,0,0,0,0,0,0,0,,no_grant
3,"ادارة الاسطول",61,main/all_assistants.php,المعاونون,0,0,0,0,0,0,0,0,0,0,0,0,0,0,0,0,,no_grant
3,"ادارة الاسطول",62,Employees/employee_contracts.php,"عقود الموظفين",1,1,1,0,0,0,0,0,0,0,0,0,1,1,0,0,company,derived_from_4flags
3,"ادارة الاسطول",63,Employees/employee_contracts_details.php,"ملف عقد الموظف",1,1,1,0,0,0,0,0,0,0,0,0,1,1,0,0,company,derived_from_4flags
3,"ادارة الاسطول",64,Employees/employee_profile.php,"بطاقة الموظف",1,1,1,0,0,0,0,0,0,0,0,0,1,1,0,0,company,derived_from_4flags
3,"ادارة الاسطول",65,Employees/showcontractemployee.php,"عرض عقد الموظف",1,1,1,0,0,0,0,0,0,0,0,0,1,1,0,0,company,derived_from_4flags
3,"ادارة الاسطول",66,Opportunities/opportunities.php,"الفرص البيعية",0,0,0,0,0,0,0,0,0,0,0,0,0,0,0,0,,no_grant
3,"ادارة الاسطول",67,Procurement/dashboard_proc.php,"لوحة المشتريات",0,0,0,0,0,0,0,0,0,0,0,0,0,0,0,0,,no_grant
3,"ادارة الاسطول",68,Procurement/items_proc.php,"كتالوج الأصناف",0,0,0,0,0,0,0,0,0,0,0,0,0,0,0,0,,no_grant
3,"ادارة الاسطول",69,Procurement/requests_proc.php,"طلبات الشراء",0,0,0,0,0,0,0,0,0,0,0,0,0,0,0,0,,no_grant
3,"ادارة الاسطول",70,Procurement/orders_proc.php,"أوامر الشراء",0,0,0,0,0,0,0,0,0,0,0,0,0,0,0,0,,no_grant
3,"ادارة الاسطول",71,Procurement/receipt_custody_proc.php,"الاستلام المؤقت",0,0,0,0,0,0,0,0,0,0,0,0,0,0,0,0,,no_grant
3,"ادارة الاسطول",72,Procurement/stock_proc.php,المخزون,0,0,0,0,0,0,0,0,0,0,0,0,0,0,0,0,,no_grant
3,"ادارة الاسطول",73,Procurement/issue_proc.php,"صرف المخزون والعهدة",0,0,0,0,0,0,0,0,0,0,0,0,0,0,0,0,,no_grant
3,"ادارة الاسطول",74,Procurement/reordering_proc.php,"حدود إعادة الطلب",0,0,0,0,0,0,0,0,0,0,0,0,0,0,0,0,,no_grant
3,"ادارة الاسطول",75,Procurement/suppliers_proc.php,"موردو المشتريات",0,0,0,0,0,0,0,0,0,0,0,0,0,0,0,0,,no_grant
3,"ادارة الاسطول",76,Procurement/master_data_proc.php,"البيانات المرجعية",0,0,0,0,0,0,0,0,0,0,0,0,0,0,0,0,,no_grant
3,"ادارة الاسطول",77,Clients/activities.php,"أنشطة العملاء",0,0,0,0,0,0,0,0,0,0,0,0,0,0,0,0,,no_grant
3,"ادارة الاسطول",78,Clients/commercial_risks.php,"المخاطر التجارية",0,0,0,0,0,0,0,0,0,0,0,0,0,0,0,0,,no_grant
3,"ادارة الاسطول",79,Clients/tenders.php,المناقصات,0,0,0,0,0,0,0,0,0,0,0,0,0,0,0,0,,no_grant
3,"ادارة الاسطول",80,Clients/quotations.php,"عروض الأسعار",0,0,0,0,0,0,0,0,0,0,0,0,0,0,0,0,,no_grant
3,"ادارة الاسطول",81,Clients/pricelists.php,"قوائم ونماذج التسعير",0,0,0,0,0,0,0,0,0,0,0,0,0,0,0,0,,no_grant
3,"ادارة الاسطول",82,Clients/products.php,"كتالوج المنتجات والخدمات",0,0,0,0,0,0,0,0,0,0,0,0,0,0,0,0,,no_grant
3,"ادارة الاسطول",83,Clients/units_of_measure.php,"وحدات القياس",0,0,0,0,0,0,0,0,0,0,0,0,0,0,0,0,,no_grant
3,"ادارة الاسطول",84,Clients/contract_amendments.php,"ملاحق العقود وتجديداتها",0,0,0,0,0,0,0,0,0,0,0,0,0,0,0,0,,no_grant
3,"ادارة الاسطول",85,Clients/contract_events.php,"سجل حركة العقد",0,0,0,0,0,0,0,0,0,0,0,0,0,0,0,0,,no_grant
3,"ادارة الاسطول",86,Finance/events_list_fin.php,"المعاملات المالية",0,0,0,0,0,0,0,0,0,0,0,0,0,0,0,0,,no_grant
3,"ادارة الاسطول",87,Finance/accounts_fin.php,"دليل الحسابات",0,0,0,0,0,0,0,0,0,0,0,0,0,0,0,0,,no_grant
3,"ادارة الاسطول",88,Finance/journal_form_fin.php,"القيود اليومية",0,0,0,0,0,0,0,0,0,0,0,0,0,0,0,0,,no_grant
3,"ادارة الاسطول",89,Finance/budget_form_fin.php,"الميزانية والانحراف",1,1,1,1,1,1,1,0,0,0,0,0,1,1,0,0,company,derived_from_4flags
3,"ادارة الاسطول",90,Finance/dues_fin.php,"الذمم والتحصيل",0,0,0,0,0,0,0,0,0,0,0,0,0,0,0,0,,no_grant
3,"ادارة الاسطول",91,Finance/payments_fin.php,"المدفوعات والخزينة",0,0,0,0,0,0,0,0,0,0,0,0,0,0,0,0,,no_grant
3,"ادارة الاسطول",92,Finance/cost_report_fin.php,"التكاليف والربحية",1,1,1,0,0,0,0,0,0,0,0,0,1,1,0,0,company,derived_from_4flags
3,"ادارة الاسطول",93,Finance/periods_fin.php,"إقفال الفترات",0,0,0,0,0,0,0,0,0,0,0,0,0,0,0,0,,no_grant
3,"ادارة الاسطول",94,Finance/funding_fin.php,"التمويل والالتزامات",0,0,0,0,0,0,0,0,0,0,0,0,0,0,0,0,,no_grant
3,"ادارة الاسطول",95,Finance/cash_forecast_fin.php,"السيولة والتنبؤ النقدي",0,0,0,0,0,0,0,0,0,0,0,0,0,0,0,0,,no_grant
3,"ادارة الاسطول",96,Finance/management_accounting_fin.php,"المحاسبة الإدارية",0,0,0,0,0,0,0,0,0,0,0,0,0,0,0,0,,no_grant
3,"ادارة الاسطول",97,Finance/accountants_fin.php,"المحاسبون والوحدات",0,0,0,0,0,0,0,0,0,0,0,0,0,0,0,0,,no_grant
3,"ادارة الاسطول",98,Finance/import_events_fin.php,"استقبال معاملات الإدارات",0,0,0,0,0,0,0,0,0,0,0,0,0,0,0,0,,no_grant
3,"ادارة الاسطول",99,Finance/executive_dashboard_fin.php,"اللوحة التنفيذية",0,0,0,0,0,0,0,0,0,0,0,0,0,0,0,0,,no_grant
3,"ادارة الاسطول",100,Finance/financial_statements_fin.php,"القوائم المالية",0,0,0,0,0,0,0,0,0,0,0,0,0,0,0,0,,no_grant
3,"ادارة الاسطول",101,Finance/assets_fin.php,"الأصول والإهلاك",1,1,1,0,0,0,0,0,0,0,0,0,1,1,0,0,company,derived_from_4flags
3,"ادارة الاسطول",102,Finance/tax_fin.php,"الضرائب والقيمة المضافة",0,0,0,0,0,0,0,0,0,0,0,0,0,0,0,0,,no_grant
3,"ادارة الاسطول",103,Finance/bank_reconciliation_fin.php,"المطابقة البنكية",0,0,0,0,0,0,0,0,0,0,0,0,0,0,0,0,,no_grant
3,"ادارة الاسطول",104,Finance/cfo_daily_board_fin.php,"لوحة المدير المالي",0,0,0,0,0,0,0,0,0,0,0,0,0,0,0,0,,no_grant
3,"ادارة الاسطول",105,Finance/unit_records_fin.php,"وحدات الأطراف",1,1,1,0,0,0,0,0,0,0,0,0,1,1,0,0,company,derived_from_4flags
3,"ادارة الاسطول",106,Finance/supplier_statement_fin.php,"كشف حساب المورد",0,0,0,0,0,0,0,0,0,0,0,0,0,0,0,0,,no_grant
3,"ادارة الاسطول",107,main/project_users.php,المعاونين,0,0,0,0,0,0,0,0,0,0,0,0,0,0,0,0,,no_grant
3,"ادارة الاسطول",108,Transport/transfer_types_config.php,"إعدادات الترحيل",0,0,0,0,0,0,0,0,0,0,0,0,0,0,0,0,,no_grant
3,"ادارة الاسطول",109,Transport/transfer_cost_rules_config.php,"قواعد تحميل تكلفة الترحيل",0,0,0,0,0,0,0,0,0,0,0,0,0,0,0,0,,no_grant
3,"ادارة الاسطول",110,Transport/trs_locations_config.php,المواقع,0,0,0,0,0,0,0,0,0,0,0,0,0,0,0,0,,no_grant
3,"ادارة الاسطول",111,Transport/transfer_requests.php,"موافقات الترحيل",0,0,0,0,0,0,0,0,0,0,0,0,0,0,0,0,,no_grant
3,"ادارة الاسطول",112,Transport/transfer_orders_list.php,"أوامر الترحيل",0,0,0,0,0,0,0,0,0,0,0,0,0,0,0,0,,no_grant
3,"ادارة الاسطول",113,Transport/transfer_dashboard.php,"لوحة الرحلات",0,0,0,0,0,0,0,0,0,0,0,0,0,0,0,0,,no_grant
3,"ادارة الاسطول",114,FinRequests/request_form.php,"طلب مالي جديد",1,1,1,1,1,1,1,0,0,0,0,0,1,1,0,0,company,derived_from_4flags
3,"ادارة الاسطول",115,FinRequests/my_requests.php,"طلباتي المالية",1,1,1,0,0,0,0,0,0,0,0,0,1,1,0,0,company,derived_from_4flags
3,"ادارة الاسطول",116,FinRequests/dept_inbox.php,"موافقات إدارتي",1,1,1,0,1,0,1,0,0,0,0,0,1,1,0,0,company,derived_from_4flags
3,"ادارة الاسطول",117,FinRequests/accountant_desk.php,"مكتب المحاسب",0,0,0,0,0,0,0,0,0,0,0,0,0,0,0,0,,no_grant
3,"ادارة الاسطول",118,FinRequests/finance_gateway.php,"الطلبات المالية",0,0,0,0,0,0,0,0,0,0,0,0,0,0,0,0,,no_grant
3,"ادارة الاسطول",119,FinRequests/effect_map.php,"سجل الحركة المالية",0,0,0,0,0,0,0,0,0,0,0,0,0,0,0,0,,no_grant
3,"ادارة الاسطول",120,FinRequests/routing_admin.php,"قواعد توجيه الطلبات",0,0,0,0,0,0,0,0,0,0,0,0,0,0,0,0,,no_grant
3,"ادارة الاسطول",121,FinRequests/cycle_time_board.php,"زمن دورة الطلبات",0,0,0,0,0,0,0,0,0,0,0,0,0,0,0,0,,no_grant
3,"ادارة الاسطول",122,FinRequests/requests_reports.php,"تقارير الطلبات المالية",0,0,0,0,0,0,0,0,0,0,0,0,0,0,0,0,,no_grant
3,"ادارة الاسطول",123,Settings/role_permissions.php,"صلاحيات الأدوار",0,0,0,0,0,0,0,0,0,0,0,0,0,0,0,0,,no_grant
3,"ادارة الاسطول",124,Settings/roles.php,الأدوار,0,0,0,0,0,0,0,0,0,0,0,0,0,0,0,0,,no_grant
3,"ادارة الاسطول",125,Finance/variance_monitor_fin.php,"متابعة الانحراف",0,0,0,0,0,0,0,0,0,0,0,0,0,0,0,0,,no_grant
3,"ادارة الاسطول",126,Finance/maintenance_provision_fin.php,"قواعد مخصص الصيانة",0,0,0,0,0,0,0,0,0,0,0,0,0,0,0,0,,no_grant
3,"ادارة الاسطول",127,Clients/contract_commitments.php,"التزامات العقود",0,0,0,0,0,0,0,0,0,0,0,0,0,0,0,0,,no_grant
3,"ادارة الاسطول",128,Finance/operator_pay_fin.php,"قواعد مستحقات المشغّلين",0,0,0,0,0,0,0,0,0,0,0,0,0,0,0,0,,no_grant
3,"ادارة الاسطول",129,Clients/readiness_lines.php,"جاهزية العروض",0,0,0,0,0,0,0,0,0,0,0,0,0,0,0,0,,no_grant
3,"ادارة الاسطول",130,Tickets/ticket_types_config.php,"إعداد أنواع البلاغات",0,0,0,0,0,0,0,0,0,0,0,0,0,0,0,0,,no_grant
3,"ادارة الاسطول",131,Tickets/ticket_categories_config.php,"تصنيفات الأعطال والبلاغات",0,0,0,0,0,0,0,0,0,0,0,0,0,0,0,0,,no_grant
3,"ادارة الاسطول",132,Tickets/tickets_list.php,البلاغات,0,0,0,0,0,0,0,0,0,0,0,0,0,0,0,0,,no_grant
3,"ادارة الاسطول",133,Tickets/ticket_form.php,"تسجيل بلاغ",0,0,0,0,0,0,0,0,0,0,0,0,0,0,0,0,,no_grant
3,"ادارة الاسطول",134,Tickets/ticket_sla_config.php,"أزمنة الاستجابة والإنجاز",0,0,0,0,0,0,0,0,0,0,0,0,0,0,0,0,,no_grant
3,"ادارة الاسطول",135,Tickets/ticket_escalation_config.php,"سلّم التصعيد",0,0,0,0,0,0,0,0,0,0,0,0,0,0,0,0,,no_grant
3,"ادارة الاسطول",136,Tickets/ticket_recurrence.php,"البلاغات الدورية",0,0,0,0,0,0,0,0,0,0,0,0,0,0,0,0,,no_grant
3,"ادارة الاسطول",137,Tickets/ticket_dashboard.php,"أداء البلاغات",0,0,0,0,0,0,0,0,0,0,0,0,0,0,0,0,,no_grant
3,"ادارة الاسطول",138,Maintenance/dashboard_mnt.php,"لوحة إدارة الصيانة",0,0,0,0,0,0,0,0,0,0,0,0,0,0,0,0,,no_grant
3,"ادارة الاسطول",139,main/role_board.php,"لوحة الدور",1,1,1,0,0,0,0,0,0,0,0,0,1,1,0,0,company,derived_from_4flags
3,"ادارة الاسطول",140,Finance/operator_pay_policies_fin.php,"سياسات مستحقات المشغّلين",0,0,0,0,0,0,0,0,0,0,0,0,0,0,0,0,,no_grant
3,"ادارة الاسطول",141,Equipments/equipment_documents.php,"وثائق المعدات والمشغّلين",1,1,1,1,1,1,1,0,0,0,0,0,1,1,0,0,company,derived_from_4flags
3,"ادارة الاسطول",142,Contracts/claims.php,المستخلصات,0,0,0,0,0,0,0,0,0,0,0,0,0,0,0,0,,no_grant
3,"ادارة الاسطول",143,Finance/currencies_fin.php,"العملات وأسعار الصرف",0,0,0,0,0,0,0,0,0,0,0,0,0,0,0,0,,no_grant
3,"ادارة الاسطول",144,Suppliers/settlements.php,"تسويات الموردين",0,0,0,0,0,0,0,0,0,0,0,0,0,0,0,0,,no_grant
3,"ادارة الاسطول",145,Contracts/contract_obligations.php,"مصفوفة التزامات العقد",0,0,0,0,0,0,0,0,0,0,0,0,0,0,0,0,,no_grant
3,"ادارة الاسطول",146,Approvals/attribution_board.php,"لوحة الإسناد اليومي",0,0,0,0,0,0,0,0,0,0,0,0,0,0,0,0,,no_grant
3,"ادارة الاسطول",147,Contracts/penalties.php,"احتساب الجزاءات والحوافز",0,0,0,0,0,0,0,0,0,0,0,0,0,0,0,0,,no_grant
3,"ادارة الاسطول",148,Workforce/employee_settlements.php,"تسويات الموظفين",0,0,0,0,0,0,0,0,0,0,0,0,0,0,0,0,,no_grant
3,"ادارة الاسطول",149,Operations/containers.php,"حاويات العقود",1,1,1,0,0,0,0,0,0,0,0,0,1,1,0,0,company,derived_from_4flags
3,"ادارة الاسطول",150,Projects/sites.php,"مواقع التنفيذ",1,1,1,0,0,0,0,0,0,0,0,0,1,1,0,0,company,derived_from_4flags
3,"ادارة الاسطول",151,Workforce/contract_registry.php,"سجل العقود الموحّد",0,0,0,0,0,0,0,0,0,0,0,0,0,0,0,0,,no_grant
3,"ادارة الاسطول",152,Operations/daily_plan.php,"خطة عمل الغد",1,1,1,1,1,1,1,0,0,0,0,0,1,1,0,0,company,derived_from_4flags
3,"ادارة الاسطول",153,Suppliers/supplier_contract_lines.php,"بنود عقد المورد",0,0,0,0,0,0,0,0,0,0,0,0,0,0,0,0,,no_grant
3,"ادارة الاسطول",154,Contracts/price_terms.php,"شروط تعديل السعر",0,0,0,0,0,0,0,0,0,0,0,0,0,0,0,0,,no_grant
3,"ادارة الاسطول",155,Equipments/meter_readings.php,"قراءات العدّادات",1,1,1,0,0,0,0,0,0,0,0,0,1,1,0,0,company,derived_from_4flags
3,"ادارة الاسطول",156,Workforce/payroll_runs.php,"مسيّر الرواتب",0,0,0,0,0,0,0,0,0,0,0,0,0,0,0,0,,no_grant
3,"ادارة الاسطول",157,Workforce/employee_advances.php,"سلفيات الموظفين",0,0,0,0,0,0,0,0,0,0,0,0,0,0,0,0,,no_grant
3,"ادارة الاسطول",158,Suppliers/supplier_advances.php,"سلفيات الموردين",0,0,0,0,0,0,0,0,0,0,0,0,0,0,0,0,,no_grant
3,"ادارة الاسطول",159,Suppliers/supplier_rules.php,"قواعد تحميل المورد وجزاءاته",0,0,0,0,0,0,0,0,0,0,0,0,0,0,0,0,,no_grant
3,"ادارة الاسطول",160,Suppliers/supplier_capacity.php,"الطاقة والجاهزية ومهلة الإحلال",0,0,0,0,0,0,0,0,0,0,0,0,0,0,0,0,,no_grant
3,"ادارة الاسطول",161,Suppliers/supplier_evaluation.php,"تقييم المورد الدوري",0,0,0,0,0,0,0,0,0,0,0,0,0,0,0,0,,no_grant
3,"ادارة الاسطول",162,Suppliers/supplier_closure.php,"تصفية إنهاء عقد المورد",0,0,0,0,0,0,0,0,0,0,0,0,0,0,0,0,,no_grant
3,"ادارة الاسطول",163,Suppliers/supplier_documents.php,"وثائق المورد وحسابه البنكي",0,0,0,0,0,0,0,0,0,0,0,0,0,0,0,0,,no_grant
3,"ادارة الاسطول",164,Contracts/tax_invoices.php,"الفاتورة الضريبية",0,0,0,0,0,0,0,0,0,0,0,0,0,0,0,0,,no_grant
3,"ادارة الاسطول",165,Contracts/client_statement.php,"كشف حساب العميل",0,0,0,0,0,0,0,0,0,0,0,0,0,0,0,0,,no_grant
3,"ادارة الاسطول",166,Contracts/collections.php,"الذمم والتحصيل",0,0,0,0,0,0,0,0,0,0,0,0,0,0,0,0,,no_grant
3,"ادارة الاسطول",167,Workforce/final_settlement.php,"تصفية إنهاء خدمة الموظف",0,0,0,0,0,0,0,0,0,0,0,0,0,0,0,0,,no_grant
3,"ادارة الاسطول",168,Transport/transfer_tariffs.php,"تعرفة الترحيل وتسعير الأوامر",0,0,0,0,0,0,0,0,0,0,0,0,0,0,0,0,,no_grant
3,"ادارة الاسطول",169,Finance/periodic_events_fin.php,"الدوريات المالية",0,0,0,0,0,0,0,0,0,0,0,0,0,0,0,0,,no_grant
3,"ادارة الاسطول",171,Suppliers/rfq_requests.php,"طلبات عروض الموردين",0,0,0,0,0,0,0,0,0,0,0,0,0,0,0,0,,no_grant
3,"ادارة الاسطول",172,Contracts/contract_sites.php,"نطاقات العقد التشغيلية",0,0,0,0,0,0,0,0,0,0,0,0,0,0,0,0,,no_grant
3,"ادارة الاسطول",173,Contracts/contract_lines.php,"بنود عقد العميل وقيمته",0,0,0,0,0,0,0,0,0,0,0,0,0,0,0,0,,no_grant
3,"ادارة الاسطول",174,Contracts/contract_monthly_plan.php,"الجدول الشهري للعقد",0,0,0,0,0,0,0,0,0,0,0,0,0,0,0,0,,no_grant
3,"ادارة الاسطول",175,Contracts/contract_resource_plan.php,"خطة موارد العقد",0,0,0,0,0,0,0,0,0,0,0,0,0,0,0,0,,no_grant
3,"ادارة الاسطول",176,Contracts/contract_payment_schedule.php,"خطة دفع العقد",0,0,0,0,0,0,0,0,0,0,0,0,0,0,0,0,,no_grant
3,"ادارة الاسطول",177,Contracts/contract_guarantees.php,"ضمانات العقد",0,0,0,0,0,0,0,0,0,0,0,0,0,0,0,0,,no_grant
3,"ادارة الاسطول",178,Contracts/plan_actual_link.php,"ربط الخطة بالفعلي",0,0,0,0,0,0,0,0,0,0,0,0,0,0,0,0,,no_grant
3,"ادارة الاسطول",179,Contracts/contract_baseline.php,"خط أساس العقد",0,0,0,0,0,0,0,0,0,0,0,0,0,0,0,0,,no_grant
3,"ادارة الاسطول",180,Contracts/contract_lifecycle.php,"اقتصاد دورة حياة العقد",0,0,0,0,0,0,0,0,0,0,0,0,0,0,0,0,,no_grant
3,"ادارة الاسطول",181,Contracts/commercial_board.php,"اللوحة التجارية للعقود",0,0,0,0,0,0,0,0,0,0,0,0,0,0,0,0,,no_grant
3,"ادارة الاسطول",182,user_capacities.php,"صفاتي ومبدّل المساحة",1,1,1,0,0,0,0,0,0,0,0,0,1,1,0,0,company,derived_from_4flags
3,"ادارة الاسطول",183,Portal/visibility_keys.php,"مفاتيح الظهور",0,0,0,0,0,0,0,0,0,0,0,0,0,0,0,0,,no_grant
3,"ادارة الاسطول",184,Portal/portal_elements.php,"مكوّنات البوابة",0,0,0,0,0,0,0,0,0,0,0,0,0,0,0,0,,no_grant
3,"ادارة الاسطول",185,Portal/visibility_simulator.php,"من يرى ماذا (محاكاة)",0,0,0,0,0,0,0,0,0,0,0,0,0,0,0,0,,no_grant
3,"ادارة الاسطول",186,Portal/visibility_audit.php,"سجل تدقيق الظهور",0,0,0,0,0,0,0,0,0,0,0,0,0,0,0,0,,no_grant
3,"ادارة الاسطول",187,Portal/my_portal.php,بوابتي,1,1,1,0,0,0,0,0,0,0,0,0,1,1,0,0,company,derived_from_4flags
3,"ادارة الاسطول",188,Portal/my_achievement.php,إنجازي,1,1,1,0,0,0,0,0,0,0,0,0,1,1,0,0,company,derived_from_4flags
3,"ادارة الاسطول",189,Portal/my_evaluation.php,"التقييم الثنائي",1,1,1,1,0,1,0,0,0,0,0,0,1,1,0,0,company,derived_from_4flags
3,"ادارة الاسطول",190,Portal/my_certificate.php,"شهادة الإنجاز",1,1,1,0,0,0,0,0,0,0,0,0,1,1,0,0,company,derived_from_4flags
3,"ادارة الاسطول",191,Portal/workspace.php,"مساحة العمل",1,1,1,0,0,0,0,0,0,0,0,0,1,1,0,0,company,derived_from_4flags
3,"ادارة الاسطول",192,Finance/approvals_inbox.php,"صندوق الاعتمادات الموحد",0,0,0,0,0,0,0,0,0,0,0,0,0,0,0,0,,no_grant
3,"ادارة الاسطول",193,Operations/operations_room.php,"غرفة عمليات التشغيل",0,0,0,0,0,0,0,0,0,0,0,0,0,0,0,0,,no_grant
3,"ادارة الاسطول",194,Operations/distribution_space.php,"مساحة التوزيع",0,0,0,0,0,0,0,0,0,0,0,0,0,0,0,0,,no_grant
3,"ادارة الاسطول",195,Reports/daily_units_report.php,"سجل الوحدات اليومية",0,0,0,0,0,0,0,0,0,0,0,0,0,0,0,0,,no_grant
3,"ادارة الاسطول",196,Fleet/readiness_board.php,"لوحة الجاهزية",1,1,1,0,0,0,0,0,0,0,0,0,1,1,0,0,company,derived_from_4flags
3,"ادارة الاسطول",197,Maintenance/failure_report.php,"تقرير الأعطال (التصنيف الموحد)",1,1,1,0,0,0,0,0,0,0,0,0,1,1,0,0,company,derived_from_4flags
3,"ادارة الاسطول",198,Procurement/supplier_card_proc.php,"بطاقة مورد المشتريات",0,0,0,0,0,0,0,0,0,0,0,0,0,0,0,0,,no_grant
3,"ادارة الاسطول",199,Procurement/warehouse_board.php,"لوحة أمين المستودع",0,0,0,0,0,0,0,0,0,0,0,0,0,0,0,0,,no_grant
3,"ادارة الاسطول",200,Contracts/contract_card.php,"بطاقة العقد الأم",0,0,0,0,0,0,0,0,0,0,0,0,0,0,0,0,,no_grant
3,"ادارة الاسطول",201,Employees/employee_card.php,"بطاقة الموظف",0,0,0,0,0,0,0,0,0,0,0,0,0,0,0,0,,no_grant
3,"ادارة الاسطول",202,Reports/margin_report.php,"هامش الواقعة والعقد",0,0,0,0,0,0,0,0,0,0,0,0,0,0,0,0,,no_grant
3,"ادارة الاسطول",203,Reports/exceptions_report.php,"تقرير الاستثناءات",0,0,0,0,0,0,0,0,0,0,0,0,0,0,0,0,,no_grant
3,"ادارة الاسطول",204,Reports/guard_denials_report.php,"تقرير المنع",0,0,0,0,0,0,0,0,0,0,0,0,0,0,0,0,,no_grant
3,"ادارة الاسطول",205,Settings/guard_classification.php,"تصنيف الحمايات",0,0,0,0,0,0,0,0,0,0,0,0,0,0,0,0,,no_grant
3,"ادارة الاسطول",206,Governance/entities_registry.php,"سجل الكيانات",0,0,0,0,0,0,0,0,0,0,0,0,0,0,0,0,,no_grant
3,"ادارة الاسطول",207,Governance/signing_authority.php,"التفويض بالتوقيع",0,0,0,0,0,0,0,0,0,0,0,0,0,0,0,0,,no_grant
3,"ادارة الاسطول",208,Governance/licenses_guarantees.php,"التراخيص والكفالات",0,0,0,0,0,0,0,0,0,0,0,0,0,0,0,0,,no_grant
3,"ادارة الاسطول",209,Governance/activation_patterns.php,"أنماط التفعيل",0,0,0,0,0,0,0,0,0,0,0,0,0,0,0,0,,no_grant
3,"ادارة الاسطول",210,Financing/financiers_registry.php,"سجل الممولين",0,0,0,0,0,0,0,0,0,0,0,0,0,0,0,0,,no_grant
3,"ادارة الاسطول",211,Financing/financing_operation_new.php,"إنشاء عملية تمويل",0,0,0,0,0,0,0,0,0,0,0,0,0,0,0,0,,no_grant
3,"ادارة الاسطول",212,Reports/approval_lag_report.php,"الاعتمادات المتأخرة والوثائق",0,0,0,0,0,0,0,0,0,0,0,0,0,0,0,0,,no_grant
3,"ادارة الاسطول",213,Governance/ownership_grants.php,"منح المجال المقيَّد",0,0,0,0,0,0,0,0,0,0,0,0,0,0,0,0,,no_grant
3,"ادارة الاسطول",214,Financing/financing_board.php,"لوحة إدارة التمويل",0,0,0,0,0,0,0,0,0,0,0,0,0,0,0,0,,no_grant
3,"ادارة الاسطول",215,admin/ops_manager_board.php,"لوحة مدير التشغيل",0,0,0,0,0,0,0,0,0,0,0,0,0,0,0,0,,no_grant
3,"ادارة الاسطول",216,admin/org_assignments.php,"التكليفات التنظيمية",0,0,0,0,0,0,0,0,0,0,0,0,0,0,0,0,,no_grant
3,"ادارة الاسطول",217,admin/org_structure.php,"الهيكل التنظيمي",0,0,0,0,0,0,0,0,0,0,0,0,0,0,0,0,,no_grant
3,"ادارة الاسطول",218,admin/org_permits.php,"أذونات المواقع",0,0,0,0,0,0,0,0,0,0,0,0,0,0,0,0,,no_grant
3,"ادارة الاسطول",222,admin/sec_governance.php,"مركز حوكمة الصلاحيات",0,0,0,0,0,0,0,0,0,0,0,0,0,0,0,0,,no_grant
3,"ادارة الاسطول",223,admin/sec_employee_wizard.php,"معالج إعداد الموظف",0,0,0,0,0,0,0,0,0,0,0,0,0,0,0,0,,no_grant
3,"ادارة الاسطول",225,Tickets/ticket_workstreams_board.php,"لوحة مسارات البلاغات",0,0,0,0,0,0,0,0,0,0,0,0,0,0,0,0,,no_grant
3,"ادارة الاسطول",226,Tickets/watchtower.php,"برج المراقبة",0,0,0,0,0,0,0,0,0,0,0,0,0,0,0,0,,no_grant
3,"ادارة الاسطول",227,Tickets/ticket_contextual_open.php,"بلاغ سياقي جديد",1,1,1,1,0,1,0,0,0,0,0,0,1,1,0,0,company,derived_from_4flags
3,"ادارة الاسطول",228,main/my_workspace.php,"مساحة عملي",1,1,1,0,0,0,0,0,0,0,0,0,1,1,0,0,company,derived_from_4flags
4,"ادارة الموارد البشرية",1,Clients/clients.php,العملاء,1,1,1,1,1,1,1,0,0,0,0,1,1,1,0,0,company,derived_from_4flags
4,"ادارة الموارد البشرية",2,Projects/projects.php,المشاريع,1,1,1,1,1,1,1,0,0,0,0,1,1,1,0,0,company,derived_from_4flags
4,"ادارة الموارد البشرية",3,main/users.php,الصلاحيات,1,1,1,1,1,1,1,0,0,0,0,1,1,1,0,0,company,derived_from_4flags
4,"ادارة الموارد البشرية",4,Reports/reports.php,"مركز التقارير",1,1,1,1,1,1,1,0,0,0,0,1,1,1,0,0,company,derived_from_4flags
4,"ادارة الموارد البشرية",5,Equipments/equipments_types.php,"أنواع المعدات",1,1,1,1,1,1,1,0,0,0,0,1,1,1,0,0,company,derived_from_4flags
4,"ادارة الموارد البشرية",6,Reports/reports.php,"مركز التقارير",1,1,1,1,1,1,1,0,0,0,0,1,1,1,0,0,company,derived_from_4flags
4,"ادارة الموارد البشرية",7,Employees/employees.php,الموظفون,1,1,1,1,1,1,1,0,0,0,0,1,1,1,0,0,company,derived_from_4flags
4,"ادارة الموارد البشرية",8,Equipments/equipments_fleet.php,المعدات,1,1,1,1,1,1,1,0,0,0,0,1,1,1,0,0,company,derived_from_4flags
4,"ادارة الموارد البشرية",9,Oprators/oprators.php,"شاشة التشغيل",1,1,1,1,1,1,1,0,0,0,0,1,1,1,0,0,company,derived_from_4flags
4,"ادارة الموارد البشرية",10,Timesheet/timesheet_type.php,"تسجيل الوحدات",1,1,1,1,1,1,1,0,0,0,0,1,1,1,0,0,company,derived_from_4flags
4,"ادارة الموارد البشرية",11,Settings/settings.php,الإعدادات,1,1,1,1,1,1,1,0,0,0,0,1,1,1,0,0,company,derived_from_4flags
4,"ادارة الموارد البشرية",12,ActivityLogs/activity_logs.php,"سجل النشاط",1,1,1,1,1,1,1,0,0,0,0,1,1,1,0,0,company,derived_from_4flags
4,"ادارة الموارد البشرية",14,main/project_users.php,"مشرفو الموردين",1,1,1,1,1,1,1,0,0,0,0,1,1,1,0,0,company,derived_from_4flags
4,"ادارة الموارد البشرية",15,main/project_users.php,المشرفين,1,1,1,1,1,1,1,0,0,0,0,1,1,1,0,0,company,derived_from_4flags
4,"ادارة الموارد البشرية",16,main/project_users.php,المشرفين,1,1,1,1,1,1,1,0,0,0,0,1,1,1,0,0,company,derived_from_4flags
4,"ادارة الموارد البشرية",17,main/project_users.php,"إدارة المعاونين",1,1,1,1,1,1,1,0,0,0,0,1,1,1,0,0,company,derived_from_4flags
4,"ادارة الموارد البشرية",18,main/project_users.php,المشرفين,1,1,1,1,1,1,1,0,0,0,0,1,1,1,0,0,company,derived_from_4flags
4,"ادارة الموارد البشرية",20,Contracts/contracts.php,العقود,1,1,1,1,1,1,1,0,0,0,0,1,1,1,0,0,company,derived_from_4flags
4,"ادارة الموارد البشرية",21,Contracts/contracts_details.php,"ملف عقد المشروع",1,1,1,1,1,1,1,0,0,0,0,1,1,1,0,0,company,derived_from_4flags
4,"ادارة الموارد البشرية",22,Suppliers/suppliers.php,الموردون,1,1,1,1,1,1,1,0,0,0,0,1,1,1,0,0,company,derived_from_4flags
4,"ادارة الموارد البشرية",23,Oprators/select_project.php,التشغيل,1,1,1,1,1,1,1,0,0,0,0,1,1,1,0,0,company,derived_from_4flags
4,"ادارة الموارد البشرية",24,Settings/settings.php,الإعدادات,1,1,1,1,1,1,1,0,0,0,0,1,1,1,0,0,company,derived_from_4flags
4,"ادارة الموارد البشرية",25,Suppliers/supplierscontracts.php,"عقود الموردين",1,1,1,1,1,1,1,0,0,0,0,1,1,1,0,0,company,derived_from_4flags
4,"ادارة الموارد البشرية",26,Suppliers/supplierscontracts_details.php,"ملف عقد المورد",1,1,1,1,1,1,1,0,0,0,0,1,1,1,0,0,company,derived_from_4flags
4,"ادارة الموارد البشرية",27,Equipments/equipments_drivers.php,المعدات,1,1,1,1,1,1,1,0,0,0,0,1,1,1,0,0,company,derived_from_4flags
4,"ادارة الموارد البشرية",28,Reports/reports.php,"مركز التقارير",0,0,0,0,0,0,0,0,0,0,0,0,0,0,0,0,,no_grant
4,"ادارة الموارد البشرية",29,movement/project_drivers.php,"توزيع المشغّلين",0,0,0,0,0,0,0,0,0,0,0,0,0,0,0,0,,no_grant
4,"ادارة الموارد البشرية",30,movement/movement_operations.php,الورديات,0,0,0,0,0,0,0,0,0,0,0,0,0,0,0,0,,no_grant
4,"ادارة الموارد البشرية",31,Reports/reports.php,"مركز التقارير",0,0,0,0,0,0,0,0,0,0,0,0,0,0,0,0,,no_grant
4,"ادارة الموارد البشرية",32,Reports/reports.php,"مركز التقارير",0,0,0,0,0,0,0,0,0,0,0,0,0,0,0,0,,no_grant
4,"ادارة الموارد البشرية",34,movement/map_page.php,"متابعة المشروع",0,0,0,0,0,0,0,0,0,0,0,0,0,0,0,0,,no_grant
4,"ادارة الموارد البشرية",35,Clients/clients.php,العملاء,0,0,0,0,0,0,0,0,0,0,0,0,0,0,0,0,,no_grant
4,"ادارة الموارد البشرية",36,Projects/projects.php,المشاريع,0,0,0,0,0,0,0,0,0,0,0,0,0,0,0,0,,no_grant
4,"ادارة الموارد البشرية",37,Contracts/contracts.php,العقود,0,0,0,0,0,0,0,0,0,0,0,0,0,0,0,0,,no_grant
4,"ادارة الموارد البشرية",38,Equipments/manage_failure_codes.php,"تصنيفات الأعطال",0,0,0,0,0,0,0,0,0,0,0,0,0,0,0,0,,no_grant
4,"ادارة الموارد البشرية",40,Equipments/fleet_models.php,"الأنواع والموديلات",1,1,1,1,1,1,1,0,0,0,0,1,1,1,0,0,company,derived_from_4flags
4,"ادارة الموارد البشرية",41,Equipments/fleet_depreciation_profiles.php,"إعداد الإهلاك",1,1,1,1,1,1,1,0,0,0,0,1,1,1,0,0,company,derived_from_4flags
4,"ادارة الموارد البشرية",42,Maintenance/breakdowns.php,"البلاغات (غير مفعّلة)",0,0,0,0,0,0,0,0,0,0,0,0,0,0,0,0,,no_grant
4,"ادارة الموارد البشرية",43,Maintenance/orders.php,"أوامر الصيانة",0,0,0,0,0,0,0,0,0,0,0,0,0,0,0,0,,no_grant
4,"ادارة الموارد البشرية",44,Maintenance/inspections.php,"الفحص الفني اليومي",0,0,0,0,0,0,0,0,0,0,0,0,0,0,0,0,,no_grant
4,"ادارة الموارد البشرية",45,Maintenance/preventive_plans.php,"الصيانة الوقائية",0,0,0,0,0,0,0,0,0,0,0,0,0,0,0,0,,no_grant
4,"ادارة الموارد البشرية",46,Maintenance/master_data.php,"إعدادات الصيانة",0,0,0,0,0,0,0,0,0,0,0,0,0,0,0,0,,no_grant
4,"ادارة الموارد البشرية",47,Workforce/worker_register.php,"السجل التشغيلي للعامل",1,1,1,1,1,1,1,0,0,0,0,1,1,1,0,0,company,derived_from_4flags
4,"ادارة الموارد البشرية",48,Workforce/worker_contract.php,"عقود العاملين",1,1,1,1,1,1,1,0,0,0,0,1,1,1,0,0,company,derived_from_4flags
4,"ادارة الموارد البشرية",50,Workforce/worker_leave_absence.php,"الإجازات والغياب",1,1,1,1,1,1,1,0,0,0,0,1,1,1,0,0,company,derived_from_4flags
4,"ادارة الموارد البشرية",51,Workforce/worker_movement.php,"تنقلات العاملين",1,1,1,1,1,1,1,0,0,0,0,1,1,1,0,0,company,derived_from_4flags
4,"ادارة الموارد البشرية",52,Workforce/housing_units.php,"السكن والإعاشة",1,1,1,1,1,1,1,0,0,0,0,1,1,1,0,0,company,derived_from_4flags
4,"ادارة الموارد البشرية",53,Workforce/worker_evaluation.php,"تقييم الأداء",1,1,1,1,1,1,1,0,0,0,0,1,1,1,0,0,company,derived_from_4flags
4,"ادارة الموارد البشرية",54,Workforce/worker_settlement.php,"تسويات العاملين",1,1,1,0,0,0,0,0,0,0,0,0,1,1,0,0,company,derived_from_4flags
4,"ادارة الموارد البشرية",55,Workforce/workforce_requirement.php,"احتياج القوى والتخطيط",1,1,1,1,1,1,1,0,0,0,0,1,1,1,0,0,company,derived_from_4flags
4,"ادارة الموارد البشرية",56,Workforce/worker_worklog.php,"سجل الأحداث التشغيلية",1,1,1,0,0,0,0,0,0,0,0,0,1,1,0,0,company,derived_from_4flags
4,"ادارة الموارد البشرية",57,Employees/job_titles.php,"المسميات الوظيفية",1,1,1,1,1,1,1,0,0,0,0,1,1,1,0,0,company,derived_from_4flags
4,"ادارة الموارد البشرية",58,Employees/employee_roles.php,"الأدوار الوظيفية",1,1,1,1,1,1,1,0,0,0,0,1,1,1,0,0,company,derived_from_4flags
4,"ادارة الموارد البشرية",59,Employees/equipment_operators.php,"المشغّلون والسائقون",1,1,1,1,1,1,1,0,0,0,0,1,1,1,0,0,company,derived_from_4flags
4,"ادارة الموارد البشرية",60,main/users.php,"إدارة المستخدمين",0,0,0,0,0,0,0,0,0,0,0,0,0,0,0,0,,no_grant
4,"ادارة الموارد البشرية",61,main/all_assistants.php,المعاونون,0,0,0,0,0,0,0,0,0,0,0,0,0,0,0,0,,no_grant
4,"ادارة الموارد البشرية",62,Employees/employee_contracts.php,"عقود الموظفين",1,1,1,1,1,1,1,0,0,0,0,1,1,1,0,0,company,derived_from_4flags
4,"ادارة الموارد البشرية",63,Employees/employee_contracts_details.php,"ملف عقد الموظف",1,1,1,0,0,0,0,0,0,0,0,0,1,1,0,0,company,derived_from_4flags
4,"ادارة الموارد البشرية",64,Employees/employee_profile.php,"بطاقة الموظف",1,1,1,0,0,0,0,0,0,0,0,0,1,1,0,0,company,derived_from_4flags
4,"ادارة الموارد البشرية",65,Employees/showcontractemployee.php,"عرض عقد الموظف",1,1,1,0,0,0,0,0,0,0,0,0,1,1,0,0,company,derived_from_4flags
4,"ادارة الموارد البشرية",66,Opportunities/opportunities.php,"الفرص البيعية",0,0,0,0,0,0,0,0,0,0,0,0,0,0,0,0,,no_grant
4,"ادارة الموارد البشرية",67,Procurement/dashboard_proc.php,"لوحة المشتريات",0,0,0,0,0,0,0,0,0,0,0,0,0,0,0,0,,no_grant
4,"ادارة الموارد البشرية",68,Procurement/items_proc.php,"كتالوج الأصناف",0,0,0,0,0,0,0,0,0,0,0,0,0,0,0,0,,no_grant
4,"ادارة الموارد البشرية",69,Procurement/requests_proc.php,"طلبات الشراء",0,0,0,0,0,0,0,0,0,0,0,0,0,0,0,0,,no_grant
4,"ادارة الموارد البشرية",70,Procurement/orders_proc.php,"أوامر الشراء",0,0,0,0,0,0,0,0,0,0,0,0,0,0,0,0,,no_grant
4,"ادارة الموارد البشرية",71,Procurement/receipt_custody_proc.php,"الاستلام المؤقت",0,0,0,0,0,0,0,0,0,0,0,0,0,0,0,0,,no_grant
4,"ادارة الموارد البشرية",72,Procurement/stock_proc.php,المخزون,0,0,0,0,0,0,0,0,0,0,0,0,0,0,0,0,,no_grant
4,"ادارة الموارد البشرية",73,Procurement/issue_proc.php,"صرف المخزون والعهدة",0,0,0,0,0,0,0,0,0,0,0,0,0,0,0,0,,no_grant
4,"ادارة الموارد البشرية",74,Procurement/reordering_proc.php,"حدود إعادة الطلب",0,0,0,0,0,0,0,0,0,0,0,0,0,0,0,0,,no_grant
4,"ادارة الموارد البشرية",75,Procurement/suppliers_proc.php,"موردو المشتريات",0,0,0,0,0,0,0,0,0,0,0,0,0,0,0,0,,no_grant
4,"ادارة الموارد البشرية",76,Procurement/master_data_proc.php,"البيانات المرجعية",0,0,0,0,0,0,0,0,0,0,0,0,0,0,0,0,,no_grant
4,"ادارة الموارد البشرية",77,Clients/activities.php,"أنشطة العملاء",0,0,0,0,0,0,0,0,0,0,0,0,0,0,0,0,,no_grant
4,"ادارة الموارد البشرية",78,Clients/commercial_risks.php,"المخاطر التجارية",0,0,0,0,0,0,0,0,0,0,0,0,0,0,0,0,,no_grant
4,"ادارة الموارد البشرية",79,Clients/tenders.php,المناقصات,0,0,0,0,0,0,0,0,0,0,0,0,0,0,0,0,,no_grant
4,"ادارة الموارد البشرية",80,Clients/quotations.php,"عروض الأسعار",0,0,0,0,0,0,0,0,0,0,0,0,0,0,0,0,,no_grant
4,"ادارة الموارد البشرية",81,Clients/pricelists.php,"قوائم ونماذج التسعير",0,0,0,0,0,0,0,0,0,0,0,0,0,0,0,0,,no_grant
4,"ادارة الموارد البشرية",82,Clients/products.php,"كتالوج المنتجات والخدمات",0,0,0,0,0,0,0,0,0,0,0,0,0,0,0,0,,no_grant
4,"ادارة الموارد البشرية",83,Clients/units_of_measure.php,"وحدات القياس",0,0,0,0,0,0,0,0,0,0,0,0,0,0,0,0,,no_grant
4,"ادارة الموارد البشرية",84,Clients/contract_amendments.php,"ملاحق العقود وتجديداتها",0,0,0,0,0,0,0,0,0,0,0,0,0,0,0,0,,no_grant
4,"ادارة الموارد البشرية",85,Clients/contract_events.php,"سجل حركة العقد",0,0,0,0,0,0,0,0,0,0,0,0,0,0,0,0,,no_grant
4,"ادارة الموارد البشرية",86,Finance/events_list_fin.php,"المعاملات المالية",0,0,0,0,0,0,0,0,0,0,0,0,0,0,0,0,,no_grant
4,"ادارة الموارد البشرية",87,Finance/accounts_fin.php,"دليل الحسابات",0,0,0,0,0,0,0,0,0,0,0,0,0,0,0,0,,no_grant
4,"ادارة الموارد البشرية",88,Finance/journal_form_fin.php,"القيود اليومية",0,0,0,0,0,0,0,0,0,0,0,0,0,0,0,0,,no_grant
4,"ادارة الموارد البشرية",89,Finance/budget_form_fin.php,"الميزانية والانحراف",1,1,1,1,1,1,1,0,0,0,0,0,1,1,0,0,company,derived_from_4flags
4,"ادارة الموارد البشرية",90,Finance/dues_fin.php,"الذمم والتحصيل",1,1,1,0,0,0,0,0,0,0,0,0,1,1,0,0,company,derived_from_4flags
4,"ادارة الموارد البشرية",91,Finance/payments_fin.php,"المدفوعات والخزينة",0,0,0,0,0,0,0,0,0,0,0,0,0,0,0,0,,no_grant
4,"ادارة الموارد البشرية",92,Finance/cost_report_fin.php,"التكاليف والربحية",0,0,0,0,0,0,0,0,0,0,0,0,0,0,0,0,,no_grant
4,"ادارة الموارد البشرية",93,Finance/periods_fin.php,"إقفال الفترات",0,0,0,0,0,0,0,0,0,0,0,0,0,0,0,0,,no_grant
4,"ادارة الموارد البشرية",94,Finance/funding_fin.php,"التمويل والالتزامات",0,0,0,0,0,0,0,0,0,0,0,0,0,0,0,0,,no_grant
4,"ادارة الموارد البشرية",95,Finance/cash_forecast_fin.php,"السيولة والتنبؤ النقدي",0,0,0,0,0,0,0,0,0,0,0,0,0,0,0,0,,no_grant
4,"ادارة الموارد البشرية",96,Finance/management_accounting_fin.php,"المحاسبة الإدارية",0,0,0,0,0,0,0,0,0,0,0,0,0,0,0,0,,no_grant
4,"ادارة الموارد البشرية",97,Finance/accountants_fin.php,"المحاسبون والوحدات",0,0,0,0,0,0,0,0,0,0,0,0,0,0,0,0,,no_grant
4,"ادارة الموارد البشرية",98,Finance/import_events_fin.php,"استقبال معاملات الإدارات",0,0,0,0,0,0,0,0,0,0,0,0,0,0,0,0,,no_grant
4,"ادارة الموارد البشرية",99,Finance/executive_dashboard_fin.php,"اللوحة التنفيذية",0,0,0,0,0,0,0,0,0,0,0,0,0,0,0,0,,no_grant
4,"ادارة الموارد البشرية",100,Finance/financial_statements_fin.php,"القوائم المالية",0,0,0,0,0,0,0,0,0,0,0,0,0,0,0,0,,no_grant
4,"ادارة الموارد البشرية",101,Finance/assets_fin.php,"الأصول والإهلاك",0,0,0,0,0,0,0,0,0,0,0,0,0,0,0,0,,no_grant
4,"ادارة الموارد البشرية",102,Finance/tax_fin.php,"الضرائب والقيمة المضافة",0,0,0,0,0,0,0,0,0,0,0,0,0,0,0,0,,no_grant
4,"ادارة الموارد البشرية",103,Finance/bank_reconciliation_fin.php,"المطابقة البنكية",0,0,0,0,0,0,0,0,0,0,0,0,0,0,0,0,,no_grant
4,"ادارة الموارد البشرية",104,Finance/cfo_daily_board_fin.php,"لوحة المدير المالي",0,0,0,0,0,0,0,0,0,0,0,0,0,0,0,0,,no_grant
4,"ادارة الموارد البشرية",105,Finance/unit_records_fin.php,"وحدات الأطراف",0,0,0,0,0,0,0,0,0,0,0,0,0,0,0,0,,no_grant
4,"ادارة الموارد البشرية",106,Finance/supplier_statement_fin.php,"كشف حساب المورد",0,0,0,0,0,0,0,0,0,0,0,0,0,0,0,0,,no_grant
4,"ادارة الموارد البشرية",107,main/project_users.php,المعاونين,0,0,0,0,0,0,0,0,0,0,0,0,0,0,0,0,,no_grant
4,"ادارة الموارد البشرية",108,Transport/transfer_types_config.php,"إعدادات الترحيل",0,0,0,0,0,0,0,0,0,0,0,0,0,0,0,0,,no_grant
4,"ادارة الموارد البشرية",109,Transport/transfer_cost_rules_config.php,"قواعد تحميل تكلفة الترحيل",0,0,0,0,0,0,0,0,0,0,0,0,0,0,0,0,,no_grant
4,"ادارة الموارد البشرية",110,Transport/trs_locations_config.php,المواقع,0,0,0,0,0,0,0,0,0,0,0,0,0,0,0,0,,no_grant
4,"ادارة الموارد البشرية",111,Transport/transfer_requests.php,"موافقات الترحيل",0,0,0,0,0,0,0,0,0,0,0,0,0,0,0,0,,no_grant
4,"ادارة الموارد البشرية",112,Transport/transfer_orders_list.php,"أوامر الترحيل",0,0,0,0,0,0,0,0,0,0,0,0,0,0,0,0,,no_grant
4,"ادارة الموارد البشرية",113,Transport/transfer_dashboard.php,"لوحة الرحلات",0,0,0,0,0,0,0,0,0,0,0,0,0,0,0,0,,no_grant
4,"ادارة الموارد البشرية",114,FinRequests/request_form.php,"طلب مالي جديد",1,1,1,1,1,1,1,0,0,0,0,0,1,1,0,0,company,derived_from_4flags
4,"ادارة الموارد البشرية",115,FinRequests/my_requests.php,"طلباتي المالية",1,1,1,0,0,0,0,0,0,0,0,0,1,1,0,0,company,derived_from_4flags
4,"ادارة الموارد البشرية",116,FinRequests/dept_inbox.php,"موافقات إدارتي",1,1,1,0,1,0,1,0,0,0,0,0,1,1,0,0,company,derived_from_4flags
4,"ادارة الموارد البشرية",117,FinRequests/accountant_desk.php,"مكتب المحاسب",0,0,0,0,0,0,0,0,0,0,0,0,0,0,0,0,,no_grant
4,"ادارة الموارد البشرية",118,FinRequests/finance_gateway.php,"الطلبات المالية",0,0,0,0,0,0,0,0,0,0,0,0,0,0,0,0,,no_grant
4,"ادارة الموارد البشرية",119,FinRequests/effect_map.php,"سجل الحركة المالية",0,0,0,0,0,0,0,0,0,0,0,0,0,0,0,0,,no_grant
4,"ادارة الموارد البشرية",120,FinRequests/routing_admin.php,"قواعد توجيه الطلبات",0,0,0,0,0,0,0,0,0,0,0,0,0,0,0,0,,no_grant
4,"ادارة الموارد البشرية",121,FinRequests/cycle_time_board.php,"زمن دورة الطلبات",0,0,0,0,0,0,0,0,0,0,0,0,0,0,0,0,,no_grant
4,"ادارة الموارد البشرية",122,FinRequests/requests_reports.php,"تقارير الطلبات المالية",0,0,0,0,0,0,0,0,0,0,0,0,0,0,0,0,,no_grant
4,"ادارة الموارد البشرية",123,Settings/role_permissions.php,"صلاحيات الأدوار",0,0,0,0,0,0,0,0,0,0,0,0,0,0,0,0,,no_grant
4,"ادارة الموارد البشرية",124,Settings/roles.php,الأدوار,0,0,0,0,0,0,0,0,0,0,0,0,0,0,0,0,,no_grant
4,"ادارة الموارد البشرية",125,Finance/variance_monitor_fin.php,"متابعة الانحراف",0,0,0,0,0,0,0,0,0,0,0,0,0,0,0,0,,no_grant
4,"ادارة الموارد البشرية",126,Finance/maintenance_provision_fin.php,"قواعد مخصص الصيانة",0,0,0,0,0,0,0,0,0,0,0,0,0,0,0,0,,no_grant
4,"ادارة الموارد البشرية",127,Clients/contract_commitments.php,"التزامات العقود",0,0,0,0,0,0,0,0,0,0,0,0,0,0,0,0,,no_grant
4,"ادارة الموارد البشرية",128,Finance/operator_pay_fin.php,"قواعد مستحقات المشغّلين",0,0,0,0,0,0,0,0,0,0,0,0,0,0,0,0,,no_grant
4,"ادارة الموارد البشرية",129,Clients/readiness_lines.php,"جاهزية العروض",0,0,0,0,0,0,0,0,0,0,0,0,0,0,0,0,,no_grant
4,"ادارة الموارد البشرية",130,Tickets/ticket_types_config.php,"إعداد أنواع البلاغات",0,0,0,0,0,0,0,0,0,0,0,0,0,0,0,0,,no_grant
4,"ادارة الموارد البشرية",131,Tickets/ticket_categories_config.php,"تصنيفات الأعطال والبلاغات",0,0,0,0,0,0,0,0,0,0,0,0,0,0,0,0,,no_grant
4,"ادارة الموارد البشرية",132,Tickets/tickets_list.php,البلاغات,0,0,0,0,0,0,0,0,0,0,0,0,0,0,0,0,,no_grant
4,"ادارة الموارد البشرية",133,Tickets/ticket_form.php,"تسجيل بلاغ",0,0,0,0,0,0,0,0,0,0,0,0,0,0,0,0,,no_grant
4,"ادارة الموارد البشرية",134,Tickets/ticket_sla_config.php,"أزمنة الاستجابة والإنجاز",0,0,0,0,0,0,0,0,0,0,0,0,0,0,0,0,,no_grant
4,"ادارة الموارد البشرية",135,Tickets/ticket_escalation_config.php,"سلّم التصعيد",0,0,0,0,0,0,0,0,0,0,0,0,0,0,0,0,,no_grant
4,"ادارة الموارد البشرية",136,Tickets/ticket_recurrence.php,"البلاغات الدورية",0,0,0,0,0,0,0,0,0,0,0,0,0,0,0,0,,no_grant
4,"ادارة الموارد البشرية",137,Tickets/ticket_dashboard.php,"أداء البلاغات",0,0,0,0,0,0,0,0,0,0,0,0,0,0,0,0,,no_grant
4,"ادارة الموارد البشرية",138,Maintenance/dashboard_mnt.php,"لوحة إدارة الصيانة",0,0,0,0,0,0,0,0,0,0,0,0,0,0,0,0,,no_grant
4,"ادارة الموارد البشرية",139,main/role_board.php,"لوحة الدور",1,1,1,0,0,0,0,0,0,0,0,0,1,1,0,0,company,derived_from_4flags
4,"ادارة الموارد البشرية",140,Finance/operator_pay_policies_fin.php,"سياسات مستحقات المشغّلين",0,0,0,0,0,0,0,0,0,0,0,0,0,0,0,0,,no_grant
4,"ادارة الموارد البشرية",141,Equipments/equipment_documents.php,"وثائق المعدات والمشغّلين",1,1,1,1,1,1,1,0,0,0,0,0,1,1,0,0,company,derived_from_4flags
4,"ادارة الموارد البشرية",142,Contracts/claims.php,المستخلصات,0,0,0,0,0,0,0,0,0,0,0,0,0,0,0,0,,no_grant
4,"ادارة الموارد البشرية",143,Finance/currencies_fin.php,"العملات وأسعار الصرف",0,0,0,0,0,0,0,0,0,0,0,0,0,0,0,0,,no_grant
4,"ادارة الموارد البشرية",144,Suppliers/settlements.php,"تسويات الموردين",0,0,0,0,0,0,0,0,0,0,0,0,0,0,0,0,,no_grant
4,"ادارة الموارد البشرية",145,Contracts/contract_obligations.php,"مصفوفة التزامات العقد",0,0,0,0,0,0,0,0,0,0,0,0,0,0,0,0,,no_grant
4,"ادارة الموارد البشرية",146,Approvals/attribution_board.php,"لوحة الإسناد اليومي",0,0,0,0,0,0,0,0,0,0,0,0,0,0,0,0,,no_grant
4,"ادارة الموارد البشرية",147,Contracts/penalties.php,"احتساب الجزاءات والحوافز",0,0,0,0,0,0,0,0,0,0,0,0,0,0,0,0,,no_grant
4,"ادارة الموارد البشرية",148,Workforce/employee_settlements.php,"تسويات الموظفين",1,1,1,1,0,1,0,0,0,0,0,0,1,1,0,0,company,derived_from_4flags
4,"ادارة الموارد البشرية",149,Operations/containers.php,"حاويات العقود",0,0,0,0,0,0,0,0,0,0,0,0,0,0,0,0,,no_grant
4,"ادارة الموارد البشرية",150,Projects/sites.php,"مواقع التنفيذ",0,0,0,0,0,0,0,0,0,0,0,0,0,0,0,0,,no_grant
4,"ادارة الموارد البشرية",151,Workforce/contract_registry.php,"سجل العقود الموحّد",1,1,1,1,1,1,1,0,0,0,0,0,1,1,0,0,company,derived_from_4flags
4,"ادارة الموارد البشرية",152,Operations/daily_plan.php,"خطة عمل الغد",0,0,0,0,0,0,0,0,0,0,0,0,0,0,0,0,,no_grant
4,"ادارة الموارد البشرية",153,Suppliers/supplier_contract_lines.php,"بنود عقد المورد",0,0,0,0,0,0,0,0,0,0,0,0,0,0,0,0,,no_grant
4,"ادارة الموارد البشرية",154,Contracts/price_terms.php,"شروط تعديل السعر",0,0,0,0,0,0,0,0,0,0,0,0,0,0,0,0,,no_grant
4,"ادارة الموارد البشرية",155,Equipments/meter_readings.php,"قراءات العدّادات",0,0,0,0,0,0,0,0,0,0,0,0,0,0,0,0,,no_grant
4,"ادارة الموارد البشرية",156,Workforce/payroll_runs.php,"مسيّر الرواتب",1,1,1,1,1,1,1,0,0,0,0,0,1,1,0,0,company,derived_from_4flags
4,"ادارة الموارد البشرية",157,Workforce/employee_advances.php,"سلفيات الموظفين",1,1,1,1,1,1,1,0,0,0,0,0,1,1,0,0,company,derived_from_4flags
4,"ادارة الموارد البشرية",158,Suppliers/supplier_advances.php,"سلفيات الموردين",0,0,0,0,0,0,0,0,0,0,0,0,0,0,0,0,,no_grant
4,"ادارة الموارد البشرية",159,Suppliers/supplier_rules.php,"قواعد تحميل المورد وجزاءاته",0,0,0,0,0,0,0,0,0,0,0,0,0,0,0,0,,no_grant
4,"ادارة الموارد البشرية",160,Suppliers/supplier_capacity.php,"الطاقة والجاهزية ومهلة الإحلال",0,0,0,0,0,0,0,0,0,0,0,0,0,0,0,0,,no_grant
4,"ادارة الموارد البشرية",161,Suppliers/supplier_evaluation.php,"تقييم المورد الدوري",0,0,0,0,0,0,0,0,0,0,0,0,0,0,0,0,,no_grant
4,"ادارة الموارد البشرية",162,Suppliers/supplier_closure.php,"تصفية إنهاء عقد المورد",0,0,0,0,0,0,0,0,0,0,0,0,0,0,0,0,,no_grant
4,"ادارة الموارد البشرية",163,Suppliers/supplier_documents.php,"وثائق المورد وحسابه البنكي",0,0,0,0,0,0,0,0,0,0,0,0,0,0,0,0,,no_grant
4,"ادارة الموارد البشرية",164,Contracts/tax_invoices.php,"الفاتورة الضريبية",0,0,0,0,0,0,0,0,0,0,0,0,0,0,0,0,,no_grant
4,"ادارة الموارد البشرية",165,Contracts/client_statement.php,"كشف حساب العميل",0,0,0,0,0,0,0,0,0,0,0,0,0,0,0,0,,no_grant
4,"ادارة الموارد البشرية",166,Contracts/collections.php,"الذمم والتحصيل",0,0,0,0,0,0,0,0,0,0,0,0,0,0,0,0,,no_grant
4,"ادارة الموارد البشرية",167,Workforce/final_settlement.php,"تصفية إنهاء خدمة الموظف",1,1,1,1,0,1,0,0,0,0,0,0,1,1,0,0,company,derived_from_4flags
4,"ادارة الموارد البشرية",168,Transport/transfer_tariffs.php,"تعرفة الترحيل وتسعير الأوامر",0,0,0,0,0,0,0,0,0,0,0,0,0,0,0,0,,no_grant
4,"ادارة الموارد البشرية",169,Finance/periodic_events_fin.php,"الدوريات المالية",0,0,0,0,0,0,0,0,0,0,0,0,0,0,0,0,,no_grant
4,"ادارة الموارد البشرية",171,Suppliers/rfq_requests.php,"طلبات عروض الموردين",0,0,0,0,0,0,0,0,0,0,0,0,0,0,0,0,,no_grant
4,"ادارة الموارد البشرية",172,Contracts/contract_sites.php,"نطاقات العقد التشغيلية",0,0,0,0,0,0,0,0,0,0,0,0,0,0,0,0,,no_grant
4,"ادارة الموارد البشرية",173,Contracts/contract_lines.php,"بنود عقد العميل وقيمته",0,0,0,0,0,0,0,0,0,0,0,0,0,0,0,0,,no_grant
4,"ادارة الموارد البشرية",174,Contracts/contract_monthly_plan.php,"الجدول الشهري للعقد",0,0,0,0,0,0,0,0,0,0,0,0,0,0,0,0,,no_grant
4,"ادارة الموارد البشرية",175,Contracts/contract_resource_plan.php,"خطة موارد العقد",0,0,0,0,0,0,0,0,0,0,0,0,0,0,0,0,,no_grant
4,"ادارة الموارد البشرية",176,Contracts/contract_payment_schedule.php,"خطة دفع العقد",0,0,0,0,0,0,0,0,0,0,0,0,0,0,0,0,,no_grant
4,"ادارة الموارد البشرية",177,Contracts/contract_guarantees.php,"ضمانات العقد",0,0,0,0,0,0,0,0,0,0,0,0,0,0,0,0,,no_grant
4,"ادارة الموارد البشرية",178,Contracts/plan_actual_link.php,"ربط الخطة بالفعلي",0,0,0,0,0,0,0,0,0,0,0,0,0,0,0,0,,no_grant
4,"ادارة الموارد البشرية",179,Contracts/contract_baseline.php,"خط أساس العقد",0,0,0,0,0,0,0,0,0,0,0,0,0,0,0,0,,no_grant
4,"ادارة الموارد البشرية",180,Contracts/contract_lifecycle.php,"اقتصاد دورة حياة العقد",0,0,0,0,0,0,0,0,0,0,0,0,0,0,0,0,,no_grant
4,"ادارة الموارد البشرية",181,Contracts/commercial_board.php,"اللوحة التجارية للعقود",0,0,0,0,0,0,0,0,0,0,0,0,0,0,0,0,,no_grant
4,"ادارة الموارد البشرية",182,user_capacities.php,"صفاتي ومبدّل المساحة",1,1,1,0,0,0,0,0,0,0,0,0,1,1,0,0,company,derived_from_4flags
4,"ادارة الموارد البشرية",183,Portal/visibility_keys.php,"مفاتيح الظهور",1,1,1,0,1,0,1,0,0,0,0,0,1,1,0,0,company,derived_from_4flags
4,"ادارة الموارد البشرية",184,Portal/portal_elements.php,"مكوّنات البوابة",1,1,1,0,0,0,0,0,0,0,0,0,1,1,0,0,company,derived_from_4flags
4,"ادارة الموارد البشرية",185,Portal/visibility_simulator.php,"من يرى ماذا (محاكاة)",1,1,1,0,0,0,0,0,0,0,0,0,1,1,0,0,company,derived_from_4flags
4,"ادارة الموارد البشرية",186,Portal/visibility_audit.php,"سجل تدقيق الظهور",1,1,1,0,0,0,0,0,0,0,0,0,1,1,0,0,company,derived_from_4flags
4,"ادارة الموارد البشرية",187,Portal/my_portal.php,بوابتي,1,1,1,0,0,0,0,0,0,0,0,0,1,1,0,0,company,derived_from_4flags
4,"ادارة الموارد البشرية",188,Portal/my_achievement.php,إنجازي,1,1,1,0,0,0,0,0,0,0,0,0,1,1,0,0,company,derived_from_4flags
4,"ادارة الموارد البشرية",189,Portal/my_evaluation.php,"التقييم الثنائي",1,1,1,1,0,1,0,0,0,0,0,0,1,1,0,0,company,derived_from_4flags
4,"ادارة الموارد البشرية",190,Portal/my_certificate.php,"شهادة الإنجاز",1,1,1,0,0,0,0,0,0,0,0,0,1,1,0,0,company,derived_from_4flags
4,"ادارة الموارد البشرية",191,Portal/workspace.php,"مساحة العمل",1,1,1,0,0,0,0,0,0,0,0,0,1,1,0,0,company,derived_from_4flags
4,"ادارة الموارد البشرية",192,Finance/approvals_inbox.php,"صندوق الاعتمادات الموحد",0,0,0,0,0,0,0,0,0,0,0,0,0,0,0,0,,no_grant
4,"ادارة الموارد البشرية",193,Operations/operations_room.php,"غرفة عمليات التشغيل",0,0,0,0,0,0,0,0,0,0,0,0,0,0,0,0,,no_grant
4,"ادارة الموارد البشرية",194,Operations/distribution_space.php,"مساحة التوزيع",0,0,0,0,0,0,0,0,0,0,0,0,0,0,0,0,,no_grant
4,"ادارة الموارد البشرية",195,Reports/daily_units_report.php,"سجل الوحدات اليومية",0,0,0,0,0,0,0,0,0,0,0,0,0,0,0,0,,no_grant
4,"ادارة الموارد البشرية",196,Fleet/readiness_board.php,"لوحة الجاهزية",0,0,0,0,0,0,0,0,0,0,0,0,0,0,0,0,,no_grant
4,"ادارة الموارد البشرية",197,Maintenance/failure_report.php,"تقرير الأعطال (التصنيف الموحد)",0,0,0,0,0,0,0,0,0,0,0,0,0,0,0,0,,no_grant
4,"ادارة الموارد البشرية",198,Procurement/supplier_card_proc.php,"بطاقة مورد المشتريات",0,0,0,0,0,0,0,0,0,0,0,0,0,0,0,0,,no_grant
4,"ادارة الموارد البشرية",199,Procurement/warehouse_board.php,"لوحة أمين المستودع",0,0,0,0,0,0,0,0,0,0,0,0,0,0,0,0,,no_grant
4,"ادارة الموارد البشرية",200,Contracts/contract_card.php,"بطاقة العقد الأم",0,0,0,0,0,0,0,0,0,0,0,0,0,0,0,0,,no_grant
4,"ادارة الموارد البشرية",201,Employees/employee_card.php,"بطاقة الموظف",1,1,1,0,0,0,0,0,0,0,0,0,1,1,0,0,company,derived_from_4flags
4,"ادارة الموارد البشرية",202,Reports/margin_report.php,"هامش الواقعة والعقد",0,0,0,0,0,0,0,0,0,0,0,0,0,0,0,0,,no_grant
4,"ادارة الموارد البشرية",203,Reports/exceptions_report.php,"تقرير الاستثناءات",0,0,0,0,0,0,0,0,0,0,0,0,0,0,0,0,,no_grant
4,"ادارة الموارد البشرية",204,Reports/guard_denials_report.php,"تقرير المنع",0,0,0,0,0,0,0,0,0,0,0,0,0,0,0,0,,no_grant
4,"ادارة الموارد البشرية",205,Settings/guard_classification.php,"تصنيف الحمايات",0,0,0,0,0,0,0,0,0,0,0,0,0,0,0,0,,no_grant
4,"ادارة الموارد البشرية",206,Governance/entities_registry.php,"سجل الكيانات",0,0,0,0,0,0,0,0,0,0,0,0,0,0,0,0,,no_grant
4,"ادارة الموارد البشرية",207,Governance/signing_authority.php,"التفويض بالتوقيع",0,0,0,0,0,0,0,0,0,0,0,0,0,0,0,0,,no_grant
4,"ادارة الموارد البشرية",208,Governance/licenses_guarantees.php,"التراخيص والكفالات",0,0,0,0,0,0,0,0,0,0,0,0,0,0,0,0,,no_grant
4,"ادارة الموارد البشرية",209,Governance/activation_patterns.php,"أنماط التفعيل",0,0,0,0,0,0,0,0,0,0,0,0,0,0,0,0,,no_grant
4,"ادارة الموارد البشرية",210,Financing/financiers_registry.php,"سجل الممولين",0,0,0,0,0,0,0,0,0,0,0,0,0,0,0,0,,no_grant
4,"ادارة الموارد البشرية",211,Financing/financing_operation_new.php,"إنشاء عملية تمويل",0,0,0,0,0,0,0,0,0,0,0,0,0,0,0,0,,no_grant
4,"ادارة الموارد البشرية",212,Reports/approval_lag_report.php,"الاعتمادات المتأخرة والوثائق",0,0,0,0,0,0,0,0,0,0,0,0,0,0,0,0,,no_grant
4,"ادارة الموارد البشرية",213,Governance/ownership_grants.php,"منح المجال المقيَّد",0,0,0,0,0,0,0,0,0,0,0,0,0,0,0,0,,no_grant
4,"ادارة الموارد البشرية",214,Financing/financing_board.php,"لوحة إدارة التمويل",0,0,0,0,0,0,0,0,0,0,0,0,0,0,0,0,,no_grant
4,"ادارة الموارد البشرية",215,admin/ops_manager_board.php,"لوحة مدير التشغيل",0,0,0,0,0,0,0,0,0,0,0,0,0,0,0,0,,no_grant
4,"ادارة الموارد البشرية",216,admin/org_assignments.php,"التكليفات التنظيمية",0,0,0,0,0,0,0,0,0,0,0,0,0,0,0,0,,no_grant
4,"ادارة الموارد البشرية",217,admin/org_structure.php,"الهيكل التنظيمي",0,0,0,0,0,0,0,0,0,0,0,0,0,0,0,0,,no_grant
4,"ادارة الموارد البشرية",218,admin/org_permits.php,"أذونات المواقع",0,0,0,0,0,0,0,0,0,0,0,0,0,0,0,0,,no_grant
4,"ادارة الموارد البشرية",222,admin/sec_governance.php,"مركز حوكمة الصلاحيات",0,0,0,0,0,0,0,0,0,0,0,0,0,0,0,0,,no_grant
4,"ادارة الموارد البشرية",223,admin/sec_employee_wizard.php,"معالج إعداد الموظف",0,0,0,0,0,0,0,0,0,0,0,0,0,0,0,0,,no_grant
4,"ادارة الموارد البشرية",225,Tickets/ticket_workstreams_board.php,"لوحة مسارات البلاغات",0,0,0,0,0,0,0,0,0,0,0,0,0,0,0,0,,no_grant
4,"ادارة الموارد البشرية",226,Tickets/watchtower.php,"برج المراقبة",0,0,0,0,0,0,0,0,0,0,0,0,0,0,0,0,,no_grant
4,"ادارة الموارد البشرية",227,Tickets/ticket_contextual_open.php,"بلاغ سياقي جديد",1,1,1,1,0,1,0,0,0,0,0,0,1,1,0,0,company,derived_from_4flags
4,"ادارة الموارد البشرية",228,main/my_workspace.php,"مساحة عملي",1,1,1,0,0,0,0,0,0,0,0,0,1,1,0,0,company,derived_from_4flags
5,"إدارة الموقع",1,Clients/clients.php,العملاء,1,1,1,1,1,1,1,0,0,0,0,1,1,1,0,0,site,derived_from_4flags
5,"إدارة الموقع",2,Projects/projects.php,المشاريع,1,1,1,1,1,1,1,0,0,0,0,1,1,1,0,0,site,derived_from_4flags
5,"إدارة الموقع",3,main/users.php,الصلاحيات,1,1,1,1,1,1,1,0,0,0,0,1,1,1,0,0,site,derived_from_4flags
5,"إدارة الموقع",4,Reports/reports.php,"مركز التقارير",1,1,1,1,1,1,1,0,0,0,0,1,1,1,0,0,site,derived_from_4flags
5,"إدارة الموقع",5,Equipments/equipments_types.php,"أنواع المعدات",1,1,1,1,1,1,1,0,0,0,0,1,1,1,0,0,site,derived_from_4flags
5,"إدارة الموقع",6,Reports/reports.php,"مركز التقارير",1,1,1,1,1,1,1,0,0,0,0,1,1,1,0,0,site,derived_from_4flags
5,"إدارة الموقع",7,Employees/employees.php,الموظفون,1,1,1,1,1,1,1,0,0,0,0,1,1,1,0,0,site,derived_from_4flags
5,"إدارة الموقع",8,Equipments/equipments_fleet.php,المعدات,1,1,1,1,1,1,1,0,0,0,0,1,1,1,0,0,site,derived_from_4flags
5,"إدارة الموقع",9,Oprators/oprators.php,"شاشة التشغيل",1,1,1,1,1,1,1,0,0,0,0,1,1,1,0,0,site,derived_from_4flags
5,"إدارة الموقع",10,Timesheet/timesheet_type.php,"تسجيل الوحدات",1,1,1,1,1,1,1,0,0,0,0,1,1,1,0,0,site,derived_from_4flags
5,"إدارة الموقع",11,Settings/settings.php,الإعدادات,1,1,1,1,1,1,1,0,0,0,0,1,1,1,0,0,site,derived_from_4flags
5,"إدارة الموقع",12,ActivityLogs/activity_logs.php,"سجل النشاط",1,1,1,1,1,1,1,0,0,0,0,1,1,1,0,0,site,derived_from_4flags
5,"إدارة الموقع",14,main/project_users.php,"مشرفو الموردين",1,1,1,1,1,1,1,0,0,0,0,1,1,1,0,0,site,derived_from_4flags
5,"إدارة الموقع",15,main/project_users.php,المشرفين,1,1,1,1,1,1,1,0,0,0,0,1,1,1,0,0,site,derived_from_4flags
5,"إدارة الموقع",16,main/project_users.php,المشرفين,1,1,1,1,1,1,1,0,0,0,0,1,1,1,0,0,site,derived_from_4flags
5,"إدارة الموقع",17,main/project_users.php,"إدارة المعاونين",1,1,1,1,1,1,1,0,0,0,0,1,1,1,0,0,site,derived_from_4flags
5,"إدارة الموقع",18,main/project_users.php,المشرفين,1,1,1,1,1,1,1,0,0,0,0,1,1,1,0,0,site,derived_from_4flags
5,"إدارة الموقع",20,Contracts/contracts.php,العقود,1,1,1,1,1,1,1,0,0,0,0,1,1,1,0,0,site,derived_from_4flags
5,"إدارة الموقع",21,Contracts/contracts_details.php,"ملف عقد المشروع",1,1,1,1,1,1,1,0,0,0,0,1,1,1,0,0,site,derived_from_4flags
5,"إدارة الموقع",22,Suppliers/suppliers.php,الموردون,1,1,1,1,1,1,1,0,0,0,0,1,1,1,0,0,site,derived_from_4flags
5,"إدارة الموقع",23,Oprators/select_project.php,التشغيل,1,1,1,1,1,1,1,0,0,0,0,1,1,1,0,0,site,derived_from_4flags
5,"إدارة الموقع",24,Settings/settings.php,الإعدادات,1,1,1,1,1,1,1,0,0,0,0,1,1,1,0,0,site,derived_from_4flags
5,"إدارة الموقع",25,Suppliers/supplierscontracts.php,"عقود الموردين",1,1,1,1,1,1,1,0,0,0,0,1,1,1,0,0,site,derived_from_4flags
5,"إدارة الموقع",26,Suppliers/supplierscontracts_details.php,"ملف عقد المورد",1,1,1,1,1,1,1,0,0,0,0,1,1,1,0,0,site,derived_from_4flags
5,"إدارة الموقع",27,Equipments/equipments_drivers.php,المعدات,1,1,1,1,1,1,1,0,0,0,0,1,1,1,0,0,site,derived_from_4flags
5,"إدارة الموقع",28,Reports/reports.php,"مركز التقارير",1,1,1,1,1,1,1,0,0,0,0,1,1,1,0,0,site,derived_from_4flags
5,"إدارة الموقع",29,movement/project_drivers.php,"توزيع المشغّلين",0,0,0,0,0,0,0,0,0,0,0,0,0,0,0,0,,no_grant
5,"إدارة الموقع",30,movement/movement_operations.php,الورديات,0,0,0,0,0,0,0,0,0,0,0,0,0,0,0,0,,no_grant
5,"إدارة الموقع",31,Reports/reports.php,"مركز التقارير",0,0,0,0,0,0,0,0,0,0,0,0,0,0,0,0,,no_grant
5,"إدارة الموقع",32,Reports/reports.php,"مركز التقارير",0,0,0,0,0,0,0,0,0,0,0,0,0,0,0,0,,no_grant
5,"إدارة الموقع",34,movement/map_page.php,"متابعة المشروع",0,0,0,0,0,0,0,0,0,0,0,0,0,0,0,0,,no_grant
5,"إدارة الموقع",35,Clients/clients.php,العملاء,0,0,0,0,0,0,0,0,0,0,0,0,0,0,0,0,,no_grant
5,"إدارة الموقع",36,Projects/projects.php,المشاريع,0,0,0,0,0,0,0,0,0,0,0,0,0,0,0,0,,no_grant
5,"إدارة الموقع",37,Contracts/contracts.php,العقود,0,0,0,0,0,0,0,0,0,0,0,0,0,0,0,0,,no_grant
5,"إدارة الموقع",38,Equipments/manage_failure_codes.php,"تصنيفات الأعطال",0,0,0,0,0,0,0,0,0,0,0,0,0,0,0,0,,no_grant
5,"إدارة الموقع",40,Equipments/fleet_models.php,"الأنواع والموديلات",1,1,1,1,1,1,1,0,0,0,0,1,1,1,0,0,site,derived_from_4flags
5,"إدارة الموقع",41,Equipments/fleet_depreciation_profiles.php,"إعداد الإهلاك",1,1,1,1,1,1,1,0,0,0,0,1,1,1,0,0,site,derived_from_4flags
5,"إدارة الموقع",42,Maintenance/breakdowns.php,"البلاغات (غير مفعّلة)",0,0,0,0,0,0,0,0,0,0,0,0,0,0,0,0,,no_grant
5,"إدارة الموقع",43,Maintenance/orders.php,"أوامر الصيانة",0,0,0,0,0,0,0,0,0,0,0,0,0,0,0,0,,no_grant
5,"إدارة الموقع",44,Maintenance/inspections.php,"الفحص الفني اليومي",0,0,0,0,0,0,0,0,0,0,0,0,0,0,0,0,,no_grant
5,"إدارة الموقع",45,Maintenance/preventive_plans.php,"الصيانة الوقائية",0,0,0,0,0,0,0,0,0,0,0,0,0,0,0,0,,no_grant
5,"إدارة الموقع",46,Maintenance/master_data.php,"إعدادات الصيانة",0,0,0,0,0,0,0,0,0,0,0,0,0,0,0,0,,no_grant
5,"إدارة الموقع",47,Workforce/worker_register.php,"السجل التشغيلي للعامل",0,0,0,0,0,0,0,0,0,0,0,0,0,0,0,0,,no_grant
5,"إدارة الموقع",48,Workforce/worker_contract.php,"عقود العاملين",0,0,0,0,0,0,0,0,0,0,0,0,0,0,0,0,,no_grant
5,"إدارة الموقع",50,Workforce/worker_leave_absence.php,"الإجازات والغياب",0,0,0,0,0,0,0,0,0,0,0,0,0,0,0,0,,no_grant
5,"إدارة الموقع",51,Workforce/worker_movement.php,"تنقلات العاملين",0,0,0,0,0,0,0,0,0,0,0,0,0,0,0,0,,no_grant
5,"إدارة الموقع",52,Workforce/housing_units.php,"السكن والإعاشة",0,0,0,0,0,0,0,0,0,0,0,0,0,0,0,0,,no_grant
5,"إدارة الموقع",53,Workforce/worker_evaluation.php,"تقييم الأداء",0,0,0,0,0,0,0,0,0,0,0,0,0,0,0,0,,no_grant
5,"إدارة الموقع",54,Workforce/worker_settlement.php,"تسويات العاملين",0,0,0,0,0,0,0,0,0,0,0,0,0,0,0,0,,no_grant
5,"إدارة الموقع",55,Workforce/workforce_requirement.php,"احتياج القوى والتخطيط",0,0,0,0,0,0,0,0,0,0,0,0,0,0,0,0,,no_grant
5,"إدارة الموقع",56,Workforce/worker_worklog.php,"سجل الأحداث التشغيلية",0,0,0,0,0,0,0,0,0,0,0,0,0,0,0,0,,no_grant
5,"إدارة الموقع",57,Employees/job_titles.php,"المسميات الوظيفية",0,0,0,0,0,0,0,0,0,0,0,0,0,0,0,0,,no_grant
5,"إدارة الموقع",58,Employees/employee_roles.php,"الأدوار الوظيفية",0,0,0,0,0,0,0,0,0,0,0,0,0,0,0,0,,no_grant
5,"إدارة الموقع",59,Employees/equipment_operators.php,"المشغّلون والسائقون",0,0,0,0,0,0,0,0,0,0,0,0,0,0,0,0,,no_grant
5,"إدارة الموقع",60,main/users.php,"إدارة المستخدمين",0,0,0,0,0,0,0,0,0,0,0,0,0,0,0,0,,no_grant
5,"إدارة الموقع",61,main/all_assistants.php,المعاونون,0,0,0,0,0,0,0,0,0,0,0,0,0,0,0,0,,no_grant
5,"إدارة الموقع",62,Employees/employee_contracts.php,"عقود الموظفين",1,1,1,0,0,0,0,0,0,0,0,0,1,1,0,0,site,derived_from_4flags
5,"إدارة الموقع",63,Employees/employee_contracts_details.php,"ملف عقد الموظف",1,1,1,0,0,0,0,0,0,0,0,0,1,1,0,0,site,derived_from_4flags
5,"إدارة الموقع",64,Employees/employee_profile.php,"بطاقة الموظف",1,1,1,0,0,0,0,0,0,0,0,0,1,1,0,0,site,derived_from_4flags
5,"إدارة الموقع",65,Employees/showcontractemployee.php,"عرض عقد الموظف",1,1,1,0,0,0,0,0,0,0,0,0,1,1,0,0,site,derived_from_4flags
5,"إدارة الموقع",66,Opportunities/opportunities.php,"الفرص البيعية",0,0,0,0,0,0,0,0,0,0,0,0,0,0,0,0,,no_grant
5,"إدارة الموقع",67,Procurement/dashboard_proc.php,"لوحة المشتريات",0,0,0,0,0,0,0,0,0,0,0,0,0,0,0,0,,no_grant
5,"إدارة الموقع",68,Procurement/items_proc.php,"كتالوج الأصناف",0,0,0,0,0,0,0,0,0,0,0,0,0,0,0,0,,no_grant
5,"إدارة الموقع",69,Procurement/requests_proc.php,"طلبات الشراء",0,0,0,0,0,0,0,0,0,0,0,0,0,0,0,0,,no_grant
5,"إدارة الموقع",70,Procurement/orders_proc.php,"أوامر الشراء",0,0,0,0,0,0,0,0,0,0,0,0,0,0,0,0,,no_grant
5,"إدارة الموقع",71,Procurement/receipt_custody_proc.php,"الاستلام المؤقت",0,0,0,0,0,0,0,0,0,0,0,0,0,0,0,0,,no_grant
5,"إدارة الموقع",72,Procurement/stock_proc.php,المخزون,0,0,0,0,0,0,0,0,0,0,0,0,0,0,0,0,,no_grant
5,"إدارة الموقع",73,Procurement/issue_proc.php,"صرف المخزون والعهدة",0,0,0,0,0,0,0,0,0,0,0,0,0,0,0,0,,no_grant
5,"إدارة الموقع",74,Procurement/reordering_proc.php,"حدود إعادة الطلب",0,0,0,0,0,0,0,0,0,0,0,0,0,0,0,0,,no_grant
5,"إدارة الموقع",75,Procurement/suppliers_proc.php,"موردو المشتريات",0,0,0,0,0,0,0,0,0,0,0,0,0,0,0,0,,no_grant
5,"إدارة الموقع",76,Procurement/master_data_proc.php,"البيانات المرجعية",0,0,0,0,0,0,0,0,0,0,0,0,0,0,0,0,,no_grant
5,"إدارة الموقع",77,Clients/activities.php,"أنشطة العملاء",0,0,0,0,0,0,0,0,0,0,0,0,0,0,0,0,,no_grant
5,"إدارة الموقع",78,Clients/commercial_risks.php,"المخاطر التجارية",0,0,0,0,0,0,0,0,0,0,0,0,0,0,0,0,,no_grant
5,"إدارة الموقع",79,Clients/tenders.php,المناقصات,0,0,0,0,0,0,0,0,0,0,0,0,0,0,0,0,,no_grant
5,"إدارة الموقع",80,Clients/quotations.php,"عروض الأسعار",0,0,0,0,0,0,0,0,0,0,0,0,0,0,0,0,,no_grant
5,"إدارة الموقع",81,Clients/pricelists.php,"قوائم ونماذج التسعير",0,0,0,0,0,0,0,0,0,0,0,0,0,0,0,0,,no_grant
5,"إدارة الموقع",82,Clients/products.php,"كتالوج المنتجات والخدمات",0,0,0,0,0,0,0,0,0,0,0,0,0,0,0,0,,no_grant
5,"إدارة الموقع",83,Clients/units_of_measure.php,"وحدات القياس",0,0,0,0,0,0,0,0,0,0,0,0,0,0,0,0,,no_grant
5,"إدارة الموقع",84,Clients/contract_amendments.php,"ملاحق العقود وتجديداتها",0,0,0,0,0,0,0,0,0,0,0,0,0,0,0,0,,no_grant
5,"إدارة الموقع",85,Clients/contract_events.php,"سجل حركة العقد",0,0,0,0,0,0,0,0,0,0,0,0,0,0,0,0,,no_grant
5,"إدارة الموقع",86,Finance/events_list_fin.php,"المعاملات المالية",1,1,1,0,0,0,0,0,0,0,0,0,1,1,0,0,site,derived_from_4flags
5,"إدارة الموقع",87,Finance/accounts_fin.php,"دليل الحسابات",0,0,0,0,0,0,0,0,0,0,0,0,0,0,0,0,,no_grant
5,"إدارة الموقع",88,Finance/journal_form_fin.php,"القيود اليومية",0,0,0,0,0,0,0,0,0,0,0,0,0,0,0,0,,no_grant
5,"إدارة الموقع",89,Finance/budget_form_fin.php,"الميزانية والانحراف",1,1,1,1,1,1,1,0,0,0,0,0,1,1,0,0,site,derived_from_4flags
5,"إدارة الموقع",90,Finance/dues_fin.php,"الذمم والتحصيل",0,0,0,0,0,0,0,0,0,0,0,0,0,0,0,0,,no_grant
5,"إدارة الموقع",91,Finance/payments_fin.php,"المدفوعات والخزينة",0,0,0,0,0,0,0,0,0,0,0,0,0,0,0,0,,no_grant
5,"إدارة الموقع",92,Finance/cost_report_fin.php,"التكاليف والربحية",1,1,1,0,0,0,0,0,0,0,0,0,1,1,0,0,site,derived_from_4flags
5,"إدارة الموقع",93,Finance/periods_fin.php,"إقفال الفترات",0,0,0,0,0,0,0,0,0,0,0,0,0,0,0,0,,no_grant
5,"إدارة الموقع",94,Finance/funding_fin.php,"التمويل والالتزامات",0,0,0,0,0,0,0,0,0,0,0,0,0,0,0,0,,no_grant
5,"إدارة الموقع",95,Finance/cash_forecast_fin.php,"السيولة والتنبؤ النقدي",0,0,0,0,0,0,0,0,0,0,0,0,0,0,0,0,,no_grant
5,"إدارة الموقع",96,Finance/management_accounting_fin.php,"المحاسبة الإدارية",0,0,0,0,0,0,0,0,0,0,0,0,0,0,0,0,,no_grant
5,"إدارة الموقع",97,Finance/accountants_fin.php,"المحاسبون والوحدات",0,0,0,0,0,0,0,0,0,0,0,0,0,0,0,0,,no_grant
5,"إدارة الموقع",98,Finance/import_events_fin.php,"استقبال معاملات الإدارات",0,0,0,0,0,0,0,0,0,0,0,0,0,0,0,0,,no_grant
5,"إدارة الموقع",99,Finance/executive_dashboard_fin.php,"اللوحة التنفيذية",0,0,0,0,0,0,0,0,0,0,0,0,0,0,0,0,,no_grant
5,"إدارة الموقع",100,Finance/financial_statements_fin.php,"القوائم المالية",0,0,0,0,0,0,0,0,0,0,0,0,0,0,0,0,,no_grant
5,"إدارة الموقع",101,Finance/assets_fin.php,"الأصول والإهلاك",0,0,0,0,0,0,0,0,0,0,0,0,0,0,0,0,,no_grant
5,"إدارة الموقع",102,Finance/tax_fin.php,"الضرائب والقيمة المضافة",0,0,0,0,0,0,0,0,0,0,0,0,0,0,0,0,,no_grant
5,"إدارة الموقع",103,Finance/bank_reconciliation_fin.php,"المطابقة البنكية",0,0,0,0,0,0,0,0,0,0,0,0,0,0,0,0,,no_grant
5,"إدارة الموقع",104,Finance/cfo_daily_board_fin.php,"لوحة المدير المالي",0,0,0,0,0,0,0,0,0,0,0,0,0,0,0,0,,no_grant
5,"إدارة الموقع",105,Finance/unit_records_fin.php,"وحدات الأطراف",1,1,1,0,0,0,0,0,0,0,0,0,1,1,0,0,site,derived_from_4flags
5,"إدارة الموقع",106,Finance/supplier_statement_fin.php,"كشف حساب المورد",0,0,0,0,0,0,0,0,0,0,0,0,0,0,0,0,,no_grant
5,"إدارة الموقع",107,main/project_users.php,المعاونين,0,0,0,0,0,0,0,0,0,0,0,0,0,0,0,0,,no_grant
5,"إدارة الموقع",108,Transport/transfer_types_config.php,"إعدادات الترحيل",0,0,0,0,0,0,0,0,0,0,0,0,0,0,0,0,,no_grant
5,"إدارة الموقع",109,Transport/transfer_cost_rules_config.php,"قواعد تحميل تكلفة الترحيل",0,0,0,0,0,0,0,0,0,0,0,0,0,0,0,0,,no_grant
5,"إدارة الموقع",110,Transport/trs_locations_config.php,المواقع,0,0,0,0,0,0,0,0,0,0,0,0,0,0,0,0,,no_grant
5,"إدارة الموقع",111,Transport/transfer_requests.php,"موافقات الترحيل",0,0,0,0,0,0,0,0,0,0,0,0,0,0,0,0,,no_grant
5,"إدارة الموقع",112,Transport/transfer_orders_list.php,"أوامر الترحيل",0,0,0,0,0,0,0,0,0,0,0,0,0,0,0,0,,no_grant
5,"إدارة الموقع",113,Transport/transfer_dashboard.php,"لوحة الرحلات",0,0,0,0,0,0,0,0,0,0,0,0,0,0,0,0,,no_grant
5,"إدارة الموقع",114,FinRequests/request_form.php,"طلب مالي جديد",1,1,1,1,1,1,1,0,0,0,0,0,1,1,0,0,site,derived_from_4flags
5,"إدارة الموقع",115,FinRequests/my_requests.php,"طلباتي المالية",1,1,1,0,0,0,0,0,0,0,0,0,1,1,0,0,site,derived_from_4flags
5,"إدارة الموقع",116,FinRequests/dept_inbox.php,"موافقات إدارتي",1,1,1,0,0,0,0,0,0,0,0,0,1,1,0,0,site,derived_from_4flags
5,"إدارة الموقع",117,FinRequests/accountant_desk.php,"مكتب المحاسب",0,0,0,0,0,0,0,0,0,0,0,0,0,0,0,0,,no_grant
5,"إدارة الموقع",118,FinRequests/finance_gateway.php,"الطلبات المالية",0,0,0,0,0,0,0,0,0,0,0,0,0,0,0,0,,no_grant
5,"إدارة الموقع",119,FinRequests/effect_map.php,"سجل الحركة المالية",0,0,0,0,0,0,0,0,0,0,0,0,0,0,0,0,,no_grant
5,"إدارة الموقع",120,FinRequests/routing_admin.php,"قواعد توجيه الطلبات",0,0,0,0,0,0,0,0,0,0,0,0,0,0,0,0,,no_grant
5,"إدارة الموقع",121,FinRequests/cycle_time_board.php,"زمن دورة الطلبات",0,0,0,0,0,0,0,0,0,0,0,0,0,0,0,0,,no_grant
5,"إدارة الموقع",122,FinRequests/requests_reports.php,"تقارير الطلبات المالية",0,0,0,0,0,0,0,0,0,0,0,0,0,0,0,0,,no_grant
5,"إدارة الموقع",123,Settings/role_permissions.php,"صلاحيات الأدوار",0,0,0,0,0,0,0,0,0,0,0,0,0,0,0,0,,no_grant
5,"إدارة الموقع",124,Settings/roles.php,الأدوار,0,0,0,0,0,0,0,0,0,0,0,0,0,0,0,0,,no_grant
5,"إدارة الموقع",125,Finance/variance_monitor_fin.php,"متابعة الانحراف",0,0,0,0,0,0,0,0,0,0,0,0,0,0,0,0,,no_grant
5,"إدارة الموقع",126,Finance/maintenance_provision_fin.php,"قواعد مخصص الصيانة",0,0,0,0,0,0,0,0,0,0,0,0,0,0,0,0,,no_grant
5,"إدارة الموقع",127,Clients/contract_commitments.php,"التزامات العقود",0,0,0,0,0,0,0,0,0,0,0,0,0,0,0,0,,no_grant
5,"إدارة الموقع",128,Finance/operator_pay_fin.php,"قواعد مستحقات المشغّلين",0,0,0,0,0,0,0,0,0,0,0,0,0,0,0,0,,no_grant
5,"إدارة الموقع",129,Clients/readiness_lines.php,"جاهزية العروض",0,0,0,0,0,0,0,0,0,0,0,0,0,0,0,0,,no_grant
5,"إدارة الموقع",130,Tickets/ticket_types_config.php,"إعداد أنواع البلاغات",0,0,0,0,0,0,0,0,0,0,0,0,0,0,0,0,,no_grant
5,"إدارة الموقع",131,Tickets/ticket_categories_config.php,"تصنيفات الأعطال والبلاغات",0,0,0,0,0,0,0,0,0,0,0,0,0,0,0,0,,no_grant
5,"إدارة الموقع",132,Tickets/tickets_list.php,البلاغات,0,0,0,0,0,0,0,0,0,0,0,0,0,0,0,0,,no_grant
5,"إدارة الموقع",133,Tickets/ticket_form.php,"تسجيل بلاغ",0,0,0,0,0,0,0,0,0,0,0,0,0,0,0,0,,no_grant
5,"إدارة الموقع",134,Tickets/ticket_sla_config.php,"أزمنة الاستجابة والإنجاز",0,0,0,0,0,0,0,0,0,0,0,0,0,0,0,0,,no_grant
5,"إدارة الموقع",135,Tickets/ticket_escalation_config.php,"سلّم التصعيد",0,0,0,0,0,0,0,0,0,0,0,0,0,0,0,0,,no_grant
5,"إدارة الموقع",136,Tickets/ticket_recurrence.php,"البلاغات الدورية",0,0,0,0,0,0,0,0,0,0,0,0,0,0,0,0,,no_grant
5,"إدارة الموقع",137,Tickets/ticket_dashboard.php,"أداء البلاغات",0,0,0,0,0,0,0,0,0,0,0,0,0,0,0,0,,no_grant
5,"إدارة الموقع",138,Maintenance/dashboard_mnt.php,"لوحة إدارة الصيانة",0,0,0,0,0,0,0,0,0,0,0,0,0,0,0,0,,no_grant
5,"إدارة الموقع",139,main/role_board.php,"لوحة الدور",1,1,1,0,0,0,0,0,0,0,0,0,1,1,0,0,site,derived_from_4flags
5,"إدارة الموقع",140,Finance/operator_pay_policies_fin.php,"سياسات مستحقات المشغّلين",0,0,0,0,0,0,0,0,0,0,0,0,0,0,0,0,,no_grant
5,"إدارة الموقع",141,Equipments/equipment_documents.php,"وثائق المعدات والمشغّلين",0,0,0,0,0,0,0,0,0,0,0,0,0,0,0,0,,no_grant
5,"إدارة الموقع",142,Contracts/claims.php,المستخلصات,0,0,0,0,0,0,0,0,0,0,0,0,0,0,0,0,,no_grant
5,"إدارة الموقع",143,Finance/currencies_fin.php,"العملات وأسعار الصرف",0,0,0,0,0,0,0,0,0,0,0,0,0,0,0,0,,no_grant
5,"إدارة الموقع",144,Suppliers/settlements.php,"تسويات الموردين",0,0,0,0,0,0,0,0,0,0,0,0,0,0,0,0,,no_grant
5,"إدارة الموقع",145,Contracts/contract_obligations.php,"مصفوفة التزامات العقد",0,0,0,0,0,0,0,0,0,0,0,0,0,0,0,0,,no_grant
5,"إدارة الموقع",146,Approvals/attribution_board.php,"لوحة الإسناد اليومي",0,0,0,0,0,0,0,0,0,0,0,0,0,0,0,0,,no_grant
5,"إدارة الموقع",147,Contracts/penalties.php,"احتساب الجزاءات والحوافز",0,0,0,0,0,0,0,0,0,0,0,0,0,0,0,0,,no_grant
5,"إدارة الموقع",148,Workforce/employee_settlements.php,"تسويات الموظفين",0,0,0,0,0,0,0,0,0,0,0,0,0,0,0,0,,no_grant
5,"إدارة الموقع",149,Operations/containers.php,"حاويات العقود",1,1,1,0,0,0,0,0,0,0,0,0,1,1,0,0,site,derived_from_4flags
5,"إدارة الموقع",150,Projects/sites.php,"مواقع التنفيذ",1,1,1,0,0,0,0,0,0,0,0,0,1,1,0,0,site,derived_from_4flags
5,"إدارة الموقع",151,Workforce/contract_registry.php,"سجل العقود الموحّد",0,0,0,0,0,0,0,0,0,0,0,0,0,0,0,0,,no_grant
5,"إدارة الموقع",152,Operations/daily_plan.php,"خطة عمل الغد",1,1,1,0,0,0,0,0,0,0,0,0,1,1,0,0,site,derived_from_4flags
5,"إدارة الموقع",153,Suppliers/supplier_contract_lines.php,"بنود عقد المورد",0,0,0,0,0,0,0,0,0,0,0,0,0,0,0,0,,no_grant
5,"إدارة الموقع",154,Contracts/price_terms.php,"شروط تعديل السعر",0,0,0,0,0,0,0,0,0,0,0,0,0,0,0,0,,no_grant
5,"إدارة الموقع",155,Equipments/meter_readings.php,"قراءات العدّادات",0,0,0,0,0,0,0,0,0,0,0,0,0,0,0,0,,no_grant
5,"إدارة الموقع",156,Workforce/payroll_runs.php,"مسيّر الرواتب",0,0,0,0,0,0,0,0,0,0,0,0,0,0,0,0,,no_grant
5,"إدارة الموقع",157,Workforce/employee_advances.php,"سلفيات الموظفين",0,0,0,0,0,0,0,0,0,0,0,0,0,0,0,0,,no_grant
5,"إدارة الموقع",158,Suppliers/supplier_advances.php,"سلفيات الموردين",0,0,0,0,0,0,0,0,0,0,0,0,0,0,0,0,,no_grant
5,"إدارة الموقع",159,Suppliers/supplier_rules.php,"قواعد تحميل المورد وجزاءاته",0,0,0,0,0,0,0,0,0,0,0,0,0,0,0,0,,no_grant
5,"إدارة الموقع",160,Suppliers/supplier_capacity.php,"الطاقة والجاهزية ومهلة الإحلال",0,0,0,0,0,0,0,0,0,0,0,0,0,0,0,0,,no_grant
5,"إدارة الموقع",161,Suppliers/supplier_evaluation.php,"تقييم المورد الدوري",0,0,0,0,0,0,0,0,0,0,0,0,0,0,0,0,,no_grant
5,"إدارة الموقع",162,Suppliers/supplier_closure.php,"تصفية إنهاء عقد المورد",0,0,0,0,0,0,0,0,0,0,0,0,0,0,0,0,,no_grant
5,"إدارة الموقع",163,Suppliers/supplier_documents.php,"وثائق المورد وحسابه البنكي",0,0,0,0,0,0,0,0,0,0,0,0,0,0,0,0,,no_grant
5,"إدارة الموقع",164,Contracts/tax_invoices.php,"الفاتورة الضريبية",0,0,0,0,0,0,0,0,0,0,0,0,0,0,0,0,,no_grant
5,"إدارة الموقع",165,Contracts/client_statement.php,"كشف حساب العميل",0,0,0,0,0,0,0,0,0,0,0,0,0,0,0,0,,no_grant
5,"إدارة الموقع",166,Contracts/collections.php,"الذمم والتحصيل",0,0,0,0,0,0,0,0,0,0,0,0,0,0,0,0,,no_grant
5,"إدارة الموقع",167,Workforce/final_settlement.php,"تصفية إنهاء خدمة الموظف",0,0,0,0,0,0,0,0,0,0,0,0,0,0,0,0,,no_grant
5,"إدارة الموقع",168,Transport/transfer_tariffs.php,"تعرفة الترحيل وتسعير الأوامر",0,0,0,0,0,0,0,0,0,0,0,0,0,0,0,0,,no_grant
5,"إدارة الموقع",169,Finance/periodic_events_fin.php,"الدوريات المالية",0,0,0,0,0,0,0,0,0,0,0,0,0,0,0,0,,no_grant
5,"إدارة الموقع",171,Suppliers/rfq_requests.php,"طلبات عروض الموردين",0,0,0,0,0,0,0,0,0,0,0,0,0,0,0,0,,no_grant
5,"إدارة الموقع",172,Contracts/contract_sites.php,"نطاقات العقد التشغيلية",0,0,0,0,0,0,0,0,0,0,0,0,0,0,0,0,,no_grant
5,"إدارة الموقع",173,Contracts/contract_lines.php,"بنود عقد العميل وقيمته",0,0,0,0,0,0,0,0,0,0,0,0,0,0,0,0,,no_grant
5,"إدارة الموقع",174,Contracts/contract_monthly_plan.php,"الجدول الشهري للعقد",0,0,0,0,0,0,0,0,0,0,0,0,0,0,0,0,,no_grant
5,"إدارة الموقع",175,Contracts/contract_resource_plan.php,"خطة موارد العقد",0,0,0,0,0,0,0,0,0,0,0,0,0,0,0,0,,no_grant
5,"إدارة الموقع",176,Contracts/contract_payment_schedule.php,"خطة دفع العقد",0,0,0,0,0,0,0,0,0,0,0,0,0,0,0,0,,no_grant
5,"إدارة الموقع",177,Contracts/contract_guarantees.php,"ضمانات العقد",0,0,0,0,0,0,0,0,0,0,0,0,0,0,0,0,,no_grant
5,"إدارة الموقع",178,Contracts/plan_actual_link.php,"ربط الخطة بالفعلي",0,0,0,0,0,0,0,0,0,0,0,0,0,0,0,0,,no_grant
5,"إدارة الموقع",179,Contracts/contract_baseline.php,"خط أساس العقد",0,0,0,0,0,0,0,0,0,0,0,0,0,0,0,0,,no_grant
5,"إدارة الموقع",180,Contracts/contract_lifecycle.php,"اقتصاد دورة حياة العقد",0,0,0,0,0,0,0,0,0,0,0,0,0,0,0,0,,no_grant
5,"إدارة الموقع",181,Contracts/commercial_board.php,"اللوحة التجارية للعقود",0,0,0,0,0,0,0,0,0,0,0,0,0,0,0,0,,no_grant
5,"إدارة الموقع",182,user_capacities.php,"صفاتي ومبدّل المساحة",1,1,1,0,0,0,0,0,0,0,0,0,1,1,0,0,site,derived_from_4flags
5,"إدارة الموقع",183,Portal/visibility_keys.php,"مفاتيح الظهور",0,0,0,0,0,0,0,0,0,0,0,0,0,0,0,0,,no_grant
5,"إدارة الموقع",184,Portal/portal_elements.php,"مكوّنات البوابة",0,0,0,0,0,0,0,0,0,0,0,0,0,0,0,0,,no_grant
5,"إدارة الموقع",185,Portal/visibility_simulator.php,"من يرى ماذا (محاكاة)",0,0,0,0,0,0,0,0,0,0,0,0,0,0,0,0,,no_grant
5,"إدارة الموقع",186,Portal/visibility_audit.php,"سجل تدقيق الظهور",0,0,0,0,0,0,0,0,0,0,0,0,0,0,0,0,,no_grant
5,"إدارة الموقع",187,Portal/my_portal.php,بوابتي,1,1,1,0,0,0,0,0,0,0,0,0,1,1,0,0,site,derived_from_4flags
5,"إدارة الموقع",188,Portal/my_achievement.php,إنجازي,1,1,1,0,0,0,0,0,0,0,0,0,1,1,0,0,site,derived_from_4flags
5,"إدارة الموقع",189,Portal/my_evaluation.php,"التقييم الثنائي",1,1,1,1,0,1,0,0,0,0,0,0,1,1,0,0,site,derived_from_4flags
5,"إدارة الموقع",190,Portal/my_certificate.php,"شهادة الإنجاز",1,1,1,0,0,0,0,0,0,0,0,0,1,1,0,0,site,derived_from_4flags
5,"إدارة الموقع",191,Portal/workspace.php,"مساحة العمل",1,1,1,0,0,0,0,0,0,0,0,0,1,1,0,0,site,derived_from_4flags
5,"إدارة الموقع",192,Finance/approvals_inbox.php,"صندوق الاعتمادات الموحد",0,0,0,0,0,0,0,0,0,0,0,0,0,0,0,0,,no_grant
5,"إدارة الموقع",193,Operations/operations_room.php,"غرفة عمليات التشغيل",1,1,1,0,0,0,0,0,0,0,0,0,1,1,0,0,site,derived_from_4flags
5,"إدارة الموقع",194,Operations/distribution_space.php,"مساحة التوزيع",1,1,1,0,0,0,0,0,0,0,0,0,1,1,0,0,site,derived_from_4flags
5,"إدارة الموقع",195,Reports/daily_units_report.php,"سجل الوحدات اليومية",1,1,1,0,0,0,0,0,0,0,0,0,1,1,0,0,site,derived_from_4flags
5,"إدارة الموقع",196,Fleet/readiness_board.php,"لوحة الجاهزية",0,0,0,0,0,0,0,0,0,0,0,0,0,0,0,0,,no_grant
5,"إدارة الموقع",197,Maintenance/failure_report.php,"تقرير الأعطال (التصنيف الموحد)",0,0,0,0,0,0,0,0,0,0,0,0,0,0,0,0,,no_grant
5,"إدارة الموقع",198,Procurement/supplier_card_proc.php,"بطاقة مورد المشتريات",0,0,0,0,0,0,0,0,0,0,0,0,0,0,0,0,,no_grant
5,"إدارة الموقع",199,Procurement/warehouse_board.php,"لوحة أمين المستودع",0,0,0,0,0,0,0,0,0,0,0,0,0,0,0,0,,no_grant
5,"إدارة الموقع",200,Contracts/contract_card.php,"بطاقة العقد الأم",0,0,0,0,0,0,0,0,0,0,0,0,0,0,0,0,,no_grant
5,"إدارة الموقع",201,Employees/employee_card.php,"بطاقة الموظف",1,1,1,0,0,0,0,0,0,0,0,0,1,1,0,0,site,derived_from_4flags
5,"إدارة الموقع",202,Reports/margin_report.php,"هامش الواقعة والعقد",0,0,0,0,0,0,0,0,0,0,0,0,0,0,0,0,,no_grant
5,"إدارة الموقع",203,Reports/exceptions_report.php,"تقرير الاستثناءات",0,0,0,0,0,0,0,0,0,0,0,0,0,0,0,0,,no_grant
5,"إدارة الموقع",204,Reports/guard_denials_report.php,"تقرير المنع",0,0,0,0,0,0,0,0,0,0,0,0,0,0,0,0,,no_grant
5,"إدارة الموقع",205,Settings/guard_classification.php,"تصنيف الحمايات",0,0,0,0,0,0,0,0,0,0,0,0,0,0,0,0,,no_grant
5,"إدارة الموقع",206,Governance/entities_registry.php,"سجل الكيانات",0,0,0,0,0,0,0,0,0,0,0,0,0,0,0,0,,no_grant
5,"إدارة الموقع",207,Governance/signing_authority.php,"التفويض بالتوقيع",0,0,0,0,0,0,0,0,0,0,0,0,0,0,0,0,,no_grant
5,"إدارة الموقع",208,Governance/licenses_guarantees.php,"التراخيص والكفالات",0,0,0,0,0,0,0,0,0,0,0,0,0,0,0,0,,no_grant
5,"إدارة الموقع",209,Governance/activation_patterns.php,"أنماط التفعيل",0,0,0,0,0,0,0,0,0,0,0,0,0,0,0,0,,no_grant
5,"إدارة الموقع",210,Financing/financiers_registry.php,"سجل الممولين",0,0,0,0,0,0,0,0,0,0,0,0,0,0,0,0,,no_grant
5,"إدارة الموقع",211,Financing/financing_operation_new.php,"إنشاء عملية تمويل",0,0,0,0,0,0,0,0,0,0,0,0,0,0,0,0,,no_grant
5,"إدارة الموقع",212,Reports/approval_lag_report.php,"الاعتمادات المتأخرة والوثائق",0,0,0,0,0,0,0,0,0,0,0,0,0,0,0,0,,no_grant
5,"إدارة الموقع",213,Governance/ownership_grants.php,"منح المجال المقيَّد",0,0,0,0,0,0,0,0,0,0,0,0,0,0,0,0,,no_grant
5,"إدارة الموقع",214,Financing/financing_board.php,"لوحة إدارة التمويل",0,0,0,0,0,0,0,0,0,0,0,0,0,0,0,0,,no_grant
5,"إدارة الموقع",215,admin/ops_manager_board.php,"لوحة مدير التشغيل",0,0,0,0,0,0,0,0,0,0,0,0,0,0,0,0,,no_grant
5,"إدارة الموقع",216,admin/org_assignments.php,"التكليفات التنظيمية",0,0,0,0,0,0,0,0,0,0,0,0,0,0,0,0,,no_grant
5,"إدارة الموقع",217,admin/org_structure.php,"الهيكل التنظيمي",0,0,0,0,0,0,0,0,0,0,0,0,0,0,0,0,,no_grant
5,"إدارة الموقع",218,admin/org_permits.php,"أذونات المواقع",0,0,0,0,0,0,0,0,0,0,0,0,0,0,0,0,,no_grant
5,"إدارة الموقع",222,admin/sec_governance.php,"مركز حوكمة الصلاحيات",0,0,0,0,0,0,0,0,0,0,0,0,0,0,0,0,,no_grant
5,"إدارة الموقع",223,admin/sec_employee_wizard.php,"معالج إعداد الموظف",0,0,0,0,0,0,0,0,0,0,0,0,0,0,0,0,,no_grant
5,"إدارة الموقع",225,Tickets/ticket_workstreams_board.php,"لوحة مسارات البلاغات",0,0,0,0,0,0,0,0,0,0,0,0,0,0,0,0,,no_grant
5,"إدارة الموقع",226,Tickets/watchtower.php,"برج المراقبة",0,0,0,0,0,0,0,0,0,0,0,0,0,0,0,0,,no_grant
5,"إدارة الموقع",227,Tickets/ticket_contextual_open.php,"بلاغ سياقي جديد",1,1,1,1,0,1,0,0,0,0,0,0,1,1,0,0,site,derived_from_4flags
5,"إدارة الموقع",228,main/my_workspace.php,"مساحة عملي",1,1,1,0,0,0,0,0,0,0,0,0,1,1,0,0,site,derived_from_4flags
6,"أدارة الحركة وتشغيل",1,Clients/clients.php,العملاء,1,1,1,1,1,1,1,0,0,0,0,1,1,1,0,0,site,derived_from_4flags
6,"أدارة الحركة وتشغيل",2,Projects/projects.php,المشاريع,1,1,1,1,1,1,1,0,0,0,0,1,1,1,0,0,site,derived_from_4flags
6,"أدارة الحركة وتشغيل",3,main/users.php,الصلاحيات,1,1,1,1,1,1,1,0,0,0,0,1,1,1,0,0,site,derived_from_4flags
6,"أدارة الحركة وتشغيل",4,Reports/reports.php,"مركز التقارير",1,1,1,1,1,1,1,0,0,0,0,1,1,1,0,0,site,derived_from_4flags
6,"أدارة الحركة وتشغيل",5,Equipments/equipments_types.php,"أنواع المعدات",1,1,1,1,1,1,1,0,0,0,0,1,1,1,0,0,site,derived_from_4flags
6,"أدارة الحركة وتشغيل",6,Reports/reports.php,"مركز التقارير",1,1,1,1,1,1,1,0,0,0,0,1,1,1,0,0,site,derived_from_4flags
6,"أدارة الحركة وتشغيل",7,Employees/employees.php,الموظفون,1,1,1,1,1,1,1,0,0,0,0,1,1,1,0,0,site,derived_from_4flags
6,"أدارة الحركة وتشغيل",8,Equipments/equipments_fleet.php,المعدات,1,1,1,1,1,1,1,0,0,0,0,1,1,1,0,0,site,derived_from_4flags
6,"أدارة الحركة وتشغيل",9,Oprators/oprators.php,"شاشة التشغيل",1,1,1,1,1,1,1,0,0,0,0,1,1,1,0,0,site,derived_from_4flags
6,"أدارة الحركة وتشغيل",10,Timesheet/timesheet_type.php,"تسجيل الوحدات",1,1,1,1,1,1,1,0,0,0,0,1,1,1,0,0,site,derived_from_4flags
6,"أدارة الحركة وتشغيل",11,Settings/settings.php,الإعدادات,1,1,1,1,1,1,1,0,0,0,0,1,1,1,0,0,site,derived_from_4flags
6,"أدارة الحركة وتشغيل",12,ActivityLogs/activity_logs.php,"سجل النشاط",1,1,1,1,1,1,1,0,0,0,0,1,1,1,0,0,site,derived_from_4flags
6,"أدارة الحركة وتشغيل",14,main/project_users.php,"مشرفو الموردين",1,1,1,1,1,1,1,0,0,0,0,1,1,1,0,0,site,derived_from_4flags
6,"أدارة الحركة وتشغيل",15,main/project_users.php,المشرفين,1,1,1,1,1,1,1,0,0,0,0,1,1,1,0,0,site,derived_from_4flags
6,"أدارة الحركة وتشغيل",16,main/project_users.php,المشرفين,1,1,1,1,1,1,1,0,0,0,0,1,1,1,0,0,site,derived_from_4flags
6,"أدارة الحركة وتشغيل",17,main/project_users.php,"إدارة المعاونين",1,1,1,1,1,1,1,0,0,0,0,1,1,1,0,0,site,derived_from_4flags
6,"أدارة الحركة وتشغيل",18,main/project_users.php,المشرفين,1,1,1,1,1,1,1,0,0,0,0,1,1,1,0,0,site,derived_from_4flags
6,"أدارة الحركة وتشغيل",20,Contracts/contracts.php,العقود,1,1,1,1,1,1,1,0,0,0,0,1,1,1,0,0,site,derived_from_4flags
6,"أدارة الحركة وتشغيل",21,Contracts/contracts_details.php,"ملف عقد المشروع",1,1,1,1,1,1,1,0,0,0,0,1,1,1,0,0,site,derived_from_4flags
6,"أدارة الحركة وتشغيل",22,Suppliers/suppliers.php,الموردون,1,1,1,1,1,1,1,0,0,0,0,1,1,1,0,0,site,derived_from_4flags
6,"أدارة الحركة وتشغيل",23,Oprators/select_project.php,التشغيل,1,1,1,1,1,1,1,0,0,0,0,1,1,1,0,0,site,derived_from_4flags
6,"أدارة الحركة وتشغيل",24,Settings/settings.php,الإعدادات,1,1,1,1,1,1,1,0,0,0,0,1,1,1,0,0,site,derived_from_4flags
6,"أدارة الحركة وتشغيل",25,Suppliers/supplierscontracts.php,"عقود الموردين",1,1,1,1,1,1,1,0,0,0,0,1,1,1,0,0,site,derived_from_4flags
6,"أدارة الحركة وتشغيل",26,Suppliers/supplierscontracts_details.php,"ملف عقد المورد",1,1,1,1,1,1,1,0,0,0,0,1,1,1,0,0,site,derived_from_4flags
6,"أدارة الحركة وتشغيل",27,Equipments/equipments_drivers.php,المعدات,0,0,0,0,0,0,0,0,0,0,0,0,0,0,0,0,,no_grant
6,"أدارة الحركة وتشغيل",28,Reports/reports.php,"مركز التقارير",0,0,0,0,0,0,0,0,0,0,0,0,0,0,0,0,,no_grant
6,"أدارة الحركة وتشغيل",29,movement/project_drivers.php,"توزيع المشغّلين",1,1,1,1,1,1,1,0,0,0,0,1,1,1,0,0,site,derived_from_4flags
6,"أدارة الحركة وتشغيل",30,movement/movement_operations.php,الورديات,1,1,1,0,1,0,1,0,0,0,0,1,1,1,0,0,site,derived_from_4flags
6,"أدارة الحركة وتشغيل",31,Reports/reports.php,"مركز التقارير",0,0,0,0,0,0,0,0,0,0,0,0,0,0,0,0,,no_grant
6,"أدارة الحركة وتشغيل",32,Reports/reports.php,"مركز التقارير",0,0,0,0,0,0,0,0,0,0,0,0,0,0,0,0,,no_grant
6,"أدارة الحركة وتشغيل",34,movement/map_page.php,"متابعة المشروع",1,1,1,1,1,1,1,0,0,0,0,1,1,1,0,0,site,derived_from_4flags
6,"أدارة الحركة وتشغيل",35,Clients/clients.php,العملاء,0,0,0,0,0,0,0,0,0,0,0,0,0,0,0,0,,no_grant
6,"أدارة الحركة وتشغيل",36,Projects/projects.php,المشاريع,0,0,0,0,0,0,0,0,0,0,0,0,0,0,0,0,,no_grant
6,"أدارة الحركة وتشغيل",37,Contracts/contracts.php,العقود,0,0,0,0,0,0,0,0,0,0,0,0,0,0,0,0,,no_grant
6,"أدارة الحركة وتشغيل",38,Equipments/manage_failure_codes.php,"تصنيفات الأعطال",0,0,0,0,0,0,0,0,0,0,0,0,0,0,0,0,,no_grant
6,"أدارة الحركة وتشغيل",40,Equipments/fleet_models.php,"الأنواع والموديلات",1,1,1,1,1,1,1,0,0,0,0,1,1,1,0,0,site,derived_from_4flags
6,"أدارة الحركة وتشغيل",41,Equipments/fleet_depreciation_profiles.php,"إعداد الإهلاك",1,1,1,1,1,1,1,0,0,0,0,1,1,1,0,0,site,derived_from_4flags
6,"أدارة الحركة وتشغيل",42,Maintenance/breakdowns.php,"البلاغات (غير مفعّلة)",0,0,0,0,0,0,0,0,0,0,0,0,0,0,0,0,,no_grant
6,"أدارة الحركة وتشغيل",43,Maintenance/orders.php,"أوامر الصيانة",0,0,0,0,0,0,0,0,0,0,0,0,0,0,0,0,,no_grant
6,"أدارة الحركة وتشغيل",44,Maintenance/inspections.php,"الفحص الفني اليومي",0,0,0,0,0,0,0,0,0,0,0,0,0,0,0,0,,no_grant
6,"أدارة الحركة وتشغيل",45,Maintenance/preventive_plans.php,"الصيانة الوقائية",0,0,0,0,0,0,0,0,0,0,0,0,0,0,0,0,,no_grant
6,"أدارة الحركة وتشغيل",46,Maintenance/master_data.php,"إعدادات الصيانة",0,0,0,0,0,0,0,0,0,0,0,0,0,0,0,0,,no_grant
6,"أدارة الحركة وتشغيل",47,Workforce/worker_register.php,"السجل التشغيلي للعامل",0,0,0,0,0,0,0,0,0,0,0,0,0,0,0,0,,no_grant
6,"أدارة الحركة وتشغيل",48,Workforce/worker_contract.php,"عقود العاملين",0,0,0,0,0,0,0,0,0,0,0,0,0,0,0,0,,no_grant
6,"أدارة الحركة وتشغيل",50,Workforce/worker_leave_absence.php,"الإجازات والغياب",0,0,0,0,0,0,0,0,0,0,0,0,0,0,0,0,,no_grant
6,"أدارة الحركة وتشغيل",51,Workforce/worker_movement.php,"تنقلات العاملين",0,0,0,0,0,0,0,0,0,0,0,0,0,0,0,0,,no_grant
6,"أدارة الحركة وتشغيل",52,Workforce/housing_units.php,"السكن والإعاشة",0,0,0,0,0,0,0,0,0,0,0,0,0,0,0,0,,no_grant
6,"أدارة الحركة وتشغيل",53,Workforce/worker_evaluation.php,"تقييم الأداء",0,0,0,0,0,0,0,0,0,0,0,0,0,0,0,0,,no_grant
6,"أدارة الحركة وتشغيل",54,Workforce/worker_settlement.php,"تسويات العاملين",0,0,0,0,0,0,0,0,0,0,0,0,0,0,0,0,,no_grant
6,"أدارة الحركة وتشغيل",55,Workforce/workforce_requirement.php,"احتياج القوى والتخطيط",0,0,0,0,0,0,0,0,0,0,0,0,0,0,0,0,,no_grant
6,"أدارة الحركة وتشغيل",56,Workforce/worker_worklog.php,"سجل الأحداث التشغيلية",0,0,0,0,0,0,0,0,0,0,0,0,0,0,0,0,,no_grant
6,"أدارة الحركة وتشغيل",57,Employees/job_titles.php,"المسميات الوظيفية",0,0,0,0,0,0,0,0,0,0,0,0,0,0,0,0,,no_grant
6,"أدارة الحركة وتشغيل",58,Employees/employee_roles.php,"الأدوار الوظيفية",0,0,0,0,0,0,0,0,0,0,0,0,0,0,0,0,,no_grant
6,"أدارة الحركة وتشغيل",59,Employees/equipment_operators.php,"المشغّلون والسائقون",0,0,0,0,0,0,0,0,0,0,0,0,0,0,0,0,,no_grant
6,"أدارة الحركة وتشغيل",60,main/users.php,"إدارة المستخدمين",0,0,0,0,0,0,0,0,0,0,0,0,0,0,0,0,,no_grant
6,"أدارة الحركة وتشغيل",61,main/all_assistants.php,المعاونون,0,0,0,0,0,0,0,0,0,0,0,0,0,0,0,0,,no_grant
6,"أدارة الحركة وتشغيل",62,Employees/employee_contracts.php,"عقود الموظفين",1,1,1,0,0,0,0,0,0,0,0,0,1,1,0,0,site,derived_from_4flags
6,"أدارة الحركة وتشغيل",63,Employees/employee_contracts_details.php,"ملف عقد الموظف",1,1,1,0,0,0,0,0,0,0,0,0,1,1,0,0,site,derived_from_4flags
6,"أدارة الحركة وتشغيل",64,Employees/employee_profile.php,"بطاقة الموظف",1,1,1,0,0,0,0,0,0,0,0,0,1,1,0,0,site,derived_from_4flags
6,"أدارة الحركة وتشغيل",65,Employees/showcontractemployee.php,"عرض عقد الموظف",1,1,1,0,0,0,0,0,0,0,0,0,1,1,0,0,site,derived_from_4flags
6,"أدارة الحركة وتشغيل",66,Opportunities/opportunities.php,"الفرص البيعية",0,0,0,0,0,0,0,0,0,0,0,0,0,0,0,0,,no_grant
6,"أدارة الحركة وتشغيل",67,Procurement/dashboard_proc.php,"لوحة المشتريات",0,0,0,0,0,0,0,0,0,0,0,0,0,0,0,0,,no_grant
6,"أدارة الحركة وتشغيل",68,Procurement/items_proc.php,"كتالوج الأصناف",0,0,0,0,0,0,0,0,0,0,0,0,0,0,0,0,,no_grant
6,"أدارة الحركة وتشغيل",69,Procurement/requests_proc.php,"طلبات الشراء",0,0,0,0,0,0,0,0,0,0,0,0,0,0,0,0,,no_grant
6,"أدارة الحركة وتشغيل",70,Procurement/orders_proc.php,"أوامر الشراء",0,0,0,0,0,0,0,0,0,0,0,0,0,0,0,0,,no_grant
6,"أدارة الحركة وتشغيل",71,Procurement/receipt_custody_proc.php,"الاستلام المؤقت",0,0,0,0,0,0,0,0,0,0,0,0,0,0,0,0,,no_grant
6,"أدارة الحركة وتشغيل",72,Procurement/stock_proc.php,المخزون,0,0,0,0,0,0,0,0,0,0,0,0,0,0,0,0,,no_grant
6,"أدارة الحركة وتشغيل",73,Procurement/issue_proc.php,"صرف المخزون والعهدة",0,0,0,0,0,0,0,0,0,0,0,0,0,0,0,0,,no_grant
6,"أدارة الحركة وتشغيل",74,Procurement/reordering_proc.php,"حدود إعادة الطلب",0,0,0,0,0,0,0,0,0,0,0,0,0,0,0,0,,no_grant
6,"أدارة الحركة وتشغيل",75,Procurement/suppliers_proc.php,"موردو المشتريات",0,0,0,0,0,0,0,0,0,0,0,0,0,0,0,0,,no_grant
6,"أدارة الحركة وتشغيل",76,Procurement/master_data_proc.php,"البيانات المرجعية",0,0,0,0,0,0,0,0,0,0,0,0,0,0,0,0,,no_grant
6,"أدارة الحركة وتشغيل",77,Clients/activities.php,"أنشطة العملاء",0,0,0,0,0,0,0,0,0,0,0,0,0,0,0,0,,no_grant
6,"أدارة الحركة وتشغيل",78,Clients/commercial_risks.php,"المخاطر التجارية",0,0,0,0,0,0,0,0,0,0,0,0,0,0,0,0,,no_grant
6,"أدارة الحركة وتشغيل",79,Clients/tenders.php,المناقصات,0,0,0,0,0,0,0,0,0,0,0,0,0,0,0,0,,no_grant
6,"أدارة الحركة وتشغيل",80,Clients/quotations.php,"عروض الأسعار",0,0,0,0,0,0,0,0,0,0,0,0,0,0,0,0,,no_grant
6,"أدارة الحركة وتشغيل",81,Clients/pricelists.php,"قوائم ونماذج التسعير",0,0,0,0,0,0,0,0,0,0,0,0,0,0,0,0,,no_grant
6,"أدارة الحركة وتشغيل",82,Clients/products.php,"كتالوج المنتجات والخدمات",0,0,0,0,0,0,0,0,0,0,0,0,0,0,0,0,,no_grant
6,"أدارة الحركة وتشغيل",83,Clients/units_of_measure.php,"وحدات القياس",0,0,0,0,0,0,0,0,0,0,0,0,0,0,0,0,,no_grant
6,"أدارة الحركة وتشغيل",84,Clients/contract_amendments.php,"ملاحق العقود وتجديداتها",0,0,0,0,0,0,0,0,0,0,0,0,0,0,0,0,,no_grant
6,"أدارة الحركة وتشغيل",85,Clients/contract_events.php,"سجل حركة العقد",0,0,0,0,0,0,0,0,0,0,0,0,0,0,0,0,,no_grant
6,"أدارة الحركة وتشغيل",86,Finance/events_list_fin.php,"المعاملات المالية",1,1,1,0,0,0,0,0,0,0,0,0,1,1,0,0,site,derived_from_4flags
6,"أدارة الحركة وتشغيل",87,Finance/accounts_fin.php,"دليل الحسابات",0,0,0,0,0,0,0,0,0,0,0,0,0,0,0,0,,no_grant
6,"أدارة الحركة وتشغيل",88,Finance/journal_form_fin.php,"القيود اليومية",0,0,0,0,0,0,0,0,0,0,0,0,0,0,0,0,,no_grant
6,"أدارة الحركة وتشغيل",89,Finance/budget_form_fin.php,"الميزانية والانحراف",1,1,1,1,1,1,1,0,0,0,0,0,1,1,0,0,site,derived_from_4flags
6,"أدارة الحركة وتشغيل",90,Finance/dues_fin.php,"الذمم والتحصيل",0,0,0,0,0,0,0,0,0,0,0,0,0,0,0,0,,no_grant
6,"أدارة الحركة وتشغيل",91,Finance/payments_fin.php,"المدفوعات والخزينة",0,0,0,0,0,0,0,0,0,0,0,0,0,0,0,0,,no_grant
6,"أدارة الحركة وتشغيل",92,Finance/cost_report_fin.php,"التكاليف والربحية",1,1,1,0,0,0,0,0,0,0,0,0,1,1,0,0,site,derived_from_4flags
6,"أدارة الحركة وتشغيل",93,Finance/periods_fin.php,"إقفال الفترات",0,0,0,0,0,0,0,0,0,0,0,0,0,0,0,0,,no_grant
6,"أدارة الحركة وتشغيل",94,Finance/funding_fin.php,"التمويل والالتزامات",0,0,0,0,0,0,0,0,0,0,0,0,0,0,0,0,,no_grant
6,"أدارة الحركة وتشغيل",95,Finance/cash_forecast_fin.php,"السيولة والتنبؤ النقدي",0,0,0,0,0,0,0,0,0,0,0,0,0,0,0,0,,no_grant
6,"أدارة الحركة وتشغيل",96,Finance/management_accounting_fin.php,"المحاسبة الإدارية",0,0,0,0,0,0,0,0,0,0,0,0,0,0,0,0,,no_grant
6,"أدارة الحركة وتشغيل",97,Finance/accountants_fin.php,"المحاسبون والوحدات",0,0,0,0,0,0,0,0,0,0,0,0,0,0,0,0,,no_grant
6,"أدارة الحركة وتشغيل",98,Finance/import_events_fin.php,"استقبال معاملات الإدارات",0,0,0,0,0,0,0,0,0,0,0,0,0,0,0,0,,no_grant
6,"أدارة الحركة وتشغيل",99,Finance/executive_dashboard_fin.php,"اللوحة التنفيذية",0,0,0,0,0,0,0,0,0,0,0,0,0,0,0,0,,no_grant
6,"أدارة الحركة وتشغيل",100,Finance/financial_statements_fin.php,"القوائم المالية",0,0,0,0,0,0,0,0,0,0,0,0,0,0,0,0,,no_grant
6,"أدارة الحركة وتشغيل",101,Finance/assets_fin.php,"الأصول والإهلاك",0,0,0,0,0,0,0,0,0,0,0,0,0,0,0,0,,no_grant
6,"أدارة الحركة وتشغيل",102,Finance/tax_fin.php,"الضرائب والقيمة المضافة",0,0,0,0,0,0,0,0,0,0,0,0,0,0,0,0,,no_grant
6,"أدارة الحركة وتشغيل",103,Finance/bank_reconciliation_fin.php,"المطابقة البنكية",0,0,0,0,0,0,0,0,0,0,0,0,0,0,0,0,,no_grant
6,"أدارة الحركة وتشغيل",104,Finance/cfo_daily_board_fin.php,"لوحة المدير المالي",0,0,0,0,0,0,0,0,0,0,0,0,0,0,0,0,,no_grant
6,"أدارة الحركة وتشغيل",105,Finance/unit_records_fin.php,"وحدات الأطراف",1,1,1,0,0,0,0,0,0,0,0,0,1,1,0,0,site,derived_from_4flags
6,"أدارة الحركة وتشغيل",106,Finance/supplier_statement_fin.php,"كشف حساب المورد",0,0,0,0,0,0,0,0,0,0,0,0,0,0,0,0,,no_grant
6,"أدارة الحركة وتشغيل",107,main/project_users.php,المعاونين,0,0,0,0,0,0,0,0,0,0,0,0,0,0,0,0,,no_grant
6,"أدارة الحركة وتشغيل",108,Transport/transfer_types_config.php,"إعدادات الترحيل",0,0,0,0,0,0,0,0,0,0,0,0,0,0,0,0,,no_grant
6,"أدارة الحركة وتشغيل",109,Transport/transfer_cost_rules_config.php,"قواعد تحميل تكلفة الترحيل",0,0,0,0,0,0,0,0,0,0,0,0,0,0,0,0,,no_grant
6,"أدارة الحركة وتشغيل",110,Transport/trs_locations_config.php,المواقع,0,0,0,0,0,0,0,0,0,0,0,0,0,0,0,0,,no_grant
6,"أدارة الحركة وتشغيل",111,Transport/transfer_requests.php,"موافقات الترحيل",0,0,0,0,0,0,0,0,0,0,0,0,0,0,0,0,,no_grant
6,"أدارة الحركة وتشغيل",112,Transport/transfer_orders_list.php,"أوامر الترحيل",0,0,0,0,0,0,0,0,0,0,0,0,0,0,0,0,,no_grant
6,"أدارة الحركة وتشغيل",113,Transport/transfer_dashboard.php,"لوحة الرحلات",0,0,0,0,0,0,0,0,0,0,0,0,0,0,0,0,,no_grant
6,"أدارة الحركة وتشغيل",114,FinRequests/request_form.php,"طلب مالي جديد",1,1,1,1,1,1,1,0,0,0,0,0,1,1,0,0,site,derived_from_4flags
6,"أدارة الحركة وتشغيل",115,FinRequests/my_requests.php,"طلباتي المالية",1,1,1,0,0,0,0,0,0,0,0,0,1,1,0,0,site,derived_from_4flags
6,"أدارة الحركة وتشغيل",116,FinRequests/dept_inbox.php,"موافقات إدارتي",1,1,1,0,0,0,0,0,0,0,0,0,1,1,0,0,site,derived_from_4flags
6,"أدارة الحركة وتشغيل",117,FinRequests/accountant_desk.php,"مكتب المحاسب",0,0,0,0,0,0,0,0,0,0,0,0,0,0,0,0,,no_grant
6,"أدارة الحركة وتشغيل",118,FinRequests/finance_gateway.php,"الطلبات المالية",0,0,0,0,0,0,0,0,0,0,0,0,0,0,0,0,,no_grant
6,"أدارة الحركة وتشغيل",119,FinRequests/effect_map.php,"سجل الحركة المالية",0,0,0,0,0,0,0,0,0,0,0,0,0,0,0,0,,no_grant
6,"أدارة الحركة وتشغيل",120,FinRequests/routing_admin.php,"قواعد توجيه الطلبات",0,0,0,0,0,0,0,0,0,0,0,0,0,0,0,0,,no_grant
6,"أدارة الحركة وتشغيل",121,FinRequests/cycle_time_board.php,"زمن دورة الطلبات",0,0,0,0,0,0,0,0,0,0,0,0,0,0,0,0,,no_grant
6,"أدارة الحركة وتشغيل",122,FinRequests/requests_reports.php,"تقارير الطلبات المالية",0,0,0,0,0,0,0,0,0,0,0,0,0,0,0,0,,no_grant
6,"أدارة الحركة وتشغيل",123,Settings/role_permissions.php,"صلاحيات الأدوار",0,0,0,0,0,0,0,0,0,0,0,0,0,0,0,0,,no_grant
6,"أدارة الحركة وتشغيل",124,Settings/roles.php,الأدوار,0,0,0,0,0,0,0,0,0,0,0,0,0,0,0,0,,no_grant
6,"أدارة الحركة وتشغيل",125,Finance/variance_monitor_fin.php,"متابعة الانحراف",0,0,0,0,0,0,0,0,0,0,0,0,0,0,0,0,,no_grant
6,"أدارة الحركة وتشغيل",126,Finance/maintenance_provision_fin.php,"قواعد مخصص الصيانة",0,0,0,0,0,0,0,0,0,0,0,0,0,0,0,0,,no_grant
6,"أدارة الحركة وتشغيل",127,Clients/contract_commitments.php,"التزامات العقود",0,0,0,0,0,0,0,0,0,0,0,0,0,0,0,0,,no_grant
6,"أدارة الحركة وتشغيل",128,Finance/operator_pay_fin.php,"قواعد مستحقات المشغّلين",0,0,0,0,0,0,0,0,0,0,0,0,0,0,0,0,,no_grant
6,"أدارة الحركة وتشغيل",129,Clients/readiness_lines.php,"جاهزية العروض",0,0,0,0,0,0,0,0,0,0,0,0,0,0,0,0,,no_grant
6,"أدارة الحركة وتشغيل",130,Tickets/ticket_types_config.php,"إعداد أنواع البلاغات",0,0,0,0,0,0,0,0,0,0,0,0,0,0,0,0,,no_grant
6,"أدارة الحركة وتشغيل",131,Tickets/ticket_categories_config.php,"تصنيفات الأعطال والبلاغات",0,0,0,0,0,0,0,0,0,0,0,0,0,0,0,0,,no_grant
6,"أدارة الحركة وتشغيل",132,Tickets/tickets_list.php,البلاغات,0,0,0,0,0,0,0,0,0,0,0,0,0,0,0,0,,no_grant
6,"أدارة الحركة وتشغيل",133,Tickets/ticket_form.php,"تسجيل بلاغ",0,0,0,0,0,0,0,0,0,0,0,0,0,0,0,0,,no_grant
6,"أدارة الحركة وتشغيل",134,Tickets/ticket_sla_config.php,"أزمنة الاستجابة والإنجاز",0,0,0,0,0,0,0,0,0,0,0,0,0,0,0,0,,no_grant
6,"أدارة الحركة وتشغيل",135,Tickets/ticket_escalation_config.php,"سلّم التصعيد",0,0,0,0,0,0,0,0,0,0,0,0,0,0,0,0,,no_grant
6,"أدارة الحركة وتشغيل",136,Tickets/ticket_recurrence.php,"البلاغات الدورية",0,0,0,0,0,0,0,0,0,0,0,0,0,0,0,0,,no_grant
6,"أدارة الحركة وتشغيل",137,Tickets/ticket_dashboard.php,"أداء البلاغات",0,0,0,0,0,0,0,0,0,0,0,0,0,0,0,0,,no_grant
6,"أدارة الحركة وتشغيل",138,Maintenance/dashboard_mnt.php,"لوحة إدارة الصيانة",0,0,0,0,0,0,0,0,0,0,0,0,0,0,0,0,,no_grant
6,"أدارة الحركة وتشغيل",139,main/role_board.php,"لوحة الدور",1,1,1,0,0,0,0,0,0,0,0,0,1,1,0,0,site,derived_from_4flags
6,"أدارة الحركة وتشغيل",140,Finance/operator_pay_policies_fin.php,"سياسات مستحقات المشغّلين",0,0,0,0,0,0,0,0,0,0,0,0,0,0,0,0,,no_grant
6,"أدارة الحركة وتشغيل",141,Equipments/equipment_documents.php,"وثائق المعدات والمشغّلين",0,0,0,0,0,0,0,0,0,0,0,0,0,0,0,0,,no_grant
6,"أدارة الحركة وتشغيل",142,Contracts/claims.php,المستخلصات,0,0,0,0,0,0,0,0,0,0,0,0,0,0,0,0,,no_grant
6,"أدارة الحركة وتشغيل",143,Finance/currencies_fin.php,"العملات وأسعار الصرف",0,0,0,0,0,0,0,0,0,0,0,0,0,0,0,0,,no_grant
6,"أدارة الحركة وتشغيل",144,Suppliers/settlements.php,"تسويات الموردين",0,0,0,0,0,0,0,0,0,0,0,0,0,0,0,0,,no_grant
6,"أدارة الحركة وتشغيل",145,Contracts/contract_obligations.php,"مصفوفة التزامات العقد",0,0,0,0,0,0,0,0,0,0,0,0,0,0,0,0,,no_grant
6,"أدارة الحركة وتشغيل",146,Approvals/attribution_board.php,"لوحة الإسناد اليومي",0,0,0,0,0,0,0,0,0,0,0,0,0,0,0,0,,no_grant
6,"أدارة الحركة وتشغيل",147,Contracts/penalties.php,"احتساب الجزاءات والحوافز",0,0,0,0,0,0,0,0,0,0,0,0,0,0,0,0,,no_grant
6,"أدارة الحركة وتشغيل",148,Workforce/employee_settlements.php,"تسويات الموظفين",0,0,0,0,0,0,0,0,0,0,0,0,0,0,0,0,,no_grant
6,"أدارة الحركة وتشغيل",149,Operations/containers.php,"حاويات العقود",0,0,0,0,0,0,0,0,0,0,0,0,0,0,0,0,,no_grant
6,"أدارة الحركة وتشغيل",150,Projects/sites.php,"مواقع التنفيذ",0,0,0,0,0,0,0,0,0,0,0,0,0,0,0,0,,no_grant
6,"أدارة الحركة وتشغيل",151,Workforce/contract_registry.php,"سجل العقود الموحّد",0,0,0,0,0,0,0,0,0,0,0,0,0,0,0,0,,no_grant
6,"أدارة الحركة وتشغيل",152,Operations/daily_plan.php,"خطة عمل الغد",0,0,0,0,0,0,0,0,0,0,0,0,0,0,0,0,,no_grant
6,"أدارة الحركة وتشغيل",153,Suppliers/supplier_contract_lines.php,"بنود عقد المورد",0,0,0,0,0,0,0,0,0,0,0,0,0,0,0,0,,no_grant
6,"أدارة الحركة وتشغيل",154,Contracts/price_terms.php,"شروط تعديل السعر",0,0,0,0,0,0,0,0,0,0,0,0,0,0,0,0,,no_grant
6,"أدارة الحركة وتشغيل",155,Equipments/meter_readings.php,"قراءات العدّادات",0,0,0,0,0,0,0,0,0,0,0,0,0,0,0,0,,no_grant
6,"أدارة الحركة وتشغيل",156,Workforce/payroll_runs.php,"مسيّر الرواتب",0,0,0,0,0,0,0,0,0,0,0,0,0,0,0,0,,no_grant
6,"أدارة الحركة وتشغيل",157,Workforce/employee_advances.php,"سلفيات الموظفين",0,0,0,0,0,0,0,0,0,0,0,0,0,0,0,0,,no_grant
6,"أدارة الحركة وتشغيل",158,Suppliers/supplier_advances.php,"سلفيات الموردين",0,0,0,0,0,0,0,0,0,0,0,0,0,0,0,0,,no_grant
6,"أدارة الحركة وتشغيل",159,Suppliers/supplier_rules.php,"قواعد تحميل المورد وجزاءاته",0,0,0,0,0,0,0,0,0,0,0,0,0,0,0,0,,no_grant
6,"أدارة الحركة وتشغيل",160,Suppliers/supplier_capacity.php,"الطاقة والجاهزية ومهلة الإحلال",0,0,0,0,0,0,0,0,0,0,0,0,0,0,0,0,,no_grant
6,"أدارة الحركة وتشغيل",161,Suppliers/supplier_evaluation.php,"تقييم المورد الدوري",0,0,0,0,0,0,0,0,0,0,0,0,0,0,0,0,,no_grant
6,"أدارة الحركة وتشغيل",162,Suppliers/supplier_closure.php,"تصفية إنهاء عقد المورد",0,0,0,0,0,0,0,0,0,0,0,0,0,0,0,0,,no_grant
6,"أدارة الحركة وتشغيل",163,Suppliers/supplier_documents.php,"وثائق المورد وحسابه البنكي",0,0,0,0,0,0,0,0,0,0,0,0,0,0,0,0,,no_grant
6,"أدارة الحركة وتشغيل",164,Contracts/tax_invoices.php,"الفاتورة الضريبية",0,0,0,0,0,0,0,0,0,0,0,0,0,0,0,0,,no_grant
6,"أدارة الحركة وتشغيل",165,Contracts/client_statement.php,"كشف حساب العميل",0,0,0,0,0,0,0,0,0,0,0,0,0,0,0,0,,no_grant
6,"أدارة الحركة وتشغيل",166,Contracts/collections.php,"الذمم والتحصيل",0,0,0,0,0,0,0,0,0,0,0,0,0,0,0,0,,no_grant
6,"أدارة الحركة وتشغيل",167,Workforce/final_settlement.php,"تصفية إنهاء خدمة الموظف",0,0,0,0,0,0,0,0,0,0,0,0,0,0,0,0,,no_grant
6,"أدارة الحركة وتشغيل",168,Transport/transfer_tariffs.php,"تعرفة الترحيل وتسعير الأوامر",0,0,0,0,0,0,0,0,0,0,0,0,0,0,0,0,,no_grant
6,"أدارة الحركة وتشغيل",169,Finance/periodic_events_fin.php,"الدوريات المالية",0,0,0,0,0,0,0,0,0,0,0,0,0,0,0,0,,no_grant
6,"أدارة الحركة وتشغيل",171,Suppliers/rfq_requests.php,"طلبات عروض الموردين",0,0,0,0,0,0,0,0,0,0,0,0,0,0,0,0,,no_grant
6,"أدارة الحركة وتشغيل",172,Contracts/contract_sites.php,"نطاقات العقد التشغيلية",1,1,1,0,0,0,0,0,0,0,0,0,1,1,0,0,site,derived_from_4flags
6,"أدارة الحركة وتشغيل",173,Contracts/contract_lines.php,"بنود عقد العميل وقيمته",0,0,0,0,0,0,0,0,0,0,0,0,0,0,0,0,,no_grant
6,"أدارة الحركة وتشغيل",174,Contracts/contract_monthly_plan.php,"الجدول الشهري للعقد",1,1,1,0,0,0,0,0,0,0,0,0,1,1,0,0,site,derived_from_4flags
6,"أدارة الحركة وتشغيل",175,Contracts/contract_resource_plan.php,"خطة موارد العقد",1,1,1,0,0,0,0,0,0,0,0,0,1,1,0,0,site,derived_from_4flags
6,"أدارة الحركة وتشغيل",176,Contracts/contract_payment_schedule.php,"خطة دفع العقد",0,0,0,0,0,0,0,0,0,0,0,0,0,0,0,0,,no_grant
6,"أدارة الحركة وتشغيل",177,Contracts/contract_guarantees.php,"ضمانات العقد",0,0,0,0,0,0,0,0,0,0,0,0,0,0,0,0,,no_grant
6,"أدارة الحركة وتشغيل",178,Contracts/plan_actual_link.php,"ربط الخطة بالفعلي",0,0,0,0,0,0,0,0,0,0,0,0,0,0,0,0,,no_grant
6,"أدارة الحركة وتشغيل",179,Contracts/contract_baseline.php,"خط أساس العقد",0,0,0,0,0,0,0,0,0,0,0,0,0,0,0,0,,no_grant
6,"أدارة الحركة وتشغيل",180,Contracts/contract_lifecycle.php,"اقتصاد دورة حياة العقد",0,0,0,0,0,0,0,0,0,0,0,0,0,0,0,0,,no_grant
6,"أدارة الحركة وتشغيل",181,Contracts/commercial_board.php,"اللوحة التجارية للعقود",0,0,0,0,0,0,0,0,0,0,0,0,0,0,0,0,,no_grant
6,"أدارة الحركة وتشغيل",182,user_capacities.php,"صفاتي ومبدّل المساحة",1,1,1,0,0,0,0,0,0,0,0,0,1,1,0,0,site,derived_from_4flags
6,"أدارة الحركة وتشغيل",183,Portal/visibility_keys.php,"مفاتيح الظهور",0,0,0,0,0,0,0,0,0,0,0,0,0,0,0,0,,no_grant
6,"أدارة الحركة وتشغيل",184,Portal/portal_elements.php,"مكوّنات البوابة",0,0,0,0,0,0,0,0,0,0,0,0,0,0,0,0,,no_grant
6,"أدارة الحركة وتشغيل",185,Portal/visibility_simulator.php,"من يرى ماذا (محاكاة)",0,0,0,0,0,0,0,0,0,0,0,0,0,0,0,0,,no_grant
6,"أدارة الحركة وتشغيل",186,Portal/visibility_audit.php,"سجل تدقيق الظهور",0,0,0,0,0,0,0,0,0,0,0,0,0,0,0,0,,no_grant
6,"أدارة الحركة وتشغيل",187,Portal/my_portal.php,بوابتي,1,1,1,0,0,0,0,0,0,0,0,0,1,1,0,0,site,derived_from_4flags
6,"أدارة الحركة وتشغيل",188,Portal/my_achievement.php,إنجازي,1,1,1,0,0,0,0,0,0,0,0,0,1,1,0,0,site,derived_from_4flags
6,"أدارة الحركة وتشغيل",189,Portal/my_evaluation.php,"التقييم الثنائي",1,1,1,1,0,1,0,0,0,0,0,0,1,1,0,0,site,derived_from_4flags
6,"أدارة الحركة وتشغيل",190,Portal/my_certificate.php,"شهادة الإنجاز",1,1,1,0,0,0,0,0,0,0,0,0,1,1,0,0,site,derived_from_4flags
6,"أدارة الحركة وتشغيل",191,Portal/workspace.php,"مساحة العمل",1,1,1,0,0,0,0,0,0,0,0,0,1,1,0,0,site,derived_from_4flags
6,"أدارة الحركة وتشغيل",192,Finance/approvals_inbox.php,"صندوق الاعتمادات الموحد",0,0,0,0,0,0,0,0,0,0,0,0,0,0,0,0,,no_grant
6,"أدارة الحركة وتشغيل",193,Operations/operations_room.php,"غرفة عمليات التشغيل",1,1,1,0,0,0,0,0,0,0,0,0,1,1,0,0,site,derived_from_4flags
6,"أدارة الحركة وتشغيل",194,Operations/distribution_space.php,"مساحة التوزيع",1,1,1,0,0,0,0,0,0,0,0,0,1,1,0,0,site,derived_from_4flags
6,"أدارة الحركة وتشغيل",195,Reports/daily_units_report.php,"سجل الوحدات اليومية",0,0,0,0,0,0,0,0,0,0,0,0,0,0,0,0,,no_grant
6,"أدارة الحركة وتشغيل",196,Fleet/readiness_board.php,"لوحة الجاهزية",0,0,0,0,0,0,0,0,0,0,0,0,0,0,0,0,,no_grant
6,"أدارة الحركة وتشغيل",197,Maintenance/failure_report.php,"تقرير الأعطال (التصنيف الموحد)",0,0,0,0,0,0,0,0,0,0,0,0,0,0,0,0,,no_grant
6,"أدارة الحركة وتشغيل",198,Procurement/supplier_card_proc.php,"بطاقة مورد المشتريات",0,0,0,0,0,0,0,0,0,0,0,0,0,0,0,0,,no_grant
6,"أدارة الحركة وتشغيل",199,Procurement/warehouse_board.php,"لوحة أمين المستودع",0,0,0,0,0,0,0,0,0,0,0,0,0,0,0,0,,no_grant
6,"أدارة الحركة وتشغيل",200,Contracts/contract_card.php,"بطاقة العقد الأم",0,0,0,0,0,0,0,0,0,0,0,0,0,0,0,0,,no_grant
6,"أدارة الحركة وتشغيل",201,Employees/employee_card.php,"بطاقة الموظف",0,0,0,0,0,0,0,0,0,0,0,0,0,0,0,0,,no_grant
6,"أدارة الحركة وتشغيل",202,Reports/margin_report.php,"هامش الواقعة والعقد",0,0,0,0,0,0,0,0,0,0,0,0,0,0,0,0,,no_grant
6,"أدارة الحركة وتشغيل",203,Reports/exceptions_report.php,"تقرير الاستثناءات",0,0,0,0,0,0,0,0,0,0,0,0,0,0,0,0,,no_grant
6,"أدارة الحركة وتشغيل",204,Reports/guard_denials_report.php,"تقرير المنع",0,0,0,0,0,0,0,0,0,0,0,0,0,0,0,0,,no_grant
6,"أدارة الحركة وتشغيل",205,Settings/guard_classification.php,"تصنيف الحمايات",0,0,0,0,0,0,0,0,0,0,0,0,0,0,0,0,,no_grant
6,"أدارة الحركة وتشغيل",206,Governance/entities_registry.php,"سجل الكيانات",0,0,0,0,0,0,0,0,0,0,0,0,0,0,0,0,,no_grant
6,"أدارة الحركة وتشغيل",207,Governance/signing_authority.php,"التفويض بالتوقيع",0,0,0,0,0,0,0,0,0,0,0,0,0,0,0,0,,no_grant
6,"أدارة الحركة وتشغيل",208,Governance/licenses_guarantees.php,"التراخيص والكفالات",0,0,0,0,0,0,0,0,0,0,0,0,0,0,0,0,,no_grant
6,"أدارة الحركة وتشغيل",209,Governance/activation_patterns.php,"أنماط التفعيل",0,0,0,0,0,0,0,0,0,0,0,0,0,0,0,0,,no_grant
6,"أدارة الحركة وتشغيل",210,Financing/financiers_registry.php,"سجل الممولين",0,0,0,0,0,0,0,0,0,0,0,0,0,0,0,0,,no_grant
6,"أدارة الحركة وتشغيل",211,Financing/financing_operation_new.php,"إنشاء عملية تمويل",0,0,0,0,0,0,0,0,0,0,0,0,0,0,0,0,,no_grant
6,"أدارة الحركة وتشغيل",212,Reports/approval_lag_report.php,"الاعتمادات المتأخرة والوثائق",0,0,0,0,0,0,0,0,0,0,0,0,0,0,0,0,,no_grant
6,"أدارة الحركة وتشغيل",213,Governance/ownership_grants.php,"منح المجال المقيَّد",0,0,0,0,0,0,0,0,0,0,0,0,0,0,0,0,,no_grant
6,"أدارة الحركة وتشغيل",214,Financing/financing_board.php,"لوحة إدارة التمويل",0,0,0,0,0,0,0,0,0,0,0,0,0,0,0,0,,no_grant
6,"أدارة الحركة وتشغيل",215,admin/ops_manager_board.php,"لوحة مدير التشغيل",0,0,0,0,0,0,0,0,0,0,0,0,0,0,0,0,,no_grant
6,"أدارة الحركة وتشغيل",216,admin/org_assignments.php,"التكليفات التنظيمية",1,1,1,0,0,0,0,0,0,0,0,0,1,1,0,0,site,derived_from_4flags
6,"أدارة الحركة وتشغيل",217,admin/org_structure.php,"الهيكل التنظيمي",1,1,1,0,0,0,0,0,0,0,0,0,1,1,0,0,site,derived_from_4flags
6,"أدارة الحركة وتشغيل",218,admin/org_permits.php,"أذونات المواقع",1,1,1,1,1,1,1,0,0,0,0,0,1,1,0,0,site,derived_from_4flags
6,"أدارة الحركة وتشغيل",222,admin/sec_governance.php,"مركز حوكمة الصلاحيات",0,0,0,0,0,0,0,0,0,0,0,0,0,0,0,0,,no_grant
6,"أدارة الحركة وتشغيل",223,admin/sec_employee_wizard.php,"معالج إعداد الموظف",0,0,0,0,0,0,0,0,0,0,0,0,0,0,0,0,,no_grant
6,"أدارة الحركة وتشغيل",225,Tickets/ticket_workstreams_board.php,"لوحة مسارات البلاغات",0,0,0,0,0,0,0,0,0,0,0,0,0,0,0,0,,no_grant
6,"أدارة الحركة وتشغيل",226,Tickets/watchtower.php,"برج المراقبة",0,0,0,0,0,0,0,0,0,0,0,0,0,0,0,0,,no_grant
6,"أدارة الحركة وتشغيل",227,Tickets/ticket_contextual_open.php,"بلاغ سياقي جديد",1,1,1,1,0,1,0,0,0,0,0,0,1,1,0,0,site,derived_from_4flags
6,"أدارة الحركة وتشغيل",228,main/my_workspace.php,"مساحة عملي",1,1,1,0,0,0,0,0,0,0,0,0,1,1,0,0,site,derived_from_4flags
7,"مشرف - مشاريع",1,Clients/clients.php,العملاء,1,1,1,0,0,0,0,0,0,0,0,0,1,1,0,0,company,derived_from_4flags
7,"مشرف - مشاريع",2,Projects/projects.php,المشاريع,1,1,1,0,0,0,0,0,0,0,0,0,1,1,0,0,company,derived_from_4flags
7,"مشرف - مشاريع",3,main/users.php,الصلاحيات,1,1,1,0,0,0,0,0,0,0,0,0,1,1,0,0,company,derived_from_4flags
7,"مشرف - مشاريع",4,Reports/reports.php,"مركز التقارير",1,1,1,0,0,0,0,0,0,0,0,0,1,1,0,0,company,derived_from_4flags
7,"مشرف - مشاريع",5,Equipments/equipments_types.php,"أنواع المعدات",1,1,1,0,0,0,0,0,0,0,0,0,1,1,0,0,company,derived_from_4flags
7,"مشرف - مشاريع",6,Reports/reports.php,"مركز التقارير",0,0,0,0,0,0,0,0,0,0,0,0,0,0,0,0,,no_grant
7,"مشرف - مشاريع",7,Employees/employees.php,الموظفون,0,0,0,0,0,0,0,0,0,0,0,0,0,0,0,0,,no_grant
7,"مشرف - مشاريع",8,Equipments/equipments_fleet.php,المعدات,0,0,0,0,0,0,0,0,0,0,0,0,0,0,0,0,,no_grant
7,"مشرف - مشاريع",9,Oprators/oprators.php,"شاشة التشغيل",0,0,0,0,0,0,0,0,0,0,0,0,0,0,0,0,,no_grant
7,"مشرف - مشاريع",10,Timesheet/timesheet_type.php,"تسجيل الوحدات",0,0,0,0,0,0,0,0,0,0,0,0,0,0,0,0,,no_grant
7,"مشرف - مشاريع",11,Settings/settings.php,الإعدادات,1,1,1,0,0,0,0,0,0,0,0,0,1,1,0,0,company,derived_from_4flags
7,"مشرف - مشاريع",12,ActivityLogs/activity_logs.php,"سجل النشاط",1,1,1,0,0,0,0,0,0,0,0,0,1,1,0,0,company,derived_from_4flags
7,"مشرف - مشاريع",14,main/project_users.php,"مشرفو الموردين",0,0,0,0,0,0,0,0,0,0,0,0,0,0,0,0,,no_grant
7,"مشرف - مشاريع",15,main/project_users.php,المشرفين,0,0,0,0,0,0,0,0,0,0,0,0,0,0,0,0,,no_grant
7,"مشرف - مشاريع",16,main/project_users.php,المشرفين,0,0,0,0,0,0,0,0,0,0,0,0,0,0,0,0,,no_grant
7,"مشرف - مشاريع",17,main/project_users.php,"إدارة المعاونين",0,0,0,0,0,0,0,0,0,0,0,0,0,0,0,0,,no_grant
7,"مشرف - مشاريع",18,main/project_users.php,المشرفين,0,0,0,0,0,0,0,0,0,0,0,0,0,0,0,0,,no_grant
7,"مشرف - مشاريع",20,Contracts/contracts.php,العقود,1,1,1,0,0,0,0,0,0,0,0,0,1,1,0,0,company,derived_from_4flags
7,"مشرف - مشاريع",21,Contracts/contracts_details.php,"ملف عقد المشروع",1,1,1,0,0,0,0,0,0,0,0,0,1,1,0,0,company,derived_from_4flags
7,"مشرف - مشاريع",22,Suppliers/suppliers.php,الموردون,0,0,0,0,0,0,0,0,0,0,0,0,0,0,0,0,,no_grant
7,"مشرف - مشاريع",23,Oprators/select_project.php,التشغيل,0,0,0,0,0,0,0,0,0,0,0,0,0,0,0,0,,no_grant
7,"مشرف - مشاريع",24,Settings/settings.php,الإعدادات,0,0,0,0,0,0,0,0,0,0,0,0,0,0,0,0,,no_grant
7,"مشرف - مشاريع",25,Suppliers/supplierscontracts.php,"عقود الموردين",0,0,0,0,0,0,0,0,0,0,0,0,0,0,0,0,,no_grant
7,"مشرف - مشاريع",26,Suppliers/supplierscontracts_details.php,"ملف عقد المورد",0,0,0,0,0,0,0,0,0,0,0,0,0,0,0,0,,no_grant
7,"مشرف - مشاريع",27,Equipments/equipments_drivers.php,المعدات,0,0,0,0,0,0,0,0,0,0,0,0,0,0,0,0,,no_grant
7,"مشرف - مشاريع",28,Reports/reports.php,"مركز التقارير",0,0,0,0,0,0,0,0,0,0,0,0,0,0,0,0,,no_grant
7,"مشرف - مشاريع",29,movement/project_drivers.php,"توزيع المشغّلين",0,0,0,0,0,0,0,0,0,0,0,0,0,0,0,0,,no_grant
7,"مشرف - مشاريع",30,movement/movement_operations.php,الورديات,0,0,0,0,0,0,0,0,0,0,0,0,0,0,0,0,,no_grant
7,"مشرف - مشاريع",31,Reports/reports.php,"مركز التقارير",0,0,0,0,0,0,0,0,0,0,0,0,0,0,0,0,,no_grant
7,"مشرف - مشاريع",32,Reports/reports.php,"مركز التقارير",0,0,0,0,0,0,0,0,0,0,0,0,0,0,0,0,,no_grant
7,"مشرف - مشاريع",34,movement/map_page.php,"متابعة المشروع",0,0,0,0,0,0,0,0,0,0,0,0,0,0,0,0,,no_grant
7,"مشرف - مشاريع",35,Clients/clients.php,العملاء,0,0,0,0,0,0,0,0,0,0,0,0,0,0,0,0,,no_grant
7,"مشرف - مشاريع",36,Projects/projects.php,المشاريع,0,0,0,0,0,0,0,0,0,0,0,0,0,0,0,0,,no_grant
7,"مشرف - مشاريع",37,Contracts/contracts.php,العقود,0,0,0,0,0,0,0,0,0,0,0,0,0,0,0,0,,no_grant
7,"مشرف - مشاريع",38,Equipments/manage_failure_codes.php,"تصنيفات الأعطال",0,0,0,0,0,0,0,0,0,0,0,0,0,0,0,0,,no_grant
7,"مشرف - مشاريع",40,Equipments/fleet_models.php,"الأنواع والموديلات",0,0,0,0,0,0,0,0,0,0,0,0,0,0,0,0,,no_grant
7,"مشرف - مشاريع",41,Equipments/fleet_depreciation_profiles.php,"إعداد الإهلاك",0,0,0,0,0,0,0,0,0,0,0,0,0,0,0,0,,no_grant
7,"مشرف - مشاريع",42,Maintenance/breakdowns.php,"البلاغات (غير مفعّلة)",0,0,0,0,0,0,0,0,0,0,0,0,0,0,0,0,,no_grant
7,"مشرف - مشاريع",43,Maintenance/orders.php,"أوامر الصيانة",0,0,0,0,0,0,0,0,0,0,0,0,0,0,0,0,,no_grant
7,"مشرف - مشاريع",44,Maintenance/inspections.php,"الفحص الفني اليومي",0,0,0,0,0,0,0,0,0,0,0,0,0,0,0,0,,no_grant
7,"مشرف - مشاريع",45,Maintenance/preventive_plans.php,"الصيانة الوقائية",0,0,0,0,0,0,0,0,0,0,0,0,0,0,0,0,,no_grant
7,"مشرف - مشاريع",46,Maintenance/master_data.php,"إعدادات الصيانة",0,0,0,0,0,0,0,0,0,0,0,0,0,0,0,0,,no_grant
7,"مشرف - مشاريع",47,Workforce/worker_register.php,"السجل التشغيلي للعامل",0,0,0,0,0,0,0,0,0,0,0,0,0,0,0,0,,no_grant
7,"مشرف - مشاريع",48,Workforce/worker_contract.php,"عقود العاملين",0,0,0,0,0,0,0,0,0,0,0,0,0,0,0,0,,no_grant
7,"مشرف - مشاريع",50,Workforce/worker_leave_absence.php,"الإجازات والغياب",0,0,0,0,0,0,0,0,0,0,0,0,0,0,0,0,,no_grant
7,"مشرف - مشاريع",51,Workforce/worker_movement.php,"تنقلات العاملين",0,0,0,0,0,0,0,0,0,0,0,0,0,0,0,0,,no_grant
7,"مشرف - مشاريع",52,Workforce/housing_units.php,"السكن والإعاشة",0,0,0,0,0,0,0,0,0,0,0,0,0,0,0,0,,no_grant
7,"مشرف - مشاريع",53,Workforce/worker_evaluation.php,"تقييم الأداء",0,0,0,0,0,0,0,0,0,0,0,0,0,0,0,0,,no_grant
7,"مشرف - مشاريع",54,Workforce/worker_settlement.php,"تسويات العاملين",0,0,0,0,0,0,0,0,0,0,0,0,0,0,0,0,,no_grant
7,"مشرف - مشاريع",55,Workforce/workforce_requirement.php,"احتياج القوى والتخطيط",0,0,0,0,0,0,0,0,0,0,0,0,0,0,0,0,,no_grant
7,"مشرف - مشاريع",56,Workforce/worker_worklog.php,"سجل الأحداث التشغيلية",0,0,0,0,0,0,0,0,0,0,0,0,0,0,0,0,,no_grant
7,"مشرف - مشاريع",57,Employees/job_titles.php,"المسميات الوظيفية",0,0,0,0,0,0,0,0,0,0,0,0,0,0,0,0,,no_grant
7,"مشرف - مشاريع",58,Employees/employee_roles.php,"الأدوار الوظيفية",0,0,0,0,0,0,0,0,0,0,0,0,0,0,0,0,,no_grant
7,"مشرف - مشاريع",59,Employees/equipment_operators.php,"المشغّلون والسائقون",0,0,0,0,0,0,0,0,0,0,0,0,0,0,0,0,,no_grant
7,"مشرف - مشاريع",60,main/users.php,"إدارة المستخدمين",0,0,0,0,0,0,0,0,0,0,0,0,0,0,0,0,,no_grant
7,"مشرف - مشاريع",61,main/all_assistants.php,المعاونون,0,0,0,0,0,0,0,0,0,0,0,0,0,0,0,0,,no_grant
7,"مشرف - مشاريع",62,Employees/employee_contracts.php,"عقود الموظفين",0,0,0,0,0,0,0,0,0,0,0,0,0,0,0,0,,no_grant
7,"مشرف - مشاريع",63,Employees/employee_contracts_details.php,"ملف عقد الموظف",0,0,0,0,0,0,0,0,0,0,0,0,0,0,0,0,,no_grant
7,"مشرف - مشاريع",64,Employees/employee_profile.php,"بطاقة الموظف",0,0,0,0,0,0,0,0,0,0,0,0,0,0,0,0,,no_grant
7,"مشرف - مشاريع",65,Employees/showcontractemployee.php,"عرض عقد الموظف",0,0,0,0,0,0,0,0,0,0,0,0,0,0,0,0,,no_grant
7,"مشرف - مشاريع",66,Opportunities/opportunities.php,"الفرص البيعية",0,0,0,0,0,0,0,0,0,0,0,0,0,0,0,0,,no_grant
7,"مشرف - مشاريع",67,Procurement/dashboard_proc.php,"لوحة المشتريات",0,0,0,0,0,0,0,0,0,0,0,0,0,0,0,0,,no_grant
7,"مشرف - مشاريع",68,Procurement/items_proc.php,"كتالوج الأصناف",0,0,0,0,0,0,0,0,0,0,0,0,0,0,0,0,,no_grant
7,"مشرف - مشاريع",69,Procurement/requests_proc.php,"طلبات الشراء",0,0,0,0,0,0,0,0,0,0,0,0,0,0,0,0,,no_grant
7,"مشرف - مشاريع",70,Procurement/orders_proc.php,"أوامر الشراء",0,0,0,0,0,0,0,0,0,0,0,0,0,0,0,0,,no_grant
7,"مشرف - مشاريع",71,Procurement/receipt_custody_proc.php,"الاستلام المؤقت",0,0,0,0,0,0,0,0,0,0,0,0,0,0,0,0,,no_grant
7,"مشرف - مشاريع",72,Procurement/stock_proc.php,المخزون,0,0,0,0,0,0,0,0,0,0,0,0,0,0,0,0,,no_grant
7,"مشرف - مشاريع",73,Procurement/issue_proc.php,"صرف المخزون والعهدة",0,0,0,0,0,0,0,0,0,0,0,0,0,0,0,0,,no_grant
7,"مشرف - مشاريع",74,Procurement/reordering_proc.php,"حدود إعادة الطلب",0,0,0,0,0,0,0,0,0,0,0,0,0,0,0,0,,no_grant
7,"مشرف - مشاريع",75,Procurement/suppliers_proc.php,"موردو المشتريات",0,0,0,0,0,0,0,0,0,0,0,0,0,0,0,0,,no_grant
7,"مشرف - مشاريع",76,Procurement/master_data_proc.php,"البيانات المرجعية",0,0,0,0,0,0,0,0,0,0,0,0,0,0,0,0,,no_grant
7,"مشرف - مشاريع",77,Clients/activities.php,"أنشطة العملاء",0,0,0,0,0,0,0,0,0,0,0,0,0,0,0,0,,no_grant
7,"مشرف - مشاريع",78,Clients/commercial_risks.php,"المخاطر التجارية",0,0,0,0,0,0,0,0,0,0,0,0,0,0,0,0,,no_grant
7,"مشرف - مشاريع",79,Clients/tenders.php,المناقصات,0,0,0,0,0,0,0,0,0,0,0,0,0,0,0,0,,no_grant
7,"مشرف - مشاريع",80,Clients/quotations.php,"عروض الأسعار",0,0,0,0,0,0,0,0,0,0,0,0,0,0,0,0,,no_grant
7,"مشرف - مشاريع",81,Clients/pricelists.php,"قوائم ونماذج التسعير",0,0,0,0,0,0,0,0,0,0,0,0,0,0,0,0,,no_grant
7,"مشرف - مشاريع",82,Clients/products.php,"كتالوج المنتجات والخدمات",0,0,0,0,0,0,0,0,0,0,0,0,0,0,0,0,,no_grant
7,"مشرف - مشاريع",83,Clients/units_of_measure.php,"وحدات القياس",0,0,0,0,0,0,0,0,0,0,0,0,0,0,0,0,,no_grant
7,"مشرف - مشاريع",84,Clients/contract_amendments.php,"ملاحق العقود وتجديداتها",0,0,0,0,0,0,0,0,0,0,0,0,0,0,0,0,,no_grant
7,"مشرف - مشاريع",85,Clients/contract_events.php,"سجل حركة العقد",0,0,0,0,0,0,0,0,0,0,0,0,0,0,0,0,,no_grant
7,"مشرف - مشاريع",86,Finance/events_list_fin.php,"المعاملات المالية",1,1,1,0,0,0,0,0,0,0,0,0,1,1,0,0,company,derived_from_4flags
7,"مشرف - مشاريع",87,Finance/accounts_fin.php,"دليل الحسابات",0,0,0,0,0,0,0,0,0,0,0,0,0,0,0,0,,no_grant
7,"مشرف - مشاريع",88,Finance/journal_form_fin.php,"القيود اليومية",0,0,0,0,0,0,0,0,0,0,0,0,0,0,0,0,,no_grant
7,"مشرف - مشاريع",89,Finance/budget_form_fin.php,"الميزانية والانحراف",1,1,1,0,0,0,0,0,0,0,0,0,1,1,0,0,company,derived_from_4flags
7,"مشرف - مشاريع",90,Finance/dues_fin.php,"الذمم والتحصيل",0,0,0,0,0,0,0,0,0,0,0,0,0,0,0,0,,no_grant
7,"مشرف - مشاريع",91,Finance/payments_fin.php,"المدفوعات والخزينة",0,0,0,0,0,0,0,0,0,0,0,0,0,0,0,0,,no_grant
7,"مشرف - مشاريع",92,Finance/cost_report_fin.php,"التكاليف والربحية",1,1,1,0,0,0,0,0,0,0,0,0,1,1,0,0,company,derived_from_4flags
7,"مشرف - مشاريع",93,Finance/periods_fin.php,"إقفال الفترات",0,0,0,0,0,0,0,0,0,0,0,0,0,0,0,0,,no_grant
7,"مشرف - مشاريع",94,Finance/funding_fin.php,"التمويل والالتزامات",0,0,0,0,0,0,0,0,0,0,0,0,0,0,0,0,,no_grant
7,"مشرف - مشاريع",95,Finance/cash_forecast_fin.php,"السيولة والتنبؤ النقدي",0,0,0,0,0,0,0,0,0,0,0,0,0,0,0,0,,no_grant
7,"مشرف - مشاريع",96,Finance/management_accounting_fin.php,"المحاسبة الإدارية",0,0,0,0,0,0,0,0,0,0,0,0,0,0,0,0,,no_grant
7,"مشرف - مشاريع",97,Finance/accountants_fin.php,"المحاسبون والوحدات",0,0,0,0,0,0,0,0,0,0,0,0,0,0,0,0,,no_grant
7,"مشرف - مشاريع",98,Finance/import_events_fin.php,"استقبال معاملات الإدارات",0,0,0,0,0,0,0,0,0,0,0,0,0,0,0,0,,no_grant
7,"مشرف - مشاريع",99,Finance/executive_dashboard_fin.php,"اللوحة التنفيذية",0,0,0,0,0,0,0,0,0,0,0,0,0,0,0,0,,no_grant
7,"مشرف - مشاريع",100,Finance/financial_statements_fin.php,"القوائم المالية",0,0,0,0,0,0,0,0,0,0,0,0,0,0,0,0,,no_grant
7,"مشرف - مشاريع",101,Finance/assets_fin.php,"الأصول والإهلاك",0,0,0,0,0,0,0,0,0,0,0,0,0,0,0,0,,no_grant
7,"مشرف - مشاريع",102,Finance/tax_fin.php,"الضرائب والقيمة المضافة",0,0,0,0,0,0,0,0,0,0,0,0,0,0,0,0,,no_grant
7,"مشرف - مشاريع",103,Finance/bank_reconciliation_fin.php,"المطابقة البنكية",0,0,0,0,0,0,0,0,0,0,0,0,0,0,0,0,,no_grant
7,"مشرف - مشاريع",104,Finance/cfo_daily_board_fin.php,"لوحة المدير المالي",0,0,0,0,0,0,0,0,0,0,0,0,0,0,0,0,,no_grant
7,"مشرف - مشاريع",105,Finance/unit_records_fin.php,"وحدات الأطراف",1,1,1,0,0,0,0,0,0,0,0,0,1,1,0,0,company,derived_from_4flags
7,"مشرف - مشاريع",106,Finance/supplier_statement_fin.php,"كشف حساب المورد",0,0,0,0,0,0,0,0,0,0,0,0,0,0,0,0,,no_grant
7,"مشرف - مشاريع",107,main/project_users.php,المعاونين,0,0,0,0,0,0,0,0,0,0,0,0,0,0,0,0,,no_grant
7,"مشرف - مشاريع",108,Transport/transfer_types_config.php,"إعدادات الترحيل",0,0,0,0,0,0,0,0,0,0,0,0,0,0,0,0,,no_grant
7,"مشرف - مشاريع",109,Transport/transfer_cost_rules_config.php,"قواعد تحميل تكلفة الترحيل",0,0,0,0,0,0,0,0,0,0,0,0,0,0,0,0,,no_grant
7,"مشرف - مشاريع",110,Transport/trs_locations_config.php,المواقع,0,0,0,0,0,0,0,0,0,0,0,0,0,0,0,0,,no_grant
7,"مشرف - مشاريع",111,Transport/transfer_requests.php,"موافقات الترحيل",0,0,0,0,0,0,0,0,0,0,0,0,0,0,0,0,,no_grant
7,"مشرف - مشاريع",112,Transport/transfer_orders_list.php,"أوامر الترحيل",0,0,0,0,0,0,0,0,0,0,0,0,0,0,0,0,,no_grant
7,"مشرف - مشاريع",113,Transport/transfer_dashboard.php,"لوحة الرحلات",0,0,0,0,0,0,0,0,0,0,0,0,0,0,0,0,,no_grant
7,"مشرف - مشاريع",114,FinRequests/request_form.php,"طلب مالي جديد",1,1,1,1,1,1,1,0,0,0,0,0,1,1,0,0,company,derived_from_4flags
7,"مشرف - مشاريع",115,FinRequests/my_requests.php,"طلباتي المالية",1,1,1,0,0,0,0,0,0,0,0,0,1,1,0,0,company,derived_from_4flags
7,"مشرف - مشاريع",116,FinRequests/dept_inbox.php,"موافقات إدارتي",1,1,1,0,1,0,1,0,0,0,0,0,1,1,0,0,company,derived_from_4flags
7,"مشرف - مشاريع",117,FinRequests/accountant_desk.php,"مكتب المحاسب",0,0,0,0,0,0,0,0,0,0,0,0,0,0,0,0,,no_grant
7,"مشرف - مشاريع",118,FinRequests/finance_gateway.php,"الطلبات المالية",0,0,0,0,0,0,0,0,0,0,0,0,0,0,0,0,,no_grant
7,"مشرف - مشاريع",119,FinRequests/effect_map.php,"سجل الحركة المالية",0,0,0,0,0,0,0,0,0,0,0,0,0,0,0,0,,no_grant
7,"مشرف - مشاريع",120,FinRequests/routing_admin.php,"قواعد توجيه الطلبات",0,0,0,0,0,0,0,0,0,0,0,0,0,0,0,0,,no_grant
7,"مشرف - مشاريع",121,FinRequests/cycle_time_board.php,"زمن دورة الطلبات",0,0,0,0,0,0,0,0,0,0,0,0,0,0,0,0,,no_grant
7,"مشرف - مشاريع",122,FinRequests/requests_reports.php,"تقارير الطلبات المالية",0,0,0,0,0,0,0,0,0,0,0,0,0,0,0,0,,no_grant
7,"مشرف - مشاريع",123,Settings/role_permissions.php,"صلاحيات الأدوار",0,0,0,0,0,0,0,0,0,0,0,0,0,0,0,0,,no_grant
7,"مشرف - مشاريع",124,Settings/roles.php,الأدوار,0,0,0,0,0,0,0,0,0,0,0,0,0,0,0,0,,no_grant
7,"مشرف - مشاريع",125,Finance/variance_monitor_fin.php,"متابعة الانحراف",0,0,0,0,0,0,0,0,0,0,0,0,0,0,0,0,,no_grant
7,"مشرف - مشاريع",126,Finance/maintenance_provision_fin.php,"قواعد مخصص الصيانة",0,0,0,0,0,0,0,0,0,0,0,0,0,0,0,0,,no_grant
7,"مشرف - مشاريع",127,Clients/contract_commitments.php,"التزامات العقود",0,0,0,0,0,0,0,0,0,0,0,0,0,0,0,0,,no_grant
7,"مشرف - مشاريع",128,Finance/operator_pay_fin.php,"قواعد مستحقات المشغّلين",0,0,0,0,0,0,0,0,0,0,0,0,0,0,0,0,,no_grant
7,"مشرف - مشاريع",129,Clients/readiness_lines.php,"جاهزية العروض",0,0,0,0,0,0,0,0,0,0,0,0,0,0,0,0,,no_grant
7,"مشرف - مشاريع",130,Tickets/ticket_types_config.php,"إعداد أنواع البلاغات",0,0,0,0,0,0,0,0,0,0,0,0,0,0,0,0,,no_grant
7,"مشرف - مشاريع",131,Tickets/ticket_categories_config.php,"تصنيفات الأعطال والبلاغات",0,0,0,0,0,0,0,0,0,0,0,0,0,0,0,0,,no_grant
7,"مشرف - مشاريع",132,Tickets/tickets_list.php,البلاغات,0,0,0,0,0,0,0,0,0,0,0,0,0,0,0,0,,no_grant
7,"مشرف - مشاريع",133,Tickets/ticket_form.php,"تسجيل بلاغ",0,0,0,0,0,0,0,0,0,0,0,0,0,0,0,0,,no_grant
7,"مشرف - مشاريع",134,Tickets/ticket_sla_config.php,"أزمنة الاستجابة والإنجاز",0,0,0,0,0,0,0,0,0,0,0,0,0,0,0,0,,no_grant
7,"مشرف - مشاريع",135,Tickets/ticket_escalation_config.php,"سلّم التصعيد",0,0,0,0,0,0,0,0,0,0,0,0,0,0,0,0,,no_grant
7,"مشرف - مشاريع",136,Tickets/ticket_recurrence.php,"البلاغات الدورية",0,0,0,0,0,0,0,0,0,0,0,0,0,0,0,0,,no_grant
7,"مشرف - مشاريع",137,Tickets/ticket_dashboard.php,"أداء البلاغات",0,0,0,0,0,0,0,0,0,0,0,0,0,0,0,0,,no_grant
7,"مشرف - مشاريع",138,Maintenance/dashboard_mnt.php,"لوحة إدارة الصيانة",0,0,0,0,0,0,0,0,0,0,0,0,0,0,0,0,,no_grant
7,"مشرف - مشاريع",139,main/role_board.php,"لوحة الدور",1,1,1,0,0,0,0,0,0,0,0,0,1,1,0,0,company,derived_from_4flags
7,"مشرف - مشاريع",140,Finance/operator_pay_policies_fin.php,"سياسات مستحقات المشغّلين",0,0,0,0,0,0,0,0,0,0,0,0,0,0,0,0,,no_grant
7,"مشرف - مشاريع",141,Equipments/equipment_documents.php,"وثائق المعدات والمشغّلين",0,0,0,0,0,0,0,0,0,0,0,0,0,0,0,0,,no_grant
7,"مشرف - مشاريع",142,Contracts/claims.php,المستخلصات,0,0,0,0,0,0,0,0,0,0,0,0,0,0,0,0,,no_grant
7,"مشرف - مشاريع",143,Finance/currencies_fin.php,"العملات وأسعار الصرف",0,0,0,0,0,0,0,0,0,0,0,0,0,0,0,0,,no_grant
7,"مشرف - مشاريع",144,Suppliers/settlements.php,"تسويات الموردين",0,0,0,0,0,0,0,0,0,0,0,0,0,0,0,0,,no_grant
7,"مشرف - مشاريع",145,Contracts/contract_obligations.php,"مصفوفة التزامات العقد",0,0,0,0,0,0,0,0,0,0,0,0,0,0,0,0,,no_grant
7,"مشرف - مشاريع",146,Approvals/attribution_board.php,"لوحة الإسناد اليومي",0,0,0,0,0,0,0,0,0,0,0,0,0,0,0,0,,no_grant
7,"مشرف - مشاريع",147,Contracts/penalties.php,"احتساب الجزاءات والحوافز",0,0,0,0,0,0,0,0,0,0,0,0,0,0,0,0,,no_grant
7,"مشرف - مشاريع",148,Workforce/employee_settlements.php,"تسويات الموظفين",0,0,0,0,0,0,0,0,0,0,0,0,0,0,0,0,,no_grant
7,"مشرف - مشاريع",149,Operations/containers.php,"حاويات العقود",0,0,0,0,0,0,0,0,0,0,0,0,0,0,0,0,,no_grant
7,"مشرف - مشاريع",150,Projects/sites.php,"مواقع التنفيذ",0,0,0,0,0,0,0,0,0,0,0,0,0,0,0,0,,no_grant
7,"مشرف - مشاريع",151,Workforce/contract_registry.php,"سجل العقود الموحّد",0,0,0,0,0,0,0,0,0,0,0,0,0,0,0,0,,no_grant
7,"مشرف - مشاريع",152,Operations/daily_plan.php,"خطة عمل الغد",0,0,0,0,0,0,0,0,0,0,0,0,0,0,0,0,,no_grant
7,"مشرف - مشاريع",153,Suppliers/supplier_contract_lines.php,"بنود عقد المورد",0,0,0,0,0,0,0,0,0,0,0,0,0,0,0,0,,no_grant
7,"مشرف - مشاريع",154,Contracts/price_terms.php,"شروط تعديل السعر",0,0,0,0,0,0,0,0,0,0,0,0,0,0,0,0,,no_grant
7,"مشرف - مشاريع",155,Equipments/meter_readings.php,"قراءات العدّادات",1,1,1,1,1,1,1,0,0,0,0,0,1,1,0,0,company,derived_from_4flags
7,"مشرف - مشاريع",156,Workforce/payroll_runs.php,"مسيّر الرواتب",0,0,0,0,0,0,0,0,0,0,0,0,0,0,0,0,,no_grant
7,"مشرف - مشاريع",157,Workforce/employee_advances.php,"سلفيات الموظفين",0,0,0,0,0,0,0,0,0,0,0,0,0,0,0,0,,no_grant
7,"مشرف - مشاريع",158,Suppliers/supplier_advances.php,"سلفيات الموردين",0,0,0,0,0,0,0,0,0,0,0,0,0,0,0,0,,no_grant
7,"مشرف - مشاريع",159,Suppliers/supplier_rules.php,"قواعد تحميل المورد وجزاءاته",0,0,0,0,0,0,0,0,0,0,0,0,0,0,0,0,,no_grant
7,"مشرف - مشاريع",160,Suppliers/supplier_capacity.php,"الطاقة والجاهزية ومهلة الإحلال",0,0,0,0,0,0,0,0,0,0,0,0,0,0,0,0,,no_grant
7,"مشرف - مشاريع",161,Suppliers/supplier_evaluation.php,"تقييم المورد الدوري",0,0,0,0,0,0,0,0,0,0,0,0,0,0,0,0,,no_grant
7,"مشرف - مشاريع",162,Suppliers/supplier_closure.php,"تصفية إنهاء عقد المورد",0,0,0,0,0,0,0,0,0,0,0,0,0,0,0,0,,no_grant
7,"مشرف - مشاريع",163,Suppliers/supplier_documents.php,"وثائق المورد وحسابه البنكي",0,0,0,0,0,0,0,0,0,0,0,0,0,0,0,0,,no_grant
7,"مشرف - مشاريع",164,Contracts/tax_invoices.php,"الفاتورة الضريبية",0,0,0,0,0,0,0,0,0,0,0,0,0,0,0,0,,no_grant
7,"مشرف - مشاريع",165,Contracts/client_statement.php,"كشف حساب العميل",0,0,0,0,0,0,0,0,0,0,0,0,0,0,0,0,,no_grant
7,"مشرف - مشاريع",166,Contracts/collections.php,"الذمم والتحصيل",0,0,0,0,0,0,0,0,0,0,0,0,0,0,0,0,,no_grant
7,"مشرف - مشاريع",167,Workforce/final_settlement.php,"تصفية إنهاء خدمة الموظف",0,0,0,0,0,0,0,0,0,0,0,0,0,0,0,0,,no_grant
7,"مشرف - مشاريع",168,Transport/transfer_tariffs.php,"تعرفة الترحيل وتسعير الأوامر",0,0,0,0,0,0,0,0,0,0,0,0,0,0,0,0,,no_grant
7,"مشرف - مشاريع",169,Finance/periodic_events_fin.php,"الدوريات المالية",0,0,0,0,0,0,0,0,0,0,0,0,0,0,0,0,,no_grant
7,"مشرف - مشاريع",171,Suppliers/rfq_requests.php,"طلبات عروض الموردين",0,0,0,0,0,0,0,0,0,0,0,0,0,0,0,0,,no_grant
7,"مشرف - مشاريع",172,Contracts/contract_sites.php,"نطاقات العقد التشغيلية",0,0,0,0,0,0,0,0,0,0,0,0,0,0,0,0,,no_grant
7,"مشرف - مشاريع",173,Contracts/contract_lines.php,"بنود عقد العميل وقيمته",0,0,0,0,0,0,0,0,0,0,0,0,0,0,0,0,,no_grant
7,"مشرف - مشاريع",174,Contracts/contract_monthly_plan.php,"الجدول الشهري للعقد",0,0,0,0,0,0,0,0,0,0,0,0,0,0,0,0,,no_grant
7,"مشرف - مشاريع",175,Contracts/contract_resource_plan.php,"خطة موارد العقد",0,0,0,0,0,0,0,0,0,0,0,0,0,0,0,0,,no_grant
7,"مشرف - مشاريع",176,Contracts/contract_payment_schedule.php,"خطة دفع العقد",0,0,0,0,0,0,0,0,0,0,0,0,0,0,0,0,,no_grant
7,"مشرف - مشاريع",177,Contracts/contract_guarantees.php,"ضمانات العقد",0,0,0,0,0,0,0,0,0,0,0,0,0,0,0,0,,no_grant
7,"مشرف - مشاريع",178,Contracts/plan_actual_link.php,"ربط الخطة بالفعلي",0,0,0,0,0,0,0,0,0,0,0,0,0,0,0,0,,no_grant
7,"مشرف - مشاريع",179,Contracts/contract_baseline.php,"خط أساس العقد",0,0,0,0,0,0,0,0,0,0,0,0,0,0,0,0,,no_grant
7,"مشرف - مشاريع",180,Contracts/contract_lifecycle.php,"اقتصاد دورة حياة العقد",0,0,0,0,0,0,0,0,0,0,0,0,0,0,0,0,,no_grant
7,"مشرف - مشاريع",181,Contracts/commercial_board.php,"اللوحة التجارية للعقود",0,0,0,0,0,0,0,0,0,0,0,0,0,0,0,0,,no_grant
7,"مشرف - مشاريع",182,user_capacities.php,"صفاتي ومبدّل المساحة",1,1,1,0,0,0,0,0,0,0,0,0,1,1,0,0,company,derived_from_4flags
7,"مشرف - مشاريع",183,Portal/visibility_keys.php,"مفاتيح الظهور",0,0,0,0,0,0,0,0,0,0,0,0,0,0,0,0,,no_grant
7,"مشرف - مشاريع",184,Portal/portal_elements.php,"مكوّنات البوابة",0,0,0,0,0,0,0,0,0,0,0,0,0,0,0,0,,no_grant
7,"مشرف - مشاريع",185,Portal/visibility_simulator.php,"من يرى ماذا (محاكاة)",0,0,0,0,0,0,0,0,0,0,0,0,0,0,0,0,,no_grant
7,"مشرف - مشاريع",186,Portal/visibility_audit.php,"سجل تدقيق الظهور",0,0,0,0,0,0,0,0,0,0,0,0,0,0,0,0,,no_grant
7,"مشرف - مشاريع",187,Portal/my_portal.php,بوابتي,1,1,1,0,0,0,0,0,0,0,0,0,1,1,0,0,company,derived_from_4flags
7,"مشرف - مشاريع",188,Portal/my_achievement.php,إنجازي,1,1,1,0,0,0,0,0,0,0,0,0,1,1,0,0,company,derived_from_4flags
7,"مشرف - مشاريع",189,Portal/my_evaluation.php,"التقييم الثنائي",1,1,1,1,0,1,0,0,0,0,0,0,1,1,0,0,company,derived_from_4flags
7,"مشرف - مشاريع",190,Portal/my_certificate.php,"شهادة الإنجاز",1,1,1,0,0,0,0,0,0,0,0,0,1,1,0,0,company,derived_from_4flags
7,"مشرف - مشاريع",191,Portal/workspace.php,"مساحة العمل",1,1,1,0,0,0,0,0,0,0,0,0,1,1,0,0,company,derived_from_4flags
7,"مشرف - مشاريع",192,Finance/approvals_inbox.php,"صندوق الاعتمادات الموحد",0,0,0,0,0,0,0,0,0,0,0,0,0,0,0,0,,no_grant
7,"مشرف - مشاريع",193,Operations/operations_room.php,"غرفة عمليات التشغيل",0,0,0,0,0,0,0,0,0,0,0,0,0,0,0,0,,no_grant
7,"مشرف - مشاريع",194,Operations/distribution_space.php,"مساحة التوزيع",0,0,0,0,0,0,0,0,0,0,0,0,0,0,0,0,,no_grant
7,"مشرف - مشاريع",195,Reports/daily_units_report.php,"سجل الوحدات اليومية",0,0,0,0,0,0,0,0,0,0,0,0,0,0,0,0,,no_grant
7,"مشرف - مشاريع",196,Fleet/readiness_board.php,"لوحة الجاهزية",0,0,0,0,0,0,0,0,0,0,0,0,0,0,0,0,,no_grant
7,"مشرف - مشاريع",197,Maintenance/failure_report.php,"تقرير الأعطال (التصنيف الموحد)",0,0,0,0,0,0,0,0,0,0,0,0,0,0,0,0,,no_grant
7,"مشرف - مشاريع",198,Procurement/supplier_card_proc.php,"بطاقة مورد المشتريات",0,0,0,0,0,0,0,0,0,0,0,0,0,0,0,0,,no_grant
7,"مشرف - مشاريع",199,Procurement/warehouse_board.php,"لوحة أمين المستودع",0,0,0,0,0,0,0,0,0,0,0,0,0,0,0,0,,no_grant
7,"مشرف - مشاريع",200,Contracts/contract_card.php,"بطاقة العقد الأم",0,0,0,0,0,0,0,0,0,0,0,0,0,0,0,0,,no_grant
7,"مشرف - مشاريع",201,Employees/employee_card.php,"بطاقة الموظف",0,0,0,0,0,0,0,0,0,0,0,0,0,0,0,0,,no_grant
7,"مشرف - مشاريع",202,Reports/margin_report.php,"هامش الواقعة والعقد",0,0,0,0,0,0,0,0,0,0,0,0,0,0,0,0,,no_grant
7,"مشرف - مشاريع",203,Reports/exceptions_report.php,"تقرير الاستثناءات",0,0,0,0,0,0,0,0,0,0,0,0,0,0,0,0,,no_grant
7,"مشرف - مشاريع",204,Reports/guard_denials_report.php,"تقرير المنع",0,0,0,0,0,0,0,0,0,0,0,0,0,0,0,0,,no_grant
7,"مشرف - مشاريع",205,Settings/guard_classification.php,"تصنيف الحمايات",0,0,0,0,0,0,0,0,0,0,0,0,0,0,0,0,,no_grant
7,"مشرف - مشاريع",206,Governance/entities_registry.php,"سجل الكيانات",0,0,0,0,0,0,0,0,0,0,0,0,0,0,0,0,,no_grant
7,"مشرف - مشاريع",207,Governance/signing_authority.php,"التفويض بالتوقيع",0,0,0,0,0,0,0,0,0,0,0,0,0,0,0,0,,no_grant
7,"مشرف - مشاريع",208,Governance/licenses_guarantees.php,"التراخيص والكفالات",0,0,0,0,0,0,0,0,0,0,0,0,0,0,0,0,,no_grant
7,"مشرف - مشاريع",209,Governance/activation_patterns.php,"أنماط التفعيل",0,0,0,0,0,0,0,0,0,0,0,0,0,0,0,0,,no_grant
7,"مشرف - مشاريع",210,Financing/financiers_registry.php,"سجل الممولين",0,0,0,0,0,0,0,0,0,0,0,0,0,0,0,0,,no_grant
7,"مشرف - مشاريع",211,Financing/financing_operation_new.php,"إنشاء عملية تمويل",0,0,0,0,0,0,0,0,0,0,0,0,0,0,0,0,,no_grant
7,"مشرف - مشاريع",212,Reports/approval_lag_report.php,"الاعتمادات المتأخرة والوثائق",0,0,0,0,0,0,0,0,0,0,0,0,0,0,0,0,,no_grant
7,"مشرف - مشاريع",213,Governance/ownership_grants.php,"منح المجال المقيَّد",0,0,0,0,0,0,0,0,0,0,0,0,0,0,0,0,,no_grant
7,"مشرف - مشاريع",214,Financing/financing_board.php,"لوحة إدارة التمويل",0,0,0,0,0,0,0,0,0,0,0,0,0,0,0,0,,no_grant
7,"مشرف - مشاريع",215,admin/ops_manager_board.php,"لوحة مدير التشغيل",0,0,0,0,0,0,0,0,0,0,0,0,0,0,0,0,,no_grant
7,"مشرف - مشاريع",216,admin/org_assignments.php,"التكليفات التنظيمية",0,0,0,0,0,0,0,0,0,0,0,0,0,0,0,0,,no_grant
7,"مشرف - مشاريع",217,admin/org_structure.php,"الهيكل التنظيمي",0,0,0,0,0,0,0,0,0,0,0,0,0,0,0,0,,no_grant
7,"مشرف - مشاريع",218,admin/org_permits.php,"أذونات المواقع",0,0,0,0,0,0,0,0,0,0,0,0,0,0,0,0,,no_grant
7,"مشرف - مشاريع",222,admin/sec_governance.php,"مركز حوكمة الصلاحيات",0,0,0,0,0,0,0,0,0,0,0,0,0,0,0,0,,no_grant
7,"مشرف - مشاريع",223,admin/sec_employee_wizard.php,"معالج إعداد الموظف",0,0,0,0,0,0,0,0,0,0,0,0,0,0,0,0,,no_grant
7,"مشرف - مشاريع",225,Tickets/ticket_workstreams_board.php,"لوحة مسارات البلاغات",0,0,0,0,0,0,0,0,0,0,0,0,0,0,0,0,,no_grant
7,"مشرف - مشاريع",226,Tickets/watchtower.php,"برج المراقبة",0,0,0,0,0,0,0,0,0,0,0,0,0,0,0,0,,no_grant
7,"مشرف - مشاريع",227,Tickets/ticket_contextual_open.php,"بلاغ سياقي جديد",1,1,1,1,0,1,0,0,0,0,0,0,1,1,0,0,company,derived_from_4flags
7,"مشرف - مشاريع",228,main/my_workspace.php,"مساحة عملي",1,1,1,0,0,0,0,0,0,0,0,0,1,1,0,0,company,derived_from_4flags
8,"مشرف موردين",1,Clients/clients.php,العملاء,1,1,1,1,1,1,1,0,0,0,0,1,1,1,0,0,company,derived_from_4flags
8,"مشرف موردين",2,Projects/projects.php,المشاريع,1,1,1,1,1,1,1,0,0,0,0,1,1,1,0,0,company,derived_from_4flags
8,"مشرف موردين",3,main/users.php,الصلاحيات,1,1,1,1,1,1,1,0,0,0,0,1,1,1,0,0,company,derived_from_4flags
8,"مشرف موردين",4,Reports/reports.php,"مركز التقارير",1,1,1,1,1,1,1,0,0,0,0,1,1,1,0,0,company,derived_from_4flags
8,"مشرف موردين",5,Equipments/equipments_types.php,"أنواع المعدات",1,1,1,1,1,1,1,0,0,0,0,1,1,1,0,0,company,derived_from_4flags
8,"مشرف موردين",6,Reports/reports.php,"مركز التقارير",1,1,1,0,1,0,1,0,0,0,0,1,1,1,0,0,company,derived_from_4flags
8,"مشرف موردين",7,Employees/employees.php,الموظفون,1,1,1,1,1,1,1,0,0,0,0,1,1,1,0,0,company,derived_from_4flags
8,"مشرف موردين",8,Equipments/equipments_fleet.php,المعدات,1,1,1,1,1,1,1,0,0,0,0,1,1,1,0,0,company,derived_from_4flags
8,"مشرف موردين",9,Oprators/oprators.php,"شاشة التشغيل",1,1,1,1,1,1,1,0,0,0,0,1,1,1,0,0,company,derived_from_4flags
8,"مشرف موردين",10,Timesheet/timesheet_type.php,"تسجيل الوحدات",1,1,1,1,1,1,1,0,0,0,0,1,1,1,0,0,company,derived_from_4flags
8,"مشرف موردين",11,Settings/settings.php,الإعدادات,1,1,1,1,1,1,1,0,0,0,0,1,1,1,0,0,company,derived_from_4flags
8,"مشرف موردين",12,ActivityLogs/activity_logs.php,"سجل النشاط",1,1,1,1,1,1,1,0,0,0,0,1,1,1,0,0,company,derived_from_4flags
8,"مشرف موردين",14,main/project_users.php,"مشرفو الموردين",0,0,0,0,0,0,0,0,0,0,0,0,0,0,0,0,,derived_from_4flags
8,"مشرف موردين",15,main/project_users.php,المشرفين,1,1,1,1,1,1,1,0,0,0,0,1,1,1,0,0,company,derived_from_4flags
8,"مشرف موردين",16,main/project_users.php,المشرفين,1,1,1,1,1,1,1,0,0,0,0,1,1,1,0,0,company,derived_from_4flags
8,"مشرف موردين",17,main/project_users.php,"إدارة المعاونين",1,1,1,1,1,1,1,0,0,0,0,1,1,1,0,0,company,derived_from_4flags
8,"مشرف موردين",18,main/project_users.php,المشرفين,1,1,1,1,1,1,1,0,0,0,0,1,1,1,0,0,company,derived_from_4flags
8,"مشرف موردين",20,Contracts/contracts.php,العقود,1,1,1,1,1,1,1,0,0,0,0,1,1,1,0,0,company,derived_from_4flags
8,"مشرف موردين",21,Contracts/contracts_details.php,"ملف عقد المشروع",1,1,1,1,1,1,1,0,0,0,0,1,1,1,0,0,company,derived_from_4flags
8,"مشرف موردين",22,Suppliers/suppliers.php,الموردون,1,1,1,0,1,0,1,0,0,0,0,0,1,1,0,0,company,derived_from_4flags
8,"مشرف موردين",23,Oprators/select_project.php,التشغيل,0,0,0,0,0,0,0,0,0,0,0,0,0,0,0,0,,no_grant
8,"مشرف موردين",24,Settings/settings.php,الإعدادات,1,1,1,0,0,0,0,0,0,0,0,0,1,1,0,0,company,derived_from_4flags
8,"مشرف موردين",25,Suppliers/supplierscontracts.php,"عقود الموردين",1,1,1,1,1,1,1,0,0,0,0,0,1,1,0,0,company,derived_from_4flags
8,"مشرف موردين",26,Suppliers/supplierscontracts_details.php,"ملف عقد المورد",1,1,1,0,0,0,0,0,0,0,0,0,1,1,0,0,company,derived_from_4flags
8,"مشرف موردين",27,Equipments/equipments_drivers.php,المعدات,0,0,0,0,0,0,0,0,0,0,0,0,0,0,0,0,,no_grant
8,"مشرف موردين",28,Reports/reports.php,"مركز التقارير",0,0,0,0,0,0,0,0,0,0,0,0,0,0,0,0,,no_grant
8,"مشرف موردين",29,movement/project_drivers.php,"توزيع المشغّلين",0,0,0,0,0,0,0,0,0,0,0,0,0,0,0,0,,no_grant
8,"مشرف موردين",30,movement/movement_operations.php,الورديات,0,0,0,0,0,0,0,0,0,0,0,0,0,0,0,0,,no_grant
8,"مشرف موردين",31,Reports/reports.php,"مركز التقارير",0,0,0,0,0,0,0,0,0,0,0,0,0,0,0,0,,no_grant
8,"مشرف موردين",32,Reports/reports.php,"مركز التقارير",0,0,0,0,0,0,0,0,0,0,0,0,0,0,0,0,,no_grant
8,"مشرف موردين",34,movement/map_page.php,"متابعة المشروع",0,0,0,0,0,0,0,0,0,0,0,0,0,0,0,0,,no_grant
8,"مشرف موردين",35,Clients/clients.php,العملاء,0,0,0,0,0,0,0,0,0,0,0,0,0,0,0,0,,no_grant
8,"مشرف موردين",36,Projects/projects.php,المشاريع,0,0,0,0,0,0,0,0,0,0,0,0,0,0,0,0,,no_grant
8,"مشرف موردين",37,Contracts/contracts.php,العقود,0,0,0,0,0,0,0,0,0,0,0,0,0,0,0,0,,no_grant
8,"مشرف موردين",38,Equipments/manage_failure_codes.php,"تصنيفات الأعطال",0,0,0,0,0,0,0,0,0,0,0,0,0,0,0,0,,no_grant
8,"مشرف موردين",40,Equipments/fleet_models.php,"الأنواع والموديلات",1,1,1,1,1,1,1,0,0,0,0,1,1,1,0,0,company,derived_from_4flags
8,"مشرف موردين",41,Equipments/fleet_depreciation_profiles.php,"إعداد الإهلاك",1,1,1,1,1,1,1,0,0,0,0,1,1,1,0,0,company,derived_from_4flags
8,"مشرف موردين",42,Maintenance/breakdowns.php,"البلاغات (غير مفعّلة)",0,0,0,0,0,0,0,0,0,0,0,0,0,0,0,0,,no_grant
8,"مشرف موردين",43,Maintenance/orders.php,"أوامر الصيانة",0,0,0,0,0,0,0,0,0,0,0,0,0,0,0,0,,no_grant
8,"مشرف موردين",44,Maintenance/inspections.php,"الفحص الفني اليومي",0,0,0,0,0,0,0,0,0,0,0,0,0,0,0,0,,no_grant
8,"مشرف موردين",45,Maintenance/preventive_plans.php,"الصيانة الوقائية",0,0,0,0,0,0,0,0,0,0,0,0,0,0,0,0,,no_grant
8,"مشرف موردين",46,Maintenance/master_data.php,"إعدادات الصيانة",0,0,0,0,0,0,0,0,0,0,0,0,0,0,0,0,,no_grant
8,"مشرف موردين",47,Workforce/worker_register.php,"السجل التشغيلي للعامل",0,0,0,0,0,0,0,0,0,0,0,0,0,0,0,0,,no_grant
8,"مشرف موردين",48,Workforce/worker_contract.php,"عقود العاملين",0,0,0,0,0,0,0,0,0,0,0,0,0,0,0,0,,no_grant
8,"مشرف موردين",50,Workforce/worker_leave_absence.php,"الإجازات والغياب",0,0,0,0,0,0,0,0,0,0,0,0,0,0,0,0,,no_grant
8,"مشرف موردين",51,Workforce/worker_movement.php,"تنقلات العاملين",0,0,0,0,0,0,0,0,0,0,0,0,0,0,0,0,,no_grant
8,"مشرف موردين",52,Workforce/housing_units.php,"السكن والإعاشة",0,0,0,0,0,0,0,0,0,0,0,0,0,0,0,0,,no_grant
8,"مشرف موردين",53,Workforce/worker_evaluation.php,"تقييم الأداء",0,0,0,0,0,0,0,0,0,0,0,0,0,0,0,0,,no_grant
8,"مشرف موردين",54,Workforce/worker_settlement.php,"تسويات العاملين",0,0,0,0,0,0,0,0,0,0,0,0,0,0,0,0,,no_grant
8,"مشرف موردين",55,Workforce/workforce_requirement.php,"احتياج القوى والتخطيط",0,0,0,0,0,0,0,0,0,0,0,0,0,0,0,0,,no_grant
8,"مشرف موردين",56,Workforce/worker_worklog.php,"سجل الأحداث التشغيلية",0,0,0,0,0,0,0,0,0,0,0,0,0,0,0,0,,no_grant
8,"مشرف موردين",57,Employees/job_titles.php,"المسميات الوظيفية",0,0,0,0,0,0,0,0,0,0,0,0,0,0,0,0,,no_grant
8,"مشرف موردين",58,Employees/employee_roles.php,"الأدوار الوظيفية",0,0,0,0,0,0,0,0,0,0,0,0,0,0,0,0,,no_grant
8,"مشرف موردين",59,Employees/equipment_operators.php,"المشغّلون والسائقون",0,0,0,0,0,0,0,0,0,0,0,0,0,0,0,0,,no_grant
8,"مشرف موردين",60,main/users.php,"إدارة المستخدمين",0,0,0,0,0,0,0,0,0,0,0,0,0,0,0,0,,no_grant
8,"مشرف موردين",61,main/all_assistants.php,المعاونون,0,0,0,0,0,0,0,0,0,0,0,0,0,0,0,0,,no_grant
8,"مشرف موردين",62,Employees/employee_contracts.php,"عقود الموظفين",1,1,1,0,0,0,0,0,0,0,0,0,1,1,0,0,company,derived_from_4flags
8,"مشرف موردين",63,Employees/employee_contracts_details.php,"ملف عقد الموظف",1,1,1,0,0,0,0,0,0,0,0,0,1,1,0,0,company,derived_from_4flags
8,"مشرف موردين",64,Employees/employee_profile.php,"بطاقة الموظف",1,1,1,0,0,0,0,0,0,0,0,0,1,1,0,0,company,derived_from_4flags
8,"مشرف موردين",65,Employees/showcontractemployee.php,"عرض عقد الموظف",1,1,1,0,0,0,0,0,0,0,0,0,1,1,0,0,company,derived_from_4flags
8,"مشرف موردين",66,Opportunities/opportunities.php,"الفرص البيعية",0,0,0,0,0,0,0,0,0,0,0,0,0,0,0,0,,no_grant
8,"مشرف موردين",67,Procurement/dashboard_proc.php,"لوحة المشتريات",0,0,0,0,0,0,0,0,0,0,0,0,0,0,0,0,,no_grant
8,"مشرف موردين",68,Procurement/items_proc.php,"كتالوج الأصناف",0,0,0,0,0,0,0,0,0,0,0,0,0,0,0,0,,no_grant
8,"مشرف موردين",69,Procurement/requests_proc.php,"طلبات الشراء",0,0,0,0,0,0,0,0,0,0,0,0,0,0,0,0,,no_grant
8,"مشرف موردين",70,Procurement/orders_proc.php,"أوامر الشراء",0,0,0,0,0,0,0,0,0,0,0,0,0,0,0,0,,no_grant
8,"مشرف موردين",71,Procurement/receipt_custody_proc.php,"الاستلام المؤقت",0,0,0,0,0,0,0,0,0,0,0,0,0,0,0,0,,no_grant
8,"مشرف موردين",72,Procurement/stock_proc.php,المخزون,0,0,0,0,0,0,0,0,0,0,0,0,0,0,0,0,,no_grant
8,"مشرف موردين",73,Procurement/issue_proc.php,"صرف المخزون والعهدة",0,0,0,0,0,0,0,0,0,0,0,0,0,0,0,0,,no_grant
8,"مشرف موردين",74,Procurement/reordering_proc.php,"حدود إعادة الطلب",0,0,0,0,0,0,0,0,0,0,0,0,0,0,0,0,,no_grant
8,"مشرف موردين",75,Procurement/suppliers_proc.php,"موردو المشتريات",0,0,0,0,0,0,0,0,0,0,0,0,0,0,0,0,,no_grant
8,"مشرف موردين",76,Procurement/master_data_proc.php,"البيانات المرجعية",0,0,0,0,0,0,0,0,0,0,0,0,0,0,0,0,,no_grant
8,"مشرف موردين",77,Clients/activities.php,"أنشطة العملاء",0,0,0,0,0,0,0,0,0,0,0,0,0,0,0,0,,no_grant
8,"مشرف موردين",78,Clients/commercial_risks.php,"المخاطر التجارية",0,0,0,0,0,0,0,0,0,0,0,0,0,0,0,0,,no_grant
8,"مشرف موردين",79,Clients/tenders.php,المناقصات,0,0,0,0,0,0,0,0,0,0,0,0,0,0,0,0,,no_grant
8,"مشرف موردين",80,Clients/quotations.php,"عروض الأسعار",0,0,0,0,0,0,0,0,0,0,0,0,0,0,0,0,,no_grant
8,"مشرف موردين",81,Clients/pricelists.php,"قوائم ونماذج التسعير",0,0,0,0,0,0,0,0,0,0,0,0,0,0,0,0,,no_grant
8,"مشرف موردين",82,Clients/products.php,"كتالوج المنتجات والخدمات",0,0,0,0,0,0,0,0,0,0,0,0,0,0,0,0,,no_grant
8,"مشرف موردين",83,Clients/units_of_measure.php,"وحدات القياس",0,0,0,0,0,0,0,0,0,0,0,0,0,0,0,0,,no_grant
8,"مشرف موردين",84,Clients/contract_amendments.php,"ملاحق العقود وتجديداتها",0,0,0,0,0,0,0,0,0,0,0,0,0,0,0,0,,no_grant
8,"مشرف موردين",85,Clients/contract_events.php,"سجل حركة العقد",0,0,0,0,0,0,0,0,0,0,0,0,0,0,0,0,,no_grant
8,"مشرف موردين",86,Finance/events_list_fin.php,"المعاملات المالية",0,0,0,0,0,0,0,0,0,0,0,0,0,0,0,0,,no_grant
8,"مشرف موردين",87,Finance/accounts_fin.php,"دليل الحسابات",0,0,0,0,0,0,0,0,0,0,0,0,0,0,0,0,,no_grant
8,"مشرف موردين",88,Finance/journal_form_fin.php,"القيود اليومية",0,0,0,0,0,0,0,0,0,0,0,0,0,0,0,0,,no_grant
8,"مشرف موردين",89,Finance/budget_form_fin.php,"الميزانية والانحراف",0,0,0,0,0,0,0,0,0,0,0,0,0,0,0,0,,no_grant
8,"مشرف موردين",90,Finance/dues_fin.php,"الذمم والتحصيل",0,0,0,0,0,0,0,0,0,0,0,0,0,0,0,0,,no_grant
8,"مشرف موردين",91,Finance/payments_fin.php,"المدفوعات والخزينة",1,1,1,0,0,0,0,0,0,0,0,0,1,1,0,0,company,derived_from_4flags
8,"مشرف موردين",92,Finance/cost_report_fin.php,"التكاليف والربحية",0,0,0,0,0,0,0,0,0,0,0,0,0,0,0,0,,no_grant
8,"مشرف موردين",93,Finance/periods_fin.php,"إقفال الفترات",0,0,0,0,0,0,0,0,0,0,0,0,0,0,0,0,,no_grant
8,"مشرف موردين",94,Finance/funding_fin.php,"التمويل والالتزامات",0,0,0,0,0,0,0,0,0,0,0,0,0,0,0,0,,no_grant
8,"مشرف موردين",95,Finance/cash_forecast_fin.php,"السيولة والتنبؤ النقدي",0,0,0,0,0,0,0,0,0,0,0,0,0,0,0,0,,no_grant
8,"مشرف موردين",96,Finance/management_accounting_fin.php,"المحاسبة الإدارية",0,0,0,0,0,0,0,0,0,0,0,0,0,0,0,0,,no_grant
8,"مشرف موردين",97,Finance/accountants_fin.php,"المحاسبون والوحدات",0,0,0,0,0,0,0,0,0,0,0,0,0,0,0,0,,no_grant
8,"مشرف موردين",98,Finance/import_events_fin.php,"استقبال معاملات الإدارات",0,0,0,0,0,0,0,0,0,0,0,0,0,0,0,0,,no_grant
8,"مشرف موردين",99,Finance/executive_dashboard_fin.php,"اللوحة التنفيذية",0,0,0,0,0,0,0,0,0,0,0,0,0,0,0,0,,no_grant
8,"مشرف موردين",100,Finance/financial_statements_fin.php,"القوائم المالية",0,0,0,0,0,0,0,0,0,0,0,0,0,0,0,0,,no_grant
8,"مشرف موردين",101,Finance/assets_fin.php,"الأصول والإهلاك",0,0,0,0,0,0,0,0,0,0,0,0,0,0,0,0,,no_grant
8,"مشرف موردين",102,Finance/tax_fin.php,"الضرائب والقيمة المضافة",0,0,0,0,0,0,0,0,0,0,0,0,0,0,0,0,,no_grant
8,"مشرف موردين",103,Finance/bank_reconciliation_fin.php,"المطابقة البنكية",0,0,0,0,0,0,0,0,0,0,0,0,0,0,0,0,,no_grant
8,"مشرف موردين",104,Finance/cfo_daily_board_fin.php,"لوحة المدير المالي",0,0,0,0,0,0,0,0,0,0,0,0,0,0,0,0,,no_grant
8,"مشرف موردين",105,Finance/unit_records_fin.php,"وحدات الأطراف",0,0,0,0,0,0,0,0,0,0,0,0,0,0,0,0,,no_grant
8,"مشرف موردين",106,Finance/supplier_statement_fin.php,"كشف حساب المورد",1,1,1,0,0,0,0,0,0,0,0,0,1,1,0,0,company,derived_from_4flags
8,"مشرف موردين",107,main/project_users.php,المعاونين,0,0,0,0,0,0,0,0,0,0,0,0,0,0,0,0,,no_grant
8,"مشرف موردين",108,Transport/transfer_types_config.php,"إعدادات الترحيل",0,0,0,0,0,0,0,0,0,0,0,0,0,0,0,0,,no_grant
8,"مشرف موردين",109,Transport/transfer_cost_rules_config.php,"قواعد تحميل تكلفة الترحيل",0,0,0,0,0,0,0,0,0,0,0,0,0,0,0,0,,no_grant
8,"مشرف موردين",110,Transport/trs_locations_config.php,المواقع,0,0,0,0,0,0,0,0,0,0,0,0,0,0,0,0,,no_grant
8,"مشرف موردين",111,Transport/transfer_requests.php,"موافقات الترحيل",0,0,0,0,0,0,0,0,0,0,0,0,0,0,0,0,,no_grant
8,"مشرف موردين",112,Transport/transfer_orders_list.php,"أوامر الترحيل",0,0,0,0,0,0,0,0,0,0,0,0,0,0,0,0,,no_grant
8,"مشرف موردين",113,Transport/transfer_dashboard.php,"لوحة الرحلات",0,0,0,0,0,0,0,0,0,0,0,0,0,0,0,0,,no_grant
8,"مشرف موردين",114,FinRequests/request_form.php,"طلب مالي جديد",1,1,1,1,1,1,1,0,0,0,0,0,1,1,0,0,company,derived_from_4flags
8,"مشرف موردين",115,FinRequests/my_requests.php,"طلباتي المالية",1,1,1,0,0,0,0,0,0,0,0,0,1,1,0,0,company,derived_from_4flags
8,"مشرف موردين",116,FinRequests/dept_inbox.php,"موافقات إدارتي",1,1,1,0,1,0,1,0,0,0,0,0,1,1,0,0,company,derived_from_4flags
8,"مشرف موردين",117,FinRequests/accountant_desk.php,"مكتب المحاسب",0,0,0,0,0,0,0,0,0,0,0,0,0,0,0,0,,no_grant
8,"مشرف موردين",118,FinRequests/finance_gateway.php,"الطلبات المالية",0,0,0,0,0,0,0,0,0,0,0,0,0,0,0,0,,no_grant
8,"مشرف موردين",119,FinRequests/effect_map.php,"سجل الحركة المالية",0,0,0,0,0,0,0,0,0,0,0,0,0,0,0,0,,no_grant
8,"مشرف موردين",120,FinRequests/routing_admin.php,"قواعد توجيه الطلبات",0,0,0,0,0,0,0,0,0,0,0,0,0,0,0,0,,no_grant
8,"مشرف موردين",121,FinRequests/cycle_time_board.php,"زمن دورة الطلبات",0,0,0,0,0,0,0,0,0,0,0,0,0,0,0,0,,no_grant
8,"مشرف موردين",122,FinRequests/requests_reports.php,"تقارير الطلبات المالية",0,0,0,0,0,0,0,0,0,0,0,0,0,0,0,0,,no_grant
8,"مشرف موردين",123,Settings/role_permissions.php,"صلاحيات الأدوار",0,0,0,0,0,0,0,0,0,0,0,0,0,0,0,0,,no_grant
8,"مشرف موردين",124,Settings/roles.php,الأدوار,0,0,0,0,0,0,0,0,0,0,0,0,0,0,0,0,,no_grant
8,"مشرف موردين",125,Finance/variance_monitor_fin.php,"متابعة الانحراف",0,0,0,0,0,0,0,0,0,0,0,0,0,0,0,0,,no_grant
8,"مشرف موردين",126,Finance/maintenance_provision_fin.php,"قواعد مخصص الصيانة",0,0,0,0,0,0,0,0,0,0,0,0,0,0,0,0,,no_grant
8,"مشرف موردين",127,Clients/contract_commitments.php,"التزامات العقود",0,0,0,0,0,0,0,0,0,0,0,0,0,0,0,0,,no_grant
8,"مشرف موردين",128,Finance/operator_pay_fin.php,"قواعد مستحقات المشغّلين",0,0,0,0,0,0,0,0,0,0,0,0,0,0,0,0,,no_grant
8,"مشرف موردين",129,Clients/readiness_lines.php,"جاهزية العروض",0,0,0,0,0,0,0,0,0,0,0,0,0,0,0,0,,no_grant
8,"مشرف موردين",130,Tickets/ticket_types_config.php,"إعداد أنواع البلاغات",0,0,0,0,0,0,0,0,0,0,0,0,0,0,0,0,,no_grant
8,"مشرف موردين",131,Tickets/ticket_categories_config.php,"تصنيفات الأعطال والبلاغات",0,0,0,0,0,0,0,0,0,0,0,0,0,0,0,0,,no_grant
8,"مشرف موردين",132,Tickets/tickets_list.php,البلاغات,0,0,0,0,0,0,0,0,0,0,0,0,0,0,0,0,,no_grant
8,"مشرف موردين",133,Tickets/ticket_form.php,"تسجيل بلاغ",0,0,0,0,0,0,0,0,0,0,0,0,0,0,0,0,,no_grant
8,"مشرف موردين",134,Tickets/ticket_sla_config.php,"أزمنة الاستجابة والإنجاز",0,0,0,0,0,0,0,0,0,0,0,0,0,0,0,0,,no_grant
8,"مشرف موردين",135,Tickets/ticket_escalation_config.php,"سلّم التصعيد",0,0,0,0,0,0,0,0,0,0,0,0,0,0,0,0,,no_grant
8,"مشرف موردين",136,Tickets/ticket_recurrence.php,"البلاغات الدورية",0,0,0,0,0,0,0,0,0,0,0,0,0,0,0,0,,no_grant
8,"مشرف موردين",137,Tickets/ticket_dashboard.php,"أداء البلاغات",0,0,0,0,0,0,0,0,0,0,0,0,0,0,0,0,,no_grant
8,"مشرف موردين",138,Maintenance/dashboard_mnt.php,"لوحة إدارة الصيانة",0,0,0,0,0,0,0,0,0,0,0,0,0,0,0,0,,no_grant
8,"مشرف موردين",139,main/role_board.php,"لوحة الدور",1,1,1,0,0,0,0,0,0,0,0,0,1,1,0,0,company,derived_from_4flags
8,"مشرف موردين",140,Finance/operator_pay_policies_fin.php,"سياسات مستحقات المشغّلين",0,0,0,0,0,0,0,0,0,0,0,0,0,0,0,0,,no_grant
8,"مشرف موردين",141,Equipments/equipment_documents.php,"وثائق المعدات والمشغّلين",0,0,0,0,0,0,0,0,0,0,0,0,0,0,0,0,,no_grant
8,"مشرف موردين",142,Contracts/claims.php,المستخلصات,0,0,0,0,0,0,0,0,0,0,0,0,0,0,0,0,,no_grant
8,"مشرف موردين",143,Finance/currencies_fin.php,"العملات وأسعار الصرف",0,0,0,0,0,0,0,0,0,0,0,0,0,0,0,0,,no_grant
8,"مشرف موردين",144,Suppliers/settlements.php,"تسويات الموردين",0,0,0,0,0,0,0,0,0,0,0,0,0,0,0,0,,no_grant
8,"مشرف موردين",145,Contracts/contract_obligations.php,"مصفوفة التزامات العقد",0,0,0,0,0,0,0,0,0,0,0,0,0,0,0,0,,no_grant
8,"مشرف موردين",146,Approvals/attribution_board.php,"لوحة الإسناد اليومي",0,0,0,0,0,0,0,0,0,0,0,0,0,0,0,0,,no_grant
8,"مشرف موردين",147,Contracts/penalties.php,"احتساب الجزاءات والحوافز",0,0,0,0,0,0,0,0,0,0,0,0,0,0,0,0,,no_grant
8,"مشرف موردين",148,Workforce/employee_settlements.php,"تسويات الموظفين",0,0,0,0,0,0,0,0,0,0,0,0,0,0,0,0,,no_grant
8,"مشرف موردين",149,Operations/containers.php,"حاويات العقود",0,0,0,0,0,0,0,0,0,0,0,0,0,0,0,0,,no_grant
8,"مشرف موردين",150,Projects/sites.php,"مواقع التنفيذ",0,0,0,0,0,0,0,0,0,0,0,0,0,0,0,0,,no_grant
8,"مشرف موردين",151,Workforce/contract_registry.php,"سجل العقود الموحّد",0,0,0,0,0,0,0,0,0,0,0,0,0,0,0,0,,no_grant
8,"مشرف موردين",152,Operations/daily_plan.php,"خطة عمل الغد",0,0,0,0,0,0,0,0,0,0,0,0,0,0,0,0,,no_grant
8,"مشرف موردين",153,Suppliers/supplier_contract_lines.php,"بنود عقد المورد",0,0,0,0,0,0,0,0,0,0,0,0,0,0,0,0,,no_grant
8,"مشرف موردين",154,Contracts/price_terms.php,"شروط تعديل السعر",0,0,0,0,0,0,0,0,0,0,0,0,0,0,0,0,,no_grant
8,"مشرف موردين",155,Equipments/meter_readings.php,"قراءات العدّادات",0,0,0,0,0,0,0,0,0,0,0,0,0,0,0,0,,no_grant
8,"مشرف موردين",156,Workforce/payroll_runs.php,"مسيّر الرواتب",0,0,0,0,0,0,0,0,0,0,0,0,0,0,0,0,,no_grant
8,"مشرف موردين",157,Workforce/employee_advances.php,"سلفيات الموظفين",0,0,0,0,0,0,0,0,0,0,0,0,0,0,0,0,,no_grant
8,"مشرف موردين",158,Suppliers/supplier_advances.php,"سلفيات الموردين",0,0,0,0,0,0,0,0,0,0,0,0,0,0,0,0,,no_grant
8,"مشرف موردين",159,Suppliers/supplier_rules.php,"قواعد تحميل المورد وجزاءاته",0,0,0,0,0,0,0,0,0,0,0,0,0,0,0,0,,no_grant
8,"مشرف موردين",160,Suppliers/supplier_capacity.php,"الطاقة والجاهزية ومهلة الإحلال",0,0,0,0,0,0,0,0,0,0,0,0,0,0,0,0,,no_grant
8,"مشرف موردين",161,Suppliers/supplier_evaluation.php,"تقييم المورد الدوري",0,0,0,0,0,0,0,0,0,0,0,0,0,0,0,0,,no_grant
8,"مشرف موردين",162,Suppliers/supplier_closure.php,"تصفية إنهاء عقد المورد",0,0,0,0,0,0,0,0,0,0,0,0,0,0,0,0,,no_grant
8,"مشرف موردين",163,Suppliers/supplier_documents.php,"وثائق المورد وحسابه البنكي",0,0,0,0,0,0,0,0,0,0,0,0,0,0,0,0,,no_grant
8,"مشرف موردين",164,Contracts/tax_invoices.php,"الفاتورة الضريبية",0,0,0,0,0,0,0,0,0,0,0,0,0,0,0,0,,no_grant
8,"مشرف موردين",165,Contracts/client_statement.php,"كشف حساب العميل",0,0,0,0,0,0,0,0,0,0,0,0,0,0,0,0,,no_grant
8,"مشرف موردين",166,Contracts/collections.php,"الذمم والتحصيل",0,0,0,0,0,0,0,0,0,0,0,0,0,0,0,0,,no_grant
8,"مشرف موردين",167,Workforce/final_settlement.php,"تصفية إنهاء خدمة الموظف",0,0,0,0,0,0,0,0,0,0,0,0,0,0,0,0,,no_grant
8,"مشرف موردين",168,Transport/transfer_tariffs.php,"تعرفة الترحيل وتسعير الأوامر",0,0,0,0,0,0,0,0,0,0,0,0,0,0,0,0,,no_grant
8,"مشرف موردين",169,Finance/periodic_events_fin.php,"الدوريات المالية",0,0,0,0,0,0,0,0,0,0,0,0,0,0,0,0,,no_grant
8,"مشرف موردين",171,Suppliers/rfq_requests.php,"طلبات عروض الموردين",0,0,0,0,0,0,0,0,0,0,0,0,0,0,0,0,,no_grant
8,"مشرف موردين",172,Contracts/contract_sites.php,"نطاقات العقد التشغيلية",0,0,0,0,0,0,0,0,0,0,0,0,0,0,0,0,,no_grant
8,"مشرف موردين",173,Contracts/contract_lines.php,"بنود عقد العميل وقيمته",0,0,0,0,0,0,0,0,0,0,0,0,0,0,0,0,,no_grant
8,"مشرف موردين",174,Contracts/contract_monthly_plan.php,"الجدول الشهري للعقد",0,0,0,0,0,0,0,0,0,0,0,0,0,0,0,0,,no_grant
8,"مشرف موردين",175,Contracts/contract_resource_plan.php,"خطة موارد العقد",0,0,0,0,0,0,0,0,0,0,0,0,0,0,0,0,,no_grant
8,"مشرف موردين",176,Contracts/contract_payment_schedule.php,"خطة دفع العقد",0,0,0,0,0,0,0,0,0,0,0,0,0,0,0,0,,no_grant
8,"مشرف موردين",177,Contracts/contract_guarantees.php,"ضمانات العقد",0,0,0,0,0,0,0,0,0,0,0,0,0,0,0,0,,no_grant
8,"مشرف موردين",178,Contracts/plan_actual_link.php,"ربط الخطة بالفعلي",0,0,0,0,0,0,0,0,0,0,0,0,0,0,0,0,,no_grant
8,"مشرف موردين",179,Contracts/contract_baseline.php,"خط أساس العقد",0,0,0,0,0,0,0,0,0,0,0,0,0,0,0,0,,no_grant
8,"مشرف موردين",180,Contracts/contract_lifecycle.php,"اقتصاد دورة حياة العقد",0,0,0,0,0,0,0,0,0,0,0,0,0,0,0,0,,no_grant
8,"مشرف موردين",181,Contracts/commercial_board.php,"اللوحة التجارية للعقود",0,0,0,0,0,0,0,0,0,0,0,0,0,0,0,0,,no_grant
8,"مشرف موردين",182,user_capacities.php,"صفاتي ومبدّل المساحة",1,1,1,0,0,0,0,0,0,0,0,0,1,1,0,0,company,derived_from_4flags
8,"مشرف موردين",183,Portal/visibility_keys.php,"مفاتيح الظهور",0,0,0,0,0,0,0,0,0,0,0,0,0,0,0,0,,no_grant
8,"مشرف موردين",184,Portal/portal_elements.php,"مكوّنات البوابة",0,0,0,0,0,0,0,0,0,0,0,0,0,0,0,0,,no_grant
8,"مشرف موردين",185,Portal/visibility_simulator.php,"من يرى ماذا (محاكاة)",0,0,0,0,0,0,0,0,0,0,0,0,0,0,0,0,,no_grant
8,"مشرف موردين",186,Portal/visibility_audit.php,"سجل تدقيق الظهور",0,0,0,0,0,0,0,0,0,0,0,0,0,0,0,0,,no_grant
8,"مشرف موردين",187,Portal/my_portal.php,بوابتي,1,1,1,0,0,0,0,0,0,0,0,0,1,1,0,0,company,derived_from_4flags
8,"مشرف موردين",188,Portal/my_achievement.php,إنجازي,1,1,1,0,0,0,0,0,0,0,0,0,1,1,0,0,company,derived_from_4flags
8,"مشرف موردين",189,Portal/my_evaluation.php,"التقييم الثنائي",1,1,1,1,0,1,0,0,0,0,0,0,1,1,0,0,company,derived_from_4flags
8,"مشرف موردين",190,Portal/my_certificate.php,"شهادة الإنجاز",1,1,1,0,0,0,0,0,0,0,0,0,1,1,0,0,company,derived_from_4flags
8,"مشرف موردين",191,Portal/workspace.php,"مساحة العمل",1,1,1,0,0,0,0,0,0,0,0,0,1,1,0,0,company,derived_from_4flags
8,"مشرف موردين",192,Finance/approvals_inbox.php,"صندوق الاعتمادات الموحد",0,0,0,0,0,0,0,0,0,0,0,0,0,0,0,0,,no_grant
8,"مشرف موردين",193,Operations/operations_room.php,"غرفة عمليات التشغيل",0,0,0,0,0,0,0,0,0,0,0,0,0,0,0,0,,no_grant
8,"مشرف موردين",194,Operations/distribution_space.php,"مساحة التوزيع",0,0,0,0,0,0,0,0,0,0,0,0,0,0,0,0,,no_grant
8,"مشرف موردين",195,Reports/daily_units_report.php,"سجل الوحدات اليومية",0,0,0,0,0,0,0,0,0,0,0,0,0,0,0,0,,no_grant
8,"مشرف موردين",196,Fleet/readiness_board.php,"لوحة الجاهزية",0,0,0,0,0,0,0,0,0,0,0,0,0,0,0,0,,no_grant
8,"مشرف موردين",197,Maintenance/failure_report.php,"تقرير الأعطال (التصنيف الموحد)",0,0,0,0,0,0,0,0,0,0,0,0,0,0,0,0,,no_grant
8,"مشرف موردين",198,Procurement/supplier_card_proc.php,"بطاقة مورد المشتريات",0,0,0,0,0,0,0,0,0,0,0,0,0,0,0,0,,no_grant
8,"مشرف موردين",199,Procurement/warehouse_board.php,"لوحة أمين المستودع",0,0,0,0,0,0,0,0,0,0,0,0,0,0,0,0,,no_grant
8,"مشرف موردين",200,Contracts/contract_card.php,"بطاقة العقد الأم",0,0,0,0,0,0,0,0,0,0,0,0,0,0,0,0,,no_grant
8,"مشرف موردين",201,Employees/employee_card.php,"بطاقة الموظف",0,0,0,0,0,0,0,0,0,0,0,0,0,0,0,0,,no_grant
8,"مشرف موردين",202,Reports/margin_report.php,"هامش الواقعة والعقد",0,0,0,0,0,0,0,0,0,0,0,0,0,0,0,0,,no_grant
8,"مشرف موردين",203,Reports/exceptions_report.php,"تقرير الاستثناءات",0,0,0,0,0,0,0,0,0,0,0,0,0,0,0,0,,no_grant
8,"مشرف موردين",204,Reports/guard_denials_report.php,"تقرير المنع",0,0,0,0,0,0,0,0,0,0,0,0,0,0,0,0,,no_grant
8,"مشرف موردين",205,Settings/guard_classification.php,"تصنيف الحمايات",0,0,0,0,0,0,0,0,0,0,0,0,0,0,0,0,,no_grant
8,"مشرف موردين",206,Governance/entities_registry.php,"سجل الكيانات",0,0,0,0,0,0,0,0,0,0,0,0,0,0,0,0,,no_grant
8,"مشرف موردين",207,Governance/signing_authority.php,"التفويض بالتوقيع",0,0,0,0,0,0,0,0,0,0,0,0,0,0,0,0,,no_grant
8,"مشرف موردين",208,Governance/licenses_guarantees.php,"التراخيص والكفالات",0,0,0,0,0,0,0,0,0,0,0,0,0,0,0,0,,no_grant
8,"مشرف موردين",209,Governance/activation_patterns.php,"أنماط التفعيل",0,0,0,0,0,0,0,0,0,0,0,0,0,0,0,0,,no_grant
8,"مشرف موردين",210,Financing/financiers_registry.php,"سجل الممولين",0,0,0,0,0,0,0,0,0,0,0,0,0,0,0,0,,no_grant
8,"مشرف موردين",211,Financing/financing_operation_new.php,"إنشاء عملية تمويل",0,0,0,0,0,0,0,0,0,0,0,0,0,0,0,0,,no_grant
8,"مشرف موردين",212,Reports/approval_lag_report.php,"الاعتمادات المتأخرة والوثائق",0,0,0,0,0,0,0,0,0,0,0,0,0,0,0,0,,no_grant
8,"مشرف موردين",213,Governance/ownership_grants.php,"منح المجال المقيَّد",0,0,0,0,0,0,0,0,0,0,0,0,0,0,0,0,,no_grant
8,"مشرف موردين",214,Financing/financing_board.php,"لوحة إدارة التمويل",0,0,0,0,0,0,0,0,0,0,0,0,0,0,0,0,,no_grant
8,"مشرف موردين",215,admin/ops_manager_board.php,"لوحة مدير التشغيل",0,0,0,0,0,0,0,0,0,0,0,0,0,0,0,0,,no_grant
8,"مشرف موردين",216,admin/org_assignments.php,"التكليفات التنظيمية",0,0,0,0,0,0,0,0,0,0,0,0,0,0,0,0,,no_grant
8,"مشرف موردين",217,admin/org_structure.php,"الهيكل التنظيمي",0,0,0,0,0,0,0,0,0,0,0,0,0,0,0,0,,no_grant
8,"مشرف موردين",218,admin/org_permits.php,"أذونات المواقع",0,0,0,0,0,0,0,0,0,0,0,0,0,0,0,0,,no_grant
8,"مشرف موردين",222,admin/sec_governance.php,"مركز حوكمة الصلاحيات",0,0,0,0,0,0,0,0,0,0,0,0,0,0,0,0,,no_grant
8,"مشرف موردين",223,admin/sec_employee_wizard.php,"معالج إعداد الموظف",0,0,0,0,0,0,0,0,0,0,0,0,0,0,0,0,,no_grant
8,"مشرف موردين",225,Tickets/ticket_workstreams_board.php,"لوحة مسارات البلاغات",0,0,0,0,0,0,0,0,0,0,0,0,0,0,0,0,,no_grant
8,"مشرف موردين",226,Tickets/watchtower.php,"برج المراقبة",0,0,0,0,0,0,0,0,0,0,0,0,0,0,0,0,,no_grant
8,"مشرف موردين",227,Tickets/ticket_contextual_open.php,"بلاغ سياقي جديد",1,1,1,1,0,1,0,0,0,0,0,0,1,1,0,0,company,derived_from_4flags
8,"مشرف موردين",228,main/my_workspace.php,"مساحة عملي",1,1,1,0,0,0,0,0,0,0,0,0,1,1,0,0,company,derived_from_4flags
10,"مشرف اسطول",1,Clients/clients.php,العملاء,0,0,0,0,0,0,0,0,0,0,0,0,0,0,0,0,,no_grant
10,"مشرف اسطول",2,Projects/projects.php,المشاريع,0,0,0,0,0,0,0,0,0,0,0,0,0,0,0,0,,no_grant
10,"مشرف اسطول",3,main/users.php,الصلاحيات,0,0,0,0,0,0,0,0,0,0,0,0,0,0,0,0,,no_grant
10,"مشرف اسطول",4,Reports/reports.php,"مركز التقارير",0,0,0,0,0,0,0,0,0,0,0,0,0,0,0,0,,no_grant
10,"مشرف اسطول",5,Equipments/equipments_types.php,"أنواع المعدات",0,0,0,0,0,0,0,0,0,0,0,0,0,0,0,0,,no_grant
10,"مشرف اسطول",6,Reports/reports.php,"مركز التقارير",0,0,0,0,0,0,0,0,0,0,0,0,0,0,0,0,,no_grant
10,"مشرف اسطول",7,Employees/employees.php,الموظفون,0,0,0,0,0,0,0,0,0,0,0,0,0,0,0,0,,no_grant
10,"مشرف اسطول",8,Equipments/equipments_fleet.php,المعدات,1,1,1,0,0,0,0,0,0,0,0,0,1,1,0,0,company,derived_from_4flags
10,"مشرف اسطول",9,Oprators/oprators.php,"شاشة التشغيل",0,0,0,0,0,0,0,0,0,0,0,0,0,0,0,0,,no_grant
10,"مشرف اسطول",10,Timesheet/timesheet_type.php,"تسجيل الوحدات",0,0,0,0,0,0,0,0,0,0,0,0,0,0,0,0,,no_grant
10,"مشرف اسطول",11,Settings/settings.php,الإعدادات,0,0,0,0,0,0,0,0,0,0,0,0,0,0,0,0,,no_grant
10,"مشرف اسطول",12,ActivityLogs/activity_logs.php,"سجل النشاط",0,0,0,0,0,0,0,0,0,0,0,0,0,0,0,0,,no_grant
10,"مشرف اسطول",14,main/project_users.php,"مشرفو الموردين",0,0,0,0,0,0,0,0,0,0,0,0,0,0,0,0,,no_grant
10,"مشرف اسطول",15,main/project_users.php,المشرفين,1,1,1,0,1,0,1,0,0,0,0,1,1,1,0,0,company,derived_from_4flags
10,"مشرف اسطول",16,main/project_users.php,المشرفين,0,0,0,0,0,0,0,0,0,0,0,0,0,0,0,0,,no_grant
10,"مشرف اسطول",17,main/project_users.php,"إدارة المعاونين",0,0,0,0,0,0,0,0,0,0,0,0,0,0,0,0,,no_grant
10,"مشرف اسطول",18,main/project_users.php,المشرفين,0,0,0,0,0,0,0,0,0,0,0,0,0,0,0,0,,no_grant
10,"مشرف اسطول",20,Contracts/contracts.php,العقود,0,0,0,0,0,0,0,0,0,0,0,0,0,0,0,0,,no_grant
10,"مشرف اسطول",21,Contracts/contracts_details.php,"ملف عقد المشروع",0,0,0,0,0,0,0,0,0,0,0,0,0,0,0,0,,no_grant
10,"مشرف اسطول",22,Suppliers/suppliers.php,الموردون,0,0,0,0,0,0,0,0,0,0,0,0,0,0,0,0,,no_grant
10,"مشرف اسطول",23,Oprators/select_project.php,التشغيل,0,0,0,0,0,0,0,0,0,0,0,0,0,0,0,0,,no_grant
10,"مشرف اسطول",24,Settings/settings.php,الإعدادات,0,0,0,0,0,0,0,0,0,0,0,0,0,0,0,0,,no_grant
10,"مشرف اسطول",25,Suppliers/supplierscontracts.php,"عقود الموردين",0,0,0,0,0,0,0,0,0,0,0,0,0,0,0,0,,no_grant
10,"مشرف اسطول",26,Suppliers/supplierscontracts_details.php,"ملف عقد المورد",0,0,0,0,0,0,0,0,0,0,0,0,0,0,0,0,,no_grant
10,"مشرف اسطول",27,Equipments/equipments_drivers.php,المعدات,0,0,0,0,0,0,0,0,0,0,0,0,0,0,0,0,,no_grant
10,"مشرف اسطول",28,Reports/reports.php,"مركز التقارير",0,0,0,0,0,0,0,0,0,0,0,0,0,0,0,0,,no_grant
10,"مشرف اسطول",29,movement/project_drivers.php,"توزيع المشغّلين",0,0,0,0,0,0,0,0,0,0,0,0,0,0,0,0,,no_grant
10,"مشرف اسطول",30,movement/movement_operations.php,الورديات,0,0,0,0,0,0,0,0,0,0,0,0,0,0,0,0,,no_grant
10,"مشرف اسطول",31,Reports/reports.php,"مركز التقارير",0,0,0,0,0,0,0,0,0,0,0,0,0,0,0,0,,no_grant
10,"مشرف اسطول",32,Reports/reports.php,"مركز التقارير",0,0,0,0,0,0,0,0,0,0,0,0,0,0,0,0,,no_grant
10,"مشرف اسطول",34,movement/map_page.php,"متابعة المشروع",0,0,0,0,0,0,0,0,0,0,0,0,0,0,0,0,,no_grant
10,"مشرف اسطول",35,Clients/clients.php,العملاء,0,0,0,0,0,0,0,0,0,0,0,0,0,0,0,0,,no_grant
10,"مشرف اسطول",36,Projects/projects.php,المشاريع,0,0,0,0,0,0,0,0,0,0,0,0,0,0,0,0,,no_grant
10,"مشرف اسطول",37,Contracts/contracts.php,العقود,0,0,0,0,0,0,0,0,0,0,0,0,0,0,0,0,,no_grant
10,"مشرف اسطول",38,Equipments/manage_failure_codes.php,"تصنيفات الأعطال",0,0,0,0,0,0,0,0,0,0,0,0,0,0,0,0,,no_grant
10,"مشرف اسطول",40,Equipments/fleet_models.php,"الأنواع والموديلات",1,1,1,0,0,0,0,0,0,0,0,0,1,1,0,0,company,derived_from_4flags
10,"مشرف اسطول",41,Equipments/fleet_depreciation_profiles.php,"إعداد الإهلاك",1,1,1,0,0,0,0,0,0,0,0,0,1,1,0,0,company,derived_from_4flags
10,"مشرف اسطول",42,Maintenance/breakdowns.php,"البلاغات (غير مفعّلة)",0,0,0,0,0,0,0,0,0,0,0,0,0,0,0,0,,no_grant
10,"مشرف اسطول",43,Maintenance/orders.php,"أوامر الصيانة",0,0,0,0,0,0,0,0,0,0,0,0,0,0,0,0,,no_grant
10,"مشرف اسطول",44,Maintenance/inspections.php,"الفحص الفني اليومي",0,0,0,0,0,0,0,0,0,0,0,0,0,0,0,0,,no_grant
10,"مشرف اسطول",45,Maintenance/preventive_plans.php,"الصيانة الوقائية",0,0,0,0,0,0,0,0,0,0,0,0,0,0,0,0,,no_grant
10,"مشرف اسطول",46,Maintenance/master_data.php,"إعدادات الصيانة",0,0,0,0,0,0,0,0,0,0,0,0,0,0,0,0,,no_grant
10,"مشرف اسطول",47,Workforce/worker_register.php,"السجل التشغيلي للعامل",0,0,0,0,0,0,0,0,0,0,0,0,0,0,0,0,,no_grant
10,"مشرف اسطول",48,Workforce/worker_contract.php,"عقود العاملين",0,0,0,0,0,0,0,0,0,0,0,0,0,0,0,0,,no_grant
10,"مشرف اسطول",50,Workforce/worker_leave_absence.php,"الإجازات والغياب",0,0,0,0,0,0,0,0,0,0,0,0,0,0,0,0,,no_grant
10,"مشرف اسطول",51,Workforce/worker_movement.php,"تنقلات العاملين",0,0,0,0,0,0,0,0,0,0,0,0,0,0,0,0,,no_grant
10,"مشرف اسطول",52,Workforce/housing_units.php,"السكن والإعاشة",0,0,0,0,0,0,0,0,0,0,0,0,0,0,0,0,,no_grant
10,"مشرف اسطول",53,Workforce/worker_evaluation.php,"تقييم الأداء",0,0,0,0,0,0,0,0,0,0,0,0,0,0,0,0,,no_grant
10,"مشرف اسطول",54,Workforce/worker_settlement.php,"تسويات العاملين",0,0,0,0,0,0,0,0,0,0,0,0,0,0,0,0,,no_grant
10,"مشرف اسطول",55,Workforce/workforce_requirement.php,"احتياج القوى والتخطيط",0,0,0,0,0,0,0,0,0,0,0,0,0,0,0,0,,no_grant
10,"مشرف اسطول",56,Workforce/worker_worklog.php,"سجل الأحداث التشغيلية",0,0,0,0,0,0,0,0,0,0,0,0,0,0,0,0,,no_grant
10,"مشرف اسطول",57,Employees/job_titles.php,"المسميات الوظيفية",0,0,0,0,0,0,0,0,0,0,0,0,0,0,0,0,,no_grant
10,"مشرف اسطول",58,Employees/employee_roles.php,"الأدوار الوظيفية",0,0,0,0,0,0,0,0,0,0,0,0,0,0,0,0,,no_grant
10,"مشرف اسطول",59,Employees/equipment_operators.php,"المشغّلون والسائقون",0,0,0,0,0,0,0,0,0,0,0,0,0,0,0,0,,no_grant
10,"مشرف اسطول",60,main/users.php,"إدارة المستخدمين",0,0,0,0,0,0,0,0,0,0,0,0,0,0,0,0,,no_grant
10,"مشرف اسطول",61,main/all_assistants.php,المعاونون,0,0,0,0,0,0,0,0,0,0,0,0,0,0,0,0,,no_grant
10,"مشرف اسطول",62,Employees/employee_contracts.php,"عقود الموظفين",0,0,0,0,0,0,0,0,0,0,0,0,0,0,0,0,,no_grant
10,"مشرف اسطول",63,Employees/employee_contracts_details.php,"ملف عقد الموظف",0,0,0,0,0,0,0,0,0,0,0,0,0,0,0,0,,no_grant
10,"مشرف اسطول",64,Employees/employee_profile.php,"بطاقة الموظف",0,0,0,0,0,0,0,0,0,0,0,0,0,0,0,0,,no_grant
10,"مشرف اسطول",65,Employees/showcontractemployee.php,"عرض عقد الموظف",0,0,0,0,0,0,0,0,0,0,0,0,0,0,0,0,,no_grant
10,"مشرف اسطول",66,Opportunities/opportunities.php,"الفرص البيعية",0,0,0,0,0,0,0,0,0,0,0,0,0,0,0,0,,no_grant
10,"مشرف اسطول",67,Procurement/dashboard_proc.php,"لوحة المشتريات",0,0,0,0,0,0,0,0,0,0,0,0,0,0,0,0,,no_grant
10,"مشرف اسطول",68,Procurement/items_proc.php,"كتالوج الأصناف",0,0,0,0,0,0,0,0,0,0,0,0,0,0,0,0,,no_grant
10,"مشرف اسطول",69,Procurement/requests_proc.php,"طلبات الشراء",0,0,0,0,0,0,0,0,0,0,0,0,0,0,0,0,,no_grant
10,"مشرف اسطول",70,Procurement/orders_proc.php,"أوامر الشراء",0,0,0,0,0,0,0,0,0,0,0,0,0,0,0,0,,no_grant
10,"مشرف اسطول",71,Procurement/receipt_custody_proc.php,"الاستلام المؤقت",0,0,0,0,0,0,0,0,0,0,0,0,0,0,0,0,,no_grant
10,"مشرف اسطول",72,Procurement/stock_proc.php,المخزون,0,0,0,0,0,0,0,0,0,0,0,0,0,0,0,0,,no_grant
10,"مشرف اسطول",73,Procurement/issue_proc.php,"صرف المخزون والعهدة",0,0,0,0,0,0,0,0,0,0,0,0,0,0,0,0,,no_grant
10,"مشرف اسطول",74,Procurement/reordering_proc.php,"حدود إعادة الطلب",0,0,0,0,0,0,0,0,0,0,0,0,0,0,0,0,,no_grant
10,"مشرف اسطول",75,Procurement/suppliers_proc.php,"موردو المشتريات",0,0,0,0,0,0,0,0,0,0,0,0,0,0,0,0,,no_grant
10,"مشرف اسطول",76,Procurement/master_data_proc.php,"البيانات المرجعية",0,0,0,0,0,0,0,0,0,0,0,0,0,0,0,0,,no_grant
10,"مشرف اسطول",77,Clients/activities.php,"أنشطة العملاء",0,0,0,0,0,0,0,0,0,0,0,0,0,0,0,0,,no_grant
10,"مشرف اسطول",78,Clients/commercial_risks.php,"المخاطر التجارية",0,0,0,0,0,0,0,0,0,0,0,0,0,0,0,0,,no_grant
10,"مشرف اسطول",79,Clients/tenders.php,المناقصات,0,0,0,0,0,0,0,0,0,0,0,0,0,0,0,0,,no_grant
10,"مشرف اسطول",80,Clients/quotations.php,"عروض الأسعار",0,0,0,0,0,0,0,0,0,0,0,0,0,0,0,0,,no_grant
10,"مشرف اسطول",81,Clients/pricelists.php,"قوائم ونماذج التسعير",0,0,0,0,0,0,0,0,0,0,0,0,0,0,0,0,,no_grant
10,"مشرف اسطول",82,Clients/products.php,"كتالوج المنتجات والخدمات",0,0,0,0,0,0,0,0,0,0,0,0,0,0,0,0,,no_grant
10,"مشرف اسطول",83,Clients/units_of_measure.php,"وحدات القياس",0,0,0,0,0,0,0,0,0,0,0,0,0,0,0,0,,no_grant
10,"مشرف اسطول",84,Clients/contract_amendments.php,"ملاحق العقود وتجديداتها",0,0,0,0,0,0,0,0,0,0,0,0,0,0,0,0,,no_grant
10,"مشرف اسطول",85,Clients/contract_events.php,"سجل حركة العقد",0,0,0,0,0,0,0,0,0,0,0,0,0,0,0,0,,no_grant
10,"مشرف اسطول",86,Finance/events_list_fin.php,"المعاملات المالية",0,0,0,0,0,0,0,0,0,0,0,0,0,0,0,0,,no_grant
10,"مشرف اسطول",87,Finance/accounts_fin.php,"دليل الحسابات",0,0,0,0,0,0,0,0,0,0,0,0,0,0,0,0,,no_grant
10,"مشرف اسطول",88,Finance/journal_form_fin.php,"القيود اليومية",0,0,0,0,0,0,0,0,0,0,0,0,0,0,0,0,,no_grant
10,"مشرف اسطول",89,Finance/budget_form_fin.php,"الميزانية والانحراف",0,0,0,0,0,0,0,0,0,0,0,0,0,0,0,0,,no_grant
10,"مشرف اسطول",90,Finance/dues_fin.php,"الذمم والتحصيل",0,0,0,0,0,0,0,0,0,0,0,0,0,0,0,0,,no_grant
10,"مشرف اسطول",91,Finance/payments_fin.php,"المدفوعات والخزينة",0,0,0,0,0,0,0,0,0,0,0,0,0,0,0,0,,no_grant
10,"مشرف اسطول",92,Finance/cost_report_fin.php,"التكاليف والربحية",1,1,1,0,0,0,0,0,0,0,0,0,1,1,0,0,company,derived_from_4flags
10,"مشرف اسطول",93,Finance/periods_fin.php,"إقفال الفترات",0,0,0,0,0,0,0,0,0,0,0,0,0,0,0,0,,no_grant
10,"مشرف اسطول",94,Finance/funding_fin.php,"التمويل والالتزامات",0,0,0,0,0,0,0,0,0,0,0,0,0,0,0,0,,no_grant
10,"مشرف اسطول",95,Finance/cash_forecast_fin.php,"السيولة والتنبؤ النقدي",0,0,0,0,0,0,0,0,0,0,0,0,0,0,0,0,,no_grant
10,"مشرف اسطول",96,Finance/management_accounting_fin.php,"المحاسبة الإدارية",0,0,0,0,0,0,0,0,0,0,0,0,0,0,0,0,,no_grant
10,"مشرف اسطول",97,Finance/accountants_fin.php,"المحاسبون والوحدات",0,0,0,0,0,0,0,0,0,0,0,0,0,0,0,0,,no_grant
10,"مشرف اسطول",98,Finance/import_events_fin.php,"استقبال معاملات الإدارات",0,0,0,0,0,0,0,0,0,0,0,0,0,0,0,0,,no_grant
10,"مشرف اسطول",99,Finance/executive_dashboard_fin.php,"اللوحة التنفيذية",0,0,0,0,0,0,0,0,0,0,0,0,0,0,0,0,,no_grant
10,"مشرف اسطول",100,Finance/financial_statements_fin.php,"القوائم المالية",0,0,0,0,0,0,0,0,0,0,0,0,0,0,0,0,,no_grant
10,"مشرف اسطول",101,Finance/assets_fin.php,"الأصول والإهلاك",1,1,1,0,0,0,0,0,0,0,0,0,1,1,0,0,company,derived_from_4flags
10,"مشرف اسطول",102,Finance/tax_fin.php,"الضرائب والقيمة المضافة",0,0,0,0,0,0,0,0,0,0,0,0,0,0,0,0,,no_grant
10,"مشرف اسطول",103,Finance/bank_reconciliation_fin.php,"المطابقة البنكية",0,0,0,0,0,0,0,0,0,0,0,0,0,0,0,0,,no_grant
10,"مشرف اسطول",104,Finance/cfo_daily_board_fin.php,"لوحة المدير المالي",0,0,0,0,0,0,0,0,0,0,0,0,0,0,0,0,,no_grant
10,"مشرف اسطول",105,Finance/unit_records_fin.php,"وحدات الأطراف",1,1,1,0,0,0,0,0,0,0,0,0,1,1,0,0,company,derived_from_4flags
10,"مشرف اسطول",106,Finance/supplier_statement_fin.php,"كشف حساب المورد",0,0,0,0,0,0,0,0,0,0,0,0,0,0,0,0,,no_grant
10,"مشرف اسطول",107,main/project_users.php,المعاونين,0,0,0,0,0,0,0,0,0,0,0,0,0,0,0,0,,no_grant
10,"مشرف اسطول",108,Transport/transfer_types_config.php,"إعدادات الترحيل",0,0,0,0,0,0,0,0,0,0,0,0,0,0,0,0,,no_grant
10,"مشرف اسطول",109,Transport/transfer_cost_rules_config.php,"قواعد تحميل تكلفة الترحيل",0,0,0,0,0,0,0,0,0,0,0,0,0,0,0,0,,no_grant
10,"مشرف اسطول",110,Transport/trs_locations_config.php,المواقع,0,0,0,0,0,0,0,0,0,0,0,0,0,0,0,0,,no_grant
10,"مشرف اسطول",111,Transport/transfer_requests.php,"موافقات الترحيل",0,0,0,0,0,0,0,0,0,0,0,0,0,0,0,0,,no_grant
10,"مشرف اسطول",112,Transport/transfer_orders_list.php,"أوامر الترحيل",0,0,0,0,0,0,0,0,0,0,0,0,0,0,0,0,,no_grant
10,"مشرف اسطول",113,Transport/transfer_dashboard.php,"لوحة الرحلات",0,0,0,0,0,0,0,0,0,0,0,0,0,0,0,0,,no_grant
10,"مشرف اسطول",114,FinRequests/request_form.php,"طلب مالي جديد",1,1,1,1,1,1,1,0,0,0,0,0,1,1,0,0,company,derived_from_4flags
10,"مشرف اسطول",115,FinRequests/my_requests.php,"طلباتي المالية",1,1,1,0,0,0,0,0,0,0,0,0,1,1,0,0,company,derived_from_4flags
10,"مشرف اسطول",116,FinRequests/dept_inbox.php,"موافقات إدارتي",1,1,1,0,1,0,1,0,0,0,0,0,1,1,0,0,company,derived_from_4flags
10,"مشرف اسطول",117,FinRequests/accountant_desk.php,"مكتب المحاسب",0,0,0,0,0,0,0,0,0,0,0,0,0,0,0,0,,no_grant
10,"مشرف اسطول",118,FinRequests/finance_gateway.php,"الطلبات المالية",0,0,0,0,0,0,0,0,0,0,0,0,0,0,0,0,,no_grant
10,"مشرف اسطول",119,FinRequests/effect_map.php,"سجل الحركة المالية",0,0,0,0,0,0,0,0,0,0,0,0,0,0,0,0,,no_grant
10,"مشرف اسطول",120,FinRequests/routing_admin.php,"قواعد توجيه الطلبات",0,0,0,0,0,0,0,0,0,0,0,0,0,0,0,0,,no_grant
10,"مشرف اسطول",121,FinRequests/cycle_time_board.php,"زمن دورة الطلبات",0,0,0,0,0,0,0,0,0,0,0,0,0,0,0,0,,no_grant
10,"مشرف اسطول",122,FinRequests/requests_reports.php,"تقارير الطلبات المالية",0,0,0,0,0,0,0,0,0,0,0,0,0,0,0,0,,no_grant
10,"مشرف اسطول",123,Settings/role_permissions.php,"صلاحيات الأدوار",0,0,0,0,0,0,0,0,0,0,0,0,0,0,0,0,,no_grant
10,"مشرف اسطول",124,Settings/roles.php,الأدوار,0,0,0,0,0,0,0,0,0,0,0,0,0,0,0,0,,no_grant
10,"مشرف اسطول",125,Finance/variance_monitor_fin.php,"متابعة الانحراف",0,0,0,0,0,0,0,0,0,0,0,0,0,0,0,0,,no_grant
10,"مشرف اسطول",126,Finance/maintenance_provision_fin.php,"قواعد مخصص الصيانة",0,0,0,0,0,0,0,0,0,0,0,0,0,0,0,0,,no_grant
10,"مشرف اسطول",127,Clients/contract_commitments.php,"التزامات العقود",0,0,0,0,0,0,0,0,0,0,0,0,0,0,0,0,,no_grant
10,"مشرف اسطول",128,Finance/operator_pay_fin.php,"قواعد مستحقات المشغّلين",0,0,0,0,0,0,0,0,0,0,0,0,0,0,0,0,,no_grant
10,"مشرف اسطول",129,Clients/readiness_lines.php,"جاهزية العروض",0,0,0,0,0,0,0,0,0,0,0,0,0,0,0,0,,no_grant
10,"مشرف اسطول",130,Tickets/ticket_types_config.php,"إعداد أنواع البلاغات",0,0,0,0,0,0,0,0,0,0,0,0,0,0,0,0,,no_grant
10,"مشرف اسطول",131,Tickets/ticket_categories_config.php,"تصنيفات الأعطال والبلاغات",0,0,0,0,0,0,0,0,0,0,0,0,0,0,0,0,,no_grant
10,"مشرف اسطول",132,Tickets/tickets_list.php,البلاغات,0,0,0,0,0,0,0,0,0,0,0,0,0,0,0,0,,no_grant
10,"مشرف اسطول",133,Tickets/ticket_form.php,"تسجيل بلاغ",0,0,0,0,0,0,0,0,0,0,0,0,0,0,0,0,,no_grant
10,"مشرف اسطول",134,Tickets/ticket_sla_config.php,"أزمنة الاستجابة والإنجاز",0,0,0,0,0,0,0,0,0,0,0,0,0,0,0,0,,no_grant
10,"مشرف اسطول",135,Tickets/ticket_escalation_config.php,"سلّم التصعيد",0,0,0,0,0,0,0,0,0,0,0,0,0,0,0,0,,no_grant
10,"مشرف اسطول",136,Tickets/ticket_recurrence.php,"البلاغات الدورية",0,0,0,0,0,0,0,0,0,0,0,0,0,0,0,0,,no_grant
10,"مشرف اسطول",137,Tickets/ticket_dashboard.php,"أداء البلاغات",0,0,0,0,0,0,0,0,0,0,0,0,0,0,0,0,,no_grant
10,"مشرف اسطول",138,Maintenance/dashboard_mnt.php,"لوحة إدارة الصيانة",0,0,0,0,0,0,0,0,0,0,0,0,0,0,0,0,,no_grant
10,"مشرف اسطول",139,main/role_board.php,"لوحة الدور",1,1,1,0,0,0,0,0,0,0,0,0,1,1,0,0,company,derived_from_4flags
10,"مشرف اسطول",140,Finance/operator_pay_policies_fin.php,"سياسات مستحقات المشغّلين",0,0,0,0,0,0,0,0,0,0,0,0,0,0,0,0,,no_grant
10,"مشرف اسطول",141,Equipments/equipment_documents.php,"وثائق المعدات والمشغّلين",0,0,0,0,0,0,0,0,0,0,0,0,0,0,0,0,,no_grant
10,"مشرف اسطول",142,Contracts/claims.php,المستخلصات,0,0,0,0,0,0,0,0,0,0,0,0,0,0,0,0,,no_grant
10,"مشرف اسطول",143,Finance/currencies_fin.php,"العملات وأسعار الصرف",0,0,0,0,0,0,0,0,0,0,0,0,0,0,0,0,,no_grant
10,"مشرف اسطول",144,Suppliers/settlements.php,"تسويات الموردين",0,0,0,0,0,0,0,0,0,0,0,0,0,0,0,0,,no_grant
10,"مشرف اسطول",145,Contracts/contract_obligations.php,"مصفوفة التزامات العقد",0,0,0,0,0,0,0,0,0,0,0,0,0,0,0,0,,no_grant
10,"مشرف اسطول",146,Approvals/attribution_board.php,"لوحة الإسناد اليومي",0,0,0,0,0,0,0,0,0,0,0,0,0,0,0,0,,no_grant
10,"مشرف اسطول",147,Contracts/penalties.php,"احتساب الجزاءات والحوافز",0,0,0,0,0,0,0,0,0,0,0,0,0,0,0,0,,no_grant
10,"مشرف اسطول",148,Workforce/employee_settlements.php,"تسويات الموظفين",0,0,0,0,0,0,0,0,0,0,0,0,0,0,0,0,,no_grant
10,"مشرف اسطول",149,Operations/containers.php,"حاويات العقود",0,0,0,0,0,0,0,0,0,0,0,0,0,0,0,0,,no_grant
10,"مشرف اسطول",150,Projects/sites.php,"مواقع التنفيذ",0,0,0,0,0,0,0,0,0,0,0,0,0,0,0,0,,no_grant
10,"مشرف اسطول",151,Workforce/contract_registry.php,"سجل العقود الموحّد",0,0,0,0,0,0,0,0,0,0,0,0,0,0,0,0,,no_grant
10,"مشرف اسطول",152,Operations/daily_plan.php,"خطة عمل الغد",0,0,0,0,0,0,0,0,0,0,0,0,0,0,0,0,,no_grant
10,"مشرف اسطول",153,Suppliers/supplier_contract_lines.php,"بنود عقد المورد",0,0,0,0,0,0,0,0,0,0,0,0,0,0,0,0,,no_grant
10,"مشرف اسطول",154,Contracts/price_terms.php,"شروط تعديل السعر",0,0,0,0,0,0,0,0,0,0,0,0,0,0,0,0,,no_grant
10,"مشرف اسطول",155,Equipments/meter_readings.php,"قراءات العدّادات",0,0,0,0,0,0,0,0,0,0,0,0,0,0,0,0,,no_grant
10,"مشرف اسطول",156,Workforce/payroll_runs.php,"مسيّر الرواتب",0,0,0,0,0,0,0,0,0,0,0,0,0,0,0,0,,no_grant
10,"مشرف اسطول",157,Workforce/employee_advances.php,"سلفيات الموظفين",0,0,0,0,0,0,0,0,0,0,0,0,0,0,0,0,,no_grant
10,"مشرف اسطول",158,Suppliers/supplier_advances.php,"سلفيات الموردين",0,0,0,0,0,0,0,0,0,0,0,0,0,0,0,0,,no_grant
10,"مشرف اسطول",159,Suppliers/supplier_rules.php,"قواعد تحميل المورد وجزاءاته",0,0,0,0,0,0,0,0,0,0,0,0,0,0,0,0,,no_grant
10,"مشرف اسطول",160,Suppliers/supplier_capacity.php,"الطاقة والجاهزية ومهلة الإحلال",0,0,0,0,0,0,0,0,0,0,0,0,0,0,0,0,,no_grant
10,"مشرف اسطول",161,Suppliers/supplier_evaluation.php,"تقييم المورد الدوري",0,0,0,0,0,0,0,0,0,0,0,0,0,0,0,0,,no_grant
10,"مشرف اسطول",162,Suppliers/supplier_closure.php,"تصفية إنهاء عقد المورد",0,0,0,0,0,0,0,0,0,0,0,0,0,0,0,0,,no_grant
10,"مشرف اسطول",163,Suppliers/supplier_documents.php,"وثائق المورد وحسابه البنكي",0,0,0,0,0,0,0,0,0,0,0,0,0,0,0,0,,no_grant
10,"مشرف اسطول",164,Contracts/tax_invoices.php,"الفاتورة الضريبية",0,0,0,0,0,0,0,0,0,0,0,0,0,0,0,0,,no_grant
10,"مشرف اسطول",165,Contracts/client_statement.php,"كشف حساب العميل",0,0,0,0,0,0,0,0,0,0,0,0,0,0,0,0,,no_grant
10,"مشرف اسطول",166,Contracts/collections.php,"الذمم والتحصيل",0,0,0,0,0,0,0,0,0,0,0,0,0,0,0,0,,no_grant
10,"مشرف اسطول",167,Workforce/final_settlement.php,"تصفية إنهاء خدمة الموظف",0,0,0,0,0,0,0,0,0,0,0,0,0,0,0,0,,no_grant
10,"مشرف اسطول",168,Transport/transfer_tariffs.php,"تعرفة الترحيل وتسعير الأوامر",0,0,0,0,0,0,0,0,0,0,0,0,0,0,0,0,,no_grant
10,"مشرف اسطول",169,Finance/periodic_events_fin.php,"الدوريات المالية",0,0,0,0,0,0,0,0,0,0,0,0,0,0,0,0,,no_grant
10,"مشرف اسطول",171,Suppliers/rfq_requests.php,"طلبات عروض الموردين",0,0,0,0,0,0,0,0,0,0,0,0,0,0,0,0,,no_grant
10,"مشرف اسطول",172,Contracts/contract_sites.php,"نطاقات العقد التشغيلية",0,0,0,0,0,0,0,0,0,0,0,0,0,0,0,0,,no_grant
10,"مشرف اسطول",173,Contracts/contract_lines.php,"بنود عقد العميل وقيمته",0,0,0,0,0,0,0,0,0,0,0,0,0,0,0,0,,no_grant
10,"مشرف اسطول",174,Contracts/contract_monthly_plan.php,"الجدول الشهري للعقد",0,0,0,0,0,0,0,0,0,0,0,0,0,0,0,0,,no_grant
10,"مشرف اسطول",175,Contracts/contract_resource_plan.php,"خطة موارد العقد",0,0,0,0,0,0,0,0,0,0,0,0,0,0,0,0,,no_grant
10,"مشرف اسطول",176,Contracts/contract_payment_schedule.php,"خطة دفع العقد",0,0,0,0,0,0,0,0,0,0,0,0,0,0,0,0,,no_grant
10,"مشرف اسطول",177,Contracts/contract_guarantees.php,"ضمانات العقد",0,0,0,0,0,0,0,0,0,0,0,0,0,0,0,0,,no_grant
10,"مشرف اسطول",178,Contracts/plan_actual_link.php,"ربط الخطة بالفعلي",0,0,0,0,0,0,0,0,0,0,0,0,0,0,0,0,,no_grant
10,"مشرف اسطول",179,Contracts/contract_baseline.php,"خط أساس العقد",0,0,0,0,0,0,0,0,0,0,0,0,0,0,0,0,,no_grant
10,"مشرف اسطول",180,Contracts/contract_lifecycle.php,"اقتصاد دورة حياة العقد",0,0,0,0,0,0,0,0,0,0,0,0,0,0,0,0,,no_grant
10,"مشرف اسطول",181,Contracts/commercial_board.php,"اللوحة التجارية للعقود",0,0,0,0,0,0,0,0,0,0,0,0,0,0,0,0,,no_grant
10,"مشرف اسطول",182,user_capacities.php,"صفاتي ومبدّل المساحة",1,1,1,0,0,0,0,0,0,0,0,0,1,1,0,0,company,derived_from_4flags
10,"مشرف اسطول",183,Portal/visibility_keys.php,"مفاتيح الظهور",0,0,0,0,0,0,0,0,0,0,0,0,0,0,0,0,,no_grant
10,"مشرف اسطول",184,Portal/portal_elements.php,"مكوّنات البوابة",0,0,0,0,0,0,0,0,0,0,0,0,0,0,0,0,,no_grant
10,"مشرف اسطول",185,Portal/visibility_simulator.php,"من يرى ماذا (محاكاة)",0,0,0,0,0,0,0,0,0,0,0,0,0,0,0,0,,no_grant
10,"مشرف اسطول",186,Portal/visibility_audit.php,"سجل تدقيق الظهور",0,0,0,0,0,0,0,0,0,0,0,0,0,0,0,0,,no_grant
10,"مشرف اسطول",187,Portal/my_portal.php,بوابتي,1,1,1,0,0,0,0,0,0,0,0,0,1,1,0,0,company,derived_from_4flags
10,"مشرف اسطول",188,Portal/my_achievement.php,إنجازي,1,1,1,0,0,0,0,0,0,0,0,0,1,1,0,0,company,derived_from_4flags
10,"مشرف اسطول",189,Portal/my_evaluation.php,"التقييم الثنائي",1,1,1,1,0,1,0,0,0,0,0,0,1,1,0,0,company,derived_from_4flags
10,"مشرف اسطول",190,Portal/my_certificate.php,"شهادة الإنجاز",1,1,1,0,0,0,0,0,0,0,0,0,1,1,0,0,company,derived_from_4flags
10,"مشرف اسطول",191,Portal/workspace.php,"مساحة العمل",1,1,1,0,0,0,0,0,0,0,0,0,1,1,0,0,company,derived_from_4flags
10,"مشرف اسطول",192,Finance/approvals_inbox.php,"صندوق الاعتمادات الموحد",0,0,0,0,0,0,0,0,0,0,0,0,0,0,0,0,,no_grant
10,"مشرف اسطول",193,Operations/operations_room.php,"غرفة عمليات التشغيل",0,0,0,0,0,0,0,0,0,0,0,0,0,0,0,0,,no_grant
10,"مشرف اسطول",194,Operations/distribution_space.php,"مساحة التوزيع",0,0,0,0,0,0,0,0,0,0,0,0,0,0,0,0,,no_grant
10,"مشرف اسطول",195,Reports/daily_units_report.php,"سجل الوحدات اليومية",0,0,0,0,0,0,0,0,0,0,0,0,0,0,0,0,,no_grant
10,"مشرف اسطول",196,Fleet/readiness_board.php,"لوحة الجاهزية",0,0,0,0,0,0,0,0,0,0,0,0,0,0,0,0,,no_grant
10,"مشرف اسطول",197,Maintenance/failure_report.php,"تقرير الأعطال (التصنيف الموحد)",0,0,0,0,0,0,0,0,0,0,0,0,0,0,0,0,,no_grant
10,"مشرف اسطول",198,Procurement/supplier_card_proc.php,"بطاقة مورد المشتريات",0,0,0,0,0,0,0,0,0,0,0,0,0,0,0,0,,no_grant
10,"مشرف اسطول",199,Procurement/warehouse_board.php,"لوحة أمين المستودع",0,0,0,0,0,0,0,0,0,0,0,0,0,0,0,0,,no_grant
10,"مشرف اسطول",200,Contracts/contract_card.php,"بطاقة العقد الأم",0,0,0,0,0,0,0,0,0,0,0,0,0,0,0,0,,no_grant
10,"مشرف اسطول",201,Employees/employee_card.php,"بطاقة الموظف",0,0,0,0,0,0,0,0,0,0,0,0,0,0,0,0,,no_grant
10,"مشرف اسطول",202,Reports/margin_report.php,"هامش الواقعة والعقد",0,0,0,0,0,0,0,0,0,0,0,0,0,0,0,0,,no_grant
10,"مشرف اسطول",203,Reports/exceptions_report.php,"تقرير الاستثناءات",0,0,0,0,0,0,0,0,0,0,0,0,0,0,0,0,,no_grant
10,"مشرف اسطول",204,Reports/guard_denials_report.php,"تقرير المنع",0,0,0,0,0,0,0,0,0,0,0,0,0,0,0,0,,no_grant
10,"مشرف اسطول",205,Settings/guard_classification.php,"تصنيف الحمايات",0,0,0,0,0,0,0,0,0,0,0,0,0,0,0,0,,no_grant
10,"مشرف اسطول",206,Governance/entities_registry.php,"سجل الكيانات",0,0,0,0,0,0,0,0,0,0,0,0,0,0,0,0,,no_grant
10,"مشرف اسطول",207,Governance/signing_authority.php,"التفويض بالتوقيع",0,0,0,0,0,0,0,0,0,0,0,0,0,0,0,0,,no_grant
10,"مشرف اسطول",208,Governance/licenses_guarantees.php,"التراخيص والكفالات",0,0,0,0,0,0,0,0,0,0,0,0,0,0,0,0,,no_grant
10,"مشرف اسطول",209,Governance/activation_patterns.php,"أنماط التفعيل",0,0,0,0,0,0,0,0,0,0,0,0,0,0,0,0,,no_grant
10,"مشرف اسطول",210,Financing/financiers_registry.php,"سجل الممولين",0,0,0,0,0,0,0,0,0,0,0,0,0,0,0,0,,no_grant
10,"مشرف اسطول",211,Financing/financing_operation_new.php,"إنشاء عملية تمويل",0,0,0,0,0,0,0,0,0,0,0,0,0,0,0,0,,no_grant
10,"مشرف اسطول",212,Reports/approval_lag_report.php,"الاعتمادات المتأخرة والوثائق",0,0,0,0,0,0,0,0,0,0,0,0,0,0,0,0,,no_grant
10,"مشرف اسطول",213,Governance/ownership_grants.php,"منح المجال المقيَّد",0,0,0,0,0,0,0,0,0,0,0,0,0,0,0,0,,no_grant
10,"مشرف اسطول",214,Financing/financing_board.php,"لوحة إدارة التمويل",0,0,0,0,0,0,0,0,0,0,0,0,0,0,0,0,,no_grant
10,"مشرف اسطول",215,admin/ops_manager_board.php,"لوحة مدير التشغيل",0,0,0,0,0,0,0,0,0,0,0,0,0,0,0,0,,no_grant
10,"مشرف اسطول",216,admin/org_assignments.php,"التكليفات التنظيمية",0,0,0,0,0,0,0,0,0,0,0,0,0,0,0,0,,no_grant
10,"مشرف اسطول",217,admin/org_structure.php,"الهيكل التنظيمي",0,0,0,0,0,0,0,0,0,0,0,0,0,0,0,0,,no_grant
10,"مشرف اسطول",218,admin/org_permits.php,"أذونات المواقع",0,0,0,0,0,0,0,0,0,0,0,0,0,0,0,0,,no_grant
10,"مشرف اسطول",222,admin/sec_governance.php,"مركز حوكمة الصلاحيات",0,0,0,0,0,0,0,0,0,0,0,0,0,0,0,0,,no_grant
10,"مشرف اسطول",223,admin/sec_employee_wizard.php,"معالج إعداد الموظف",0,0,0,0,0,0,0,0,0,0,0,0,0,0,0,0,,no_grant
10,"مشرف اسطول",225,Tickets/ticket_workstreams_board.php,"لوحة مسارات البلاغات",0,0,0,0,0,0,0,0,0,0,0,0,0,0,0,0,,no_grant
10,"مشرف اسطول",226,Tickets/watchtower.php,"برج المراقبة",0,0,0,0,0,0,0,0,0,0,0,0,0,0,0,0,,no_grant
10,"مشرف اسطول",227,Tickets/ticket_contextual_open.php,"بلاغ سياقي جديد",1,1,1,1,0,1,0,0,0,0,0,0,1,1,0,0,company,derived_from_4flags
10,"مشرف اسطول",228,main/my_workspace.php,"مساحة عملي",1,1,1,0,0,0,0,0,0,0,0,0,1,1,0,0,company,derived_from_4flags
11,"مشغل اسطول",1,Clients/clients.php,العملاء,1,1,1,1,1,1,1,0,0,0,0,1,1,1,0,0,company,derived_from_4flags
11,"مشغل اسطول",2,Projects/projects.php,المشاريع,1,1,1,1,1,1,1,0,0,0,0,1,1,1,0,0,company,derived_from_4flags
11,"مشغل اسطول",3,main/users.php,الصلاحيات,1,1,1,1,1,1,1,0,0,0,0,1,1,1,0,0,company,derived_from_4flags
11,"مشغل اسطول",4,Reports/reports.php,"مركز التقارير",1,1,1,1,1,1,1,0,0,0,0,1,1,1,0,0,company,derived_from_4flags
11,"مشغل اسطول",5,Equipments/equipments_types.php,"أنواع المعدات",1,1,1,1,1,1,1,0,0,0,0,1,1,1,0,0,company,derived_from_4flags
11,"مشغل اسطول",6,Reports/reports.php,"مركز التقارير",1,1,1,1,1,1,1,0,0,0,0,1,1,1,0,0,company,derived_from_4flags
11,"مشغل اسطول",7,Employees/employees.php,الموظفون,1,1,1,1,1,1,1,0,0,0,0,1,1,1,0,0,company,derived_from_4flags
11,"مشغل اسطول",8,Equipments/equipments_fleet.php,المعدات,1,1,1,1,1,1,1,0,0,0,0,0,1,1,0,0,company,derived_from_4flags
11,"مشغل اسطول",9,Oprators/oprators.php,"شاشة التشغيل",1,1,1,1,1,1,1,0,0,0,0,1,1,1,0,0,company,derived_from_4flags
11,"مشغل اسطول",10,Timesheet/timesheet_type.php,"تسجيل الوحدات",1,1,1,1,1,1,1,0,0,0,0,1,1,1,0,0,company,derived_from_4flags
11,"مشغل اسطول",11,Settings/settings.php,الإعدادات,1,1,1,1,1,1,1,0,0,0,0,1,1,1,0,0,company,derived_from_4flags
11,"مشغل اسطول",12,ActivityLogs/activity_logs.php,"سجل النشاط",1,1,1,1,1,1,1,0,0,0,0,1,1,1,0,0,company,derived_from_4flags
11,"مشغل اسطول",14,main/project_users.php,"مشرفو الموردين",1,1,1,1,1,1,1,0,0,0,0,1,1,1,0,0,company,derived_from_4flags
11,"مشغل اسطول",15,main/project_users.php,المشرفين,1,1,1,1,1,1,1,0,0,0,0,1,1,1,0,0,company,derived_from_4flags
11,"مشغل اسطول",16,main/project_users.php,المشرفين,1,1,1,1,1,1,1,0,0,0,0,1,1,1,0,0,company,derived_from_4flags
11,"مشغل اسطول",17,main/project_users.php,"إدارة المعاونين",1,1,1,1,1,1,1,0,0,0,0,1,1,1,0,0,company,derived_from_4flags
11,"مشغل اسطول",18,main/project_users.php,المشرفين,1,1,1,1,1,1,1,0,0,0,0,1,1,1,0,0,company,derived_from_4flags
11,"مشغل اسطول",20,Contracts/contracts.php,العقود,1,1,1,1,1,1,1,0,0,0,0,1,1,1,0,0,company,derived_from_4flags
11,"مشغل اسطول",21,Contracts/contracts_details.php,"ملف عقد المشروع",1,1,1,1,1,1,1,0,0,0,0,1,1,1,0,0,company,derived_from_4flags
11,"مشغل اسطول",22,Suppliers/suppliers.php,الموردون,1,1,1,1,1,1,1,0,0,0,0,1,1,1,0,0,company,derived_from_4flags
11,"مشغل اسطول",23,Oprators/select_project.php,التشغيل,1,1,1,1,1,1,1,0,0,0,0,1,1,1,0,0,company,derived_from_4flags
11,"مشغل اسطول",24,Settings/settings.php,الإعدادات,0,0,0,0,0,0,0,0,0,0,0,0,0,0,0,0,,no_grant
11,"مشغل اسطول",25,Suppliers/supplierscontracts.php,"عقود الموردين",0,0,0,0,0,0,0,0,0,0,0,0,0,0,0,0,,no_grant
11,"مشغل اسطول",26,Suppliers/supplierscontracts_details.php,"ملف عقد المورد",0,0,0,0,0,0,0,0,0,0,0,0,0,0,0,0,,no_grant
11,"مشغل اسطول",27,Equipments/equipments_drivers.php,المعدات,0,0,0,0,0,0,0,0,0,0,0,0,0,0,0,0,,no_grant
11,"مشغل اسطول",28,Reports/reports.php,"مركز التقارير",0,0,0,0,0,0,0,0,0,0,0,0,0,0,0,0,,no_grant
11,"مشغل اسطول",29,movement/project_drivers.php,"توزيع المشغّلين",0,0,0,0,0,0,0,0,0,0,0,0,0,0,0,0,,no_grant
11,"مشغل اسطول",30,movement/movement_operations.php,الورديات,0,0,0,0,0,0,0,0,0,0,0,0,0,0,0,0,,no_grant
11,"مشغل اسطول",31,Reports/reports.php,"مركز التقارير",0,0,0,0,0,0,0,0,0,0,0,0,0,0,0,0,,no_grant
11,"مشغل اسطول",32,Reports/reports.php,"مركز التقارير",0,0,0,0,0,0,0,0,0,0,0,0,0,0,0,0,,no_grant
11,"مشغل اسطول",34,movement/map_page.php,"متابعة المشروع",0,0,0,0,0,0,0,0,0,0,0,0,0,0,0,0,,no_grant
11,"مشغل اسطول",35,Clients/clients.php,العملاء,0,0,0,0,0,0,0,0,0,0,0,0,0,0,0,0,,no_grant
11,"مشغل اسطول",36,Projects/projects.php,المشاريع,0,0,0,0,0,0,0,0,0,0,0,0,0,0,0,0,,no_grant
11,"مشغل اسطول",37,Contracts/contracts.php,العقود,0,0,0,0,0,0,0,0,0,0,0,0,0,0,0,0,,no_grant
11,"مشغل اسطول",38,Equipments/manage_failure_codes.php,"تصنيفات الأعطال",0,0,0,0,0,0,0,0,0,0,0,0,0,0,0,0,,no_grant
11,"مشغل اسطول",40,Equipments/fleet_models.php,"الأنواع والموديلات",1,1,1,1,1,1,1,0,0,0,0,0,1,1,0,0,company,derived_from_4flags
11,"مشغل اسطول",41,Equipments/fleet_depreciation_profiles.php,"إعداد الإهلاك",1,1,1,1,1,1,1,0,0,0,0,0,1,1,0,0,company,derived_from_4flags
11,"مشغل اسطول",42,Maintenance/breakdowns.php,"البلاغات (غير مفعّلة)",0,0,0,0,0,0,0,0,0,0,0,0,0,0,0,0,,no_grant
11,"مشغل اسطول",43,Maintenance/orders.php,"أوامر الصيانة",0,0,0,0,0,0,0,0,0,0,0,0,0,0,0,0,,no_grant
11,"مشغل اسطول",44,Maintenance/inspections.php,"الفحص الفني اليومي",0,0,0,0,0,0,0,0,0,0,0,0,0,0,0,0,,no_grant
11,"مشغل اسطول",45,Maintenance/preventive_plans.php,"الصيانة الوقائية",0,0,0,0,0,0,0,0,0,0,0,0,0,0,0,0,,no_grant
11,"مشغل اسطول",46,Maintenance/master_data.php,"إعدادات الصيانة",0,0,0,0,0,0,0,0,0,0,0,0,0,0,0,0,,no_grant
11,"مشغل اسطول",47,Workforce/worker_register.php,"السجل التشغيلي للعامل",0,0,0,0,0,0,0,0,0,0,0,0,0,0,0,0,,no_grant
11,"مشغل اسطول",48,Workforce/worker_contract.php,"عقود العاملين",0,0,0,0,0,0,0,0,0,0,0,0,0,0,0,0,,no_grant
11,"مشغل اسطول",50,Workforce/worker_leave_absence.php,"الإجازات والغياب",0,0,0,0,0,0,0,0,0,0,0,0,0,0,0,0,,no_grant
11,"مشغل اسطول",51,Workforce/worker_movement.php,"تنقلات العاملين",0,0,0,0,0,0,0,0,0,0,0,0,0,0,0,0,,no_grant
11,"مشغل اسطول",52,Workforce/housing_units.php,"السكن والإعاشة",0,0,0,0,0,0,0,0,0,0,0,0,0,0,0,0,,no_grant
11,"مشغل اسطول",53,Workforce/worker_evaluation.php,"تقييم الأداء",0,0,0,0,0,0,0,0,0,0,0,0,0,0,0,0,,no_grant
11,"مشغل اسطول",54,Workforce/worker_settlement.php,"تسويات العاملين",0,0,0,0,0,0,0,0,0,0,0,0,0,0,0,0,,no_grant
11,"مشغل اسطول",55,Workforce/workforce_requirement.php,"احتياج القوى والتخطيط",0,0,0,0,0,0,0,0,0,0,0,0,0,0,0,0,,no_grant
11,"مشغل اسطول",56,Workforce/worker_worklog.php,"سجل الأحداث التشغيلية",0,0,0,0,0,0,0,0,0,0,0,0,0,0,0,0,,no_grant
11,"مشغل اسطول",57,Employees/job_titles.php,"المسميات الوظيفية",0,0,0,0,0,0,0,0,0,0,0,0,0,0,0,0,,no_grant
11,"مشغل اسطول",58,Employees/employee_roles.php,"الأدوار الوظيفية",0,0,0,0,0,0,0,0,0,0,0,0,0,0,0,0,,no_grant
11,"مشغل اسطول",59,Employees/equipment_operators.php,"المشغّلون والسائقون",0,0,0,0,0,0,0,0,0,0,0,0,0,0,0,0,,no_grant
11,"مشغل اسطول",60,main/users.php,"إدارة المستخدمين",0,0,0,0,0,0,0,0,0,0,0,0,0,0,0,0,,no_grant
11,"مشغل اسطول",61,main/all_assistants.php,المعاونون,0,0,0,0,0,0,0,0,0,0,0,0,0,0,0,0,,no_grant
11,"مشغل اسطول",62,Employees/employee_contracts.php,"عقود الموظفين",1,1,1,0,0,0,0,0,0,0,0,0,1,1,0,0,company,derived_from_4flags
11,"مشغل اسطول",63,Employees/employee_contracts_details.php,"ملف عقد الموظف",1,1,1,0,0,0,0,0,0,0,0,0,1,1,0,0,company,derived_from_4flags
11,"مشغل اسطول",64,Employees/employee_profile.php,"بطاقة الموظف",1,1,1,0,0,0,0,0,0,0,0,0,1,1,0,0,company,derived_from_4flags
11,"مشغل اسطول",65,Employees/showcontractemployee.php,"عرض عقد الموظف",1,1,1,0,0,0,0,0,0,0,0,0,1,1,0,0,company,derived_from_4flags
11,"مشغل اسطول",66,Opportunities/opportunities.php,"الفرص البيعية",0,0,0,0,0,0,0,0,0,0,0,0,0,0,0,0,,no_grant
11,"مشغل اسطول",67,Procurement/dashboard_proc.php,"لوحة المشتريات",0,0,0,0,0,0,0,0,0,0,0,0,0,0,0,0,,no_grant
11,"مشغل اسطول",68,Procurement/items_proc.php,"كتالوج الأصناف",0,0,0,0,0,0,0,0,0,0,0,0,0,0,0,0,,no_grant
11,"مشغل اسطول",69,Procurement/requests_proc.php,"طلبات الشراء",0,0,0,0,0,0,0,0,0,0,0,0,0,0,0,0,,no_grant
11,"مشغل اسطول",70,Procurement/orders_proc.php,"أوامر الشراء",0,0,0,0,0,0,0,0,0,0,0,0,0,0,0,0,,no_grant
11,"مشغل اسطول",71,Procurement/receipt_custody_proc.php,"الاستلام المؤقت",0,0,0,0,0,0,0,0,0,0,0,0,0,0,0,0,,no_grant
11,"مشغل اسطول",72,Procurement/stock_proc.php,المخزون,0,0,0,0,0,0,0,0,0,0,0,0,0,0,0,0,,no_grant
11,"مشغل اسطول",73,Procurement/issue_proc.php,"صرف المخزون والعهدة",0,0,0,0,0,0,0,0,0,0,0,0,0,0,0,0,,no_grant
11,"مشغل اسطول",74,Procurement/reordering_proc.php,"حدود إعادة الطلب",0,0,0,0,0,0,0,0,0,0,0,0,0,0,0,0,,no_grant
11,"مشغل اسطول",75,Procurement/suppliers_proc.php,"موردو المشتريات",0,0,0,0,0,0,0,0,0,0,0,0,0,0,0,0,,no_grant
11,"مشغل اسطول",76,Procurement/master_data_proc.php,"البيانات المرجعية",0,0,0,0,0,0,0,0,0,0,0,0,0,0,0,0,,no_grant
11,"مشغل اسطول",77,Clients/activities.php,"أنشطة العملاء",0,0,0,0,0,0,0,0,0,0,0,0,0,0,0,0,,no_grant
11,"مشغل اسطول",78,Clients/commercial_risks.php,"المخاطر التجارية",0,0,0,0,0,0,0,0,0,0,0,0,0,0,0,0,,no_grant
11,"مشغل اسطول",79,Clients/tenders.php,المناقصات,0,0,0,0,0,0,0,0,0,0,0,0,0,0,0,0,,no_grant
11,"مشغل اسطول",80,Clients/quotations.php,"عروض الأسعار",0,0,0,0,0,0,0,0,0,0,0,0,0,0,0,0,,no_grant
11,"مشغل اسطول",81,Clients/pricelists.php,"قوائم ونماذج التسعير",0,0,0,0,0,0,0,0,0,0,0,0,0,0,0,0,,no_grant
11,"مشغل اسطول",82,Clients/products.php,"كتالوج المنتجات والخدمات",0,0,0,0,0,0,0,0,0,0,0,0,0,0,0,0,,no_grant
11,"مشغل اسطول",83,Clients/units_of_measure.php,"وحدات القياس",0,0,0,0,0,0,0,0,0,0,0,0,0,0,0,0,,no_grant
11,"مشغل اسطول",84,Clients/contract_amendments.php,"ملاحق العقود وتجديداتها",0,0,0,0,0,0,0,0,0,0,0,0,0,0,0,0,,no_grant
11,"مشغل اسطول",85,Clients/contract_events.php,"سجل حركة العقد",0,0,0,0,0,0,0,0,0,0,0,0,0,0,0,0,,no_grant
11,"مشغل اسطول",86,Finance/events_list_fin.php,"المعاملات المالية",0,0,0,0,0,0,0,0,0,0,0,0,0,0,0,0,,no_grant
11,"مشغل اسطول",87,Finance/accounts_fin.php,"دليل الحسابات",0,0,0,0,0,0,0,0,0,0,0,0,0,0,0,0,,no_grant
11,"مشغل اسطول",88,Finance/journal_form_fin.php,"القيود اليومية",0,0,0,0,0,0,0,0,0,0,0,0,0,0,0,0,,no_grant
11,"مشغل اسطول",89,Finance/budget_form_fin.php,"الميزانية والانحراف",0,0,0,0,0,0,0,0,0,0,0,0,0,0,0,0,,no_grant
11,"مشغل اسطول",90,Finance/dues_fin.php,"الذمم والتحصيل",0,0,0,0,0,0,0,0,0,0,0,0,0,0,0,0,,no_grant
11,"مشغل اسطول",91,Finance/payments_fin.php,"المدفوعات والخزينة",0,0,0,0,0,0,0,0,0,0,0,0,0,0,0,0,,no_grant
11,"مشغل اسطول",92,Finance/cost_report_fin.php,"التكاليف والربحية",1,1,1,0,0,0,0,0,0,0,0,0,1,1,0,0,company,derived_from_4flags
11,"مشغل اسطول",93,Finance/periods_fin.php,"إقفال الفترات",0,0,0,0,0,0,0,0,0,0,0,0,0,0,0,0,,no_grant
11,"مشغل اسطول",94,Finance/funding_fin.php,"التمويل والالتزامات",0,0,0,0,0,0,0,0,0,0,0,0,0,0,0,0,,no_grant
11,"مشغل اسطول",95,Finance/cash_forecast_fin.php,"السيولة والتنبؤ النقدي",0,0,0,0,0,0,0,0,0,0,0,0,0,0,0,0,,no_grant
11,"مشغل اسطول",96,Finance/management_accounting_fin.php,"المحاسبة الإدارية",0,0,0,0,0,0,0,0,0,0,0,0,0,0,0,0,,no_grant
11,"مشغل اسطول",97,Finance/accountants_fin.php,"المحاسبون والوحدات",0,0,0,0,0,0,0,0,0,0,0,0,0,0,0,0,,no_grant
11,"مشغل اسطول",98,Finance/import_events_fin.php,"استقبال معاملات الإدارات",0,0,0,0,0,0,0,0,0,0,0,0,0,0,0,0,,no_grant
11,"مشغل اسطول",99,Finance/executive_dashboard_fin.php,"اللوحة التنفيذية",0,0,0,0,0,0,0,0,0,0,0,0,0,0,0,0,,no_grant
11,"مشغل اسطول",100,Finance/financial_statements_fin.php,"القوائم المالية",0,0,0,0,0,0,0,0,0,0,0,0,0,0,0,0,,no_grant
11,"مشغل اسطول",101,Finance/assets_fin.php,"الأصول والإهلاك",0,0,0,0,0,0,0,0,0,0,0,0,0,0,0,0,,no_grant
11,"مشغل اسطول",102,Finance/tax_fin.php,"الضرائب والقيمة المضافة",0,0,0,0,0,0,0,0,0,0,0,0,0,0,0,0,,no_grant
11,"مشغل اسطول",103,Finance/bank_reconciliation_fin.php,"المطابقة البنكية",0,0,0,0,0,0,0,0,0,0,0,0,0,0,0,0,,no_grant
11,"مشغل اسطول",104,Finance/cfo_daily_board_fin.php,"لوحة المدير المالي",0,0,0,0,0,0,0,0,0,0,0,0,0,0,0,0,,no_grant
11,"مشغل اسطول",105,Finance/unit_records_fin.php,"وحدات الأطراف",1,1,1,0,0,0,0,0,0,0,0,0,1,1,0,0,company,derived_from_4flags
11,"مشغل اسطول",106,Finance/supplier_statement_fin.php,"كشف حساب المورد",0,0,0,0,0,0,0,0,0,0,0,0,0,0,0,0,,no_grant
11,"مشغل اسطول",107,main/project_users.php,المعاونين,0,0,0,0,0,0,0,0,0,0,0,0,0,0,0,0,,no_grant
11,"مشغل اسطول",108,Transport/transfer_types_config.php,"إعدادات الترحيل",0,0,0,0,0,0,0,0,0,0,0,0,0,0,0,0,,no_grant
11,"مشغل اسطول",109,Transport/transfer_cost_rules_config.php,"قواعد تحميل تكلفة الترحيل",0,0,0,0,0,0,0,0,0,0,0,0,0,0,0,0,,no_grant
11,"مشغل اسطول",110,Transport/trs_locations_config.php,المواقع,0,0,0,0,0,0,0,0,0,0,0,0,0,0,0,0,,no_grant
11,"مشغل اسطول",111,Transport/transfer_requests.php,"موافقات الترحيل",0,0,0,0,0,0,0,0,0,0,0,0,0,0,0,0,,no_grant
11,"مشغل اسطول",112,Transport/transfer_orders_list.php,"أوامر الترحيل",0,0,0,0,0,0,0,0,0,0,0,0,0,0,0,0,,no_grant
11,"مشغل اسطول",113,Transport/transfer_dashboard.php,"لوحة الرحلات",0,0,0,0,0,0,0,0,0,0,0,0,0,0,0,0,,no_grant
11,"مشغل اسطول",114,FinRequests/request_form.php,"طلب مالي جديد",1,1,1,1,1,1,1,0,0,0,0,0,1,1,0,0,company,derived_from_4flags
11,"مشغل اسطول",115,FinRequests/my_requests.php,"طلباتي المالية",1,1,1,0,0,0,0,0,0,0,0,0,1,1,0,0,company,derived_from_4flags
11,"مشغل اسطول",116,FinRequests/dept_inbox.php,"موافقات إدارتي",0,0,0,0,0,0,0,0,0,0,0,0,0,0,0,0,,no_grant
11,"مشغل اسطول",117,FinRequests/accountant_desk.php,"مكتب المحاسب",0,0,0,0,0,0,0,0,0,0,0,0,0,0,0,0,,no_grant
11,"مشغل اسطول",118,FinRequests/finance_gateway.php,"الطلبات المالية",0,0,0,0,0,0,0,0,0,0,0,0,0,0,0,0,,no_grant
11,"مشغل اسطول",119,FinRequests/effect_map.php,"سجل الحركة المالية",0,0,0,0,0,0,0,0,0,0,0,0,0,0,0,0,,no_grant
11,"مشغل اسطول",120,FinRequests/routing_admin.php,"قواعد توجيه الطلبات",0,0,0,0,0,0,0,0,0,0,0,0,0,0,0,0,,no_grant
11,"مشغل اسطول",121,FinRequests/cycle_time_board.php,"زمن دورة الطلبات",0,0,0,0,0,0,0,0,0,0,0,0,0,0,0,0,,no_grant
11,"مشغل اسطول",122,FinRequests/requests_reports.php,"تقارير الطلبات المالية",0,0,0,0,0,0,0,0,0,0,0,0,0,0,0,0,,no_grant
11,"مشغل اسطول",123,Settings/role_permissions.php,"صلاحيات الأدوار",0,0,0,0,0,0,0,0,0,0,0,0,0,0,0,0,,no_grant
11,"مشغل اسطول",124,Settings/roles.php,الأدوار,0,0,0,0,0,0,0,0,0,0,0,0,0,0,0,0,,no_grant
11,"مشغل اسطول",125,Finance/variance_monitor_fin.php,"متابعة الانحراف",0,0,0,0,0,0,0,0,0,0,0,0,0,0,0,0,,no_grant
11,"مشغل اسطول",126,Finance/maintenance_provision_fin.php,"قواعد مخصص الصيانة",0,0,0,0,0,0,0,0,0,0,0,0,0,0,0,0,,no_grant
11,"مشغل اسطول",127,Clients/contract_commitments.php,"التزامات العقود",0,0,0,0,0,0,0,0,0,0,0,0,0,0,0,0,,no_grant
11,"مشغل اسطول",128,Finance/operator_pay_fin.php,"قواعد مستحقات المشغّلين",0,0,0,0,0,0,0,0,0,0,0,0,0,0,0,0,,no_grant
11,"مشغل اسطول",129,Clients/readiness_lines.php,"جاهزية العروض",0,0,0,0,0,0,0,0,0,0,0,0,0,0,0,0,,no_grant
11,"مشغل اسطول",130,Tickets/ticket_types_config.php,"إعداد أنواع البلاغات",0,0,0,0,0,0,0,0,0,0,0,0,0,0,0,0,,no_grant
11,"مشغل اسطول",131,Tickets/ticket_categories_config.php,"تصنيفات الأعطال والبلاغات",0,0,0,0,0,0,0,0,0,0,0,0,0,0,0,0,,no_grant
11,"مشغل اسطول",132,Tickets/tickets_list.php,البلاغات,0,0,0,0,0,0,0,0,0,0,0,0,0,0,0,0,,no_grant
11,"مشغل اسطول",133,Tickets/ticket_form.php,"تسجيل بلاغ",0,0,0,0,0,0,0,0,0,0,0,0,0,0,0,0,,no_grant
11,"مشغل اسطول",134,Tickets/ticket_sla_config.php,"أزمنة الاستجابة والإنجاز",0,0,0,0,0,0,0,0,0,0,0,0,0,0,0,0,,no_grant
11,"مشغل اسطول",135,Tickets/ticket_escalation_config.php,"سلّم التصعيد",0,0,0,0,0,0,0,0,0,0,0,0,0,0,0,0,,no_grant
11,"مشغل اسطول",136,Tickets/ticket_recurrence.php,"البلاغات الدورية",0,0,0,0,0,0,0,0,0,0,0,0,0,0,0,0,,no_grant
11,"مشغل اسطول",137,Tickets/ticket_dashboard.php,"أداء البلاغات",0,0,0,0,0,0,0,0,0,0,0,0,0,0,0,0,,no_grant
11,"مشغل اسطول",138,Maintenance/dashboard_mnt.php,"لوحة إدارة الصيانة",0,0,0,0,0,0,0,0,0,0,0,0,0,0,0,0,,no_grant
11,"مشغل اسطول",139,main/role_board.php,"لوحة الدور",1,1,1,0,0,0,0,0,0,0,0,0,1,1,0,0,company,derived_from_4flags
11,"مشغل اسطول",140,Finance/operator_pay_policies_fin.php,"سياسات مستحقات المشغّلين",0,0,0,0,0,0,0,0,0,0,0,0,0,0,0,0,,no_grant
11,"مشغل اسطول",141,Equipments/equipment_documents.php,"وثائق المعدات والمشغّلين",0,0,0,0,0,0,0,0,0,0,0,0,0,0,0,0,,no_grant
11,"مشغل اسطول",142,Contracts/claims.php,المستخلصات,0,0,0,0,0,0,0,0,0,0,0,0,0,0,0,0,,no_grant
11,"مشغل اسطول",143,Finance/currencies_fin.php,"العملات وأسعار الصرف",0,0,0,0,0,0,0,0,0,0,0,0,0,0,0,0,,no_grant
11,"مشغل اسطول",144,Suppliers/settlements.php,"تسويات الموردين",0,0,0,0,0,0,0,0,0,0,0,0,0,0,0,0,,no_grant
11,"مشغل اسطول",145,Contracts/contract_obligations.php,"مصفوفة التزامات العقد",0,0,0,0,0,0,0,0,0,0,0,0,0,0,0,0,,no_grant
11,"مشغل اسطول",146,Approvals/attribution_board.php,"لوحة الإسناد اليومي",0,0,0,0,0,0,0,0,0,0,0,0,0,0,0,0,,no_grant
11,"مشغل اسطول",147,Contracts/penalties.php,"احتساب الجزاءات والحوافز",0,0,0,0,0,0,0,0,0,0,0,0,0,0,0,0,,no_grant
11,"مشغل اسطول",148,Workforce/employee_settlements.php,"تسويات الموظفين",0,0,0,0,0,0,0,0,0,0,0,0,0,0,0,0,,no_grant
11,"مشغل اسطول",149,Operations/containers.php,"حاويات العقود",0,0,0,0,0,0,0,0,0,0,0,0,0,0,0,0,,no_grant
11,"مشغل اسطول",150,Projects/sites.php,"مواقع التنفيذ",0,0,0,0,0,0,0,0,0,0,0,0,0,0,0,0,,no_grant
11,"مشغل اسطول",151,Workforce/contract_registry.php,"سجل العقود الموحّد",0,0,0,0,0,0,0,0,0,0,0,0,0,0,0,0,,no_grant
11,"مشغل اسطول",152,Operations/daily_plan.php,"خطة عمل الغد",0,0,0,0,0,0,0,0,0,0,0,0,0,0,0,0,,no_grant
11,"مشغل اسطول",153,Suppliers/supplier_contract_lines.php,"بنود عقد المورد",0,0,0,0,0,0,0,0,0,0,0,0,0,0,0,0,,no_grant
11,"مشغل اسطول",154,Contracts/price_terms.php,"شروط تعديل السعر",0,0,0,0,0,0,0,0,0,0,0,0,0,0,0,0,,no_grant
11,"مشغل اسطول",155,Equipments/meter_readings.php,"قراءات العدّادات",1,1,1,1,0,1,0,0,0,0,0,0,1,1,0,0,company,derived_from_4flags
11,"مشغل اسطول",156,Workforce/payroll_runs.php,"مسيّر الرواتب",0,0,0,0,0,0,0,0,0,0,0,0,0,0,0,0,,no_grant
11,"مشغل اسطول",157,Workforce/employee_advances.php,"سلفيات الموظفين",0,0,0,0,0,0,0,0,0,0,0,0,0,0,0,0,,no_grant
11,"مشغل اسطول",158,Suppliers/supplier_advances.php,"سلفيات الموردين",0,0,0,0,0,0,0,0,0,0,0,0,0,0,0,0,,no_grant
11,"مشغل اسطول",159,Suppliers/supplier_rules.php,"قواعد تحميل المورد وجزاءاته",0,0,0,0,0,0,0,0,0,0,0,0,0,0,0,0,,no_grant
11,"مشغل اسطول",160,Suppliers/supplier_capacity.php,"الطاقة والجاهزية ومهلة الإحلال",0,0,0,0,0,0,0,0,0,0,0,0,0,0,0,0,,no_grant
11,"مشغل اسطول",161,Suppliers/supplier_evaluation.php,"تقييم المورد الدوري",0,0,0,0,0,0,0,0,0,0,0,0,0,0,0,0,,no_grant
11,"مشغل اسطول",162,Suppliers/supplier_closure.php,"تصفية إنهاء عقد المورد",0,0,0,0,0,0,0,0,0,0,0,0,0,0,0,0,,no_grant
11,"مشغل اسطول",163,Suppliers/supplier_documents.php,"وثائق المورد وحسابه البنكي",0,0,0,0,0,0,0,0,0,0,0,0,0,0,0,0,,no_grant
11,"مشغل اسطول",164,Contracts/tax_invoices.php,"الفاتورة الضريبية",0,0,0,0,0,0,0,0,0,0,0,0,0,0,0,0,,no_grant
11,"مشغل اسطول",165,Contracts/client_statement.php,"كشف حساب العميل",0,0,0,0,0,0,0,0,0,0,0,0,0,0,0,0,,no_grant
11,"مشغل اسطول",166,Contracts/collections.php,"الذمم والتحصيل",0,0,0,0,0,0,0,0,0,0,0,0,0,0,0,0,,no_grant
11,"مشغل اسطول",167,Workforce/final_settlement.php,"تصفية إنهاء خدمة الموظف",0,0,0,0,0,0,0,0,0,0,0,0,0,0,0,0,,no_grant
11,"مشغل اسطول",168,Transport/transfer_tariffs.php,"تعرفة الترحيل وتسعير الأوامر",0,0,0,0,0,0,0,0,0,0,0,0,0,0,0,0,,no_grant
11,"مشغل اسطول",169,Finance/periodic_events_fin.php,"الدوريات المالية",0,0,0,0,0,0,0,0,0,0,0,0,0,0,0,0,,no_grant
11,"مشغل اسطول",171,Suppliers/rfq_requests.php,"طلبات عروض الموردين",0,0,0,0,0,0,0,0,0,0,0,0,0,0,0,0,,no_grant
11,"مشغل اسطول",172,Contracts/contract_sites.php,"نطاقات العقد التشغيلية",0,0,0,0,0,0,0,0,0,0,0,0,0,0,0,0,,no_grant
11,"مشغل اسطول",173,Contracts/contract_lines.php,"بنود عقد العميل وقيمته",0,0,0,0,0,0,0,0,0,0,0,0,0,0,0,0,,no_grant
11,"مشغل اسطول",174,Contracts/contract_monthly_plan.php,"الجدول الشهري للعقد",0,0,0,0,0,0,0,0,0,0,0,0,0,0,0,0,,no_grant
11,"مشغل اسطول",175,Contracts/contract_resource_plan.php,"خطة موارد العقد",0,0,0,0,0,0,0,0,0,0,0,0,0,0,0,0,,no_grant
11,"مشغل اسطول",176,Contracts/contract_payment_schedule.php,"خطة دفع العقد",0,0,0,0,0,0,0,0,0,0,0,0,0,0,0,0,,no_grant
11,"مشغل اسطول",177,Contracts/contract_guarantees.php,"ضمانات العقد",0,0,0,0,0,0,0,0,0,0,0,0,0,0,0,0,,no_grant
11,"مشغل اسطول",178,Contracts/plan_actual_link.php,"ربط الخطة بالفعلي",0,0,0,0,0,0,0,0,0,0,0,0,0,0,0,0,,no_grant
11,"مشغل اسطول",179,Contracts/contract_baseline.php,"خط أساس العقد",0,0,0,0,0,0,0,0,0,0,0,0,0,0,0,0,,no_grant
11,"مشغل اسطول",180,Contracts/contract_lifecycle.php,"اقتصاد دورة حياة العقد",0,0,0,0,0,0,0,0,0,0,0,0,0,0,0,0,,no_grant
11,"مشغل اسطول",181,Contracts/commercial_board.php,"اللوحة التجارية للعقود",0,0,0,0,0,0,0,0,0,0,0,0,0,0,0,0,,no_grant
11,"مشغل اسطول",182,user_capacities.php,"صفاتي ومبدّل المساحة",1,1,1,0,0,0,0,0,0,0,0,0,1,1,0,0,company,derived_from_4flags
11,"مشغل اسطول",183,Portal/visibility_keys.php,"مفاتيح الظهور",0,0,0,0,0,0,0,0,0,0,0,0,0,0,0,0,,no_grant
11,"مشغل اسطول",184,Portal/portal_elements.php,"مكوّنات البوابة",0,0,0,0,0,0,0,0,0,0,0,0,0,0,0,0,,no_grant
11,"مشغل اسطول",185,Portal/visibility_simulator.php,"من يرى ماذا (محاكاة)",0,0,0,0,0,0,0,0,0,0,0,0,0,0,0,0,,no_grant
11,"مشغل اسطول",186,Portal/visibility_audit.php,"سجل تدقيق الظهور",0,0,0,0,0,0,0,0,0,0,0,0,0,0,0,0,,no_grant
11,"مشغل اسطول",187,Portal/my_portal.php,بوابتي,1,1,1,0,0,0,0,0,0,0,0,0,1,1,0,0,company,derived_from_4flags
11,"مشغل اسطول",188,Portal/my_achievement.php,إنجازي,1,1,1,0,0,0,0,0,0,0,0,0,1,1,0,0,company,derived_from_4flags
11,"مشغل اسطول",189,Portal/my_evaluation.php,"التقييم الثنائي",1,1,1,1,0,1,0,0,0,0,0,0,1,1,0,0,company,derived_from_4flags
11,"مشغل اسطول",190,Portal/my_certificate.php,"شهادة الإنجاز",1,1,1,0,0,0,0,0,0,0,0,0,1,1,0,0,company,derived_from_4flags
11,"مشغل اسطول",191,Portal/workspace.php,"مساحة العمل",1,1,1,0,0,0,0,0,0,0,0,0,1,1,0,0,company,derived_from_4flags
11,"مشغل اسطول",192,Finance/approvals_inbox.php,"صندوق الاعتمادات الموحد",0,0,0,0,0,0,0,0,0,0,0,0,0,0,0,0,,no_grant
11,"مشغل اسطول",193,Operations/operations_room.php,"غرفة عمليات التشغيل",0,0,0,0,0,0,0,0,0,0,0,0,0,0,0,0,,no_grant
11,"مشغل اسطول",194,Operations/distribution_space.php,"مساحة التوزيع",0,0,0,0,0,0,0,0,0,0,0,0,0,0,0,0,,no_grant
11,"مشغل اسطول",195,Reports/daily_units_report.php,"سجل الوحدات اليومية",0,0,0,0,0,0,0,0,0,0,0,0,0,0,0,0,,no_grant
11,"مشغل اسطول",196,Fleet/readiness_board.php,"لوحة الجاهزية",0,0,0,0,0,0,0,0,0,0,0,0,0,0,0,0,,no_grant
11,"مشغل اسطول",197,Maintenance/failure_report.php,"تقرير الأعطال (التصنيف الموحد)",0,0,0,0,0,0,0,0,0,0,0,0,0,0,0,0,,no_grant
11,"مشغل اسطول",198,Procurement/supplier_card_proc.php,"بطاقة مورد المشتريات",0,0,0,0,0,0,0,0,0,0,0,0,0,0,0,0,,no_grant
11,"مشغل اسطول",199,Procurement/warehouse_board.php,"لوحة أمين المستودع",0,0,0,0,0,0,0,0,0,0,0,0,0,0,0,0,,no_grant
11,"مشغل اسطول",200,Contracts/contract_card.php,"بطاقة العقد الأم",0,0,0,0,0,0,0,0,0,0,0,0,0,0,0,0,,no_grant
11,"مشغل اسطول",201,Employees/employee_card.php,"بطاقة الموظف",0,0,0,0,0,0,0,0,0,0,0,0,0,0,0,0,,no_grant
11,"مشغل اسطول",202,Reports/margin_report.php,"هامش الواقعة والعقد",0,0,0,0,0,0,0,0,0,0,0,0,0,0,0,0,,no_grant
11,"مشغل اسطول",203,Reports/exceptions_report.php,"تقرير الاستثناءات",0,0,0,0,0,0,0,0,0,0,0,0,0,0,0,0,,no_grant
11,"مشغل اسطول",204,Reports/guard_denials_report.php,"تقرير المنع",0,0,0,0,0,0,0,0,0,0,0,0,0,0,0,0,,no_grant
11,"مشغل اسطول",205,Settings/guard_classification.php,"تصنيف الحمايات",0,0,0,0,0,0,0,0,0,0,0,0,0,0,0,0,,no_grant
11,"مشغل اسطول",206,Governance/entities_registry.php,"سجل الكيانات",0,0,0,0,0,0,0,0,0,0,0,0,0,0,0,0,,no_grant
11,"مشغل اسطول",207,Governance/signing_authority.php,"التفويض بالتوقيع",0,0,0,0,0,0,0,0,0,0,0,0,0,0,0,0,,no_grant
11,"مشغل اسطول",208,Governance/licenses_guarantees.php,"التراخيص والكفالات",0,0,0,0,0,0,0,0,0,0,0,0,0,0,0,0,,no_grant
11,"مشغل اسطول",209,Governance/activation_patterns.php,"أنماط التفعيل",0,0,0,0,0,0,0,0,0,0,0,0,0,0,0,0,,no_grant
11,"مشغل اسطول",210,Financing/financiers_registry.php,"سجل الممولين",0,0,0,0,0,0,0,0,0,0,0,0,0,0,0,0,,no_grant
11,"مشغل اسطول",211,Financing/financing_operation_new.php,"إنشاء عملية تمويل",0,0,0,0,0,0,0,0,0,0,0,0,0,0,0,0,,no_grant
11,"مشغل اسطول",212,Reports/approval_lag_report.php,"الاعتمادات المتأخرة والوثائق",0,0,0,0,0,0,0,0,0,0,0,0,0,0,0,0,,no_grant
11,"مشغل اسطول",213,Governance/ownership_grants.php,"منح المجال المقيَّد",0,0,0,0,0,0,0,0,0,0,0,0,0,0,0,0,,no_grant
11,"مشغل اسطول",214,Financing/financing_board.php,"لوحة إدارة التمويل",0,0,0,0,0,0,0,0,0,0,0,0,0,0,0,0,,no_grant
11,"مشغل اسطول",215,admin/ops_manager_board.php,"لوحة مدير التشغيل",0,0,0,0,0,0,0,0,0,0,0,0,0,0,0,0,,no_grant
11,"مشغل اسطول",216,admin/org_assignments.php,"التكليفات التنظيمية",0,0,0,0,0,0,0,0,0,0,0,0,0,0,0,0,,no_grant
11,"مشغل اسطول",217,admin/org_structure.php,"الهيكل التنظيمي",0,0,0,0,0,0,0,0,0,0,0,0,0,0,0,0,,no_grant
11,"مشغل اسطول",218,admin/org_permits.php,"أذونات المواقع",0,0,0,0,0,0,0,0,0,0,0,0,0,0,0,0,,no_grant
11,"مشغل اسطول",222,admin/sec_governance.php,"مركز حوكمة الصلاحيات",0,0,0,0,0,0,0,0,0,0,0,0,0,0,0,0,,no_grant
11,"مشغل اسطول",223,admin/sec_employee_wizard.php,"معالج إعداد الموظف",0,0,0,0,0,0,0,0,0,0,0,0,0,0,0,0,,no_grant
11,"مشغل اسطول",225,Tickets/ticket_workstreams_board.php,"لوحة مسارات البلاغات",0,0,0,0,0,0,0,0,0,0,0,0,0,0,0,0,,no_grant
11,"مشغل اسطول",226,Tickets/watchtower.php,"برج المراقبة",0,0,0,0,0,0,0,0,0,0,0,0,0,0,0,0,,no_grant
11,"مشغل اسطول",227,Tickets/ticket_contextual_open.php,"بلاغ سياقي جديد",1,1,1,1,0,1,0,0,0,0,0,0,1,1,0,0,company,derived_from_4flags
11,"مشغل اسطول",228,main/my_workspace.php,"مساحة عملي",1,1,1,0,0,0,0,0,0,0,0,0,1,1,0,0,company,derived_from_4flags
12,"ادارة المبيعات",1,Clients/clients.php,العملاء,1,1,1,1,1,1,1,0,0,0,0,1,1,1,0,0,company,derived_from_4flags
12,"ادارة المبيعات",2,Projects/projects.php,المشاريع,1,1,1,1,1,1,1,0,0,0,0,1,1,1,0,0,company,derived_from_4flags
12,"ادارة المبيعات",3,main/users.php,الصلاحيات,1,1,1,1,1,1,1,0,0,0,0,1,1,1,0,0,company,derived_from_4flags
12,"ادارة المبيعات",4,Reports/reports.php,"مركز التقارير",1,1,1,1,1,1,1,0,0,0,0,1,1,1,0,0,company,derived_from_4flags
12,"ادارة المبيعات",5,Equipments/equipments_types.php,"أنواع المعدات",1,1,1,1,1,1,1,0,0,0,0,1,1,1,0,0,company,derived_from_4flags
12,"ادارة المبيعات",6,Reports/reports.php,"مركز التقارير",1,1,1,1,1,1,1,0,0,0,0,1,1,1,0,0,company,derived_from_4flags
12,"ادارة المبيعات",7,Employees/employees.php,الموظفون,1,1,1,1,1,1,1,0,0,0,0,1,1,1,0,0,company,derived_from_4flags
12,"ادارة المبيعات",8,Equipments/equipments_fleet.php,المعدات,1,1,1,1,1,1,1,0,0,0,0,1,1,1,0,0,company,derived_from_4flags
12,"ادارة المبيعات",9,Oprators/oprators.php,"شاشة التشغيل",1,1,1,1,1,1,1,0,0,0,0,1,1,1,0,0,company,derived_from_4flags
12,"ادارة المبيعات",10,Timesheet/timesheet_type.php,"تسجيل الوحدات",1,1,1,1,1,1,1,0,0,0,0,1,1,1,0,0,company,derived_from_4flags
12,"ادارة المبيعات",11,Settings/settings.php,الإعدادات,1,1,1,1,1,1,1,0,0,0,0,1,1,1,0,0,company,derived_from_4flags
12,"ادارة المبيعات",12,ActivityLogs/activity_logs.php,"سجل النشاط",1,1,1,1,1,1,1,0,0,0,0,1,1,1,0,0,company,derived_from_4flags
12,"ادارة المبيعات",14,main/project_users.php,"مشرفو الموردين",1,1,1,1,1,1,1,0,0,0,0,1,1,1,0,0,company,derived_from_4flags
12,"ادارة المبيعات",15,main/project_users.php,المشرفين,1,1,1,1,1,1,1,0,0,0,0,1,1,1,0,0,company,derived_from_4flags
12,"ادارة المبيعات",16,main/project_users.php,المشرفين,1,1,1,1,1,1,1,0,0,0,0,1,1,1,0,0,company,derived_from_4flags
12,"ادارة المبيعات",17,main/project_users.php,"إدارة المعاونين",1,1,1,1,1,1,1,0,0,0,0,1,1,1,0,0,company,derived_from_4flags
12,"ادارة المبيعات",18,main/project_users.php,المشرفين,1,1,1,1,1,1,1,0,0,0,0,1,1,1,0,0,company,derived_from_4flags
12,"ادارة المبيعات",20,Contracts/contracts.php,العقود,1,1,1,1,1,1,1,0,0,0,0,1,1,1,0,0,company,derived_from_4flags
12,"ادارة المبيعات",21,Contracts/contracts_details.php,"ملف عقد المشروع",1,1,1,1,1,1,1,0,0,0,0,1,1,1,0,0,company,derived_from_4flags
12,"ادارة المبيعات",22,Suppliers/suppliers.php,الموردون,1,1,1,1,1,1,1,0,0,0,0,1,1,1,0,0,company,derived_from_4flags
12,"ادارة المبيعات",23,Oprators/select_project.php,التشغيل,1,1,1,1,1,1,1,0,0,0,0,1,1,1,0,0,company,derived_from_4flags
12,"ادارة المبيعات",24,Settings/settings.php,الإعدادات,1,1,1,1,1,1,1,0,0,0,0,1,1,1,0,0,company,derived_from_4flags
12,"ادارة المبيعات",25,Suppliers/supplierscontracts.php,"عقود الموردين",1,1,1,1,1,1,1,0,0,0,0,1,1,1,0,0,company,derived_from_4flags
12,"ادارة المبيعات",26,Suppliers/supplierscontracts_details.php,"ملف عقد المورد",1,1,1,1,1,1,1,0,0,0,0,1,1,1,0,0,company,derived_from_4flags
12,"ادارة المبيعات",27,Equipments/equipments_drivers.php,المعدات,1,1,1,1,1,1,1,0,0,0,0,1,1,1,0,0,company,derived_from_4flags
12,"ادارة المبيعات",28,Reports/reports.php,"مركز التقارير",1,1,1,1,1,1,1,0,0,0,0,1,1,1,0,0,company,derived_from_4flags
12,"ادارة المبيعات",29,movement/project_drivers.php,"توزيع المشغّلين",1,1,1,1,1,1,1,0,0,0,0,1,1,1,0,0,company,derived_from_4flags
12,"ادارة المبيعات",30,movement/movement_operations.php,الورديات,1,1,1,1,1,1,1,0,0,0,0,1,1,1,0,0,company,derived_from_4flags
12,"ادارة المبيعات",31,Reports/reports.php,"مركز التقارير",1,1,1,1,1,1,1,0,0,0,0,1,1,1,0,0,company,derived_from_4flags
12,"ادارة المبيعات",32,Reports/reports.php,"مركز التقارير",1,1,1,1,1,1,1,0,0,0,0,1,1,1,0,0,company,derived_from_4flags
12,"ادارة المبيعات",34,movement/map_page.php,"متابعة المشروع",1,1,1,1,1,1,1,0,0,0,0,1,1,1,0,0,company,derived_from_4flags
12,"ادارة المبيعات",35,Clients/clients.php,العملاء,1,1,1,1,1,1,1,0,0,0,0,1,1,1,0,0,company,derived_from_4flags
12,"ادارة المبيعات",36,Projects/projects.php,المشاريع,1,1,1,1,1,1,1,0,0,0,0,1,1,1,0,0,company,derived_from_4flags
12,"ادارة المبيعات",37,Contracts/contracts.php,العقود,1,1,1,1,1,1,1,0,0,0,0,1,1,1,0,0,company,derived_from_4flags
12,"ادارة المبيعات",38,Equipments/manage_failure_codes.php,"تصنيفات الأعطال",0,0,0,0,0,0,0,0,0,0,0,0,0,0,0,0,,no_grant
12,"ادارة المبيعات",40,Equipments/fleet_models.php,"الأنواع والموديلات",1,1,1,1,1,1,1,0,0,0,0,1,1,1,0,0,company,derived_from_4flags
12,"ادارة المبيعات",41,Equipments/fleet_depreciation_profiles.php,"إعداد الإهلاك",1,1,1,1,1,1,1,0,0,0,0,1,1,1,0,0,company,derived_from_4flags
12,"ادارة المبيعات",42,Maintenance/breakdowns.php,"البلاغات (غير مفعّلة)",0,0,0,0,0,0,0,0,0,0,0,0,0,0,0,0,,no_grant
12,"ادارة المبيعات",43,Maintenance/orders.php,"أوامر الصيانة",0,0,0,0,0,0,0,0,0,0,0,0,0,0,0,0,,no_grant
12,"ادارة المبيعات",44,Maintenance/inspections.php,"الفحص الفني اليومي",0,0,0,0,0,0,0,0,0,0,0,0,0,0,0,0,,no_grant
12,"ادارة المبيعات",45,Maintenance/preventive_plans.php,"الصيانة الوقائية",0,0,0,0,0,0,0,0,0,0,0,0,0,0,0,0,,no_grant
12,"ادارة المبيعات",46,Maintenance/master_data.php,"إعدادات الصيانة",0,0,0,0,0,0,0,0,0,0,0,0,0,0,0,0,,no_grant
12,"ادارة المبيعات",47,Workforce/worker_register.php,"السجل التشغيلي للعامل",0,0,0,0,0,0,0,0,0,0,0,0,0,0,0,0,,no_grant
12,"ادارة المبيعات",48,Workforce/worker_contract.php,"عقود العاملين",0,0,0,0,0,0,0,0,0,0,0,0,0,0,0,0,,no_grant
12,"ادارة المبيعات",50,Workforce/worker_leave_absence.php,"الإجازات والغياب",0,0,0,0,0,0,0,0,0,0,0,0,0,0,0,0,,no_grant
12,"ادارة المبيعات",51,Workforce/worker_movement.php,"تنقلات العاملين",0,0,0,0,0,0,0,0,0,0,0,0,0,0,0,0,,no_grant
12,"ادارة المبيعات",52,Workforce/housing_units.php,"السكن والإعاشة",0,0,0,0,0,0,0,0,0,0,0,0,0,0,0,0,,no_grant
12,"ادارة المبيعات",53,Workforce/worker_evaluation.php,"تقييم الأداء",0,0,0,0,0,0,0,0,0,0,0,0,0,0,0,0,,no_grant
12,"ادارة المبيعات",54,Workforce/worker_settlement.php,"تسويات العاملين",0,0,0,0,0,0,0,0,0,0,0,0,0,0,0,0,,no_grant
12,"ادارة المبيعات",55,Workforce/workforce_requirement.php,"احتياج القوى والتخطيط",0,0,0,0,0,0,0,0,0,0,0,0,0,0,0,0,,no_grant
12,"ادارة المبيعات",56,Workforce/worker_worklog.php,"سجل الأحداث التشغيلية",0,0,0,0,0,0,0,0,0,0,0,0,0,0,0,0,,no_grant
12,"ادارة المبيعات",57,Employees/job_titles.php,"المسميات الوظيفية",0,0,0,0,0,0,0,0,0,0,0,0,0,0,0,0,,no_grant
12,"ادارة المبيعات",58,Employees/employee_roles.php,"الأدوار الوظيفية",0,0,0,0,0,0,0,0,0,0,0,0,0,0,0,0,,no_grant
12,"ادارة المبيعات",59,Employees/equipment_operators.php,"المشغّلون والسائقون",0,0,0,0,0,0,0,0,0,0,0,0,0,0,0,0,,no_grant
12,"ادارة المبيعات",60,main/users.php,"إدارة المستخدمين",0,0,0,0,0,0,0,0,0,0,0,0,0,0,0,0,,no_grant
12,"ادارة المبيعات",61,main/all_assistants.php,المعاونون,0,0,0,0,0,0,0,0,0,0,0,0,0,0,0,0,,no_grant
12,"ادارة المبيعات",62,Employees/employee_contracts.php,"عقود الموظفين",1,1,1,0,0,0,0,0,0,0,0,0,1,1,0,0,company,derived_from_4flags
12,"ادارة المبيعات",63,Employees/employee_contracts_details.php,"ملف عقد الموظف",1,1,1,0,0,0,0,0,0,0,0,0,1,1,0,0,company,derived_from_4flags
12,"ادارة المبيعات",64,Employees/employee_profile.php,"بطاقة الموظف",1,1,1,0,0,0,0,0,0,0,0,0,1,1,0,0,company,derived_from_4flags
12,"ادارة المبيعات",65,Employees/showcontractemployee.php,"عرض عقد الموظف",1,1,1,0,0,0,0,0,0,0,0,0,1,1,0,0,company,derived_from_4flags
12,"ادارة المبيعات",66,Opportunities/opportunities.php,"الفرص البيعية",1,1,1,1,1,1,1,0,0,0,0,1,1,1,0,0,company,derived_from_4flags
12,"ادارة المبيعات",67,Procurement/dashboard_proc.php,"لوحة المشتريات",0,0,0,0,0,0,0,0,0,0,0,0,0,0,0,0,,no_grant
12,"ادارة المبيعات",68,Procurement/items_proc.php,"كتالوج الأصناف",0,0,0,0,0,0,0,0,0,0,0,0,0,0,0,0,,no_grant
12,"ادارة المبيعات",69,Procurement/requests_proc.php,"طلبات الشراء",0,0,0,0,0,0,0,0,0,0,0,0,0,0,0,0,,no_grant
12,"ادارة المبيعات",70,Procurement/orders_proc.php,"أوامر الشراء",0,0,0,0,0,0,0,0,0,0,0,0,0,0,0,0,,no_grant
12,"ادارة المبيعات",71,Procurement/receipt_custody_proc.php,"الاستلام المؤقت",0,0,0,0,0,0,0,0,0,0,0,0,0,0,0,0,,no_grant
12,"ادارة المبيعات",72,Procurement/stock_proc.php,المخزون,0,0,0,0,0,0,0,0,0,0,0,0,0,0,0,0,,no_grant
12,"ادارة المبيعات",73,Procurement/issue_proc.php,"صرف المخزون والعهدة",0,0,0,0,0,0,0,0,0,0,0,0,0,0,0,0,,no_grant
12,"ادارة المبيعات",74,Procurement/reordering_proc.php,"حدود إعادة الطلب",0,0,0,0,0,0,0,0,0,0,0,0,0,0,0,0,,no_grant
12,"ادارة المبيعات",75,Procurement/suppliers_proc.php,"موردو المشتريات",0,0,0,0,0,0,0,0,0,0,0,0,0,0,0,0,,no_grant
12,"ادارة المبيعات",76,Procurement/master_data_proc.php,"البيانات المرجعية",0,0,0,0,0,0,0,0,0,0,0,0,0,0,0,0,,no_grant
12,"ادارة المبيعات",77,Clients/activities.php,"أنشطة العملاء",1,1,1,1,1,1,1,0,0,0,0,1,1,1,0,0,company,derived_from_4flags
12,"ادارة المبيعات",78,Clients/commercial_risks.php,"المخاطر التجارية",1,1,1,1,1,1,1,0,0,0,0,1,1,1,0,0,company,derived_from_4flags
12,"ادارة المبيعات",79,Clients/tenders.php,المناقصات,1,1,1,1,1,1,1,0,0,0,0,1,1,1,0,0,company,derived_from_4flags
12,"ادارة المبيعات",80,Clients/quotations.php,"عروض الأسعار",1,1,1,1,1,1,1,0,0,0,0,1,1,1,0,0,company,derived_from_4flags
12,"ادارة المبيعات",81,Clients/pricelists.php,"قوائم ونماذج التسعير",1,1,1,1,1,1,1,0,0,0,0,1,1,1,0,0,company,derived_from_4flags
12,"ادارة المبيعات",82,Clients/products.php,"كتالوج المنتجات والخدمات",1,1,1,1,1,1,1,0,0,0,0,1,1,1,0,0,company,derived_from_4flags
12,"ادارة المبيعات",83,Clients/units_of_measure.php,"وحدات القياس",1,1,1,1,1,1,1,0,0,0,0,1,1,1,0,0,company,derived_from_4flags
12,"ادارة المبيعات",84,Clients/contract_amendments.php,"ملاحق العقود وتجديداتها",1,1,1,1,1,1,1,0,0,0,0,1,1,1,0,0,company,derived_from_4flags
12,"ادارة المبيعات",85,Clients/contract_events.php,"سجل حركة العقد",1,1,1,1,1,1,1,0,0,0,0,1,1,1,0,0,company,derived_from_4flags
12,"ادارة المبيعات",86,Finance/events_list_fin.php,"المعاملات المالية",1,1,1,0,0,0,0,0,0,0,0,0,1,1,0,0,company,derived_from_4flags
12,"ادارة المبيعات",87,Finance/accounts_fin.php,"دليل الحسابات",0,0,0,0,0,0,0,0,0,0,0,0,0,0,0,0,,no_grant
12,"ادارة المبيعات",88,Finance/journal_form_fin.php,"القيود اليومية",0,0,0,0,0,0,0,0,0,0,0,0,0,0,0,0,,no_grant
12,"ادارة المبيعات",89,Finance/budget_form_fin.php,"الميزانية والانحراف",1,1,1,1,1,1,1,0,0,0,0,0,1,1,0,0,company,derived_from_4flags
12,"ادارة المبيعات",90,Finance/dues_fin.php,"الذمم والتحصيل",0,0,0,0,0,0,0,0,0,0,0,0,0,0,0,0,,no_grant
12,"ادارة المبيعات",91,Finance/payments_fin.php,"المدفوعات والخزينة",0,0,0,0,0,0,0,0,0,0,0,0,0,0,0,0,,no_grant
12,"ادارة المبيعات",92,Finance/cost_report_fin.php,"التكاليف والربحية",0,0,0,0,0,0,0,0,0,0,0,0,0,0,0,0,,no_grant
12,"ادارة المبيعات",93,Finance/periods_fin.php,"إقفال الفترات",0,0,0,0,0,0,0,0,0,0,0,0,0,0,0,0,,no_grant
12,"ادارة المبيعات",94,Finance/funding_fin.php,"التمويل والالتزامات",0,0,0,0,0,0,0,0,0,0,0,0,0,0,0,0,,no_grant
12,"ادارة المبيعات",95,Finance/cash_forecast_fin.php,"السيولة والتنبؤ النقدي",0,0,0,0,0,0,0,0,0,0,0,0,0,0,0,0,,no_grant
12,"ادارة المبيعات",96,Finance/management_accounting_fin.php,"المحاسبة الإدارية",0,0,0,0,0,0,0,0,0,0,0,0,0,0,0,0,,no_grant
12,"ادارة المبيعات",97,Finance/accountants_fin.php,"المحاسبون والوحدات",0,0,0,0,0,0,0,0,0,0,0,0,0,0,0,0,,no_grant
12,"ادارة المبيعات",98,Finance/import_events_fin.php,"استقبال معاملات الإدارات",0,0,0,0,0,0,0,0,0,0,0,0,0,0,0,0,,no_grant
12,"ادارة المبيعات",99,Finance/executive_dashboard_fin.php,"اللوحة التنفيذية",0,0,0,0,0,0,0,0,0,0,0,0,0,0,0,0,,no_grant
12,"ادارة المبيعات",100,Finance/financial_statements_fin.php,"القوائم المالية",0,0,0,0,0,0,0,0,0,0,0,0,0,0,0,0,,no_grant
12,"ادارة المبيعات",101,Finance/assets_fin.php,"الأصول والإهلاك",0,0,0,0,0,0,0,0,0,0,0,0,0,0,0,0,,no_grant
12,"ادارة المبيعات",102,Finance/tax_fin.php,"الضرائب والقيمة المضافة",0,0,0,0,0,0,0,0,0,0,0,0,0,0,0,0,,no_grant
12,"ادارة المبيعات",103,Finance/bank_reconciliation_fin.php,"المطابقة البنكية",0,0,0,0,0,0,0,0,0,0,0,0,0,0,0,0,,no_grant
12,"ادارة المبيعات",104,Finance/cfo_daily_board_fin.php,"لوحة المدير المالي",0,0,0,0,0,0,0,0,0,0,0,0,0,0,0,0,,no_grant
12,"ادارة المبيعات",105,Finance/unit_records_fin.php,"وحدات الأطراف",0,0,0,0,0,0,0,0,0,0,0,0,0,0,0,0,,no_grant
12,"ادارة المبيعات",106,Finance/supplier_statement_fin.php,"كشف حساب المورد",0,0,0,0,0,0,0,0,0,0,0,0,0,0,0,0,,no_grant
12,"ادارة المبيعات",107,main/project_users.php,المعاونين,0,0,0,0,0,0,0,0,0,0,0,0,0,0,0,0,,no_grant
12,"ادارة المبيعات",108,Transport/transfer_types_config.php,"إعدادات الترحيل",0,0,0,0,0,0,0,0,0,0,0,0,0,0,0,0,,no_grant
12,"ادارة المبيعات",109,Transport/transfer_cost_rules_config.php,"قواعد تحميل تكلفة الترحيل",0,0,0,0,0,0,0,0,0,0,0,0,0,0,0,0,,no_grant
12,"ادارة المبيعات",110,Transport/trs_locations_config.php,المواقع,0,0,0,0,0,0,0,0,0,0,0,0,0,0,0,0,,no_grant
12,"ادارة المبيعات",111,Transport/transfer_requests.php,"موافقات الترحيل",0,0,0,0,0,0,0,0,0,0,0,0,0,0,0,0,,no_grant
12,"ادارة المبيعات",112,Transport/transfer_orders_list.php,"أوامر الترحيل",0,0,0,0,0,0,0,0,0,0,0,0,0,0,0,0,,no_grant
12,"ادارة المبيعات",113,Transport/transfer_dashboard.php,"لوحة الرحلات",0,0,0,0,0,0,0,0,0,0,0,0,0,0,0,0,,no_grant
12,"ادارة المبيعات",114,FinRequests/request_form.php,"طلب مالي جديد",1,1,1,1,1,1,1,0,0,0,0,0,1,1,0,0,company,derived_from_4flags
12,"ادارة المبيعات",115,FinRequests/my_requests.php,"طلباتي المالية",1,1,1,0,0,0,0,0,0,0,0,0,1,1,0,0,company,derived_from_4flags
12,"ادارة المبيعات",116,FinRequests/dept_inbox.php,"موافقات إدارتي",1,1,1,0,1,0,1,0,0,0,0,0,1,1,0,0,company,derived_from_4flags
12,"ادارة المبيعات",117,FinRequests/accountant_desk.php,"مكتب المحاسب",0,0,0,0,0,0,0,0,0,0,0,0,0,0,0,0,,no_grant
12,"ادارة المبيعات",118,FinRequests/finance_gateway.php,"الطلبات المالية",0,0,0,0,0,0,0,0,0,0,0,0,0,0,0,0,,no_grant
12,"ادارة المبيعات",119,FinRequests/effect_map.php,"سجل الحركة المالية",0,0,0,0,0,0,0,0,0,0,0,0,0,0,0,0,,no_grant
12,"ادارة المبيعات",120,FinRequests/routing_admin.php,"قواعد توجيه الطلبات",0,0,0,0,0,0,0,0,0,0,0,0,0,0,0,0,,no_grant
12,"ادارة المبيعات",121,FinRequests/cycle_time_board.php,"زمن دورة الطلبات",0,0,0,0,0,0,0,0,0,0,0,0,0,0,0,0,,no_grant
12,"ادارة المبيعات",122,FinRequests/requests_reports.php,"تقارير الطلبات المالية",0,0,0,0,0,0,0,0,0,0,0,0,0,0,0,0,,no_grant
12,"ادارة المبيعات",123,Settings/role_permissions.php,"صلاحيات الأدوار",0,0,0,0,0,0,0,0,0,0,0,0,0,0,0,0,,no_grant
12,"ادارة المبيعات",124,Settings/roles.php,الأدوار,0,0,0,0,0,0,0,0,0,0,0,0,0,0,0,0,,no_grant
12,"ادارة المبيعات",125,Finance/variance_monitor_fin.php,"متابعة الانحراف",0,0,0,0,0,0,0,0,0,0,0,0,0,0,0,0,,no_grant
12,"ادارة المبيعات",126,Finance/maintenance_provision_fin.php,"قواعد مخصص الصيانة",0,0,0,0,0,0,0,0,0,0,0,0,0,0,0,0,,no_grant
12,"ادارة المبيعات",127,Clients/contract_commitments.php,"التزامات العقود",1,1,1,1,1,1,1,0,0,0,0,1,1,1,0,0,company,derived_from_4flags
12,"ادارة المبيعات",128,Finance/operator_pay_fin.php,"قواعد مستحقات المشغّلين",0,0,0,0,0,0,0,0,0,0,0,0,0,0,0,0,,no_grant
12,"ادارة المبيعات",129,Clients/readiness_lines.php,"جاهزية العروض",1,1,1,1,1,1,1,0,0,0,0,1,1,1,0,0,company,derived_from_4flags
12,"ادارة المبيعات",130,Tickets/ticket_types_config.php,"إعداد أنواع البلاغات",0,0,0,0,0,0,0,0,0,0,0,0,0,0,0,0,,no_grant
12,"ادارة المبيعات",131,Tickets/ticket_categories_config.php,"تصنيفات الأعطال والبلاغات",0,0,0,0,0,0,0,0,0,0,0,0,0,0,0,0,,no_grant
12,"ادارة المبيعات",132,Tickets/tickets_list.php,البلاغات,0,0,0,0,0,0,0,0,0,0,0,0,0,0,0,0,,no_grant
12,"ادارة المبيعات",133,Tickets/ticket_form.php,"تسجيل بلاغ",0,0,0,0,0,0,0,0,0,0,0,0,0,0,0,0,,no_grant
12,"ادارة المبيعات",134,Tickets/ticket_sla_config.php,"أزمنة الاستجابة والإنجاز",0,0,0,0,0,0,0,0,0,0,0,0,0,0,0,0,,no_grant
12,"ادارة المبيعات",135,Tickets/ticket_escalation_config.php,"سلّم التصعيد",0,0,0,0,0,0,0,0,0,0,0,0,0,0,0,0,,no_grant
12,"ادارة المبيعات",136,Tickets/ticket_recurrence.php,"البلاغات الدورية",0,0,0,0,0,0,0,0,0,0,0,0,0,0,0,0,,no_grant
12,"ادارة المبيعات",137,Tickets/ticket_dashboard.php,"أداء البلاغات",0,0,0,0,0,0,0,0,0,0,0,0,0,0,0,0,,no_grant
12,"ادارة المبيعات",138,Maintenance/dashboard_mnt.php,"لوحة إدارة الصيانة",0,0,0,0,0,0,0,0,0,0,0,0,0,0,0,0,,no_grant
12,"ادارة المبيعات",139,main/role_board.php,"لوحة الدور",1,1,1,0,0,0,0,0,0,0,0,0,1,1,0,0,company,derived_from_4flags
12,"ادارة المبيعات",140,Finance/operator_pay_policies_fin.php,"سياسات مستحقات المشغّلين",0,0,0,0,0,0,0,0,0,0,0,0,0,0,0,0,,no_grant
12,"ادارة المبيعات",141,Equipments/equipment_documents.php,"وثائق المعدات والمشغّلين",0,0,0,0,0,0,0,0,0,0,0,0,0,0,0,0,,no_grant
12,"ادارة المبيعات",142,Contracts/claims.php,المستخلصات,1,1,1,1,0,1,0,0,0,0,0,0,1,1,0,0,company,derived_from_4flags
12,"ادارة المبيعات",143,Finance/currencies_fin.php,"العملات وأسعار الصرف",0,0,0,0,0,0,0,0,0,0,0,0,0,0,0,0,,no_grant
12,"ادارة المبيعات",144,Suppliers/settlements.php,"تسويات الموردين",0,0,0,0,0,0,0,0,0,0,0,0,0,0,0,0,,no_grant
12,"ادارة المبيعات",145,Contracts/contract_obligations.php,"مصفوفة التزامات العقد",1,1,1,1,0,1,0,0,0,0,0,1,1,1,0,0,company,derived_from_4flags
12,"ادارة المبيعات",146,Approvals/attribution_board.php,"لوحة الإسناد اليومي",1,1,1,0,0,0,0,0,0,0,0,0,1,1,0,0,company,derived_from_4flags
12,"ادارة المبيعات",147,Contracts/penalties.php,"احتساب الجزاءات والحوافز",1,1,1,1,0,1,0,0,0,0,0,0,1,1,0,0,company,derived_from_4flags
12,"ادارة المبيعات",148,Workforce/employee_settlements.php,"تسويات الموظفين",0,0,0,0,0,0,0,0,0,0,0,0,0,0,0,0,,no_grant
12,"ادارة المبيعات",149,Operations/containers.php,"حاويات العقود",1,1,1,0,0,0,0,0,0,0,0,0,1,1,0,0,company,derived_from_4flags
12,"ادارة المبيعات",150,Projects/sites.php,"مواقع التنفيذ",0,0,0,0,0,0,0,0,0,0,0,0,0,0,0,0,,no_grant
12,"ادارة المبيعات",151,Workforce/contract_registry.php,"سجل العقود الموحّد",0,0,0,0,0,0,0,0,0,0,0,0,0,0,0,0,,no_grant
12,"ادارة المبيعات",152,Operations/daily_plan.php,"خطة عمل الغد",0,0,0,0,0,0,0,0,0,0,0,0,0,0,0,0,,no_grant
12,"ادارة المبيعات",153,Suppliers/supplier_contract_lines.php,"بنود عقد المورد",0,0,0,0,0,0,0,0,0,0,0,0,0,0,0,0,,no_grant
12,"ادارة المبيعات",154,Contracts/price_terms.php,"شروط تعديل السعر",1,1,1,1,1,1,1,0,0,0,0,0,1,1,0,0,company,derived_from_4flags
12,"ادارة المبيعات",155,Equipments/meter_readings.php,"قراءات العدّادات",0,0,0,0,0,0,0,0,0,0,0,0,0,0,0,0,,no_grant
12,"ادارة المبيعات",156,Workforce/payroll_runs.php,"مسيّر الرواتب",0,0,0,0,0,0,0,0,0,0,0,0,0,0,0,0,,no_grant
12,"ادارة المبيعات",157,Workforce/employee_advances.php,"سلفيات الموظفين",0,0,0,0,0,0,0,0,0,0,0,0,0,0,0,0,,no_grant
12,"ادارة المبيعات",158,Suppliers/supplier_advances.php,"سلفيات الموردين",0,0,0,0,0,0,0,0,0,0,0,0,0,0,0,0,,no_grant
12,"ادارة المبيعات",159,Suppliers/supplier_rules.php,"قواعد تحميل المورد وجزاءاته",0,0,0,0,0,0,0,0,0,0,0,0,0,0,0,0,,no_grant
12,"ادارة المبيعات",160,Suppliers/supplier_capacity.php,"الطاقة والجاهزية ومهلة الإحلال",0,0,0,0,0,0,0,0,0,0,0,0,0,0,0,0,,no_grant
12,"ادارة المبيعات",161,Suppliers/supplier_evaluation.php,"تقييم المورد الدوري",0,0,0,0,0,0,0,0,0,0,0,0,0,0,0,0,,no_grant
12,"ادارة المبيعات",162,Suppliers/supplier_closure.php,"تصفية إنهاء عقد المورد",0,0,0,0,0,0,0,0,0,0,0,0,0,0,0,0,,no_grant
12,"ادارة المبيعات",163,Suppliers/supplier_documents.php,"وثائق المورد وحسابه البنكي",0,0,0,0,0,0,0,0,0,0,0,0,0,0,0,0,,no_grant
12,"ادارة المبيعات",164,Contracts/tax_invoices.php,"الفاتورة الضريبية",1,1,1,0,0,0,0,0,0,0,0,0,1,1,0,0,company,derived_from_4flags
12,"ادارة المبيعات",165,Contracts/client_statement.php,"كشف حساب العميل",1,1,1,0,0,0,0,0,0,0,0,0,1,1,0,0,company,derived_from_4flags
12,"ادارة المبيعات",166,Contracts/collections.php,"الذمم والتحصيل",1,1,1,0,0,0,0,0,0,0,0,0,1,1,0,0,company,derived_from_4flags
12,"ادارة المبيعات",167,Workforce/final_settlement.php,"تصفية إنهاء خدمة الموظف",0,0,0,0,0,0,0,0,0,0,0,0,0,0,0,0,,no_grant
12,"ادارة المبيعات",168,Transport/transfer_tariffs.php,"تعرفة الترحيل وتسعير الأوامر",0,0,0,0,0,0,0,0,0,0,0,0,0,0,0,0,,no_grant
12,"ادارة المبيعات",169,Finance/periodic_events_fin.php,"الدوريات المالية",0,0,0,0,0,0,0,0,0,0,0,0,0,0,0,0,,no_grant
12,"ادارة المبيعات",171,Suppliers/rfq_requests.php,"طلبات عروض الموردين",0,0,0,0,0,0,0,0,0,0,0,0,0,0,0,0,,no_grant
12,"ادارة المبيعات",172,Contracts/contract_sites.php,"نطاقات العقد التشغيلية",1,1,1,1,1,1,1,0,0,0,0,0,1,1,0,0,company,derived_from_4flags
12,"ادارة المبيعات",173,Contracts/contract_lines.php,"بنود عقد العميل وقيمته",1,1,1,1,1,1,1,0,0,0,0,0,1,1,0,0,company,derived_from_4flags
12,"ادارة المبيعات",174,Contracts/contract_monthly_plan.php,"الجدول الشهري للعقد",1,1,1,1,1,1,1,0,0,0,0,0,1,1,0,0,company,derived_from_4flags
12,"ادارة المبيعات",175,Contracts/contract_resource_plan.php,"خطة موارد العقد",1,1,1,1,1,1,1,0,0,0,0,0,1,1,0,0,company,derived_from_4flags
12,"ادارة المبيعات",176,Contracts/contract_payment_schedule.php,"خطة دفع العقد",1,1,1,1,1,1,1,0,0,0,0,0,1,1,0,0,company,derived_from_4flags
12,"ادارة المبيعات",177,Contracts/contract_guarantees.php,"ضمانات العقد",1,1,1,1,1,1,1,0,0,0,0,0,1,1,0,0,company,derived_from_4flags
12,"ادارة المبيعات",178,Contracts/plan_actual_link.php,"ربط الخطة بالفعلي",1,1,1,1,1,1,1,0,0,0,0,0,1,1,0,0,company,derived_from_4flags
12,"ادارة المبيعات",179,Contracts/contract_baseline.php,"خط أساس العقد",1,1,1,1,1,1,1,0,0,0,0,0,1,1,0,0,company,derived_from_4flags
12,"ادارة المبيعات",180,Contracts/contract_lifecycle.php,"اقتصاد دورة حياة العقد",1,1,1,1,1,1,1,0,0,0,0,0,1,1,0,0,company,derived_from_4flags
12,"ادارة المبيعات",181,Contracts/commercial_board.php,"اللوحة التجارية للعقود",1,1,1,0,0,0,0,0,0,0,0,0,1,1,0,0,company,derived_from_4flags
12,"ادارة المبيعات",182,user_capacities.php,"صفاتي ومبدّل المساحة",1,1,1,0,0,0,0,0,0,0,0,0,1,1,0,0,company,derived_from_4flags
12,"ادارة المبيعات",183,Portal/visibility_keys.php,"مفاتيح الظهور",0,0,0,0,0,0,0,0,0,0,0,0,0,0,0,0,,no_grant
12,"ادارة المبيعات",184,Portal/portal_elements.php,"مكوّنات البوابة",0,0,0,0,0,0,0,0,0,0,0,0,0,0,0,0,,no_grant
12,"ادارة المبيعات",185,Portal/visibility_simulator.php,"من يرى ماذا (محاكاة)",0,0,0,0,0,0,0,0,0,0,0,0,0,0,0,0,,no_grant
12,"ادارة المبيعات",186,Portal/visibility_audit.php,"سجل تدقيق الظهور",0,0,0,0,0,0,0,0,0,0,0,0,0,0,0,0,,no_grant
12,"ادارة المبيعات",187,Portal/my_portal.php,بوابتي,1,1,1,0,0,0,0,0,0,0,0,0,1,1,0,0,company,derived_from_4flags
12,"ادارة المبيعات",188,Portal/my_achievement.php,إنجازي,1,1,1,0,0,0,0,0,0,0,0,0,1,1,0,0,company,derived_from_4flags
12,"ادارة المبيعات",189,Portal/my_evaluation.php,"التقييم الثنائي",1,1,1,1,0,1,0,0,0,0,0,0,1,1,0,0,company,derived_from_4flags
12,"ادارة المبيعات",190,Portal/my_certificate.php,"شهادة الإنجاز",1,1,1,0,0,0,0,0,0,0,0,0,1,1,0,0,company,derived_from_4flags
12,"ادارة المبيعات",191,Portal/workspace.php,"مساحة العمل",1,1,1,0,0,0,0,0,0,0,0,0,1,1,0,0,company,derived_from_4flags
12,"ادارة المبيعات",192,Finance/approvals_inbox.php,"صندوق الاعتمادات الموحد",0,0,0,0,0,0,0,0,0,0,0,0,0,0,0,0,,no_grant
12,"ادارة المبيعات",193,Operations/operations_room.php,"غرفة عمليات التشغيل",0,0,0,0,0,0,0,0,0,0,0,0,0,0,0,0,,no_grant
12,"ادارة المبيعات",194,Operations/distribution_space.php,"مساحة التوزيع",0,0,0,0,0,0,0,0,0,0,0,0,0,0,0,0,,no_grant
12,"ادارة المبيعات",195,Reports/daily_units_report.php,"سجل الوحدات اليومية",0,0,0,0,0,0,0,0,0,0,0,0,0,0,0,0,,no_grant
12,"ادارة المبيعات",196,Fleet/readiness_board.php,"لوحة الجاهزية",0,0,0,0,0,0,0,0,0,0,0,0,0,0,0,0,,no_grant
12,"ادارة المبيعات",197,Maintenance/failure_report.php,"تقرير الأعطال (التصنيف الموحد)",0,0,0,0,0,0,0,0,0,0,0,0,0,0,0,0,,no_grant
12,"ادارة المبيعات",198,Procurement/supplier_card_proc.php,"بطاقة مورد المشتريات",0,0,0,0,0,0,0,0,0,0,0,0,0,0,0,0,,no_grant
12,"ادارة المبيعات",199,Procurement/warehouse_board.php,"لوحة أمين المستودع",0,0,0,0,0,0,0,0,0,0,0,0,0,0,0,0,,no_grant
12,"ادارة المبيعات",200,Contracts/contract_card.php,"بطاقة العقد الأم",1,1,1,0,0,0,0,0,0,0,0,0,1,1,0,0,company,derived_from_4flags
12,"ادارة المبيعات",201,Employees/employee_card.php,"بطاقة الموظف",0,0,0,0,0,0,0,0,0,0,0,0,0,0,0,0,,no_grant
12,"ادارة المبيعات",202,Reports/margin_report.php,"هامش الواقعة والعقد",1,1,1,0,0,0,0,0,0,0,0,0,1,1,0,0,company,derived_from_4flags
12,"ادارة المبيعات",203,Reports/exceptions_report.php,"تقرير الاستثناءات",0,0,0,0,0,0,0,0,0,0,0,0,0,0,0,0,,no_grant
12,"ادارة المبيعات",204,Reports/guard_denials_report.php,"تقرير المنع",0,0,0,0,0,0,0,0,0,0,0,0,0,0,0,0,,no_grant
12,"ادارة المبيعات",205,Settings/guard_classification.php,"تصنيف الحمايات",0,0,0,0,0,0,0,0,0,0,0,0,0,0,0,0,,no_grant
12,"ادارة المبيعات",206,Governance/entities_registry.php,"سجل الكيانات",0,0,0,0,0,0,0,0,0,0,0,0,0,0,0,0,,no_grant
12,"ادارة المبيعات",207,Governance/signing_authority.php,"التفويض بالتوقيع",0,0,0,0,0,0,0,0,0,0,0,0,0,0,0,0,,no_grant
12,"ادارة المبيعات",208,Governance/licenses_guarantees.php,"التراخيص والكفالات",0,0,0,0,0,0,0,0,0,0,0,0,0,0,0,0,,no_grant
12,"ادارة المبيعات",209,Governance/activation_patterns.php,"أنماط التفعيل",0,0,0,0,0,0,0,0,0,0,0,0,0,0,0,0,,no_grant
12,"ادارة المبيعات",210,Financing/financiers_registry.php,"سجل الممولين",0,0,0,0,0,0,0,0,0,0,0,0,0,0,0,0,,no_grant
12,"ادارة المبيعات",211,Financing/financing_operation_new.php,"إنشاء عملية تمويل",0,0,0,0,0,0,0,0,0,0,0,0,0,0,0,0,,no_grant
12,"ادارة المبيعات",212,Reports/approval_lag_report.php,"الاعتمادات المتأخرة والوثائق",0,0,0,0,0,0,0,0,0,0,0,0,0,0,0,0,,no_grant
12,"ادارة المبيعات",213,Governance/ownership_grants.php,"منح المجال المقيَّد",0,0,0,0,0,0,0,0,0,0,0,0,0,0,0,0,,no_grant
12,"ادارة المبيعات",214,Financing/financing_board.php,"لوحة إدارة التمويل",0,0,0,0,0,0,0,0,0,0,0,0,0,0,0,0,,no_grant
12,"ادارة المبيعات",215,admin/ops_manager_board.php,"لوحة مدير التشغيل",0,0,0,0,0,0,0,0,0,0,0,0,0,0,0,0,,no_grant
12,"ادارة المبيعات",216,admin/org_assignments.php,"التكليفات التنظيمية",0,0,0,0,0,0,0,0,0,0,0,0,0,0,0,0,,no_grant
12,"ادارة المبيعات",217,admin/org_structure.php,"الهيكل التنظيمي",0,0,0,0,0,0,0,0,0,0,0,0,0,0,0,0,,no_grant
12,"ادارة المبيعات",218,admin/org_permits.php,"أذونات المواقع",0,0,0,0,0,0,0,0,0,0,0,0,0,0,0,0,,no_grant
12,"ادارة المبيعات",222,admin/sec_governance.php,"مركز حوكمة الصلاحيات",0,0,0,0,0,0,0,0,0,0,0,0,0,0,0,0,,no_grant
12,"ادارة المبيعات",223,admin/sec_employee_wizard.php,"معالج إعداد الموظف",0,0,0,0,0,0,0,0,0,0,0,0,0,0,0,0,,no_grant
12,"ادارة المبيعات",225,Tickets/ticket_workstreams_board.php,"لوحة مسارات البلاغات",0,0,0,0,0,0,0,0,0,0,0,0,0,0,0,0,,no_grant
12,"ادارة المبيعات",226,Tickets/watchtower.php,"برج المراقبة",0,0,0,0,0,0,0,0,0,0,0,0,0,0,0,0,,no_grant
12,"ادارة المبيعات",227,Tickets/ticket_contextual_open.php,"بلاغ سياقي جديد",1,1,1,1,0,1,0,0,0,0,0,0,1,1,0,0,company,derived_from_4flags
12,"ادارة المبيعات",228,main/my_workspace.php,"مساحة عملي",1,1,1,0,0,0,0,0,0,0,0,0,1,1,0,0,company,derived_from_4flags
13,"ادارة الصيانة",1,Clients/clients.php,العملاء,0,0,0,0,0,0,0,0,0,0,0,0,0,0,0,0,,no_grant
13,"ادارة الصيانة",2,Projects/projects.php,المشاريع,0,0,0,0,0,0,0,0,0,0,0,0,0,0,0,0,,no_grant
13,"ادارة الصيانة",3,main/users.php,الصلاحيات,0,0,0,0,0,0,0,0,0,0,0,0,0,0,0,0,,no_grant
13,"ادارة الصيانة",4,Reports/reports.php,"مركز التقارير",0,0,0,0,0,0,0,0,0,0,0,0,0,0,0,0,,no_grant
13,"ادارة الصيانة",5,Equipments/equipments_types.php,"أنواع المعدات",0,0,0,0,0,0,0,0,0,0,0,0,0,0,0,0,,no_grant
13,"ادارة الصيانة",6,Reports/reports.php,"مركز التقارير",0,0,0,0,0,0,0,0,0,0,0,0,0,0,0,0,,no_grant
13,"ادارة الصيانة",7,Employees/employees.php,الموظفون,0,0,0,0,0,0,0,0,0,0,0,0,0,0,0,0,,no_grant
13,"ادارة الصيانة",8,Equipments/equipments_fleet.php,المعدات,0,0,0,0,0,0,0,0,0,0,0,0,0,0,0,0,,no_grant
13,"ادارة الصيانة",9,Oprators/oprators.php,"شاشة التشغيل",0,0,0,0,0,0,0,0,0,0,0,0,0,0,0,0,,no_grant
13,"ادارة الصيانة",10,Timesheet/timesheet_type.php,"تسجيل الوحدات",0,0,0,0,0,0,0,0,0,0,0,0,0,0,0,0,,no_grant
13,"ادارة الصيانة",11,Settings/settings.php,الإعدادات,0,0,0,0,0,0,0,0,0,0,0,0,0,0,0,0,,no_grant
13,"ادارة الصيانة",12,ActivityLogs/activity_logs.php,"سجل النشاط",0,0,0,0,0,0,0,0,0,0,0,0,0,0,0,0,,no_grant
13,"ادارة الصيانة",14,main/project_users.php,"مشرفو الموردين",0,0,0,0,0,0,0,0,0,0,0,0,0,0,0,0,,no_grant
13,"ادارة الصيانة",15,main/project_users.php,المشرفين,0,0,0,0,0,0,0,0,0,0,0,0,0,0,0,0,,no_grant
13,"ادارة الصيانة",16,main/project_users.php,المشرفين,0,0,0,0,0,0,0,0,0,0,0,0,0,0,0,0,,no_grant
13,"ادارة الصيانة",17,main/project_users.php,"إدارة المعاونين",0,0,0,0,0,0,0,0,0,0,0,0,0,0,0,0,,no_grant
13,"ادارة الصيانة",18,main/project_users.php,المشرفين,0,0,0,0,0,0,0,0,0,0,0,0,0,0,0,0,,no_grant
13,"ادارة الصيانة",20,Contracts/contracts.php,العقود,0,0,0,0,0,0,0,0,0,0,0,0,0,0,0,0,,no_grant
13,"ادارة الصيانة",21,Contracts/contracts_details.php,"ملف عقد المشروع",0,0,0,0,0,0,0,0,0,0,0,0,0,0,0,0,,no_grant
13,"ادارة الصيانة",22,Suppliers/suppliers.php,الموردون,0,0,0,0,0,0,0,0,0,0,0,0,0,0,0,0,,no_grant
13,"ادارة الصيانة",23,Oprators/select_project.php,التشغيل,0,0,0,0,0,0,0,0,0,0,0,0,0,0,0,0,,no_grant
13,"ادارة الصيانة",24,Settings/settings.php,الإعدادات,0,0,0,0,0,0,0,0,0,0,0,0,0,0,0,0,,no_grant
13,"ادارة الصيانة",25,Suppliers/supplierscontracts.php,"عقود الموردين",0,0,0,0,0,0,0,0,0,0,0,0,0,0,0,0,,no_grant
13,"ادارة الصيانة",26,Suppliers/supplierscontracts_details.php,"ملف عقد المورد",0,0,0,0,0,0,0,0,0,0,0,0,0,0,0,0,,no_grant
13,"ادارة الصيانة",27,Equipments/equipments_drivers.php,المعدات,0,0,0,0,0,0,0,0,0,0,0,0,0,0,0,0,,no_grant
13,"ادارة الصيانة",28,Reports/reports.php,"مركز التقارير",0,0,0,0,0,0,0,0,0,0,0,0,0,0,0,0,,no_grant
13,"ادارة الصيانة",29,movement/project_drivers.php,"توزيع المشغّلين",0,0,0,0,0,0,0,0,0,0,0,0,0,0,0,0,,no_grant
13,"ادارة الصيانة",30,movement/movement_operations.php,الورديات,0,0,0,0,0,0,0,0,0,0,0,0,0,0,0,0,,no_grant
13,"ادارة الصيانة",31,Reports/reports.php,"مركز التقارير",0,0,0,0,0,0,0,0,0,0,0,0,0,0,0,0,,no_grant
13,"ادارة الصيانة",32,Reports/reports.php,"مركز التقارير",0,0,0,0,0,0,0,0,0,0,0,0,0,0,0,0,,no_grant
13,"ادارة الصيانة",34,movement/map_page.php,"متابعة المشروع",0,0,0,0,0,0,0,0,0,0,0,0,0,0,0,0,,no_grant
13,"ادارة الصيانة",35,Clients/clients.php,العملاء,0,0,0,0,0,0,0,0,0,0,0,0,0,0,0,0,,no_grant
13,"ادارة الصيانة",36,Projects/projects.php,المشاريع,0,0,0,0,0,0,0,0,0,0,0,0,0,0,0,0,,no_grant
13,"ادارة الصيانة",37,Contracts/contracts.php,العقود,0,0,0,0,0,0,0,0,0,0,0,0,0,0,0,0,,no_grant
13,"ادارة الصيانة",38,Equipments/manage_failure_codes.php,"تصنيفات الأعطال",1,1,1,1,1,1,1,0,0,0,0,1,1,1,0,0,company,derived_from_4flags
13,"ادارة الصيانة",40,Equipments/fleet_models.php,"الأنواع والموديلات",0,0,0,0,0,0,0,0,0,0,0,0,0,0,0,0,,no_grant
13,"ادارة الصيانة",41,Equipments/fleet_depreciation_profiles.php,"إعداد الإهلاك",0,0,0,0,0,0,0,0,0,0,0,0,0,0,0,0,,no_grant
13,"ادارة الصيانة",42,Maintenance/breakdowns.php,"البلاغات (غير مفعّلة)",1,1,1,1,1,1,1,0,0,0,0,1,1,1,0,0,company,derived_from_4flags
13,"ادارة الصيانة",43,Maintenance/orders.php,"أوامر الصيانة",1,1,1,1,1,1,1,0,0,0,0,1,1,1,0,0,company,derived_from_4flags
13,"ادارة الصيانة",44,Maintenance/inspections.php,"الفحص الفني اليومي",1,1,1,1,1,1,1,0,0,0,0,1,1,1,0,0,company,derived_from_4flags
13,"ادارة الصيانة",45,Maintenance/preventive_plans.php,"الصيانة الوقائية",1,1,1,1,1,1,1,0,0,0,0,1,1,1,0,0,company,derived_from_4flags
13,"ادارة الصيانة",46,Maintenance/master_data.php,"إعدادات الصيانة",1,1,1,1,1,1,1,0,0,0,0,1,1,1,0,0,company,derived_from_4flags
13,"ادارة الصيانة",47,Workforce/worker_register.php,"السجل التشغيلي للعامل",0,0,0,0,0,0,0,0,0,0,0,0,0,0,0,0,,no_grant
13,"ادارة الصيانة",48,Workforce/worker_contract.php,"عقود العاملين",0,0,0,0,0,0,0,0,0,0,0,0,0,0,0,0,,no_grant
13,"ادارة الصيانة",50,Workforce/worker_leave_absence.php,"الإجازات والغياب",0,0,0,0,0,0,0,0,0,0,0,0,0,0,0,0,,no_grant
13,"ادارة الصيانة",51,Workforce/worker_movement.php,"تنقلات العاملين",0,0,0,0,0,0,0,0,0,0,0,0,0,0,0,0,,no_grant
13,"ادارة الصيانة",52,Workforce/housing_units.php,"السكن والإعاشة",0,0,0,0,0,0,0,0,0,0,0,0,0,0,0,0,,no_grant
13,"ادارة الصيانة",53,Workforce/worker_evaluation.php,"تقييم الأداء",0,0,0,0,0,0,0,0,0,0,0,0,0,0,0,0,,no_grant
13,"ادارة الصيانة",54,Workforce/worker_settlement.php,"تسويات العاملين",0,0,0,0,0,0,0,0,0,0,0,0,0,0,0,0,,no_grant
13,"ادارة الصيانة",55,Workforce/workforce_requirement.php,"احتياج القوى والتخطيط",0,0,0,0,0,0,0,0,0,0,0,0,0,0,0,0,,no_grant
13,"ادارة الصيانة",56,Workforce/worker_worklog.php,"سجل الأحداث التشغيلية",0,0,0,0,0,0,0,0,0,0,0,0,0,0,0,0,,no_grant
13,"ادارة الصيانة",57,Employees/job_titles.php,"المسميات الوظيفية",0,0,0,0,0,0,0,0,0,0,0,0,0,0,0,0,,no_grant
13,"ادارة الصيانة",58,Employees/employee_roles.php,"الأدوار الوظيفية",0,0,0,0,0,0,0,0,0,0,0,0,0,0,0,0,,no_grant
13,"ادارة الصيانة",59,Employees/equipment_operators.php,"المشغّلون والسائقون",0,0,0,0,0,0,0,0,0,0,0,0,0,0,0,0,,no_grant
13,"ادارة الصيانة",60,main/users.php,"إدارة المستخدمين",0,0,0,0,0,0,0,0,0,0,0,0,0,0,0,0,,no_grant
13,"ادارة الصيانة",61,main/all_assistants.php,المعاونون,0,0,0,0,0,0,0,0,0,0,0,0,0,0,0,0,,no_grant
13,"ادارة الصيانة",62,Employees/employee_contracts.php,"عقود الموظفين",0,0,0,0,0,0,0,0,0,0,0,0,0,0,0,0,,no_grant
13,"ادارة الصيانة",63,Employees/employee_contracts_details.php,"ملف عقد الموظف",0,0,0,0,0,0,0,0,0,0,0,0,0,0,0,0,,no_grant
13,"ادارة الصيانة",64,Employees/employee_profile.php,"بطاقة الموظف",0,0,0,0,0,0,0,0,0,0,0,0,0,0,0,0,,no_grant
13,"ادارة الصيانة",65,Employees/showcontractemployee.php,"عرض عقد الموظف",0,0,0,0,0,0,0,0,0,0,0,0,0,0,0,0,,no_grant
13,"ادارة الصيانة",66,Opportunities/opportunities.php,"الفرص البيعية",0,0,0,0,0,0,0,0,0,0,0,0,0,0,0,0,,no_grant
13,"ادارة الصيانة",67,Procurement/dashboard_proc.php,"لوحة المشتريات",0,0,0,0,0,0,0,0,0,0,0,0,0,0,0,0,,no_grant
13,"ادارة الصيانة",68,Procurement/items_proc.php,"كتالوج الأصناف",0,0,0,0,0,0,0,0,0,0,0,0,0,0,0,0,,no_grant
13,"ادارة الصيانة",69,Procurement/requests_proc.php,"طلبات الشراء",0,0,0,0,0,0,0,0,0,0,0,0,0,0,0,0,,no_grant
13,"ادارة الصيانة",70,Procurement/orders_proc.php,"أوامر الشراء",0,0,0,0,0,0,0,0,0,0,0,0,0,0,0,0,,no_grant
13,"ادارة الصيانة",71,Procurement/receipt_custody_proc.php,"الاستلام المؤقت",0,0,0,0,0,0,0,0,0,0,0,0,0,0,0,0,,no_grant
13,"ادارة الصيانة",72,Procurement/stock_proc.php,المخزون,0,0,0,0,0,0,0,0,0,0,0,0,0,0,0,0,,no_grant
13,"ادارة الصيانة",73,Procurement/issue_proc.php,"صرف المخزون والعهدة",0,0,0,0,0,0,0,0,0,0,0,0,0,0,0,0,,no_grant
13,"ادارة الصيانة",74,Procurement/reordering_proc.php,"حدود إعادة الطلب",0,0,0,0,0,0,0,0,0,0,0,0,0,0,0,0,,no_grant
13,"ادارة الصيانة",75,Procurement/suppliers_proc.php,"موردو المشتريات",0,0,0,0,0,0,0,0,0,0,0,0,0,0,0,0,,no_grant
13,"ادارة الصيانة",76,Procurement/master_data_proc.php,"البيانات المرجعية",0,0,0,0,0,0,0,0,0,0,0,0,0,0,0,0,,no_grant
13,"ادارة الصيانة",77,Clients/activities.php,"أنشطة العملاء",0,0,0,0,0,0,0,0,0,0,0,0,0,0,0,0,,no_grant
13,"ادارة الصيانة",78,Clients/commercial_risks.php,"المخاطر التجارية",0,0,0,0,0,0,0,0,0,0,0,0,0,0,0,0,,no_grant
13,"ادارة الصيانة",79,Clients/tenders.php,المناقصات,0,0,0,0,0,0,0,0,0,0,0,0,0,0,0,0,,no_grant
13,"ادارة الصيانة",80,Clients/quotations.php,"عروض الأسعار",0,0,0,0,0,0,0,0,0,0,0,0,0,0,0,0,,no_grant
13,"ادارة الصيانة",81,Clients/pricelists.php,"قوائم ونماذج التسعير",0,0,0,0,0,0,0,0,0,0,0,0,0,0,0,0,,no_grant
13,"ادارة الصيانة",82,Clients/products.php,"كتالوج المنتجات والخدمات",0,0,0,0,0,0,0,0,0,0,0,0,0,0,0,0,,no_grant
13,"ادارة الصيانة",83,Clients/units_of_measure.php,"وحدات القياس",0,0,0,0,0,0,0,0,0,0,0,0,0,0,0,0,,no_grant
13,"ادارة الصيانة",84,Clients/contract_amendments.php,"ملاحق العقود وتجديداتها",0,0,0,0,0,0,0,0,0,0,0,0,0,0,0,0,,no_grant
13,"ادارة الصيانة",85,Clients/contract_events.php,"سجل حركة العقد",0,0,0,0,0,0,0,0,0,0,0,0,0,0,0,0,,no_grant
13,"ادارة الصيانة",86,Finance/events_list_fin.php,"المعاملات المالية",1,1,1,0,0,0,0,0,0,0,0,0,1,1,0,0,company,derived_from_4flags
13,"ادارة الصيانة",87,Finance/accounts_fin.php,"دليل الحسابات",0,0,0,0,0,0,0,0,0,0,0,0,0,0,0,0,,no_grant
13,"ادارة الصيانة",88,Finance/journal_form_fin.php,"القيود اليومية",0,0,0,0,0,0,0,0,0,0,0,0,0,0,0,0,,no_grant
13,"ادارة الصيانة",89,Finance/budget_form_fin.php,"الميزانية والانحراف",1,1,1,1,1,1,1,0,0,0,0,0,1,1,0,0,company,derived_from_4flags
13,"ادارة الصيانة",90,Finance/dues_fin.php,"الذمم والتحصيل",0,0,0,0,0,0,0,0,0,0,0,0,0,0,0,0,,no_grant
13,"ادارة الصيانة",91,Finance/payments_fin.php,"المدفوعات والخزينة",0,0,0,0,0,0,0,0,0,0,0,0,0,0,0,0,,no_grant
13,"ادارة الصيانة",92,Finance/cost_report_fin.php,"التكاليف والربحية",1,1,1,0,0,0,0,0,0,0,0,0,1,1,0,0,company,derived_from_4flags
13,"ادارة الصيانة",93,Finance/periods_fin.php,"إقفال الفترات",0,0,0,0,0,0,0,0,0,0,0,0,0,0,0,0,,no_grant
13,"ادارة الصيانة",94,Finance/funding_fin.php,"التمويل والالتزامات",0,0,0,0,0,0,0,0,0,0,0,0,0,0,0,0,,no_grant
13,"ادارة الصيانة",95,Finance/cash_forecast_fin.php,"السيولة والتنبؤ النقدي",0,0,0,0,0,0,0,0,0,0,0,0,0,0,0,0,,no_grant
13,"ادارة الصيانة",96,Finance/management_accounting_fin.php,"المحاسبة الإدارية",0,0,0,0,0,0,0,0,0,0,0,0,0,0,0,0,,no_grant
13,"ادارة الصيانة",97,Finance/accountants_fin.php,"المحاسبون والوحدات",0,0,0,0,0,0,0,0,0,0,0,0,0,0,0,0,,no_grant
13,"ادارة الصيانة",98,Finance/import_events_fin.php,"استقبال معاملات الإدارات",0,0,0,0,0,0,0,0,0,0,0,0,0,0,0,0,,no_grant
13,"ادارة الصيانة",99,Finance/executive_dashboard_fin.php,"اللوحة التنفيذية",0,0,0,0,0,0,0,0,0,0,0,0,0,0,0,0,,no_grant
13,"ادارة الصيانة",100,Finance/financial_statements_fin.php,"القوائم المالية",0,0,0,0,0,0,0,0,0,0,0,0,0,0,0,0,,no_grant
13,"ادارة الصيانة",101,Finance/assets_fin.php,"الأصول والإهلاك",0,0,0,0,0,0,0,0,0,0,0,0,0,0,0,0,,no_grant
13,"ادارة الصيانة",102,Finance/tax_fin.php,"الضرائب والقيمة المضافة",0,0,0,0,0,0,0,0,0,0,0,0,0,0,0,0,,no_grant
13,"ادارة الصيانة",103,Finance/bank_reconciliation_fin.php,"المطابقة البنكية",0,0,0,0,0,0,0,0,0,0,0,0,0,0,0,0,,no_grant
13,"ادارة الصيانة",104,Finance/cfo_daily_board_fin.php,"لوحة المدير المالي",0,0,0,0,0,0,0,0,0,0,0,0,0,0,0,0,,no_grant
13,"ادارة الصيانة",105,Finance/unit_records_fin.php,"وحدات الأطراف",0,0,0,0,0,0,0,0,0,0,0,0,0,0,0,0,,no_grant
13,"ادارة الصيانة",106,Finance/supplier_statement_fin.php,"كشف حساب المورد",0,0,0,0,0,0,0,0,0,0,0,0,0,0,0,0,,no_grant
13,"ادارة الصيانة",107,main/project_users.php,المعاونين,0,0,0,0,0,0,0,0,0,0,0,0,0,0,0,0,,no_grant
13,"ادارة الصيانة",108,Transport/transfer_types_config.php,"إعدادات الترحيل",0,0,0,0,0,0,0,0,0,0,0,0,0,0,0,0,,no_grant
13,"ادارة الصيانة",109,Transport/transfer_cost_rules_config.php,"قواعد تحميل تكلفة الترحيل",0,0,0,0,0,0,0,0,0,0,0,0,0,0,0,0,,no_grant
13,"ادارة الصيانة",110,Transport/trs_locations_config.php,المواقع,0,0,0,0,0,0,0,0,0,0,0,0,0,0,0,0,,no_grant
13,"ادارة الصيانة",111,Transport/transfer_requests.php,"موافقات الترحيل",0,0,0,0,0,0,0,0,0,0,0,0,0,0,0,0,,no_grant
13,"ادارة الصيانة",112,Transport/transfer_orders_list.php,"أوامر الترحيل",0,0,0,0,0,0,0,0,0,0,0,0,0,0,0,0,,no_grant
13,"ادارة الصيانة",113,Transport/transfer_dashboard.php,"لوحة الرحلات",0,0,0,0,0,0,0,0,0,0,0,0,0,0,0,0,,no_grant
13,"ادارة الصيانة",114,FinRequests/request_form.php,"طلب مالي جديد",1,1,1,1,1,1,1,0,0,0,0,0,1,1,0,0,company,derived_from_4flags
13,"ادارة الصيانة",115,FinRequests/my_requests.php,"طلباتي المالية",1,1,1,0,0,0,0,0,0,0,0,0,1,1,0,0,company,derived_from_4flags
13,"ادارة الصيانة",116,FinRequests/dept_inbox.php,"موافقات إدارتي",1,1,1,0,1,0,1,0,0,0,0,0,1,1,0,0,company,derived_from_4flags
13,"ادارة الصيانة",117,FinRequests/accountant_desk.php,"مكتب المحاسب",0,0,0,0,0,0,0,0,0,0,0,0,0,0,0,0,,no_grant
13,"ادارة الصيانة",118,FinRequests/finance_gateway.php,"الطلبات المالية",0,0,0,0,0,0,0,0,0,0,0,0,0,0,0,0,,no_grant
13,"ادارة الصيانة",119,FinRequests/effect_map.php,"سجل الحركة المالية",0,0,0,0,0,0,0,0,0,0,0,0,0,0,0,0,,no_grant
13,"ادارة الصيانة",120,FinRequests/routing_admin.php,"قواعد توجيه الطلبات",0,0,0,0,0,0,0,0,0,0,0,0,0,0,0,0,,no_grant
13,"ادارة الصيانة",121,FinRequests/cycle_time_board.php,"زمن دورة الطلبات",0,0,0,0,0,0,0,0,0,0,0,0,0,0,0,0,,no_grant
13,"ادارة الصيانة",122,FinRequests/requests_reports.php,"تقارير الطلبات المالية",0,0,0,0,0,0,0,0,0,0,0,0,0,0,0,0,,no_grant
13,"ادارة الصيانة",123,Settings/role_permissions.php,"صلاحيات الأدوار",0,0,0,0,0,0,0,0,0,0,0,0,0,0,0,0,,no_grant
13,"ادارة الصيانة",124,Settings/roles.php,الأدوار,0,0,0,0,0,0,0,0,0,0,0,0,0,0,0,0,,no_grant
13,"ادارة الصيانة",125,Finance/variance_monitor_fin.php,"متابعة الانحراف",0,0,0,0,0,0,0,0,0,0,0,0,0,0,0,0,,no_grant
13,"ادارة الصيانة",126,Finance/maintenance_provision_fin.php,"قواعد مخصص الصيانة",0,0,0,0,0,0,0,0,0,0,0,0,0,0,0,0,,no_grant
13,"ادارة الصيانة",127,Clients/contract_commitments.php,"التزامات العقود",0,0,0,0,0,0,0,0,0,0,0,0,0,0,0,0,,no_grant
13,"ادارة الصيانة",128,Finance/operator_pay_fin.php,"قواعد مستحقات المشغّلين",0,0,0,0,0,0,0,0,0,0,0,0,0,0,0,0,,no_grant
13,"ادارة الصيانة",129,Clients/readiness_lines.php,"جاهزية العروض",0,0,0,0,0,0,0,0,0,0,0,0,0,0,0,0,,no_grant
13,"ادارة الصيانة",130,Tickets/ticket_types_config.php,"إعداد أنواع البلاغات",0,0,0,0,0,0,0,0,0,0,0,0,0,0,0,0,,no_grant
13,"ادارة الصيانة",131,Tickets/ticket_categories_config.php,"تصنيفات الأعطال والبلاغات",0,0,0,0,0,0,0,0,0,0,0,0,0,0,0,0,,no_grant
13,"ادارة الصيانة",132,Tickets/tickets_list.php,البلاغات,0,0,0,0,0,0,0,0,0,0,0,0,0,0,0,0,,no_grant
13,"ادارة الصيانة",133,Tickets/ticket_form.php,"تسجيل بلاغ",0,0,0,0,0,0,0,0,0,0,0,0,0,0,0,0,,no_grant
13,"ادارة الصيانة",134,Tickets/ticket_sla_config.php,"أزمنة الاستجابة والإنجاز",0,0,0,0,0,0,0,0,0,0,0,0,0,0,0,0,,no_grant
13,"ادارة الصيانة",135,Tickets/ticket_escalation_config.php,"سلّم التصعيد",0,0,0,0,0,0,0,0,0,0,0,0,0,0,0,0,,no_grant
13,"ادارة الصيانة",136,Tickets/ticket_recurrence.php,"البلاغات الدورية",0,0,0,0,0,0,0,0,0,0,0,0,0,0,0,0,,no_grant
13,"ادارة الصيانة",137,Tickets/ticket_dashboard.php,"أداء البلاغات",0,0,0,0,0,0,0,0,0,0,0,0,0,0,0,0,,no_grant
13,"ادارة الصيانة",138,Maintenance/dashboard_mnt.php,"لوحة إدارة الصيانة",1,1,1,1,1,1,1,0,0,0,0,0,1,1,0,0,company,derived_from_4flags
13,"ادارة الصيانة",139,main/role_board.php,"لوحة الدور",0,0,0,0,0,0,0,0,0,0,0,0,0,0,0,0,,no_grant
13,"ادارة الصيانة",140,Finance/operator_pay_policies_fin.php,"سياسات مستحقات المشغّلين",0,0,0,0,0,0,0,0,0,0,0,0,0,0,0,0,,no_grant
13,"ادارة الصيانة",141,Equipments/equipment_documents.php,"وثائق المعدات والمشغّلين",0,0,0,0,0,0,0,0,0,0,0,0,0,0,0,0,,no_grant
13,"ادارة الصيانة",142,Contracts/claims.php,المستخلصات,0,0,0,0,0,0,0,0,0,0,0,0,0,0,0,0,,no_grant
13,"ادارة الصيانة",143,Finance/currencies_fin.php,"العملات وأسعار الصرف",0,0,0,0,0,0,0,0,0,0,0,0,0,0,0,0,,no_grant
13,"ادارة الصيانة",144,Suppliers/settlements.php,"تسويات الموردين",0,0,0,0,0,0,0,0,0,0,0,0,0,0,0,0,,no_grant
13,"ادارة الصيانة",145,Contracts/contract_obligations.php,"مصفوفة التزامات العقد",0,0,0,0,0,0,0,0,0,0,0,0,0,0,0,0,,no_grant
13,"ادارة الصيانة",146,Approvals/attribution_board.php,"لوحة الإسناد اليومي",0,0,0,0,0,0,0,0,0,0,0,0,0,0,0,0,,no_grant
13,"ادارة الصيانة",147,Contracts/penalties.php,"احتساب الجزاءات والحوافز",0,0,0,0,0,0,0,0,0,0,0,0,0,0,0,0,,no_grant
13,"ادارة الصيانة",148,Workforce/employee_settlements.php,"تسويات الموظفين",0,0,0,0,0,0,0,0,0,0,0,0,0,0,0,0,,no_grant
13,"ادارة الصيانة",149,Operations/containers.php,"حاويات العقود",0,0,0,0,0,0,0,0,0,0,0,0,0,0,0,0,,no_grant
13,"ادارة الصيانة",150,Projects/sites.php,"مواقع التنفيذ",0,0,0,0,0,0,0,0,0,0,0,0,0,0,0,0,,no_grant
13,"ادارة الصيانة",151,Workforce/contract_registry.php,"سجل العقود الموحّد",0,0,0,0,0,0,0,0,0,0,0,0,0,0,0,0,,no_grant
13,"ادارة الصيانة",152,Operations/daily_plan.php,"خطة عمل الغد",0,0,0,0,0,0,0,0,0,0,0,0,0,0,0,0,,no_grant
13,"ادارة الصيانة",153,Suppliers/supplier_contract_lines.php,"بنود عقد المورد",0,0,0,0,0,0,0,0,0,0,0,0,0,0,0,0,,no_grant
13,"ادارة الصيانة",154,Contracts/price_terms.php,"شروط تعديل السعر",0,0,0,0,0,0,0,0,0,0,0,0,0,0,0,0,,no_grant
13,"ادارة الصيانة",155,Equipments/meter_readings.php,"قراءات العدّادات",0,0,0,0,0,0,0,0,0,0,0,0,0,0,0,0,,no_grant
13,"ادارة الصيانة",156,Workforce/payroll_runs.php,"مسيّر الرواتب",0,0,0,0,0,0,0,0,0,0,0,0,0,0,0,0,,no_grant
13,"ادارة الصيانة",157,Workforce/employee_advances.php,"سلفيات الموظفين",0,0,0,0,0,0,0,0,0,0,0,0,0,0,0,0,,no_grant
13,"ادارة الصيانة",158,Suppliers/supplier_advances.php,"سلفيات الموردين",0,0,0,0,0,0,0,0,0,0,0,0,0,0,0,0,,no_grant
13,"ادارة الصيانة",159,Suppliers/supplier_rules.php,"قواعد تحميل المورد وجزاءاته",0,0,0,0,0,0,0,0,0,0,0,0,0,0,0,0,,no_grant
13,"ادارة الصيانة",160,Suppliers/supplier_capacity.php,"الطاقة والجاهزية ومهلة الإحلال",0,0,0,0,0,0,0,0,0,0,0,0,0,0,0,0,,no_grant
13,"ادارة الصيانة",161,Suppliers/supplier_evaluation.php,"تقييم المورد الدوري",0,0,0,0,0,0,0,0,0,0,0,0,0,0,0,0,,no_grant
13,"ادارة الصيانة",162,Suppliers/supplier_closure.php,"تصفية إنهاء عقد المورد",0,0,0,0,0,0,0,0,0,0,0,0,0,0,0,0,,no_grant
13,"ادارة الصيانة",163,Suppliers/supplier_documents.php,"وثائق المورد وحسابه البنكي",0,0,0,0,0,0,0,0,0,0,0,0,0,0,0,0,,no_grant
13,"ادارة الصيانة",164,Contracts/tax_invoices.php,"الفاتورة الضريبية",0,0,0,0,0,0,0,0,0,0,0,0,0,0,0,0,,no_grant
13,"ادارة الصيانة",165,Contracts/client_statement.php,"كشف حساب العميل",0,0,0,0,0,0,0,0,0,0,0,0,0,0,0,0,,no_grant
13,"ادارة الصيانة",166,Contracts/collections.php,"الذمم والتحصيل",0,0,0,0,0,0,0,0,0,0,0,0,0,0,0,0,,no_grant
13,"ادارة الصيانة",167,Workforce/final_settlement.php,"تصفية إنهاء خدمة الموظف",0,0,0,0,0,0,0,0,0,0,0,0,0,0,0,0,,no_grant
13,"ادارة الصيانة",168,Transport/transfer_tariffs.php,"تعرفة الترحيل وتسعير الأوامر",0,0,0,0,0,0,0,0,0,0,0,0,0,0,0,0,,no_grant
13,"ادارة الصيانة",169,Finance/periodic_events_fin.php,"الدوريات المالية",0,0,0,0,0,0,0,0,0,0,0,0,0,0,0,0,,no_grant
13,"ادارة الصيانة",171,Suppliers/rfq_requests.php,"طلبات عروض الموردين",0,0,0,0,0,0,0,0,0,0,0,0,0,0,0,0,,no_grant
13,"ادارة الصيانة",172,Contracts/contract_sites.php,"نطاقات العقد التشغيلية",0,0,0,0,0,0,0,0,0,0,0,0,0,0,0,0,,no_grant
13,"ادارة الصيانة",173,Contracts/contract_lines.php,"بنود عقد العميل وقيمته",0,0,0,0,0,0,0,0,0,0,0,0,0,0,0,0,,no_grant
13,"ادارة الصيانة",174,Contracts/contract_monthly_plan.php,"الجدول الشهري للعقد",0,0,0,0,0,0,0,0,0,0,0,0,0,0,0,0,,no_grant
13,"ادارة الصيانة",175,Contracts/contract_resource_plan.php,"خطة موارد العقد",0,0,0,0,0,0,0,0,0,0,0,0,0,0,0,0,,no_grant
13,"ادارة الصيانة",176,Contracts/contract_payment_schedule.php,"خطة دفع العقد",0,0,0,0,0,0,0,0,0,0,0,0,0,0,0,0,,no_grant
13,"ادارة الصيانة",177,Contracts/contract_guarantees.php,"ضمانات العقد",0,0,0,0,0,0,0,0,0,0,0,0,0,0,0,0,,no_grant
13,"ادارة الصيانة",178,Contracts/plan_actual_link.php,"ربط الخطة بالفعلي",0,0,0,0,0,0,0,0,0,0,0,0,0,0,0,0,,no_grant
13,"ادارة الصيانة",179,Contracts/contract_baseline.php,"خط أساس العقد",0,0,0,0,0,0,0,0,0,0,0,0,0,0,0,0,,no_grant
13,"ادارة الصيانة",180,Contracts/contract_lifecycle.php,"اقتصاد دورة حياة العقد",0,0,0,0,0,0,0,0,0,0,0,0,0,0,0,0,,no_grant
13,"ادارة الصيانة",181,Contracts/commercial_board.php,"اللوحة التجارية للعقود",0,0,0,0,0,0,0,0,0,0,0,0,0,0,0,0,,no_grant
13,"ادارة الصيانة",182,user_capacities.php,"صفاتي ومبدّل المساحة",1,1,1,0,0,0,0,0,0,0,0,0,1,1,0,0,company,derived_from_4flags
13,"ادارة الصيانة",183,Portal/visibility_keys.php,"مفاتيح الظهور",0,0,0,0,0,0,0,0,0,0,0,0,0,0,0,0,,no_grant
13,"ادارة الصيانة",184,Portal/portal_elements.php,"مكوّنات البوابة",0,0,0,0,0,0,0,0,0,0,0,0,0,0,0,0,,no_grant
13,"ادارة الصيانة",185,Portal/visibility_simulator.php,"من يرى ماذا (محاكاة)",0,0,0,0,0,0,0,0,0,0,0,0,0,0,0,0,,no_grant
13,"ادارة الصيانة",186,Portal/visibility_audit.php,"سجل تدقيق الظهور",0,0,0,0,0,0,0,0,0,0,0,0,0,0,0,0,,no_grant
13,"ادارة الصيانة",187,Portal/my_portal.php,بوابتي,1,1,1,0,0,0,0,0,0,0,0,0,1,1,0,0,company,derived_from_4flags
13,"ادارة الصيانة",188,Portal/my_achievement.php,إنجازي,1,1,1,0,0,0,0,0,0,0,0,0,1,1,0,0,company,derived_from_4flags
13,"ادارة الصيانة",189,Portal/my_evaluation.php,"التقييم الثنائي",1,1,1,1,0,1,0,0,0,0,0,0,1,1,0,0,company,derived_from_4flags
13,"ادارة الصيانة",190,Portal/my_certificate.php,"شهادة الإنجاز",1,1,1,0,0,0,0,0,0,0,0,0,1,1,0,0,company,derived_from_4flags
13,"ادارة الصيانة",191,Portal/workspace.php,"مساحة العمل",1,1,1,0,0,0,0,0,0,0,0,0,1,1,0,0,company,derived_from_4flags
13,"ادارة الصيانة",192,Finance/approvals_inbox.php,"صندوق الاعتمادات الموحد",0,0,0,0,0,0,0,0,0,0,0,0,0,0,0,0,,no_grant
13,"ادارة الصيانة",193,Operations/operations_room.php,"غرفة عمليات التشغيل",0,0,0,0,0,0,0,0,0,0,0,0,0,0,0,0,,no_grant
13,"ادارة الصيانة",194,Operations/distribution_space.php,"مساحة التوزيع",0,0,0,0,0,0,0,0,0,0,0,0,0,0,0,0,,no_grant
13,"ادارة الصيانة",195,Reports/daily_units_report.php,"سجل الوحدات اليومية",0,0,0,0,0,0,0,0,0,0,0,0,0,0,0,0,,no_grant
13,"ادارة الصيانة",196,Fleet/readiness_board.php,"لوحة الجاهزية",0,0,0,0,0,0,0,0,0,0,0,0,0,0,0,0,,no_grant
13,"ادارة الصيانة",197,Maintenance/failure_report.php,"تقرير الأعطال (التصنيف الموحد)",1,1,1,0,0,0,0,0,0,0,0,0,1,1,0,0,company,derived_from_4flags
13,"ادارة الصيانة",198,Procurement/supplier_card_proc.php,"بطاقة مورد المشتريات",0,0,0,0,0,0,0,0,0,0,0,0,0,0,0,0,,no_grant
13,"ادارة الصيانة",199,Procurement/warehouse_board.php,"لوحة أمين المستودع",0,0,0,0,0,0,0,0,0,0,0,0,0,0,0,0,,no_grant
13,"ادارة الصيانة",200,Contracts/contract_card.php,"بطاقة العقد الأم",0,0,0,0,0,0,0,0,0,0,0,0,0,0,0,0,,no_grant
13,"ادارة الصيانة",201,Employees/employee_card.php,"بطاقة الموظف",0,0,0,0,0,0,0,0,0,0,0,0,0,0,0,0,,no_grant
13,"ادارة الصيانة",202,Reports/margin_report.php,"هامش الواقعة والعقد",0,0,0,0,0,0,0,0,0,0,0,0,0,0,0,0,,no_grant
13,"ادارة الصيانة",203,Reports/exceptions_report.php,"تقرير الاستثناءات",0,0,0,0,0,0,0,0,0,0,0,0,0,0,0,0,,no_grant
13,"ادارة الصيانة",204,Reports/guard_denials_report.php,"تقرير المنع",0,0,0,0,0,0,0,0,0,0,0,0,0,0,0,0,,no_grant
13,"ادارة الصيانة",205,Settings/guard_classification.php,"تصنيف الحمايات",0,0,0,0,0,0,0,0,0,0,0,0,0,0,0,0,,no_grant
13,"ادارة الصيانة",206,Governance/entities_registry.php,"سجل الكيانات",0,0,0,0,0,0,0,0,0,0,0,0,0,0,0,0,,no_grant
13,"ادارة الصيانة",207,Governance/signing_authority.php,"التفويض بالتوقيع",0,0,0,0,0,0,0,0,0,0,0,0,0,0,0,0,,no_grant
13,"ادارة الصيانة",208,Governance/licenses_guarantees.php,"التراخيص والكفالات",0,0,0,0,0,0,0,0,0,0,0,0,0,0,0,0,,no_grant
13,"ادارة الصيانة",209,Governance/activation_patterns.php,"أنماط التفعيل",0,0,0,0,0,0,0,0,0,0,0,0,0,0,0,0,,no_grant
13,"ادارة الصيانة",210,Financing/financiers_registry.php,"سجل الممولين",0,0,0,0,0,0,0,0,0,0,0,0,0,0,0,0,,no_grant
13,"ادارة الصيانة",211,Financing/financing_operation_new.php,"إنشاء عملية تمويل",0,0,0,0,0,0,0,0,0,0,0,0,0,0,0,0,,no_grant
13,"ادارة الصيانة",212,Reports/approval_lag_report.php,"الاعتمادات المتأخرة والوثائق",0,0,0,0,0,0,0,0,0,0,0,0,0,0,0,0,,no_grant
13,"ادارة الصيانة",213,Governance/ownership_grants.php,"منح المجال المقيَّد",0,0,0,0,0,0,0,0,0,0,0,0,0,0,0,0,,no_grant
13,"ادارة الصيانة",214,Financing/financing_board.php,"لوحة إدارة التمويل",0,0,0,0,0,0,0,0,0,0,0,0,0,0,0,0,,no_grant
13,"ادارة الصيانة",215,admin/ops_manager_board.php,"لوحة مدير التشغيل",0,0,0,0,0,0,0,0,0,0,0,0,0,0,0,0,,no_grant
13,"ادارة الصيانة",216,admin/org_assignments.php,"التكليفات التنظيمية",0,0,0,0,0,0,0,0,0,0,0,0,0,0,0,0,,no_grant
13,"ادارة الصيانة",217,admin/org_structure.php,"الهيكل التنظيمي",0,0,0,0,0,0,0,0,0,0,0,0,0,0,0,0,,no_grant
13,"ادارة الصيانة",218,admin/org_permits.php,"أذونات المواقع",0,0,0,0,0,0,0,0,0,0,0,0,0,0,0,0,,no_grant
13,"ادارة الصيانة",222,admin/sec_governance.php,"مركز حوكمة الصلاحيات",0,0,0,0,0,0,0,0,0,0,0,0,0,0,0,0,,no_grant
13,"ادارة الصيانة",223,admin/sec_employee_wizard.php,"معالج إعداد الموظف",0,0,0,0,0,0,0,0,0,0,0,0,0,0,0,0,,no_grant
13,"ادارة الصيانة",225,Tickets/ticket_workstreams_board.php,"لوحة مسارات البلاغات",0,0,0,0,0,0,0,0,0,0,0,0,0,0,0,0,,no_grant
13,"ادارة الصيانة",226,Tickets/watchtower.php,"برج المراقبة",0,0,0,0,0,0,0,0,0,0,0,0,0,0,0,0,,no_grant
13,"ادارة الصيانة",227,Tickets/ticket_contextual_open.php,"بلاغ سياقي جديد",1,1,1,1,0,1,0,0,0,0,0,0,1,1,0,0,company,derived_from_4flags
13,"ادارة الصيانة",228,main/my_workspace.php,"مساحة عملي",1,1,1,0,0,0,0,0,0,0,0,0,1,1,0,0,company,derived_from_4flags
14,"مشرف صيانة",1,Clients/clients.php,العملاء,0,0,0,0,0,0,0,0,0,0,0,0,0,0,0,0,,no_grant
14,"مشرف صيانة",2,Projects/projects.php,المشاريع,0,0,0,0,0,0,0,0,0,0,0,0,0,0,0,0,,no_grant
14,"مشرف صيانة",3,main/users.php,الصلاحيات,0,0,0,0,0,0,0,0,0,0,0,0,0,0,0,0,,no_grant
14,"مشرف صيانة",4,Reports/reports.php,"مركز التقارير",0,0,0,0,0,0,0,0,0,0,0,0,0,0,0,0,,no_grant
14,"مشرف صيانة",5,Equipments/equipments_types.php,"أنواع المعدات",0,0,0,0,0,0,0,0,0,0,0,0,0,0,0,0,,no_grant
14,"مشرف صيانة",6,Reports/reports.php,"مركز التقارير",0,0,0,0,0,0,0,0,0,0,0,0,0,0,0,0,,no_grant
14,"مشرف صيانة",7,Employees/employees.php,الموظفون,0,0,0,0,0,0,0,0,0,0,0,0,0,0,0,0,,no_grant
14,"مشرف صيانة",8,Equipments/equipments_fleet.php,المعدات,0,0,0,0,0,0,0,0,0,0,0,0,0,0,0,0,,no_grant
14,"مشرف صيانة",9,Oprators/oprators.php,"شاشة التشغيل",0,0,0,0,0,0,0,0,0,0,0,0,0,0,0,0,,no_grant
14,"مشرف صيانة",10,Timesheet/timesheet_type.php,"تسجيل الوحدات",0,0,0,0,0,0,0,0,0,0,0,0,0,0,0,0,,no_grant
14,"مشرف صيانة",11,Settings/settings.php,الإعدادات,0,0,0,0,0,0,0,0,0,0,0,0,0,0,0,0,,no_grant
14,"مشرف صيانة",12,ActivityLogs/activity_logs.php,"سجل النشاط",0,0,0,0,0,0,0,0,0,0,0,0,0,0,0,0,,no_grant
14,"مشرف صيانة",14,main/project_users.php,"مشرفو الموردين",0,0,0,0,0,0,0,0,0,0,0,0,0,0,0,0,,no_grant
14,"مشرف صيانة",15,main/project_users.php,المشرفين,0,0,0,0,0,0,0,0,0,0,0,0,0,0,0,0,,no_grant
14,"مشرف صيانة",16,main/project_users.php,المشرفين,0,0,0,0,0,0,0,0,0,0,0,0,0,0,0,0,,no_grant
14,"مشرف صيانة",17,main/project_users.php,"إدارة المعاونين",0,0,0,0,0,0,0,0,0,0,0,0,0,0,0,0,,no_grant
14,"مشرف صيانة",18,main/project_users.php,المشرفين,0,0,0,0,0,0,0,0,0,0,0,0,0,0,0,0,,no_grant
14,"مشرف صيانة",20,Contracts/contracts.php,العقود,0,0,0,0,0,0,0,0,0,0,0,0,0,0,0,0,,no_grant
14,"مشرف صيانة",21,Contracts/contracts_details.php,"ملف عقد المشروع",0,0,0,0,0,0,0,0,0,0,0,0,0,0,0,0,,no_grant
14,"مشرف صيانة",22,Suppliers/suppliers.php,الموردون,0,0,0,0,0,0,0,0,0,0,0,0,0,0,0,0,,no_grant
14,"مشرف صيانة",23,Oprators/select_project.php,التشغيل,0,0,0,0,0,0,0,0,0,0,0,0,0,0,0,0,,no_grant
14,"مشرف صيانة",24,Settings/settings.php,الإعدادات,0,0,0,0,0,0,0,0,0,0,0,0,0,0,0,0,,no_grant
14,"مشرف صيانة",25,Suppliers/supplierscontracts.php,"عقود الموردين",0,0,0,0,0,0,0,0,0,0,0,0,0,0,0,0,,no_grant
14,"مشرف صيانة",26,Suppliers/supplierscontracts_details.php,"ملف عقد المورد",0,0,0,0,0,0,0,0,0,0,0,0,0,0,0,0,,no_grant
14,"مشرف صيانة",27,Equipments/equipments_drivers.php,المعدات,0,0,0,0,0,0,0,0,0,0,0,0,0,0,0,0,,no_grant
14,"مشرف صيانة",28,Reports/reports.php,"مركز التقارير",0,0,0,0,0,0,0,0,0,0,0,0,0,0,0,0,,no_grant
14,"مشرف صيانة",29,movement/project_drivers.php,"توزيع المشغّلين",0,0,0,0,0,0,0,0,0,0,0,0,0,0,0,0,,no_grant
14,"مشرف صيانة",30,movement/movement_operations.php,الورديات,0,0,0,0,0,0,0,0,0,0,0,0,0,0,0,0,,no_grant
14,"مشرف صيانة",31,Reports/reports.php,"مركز التقارير",0,0,0,0,0,0,0,0,0,0,0,0,0,0,0,0,,no_grant
14,"مشرف صيانة",32,Reports/reports.php,"مركز التقارير",0,0,0,0,0,0,0,0,0,0,0,0,0,0,0,0,,no_grant
14,"مشرف صيانة",34,movement/map_page.php,"متابعة المشروع",0,0,0,0,0,0,0,0,0,0,0,0,0,0,0,0,,no_grant
14,"مشرف صيانة",35,Clients/clients.php,العملاء,0,0,0,0,0,0,0,0,0,0,0,0,0,0,0,0,,no_grant
14,"مشرف صيانة",36,Projects/projects.php,المشاريع,0,0,0,0,0,0,0,0,0,0,0,0,0,0,0,0,,no_grant
14,"مشرف صيانة",37,Contracts/contracts.php,العقود,0,0,0,0,0,0,0,0,0,0,0,0,0,0,0,0,,no_grant
14,"مشرف صيانة",38,Equipments/manage_failure_codes.php,"تصنيفات الأعطال",1,1,1,0,0,0,0,0,0,0,0,0,1,1,0,0,company,derived_from_4flags
14,"مشرف صيانة",40,Equipments/fleet_models.php,"الأنواع والموديلات",0,0,0,0,0,0,0,0,0,0,0,0,0,0,0,0,,no_grant
14,"مشرف صيانة",41,Equipments/fleet_depreciation_profiles.php,"إعداد الإهلاك",0,0,0,0,0,0,0,0,0,0,0,0,0,0,0,0,,no_grant
14,"مشرف صيانة",42,Maintenance/breakdowns.php,"البلاغات (غير مفعّلة)",1,1,1,0,0,0,0,0,0,0,0,0,1,1,0,0,company,derived_from_4flags
14,"مشرف صيانة",43,Maintenance/orders.php,"أوامر الصيانة",1,1,1,0,0,0,0,0,0,0,0,0,1,1,0,0,company,derived_from_4flags
14,"مشرف صيانة",44,Maintenance/inspections.php,"الفحص الفني اليومي",1,1,1,0,0,0,0,0,0,0,0,0,1,1,0,0,company,derived_from_4flags
14,"مشرف صيانة",45,Maintenance/preventive_plans.php,"الصيانة الوقائية",1,1,1,0,0,0,0,0,0,0,0,0,1,1,0,0,company,derived_from_4flags
14,"مشرف صيانة",46,Maintenance/master_data.php,"إعدادات الصيانة",1,1,1,0,0,0,0,0,0,0,0,0,1,1,0,0,company,derived_from_4flags
14,"مشرف صيانة",47,Workforce/worker_register.php,"السجل التشغيلي للعامل",0,0,0,0,0,0,0,0,0,0,0,0,0,0,0,0,,no_grant
14,"مشرف صيانة",48,Workforce/worker_contract.php,"عقود العاملين",0,0,0,0,0,0,0,0,0,0,0,0,0,0,0,0,,no_grant
14,"مشرف صيانة",50,Workforce/worker_leave_absence.php,"الإجازات والغياب",0,0,0,0,0,0,0,0,0,0,0,0,0,0,0,0,,no_grant
14,"مشرف صيانة",51,Workforce/worker_movement.php,"تنقلات العاملين",0,0,0,0,0,0,0,0,0,0,0,0,0,0,0,0,,no_grant
14,"مشرف صيانة",52,Workforce/housing_units.php,"السكن والإعاشة",0,0,0,0,0,0,0,0,0,0,0,0,0,0,0,0,,no_grant
14,"مشرف صيانة",53,Workforce/worker_evaluation.php,"تقييم الأداء",0,0,0,0,0,0,0,0,0,0,0,0,0,0,0,0,,no_grant
14,"مشرف صيانة",54,Workforce/worker_settlement.php,"تسويات العاملين",0,0,0,0,0,0,0,0,0,0,0,0,0,0,0,0,,no_grant
14,"مشرف صيانة",55,Workforce/workforce_requirement.php,"احتياج القوى والتخطيط",0,0,0,0,0,0,0,0,0,0,0,0,0,0,0,0,,no_grant
14,"مشرف صيانة",56,Workforce/worker_worklog.php,"سجل الأحداث التشغيلية",0,0,0,0,0,0,0,0,0,0,0,0,0,0,0,0,,no_grant
14,"مشرف صيانة",57,Employees/job_titles.php,"المسميات الوظيفية",0,0,0,0,0,0,0,0,0,0,0,0,0,0,0,0,,no_grant
14,"مشرف صيانة",58,Employees/employee_roles.php,"الأدوار الوظيفية",0,0,0,0,0,0,0,0,0,0,0,0,0,0,0,0,,no_grant
14,"مشرف صيانة",59,Employees/equipment_operators.php,"المشغّلون والسائقون",0,0,0,0,0,0,0,0,0,0,0,0,0,0,0,0,,no_grant
14,"مشرف صيانة",60,main/users.php,"إدارة المستخدمين",0,0,0,0,0,0,0,0,0,0,0,0,0,0,0,0,,no_grant
14,"مشرف صيانة",61,main/all_assistants.php,المعاونون,0,0,0,0,0,0,0,0,0,0,0,0,0,0,0,0,,no_grant
14,"مشرف صيانة",62,Employees/employee_contracts.php,"عقود الموظفين",0,0,0,0,0,0,0,0,0,0,0,0,0,0,0,0,,no_grant
14,"مشرف صيانة",63,Employees/employee_contracts_details.php,"ملف عقد الموظف",0,0,0,0,0,0,0,0,0,0,0,0,0,0,0,0,,no_grant
14,"مشرف صيانة",64,Employees/employee_profile.php,"بطاقة الموظف",0,0,0,0,0,0,0,0,0,0,0,0,0,0,0,0,,no_grant
14,"مشرف صيانة",65,Employees/showcontractemployee.php,"عرض عقد الموظف",0,0,0,0,0,0,0,0,0,0,0,0,0,0,0,0,,no_grant
14,"مشرف صيانة",66,Opportunities/opportunities.php,"الفرص البيعية",0,0,0,0,0,0,0,0,0,0,0,0,0,0,0,0,,no_grant
14,"مشرف صيانة",67,Procurement/dashboard_proc.php,"لوحة المشتريات",0,0,0,0,0,0,0,0,0,0,0,0,0,0,0,0,,no_grant
14,"مشرف صيانة",68,Procurement/items_proc.php,"كتالوج الأصناف",0,0,0,0,0,0,0,0,0,0,0,0,0,0,0,0,,no_grant
14,"مشرف صيانة",69,Procurement/requests_proc.php,"طلبات الشراء",0,0,0,0,0,0,0,0,0,0,0,0,0,0,0,0,,no_grant
14,"مشرف صيانة",70,Procurement/orders_proc.php,"أوامر الشراء",0,0,0,0,0,0,0,0,0,0,0,0,0,0,0,0,,no_grant
14,"مشرف صيانة",71,Procurement/receipt_custody_proc.php,"الاستلام المؤقت",0,0,0,0,0,0,0,0,0,0,0,0,0,0,0,0,,no_grant
14,"مشرف صيانة",72,Procurement/stock_proc.php,المخزون,0,0,0,0,0,0,0,0,0,0,0,0,0,0,0,0,,no_grant
14,"مشرف صيانة",73,Procurement/issue_proc.php,"صرف المخزون والعهدة",0,0,0,0,0,0,0,0,0,0,0,0,0,0,0,0,,no_grant
14,"مشرف صيانة",74,Procurement/reordering_proc.php,"حدود إعادة الطلب",0,0,0,0,0,0,0,0,0,0,0,0,0,0,0,0,,no_grant
14,"مشرف صيانة",75,Procurement/suppliers_proc.php,"موردو المشتريات",0,0,0,0,0,0,0,0,0,0,0,0,0,0,0,0,,no_grant
14,"مشرف صيانة",76,Procurement/master_data_proc.php,"البيانات المرجعية",0,0,0,0,0,0,0,0,0,0,0,0,0,0,0,0,,no_grant
14,"مشرف صيانة",77,Clients/activities.php,"أنشطة العملاء",0,0,0,0,0,0,0,0,0,0,0,0,0,0,0,0,,no_grant
14,"مشرف صيانة",78,Clients/commercial_risks.php,"المخاطر التجارية",0,0,0,0,0,0,0,0,0,0,0,0,0,0,0,0,,no_grant
14,"مشرف صيانة",79,Clients/tenders.php,المناقصات,0,0,0,0,0,0,0,0,0,0,0,0,0,0,0,0,,no_grant
14,"مشرف صيانة",80,Clients/quotations.php,"عروض الأسعار",0,0,0,0,0,0,0,0,0,0,0,0,0,0,0,0,,no_grant
14,"مشرف صيانة",81,Clients/pricelists.php,"قوائم ونماذج التسعير",0,0,0,0,0,0,0,0,0,0,0,0,0,0,0,0,,no_grant
14,"مشرف صيانة",82,Clients/products.php,"كتالوج المنتجات والخدمات",0,0,0,0,0,0,0,0,0,0,0,0,0,0,0,0,,no_grant
14,"مشرف صيانة",83,Clients/units_of_measure.php,"وحدات القياس",0,0,0,0,0,0,0,0,0,0,0,0,0,0,0,0,,no_grant
14,"مشرف صيانة",84,Clients/contract_amendments.php,"ملاحق العقود وتجديداتها",0,0,0,0,0,0,0,0,0,0,0,0,0,0,0,0,,no_grant
14,"مشرف صيانة",85,Clients/contract_events.php,"سجل حركة العقد",0,0,0,0,0,0,0,0,0,0,0,0,0,0,0,0,,no_grant
14,"مشرف صيانة",86,Finance/events_list_fin.php,"المعاملات المالية",1,1,1,0,0,0,0,0,0,0,0,0,1,1,0,0,company,derived_from_4flags
14,"مشرف صيانة",87,Finance/accounts_fin.php,"دليل الحسابات",0,0,0,0,0,0,0,0,0,0,0,0,0,0,0,0,,no_grant
14,"مشرف صيانة",88,Finance/journal_form_fin.php,"القيود اليومية",0,0,0,0,0,0,0,0,0,0,0,0,0,0,0,0,,no_grant
14,"مشرف صيانة",89,Finance/budget_form_fin.php,"الميزانية والانحراف",1,1,1,0,0,0,0,0,0,0,0,0,1,1,0,0,company,derived_from_4flags
14,"مشرف صيانة",90,Finance/dues_fin.php,"الذمم والتحصيل",0,0,0,0,0,0,0,0,0,0,0,0,0,0,0,0,,no_grant
14,"مشرف صيانة",91,Finance/payments_fin.php,"المدفوعات والخزينة",0,0,0,0,0,0,0,0,0,0,0,0,0,0,0,0,,no_grant
14,"مشرف صيانة",92,Finance/cost_report_fin.php,"التكاليف والربحية",1,1,1,0,0,0,0,0,0,0,0,0,1,1,0,0,company,derived_from_4flags
14,"مشرف صيانة",93,Finance/periods_fin.php,"إقفال الفترات",0,0,0,0,0,0,0,0,0,0,0,0,0,0,0,0,,no_grant
14,"مشرف صيانة",94,Finance/funding_fin.php,"التمويل والالتزامات",0,0,0,0,0,0,0,0,0,0,0,0,0,0,0,0,,no_grant
14,"مشرف صيانة",95,Finance/cash_forecast_fin.php,"السيولة والتنبؤ النقدي",0,0,0,0,0,0,0,0,0,0,0,0,0,0,0,0,,no_grant
14,"مشرف صيانة",96,Finance/management_accounting_fin.php,"المحاسبة الإدارية",0,0,0,0,0,0,0,0,0,0,0,0,0,0,0,0,,no_grant
14,"مشرف صيانة",97,Finance/accountants_fin.php,"المحاسبون والوحدات",0,0,0,0,0,0,0,0,0,0,0,0,0,0,0,0,,no_grant
14,"مشرف صيانة",98,Finance/import_events_fin.php,"استقبال معاملات الإدارات",0,0,0,0,0,0,0,0,0,0,0,0,0,0,0,0,,no_grant
14,"مشرف صيانة",99,Finance/executive_dashboard_fin.php,"اللوحة التنفيذية",0,0,0,0,0,0,0,0,0,0,0,0,0,0,0,0,,no_grant
14,"مشرف صيانة",100,Finance/financial_statements_fin.php,"القوائم المالية",0,0,0,0,0,0,0,0,0,0,0,0,0,0,0,0,,no_grant
14,"مشرف صيانة",101,Finance/assets_fin.php,"الأصول والإهلاك",0,0,0,0,0,0,0,0,0,0,0,0,0,0,0,0,,no_grant
14,"مشرف صيانة",102,Finance/tax_fin.php,"الضرائب والقيمة المضافة",0,0,0,0,0,0,0,0,0,0,0,0,0,0,0,0,,no_grant
14,"مشرف صيانة",103,Finance/bank_reconciliation_fin.php,"المطابقة البنكية",0,0,0,0,0,0,0,0,0,0,0,0,0,0,0,0,,no_grant
14,"مشرف صيانة",104,Finance/cfo_daily_board_fin.php,"لوحة المدير المالي",0,0,0,0,0,0,0,0,0,0,0,0,0,0,0,0,,no_grant
14,"مشرف صيانة",105,Finance/unit_records_fin.php,"وحدات الأطراف",0,0,0,0,0,0,0,0,0,0,0,0,0,0,0,0,,no_grant
14,"مشرف صيانة",106,Finance/supplier_statement_fin.php,"كشف حساب المورد",0,0,0,0,0,0,0,0,0,0,0,0,0,0,0,0,,no_grant
14,"مشرف صيانة",107,main/project_users.php,المعاونين,0,0,0,0,0,0,0,0,0,0,0,0,0,0,0,0,,no_grant
14,"مشرف صيانة",108,Transport/transfer_types_config.php,"إعدادات الترحيل",0,0,0,0,0,0,0,0,0,0,0,0,0,0,0,0,,no_grant
14,"مشرف صيانة",109,Transport/transfer_cost_rules_config.php,"قواعد تحميل تكلفة الترحيل",0,0,0,0,0,0,0,0,0,0,0,0,0,0,0,0,,no_grant
14,"مشرف صيانة",110,Transport/trs_locations_config.php,المواقع,0,0,0,0,0,0,0,0,0,0,0,0,0,0,0,0,,no_grant
14,"مشرف صيانة",111,Transport/transfer_requests.php,"موافقات الترحيل",0,0,0,0,0,0,0,0,0,0,0,0,0,0,0,0,,no_grant
14,"مشرف صيانة",112,Transport/transfer_orders_list.php,"أوامر الترحيل",0,0,0,0,0,0,0,0,0,0,0,0,0,0,0,0,,no_grant
14,"مشرف صيانة",113,Transport/transfer_dashboard.php,"لوحة الرحلات",0,0,0,0,0,0,0,0,0,0,0,0,0,0,0,0,,no_grant
14,"مشرف صيانة",114,FinRequests/request_form.php,"طلب مالي جديد",1,1,1,1,1,1,1,0,0,0,0,0,1,1,0,0,company,derived_from_4flags
14,"مشرف صيانة",115,FinRequests/my_requests.php,"طلباتي المالية",1,1,1,0,0,0,0,0,0,0,0,0,1,1,0,0,company,derived_from_4flags
14,"مشرف صيانة",116,FinRequests/dept_inbox.php,"موافقات إدارتي",1,1,1,0,1,0,1,0,0,0,0,0,1,1,0,0,company,derived_from_4flags
14,"مشرف صيانة",117,FinRequests/accountant_desk.php,"مكتب المحاسب",0,0,0,0,0,0,0,0,0,0,0,0,0,0,0,0,,no_grant
14,"مشرف صيانة",118,FinRequests/finance_gateway.php,"الطلبات المالية",0,0,0,0,0,0,0,0,0,0,0,0,0,0,0,0,,no_grant
14,"مشرف صيانة",119,FinRequests/effect_map.php,"سجل الحركة المالية",0,0,0,0,0,0,0,0,0,0,0,0,0,0,0,0,,no_grant
14,"مشرف صيانة",120,FinRequests/routing_admin.php,"قواعد توجيه الطلبات",0,0,0,0,0,0,0,0,0,0,0,0,0,0,0,0,,no_grant
14,"مشرف صيانة",121,FinRequests/cycle_time_board.php,"زمن دورة الطلبات",0,0,0,0,0,0,0,0,0,0,0,0,0,0,0,0,,no_grant
14,"مشرف صيانة",122,FinRequests/requests_reports.php,"تقارير الطلبات المالية",0,0,0,0,0,0,0,0,0,0,0,0,0,0,0,0,,no_grant
14,"مشرف صيانة",123,Settings/role_permissions.php,"صلاحيات الأدوار",0,0,0,0,0,0,0,0,0,0,0,0,0,0,0,0,,no_grant
14,"مشرف صيانة",124,Settings/roles.php,الأدوار,0,0,0,0,0,0,0,0,0,0,0,0,0,0,0,0,,no_grant
14,"مشرف صيانة",125,Finance/variance_monitor_fin.php,"متابعة الانحراف",0,0,0,0,0,0,0,0,0,0,0,0,0,0,0,0,,no_grant
14,"مشرف صيانة",126,Finance/maintenance_provision_fin.php,"قواعد مخصص الصيانة",0,0,0,0,0,0,0,0,0,0,0,0,0,0,0,0,,no_grant
14,"مشرف صيانة",127,Clients/contract_commitments.php,"التزامات العقود",0,0,0,0,0,0,0,0,0,0,0,0,0,0,0,0,,no_grant
14,"مشرف صيانة",128,Finance/operator_pay_fin.php,"قواعد مستحقات المشغّلين",0,0,0,0,0,0,0,0,0,0,0,0,0,0,0,0,,no_grant
14,"مشرف صيانة",129,Clients/readiness_lines.php,"جاهزية العروض",0,0,0,0,0,0,0,0,0,0,0,0,0,0,0,0,,no_grant
14,"مشرف صيانة",130,Tickets/ticket_types_config.php,"إعداد أنواع البلاغات",0,0,0,0,0,0,0,0,0,0,0,0,0,0,0,0,,no_grant
14,"مشرف صيانة",131,Tickets/ticket_categories_config.php,"تصنيفات الأعطال والبلاغات",0,0,0,0,0,0,0,0,0,0,0,0,0,0,0,0,,no_grant
14,"مشرف صيانة",132,Tickets/tickets_list.php,البلاغات,0,0,0,0,0,0,0,0,0,0,0,0,0,0,0,0,,no_grant
14,"مشرف صيانة",133,Tickets/ticket_form.php,"تسجيل بلاغ",0,0,0,0,0,0,0,0,0,0,0,0,0,0,0,0,,no_grant
14,"مشرف صيانة",134,Tickets/ticket_sla_config.php,"أزمنة الاستجابة والإنجاز",0,0,0,0,0,0,0,0,0,0,0,0,0,0,0,0,,no_grant
14,"مشرف صيانة",135,Tickets/ticket_escalation_config.php,"سلّم التصعيد",0,0,0,0,0,0,0,0,0,0,0,0,0,0,0,0,,no_grant
14,"مشرف صيانة",136,Tickets/ticket_recurrence.php,"البلاغات الدورية",0,0,0,0,0,0,0,0,0,0,0,0,0,0,0,0,,no_grant
14,"مشرف صيانة",137,Tickets/ticket_dashboard.php,"أداء البلاغات",0,0,0,0,0,0,0,0,0,0,0,0,0,0,0,0,,no_grant
14,"مشرف صيانة",138,Maintenance/dashboard_mnt.php,"لوحة إدارة الصيانة",1,1,1,0,0,0,0,0,0,0,0,0,1,1,0,0,company,derived_from_4flags
14,"مشرف صيانة",139,main/role_board.php,"لوحة الدور",0,0,0,0,0,0,0,0,0,0,0,0,0,0,0,0,,no_grant
14,"مشرف صيانة",140,Finance/operator_pay_policies_fin.php,"سياسات مستحقات المشغّلين",0,0,0,0,0,0,0,0,0,0,0,0,0,0,0,0,,no_grant
14,"مشرف صيانة",141,Equipments/equipment_documents.php,"وثائق المعدات والمشغّلين",0,0,0,0,0,0,0,0,0,0,0,0,0,0,0,0,,no_grant
14,"مشرف صيانة",142,Contracts/claims.php,المستخلصات,0,0,0,0,0,0,0,0,0,0,0,0,0,0,0,0,,no_grant
14,"مشرف صيانة",143,Finance/currencies_fin.php,"العملات وأسعار الصرف",0,0,0,0,0,0,0,0,0,0,0,0,0,0,0,0,,no_grant
14,"مشرف صيانة",144,Suppliers/settlements.php,"تسويات الموردين",0,0,0,0,0,0,0,0,0,0,0,0,0,0,0,0,,no_grant
14,"مشرف صيانة",145,Contracts/contract_obligations.php,"مصفوفة التزامات العقد",0,0,0,0,0,0,0,0,0,0,0,0,0,0,0,0,,no_grant
14,"مشرف صيانة",146,Approvals/attribution_board.php,"لوحة الإسناد اليومي",0,0,0,0,0,0,0,0,0,0,0,0,0,0,0,0,,no_grant
14,"مشرف صيانة",147,Contracts/penalties.php,"احتساب الجزاءات والحوافز",0,0,0,0,0,0,0,0,0,0,0,0,0,0,0,0,,no_grant
14,"مشرف صيانة",148,Workforce/employee_settlements.php,"تسويات الموظفين",0,0,0,0,0,0,0,0,0,0,0,0,0,0,0,0,,no_grant
14,"مشرف صيانة",149,Operations/containers.php,"حاويات العقود",0,0,0,0,0,0,0,0,0,0,0,0,0,0,0,0,,no_grant
14,"مشرف صيانة",150,Projects/sites.php,"مواقع التنفيذ",0,0,0,0,0,0,0,0,0,0,0,0,0,0,0,0,,no_grant
14,"مشرف صيانة",151,Workforce/contract_registry.php,"سجل العقود الموحّد",0,0,0,0,0,0,0,0,0,0,0,0,0,0,0,0,,no_grant
14,"مشرف صيانة",152,Operations/daily_plan.php,"خطة عمل الغد",0,0,0,0,0,0,0,0,0,0,0,0,0,0,0,0,,no_grant
14,"مشرف صيانة",153,Suppliers/supplier_contract_lines.php,"بنود عقد المورد",0,0,0,0,0,0,0,0,0,0,0,0,0,0,0,0,,no_grant
14,"مشرف صيانة",154,Contracts/price_terms.php,"شروط تعديل السعر",0,0,0,0,0,0,0,0,0,0,0,0,0,0,0,0,,no_grant
14,"مشرف صيانة",155,Equipments/meter_readings.php,"قراءات العدّادات",0,0,0,0,0,0,0,0,0,0,0,0,0,0,0,0,,no_grant
14,"مشرف صيانة",156,Workforce/payroll_runs.php,"مسيّر الرواتب",0,0,0,0,0,0,0,0,0,0,0,0,0,0,0,0,,no_grant
14,"مشرف صيانة",157,Workforce/employee_advances.php,"سلفيات الموظفين",0,0,0,0,0,0,0,0,0,0,0,0,0,0,0,0,,no_grant
14,"مشرف صيانة",158,Suppliers/supplier_advances.php,"سلفيات الموردين",0,0,0,0,0,0,0,0,0,0,0,0,0,0,0,0,,no_grant
14,"مشرف صيانة",159,Suppliers/supplier_rules.php,"قواعد تحميل المورد وجزاءاته",0,0,0,0,0,0,0,0,0,0,0,0,0,0,0,0,,no_grant
14,"مشرف صيانة",160,Suppliers/supplier_capacity.php,"الطاقة والجاهزية ومهلة الإحلال",0,0,0,0,0,0,0,0,0,0,0,0,0,0,0,0,,no_grant
14,"مشرف صيانة",161,Suppliers/supplier_evaluation.php,"تقييم المورد الدوري",0,0,0,0,0,0,0,0,0,0,0,0,0,0,0,0,,no_grant
14,"مشرف صيانة",162,Suppliers/supplier_closure.php,"تصفية إنهاء عقد المورد",0,0,0,0,0,0,0,0,0,0,0,0,0,0,0,0,,no_grant
14,"مشرف صيانة",163,Suppliers/supplier_documents.php,"وثائق المورد وحسابه البنكي",0,0,0,0,0,0,0,0,0,0,0,0,0,0,0,0,,no_grant
14,"مشرف صيانة",164,Contracts/tax_invoices.php,"الفاتورة الضريبية",0,0,0,0,0,0,0,0,0,0,0,0,0,0,0,0,,no_grant
14,"مشرف صيانة",165,Contracts/client_statement.php,"كشف حساب العميل",0,0,0,0,0,0,0,0,0,0,0,0,0,0,0,0,,no_grant
14,"مشرف صيانة",166,Contracts/collections.php,"الذمم والتحصيل",0,0,0,0,0,0,0,0,0,0,0,0,0,0,0,0,,no_grant
14,"مشرف صيانة",167,Workforce/final_settlement.php,"تصفية إنهاء خدمة الموظف",0,0,0,0,0,0,0,0,0,0,0,0,0,0,0,0,,no_grant
14,"مشرف صيانة",168,Transport/transfer_tariffs.php,"تعرفة الترحيل وتسعير الأوامر",0,0,0,0,0,0,0,0,0,0,0,0,0,0,0,0,,no_grant
14,"مشرف صيانة",169,Finance/periodic_events_fin.php,"الدوريات المالية",0,0,0,0,0,0,0,0,0,0,0,0,0,0,0,0,,no_grant
14,"مشرف صيانة",171,Suppliers/rfq_requests.php,"طلبات عروض الموردين",0,0,0,0,0,0,0,0,0,0,0,0,0,0,0,0,,no_grant
14,"مشرف صيانة",172,Contracts/contract_sites.php,"نطاقات العقد التشغيلية",0,0,0,0,0,0,0,0,0,0,0,0,0,0,0,0,,no_grant
14,"مشرف صيانة",173,Contracts/contract_lines.php,"بنود عقد العميل وقيمته",0,0,0,0,0,0,0,0,0,0,0,0,0,0,0,0,,no_grant
14,"مشرف صيانة",174,Contracts/contract_monthly_plan.php,"الجدول الشهري للعقد",0,0,0,0,0,0,0,0,0,0,0,0,0,0,0,0,,no_grant
14,"مشرف صيانة",175,Contracts/contract_resource_plan.php,"خطة موارد العقد",0,0,0,0,0,0,0,0,0,0,0,0,0,0,0,0,,no_grant
14,"مشرف صيانة",176,Contracts/contract_payment_schedule.php,"خطة دفع العقد",0,0,0,0,0,0,0,0,0,0,0,0,0,0,0,0,,no_grant
14,"مشرف صيانة",177,Contracts/contract_guarantees.php,"ضمانات العقد",0,0,0,0,0,0,0,0,0,0,0,0,0,0,0,0,,no_grant
14,"مشرف صيانة",178,Contracts/plan_actual_link.php,"ربط الخطة بالفعلي",0,0,0,0,0,0,0,0,0,0,0,0,0,0,0,0,,no_grant
14,"مشرف صيانة",179,Contracts/contract_baseline.php,"خط أساس العقد",0,0,0,0,0,0,0,0,0,0,0,0,0,0,0,0,,no_grant
14,"مشرف صيانة",180,Contracts/contract_lifecycle.php,"اقتصاد دورة حياة العقد",0,0,0,0,0,0,0,0,0,0,0,0,0,0,0,0,,no_grant
14,"مشرف صيانة",181,Contracts/commercial_board.php,"اللوحة التجارية للعقود",0,0,0,0,0,0,0,0,0,0,0,0,0,0,0,0,,no_grant
14,"مشرف صيانة",182,user_capacities.php,"صفاتي ومبدّل المساحة",1,1,1,0,0,0,0,0,0,0,0,0,1,1,0,0,company,derived_from_4flags
14,"مشرف صيانة",183,Portal/visibility_keys.php,"مفاتيح الظهور",0,0,0,0,0,0,0,0,0,0,0,0,0,0,0,0,,no_grant
14,"مشرف صيانة",184,Portal/portal_elements.php,"مكوّنات البوابة",0,0,0,0,0,0,0,0,0,0,0,0,0,0,0,0,,no_grant
14,"مشرف صيانة",185,Portal/visibility_simulator.php,"من يرى ماذا (محاكاة)",0,0,0,0,0,0,0,0,0,0,0,0,0,0,0,0,,no_grant
14,"مشرف صيانة",186,Portal/visibility_audit.php,"سجل تدقيق الظهور",0,0,0,0,0,0,0,0,0,0,0,0,0,0,0,0,,no_grant
14,"مشرف صيانة",187,Portal/my_portal.php,بوابتي,1,1,1,0,0,0,0,0,0,0,0,0,1,1,0,0,company,derived_from_4flags
14,"مشرف صيانة",188,Portal/my_achievement.php,إنجازي,1,1,1,0,0,0,0,0,0,0,0,0,1,1,0,0,company,derived_from_4flags
14,"مشرف صيانة",189,Portal/my_evaluation.php,"التقييم الثنائي",1,1,1,1,0,1,0,0,0,0,0,0,1,1,0,0,company,derived_from_4flags
14,"مشرف صيانة",190,Portal/my_certificate.php,"شهادة الإنجاز",1,1,1,0,0,0,0,0,0,0,0,0,1,1,0,0,company,derived_from_4flags
14,"مشرف صيانة",191,Portal/workspace.php,"مساحة العمل",1,1,1,0,0,0,0,0,0,0,0,0,1,1,0,0,company,derived_from_4flags
14,"مشرف صيانة",192,Finance/approvals_inbox.php,"صندوق الاعتمادات الموحد",0,0,0,0,0,0,0,0,0,0,0,0,0,0,0,0,,no_grant
14,"مشرف صيانة",193,Operations/operations_room.php,"غرفة عمليات التشغيل",0,0,0,0,0,0,0,0,0,0,0,0,0,0,0,0,,no_grant
14,"مشرف صيانة",194,Operations/distribution_space.php,"مساحة التوزيع",0,0,0,0,0,0,0,0,0,0,0,0,0,0,0,0,,no_grant
14,"مشرف صيانة",195,Reports/daily_units_report.php,"سجل الوحدات اليومية",0,0,0,0,0,0,0,0,0,0,0,0,0,0,0,0,,no_grant
14,"مشرف صيانة",196,Fleet/readiness_board.php,"لوحة الجاهزية",0,0,0,0,0,0,0,0,0,0,0,0,0,0,0,0,,no_grant
14,"مشرف صيانة",197,Maintenance/failure_report.php,"تقرير الأعطال (التصنيف الموحد)",0,0,0,0,0,0,0,0,0,0,0,0,0,0,0,0,,no_grant
14,"مشرف صيانة",198,Procurement/supplier_card_proc.php,"بطاقة مورد المشتريات",0,0,0,0,0,0,0,0,0,0,0,0,0,0,0,0,,no_grant
14,"مشرف صيانة",199,Procurement/warehouse_board.php,"لوحة أمين المستودع",0,0,0,0,0,0,0,0,0,0,0,0,0,0,0,0,,no_grant
14,"مشرف صيانة",200,Contracts/contract_card.php,"بطاقة العقد الأم",0,0,0,0,0,0,0,0,0,0,0,0,0,0,0,0,,no_grant
14,"مشرف صيانة",201,Employees/employee_card.php,"بطاقة الموظف",0,0,0,0,0,0,0,0,0,0,0,0,0,0,0,0,,no_grant
14,"مشرف صيانة",202,Reports/margin_report.php,"هامش الواقعة والعقد",0,0,0,0,0,0,0,0,0,0,0,0,0,0,0,0,,no_grant
14,"مشرف صيانة",203,Reports/exceptions_report.php,"تقرير الاستثناءات",0,0,0,0,0,0,0,0,0,0,0,0,0,0,0,0,,no_grant
14,"مشرف صيانة",204,Reports/guard_denials_report.php,"تقرير المنع",0,0,0,0,0,0,0,0,0,0,0,0,0,0,0,0,,no_grant
14,"مشرف صيانة",205,Settings/guard_classification.php,"تصنيف الحمايات",0,0,0,0,0,0,0,0,0,0,0,0,0,0,0,0,,no_grant
14,"مشرف صيانة",206,Governance/entities_registry.php,"سجل الكيانات",0,0,0,0,0,0,0,0,0,0,0,0,0,0,0,0,,no_grant
14,"مشرف صيانة",207,Governance/signing_authority.php,"التفويض بالتوقيع",0,0,0,0,0,0,0,0,0,0,0,0,0,0,0,0,,no_grant
14,"مشرف صيانة",208,Governance/licenses_guarantees.php,"التراخيص والكفالات",0,0,0,0,0,0,0,0,0,0,0,0,0,0,0,0,,no_grant
14,"مشرف صيانة",209,Governance/activation_patterns.php,"أنماط التفعيل",0,0,0,0,0,0,0,0,0,0,0,0,0,0,0,0,,no_grant
14,"مشرف صيانة",210,Financing/financiers_registry.php,"سجل الممولين",0,0,0,0,0,0,0,0,0,0,0,0,0,0,0,0,,no_grant
14,"مشرف صيانة",211,Financing/financing_operation_new.php,"إنشاء عملية تمويل",0,0,0,0,0,0,0,0,0,0,0,0,0,0,0,0,,no_grant
14,"مشرف صيانة",212,Reports/approval_lag_report.php,"الاعتمادات المتأخرة والوثائق",0,0,0,0,0,0,0,0,0,0,0,0,0,0,0,0,,no_grant
14,"مشرف صيانة",213,Governance/ownership_grants.php,"منح المجال المقيَّد",0,0,0,0,0,0,0,0,0,0,0,0,0,0,0,0,,no_grant
14,"مشرف صيانة",214,Financing/financing_board.php,"لوحة إدارة التمويل",0,0,0,0,0,0,0,0,0,0,0,0,0,0,0,0,,no_grant
14,"مشرف صيانة",215,admin/ops_manager_board.php,"لوحة مدير التشغيل",0,0,0,0,0,0,0,0,0,0,0,0,0,0,0,0,,no_grant
14,"مشرف صيانة",216,admin/org_assignments.php,"التكليفات التنظيمية",0,0,0,0,0,0,0,0,0,0,0,0,0,0,0,0,,no_grant
14,"مشرف صيانة",217,admin/org_structure.php,"الهيكل التنظيمي",0,0,0,0,0,0,0,0,0,0,0,0,0,0,0,0,,no_grant
14,"مشرف صيانة",218,admin/org_permits.php,"أذونات المواقع",0,0,0,0,0,0,0,0,0,0,0,0,0,0,0,0,,no_grant
14,"مشرف صيانة",222,admin/sec_governance.php,"مركز حوكمة الصلاحيات",0,0,0,0,0,0,0,0,0,0,0,0,0,0,0,0,,no_grant
14,"مشرف صيانة",223,admin/sec_employee_wizard.php,"معالج إعداد الموظف",0,0,0,0,0,0,0,0,0,0,0,0,0,0,0,0,,no_grant
14,"مشرف صيانة",225,Tickets/ticket_workstreams_board.php,"لوحة مسارات البلاغات",0,0,0,0,0,0,0,0,0,0,0,0,0,0,0,0,,no_grant
14,"مشرف صيانة",226,Tickets/watchtower.php,"برج المراقبة",0,0,0,0,0,0,0,0,0,0,0,0,0,0,0,0,,no_grant
14,"مشرف صيانة",227,Tickets/ticket_contextual_open.php,"بلاغ سياقي جديد",1,1,1,1,0,1,0,0,0,0,0,0,1,1,0,0,company,derived_from_4flags
14,"مشرف صيانة",228,main/my_workspace.php,"مساحة عملي",1,1,1,0,0,0,0,0,0,0,0,0,1,1,0,0,company,derived_from_4flags
15,"إدارة الصلاحيات",1,Clients/clients.php,العملاء,0,0,0,0,0,0,0,0,0,0,0,0,0,0,0,0,,no_grant
15,"إدارة الصلاحيات",2,Projects/projects.php,المشاريع,0,0,0,0,0,0,0,0,0,0,0,0,0,0,0,0,,no_grant
15,"إدارة الصلاحيات",3,main/users.php,الصلاحيات,1,1,1,1,1,1,1,0,0,0,0,1,1,1,0,0,company,derived_from_4flags
15,"إدارة الصلاحيات",4,Reports/reports.php,"مركز التقارير",0,0,0,0,0,0,0,0,0,0,0,0,0,0,0,0,,no_grant
15,"إدارة الصلاحيات",5,Equipments/equipments_types.php,"أنواع المعدات",0,0,0,0,0,0,0,0,0,0,0,0,0,0,0,0,,no_grant
15,"إدارة الصلاحيات",6,Reports/reports.php,"مركز التقارير",0,0,0,0,0,0,0,0,0,0,0,0,0,0,0,0,,no_grant
15,"إدارة الصلاحيات",7,Employees/employees.php,الموظفون,0,0,0,0,0,0,0,0,0,0,0,0,0,0,0,0,,no_grant
15,"إدارة الصلاحيات",8,Equipments/equipments_fleet.php,المعدات,0,0,0,0,0,0,0,0,0,0,0,0,0,0,0,0,,no_grant
15,"إدارة الصلاحيات",9,Oprators/oprators.php,"شاشة التشغيل",0,0,0,0,0,0,0,0,0,0,0,0,0,0,0,0,,no_grant
15,"إدارة الصلاحيات",10,Timesheet/timesheet_type.php,"تسجيل الوحدات",0,0,0,0,0,0,0,0,0,0,0,0,0,0,0,0,,no_grant
15,"إدارة الصلاحيات",11,Settings/settings.php,الإعدادات,0,0,0,0,0,0,0,0,0,0,0,0,0,0,0,0,,no_grant
15,"إدارة الصلاحيات",12,ActivityLogs/activity_logs.php,"سجل النشاط",0,0,0,0,0,0,0,0,0,0,0,0,0,0,0,0,,no_grant
15,"إدارة الصلاحيات",14,main/project_users.php,"مشرفو الموردين",1,1,1,1,1,1,1,0,0,0,0,0,1,1,0,0,company,derived_from_4flags
15,"إدارة الصلاحيات",15,main/project_users.php,المشرفين,1,1,1,1,1,1,1,0,0,0,0,0,1,1,0,0,company,derived_from_4flags
15,"إدارة الصلاحيات",16,main/project_users.php,المشرفين,1,1,1,1,1,1,1,0,0,0,0,0,1,1,0,0,company,derived_from_4flags
15,"إدارة الصلاحيات",17,main/project_users.php,"إدارة المعاونين",1,1,1,1,1,1,1,0,0,0,0,0,1,1,0,0,company,derived_from_4flags
15,"إدارة الصلاحيات",18,main/project_users.php,المشرفين,1,1,1,1,1,1,1,0,0,0,0,0,1,1,0,0,company,derived_from_4flags
15,"إدارة الصلاحيات",20,Contracts/contracts.php,العقود,0,0,0,0,0,0,0,0,0,0,0,0,0,0,0,0,,no_grant
15,"إدارة الصلاحيات",21,Contracts/contracts_details.php,"ملف عقد المشروع",0,0,0,0,0,0,0,0,0,0,0,0,0,0,0,0,,no_grant
15,"إدارة الصلاحيات",22,Suppliers/suppliers.php,الموردون,0,0,0,0,0,0,0,0,0,0,0,0,0,0,0,0,,no_grant
15,"إدارة الصلاحيات",23,Oprators/select_project.php,التشغيل,0,0,0,0,0,0,0,0,0,0,0,0,0,0,0,0,,no_grant
15,"إدارة الصلاحيات",24,Settings/settings.php,الإعدادات,0,0,0,0,0,0,0,0,0,0,0,0,0,0,0,0,,no_grant
15,"إدارة الصلاحيات",25,Suppliers/supplierscontracts.php,"عقود الموردين",0,0,0,0,0,0,0,0,0,0,0,0,0,0,0,0,,no_grant
15,"إدارة الصلاحيات",26,Suppliers/supplierscontracts_details.php,"ملف عقد المورد",0,0,0,0,0,0,0,0,0,0,0,0,0,0,0,0,,no_grant
15,"إدارة الصلاحيات",27,Equipments/equipments_drivers.php,المعدات,0,0,0,0,0,0,0,0,0,0,0,0,0,0,0,0,,no_grant
15,"إدارة الصلاحيات",28,Reports/reports.php,"مركز التقارير",0,0,0,0,0,0,0,0,0,0,0,0,0,0,0,0,,no_grant
15,"إدارة الصلاحيات",29,movement/project_drivers.php,"توزيع المشغّلين",0,0,0,0,0,0,0,0,0,0,0,0,0,0,0,0,,no_grant
15,"إدارة الصلاحيات",30,movement/movement_operations.php,الورديات,0,0,0,0,0,0,0,0,0,0,0,0,0,0,0,0,,no_grant
15,"إدارة الصلاحيات",31,Reports/reports.php,"مركز التقارير",0,0,0,0,0,0,0,0,0,0,0,0,0,0,0,0,,no_grant
15,"إدارة الصلاحيات",32,Reports/reports.php,"مركز التقارير",0,0,0,0,0,0,0,0,0,0,0,0,0,0,0,0,,no_grant
15,"إدارة الصلاحيات",34,movement/map_page.php,"متابعة المشروع",0,0,0,0,0,0,0,0,0,0,0,0,0,0,0,0,,no_grant
15,"إدارة الصلاحيات",35,Clients/clients.php,العملاء,0,0,0,0,0,0,0,0,0,0,0,0,0,0,0,0,,no_grant
15,"إدارة الصلاحيات",36,Projects/projects.php,المشاريع,0,0,0,0,0,0,0,0,0,0,0,0,0,0,0,0,,no_grant
15,"إدارة الصلاحيات",37,Contracts/contracts.php,العقود,0,0,0,0,0,0,0,0,0,0,0,0,0,0,0,0,,no_grant
15,"إدارة الصلاحيات",38,Equipments/manage_failure_codes.php,"تصنيفات الأعطال",0,0,0,0,0,0,0,0,0,0,0,0,0,0,0,0,,no_grant
15,"إدارة الصلاحيات",40,Equipments/fleet_models.php,"الأنواع والموديلات",0,0,0,0,0,0,0,0,0,0,0,0,0,0,0,0,,no_grant
15,"إدارة الصلاحيات",41,Equipments/fleet_depreciation_profiles.php,"إعداد الإهلاك",0,0,0,0,0,0,0,0,0,0,0,0,0,0,0,0,,no_grant
15,"إدارة الصلاحيات",42,Maintenance/breakdowns.php,"البلاغات (غير مفعّلة)",0,0,0,0,0,0,0,0,0,0,0,0,0,0,0,0,,no_grant
15,"إدارة الصلاحيات",43,Maintenance/orders.php,"أوامر الصيانة",0,0,0,0,0,0,0,0,0,0,0,0,0,0,0,0,,no_grant
15,"إدارة الصلاحيات",44,Maintenance/inspections.php,"الفحص الفني اليومي",0,0,0,0,0,0,0,0,0,0,0,0,0,0,0,0,,no_grant
15,"إدارة الصلاحيات",45,Maintenance/preventive_plans.php,"الصيانة الوقائية",0,0,0,0,0,0,0,0,0,0,0,0,0,0,0,0,,no_grant
15,"إدارة الصلاحيات",46,Maintenance/master_data.php,"إعدادات الصيانة",0,0,0,0,0,0,0,0,0,0,0,0,0,0,0,0,,no_grant
15,"إدارة الصلاحيات",47,Workforce/worker_register.php,"السجل التشغيلي للعامل",0,0,0,0,0,0,0,0,0,0,0,0,0,0,0,0,,no_grant
15,"إدارة الصلاحيات",48,Workforce/worker_contract.php,"عقود العاملين",0,0,0,0,0,0,0,0,0,0,0,0,0,0,0,0,,no_grant
15,"إدارة الصلاحيات",50,Workforce/worker_leave_absence.php,"الإجازات والغياب",0,0,0,0,0,0,0,0,0,0,0,0,0,0,0,0,,no_grant
15,"إدارة الصلاحيات",51,Workforce/worker_movement.php,"تنقلات العاملين",0,0,0,0,0,0,0,0,0,0,0,0,0,0,0,0,,no_grant
15,"إدارة الصلاحيات",52,Workforce/housing_units.php,"السكن والإعاشة",0,0,0,0,0,0,0,0,0,0,0,0,0,0,0,0,,no_grant
15,"إدارة الصلاحيات",53,Workforce/worker_evaluation.php,"تقييم الأداء",0,0,0,0,0,0,0,0,0,0,0,0,0,0,0,0,,no_grant
15,"إدارة الصلاحيات",54,Workforce/worker_settlement.php,"تسويات العاملين",0,0,0,0,0,0,0,0,0,0,0,0,0,0,0,0,,no_grant
15,"إدارة الصلاحيات",55,Workforce/workforce_requirement.php,"احتياج القوى والتخطيط",0,0,0,0,0,0,0,0,0,0,0,0,0,0,0,0,,no_grant
15,"إدارة الصلاحيات",56,Workforce/worker_worklog.php,"سجل الأحداث التشغيلية",0,0,0,0,0,0,0,0,0,0,0,0,0,0,0,0,,no_grant
15,"إدارة الصلاحيات",57,Employees/job_titles.php,"المسميات الوظيفية",0,0,0,0,0,0,0,0,0,0,0,0,0,0,0,0,,no_grant
15,"إدارة الصلاحيات",58,Employees/employee_roles.php,"الأدوار الوظيفية",0,0,0,0,0,0,0,0,0,0,0,0,0,0,0,0,,no_grant
15,"إدارة الصلاحيات",59,Employees/equipment_operators.php,"المشغّلون والسائقون",0,0,0,0,0,0,0,0,0,0,0,0,0,0,0,0,,no_grant
15,"إدارة الصلاحيات",60,main/users.php,"إدارة المستخدمين",1,1,1,1,1,1,1,0,0,0,0,1,1,1,0,0,company,derived_from_4flags
15,"إدارة الصلاحيات",61,main/all_assistants.php,المعاونون,1,1,1,1,1,1,1,0,0,0,0,1,1,1,0,0,company,derived_from_4flags
15,"إدارة الصلاحيات",62,Employees/employee_contracts.php,"عقود الموظفين",0,0,0,0,0,0,0,0,0,0,0,0,0,0,0,0,,no_grant
15,"إدارة الصلاحيات",63,Employees/employee_contracts_details.php,"ملف عقد الموظف",0,0,0,0,0,0,0,0,0,0,0,0,0,0,0,0,,no_grant
15,"إدارة الصلاحيات",64,Employees/employee_profile.php,"بطاقة الموظف",0,0,0,0,0,0,0,0,0,0,0,0,0,0,0,0,,no_grant
15,"إدارة الصلاحيات",65,Employees/showcontractemployee.php,"عرض عقد الموظف",0,0,0,0,0,0,0,0,0,0,0,0,0,0,0,0,,no_grant
15,"إدارة الصلاحيات",66,Opportunities/opportunities.php,"الفرص البيعية",0,0,0,0,0,0,0,0,0,0,0,0,0,0,0,0,,no_grant
15,"إدارة الصلاحيات",67,Procurement/dashboard_proc.php,"لوحة المشتريات",0,0,0,0,0,0,0,0,0,0,0,0,0,0,0,0,,no_grant
15,"إدارة الصلاحيات",68,Procurement/items_proc.php,"كتالوج الأصناف",0,0,0,0,0,0,0,0,0,0,0,0,0,0,0,0,,no_grant
15,"إدارة الصلاحيات",69,Procurement/requests_proc.php,"طلبات الشراء",0,0,0,0,0,0,0,0,0,0,0,0,0,0,0,0,,no_grant
15,"إدارة الصلاحيات",70,Procurement/orders_proc.php,"أوامر الشراء",0,0,0,0,0,0,0,0,0,0,0,0,0,0,0,0,,no_grant
15,"إدارة الصلاحيات",71,Procurement/receipt_custody_proc.php,"الاستلام المؤقت",0,0,0,0,0,0,0,0,0,0,0,0,0,0,0,0,,no_grant
15,"إدارة الصلاحيات",72,Procurement/stock_proc.php,المخزون,0,0,0,0,0,0,0,0,0,0,0,0,0,0,0,0,,no_grant
15,"إدارة الصلاحيات",73,Procurement/issue_proc.php,"صرف المخزون والعهدة",0,0,0,0,0,0,0,0,0,0,0,0,0,0,0,0,,no_grant
15,"إدارة الصلاحيات",74,Procurement/reordering_proc.php,"حدود إعادة الطلب",0,0,0,0,0,0,0,0,0,0,0,0,0,0,0,0,,no_grant
15,"إدارة الصلاحيات",75,Procurement/suppliers_proc.php,"موردو المشتريات",0,0,0,0,0,0,0,0,0,0,0,0,0,0,0,0,,no_grant
15,"إدارة الصلاحيات",76,Procurement/master_data_proc.php,"البيانات المرجعية",0,0,0,0,0,0,0,0,0,0,0,0,0,0,0,0,,no_grant
15,"إدارة الصلاحيات",77,Clients/activities.php,"أنشطة العملاء",0,0,0,0,0,0,0,0,0,0,0,0,0,0,0,0,,no_grant
15,"إدارة الصلاحيات",78,Clients/commercial_risks.php,"المخاطر التجارية",0,0,0,0,0,0,0,0,0,0,0,0,0,0,0,0,,no_grant
15,"إدارة الصلاحيات",79,Clients/tenders.php,المناقصات,0,0,0,0,0,0,0,0,0,0,0,0,0,0,0,0,,no_grant
15,"إدارة الصلاحيات",80,Clients/quotations.php,"عروض الأسعار",0,0,0,0,0,0,0,0,0,0,0,0,0,0,0,0,,no_grant
15,"إدارة الصلاحيات",81,Clients/pricelists.php,"قوائم ونماذج التسعير",0,0,0,0,0,0,0,0,0,0,0,0,0,0,0,0,,no_grant
15,"إدارة الصلاحيات",82,Clients/products.php,"كتالوج المنتجات والخدمات",0,0,0,0,0,0,0,0,0,0,0,0,0,0,0,0,,no_grant
15,"إدارة الصلاحيات",83,Clients/units_of_measure.php,"وحدات القياس",0,0,0,0,0,0,0,0,0,0,0,0,0,0,0,0,,no_grant
15,"إدارة الصلاحيات",84,Clients/contract_amendments.php,"ملاحق العقود وتجديداتها",0,0,0,0,0,0,0,0,0,0,0,0,0,0,0,0,,no_grant
15,"إدارة الصلاحيات",85,Clients/contract_events.php,"سجل حركة العقد",0,0,0,0,0,0,0,0,0,0,0,0,0,0,0,0,,no_grant
15,"إدارة الصلاحيات",86,Finance/events_list_fin.php,"المعاملات المالية",0,0,0,0,0,0,0,0,0,0,0,0,0,0,0,0,,no_grant
15,"إدارة الصلاحيات",87,Finance/accounts_fin.php,"دليل الحسابات",0,0,0,0,0,0,0,0,0,0,0,0,0,0,0,0,,no_grant
15,"إدارة الصلاحيات",88,Finance/journal_form_fin.php,"القيود اليومية",0,0,0,0,0,0,0,0,0,0,0,0,0,0,0,0,,no_grant
15,"إدارة الصلاحيات",89,Finance/budget_form_fin.php,"الميزانية والانحراف",1,1,1,1,1,1,1,0,0,0,0,0,1,1,0,0,company,derived_from_4flags
15,"إدارة الصلاحيات",90,Finance/dues_fin.php,"الذمم والتحصيل",0,0,0,0,0,0,0,0,0,0,0,0,0,0,0,0,,no_grant
15,"إدارة الصلاحيات",91,Finance/payments_fin.php,"المدفوعات والخزينة",0,0,0,0,0,0,0,0,0,0,0,0,0,0,0,0,,no_grant
15,"إدارة الصلاحيات",92,Finance/cost_report_fin.php,"التكاليف والربحية",0,0,0,0,0,0,0,0,0,0,0,0,0,0,0,0,,no_grant
15,"إدارة الصلاحيات",93,Finance/periods_fin.php,"إقفال الفترات",0,0,0,0,0,0,0,0,0,0,0,0,0,0,0,0,,no_grant
15,"إدارة الصلاحيات",94,Finance/funding_fin.php,"التمويل والالتزامات",0,0,0,0,0,0,0,0,0,0,0,0,0,0,0,0,,no_grant
15,"إدارة الصلاحيات",95,Finance/cash_forecast_fin.php,"السيولة والتنبؤ النقدي",0,0,0,0,0,0,0,0,0,0,0,0,0,0,0,0,,no_grant
15,"إدارة الصلاحيات",96,Finance/management_accounting_fin.php,"المحاسبة الإدارية",0,0,0,0,0,0,0,0,0,0,0,0,0,0,0,0,,no_grant
15,"إدارة الصلاحيات",97,Finance/accountants_fin.php,"المحاسبون والوحدات",0,0,0,0,0,0,0,0,0,0,0,0,0,0,0,0,,no_grant
15,"إدارة الصلاحيات",98,Finance/import_events_fin.php,"استقبال معاملات الإدارات",0,0,0,0,0,0,0,0,0,0,0,0,0,0,0,0,,no_grant
15,"إدارة الصلاحيات",99,Finance/executive_dashboard_fin.php,"اللوحة التنفيذية",0,0,0,0,0,0,0,0,0,0,0,0,0,0,0,0,,no_grant
15,"إدارة الصلاحيات",100,Finance/financial_statements_fin.php,"القوائم المالية",0,0,0,0,0,0,0,0,0,0,0,0,0,0,0,0,,no_grant
15,"إدارة الصلاحيات",101,Finance/assets_fin.php,"الأصول والإهلاك",0,0,0,0,0,0,0,0,0,0,0,0,0,0,0,0,,no_grant
15,"إدارة الصلاحيات",102,Finance/tax_fin.php,"الضرائب والقيمة المضافة",0,0,0,0,0,0,0,0,0,0,0,0,0,0,0,0,,no_grant
15,"إدارة الصلاحيات",103,Finance/bank_reconciliation_fin.php,"المطابقة البنكية",0,0,0,0,0,0,0,0,0,0,0,0,0,0,0,0,,no_grant
15,"إدارة الصلاحيات",104,Finance/cfo_daily_board_fin.php,"لوحة المدير المالي",0,0,0,0,0,0,0,0,0,0,0,0,0,0,0,0,,no_grant
15,"إدارة الصلاحيات",105,Finance/unit_records_fin.php,"وحدات الأطراف",0,0,0,0,0,0,0,0,0,0,0,0,0,0,0,0,,no_grant
15,"إدارة الصلاحيات",106,Finance/supplier_statement_fin.php,"كشف حساب المورد",0,0,0,0,0,0,0,0,0,0,0,0,0,0,0,0,,no_grant
15,"إدارة الصلاحيات",107,main/project_users.php,المعاونين,1,1,1,1,1,1,1,0,0,0,0,0,1,1,0,0,company,derived_from_4flags
15,"إدارة الصلاحيات",108,Transport/transfer_types_config.php,"إعدادات الترحيل",0,0,0,0,0,0,0,0,0,0,0,0,0,0,0,0,,no_grant
15,"إدارة الصلاحيات",109,Transport/transfer_cost_rules_config.php,"قواعد تحميل تكلفة الترحيل",0,0,0,0,0,0,0,0,0,0,0,0,0,0,0,0,,no_grant
15,"إدارة الصلاحيات",110,Transport/trs_locations_config.php,المواقع,0,0,0,0,0,0,0,0,0,0,0,0,0,0,0,0,,no_grant
15,"إدارة الصلاحيات",111,Transport/transfer_requests.php,"موافقات الترحيل",0,0,0,0,0,0,0,0,0,0,0,0,0,0,0,0,,no_grant
15,"إدارة الصلاحيات",112,Transport/transfer_orders_list.php,"أوامر الترحيل",0,0,0,0,0,0,0,0,0,0,0,0,0,0,0,0,,no_grant
15,"إدارة الصلاحيات",113,Transport/transfer_dashboard.php,"لوحة الرحلات",0,0,0,0,0,0,0,0,0,0,0,0,0,0,0,0,,no_grant
15,"إدارة الصلاحيات",114,FinRequests/request_form.php,"طلب مالي جديد",1,1,1,1,1,1,1,0,0,0,0,0,1,1,0,0,company,derived_from_4flags
15,"إدارة الصلاحيات",115,FinRequests/my_requests.php,"طلباتي المالية",1,1,1,0,0,0,0,0,0,0,0,0,1,1,0,0,company,derived_from_4flags
15,"إدارة الصلاحيات",116,FinRequests/dept_inbox.php,"موافقات إدارتي",1,1,1,0,0,0,0,0,0,0,0,0,1,1,0,0,company,derived_from_4flags
15,"إدارة الصلاحيات",117,FinRequests/accountant_desk.php,"مكتب المحاسب",0,0,0,0,0,0,0,0,0,0,0,0,0,0,0,0,,no_grant
15,"إدارة الصلاحيات",118,FinRequests/finance_gateway.php,"الطلبات المالية",0,0,0,0,0,0,0,0,0,0,0,0,0,0,0,0,,no_grant
15,"إدارة الصلاحيات",119,FinRequests/effect_map.php,"سجل الحركة المالية",0,0,0,0,0,0,0,0,0,0,0,0,0,0,0,0,,no_grant
15,"إدارة الصلاحيات",120,FinRequests/routing_admin.php,"قواعد توجيه الطلبات",0,0,0,0,0,0,0,0,0,0,0,0,0,0,0,0,,no_grant
15,"إدارة الصلاحيات",121,FinRequests/cycle_time_board.php,"زمن دورة الطلبات",0,0,0,0,0,0,0,0,0,0,0,0,0,0,0,0,,no_grant
15,"إدارة الصلاحيات",122,FinRequests/requests_reports.php,"تقارير الطلبات المالية",0,0,0,0,0,0,0,0,0,0,0,0,0,0,0,0,,no_grant
15,"إدارة الصلاحيات",123,Settings/role_permissions.php,"صلاحيات الأدوار",1,1,1,1,1,1,1,0,0,0,0,1,1,1,0,0,company,derived_from_4flags
15,"إدارة الصلاحيات",124,Settings/roles.php,الأدوار,1,1,1,1,1,1,1,0,0,0,0,1,1,1,0,0,company,derived_from_4flags
15,"إدارة الصلاحيات",125,Finance/variance_monitor_fin.php,"متابعة الانحراف",0,0,0,0,0,0,0,0,0,0,0,0,0,0,0,0,,no_grant
15,"إدارة الصلاحيات",126,Finance/maintenance_provision_fin.php,"قواعد مخصص الصيانة",0,0,0,0,0,0,0,0,0,0,0,0,0,0,0,0,,no_grant
15,"إدارة الصلاحيات",127,Clients/contract_commitments.php,"التزامات العقود",0,0,0,0,0,0,0,0,0,0,0,0,0,0,0,0,,no_grant
15,"إدارة الصلاحيات",128,Finance/operator_pay_fin.php,"قواعد مستحقات المشغّلين",0,0,0,0,0,0,0,0,0,0,0,0,0,0,0,0,,no_grant
15,"إدارة الصلاحيات",129,Clients/readiness_lines.php,"جاهزية العروض",0,0,0,0,0,0,0,0,0,0,0,0,0,0,0,0,,no_grant
15,"إدارة الصلاحيات",130,Tickets/ticket_types_config.php,"إعداد أنواع البلاغات",0,0,0,0,0,0,0,0,0,0,0,0,0,0,0,0,,no_grant
15,"إدارة الصلاحيات",131,Tickets/ticket_categories_config.php,"تصنيفات الأعطال والبلاغات",0,0,0,0,0,0,0,0,0,0,0,0,0,0,0,0,,no_grant
15,"إدارة الصلاحيات",132,Tickets/tickets_list.php,البلاغات,0,0,0,0,0,0,0,0,0,0,0,0,0,0,0,0,,no_grant
15,"إدارة الصلاحيات",133,Tickets/ticket_form.php,"تسجيل بلاغ",0,0,0,0,0,0,0,0,0,0,0,0,0,0,0,0,,no_grant
15,"إدارة الصلاحيات",134,Tickets/ticket_sla_config.php,"أزمنة الاستجابة والإنجاز",0,0,0,0,0,0,0,0,0,0,0,0,0,0,0,0,,no_grant
15,"إدارة الصلاحيات",135,Tickets/ticket_escalation_config.php,"سلّم التصعيد",0,0,0,0,0,0,0,0,0,0,0,0,0,0,0,0,,no_grant
15,"إدارة الصلاحيات",136,Tickets/ticket_recurrence.php,"البلاغات الدورية",0,0,0,0,0,0,0,0,0,0,0,0,0,0,0,0,,no_grant
15,"إدارة الصلاحيات",137,Tickets/ticket_dashboard.php,"أداء البلاغات",0,0,0,0,0,0,0,0,0,0,0,0,0,0,0,0,,no_grant
15,"إدارة الصلاحيات",138,Maintenance/dashboard_mnt.php,"لوحة إدارة الصيانة",0,0,0,0,0,0,0,0,0,0,0,0,0,0,0,0,,no_grant
15,"إدارة الصلاحيات",139,main/role_board.php,"لوحة الدور",1,1,1,0,0,0,0,0,0,0,0,0,1,1,0,0,company,derived_from_4flags
15,"إدارة الصلاحيات",140,Finance/operator_pay_policies_fin.php,"سياسات مستحقات المشغّلين",0,0,0,0,0,0,0,0,0,0,0,0,0,0,0,0,,no_grant
15,"إدارة الصلاحيات",141,Equipments/equipment_documents.php,"وثائق المعدات والمشغّلين",0,0,0,0,0,0,0,0,0,0,0,0,0,0,0,0,,no_grant
15,"إدارة الصلاحيات",142,Contracts/claims.php,المستخلصات,0,0,0,0,0,0,0,0,0,0,0,0,0,0,0,0,,no_grant
15,"إدارة الصلاحيات",143,Finance/currencies_fin.php,"العملات وأسعار الصرف",0,0,0,0,0,0,0,0,0,0,0,0,0,0,0,0,,no_grant
15,"إدارة الصلاحيات",144,Suppliers/settlements.php,"تسويات الموردين",0,0,0,0,0,0,0,0,0,0,0,0,0,0,0,0,,no_grant
15,"إدارة الصلاحيات",145,Contracts/contract_obligations.php,"مصفوفة التزامات العقد",0,0,0,0,0,0,0,0,0,0,0,0,0,0,0,0,,no_grant
15,"إدارة الصلاحيات",146,Approvals/attribution_board.php,"لوحة الإسناد اليومي",0,0,0,0,0,0,0,0,0,0,0,0,0,0,0,0,,no_grant
15,"إدارة الصلاحيات",147,Contracts/penalties.php,"احتساب الجزاءات والحوافز",0,0,0,0,0,0,0,0,0,0,0,0,0,0,0,0,,no_grant
15,"إدارة الصلاحيات",148,Workforce/employee_settlements.php,"تسويات الموظفين",0,0,0,0,0,0,0,0,0,0,0,0,0,0,0,0,,no_grant
15,"إدارة الصلاحيات",149,Operations/containers.php,"حاويات العقود",0,0,0,0,0,0,0,0,0,0,0,0,0,0,0,0,,no_grant
15,"إدارة الصلاحيات",150,Projects/sites.php,"مواقع التنفيذ",0,0,0,0,0,0,0,0,0,0,0,0,0,0,0,0,,no_grant
15,"إدارة الصلاحيات",151,Workforce/contract_registry.php,"سجل العقود الموحّد",0,0,0,0,0,0,0,0,0,0,0,0,0,0,0,0,,no_grant
15,"إدارة الصلاحيات",152,Operations/daily_plan.php,"خطة عمل الغد",0,0,0,0,0,0,0,0,0,0,0,0,0,0,0,0,,no_grant
15,"إدارة الصلاحيات",153,Suppliers/supplier_contract_lines.php,"بنود عقد المورد",0,0,0,0,0,0,0,0,0,0,0,0,0,0,0,0,,no_grant
15,"إدارة الصلاحيات",154,Contracts/price_terms.php,"شروط تعديل السعر",0,0,0,0,0,0,0,0,0,0,0,0,0,0,0,0,,no_grant
15,"إدارة الصلاحيات",155,Equipments/meter_readings.php,"قراءات العدّادات",0,0,0,0,0,0,0,0,0,0,0,0,0,0,0,0,,no_grant
15,"إدارة الصلاحيات",156,Workforce/payroll_runs.php,"مسيّر الرواتب",0,0,0,0,0,0,0,0,0,0,0,0,0,0,0,0,,no_grant
15,"إدارة الصلاحيات",157,Workforce/employee_advances.php,"سلفيات الموظفين",0,0,0,0,0,0,0,0,0,0,0,0,0,0,0,0,,no_grant
15,"إدارة الصلاحيات",158,Suppliers/supplier_advances.php,"سلفيات الموردين",0,0,0,0,0,0,0,0,0,0,0,0,0,0,0,0,,no_grant
15,"إدارة الصلاحيات",159,Suppliers/supplier_rules.php,"قواعد تحميل المورد وجزاءاته",0,0,0,0,0,0,0,0,0,0,0,0,0,0,0,0,,no_grant
15,"إدارة الصلاحيات",160,Suppliers/supplier_capacity.php,"الطاقة والجاهزية ومهلة الإحلال",0,0,0,0,0,0,0,0,0,0,0,0,0,0,0,0,,no_grant
15,"إدارة الصلاحيات",161,Suppliers/supplier_evaluation.php,"تقييم المورد الدوري",0,0,0,0,0,0,0,0,0,0,0,0,0,0,0,0,,no_grant
15,"إدارة الصلاحيات",162,Suppliers/supplier_closure.php,"تصفية إنهاء عقد المورد",0,0,0,0,0,0,0,0,0,0,0,0,0,0,0,0,,no_grant
15,"إدارة الصلاحيات",163,Suppliers/supplier_documents.php,"وثائق المورد وحسابه البنكي",0,0,0,0,0,0,0,0,0,0,0,0,0,0,0,0,,no_grant
15,"إدارة الصلاحيات",164,Contracts/tax_invoices.php,"الفاتورة الضريبية",0,0,0,0,0,0,0,0,0,0,0,0,0,0,0,0,,no_grant
15,"إدارة الصلاحيات",165,Contracts/client_statement.php,"كشف حساب العميل",0,0,0,0,0,0,0,0,0,0,0,0,0,0,0,0,,no_grant
15,"إدارة الصلاحيات",166,Contracts/collections.php,"الذمم والتحصيل",0,0,0,0,0,0,0,0,0,0,0,0,0,0,0,0,,no_grant
15,"إدارة الصلاحيات",167,Workforce/final_settlement.php,"تصفية إنهاء خدمة الموظف",0,0,0,0,0,0,0,0,0,0,0,0,0,0,0,0,,no_grant
15,"إدارة الصلاحيات",168,Transport/transfer_tariffs.php,"تعرفة الترحيل وتسعير الأوامر",0,0,0,0,0,0,0,0,0,0,0,0,0,0,0,0,,no_grant
15,"إدارة الصلاحيات",169,Finance/periodic_events_fin.php,"الدوريات المالية",0,0,0,0,0,0,0,0,0,0,0,0,0,0,0,0,,no_grant
15,"إدارة الصلاحيات",171,Suppliers/rfq_requests.php,"طلبات عروض الموردين",0,0,0,0,0,0,0,0,0,0,0,0,0,0,0,0,,no_grant
15,"إدارة الصلاحيات",172,Contracts/contract_sites.php,"نطاقات العقد التشغيلية",0,0,0,0,0,0,0,0,0,0,0,0,0,0,0,0,,no_grant
15,"إدارة الصلاحيات",173,Contracts/contract_lines.php,"بنود عقد العميل وقيمته",0,0,0,0,0,0,0,0,0,0,0,0,0,0,0,0,,no_grant
15,"إدارة الصلاحيات",174,Contracts/contract_monthly_plan.php,"الجدول الشهري للعقد",0,0,0,0,0,0,0,0,0,0,0,0,0,0,0,0,,no_grant
15,"إدارة الصلاحيات",175,Contracts/contract_resource_plan.php,"خطة موارد العقد",0,0,0,0,0,0,0,0,0,0,0,0,0,0,0,0,,no_grant
15,"إدارة الصلاحيات",176,Contracts/contract_payment_schedule.php,"خطة دفع العقد",0,0,0,0,0,0,0,0,0,0,0,0,0,0,0,0,,no_grant
15,"إدارة الصلاحيات",177,Contracts/contract_guarantees.php,"ضمانات العقد",0,0,0,0,0,0,0,0,0,0,0,0,0,0,0,0,,no_grant
15,"إدارة الصلاحيات",178,Contracts/plan_actual_link.php,"ربط الخطة بالفعلي",0,0,0,0,0,0,0,0,0,0,0,0,0,0,0,0,,no_grant
15,"إدارة الصلاحيات",179,Contracts/contract_baseline.php,"خط أساس العقد",0,0,0,0,0,0,0,0,0,0,0,0,0,0,0,0,,no_grant
15,"إدارة الصلاحيات",180,Contracts/contract_lifecycle.php,"اقتصاد دورة حياة العقد",0,0,0,0,0,0,0,0,0,0,0,0,0,0,0,0,,no_grant
15,"إدارة الصلاحيات",181,Contracts/commercial_board.php,"اللوحة التجارية للعقود",0,0,0,0,0,0,0,0,0,0,0,0,0,0,0,0,,no_grant
15,"إدارة الصلاحيات",182,user_capacities.php,"صفاتي ومبدّل المساحة",1,1,1,0,1,0,1,0,0,0,0,0,1,1,0,0,company,derived_from_4flags
15,"إدارة الصلاحيات",183,Portal/visibility_keys.php,"مفاتيح الظهور",1,1,1,0,0,0,0,0,0,0,0,0,1,1,0,0,company,derived_from_4flags
15,"إدارة الصلاحيات",184,Portal/portal_elements.php,"مكوّنات البوابة",1,1,1,0,1,0,1,0,0,0,0,0,1,1,0,0,company,derived_from_4flags
15,"إدارة الصلاحيات",185,Portal/visibility_simulator.php,"من يرى ماذا (محاكاة)",1,1,1,0,0,0,0,0,0,0,0,0,1,1,0,0,company,derived_from_4flags
15,"إدارة الصلاحيات",186,Portal/visibility_audit.php,"سجل تدقيق الظهور",1,1,1,0,0,0,0,0,0,0,0,0,1,1,0,0,company,derived_from_4flags
15,"إدارة الصلاحيات",187,Portal/my_portal.php,بوابتي,1,1,1,0,0,0,0,0,0,0,0,0,1,1,0,0,company,derived_from_4flags
15,"إدارة الصلاحيات",188,Portal/my_achievement.php,إنجازي,1,1,1,0,0,0,0,0,0,0,0,0,1,1,0,0,company,derived_from_4flags
15,"إدارة الصلاحيات",189,Portal/my_evaluation.php,"التقييم الثنائي",1,1,1,1,0,1,0,0,0,0,0,0,1,1,0,0,company,derived_from_4flags
15,"إدارة الصلاحيات",190,Portal/my_certificate.php,"شهادة الإنجاز",1,1,1,0,0,0,0,0,0,0,0,0,1,1,0,0,company,derived_from_4flags
15,"إدارة الصلاحيات",191,Portal/workspace.php,"مساحة العمل",1,1,1,0,0,0,0,0,0,0,0,0,1,1,0,0,company,derived_from_4flags
15,"إدارة الصلاحيات",192,Finance/approvals_inbox.php,"صندوق الاعتمادات الموحد",0,0,0,0,0,0,0,0,0,0,0,0,0,0,0,0,,no_grant
15,"إدارة الصلاحيات",193,Operations/operations_room.php,"غرفة عمليات التشغيل",0,0,0,0,0,0,0,0,0,0,0,0,0,0,0,0,,no_grant
15,"إدارة الصلاحيات",194,Operations/distribution_space.php,"مساحة التوزيع",0,0,0,0,0,0,0,0,0,0,0,0,0,0,0,0,,no_grant
15,"إدارة الصلاحيات",195,Reports/daily_units_report.php,"سجل الوحدات اليومية",0,0,0,0,0,0,0,0,0,0,0,0,0,0,0,0,,no_grant
15,"إدارة الصلاحيات",196,Fleet/readiness_board.php,"لوحة الجاهزية",0,0,0,0,0,0,0,0,0,0,0,0,0,0,0,0,,no_grant
15,"إدارة الصلاحيات",197,Maintenance/failure_report.php,"تقرير الأعطال (التصنيف الموحد)",0,0,0,0,0,0,0,0,0,0,0,0,0,0,0,0,,no_grant
15,"إدارة الصلاحيات",198,Procurement/supplier_card_proc.php,"بطاقة مورد المشتريات",0,0,0,0,0,0,0,0,0,0,0,0,0,0,0,0,,no_grant
15,"إدارة الصلاحيات",199,Procurement/warehouse_board.php,"لوحة أمين المستودع",0,0,0,0,0,0,0,0,0,0,0,0,0,0,0,0,,no_grant
15,"إدارة الصلاحيات",200,Contracts/contract_card.php,"بطاقة العقد الأم",0,0,0,0,0,0,0,0,0,0,0,0,0,0,0,0,,no_grant
15,"إدارة الصلاحيات",201,Employees/employee_card.php,"بطاقة الموظف",1,1,1,0,0,0,0,0,0,0,0,0,1,1,0,0,company,derived_from_4flags
15,"إدارة الصلاحيات",202,Reports/margin_report.php,"هامش الواقعة والعقد",0,0,0,0,0,0,0,0,0,0,0,0,0,0,0,0,,no_grant
15,"إدارة الصلاحيات",203,Reports/exceptions_report.php,"تقرير الاستثناءات",0,0,0,0,0,0,0,0,0,0,0,0,0,0,0,0,,no_grant
15,"إدارة الصلاحيات",204,Reports/guard_denials_report.php,"تقرير المنع",0,0,0,0,0,0,0,0,0,0,0,0,0,0,0,0,,no_grant
15,"إدارة الصلاحيات",205,Settings/guard_classification.php,"تصنيف الحمايات",0,0,0,0,0,0,0,0,0,0,0,0,0,0,0,0,,no_grant
15,"إدارة الصلاحيات",206,Governance/entities_registry.php,"سجل الكيانات",0,0,0,0,0,0,0,0,0,0,0,0,0,0,0,0,,no_grant
15,"إدارة الصلاحيات",207,Governance/signing_authority.php,"التفويض بالتوقيع",0,0,0,0,0,0,0,0,0,0,0,0,0,0,0,0,,no_grant
15,"إدارة الصلاحيات",208,Governance/licenses_guarantees.php,"التراخيص والكفالات",0,0,0,0,0,0,0,0,0,0,0,0,0,0,0,0,,no_grant
15,"إدارة الصلاحيات",209,Governance/activation_patterns.php,"أنماط التفعيل",0,0,0,0,0,0,0,0,0,0,0,0,0,0,0,0,,no_grant
15,"إدارة الصلاحيات",210,Financing/financiers_registry.php,"سجل الممولين",0,0,0,0,0,0,0,0,0,0,0,0,0,0,0,0,,no_grant
15,"إدارة الصلاحيات",211,Financing/financing_operation_new.php,"إنشاء عملية تمويل",0,0,0,0,0,0,0,0,0,0,0,0,0,0,0,0,,no_grant
15,"إدارة الصلاحيات",212,Reports/approval_lag_report.php,"الاعتمادات المتأخرة والوثائق",0,0,0,0,0,0,0,0,0,0,0,0,0,0,0,0,,no_grant
15,"إدارة الصلاحيات",213,Governance/ownership_grants.php,"منح المجال المقيَّد",0,0,0,0,0,0,0,0,0,0,0,0,0,0,0,0,,no_grant
15,"إدارة الصلاحيات",214,Financing/financing_board.php,"لوحة إدارة التمويل",0,0,0,0,0,0,0,0,0,0,0,0,0,0,0,0,,no_grant
15,"إدارة الصلاحيات",215,admin/ops_manager_board.php,"لوحة مدير التشغيل",0,0,0,0,0,0,0,0,0,0,0,0,0,0,0,0,,no_grant
15,"إدارة الصلاحيات",216,admin/org_assignments.php,"التكليفات التنظيمية",0,0,0,0,0,0,0,0,0,0,0,0,0,0,0,0,,no_grant
15,"إدارة الصلاحيات",217,admin/org_structure.php,"الهيكل التنظيمي",0,0,0,0,0,0,0,0,0,0,0,0,0,0,0,0,,no_grant
15,"إدارة الصلاحيات",218,admin/org_permits.php,"أذونات المواقع",0,0,0,0,0,0,0,0,0,0,0,0,0,0,0,0,,no_grant
15,"إدارة الصلاحيات",222,admin/sec_governance.php,"مركز حوكمة الصلاحيات",1,1,1,1,1,1,1,0,0,0,0,0,1,1,0,0,company,derived_from_4flags
15,"إدارة الصلاحيات",223,admin/sec_employee_wizard.php,"معالج إعداد الموظف",1,1,1,1,1,1,1,0,0,0,0,0,1,1,0,0,company,derived_from_4flags
15,"إدارة الصلاحيات",225,Tickets/ticket_workstreams_board.php,"لوحة مسارات البلاغات",0,0,0,0,0,0,0,0,0,0,0,0,0,0,0,0,,no_grant
15,"إدارة الصلاحيات",226,Tickets/watchtower.php,"برج المراقبة",0,0,0,0,0,0,0,0,0,0,0,0,0,0,0,0,,no_grant
15,"إدارة الصلاحيات",227,Tickets/ticket_contextual_open.php,"بلاغ سياقي جديد",1,1,1,1,0,1,0,0,0,0,0,0,1,1,0,0,company,derived_from_4flags
15,"إدارة الصلاحيات",228,main/my_workspace.php,"مساحة عملي",1,1,1,0,0,0,0,0,0,0,0,0,1,1,0,0,company,derived_from_4flags
16,"إدارة المشتريات",1,Clients/clients.php,العملاء,0,0,0,0,0,0,0,0,0,0,0,0,0,0,0,0,,no_grant
16,"إدارة المشتريات",2,Projects/projects.php,المشاريع,0,0,0,0,0,0,0,0,0,0,0,0,0,0,0,0,,no_grant
16,"إدارة المشتريات",3,main/users.php,الصلاحيات,0,0,0,0,0,0,0,0,0,0,0,0,0,0,0,0,,no_grant
16,"إدارة المشتريات",4,Reports/reports.php,"مركز التقارير",0,0,0,0,0,0,0,0,0,0,0,0,0,0,0,0,,no_grant
16,"إدارة المشتريات",5,Equipments/equipments_types.php,"أنواع المعدات",0,0,0,0,0,0,0,0,0,0,0,0,0,0,0,0,,no_grant
16,"إدارة المشتريات",6,Reports/reports.php,"مركز التقارير",0,0,0,0,0,0,0,0,0,0,0,0,0,0,0,0,,no_grant
16,"إدارة المشتريات",7,Employees/employees.php,الموظفون,0,0,0,0,0,0,0,0,0,0,0,0,0,0,0,0,,no_grant
16,"إدارة المشتريات",8,Equipments/equipments_fleet.php,المعدات,0,0,0,0,0,0,0,0,0,0,0,0,0,0,0,0,,no_grant
16,"إدارة المشتريات",9,Oprators/oprators.php,"شاشة التشغيل",0,0,0,0,0,0,0,0,0,0,0,0,0,0,0,0,,no_grant
16,"إدارة المشتريات",10,Timesheet/timesheet_type.php,"تسجيل الوحدات",0,0,0,0,0,0,0,0,0,0,0,0,0,0,0,0,,no_grant
16,"إدارة المشتريات",11,Settings/settings.php,الإعدادات,0,0,0,0,0,0,0,0,0,0,0,0,0,0,0,0,,no_grant
16,"إدارة المشتريات",12,ActivityLogs/activity_logs.php,"سجل النشاط",0,0,0,0,0,0,0,0,0,0,0,0,0,0,0,0,,no_grant
16,"إدارة المشتريات",14,main/project_users.php,"مشرفو الموردين",0,0,0,0,0,0,0,0,0,0,0,0,0,0,0,0,,no_grant
16,"إدارة المشتريات",15,main/project_users.php,المشرفين,0,0,0,0,0,0,0,0,0,0,0,0,0,0,0,0,,no_grant
16,"إدارة المشتريات",16,main/project_users.php,المشرفين,0,0,0,0,0,0,0,0,0,0,0,0,0,0,0,0,,no_grant
16,"إدارة المشتريات",17,main/project_users.php,"إدارة المعاونين",0,0,0,0,0,0,0,0,0,0,0,0,0,0,0,0,,no_grant
16,"إدارة المشتريات",18,main/project_users.php,المشرفين,0,0,0,0,0,0,0,0,0,0,0,0,0,0,0,0,,no_grant
16,"إدارة المشتريات",20,Contracts/contracts.php,العقود,0,0,0,0,0,0,0,0,0,0,0,0,0,0,0,0,,no_grant
16,"إدارة المشتريات",21,Contracts/contracts_details.php,"ملف عقد المشروع",0,0,0,0,0,0,0,0,0,0,0,0,0,0,0,0,,no_grant
16,"إدارة المشتريات",22,Suppliers/suppliers.php,الموردون,0,0,0,0,0,0,0,0,0,0,0,0,0,0,0,0,,no_grant
16,"إدارة المشتريات",23,Oprators/select_project.php,التشغيل,0,0,0,0,0,0,0,0,0,0,0,0,0,0,0,0,,no_grant
16,"إدارة المشتريات",24,Settings/settings.php,الإعدادات,0,0,0,0,0,0,0,0,0,0,0,0,0,0,0,0,,no_grant
16,"إدارة المشتريات",25,Suppliers/supplierscontracts.php,"عقود الموردين",0,0,0,0,0,0,0,0,0,0,0,0,0,0,0,0,,no_grant
16,"إدارة المشتريات",26,Suppliers/supplierscontracts_details.php,"ملف عقد المورد",0,0,0,0,0,0,0,0,0,0,0,0,0,0,0,0,,no_grant
16,"إدارة المشتريات",27,Equipments/equipments_drivers.php,المعدات,0,0,0,0,0,0,0,0,0,0,0,0,0,0,0,0,,no_grant
16,"إدارة المشتريات",28,Reports/reports.php,"مركز التقارير",0,0,0,0,0,0,0,0,0,0,0,0,0,0,0,0,,no_grant
16,"إدارة المشتريات",29,movement/project_drivers.php,"توزيع المشغّلين",0,0,0,0,0,0,0,0,0,0,0,0,0,0,0,0,,no_grant
16,"إدارة المشتريات",30,movement/movement_operations.php,الورديات,0,0,0,0,0,0,0,0,0,0,0,0,0,0,0,0,,no_grant
16,"إدارة المشتريات",31,Reports/reports.php,"مركز التقارير",0,0,0,0,0,0,0,0,0,0,0,0,0,0,0,0,,no_grant
16,"إدارة المشتريات",32,Reports/reports.php,"مركز التقارير",0,0,0,0,0,0,0,0,0,0,0,0,0,0,0,0,,no_grant
16,"إدارة المشتريات",34,movement/map_page.php,"متابعة المشروع",0,0,0,0,0,0,0,0,0,0,0,0,0,0,0,0,,no_grant
16,"إدارة المشتريات",35,Clients/clients.php,العملاء,0,0,0,0,0,0,0,0,0,0,0,0,0,0,0,0,,no_grant
16,"إدارة المشتريات",36,Projects/projects.php,المشاريع,0,0,0,0,0,0,0,0,0,0,0,0,0,0,0,0,,no_grant
16,"إدارة المشتريات",37,Contracts/contracts.php,العقود,0,0,0,0,0,0,0,0,0,0,0,0,0,0,0,0,,no_grant
16,"إدارة المشتريات",38,Equipments/manage_failure_codes.php,"تصنيفات الأعطال",0,0,0,0,0,0,0,0,0,0,0,0,0,0,0,0,,no_grant
16,"إدارة المشتريات",40,Equipments/fleet_models.php,"الأنواع والموديلات",0,0,0,0,0,0,0,0,0,0,0,0,0,0,0,0,,no_grant
16,"إدارة المشتريات",41,Equipments/fleet_depreciation_profiles.php,"إعداد الإهلاك",0,0,0,0,0,0,0,0,0,0,0,0,0,0,0,0,,no_grant
16,"إدارة المشتريات",42,Maintenance/breakdowns.php,"البلاغات (غير مفعّلة)",0,0,0,0,0,0,0,0,0,0,0,0,0,0,0,0,,no_grant
16,"إدارة المشتريات",43,Maintenance/orders.php,"أوامر الصيانة",0,0,0,0,0,0,0,0,0,0,0,0,0,0,0,0,,no_grant
16,"إدارة المشتريات",44,Maintenance/inspections.php,"الفحص الفني اليومي",0,0,0,0,0,0,0,0,0,0,0,0,0,0,0,0,,no_grant
16,"إدارة المشتريات",45,Maintenance/preventive_plans.php,"الصيانة الوقائية",0,0,0,0,0,0,0,0,0,0,0,0,0,0,0,0,,no_grant
16,"إدارة المشتريات",46,Maintenance/master_data.php,"إعدادات الصيانة",0,0,0,0,0,0,0,0,0,0,0,0,0,0,0,0,,no_grant
16,"إدارة المشتريات",47,Workforce/worker_register.php,"السجل التشغيلي للعامل",0,0,0,0,0,0,0,0,0,0,0,0,0,0,0,0,,no_grant
16,"إدارة المشتريات",48,Workforce/worker_contract.php,"عقود العاملين",0,0,0,0,0,0,0,0,0,0,0,0,0,0,0,0,,no_grant
16,"إدارة المشتريات",50,Workforce/worker_leave_absence.php,"الإجازات والغياب",0,0,0,0,0,0,0,0,0,0,0,0,0,0,0,0,,no_grant
16,"إدارة المشتريات",51,Workforce/worker_movement.php,"تنقلات العاملين",0,0,0,0,0,0,0,0,0,0,0,0,0,0,0,0,,no_grant
16,"إدارة المشتريات",52,Workforce/housing_units.php,"السكن والإعاشة",0,0,0,0,0,0,0,0,0,0,0,0,0,0,0,0,,no_grant
16,"إدارة المشتريات",53,Workforce/worker_evaluation.php,"تقييم الأداء",0,0,0,0,0,0,0,0,0,0,0,0,0,0,0,0,,no_grant
16,"إدارة المشتريات",54,Workforce/worker_settlement.php,"تسويات العاملين",0,0,0,0,0,0,0,0,0,0,0,0,0,0,0,0,,no_grant
16,"إدارة المشتريات",55,Workforce/workforce_requirement.php,"احتياج القوى والتخطيط",0,0,0,0,0,0,0,0,0,0,0,0,0,0,0,0,,no_grant
16,"إدارة المشتريات",56,Workforce/worker_worklog.php,"سجل الأحداث التشغيلية",0,0,0,0,0,0,0,0,0,0,0,0,0,0,0,0,,no_grant
16,"إدارة المشتريات",57,Employees/job_titles.php,"المسميات الوظيفية",0,0,0,0,0,0,0,0,0,0,0,0,0,0,0,0,,no_grant
16,"إدارة المشتريات",58,Employees/employee_roles.php,"الأدوار الوظيفية",0,0,0,0,0,0,0,0,0,0,0,0,0,0,0,0,,no_grant
16,"إدارة المشتريات",59,Employees/equipment_operators.php,"المشغّلون والسائقون",0,0,0,0,0,0,0,0,0,0,0,0,0,0,0,0,,no_grant
16,"إدارة المشتريات",60,main/users.php,"إدارة المستخدمين",0,0,0,0,0,0,0,0,0,0,0,0,0,0,0,0,,no_grant
16,"إدارة المشتريات",61,main/all_assistants.php,المعاونون,0,0,0,0,0,0,0,0,0,0,0,0,0,0,0,0,,no_grant
16,"إدارة المشتريات",62,Employees/employee_contracts.php,"عقود الموظفين",0,0,0,0,0,0,0,0,0,0,0,0,0,0,0,0,,no_grant
16,"إدارة المشتريات",63,Employees/employee_contracts_details.php,"ملف عقد الموظف",0,0,0,0,0,0,0,0,0,0,0,0,0,0,0,0,,no_grant
16,"إدارة المشتريات",64,Employees/employee_profile.php,"بطاقة الموظف",0,0,0,0,0,0,0,0,0,0,0,0,0,0,0,0,,no_grant
16,"إدارة المشتريات",65,Employees/showcontractemployee.php,"عرض عقد الموظف",0,0,0,0,0,0,0,0,0,0,0,0,0,0,0,0,,no_grant
16,"إدارة المشتريات",66,Opportunities/opportunities.php,"الفرص البيعية",0,0,0,0,0,0,0,0,0,0,0,0,0,0,0,0,,no_grant
16,"إدارة المشتريات",67,Procurement/dashboard_proc.php,"لوحة المشتريات",1,1,1,1,1,1,1,0,0,0,0,1,1,1,0,0,company,derived_from_4flags
16,"إدارة المشتريات",68,Procurement/items_proc.php,"كتالوج الأصناف",1,1,1,1,1,1,1,0,0,0,0,1,1,1,0,0,company,derived_from_4flags
16,"إدارة المشتريات",69,Procurement/requests_proc.php,"طلبات الشراء",1,1,1,1,1,1,1,0,0,0,0,1,1,1,0,0,company,derived_from_4flags
16,"إدارة المشتريات",70,Procurement/orders_proc.php,"أوامر الشراء",1,1,1,1,1,1,1,0,0,0,0,1,1,1,0,0,company,derived_from_4flags
16,"إدارة المشتريات",71,Procurement/receipt_custody_proc.php,"الاستلام المؤقت",1,1,1,1,1,1,1,0,0,0,0,1,1,1,0,0,company,derived_from_4flags
16,"إدارة المشتريات",72,Procurement/stock_proc.php,المخزون,1,1,1,1,1,1,1,0,0,0,0,1,1,1,0,0,company,derived_from_4flags
16,"إدارة المشتريات",73,Procurement/issue_proc.php,"صرف المخزون والعهدة",1,1,1,1,1,1,1,0,0,0,0,1,1,1,0,0,company,derived_from_4flags
16,"إدارة المشتريات",74,Procurement/reordering_proc.php,"حدود إعادة الطلب",1,1,1,1,1,1,1,0,0,0,0,1,1,1,0,0,company,derived_from_4flags
16,"إدارة المشتريات",75,Procurement/suppliers_proc.php,"موردو المشتريات",1,1,1,1,1,1,1,0,0,0,0,1,1,1,0,0,company,derived_from_4flags
16,"إدارة المشتريات",76,Procurement/master_data_proc.php,"البيانات المرجعية",1,1,1,1,1,1,1,0,0,0,0,1,1,1,0,0,company,derived_from_4flags
16,"إدارة المشتريات",77,Clients/activities.php,"أنشطة العملاء",0,0,0,0,0,0,0,0,0,0,0,0,0,0,0,0,,no_grant
16,"إدارة المشتريات",78,Clients/commercial_risks.php,"المخاطر التجارية",0,0,0,0,0,0,0,0,0,0,0,0,0,0,0,0,,no_grant
16,"إدارة المشتريات",79,Clients/tenders.php,المناقصات,0,0,0,0,0,0,0,0,0,0,0,0,0,0,0,0,,no_grant
16,"إدارة المشتريات",80,Clients/quotations.php,"عروض الأسعار",0,0,0,0,0,0,0,0,0,0,0,0,0,0,0,0,,no_grant
16,"إدارة المشتريات",81,Clients/pricelists.php,"قوائم ونماذج التسعير",0,0,0,0,0,0,0,0,0,0,0,0,0,0,0,0,,no_grant
16,"إدارة المشتريات",82,Clients/products.php,"كتالوج المنتجات والخدمات",0,0,0,0,0,0,0,0,0,0,0,0,0,0,0,0,,no_grant
16,"إدارة المشتريات",83,Clients/units_of_measure.php,"وحدات القياس",0,0,0,0,0,0,0,0,0,0,0,0,0,0,0,0,,no_grant
16,"إدارة المشتريات",84,Clients/contract_amendments.php,"ملاحق العقود وتجديداتها",0,0,0,0,0,0,0,0,0,0,0,0,0,0,0,0,,no_grant
16,"إدارة المشتريات",85,Clients/contract_events.php,"سجل حركة العقد",0,0,0,0,0,0,0,0,0,0,0,0,0,0,0,0,,no_grant
16,"إدارة المشتريات",86,Finance/events_list_fin.php,"المعاملات المالية",1,1,1,0,0,0,0,0,0,0,0,0,1,1,0,0,company,derived_from_4flags
16,"إدارة المشتريات",87,Finance/accounts_fin.php,"دليل الحسابات",0,0,0,0,0,0,0,0,0,0,0,0,0,0,0,0,,no_grant
16,"إدارة المشتريات",88,Finance/journal_form_fin.php,"القيود اليومية",0,0,0,0,0,0,0,0,0,0,0,0,0,0,0,0,,no_grant
16,"إدارة المشتريات",89,Finance/budget_form_fin.php,"الميزانية والانحراف",1,1,1,1,1,1,1,0,0,0,0,0,1,1,0,0,company,derived_from_4flags
16,"إدارة المشتريات",90,Finance/dues_fin.php,"الذمم والتحصيل",0,0,0,0,0,0,0,0,0,0,0,0,0,0,0,0,,no_grant
16,"إدارة المشتريات",91,Finance/payments_fin.php,"المدفوعات والخزينة",1,1,1,0,0,0,0,0,0,0,0,0,1,1,0,0,company,derived_from_4flags
16,"إدارة المشتريات",92,Finance/cost_report_fin.php,"التكاليف والربحية",0,0,0,0,0,0,0,0,0,0,0,0,0,0,0,0,,no_grant
16,"إدارة المشتريات",93,Finance/periods_fin.php,"إقفال الفترات",0,0,0,0,0,0,0,0,0,0,0,0,0,0,0,0,,no_grant
16,"إدارة المشتريات",94,Finance/funding_fin.php,"التمويل والالتزامات",0,0,0,0,0,0,0,0,0,0,0,0,0,0,0,0,,no_grant
16,"إدارة المشتريات",95,Finance/cash_forecast_fin.php,"السيولة والتنبؤ النقدي",0,0,0,0,0,0,0,0,0,0,0,0,0,0,0,0,,no_grant
16,"إدارة المشتريات",96,Finance/management_accounting_fin.php,"المحاسبة الإدارية",0,0,0,0,0,0,0,0,0,0,0,0,0,0,0,0,,no_grant
16,"إدارة المشتريات",97,Finance/accountants_fin.php,"المحاسبون والوحدات",0,0,0,0,0,0,0,0,0,0,0,0,0,0,0,0,,no_grant
16,"إدارة المشتريات",98,Finance/import_events_fin.php,"استقبال معاملات الإدارات",0,0,0,0,0,0,0,0,0,0,0,0,0,0,0,0,,no_grant
16,"إدارة المشتريات",99,Finance/executive_dashboard_fin.php,"اللوحة التنفيذية",0,0,0,0,0,0,0,0,0,0,0,0,0,0,0,0,,no_grant
16,"إدارة المشتريات",100,Finance/financial_statements_fin.php,"القوائم المالية",0,0,0,0,0,0,0,0,0,0,0,0,0,0,0,0,,no_grant
16,"إدارة المشتريات",101,Finance/assets_fin.php,"الأصول والإهلاك",0,0,0,0,0,0,0,0,0,0,0,0,0,0,0,0,,no_grant
16,"إدارة المشتريات",102,Finance/tax_fin.php,"الضرائب والقيمة المضافة",0,0,0,0,0,0,0,0,0,0,0,0,0,0,0,0,,no_grant
16,"إدارة المشتريات",103,Finance/bank_reconciliation_fin.php,"المطابقة البنكية",0,0,0,0,0,0,0,0,0,0,0,0,0,0,0,0,,no_grant
16,"إدارة المشتريات",104,Finance/cfo_daily_board_fin.php,"لوحة المدير المالي",0,0,0,0,0,0,0,0,0,0,0,0,0,0,0,0,,no_grant
16,"إدارة المشتريات",105,Finance/unit_records_fin.php,"وحدات الأطراف",0,0,0,0,0,0,0,0,0,0,0,0,0,0,0,0,,no_grant
16,"إدارة المشتريات",106,Finance/supplier_statement_fin.php,"كشف حساب المورد",0,0,0,0,0,0,0,0,0,0,0,0,0,0,0,0,,no_grant
16,"إدارة المشتريات",107,main/project_users.php,المعاونين,0,0,0,0,0,0,0,0,0,0,0,0,0,0,0,0,,no_grant
16,"إدارة المشتريات",108,Transport/transfer_types_config.php,"إعدادات الترحيل",0,0,0,0,0,0,0,0,0,0,0,0,0,0,0,0,,no_grant
16,"إدارة المشتريات",109,Transport/transfer_cost_rules_config.php,"قواعد تحميل تكلفة الترحيل",0,0,0,0,0,0,0,0,0,0,0,0,0,0,0,0,,no_grant
16,"إدارة المشتريات",110,Transport/trs_locations_config.php,المواقع,0,0,0,0,0,0,0,0,0,0,0,0,0,0,0,0,,no_grant
16,"إدارة المشتريات",111,Transport/transfer_requests.php,"موافقات الترحيل",0,0,0,0,0,0,0,0,0,0,0,0,0,0,0,0,,no_grant
16,"إدارة المشتريات",112,Transport/transfer_orders_list.php,"أوامر الترحيل",0,0,0,0,0,0,0,0,0,0,0,0,0,0,0,0,,no_grant
16,"إدارة المشتريات",113,Transport/transfer_dashboard.php,"لوحة الرحلات",0,0,0,0,0,0,0,0,0,0,0,0,0,0,0,0,,no_grant
16,"إدارة المشتريات",114,FinRequests/request_form.php,"طلب مالي جديد",1,1,1,1,1,1,1,0,0,0,0,0,1,1,0,0,company,derived_from_4flags
16,"إدارة المشتريات",115,FinRequests/my_requests.php,"طلباتي المالية",1,1,1,0,0,0,0,0,0,0,0,0,1,1,0,0,company,derived_from_4flags
16,"إدارة المشتريات",116,FinRequests/dept_inbox.php,"موافقات إدارتي",1,1,1,0,1,0,1,0,0,0,0,0,1,1,0,0,company,derived_from_4flags
16,"إدارة المشتريات",117,FinRequests/accountant_desk.php,"مكتب المحاسب",0,0,0,0,0,0,0,0,0,0,0,0,0,0,0,0,,no_grant
16,"إدارة المشتريات",118,FinRequests/finance_gateway.php,"الطلبات المالية",0,0,0,0,0,0,0,0,0,0,0,0,0,0,0,0,,no_grant
16,"إدارة المشتريات",119,FinRequests/effect_map.php,"سجل الحركة المالية",0,0,0,0,0,0,0,0,0,0,0,0,0,0,0,0,,no_grant
16,"إدارة المشتريات",120,FinRequests/routing_admin.php,"قواعد توجيه الطلبات",0,0,0,0,0,0,0,0,0,0,0,0,0,0,0,0,,no_grant
16,"إدارة المشتريات",121,FinRequests/cycle_time_board.php,"زمن دورة الطلبات",0,0,0,0,0,0,0,0,0,0,0,0,0,0,0,0,,no_grant
16,"إدارة المشتريات",122,FinRequests/requests_reports.php,"تقارير الطلبات المالية",0,0,0,0,0,0,0,0,0,0,0,0,0,0,0,0,,no_grant
16,"إدارة المشتريات",123,Settings/role_permissions.php,"صلاحيات الأدوار",0,0,0,0,0,0,0,0,0,0,0,0,0,0,0,0,,no_grant
16,"إدارة المشتريات",124,Settings/roles.php,الأدوار,0,0,0,0,0,0,0,0,0,0,0,0,0,0,0,0,,no_grant
16,"إدارة المشتريات",125,Finance/variance_monitor_fin.php,"متابعة الانحراف",0,0,0,0,0,0,0,0,0,0,0,0,0,0,0,0,,no_grant
16,"إدارة المشتريات",126,Finance/maintenance_provision_fin.php,"قواعد مخصص الصيانة",0,0,0,0,0,0,0,0,0,0,0,0,0,0,0,0,,no_grant
16,"إدارة المشتريات",127,Clients/contract_commitments.php,"التزامات العقود",0,0,0,0,0,0,0,0,0,0,0,0,0,0,0,0,,no_grant
16,"إدارة المشتريات",128,Finance/operator_pay_fin.php,"قواعد مستحقات المشغّلين",0,0,0,0,0,0,0,0,0,0,0,0,0,0,0,0,,no_grant
16,"إدارة المشتريات",129,Clients/readiness_lines.php,"جاهزية العروض",0,0,0,0,0,0,0,0,0,0,0,0,0,0,0,0,,no_grant
16,"إدارة المشتريات",130,Tickets/ticket_types_config.php,"إعداد أنواع البلاغات",0,0,0,0,0,0,0,0,0,0,0,0,0,0,0,0,,no_grant
16,"إدارة المشتريات",131,Tickets/ticket_categories_config.php,"تصنيفات الأعطال والبلاغات",0,0,0,0,0,0,0,0,0,0,0,0,0,0,0,0,,no_grant
16,"إدارة المشتريات",132,Tickets/tickets_list.php,البلاغات,0,0,0,0,0,0,0,0,0,0,0,0,0,0,0,0,,no_grant
16,"إدارة المشتريات",133,Tickets/ticket_form.php,"تسجيل بلاغ",0,0,0,0,0,0,0,0,0,0,0,0,0,0,0,0,,no_grant
16,"إدارة المشتريات",134,Tickets/ticket_sla_config.php,"أزمنة الاستجابة والإنجاز",0,0,0,0,0,0,0,0,0,0,0,0,0,0,0,0,,no_grant
16,"إدارة المشتريات",135,Tickets/ticket_escalation_config.php,"سلّم التصعيد",0,0,0,0,0,0,0,0,0,0,0,0,0,0,0,0,,no_grant
16,"إدارة المشتريات",136,Tickets/ticket_recurrence.php,"البلاغات الدورية",0,0,0,0,0,0,0,0,0,0,0,0,0,0,0,0,,no_grant
16,"إدارة المشتريات",137,Tickets/ticket_dashboard.php,"أداء البلاغات",0,0,0,0,0,0,0,0,0,0,0,0,0,0,0,0,,no_grant
16,"إدارة المشتريات",138,Maintenance/dashboard_mnt.php,"لوحة إدارة الصيانة",0,0,0,0,0,0,0,0,0,0,0,0,0,0,0,0,,no_grant
16,"إدارة المشتريات",139,main/role_board.php,"لوحة الدور",0,0,0,0,0,0,0,0,0,0,0,0,0,0,0,0,,no_grant
16,"إدارة المشتريات",140,Finance/operator_pay_policies_fin.php,"سياسات مستحقات المشغّلين",0,0,0,0,0,0,0,0,0,0,0,0,0,0,0,0,,no_grant
16,"إدارة المشتريات",141,Equipments/equipment_documents.php,"وثائق المعدات والمشغّلين",0,0,0,0,0,0,0,0,0,0,0,0,0,0,0,0,,no_grant
16,"إدارة المشتريات",142,Contracts/claims.php,المستخلصات,0,0,0,0,0,0,0,0,0,0,0,0,0,0,0,0,,no_grant
16,"إدارة المشتريات",143,Finance/currencies_fin.php,"العملات وأسعار الصرف",0,0,0,0,0,0,0,0,0,0,0,0,0,0,0,0,,no_grant
16,"إدارة المشتريات",144,Suppliers/settlements.php,"تسويات الموردين",0,0,0,0,0,0,0,0,0,0,0,0,0,0,0,0,,no_grant
16,"إدارة المشتريات",145,Contracts/contract_obligations.php,"مصفوفة التزامات العقد",0,0,0,0,0,0,0,0,0,0,0,0,0,0,0,0,,no_grant
16,"إدارة المشتريات",146,Approvals/attribution_board.php,"لوحة الإسناد اليومي",0,0,0,0,0,0,0,0,0,0,0,0,0,0,0,0,,no_grant
16,"إدارة المشتريات",147,Contracts/penalties.php,"احتساب الجزاءات والحوافز",0,0,0,0,0,0,0,0,0,0,0,0,0,0,0,0,,no_grant
16,"إدارة المشتريات",148,Workforce/employee_settlements.php,"تسويات الموظفين",0,0,0,0,0,0,0,0,0,0,0,0,0,0,0,0,,no_grant
16,"إدارة المشتريات",149,Operations/containers.php,"حاويات العقود",0,0,0,0,0,0,0,0,0,0,0,0,0,0,0,0,,no_grant
16,"إدارة المشتريات",150,Projects/sites.php,"مواقع التنفيذ",0,0,0,0,0,0,0,0,0,0,0,0,0,0,0,0,,no_grant
16,"إدارة المشتريات",151,Workforce/contract_registry.php,"سجل العقود الموحّد",0,0,0,0,0,0,0,0,0,0,0,0,0,0,0,0,,no_grant
16,"إدارة المشتريات",152,Operations/daily_plan.php,"خطة عمل الغد",0,0,0,0,0,0,0,0,0,0,0,0,0,0,0,0,,no_grant
16,"إدارة المشتريات",153,Suppliers/supplier_contract_lines.php,"بنود عقد المورد",0,0,0,0,0,0,0,0,0,0,0,0,0,0,0,0,,no_grant
16,"إدارة المشتريات",154,Contracts/price_terms.php,"شروط تعديل السعر",0,0,0,0,0,0,0,0,0,0,0,0,0,0,0,0,,no_grant
16,"إدارة المشتريات",155,Equipments/meter_readings.php,"قراءات العدّادات",0,0,0,0,0,0,0,0,0,0,0,0,0,0,0,0,,no_grant
16,"إدارة المشتريات",156,Workforce/payroll_runs.php,"مسيّر الرواتب",0,0,0,0,0,0,0,0,0,0,0,0,0,0,0,0,,no_grant
16,"إدارة المشتريات",157,Workforce/employee_advances.php,"سلفيات الموظفين",0,0,0,0,0,0,0,0,0,0,0,0,0,0,0,0,,no_grant
16,"إدارة المشتريات",158,Suppliers/supplier_advances.php,"سلفيات الموردين",0,0,0,0,0,0,0,0,0,0,0,0,0,0,0,0,,no_grant
16,"إدارة المشتريات",159,Suppliers/supplier_rules.php,"قواعد تحميل المورد وجزاءاته",0,0,0,0,0,0,0,0,0,0,0,0,0,0,0,0,,no_grant
16,"إدارة المشتريات",160,Suppliers/supplier_capacity.php,"الطاقة والجاهزية ومهلة الإحلال",0,0,0,0,0,0,0,0,0,0,0,0,0,0,0,0,,no_grant
16,"إدارة المشتريات",161,Suppliers/supplier_evaluation.php,"تقييم المورد الدوري",0,0,0,0,0,0,0,0,0,0,0,0,0,0,0,0,,no_grant
16,"إدارة المشتريات",162,Suppliers/supplier_closure.php,"تصفية إنهاء عقد المورد",0,0,0,0,0,0,0,0,0,0,0,0,0,0,0,0,,no_grant
16,"إدارة المشتريات",163,Suppliers/supplier_documents.php,"وثائق المورد وحسابه البنكي",0,0,0,0,0,0,0,0,0,0,0,0,0,0,0,0,,no_grant
16,"إدارة المشتريات",164,Contracts/tax_invoices.php,"الفاتورة الضريبية",0,0,0,0,0,0,0,0,0,0,0,0,0,0,0,0,,no_grant
16,"إدارة المشتريات",165,Contracts/client_statement.php,"كشف حساب العميل",0,0,0,0,0,0,0,0,0,0,0,0,0,0,0,0,,no_grant
16,"إدارة المشتريات",166,Contracts/collections.php,"الذمم والتحصيل",0,0,0,0,0,0,0,0,0,0,0,0,0,0,0,0,,no_grant
16,"إدارة المشتريات",167,Workforce/final_settlement.php,"تصفية إنهاء خدمة الموظف",0,0,0,0,0,0,0,0,0,0,0,0,0,0,0,0,,no_grant
16,"إدارة المشتريات",168,Transport/transfer_tariffs.php,"تعرفة الترحيل وتسعير الأوامر",0,0,0,0,0,0,0,0,0,0,0,0,0,0,0,0,,no_grant
16,"إدارة المشتريات",169,Finance/periodic_events_fin.php,"الدوريات المالية",0,0,0,0,0,0,0,0,0,0,0,0,0,0,0,0,,no_grant
16,"إدارة المشتريات",171,Suppliers/rfq_requests.php,"طلبات عروض الموردين",1,1,1,1,0,1,0,0,0,0,0,0,1,1,0,0,company,derived_from_4flags
16,"إدارة المشتريات",172,Contracts/contract_sites.php,"نطاقات العقد التشغيلية",0,0,0,0,0,0,0,0,0,0,0,0,0,0,0,0,,no_grant
16,"إدارة المشتريات",173,Contracts/contract_lines.php,"بنود عقد العميل وقيمته",0,0,0,0,0,0,0,0,0,0,0,0,0,0,0,0,,no_grant
16,"إدارة المشتريات",174,Contracts/contract_monthly_plan.php,"الجدول الشهري للعقد",0,0,0,0,0,0,0,0,0,0,0,0,0,0,0,0,,no_grant
16,"إدارة المشتريات",175,Contracts/contract_resource_plan.php,"خطة موارد العقد",0,0,0,0,0,0,0,0,0,0,0,0,0,0,0,0,,no_grant
16,"إدارة المشتريات",176,Contracts/contract_payment_schedule.php,"خطة دفع العقد",0,0,0,0,0,0,0,0,0,0,0,0,0,0,0,0,,no_grant
16,"إدارة المشتريات",177,Contracts/contract_guarantees.php,"ضمانات العقد",0,0,0,0,0,0,0,0,0,0,0,0,0,0,0,0,,no_grant
16,"إدارة المشتريات",178,Contracts/plan_actual_link.php,"ربط الخطة بالفعلي",0,0,0,0,0,0,0,0,0,0,0,0,0,0,0,0,,no_grant
16,"إدارة المشتريات",179,Contracts/contract_baseline.php,"خط أساس العقد",0,0,0,0,0,0,0,0,0,0,0,0,0,0,0,0,,no_grant
16,"إدارة المشتريات",180,Contracts/contract_lifecycle.php,"اقتصاد دورة حياة العقد",0,0,0,0,0,0,0,0,0,0,0,0,0,0,0,0,,no_grant
16,"إدارة المشتريات",181,Contracts/commercial_board.php,"اللوحة التجارية للعقود",0,0,0,0,0,0,0,0,0,0,0,0,0,0,0,0,,no_grant
16,"إدارة المشتريات",182,user_capacities.php,"صفاتي ومبدّل المساحة",1,1,1,0,0,0,0,0,0,0,0,0,1,1,0,0,company,derived_from_4flags
16,"إدارة المشتريات",183,Portal/visibility_keys.php,"مفاتيح الظهور",0,0,0,0,0,0,0,0,0,0,0,0,0,0,0,0,,no_grant
16,"إدارة المشتريات",184,Portal/portal_elements.php,"مكوّنات البوابة",0,0,0,0,0,0,0,0,0,0,0,0,0,0,0,0,,no_grant
16,"إدارة المشتريات",185,Portal/visibility_simulator.php,"من يرى ماذا (محاكاة)",0,0,0,0,0,0,0,0,0,0,0,0,0,0,0,0,,no_grant
16,"إدارة المشتريات",186,Portal/visibility_audit.php,"سجل تدقيق الظهور",0,0,0,0,0,0,0,0,0,0,0,0,0,0,0,0,,no_grant
16,"إدارة المشتريات",187,Portal/my_portal.php,بوابتي,1,1,1,0,0,0,0,0,0,0,0,0,1,1,0,0,company,derived_from_4flags
16,"إدارة المشتريات",188,Portal/my_achievement.php,إنجازي,1,1,1,0,0,0,0,0,0,0,0,0,1,1,0,0,company,derived_from_4flags
16,"إدارة المشتريات",189,Portal/my_evaluation.php,"التقييم الثنائي",1,1,1,1,0,1,0,0,0,0,0,0,1,1,0,0,company,derived_from_4flags
16,"إدارة المشتريات",190,Portal/my_certificate.php,"شهادة الإنجاز",1,1,1,0,0,0,0,0,0,0,0,0,1,1,0,0,company,derived_from_4flags
16,"إدارة المشتريات",191,Portal/workspace.php,"مساحة العمل",1,1,1,0,0,0,0,0,0,0,0,0,1,1,0,0,company,derived_from_4flags
16,"إدارة المشتريات",192,Finance/approvals_inbox.php,"صندوق الاعتمادات الموحد",0,0,0,0,0,0,0,0,0,0,0,0,0,0,0,0,,no_grant
16,"إدارة المشتريات",193,Operations/operations_room.php,"غرفة عمليات التشغيل",0,0,0,0,0,0,0,0,0,0,0,0,0,0,0,0,,no_grant
16,"إدارة المشتريات",194,Operations/distribution_space.php,"مساحة التوزيع",0,0,0,0,0,0,0,0,0,0,0,0,0,0,0,0,,no_grant
16,"إدارة المشتريات",195,Reports/daily_units_report.php,"سجل الوحدات اليومية",0,0,0,0,0,0,0,0,0,0,0,0,0,0,0,0,,no_grant
16,"إدارة المشتريات",196,Fleet/readiness_board.php,"لوحة الجاهزية",0,0,0,0,0,0,0,0,0,0,0,0,0,0,0,0,,no_grant
16,"إدارة المشتريات",197,Maintenance/failure_report.php,"تقرير الأعطال (التصنيف الموحد)",0,0,0,0,0,0,0,0,0,0,0,0,0,0,0,0,,no_grant
16,"إدارة المشتريات",198,Procurement/supplier_card_proc.php,"بطاقة مورد المشتريات",1,1,1,0,0,0,0,0,0,0,0,0,1,1,0,0,company,derived_from_4flags
16,"إدارة المشتريات",199,Procurement/warehouse_board.php,"لوحة أمين المستودع",1,1,1,0,0,0,0,0,0,0,0,0,1,1,0,0,company,derived_from_4flags
16,"إدارة المشتريات",200,Contracts/contract_card.php,"بطاقة العقد الأم",0,0,0,0,0,0,0,0,0,0,0,0,0,0,0,0,,no_grant
16,"إدارة المشتريات",201,Employees/employee_card.php,"بطاقة الموظف",0,0,0,0,0,0,0,0,0,0,0,0,0,0,0,0,,no_grant
16,"إدارة المشتريات",202,Reports/margin_report.php,"هامش الواقعة والعقد",0,0,0,0,0,0,0,0,0,0,0,0,0,0,0,0,,no_grant
16,"إدارة المشتريات",203,Reports/exceptions_report.php,"تقرير الاستثناءات",0,0,0,0,0,0,0,0,0,0,0,0,0,0,0,0,,no_grant
16,"إدارة المشتريات",204,Reports/guard_denials_report.php,"تقرير المنع",0,0,0,0,0,0,0,0,0,0,0,0,0,0,0,0,,no_grant
16,"إدارة المشتريات",205,Settings/guard_classification.php,"تصنيف الحمايات",0,0,0,0,0,0,0,0,0,0,0,0,0,0,0,0,,no_grant
16,"إدارة المشتريات",206,Governance/entities_registry.php,"سجل الكيانات",0,0,0,0,0,0,0,0,0,0,0,0,0,0,0,0,,no_grant
16,"إدارة المشتريات",207,Governance/signing_authority.php,"التفويض بالتوقيع",0,0,0,0,0,0,0,0,0,0,0,0,0,0,0,0,,no_grant
16,"إدارة المشتريات",208,Governance/licenses_guarantees.php,"التراخيص والكفالات",0,0,0,0,0,0,0,0,0,0,0,0,0,0,0,0,,no_grant
16,"إدارة المشتريات",209,Governance/activation_patterns.php,"أنماط التفعيل",0,0,0,0,0,0,0,0,0,0,0,0,0,0,0,0,,no_grant
16,"إدارة المشتريات",210,Financing/financiers_registry.php,"سجل الممولين",0,0,0,0,0,0,0,0,0,0,0,0,0,0,0,0,,no_grant
16,"إدارة المشتريات",211,Financing/financing_operation_new.php,"إنشاء عملية تمويل",0,0,0,0,0,0,0,0,0,0,0,0,0,0,0,0,,no_grant
16,"إدارة المشتريات",212,Reports/approval_lag_report.php,"الاعتمادات المتأخرة والوثائق",0,0,0,0,0,0,0,0,0,0,0,0,0,0,0,0,,no_grant
16,"إدارة المشتريات",213,Governance/ownership_grants.php,"منح المجال المقيَّد",0,0,0,0,0,0,0,0,0,0,0,0,0,0,0,0,,no_grant
16,"إدارة المشتريات",214,Financing/financing_board.php,"لوحة إدارة التمويل",0,0,0,0,0,0,0,0,0,0,0,0,0,0,0,0,,no_grant
16,"إدارة المشتريات",215,admin/ops_manager_board.php,"لوحة مدير التشغيل",0,0,0,0,0,0,0,0,0,0,0,0,0,0,0,0,,no_grant
16,"إدارة المشتريات",216,admin/org_assignments.php,"التكليفات التنظيمية",0,0,0,0,0,0,0,0,0,0,0,0,0,0,0,0,,no_grant
16,"إدارة المشتريات",217,admin/org_structure.php,"الهيكل التنظيمي",0,0,0,0,0,0,0,0,0,0,0,0,0,0,0,0,,no_grant
16,"إدارة المشتريات",218,admin/org_permits.php,"أذونات المواقع",0,0,0,0,0,0,0,0,0,0,0,0,0,0,0,0,,no_grant
16,"إدارة المشتريات",222,admin/sec_governance.php,"مركز حوكمة الصلاحيات",0,0,0,0,0,0,0,0,0,0,0,0,0,0,0,0,,no_grant
16,"إدارة المشتريات",223,admin/sec_employee_wizard.php,"معالج إعداد الموظف",0,0,0,0,0,0,0,0,0,0,0,0,0,0,0,0,,no_grant
16,"إدارة المشتريات",225,Tickets/ticket_workstreams_board.php,"لوحة مسارات البلاغات",0,0,0,0,0,0,0,0,0,0,0,0,0,0,0,0,,no_grant
16,"إدارة المشتريات",226,Tickets/watchtower.php,"برج المراقبة",0,0,0,0,0,0,0,0,0,0,0,0,0,0,0,0,,no_grant
16,"إدارة المشتريات",227,Tickets/ticket_contextual_open.php,"بلاغ سياقي جديد",1,1,1,1,0,1,0,0,0,0,0,0,1,1,0,0,company,derived_from_4flags
16,"إدارة المشتريات",228,main/my_workspace.php,"مساحة عملي",1,1,1,0,0,0,0,0,0,0,0,0,1,1,0,0,company,derived_from_4flags
17,"إدارة المالية",1,Clients/clients.php,العملاء,0,0,0,0,0,0,0,0,0,0,0,0,0,0,0,0,,no_grant
17,"إدارة المالية",2,Projects/projects.php,المشاريع,0,0,0,0,0,0,0,0,0,0,0,0,0,0,0,0,,no_grant
17,"إدارة المالية",3,main/users.php,الصلاحيات,0,0,0,0,0,0,0,0,0,0,0,0,0,0,0,0,,no_grant
17,"إدارة المالية",4,Reports/reports.php,"مركز التقارير",0,0,0,0,0,0,0,0,0,0,0,0,0,0,0,0,,no_grant
17,"إدارة المالية",5,Equipments/equipments_types.php,"أنواع المعدات",0,0,0,0,0,0,0,0,0,0,0,0,0,0,0,0,,no_grant
17,"إدارة المالية",6,Reports/reports.php,"مركز التقارير",0,0,0,0,0,0,0,0,0,0,0,0,0,0,0,0,,no_grant
17,"إدارة المالية",7,Employees/employees.php,الموظفون,0,0,0,0,0,0,0,0,0,0,0,0,0,0,0,0,,no_grant
17,"إدارة المالية",8,Equipments/equipments_fleet.php,المعدات,0,0,0,0,0,0,0,0,0,0,0,0,0,0,0,0,,no_grant
17,"إدارة المالية",9,Oprators/oprators.php,"شاشة التشغيل",0,0,0,0,0,0,0,0,0,0,0,0,0,0,0,0,,no_grant
17,"إدارة المالية",10,Timesheet/timesheet_type.php,"تسجيل الوحدات",0,0,0,0,0,0,0,0,0,0,0,0,0,0,0,0,,no_grant
17,"إدارة المالية",11,Settings/settings.php,الإعدادات,0,0,0,0,0,0,0,0,0,0,0,0,0,0,0,0,,no_grant
17,"إدارة المالية",12,ActivityLogs/activity_logs.php,"سجل النشاط",0,0,0,0,0,0,0,0,0,0,0,0,0,0,0,0,,no_grant
17,"إدارة المالية",14,main/project_users.php,"مشرفو الموردين",1,1,1,1,1,1,1,0,0,0,0,1,1,1,0,0,company,derived_from_4flags
17,"إدارة المالية",15,main/project_users.php,المشرفين,0,0,0,0,0,0,0,0,0,0,0,0,0,0,0,0,,no_grant
17,"إدارة المالية",16,main/project_users.php,المشرفين,0,0,0,0,0,0,0,0,0,0,0,0,0,0,0,0,,no_grant
17,"إدارة المالية",17,main/project_users.php,"إدارة المعاونين",0,0,0,0,0,0,0,0,0,0,0,0,0,0,0,0,,no_grant
17,"إدارة المالية",18,main/project_users.php,المشرفين,0,0,0,0,0,0,0,0,0,0,0,0,0,0,0,0,,no_grant
17,"إدارة المالية",20,Contracts/contracts.php,العقود,0,0,0,0,0,0,0,0,0,0,0,0,0,0,0,0,,no_grant
17,"إدارة المالية",21,Contracts/contracts_details.php,"ملف عقد المشروع",0,0,0,0,0,0,0,0,0,0,0,0,0,0,0,0,,no_grant
17,"إدارة المالية",22,Suppliers/suppliers.php,الموردون,0,0,0,0,0,0,0,0,0,0,0,0,0,0,0,0,,no_grant
17,"إدارة المالية",23,Oprators/select_project.php,التشغيل,0,0,0,0,0,0,0,0,0,0,0,0,0,0,0,0,,no_grant
17,"إدارة المالية",24,Settings/settings.php,الإعدادات,0,0,0,0,0,0,0,0,0,0,0,0,0,0,0,0,,no_grant
17,"إدارة المالية",25,Suppliers/supplierscontracts.php,"عقود الموردين",0,0,0,0,0,0,0,0,0,0,0,0,0,0,0,0,,no_grant
17,"إدارة المالية",26,Suppliers/supplierscontracts_details.php,"ملف عقد المورد",0,0,0,0,0,0,0,0,0,0,0,0,0,0,0,0,,no_grant
17,"إدارة المالية",27,Equipments/equipments_drivers.php,المعدات,0,0,0,0,0,0,0,0,0,0,0,0,0,0,0,0,,no_grant
17,"إدارة المالية",28,Reports/reports.php,"مركز التقارير",0,0,0,0,0,0,0,0,0,0,0,0,0,0,0,0,,no_grant
17,"إدارة المالية",29,movement/project_drivers.php,"توزيع المشغّلين",0,0,0,0,0,0,0,0,0,0,0,0,0,0,0,0,,no_grant
17,"إدارة المالية",30,movement/movement_operations.php,الورديات,0,0,0,0,0,0,0,0,0,0,0,0,0,0,0,0,,no_grant
17,"إدارة المالية",31,Reports/reports.php,"مركز التقارير",0,0,0,0,0,0,0,0,0,0,0,0,0,0,0,0,,no_grant
17,"إدارة المالية",32,Reports/reports.php,"مركز التقارير",0,0,0,0,0,0,0,0,0,0,0,0,0,0,0,0,,no_grant
17,"إدارة المالية",34,movement/map_page.php,"متابعة المشروع",0,0,0,0,0,0,0,0,0,0,0,0,0,0,0,0,,no_grant
17,"إدارة المالية",35,Clients/clients.php,العملاء,0,0,0,0,0,0,0,0,0,0,0,0,0,0,0,0,,no_grant
17,"إدارة المالية",36,Projects/projects.php,المشاريع,0,0,0,0,0,0,0,0,0,0,0,0,0,0,0,0,,no_grant
17,"إدارة المالية",37,Contracts/contracts.php,العقود,0,0,0,0,0,0,0,0,0,0,0,0,0,0,0,0,,no_grant
17,"إدارة المالية",38,Equipments/manage_failure_codes.php,"تصنيفات الأعطال",0,0,0,0,0,0,0,0,0,0,0,0,0,0,0,0,,no_grant
17,"إدارة المالية",40,Equipments/fleet_models.php,"الأنواع والموديلات",0,0,0,0,0,0,0,0,0,0,0,0,0,0,0,0,,no_grant
17,"إدارة المالية",41,Equipments/fleet_depreciation_profiles.php,"إعداد الإهلاك",0,0,0,0,0,0,0,0,0,0,0,0,0,0,0,0,,no_grant
17,"إدارة المالية",42,Maintenance/breakdowns.php,"البلاغات (غير مفعّلة)",0,0,0,0,0,0,0,0,0,0,0,0,0,0,0,0,,no_grant
17,"إدارة المالية",43,Maintenance/orders.php,"أوامر الصيانة",0,0,0,0,0,0,0,0,0,0,0,0,0,0,0,0,,no_grant
17,"إدارة المالية",44,Maintenance/inspections.php,"الفحص الفني اليومي",0,0,0,0,0,0,0,0,0,0,0,0,0,0,0,0,,no_grant
17,"إدارة المالية",45,Maintenance/preventive_plans.php,"الصيانة الوقائية",0,0,0,0,0,0,0,0,0,0,0,0,0,0,0,0,,no_grant
17,"إدارة المالية",46,Maintenance/master_data.php,"إعدادات الصيانة",0,0,0,0,0,0,0,0,0,0,0,0,0,0,0,0,,no_grant
17,"إدارة المالية",47,Workforce/worker_register.php,"السجل التشغيلي للعامل",0,0,0,0,0,0,0,0,0,0,0,0,0,0,0,0,,no_grant
17,"إدارة المالية",48,Workforce/worker_contract.php,"عقود العاملين",0,0,0,0,0,0,0,0,0,0,0,0,0,0,0,0,,no_grant
17,"إدارة المالية",50,Workforce/worker_leave_absence.php,"الإجازات والغياب",0,0,0,0,0,0,0,0,0,0,0,0,0,0,0,0,,no_grant
17,"إدارة المالية",51,Workforce/worker_movement.php,"تنقلات العاملين",0,0,0,0,0,0,0,0,0,0,0,0,0,0,0,0,,no_grant
17,"إدارة المالية",52,Workforce/housing_units.php,"السكن والإعاشة",0,0,0,0,0,0,0,0,0,0,0,0,0,0,0,0,,no_grant
17,"إدارة المالية",53,Workforce/worker_evaluation.php,"تقييم الأداء",0,0,0,0,0,0,0,0,0,0,0,0,0,0,0,0,,no_grant
17,"إدارة المالية",54,Workforce/worker_settlement.php,"تسويات العاملين",0,0,0,0,0,0,0,0,0,0,0,0,0,0,0,0,,no_grant
17,"إدارة المالية",55,Workforce/workforce_requirement.php,"احتياج القوى والتخطيط",0,0,0,0,0,0,0,0,0,0,0,0,0,0,0,0,,no_grant
17,"إدارة المالية",56,Workforce/worker_worklog.php,"سجل الأحداث التشغيلية",0,0,0,0,0,0,0,0,0,0,0,0,0,0,0,0,,no_grant
17,"إدارة المالية",57,Employees/job_titles.php,"المسميات الوظيفية",0,0,0,0,0,0,0,0,0,0,0,0,0,0,0,0,,no_grant
17,"إدارة المالية",58,Employees/employee_roles.php,"الأدوار الوظيفية",0,0,0,0,0,0,0,0,0,0,0,0,0,0,0,0,,no_grant
17,"إدارة المالية",59,Employees/equipment_operators.php,"المشغّلون والسائقون",0,0,0,0,0,0,0,0,0,0,0,0,0,0,0,0,,no_grant
17,"إدارة المالية",60,main/users.php,"إدارة المستخدمين",0,0,0,0,0,0,0,0,0,0,0,0,0,0,0,0,,no_grant
17,"إدارة المالية",61,main/all_assistants.php,المعاونون,0,0,0,0,0,0,0,0,0,0,0,0,0,0,0,0,,no_grant
17,"إدارة المالية",62,Employees/employee_contracts.php,"عقود الموظفين",0,0,0,0,0,0,0,0,0,0,0,0,0,0,0,0,,no_grant
17,"إدارة المالية",63,Employees/employee_contracts_details.php,"ملف عقد الموظف",0,0,0,0,0,0,0,0,0,0,0,0,0,0,0,0,,no_grant
17,"إدارة المالية",64,Employees/employee_profile.php,"بطاقة الموظف",0,0,0,0,0,0,0,0,0,0,0,0,0,0,0,0,,no_grant
17,"إدارة المالية",65,Employees/showcontractemployee.php,"عرض عقد الموظف",0,0,0,0,0,0,0,0,0,0,0,0,0,0,0,0,,no_grant
17,"إدارة المالية",66,Opportunities/opportunities.php,"الفرص البيعية",0,0,0,0,0,0,0,0,0,0,0,0,0,0,0,0,,no_grant
17,"إدارة المالية",67,Procurement/dashboard_proc.php,"لوحة المشتريات",0,0,0,0,0,0,0,0,0,0,0,0,0,0,0,0,,no_grant
17,"إدارة المالية",68,Procurement/items_proc.php,"كتالوج الأصناف",0,0,0,0,0,0,0,0,0,0,0,0,0,0,0,0,,no_grant
17,"إدارة المالية",69,Procurement/requests_proc.php,"طلبات الشراء",0,0,0,0,0,0,0,0,0,0,0,0,0,0,0,0,,no_grant
17,"إدارة المالية",70,Procurement/orders_proc.php,"أوامر الشراء",0,0,0,0,0,0,0,0,0,0,0,0,0,0,0,0,,no_grant
17,"إدارة المالية",71,Procurement/receipt_custody_proc.php,"الاستلام المؤقت",0,0,0,0,0,0,0,0,0,0,0,0,0,0,0,0,,no_grant
17,"إدارة المالية",72,Procurement/stock_proc.php,المخزون,0,0,0,0,0,0,0,0,0,0,0,0,0,0,0,0,,no_grant
17,"إدارة المالية",73,Procurement/issue_proc.php,"صرف المخزون والعهدة",0,0,0,0,0,0,0,0,0,0,0,0,0,0,0,0,,no_grant
17,"إدارة المالية",74,Procurement/reordering_proc.php,"حدود إعادة الطلب",0,0,0,0,0,0,0,0,0,0,0,0,0,0,0,0,,no_grant
17,"إدارة المالية",75,Procurement/suppliers_proc.php,"موردو المشتريات",0,0,0,0,0,0,0,0,0,0,0,0,0,0,0,0,,no_grant
17,"إدارة المالية",76,Procurement/master_data_proc.php,"البيانات المرجعية",0,0,0,0,0,0,0,0,0,0,0,0,0,0,0,0,,no_grant
17,"إدارة المالية",77,Clients/activities.php,"أنشطة العملاء",0,0,0,0,0,0,0,0,0,0,0,0,0,0,0,0,,no_grant
17,"إدارة المالية",78,Clients/commercial_risks.php,"المخاطر التجارية",0,0,0,0,0,0,0,0,0,0,0,0,0,0,0,0,,no_grant
17,"إدارة المالية",79,Clients/tenders.php,المناقصات,0,0,0,0,0,0,0,0,0,0,0,0,0,0,0,0,,no_grant
17,"إدارة المالية",80,Clients/quotations.php,"عروض الأسعار",0,0,0,0,0,0,0,0,0,0,0,0,0,0,0,0,,no_grant
17,"إدارة المالية",81,Clients/pricelists.php,"قوائم ونماذج التسعير",0,0,0,0,0,0,0,0,0,0,0,0,0,0,0,0,,no_grant
17,"إدارة المالية",82,Clients/products.php,"كتالوج المنتجات والخدمات",0,0,0,0,0,0,0,0,0,0,0,0,0,0,0,0,,no_grant
17,"إدارة المالية",83,Clients/units_of_measure.php,"وحدات القياس",0,0,0,0,0,0,0,0,0,0,0,0,0,0,0,0,,no_grant
17,"إدارة المالية",84,Clients/contract_amendments.php,"ملاحق العقود وتجديداتها",0,0,0,0,0,0,0,0,0,0,0,0,0,0,0,0,,no_grant
17,"إدارة المالية",85,Clients/contract_events.php,"سجل حركة العقد",0,0,0,0,0,0,0,0,0,0,0,0,0,0,0,0,,no_grant
17,"إدارة المالية",86,Finance/events_list_fin.php,"المعاملات المالية",1,1,1,1,1,1,1,0,0,0,0,1,1,1,0,0,company,derived_from_4flags
17,"إدارة المالية",87,Finance/accounts_fin.php,"دليل الحسابات",1,1,1,1,1,1,1,0,0,0,0,1,1,1,0,0,company,derived_from_4flags
17,"إدارة المالية",88,Finance/journal_form_fin.php,"القيود اليومية",1,1,1,1,1,1,1,0,0,0,0,1,1,1,0,0,company,derived_from_4flags
17,"إدارة المالية",89,Finance/budget_form_fin.php,"الميزانية والانحراف",1,1,1,1,1,1,1,0,0,0,0,1,1,1,0,0,company,derived_from_4flags
17,"إدارة المالية",90,Finance/dues_fin.php,"الذمم والتحصيل",1,1,1,1,1,1,1,0,0,0,0,1,1,1,0,0,company,derived_from_4flags
17,"إدارة المالية",91,Finance/payments_fin.php,"المدفوعات والخزينة",1,1,1,1,1,1,1,0,0,0,0,1,1,1,0,0,company,derived_from_4flags
17,"إدارة المالية",92,Finance/cost_report_fin.php,"التكاليف والربحية",1,1,1,1,1,1,1,0,0,0,0,1,1,1,0,0,company,derived_from_4flags
17,"إدارة المالية",93,Finance/periods_fin.php,"إقفال الفترات",1,1,1,1,1,1,1,0,0,0,0,1,1,1,0,0,company,derived_from_4flags
17,"إدارة المالية",94,Finance/funding_fin.php,"التمويل والالتزامات",1,1,1,1,1,1,1,0,0,0,0,1,1,1,0,0,company,derived_from_4flags
17,"إدارة المالية",95,Finance/cash_forecast_fin.php,"السيولة والتنبؤ النقدي",1,1,1,1,1,1,1,0,0,0,0,1,1,1,0,0,company,derived_from_4flags
17,"إدارة المالية",96,Finance/management_accounting_fin.php,"المحاسبة الإدارية",1,1,1,1,1,1,1,0,0,0,0,1,1,1,0,0,company,derived_from_4flags
17,"إدارة المالية",97,Finance/accountants_fin.php,"المحاسبون والوحدات",1,1,1,1,1,1,1,0,0,0,0,1,1,1,0,0,company,derived_from_4flags
17,"إدارة المالية",98,Finance/import_events_fin.php,"استقبال معاملات الإدارات",1,1,1,1,1,1,1,0,0,0,0,1,1,1,0,0,company,derived_from_4flags
17,"إدارة المالية",99,Finance/executive_dashboard_fin.php,"اللوحة التنفيذية",1,1,1,1,1,1,1,0,0,0,0,1,1,1,0,0,company,derived_from_4flags
17,"إدارة المالية",100,Finance/financial_statements_fin.php,"القوائم المالية",1,1,1,1,1,1,1,0,0,0,0,1,1,1,0,0,company,derived_from_4flags
17,"إدارة المالية",101,Finance/assets_fin.php,"الأصول والإهلاك",1,1,1,1,1,1,1,0,0,0,0,1,1,1,0,0,company,derived_from_4flags
17,"إدارة المالية",102,Finance/tax_fin.php,"الضرائب والقيمة المضافة",1,1,1,1,1,1,1,0,0,0,0,1,1,1,0,0,company,derived_from_4flags
17,"إدارة المالية",103,Finance/bank_reconciliation_fin.php,"المطابقة البنكية",1,1,1,1,1,1,1,0,0,0,0,1,1,1,0,0,company,derived_from_4flags
17,"إدارة المالية",104,Finance/cfo_daily_board_fin.php,"لوحة المدير المالي",1,1,1,1,1,1,1,0,0,0,0,1,1,1,0,0,company,derived_from_4flags
17,"إدارة المالية",105,Finance/unit_records_fin.php,"وحدات الأطراف",1,1,1,1,1,1,1,0,0,0,0,1,1,1,0,0,company,derived_from_4flags
17,"إدارة المالية",106,Finance/supplier_statement_fin.php,"كشف حساب المورد",1,1,1,1,1,1,1,0,0,0,0,1,1,1,0,0,company,derived_from_4flags
17,"إدارة المالية",107,main/project_users.php,المعاونين,1,1,1,1,1,1,1,0,0,0,0,1,1,1,0,0,company,derived_from_4flags
17,"إدارة المالية",108,Transport/transfer_types_config.php,"إعدادات الترحيل",0,0,0,0,0,0,0,0,0,0,0,0,0,0,0,0,,no_grant
17,"إدارة المالية",109,Transport/transfer_cost_rules_config.php,"قواعد تحميل تكلفة الترحيل",0,0,0,0,0,0,0,0,0,0,0,0,0,0,0,0,,no_grant
17,"إدارة المالية",110,Transport/trs_locations_config.php,المواقع,0,0,0,0,0,0,0,0,0,0,0,0,0,0,0,0,,no_grant
17,"إدارة المالية",111,Transport/transfer_requests.php,"موافقات الترحيل",0,0,0,0,0,0,0,0,0,0,0,0,0,0,0,0,,no_grant
17,"إدارة المالية",112,Transport/transfer_orders_list.php,"أوامر الترحيل",0,0,0,0,0,0,0,0,0,0,0,0,0,0,0,0,,no_grant
17,"إدارة المالية",113,Transport/transfer_dashboard.php,"لوحة الرحلات",0,0,0,0,0,0,0,0,0,0,0,0,0,0,0,0,,no_grant
17,"إدارة المالية",114,FinRequests/request_form.php,"طلب مالي جديد",0,0,0,0,0,0,0,0,0,0,0,0,0,0,0,0,,no_grant
17,"إدارة المالية",115,FinRequests/my_requests.php,"طلباتي المالية",0,0,0,0,0,0,0,0,0,0,0,0,0,0,0,0,,no_grant
17,"إدارة المالية",116,FinRequests/dept_inbox.php,"موافقات إدارتي",1,1,1,0,1,0,1,0,0,0,0,0,1,1,0,0,company,derived_from_4flags
17,"إدارة المالية",117,FinRequests/accountant_desk.php,"مكتب المحاسب",1,1,1,0,1,0,1,0,0,0,0,0,1,1,0,0,company,derived_from_4flags
17,"إدارة المالية",118,FinRequests/finance_gateway.php,"الطلبات المالية",1,1,1,0,0,0,0,0,0,0,0,0,1,1,0,0,company,derived_from_4flags
17,"إدارة المالية",119,FinRequests/effect_map.php,"سجل الحركة المالية",1,1,1,0,0,0,0,0,0,0,0,0,1,1,0,0,company,derived_from_4flags
17,"إدارة المالية",120,FinRequests/routing_admin.php,"قواعد توجيه الطلبات",1,1,1,1,1,1,1,0,0,0,0,0,1,1,0,0,company,derived_from_4flags
17,"إدارة المالية",121,FinRequests/cycle_time_board.php,"زمن دورة الطلبات",1,1,1,0,0,0,0,0,0,0,0,0,1,1,0,0,company,derived_from_4flags
17,"إدارة المالية",122,FinRequests/requests_reports.php,"تقارير الطلبات المالية",1,1,1,0,0,0,0,0,0,0,0,0,1,1,0,0,company,derived_from_4flags
17,"إدارة المالية",123,Settings/role_permissions.php,"صلاحيات الأدوار",0,0,0,0,0,0,0,0,0,0,0,0,0,0,0,0,,no_grant
17,"إدارة المالية",124,Settings/roles.php,الأدوار,0,0,0,0,0,0,0,0,0,0,0,0,0,0,0,0,,no_grant
17,"إدارة المالية",125,Finance/variance_monitor_fin.php,"متابعة الانحراف",1,1,1,0,1,0,1,0,0,0,0,0,1,1,0,0,company,derived_from_4flags
17,"إدارة المالية",126,Finance/maintenance_provision_fin.php,"قواعد مخصص الصيانة",1,1,1,0,1,0,1,0,0,0,0,0,1,1,0,0,company,derived_from_4flags
17,"إدارة المالية",127,Clients/contract_commitments.php,"التزامات العقود",0,0,0,0,0,0,0,0,0,0,0,0,0,0,0,0,,no_grant
17,"إدارة المالية",128,Finance/operator_pay_fin.php,"قواعد مستحقات المشغّلين",1,1,1,0,1,0,1,0,0,0,0,0,1,1,0,0,company,derived_from_4flags
17,"إدارة المالية",129,Clients/readiness_lines.php,"جاهزية العروض",0,0,0,0,0,0,0,0,0,0,0,0,0,0,0,0,,no_grant
17,"إدارة المالية",130,Tickets/ticket_types_config.php,"إعداد أنواع البلاغات",0,0,0,0,0,0,0,0,0,0,0,0,0,0,0,0,,no_grant
17,"إدارة المالية",131,Tickets/ticket_categories_config.php,"تصنيفات الأعطال والبلاغات",0,0,0,0,0,0,0,0,0,0,0,0,0,0,0,0,,no_grant
17,"إدارة المالية",132,Tickets/tickets_list.php,البلاغات,0,0,0,0,0,0,0,0,0,0,0,0,0,0,0,0,,no_grant
17,"إدارة المالية",133,Tickets/ticket_form.php,"تسجيل بلاغ",0,0,0,0,0,0,0,0,0,0,0,0,0,0,0,0,,no_grant
17,"إدارة المالية",134,Tickets/ticket_sla_config.php,"أزمنة الاستجابة والإنجاز",0,0,0,0,0,0,0,0,0,0,0,0,0,0,0,0,,no_grant
17,"إدارة المالية",135,Tickets/ticket_escalation_config.php,"سلّم التصعيد",0,0,0,0,0,0,0,0,0,0,0,0,0,0,0,0,,no_grant
17,"إدارة المالية",136,Tickets/ticket_recurrence.php,"البلاغات الدورية",0,0,0,0,0,0,0,0,0,0,0,0,0,0,0,0,,no_grant
17,"إدارة المالية",137,Tickets/ticket_dashboard.php,"أداء البلاغات",0,0,0,0,0,0,0,0,0,0,0,0,0,0,0,0,,no_grant
17,"إدارة المالية",138,Maintenance/dashboard_mnt.php,"لوحة إدارة الصيانة",0,0,0,0,0,0,0,0,0,0,0,0,0,0,0,0,,no_grant
17,"إدارة المالية",139,main/role_board.php,"لوحة الدور",0,0,0,0,0,0,0,0,0,0,0,0,0,0,0,0,,no_grant
17,"إدارة المالية",140,Finance/operator_pay_policies_fin.php,"سياسات مستحقات المشغّلين",1,1,1,1,1,1,1,0,0,0,0,0,1,1,0,0,company,derived_from_4flags
17,"إدارة المالية",141,Equipments/equipment_documents.php,"وثائق المعدات والمشغّلين",0,0,0,0,0,0,0,0,0,0,0,0,0,0,0,0,,no_grant
17,"إدارة المالية",142,Contracts/claims.php,المستخلصات,1,1,1,0,0,0,0,0,0,0,0,0,1,1,0,0,company,derived_from_4flags
17,"إدارة المالية",143,Finance/currencies_fin.php,"العملات وأسعار الصرف",1,1,1,1,1,1,1,0,0,0,0,0,1,1,0,0,company,derived_from_4flags
17,"إدارة المالية",144,Suppliers/settlements.php,"تسويات الموردين",1,1,1,0,0,0,0,0,0,0,0,0,1,1,0,0,company,derived_from_4flags
17,"إدارة المالية",145,Contracts/contract_obligations.php,"مصفوفة التزامات العقد",1,1,1,0,0,0,0,0,0,0,0,0,1,1,0,0,company,derived_from_4flags
17,"إدارة المالية",146,Approvals/attribution_board.php,"لوحة الإسناد اليومي",1,1,1,0,0,0,0,0,0,0,0,0,1,1,0,0,company,derived_from_4flags
17,"إدارة المالية",147,Contracts/penalties.php,"احتساب الجزاءات والحوافز",1,1,1,0,0,0,0,0,0,0,0,0,1,1,0,0,company,derived_from_4flags
17,"إدارة المالية",148,Workforce/employee_settlements.php,"تسويات الموظفين",1,1,1,0,0,0,0,0,0,0,0,0,1,1,0,0,company,derived_from_4flags
17,"إدارة المالية",149,Operations/containers.php,"حاويات العقود",1,1,1,0,0,0,0,0,0,0,0,0,1,1,0,0,company,derived_from_4flags
17,"إدارة المالية",150,Projects/sites.php,"مواقع التنفيذ",0,0,0,0,0,0,0,0,0,0,0,0,0,0,0,0,,no_grant
17,"إدارة المالية",151,Workforce/contract_registry.php,"سجل العقود الموحّد",0,0,0,0,0,0,0,0,0,0,0,0,0,0,0,0,,no_grant
17,"إدارة المالية",152,Operations/daily_plan.php,"خطة عمل الغد",0,0,0,0,0,0,0,0,0,0,0,0,0,0,0,0,,no_grant
17,"إدارة المالية",153,Suppliers/supplier_contract_lines.php,"بنود عقد المورد",1,1,1,0,0,0,0,0,0,0,0,0,1,1,0,0,company,derived_from_4flags
17,"إدارة المالية",154,Contracts/price_terms.php,"شروط تعديل السعر",1,1,1,0,0,0,0,0,0,0,0,0,1,1,0,0,company,derived_from_4flags
17,"إدارة المالية",155,Equipments/meter_readings.php,"قراءات العدّادات",0,0,0,0,0,0,0,0,0,0,0,0,0,0,0,0,,no_grant
17,"إدارة المالية",156,Workforce/payroll_runs.php,"مسيّر الرواتب",1,1,1,0,0,0,0,0,0,0,0,0,1,1,0,0,company,derived_from_4flags
17,"إدارة المالية",157,Workforce/employee_advances.php,"سلفيات الموظفين",1,1,1,0,1,0,1,0,0,0,0,0,1,1,0,0,company,derived_from_4flags
17,"إدارة المالية",158,Suppliers/supplier_advances.php,"سلفيات الموردين",1,1,1,0,1,0,1,0,0,0,0,0,1,1,0,0,company,derived_from_4flags
17,"إدارة المالية",159,Suppliers/supplier_rules.php,"قواعد تحميل المورد وجزاءاته",1,1,1,0,0,0,0,0,0,0,0,0,1,1,0,0,company,derived_from_4flags
17,"إدارة المالية",160,Suppliers/supplier_capacity.php,"الطاقة والجاهزية ومهلة الإحلال",1,1,1,0,0,0,0,0,0,0,0,0,1,1,0,0,company,derived_from_4flags
17,"إدارة المالية",161,Suppliers/supplier_evaluation.php,"تقييم المورد الدوري",1,1,1,0,0,0,0,0,0,0,0,0,1,1,0,0,company,derived_from_4flags
17,"إدارة المالية",162,Suppliers/supplier_closure.php,"تصفية إنهاء عقد المورد",1,1,1,0,0,0,0,0,0,0,0,0,1,1,0,0,company,derived_from_4flags
17,"إدارة المالية",163,Suppliers/supplier_documents.php,"وثائق المورد وحسابه البنكي",1,1,1,0,0,0,0,0,0,0,0,0,1,1,0,0,company,derived_from_4flags
17,"إدارة المالية",164,Contracts/tax_invoices.php,"الفاتورة الضريبية",1,1,1,1,1,1,1,0,0,0,0,0,1,1,0,0,company,derived_from_4flags
17,"إدارة المالية",165,Contracts/client_statement.php,"كشف حساب العميل",1,1,1,0,0,0,0,0,0,0,0,0,1,1,0,0,company,derived_from_4flags
17,"إدارة المالية",166,Contracts/collections.php,"الذمم والتحصيل",1,1,1,1,1,1,1,0,0,0,0,0,1,1,0,0,company,derived_from_4flags
17,"إدارة المالية",167,Workforce/final_settlement.php,"تصفية إنهاء خدمة الموظف",1,1,1,0,1,0,1,0,0,0,0,0,1,1,0,0,company,derived_from_4flags
17,"إدارة المالية",168,Transport/transfer_tariffs.php,"تعرفة الترحيل وتسعير الأوامر",1,1,1,0,0,0,0,0,0,0,0,0,1,1,0,0,company,derived_from_4flags
17,"إدارة المالية",169,Finance/periodic_events_fin.php,"الدوريات المالية",1,1,1,1,1,1,1,0,0,0,0,0,1,1,0,0,company,derived_from_4flags
17,"إدارة المالية",171,Suppliers/rfq_requests.php,"طلبات عروض الموردين",1,1,1,0,0,0,0,0,0,0,0,0,1,1,0,0,company,derived_from_4flags
17,"إدارة المالية",172,Contracts/contract_sites.php,"نطاقات العقد التشغيلية",0,0,0,0,0,0,0,0,0,0,0,0,0,0,0,0,,no_grant
17,"إدارة المالية",173,Contracts/contract_lines.php,"بنود عقد العميل وقيمته",1,1,1,0,0,0,0,0,0,0,0,0,1,1,0,0,company,derived_from_4flags
17,"إدارة المالية",174,Contracts/contract_monthly_plan.php,"الجدول الشهري للعقد",0,0,0,0,0,0,0,0,0,0,0,0,0,0,0,0,,no_grant
17,"إدارة المالية",175,Contracts/contract_resource_plan.php,"خطة موارد العقد",0,0,0,0,0,0,0,0,0,0,0,0,0,0,0,0,,no_grant
17,"إدارة المالية",176,Contracts/contract_payment_schedule.php,"خطة دفع العقد",0,0,0,0,0,0,0,0,0,0,0,0,0,0,0,0,,no_grant
17,"إدارة المالية",177,Contracts/contract_guarantees.php,"ضمانات العقد",0,0,0,0,0,0,0,0,0,0,0,0,0,0,0,0,,no_grant
17,"إدارة المالية",178,Contracts/plan_actual_link.php,"ربط الخطة بالفعلي",1,1,1,0,0,0,0,0,0,0,0,0,1,1,0,0,company,derived_from_4flags
17,"إدارة المالية",179,Contracts/contract_baseline.php,"خط أساس العقد",1,1,1,0,1,0,1,0,0,0,0,0,1,1,0,0,company,derived_from_4flags
17,"إدارة المالية",180,Contracts/contract_lifecycle.php,"اقتصاد دورة حياة العقد",1,1,1,1,1,1,1,0,0,0,0,0,1,1,0,0,company,derived_from_4flags
17,"إدارة المالية",181,Contracts/commercial_board.php,"اللوحة التجارية للعقود",1,1,1,0,0,0,0,0,0,0,0,0,1,1,0,0,company,derived_from_4flags
17,"إدارة المالية",182,user_capacities.php,"صفاتي ومبدّل المساحة",1,1,1,0,0,0,0,0,0,0,0,0,1,1,0,0,company,derived_from_4flags
17,"إدارة المالية",183,Portal/visibility_keys.php,"مفاتيح الظهور",0,0,0,0,0,0,0,0,0,0,0,0,0,0,0,0,,no_grant
17,"إدارة المالية",184,Portal/portal_elements.php,"مكوّنات البوابة",0,0,0,0,0,0,0,0,0,0,0,0,0,0,0,0,,no_grant
17,"إدارة المالية",185,Portal/visibility_simulator.php,"من يرى ماذا (محاكاة)",0,0,0,0,0,0,0,0,0,0,0,0,0,0,0,0,,no_grant
17,"إدارة المالية",186,Portal/visibility_audit.php,"سجل تدقيق الظهور",0,0,0,0,0,0,0,0,0,0,0,0,0,0,0,0,,no_grant
17,"إدارة المالية",187,Portal/my_portal.php,بوابتي,1,1,1,0,0,0,0,0,0,0,0,0,1,1,0,0,company,derived_from_4flags
17,"إدارة المالية",188,Portal/my_achievement.php,إنجازي,1,1,1,0,0,0,0,0,0,0,0,0,1,1,0,0,company,derived_from_4flags
17,"إدارة المالية",189,Portal/my_evaluation.php,"التقييم الثنائي",1,1,1,1,0,1,0,0,0,0,0,0,1,1,0,0,company,derived_from_4flags
17,"إدارة المالية",190,Portal/my_certificate.php,"شهادة الإنجاز",1,1,1,0,0,0,0,0,0,0,0,0,1,1,0,0,company,derived_from_4flags
17,"إدارة المالية",191,Portal/workspace.php,"مساحة العمل",1,1,1,0,0,0,0,0,0,0,0,0,1,1,0,0,company,derived_from_4flags
17,"إدارة المالية",192,Finance/approvals_inbox.php,"صندوق الاعتمادات الموحد",1,1,1,0,0,0,0,0,0,0,0,0,1,1,0,0,company,derived_from_4flags
17,"إدارة المالية",193,Operations/operations_room.php,"غرفة عمليات التشغيل",0,0,0,0,0,0,0,0,0,0,0,0,0,0,0,0,,no_grant
17,"إدارة المالية",194,Operations/distribution_space.php,"مساحة التوزيع",0,0,0,0,0,0,0,0,0,0,0,0,0,0,0,0,,no_grant
17,"إدارة المالية",195,Reports/daily_units_report.php,"سجل الوحدات اليومية",1,1,1,0,0,0,0,0,0,0,0,0,1,1,0,0,company,derived_from_4flags
17,"إدارة المالية",196,Fleet/readiness_board.php,"لوحة الجاهزية",0,0,0,0,0,0,0,0,0,0,0,0,0,0,0,0,,no_grant
17,"إدارة المالية",197,Maintenance/failure_report.php,"تقرير الأعطال (التصنيف الموحد)",0,0,0,0,0,0,0,0,0,0,0,0,0,0,0,0,,no_grant
17,"إدارة المالية",198,Procurement/supplier_card_proc.php,"بطاقة مورد المشتريات",0,0,0,0,0,0,0,0,0,0,0,0,0,0,0,0,,no_grant
17,"إدارة المالية",199,Procurement/warehouse_board.php,"لوحة أمين المستودع",0,0,0,0,0,0,0,0,0,0,0,0,0,0,0,0,,no_grant
17,"إدارة المالية",200,Contracts/contract_card.php,"بطاقة العقد الأم",1,1,1,0,0,0,0,0,0,0,0,0,1,1,0,0,company,derived_from_4flags
17,"إدارة المالية",201,Employees/employee_card.php,"بطاقة الموظف",0,0,0,0,0,0,0,0,0,0,0,0,0,0,0,0,,no_grant
17,"إدارة المالية",202,Reports/margin_report.php,"هامش الواقعة والعقد",1,1,1,0,0,0,0,0,0,0,0,0,1,1,0,0,company,derived_from_4flags
17,"إدارة المالية",203,Reports/exceptions_report.php,"تقرير الاستثناءات",1,1,1,0,0,0,0,0,0,0,0,0,1,1,0,0,company,derived_from_4flags
17,"إدارة المالية",204,Reports/guard_denials_report.php,"تقرير المنع",1,1,1,0,0,0,0,0,0,0,0,0,1,1,0,0,company,derived_from_4flags
17,"إدارة المالية",205,Settings/guard_classification.php,"تصنيف الحمايات",0,0,0,0,0,0,0,0,0,0,0,0,0,0,0,0,,no_grant
17,"إدارة المالية",206,Governance/entities_registry.php,"سجل الكيانات",0,0,0,0,0,0,0,0,0,0,0,0,0,0,0,0,,no_grant
17,"إدارة المالية",207,Governance/signing_authority.php,"التفويض بالتوقيع",0,0,0,0,0,0,0,0,0,0,0,0,0,0,0,0,,no_grant
17,"إدارة المالية",208,Governance/licenses_guarantees.php,"التراخيص والكفالات",0,0,0,0,0,0,0,0,0,0,0,0,0,0,0,0,,no_grant
17,"إدارة المالية",209,Governance/activation_patterns.php,"أنماط التفعيل",0,0,0,0,0,0,0,0,0,0,0,0,0,0,0,0,,no_grant
17,"إدارة المالية",210,Financing/financiers_registry.php,"سجل الممولين",0,0,0,0,0,0,0,0,0,0,0,0,0,0,0,0,,no_grant
17,"إدارة المالية",211,Financing/financing_operation_new.php,"إنشاء عملية تمويل",0,0,0,0,0,0,0,0,0,0,0,0,0,0,0,0,,no_grant
17,"إدارة المالية",212,Reports/approval_lag_report.php,"الاعتمادات المتأخرة والوثائق",1,1,1,0,0,0,0,0,0,0,0,0,1,1,0,0,company,derived_from_4flags
17,"إدارة المالية",213,Governance/ownership_grants.php,"منح المجال المقيَّد",0,0,0,0,0,0,0,0,0,0,0,0,0,0,0,0,,no_grant
17,"إدارة المالية",214,Financing/financing_board.php,"لوحة إدارة التمويل",0,0,0,0,0,0,0,0,0,0,0,0,0,0,0,0,,no_grant
17,"إدارة المالية",215,admin/ops_manager_board.php,"لوحة مدير التشغيل",0,0,0,0,0,0,0,0,0,0,0,0,0,0,0,0,,no_grant
17,"إدارة المالية",216,admin/org_assignments.php,"التكليفات التنظيمية",0,0,0,0,0,0,0,0,0,0,0,0,0,0,0,0,,no_grant
17,"إدارة المالية",217,admin/org_structure.php,"الهيكل التنظيمي",0,0,0,0,0,0,0,0,0,0,0,0,0,0,0,0,,no_grant
17,"إدارة المالية",218,admin/org_permits.php,"أذونات المواقع",0,0,0,0,0,0,0,0,0,0,0,0,0,0,0,0,,no_grant
17,"إدارة المالية",222,admin/sec_governance.php,"مركز حوكمة الصلاحيات",0,0,0,0,0,0,0,0,0,0,0,0,0,0,0,0,,no_grant
17,"إدارة المالية",223,admin/sec_employee_wizard.php,"معالج إعداد الموظف",0,0,0,0,0,0,0,0,0,0,0,0,0,0,0,0,,no_grant
17,"إدارة المالية",225,Tickets/ticket_workstreams_board.php,"لوحة مسارات البلاغات",0,0,0,0,0,0,0,0,0,0,0,0,0,0,0,0,,no_grant
17,"إدارة المالية",226,Tickets/watchtower.php,"برج المراقبة",0,0,0,0,0,0,0,0,0,0,0,0,0,0,0,0,,no_grant
17,"إدارة المالية",227,Tickets/ticket_contextual_open.php,"بلاغ سياقي جديد",1,1,1,1,0,1,0,0,0,0,0,0,1,1,0,0,company,derived_from_4flags
17,"إدارة المالية",228,main/my_workspace.php,"مساحة عملي",1,1,1,0,0,0,0,0,0,0,0,0,1,1,0,0,company,derived_from_4flags
18,"محاسب الإدارة المالية",1,Clients/clients.php,العملاء,0,0,0,0,0,0,0,0,0,0,0,0,0,0,0,0,,no_grant
18,"محاسب الإدارة المالية",2,Projects/projects.php,المشاريع,0,0,0,0,0,0,0,0,0,0,0,0,0,0,0,0,,no_grant
18,"محاسب الإدارة المالية",3,main/users.php,الصلاحيات,0,0,0,0,0,0,0,0,0,0,0,0,0,0,0,0,,no_grant
18,"محاسب الإدارة المالية",4,Reports/reports.php,"مركز التقارير",0,0,0,0,0,0,0,0,0,0,0,0,0,0,0,0,,no_grant
18,"محاسب الإدارة المالية",5,Equipments/equipments_types.php,"أنواع المعدات",0,0,0,0,0,0,0,0,0,0,0,0,0,0,0,0,,no_grant
18,"محاسب الإدارة المالية",6,Reports/reports.php,"مركز التقارير",0,0,0,0,0,0,0,0,0,0,0,0,0,0,0,0,,no_grant
18,"محاسب الإدارة المالية",7,Employees/employees.php,الموظفون,0,0,0,0,0,0,0,0,0,0,0,0,0,0,0,0,,no_grant
18,"محاسب الإدارة المالية",8,Equipments/equipments_fleet.php,المعدات,0,0,0,0,0,0,0,0,0,0,0,0,0,0,0,0,,no_grant
18,"محاسب الإدارة المالية",9,Oprators/oprators.php,"شاشة التشغيل",0,0,0,0,0,0,0,0,0,0,0,0,0,0,0,0,,no_grant
18,"محاسب الإدارة المالية",10,Timesheet/timesheet_type.php,"تسجيل الوحدات",0,0,0,0,0,0,0,0,0,0,0,0,0,0,0,0,,no_grant
18,"محاسب الإدارة المالية",11,Settings/settings.php,الإعدادات,0,0,0,0,0,0,0,0,0,0,0,0,0,0,0,0,,no_grant
18,"محاسب الإدارة المالية",12,ActivityLogs/activity_logs.php,"سجل النشاط",0,0,0,0,0,0,0,0,0,0,0,0,0,0,0,0,,no_grant
18,"محاسب الإدارة المالية",14,main/project_users.php,"مشرفو الموردين",0,0,0,0,0,0,0,0,0,0,0,0,0,0,0,0,,no_grant
18,"محاسب الإدارة المالية",15,main/project_users.php,المشرفين,0,0,0,0,0,0,0,0,0,0,0,0,0,0,0,0,,no_grant
18,"محاسب الإدارة المالية",16,main/project_users.php,المشرفين,0,0,0,0,0,0,0,0,0,0,0,0,0,0,0,0,,no_grant
18,"محاسب الإدارة المالية",17,main/project_users.php,"إدارة المعاونين",0,0,0,0,0,0,0,0,0,0,0,0,0,0,0,0,,no_grant
18,"محاسب الإدارة المالية",18,main/project_users.php,المشرفين,0,0,0,0,0,0,0,0,0,0,0,0,0,0,0,0,,no_grant
18,"محاسب الإدارة المالية",20,Contracts/contracts.php,العقود,0,0,0,0,0,0,0,0,0,0,0,0,0,0,0,0,,no_grant
18,"محاسب الإدارة المالية",21,Contracts/contracts_details.php,"ملف عقد المشروع",0,0,0,0,0,0,0,0,0,0,0,0,0,0,0,0,,no_grant
18,"محاسب الإدارة المالية",22,Suppliers/suppliers.php,الموردون,0,0,0,0,0,0,0,0,0,0,0,0,0,0,0,0,,no_grant
18,"محاسب الإدارة المالية",23,Oprators/select_project.php,التشغيل,0,0,0,0,0,0,0,0,0,0,0,0,0,0,0,0,,no_grant
18,"محاسب الإدارة المالية",24,Settings/settings.php,الإعدادات,0,0,0,0,0,0,0,0,0,0,0,0,0,0,0,0,,no_grant
18,"محاسب الإدارة المالية",25,Suppliers/supplierscontracts.php,"عقود الموردين",0,0,0,0,0,0,0,0,0,0,0,0,0,0,0,0,,no_grant
18,"محاسب الإدارة المالية",26,Suppliers/supplierscontracts_details.php,"ملف عقد المورد",0,0,0,0,0,0,0,0,0,0,0,0,0,0,0,0,,no_grant
18,"محاسب الإدارة المالية",27,Equipments/equipments_drivers.php,المعدات,0,0,0,0,0,0,0,0,0,0,0,0,0,0,0,0,,no_grant
18,"محاسب الإدارة المالية",28,Reports/reports.php,"مركز التقارير",0,0,0,0,0,0,0,0,0,0,0,0,0,0,0,0,,no_grant
18,"محاسب الإدارة المالية",29,movement/project_drivers.php,"توزيع المشغّلين",0,0,0,0,0,0,0,0,0,0,0,0,0,0,0,0,,no_grant
18,"محاسب الإدارة المالية",30,movement/movement_operations.php,الورديات,0,0,0,0,0,0,0,0,0,0,0,0,0,0,0,0,,no_grant
18,"محاسب الإدارة المالية",31,Reports/reports.php,"مركز التقارير",0,0,0,0,0,0,0,0,0,0,0,0,0,0,0,0,,no_grant
18,"محاسب الإدارة المالية",32,Reports/reports.php,"مركز التقارير",0,0,0,0,0,0,0,0,0,0,0,0,0,0,0,0,,no_grant
18,"محاسب الإدارة المالية",34,movement/map_page.php,"متابعة المشروع",0,0,0,0,0,0,0,0,0,0,0,0,0,0,0,0,,no_grant
18,"محاسب الإدارة المالية",35,Clients/clients.php,العملاء,0,0,0,0,0,0,0,0,0,0,0,0,0,0,0,0,,no_grant
18,"محاسب الإدارة المالية",36,Projects/projects.php,المشاريع,0,0,0,0,0,0,0,0,0,0,0,0,0,0,0,0,,no_grant
18,"محاسب الإدارة المالية",37,Contracts/contracts.php,العقود,0,0,0,0,0,0,0,0,0,0,0,0,0,0,0,0,,no_grant
18,"محاسب الإدارة المالية",38,Equipments/manage_failure_codes.php,"تصنيفات الأعطال",0,0,0,0,0,0,0,0,0,0,0,0,0,0,0,0,,no_grant
18,"محاسب الإدارة المالية",40,Equipments/fleet_models.php,"الأنواع والموديلات",0,0,0,0,0,0,0,0,0,0,0,0,0,0,0,0,,no_grant
18,"محاسب الإدارة المالية",41,Equipments/fleet_depreciation_profiles.php,"إعداد الإهلاك",0,0,0,0,0,0,0,0,0,0,0,0,0,0,0,0,,no_grant
18,"محاسب الإدارة المالية",42,Maintenance/breakdowns.php,"البلاغات (غير مفعّلة)",0,0,0,0,0,0,0,0,0,0,0,0,0,0,0,0,,no_grant
18,"محاسب الإدارة المالية",43,Maintenance/orders.php,"أوامر الصيانة",0,0,0,0,0,0,0,0,0,0,0,0,0,0,0,0,,no_grant
18,"محاسب الإدارة المالية",44,Maintenance/inspections.php,"الفحص الفني اليومي",0,0,0,0,0,0,0,0,0,0,0,0,0,0,0,0,,no_grant
18,"محاسب الإدارة المالية",45,Maintenance/preventive_plans.php,"الصيانة الوقائية",0,0,0,0,0,0,0,0,0,0,0,0,0,0,0,0,,no_grant
18,"محاسب الإدارة المالية",46,Maintenance/master_data.php,"إعدادات الصيانة",0,0,0,0,0,0,0,0,0,0,0,0,0,0,0,0,,no_grant
18,"محاسب الإدارة المالية",47,Workforce/worker_register.php,"السجل التشغيلي للعامل",0,0,0,0,0,0,0,0,0,0,0,0,0,0,0,0,,no_grant
18,"محاسب الإدارة المالية",48,Workforce/worker_contract.php,"عقود العاملين",0,0,0,0,0,0,0,0,0,0,0,0,0,0,0,0,,no_grant
18,"محاسب الإدارة المالية",50,Workforce/worker_leave_absence.php,"الإجازات والغياب",0,0,0,0,0,0,0,0,0,0,0,0,0,0,0,0,,no_grant
18,"محاسب الإدارة المالية",51,Workforce/worker_movement.php,"تنقلات العاملين",0,0,0,0,0,0,0,0,0,0,0,0,0,0,0,0,,no_grant
18,"محاسب الإدارة المالية",52,Workforce/housing_units.php,"السكن والإعاشة",0,0,0,0,0,0,0,0,0,0,0,0,0,0,0,0,,no_grant
18,"محاسب الإدارة المالية",53,Workforce/worker_evaluation.php,"تقييم الأداء",0,0,0,0,0,0,0,0,0,0,0,0,0,0,0,0,,no_grant
18,"محاسب الإدارة المالية",54,Workforce/worker_settlement.php,"تسويات العاملين",0,0,0,0,0,0,0,0,0,0,0,0,0,0,0,0,,no_grant
18,"محاسب الإدارة المالية",55,Workforce/workforce_requirement.php,"احتياج القوى والتخطيط",0,0,0,0,0,0,0,0,0,0,0,0,0,0,0,0,,no_grant
18,"محاسب الإدارة المالية",56,Workforce/worker_worklog.php,"سجل الأحداث التشغيلية",0,0,0,0,0,0,0,0,0,0,0,0,0,0,0,0,,no_grant
18,"محاسب الإدارة المالية",57,Employees/job_titles.php,"المسميات الوظيفية",0,0,0,0,0,0,0,0,0,0,0,0,0,0,0,0,,no_grant
18,"محاسب الإدارة المالية",58,Employees/employee_roles.php,"الأدوار الوظيفية",0,0,0,0,0,0,0,0,0,0,0,0,0,0,0,0,,no_grant
18,"محاسب الإدارة المالية",59,Employees/equipment_operators.php,"المشغّلون والسائقون",0,0,0,0,0,0,0,0,0,0,0,0,0,0,0,0,,no_grant
18,"محاسب الإدارة المالية",60,main/users.php,"إدارة المستخدمين",0,0,0,0,0,0,0,0,0,0,0,0,0,0,0,0,,no_grant
18,"محاسب الإدارة المالية",61,main/all_assistants.php,المعاونون,0,0,0,0,0,0,0,0,0,0,0,0,0,0,0,0,,no_grant
18,"محاسب الإدارة المالية",62,Employees/employee_contracts.php,"عقود الموظفين",0,0,0,0,0,0,0,0,0,0,0,0,0,0,0,0,,no_grant
18,"محاسب الإدارة المالية",63,Employees/employee_contracts_details.php,"ملف عقد الموظف",0,0,0,0,0,0,0,0,0,0,0,0,0,0,0,0,,no_grant
18,"محاسب الإدارة المالية",64,Employees/employee_profile.php,"بطاقة الموظف",0,0,0,0,0,0,0,0,0,0,0,0,0,0,0,0,,no_grant
18,"محاسب الإدارة المالية",65,Employees/showcontractemployee.php,"عرض عقد الموظف",0,0,0,0,0,0,0,0,0,0,0,0,0,0,0,0,,no_grant
18,"محاسب الإدارة المالية",66,Opportunities/opportunities.php,"الفرص البيعية",0,0,0,0,0,0,0,0,0,0,0,0,0,0,0,0,,no_grant
18,"محاسب الإدارة المالية",67,Procurement/dashboard_proc.php,"لوحة المشتريات",0,0,0,0,0,0,0,0,0,0,0,0,0,0,0,0,,no_grant
18,"محاسب الإدارة المالية",68,Procurement/items_proc.php,"كتالوج الأصناف",0,0,0,0,0,0,0,0,0,0,0,0,0,0,0,0,,no_grant
18,"محاسب الإدارة المالية",69,Procurement/requests_proc.php,"طلبات الشراء",0,0,0,0,0,0,0,0,0,0,0,0,0,0,0,0,,no_grant
18,"محاسب الإدارة المالية",70,Procurement/orders_proc.php,"أوامر الشراء",0,0,0,0,0,0,0,0,0,0,0,0,0,0,0,0,,no_grant
18,"محاسب الإدارة المالية",71,Procurement/receipt_custody_proc.php,"الاستلام المؤقت",0,0,0,0,0,0,0,0,0,0,0,0,0,0,0,0,,no_grant
18,"محاسب الإدارة المالية",72,Procurement/stock_proc.php,المخزون,0,0,0,0,0,0,0,0,0,0,0,0,0,0,0,0,,no_grant
18,"محاسب الإدارة المالية",73,Procurement/issue_proc.php,"صرف المخزون والعهدة",0,0,0,0,0,0,0,0,0,0,0,0,0,0,0,0,,no_grant
18,"محاسب الإدارة المالية",74,Procurement/reordering_proc.php,"حدود إعادة الطلب",0,0,0,0,0,0,0,0,0,0,0,0,0,0,0,0,,no_grant
18,"محاسب الإدارة المالية",75,Procurement/suppliers_proc.php,"موردو المشتريات",0,0,0,0,0,0,0,0,0,0,0,0,0,0,0,0,,no_grant
18,"محاسب الإدارة المالية",76,Procurement/master_data_proc.php,"البيانات المرجعية",0,0,0,0,0,0,0,0,0,0,0,0,0,0,0,0,,no_grant
18,"محاسب الإدارة المالية",77,Clients/activities.php,"أنشطة العملاء",0,0,0,0,0,0,0,0,0,0,0,0,0,0,0,0,,no_grant
18,"محاسب الإدارة المالية",78,Clients/commercial_risks.php,"المخاطر التجارية",0,0,0,0,0,0,0,0,0,0,0,0,0,0,0,0,,no_grant
18,"محاسب الإدارة المالية",79,Clients/tenders.php,المناقصات,0,0,0,0,0,0,0,0,0,0,0,0,0,0,0,0,,no_grant
18,"محاسب الإدارة المالية",80,Clients/quotations.php,"عروض الأسعار",0,0,0,0,0,0,0,0,0,0,0,0,0,0,0,0,,no_grant
18,"محاسب الإدارة المالية",81,Clients/pricelists.php,"قوائم ونماذج التسعير",0,0,0,0,0,0,0,0,0,0,0,0,0,0,0,0,,no_grant
18,"محاسب الإدارة المالية",82,Clients/products.php,"كتالوج المنتجات والخدمات",0,0,0,0,0,0,0,0,0,0,0,0,0,0,0,0,,no_grant
18,"محاسب الإدارة المالية",83,Clients/units_of_measure.php,"وحدات القياس",0,0,0,0,0,0,0,0,0,0,0,0,0,0,0,0,,no_grant
18,"محاسب الإدارة المالية",84,Clients/contract_amendments.php,"ملاحق العقود وتجديداتها",0,0,0,0,0,0,0,0,0,0,0,0,0,0,0,0,,no_grant
18,"محاسب الإدارة المالية",85,Clients/contract_events.php,"سجل حركة العقد",0,0,0,0,0,0,0,0,0,0,0,0,0,0,0,0,,no_grant
18,"محاسب الإدارة المالية",86,Finance/events_list_fin.php,"المعاملات المالية",1,1,1,1,1,1,1,0,0,0,0,0,1,1,0,0,company,derived_from_4flags
18,"محاسب الإدارة المالية",87,Finance/accounts_fin.php,"دليل الحسابات",1,1,1,1,1,1,1,0,0,0,0,0,1,1,0,0,company,derived_from_4flags
18,"محاسب الإدارة المالية",88,Finance/journal_form_fin.php,"القيود اليومية",1,1,1,1,1,1,1,0,0,0,0,0,1,1,0,0,company,derived_from_4flags
18,"محاسب الإدارة المالية",89,Finance/budget_form_fin.php,"الميزانية والانحراف",1,1,1,0,1,0,1,0,0,0,0,0,1,1,0,0,company,derived_from_4flags
18,"محاسب الإدارة المالية",90,Finance/dues_fin.php,"الذمم والتحصيل",1,1,1,1,1,1,1,0,0,0,0,0,1,1,0,0,company,derived_from_4flags
18,"محاسب الإدارة المالية",91,Finance/payments_fin.php,"المدفوعات والخزينة",1,1,1,1,1,1,1,0,0,0,0,0,1,1,0,0,company,derived_from_4flags
18,"محاسب الإدارة المالية",92,Finance/cost_report_fin.php,"التكاليف والربحية",1,1,1,1,1,1,1,0,0,0,0,0,1,1,0,0,company,derived_from_4flags
18,"محاسب الإدارة المالية",93,Finance/periods_fin.php,"إقفال الفترات",1,1,1,1,1,1,1,0,0,0,0,0,1,1,0,0,company,derived_from_4flags
18,"محاسب الإدارة المالية",94,Finance/funding_fin.php,"التمويل والالتزامات",1,1,1,1,1,1,1,0,0,0,0,0,1,1,0,0,company,derived_from_4flags
18,"محاسب الإدارة المالية",95,Finance/cash_forecast_fin.php,"السيولة والتنبؤ النقدي",1,1,1,1,1,1,1,0,0,0,0,0,1,1,0,0,company,derived_from_4flags
18,"محاسب الإدارة المالية",96,Finance/management_accounting_fin.php,"المحاسبة الإدارية",1,1,1,1,1,1,1,0,0,0,0,0,1,1,0,0,company,derived_from_4flags
18,"محاسب الإدارة المالية",97,Finance/accountants_fin.php,"المحاسبون والوحدات",1,1,1,1,1,1,1,0,0,0,0,0,1,1,0,0,company,derived_from_4flags
18,"محاسب الإدارة المالية",98,Finance/import_events_fin.php,"استقبال معاملات الإدارات",1,1,1,1,1,1,1,0,0,0,0,0,1,1,0,0,company,derived_from_4flags
18,"محاسب الإدارة المالية",99,Finance/executive_dashboard_fin.php,"اللوحة التنفيذية",1,1,1,1,1,1,1,0,0,0,0,0,1,1,0,0,company,derived_from_4flags
18,"محاسب الإدارة المالية",100,Finance/financial_statements_fin.php,"القوائم المالية",1,1,1,1,1,1,1,0,0,0,0,0,1,1,0,0,company,derived_from_4flags
18,"محاسب الإدارة المالية",101,Finance/assets_fin.php,"الأصول والإهلاك",1,1,1,1,1,1,1,0,0,0,0,0,1,1,0,0,company,derived_from_4flags
18,"محاسب الإدارة المالية",102,Finance/tax_fin.php,"الضرائب والقيمة المضافة",1,1,1,1,1,1,1,0,0,0,0,0,1,1,0,0,company,derived_from_4flags
18,"محاسب الإدارة المالية",103,Finance/bank_reconciliation_fin.php,"المطابقة البنكية",1,1,1,1,1,1,1,0,0,0,0,0,1,1,0,0,company,derived_from_4flags
18,"محاسب الإدارة المالية",104,Finance/cfo_daily_board_fin.php,"لوحة المدير المالي",1,1,1,1,1,1,1,0,0,0,0,0,1,1,0,0,company,derived_from_4flags
18,"محاسب الإدارة المالية",105,Finance/unit_records_fin.php,"وحدات الأطراف",1,1,1,1,1,1,1,0,0,0,0,0,1,1,0,0,company,derived_from_4flags
18,"محاسب الإدارة المالية",106,Finance/supplier_statement_fin.php,"كشف حساب المورد",1,1,1,1,1,1,1,0,0,0,0,0,1,1,0,0,company,derived_from_4flags
18,"محاسب الإدارة المالية",107,main/project_users.php,المعاونين,0,0,0,0,0,0,0,0,0,0,0,0,0,0,0,0,,no_grant
18,"محاسب الإدارة المالية",108,Transport/transfer_types_config.php,"إعدادات الترحيل",0,0,0,0,0,0,0,0,0,0,0,0,0,0,0,0,,no_grant
18,"محاسب الإدارة المالية",109,Transport/transfer_cost_rules_config.php,"قواعد تحميل تكلفة الترحيل",0,0,0,0,0,0,0,0,0,0,0,0,0,0,0,0,,no_grant
18,"محاسب الإدارة المالية",110,Transport/trs_locations_config.php,المواقع,0,0,0,0,0,0,0,0,0,0,0,0,0,0,0,0,,no_grant
18,"محاسب الإدارة المالية",111,Transport/transfer_requests.php,"موافقات الترحيل",0,0,0,0,0,0,0,0,0,0,0,0,0,0,0,0,,no_grant
18,"محاسب الإدارة المالية",112,Transport/transfer_orders_list.php,"أوامر الترحيل",0,0,0,0,0,0,0,0,0,0,0,0,0,0,0,0,,no_grant
18,"محاسب الإدارة المالية",113,Transport/transfer_dashboard.php,"لوحة الرحلات",0,0,0,0,0,0,0,0,0,0,0,0,0,0,0,0,,no_grant
18,"محاسب الإدارة المالية",114,FinRequests/request_form.php,"طلب مالي جديد",1,1,1,0,0,0,0,0,0,0,0,0,1,1,0,0,company,derived_from_4flags
18,"محاسب الإدارة المالية",115,FinRequests/my_requests.php,"طلباتي المالية",0,0,0,0,0,0,0,0,0,0,0,0,0,0,0,0,,no_grant
18,"محاسب الإدارة المالية",116,FinRequests/dept_inbox.php,"موافقات إدارتي",0,0,0,0,0,0,0,0,0,0,0,0,0,0,0,0,,no_grant
18,"محاسب الإدارة المالية",117,FinRequests/accountant_desk.php,"مكتب المحاسب",1,1,1,0,1,0,1,0,0,0,0,0,1,1,0,0,company,derived_from_4flags
18,"محاسب الإدارة المالية",118,FinRequests/finance_gateway.php,"الطلبات المالية",1,1,1,0,0,0,0,0,0,0,0,0,1,1,0,0,company,derived_from_4flags
18,"محاسب الإدارة المالية",119,FinRequests/effect_map.php,"سجل الحركة المالية",1,1,1,0,0,0,0,0,0,0,0,0,1,1,0,0,company,derived_from_4flags
18,"محاسب الإدارة المالية",120,FinRequests/routing_admin.php,"قواعد توجيه الطلبات",0,0,0,0,0,0,0,0,0,0,0,0,0,0,0,0,,no_grant
18,"محاسب الإدارة المالية",121,FinRequests/cycle_time_board.php,"زمن دورة الطلبات",1,1,1,0,0,0,0,0,0,0,0,0,1,1,0,0,company,derived_from_4flags
18,"محاسب الإدارة المالية",122,FinRequests/requests_reports.php,"تقارير الطلبات المالية",1,1,1,0,0,0,0,0,0,0,0,0,1,1,0,0,company,derived_from_4flags
18,"محاسب الإدارة المالية",123,Settings/role_permissions.php,"صلاحيات الأدوار",0,0,0,0,0,0,0,0,0,0,0,0,0,0,0,0,,no_grant
18,"محاسب الإدارة المالية",124,Settings/roles.php,الأدوار,0,0,0,0,0,0,0,0,0,0,0,0,0,0,0,0,,no_grant
18,"محاسب الإدارة المالية",125,Finance/variance_monitor_fin.php,"متابعة الانحراف",1,1,1,0,1,0,1,0,0,0,0,0,1,1,0,0,company,derived_from_4flags
18,"محاسب الإدارة المالية",126,Finance/maintenance_provision_fin.php,"قواعد مخصص الصيانة",1,1,1,0,0,0,0,0,0,0,0,0,1,1,0,0,company,derived_from_4flags
18,"محاسب الإدارة المالية",127,Clients/contract_commitments.php,"التزامات العقود",0,0,0,0,0,0,0,0,0,0,0,0,0,0,0,0,,no_grant
18,"محاسب الإدارة المالية",128,Finance/operator_pay_fin.php,"قواعد مستحقات المشغّلين",1,1,1,0,0,0,0,0,0,0,0,0,1,1,0,0,company,derived_from_4flags
18,"محاسب الإدارة المالية",129,Clients/readiness_lines.php,"جاهزية العروض",0,0,0,0,0,0,0,0,0,0,0,0,0,0,0,0,,no_grant
18,"محاسب الإدارة المالية",130,Tickets/ticket_types_config.php,"إعداد أنواع البلاغات",0,0,0,0,0,0,0,0,0,0,0,0,0,0,0,0,,no_grant
18,"محاسب الإدارة المالية",131,Tickets/ticket_categories_config.php,"تصنيفات الأعطال والبلاغات",0,0,0,0,0,0,0,0,0,0,0,0,0,0,0,0,,no_grant
18,"محاسب الإدارة المالية",132,Tickets/tickets_list.php,البلاغات,0,0,0,0,0,0,0,0,0,0,0,0,0,0,0,0,,no_grant
18,"محاسب الإدارة المالية",133,Tickets/ticket_form.php,"تسجيل بلاغ",0,0,0,0,0,0,0,0,0,0,0,0,0,0,0,0,,no_grant
18,"محاسب الإدارة المالية",134,Tickets/ticket_sla_config.php,"أزمنة الاستجابة والإنجاز",0,0,0,0,0,0,0,0,0,0,0,0,0,0,0,0,,no_grant
18,"محاسب الإدارة المالية",135,Tickets/ticket_escalation_config.php,"سلّم التصعيد",0,0,0,0,0,0,0,0,0,0,0,0,0,0,0,0,,no_grant
18,"محاسب الإدارة المالية",136,Tickets/ticket_recurrence.php,"البلاغات الدورية",0,0,0,0,0,0,0,0,0,0,0,0,0,0,0,0,,no_grant
18,"محاسب الإدارة المالية",137,Tickets/ticket_dashboard.php,"أداء البلاغات",0,0,0,0,0,0,0,0,0,0,0,0,0,0,0,0,,no_grant
18,"محاسب الإدارة المالية",138,Maintenance/dashboard_mnt.php,"لوحة إدارة الصيانة",0,0,0,0,0,0,0,0,0,0,0,0,0,0,0,0,,no_grant
18,"محاسب الإدارة المالية",139,main/role_board.php,"لوحة الدور",0,0,0,0,0,0,0,0,0,0,0,0,0,0,0,0,,no_grant
18,"محاسب الإدارة المالية",140,Finance/operator_pay_policies_fin.php,"سياسات مستحقات المشغّلين",1,1,1,0,0,0,0,0,0,0,0,0,1,1,0,0,company,derived_from_4flags
18,"محاسب الإدارة المالية",141,Equipments/equipment_documents.php,"وثائق المعدات والمشغّلين",0,0,0,0,0,0,0,0,0,0,0,0,0,0,0,0,,no_grant
18,"محاسب الإدارة المالية",142,Contracts/claims.php,المستخلصات,1,1,1,0,0,0,0,0,0,0,0,0,1,1,0,0,company,derived_from_4flags
18,"محاسب الإدارة المالية",143,Finance/currencies_fin.php,"العملات وأسعار الصرف",1,1,1,0,0,0,0,0,0,0,0,0,1,1,0,0,company,derived_from_4flags
18,"محاسب الإدارة المالية",144,Suppliers/settlements.php,"تسويات الموردين",1,1,1,0,0,0,0,0,0,0,0,0,1,1,0,0,company,derived_from_4flags
18,"محاسب الإدارة المالية",145,Contracts/contract_obligations.php,"مصفوفة التزامات العقد",1,1,1,0,0,0,0,0,0,0,0,0,1,1,0,0,company,derived_from_4flags
18,"محاسب الإدارة المالية",146,Approvals/attribution_board.php,"لوحة الإسناد اليومي",0,0,0,0,0,0,0,0,0,0,0,0,0,0,0,0,,no_grant
18,"محاسب الإدارة المالية",147,Contracts/penalties.php,"احتساب الجزاءات والحوافز",1,1,1,0,0,0,0,0,0,0,0,0,1,1,0,0,company,derived_from_4flags
18,"محاسب الإدارة المالية",148,Workforce/employee_settlements.php,"تسويات الموظفين",1,1,1,0,0,0,0,0,0,0,0,0,1,1,0,0,company,derived_from_4flags
18,"محاسب الإدارة المالية",149,Operations/containers.php,"حاويات العقود",0,0,0,0,0,0,0,0,0,0,0,0,0,0,0,0,,no_grant
18,"محاسب الإدارة المالية",150,Projects/sites.php,"مواقع التنفيذ",0,0,0,0,0,0,0,0,0,0,0,0,0,0,0,0,,no_grant
18,"محاسب الإدارة المالية",151,Workforce/contract_registry.php,"سجل العقود الموحّد",0,0,0,0,0,0,0,0,0,0,0,0,0,0,0,0,,no_grant
18,"محاسب الإدارة المالية",152,Operations/daily_plan.php,"خطة عمل الغد",0,0,0,0,0,0,0,0,0,0,0,0,0,0,0,0,,no_grant
18,"محاسب الإدارة المالية",153,Suppliers/supplier_contract_lines.php,"بنود عقد المورد",0,0,0,0,0,0,0,0,0,0,0,0,0,0,0,0,,no_grant
18,"محاسب الإدارة المالية",154,Contracts/price_terms.php,"شروط تعديل السعر",0,0,0,0,0,0,0,0,0,0,0,0,0,0,0,0,,no_grant
18,"محاسب الإدارة المالية",155,Equipments/meter_readings.php,"قراءات العدّادات",0,0,0,0,0,0,0,0,0,0,0,0,0,0,0,0,,no_grant
18,"محاسب الإدارة المالية",156,Workforce/payroll_runs.php,"مسيّر الرواتب",0,0,0,0,0,0,0,0,0,0,0,0,0,0,0,0,,no_grant
18,"محاسب الإدارة المالية",157,Workforce/employee_advances.php,"سلفيات الموظفين",0,0,0,0,0,0,0,0,0,0,0,0,0,0,0,0,,no_grant
18,"محاسب الإدارة المالية",158,Suppliers/supplier_advances.php,"سلفيات الموردين",0,0,0,0,0,0,0,0,0,0,0,0,0,0,0,0,,no_grant
18,"محاسب الإدارة المالية",159,Suppliers/supplier_rules.php,"قواعد تحميل المورد وجزاءاته",0,0,0,0,0,0,0,0,0,0,0,0,0,0,0,0,,no_grant
18,"محاسب الإدارة المالية",160,Suppliers/supplier_capacity.php,"الطاقة والجاهزية ومهلة الإحلال",0,0,0,0,0,0,0,0,0,0,0,0,0,0,0,0,,no_grant
18,"محاسب الإدارة المالية",161,Suppliers/supplier_evaluation.php,"تقييم المورد الدوري",0,0,0,0,0,0,0,0,0,0,0,0,0,0,0,0,,no_grant
18,"محاسب الإدارة المالية",162,Suppliers/supplier_closure.php,"تصفية إنهاء عقد المورد",0,0,0,0,0,0,0,0,0,0,0,0,0,0,0,0,,no_grant
18,"محاسب الإدارة المالية",163,Suppliers/supplier_documents.php,"وثائق المورد وحسابه البنكي",0,0,0,0,0,0,0,0,0,0,0,0,0,0,0,0,,no_grant
18,"محاسب الإدارة المالية",164,Contracts/tax_invoices.php,"الفاتورة الضريبية",0,0,0,0,0,0,0,0,0,0,0,0,0,0,0,0,,no_grant
18,"محاسب الإدارة المالية",165,Contracts/client_statement.php,"كشف حساب العميل",0,0,0,0,0,0,0,0,0,0,0,0,0,0,0,0,,no_grant
18,"محاسب الإدارة المالية",166,Contracts/collections.php,"الذمم والتحصيل",0,0,0,0,0,0,0,0,0,0,0,0,0,0,0,0,,no_grant
18,"محاسب الإدارة المالية",167,Workforce/final_settlement.php,"تصفية إنهاء خدمة الموظف",0,0,0,0,0,0,0,0,0,0,0,0,0,0,0,0,,no_grant
18,"محاسب الإدارة المالية",168,Transport/transfer_tariffs.php,"تعرفة الترحيل وتسعير الأوامر",0,0,0,0,0,0,0,0,0,0,0,0,0,0,0,0,,no_grant
18,"محاسب الإدارة المالية",169,Finance/periodic_events_fin.php,"الدوريات المالية",1,1,1,0,0,0,0,0,0,0,0,0,1,1,0,0,company,derived_from_4flags
18,"محاسب الإدارة المالية",171,Suppliers/rfq_requests.php,"طلبات عروض الموردين",0,0,0,0,0,0,0,0,0,0,0,0,0,0,0,0,,no_grant
18,"محاسب الإدارة المالية",172,Contracts/contract_sites.php,"نطاقات العقد التشغيلية",0,0,0,0,0,0,0,0,0,0,0,0,0,0,0,0,,no_grant
18,"محاسب الإدارة المالية",173,Contracts/contract_lines.php,"بنود عقد العميل وقيمته",0,0,0,0,0,0,0,0,0,0,0,0,0,0,0,0,,no_grant
18,"محاسب الإدارة المالية",174,Contracts/contract_monthly_plan.php,"الجدول الشهري للعقد",0,0,0,0,0,0,0,0,0,0,0,0,0,0,0,0,,no_grant
18,"محاسب الإدارة المالية",175,Contracts/contract_resource_plan.php,"خطة موارد العقد",0,0,0,0,0,0,0,0,0,0,0,0,0,0,0,0,,no_grant
18,"محاسب الإدارة المالية",176,Contracts/contract_payment_schedule.php,"خطة دفع العقد",1,1,1,0,0,0,0,0,0,0,0,0,1,1,0,0,company,derived_from_4flags
18,"محاسب الإدارة المالية",177,Contracts/contract_guarantees.php,"ضمانات العقد",0,0,0,0,0,0,0,0,0,0,0,0,0,0,0,0,,no_grant
18,"محاسب الإدارة المالية",178,Contracts/plan_actual_link.php,"ربط الخطة بالفعلي",0,0,0,0,0,0,0,0,0,0,0,0,0,0,0,0,,no_grant
18,"محاسب الإدارة المالية",179,Contracts/contract_baseline.php,"خط أساس العقد",0,0,0,0,0,0,0,0,0,0,0,0,0,0,0,0,,no_grant
18,"محاسب الإدارة المالية",180,Contracts/contract_lifecycle.php,"اقتصاد دورة حياة العقد",0,0,0,0,0,0,0,0,0,0,0,0,0,0,0,0,,no_grant
18,"محاسب الإدارة المالية",181,Contracts/commercial_board.php,"اللوحة التجارية للعقود",0,0,0,0,0,0,0,0,0,0,0,0,0,0,0,0,,no_grant
18,"محاسب الإدارة المالية",182,user_capacities.php,"صفاتي ومبدّل المساحة",1,1,1,0,0,0,0,0,0,0,0,0,1,1,0,0,company,derived_from_4flags
18,"محاسب الإدارة المالية",183,Portal/visibility_keys.php,"مفاتيح الظهور",0,0,0,0,0,0,0,0,0,0,0,0,0,0,0,0,,no_grant
18,"محاسب الإدارة المالية",184,Portal/portal_elements.php,"مكوّنات البوابة",0,0,0,0,0,0,0,0,0,0,0,0,0,0,0,0,,no_grant
18,"محاسب الإدارة المالية",185,Portal/visibility_simulator.php,"من يرى ماذا (محاكاة)",0,0,0,0,0,0,0,0,0,0,0,0,0,0,0,0,,no_grant
18,"محاسب الإدارة المالية",186,Portal/visibility_audit.php,"سجل تدقيق الظهور",0,0,0,0,0,0,0,0,0,0,0,0,0,0,0,0,,no_grant
18,"محاسب الإدارة المالية",187,Portal/my_portal.php,بوابتي,1,1,1,0,0,0,0,0,0,0,0,0,1,1,0,0,company,derived_from_4flags
18,"محاسب الإدارة المالية",188,Portal/my_achievement.php,إنجازي,1,1,1,0,0,0,0,0,0,0,0,0,1,1,0,0,company,derived_from_4flags
18,"محاسب الإدارة المالية",189,Portal/my_evaluation.php,"التقييم الثنائي",1,1,1,1,0,1,0,0,0,0,0,0,1,1,0,0,company,derived_from_4flags
18,"محاسب الإدارة المالية",190,Portal/my_certificate.php,"شهادة الإنجاز",1,1,1,0,0,0,0,0,0,0,0,0,1,1,0,0,company,derived_from_4flags
18,"محاسب الإدارة المالية",191,Portal/workspace.php,"مساحة العمل",1,1,1,0,0,0,0,0,0,0,0,0,1,1,0,0,company,derived_from_4flags
18,"محاسب الإدارة المالية",192,Finance/approvals_inbox.php,"صندوق الاعتمادات الموحد",1,1,1,0,0,0,0,0,0,0,0,0,1,1,0,0,company,derived_from_4flags
18,"محاسب الإدارة المالية",193,Operations/operations_room.php,"غرفة عمليات التشغيل",0,0,0,0,0,0,0,0,0,0,0,0,0,0,0,0,,no_grant
18,"محاسب الإدارة المالية",194,Operations/distribution_space.php,"مساحة التوزيع",0,0,0,0,0,0,0,0,0,0,0,0,0,0,0,0,,no_grant
18,"محاسب الإدارة المالية",195,Reports/daily_units_report.php,"سجل الوحدات اليومية",0,0,0,0,0,0,0,0,0,0,0,0,0,0,0,0,,no_grant
18,"محاسب الإدارة المالية",196,Fleet/readiness_board.php,"لوحة الجاهزية",0,0,0,0,0,0,0,0,0,0,0,0,0,0,0,0,,no_grant
18,"محاسب الإدارة المالية",197,Maintenance/failure_report.php,"تقرير الأعطال (التصنيف الموحد)",0,0,0,0,0,0,0,0,0,0,0,0,0,0,0,0,,no_grant
18,"محاسب الإدارة المالية",198,Procurement/supplier_card_proc.php,"بطاقة مورد المشتريات",0,0,0,0,0,0,0,0,0,0,0,0,0,0,0,0,,no_grant
18,"محاسب الإدارة المالية",199,Procurement/warehouse_board.php,"لوحة أمين المستودع",0,0,0,0,0,0,0,0,0,0,0,0,0,0,0,0,,no_grant
18,"محاسب الإدارة المالية",200,Contracts/contract_card.php,"بطاقة العقد الأم",0,0,0,0,0,0,0,0,0,0,0,0,0,0,0,0,,no_grant
18,"محاسب الإدارة المالية",201,Employees/employee_card.php,"بطاقة الموظف",0,0,0,0,0,0,0,0,0,0,0,0,0,0,0,0,,no_grant
18,"محاسب الإدارة المالية",202,Reports/margin_report.php,"هامش الواقعة والعقد",0,0,0,0,0,0,0,0,0,0,0,0,0,0,0,0,,no_grant
18,"محاسب الإدارة المالية",203,Reports/exceptions_report.php,"تقرير الاستثناءات",0,0,0,0,0,0,0,0,0,0,0,0,0,0,0,0,,no_grant
18,"محاسب الإدارة المالية",204,Reports/guard_denials_report.php,"تقرير المنع",0,0,0,0,0,0,0,0,0,0,0,0,0,0,0,0,,no_grant
18,"محاسب الإدارة المالية",205,Settings/guard_classification.php,"تصنيف الحمايات",0,0,0,0,0,0,0,0,0,0,0,0,0,0,0,0,,no_grant
18,"محاسب الإدارة المالية",206,Governance/entities_registry.php,"سجل الكيانات",0,0,0,0,0,0,0,0,0,0,0,0,0,0,0,0,,no_grant
18,"محاسب الإدارة المالية",207,Governance/signing_authority.php,"التفويض بالتوقيع",0,0,0,0,0,0,0,0,0,0,0,0,0,0,0,0,,no_grant
18,"محاسب الإدارة المالية",208,Governance/licenses_guarantees.php,"التراخيص والكفالات",0,0,0,0,0,0,0,0,0,0,0,0,0,0,0,0,,no_grant
18,"محاسب الإدارة المالية",209,Governance/activation_patterns.php,"أنماط التفعيل",0,0,0,0,0,0,0,0,0,0,0,0,0,0,0,0,,no_grant
18,"محاسب الإدارة المالية",210,Financing/financiers_registry.php,"سجل الممولين",0,0,0,0,0,0,0,0,0,0,0,0,0,0,0,0,,no_grant
18,"محاسب الإدارة المالية",211,Financing/financing_operation_new.php,"إنشاء عملية تمويل",0,0,0,0,0,0,0,0,0,0,0,0,0,0,0,0,,no_grant
18,"محاسب الإدارة المالية",212,Reports/approval_lag_report.php,"الاعتمادات المتأخرة والوثائق",0,0,0,0,0,0,0,0,0,0,0,0,0,0,0,0,,no_grant
18,"محاسب الإدارة المالية",213,Governance/ownership_grants.php,"منح المجال المقيَّد",0,0,0,0,0,0,0,0,0,0,0,0,0,0,0,0,,no_grant
18,"محاسب الإدارة المالية",214,Financing/financing_board.php,"لوحة إدارة التمويل",0,0,0,0,0,0,0,0,0,0,0,0,0,0,0,0,,no_grant
18,"محاسب الإدارة المالية",215,admin/ops_manager_board.php,"لوحة مدير التشغيل",0,0,0,0,0,0,0,0,0,0,0,0,0,0,0,0,,no_grant
18,"محاسب الإدارة المالية",216,admin/org_assignments.php,"التكليفات التنظيمية",0,0,0,0,0,0,0,0,0,0,0,0,0,0,0,0,,no_grant
18,"محاسب الإدارة المالية",217,admin/org_structure.php,"الهيكل التنظيمي",0,0,0,0,0,0,0,0,0,0,0,0,0,0,0,0,,no_grant
18,"محاسب الإدارة المالية",218,admin/org_permits.php,"أذونات المواقع",0,0,0,0,0,0,0,0,0,0,0,0,0,0,0,0,,no_grant
18,"محاسب الإدارة المالية",222,admin/sec_governance.php,"مركز حوكمة الصلاحيات",0,0,0,0,0,0,0,0,0,0,0,0,0,0,0,0,,no_grant
18,"محاسب الإدارة المالية",223,admin/sec_employee_wizard.php,"معالج إعداد الموظف",0,0,0,0,0,0,0,0,0,0,0,0,0,0,0,0,,no_grant
18,"محاسب الإدارة المالية",225,Tickets/ticket_workstreams_board.php,"لوحة مسارات البلاغات",0,0,0,0,0,0,0,0,0,0,0,0,0,0,0,0,,no_grant
18,"محاسب الإدارة المالية",226,Tickets/watchtower.php,"برج المراقبة",0,0,0,0,0,0,0,0,0,0,0,0,0,0,0,0,,no_grant
18,"محاسب الإدارة المالية",227,Tickets/ticket_contextual_open.php,"بلاغ سياقي جديد",1,1,1,1,0,1,0,0,0,0,0,0,1,1,0,0,company,derived_from_4flags
18,"محاسب الإدارة المالية",228,main/my_workspace.php,"مساحة عملي",1,1,1,0,0,0,0,0,0,0,0,0,1,1,0,0,company,derived_from_4flags
19,"مدير الإدارة المالية",1,Clients/clients.php,العملاء,0,0,0,0,0,0,0,0,0,0,0,0,0,0,0,0,,no_grant
19,"مدير الإدارة المالية",2,Projects/projects.php,المشاريع,0,0,0,0,0,0,0,0,0,0,0,0,0,0,0,0,,no_grant
19,"مدير الإدارة المالية",3,main/users.php,الصلاحيات,0,0,0,0,0,0,0,0,0,0,0,0,0,0,0,0,,no_grant
19,"مدير الإدارة المالية",4,Reports/reports.php,"مركز التقارير",0,0,0,0,0,0,0,0,0,0,0,0,0,0,0,0,,no_grant
19,"مدير الإدارة المالية",5,Equipments/equipments_types.php,"أنواع المعدات",0,0,0,0,0,0,0,0,0,0,0,0,0,0,0,0,,no_grant
19,"مدير الإدارة المالية",6,Reports/reports.php,"مركز التقارير",0,0,0,0,0,0,0,0,0,0,0,0,0,0,0,0,,no_grant
19,"مدير الإدارة المالية",7,Employees/employees.php,الموظفون,0,0,0,0,0,0,0,0,0,0,0,0,0,0,0,0,,no_grant
19,"مدير الإدارة المالية",8,Equipments/equipments_fleet.php,المعدات,0,0,0,0,0,0,0,0,0,0,0,0,0,0,0,0,,no_grant
19,"مدير الإدارة المالية",9,Oprators/oprators.php,"شاشة التشغيل",0,0,0,0,0,0,0,0,0,0,0,0,0,0,0,0,,no_grant
19,"مدير الإدارة المالية",10,Timesheet/timesheet_type.php,"تسجيل الوحدات",0,0,0,0,0,0,0,0,0,0,0,0,0,0,0,0,,no_grant
19,"مدير الإدارة المالية",11,Settings/settings.php,الإعدادات,0,0,0,0,0,0,0,0,0,0,0,0,0,0,0,0,,no_grant
19,"مدير الإدارة المالية",12,ActivityLogs/activity_logs.php,"سجل النشاط",0,0,0,0,0,0,0,0,0,0,0,0,0,0,0,0,,no_grant
19,"مدير الإدارة المالية",14,main/project_users.php,"مشرفو الموردين",0,0,0,0,0,0,0,0,0,0,0,0,0,0,0,0,,no_grant
19,"مدير الإدارة المالية",15,main/project_users.php,المشرفين,0,0,0,0,0,0,0,0,0,0,0,0,0,0,0,0,,no_grant
19,"مدير الإدارة المالية",16,main/project_users.php,المشرفين,0,0,0,0,0,0,0,0,0,0,0,0,0,0,0,0,,no_grant
19,"مدير الإدارة المالية",17,main/project_users.php,"إدارة المعاونين",0,0,0,0,0,0,0,0,0,0,0,0,0,0,0,0,,no_grant
19,"مدير الإدارة المالية",18,main/project_users.php,المشرفين,0,0,0,0,0,0,0,0,0,0,0,0,0,0,0,0,,no_grant
19,"مدير الإدارة المالية",20,Contracts/contracts.php,العقود,0,0,0,0,0,0,0,0,0,0,0,0,0,0,0,0,,no_grant
19,"مدير الإدارة المالية",21,Contracts/contracts_details.php,"ملف عقد المشروع",0,0,0,0,0,0,0,0,0,0,0,0,0,0,0,0,,no_grant
19,"مدير الإدارة المالية",22,Suppliers/suppliers.php,الموردون,0,0,0,0,0,0,0,0,0,0,0,0,0,0,0,0,,no_grant
19,"مدير الإدارة المالية",23,Oprators/select_project.php,التشغيل,0,0,0,0,0,0,0,0,0,0,0,0,0,0,0,0,,no_grant
19,"مدير الإدارة المالية",24,Settings/settings.php,الإعدادات,0,0,0,0,0,0,0,0,0,0,0,0,0,0,0,0,,no_grant
19,"مدير الإدارة المالية",25,Suppliers/supplierscontracts.php,"عقود الموردين",0,0,0,0,0,0,0,0,0,0,0,0,0,0,0,0,,no_grant
19,"مدير الإدارة المالية",26,Suppliers/supplierscontracts_details.php,"ملف عقد المورد",0,0,0,0,0,0,0,0,0,0,0,0,0,0,0,0,,no_grant
19,"مدير الإدارة المالية",27,Equipments/equipments_drivers.php,المعدات,0,0,0,0,0,0,0,0,0,0,0,0,0,0,0,0,,no_grant
19,"مدير الإدارة المالية",28,Reports/reports.php,"مركز التقارير",0,0,0,0,0,0,0,0,0,0,0,0,0,0,0,0,,no_grant
19,"مدير الإدارة المالية",29,movement/project_drivers.php,"توزيع المشغّلين",0,0,0,0,0,0,0,0,0,0,0,0,0,0,0,0,,no_grant
19,"مدير الإدارة المالية",30,movement/movement_operations.php,الورديات,0,0,0,0,0,0,0,0,0,0,0,0,0,0,0,0,,no_grant
19,"مدير الإدارة المالية",31,Reports/reports.php,"مركز التقارير",0,0,0,0,0,0,0,0,0,0,0,0,0,0,0,0,,no_grant
19,"مدير الإدارة المالية",32,Reports/reports.php,"مركز التقارير",0,0,0,0,0,0,0,0,0,0,0,0,0,0,0,0,,no_grant
19,"مدير الإدارة المالية",34,movement/map_page.php,"متابعة المشروع",0,0,0,0,0,0,0,0,0,0,0,0,0,0,0,0,,no_grant
19,"مدير الإدارة المالية",35,Clients/clients.php,العملاء,0,0,0,0,0,0,0,0,0,0,0,0,0,0,0,0,,no_grant
19,"مدير الإدارة المالية",36,Projects/projects.php,المشاريع,0,0,0,0,0,0,0,0,0,0,0,0,0,0,0,0,,no_grant
19,"مدير الإدارة المالية",37,Contracts/contracts.php,العقود,0,0,0,0,0,0,0,0,0,0,0,0,0,0,0,0,,no_grant
19,"مدير الإدارة المالية",38,Equipments/manage_failure_codes.php,"تصنيفات الأعطال",0,0,0,0,0,0,0,0,0,0,0,0,0,0,0,0,,no_grant
19,"مدير الإدارة المالية",40,Equipments/fleet_models.php,"الأنواع والموديلات",0,0,0,0,0,0,0,0,0,0,0,0,0,0,0,0,,no_grant
19,"مدير الإدارة المالية",41,Equipments/fleet_depreciation_profiles.php,"إعداد الإهلاك",0,0,0,0,0,0,0,0,0,0,0,0,0,0,0,0,,no_grant
19,"مدير الإدارة المالية",42,Maintenance/breakdowns.php,"البلاغات (غير مفعّلة)",0,0,0,0,0,0,0,0,0,0,0,0,0,0,0,0,,no_grant
19,"مدير الإدارة المالية",43,Maintenance/orders.php,"أوامر الصيانة",0,0,0,0,0,0,0,0,0,0,0,0,0,0,0,0,,no_grant
19,"مدير الإدارة المالية",44,Maintenance/inspections.php,"الفحص الفني اليومي",0,0,0,0,0,0,0,0,0,0,0,0,0,0,0,0,,no_grant
19,"مدير الإدارة المالية",45,Maintenance/preventive_plans.php,"الصيانة الوقائية",0,0,0,0,0,0,0,0,0,0,0,0,0,0,0,0,,no_grant
19,"مدير الإدارة المالية",46,Maintenance/master_data.php,"إعدادات الصيانة",0,0,0,0,0,0,0,0,0,0,0,0,0,0,0,0,,no_grant
19,"مدير الإدارة المالية",47,Workforce/worker_register.php,"السجل التشغيلي للعامل",0,0,0,0,0,0,0,0,0,0,0,0,0,0,0,0,,no_grant
19,"مدير الإدارة المالية",48,Workforce/worker_contract.php,"عقود العاملين",0,0,0,0,0,0,0,0,0,0,0,0,0,0,0,0,,no_grant
19,"مدير الإدارة المالية",50,Workforce/worker_leave_absence.php,"الإجازات والغياب",0,0,0,0,0,0,0,0,0,0,0,0,0,0,0,0,,no_grant
19,"مدير الإدارة المالية",51,Workforce/worker_movement.php,"تنقلات العاملين",0,0,0,0,0,0,0,0,0,0,0,0,0,0,0,0,,no_grant
19,"مدير الإدارة المالية",52,Workforce/housing_units.php,"السكن والإعاشة",0,0,0,0,0,0,0,0,0,0,0,0,0,0,0,0,,no_grant
19,"مدير الإدارة المالية",53,Workforce/worker_evaluation.php,"تقييم الأداء",0,0,0,0,0,0,0,0,0,0,0,0,0,0,0,0,,no_grant
19,"مدير الإدارة المالية",54,Workforce/worker_settlement.php,"تسويات العاملين",0,0,0,0,0,0,0,0,0,0,0,0,0,0,0,0,,no_grant
19,"مدير الإدارة المالية",55,Workforce/workforce_requirement.php,"احتياج القوى والتخطيط",0,0,0,0,0,0,0,0,0,0,0,0,0,0,0,0,,no_grant
19,"مدير الإدارة المالية",56,Workforce/worker_worklog.php,"سجل الأحداث التشغيلية",0,0,0,0,0,0,0,0,0,0,0,0,0,0,0,0,,no_grant
19,"مدير الإدارة المالية",57,Employees/job_titles.php,"المسميات الوظيفية",0,0,0,0,0,0,0,0,0,0,0,0,0,0,0,0,,no_grant
19,"مدير الإدارة المالية",58,Employees/employee_roles.php,"الأدوار الوظيفية",0,0,0,0,0,0,0,0,0,0,0,0,0,0,0,0,,no_grant
19,"مدير الإدارة المالية",59,Employees/equipment_operators.php,"المشغّلون والسائقون",0,0,0,0,0,0,0,0,0,0,0,0,0,0,0,0,,no_grant
19,"مدير الإدارة المالية",60,main/users.php,"إدارة المستخدمين",0,0,0,0,0,0,0,0,0,0,0,0,0,0,0,0,,no_grant
19,"مدير الإدارة المالية",61,main/all_assistants.php,المعاونون,0,0,0,0,0,0,0,0,0,0,0,0,0,0,0,0,,no_grant
19,"مدير الإدارة المالية",62,Employees/employee_contracts.php,"عقود الموظفين",0,0,0,0,0,0,0,0,0,0,0,0,0,0,0,0,,no_grant
19,"مدير الإدارة المالية",63,Employees/employee_contracts_details.php,"ملف عقد الموظف",0,0,0,0,0,0,0,0,0,0,0,0,0,0,0,0,,no_grant
19,"مدير الإدارة المالية",64,Employees/employee_profile.php,"بطاقة الموظف",0,0,0,0,0,0,0,0,0,0,0,0,0,0,0,0,,no_grant
19,"مدير الإدارة المالية",65,Employees/showcontractemployee.php,"عرض عقد الموظف",0,0,0,0,0,0,0,0,0,0,0,0,0,0,0,0,,no_grant
19,"مدير الإدارة المالية",66,Opportunities/opportunities.php,"الفرص البيعية",0,0,0,0,0,0,0,0,0,0,0,0,0,0,0,0,,no_grant
19,"مدير الإدارة المالية",67,Procurement/dashboard_proc.php,"لوحة المشتريات",0,0,0,0,0,0,0,0,0,0,0,0,0,0,0,0,,no_grant
19,"مدير الإدارة المالية",68,Procurement/items_proc.php,"كتالوج الأصناف",0,0,0,0,0,0,0,0,0,0,0,0,0,0,0,0,,no_grant
19,"مدير الإدارة المالية",69,Procurement/requests_proc.php,"طلبات الشراء",0,0,0,0,0,0,0,0,0,0,0,0,0,0,0,0,,no_grant
19,"مدير الإدارة المالية",70,Procurement/orders_proc.php,"أوامر الشراء",0,0,0,0,0,0,0,0,0,0,0,0,0,0,0,0,,no_grant
19,"مدير الإدارة المالية",71,Procurement/receipt_custody_proc.php,"الاستلام المؤقت",0,0,0,0,0,0,0,0,0,0,0,0,0,0,0,0,,no_grant
19,"مدير الإدارة المالية",72,Procurement/stock_proc.php,المخزون,0,0,0,0,0,0,0,0,0,0,0,0,0,0,0,0,,no_grant
19,"مدير الإدارة المالية",73,Procurement/issue_proc.php,"صرف المخزون والعهدة",0,0,0,0,0,0,0,0,0,0,0,0,0,0,0,0,,no_grant
19,"مدير الإدارة المالية",74,Procurement/reordering_proc.php,"حدود إعادة الطلب",0,0,0,0,0,0,0,0,0,0,0,0,0,0,0,0,,no_grant
19,"مدير الإدارة المالية",75,Procurement/suppliers_proc.php,"موردو المشتريات",0,0,0,0,0,0,0,0,0,0,0,0,0,0,0,0,,no_grant
19,"مدير الإدارة المالية",76,Procurement/master_data_proc.php,"البيانات المرجعية",0,0,0,0,0,0,0,0,0,0,0,0,0,0,0,0,,no_grant
19,"مدير الإدارة المالية",77,Clients/activities.php,"أنشطة العملاء",0,0,0,0,0,0,0,0,0,0,0,0,0,0,0,0,,no_grant
19,"مدير الإدارة المالية",78,Clients/commercial_risks.php,"المخاطر التجارية",0,0,0,0,0,0,0,0,0,0,0,0,0,0,0,0,,no_grant
19,"مدير الإدارة المالية",79,Clients/tenders.php,المناقصات,0,0,0,0,0,0,0,0,0,0,0,0,0,0,0,0,,no_grant
19,"مدير الإدارة المالية",80,Clients/quotations.php,"عروض الأسعار",0,0,0,0,0,0,0,0,0,0,0,0,0,0,0,0,,no_grant
19,"مدير الإدارة المالية",81,Clients/pricelists.php,"قوائم ونماذج التسعير",0,0,0,0,0,0,0,0,0,0,0,0,0,0,0,0,,no_grant
19,"مدير الإدارة المالية",82,Clients/products.php,"كتالوج المنتجات والخدمات",0,0,0,0,0,0,0,0,0,0,0,0,0,0,0,0,,no_grant
19,"مدير الإدارة المالية",83,Clients/units_of_measure.php,"وحدات القياس",0,0,0,0,0,0,0,0,0,0,0,0,0,0,0,0,,no_grant
19,"مدير الإدارة المالية",84,Clients/contract_amendments.php,"ملاحق العقود وتجديداتها",0,0,0,0,0,0,0,0,0,0,0,0,0,0,0,0,,no_grant
19,"مدير الإدارة المالية",85,Clients/contract_events.php,"سجل حركة العقد",0,0,0,0,0,0,0,0,0,0,0,0,0,0,0,0,,no_grant
19,"مدير الإدارة المالية",86,Finance/events_list_fin.php,"المعاملات المالية",1,1,1,1,1,1,1,0,0,0,0,0,1,1,0,0,company,derived_from_4flags
19,"مدير الإدارة المالية",87,Finance/accounts_fin.php,"دليل الحسابات",1,1,1,1,1,1,1,0,0,0,0,0,1,1,0,0,company,derived_from_4flags
19,"مدير الإدارة المالية",88,Finance/journal_form_fin.php,"القيود اليومية",1,1,1,1,1,1,1,0,0,0,0,0,1,1,0,0,company,derived_from_4flags
19,"مدير الإدارة المالية",89,Finance/budget_form_fin.php,"الميزانية والانحراف",1,1,1,1,1,1,1,0,0,0,0,0,1,1,0,0,company,derived_from_4flags
19,"مدير الإدارة المالية",90,Finance/dues_fin.php,"الذمم والتحصيل",1,1,1,1,1,1,1,0,0,0,0,0,1,1,0,0,company,derived_from_4flags
19,"مدير الإدارة المالية",91,Finance/payments_fin.php,"المدفوعات والخزينة",1,1,1,1,1,1,1,0,0,0,0,0,1,1,0,0,company,derived_from_4flags
19,"مدير الإدارة المالية",92,Finance/cost_report_fin.php,"التكاليف والربحية",1,1,1,1,1,1,1,0,0,0,0,0,1,1,0,0,company,derived_from_4flags
19,"مدير الإدارة المالية",93,Finance/periods_fin.php,"إقفال الفترات",1,1,1,1,1,1,1,0,0,0,0,0,1,1,0,0,company,derived_from_4flags
19,"مدير الإدارة المالية",94,Finance/funding_fin.php,"التمويل والالتزامات",1,1,1,1,1,1,1,0,0,0,0,0,1,1,0,0,company,derived_from_4flags
19,"مدير الإدارة المالية",95,Finance/cash_forecast_fin.php,"السيولة والتنبؤ النقدي",1,1,1,1,1,1,1,0,0,0,0,0,1,1,0,0,company,derived_from_4flags
19,"مدير الإدارة المالية",96,Finance/management_accounting_fin.php,"المحاسبة الإدارية",1,1,1,1,1,1,1,0,0,0,0,0,1,1,0,0,company,derived_from_4flags
19,"مدير الإدارة المالية",97,Finance/accountants_fin.php,"المحاسبون والوحدات",1,1,1,1,1,1,1,0,0,0,0,0,1,1,0,0,company,derived_from_4flags
19,"مدير الإدارة المالية",98,Finance/import_events_fin.php,"استقبال معاملات الإدارات",1,1,1,1,1,1,1,0,0,0,0,0,1,1,0,0,company,derived_from_4flags
19,"مدير الإدارة المالية",99,Finance/executive_dashboard_fin.php,"اللوحة التنفيذية",1,1,1,1,1,1,1,0,0,0,0,0,1,1,0,0,company,derived_from_4flags
19,"مدير الإدارة المالية",100,Finance/financial_statements_fin.php,"القوائم المالية",1,1,1,1,1,1,1,0,0,0,0,0,1,1,0,0,company,derived_from_4flags
19,"مدير الإدارة المالية",101,Finance/assets_fin.php,"الأصول والإهلاك",1,1,1,1,1,1,1,0,0,0,0,0,1,1,0,0,company,derived_from_4flags
19,"مدير الإدارة المالية",102,Finance/tax_fin.php,"الضرائب والقيمة المضافة",1,1,1,1,1,1,1,0,0,0,0,0,1,1,0,0,company,derived_from_4flags
19,"مدير الإدارة المالية",103,Finance/bank_reconciliation_fin.php,"المطابقة البنكية",1,1,1,1,1,1,1,0,0,0,0,0,1,1,0,0,company,derived_from_4flags
19,"مدير الإدارة المالية",104,Finance/cfo_daily_board_fin.php,"لوحة المدير المالي",1,1,1,1,1,1,1,0,0,0,0,0,1,1,0,0,company,derived_from_4flags
19,"مدير الإدارة المالية",105,Finance/unit_records_fin.php,"وحدات الأطراف",1,1,1,1,1,1,1,0,0,0,0,0,1,1,0,0,company,derived_from_4flags
19,"مدير الإدارة المالية",106,Finance/supplier_statement_fin.php,"كشف حساب المورد",1,1,1,1,1,1,1,0,0,0,0,0,1,1,0,0,company,derived_from_4flags
19,"مدير الإدارة المالية",107,main/project_users.php,المعاونين,0,0,0,0,0,0,0,0,0,0,0,0,0,0,0,0,,no_grant
19,"مدير الإدارة المالية",108,Transport/transfer_types_config.php,"إعدادات الترحيل",0,0,0,0,0,0,0,0,0,0,0,0,0,0,0,0,,no_grant
19,"مدير الإدارة المالية",109,Transport/transfer_cost_rules_config.php,"قواعد تحميل تكلفة الترحيل",0,0,0,0,0,0,0,0,0,0,0,0,0,0,0,0,,no_grant
19,"مدير الإدارة المالية",110,Transport/trs_locations_config.php,المواقع,0,0,0,0,0,0,0,0,0,0,0,0,0,0,0,0,,no_grant
19,"مدير الإدارة المالية",111,Transport/transfer_requests.php,"موافقات الترحيل",0,0,0,0,0,0,0,0,0,0,0,0,0,0,0,0,,no_grant
19,"مدير الإدارة المالية",112,Transport/transfer_orders_list.php,"أوامر الترحيل",0,0,0,0,0,0,0,0,0,0,0,0,0,0,0,0,,no_grant
19,"مدير الإدارة المالية",113,Transport/transfer_dashboard.php,"لوحة الرحلات",0,0,0,0,0,0,0,0,0,0,0,0,0,0,0,0,,no_grant
19,"مدير الإدارة المالية",114,FinRequests/request_form.php,"طلب مالي جديد",1,1,1,0,0,0,0,0,0,0,0,0,1,1,0,0,company,derived_from_4flags
19,"مدير الإدارة المالية",115,FinRequests/my_requests.php,"طلباتي المالية",0,0,0,0,0,0,0,0,0,0,0,0,0,0,0,0,,no_grant
19,"مدير الإدارة المالية",116,FinRequests/dept_inbox.php,"موافقات إدارتي",0,0,0,0,0,0,0,0,0,0,0,0,0,0,0,0,,no_grant
19,"مدير الإدارة المالية",117,FinRequests/accountant_desk.php,"مكتب المحاسب",1,1,1,0,0,0,0,0,0,0,0,0,1,1,0,0,company,derived_from_4flags
19,"مدير الإدارة المالية",118,FinRequests/finance_gateway.php,"الطلبات المالية",1,1,1,0,0,0,0,0,0,0,0,0,1,1,0,0,company,derived_from_4flags
19,"مدير الإدارة المالية",119,FinRequests/effect_map.php,"سجل الحركة المالية",1,1,1,0,0,0,0,0,0,0,0,0,1,1,0,0,company,derived_from_4flags
19,"مدير الإدارة المالية",120,FinRequests/routing_admin.php,"قواعد توجيه الطلبات",0,0,0,0,0,0,0,0,0,0,0,0,0,0,0,0,,no_grant
19,"مدير الإدارة المالية",121,FinRequests/cycle_time_board.php,"زمن دورة الطلبات",1,1,1,0,0,0,0,0,0,0,0,0,1,1,0,0,company,derived_from_4flags
19,"مدير الإدارة المالية",122,FinRequests/requests_reports.php,"تقارير الطلبات المالية",1,1,1,0,0,0,0,0,0,0,0,0,1,1,0,0,company,derived_from_4flags
19,"مدير الإدارة المالية",123,Settings/role_permissions.php,"صلاحيات الأدوار",0,0,0,0,0,0,0,0,0,0,0,0,0,0,0,0,,no_grant
19,"مدير الإدارة المالية",124,Settings/roles.php,الأدوار,0,0,0,0,0,0,0,0,0,0,0,0,0,0,0,0,,no_grant
19,"مدير الإدارة المالية",125,Finance/variance_monitor_fin.php,"متابعة الانحراف",1,1,1,0,1,0,1,0,0,0,0,0,1,1,0,0,company,derived_from_4flags
19,"مدير الإدارة المالية",126,Finance/maintenance_provision_fin.php,"قواعد مخصص الصيانة",1,1,1,0,0,0,0,0,0,0,0,0,1,1,0,0,company,derived_from_4flags
19,"مدير الإدارة المالية",127,Clients/contract_commitments.php,"التزامات العقود",0,0,0,0,0,0,0,0,0,0,0,0,0,0,0,0,,no_grant
19,"مدير الإدارة المالية",128,Finance/operator_pay_fin.php,"قواعد مستحقات المشغّلين",1,1,1,0,0,0,0,0,0,0,0,0,1,1,0,0,company,derived_from_4flags
19,"مدير الإدارة المالية",129,Clients/readiness_lines.php,"جاهزية العروض",0,0,0,0,0,0,0,0,0,0,0,0,0,0,0,0,,no_grant
19,"مدير الإدارة المالية",130,Tickets/ticket_types_config.php,"إعداد أنواع البلاغات",0,0,0,0,0,0,0,0,0,0,0,0,0,0,0,0,,no_grant
19,"مدير الإدارة المالية",131,Tickets/ticket_categories_config.php,"تصنيفات الأعطال والبلاغات",0,0,0,0,0,0,0,0,0,0,0,0,0,0,0,0,,no_grant
19,"مدير الإدارة المالية",132,Tickets/tickets_list.php,البلاغات,0,0,0,0,0,0,0,0,0,0,0,0,0,0,0,0,,no_grant
19,"مدير الإدارة المالية",133,Tickets/ticket_form.php,"تسجيل بلاغ",0,0,0,0,0,0,0,0,0,0,0,0,0,0,0,0,,no_grant
19,"مدير الإدارة المالية",134,Tickets/ticket_sla_config.php,"أزمنة الاستجابة والإنجاز",0,0,0,0,0,0,0,0,0,0,0,0,0,0,0,0,,no_grant
19,"مدير الإدارة المالية",135,Tickets/ticket_escalation_config.php,"سلّم التصعيد",0,0,0,0,0,0,0,0,0,0,0,0,0,0,0,0,,no_grant
19,"مدير الإدارة المالية",136,Tickets/ticket_recurrence.php,"البلاغات الدورية",0,0,0,0,0,0,0,0,0,0,0,0,0,0,0,0,,no_grant
19,"مدير الإدارة المالية",137,Tickets/ticket_dashboard.php,"أداء البلاغات",0,0,0,0,0,0,0,0,0,0,0,0,0,0,0,0,,no_grant
19,"مدير الإدارة المالية",138,Maintenance/dashboard_mnt.php,"لوحة إدارة الصيانة",0,0,0,0,0,0,0,0,0,0,0,0,0,0,0,0,,no_grant
19,"مدير الإدارة المالية",139,main/role_board.php,"لوحة الدور",0,0,0,0,0,0,0,0,0,0,0,0,0,0,0,0,,no_grant
19,"مدير الإدارة المالية",140,Finance/operator_pay_policies_fin.php,"سياسات مستحقات المشغّلين",1,1,1,0,0,0,0,0,0,0,0,0,1,1,0,0,company,derived_from_4flags
19,"مدير الإدارة المالية",141,Equipments/equipment_documents.php,"وثائق المعدات والمشغّلين",0,0,0,0,0,0,0,0,0,0,0,0,0,0,0,0,,no_grant
19,"مدير الإدارة المالية",142,Contracts/claims.php,المستخلصات,1,1,1,0,1,0,1,0,0,0,0,0,1,1,0,0,company,derived_from_4flags
19,"مدير الإدارة المالية",143,Finance/currencies_fin.php,"العملات وأسعار الصرف",1,1,1,1,1,1,1,0,0,0,0,0,1,1,0,0,company,derived_from_4flags
19,"مدير الإدارة المالية",144,Suppliers/settlements.php,"تسويات الموردين",1,1,1,0,1,0,1,0,0,0,0,0,1,1,0,0,company,derived_from_4flags
19,"مدير الإدارة المالية",145,Contracts/contract_obligations.php,"مصفوفة التزامات العقد",1,1,1,0,1,0,1,0,0,0,0,0,1,1,0,0,company,derived_from_4flags
19,"مدير الإدارة المالية",146,Approvals/attribution_board.php,"لوحة الإسناد اليومي",1,1,1,0,1,0,1,0,0,0,0,0,1,1,0,0,company,derived_from_4flags
19,"مدير الإدارة المالية",147,Contracts/penalties.php,"احتساب الجزاءات والحوافز",1,1,1,0,1,0,1,0,0,0,0,0,1,1,0,0,company,derived_from_4flags
19,"مدير الإدارة المالية",148,Workforce/employee_settlements.php,"تسويات الموظفين",1,1,1,0,1,0,1,0,0,0,0,0,1,1,0,0,company,derived_from_4flags
19,"مدير الإدارة المالية",149,Operations/containers.php,"حاويات العقود",0,0,0,0,0,0,0,0,0,0,0,0,0,0,0,0,,no_grant
19,"مدير الإدارة المالية",150,Projects/sites.php,"مواقع التنفيذ",0,0,0,0,0,0,0,0,0,0,0,0,0,0,0,0,,no_grant
19,"مدير الإدارة المالية",151,Workforce/contract_registry.php,"سجل العقود الموحّد",0,0,0,0,0,0,0,0,0,0,0,0,0,0,0,0,,no_grant
19,"مدير الإدارة المالية",152,Operations/daily_plan.php,"خطة عمل الغد",0,0,0,0,0,0,0,0,0,0,0,0,0,0,0,0,,no_grant
19,"مدير الإدارة المالية",153,Suppliers/supplier_contract_lines.php,"بنود عقد المورد",0,0,0,0,0,0,0,0,0,0,0,0,0,0,0,0,,no_grant
19,"مدير الإدارة المالية",154,Contracts/price_terms.php,"شروط تعديل السعر",0,0,0,0,0,0,0,0,0,0,0,0,0,0,0,0,,no_grant
19,"مدير الإدارة المالية",155,Equipments/meter_readings.php,"قراءات العدّادات",0,0,0,0,0,0,0,0,0,0,0,0,0,0,0,0,,no_grant
19,"مدير الإدارة المالية",156,Workforce/payroll_runs.php,"مسيّر الرواتب",0,0,0,0,0,0,0,0,0,0,0,0,0,0,0,0,,no_grant
19,"مدير الإدارة المالية",157,Workforce/employee_advances.php,"سلفيات الموظفين",0,0,0,0,0,0,0,0,0,0,0,0,0,0,0,0,,no_grant
19,"مدير الإدارة المالية",158,Suppliers/supplier_advances.php,"سلفيات الموردين",0,0,0,0,0,0,0,0,0,0,0,0,0,0,0,0,,no_grant
19,"مدير الإدارة المالية",159,Suppliers/supplier_rules.php,"قواعد تحميل المورد وجزاءاته",0,0,0,0,0,0,0,0,0,0,0,0,0,0,0,0,,no_grant
19,"مدير الإدارة المالية",160,Suppliers/supplier_capacity.php,"الطاقة والجاهزية ومهلة الإحلال",0,0,0,0,0,0,0,0,0,0,0,0,0,0,0,0,,no_grant
19,"مدير الإدارة المالية",161,Suppliers/supplier_evaluation.php,"تقييم المورد الدوري",0,0,0,0,0,0,0,0,0,0,0,0,0,0,0,0,,no_grant
19,"مدير الإدارة المالية",162,Suppliers/supplier_closure.php,"تصفية إنهاء عقد المورد",0,0,0,0,0,0,0,0,0,0,0,0,0,0,0,0,,no_grant
19,"مدير الإدارة المالية",163,Suppliers/supplier_documents.php,"وثائق المورد وحسابه البنكي",0,0,0,0,0,0,0,0,0,0,0,0,0,0,0,0,,no_grant
19,"مدير الإدارة المالية",164,Contracts/tax_invoices.php,"الفاتورة الضريبية",1,1,1,0,0,0,0,0,0,0,0,0,1,1,0,0,company,derived_from_4flags
19,"مدير الإدارة المالية",165,Contracts/client_statement.php,"كشف حساب العميل",1,1,1,0,0,0,0,0,0,0,0,0,1,1,0,0,company,derived_from_4flags
19,"مدير الإدارة المالية",166,Contracts/collections.php,"الذمم والتحصيل",0,0,0,0,0,0,0,0,0,0,0,0,0,0,0,0,,no_grant
19,"مدير الإدارة المالية",167,Workforce/final_settlement.php,"تصفية إنهاء خدمة الموظف",0,0,0,0,0,0,0,0,0,0,0,0,0,0,0,0,,no_grant
19,"مدير الإدارة المالية",168,Transport/transfer_tariffs.php,"تعرفة الترحيل وتسعير الأوامر",0,0,0,0,0,0,0,0,0,0,0,0,0,0,0,0,,no_grant
19,"مدير الإدارة المالية",169,Finance/periodic_events_fin.php,"الدوريات المالية",1,1,1,0,0,0,0,0,0,0,0,0,1,1,0,0,company,derived_from_4flags
19,"مدير الإدارة المالية",171,Suppliers/rfq_requests.php,"طلبات عروض الموردين",0,0,0,0,0,0,0,0,0,0,0,0,0,0,0,0,,no_grant
19,"مدير الإدارة المالية",172,Contracts/contract_sites.php,"نطاقات العقد التشغيلية",1,1,1,0,0,0,0,0,0,0,0,0,1,1,0,0,company,derived_from_4flags
19,"مدير الإدارة المالية",173,Contracts/contract_lines.php,"بنود عقد العميل وقيمته",1,1,1,0,0,0,0,0,0,0,0,0,1,1,0,0,company,derived_from_4flags
19,"مدير الإدارة المالية",174,Contracts/contract_monthly_plan.php,"الجدول الشهري للعقد",1,1,1,0,0,0,0,0,0,0,0,0,1,1,0,0,company,derived_from_4flags
19,"مدير الإدارة المالية",175,Contracts/contract_resource_plan.php,"خطة موارد العقد",0,0,0,0,0,0,0,0,0,0,0,0,0,0,0,0,,no_grant
19,"مدير الإدارة المالية",176,Contracts/contract_payment_schedule.php,"خطة دفع العقد",1,1,1,0,0,0,0,0,0,0,0,0,1,1,0,0,company,derived_from_4flags
19,"مدير الإدارة المالية",177,Contracts/contract_guarantees.php,"ضمانات العقد",1,1,1,0,0,0,0,0,0,0,0,0,1,1,0,0,company,derived_from_4flags
19,"مدير الإدارة المالية",178,Contracts/plan_actual_link.php,"ربط الخطة بالفعلي",1,1,1,0,0,0,0,0,0,0,0,0,1,1,0,0,company,derived_from_4flags
19,"مدير الإدارة المالية",179,Contracts/contract_baseline.php,"خط أساس العقد",1,1,1,0,1,0,1,0,0,0,0,0,1,1,0,0,company,derived_from_4flags
19,"مدير الإدارة المالية",180,Contracts/contract_lifecycle.php,"اقتصاد دورة حياة العقد",1,1,1,0,0,0,0,0,0,0,0,0,1,1,0,0,company,derived_from_4flags
19,"مدير الإدارة المالية",181,Contracts/commercial_board.php,"اللوحة التجارية للعقود",1,1,1,0,0,0,0,0,0,0,0,0,1,1,0,0,company,derived_from_4flags
19,"مدير الإدارة المالية",182,user_capacities.php,"صفاتي ومبدّل المساحة",1,1,1,0,0,0,0,0,0,0,0,0,1,1,0,0,company,derived_from_4flags
19,"مدير الإدارة المالية",183,Portal/visibility_keys.php,"مفاتيح الظهور",0,0,0,0,0,0,0,0,0,0,0,0,0,0,0,0,,no_grant
19,"مدير الإدارة المالية",184,Portal/portal_elements.php,"مكوّنات البوابة",0,0,0,0,0,0,0,0,0,0,0,0,0,0,0,0,,no_grant
19,"مدير الإدارة المالية",185,Portal/visibility_simulator.php,"من يرى ماذا (محاكاة)",0,0,0,0,0,0,0,0,0,0,0,0,0,0,0,0,,no_grant
19,"مدير الإدارة المالية",186,Portal/visibility_audit.php,"سجل تدقيق الظهور",0,0,0,0,0,0,0,0,0,0,0,0,0,0,0,0,,no_grant
19,"مدير الإدارة المالية",187,Portal/my_portal.php,بوابتي,1,1,1,0,0,0,0,0,0,0,0,0,1,1,0,0,company,derived_from_4flags
19,"مدير الإدارة المالية",188,Portal/my_achievement.php,إنجازي,1,1,1,0,0,0,0,0,0,0,0,0,1,1,0,0,company,derived_from_4flags
19,"مدير الإدارة المالية",189,Portal/my_evaluation.php,"التقييم الثنائي",1,1,1,1,0,1,0,0,0,0,0,0,1,1,0,0,company,derived_from_4flags
19,"مدير الإدارة المالية",190,Portal/my_certificate.php,"شهادة الإنجاز",1,1,1,0,0,0,0,0,0,0,0,0,1,1,0,0,company,derived_from_4flags
19,"مدير الإدارة المالية",191,Portal/workspace.php,"مساحة العمل",1,1,1,0,0,0,0,0,0,0,0,0,1,1,0,0,company,derived_from_4flags
19,"مدير الإدارة المالية",192,Finance/approvals_inbox.php,"صندوق الاعتمادات الموحد",1,1,1,0,0,0,0,0,0,0,0,0,1,1,0,0,company,derived_from_4flags
19,"مدير الإدارة المالية",193,Operations/operations_room.php,"غرفة عمليات التشغيل",0,0,0,0,0,0,0,0,0,0,0,0,0,0,0,0,,no_grant
19,"مدير الإدارة المالية",194,Operations/distribution_space.php,"مساحة التوزيع",0,0,0,0,0,0,0,0,0,0,0,0,0,0,0,0,,no_grant
19,"مدير الإدارة المالية",195,Reports/daily_units_report.php,"سجل الوحدات اليومية",0,0,0,0,0,0,0,0,0,0,0,0,0,0,0,0,,no_grant
19,"مدير الإدارة المالية",196,Fleet/readiness_board.php,"لوحة الجاهزية",0,0,0,0,0,0,0,0,0,0,0,0,0,0,0,0,,no_grant
19,"مدير الإدارة المالية",197,Maintenance/failure_report.php,"تقرير الأعطال (التصنيف الموحد)",0,0,0,0,0,0,0,0,0,0,0,0,0,0,0,0,,no_grant
19,"مدير الإدارة المالية",198,Procurement/supplier_card_proc.php,"بطاقة مورد المشتريات",0,0,0,0,0,0,0,0,0,0,0,0,0,0,0,0,,no_grant
19,"مدير الإدارة المالية",199,Procurement/warehouse_board.php,"لوحة أمين المستودع",0,0,0,0,0,0,0,0,0,0,0,0,0,0,0,0,,no_grant
19,"مدير الإدارة المالية",200,Contracts/contract_card.php,"بطاقة العقد الأم",1,1,1,0,0,0,0,0,0,0,0,0,1,1,0,0,company,derived_from_4flags
19,"مدير الإدارة المالية",201,Employees/employee_card.php,"بطاقة الموظف",0,0,0,0,0,0,0,0,0,0,0,0,0,0,0,0,,no_grant
19,"مدير الإدارة المالية",202,Reports/margin_report.php,"هامش الواقعة والعقد",1,1,1,0,0,0,0,0,0,0,0,0,1,1,0,0,company,derived_from_4flags
19,"مدير الإدارة المالية",203,Reports/exceptions_report.php,"تقرير الاستثناءات",1,1,1,0,0,0,0,0,0,0,0,0,1,1,0,0,company,derived_from_4flags
19,"مدير الإدارة المالية",204,Reports/guard_denials_report.php,"تقرير المنع",1,1,1,0,0,0,0,0,0,0,0,0,1,1,0,0,company,derived_from_4flags
19,"مدير الإدارة المالية",205,Settings/guard_classification.php,"تصنيف الحمايات",1,1,1,0,1,0,1,0,0,0,0,0,1,1,0,0,company,derived_from_4flags
19,"مدير الإدارة المالية",206,Governance/entities_registry.php,"سجل الكيانات",1,1,1,1,1,1,1,0,0,0,0,0,1,1,0,0,company,derived_from_4flags
19,"مدير الإدارة المالية",207,Governance/signing_authority.php,"التفويض بالتوقيع",1,1,1,1,1,1,1,0,0,0,0,0,1,1,0,0,company,derived_from_4flags
19,"مدير الإدارة المالية",208,Governance/licenses_guarantees.php,"التراخيص والكفالات",1,1,1,1,1,1,1,0,0,0,0,0,1,1,0,0,company,derived_from_4flags
19,"مدير الإدارة المالية",209,Governance/activation_patterns.php,"أنماط التفعيل",1,1,1,0,1,0,1,0,0,0,0,0,1,1,0,0,company,derived_from_4flags
19,"مدير الإدارة المالية",210,Financing/financiers_registry.php,"سجل الممولين",1,1,1,0,0,0,0,0,0,0,0,0,1,1,0,0,company,derived_from_4flags
19,"مدير الإدارة المالية",211,Financing/financing_operation_new.php,"إنشاء عملية تمويل",1,1,1,1,0,1,0,0,0,0,0,0,1,1,0,0,company,derived_from_4flags
19,"مدير الإدارة المالية",212,Reports/approval_lag_report.php,"الاعتمادات المتأخرة والوثائق",1,1,1,0,0,0,0,0,0,0,0,0,1,1,0,0,company,derived_from_4flags
19,"مدير الإدارة المالية",213,Governance/ownership_grants.php,"منح المجال المقيَّد",1,1,1,1,1,1,1,0,0,0,0,0,1,1,0,0,company,derived_from_4flags
19,"مدير الإدارة المالية",214,Financing/financing_board.php,"لوحة إدارة التمويل",0,0,0,0,0,0,0,0,0,0,0,0,0,0,0,0,,no_grant
19,"مدير الإدارة المالية",215,admin/ops_manager_board.php,"لوحة مدير التشغيل",0,0,0,0,0,0,0,0,0,0,0,0,0,0,0,0,,no_grant
19,"مدير الإدارة المالية",216,admin/org_assignments.php,"التكليفات التنظيمية",0,0,0,0,0,0,0,0,0,0,0,0,0,0,0,0,,no_grant
19,"مدير الإدارة المالية",217,admin/org_structure.php,"الهيكل التنظيمي",0,0,0,0,0,0,0,0,0,0,0,0,0,0,0,0,,no_grant
19,"مدير الإدارة المالية",218,admin/org_permits.php,"أذونات المواقع",0,0,0,0,0,0,0,0,0,0,0,0,0,0,0,0,,no_grant
19,"مدير الإدارة المالية",222,admin/sec_governance.php,"مركز حوكمة الصلاحيات",0,0,0,0,0,0,0,0,0,0,0,0,0,0,0,0,,no_grant
19,"مدير الإدارة المالية",223,admin/sec_employee_wizard.php,"معالج إعداد الموظف",0,0,0,0,0,0,0,0,0,0,0,0,0,0,0,0,,no_grant
19,"مدير الإدارة المالية",225,Tickets/ticket_workstreams_board.php,"لوحة مسارات البلاغات",0,0,0,0,0,0,0,0,0,0,0,0,0,0,0,0,,no_grant
19,"مدير الإدارة المالية",226,Tickets/watchtower.php,"برج المراقبة",0,0,0,0,0,0,0,0,0,0,0,0,0,0,0,0,,no_grant
19,"مدير الإدارة المالية",227,Tickets/ticket_contextual_open.php,"بلاغ سياقي جديد",1,1,1,1,0,1,0,0,0,0,0,0,1,1,0,0,company,derived_from_4flags
19,"مدير الإدارة المالية",228,main/my_workspace.php,"مساحة عملي",1,1,1,0,0,0,0,0,0,0,0,0,1,1,0,0,company,derived_from_4flags
20,"المراجع والمدقق المالي",1,Clients/clients.php,العملاء,0,0,0,0,0,0,0,0,0,0,0,0,0,0,0,0,,no_grant
20,"المراجع والمدقق المالي",2,Projects/projects.php,المشاريع,0,0,0,0,0,0,0,0,0,0,0,0,0,0,0,0,,no_grant
20,"المراجع والمدقق المالي",3,main/users.php,الصلاحيات,0,0,0,0,0,0,0,0,0,0,0,0,0,0,0,0,,no_grant
20,"المراجع والمدقق المالي",4,Reports/reports.php,"مركز التقارير",0,0,0,0,0,0,0,0,0,0,0,0,0,0,0,0,,no_grant
20,"المراجع والمدقق المالي",5,Equipments/equipments_types.php,"أنواع المعدات",0,0,0,0,0,0,0,0,0,0,0,0,0,0,0,0,,no_grant
20,"المراجع والمدقق المالي",6,Reports/reports.php,"مركز التقارير",0,0,0,0,0,0,0,0,0,0,0,0,0,0,0,0,,no_grant
20,"المراجع والمدقق المالي",7,Employees/employees.php,الموظفون,0,0,0,0,0,0,0,0,0,0,0,0,0,0,0,0,,no_grant
20,"المراجع والمدقق المالي",8,Equipments/equipments_fleet.php,المعدات,0,0,0,0,0,0,0,0,0,0,0,0,0,0,0,0,,no_grant
20,"المراجع والمدقق المالي",9,Oprators/oprators.php,"شاشة التشغيل",0,0,0,0,0,0,0,0,0,0,0,0,0,0,0,0,,no_grant
20,"المراجع والمدقق المالي",10,Timesheet/timesheet_type.php,"تسجيل الوحدات",0,0,0,0,0,0,0,0,0,0,0,0,0,0,0,0,,no_grant
20,"المراجع والمدقق المالي",11,Settings/settings.php,الإعدادات,0,0,0,0,0,0,0,0,0,0,0,0,0,0,0,0,,no_grant
20,"المراجع والمدقق المالي",12,ActivityLogs/activity_logs.php,"سجل النشاط",0,0,0,0,0,0,0,0,0,0,0,0,0,0,0,0,,no_grant
20,"المراجع والمدقق المالي",14,main/project_users.php,"مشرفو الموردين",0,0,0,0,0,0,0,0,0,0,0,0,0,0,0,0,,no_grant
20,"المراجع والمدقق المالي",15,main/project_users.php,المشرفين,0,0,0,0,0,0,0,0,0,0,0,0,0,0,0,0,,no_grant
20,"المراجع والمدقق المالي",16,main/project_users.php,المشرفين,0,0,0,0,0,0,0,0,0,0,0,0,0,0,0,0,,no_grant
20,"المراجع والمدقق المالي",17,main/project_users.php,"إدارة المعاونين",0,0,0,0,0,0,0,0,0,0,0,0,0,0,0,0,,no_grant
20,"المراجع والمدقق المالي",18,main/project_users.php,المشرفين,0,0,0,0,0,0,0,0,0,0,0,0,0,0,0,0,,no_grant
20,"المراجع والمدقق المالي",20,Contracts/contracts.php,العقود,0,0,0,0,0,0,0,0,0,0,0,0,0,0,0,0,,no_grant
20,"المراجع والمدقق المالي",21,Contracts/contracts_details.php,"ملف عقد المشروع",0,0,0,0,0,0,0,0,0,0,0,0,0,0,0,0,,no_grant
20,"المراجع والمدقق المالي",22,Suppliers/suppliers.php,الموردون,0,0,0,0,0,0,0,0,0,0,0,0,0,0,0,0,,no_grant
20,"المراجع والمدقق المالي",23,Oprators/select_project.php,التشغيل,0,0,0,0,0,0,0,0,0,0,0,0,0,0,0,0,,no_grant
20,"المراجع والمدقق المالي",24,Settings/settings.php,الإعدادات,0,0,0,0,0,0,0,0,0,0,0,0,0,0,0,0,,no_grant
20,"المراجع والمدقق المالي",25,Suppliers/supplierscontracts.php,"عقود الموردين",0,0,0,0,0,0,0,0,0,0,0,0,0,0,0,0,,no_grant
20,"المراجع والمدقق المالي",26,Suppliers/supplierscontracts_details.php,"ملف عقد المورد",0,0,0,0,0,0,0,0,0,0,0,0,0,0,0,0,,no_grant
20,"المراجع والمدقق المالي",27,Equipments/equipments_drivers.php,المعدات,0,0,0,0,0,0,0,0,0,0,0,0,0,0,0,0,,no_grant
20,"المراجع والمدقق المالي",28,Reports/reports.php,"مركز التقارير",0,0,0,0,0,0,0,0,0,0,0,0,0,0,0,0,,no_grant
20,"المراجع والمدقق المالي",29,movement/project_drivers.php,"توزيع المشغّلين",0,0,0,0,0,0,0,0,0,0,0,0,0,0,0,0,,no_grant
20,"المراجع والمدقق المالي",30,movement/movement_operations.php,الورديات,0,0,0,0,0,0,0,0,0,0,0,0,0,0,0,0,,no_grant
20,"المراجع والمدقق المالي",31,Reports/reports.php,"مركز التقارير",0,0,0,0,0,0,0,0,0,0,0,0,0,0,0,0,,no_grant
20,"المراجع والمدقق المالي",32,Reports/reports.php,"مركز التقارير",0,0,0,0,0,0,0,0,0,0,0,0,0,0,0,0,,no_grant
20,"المراجع والمدقق المالي",34,movement/map_page.php,"متابعة المشروع",0,0,0,0,0,0,0,0,0,0,0,0,0,0,0,0,,no_grant
20,"المراجع والمدقق المالي",35,Clients/clients.php,العملاء,0,0,0,0,0,0,0,0,0,0,0,0,0,0,0,0,,no_grant
20,"المراجع والمدقق المالي",36,Projects/projects.php,المشاريع,0,0,0,0,0,0,0,0,0,0,0,0,0,0,0,0,,no_grant
20,"المراجع والمدقق المالي",37,Contracts/contracts.php,العقود,0,0,0,0,0,0,0,0,0,0,0,0,0,0,0,0,,no_grant
20,"المراجع والمدقق المالي",38,Equipments/manage_failure_codes.php,"تصنيفات الأعطال",0,0,0,0,0,0,0,0,0,0,0,0,0,0,0,0,,no_grant
20,"المراجع والمدقق المالي",40,Equipments/fleet_models.php,"الأنواع والموديلات",0,0,0,0,0,0,0,0,0,0,0,0,0,0,0,0,,no_grant
20,"المراجع والمدقق المالي",41,Equipments/fleet_depreciation_profiles.php,"إعداد الإهلاك",0,0,0,0,0,0,0,0,0,0,0,0,0,0,0,0,,no_grant
20,"المراجع والمدقق المالي",42,Maintenance/breakdowns.php,"البلاغات (غير مفعّلة)",0,0,0,0,0,0,0,0,0,0,0,0,0,0,0,0,,no_grant
20,"المراجع والمدقق المالي",43,Maintenance/orders.php,"أوامر الصيانة",0,0,0,0,0,0,0,0,0,0,0,0,0,0,0,0,,no_grant
20,"المراجع والمدقق المالي",44,Maintenance/inspections.php,"الفحص الفني اليومي",0,0,0,0,0,0,0,0,0,0,0,0,0,0,0,0,,no_grant
20,"المراجع والمدقق المالي",45,Maintenance/preventive_plans.php,"الصيانة الوقائية",0,0,0,0,0,0,0,0,0,0,0,0,0,0,0,0,,no_grant
20,"المراجع والمدقق المالي",46,Maintenance/master_data.php,"إعدادات الصيانة",0,0,0,0,0,0,0,0,0,0,0,0,0,0,0,0,,no_grant
20,"المراجع والمدقق المالي",47,Workforce/worker_register.php,"السجل التشغيلي للعامل",0,0,0,0,0,0,0,0,0,0,0,0,0,0,0,0,,no_grant
20,"المراجع والمدقق المالي",48,Workforce/worker_contract.php,"عقود العاملين",0,0,0,0,0,0,0,0,0,0,0,0,0,0,0,0,,no_grant
20,"المراجع والمدقق المالي",50,Workforce/worker_leave_absence.php,"الإجازات والغياب",0,0,0,0,0,0,0,0,0,0,0,0,0,0,0,0,,no_grant
20,"المراجع والمدقق المالي",51,Workforce/worker_movement.php,"تنقلات العاملين",0,0,0,0,0,0,0,0,0,0,0,0,0,0,0,0,,no_grant
20,"المراجع والمدقق المالي",52,Workforce/housing_units.php,"السكن والإعاشة",0,0,0,0,0,0,0,0,0,0,0,0,0,0,0,0,,no_grant
20,"المراجع والمدقق المالي",53,Workforce/worker_evaluation.php,"تقييم الأداء",0,0,0,0,0,0,0,0,0,0,0,0,0,0,0,0,,no_grant
20,"المراجع والمدقق المالي",54,Workforce/worker_settlement.php,"تسويات العاملين",0,0,0,0,0,0,0,0,0,0,0,0,0,0,0,0,,no_grant
20,"المراجع والمدقق المالي",55,Workforce/workforce_requirement.php,"احتياج القوى والتخطيط",0,0,0,0,0,0,0,0,0,0,0,0,0,0,0,0,,no_grant
20,"المراجع والمدقق المالي",56,Workforce/worker_worklog.php,"سجل الأحداث التشغيلية",0,0,0,0,0,0,0,0,0,0,0,0,0,0,0,0,,no_grant
20,"المراجع والمدقق المالي",57,Employees/job_titles.php,"المسميات الوظيفية",0,0,0,0,0,0,0,0,0,0,0,0,0,0,0,0,,no_grant
20,"المراجع والمدقق المالي",58,Employees/employee_roles.php,"الأدوار الوظيفية",0,0,0,0,0,0,0,0,0,0,0,0,0,0,0,0,,no_grant
20,"المراجع والمدقق المالي",59,Employees/equipment_operators.php,"المشغّلون والسائقون",0,0,0,0,0,0,0,0,0,0,0,0,0,0,0,0,,no_grant
20,"المراجع والمدقق المالي",60,main/users.php,"إدارة المستخدمين",0,0,0,0,0,0,0,0,0,0,0,0,0,0,0,0,,no_grant
20,"المراجع والمدقق المالي",61,main/all_assistants.php,المعاونون,0,0,0,0,0,0,0,0,0,0,0,0,0,0,0,0,,no_grant
20,"المراجع والمدقق المالي",62,Employees/employee_contracts.php,"عقود الموظفين",0,0,0,0,0,0,0,0,0,0,0,0,0,0,0,0,,no_grant
20,"المراجع والمدقق المالي",63,Employees/employee_contracts_details.php,"ملف عقد الموظف",0,0,0,0,0,0,0,0,0,0,0,0,0,0,0,0,,no_grant
20,"المراجع والمدقق المالي",64,Employees/employee_profile.php,"بطاقة الموظف",0,0,0,0,0,0,0,0,0,0,0,0,0,0,0,0,,no_grant
20,"المراجع والمدقق المالي",65,Employees/showcontractemployee.php,"عرض عقد الموظف",0,0,0,0,0,0,0,0,0,0,0,0,0,0,0,0,,no_grant
20,"المراجع والمدقق المالي",66,Opportunities/opportunities.php,"الفرص البيعية",0,0,0,0,0,0,0,0,0,0,0,0,0,0,0,0,,no_grant
20,"المراجع والمدقق المالي",67,Procurement/dashboard_proc.php,"لوحة المشتريات",0,0,0,0,0,0,0,0,0,0,0,0,0,0,0,0,,no_grant
20,"المراجع والمدقق المالي",68,Procurement/items_proc.php,"كتالوج الأصناف",0,0,0,0,0,0,0,0,0,0,0,0,0,0,0,0,,no_grant
20,"المراجع والمدقق المالي",69,Procurement/requests_proc.php,"طلبات الشراء",0,0,0,0,0,0,0,0,0,0,0,0,0,0,0,0,,no_grant
20,"المراجع والمدقق المالي",70,Procurement/orders_proc.php,"أوامر الشراء",0,0,0,0,0,0,0,0,0,0,0,0,0,0,0,0,,no_grant
20,"المراجع والمدقق المالي",71,Procurement/receipt_custody_proc.php,"الاستلام المؤقت",0,0,0,0,0,0,0,0,0,0,0,0,0,0,0,0,,no_grant
20,"المراجع والمدقق المالي",72,Procurement/stock_proc.php,المخزون,0,0,0,0,0,0,0,0,0,0,0,0,0,0,0,0,,no_grant
20,"المراجع والمدقق المالي",73,Procurement/issue_proc.php,"صرف المخزون والعهدة",0,0,0,0,0,0,0,0,0,0,0,0,0,0,0,0,,no_grant
20,"المراجع والمدقق المالي",74,Procurement/reordering_proc.php,"حدود إعادة الطلب",0,0,0,0,0,0,0,0,0,0,0,0,0,0,0,0,,no_grant
20,"المراجع والمدقق المالي",75,Procurement/suppliers_proc.php,"موردو المشتريات",0,0,0,0,0,0,0,0,0,0,0,0,0,0,0,0,,no_grant
20,"المراجع والمدقق المالي",76,Procurement/master_data_proc.php,"البيانات المرجعية",0,0,0,0,0,0,0,0,0,0,0,0,0,0,0,0,,no_grant
20,"المراجع والمدقق المالي",77,Clients/activities.php,"أنشطة العملاء",0,0,0,0,0,0,0,0,0,0,0,0,0,0,0,0,,no_grant
20,"المراجع والمدقق المالي",78,Clients/commercial_risks.php,"المخاطر التجارية",0,0,0,0,0,0,0,0,0,0,0,0,0,0,0,0,,no_grant
20,"المراجع والمدقق المالي",79,Clients/tenders.php,المناقصات,0,0,0,0,0,0,0,0,0,0,0,0,0,0,0,0,,no_grant
20,"المراجع والمدقق المالي",80,Clients/quotations.php,"عروض الأسعار",0,0,0,0,0,0,0,0,0,0,0,0,0,0,0,0,,no_grant
20,"المراجع والمدقق المالي",81,Clients/pricelists.php,"قوائم ونماذج التسعير",0,0,0,0,0,0,0,0,0,0,0,0,0,0,0,0,,no_grant
20,"المراجع والمدقق المالي",82,Clients/products.php,"كتالوج المنتجات والخدمات",0,0,0,0,0,0,0,0,0,0,0,0,0,0,0,0,,no_grant
20,"المراجع والمدقق المالي",83,Clients/units_of_measure.php,"وحدات القياس",0,0,0,0,0,0,0,0,0,0,0,0,0,0,0,0,,no_grant
20,"المراجع والمدقق المالي",84,Clients/contract_amendments.php,"ملاحق العقود وتجديداتها",0,0,0,0,0,0,0,0,0,0,0,0,0,0,0,0,,no_grant
20,"المراجع والمدقق المالي",85,Clients/contract_events.php,"سجل حركة العقد",0,0,0,0,0,0,0,0,0,0,0,0,0,0,0,0,,no_grant
20,"المراجع والمدقق المالي",86,Finance/events_list_fin.php,"المعاملات المالية",1,1,1,1,1,1,1,0,0,0,0,0,1,1,0,0,company,derived_from_4flags
20,"المراجع والمدقق المالي",87,Finance/accounts_fin.php,"دليل الحسابات",1,1,1,1,1,1,1,0,0,0,0,0,1,1,0,0,company,derived_from_4flags
20,"المراجع والمدقق المالي",88,Finance/journal_form_fin.php,"القيود اليومية",1,1,1,1,1,1,1,0,0,0,0,0,1,1,0,0,company,derived_from_4flags
20,"المراجع والمدقق المالي",89,Finance/budget_form_fin.php,"الميزانية والانحراف",1,1,1,0,1,0,1,0,0,0,0,0,1,1,0,0,company,derived_from_4flags
20,"المراجع والمدقق المالي",90,Finance/dues_fin.php,"الذمم والتحصيل",1,1,1,1,1,1,1,0,0,0,0,0,1,1,0,0,company,derived_from_4flags
20,"المراجع والمدقق المالي",91,Finance/payments_fin.php,"المدفوعات والخزينة",1,1,1,1,1,1,1,0,0,0,0,0,1,1,0,0,company,derived_from_4flags
20,"المراجع والمدقق المالي",92,Finance/cost_report_fin.php,"التكاليف والربحية",1,1,1,1,1,1,1,0,0,0,0,0,1,1,0,0,company,derived_from_4flags
20,"المراجع والمدقق المالي",93,Finance/periods_fin.php,"إقفال الفترات",1,1,1,1,1,1,1,0,0,0,0,0,1,1,0,0,company,derived_from_4flags
20,"المراجع والمدقق المالي",94,Finance/funding_fin.php,"التمويل والالتزامات",1,1,1,1,1,1,1,0,0,0,0,0,1,1,0,0,company,derived_from_4flags
20,"المراجع والمدقق المالي",95,Finance/cash_forecast_fin.php,"السيولة والتنبؤ النقدي",1,1,1,1,1,1,1,0,0,0,0,0,1,1,0,0,company,derived_from_4flags
20,"المراجع والمدقق المالي",96,Finance/management_accounting_fin.php,"المحاسبة الإدارية",1,1,1,1,1,1,1,0,0,0,0,0,1,1,0,0,company,derived_from_4flags
20,"المراجع والمدقق المالي",97,Finance/accountants_fin.php,"المحاسبون والوحدات",1,1,1,1,1,1,1,0,0,0,0,0,1,1,0,0,company,derived_from_4flags
20,"المراجع والمدقق المالي",98,Finance/import_events_fin.php,"استقبال معاملات الإدارات",1,1,1,1,1,1,1,0,0,0,0,0,1,1,0,0,company,derived_from_4flags
20,"المراجع والمدقق المالي",99,Finance/executive_dashboard_fin.php,"اللوحة التنفيذية",1,1,1,1,1,1,1,0,0,0,0,0,1,1,0,0,company,derived_from_4flags
20,"المراجع والمدقق المالي",100,Finance/financial_statements_fin.php,"القوائم المالية",1,1,1,1,1,1,1,0,0,0,0,0,1,1,0,0,company,derived_from_4flags
20,"المراجع والمدقق المالي",101,Finance/assets_fin.php,"الأصول والإهلاك",1,1,1,1,1,1,1,0,0,0,0,0,1,1,0,0,company,derived_from_4flags
20,"المراجع والمدقق المالي",102,Finance/tax_fin.php,"الضرائب والقيمة المضافة",1,1,1,1,1,1,1,0,0,0,0,0,1,1,0,0,company,derived_from_4flags
20,"المراجع والمدقق المالي",103,Finance/bank_reconciliation_fin.php,"المطابقة البنكية",1,1,1,1,1,1,1,0,0,0,0,0,1,1,0,0,company,derived_from_4flags
20,"المراجع والمدقق المالي",104,Finance/cfo_daily_board_fin.php,"لوحة المدير المالي",1,1,1,1,1,1,1,0,0,0,0,0,1,1,0,0,company,derived_from_4flags
20,"المراجع والمدقق المالي",105,Finance/unit_records_fin.php,"وحدات الأطراف",1,1,1,1,1,1,1,0,0,0,0,0,1,1,0,0,company,derived_from_4flags
20,"المراجع والمدقق المالي",106,Finance/supplier_statement_fin.php,"كشف حساب المورد",1,1,1,1,1,1,1,0,0,0,0,0,1,1,0,0,company,derived_from_4flags
20,"المراجع والمدقق المالي",107,main/project_users.php,المعاونين,0,0,0,0,0,0,0,0,0,0,0,0,0,0,0,0,,no_grant
20,"المراجع والمدقق المالي",108,Transport/transfer_types_config.php,"إعدادات الترحيل",0,0,0,0,0,0,0,0,0,0,0,0,0,0,0,0,,no_grant
20,"المراجع والمدقق المالي",109,Transport/transfer_cost_rules_config.php,"قواعد تحميل تكلفة الترحيل",0,0,0,0,0,0,0,0,0,0,0,0,0,0,0,0,,no_grant
20,"المراجع والمدقق المالي",110,Transport/trs_locations_config.php,المواقع,0,0,0,0,0,0,0,0,0,0,0,0,0,0,0,0,,no_grant
20,"المراجع والمدقق المالي",111,Transport/transfer_requests.php,"موافقات الترحيل",0,0,0,0,0,0,0,0,0,0,0,0,0,0,0,0,,no_grant
20,"المراجع والمدقق المالي",112,Transport/transfer_orders_list.php,"أوامر الترحيل",0,0,0,0,0,0,0,0,0,0,0,0,0,0,0,0,,no_grant
20,"المراجع والمدقق المالي",113,Transport/transfer_dashboard.php,"لوحة الرحلات",0,0,0,0,0,0,0,0,0,0,0,0,0,0,0,0,,no_grant
20,"المراجع والمدقق المالي",114,FinRequests/request_form.php,"طلب مالي جديد",1,1,1,0,0,0,0,0,0,0,0,0,1,1,0,0,company,derived_from_4flags
20,"المراجع والمدقق المالي",115,FinRequests/my_requests.php,"طلباتي المالية",0,0,0,0,0,0,0,0,0,0,0,0,0,0,0,0,,no_grant
20,"المراجع والمدقق المالي",116,FinRequests/dept_inbox.php,"موافقات إدارتي",0,0,0,0,0,0,0,0,0,0,0,0,0,0,0,0,,no_grant
20,"المراجع والمدقق المالي",117,FinRequests/accountant_desk.php,"مكتب المحاسب",0,0,0,0,0,0,0,0,0,0,0,0,0,0,0,0,,no_grant
20,"المراجع والمدقق المالي",118,FinRequests/finance_gateway.php,"الطلبات المالية",1,1,1,0,0,0,0,0,0,0,0,0,1,1,0,0,company,derived_from_4flags
20,"المراجع والمدقق المالي",119,FinRequests/effect_map.php,"سجل الحركة المالية",1,1,1,0,0,0,0,0,0,0,0,0,1,1,0,0,company,derived_from_4flags
20,"المراجع والمدقق المالي",120,FinRequests/routing_admin.php,"قواعد توجيه الطلبات",0,0,0,0,0,0,0,0,0,0,0,0,0,0,0,0,,no_grant
20,"المراجع والمدقق المالي",121,FinRequests/cycle_time_board.php,"زمن دورة الطلبات",1,1,1,0,0,0,0,0,0,0,0,0,1,1,0,0,company,derived_from_4flags
20,"المراجع والمدقق المالي",122,FinRequests/requests_reports.php,"تقارير الطلبات المالية",1,1,1,0,0,0,0,0,0,0,0,0,1,1,0,0,company,derived_from_4flags
20,"المراجع والمدقق المالي",123,Settings/role_permissions.php,"صلاحيات الأدوار",0,0,0,0,0,0,0,0,0,0,0,0,0,0,0,0,,no_grant
20,"المراجع والمدقق المالي",124,Settings/roles.php,الأدوار,0,0,0,0,0,0,0,0,0,0,0,0,0,0,0,0,,no_grant
20,"المراجع والمدقق المالي",125,Finance/variance_monitor_fin.php,"متابعة الانحراف",1,1,1,0,1,0,1,0,0,0,0,0,1,1,0,0,company,derived_from_4flags
20,"المراجع والمدقق المالي",126,Finance/maintenance_provision_fin.php,"قواعد مخصص الصيانة",1,1,1,0,0,0,0,0,0,0,0,0,1,1,0,0,company,derived_from_4flags
20,"المراجع والمدقق المالي",127,Clients/contract_commitments.php,"التزامات العقود",0,0,0,0,0,0,0,0,0,0,0,0,0,0,0,0,,no_grant
20,"المراجع والمدقق المالي",128,Finance/operator_pay_fin.php,"قواعد مستحقات المشغّلين",1,1,1,0,0,0,0,0,0,0,0,0,1,1,0,0,company,derived_from_4flags
20,"المراجع والمدقق المالي",129,Clients/readiness_lines.php,"جاهزية العروض",0,0,0,0,0,0,0,0,0,0,0,0,0,0,0,0,,no_grant
20,"المراجع والمدقق المالي",130,Tickets/ticket_types_config.php,"إعداد أنواع البلاغات",0,0,0,0,0,0,0,0,0,0,0,0,0,0,0,0,,no_grant
20,"المراجع والمدقق المالي",131,Tickets/ticket_categories_config.php,"تصنيفات الأعطال والبلاغات",0,0,0,0,0,0,0,0,0,0,0,0,0,0,0,0,,no_grant
20,"المراجع والمدقق المالي",132,Tickets/tickets_list.php,البلاغات,0,0,0,0,0,0,0,0,0,0,0,0,0,0,0,0,,no_grant
20,"المراجع والمدقق المالي",133,Tickets/ticket_form.php,"تسجيل بلاغ",0,0,0,0,0,0,0,0,0,0,0,0,0,0,0,0,,no_grant
20,"المراجع والمدقق المالي",134,Tickets/ticket_sla_config.php,"أزمنة الاستجابة والإنجاز",0,0,0,0,0,0,0,0,0,0,0,0,0,0,0,0,,no_grant
20,"المراجع والمدقق المالي",135,Tickets/ticket_escalation_config.php,"سلّم التصعيد",0,0,0,0,0,0,0,0,0,0,0,0,0,0,0,0,,no_grant
20,"المراجع والمدقق المالي",136,Tickets/ticket_recurrence.php,"البلاغات الدورية",0,0,0,0,0,0,0,0,0,0,0,0,0,0,0,0,,no_grant
20,"المراجع والمدقق المالي",137,Tickets/ticket_dashboard.php,"أداء البلاغات",0,0,0,0,0,0,0,0,0,0,0,0,0,0,0,0,,no_grant
20,"المراجع والمدقق المالي",138,Maintenance/dashboard_mnt.php,"لوحة إدارة الصيانة",0,0,0,0,0,0,0,0,0,0,0,0,0,0,0,0,,no_grant
20,"المراجع والمدقق المالي",139,main/role_board.php,"لوحة الدور",0,0,0,0,0,0,0,0,0,0,0,0,0,0,0,0,,no_grant
20,"المراجع والمدقق المالي",140,Finance/operator_pay_policies_fin.php,"سياسات مستحقات المشغّلين",1,1,1,0,0,0,0,0,0,0,0,0,1,1,0,0,company,derived_from_4flags
20,"المراجع والمدقق المالي",141,Equipments/equipment_documents.php,"وثائق المعدات والمشغّلين",0,0,0,0,0,0,0,0,0,0,0,0,0,0,0,0,,no_grant
20,"المراجع والمدقق المالي",142,Contracts/claims.php,المستخلصات,0,0,0,0,0,0,0,0,0,0,0,0,0,0,0,0,,no_grant
20,"المراجع والمدقق المالي",143,Finance/currencies_fin.php,"العملات وأسعار الصرف",1,1,1,0,0,0,0,0,0,0,0,0,1,1,0,0,company,derived_from_4flags
20,"المراجع والمدقق المالي",144,Suppliers/settlements.php,"تسويات الموردين",0,0,0,0,0,0,0,0,0,0,0,0,0,0,0,0,,no_grant
20,"المراجع والمدقق المالي",145,Contracts/contract_obligations.php,"مصفوفة التزامات العقد",0,0,0,0,0,0,0,0,0,0,0,0,0,0,0,0,,no_grant
20,"المراجع والمدقق المالي",146,Approvals/attribution_board.php,"لوحة الإسناد اليومي",0,0,0,0,0,0,0,0,0,0,0,0,0,0,0,0,,no_grant
20,"المراجع والمدقق المالي",147,Contracts/penalties.php,"احتساب الجزاءات والحوافز",0,0,0,0,0,0,0,0,0,0,0,0,0,0,0,0,,no_grant
20,"المراجع والمدقق المالي",148,Workforce/employee_settlements.php,"تسويات الموظفين",0,0,0,0,0,0,0,0,0,0,0,0,0,0,0,0,,no_grant
20,"المراجع والمدقق المالي",149,Operations/containers.php,"حاويات العقود",0,0,0,0,0,0,0,0,0,0,0,0,0,0,0,0,,no_grant
20,"المراجع والمدقق المالي",150,Projects/sites.php,"مواقع التنفيذ",0,0,0,0,0,0,0,0,0,0,0,0,0,0,0,0,,no_grant
20,"المراجع والمدقق المالي",151,Workforce/contract_registry.php,"سجل العقود الموحّد",0,0,0,0,0,0,0,0,0,0,0,0,0,0,0,0,,no_grant
20,"المراجع والمدقق المالي",152,Operations/daily_plan.php,"خطة عمل الغد",0,0,0,0,0,0,0,0,0,0,0,0,0,0,0,0,,no_grant
20,"المراجع والمدقق المالي",153,Suppliers/supplier_contract_lines.php,"بنود عقد المورد",0,0,0,0,0,0,0,0,0,0,0,0,0,0,0,0,,no_grant
20,"المراجع والمدقق المالي",154,Contracts/price_terms.php,"شروط تعديل السعر",0,0,0,0,0,0,0,0,0,0,0,0,0,0,0,0,,no_grant
20,"المراجع والمدقق المالي",155,Equipments/meter_readings.php,"قراءات العدّادات",0,0,0,0,0,0,0,0,0,0,0,0,0,0,0,0,,no_grant
20,"المراجع والمدقق المالي",156,Workforce/payroll_runs.php,"مسيّر الرواتب",0,0,0,0,0,0,0,0,0,0,0,0,0,0,0,0,,no_grant
20,"المراجع والمدقق المالي",157,Workforce/employee_advances.php,"سلفيات الموظفين",0,0,0,0,0,0,0,0,0,0,0,0,0,0,0,0,,no_grant
20,"المراجع والمدقق المالي",158,Suppliers/supplier_advances.php,"سلفيات الموردين",0,0,0,0,0,0,0,0,0,0,0,0,0,0,0,0,,no_grant
20,"المراجع والمدقق المالي",159,Suppliers/supplier_rules.php,"قواعد تحميل المورد وجزاءاته",0,0,0,0,0,0,0,0,0,0,0,0,0,0,0,0,,no_grant
20,"المراجع والمدقق المالي",160,Suppliers/supplier_capacity.php,"الطاقة والجاهزية ومهلة الإحلال",0,0,0,0,0,0,0,0,0,0,0,0,0,0,0,0,,no_grant
20,"المراجع والمدقق المالي",161,Suppliers/supplier_evaluation.php,"تقييم المورد الدوري",0,0,0,0,0,0,0,0,0,0,0,0,0,0,0,0,,no_grant
20,"المراجع والمدقق المالي",162,Suppliers/supplier_closure.php,"تصفية إنهاء عقد المورد",0,0,0,0,0,0,0,0,0,0,0,0,0,0,0,0,,no_grant
20,"المراجع والمدقق المالي",163,Suppliers/supplier_documents.php,"وثائق المورد وحسابه البنكي",0,0,0,0,0,0,0,0,0,0,0,0,0,0,0,0,,no_grant
20,"المراجع والمدقق المالي",164,Contracts/tax_invoices.php,"الفاتورة الضريبية",0,0,0,0,0,0,0,0,0,0,0,0,0,0,0,0,,no_grant
20,"المراجع والمدقق المالي",165,Contracts/client_statement.php,"كشف حساب العميل",0,0,0,0,0,0,0,0,0,0,0,0,0,0,0,0,,no_grant
20,"المراجع والمدقق المالي",166,Contracts/collections.php,"الذمم والتحصيل",0,0,0,0,0,0,0,0,0,0,0,0,0,0,0,0,,no_grant
20,"المراجع والمدقق المالي",167,Workforce/final_settlement.php,"تصفية إنهاء خدمة الموظف",0,0,0,0,0,0,0,0,0,0,0,0,0,0,0,0,,no_grant
20,"المراجع والمدقق المالي",168,Transport/transfer_tariffs.php,"تعرفة الترحيل وتسعير الأوامر",0,0,0,0,0,0,0,0,0,0,0,0,0,0,0,0,,no_grant
20,"المراجع والمدقق المالي",169,Finance/periodic_events_fin.php,"الدوريات المالية",0,0,0,0,0,0,0,0,0,0,0,0,0,0,0,0,,no_grant
20,"المراجع والمدقق المالي",171,Suppliers/rfq_requests.php,"طلبات عروض الموردين",0,0,0,0,0,0,0,0,0,0,0,0,0,0,0,0,,no_grant
20,"المراجع والمدقق المالي",172,Contracts/contract_sites.php,"نطاقات العقد التشغيلية",0,0,0,0,0,0,0,0,0,0,0,0,0,0,0,0,,no_grant
20,"المراجع والمدقق المالي",173,Contracts/contract_lines.php,"بنود عقد العميل وقيمته",0,0,0,0,0,0,0,0,0,0,0,0,0,0,0,0,,no_grant
20,"المراجع والمدقق المالي",174,Contracts/contract_monthly_plan.php,"الجدول الشهري للعقد",0,0,0,0,0,0,0,0,0,0,0,0,0,0,0,0,,no_grant
20,"المراجع والمدقق المالي",175,Contracts/contract_resource_plan.php,"خطة موارد العقد",0,0,0,0,0,0,0,0,0,0,0,0,0,0,0,0,,no_grant
20,"المراجع والمدقق المالي",176,Contracts/contract_payment_schedule.php,"خطة دفع العقد",0,0,0,0,0,0,0,0,0,0,0,0,0,0,0,0,,no_grant
20,"المراجع والمدقق المالي",177,Contracts/contract_guarantees.php,"ضمانات العقد",1,1,1,0,0,0,0,0,0,0,0,0,1,1,0,0,company,derived_from_4flags
20,"المراجع والمدقق المالي",178,Contracts/plan_actual_link.php,"ربط الخطة بالفعلي",0,0,0,0,0,0,0,0,0,0,0,0,0,0,0,0,,no_grant
20,"المراجع والمدقق المالي",179,Contracts/contract_baseline.php,"خط أساس العقد",1,1,1,0,0,0,0,0,0,0,0,0,1,1,0,0,company,derived_from_4flags
20,"المراجع والمدقق المالي",180,Contracts/contract_lifecycle.php,"اقتصاد دورة حياة العقد",1,1,1,0,0,0,0,0,0,0,0,0,1,1,0,0,company,derived_from_4flags
20,"المراجع والمدقق المالي",181,Contracts/commercial_board.php,"اللوحة التجارية للعقود",1,1,1,0,0,0,0,0,0,0,0,0,1,1,0,0,company,derived_from_4flags
20,"المراجع والمدقق المالي",182,user_capacities.php,"صفاتي ومبدّل المساحة",1,1,1,0,0,0,0,0,0,0,0,0,1,1,0,0,company,derived_from_4flags
20,"المراجع والمدقق المالي",183,Portal/visibility_keys.php,"مفاتيح الظهور",0,0,0,0,0,0,0,0,0,0,0,0,0,0,0,0,,no_grant
20,"المراجع والمدقق المالي",184,Portal/portal_elements.php,"مكوّنات البوابة",0,0,0,0,0,0,0,0,0,0,0,0,0,0,0,0,,no_grant
20,"المراجع والمدقق المالي",185,Portal/visibility_simulator.php,"من يرى ماذا (محاكاة)",0,0,0,0,0,0,0,0,0,0,0,0,0,0,0,0,,no_grant
20,"المراجع والمدقق المالي",186,Portal/visibility_audit.php,"سجل تدقيق الظهور",0,0,0,0,0,0,0,0,0,0,0,0,0,0,0,0,,no_grant
20,"المراجع والمدقق المالي",187,Portal/my_portal.php,بوابتي,1,1,1,0,0,0,0,0,0,0,0,0,1,1,0,0,company,derived_from_4flags
20,"المراجع والمدقق المالي",188,Portal/my_achievement.php,إنجازي,1,1,1,0,0,0,0,0,0,0,0,0,1,1,0,0,company,derived_from_4flags
20,"المراجع والمدقق المالي",189,Portal/my_evaluation.php,"التقييم الثنائي",1,1,1,1,0,1,0,0,0,0,0,0,1,1,0,0,company,derived_from_4flags
20,"المراجع والمدقق المالي",190,Portal/my_certificate.php,"شهادة الإنجاز",1,1,1,0,0,0,0,0,0,0,0,0,1,1,0,0,company,derived_from_4flags
20,"المراجع والمدقق المالي",191,Portal/workspace.php,"مساحة العمل",1,1,1,0,0,0,0,0,0,0,0,0,1,1,0,0,company,derived_from_4flags
20,"المراجع والمدقق المالي",192,Finance/approvals_inbox.php,"صندوق الاعتمادات الموحد",0,0,0,0,0,0,0,0,0,0,0,0,0,0,0,0,,no_grant
20,"المراجع والمدقق المالي",193,Operations/operations_room.php,"غرفة عمليات التشغيل",0,0,0,0,0,0,0,0,0,0,0,0,0,0,0,0,,no_grant
20,"المراجع والمدقق المالي",194,Operations/distribution_space.php,"مساحة التوزيع",0,0,0,0,0,0,0,0,0,0,0,0,0,0,0,0,,no_grant
20,"المراجع والمدقق المالي",195,Reports/daily_units_report.php,"سجل الوحدات اليومية",0,0,0,0,0,0,0,0,0,0,0,0,0,0,0,0,,no_grant
20,"المراجع والمدقق المالي",196,Fleet/readiness_board.php,"لوحة الجاهزية",0,0,0,0,0,0,0,0,0,0,0,0,0,0,0,0,,no_grant
20,"المراجع والمدقق المالي",197,Maintenance/failure_report.php,"تقرير الأعطال (التصنيف الموحد)",0,0,0,0,0,0,0,0,0,0,0,0,0,0,0,0,,no_grant
20,"المراجع والمدقق المالي",198,Procurement/supplier_card_proc.php,"بطاقة مورد المشتريات",0,0,0,0,0,0,0,0,0,0,0,0,0,0,0,0,,no_grant
20,"المراجع والمدقق المالي",199,Procurement/warehouse_board.php,"لوحة أمين المستودع",0,0,0,0,0,0,0,0,0,0,0,0,0,0,0,0,,no_grant
20,"المراجع والمدقق المالي",200,Contracts/contract_card.php,"بطاقة العقد الأم",0,0,0,0,0,0,0,0,0,0,0,0,0,0,0,0,,no_grant
20,"المراجع والمدقق المالي",201,Employees/employee_card.php,"بطاقة الموظف",0,0,0,0,0,0,0,0,0,0,0,0,0,0,0,0,,no_grant
20,"المراجع والمدقق المالي",202,Reports/margin_report.php,"هامش الواقعة والعقد",0,0,0,0,0,0,0,0,0,0,0,0,0,0,0,0,,no_grant
20,"المراجع والمدقق المالي",203,Reports/exceptions_report.php,"تقرير الاستثناءات",0,0,0,0,0,0,0,0,0,0,0,0,0,0,0,0,,no_grant
20,"المراجع والمدقق المالي",204,Reports/guard_denials_report.php,"تقرير المنع",0,0,0,0,0,0,0,0,0,0,0,0,0,0,0,0,,no_grant
20,"المراجع والمدقق المالي",205,Settings/guard_classification.php,"تصنيف الحمايات",0,0,0,0,0,0,0,0,0,0,0,0,0,0,0,0,,no_grant
20,"المراجع والمدقق المالي",206,Governance/entities_registry.php,"سجل الكيانات",0,0,0,0,0,0,0,0,0,0,0,0,0,0,0,0,,no_grant
20,"المراجع والمدقق المالي",207,Governance/signing_authority.php,"التفويض بالتوقيع",0,0,0,0,0,0,0,0,0,0,0,0,0,0,0,0,,no_grant
20,"المراجع والمدقق المالي",208,Governance/licenses_guarantees.php,"التراخيص والكفالات",0,0,0,0,0,0,0,0,0,0,0,0,0,0,0,0,,no_grant
20,"المراجع والمدقق المالي",209,Governance/activation_patterns.php,"أنماط التفعيل",0,0,0,0,0,0,0,0,0,0,0,0,0,0,0,0,,no_grant
20,"المراجع والمدقق المالي",210,Financing/financiers_registry.php,"سجل الممولين",0,0,0,0,0,0,0,0,0,0,0,0,0,0,0,0,,no_grant
20,"المراجع والمدقق المالي",211,Financing/financing_operation_new.php,"إنشاء عملية تمويل",0,0,0,0,0,0,0,0,0,0,0,0,0,0,0,0,,no_grant
20,"المراجع والمدقق المالي",212,Reports/approval_lag_report.php,"الاعتمادات المتأخرة والوثائق",0,0,0,0,0,0,0,0,0,0,0,0,0,0,0,0,,no_grant
20,"المراجع والمدقق المالي",213,Governance/ownership_grants.php,"منح المجال المقيَّد",0,0,0,0,0,0,0,0,0,0,0,0,0,0,0,0,,no_grant
20,"المراجع والمدقق المالي",214,Financing/financing_board.php,"لوحة إدارة التمويل",0,0,0,0,0,0,0,0,0,0,0,0,0,0,0,0,,no_grant
20,"المراجع والمدقق المالي",215,admin/ops_manager_board.php,"لوحة مدير التشغيل",0,0,0,0,0,0,0,0,0,0,0,0,0,0,0,0,,no_grant
20,"المراجع والمدقق المالي",216,admin/org_assignments.php,"التكليفات التنظيمية",0,0,0,0,0,0,0,0,0,0,0,0,0,0,0,0,,no_grant
20,"المراجع والمدقق المالي",217,admin/org_structure.php,"الهيكل التنظيمي",0,0,0,0,0,0,0,0,0,0,0,0,0,0,0,0,,no_grant
20,"المراجع والمدقق المالي",218,admin/org_permits.php,"أذونات المواقع",0,0,0,0,0,0,0,0,0,0,0,0,0,0,0,0,,no_grant
20,"المراجع والمدقق المالي",222,admin/sec_governance.php,"مركز حوكمة الصلاحيات",0,0,0,0,0,0,0,0,0,0,0,0,0,0,0,0,,no_grant
20,"المراجع والمدقق المالي",223,admin/sec_employee_wizard.php,"معالج إعداد الموظف",0,0,0,0,0,0,0,0,0,0,0,0,0,0,0,0,,no_grant
20,"المراجع والمدقق المالي",225,Tickets/ticket_workstreams_board.php,"لوحة مسارات البلاغات",0,0,0,0,0,0,0,0,0,0,0,0,0,0,0,0,,no_grant
20,"المراجع والمدقق المالي",226,Tickets/watchtower.php,"برج المراقبة",0,0,0,0,0,0,0,0,0,0,0,0,0,0,0,0,,no_grant
20,"المراجع والمدقق المالي",227,Tickets/ticket_contextual_open.php,"بلاغ سياقي جديد",1,1,1,1,0,1,0,0,0,0,0,0,1,1,0,0,company,derived_from_4flags
20,"المراجع والمدقق المالي",228,main/my_workspace.php,"مساحة عملي",1,1,1,0,0,0,0,0,0,0,0,0,1,1,0,0,company,derived_from_4flags
21,"أمين الخزينة",1,Clients/clients.php,العملاء,0,0,0,0,0,0,0,0,0,0,0,0,0,0,0,0,,no_grant
21,"أمين الخزينة",2,Projects/projects.php,المشاريع,0,0,0,0,0,0,0,0,0,0,0,0,0,0,0,0,,no_grant
21,"أمين الخزينة",3,main/users.php,الصلاحيات,0,0,0,0,0,0,0,0,0,0,0,0,0,0,0,0,,no_grant
21,"أمين الخزينة",4,Reports/reports.php,"مركز التقارير",0,0,0,0,0,0,0,0,0,0,0,0,0,0,0,0,,no_grant
21,"أمين الخزينة",5,Equipments/equipments_types.php,"أنواع المعدات",0,0,0,0,0,0,0,0,0,0,0,0,0,0,0,0,,no_grant
21,"أمين الخزينة",6,Reports/reports.php,"مركز التقارير",0,0,0,0,0,0,0,0,0,0,0,0,0,0,0,0,,no_grant
21,"أمين الخزينة",7,Employees/employees.php,الموظفون,0,0,0,0,0,0,0,0,0,0,0,0,0,0,0,0,,no_grant
21,"أمين الخزينة",8,Equipments/equipments_fleet.php,المعدات,0,0,0,0,0,0,0,0,0,0,0,0,0,0,0,0,,no_grant
21,"أمين الخزينة",9,Oprators/oprators.php,"شاشة التشغيل",0,0,0,0,0,0,0,0,0,0,0,0,0,0,0,0,,no_grant
21,"أمين الخزينة",10,Timesheet/timesheet_type.php,"تسجيل الوحدات",0,0,0,0,0,0,0,0,0,0,0,0,0,0,0,0,,no_grant
21,"أمين الخزينة",11,Settings/settings.php,الإعدادات,0,0,0,0,0,0,0,0,0,0,0,0,0,0,0,0,,no_grant
21,"أمين الخزينة",12,ActivityLogs/activity_logs.php,"سجل النشاط",0,0,0,0,0,0,0,0,0,0,0,0,0,0,0,0,,no_grant
21,"أمين الخزينة",14,main/project_users.php,"مشرفو الموردين",0,0,0,0,0,0,0,0,0,0,0,0,0,0,0,0,,no_grant
21,"أمين الخزينة",15,main/project_users.php,المشرفين,0,0,0,0,0,0,0,0,0,0,0,0,0,0,0,0,,no_grant
21,"أمين الخزينة",16,main/project_users.php,المشرفين,0,0,0,0,0,0,0,0,0,0,0,0,0,0,0,0,,no_grant
21,"أمين الخزينة",17,main/project_users.php,"إدارة المعاونين",0,0,0,0,0,0,0,0,0,0,0,0,0,0,0,0,,no_grant
21,"أمين الخزينة",18,main/project_users.php,المشرفين,0,0,0,0,0,0,0,0,0,0,0,0,0,0,0,0,,no_grant
21,"أمين الخزينة",20,Contracts/contracts.php,العقود,0,0,0,0,0,0,0,0,0,0,0,0,0,0,0,0,,no_grant
21,"أمين الخزينة",21,Contracts/contracts_details.php,"ملف عقد المشروع",0,0,0,0,0,0,0,0,0,0,0,0,0,0,0,0,,no_grant
21,"أمين الخزينة",22,Suppliers/suppliers.php,الموردون,0,0,0,0,0,0,0,0,0,0,0,0,0,0,0,0,,no_grant
21,"أمين الخزينة",23,Oprators/select_project.php,التشغيل,0,0,0,0,0,0,0,0,0,0,0,0,0,0,0,0,,no_grant
21,"أمين الخزينة",24,Settings/settings.php,الإعدادات,0,0,0,0,0,0,0,0,0,0,0,0,0,0,0,0,,no_grant
21,"أمين الخزينة",25,Suppliers/supplierscontracts.php,"عقود الموردين",0,0,0,0,0,0,0,0,0,0,0,0,0,0,0,0,,no_grant
21,"أمين الخزينة",26,Suppliers/supplierscontracts_details.php,"ملف عقد المورد",0,0,0,0,0,0,0,0,0,0,0,0,0,0,0,0,,no_grant
21,"أمين الخزينة",27,Equipments/equipments_drivers.php,المعدات,0,0,0,0,0,0,0,0,0,0,0,0,0,0,0,0,,no_grant
21,"أمين الخزينة",28,Reports/reports.php,"مركز التقارير",0,0,0,0,0,0,0,0,0,0,0,0,0,0,0,0,,no_grant
21,"أمين الخزينة",29,movement/project_drivers.php,"توزيع المشغّلين",0,0,0,0,0,0,0,0,0,0,0,0,0,0,0,0,,no_grant
21,"أمين الخزينة",30,movement/movement_operations.php,الورديات,0,0,0,0,0,0,0,0,0,0,0,0,0,0,0,0,,no_grant
21,"أمين الخزينة",31,Reports/reports.php,"مركز التقارير",0,0,0,0,0,0,0,0,0,0,0,0,0,0,0,0,,no_grant
21,"أمين الخزينة",32,Reports/reports.php,"مركز التقارير",0,0,0,0,0,0,0,0,0,0,0,0,0,0,0,0,,no_grant
21,"أمين الخزينة",34,movement/map_page.php,"متابعة المشروع",0,0,0,0,0,0,0,0,0,0,0,0,0,0,0,0,,no_grant
21,"أمين الخزينة",35,Clients/clients.php,العملاء,0,0,0,0,0,0,0,0,0,0,0,0,0,0,0,0,,no_grant
21,"أمين الخزينة",36,Projects/projects.php,المشاريع,0,0,0,0,0,0,0,0,0,0,0,0,0,0,0,0,,no_grant
21,"أمين الخزينة",37,Contracts/contracts.php,العقود,0,0,0,0,0,0,0,0,0,0,0,0,0,0,0,0,,no_grant
21,"أمين الخزينة",38,Equipments/manage_failure_codes.php,"تصنيفات الأعطال",0,0,0,0,0,0,0,0,0,0,0,0,0,0,0,0,,no_grant
21,"أمين الخزينة",40,Equipments/fleet_models.php,"الأنواع والموديلات",0,0,0,0,0,0,0,0,0,0,0,0,0,0,0,0,,no_grant
21,"أمين الخزينة",41,Equipments/fleet_depreciation_profiles.php,"إعداد الإهلاك",0,0,0,0,0,0,0,0,0,0,0,0,0,0,0,0,,no_grant
21,"أمين الخزينة",42,Maintenance/breakdowns.php,"البلاغات (غير مفعّلة)",0,0,0,0,0,0,0,0,0,0,0,0,0,0,0,0,,no_grant
21,"أمين الخزينة",43,Maintenance/orders.php,"أوامر الصيانة",0,0,0,0,0,0,0,0,0,0,0,0,0,0,0,0,,no_grant
21,"أمين الخزينة",44,Maintenance/inspections.php,"الفحص الفني اليومي",0,0,0,0,0,0,0,0,0,0,0,0,0,0,0,0,,no_grant
21,"أمين الخزينة",45,Maintenance/preventive_plans.php,"الصيانة الوقائية",0,0,0,0,0,0,0,0,0,0,0,0,0,0,0,0,,no_grant
21,"أمين الخزينة",46,Maintenance/master_data.php,"إعدادات الصيانة",0,0,0,0,0,0,0,0,0,0,0,0,0,0,0,0,,no_grant
21,"أمين الخزينة",47,Workforce/worker_register.php,"السجل التشغيلي للعامل",0,0,0,0,0,0,0,0,0,0,0,0,0,0,0,0,,no_grant
21,"أمين الخزينة",48,Workforce/worker_contract.php,"عقود العاملين",0,0,0,0,0,0,0,0,0,0,0,0,0,0,0,0,,no_grant
21,"أمين الخزينة",50,Workforce/worker_leave_absence.php,"الإجازات والغياب",0,0,0,0,0,0,0,0,0,0,0,0,0,0,0,0,,no_grant
21,"أمين الخزينة",51,Workforce/worker_movement.php,"تنقلات العاملين",0,0,0,0,0,0,0,0,0,0,0,0,0,0,0,0,,no_grant
21,"أمين الخزينة",52,Workforce/housing_units.php,"السكن والإعاشة",0,0,0,0,0,0,0,0,0,0,0,0,0,0,0,0,,no_grant
21,"أمين الخزينة",53,Workforce/worker_evaluation.php,"تقييم الأداء",0,0,0,0,0,0,0,0,0,0,0,0,0,0,0,0,,no_grant
21,"أمين الخزينة",54,Workforce/worker_settlement.php,"تسويات العاملين",0,0,0,0,0,0,0,0,0,0,0,0,0,0,0,0,,no_grant
21,"أمين الخزينة",55,Workforce/workforce_requirement.php,"احتياج القوى والتخطيط",0,0,0,0,0,0,0,0,0,0,0,0,0,0,0,0,,no_grant
21,"أمين الخزينة",56,Workforce/worker_worklog.php,"سجل الأحداث التشغيلية",0,0,0,0,0,0,0,0,0,0,0,0,0,0,0,0,,no_grant
21,"أمين الخزينة",57,Employees/job_titles.php,"المسميات الوظيفية",0,0,0,0,0,0,0,0,0,0,0,0,0,0,0,0,,no_grant
21,"أمين الخزينة",58,Employees/employee_roles.php,"الأدوار الوظيفية",0,0,0,0,0,0,0,0,0,0,0,0,0,0,0,0,,no_grant
21,"أمين الخزينة",59,Employees/equipment_operators.php,"المشغّلون والسائقون",0,0,0,0,0,0,0,0,0,0,0,0,0,0,0,0,,no_grant
21,"أمين الخزينة",60,main/users.php,"إدارة المستخدمين",0,0,0,0,0,0,0,0,0,0,0,0,0,0,0,0,,no_grant
21,"أمين الخزينة",61,main/all_assistants.php,المعاونون,0,0,0,0,0,0,0,0,0,0,0,0,0,0,0,0,,no_grant
21,"أمين الخزينة",62,Employees/employee_contracts.php,"عقود الموظفين",0,0,0,0,0,0,0,0,0,0,0,0,0,0,0,0,,no_grant
21,"أمين الخزينة",63,Employees/employee_contracts_details.php,"ملف عقد الموظف",0,0,0,0,0,0,0,0,0,0,0,0,0,0,0,0,,no_grant
21,"أمين الخزينة",64,Employees/employee_profile.php,"بطاقة الموظف",0,0,0,0,0,0,0,0,0,0,0,0,0,0,0,0,,no_grant
21,"أمين الخزينة",65,Employees/showcontractemployee.php,"عرض عقد الموظف",0,0,0,0,0,0,0,0,0,0,0,0,0,0,0,0,,no_grant
21,"أمين الخزينة",66,Opportunities/opportunities.php,"الفرص البيعية",0,0,0,0,0,0,0,0,0,0,0,0,0,0,0,0,,no_grant
21,"أمين الخزينة",67,Procurement/dashboard_proc.php,"لوحة المشتريات",0,0,0,0,0,0,0,0,0,0,0,0,0,0,0,0,,no_grant
21,"أمين الخزينة",68,Procurement/items_proc.php,"كتالوج الأصناف",0,0,0,0,0,0,0,0,0,0,0,0,0,0,0,0,,no_grant
21,"أمين الخزينة",69,Procurement/requests_proc.php,"طلبات الشراء",0,0,0,0,0,0,0,0,0,0,0,0,0,0,0,0,,no_grant
21,"أمين الخزينة",70,Procurement/orders_proc.php,"أوامر الشراء",0,0,0,0,0,0,0,0,0,0,0,0,0,0,0,0,,no_grant
21,"أمين الخزينة",71,Procurement/receipt_custody_proc.php,"الاستلام المؤقت",0,0,0,0,0,0,0,0,0,0,0,0,0,0,0,0,,no_grant
21,"أمين الخزينة",72,Procurement/stock_proc.php,المخزون,0,0,0,0,0,0,0,0,0,0,0,0,0,0,0,0,,no_grant
21,"أمين الخزينة",73,Procurement/issue_proc.php,"صرف المخزون والعهدة",0,0,0,0,0,0,0,0,0,0,0,0,0,0,0,0,,no_grant
21,"أمين الخزينة",74,Procurement/reordering_proc.php,"حدود إعادة الطلب",0,0,0,0,0,0,0,0,0,0,0,0,0,0,0,0,,no_grant
21,"أمين الخزينة",75,Procurement/suppliers_proc.php,"موردو المشتريات",0,0,0,0,0,0,0,0,0,0,0,0,0,0,0,0,,no_grant
21,"أمين الخزينة",76,Procurement/master_data_proc.php,"البيانات المرجعية",0,0,0,0,0,0,0,0,0,0,0,0,0,0,0,0,,no_grant
21,"أمين الخزينة",77,Clients/activities.php,"أنشطة العملاء",0,0,0,0,0,0,0,0,0,0,0,0,0,0,0,0,,no_grant
21,"أمين الخزينة",78,Clients/commercial_risks.php,"المخاطر التجارية",0,0,0,0,0,0,0,0,0,0,0,0,0,0,0,0,,no_grant
21,"أمين الخزينة",79,Clients/tenders.php,المناقصات,0,0,0,0,0,0,0,0,0,0,0,0,0,0,0,0,,no_grant
21,"أمين الخزينة",80,Clients/quotations.php,"عروض الأسعار",0,0,0,0,0,0,0,0,0,0,0,0,0,0,0,0,,no_grant
21,"أمين الخزينة",81,Clients/pricelists.php,"قوائم ونماذج التسعير",0,0,0,0,0,0,0,0,0,0,0,0,0,0,0,0,,no_grant
21,"أمين الخزينة",82,Clients/products.php,"كتالوج المنتجات والخدمات",0,0,0,0,0,0,0,0,0,0,0,0,0,0,0,0,,no_grant
21,"أمين الخزينة",83,Clients/units_of_measure.php,"وحدات القياس",0,0,0,0,0,0,0,0,0,0,0,0,0,0,0,0,,no_grant
21,"أمين الخزينة",84,Clients/contract_amendments.php,"ملاحق العقود وتجديداتها",0,0,0,0,0,0,0,0,0,0,0,0,0,0,0,0,,no_grant
21,"أمين الخزينة",85,Clients/contract_events.php,"سجل حركة العقد",0,0,0,0,0,0,0,0,0,0,0,0,0,0,0,0,,no_grant
21,"أمين الخزينة",86,Finance/events_list_fin.php,"المعاملات المالية",1,1,1,1,1,1,1,0,0,0,0,0,1,1,0,0,company,derived_from_4flags
21,"أمين الخزينة",87,Finance/accounts_fin.php,"دليل الحسابات",1,1,1,1,1,1,1,0,0,0,0,0,1,1,0,0,company,derived_from_4flags
21,"أمين الخزينة",88,Finance/journal_form_fin.php,"القيود اليومية",1,1,1,1,1,1,1,0,0,0,0,0,1,1,0,0,company,derived_from_4flags
21,"أمين الخزينة",89,Finance/budget_form_fin.php,"الميزانية والانحراف",1,1,1,0,1,0,1,0,0,0,0,0,1,1,0,0,company,derived_from_4flags
21,"أمين الخزينة",90,Finance/dues_fin.php,"الذمم والتحصيل",1,1,1,1,1,1,1,0,0,0,0,0,1,1,0,0,company,derived_from_4flags
21,"أمين الخزينة",91,Finance/payments_fin.php,"المدفوعات والخزينة",1,1,1,1,1,1,1,0,0,0,0,0,1,1,0,0,company,derived_from_4flags
21,"أمين الخزينة",92,Finance/cost_report_fin.php,"التكاليف والربحية",1,1,1,1,1,1,1,0,0,0,0,0,1,1,0,0,company,derived_from_4flags
21,"أمين الخزينة",93,Finance/periods_fin.php,"إقفال الفترات",1,1,1,1,1,1,1,0,0,0,0,0,1,1,0,0,company,derived_from_4flags
21,"أمين الخزينة",94,Finance/funding_fin.php,"التمويل والالتزامات",1,1,1,1,1,1,1,0,0,0,0,0,1,1,0,0,company,derived_from_4flags
21,"أمين الخزينة",95,Finance/cash_forecast_fin.php,"السيولة والتنبؤ النقدي",1,1,1,1,1,1,1,0,0,0,0,0,1,1,0,0,company,derived_from_4flags
21,"أمين الخزينة",96,Finance/management_accounting_fin.php,"المحاسبة الإدارية",1,1,1,1,1,1,1,0,0,0,0,0,1,1,0,0,company,derived_from_4flags
21,"أمين الخزينة",97,Finance/accountants_fin.php,"المحاسبون والوحدات",1,1,1,1,1,1,1,0,0,0,0,0,1,1,0,0,company,derived_from_4flags
21,"أمين الخزينة",98,Finance/import_events_fin.php,"استقبال معاملات الإدارات",1,1,1,1,1,1,1,0,0,0,0,0,1,1,0,0,company,derived_from_4flags
21,"أمين الخزينة",99,Finance/executive_dashboard_fin.php,"اللوحة التنفيذية",1,1,1,1,1,1,1,0,0,0,0,0,1,1,0,0,company,derived_from_4flags
21,"أمين الخزينة",100,Finance/financial_statements_fin.php,"القوائم المالية",1,1,1,1,1,1,1,0,0,0,0,0,1,1,0,0,company,derived_from_4flags
21,"أمين الخزينة",101,Finance/assets_fin.php,"الأصول والإهلاك",1,1,1,1,1,1,1,0,0,0,0,0,1,1,0,0,company,derived_from_4flags
21,"أمين الخزينة",102,Finance/tax_fin.php,"الضرائب والقيمة المضافة",1,1,1,1,1,1,1,0,0,0,0,0,1,1,0,0,company,derived_from_4flags
21,"أمين الخزينة",103,Finance/bank_reconciliation_fin.php,"المطابقة البنكية",1,1,1,1,1,1,1,0,0,0,0,0,1,1,0,0,company,derived_from_4flags
21,"أمين الخزينة",104,Finance/cfo_daily_board_fin.php,"لوحة المدير المالي",1,1,1,1,1,1,1,0,0,0,0,0,1,1,0,0,company,derived_from_4flags
21,"أمين الخزينة",105,Finance/unit_records_fin.php,"وحدات الأطراف",1,1,1,1,1,1,1,0,0,0,0,0,1,1,0,0,company,derived_from_4flags
21,"أمين الخزينة",106,Finance/supplier_statement_fin.php,"كشف حساب المورد",1,1,1,1,1,1,1,0,0,0,0,0,1,1,0,0,company,derived_from_4flags
21,"أمين الخزينة",107,main/project_users.php,المعاونين,0,0,0,0,0,0,0,0,0,0,0,0,0,0,0,0,,no_grant
21,"أمين الخزينة",108,Transport/transfer_types_config.php,"إعدادات الترحيل",0,0,0,0,0,0,0,0,0,0,0,0,0,0,0,0,,no_grant
21,"أمين الخزينة",109,Transport/transfer_cost_rules_config.php,"قواعد تحميل تكلفة الترحيل",0,0,0,0,0,0,0,0,0,0,0,0,0,0,0,0,,no_grant
21,"أمين الخزينة",110,Transport/trs_locations_config.php,المواقع,0,0,0,0,0,0,0,0,0,0,0,0,0,0,0,0,,no_grant
21,"أمين الخزينة",111,Transport/transfer_requests.php,"موافقات الترحيل",0,0,0,0,0,0,0,0,0,0,0,0,0,0,0,0,,no_grant
21,"أمين الخزينة",112,Transport/transfer_orders_list.php,"أوامر الترحيل",0,0,0,0,0,0,0,0,0,0,0,0,0,0,0,0,,no_grant
21,"أمين الخزينة",113,Transport/transfer_dashboard.php,"لوحة الرحلات",0,0,0,0,0,0,0,0,0,0,0,0,0,0,0,0,,no_grant
21,"أمين الخزينة",114,FinRequests/request_form.php,"طلب مالي جديد",1,1,1,1,1,1,1,0,0,0,0,0,1,1,0,0,company,derived_from_4flags
21,"أمين الخزينة",115,FinRequests/my_requests.php,"طلباتي المالية",1,1,1,0,0,0,0,0,0,0,0,0,1,1,0,0,company,derived_from_4flags
21,"أمين الخزينة",116,FinRequests/dept_inbox.php,"موافقات إدارتي",1,1,1,0,1,0,1,0,0,0,0,0,1,1,0,0,company,derived_from_4flags
21,"أمين الخزينة",117,FinRequests/accountant_desk.php,"مكتب المحاسب",0,0,0,0,0,0,0,0,0,0,0,0,0,0,0,0,,no_grant
21,"أمين الخزينة",118,FinRequests/finance_gateway.php,"الطلبات المالية",1,1,1,0,0,0,0,0,0,0,0,0,1,1,0,0,company,derived_from_4flags
21,"أمين الخزينة",119,FinRequests/effect_map.php,"سجل الحركة المالية",1,1,1,0,0,0,0,0,0,0,0,0,1,1,0,0,company,derived_from_4flags
21,"أمين الخزينة",120,FinRequests/routing_admin.php,"قواعد توجيه الطلبات",0,0,0,0,0,0,0,0,0,0,0,0,0,0,0,0,,no_grant
21,"أمين الخزينة",121,FinRequests/cycle_time_board.php,"زمن دورة الطلبات",1,1,1,0,0,0,0,0,0,0,0,0,1,1,0,0,company,derived_from_4flags
21,"أمين الخزينة",122,FinRequests/requests_reports.php,"تقارير الطلبات المالية",1,1,1,0,0,0,0,0,0,0,0,0,1,1,0,0,company,derived_from_4flags
21,"أمين الخزينة",123,Settings/role_permissions.php,"صلاحيات الأدوار",0,0,0,0,0,0,0,0,0,0,0,0,0,0,0,0,,no_grant
21,"أمين الخزينة",124,Settings/roles.php,الأدوار,0,0,0,0,0,0,0,0,0,0,0,0,0,0,0,0,,no_grant
21,"أمين الخزينة",125,Finance/variance_monitor_fin.php,"متابعة الانحراف",1,1,1,0,0,0,0,0,0,0,0,0,1,1,0,0,company,derived_from_4flags
21,"أمين الخزينة",126,Finance/maintenance_provision_fin.php,"قواعد مخصص الصيانة",1,1,1,0,0,0,0,0,0,0,0,0,1,1,0,0,company,derived_from_4flags
21,"أمين الخزينة",127,Clients/contract_commitments.php,"التزامات العقود",0,0,0,0,0,0,0,0,0,0,0,0,0,0,0,0,,no_grant
21,"أمين الخزينة",128,Finance/operator_pay_fin.php,"قواعد مستحقات المشغّلين",1,1,1,0,0,0,0,0,0,0,0,0,1,1,0,0,company,derived_from_4flags
21,"أمين الخزينة",129,Clients/readiness_lines.php,"جاهزية العروض",0,0,0,0,0,0,0,0,0,0,0,0,0,0,0,0,,no_grant
21,"أمين الخزينة",130,Tickets/ticket_types_config.php,"إعداد أنواع البلاغات",0,0,0,0,0,0,0,0,0,0,0,0,0,0,0,0,,no_grant
21,"أمين الخزينة",131,Tickets/ticket_categories_config.php,"تصنيفات الأعطال والبلاغات",0,0,0,0,0,0,0,0,0,0,0,0,0,0,0,0,,no_grant
21,"أمين الخزينة",132,Tickets/tickets_list.php,البلاغات,0,0,0,0,0,0,0,0,0,0,0,0,0,0,0,0,,no_grant
21,"أمين الخزينة",133,Tickets/ticket_form.php,"تسجيل بلاغ",0,0,0,0,0,0,0,0,0,0,0,0,0,0,0,0,,no_grant
21,"أمين الخزينة",134,Tickets/ticket_sla_config.php,"أزمنة الاستجابة والإنجاز",0,0,0,0,0,0,0,0,0,0,0,0,0,0,0,0,,no_grant
21,"أمين الخزينة",135,Tickets/ticket_escalation_config.php,"سلّم التصعيد",0,0,0,0,0,0,0,0,0,0,0,0,0,0,0,0,,no_grant
21,"أمين الخزينة",136,Tickets/ticket_recurrence.php,"البلاغات الدورية",0,0,0,0,0,0,0,0,0,0,0,0,0,0,0,0,,no_grant
21,"أمين الخزينة",137,Tickets/ticket_dashboard.php,"أداء البلاغات",0,0,0,0,0,0,0,0,0,0,0,0,0,0,0,0,,no_grant
21,"أمين الخزينة",138,Maintenance/dashboard_mnt.php,"لوحة إدارة الصيانة",0,0,0,0,0,0,0,0,0,0,0,0,0,0,0,0,,no_grant
21,"أمين الخزينة",139,main/role_board.php,"لوحة الدور",0,0,0,0,0,0,0,0,0,0,0,0,0,0,0,0,,no_grant
21,"أمين الخزينة",140,Finance/operator_pay_policies_fin.php,"سياسات مستحقات المشغّلين",1,1,1,0,0,0,0,0,0,0,0,0,1,1,0,0,company,derived_from_4flags
21,"أمين الخزينة",141,Equipments/equipment_documents.php,"وثائق المعدات والمشغّلين",0,0,0,0,0,0,0,0,0,0,0,0,0,0,0,0,,no_grant
21,"أمين الخزينة",142,Contracts/claims.php,المستخلصات,0,0,0,0,0,0,0,0,0,0,0,0,0,0,0,0,,no_grant
21,"أمين الخزينة",143,Finance/currencies_fin.php,"العملات وأسعار الصرف",1,1,1,0,0,0,0,0,0,0,0,0,1,1,0,0,company,derived_from_4flags
21,"أمين الخزينة",144,Suppliers/settlements.php,"تسويات الموردين",0,0,0,0,0,0,0,0,0,0,0,0,0,0,0,0,,no_grant
21,"أمين الخزينة",145,Contracts/contract_obligations.php,"مصفوفة التزامات العقد",0,0,0,0,0,0,0,0,0,0,0,0,0,0,0,0,,no_grant
21,"أمين الخزينة",146,Approvals/attribution_board.php,"لوحة الإسناد اليومي",0,0,0,0,0,0,0,0,0,0,0,0,0,0,0,0,,no_grant
21,"أمين الخزينة",147,Contracts/penalties.php,"احتساب الجزاءات والحوافز",0,0,0,0,0,0,0,0,0,0,0,0,0,0,0,0,,no_grant
21,"أمين الخزينة",148,Workforce/employee_settlements.php,"تسويات الموظفين",0,0,0,0,0,0,0,0,0,0,0,0,0,0,0,0,,no_grant
21,"أمين الخزينة",149,Operations/containers.php,"حاويات العقود",0,0,0,0,0,0,0,0,0,0,0,0,0,0,0,0,,no_grant
21,"أمين الخزينة",150,Projects/sites.php,"مواقع التنفيذ",0,0,0,0,0,0,0,0,0,0,0,0,0,0,0,0,,no_grant
21,"أمين الخزينة",151,Workforce/contract_registry.php,"سجل العقود الموحّد",0,0,0,0,0,0,0,0,0,0,0,0,0,0,0,0,,no_grant
21,"أمين الخزينة",152,Operations/daily_plan.php,"خطة عمل الغد",0,0,0,0,0,0,0,0,0,0,0,0,0,0,0,0,,no_grant
21,"أمين الخزينة",153,Suppliers/supplier_contract_lines.php,"بنود عقد المورد",0,0,0,0,0,0,0,0,0,0,0,0,0,0,0,0,,no_grant
21,"أمين الخزينة",154,Contracts/price_terms.php,"شروط تعديل السعر",0,0,0,0,0,0,0,0,0,0,0,0,0,0,0,0,,no_grant
21,"أمين الخزينة",155,Equipments/meter_readings.php,"قراءات العدّادات",0,0,0,0,0,0,0,0,0,0,0,0,0,0,0,0,,no_grant
21,"أمين الخزينة",156,Workforce/payroll_runs.php,"مسيّر الرواتب",0,0,0,0,0,0,0,0,0,0,0,0,0,0,0,0,,no_grant
21,"أمين الخزينة",157,Workforce/employee_advances.php,"سلفيات الموظفين",0,0,0,0,0,0,0,0,0,0,0,0,0,0,0,0,,no_grant
21,"أمين الخزينة",158,Suppliers/supplier_advances.php,"سلفيات الموردين",0,0,0,0,0,0,0,0,0,0,0,0,0,0,0,0,,no_grant
21,"أمين الخزينة",159,Suppliers/supplier_rules.php,"قواعد تحميل المورد وجزاءاته",0,0,0,0,0,0,0,0,0,0,0,0,0,0,0,0,,no_grant
21,"أمين الخزينة",160,Suppliers/supplier_capacity.php,"الطاقة والجاهزية ومهلة الإحلال",0,0,0,0,0,0,0,0,0,0,0,0,0,0,0,0,,no_grant
21,"أمين الخزينة",161,Suppliers/supplier_evaluation.php,"تقييم المورد الدوري",0,0,0,0,0,0,0,0,0,0,0,0,0,0,0,0,,no_grant
21,"أمين الخزينة",162,Suppliers/supplier_closure.php,"تصفية إنهاء عقد المورد",0,0,0,0,0,0,0,0,0,0,0,0,0,0,0,0,,no_grant
21,"أمين الخزينة",163,Suppliers/supplier_documents.php,"وثائق المورد وحسابه البنكي",0,0,0,0,0,0,0,0,0,0,0,0,0,0,0,0,,no_grant
21,"أمين الخزينة",164,Contracts/tax_invoices.php,"الفاتورة الضريبية",0,0,0,0,0,0,0,0,0,0,0,0,0,0,0,0,,no_grant
21,"أمين الخزينة",165,Contracts/client_statement.php,"كشف حساب العميل",0,0,0,0,0,0,0,0,0,0,0,0,0,0,0,0,,no_grant
21,"أمين الخزينة",166,Contracts/collections.php,"الذمم والتحصيل",1,1,1,1,1,1,1,0,0,0,0,0,1,1,0,0,company,derived_from_4flags
21,"أمين الخزينة",167,Workforce/final_settlement.php,"تصفية إنهاء خدمة الموظف",0,0,0,0,0,0,0,0,0,0,0,0,0,0,0,0,,no_grant
21,"أمين الخزينة",168,Transport/transfer_tariffs.php,"تعرفة الترحيل وتسعير الأوامر",0,0,0,0,0,0,0,0,0,0,0,0,0,0,0,0,,no_grant
21,"أمين الخزينة",169,Finance/periodic_events_fin.php,"الدوريات المالية",0,0,0,0,0,0,0,0,0,0,0,0,0,0,0,0,,no_grant
21,"أمين الخزينة",171,Suppliers/rfq_requests.php,"طلبات عروض الموردين",0,0,0,0,0,0,0,0,0,0,0,0,0,0,0,0,,no_grant
21,"أمين الخزينة",172,Contracts/contract_sites.php,"نطاقات العقد التشغيلية",0,0,0,0,0,0,0,0,0,0,0,0,0,0,0,0,,no_grant
21,"أمين الخزينة",173,Contracts/contract_lines.php,"بنود عقد العميل وقيمته",0,0,0,0,0,0,0,0,0,0,0,0,0,0,0,0,,no_grant
21,"أمين الخزينة",174,Contracts/contract_monthly_plan.php,"الجدول الشهري للعقد",0,0,0,0,0,0,0,0,0,0,0,0,0,0,0,0,,no_grant
21,"أمين الخزينة",175,Contracts/contract_resource_plan.php,"خطة موارد العقد",0,0,0,0,0,0,0,0,0,0,0,0,0,0,0,0,,no_grant
21,"أمين الخزينة",176,Contracts/contract_payment_schedule.php,"خطة دفع العقد",1,1,1,0,0,0,0,0,0,0,0,0,1,1,0,0,company,derived_from_4flags
21,"أمين الخزينة",177,Contracts/contract_guarantees.php,"ضمانات العقد",1,1,1,0,0,0,0,0,0,0,0,0,1,1,0,0,company,derived_from_4flags
21,"أمين الخزينة",178,Contracts/plan_actual_link.php,"ربط الخطة بالفعلي",0,0,0,0,0,0,0,0,0,0,0,0,0,0,0,0,,no_grant
21,"أمين الخزينة",179,Contracts/contract_baseline.php,"خط أساس العقد",0,0,0,0,0,0,0,0,0,0,0,0,0,0,0,0,,no_grant
21,"أمين الخزينة",180,Contracts/contract_lifecycle.php,"اقتصاد دورة حياة العقد",0,0,0,0,0,0,0,0,0,0,0,0,0,0,0,0,,no_grant
21,"أمين الخزينة",181,Contracts/commercial_board.php,"اللوحة التجارية للعقود",0,0,0,0,0,0,0,0,0,0,0,0,0,0,0,0,,no_grant
21,"أمين الخزينة",182,user_capacities.php,"صفاتي ومبدّل المساحة",1,1,1,0,0,0,0,0,0,0,0,0,1,1,0,0,company,derived_from_4flags
21,"أمين الخزينة",183,Portal/visibility_keys.php,"مفاتيح الظهور",0,0,0,0,0,0,0,0,0,0,0,0,0,0,0,0,,no_grant
21,"أمين الخزينة",184,Portal/portal_elements.php,"مكوّنات البوابة",0,0,0,0,0,0,0,0,0,0,0,0,0,0,0,0,,no_grant
21,"أمين الخزينة",185,Portal/visibility_simulator.php,"من يرى ماذا (محاكاة)",0,0,0,0,0,0,0,0,0,0,0,0,0,0,0,0,,no_grant
21,"أمين الخزينة",186,Portal/visibility_audit.php,"سجل تدقيق الظهور",0,0,0,0,0,0,0,0,0,0,0,0,0,0,0,0,,no_grant
21,"أمين الخزينة",187,Portal/my_portal.php,بوابتي,1,1,1,0,0,0,0,0,0,0,0,0,1,1,0,0,company,derived_from_4flags
21,"أمين الخزينة",188,Portal/my_achievement.php,إنجازي,1,1,1,0,0,0,0,0,0,0,0,0,1,1,0,0,company,derived_from_4flags
21,"أمين الخزينة",189,Portal/my_evaluation.php,"التقييم الثنائي",1,1,1,1,0,1,0,0,0,0,0,0,1,1,0,0,company,derived_from_4flags
21,"أمين الخزينة",190,Portal/my_certificate.php,"شهادة الإنجاز",1,1,1,0,0,0,0,0,0,0,0,0,1,1,0,0,company,derived_from_4flags
21,"أمين الخزينة",191,Portal/workspace.php,"مساحة العمل",1,1,1,0,0,0,0,0,0,0,0,0,1,1,0,0,company,derived_from_4flags
21,"أمين الخزينة",192,Finance/approvals_inbox.php,"صندوق الاعتمادات الموحد",0,0,0,0,0,0,0,0,0,0,0,0,0,0,0,0,,no_grant
21,"أمين الخزينة",193,Operations/operations_room.php,"غرفة عمليات التشغيل",0,0,0,0,0,0,0,0,0,0,0,0,0,0,0,0,,no_grant
21,"أمين الخزينة",194,Operations/distribution_space.php,"مساحة التوزيع",0,0,0,0,0,0,0,0,0,0,0,0,0,0,0,0,,no_grant
21,"أمين الخزينة",195,Reports/daily_units_report.php,"سجل الوحدات اليومية",0,0,0,0,0,0,0,0,0,0,0,0,0,0,0,0,,no_grant
21,"أمين الخزينة",196,Fleet/readiness_board.php,"لوحة الجاهزية",0,0,0,0,0,0,0,0,0,0,0,0,0,0,0,0,,no_grant
21,"أمين الخزينة",197,Maintenance/failure_report.php,"تقرير الأعطال (التصنيف الموحد)",0,0,0,0,0,0,0,0,0,0,0,0,0,0,0,0,,no_grant
21,"أمين الخزينة",198,Procurement/supplier_card_proc.php,"بطاقة مورد المشتريات",0,0,0,0,0,0,0,0,0,0,0,0,0,0,0,0,,no_grant
21,"أمين الخزينة",199,Procurement/warehouse_board.php,"لوحة أمين المستودع",0,0,0,0,0,0,0,0,0,0,0,0,0,0,0,0,,no_grant
21,"أمين الخزينة",200,Contracts/contract_card.php,"بطاقة العقد الأم",0,0,0,0,0,0,0,0,0,0,0,0,0,0,0,0,,no_grant
21,"أمين الخزينة",201,Employees/employee_card.php,"بطاقة الموظف",0,0,0,0,0,0,0,0,0,0,0,0,0,0,0,0,,no_grant
21,"أمين الخزينة",202,Reports/margin_report.php,"هامش الواقعة والعقد",0,0,0,0,0,0,0,0,0,0,0,0,0,0,0,0,,no_grant
21,"أمين الخزينة",203,Reports/exceptions_report.php,"تقرير الاستثناءات",0,0,0,0,0,0,0,0,0,0,0,0,0,0,0,0,,no_grant
21,"أمين الخزينة",204,Reports/guard_denials_report.php,"تقرير المنع",0,0,0,0,0,0,0,0,0,0,0,0,0,0,0,0,,no_grant
21,"أمين الخزينة",205,Settings/guard_classification.php,"تصنيف الحمايات",0,0,0,0,0,0,0,0,0,0,0,0,0,0,0,0,,no_grant
21,"أمين الخزينة",206,Governance/entities_registry.php,"سجل الكيانات",0,0,0,0,0,0,0,0,0,0,0,0,0,0,0,0,,no_grant
21,"أمين الخزينة",207,Governance/signing_authority.php,"التفويض بالتوقيع",0,0,0,0,0,0,0,0,0,0,0,0,0,0,0,0,,no_grant
21,"أمين الخزينة",208,Governance/licenses_guarantees.php,"التراخيص والكفالات",0,0,0,0,0,0,0,0,0,0,0,0,0,0,0,0,,no_grant
21,"أمين الخزينة",209,Governance/activation_patterns.php,"أنماط التفعيل",0,0,0,0,0,0,0,0,0,0,0,0,0,0,0,0,,no_grant
21,"أمين الخزينة",210,Financing/financiers_registry.php,"سجل الممولين",0,0,0,0,0,0,0,0,0,0,0,0,0,0,0,0,,no_grant
21,"أمين الخزينة",211,Financing/financing_operation_new.php,"إنشاء عملية تمويل",0,0,0,0,0,0,0,0,0,0,0,0,0,0,0,0,,no_grant
21,"أمين الخزينة",212,Reports/approval_lag_report.php,"الاعتمادات المتأخرة والوثائق",0,0,0,0,0,0,0,0,0,0,0,0,0,0,0,0,,no_grant
21,"أمين الخزينة",213,Governance/ownership_grants.php,"منح المجال المقيَّد",0,0,0,0,0,0,0,0,0,0,0,0,0,0,0,0,,no_grant
21,"أمين الخزينة",214,Financing/financing_board.php,"لوحة إدارة التمويل",0,0,0,0,0,0,0,0,0,0,0,0,0,0,0,0,,no_grant
21,"أمين الخزينة",215,admin/ops_manager_board.php,"لوحة مدير التشغيل",0,0,0,0,0,0,0,0,0,0,0,0,0,0,0,0,,no_grant
21,"أمين الخزينة",216,admin/org_assignments.php,"التكليفات التنظيمية",0,0,0,0,0,0,0,0,0,0,0,0,0,0,0,0,,no_grant
21,"أمين الخزينة",217,admin/org_structure.php,"الهيكل التنظيمي",0,0,0,0,0,0,0,0,0,0,0,0,0,0,0,0,,no_grant
21,"أمين الخزينة",218,admin/org_permits.php,"أذونات المواقع",0,0,0,0,0,0,0,0,0,0,0,0,0,0,0,0,,no_grant
21,"أمين الخزينة",222,admin/sec_governance.php,"مركز حوكمة الصلاحيات",0,0,0,0,0,0,0,0,0,0,0,0,0,0,0,0,,no_grant
21,"أمين الخزينة",223,admin/sec_employee_wizard.php,"معالج إعداد الموظف",0,0,0,0,0,0,0,0,0,0,0,0,0,0,0,0,,no_grant
21,"أمين الخزينة",225,Tickets/ticket_workstreams_board.php,"لوحة مسارات البلاغات",0,0,0,0,0,0,0,0,0,0,0,0,0,0,0,0,,no_grant
21,"أمين الخزينة",226,Tickets/watchtower.php,"برج المراقبة",0,0,0,0,0,0,0,0,0,0,0,0,0,0,0,0,,no_grant
21,"أمين الخزينة",227,Tickets/ticket_contextual_open.php,"بلاغ سياقي جديد",1,1,1,1,0,1,0,0,0,0,0,0,1,1,0,0,company,derived_from_4flags
21,"أمين الخزينة",228,main/my_workspace.php,"مساحة عملي",1,1,1,0,0,0,0,0,0,0,0,0,1,1,0,0,company,derived_from_4flags
22,"قارئ مالي",1,Clients/clients.php,العملاء,0,0,0,0,0,0,0,0,0,0,0,0,0,0,0,0,,no_grant
22,"قارئ مالي",2,Projects/projects.php,المشاريع,0,0,0,0,0,0,0,0,0,0,0,0,0,0,0,0,,no_grant
22,"قارئ مالي",3,main/users.php,الصلاحيات,0,0,0,0,0,0,0,0,0,0,0,0,0,0,0,0,,no_grant
22,"قارئ مالي",4,Reports/reports.php,"مركز التقارير",0,0,0,0,0,0,0,0,0,0,0,0,0,0,0,0,,no_grant
22,"قارئ مالي",5,Equipments/equipments_types.php,"أنواع المعدات",0,0,0,0,0,0,0,0,0,0,0,0,0,0,0,0,,no_grant
22,"قارئ مالي",6,Reports/reports.php,"مركز التقارير",0,0,0,0,0,0,0,0,0,0,0,0,0,0,0,0,,no_grant
22,"قارئ مالي",7,Employees/employees.php,الموظفون,0,0,0,0,0,0,0,0,0,0,0,0,0,0,0,0,,no_grant
22,"قارئ مالي",8,Equipments/equipments_fleet.php,المعدات,0,0,0,0,0,0,0,0,0,0,0,0,0,0,0,0,,no_grant
22,"قارئ مالي",9,Oprators/oprators.php,"شاشة التشغيل",0,0,0,0,0,0,0,0,0,0,0,0,0,0,0,0,,no_grant
22,"قارئ مالي",10,Timesheet/timesheet_type.php,"تسجيل الوحدات",0,0,0,0,0,0,0,0,0,0,0,0,0,0,0,0,,no_grant
22,"قارئ مالي",11,Settings/settings.php,الإعدادات,0,0,0,0,0,0,0,0,0,0,0,0,0,0,0,0,,no_grant
22,"قارئ مالي",12,ActivityLogs/activity_logs.php,"سجل النشاط",0,0,0,0,0,0,0,0,0,0,0,0,0,0,0,0,,no_grant
22,"قارئ مالي",14,main/project_users.php,"مشرفو الموردين",0,0,0,0,0,0,0,0,0,0,0,0,0,0,0,0,,no_grant
22,"قارئ مالي",15,main/project_users.php,المشرفين,0,0,0,0,0,0,0,0,0,0,0,0,0,0,0,0,,no_grant
22,"قارئ مالي",16,main/project_users.php,المشرفين,0,0,0,0,0,0,0,0,0,0,0,0,0,0,0,0,,no_grant
22,"قارئ مالي",17,main/project_users.php,"إدارة المعاونين",0,0,0,0,0,0,0,0,0,0,0,0,0,0,0,0,,no_grant
22,"قارئ مالي",18,main/project_users.php,المشرفين,0,0,0,0,0,0,0,0,0,0,0,0,0,0,0,0,,no_grant
22,"قارئ مالي",20,Contracts/contracts.php,العقود,0,0,0,0,0,0,0,0,0,0,0,0,0,0,0,0,,no_grant
22,"قارئ مالي",21,Contracts/contracts_details.php,"ملف عقد المشروع",0,0,0,0,0,0,0,0,0,0,0,0,0,0,0,0,,no_grant
22,"قارئ مالي",22,Suppliers/suppliers.php,الموردون,0,0,0,0,0,0,0,0,0,0,0,0,0,0,0,0,,no_grant
22,"قارئ مالي",23,Oprators/select_project.php,التشغيل,0,0,0,0,0,0,0,0,0,0,0,0,0,0,0,0,,no_grant
22,"قارئ مالي",24,Settings/settings.php,الإعدادات,0,0,0,0,0,0,0,0,0,0,0,0,0,0,0,0,,no_grant
22,"قارئ مالي",25,Suppliers/supplierscontracts.php,"عقود الموردين",0,0,0,0,0,0,0,0,0,0,0,0,0,0,0,0,,no_grant
22,"قارئ مالي",26,Suppliers/supplierscontracts_details.php,"ملف عقد المورد",0,0,0,0,0,0,0,0,0,0,0,0,0,0,0,0,,no_grant
22,"قارئ مالي",27,Equipments/equipments_drivers.php,المعدات,0,0,0,0,0,0,0,0,0,0,0,0,0,0,0,0,,no_grant
22,"قارئ مالي",28,Reports/reports.php,"مركز التقارير",0,0,0,0,0,0,0,0,0,0,0,0,0,0,0,0,,no_grant
22,"قارئ مالي",29,movement/project_drivers.php,"توزيع المشغّلين",0,0,0,0,0,0,0,0,0,0,0,0,0,0,0,0,,no_grant
22,"قارئ مالي",30,movement/movement_operations.php,الورديات,0,0,0,0,0,0,0,0,0,0,0,0,0,0,0,0,,no_grant
22,"قارئ مالي",31,Reports/reports.php,"مركز التقارير",0,0,0,0,0,0,0,0,0,0,0,0,0,0,0,0,,no_grant
22,"قارئ مالي",32,Reports/reports.php,"مركز التقارير",0,0,0,0,0,0,0,0,0,0,0,0,0,0,0,0,,no_grant
22,"قارئ مالي",34,movement/map_page.php,"متابعة المشروع",0,0,0,0,0,0,0,0,0,0,0,0,0,0,0,0,,no_grant
22,"قارئ مالي",35,Clients/clients.php,العملاء,0,0,0,0,0,0,0,0,0,0,0,0,0,0,0,0,,no_grant
22,"قارئ مالي",36,Projects/projects.php,المشاريع,0,0,0,0,0,0,0,0,0,0,0,0,0,0,0,0,,no_grant
22,"قارئ مالي",37,Contracts/contracts.php,العقود,0,0,0,0,0,0,0,0,0,0,0,0,0,0,0,0,,no_grant
22,"قارئ مالي",38,Equipments/manage_failure_codes.php,"تصنيفات الأعطال",0,0,0,0,0,0,0,0,0,0,0,0,0,0,0,0,,no_grant
22,"قارئ مالي",40,Equipments/fleet_models.php,"الأنواع والموديلات",0,0,0,0,0,0,0,0,0,0,0,0,0,0,0,0,,no_grant
22,"قارئ مالي",41,Equipments/fleet_depreciation_profiles.php,"إعداد الإهلاك",0,0,0,0,0,0,0,0,0,0,0,0,0,0,0,0,,no_grant
22,"قارئ مالي",42,Maintenance/breakdowns.php,"البلاغات (غير مفعّلة)",0,0,0,0,0,0,0,0,0,0,0,0,0,0,0,0,,no_grant
22,"قارئ مالي",43,Maintenance/orders.php,"أوامر الصيانة",0,0,0,0,0,0,0,0,0,0,0,0,0,0,0,0,,no_grant
22,"قارئ مالي",44,Maintenance/inspections.php,"الفحص الفني اليومي",0,0,0,0,0,0,0,0,0,0,0,0,0,0,0,0,,no_grant
22,"قارئ مالي",45,Maintenance/preventive_plans.php,"الصيانة الوقائية",0,0,0,0,0,0,0,0,0,0,0,0,0,0,0,0,,no_grant
22,"قارئ مالي",46,Maintenance/master_data.php,"إعدادات الصيانة",0,0,0,0,0,0,0,0,0,0,0,0,0,0,0,0,,no_grant
22,"قارئ مالي",47,Workforce/worker_register.php,"السجل التشغيلي للعامل",0,0,0,0,0,0,0,0,0,0,0,0,0,0,0,0,,no_grant
22,"قارئ مالي",48,Workforce/worker_contract.php,"عقود العاملين",0,0,0,0,0,0,0,0,0,0,0,0,0,0,0,0,,no_grant
22,"قارئ مالي",50,Workforce/worker_leave_absence.php,"الإجازات والغياب",0,0,0,0,0,0,0,0,0,0,0,0,0,0,0,0,,no_grant
22,"قارئ مالي",51,Workforce/worker_movement.php,"تنقلات العاملين",0,0,0,0,0,0,0,0,0,0,0,0,0,0,0,0,,no_grant
22,"قارئ مالي",52,Workforce/housing_units.php,"السكن والإعاشة",0,0,0,0,0,0,0,0,0,0,0,0,0,0,0,0,,no_grant
22,"قارئ مالي",53,Workforce/worker_evaluation.php,"تقييم الأداء",0,0,0,0,0,0,0,0,0,0,0,0,0,0,0,0,,no_grant
22,"قارئ مالي",54,Workforce/worker_settlement.php,"تسويات العاملين",0,0,0,0,0,0,0,0,0,0,0,0,0,0,0,0,,no_grant
22,"قارئ مالي",55,Workforce/workforce_requirement.php,"احتياج القوى والتخطيط",0,0,0,0,0,0,0,0,0,0,0,0,0,0,0,0,,no_grant
22,"قارئ مالي",56,Workforce/worker_worklog.php,"سجل الأحداث التشغيلية",0,0,0,0,0,0,0,0,0,0,0,0,0,0,0,0,,no_grant
22,"قارئ مالي",57,Employees/job_titles.php,"المسميات الوظيفية",0,0,0,0,0,0,0,0,0,0,0,0,0,0,0,0,,no_grant
22,"قارئ مالي",58,Employees/employee_roles.php,"الأدوار الوظيفية",0,0,0,0,0,0,0,0,0,0,0,0,0,0,0,0,,no_grant
22,"قارئ مالي",59,Employees/equipment_operators.php,"المشغّلون والسائقون",0,0,0,0,0,0,0,0,0,0,0,0,0,0,0,0,,no_grant
22,"قارئ مالي",60,main/users.php,"إدارة المستخدمين",0,0,0,0,0,0,0,0,0,0,0,0,0,0,0,0,,no_grant
22,"قارئ مالي",61,main/all_assistants.php,المعاونون,0,0,0,0,0,0,0,0,0,0,0,0,0,0,0,0,,no_grant
22,"قارئ مالي",62,Employees/employee_contracts.php,"عقود الموظفين",0,0,0,0,0,0,0,0,0,0,0,0,0,0,0,0,,no_grant
22,"قارئ مالي",63,Employees/employee_contracts_details.php,"ملف عقد الموظف",0,0,0,0,0,0,0,0,0,0,0,0,0,0,0,0,,no_grant
22,"قارئ مالي",64,Employees/employee_profile.php,"بطاقة الموظف",0,0,0,0,0,0,0,0,0,0,0,0,0,0,0,0,,no_grant
22,"قارئ مالي",65,Employees/showcontractemployee.php,"عرض عقد الموظف",0,0,0,0,0,0,0,0,0,0,0,0,0,0,0,0,,no_grant
22,"قارئ مالي",66,Opportunities/opportunities.php,"الفرص البيعية",0,0,0,0,0,0,0,0,0,0,0,0,0,0,0,0,,no_grant
22,"قارئ مالي",67,Procurement/dashboard_proc.php,"لوحة المشتريات",0,0,0,0,0,0,0,0,0,0,0,0,0,0,0,0,,no_grant
22,"قارئ مالي",68,Procurement/items_proc.php,"كتالوج الأصناف",0,0,0,0,0,0,0,0,0,0,0,0,0,0,0,0,,no_grant
22,"قارئ مالي",69,Procurement/requests_proc.php,"طلبات الشراء",0,0,0,0,0,0,0,0,0,0,0,0,0,0,0,0,,no_grant
22,"قارئ مالي",70,Procurement/orders_proc.php,"أوامر الشراء",0,0,0,0,0,0,0,0,0,0,0,0,0,0,0,0,,no_grant
22,"قارئ مالي",71,Procurement/receipt_custody_proc.php,"الاستلام المؤقت",0,0,0,0,0,0,0,0,0,0,0,0,0,0,0,0,,no_grant
22,"قارئ مالي",72,Procurement/stock_proc.php,المخزون,0,0,0,0,0,0,0,0,0,0,0,0,0,0,0,0,,no_grant
22,"قارئ مالي",73,Procurement/issue_proc.php,"صرف المخزون والعهدة",0,0,0,0,0,0,0,0,0,0,0,0,0,0,0,0,,no_grant
22,"قارئ مالي",74,Procurement/reordering_proc.php,"حدود إعادة الطلب",0,0,0,0,0,0,0,0,0,0,0,0,0,0,0,0,,no_grant
22,"قارئ مالي",75,Procurement/suppliers_proc.php,"موردو المشتريات",0,0,0,0,0,0,0,0,0,0,0,0,0,0,0,0,,no_grant
22,"قارئ مالي",76,Procurement/master_data_proc.php,"البيانات المرجعية",0,0,0,0,0,0,0,0,0,0,0,0,0,0,0,0,,no_grant
22,"قارئ مالي",77,Clients/activities.php,"أنشطة العملاء",0,0,0,0,0,0,0,0,0,0,0,0,0,0,0,0,,no_grant
22,"قارئ مالي",78,Clients/commercial_risks.php,"المخاطر التجارية",0,0,0,0,0,0,0,0,0,0,0,0,0,0,0,0,,no_grant
22,"قارئ مالي",79,Clients/tenders.php,المناقصات,0,0,0,0,0,0,0,0,0,0,0,0,0,0,0,0,,no_grant
22,"قارئ مالي",80,Clients/quotations.php,"عروض الأسعار",0,0,0,0,0,0,0,0,0,0,0,0,0,0,0,0,,no_grant
22,"قارئ مالي",81,Clients/pricelists.php,"قوائم ونماذج التسعير",0,0,0,0,0,0,0,0,0,0,0,0,0,0,0,0,,no_grant
22,"قارئ مالي",82,Clients/products.php,"كتالوج المنتجات والخدمات",0,0,0,0,0,0,0,0,0,0,0,0,0,0,0,0,,no_grant
22,"قارئ مالي",83,Clients/units_of_measure.php,"وحدات القياس",0,0,0,0,0,0,0,0,0,0,0,0,0,0,0,0,,no_grant
22,"قارئ مالي",84,Clients/contract_amendments.php,"ملاحق العقود وتجديداتها",0,0,0,0,0,0,0,0,0,0,0,0,0,0,0,0,,no_grant
22,"قارئ مالي",85,Clients/contract_events.php,"سجل حركة العقد",0,0,0,0,0,0,0,0,0,0,0,0,0,0,0,0,,no_grant
22,"قارئ مالي",86,Finance/events_list_fin.php,"المعاملات المالية",1,1,1,0,0,0,0,0,0,0,0,0,1,1,0,0,company,derived_from_4flags
22,"قارئ مالي",87,Finance/accounts_fin.php,"دليل الحسابات",1,1,1,0,0,0,0,0,0,0,0,0,1,1,0,0,company,derived_from_4flags
22,"قارئ مالي",88,Finance/journal_form_fin.php,"القيود اليومية",1,1,1,0,0,0,0,0,0,0,0,0,1,1,0,0,company,derived_from_4flags
22,"قارئ مالي",89,Finance/budget_form_fin.php,"الميزانية والانحراف",1,1,1,0,0,0,0,0,0,0,0,0,1,1,0,0,company,derived_from_4flags
22,"قارئ مالي",90,Finance/dues_fin.php,"الذمم والتحصيل",1,1,1,0,0,0,0,0,0,0,0,0,1,1,0,0,company,derived_from_4flags
22,"قارئ مالي",91,Finance/payments_fin.php,"المدفوعات والخزينة",1,1,1,0,0,0,0,0,0,0,0,0,1,1,0,0,company,derived_from_4flags
22,"قارئ مالي",92,Finance/cost_report_fin.php,"التكاليف والربحية",1,1,1,0,0,0,0,0,0,0,0,0,1,1,0,0,company,derived_from_4flags
22,"قارئ مالي",93,Finance/periods_fin.php,"إقفال الفترات",1,1,1,0,0,0,0,0,0,0,0,0,1,1,0,0,company,derived_from_4flags
22,"قارئ مالي",94,Finance/funding_fin.php,"التمويل والالتزامات",1,1,1,0,0,0,0,0,0,0,0,0,1,1,0,0,company,derived_from_4flags
22,"قارئ مالي",95,Finance/cash_forecast_fin.php,"السيولة والتنبؤ النقدي",1,1,1,0,0,0,0,0,0,0,0,0,1,1,0,0,company,derived_from_4flags
22,"قارئ مالي",96,Finance/management_accounting_fin.php,"المحاسبة الإدارية",1,1,1,0,0,0,0,0,0,0,0,0,1,1,0,0,company,derived_from_4flags
22,"قارئ مالي",97,Finance/accountants_fin.php,"المحاسبون والوحدات",1,1,1,0,0,0,0,0,0,0,0,0,1,1,0,0,company,derived_from_4flags
22,"قارئ مالي",98,Finance/import_events_fin.php,"استقبال معاملات الإدارات",1,1,1,0,0,0,0,0,0,0,0,0,1,1,0,0,company,derived_from_4flags
22,"قارئ مالي",99,Finance/executive_dashboard_fin.php,"اللوحة التنفيذية",1,1,1,0,0,0,0,0,0,0,0,0,1,1,0,0,company,derived_from_4flags
22,"قارئ مالي",100,Finance/financial_statements_fin.php,"القوائم المالية",1,1,1,0,0,0,0,0,0,0,0,0,1,1,0,0,company,derived_from_4flags
22,"قارئ مالي",101,Finance/assets_fin.php,"الأصول والإهلاك",1,1,1,0,0,0,0,0,0,0,0,0,1,1,0,0,company,derived_from_4flags
22,"قارئ مالي",102,Finance/tax_fin.php,"الضرائب والقيمة المضافة",1,1,1,0,0,0,0,0,0,0,0,0,1,1,0,0,company,derived_from_4flags
22,"قارئ مالي",103,Finance/bank_reconciliation_fin.php,"المطابقة البنكية",1,1,1,0,0,0,0,0,0,0,0,0,1,1,0,0,company,derived_from_4flags
22,"قارئ مالي",104,Finance/cfo_daily_board_fin.php,"لوحة المدير المالي",1,1,1,0,0,0,0,0,0,0,0,0,1,1,0,0,company,derived_from_4flags
22,"قارئ مالي",105,Finance/unit_records_fin.php,"وحدات الأطراف",1,1,1,0,0,0,0,0,0,0,0,0,1,1,0,0,company,derived_from_4flags
22,"قارئ مالي",106,Finance/supplier_statement_fin.php,"كشف حساب المورد",1,1,1,0,0,0,0,0,0,0,0,0,1,1,0,0,company,derived_from_4flags
22,"قارئ مالي",107,main/project_users.php,المعاونين,0,0,0,0,0,0,0,0,0,0,0,0,0,0,0,0,,no_grant
22,"قارئ مالي",108,Transport/transfer_types_config.php,"إعدادات الترحيل",0,0,0,0,0,0,0,0,0,0,0,0,0,0,0,0,,no_grant
22,"قارئ مالي",109,Transport/transfer_cost_rules_config.php,"قواعد تحميل تكلفة الترحيل",0,0,0,0,0,0,0,0,0,0,0,0,0,0,0,0,,no_grant
22,"قارئ مالي",110,Transport/trs_locations_config.php,المواقع,0,0,0,0,0,0,0,0,0,0,0,0,0,0,0,0,,no_grant
22,"قارئ مالي",111,Transport/transfer_requests.php,"موافقات الترحيل",0,0,0,0,0,0,0,0,0,0,0,0,0,0,0,0,,no_grant
22,"قارئ مالي",112,Transport/transfer_orders_list.php,"أوامر الترحيل",0,0,0,0,0,0,0,0,0,0,0,0,0,0,0,0,,no_grant
22,"قارئ مالي",113,Transport/transfer_dashboard.php,"لوحة الرحلات",0,0,0,0,0,0,0,0,0,0,0,0,0,0,0,0,,no_grant
22,"قارئ مالي",114,FinRequests/request_form.php,"طلب مالي جديد",1,1,1,0,0,0,0,0,0,0,0,0,1,1,0,0,company,derived_from_4flags
22,"قارئ مالي",115,FinRequests/my_requests.php,"طلباتي المالية",0,0,0,0,0,0,0,0,0,0,0,0,0,0,0,0,,no_grant
22,"قارئ مالي",116,FinRequests/dept_inbox.php,"موافقات إدارتي",0,0,0,0,0,0,0,0,0,0,0,0,0,0,0,0,,no_grant
22,"قارئ مالي",117,FinRequests/accountant_desk.php,"مكتب المحاسب",0,0,0,0,0,0,0,0,0,0,0,0,0,0,0,0,,no_grant
22,"قارئ مالي",118,FinRequests/finance_gateway.php,"الطلبات المالية",1,1,1,0,0,0,0,0,0,0,0,0,1,1,0,0,company,derived_from_4flags
22,"قارئ مالي",119,FinRequests/effect_map.php,"سجل الحركة المالية",1,1,1,0,0,0,0,0,0,0,0,0,1,1,0,0,company,derived_from_4flags
22,"قارئ مالي",120,FinRequests/routing_admin.php,"قواعد توجيه الطلبات",0,0,0,0,0,0,0,0,0,0,0,0,0,0,0,0,,no_grant
22,"قارئ مالي",121,FinRequests/cycle_time_board.php,"زمن دورة الطلبات",1,1,1,0,0,0,0,0,0,0,0,0,1,1,0,0,company,derived_from_4flags
22,"قارئ مالي",122,FinRequests/requests_reports.php,"تقارير الطلبات المالية",1,1,1,0,0,0,0,0,0,0,0,0,1,1,0,0,company,derived_from_4flags
22,"قارئ مالي",123,Settings/role_permissions.php,"صلاحيات الأدوار",0,0,0,0,0,0,0,0,0,0,0,0,0,0,0,0,,no_grant
22,"قارئ مالي",124,Settings/roles.php,الأدوار,0,0,0,0,0,0,0,0,0,0,0,0,0,0,0,0,,no_grant
22,"قارئ مالي",125,Finance/variance_monitor_fin.php,"متابعة الانحراف",1,1,1,0,0,0,0,0,0,0,0,0,1,1,0,0,company,derived_from_4flags
22,"قارئ مالي",126,Finance/maintenance_provision_fin.php,"قواعد مخصص الصيانة",1,1,1,0,0,0,0,0,0,0,0,0,1,1,0,0,company,derived_from_4flags
22,"قارئ مالي",127,Clients/contract_commitments.php,"التزامات العقود",0,0,0,0,0,0,0,0,0,0,0,0,0,0,0,0,,no_grant
22,"قارئ مالي",128,Finance/operator_pay_fin.php,"قواعد مستحقات المشغّلين",1,1,1,0,0,0,0,0,0,0,0,0,1,1,0,0,company,derived_from_4flags
22,"قارئ مالي",129,Clients/readiness_lines.php,"جاهزية العروض",0,0,0,0,0,0,0,0,0,0,0,0,0,0,0,0,,no_grant
22,"قارئ مالي",130,Tickets/ticket_types_config.php,"إعداد أنواع البلاغات",0,0,0,0,0,0,0,0,0,0,0,0,0,0,0,0,,no_grant
22,"قارئ مالي",131,Tickets/ticket_categories_config.php,"تصنيفات الأعطال والبلاغات",0,0,0,0,0,0,0,0,0,0,0,0,0,0,0,0,,no_grant
22,"قارئ مالي",132,Tickets/tickets_list.php,البلاغات,0,0,0,0,0,0,0,0,0,0,0,0,0,0,0,0,,no_grant
22,"قارئ مالي",133,Tickets/ticket_form.php,"تسجيل بلاغ",0,0,0,0,0,0,0,0,0,0,0,0,0,0,0,0,,no_grant
22,"قارئ مالي",134,Tickets/ticket_sla_config.php,"أزمنة الاستجابة والإنجاز",0,0,0,0,0,0,0,0,0,0,0,0,0,0,0,0,,no_grant
22,"قارئ مالي",135,Tickets/ticket_escalation_config.php,"سلّم التصعيد",0,0,0,0,0,0,0,0,0,0,0,0,0,0,0,0,,no_grant
22,"قارئ مالي",136,Tickets/ticket_recurrence.php,"البلاغات الدورية",0,0,0,0,0,0,0,0,0,0,0,0,0,0,0,0,,no_grant
22,"قارئ مالي",137,Tickets/ticket_dashboard.php,"أداء البلاغات",0,0,0,0,0,0,0,0,0,0,0,0,0,0,0,0,,no_grant
22,"قارئ مالي",138,Maintenance/dashboard_mnt.php,"لوحة إدارة الصيانة",0,0,0,0,0,0,0,0,0,0,0,0,0,0,0,0,,no_grant
22,"قارئ مالي",139,main/role_board.php,"لوحة الدور",0,0,0,0,0,0,0,0,0,0,0,0,0,0,0,0,,no_grant
22,"قارئ مالي",140,Finance/operator_pay_policies_fin.php,"سياسات مستحقات المشغّلين",1,1,1,0,0,0,0,0,0,0,0,0,1,1,0,0,company,derived_from_4flags
22,"قارئ مالي",141,Equipments/equipment_documents.php,"وثائق المعدات والمشغّلين",0,0,0,0,0,0,0,0,0,0,0,0,0,0,0,0,,no_grant
22,"قارئ مالي",142,Contracts/claims.php,المستخلصات,0,0,0,0,0,0,0,0,0,0,0,0,0,0,0,0,,no_grant
22,"قارئ مالي",143,Finance/currencies_fin.php,"العملات وأسعار الصرف",1,1,1,0,0,0,0,0,0,0,0,0,1,1,0,0,company,derived_from_4flags
22,"قارئ مالي",144,Suppliers/settlements.php,"تسويات الموردين",0,0,0,0,0,0,0,0,0,0,0,0,0,0,0,0,,no_grant
22,"قارئ مالي",145,Contracts/contract_obligations.php,"مصفوفة التزامات العقد",0,0,0,0,0,0,0,0,0,0,0,0,0,0,0,0,,no_grant
22,"قارئ مالي",146,Approvals/attribution_board.php,"لوحة الإسناد اليومي",0,0,0,0,0,0,0,0,0,0,0,0,0,0,0,0,,no_grant
22,"قارئ مالي",147,Contracts/penalties.php,"احتساب الجزاءات والحوافز",0,0,0,0,0,0,0,0,0,0,0,0,0,0,0,0,,no_grant
22,"قارئ مالي",148,Workforce/employee_settlements.php,"تسويات الموظفين",0,0,0,0,0,0,0,0,0,0,0,0,0,0,0,0,,no_grant
22,"قارئ مالي",149,Operations/containers.php,"حاويات العقود",0,0,0,0,0,0,0,0,0,0,0,0,0,0,0,0,,no_grant
22,"قارئ مالي",150,Projects/sites.php,"مواقع التنفيذ",0,0,0,0,0,0,0,0,0,0,0,0,0,0,0,0,,no_grant
22,"قارئ مالي",151,Workforce/contract_registry.php,"سجل العقود الموحّد",0,0,0,0,0,0,0,0,0,0,0,0,0,0,0,0,,no_grant
22,"قارئ مالي",152,Operations/daily_plan.php,"خطة عمل الغد",0,0,0,0,0,0,0,0,0,0,0,0,0,0,0,0,,no_grant
22,"قارئ مالي",153,Suppliers/supplier_contract_lines.php,"بنود عقد المورد",0,0,0,0,0,0,0,0,0,0,0,0,0,0,0,0,,no_grant
22,"قارئ مالي",154,Contracts/price_terms.php,"شروط تعديل السعر",0,0,0,0,0,0,0,0,0,0,0,0,0,0,0,0,,no_grant
22,"قارئ مالي",155,Equipments/meter_readings.php,"قراءات العدّادات",0,0,0,0,0,0,0,0,0,0,0,0,0,0,0,0,,no_grant
22,"قارئ مالي",156,Workforce/payroll_runs.php,"مسيّر الرواتب",0,0,0,0,0,0,0,0,0,0,0,0,0,0,0,0,,no_grant
22,"قارئ مالي",157,Workforce/employee_advances.php,"سلفيات الموظفين",0,0,0,0,0,0,0,0,0,0,0,0,0,0,0,0,,no_grant
22,"قارئ مالي",158,Suppliers/supplier_advances.php,"سلفيات الموردين",0,0,0,0,0,0,0,0,0,0,0,0,0,0,0,0,,no_grant
22,"قارئ مالي",159,Suppliers/supplier_rules.php,"قواعد تحميل المورد وجزاءاته",0,0,0,0,0,0,0,0,0,0,0,0,0,0,0,0,,no_grant
22,"قارئ مالي",160,Suppliers/supplier_capacity.php,"الطاقة والجاهزية ومهلة الإحلال",0,0,0,0,0,0,0,0,0,0,0,0,0,0,0,0,,no_grant
22,"قارئ مالي",161,Suppliers/supplier_evaluation.php,"تقييم المورد الدوري",0,0,0,0,0,0,0,0,0,0,0,0,0,0,0,0,,no_grant
22,"قارئ مالي",162,Suppliers/supplier_closure.php,"تصفية إنهاء عقد المورد",0,0,0,0,0,0,0,0,0,0,0,0,0,0,0,0,,no_grant
22,"قارئ مالي",163,Suppliers/supplier_documents.php,"وثائق المورد وحسابه البنكي",0,0,0,0,0,0,0,0,0,0,0,0,0,0,0,0,,no_grant
22,"قارئ مالي",164,Contracts/tax_invoices.php,"الفاتورة الضريبية",0,0,0,0,0,0,0,0,0,0,0,0,0,0,0,0,,no_grant
22,"قارئ مالي",165,Contracts/client_statement.php,"كشف حساب العميل",1,1,1,0,0,0,0,0,0,0,0,0,1,1,0,0,company,derived_from_4flags
22,"قارئ مالي",166,Contracts/collections.php,"الذمم والتحصيل",0,0,0,0,0,0,0,0,0,0,0,0,0,0,0,0,,no_grant
22,"قارئ مالي",167,Workforce/final_settlement.php,"تصفية إنهاء خدمة الموظف",0,0,0,0,0,0,0,0,0,0,0,0,0,0,0,0,,no_grant
22,"قارئ مالي",168,Transport/transfer_tariffs.php,"تعرفة الترحيل وتسعير الأوامر",0,0,0,0,0,0,0,0,0,0,0,0,0,0,0,0,,no_grant
22,"قارئ مالي",169,Finance/periodic_events_fin.php,"الدوريات المالية",0,0,0,0,0,0,0,0,0,0,0,0,0,0,0,0,,no_grant
22,"قارئ مالي",171,Suppliers/rfq_requests.php,"طلبات عروض الموردين",0,0,0,0,0,0,0,0,0,0,0,0,0,0,0,0,,no_grant
22,"قارئ مالي",172,Contracts/contract_sites.php,"نطاقات العقد التشغيلية",0,0,0,0,0,0,0,0,0,0,0,0,0,0,0,0,,no_grant
22,"قارئ مالي",173,Contracts/contract_lines.php,"بنود عقد العميل وقيمته",0,0,0,0,0,0,0,0,0,0,0,0,0,0,0,0,,no_grant
22,"قارئ مالي",174,Contracts/contract_monthly_plan.php,"الجدول الشهري للعقد",0,0,0,0,0,0,0,0,0,0,0,0,0,0,0,0,,no_grant
22,"قارئ مالي",175,Contracts/contract_resource_plan.php,"خطة موارد العقد",0,0,0,0,0,0,0,0,0,0,0,0,0,0,0,0,,no_grant
22,"قارئ مالي",176,Contracts/contract_payment_schedule.php,"خطة دفع العقد",0,0,0,0,0,0,0,0,0,0,0,0,0,0,0,0,,no_grant
22,"قارئ مالي",177,Contracts/contract_guarantees.php,"ضمانات العقد",0,0,0,0,0,0,0,0,0,0,0,0,0,0,0,0,,no_grant
22,"قارئ مالي",178,Contracts/plan_actual_link.php,"ربط الخطة بالفعلي",0,0,0,0,0,0,0,0,0,0,0,0,0,0,0,0,,no_grant
22,"قارئ مالي",179,Contracts/contract_baseline.php,"خط أساس العقد",0,0,0,0,0,0,0,0,0,0,0,0,0,0,0,0,,no_grant
22,"قارئ مالي",180,Contracts/contract_lifecycle.php,"اقتصاد دورة حياة العقد",0,0,0,0,0,0,0,0,0,0,0,0,0,0,0,0,,no_grant
22,"قارئ مالي",181,Contracts/commercial_board.php,"اللوحة التجارية للعقود",1,1,1,0,0,0,0,0,0,0,0,0,1,1,0,0,company,derived_from_4flags
22,"قارئ مالي",182,user_capacities.php,"صفاتي ومبدّل المساحة",1,1,1,0,0,0,0,0,0,0,0,0,1,1,0,0,company,derived_from_4flags
22,"قارئ مالي",183,Portal/visibility_keys.php,"مفاتيح الظهور",0,0,0,0,0,0,0,0,0,0,0,0,0,0,0,0,,no_grant
22,"قارئ مالي",184,Portal/portal_elements.php,"مكوّنات البوابة",0,0,0,0,0,0,0,0,0,0,0,0,0,0,0,0,,no_grant
22,"قارئ مالي",185,Portal/visibility_simulator.php,"من يرى ماذا (محاكاة)",0,0,0,0,0,0,0,0,0,0,0,0,0,0,0,0,,no_grant
22,"قارئ مالي",186,Portal/visibility_audit.php,"سجل تدقيق الظهور",0,0,0,0,0,0,0,0,0,0,0,0,0,0,0,0,,no_grant
22,"قارئ مالي",187,Portal/my_portal.php,بوابتي,1,1,1,0,0,0,0,0,0,0,0,0,1,1,0,0,company,derived_from_4flags
22,"قارئ مالي",188,Portal/my_achievement.php,إنجازي,1,1,1,0,0,0,0,0,0,0,0,0,1,1,0,0,company,derived_from_4flags
22,"قارئ مالي",189,Portal/my_evaluation.php,"التقييم الثنائي",1,1,1,1,0,1,0,0,0,0,0,0,1,1,0,0,company,derived_from_4flags
22,"قارئ مالي",190,Portal/my_certificate.php,"شهادة الإنجاز",1,1,1,0,0,0,0,0,0,0,0,0,1,1,0,0,company,derived_from_4flags
22,"قارئ مالي",191,Portal/workspace.php,"مساحة العمل",1,1,1,0,0,0,0,0,0,0,0,0,1,1,0,0,company,derived_from_4flags
22,"قارئ مالي",192,Finance/approvals_inbox.php,"صندوق الاعتمادات الموحد",1,1,1,0,0,0,0,0,0,0,0,0,1,1,0,0,company,derived_from_4flags
22,"قارئ مالي",193,Operations/operations_room.php,"غرفة عمليات التشغيل",0,0,0,0,0,0,0,0,0,0,0,0,0,0,0,0,,no_grant
22,"قارئ مالي",194,Operations/distribution_space.php,"مساحة التوزيع",0,0,0,0,0,0,0,0,0,0,0,0,0,0,0,0,,no_grant
22,"قارئ مالي",195,Reports/daily_units_report.php,"سجل الوحدات اليومية",0,0,0,0,0,0,0,0,0,0,0,0,0,0,0,0,,no_grant
22,"قارئ مالي",196,Fleet/readiness_board.php,"لوحة الجاهزية",0,0,0,0,0,0,0,0,0,0,0,0,0,0,0,0,,no_grant
22,"قارئ مالي",197,Maintenance/failure_report.php,"تقرير الأعطال (التصنيف الموحد)",0,0,0,0,0,0,0,0,0,0,0,0,0,0,0,0,,no_grant
22,"قارئ مالي",198,Procurement/supplier_card_proc.php,"بطاقة مورد المشتريات",0,0,0,0,0,0,0,0,0,0,0,0,0,0,0,0,,no_grant
22,"قارئ مالي",199,Procurement/warehouse_board.php,"لوحة أمين المستودع",0,0,0,0,0,0,0,0,0,0,0,0,0,0,0,0,,no_grant
22,"قارئ مالي",200,Contracts/contract_card.php,"بطاقة العقد الأم",0,0,0,0,0,0,0,0,0,0,0,0,0,0,0,0,,no_grant
22,"قارئ مالي",201,Employees/employee_card.php,"بطاقة الموظف",0,0,0,0,0,0,0,0,0,0,0,0,0,0,0,0,,no_grant
22,"قارئ مالي",202,Reports/margin_report.php,"هامش الواقعة والعقد",1,1,1,0,0,0,0,0,0,0,0,0,1,1,0,0,company,derived_from_4flags
22,"قارئ مالي",203,Reports/exceptions_report.php,"تقرير الاستثناءات",0,0,0,0,0,0,0,0,0,0,0,0,0,0,0,0,,no_grant
22,"قارئ مالي",204,Reports/guard_denials_report.php,"تقرير المنع",0,0,0,0,0,0,0,0,0,0,0,0,0,0,0,0,,no_grant
22,"قارئ مالي",205,Settings/guard_classification.php,"تصنيف الحمايات",0,0,0,0,0,0,0,0,0,0,0,0,0,0,0,0,,no_grant
22,"قارئ مالي",206,Governance/entities_registry.php,"سجل الكيانات",0,0,0,0,0,0,0,0,0,0,0,0,0,0,0,0,,no_grant
22,"قارئ مالي",207,Governance/signing_authority.php,"التفويض بالتوقيع",0,0,0,0,0,0,0,0,0,0,0,0,0,0,0,0,,no_grant
22,"قارئ مالي",208,Governance/licenses_guarantees.php,"التراخيص والكفالات",0,0,0,0,0,0,0,0,0,0,0,0,0,0,0,0,,no_grant
22,"قارئ مالي",209,Governance/activation_patterns.php,"أنماط التفعيل",0,0,0,0,0,0,0,0,0,0,0,0,0,0,0,0,,no_grant
22,"قارئ مالي",210,Financing/financiers_registry.php,"سجل الممولين",0,0,0,0,0,0,0,0,0,0,0,0,0,0,0,0,,no_grant
22,"قارئ مالي",211,Financing/financing_operation_new.php,"إنشاء عملية تمويل",0,0,0,0,0,0,0,0,0,0,0,0,0,0,0,0,,no_grant
22,"قارئ مالي",212,Reports/approval_lag_report.php,"الاعتمادات المتأخرة والوثائق",0,0,0,0,0,0,0,0,0,0,0,0,0,0,0,0,,no_grant
22,"قارئ مالي",213,Governance/ownership_grants.php,"منح المجال المقيَّد",0,0,0,0,0,0,0,0,0,0,0,0,0,0,0,0,,no_grant
22,"قارئ مالي",214,Financing/financing_board.php,"لوحة إدارة التمويل",0,0,0,0,0,0,0,0,0,0,0,0,0,0,0,0,,no_grant
22,"قارئ مالي",215,admin/ops_manager_board.php,"لوحة مدير التشغيل",0,0,0,0,0,0,0,0,0,0,0,0,0,0,0,0,,no_grant
22,"قارئ مالي",216,admin/org_assignments.php,"التكليفات التنظيمية",0,0,0,0,0,0,0,0,0,0,0,0,0,0,0,0,,no_grant
22,"قارئ مالي",217,admin/org_structure.php,"الهيكل التنظيمي",0,0,0,0,0,0,0,0,0,0,0,0,0,0,0,0,,no_grant
22,"قارئ مالي",218,admin/org_permits.php,"أذونات المواقع",0,0,0,0,0,0,0,0,0,0,0,0,0,0,0,0,,no_grant
22,"قارئ مالي",222,admin/sec_governance.php,"مركز حوكمة الصلاحيات",0,0,0,0,0,0,0,0,0,0,0,0,0,0,0,0,,no_grant
22,"قارئ مالي",223,admin/sec_employee_wizard.php,"معالج إعداد الموظف",0,0,0,0,0,0,0,0,0,0,0,0,0,0,0,0,,no_grant
22,"قارئ مالي",225,Tickets/ticket_workstreams_board.php,"لوحة مسارات البلاغات",0,0,0,0,0,0,0,0,0,0,0,0,0,0,0,0,,no_grant
22,"قارئ مالي",226,Tickets/watchtower.php,"برج المراقبة",0,0,0,0,0,0,0,0,0,0,0,0,0,0,0,0,,no_grant
22,"قارئ مالي",227,Tickets/ticket_contextual_open.php,"بلاغ سياقي جديد",1,1,1,1,0,1,0,0,0,0,0,0,1,1,0,0,company,derived_from_4flags
22,"قارئ مالي",228,main/my_workspace.php,"مساحة عملي",1,1,1,0,0,0,0,0,0,0,0,0,1,1,0,0,company,derived_from_4flags
23,"إدارة النقل والترحيل",1,Clients/clients.php,العملاء,0,0,0,0,0,0,0,0,0,0,0,0,0,0,0,0,,no_grant
23,"إدارة النقل والترحيل",2,Projects/projects.php,المشاريع,0,0,0,0,0,0,0,0,0,0,0,0,0,0,0,0,,no_grant
23,"إدارة النقل والترحيل",3,main/users.php,الصلاحيات,0,0,0,0,0,0,0,0,0,0,0,0,0,0,0,0,,no_grant
23,"إدارة النقل والترحيل",4,Reports/reports.php,"مركز التقارير",0,0,0,0,0,0,0,0,0,0,0,0,0,0,0,0,,no_grant
23,"إدارة النقل والترحيل",5,Equipments/equipments_types.php,"أنواع المعدات",0,0,0,0,0,0,0,0,0,0,0,0,0,0,0,0,,no_grant
23,"إدارة النقل والترحيل",6,Reports/reports.php,"مركز التقارير",0,0,0,0,0,0,0,0,0,0,0,0,0,0,0,0,,no_grant
23,"إدارة النقل والترحيل",7,Employees/employees.php,الموظفون,0,0,0,0,0,0,0,0,0,0,0,0,0,0,0,0,,no_grant
23,"إدارة النقل والترحيل",8,Equipments/equipments_fleet.php,المعدات,0,0,0,0,0,0,0,0,0,0,0,0,0,0,0,0,,no_grant
23,"إدارة النقل والترحيل",9,Oprators/oprators.php,"شاشة التشغيل",0,0,0,0,0,0,0,0,0,0,0,0,0,0,0,0,,no_grant
23,"إدارة النقل والترحيل",10,Timesheet/timesheet_type.php,"تسجيل الوحدات",0,0,0,0,0,0,0,0,0,0,0,0,0,0,0,0,,no_grant
23,"إدارة النقل والترحيل",11,Settings/settings.php,الإعدادات,0,0,0,0,0,0,0,0,0,0,0,0,0,0,0,0,,no_grant
23,"إدارة النقل والترحيل",12,ActivityLogs/activity_logs.php,"سجل النشاط",0,0,0,0,0,0,0,0,0,0,0,0,0,0,0,0,,no_grant
23,"إدارة النقل والترحيل",14,main/project_users.php,"مشرفو الموردين",0,0,0,0,0,0,0,0,0,0,0,0,0,0,0,0,,no_grant
23,"إدارة النقل والترحيل",15,main/project_users.php,المشرفين,0,0,0,0,0,0,0,0,0,0,0,0,0,0,0,0,,no_grant
23,"إدارة النقل والترحيل",16,main/project_users.php,المشرفين,0,0,0,0,0,0,0,0,0,0,0,0,0,0,0,0,,no_grant
23,"إدارة النقل والترحيل",17,main/project_users.php,"إدارة المعاونين",0,0,0,0,0,0,0,0,0,0,0,0,0,0,0,0,,no_grant
23,"إدارة النقل والترحيل",18,main/project_users.php,المشرفين,0,0,0,0,0,0,0,0,0,0,0,0,0,0,0,0,,no_grant
23,"إدارة النقل والترحيل",20,Contracts/contracts.php,العقود,0,0,0,0,0,0,0,0,0,0,0,0,0,0,0,0,,no_grant
23,"إدارة النقل والترحيل",21,Contracts/contracts_details.php,"ملف عقد المشروع",0,0,0,0,0,0,0,0,0,0,0,0,0,0,0,0,,no_grant
23,"إدارة النقل والترحيل",22,Suppliers/suppliers.php,الموردون,0,0,0,0,0,0,0,0,0,0,0,0,0,0,0,0,,no_grant
23,"إدارة النقل والترحيل",23,Oprators/select_project.php,التشغيل,0,0,0,0,0,0,0,0,0,0,0,0,0,0,0,0,,no_grant
23,"إدارة النقل والترحيل",24,Settings/settings.php,الإعدادات,0,0,0,0,0,0,0,0,0,0,0,0,0,0,0,0,,no_grant
23,"إدارة النقل والترحيل",25,Suppliers/supplierscontracts.php,"عقود الموردين",0,0,0,0,0,0,0,0,0,0,0,0,0,0,0,0,,no_grant
23,"إدارة النقل والترحيل",26,Suppliers/supplierscontracts_details.php,"ملف عقد المورد",0,0,0,0,0,0,0,0,0,0,0,0,0,0,0,0,,no_grant
23,"إدارة النقل والترحيل",27,Equipments/equipments_drivers.php,المعدات,0,0,0,0,0,0,0,0,0,0,0,0,0,0,0,0,,no_grant
23,"إدارة النقل والترحيل",28,Reports/reports.php,"مركز التقارير",0,0,0,0,0,0,0,0,0,0,0,0,0,0,0,0,,no_grant
23,"إدارة النقل والترحيل",29,movement/project_drivers.php,"توزيع المشغّلين",0,0,0,0,0,0,0,0,0,0,0,0,0,0,0,0,,no_grant
23,"إدارة النقل والترحيل",30,movement/movement_operations.php,الورديات,0,0,0,0,0,0,0,0,0,0,0,0,0,0,0,0,,no_grant
23,"إدارة النقل والترحيل",31,Reports/reports.php,"مركز التقارير",0,0,0,0,0,0,0,0,0,0,0,0,0,0,0,0,,no_grant
23,"إدارة النقل والترحيل",32,Reports/reports.php,"مركز التقارير",0,0,0,0,0,0,0,0,0,0,0,0,0,0,0,0,,no_grant
23,"إدارة النقل والترحيل",34,movement/map_page.php,"متابعة المشروع",0,0,0,0,0,0,0,0,0,0,0,0,0,0,0,0,,no_grant
23,"إدارة النقل والترحيل",35,Clients/clients.php,العملاء,0,0,0,0,0,0,0,0,0,0,0,0,0,0,0,0,,no_grant
23,"إدارة النقل والترحيل",36,Projects/projects.php,المشاريع,0,0,0,0,0,0,0,0,0,0,0,0,0,0,0,0,,no_grant
23,"إدارة النقل والترحيل",37,Contracts/contracts.php,العقود,0,0,0,0,0,0,0,0,0,0,0,0,0,0,0,0,,no_grant
23,"إدارة النقل والترحيل",38,Equipments/manage_failure_codes.php,"تصنيفات الأعطال",0,0,0,0,0,0,0,0,0,0,0,0,0,0,0,0,,no_grant
23,"إدارة النقل والترحيل",40,Equipments/fleet_models.php,"الأنواع والموديلات",0,0,0,0,0,0,0,0,0,0,0,0,0,0,0,0,,no_grant
23,"إدارة النقل والترحيل",41,Equipments/fleet_depreciation_profiles.php,"إعداد الإهلاك",0,0,0,0,0,0,0,0,0,0,0,0,0,0,0,0,,no_grant
23,"إدارة النقل والترحيل",42,Maintenance/breakdowns.php,"البلاغات (غير مفعّلة)",0,0,0,0,0,0,0,0,0,0,0,0,0,0,0,0,,no_grant
23,"إدارة النقل والترحيل",43,Maintenance/orders.php,"أوامر الصيانة",0,0,0,0,0,0,0,0,0,0,0,0,0,0,0,0,,no_grant
23,"إدارة النقل والترحيل",44,Maintenance/inspections.php,"الفحص الفني اليومي",0,0,0,0,0,0,0,0,0,0,0,0,0,0,0,0,,no_grant
23,"إدارة النقل والترحيل",45,Maintenance/preventive_plans.php,"الصيانة الوقائية",0,0,0,0,0,0,0,0,0,0,0,0,0,0,0,0,,no_grant
23,"إدارة النقل والترحيل",46,Maintenance/master_data.php,"إعدادات الصيانة",0,0,0,0,0,0,0,0,0,0,0,0,0,0,0,0,,no_grant
23,"إدارة النقل والترحيل",47,Workforce/worker_register.php,"السجل التشغيلي للعامل",0,0,0,0,0,0,0,0,0,0,0,0,0,0,0,0,,no_grant
23,"إدارة النقل والترحيل",48,Workforce/worker_contract.php,"عقود العاملين",0,0,0,0,0,0,0,0,0,0,0,0,0,0,0,0,,no_grant
23,"إدارة النقل والترحيل",50,Workforce/worker_leave_absence.php,"الإجازات والغياب",0,0,0,0,0,0,0,0,0,0,0,0,0,0,0,0,,no_grant
23,"إدارة النقل والترحيل",51,Workforce/worker_movement.php,"تنقلات العاملين",0,0,0,0,0,0,0,0,0,0,0,0,0,0,0,0,,no_grant
23,"إدارة النقل والترحيل",52,Workforce/housing_units.php,"السكن والإعاشة",0,0,0,0,0,0,0,0,0,0,0,0,0,0,0,0,,no_grant
23,"إدارة النقل والترحيل",53,Workforce/worker_evaluation.php,"تقييم الأداء",0,0,0,0,0,0,0,0,0,0,0,0,0,0,0,0,,no_grant
23,"إدارة النقل والترحيل",54,Workforce/worker_settlement.php,"تسويات العاملين",0,0,0,0,0,0,0,0,0,0,0,0,0,0,0,0,,no_grant
23,"إدارة النقل والترحيل",55,Workforce/workforce_requirement.php,"احتياج القوى والتخطيط",0,0,0,0,0,0,0,0,0,0,0,0,0,0,0,0,,no_grant
23,"إدارة النقل والترحيل",56,Workforce/worker_worklog.php,"سجل الأحداث التشغيلية",0,0,0,0,0,0,0,0,0,0,0,0,0,0,0,0,,no_grant
23,"إدارة النقل والترحيل",57,Employees/job_titles.php,"المسميات الوظيفية",0,0,0,0,0,0,0,0,0,0,0,0,0,0,0,0,,no_grant
23,"إدارة النقل والترحيل",58,Employees/employee_roles.php,"الأدوار الوظيفية",0,0,0,0,0,0,0,0,0,0,0,0,0,0,0,0,,no_grant
23,"إدارة النقل والترحيل",59,Employees/equipment_operators.php,"المشغّلون والسائقون",0,0,0,0,0,0,0,0,0,0,0,0,0,0,0,0,,no_grant
23,"إدارة النقل والترحيل",60,main/users.php,"إدارة المستخدمين",0,0,0,0,0,0,0,0,0,0,0,0,0,0,0,0,,no_grant
23,"إدارة النقل والترحيل",61,main/all_assistants.php,المعاونون,0,0,0,0,0,0,0,0,0,0,0,0,0,0,0,0,,no_grant
23,"إدارة النقل والترحيل",62,Employees/employee_contracts.php,"عقود الموظفين",0,0,0,0,0,0,0,0,0,0,0,0,0,0,0,0,,no_grant
23,"إدارة النقل والترحيل",63,Employees/employee_contracts_details.php,"ملف عقد الموظف",0,0,0,0,0,0,0,0,0,0,0,0,0,0,0,0,,no_grant
23,"إدارة النقل والترحيل",64,Employees/employee_profile.php,"بطاقة الموظف",0,0,0,0,0,0,0,0,0,0,0,0,0,0,0,0,,no_grant
23,"إدارة النقل والترحيل",65,Employees/showcontractemployee.php,"عرض عقد الموظف",0,0,0,0,0,0,0,0,0,0,0,0,0,0,0,0,,no_grant
23,"إدارة النقل والترحيل",66,Opportunities/opportunities.php,"الفرص البيعية",0,0,0,0,0,0,0,0,0,0,0,0,0,0,0,0,,no_grant
23,"إدارة النقل والترحيل",67,Procurement/dashboard_proc.php,"لوحة المشتريات",0,0,0,0,0,0,0,0,0,0,0,0,0,0,0,0,,no_grant
23,"إدارة النقل والترحيل",68,Procurement/items_proc.php,"كتالوج الأصناف",0,0,0,0,0,0,0,0,0,0,0,0,0,0,0,0,,no_grant
23,"إدارة النقل والترحيل",69,Procurement/requests_proc.php,"طلبات الشراء",0,0,0,0,0,0,0,0,0,0,0,0,0,0,0,0,,no_grant
23,"إدارة النقل والترحيل",70,Procurement/orders_proc.php,"أوامر الشراء",0,0,0,0,0,0,0,0,0,0,0,0,0,0,0,0,,no_grant
23,"إدارة النقل والترحيل",71,Procurement/receipt_custody_proc.php,"الاستلام المؤقت",0,0,0,0,0,0,0,0,0,0,0,0,0,0,0,0,,no_grant
23,"إدارة النقل والترحيل",72,Procurement/stock_proc.php,المخزون,0,0,0,0,0,0,0,0,0,0,0,0,0,0,0,0,,no_grant
23,"إدارة النقل والترحيل",73,Procurement/issue_proc.php,"صرف المخزون والعهدة",0,0,0,0,0,0,0,0,0,0,0,0,0,0,0,0,,no_grant
23,"إدارة النقل والترحيل",74,Procurement/reordering_proc.php,"حدود إعادة الطلب",0,0,0,0,0,0,0,0,0,0,0,0,0,0,0,0,,no_grant
23,"إدارة النقل والترحيل",75,Procurement/suppliers_proc.php,"موردو المشتريات",0,0,0,0,0,0,0,0,0,0,0,0,0,0,0,0,,no_grant
23,"إدارة النقل والترحيل",76,Procurement/master_data_proc.php,"البيانات المرجعية",0,0,0,0,0,0,0,0,0,0,0,0,0,0,0,0,,no_grant
23,"إدارة النقل والترحيل",77,Clients/activities.php,"أنشطة العملاء",0,0,0,0,0,0,0,0,0,0,0,0,0,0,0,0,,no_grant
23,"إدارة النقل والترحيل",78,Clients/commercial_risks.php,"المخاطر التجارية",0,0,0,0,0,0,0,0,0,0,0,0,0,0,0,0,,no_grant
23,"إدارة النقل والترحيل",79,Clients/tenders.php,المناقصات,0,0,0,0,0,0,0,0,0,0,0,0,0,0,0,0,,no_grant
23,"إدارة النقل والترحيل",80,Clients/quotations.php,"عروض الأسعار",0,0,0,0,0,0,0,0,0,0,0,0,0,0,0,0,,no_grant
23,"إدارة النقل والترحيل",81,Clients/pricelists.php,"قوائم ونماذج التسعير",0,0,0,0,0,0,0,0,0,0,0,0,0,0,0,0,,no_grant
23,"إدارة النقل والترحيل",82,Clients/products.php,"كتالوج المنتجات والخدمات",0,0,0,0,0,0,0,0,0,0,0,0,0,0,0,0,,no_grant
23,"إدارة النقل والترحيل",83,Clients/units_of_measure.php,"وحدات القياس",0,0,0,0,0,0,0,0,0,0,0,0,0,0,0,0,,no_grant
23,"إدارة النقل والترحيل",84,Clients/contract_amendments.php,"ملاحق العقود وتجديداتها",0,0,0,0,0,0,0,0,0,0,0,0,0,0,0,0,,no_grant
23,"إدارة النقل والترحيل",85,Clients/contract_events.php,"سجل حركة العقد",0,0,0,0,0,0,0,0,0,0,0,0,0,0,0,0,,no_grant
23,"إدارة النقل والترحيل",86,Finance/events_list_fin.php,"المعاملات المالية",1,1,1,0,0,0,0,0,0,0,0,0,1,1,0,0,company,derived_from_4flags
23,"إدارة النقل والترحيل",87,Finance/accounts_fin.php,"دليل الحسابات",0,0,0,0,0,0,0,0,0,0,0,0,0,0,0,0,,no_grant
23,"إدارة النقل والترحيل",88,Finance/journal_form_fin.php,"القيود اليومية",0,0,0,0,0,0,0,0,0,0,0,0,0,0,0,0,,no_grant
23,"إدارة النقل والترحيل",89,Finance/budget_form_fin.php,"الميزانية والانحراف",1,1,1,1,1,1,1,0,0,0,0,0,1,1,0,0,company,derived_from_4flags
23,"إدارة النقل والترحيل",90,Finance/dues_fin.php,"الذمم والتحصيل",0,0,0,0,0,0,0,0,0,0,0,0,0,0,0,0,,no_grant
23,"إدارة النقل والترحيل",91,Finance/payments_fin.php,"المدفوعات والخزينة",0,0,0,0,0,0,0,0,0,0,0,0,0,0,0,0,,no_grant
23,"إدارة النقل والترحيل",92,Finance/cost_report_fin.php,"التكاليف والربحية",1,1,1,0,0,0,0,0,0,0,0,0,1,1,0,0,company,derived_from_4flags
23,"إدارة النقل والترحيل",93,Finance/periods_fin.php,"إقفال الفترات",0,0,0,0,0,0,0,0,0,0,0,0,0,0,0,0,,no_grant
23,"إدارة النقل والترحيل",94,Finance/funding_fin.php,"التمويل والالتزامات",0,0,0,0,0,0,0,0,0,0,0,0,0,0,0,0,,no_grant
23,"إدارة النقل والترحيل",95,Finance/cash_forecast_fin.php,"السيولة والتنبؤ النقدي",0,0,0,0,0,0,0,0,0,0,0,0,0,0,0,0,,no_grant
23,"إدارة النقل والترحيل",96,Finance/management_accounting_fin.php,"المحاسبة الإدارية",0,0,0,0,0,0,0,0,0,0,0,0,0,0,0,0,,no_grant
23,"إدارة النقل والترحيل",97,Finance/accountants_fin.php,"المحاسبون والوحدات",0,0,0,0,0,0,0,0,0,0,0,0,0,0,0,0,,no_grant
23,"إدارة النقل والترحيل",98,Finance/import_events_fin.php,"استقبال معاملات الإدارات",0,0,0,0,0,0,0,0,0,0,0,0,0,0,0,0,,no_grant
23,"إدارة النقل والترحيل",99,Finance/executive_dashboard_fin.php,"اللوحة التنفيذية",0,0,0,0,0,0,0,0,0,0,0,0,0,0,0,0,,no_grant
23,"إدارة النقل والترحيل",100,Finance/financial_statements_fin.php,"القوائم المالية",0,0,0,0,0,0,0,0,0,0,0,0,0,0,0,0,,no_grant
23,"إدارة النقل والترحيل",101,Finance/assets_fin.php,"الأصول والإهلاك",0,0,0,0,0,0,0,0,0,0,0,0,0,0,0,0,,no_grant
23,"إدارة النقل والترحيل",102,Finance/tax_fin.php,"الضرائب والقيمة المضافة",0,0,0,0,0,0,0,0,0,0,0,0,0,0,0,0,,no_grant
23,"إدارة النقل والترحيل",103,Finance/bank_reconciliation_fin.php,"المطابقة البنكية",0,0,0,0,0,0,0,0,0,0,0,0,0,0,0,0,,no_grant
23,"إدارة النقل والترحيل",104,Finance/cfo_daily_board_fin.php,"لوحة المدير المالي",0,0,0,0,0,0,0,0,0,0,0,0,0,0,0,0,,no_grant
23,"إدارة النقل والترحيل",105,Finance/unit_records_fin.php,"وحدات الأطراف",0,0,0,0,0,0,0,0,0,0,0,0,0,0,0,0,,no_grant
23,"إدارة النقل والترحيل",106,Finance/supplier_statement_fin.php,"كشف حساب المورد",0,0,0,0,0,0,0,0,0,0,0,0,0,0,0,0,,no_grant
23,"إدارة النقل والترحيل",107,main/project_users.php,المعاونين,0,0,0,0,0,0,0,0,0,0,0,0,0,0,0,0,,no_grant
23,"إدارة النقل والترحيل",108,Transport/transfer_types_config.php,"إعدادات الترحيل",1,1,1,1,1,1,1,0,0,0,0,1,1,1,0,0,company,derived_from_4flags
23,"إدارة النقل والترحيل",109,Transport/transfer_cost_rules_config.php,"قواعد تحميل تكلفة الترحيل",1,1,1,1,1,1,1,0,0,0,0,1,1,1,0,0,company,derived_from_4flags
23,"إدارة النقل والترحيل",110,Transport/trs_locations_config.php,المواقع,1,1,1,1,1,1,1,0,0,0,0,1,1,1,0,0,company,derived_from_4flags
23,"إدارة النقل والترحيل",111,Transport/transfer_requests.php,"موافقات الترحيل",1,1,1,1,1,1,1,0,0,0,0,1,1,1,0,0,company,derived_from_4flags
23,"إدارة النقل والترحيل",112,Transport/transfer_orders_list.php,"أوامر الترحيل",1,1,1,1,1,1,1,0,0,0,0,1,1,1,0,0,company,derived_from_4flags
23,"إدارة النقل والترحيل",113,Transport/transfer_dashboard.php,"لوحة الرحلات",1,1,1,0,0,0,0,0,0,0,0,0,1,1,0,0,company,derived_from_4flags
23,"إدارة النقل والترحيل",114,FinRequests/request_form.php,"طلب مالي جديد",1,1,1,1,1,1,1,0,0,0,0,0,1,1,0,0,company,derived_from_4flags
23,"إدارة النقل والترحيل",115,FinRequests/my_requests.php,"طلباتي المالية",1,1,1,0,0,0,0,0,0,0,0,0,1,1,0,0,company,derived_from_4flags
23,"إدارة النقل والترحيل",116,FinRequests/dept_inbox.php,"موافقات إدارتي",1,1,1,0,0,0,0,0,0,0,0,0,1,1,0,0,company,derived_from_4flags
23,"إدارة النقل والترحيل",117,FinRequests/accountant_desk.php,"مكتب المحاسب",0,0,0,0,0,0,0,0,0,0,0,0,0,0,0,0,,no_grant
23,"إدارة النقل والترحيل",118,FinRequests/finance_gateway.php,"الطلبات المالية",0,0,0,0,0,0,0,0,0,0,0,0,0,0,0,0,,no_grant
23,"إدارة النقل والترحيل",119,FinRequests/effect_map.php,"سجل الحركة المالية",0,0,0,0,0,0,0,0,0,0,0,0,0,0,0,0,,no_grant
23,"إدارة النقل والترحيل",120,FinRequests/routing_admin.php,"قواعد توجيه الطلبات",0,0,0,0,0,0,0,0,0,0,0,0,0,0,0,0,,no_grant
23,"إدارة النقل والترحيل",121,FinRequests/cycle_time_board.php,"زمن دورة الطلبات",0,0,0,0,0,0,0,0,0,0,0,0,0,0,0,0,,no_grant
23,"إدارة النقل والترحيل",122,FinRequests/requests_reports.php,"تقارير الطلبات المالية",0,0,0,0,0,0,0,0,0,0,0,0,0,0,0,0,,no_grant
23,"إدارة النقل والترحيل",123,Settings/role_permissions.php,"صلاحيات الأدوار",0,0,0,0,0,0,0,0,0,0,0,0,0,0,0,0,,no_grant
23,"إدارة النقل والترحيل",124,Settings/roles.php,الأدوار,0,0,0,0,0,0,0,0,0,0,0,0,0,0,0,0,,no_grant
23,"إدارة النقل والترحيل",125,Finance/variance_monitor_fin.php,"متابعة الانحراف",0,0,0,0,0,0,0,0,0,0,0,0,0,0,0,0,,no_grant
23,"إدارة النقل والترحيل",126,Finance/maintenance_provision_fin.php,"قواعد مخصص الصيانة",0,0,0,0,0,0,0,0,0,0,0,0,0,0,0,0,,no_grant
23,"إدارة النقل والترحيل",127,Clients/contract_commitments.php,"التزامات العقود",0,0,0,0,0,0,0,0,0,0,0,0,0,0,0,0,,no_grant
23,"إدارة النقل والترحيل",128,Finance/operator_pay_fin.php,"قواعد مستحقات المشغّلين",0,0,0,0,0,0,0,0,0,0,0,0,0,0,0,0,,no_grant
23,"إدارة النقل والترحيل",129,Clients/readiness_lines.php,"جاهزية العروض",0,0,0,0,0,0,0,0,0,0,0,0,0,0,0,0,,no_grant
23,"إدارة النقل والترحيل",130,Tickets/ticket_types_config.php,"إعداد أنواع البلاغات",0,0,0,0,0,0,0,0,0,0,0,0,0,0,0,0,,no_grant
23,"إدارة النقل والترحيل",131,Tickets/ticket_categories_config.php,"تصنيفات الأعطال والبلاغات",0,0,0,0,0,0,0,0,0,0,0,0,0,0,0,0,,no_grant
23,"إدارة النقل والترحيل",132,Tickets/tickets_list.php,البلاغات,0,0,0,0,0,0,0,0,0,0,0,0,0,0,0,0,,no_grant
23,"إدارة النقل والترحيل",133,Tickets/ticket_form.php,"تسجيل بلاغ",0,0,0,0,0,0,0,0,0,0,0,0,0,0,0,0,,no_grant
23,"إدارة النقل والترحيل",134,Tickets/ticket_sla_config.php,"أزمنة الاستجابة والإنجاز",0,0,0,0,0,0,0,0,0,0,0,0,0,0,0,0,,no_grant
23,"إدارة النقل والترحيل",135,Tickets/ticket_escalation_config.php,"سلّم التصعيد",0,0,0,0,0,0,0,0,0,0,0,0,0,0,0,0,,no_grant
23,"إدارة النقل والترحيل",136,Tickets/ticket_recurrence.php,"البلاغات الدورية",0,0,0,0,0,0,0,0,0,0,0,0,0,0,0,0,,no_grant
23,"إدارة النقل والترحيل",137,Tickets/ticket_dashboard.php,"أداء البلاغات",0,0,0,0,0,0,0,0,0,0,0,0,0,0,0,0,,no_grant
23,"إدارة النقل والترحيل",138,Maintenance/dashboard_mnt.php,"لوحة إدارة الصيانة",0,0,0,0,0,0,0,0,0,0,0,0,0,0,0,0,,no_grant
23,"إدارة النقل والترحيل",139,main/role_board.php,"لوحة الدور",0,0,0,0,0,0,0,0,0,0,0,0,0,0,0,0,,no_grant
23,"إدارة النقل والترحيل",140,Finance/operator_pay_policies_fin.php,"سياسات مستحقات المشغّلين",0,0,0,0,0,0,0,0,0,0,0,0,0,0,0,0,,no_grant
23,"إدارة النقل والترحيل",141,Equipments/equipment_documents.php,"وثائق المعدات والمشغّلين",0,0,0,0,0,0,0,0,0,0,0,0,0,0,0,0,,no_grant
23,"إدارة النقل والترحيل",142,Contracts/claims.php,المستخلصات,0,0,0,0,0,0,0,0,0,0,0,0,0,0,0,0,,no_grant
23,"إدارة النقل والترحيل",143,Finance/currencies_fin.php,"العملات وأسعار الصرف",0,0,0,0,0,0,0,0,0,0,0,0,0,0,0,0,,no_grant
23,"إدارة النقل والترحيل",144,Suppliers/settlements.php,"تسويات الموردين",0,0,0,0,0,0,0,0,0,0,0,0,0,0,0,0,,no_grant
23,"إدارة النقل والترحيل",145,Contracts/contract_obligations.php,"مصفوفة التزامات العقد",0,0,0,0,0,0,0,0,0,0,0,0,0,0,0,0,,no_grant
23,"إدارة النقل والترحيل",146,Approvals/attribution_board.php,"لوحة الإسناد اليومي",0,0,0,0,0,0,0,0,0,0,0,0,0,0,0,0,,no_grant
23,"إدارة النقل والترحيل",147,Contracts/penalties.php,"احتساب الجزاءات والحوافز",0,0,0,0,0,0,0,0,0,0,0,0,0,0,0,0,,no_grant
23,"إدارة النقل والترحيل",148,Workforce/employee_settlements.php,"تسويات الموظفين",0,0,0,0,0,0,0,0,0,0,0,0,0,0,0,0,,no_grant
23,"إدارة النقل والترحيل",149,Operations/containers.php,"حاويات العقود",0,0,0,0,0,0,0,0,0,0,0,0,0,0,0,0,,no_grant
23,"إدارة النقل والترحيل",150,Projects/sites.php,"مواقع التنفيذ",0,0,0,0,0,0,0,0,0,0,0,0,0,0,0,0,,no_grant
23,"إدارة النقل والترحيل",151,Workforce/contract_registry.php,"سجل العقود الموحّد",0,0,0,0,0,0,0,0,0,0,0,0,0,0,0,0,,no_grant
23,"إدارة النقل والترحيل",152,Operations/daily_plan.php,"خطة عمل الغد",0,0,0,0,0,0,0,0,0,0,0,0,0,0,0,0,,no_grant
23,"إدارة النقل والترحيل",153,Suppliers/supplier_contract_lines.php,"بنود عقد المورد",0,0,0,0,0,0,0,0,0,0,0,0,0,0,0,0,,no_grant
23,"إدارة النقل والترحيل",154,Contracts/price_terms.php,"شروط تعديل السعر",0,0,0,0,0,0,0,0,0,0,0,0,0,0,0,0,,no_grant
23,"إدارة النقل والترحيل",155,Equipments/meter_readings.php,"قراءات العدّادات",0,0,0,0,0,0,0,0,0,0,0,0,0,0,0,0,,no_grant
23,"إدارة النقل والترحيل",156,Workforce/payroll_runs.php,"مسيّر الرواتب",0,0,0,0,0,0,0,0,0,0,0,0,0,0,0,0,,no_grant
23,"إدارة النقل والترحيل",157,Workforce/employee_advances.php,"سلفيات الموظفين",0,0,0,0,0,0,0,0,0,0,0,0,0,0,0,0,,no_grant
23,"إدارة النقل والترحيل",158,Suppliers/supplier_advances.php,"سلفيات الموردين",0,0,0,0,0,0,0,0,0,0,0,0,0,0,0,0,,no_grant
23,"إدارة النقل والترحيل",159,Suppliers/supplier_rules.php,"قواعد تحميل المورد وجزاءاته",0,0,0,0,0,0,0,0,0,0,0,0,0,0,0,0,,no_grant
23,"إدارة النقل والترحيل",160,Suppliers/supplier_capacity.php,"الطاقة والجاهزية ومهلة الإحلال",0,0,0,0,0,0,0,0,0,0,0,0,0,0,0,0,,no_grant
23,"إدارة النقل والترحيل",161,Suppliers/supplier_evaluation.php,"تقييم المورد الدوري",0,0,0,0,0,0,0,0,0,0,0,0,0,0,0,0,,no_grant
23,"إدارة النقل والترحيل",162,Suppliers/supplier_closure.php,"تصفية إنهاء عقد المورد",0,0,0,0,0,0,0,0,0,0,0,0,0,0,0,0,,no_grant
23,"إدارة النقل والترحيل",163,Suppliers/supplier_documents.php,"وثائق المورد وحسابه البنكي",0,0,0,0,0,0,0,0,0,0,0,0,0,0,0,0,,no_grant
23,"إدارة النقل والترحيل",164,Contracts/tax_invoices.php,"الفاتورة الضريبية",0,0,0,0,0,0,0,0,0,0,0,0,0,0,0,0,,no_grant
23,"إدارة النقل والترحيل",165,Contracts/client_statement.php,"كشف حساب العميل",0,0,0,0,0,0,0,0,0,0,0,0,0,0,0,0,,no_grant
23,"إدارة النقل والترحيل",166,Contracts/collections.php,"الذمم والتحصيل",0,0,0,0,0,0,0,0,0,0,0,0,0,0,0,0,,no_grant
23,"إدارة النقل والترحيل",167,Workforce/final_settlement.php,"تصفية إنهاء خدمة الموظف",0,0,0,0,0,0,0,0,0,0,0,0,0,0,0,0,,no_grant
23,"إدارة النقل والترحيل",168,Transport/transfer_tariffs.php,"تعرفة الترحيل وتسعير الأوامر",1,1,1,1,1,1,1,0,0,0,0,0,1,1,0,0,company,derived_from_4flags
23,"إدارة النقل والترحيل",169,Finance/periodic_events_fin.php,"الدوريات المالية",0,0,0,0,0,0,0,0,0,0,0,0,0,0,0,0,,no_grant
23,"إدارة النقل والترحيل",171,Suppliers/rfq_requests.php,"طلبات عروض الموردين",0,0,0,0,0,0,0,0,0,0,0,0,0,0,0,0,,no_grant
23,"إدارة النقل والترحيل",172,Contracts/contract_sites.php,"نطاقات العقد التشغيلية",0,0,0,0,0,0,0,0,0,0,0,0,0,0,0,0,,no_grant
23,"إدارة النقل والترحيل",173,Contracts/contract_lines.php,"بنود عقد العميل وقيمته",0,0,0,0,0,0,0,0,0,0,0,0,0,0,0,0,,no_grant
23,"إدارة النقل والترحيل",174,Contracts/contract_monthly_plan.php,"الجدول الشهري للعقد",0,0,0,0,0,0,0,0,0,0,0,0,0,0,0,0,,no_grant
23,"إدارة النقل والترحيل",175,Contracts/contract_resource_plan.php,"خطة موارد العقد",0,0,0,0,0,0,0,0,0,0,0,0,0,0,0,0,,no_grant
23,"إدارة النقل والترحيل",176,Contracts/contract_payment_schedule.php,"خطة دفع العقد",0,0,0,0,0,0,0,0,0,0,0,0,0,0,0,0,,no_grant
23,"إدارة النقل والترحيل",177,Contracts/contract_guarantees.php,"ضمانات العقد",0,0,0,0,0,0,0,0,0,0,0,0,0,0,0,0,,no_grant
23,"إدارة النقل والترحيل",178,Contracts/plan_actual_link.php,"ربط الخطة بالفعلي",0,0,0,0,0,0,0,0,0,0,0,0,0,0,0,0,,no_grant
23,"إدارة النقل والترحيل",179,Contracts/contract_baseline.php,"خط أساس العقد",0,0,0,0,0,0,0,0,0,0,0,0,0,0,0,0,,no_grant
23,"إدارة النقل والترحيل",180,Contracts/contract_lifecycle.php,"اقتصاد دورة حياة العقد",0,0,0,0,0,0,0,0,0,0,0,0,0,0,0,0,,no_grant
23,"إدارة النقل والترحيل",181,Contracts/commercial_board.php,"اللوحة التجارية للعقود",0,0,0,0,0,0,0,0,0,0,0,0,0,0,0,0,,no_grant
23,"إدارة النقل والترحيل",182,user_capacities.php,"صفاتي ومبدّل المساحة",1,1,1,0,0,0,0,0,0,0,0,0,1,1,0,0,company,derived_from_4flags
23,"إدارة النقل والترحيل",183,Portal/visibility_keys.php,"مفاتيح الظهور",0,0,0,0,0,0,0,0,0,0,0,0,0,0,0,0,,no_grant
23,"إدارة النقل والترحيل",184,Portal/portal_elements.php,"مكوّنات البوابة",0,0,0,0,0,0,0,0,0,0,0,0,0,0,0,0,,no_grant
23,"إدارة النقل والترحيل",185,Portal/visibility_simulator.php,"من يرى ماذا (محاكاة)",0,0,0,0,0,0,0,0,0,0,0,0,0,0,0,0,,no_grant
23,"إدارة النقل والترحيل",186,Portal/visibility_audit.php,"سجل تدقيق الظهور",0,0,0,0,0,0,0,0,0,0,0,0,0,0,0,0,,no_grant
23,"إدارة النقل والترحيل",187,Portal/my_portal.php,بوابتي,1,1,1,0,0,0,0,0,0,0,0,0,1,1,0,0,company,derived_from_4flags
23,"إدارة النقل والترحيل",188,Portal/my_achievement.php,إنجازي,1,1,1,0,0,0,0,0,0,0,0,0,1,1,0,0,company,derived_from_4flags
23,"إدارة النقل والترحيل",189,Portal/my_evaluation.php,"التقييم الثنائي",1,1,1,1,0,1,0,0,0,0,0,0,1,1,0,0,company,derived_from_4flags
23,"إدارة النقل والترحيل",190,Portal/my_certificate.php,"شهادة الإنجاز",1,1,1,0,0,0,0,0,0,0,0,0,1,1,0,0,company,derived_from_4flags
23,"إدارة النقل والترحيل",191,Portal/workspace.php,"مساحة العمل",1,1,1,0,0,0,0,0,0,0,0,0,1,1,0,0,company,derived_from_4flags
23,"إدارة النقل والترحيل",192,Finance/approvals_inbox.php,"صندوق الاعتمادات الموحد",0,0,0,0,0,0,0,0,0,0,0,0,0,0,0,0,,no_grant
23,"إدارة النقل والترحيل",193,Operations/operations_room.php,"غرفة عمليات التشغيل",0,0,0,0,0,0,0,0,0,0,0,0,0,0,0,0,,no_grant
23,"إدارة النقل والترحيل",194,Operations/distribution_space.php,"مساحة التوزيع",0,0,0,0,0,0,0,0,0,0,0,0,0,0,0,0,,no_grant
23,"إدارة النقل والترحيل",195,Reports/daily_units_report.php,"سجل الوحدات اليومية",0,0,0,0,0,0,0,0,0,0,0,0,0,0,0,0,,no_grant
23,"إدارة النقل والترحيل",196,Fleet/readiness_board.php,"لوحة الجاهزية",0,0,0,0,0,0,0,0,0,0,0,0,0,0,0,0,,no_grant
23,"إدارة النقل والترحيل",197,Maintenance/failure_report.php,"تقرير الأعطال (التصنيف الموحد)",0,0,0,0,0,0,0,0,0,0,0,0,0,0,0,0,,no_grant
23,"إدارة النقل والترحيل",198,Procurement/supplier_card_proc.php,"بطاقة مورد المشتريات",0,0,0,0,0,0,0,0,0,0,0,0,0,0,0,0,,no_grant
23,"إدارة النقل والترحيل",199,Procurement/warehouse_board.php,"لوحة أمين المستودع",0,0,0,0,0,0,0,0,0,0,0,0,0,0,0,0,,no_grant
23,"إدارة النقل والترحيل",200,Contracts/contract_card.php,"بطاقة العقد الأم",0,0,0,0,0,0,0,0,0,0,0,0,0,0,0,0,,no_grant
23,"إدارة النقل والترحيل",201,Employees/employee_card.php,"بطاقة الموظف",0,0,0,0,0,0,0,0,0,0,0,0,0,0,0,0,,no_grant
23,"إدارة النقل والترحيل",202,Reports/margin_report.php,"هامش الواقعة والعقد",0,0,0,0,0,0,0,0,0,0,0,0,0,0,0,0,,no_grant
23,"إدارة النقل والترحيل",203,Reports/exceptions_report.php,"تقرير الاستثناءات",0,0,0,0,0,0,0,0,0,0,0,0,0,0,0,0,,no_grant
23,"إدارة النقل والترحيل",204,Reports/guard_denials_report.php,"تقرير المنع",0,0,0,0,0,0,0,0,0,0,0,0,0,0,0,0,,no_grant
23,"إدارة النقل والترحيل",205,Settings/guard_classification.php,"تصنيف الحمايات",0,0,0,0,0,0,0,0,0,0,0,0,0,0,0,0,,no_grant
23,"إدارة النقل والترحيل",206,Governance/entities_registry.php,"سجل الكيانات",0,0,0,0,0,0,0,0,0,0,0,0,0,0,0,0,,no_grant
23,"إدارة النقل والترحيل",207,Governance/signing_authority.php,"التفويض بالتوقيع",0,0,0,0,0,0,0,0,0,0,0,0,0,0,0,0,,no_grant
23,"إدارة النقل والترحيل",208,Governance/licenses_guarantees.php,"التراخيص والكفالات",0,0,0,0,0,0,0,0,0,0,0,0,0,0,0,0,,no_grant
23,"إدارة النقل والترحيل",209,Governance/activation_patterns.php,"أنماط التفعيل",0,0,0,0,0,0,0,0,0,0,0,0,0,0,0,0,,no_grant
23,"إدارة النقل والترحيل",210,Financing/financiers_registry.php,"سجل الممولين",0,0,0,0,0,0,0,0,0,0,0,0,0,0,0,0,,no_grant
23,"إدارة النقل والترحيل",211,Financing/financing_operation_new.php,"إنشاء عملية تمويل",0,0,0,0,0,0,0,0,0,0,0,0,0,0,0,0,,no_grant
23,"إدارة النقل والترحيل",212,Reports/approval_lag_report.php,"الاعتمادات المتأخرة والوثائق",0,0,0,0,0,0,0,0,0,0,0,0,0,0,0,0,,no_grant
23,"إدارة النقل والترحيل",213,Governance/ownership_grants.php,"منح المجال المقيَّد",0,0,0,0,0,0,0,0,0,0,0,0,0,0,0,0,,no_grant
23,"إدارة النقل والترحيل",214,Financing/financing_board.php,"لوحة إدارة التمويل",0,0,0,0,0,0,0,0,0,0,0,0,0,0,0,0,,no_grant
23,"إدارة النقل والترحيل",215,admin/ops_manager_board.php,"لوحة مدير التشغيل",0,0,0,0,0,0,0,0,0,0,0,0,0,0,0,0,,no_grant
23,"إدارة النقل والترحيل",216,admin/org_assignments.php,"التكليفات التنظيمية",0,0,0,0,0,0,0,0,0,0,0,0,0,0,0,0,,no_grant
23,"إدارة النقل والترحيل",217,admin/org_structure.php,"الهيكل التنظيمي",0,0,0,0,0,0,0,0,0,0,0,0,0,0,0,0,,no_grant
23,"إدارة النقل والترحيل",218,admin/org_permits.php,"أذونات المواقع",0,0,0,0,0,0,0,0,0,0,0,0,0,0,0,0,,no_grant
23,"إدارة النقل والترحيل",222,admin/sec_governance.php,"مركز حوكمة الصلاحيات",0,0,0,0,0,0,0,0,0,0,0,0,0,0,0,0,,no_grant
23,"إدارة النقل والترحيل",223,admin/sec_employee_wizard.php,"معالج إعداد الموظف",0,0,0,0,0,0,0,0,0,0,0,0,0,0,0,0,,no_grant
23,"إدارة النقل والترحيل",225,Tickets/ticket_workstreams_board.php,"لوحة مسارات البلاغات",0,0,0,0,0,0,0,0,0,0,0,0,0,0,0,0,,no_grant
23,"إدارة النقل والترحيل",226,Tickets/watchtower.php,"برج المراقبة",0,0,0,0,0,0,0,0,0,0,0,0,0,0,0,0,,no_grant
23,"إدارة النقل والترحيل",227,Tickets/ticket_contextual_open.php,"بلاغ سياقي جديد",1,1,1,1,0,1,0,0,0,0,0,0,1,1,0,0,company,derived_from_4flags
23,"إدارة النقل والترحيل",228,main/my_workspace.php,"مساحة عملي",1,1,1,0,0,0,0,0,0,0,0,0,1,1,0,0,company,derived_from_4flags
24,"إدارة البلاغات",1,Clients/clients.php,العملاء,0,0,0,0,0,0,0,0,0,0,0,0,0,0,0,0,,no_grant
24,"إدارة البلاغات",2,Projects/projects.php,المشاريع,0,0,0,0,0,0,0,0,0,0,0,0,0,0,0,0,,no_grant
24,"إدارة البلاغات",3,main/users.php,الصلاحيات,0,0,0,0,0,0,0,0,0,0,0,0,0,0,0,0,,no_grant
24,"إدارة البلاغات",4,Reports/reports.php,"مركز التقارير",0,0,0,0,0,0,0,0,0,0,0,0,0,0,0,0,,no_grant
24,"إدارة البلاغات",5,Equipments/equipments_types.php,"أنواع المعدات",0,0,0,0,0,0,0,0,0,0,0,0,0,0,0,0,,no_grant
24,"إدارة البلاغات",6,Reports/reports.php,"مركز التقارير",0,0,0,0,0,0,0,0,0,0,0,0,0,0,0,0,,no_grant
24,"إدارة البلاغات",7,Employees/employees.php,الموظفون,0,0,0,0,0,0,0,0,0,0,0,0,0,0,0,0,,no_grant
24,"إدارة البلاغات",8,Equipments/equipments_fleet.php,المعدات,0,0,0,0,0,0,0,0,0,0,0,0,0,0,0,0,,no_grant
24,"إدارة البلاغات",9,Oprators/oprators.php,"شاشة التشغيل",0,0,0,0,0,0,0,0,0,0,0,0,0,0,0,0,,no_grant
24,"إدارة البلاغات",10,Timesheet/timesheet_type.php,"تسجيل الوحدات",0,0,0,0,0,0,0,0,0,0,0,0,0,0,0,0,,no_grant
24,"إدارة البلاغات",11,Settings/settings.php,الإعدادات,0,0,0,0,0,0,0,0,0,0,0,0,0,0,0,0,,no_grant
24,"إدارة البلاغات",12,ActivityLogs/activity_logs.php,"سجل النشاط",0,0,0,0,0,0,0,0,0,0,0,0,0,0,0,0,,no_grant
24,"إدارة البلاغات",14,main/project_users.php,"مشرفو الموردين",0,0,0,0,0,0,0,0,0,0,0,0,0,0,0,0,,no_grant
24,"إدارة البلاغات",15,main/project_users.php,المشرفين,0,0,0,0,0,0,0,0,0,0,0,0,0,0,0,0,,no_grant
24,"إدارة البلاغات",16,main/project_users.php,المشرفين,0,0,0,0,0,0,0,0,0,0,0,0,0,0,0,0,,no_grant
24,"إدارة البلاغات",17,main/project_users.php,"إدارة المعاونين",0,0,0,0,0,0,0,0,0,0,0,0,0,0,0,0,,no_grant
24,"إدارة البلاغات",18,main/project_users.php,المشرفين,0,0,0,0,0,0,0,0,0,0,0,0,0,0,0,0,,no_grant
24,"إدارة البلاغات",20,Contracts/contracts.php,العقود,0,0,0,0,0,0,0,0,0,0,0,0,0,0,0,0,,no_grant
24,"إدارة البلاغات",21,Contracts/contracts_details.php,"ملف عقد المشروع",0,0,0,0,0,0,0,0,0,0,0,0,0,0,0,0,,no_grant
24,"إدارة البلاغات",22,Suppliers/suppliers.php,الموردون,0,0,0,0,0,0,0,0,0,0,0,0,0,0,0,0,,no_grant
24,"إدارة البلاغات",23,Oprators/select_project.php,التشغيل,0,0,0,0,0,0,0,0,0,0,0,0,0,0,0,0,,no_grant
24,"إدارة البلاغات",24,Settings/settings.php,الإعدادات,0,0,0,0,0,0,0,0,0,0,0,0,0,0,0,0,,no_grant
24,"إدارة البلاغات",25,Suppliers/supplierscontracts.php,"عقود الموردين",0,0,0,0,0,0,0,0,0,0,0,0,0,0,0,0,,no_grant
24,"إدارة البلاغات",26,Suppliers/supplierscontracts_details.php,"ملف عقد المورد",0,0,0,0,0,0,0,0,0,0,0,0,0,0,0,0,,no_grant
24,"إدارة البلاغات",27,Equipments/equipments_drivers.php,المعدات,0,0,0,0,0,0,0,0,0,0,0,0,0,0,0,0,,no_grant
24,"إدارة البلاغات",28,Reports/reports.php,"مركز التقارير",0,0,0,0,0,0,0,0,0,0,0,0,0,0,0,0,,no_grant
24,"إدارة البلاغات",29,movement/project_drivers.php,"توزيع المشغّلين",0,0,0,0,0,0,0,0,0,0,0,0,0,0,0,0,,no_grant
24,"إدارة البلاغات",30,movement/movement_operations.php,الورديات,0,0,0,0,0,0,0,0,0,0,0,0,0,0,0,0,,no_grant
24,"إدارة البلاغات",31,Reports/reports.php,"مركز التقارير",0,0,0,0,0,0,0,0,0,0,0,0,0,0,0,0,,no_grant
24,"إدارة البلاغات",32,Reports/reports.php,"مركز التقارير",0,0,0,0,0,0,0,0,0,0,0,0,0,0,0,0,,no_grant
24,"إدارة البلاغات",34,movement/map_page.php,"متابعة المشروع",0,0,0,0,0,0,0,0,0,0,0,0,0,0,0,0,,no_grant
24,"إدارة البلاغات",35,Clients/clients.php,العملاء,0,0,0,0,0,0,0,0,0,0,0,0,0,0,0,0,,no_grant
24,"إدارة البلاغات",36,Projects/projects.php,المشاريع,0,0,0,0,0,0,0,0,0,0,0,0,0,0,0,0,,no_grant
24,"إدارة البلاغات",37,Contracts/contracts.php,العقود,0,0,0,0,0,0,0,0,0,0,0,0,0,0,0,0,,no_grant
24,"إدارة البلاغات",38,Equipments/manage_failure_codes.php,"تصنيفات الأعطال",0,0,0,0,0,0,0,0,0,0,0,0,0,0,0,0,,no_grant
24,"إدارة البلاغات",40,Equipments/fleet_models.php,"الأنواع والموديلات",0,0,0,0,0,0,0,0,0,0,0,0,0,0,0,0,,no_grant
24,"إدارة البلاغات",41,Equipments/fleet_depreciation_profiles.php,"إعداد الإهلاك",0,0,0,0,0,0,0,0,0,0,0,0,0,0,0,0,,no_grant
24,"إدارة البلاغات",42,Maintenance/breakdowns.php,"البلاغات (غير مفعّلة)",0,0,0,0,0,0,0,0,0,0,0,0,0,0,0,0,,no_grant
24,"إدارة البلاغات",43,Maintenance/orders.php,"أوامر الصيانة",0,0,0,0,0,0,0,0,0,0,0,0,0,0,0,0,,no_grant
24,"إدارة البلاغات",44,Maintenance/inspections.php,"الفحص الفني اليومي",0,0,0,0,0,0,0,0,0,0,0,0,0,0,0,0,,no_grant
24,"إدارة البلاغات",45,Maintenance/preventive_plans.php,"الصيانة الوقائية",0,0,0,0,0,0,0,0,0,0,0,0,0,0,0,0,,no_grant
24,"إدارة البلاغات",46,Maintenance/master_data.php,"إعدادات الصيانة",0,0,0,0,0,0,0,0,0,0,0,0,0,0,0,0,,no_grant
24,"إدارة البلاغات",47,Workforce/worker_register.php,"السجل التشغيلي للعامل",0,0,0,0,0,0,0,0,0,0,0,0,0,0,0,0,,no_grant
24,"إدارة البلاغات",48,Workforce/worker_contract.php,"عقود العاملين",0,0,0,0,0,0,0,0,0,0,0,0,0,0,0,0,,no_grant
24,"إدارة البلاغات",50,Workforce/worker_leave_absence.php,"الإجازات والغياب",0,0,0,0,0,0,0,0,0,0,0,0,0,0,0,0,,no_grant
24,"إدارة البلاغات",51,Workforce/worker_movement.php,"تنقلات العاملين",0,0,0,0,0,0,0,0,0,0,0,0,0,0,0,0,,no_grant
24,"إدارة البلاغات",52,Workforce/housing_units.php,"السكن والإعاشة",0,0,0,0,0,0,0,0,0,0,0,0,0,0,0,0,,no_grant
24,"إدارة البلاغات",53,Workforce/worker_evaluation.php,"تقييم الأداء",0,0,0,0,0,0,0,0,0,0,0,0,0,0,0,0,,no_grant
24,"إدارة البلاغات",54,Workforce/worker_settlement.php,"تسويات العاملين",0,0,0,0,0,0,0,0,0,0,0,0,0,0,0,0,,no_grant
24,"إدارة البلاغات",55,Workforce/workforce_requirement.php,"احتياج القوى والتخطيط",0,0,0,0,0,0,0,0,0,0,0,0,0,0,0,0,,no_grant
24,"إدارة البلاغات",56,Workforce/worker_worklog.php,"سجل الأحداث التشغيلية",0,0,0,0,0,0,0,0,0,0,0,0,0,0,0,0,,no_grant
24,"إدارة البلاغات",57,Employees/job_titles.php,"المسميات الوظيفية",0,0,0,0,0,0,0,0,0,0,0,0,0,0,0,0,,no_grant
24,"إدارة البلاغات",58,Employees/employee_roles.php,"الأدوار الوظيفية",0,0,0,0,0,0,0,0,0,0,0,0,0,0,0,0,,no_grant
24,"إدارة البلاغات",59,Employees/equipment_operators.php,"المشغّلون والسائقون",0,0,0,0,0,0,0,0,0,0,0,0,0,0,0,0,,no_grant
24,"إدارة البلاغات",60,main/users.php,"إدارة المستخدمين",0,0,0,0,0,0,0,0,0,0,0,0,0,0,0,0,,no_grant
24,"إدارة البلاغات",61,main/all_assistants.php,المعاونون,0,0,0,0,0,0,0,0,0,0,0,0,0,0,0,0,,no_grant
24,"إدارة البلاغات",62,Employees/employee_contracts.php,"عقود الموظفين",0,0,0,0,0,0,0,0,0,0,0,0,0,0,0,0,,no_grant
24,"إدارة البلاغات",63,Employees/employee_contracts_details.php,"ملف عقد الموظف",0,0,0,0,0,0,0,0,0,0,0,0,0,0,0,0,,no_grant
24,"إدارة البلاغات",64,Employees/employee_profile.php,"بطاقة الموظف",0,0,0,0,0,0,0,0,0,0,0,0,0,0,0,0,,no_grant
24,"إدارة البلاغات",65,Employees/showcontractemployee.php,"عرض عقد الموظف",0,0,0,0,0,0,0,0,0,0,0,0,0,0,0,0,,no_grant
24,"إدارة البلاغات",66,Opportunities/opportunities.php,"الفرص البيعية",0,0,0,0,0,0,0,0,0,0,0,0,0,0,0,0,,no_grant
24,"إدارة البلاغات",67,Procurement/dashboard_proc.php,"لوحة المشتريات",0,0,0,0,0,0,0,0,0,0,0,0,0,0,0,0,,no_grant
24,"إدارة البلاغات",68,Procurement/items_proc.php,"كتالوج الأصناف",0,0,0,0,0,0,0,0,0,0,0,0,0,0,0,0,,no_grant
24,"إدارة البلاغات",69,Procurement/requests_proc.php,"طلبات الشراء",0,0,0,0,0,0,0,0,0,0,0,0,0,0,0,0,,no_grant
24,"إدارة البلاغات",70,Procurement/orders_proc.php,"أوامر الشراء",0,0,0,0,0,0,0,0,0,0,0,0,0,0,0,0,,no_grant
24,"إدارة البلاغات",71,Procurement/receipt_custody_proc.php,"الاستلام المؤقت",0,0,0,0,0,0,0,0,0,0,0,0,0,0,0,0,,no_grant
24,"إدارة البلاغات",72,Procurement/stock_proc.php,المخزون,0,0,0,0,0,0,0,0,0,0,0,0,0,0,0,0,,no_grant
24,"إدارة البلاغات",73,Procurement/issue_proc.php,"صرف المخزون والعهدة",0,0,0,0,0,0,0,0,0,0,0,0,0,0,0,0,,no_grant
24,"إدارة البلاغات",74,Procurement/reordering_proc.php,"حدود إعادة الطلب",0,0,0,0,0,0,0,0,0,0,0,0,0,0,0,0,,no_grant
24,"إدارة البلاغات",75,Procurement/suppliers_proc.php,"موردو المشتريات",0,0,0,0,0,0,0,0,0,0,0,0,0,0,0,0,,no_grant
24,"إدارة البلاغات",76,Procurement/master_data_proc.php,"البيانات المرجعية",0,0,0,0,0,0,0,0,0,0,0,0,0,0,0,0,,no_grant
24,"إدارة البلاغات",77,Clients/activities.php,"أنشطة العملاء",0,0,0,0,0,0,0,0,0,0,0,0,0,0,0,0,,no_grant
24,"إدارة البلاغات",78,Clients/commercial_risks.php,"المخاطر التجارية",0,0,0,0,0,0,0,0,0,0,0,0,0,0,0,0,,no_grant
24,"إدارة البلاغات",79,Clients/tenders.php,المناقصات,0,0,0,0,0,0,0,0,0,0,0,0,0,0,0,0,,no_grant
24,"إدارة البلاغات",80,Clients/quotations.php,"عروض الأسعار",0,0,0,0,0,0,0,0,0,0,0,0,0,0,0,0,,no_grant
24,"إدارة البلاغات",81,Clients/pricelists.php,"قوائم ونماذج التسعير",0,0,0,0,0,0,0,0,0,0,0,0,0,0,0,0,,no_grant
24,"إدارة البلاغات",82,Clients/products.php,"كتالوج المنتجات والخدمات",0,0,0,0,0,0,0,0,0,0,0,0,0,0,0,0,,no_grant
24,"إدارة البلاغات",83,Clients/units_of_measure.php,"وحدات القياس",0,0,0,0,0,0,0,0,0,0,0,0,0,0,0,0,,no_grant
24,"إدارة البلاغات",84,Clients/contract_amendments.php,"ملاحق العقود وتجديداتها",0,0,0,0,0,0,0,0,0,0,0,0,0,0,0,0,,no_grant
24,"إدارة البلاغات",85,Clients/contract_events.php,"سجل حركة العقد",0,0,0,0,0,0,0,0,0,0,0,0,0,0,0,0,,no_grant
24,"إدارة البلاغات",86,Finance/events_list_fin.php,"المعاملات المالية",0,0,0,0,0,0,0,0,0,0,0,0,0,0,0,0,,no_grant
24,"إدارة البلاغات",87,Finance/accounts_fin.php,"دليل الحسابات",0,0,0,0,0,0,0,0,0,0,0,0,0,0,0,0,,no_grant
24,"إدارة البلاغات",88,Finance/journal_form_fin.php,"القيود اليومية",0,0,0,0,0,0,0,0,0,0,0,0,0,0,0,0,,no_grant
24,"إدارة البلاغات",89,Finance/budget_form_fin.php,"الميزانية والانحراف",1,1,1,1,1,1,1,0,0,0,0,0,1,1,0,0,company,derived_from_4flags
24,"إدارة البلاغات",90,Finance/dues_fin.php,"الذمم والتحصيل",0,0,0,0,0,0,0,0,0,0,0,0,0,0,0,0,,no_grant
24,"إدارة البلاغات",91,Finance/payments_fin.php,"المدفوعات والخزينة",0,0,0,0,0,0,0,0,0,0,0,0,0,0,0,0,,no_grant
24,"إدارة البلاغات",92,Finance/cost_report_fin.php,"التكاليف والربحية",0,0,0,0,0,0,0,0,0,0,0,0,0,0,0,0,,no_grant
24,"إدارة البلاغات",93,Finance/periods_fin.php,"إقفال الفترات",0,0,0,0,0,0,0,0,0,0,0,0,0,0,0,0,,no_grant
24,"إدارة البلاغات",94,Finance/funding_fin.php,"التمويل والالتزامات",0,0,0,0,0,0,0,0,0,0,0,0,0,0,0,0,,no_grant
24,"إدارة البلاغات",95,Finance/cash_forecast_fin.php,"السيولة والتنبؤ النقدي",0,0,0,0,0,0,0,0,0,0,0,0,0,0,0,0,,no_grant
24,"إدارة البلاغات",96,Finance/management_accounting_fin.php,"المحاسبة الإدارية",0,0,0,0,0,0,0,0,0,0,0,0,0,0,0,0,,no_grant
24,"إدارة البلاغات",97,Finance/accountants_fin.php,"المحاسبون والوحدات",0,0,0,0,0,0,0,0,0,0,0,0,0,0,0,0,,no_grant
24,"إدارة البلاغات",98,Finance/import_events_fin.php,"استقبال معاملات الإدارات",0,0,0,0,0,0,0,0,0,0,0,0,0,0,0,0,,no_grant
24,"إدارة البلاغات",99,Finance/executive_dashboard_fin.php,"اللوحة التنفيذية",0,0,0,0,0,0,0,0,0,0,0,0,0,0,0,0,,no_grant
24,"إدارة البلاغات",100,Finance/financial_statements_fin.php,"القوائم المالية",0,0,0,0,0,0,0,0,0,0,0,0,0,0,0,0,,no_grant
24,"إدارة البلاغات",101,Finance/assets_fin.php,"الأصول والإهلاك",0,0,0,0,0,0,0,0,0,0,0,0,0,0,0,0,,no_grant
24,"إدارة البلاغات",102,Finance/tax_fin.php,"الضرائب والقيمة المضافة",0,0,0,0,0,0,0,0,0,0,0,0,0,0,0,0,,no_grant
24,"إدارة البلاغات",103,Finance/bank_reconciliation_fin.php,"المطابقة البنكية",0,0,0,0,0,0,0,0,0,0,0,0,0,0,0,0,,no_grant
24,"إدارة البلاغات",104,Finance/cfo_daily_board_fin.php,"لوحة المدير المالي",0,0,0,0,0,0,0,0,0,0,0,0,0,0,0,0,,no_grant
24,"إدارة البلاغات",105,Finance/unit_records_fin.php,"وحدات الأطراف",0,0,0,0,0,0,0,0,0,0,0,0,0,0,0,0,,no_grant
24,"إدارة البلاغات",106,Finance/supplier_statement_fin.php,"كشف حساب المورد",0,0,0,0,0,0,0,0,0,0,0,0,0,0,0,0,,no_grant
24,"إدارة البلاغات",107,main/project_users.php,المعاونين,0,0,0,0,0,0,0,0,0,0,0,0,0,0,0,0,,no_grant
24,"إدارة البلاغات",108,Transport/transfer_types_config.php,"إعدادات الترحيل",0,0,0,0,0,0,0,0,0,0,0,0,0,0,0,0,,no_grant
24,"إدارة البلاغات",109,Transport/transfer_cost_rules_config.php,"قواعد تحميل تكلفة الترحيل",0,0,0,0,0,0,0,0,0,0,0,0,0,0,0,0,,no_grant
24,"إدارة البلاغات",110,Transport/trs_locations_config.php,المواقع,0,0,0,0,0,0,0,0,0,0,0,0,0,0,0,0,,no_grant
24,"إدارة البلاغات",111,Transport/transfer_requests.php,"موافقات الترحيل",0,0,0,0,0,0,0,0,0,0,0,0,0,0,0,0,,no_grant
24,"إدارة البلاغات",112,Transport/transfer_orders_list.php,"أوامر الترحيل",0,0,0,0,0,0,0,0,0,0,0,0,0,0,0,0,,no_grant
24,"إدارة البلاغات",113,Transport/transfer_dashboard.php,"لوحة الرحلات",0,0,0,0,0,0,0,0,0,0,0,0,0,0,0,0,,no_grant
24,"إدارة البلاغات",114,FinRequests/request_form.php,"طلب مالي جديد",1,1,1,1,0,1,0,0,0,0,0,0,1,1,0,0,company,derived_from_4flags
24,"إدارة البلاغات",115,FinRequests/my_requests.php,"طلباتي المالية",1,1,1,0,0,0,0,0,0,0,0,0,1,1,0,0,company,derived_from_4flags
24,"إدارة البلاغات",116,FinRequests/dept_inbox.php,"موافقات إدارتي",1,1,1,0,0,0,0,0,0,0,0,0,1,1,0,0,company,derived_from_4flags
24,"إدارة البلاغات",117,FinRequests/accountant_desk.php,"مكتب المحاسب",0,0,0,0,0,0,0,0,0,0,0,0,0,0,0,0,,no_grant
24,"إدارة البلاغات",118,FinRequests/finance_gateway.php,"الطلبات المالية",0,0,0,0,0,0,0,0,0,0,0,0,0,0,0,0,,no_grant
24,"إدارة البلاغات",119,FinRequests/effect_map.php,"سجل الحركة المالية",0,0,0,0,0,0,0,0,0,0,0,0,0,0,0,0,,no_grant
24,"إدارة البلاغات",120,FinRequests/routing_admin.php,"قواعد توجيه الطلبات",0,0,0,0,0,0,0,0,0,0,0,0,0,0,0,0,,no_grant
24,"إدارة البلاغات",121,FinRequests/cycle_time_board.php,"زمن دورة الطلبات",0,0,0,0,0,0,0,0,0,0,0,0,0,0,0,0,,no_grant
24,"إدارة البلاغات",122,FinRequests/requests_reports.php,"تقارير الطلبات المالية",0,0,0,0,0,0,0,0,0,0,0,0,0,0,0,0,,no_grant
24,"إدارة البلاغات",123,Settings/role_permissions.php,"صلاحيات الأدوار",0,0,0,0,0,0,0,0,0,0,0,0,0,0,0,0,,no_grant
24,"إدارة البلاغات",124,Settings/roles.php,الأدوار,0,0,0,0,0,0,0,0,0,0,0,0,0,0,0,0,,no_grant
24,"إدارة البلاغات",125,Finance/variance_monitor_fin.php,"متابعة الانحراف",0,0,0,0,0,0,0,0,0,0,0,0,0,0,0,0,,no_grant
24,"إدارة البلاغات",126,Finance/maintenance_provision_fin.php,"قواعد مخصص الصيانة",0,0,0,0,0,0,0,0,0,0,0,0,0,0,0,0,,no_grant
24,"إدارة البلاغات",127,Clients/contract_commitments.php,"التزامات العقود",0,0,0,0,0,0,0,0,0,0,0,0,0,0,0,0,,no_grant
24,"إدارة البلاغات",128,Finance/operator_pay_fin.php,"قواعد مستحقات المشغّلين",0,0,0,0,0,0,0,0,0,0,0,0,0,0,0,0,,no_grant
24,"إدارة البلاغات",129,Clients/readiness_lines.php,"جاهزية العروض",0,0,0,0,0,0,0,0,0,0,0,0,0,0,0,0,,no_grant
24,"إدارة البلاغات",130,Tickets/ticket_types_config.php,"إعداد أنواع البلاغات",1,1,1,1,1,1,1,0,0,0,0,1,1,1,0,0,company,derived_from_4flags
24,"إدارة البلاغات",131,Tickets/ticket_categories_config.php,"تصنيفات الأعطال والبلاغات",1,1,1,1,1,1,1,0,0,0,0,1,1,1,0,0,company,derived_from_4flags
24,"إدارة البلاغات",132,Tickets/tickets_list.php,البلاغات,1,1,1,1,1,1,1,0,0,0,0,1,1,1,0,0,company,derived_from_4flags
24,"إدارة البلاغات",133,Tickets/ticket_form.php,"تسجيل بلاغ",1,1,1,1,1,1,1,0,0,0,0,1,1,1,0,0,company,derived_from_4flags
24,"إدارة البلاغات",134,Tickets/ticket_sla_config.php,"أزمنة الاستجابة والإنجاز",1,1,1,1,1,1,1,0,0,0,0,1,1,1,0,0,company,derived_from_4flags
24,"إدارة البلاغات",135,Tickets/ticket_escalation_config.php,"سلّم التصعيد",1,1,1,1,1,1,1,0,0,0,0,1,1,1,0,0,company,derived_from_4flags
24,"إدارة البلاغات",136,Tickets/ticket_recurrence.php,"البلاغات الدورية",1,1,1,1,1,1,1,0,0,0,0,1,1,1,0,0,company,derived_from_4flags
24,"إدارة البلاغات",137,Tickets/ticket_dashboard.php,"أداء البلاغات",1,1,1,0,0,0,0,0,0,0,0,0,1,1,0,0,company,derived_from_4flags
24,"إدارة البلاغات",138,Maintenance/dashboard_mnt.php,"لوحة إدارة الصيانة",0,0,0,0,0,0,0,0,0,0,0,0,0,0,0,0,,no_grant
24,"إدارة البلاغات",139,main/role_board.php,"لوحة الدور",1,1,1,0,0,0,0,0,0,0,0,0,1,1,0,0,company,derived_from_4flags
24,"إدارة البلاغات",140,Finance/operator_pay_policies_fin.php,"سياسات مستحقات المشغّلين",0,0,0,0,0,0,0,0,0,0,0,0,0,0,0,0,,no_grant
24,"إدارة البلاغات",141,Equipments/equipment_documents.php,"وثائق المعدات والمشغّلين",0,0,0,0,0,0,0,0,0,0,0,0,0,0,0,0,,no_grant
24,"إدارة البلاغات",142,Contracts/claims.php,المستخلصات,0,0,0,0,0,0,0,0,0,0,0,0,0,0,0,0,,no_grant
24,"إدارة البلاغات",143,Finance/currencies_fin.php,"العملات وأسعار الصرف",0,0,0,0,0,0,0,0,0,0,0,0,0,0,0,0,,no_grant
24,"إدارة البلاغات",144,Suppliers/settlements.php,"تسويات الموردين",0,0,0,0,0,0,0,0,0,0,0,0,0,0,0,0,,no_grant
24,"إدارة البلاغات",145,Contracts/contract_obligations.php,"مصفوفة التزامات العقد",0,0,0,0,0,0,0,0,0,0,0,0,0,0,0,0,,no_grant
24,"إدارة البلاغات",146,Approvals/attribution_board.php,"لوحة الإسناد اليومي",0,0,0,0,0,0,0,0,0,0,0,0,0,0,0,0,,no_grant
24,"إدارة البلاغات",147,Contracts/penalties.php,"احتساب الجزاءات والحوافز",0,0,0,0,0,0,0,0,0,0,0,0,0,0,0,0,,no_grant
24,"إدارة البلاغات",148,Workforce/employee_settlements.php,"تسويات الموظفين",0,0,0,0,0,0,0,0,0,0,0,0,0,0,0,0,,no_grant
24,"إدارة البلاغات",149,Operations/containers.php,"حاويات العقود",0,0,0,0,0,0,0,0,0,0,0,0,0,0,0,0,,no_grant
24,"إدارة البلاغات",150,Projects/sites.php,"مواقع التنفيذ",0,0,0,0,0,0,0,0,0,0,0,0,0,0,0,0,,no_grant
24,"إدارة البلاغات",151,Workforce/contract_registry.php,"سجل العقود الموحّد",0,0,0,0,0,0,0,0,0,0,0,0,0,0,0,0,,no_grant
24,"إدارة البلاغات",152,Operations/daily_plan.php,"خطة عمل الغد",0,0,0,0,0,0,0,0,0,0,0,0,0,0,0,0,,no_grant
24,"إدارة البلاغات",153,Suppliers/supplier_contract_lines.php,"بنود عقد المورد",0,0,0,0,0,0,0,0,0,0,0,0,0,0,0,0,,no_grant
24,"إدارة البلاغات",154,Contracts/price_terms.php,"شروط تعديل السعر",0,0,0,0,0,0,0,0,0,0,0,0,0,0,0,0,,no_grant
24,"إدارة البلاغات",155,Equipments/meter_readings.php,"قراءات العدّادات",0,0,0,0,0,0,0,0,0,0,0,0,0,0,0,0,,no_grant
24,"إدارة البلاغات",156,Workforce/payroll_runs.php,"مسيّر الرواتب",0,0,0,0,0,0,0,0,0,0,0,0,0,0,0,0,,no_grant
24,"إدارة البلاغات",157,Workforce/employee_advances.php,"سلفيات الموظفين",0,0,0,0,0,0,0,0,0,0,0,0,0,0,0,0,,no_grant
24,"إدارة البلاغات",158,Suppliers/supplier_advances.php,"سلفيات الموردين",0,0,0,0,0,0,0,0,0,0,0,0,0,0,0,0,,no_grant
24,"إدارة البلاغات",159,Suppliers/supplier_rules.php,"قواعد تحميل المورد وجزاءاته",0,0,0,0,0,0,0,0,0,0,0,0,0,0,0,0,,no_grant
24,"إدارة البلاغات",160,Suppliers/supplier_capacity.php,"الطاقة والجاهزية ومهلة الإحلال",0,0,0,0,0,0,0,0,0,0,0,0,0,0,0,0,,no_grant
24,"إدارة البلاغات",161,Suppliers/supplier_evaluation.php,"تقييم المورد الدوري",0,0,0,0,0,0,0,0,0,0,0,0,0,0,0,0,,no_grant
24,"إدارة البلاغات",162,Suppliers/supplier_closure.php,"تصفية إنهاء عقد المورد",0,0,0,0,0,0,0,0,0,0,0,0,0,0,0,0,,no_grant
24,"إدارة البلاغات",163,Suppliers/supplier_documents.php,"وثائق المورد وحسابه البنكي",0,0,0,0,0,0,0,0,0,0,0,0,0,0,0,0,,no_grant
24,"إدارة البلاغات",164,Contracts/tax_invoices.php,"الفاتورة الضريبية",0,0,0,0,0,0,0,0,0,0,0,0,0,0,0,0,,no_grant
24,"إدارة البلاغات",165,Contracts/client_statement.php,"كشف حساب العميل",0,0,0,0,0,0,0,0,0,0,0,0,0,0,0,0,,no_grant
24,"إدارة البلاغات",166,Contracts/collections.php,"الذمم والتحصيل",0,0,0,0,0,0,0,0,0,0,0,0,0,0,0,0,,no_grant
24,"إدارة البلاغات",167,Workforce/final_settlement.php,"تصفية إنهاء خدمة الموظف",0,0,0,0,0,0,0,0,0,0,0,0,0,0,0,0,,no_grant
24,"إدارة البلاغات",168,Transport/transfer_tariffs.php,"تعرفة الترحيل وتسعير الأوامر",0,0,0,0,0,0,0,0,0,0,0,0,0,0,0,0,,no_grant
24,"إدارة البلاغات",169,Finance/periodic_events_fin.php,"الدوريات المالية",0,0,0,0,0,0,0,0,0,0,0,0,0,0,0,0,,no_grant
24,"إدارة البلاغات",171,Suppliers/rfq_requests.php,"طلبات عروض الموردين",0,0,0,0,0,0,0,0,0,0,0,0,0,0,0,0,,no_grant
24,"إدارة البلاغات",172,Contracts/contract_sites.php,"نطاقات العقد التشغيلية",0,0,0,0,0,0,0,0,0,0,0,0,0,0,0,0,,no_grant
24,"إدارة البلاغات",173,Contracts/contract_lines.php,"بنود عقد العميل وقيمته",0,0,0,0,0,0,0,0,0,0,0,0,0,0,0,0,,no_grant
24,"إدارة البلاغات",174,Contracts/contract_monthly_plan.php,"الجدول الشهري للعقد",0,0,0,0,0,0,0,0,0,0,0,0,0,0,0,0,,no_grant
24,"إدارة البلاغات",175,Contracts/contract_resource_plan.php,"خطة موارد العقد",0,0,0,0,0,0,0,0,0,0,0,0,0,0,0,0,,no_grant
24,"إدارة البلاغات",176,Contracts/contract_payment_schedule.php,"خطة دفع العقد",0,0,0,0,0,0,0,0,0,0,0,0,0,0,0,0,,no_grant
24,"إدارة البلاغات",177,Contracts/contract_guarantees.php,"ضمانات العقد",0,0,0,0,0,0,0,0,0,0,0,0,0,0,0,0,,no_grant
24,"إدارة البلاغات",178,Contracts/plan_actual_link.php,"ربط الخطة بالفعلي",0,0,0,0,0,0,0,0,0,0,0,0,0,0,0,0,,no_grant
24,"إدارة البلاغات",179,Contracts/contract_baseline.php,"خط أساس العقد",0,0,0,0,0,0,0,0,0,0,0,0,0,0,0,0,,no_grant
24,"إدارة البلاغات",180,Contracts/contract_lifecycle.php,"اقتصاد دورة حياة العقد",0,0,0,0,0,0,0,0,0,0,0,0,0,0,0,0,,no_grant
24,"إدارة البلاغات",181,Contracts/commercial_board.php,"اللوحة التجارية للعقود",0,0,0,0,0,0,0,0,0,0,0,0,0,0,0,0,,no_grant
24,"إدارة البلاغات",182,user_capacities.php,"صفاتي ومبدّل المساحة",1,1,1,0,0,0,0,0,0,0,0,0,1,1,0,0,company,derived_from_4flags
24,"إدارة البلاغات",183,Portal/visibility_keys.php,"مفاتيح الظهور",0,0,0,0,0,0,0,0,0,0,0,0,0,0,0,0,,no_grant
24,"إدارة البلاغات",184,Portal/portal_elements.php,"مكوّنات البوابة",0,0,0,0,0,0,0,0,0,0,0,0,0,0,0,0,,no_grant
24,"إدارة البلاغات",185,Portal/visibility_simulator.php,"من يرى ماذا (محاكاة)",0,0,0,0,0,0,0,0,0,0,0,0,0,0,0,0,,no_grant
24,"إدارة البلاغات",186,Portal/visibility_audit.php,"سجل تدقيق الظهور",0,0,0,0,0,0,0,0,0,0,0,0,0,0,0,0,,no_grant
24,"إدارة البلاغات",187,Portal/my_portal.php,بوابتي,1,1,1,0,0,0,0,0,0,0,0,0,1,1,0,0,company,derived_from_4flags
24,"إدارة البلاغات",188,Portal/my_achievement.php,إنجازي,1,1,1,0,0,0,0,0,0,0,0,0,1,1,0,0,company,derived_from_4flags
24,"إدارة البلاغات",189,Portal/my_evaluation.php,"التقييم الثنائي",1,1,1,1,0,1,0,0,0,0,0,0,1,1,0,0,company,derived_from_4flags
24,"إدارة البلاغات",190,Portal/my_certificate.php,"شهادة الإنجاز",1,1,1,0,0,0,0,0,0,0,0,0,1,1,0,0,company,derived_from_4flags
24,"إدارة البلاغات",191,Portal/workspace.php,"مساحة العمل",1,1,1,0,0,0,0,0,0,0,0,0,1,1,0,0,company,derived_from_4flags
24,"إدارة البلاغات",192,Finance/approvals_inbox.php,"صندوق الاعتمادات الموحد",0,0,0,0,0,0,0,0,0,0,0,0,0,0,0,0,,no_grant
24,"إدارة البلاغات",193,Operations/operations_room.php,"غرفة عمليات التشغيل",0,0,0,0,0,0,0,0,0,0,0,0,0,0,0,0,,no_grant
24,"إدارة البلاغات",194,Operations/distribution_space.php,"مساحة التوزيع",0,0,0,0,0,0,0,0,0,0,0,0,0,0,0,0,,no_grant
24,"إدارة البلاغات",195,Reports/daily_units_report.php,"سجل الوحدات اليومية",0,0,0,0,0,0,0,0,0,0,0,0,0,0,0,0,,no_grant
24,"إدارة البلاغات",196,Fleet/readiness_board.php,"لوحة الجاهزية",0,0,0,0,0,0,0,0,0,0,0,0,0,0,0,0,,no_grant
24,"إدارة البلاغات",197,Maintenance/failure_report.php,"تقرير الأعطال (التصنيف الموحد)",1,1,1,0,0,0,0,0,0,0,0,0,1,1,0,0,company,derived_from_4flags
24,"إدارة البلاغات",198,Procurement/supplier_card_proc.php,"بطاقة مورد المشتريات",0,0,0,0,0,0,0,0,0,0,0,0,0,0,0,0,,no_grant
24,"إدارة البلاغات",199,Procurement/warehouse_board.php,"لوحة أمين المستودع",0,0,0,0,0,0,0,0,0,0,0,0,0,0,0,0,,no_grant
24,"إدارة البلاغات",200,Contracts/contract_card.php,"بطاقة العقد الأم",0,0,0,0,0,0,0,0,0,0,0,0,0,0,0,0,,no_grant
24,"إدارة البلاغات",201,Employees/employee_card.php,"بطاقة الموظف",0,0,0,0,0,0,0,0,0,0,0,0,0,0,0,0,,no_grant
24,"إدارة البلاغات",202,Reports/margin_report.php,"هامش الواقعة والعقد",0,0,0,0,0,0,0,0,0,0,0,0,0,0,0,0,,no_grant
24,"إدارة البلاغات",203,Reports/exceptions_report.php,"تقرير الاستثناءات",0,0,0,0,0,0,0,0,0,0,0,0,0,0,0,0,,no_grant
24,"إدارة البلاغات",204,Reports/guard_denials_report.php,"تقرير المنع",0,0,0,0,0,0,0,0,0,0,0,0,0,0,0,0,,no_grant
24,"إدارة البلاغات",205,Settings/guard_classification.php,"تصنيف الحمايات",0,0,0,0,0,0,0,0,0,0,0,0,0,0,0,0,,no_grant
24,"إدارة البلاغات",206,Governance/entities_registry.php,"سجل الكيانات",0,0,0,0,0,0,0,0,0,0,0,0,0,0,0,0,,no_grant
24,"إدارة البلاغات",207,Governance/signing_authority.php,"التفويض بالتوقيع",0,0,0,0,0,0,0,0,0,0,0,0,0,0,0,0,,no_grant
24,"إدارة البلاغات",208,Governance/licenses_guarantees.php,"التراخيص والكفالات",0,0,0,0,0,0,0,0,0,0,0,0,0,0,0,0,,no_grant
24,"إدارة البلاغات",209,Governance/activation_patterns.php,"أنماط التفعيل",0,0,0,0,0,0,0,0,0,0,0,0,0,0,0,0,,no_grant
24,"إدارة البلاغات",210,Financing/financiers_registry.php,"سجل الممولين",0,0,0,0,0,0,0,0,0,0,0,0,0,0,0,0,,no_grant
24,"إدارة البلاغات",211,Financing/financing_operation_new.php,"إنشاء عملية تمويل",0,0,0,0,0,0,0,0,0,0,0,0,0,0,0,0,,no_grant
24,"إدارة البلاغات",212,Reports/approval_lag_report.php,"الاعتمادات المتأخرة والوثائق",0,0,0,0,0,0,0,0,0,0,0,0,0,0,0,0,,no_grant
24,"إدارة البلاغات",213,Governance/ownership_grants.php,"منح المجال المقيَّد",0,0,0,0,0,0,0,0,0,0,0,0,0,0,0,0,,no_grant
24,"إدارة البلاغات",214,Financing/financing_board.php,"لوحة إدارة التمويل",0,0,0,0,0,0,0,0,0,0,0,0,0,0,0,0,,no_grant
24,"إدارة البلاغات",215,admin/ops_manager_board.php,"لوحة مدير التشغيل",0,0,0,0,0,0,0,0,0,0,0,0,0,0,0,0,,no_grant
24,"إدارة البلاغات",216,admin/org_assignments.php,"التكليفات التنظيمية",0,0,0,0,0,0,0,0,0,0,0,0,0,0,0,0,,no_grant
24,"إدارة البلاغات",217,admin/org_structure.php,"الهيكل التنظيمي",0,0,0,0,0,0,0,0,0,0,0,0,0,0,0,0,,no_grant
24,"إدارة البلاغات",218,admin/org_permits.php,"أذونات المواقع",0,0,0,0,0,0,0,0,0,0,0,0,0,0,0,0,,no_grant
24,"إدارة البلاغات",222,admin/sec_governance.php,"مركز حوكمة الصلاحيات",0,0,0,0,0,0,0,0,0,0,0,0,0,0,0,0,,no_grant
24,"إدارة البلاغات",223,admin/sec_employee_wizard.php,"معالج إعداد الموظف",0,0,0,0,0,0,0,0,0,0,0,0,0,0,0,0,,no_grant
24,"إدارة البلاغات",225,Tickets/ticket_workstreams_board.php,"لوحة مسارات البلاغات",1,1,1,1,1,1,1,0,0,0,0,0,1,1,0,0,company,derived_from_4flags
24,"إدارة البلاغات",226,Tickets/watchtower.php,"برج المراقبة",1,1,1,1,1,1,1,0,0,0,0,0,1,1,0,0,company,derived_from_4flags
24,"إدارة البلاغات",227,Tickets/ticket_contextual_open.php,"بلاغ سياقي جديد",1,1,1,1,1,1,1,0,0,0,0,0,1,1,0,0,company,derived_from_4flags
24,"إدارة البلاغات",228,main/my_workspace.php,"مساحة عملي",1,1,1,0,0,0,0,0,0,0,0,0,1,1,0,0,company,derived_from_4flags
25,"أمين المستودع",1,Clients/clients.php,العملاء,0,0,0,0,0,0,0,0,0,0,0,0,0,0,0,0,,no_grant
25,"أمين المستودع",2,Projects/projects.php,المشاريع,0,0,0,0,0,0,0,0,0,0,0,0,0,0,0,0,,no_grant
25,"أمين المستودع",3,main/users.php,الصلاحيات,0,0,0,0,0,0,0,0,0,0,0,0,0,0,0,0,,no_grant
25,"أمين المستودع",4,Reports/reports.php,"مركز التقارير",0,0,0,0,0,0,0,0,0,0,0,0,0,0,0,0,,no_grant
25,"أمين المستودع",5,Equipments/equipments_types.php,"أنواع المعدات",0,0,0,0,0,0,0,0,0,0,0,0,0,0,0,0,,no_grant
25,"أمين المستودع",6,Reports/reports.php,"مركز التقارير",0,0,0,0,0,0,0,0,0,0,0,0,0,0,0,0,,no_grant
25,"أمين المستودع",7,Employees/employees.php,الموظفون,0,0,0,0,0,0,0,0,0,0,0,0,0,0,0,0,,no_grant
25,"أمين المستودع",8,Equipments/equipments_fleet.php,المعدات,0,0,0,0,0,0,0,0,0,0,0,0,0,0,0,0,,no_grant
25,"أمين المستودع",9,Oprators/oprators.php,"شاشة التشغيل",0,0,0,0,0,0,0,0,0,0,0,0,0,0,0,0,,no_grant
25,"أمين المستودع",10,Timesheet/timesheet_type.php,"تسجيل الوحدات",0,0,0,0,0,0,0,0,0,0,0,0,0,0,0,0,,no_grant
25,"أمين المستودع",11,Settings/settings.php,الإعدادات,0,0,0,0,0,0,0,0,0,0,0,0,0,0,0,0,,no_grant
25,"أمين المستودع",12,ActivityLogs/activity_logs.php,"سجل النشاط",0,0,0,0,0,0,0,0,0,0,0,0,0,0,0,0,,no_grant
25,"أمين المستودع",14,main/project_users.php,"مشرفو الموردين",0,0,0,0,0,0,0,0,0,0,0,0,0,0,0,0,,no_grant
25,"أمين المستودع",15,main/project_users.php,المشرفين,0,0,0,0,0,0,0,0,0,0,0,0,0,0,0,0,,no_grant
25,"أمين المستودع",16,main/project_users.php,المشرفين,0,0,0,0,0,0,0,0,0,0,0,0,0,0,0,0,,no_grant
25,"أمين المستودع",17,main/project_users.php,"إدارة المعاونين",0,0,0,0,0,0,0,0,0,0,0,0,0,0,0,0,,no_grant
25,"أمين المستودع",18,main/project_users.php,المشرفين,0,0,0,0,0,0,0,0,0,0,0,0,0,0,0,0,,no_grant
25,"أمين المستودع",20,Contracts/contracts.php,العقود,0,0,0,0,0,0,0,0,0,0,0,0,0,0,0,0,,no_grant
25,"أمين المستودع",21,Contracts/contracts_details.php,"ملف عقد المشروع",0,0,0,0,0,0,0,0,0,0,0,0,0,0,0,0,,no_grant
25,"أمين المستودع",22,Suppliers/suppliers.php,الموردون,0,0,0,0,0,0,0,0,0,0,0,0,0,0,0,0,,no_grant
25,"أمين المستودع",23,Oprators/select_project.php,التشغيل,0,0,0,0,0,0,0,0,0,0,0,0,0,0,0,0,,no_grant
25,"أمين المستودع",24,Settings/settings.php,الإعدادات,0,0,0,0,0,0,0,0,0,0,0,0,0,0,0,0,,no_grant
25,"أمين المستودع",25,Suppliers/supplierscontracts.php,"عقود الموردين",0,0,0,0,0,0,0,0,0,0,0,0,0,0,0,0,,no_grant
25,"أمين المستودع",26,Suppliers/supplierscontracts_details.php,"ملف عقد المورد",0,0,0,0,0,0,0,0,0,0,0,0,0,0,0,0,,no_grant
25,"أمين المستودع",27,Equipments/equipments_drivers.php,المعدات,0,0,0,0,0,0,0,0,0,0,0,0,0,0,0,0,,no_grant
25,"أمين المستودع",28,Reports/reports.php,"مركز التقارير",0,0,0,0,0,0,0,0,0,0,0,0,0,0,0,0,,no_grant
25,"أمين المستودع",29,movement/project_drivers.php,"توزيع المشغّلين",0,0,0,0,0,0,0,0,0,0,0,0,0,0,0,0,,no_grant
25,"أمين المستودع",30,movement/movement_operations.php,الورديات,0,0,0,0,0,0,0,0,0,0,0,0,0,0,0,0,,no_grant
25,"أمين المستودع",31,Reports/reports.php,"مركز التقارير",0,0,0,0,0,0,0,0,0,0,0,0,0,0,0,0,,no_grant
25,"أمين المستودع",32,Reports/reports.php,"مركز التقارير",0,0,0,0,0,0,0,0,0,0,0,0,0,0,0,0,,no_grant
25,"أمين المستودع",34,movement/map_page.php,"متابعة المشروع",0,0,0,0,0,0,0,0,0,0,0,0,0,0,0,0,,no_grant
25,"أمين المستودع",35,Clients/clients.php,العملاء,0,0,0,0,0,0,0,0,0,0,0,0,0,0,0,0,,no_grant
25,"أمين المستودع",36,Projects/projects.php,المشاريع,0,0,0,0,0,0,0,0,0,0,0,0,0,0,0,0,,no_grant
25,"أمين المستودع",37,Contracts/contracts.php,العقود,0,0,0,0,0,0,0,0,0,0,0,0,0,0,0,0,,no_grant
25,"أمين المستودع",38,Equipments/manage_failure_codes.php,"تصنيفات الأعطال",0,0,0,0,0,0,0,0,0,0,0,0,0,0,0,0,,no_grant
25,"أمين المستودع",40,Equipments/fleet_models.php,"الأنواع والموديلات",0,0,0,0,0,0,0,0,0,0,0,0,0,0,0,0,,no_grant
25,"أمين المستودع",41,Equipments/fleet_depreciation_profiles.php,"إعداد الإهلاك",0,0,0,0,0,0,0,0,0,0,0,0,0,0,0,0,,no_grant
25,"أمين المستودع",42,Maintenance/breakdowns.php,"البلاغات (غير مفعّلة)",0,0,0,0,0,0,0,0,0,0,0,0,0,0,0,0,,no_grant
25,"أمين المستودع",43,Maintenance/orders.php,"أوامر الصيانة",0,0,0,0,0,0,0,0,0,0,0,0,0,0,0,0,,no_grant
25,"أمين المستودع",44,Maintenance/inspections.php,"الفحص الفني اليومي",0,0,0,0,0,0,0,0,0,0,0,0,0,0,0,0,,no_grant
25,"أمين المستودع",45,Maintenance/preventive_plans.php,"الصيانة الوقائية",0,0,0,0,0,0,0,0,0,0,0,0,0,0,0,0,,no_grant
25,"أمين المستودع",46,Maintenance/master_data.php,"إعدادات الصيانة",0,0,0,0,0,0,0,0,0,0,0,0,0,0,0,0,,no_grant
25,"أمين المستودع",47,Workforce/worker_register.php,"السجل التشغيلي للعامل",0,0,0,0,0,0,0,0,0,0,0,0,0,0,0,0,,no_grant
25,"أمين المستودع",48,Workforce/worker_contract.php,"عقود العاملين",0,0,0,0,0,0,0,0,0,0,0,0,0,0,0,0,,no_grant
25,"أمين المستودع",50,Workforce/worker_leave_absence.php,"الإجازات والغياب",0,0,0,0,0,0,0,0,0,0,0,0,0,0,0,0,,no_grant
25,"أمين المستودع",51,Workforce/worker_movement.php,"تنقلات العاملين",0,0,0,0,0,0,0,0,0,0,0,0,0,0,0,0,,no_grant
25,"أمين المستودع",52,Workforce/housing_units.php,"السكن والإعاشة",0,0,0,0,0,0,0,0,0,0,0,0,0,0,0,0,,no_grant
25,"أمين المستودع",53,Workforce/worker_evaluation.php,"تقييم الأداء",0,0,0,0,0,0,0,0,0,0,0,0,0,0,0,0,,no_grant
25,"أمين المستودع",54,Workforce/worker_settlement.php,"تسويات العاملين",0,0,0,0,0,0,0,0,0,0,0,0,0,0,0,0,,no_grant
25,"أمين المستودع",55,Workforce/workforce_requirement.php,"احتياج القوى والتخطيط",0,0,0,0,0,0,0,0,0,0,0,0,0,0,0,0,,no_grant
25,"أمين المستودع",56,Workforce/worker_worklog.php,"سجل الأحداث التشغيلية",0,0,0,0,0,0,0,0,0,0,0,0,0,0,0,0,,no_grant
25,"أمين المستودع",57,Employees/job_titles.php,"المسميات الوظيفية",0,0,0,0,0,0,0,0,0,0,0,0,0,0,0,0,,no_grant
25,"أمين المستودع",58,Employees/employee_roles.php,"الأدوار الوظيفية",0,0,0,0,0,0,0,0,0,0,0,0,0,0,0,0,,no_grant
25,"أمين المستودع",59,Employees/equipment_operators.php,"المشغّلون والسائقون",0,0,0,0,0,0,0,0,0,0,0,0,0,0,0,0,,no_grant
25,"أمين المستودع",60,main/users.php,"إدارة المستخدمين",0,0,0,0,0,0,0,0,0,0,0,0,0,0,0,0,,no_grant
25,"أمين المستودع",61,main/all_assistants.php,المعاونون,0,0,0,0,0,0,0,0,0,0,0,0,0,0,0,0,,no_grant
25,"أمين المستودع",62,Employees/employee_contracts.php,"عقود الموظفين",0,0,0,0,0,0,0,0,0,0,0,0,0,0,0,0,,no_grant
25,"أمين المستودع",63,Employees/employee_contracts_details.php,"ملف عقد الموظف",0,0,0,0,0,0,0,0,0,0,0,0,0,0,0,0,,no_grant
25,"أمين المستودع",64,Employees/employee_profile.php,"بطاقة الموظف",0,0,0,0,0,0,0,0,0,0,0,0,0,0,0,0,,no_grant
25,"أمين المستودع",65,Employees/showcontractemployee.php,"عرض عقد الموظف",0,0,0,0,0,0,0,0,0,0,0,0,0,0,0,0,,no_grant
25,"أمين المستودع",66,Opportunities/opportunities.php,"الفرص البيعية",0,0,0,0,0,0,0,0,0,0,0,0,0,0,0,0,,no_grant
25,"أمين المستودع",67,Procurement/dashboard_proc.php,"لوحة المشتريات",0,0,0,0,0,0,0,0,0,0,0,0,0,0,0,0,,no_grant
25,"أمين المستودع",68,Procurement/items_proc.php,"كتالوج الأصناف",1,1,1,1,1,1,1,0,0,0,0,0,1,1,0,0,company,derived_from_4flags
25,"أمين المستودع",69,Procurement/requests_proc.php,"طلبات الشراء",0,0,0,0,0,0,0,0,0,0,0,0,0,0,0,0,,no_grant
25,"أمين المستودع",70,Procurement/orders_proc.php,"أوامر الشراء",0,0,0,0,0,0,0,0,0,0,0,0,0,0,0,0,,no_grant
25,"أمين المستودع",71,Procurement/receipt_custody_proc.php,"الاستلام المؤقت",1,1,1,1,1,1,1,0,0,0,0,0,1,1,0,0,company,derived_from_4flags
25,"أمين المستودع",72,Procurement/stock_proc.php,المخزون,1,1,1,1,1,1,1,0,0,0,0,0,1,1,0,0,company,derived_from_4flags
25,"أمين المستودع",73,Procurement/issue_proc.php,"صرف المخزون والعهدة",1,1,1,1,1,1,1,0,0,0,0,0,1,1,0,0,company,derived_from_4flags
25,"أمين المستودع",74,Procurement/reordering_proc.php,"حدود إعادة الطلب",1,1,1,1,1,1,1,0,0,0,0,0,1,1,0,0,company,derived_from_4flags
25,"أمين المستودع",75,Procurement/suppliers_proc.php,"موردو المشتريات",0,0,0,0,0,0,0,0,0,0,0,0,0,0,0,0,,no_grant
25,"أمين المستودع",76,Procurement/master_data_proc.php,"البيانات المرجعية",0,0,0,0,0,0,0,0,0,0,0,0,0,0,0,0,,no_grant
25,"أمين المستودع",77,Clients/activities.php,"أنشطة العملاء",0,0,0,0,0,0,0,0,0,0,0,0,0,0,0,0,,no_grant
25,"أمين المستودع",78,Clients/commercial_risks.php,"المخاطر التجارية",0,0,0,0,0,0,0,0,0,0,0,0,0,0,0,0,,no_grant
25,"أمين المستودع",79,Clients/tenders.php,المناقصات,0,0,0,0,0,0,0,0,0,0,0,0,0,0,0,0,,no_grant
25,"أمين المستودع",80,Clients/quotations.php,"عروض الأسعار",0,0,0,0,0,0,0,0,0,0,0,0,0,0,0,0,,no_grant
25,"أمين المستودع",81,Clients/pricelists.php,"قوائم ونماذج التسعير",0,0,0,0,0,0,0,0,0,0,0,0,0,0,0,0,,no_grant
25,"أمين المستودع",82,Clients/products.php,"كتالوج المنتجات والخدمات",0,0,0,0,0,0,0,0,0,0,0,0,0,0,0,0,,no_grant
25,"أمين المستودع",83,Clients/units_of_measure.php,"وحدات القياس",0,0,0,0,0,0,0,0,0,0,0,0,0,0,0,0,,no_grant
25,"أمين المستودع",84,Clients/contract_amendments.php,"ملاحق العقود وتجديداتها",0,0,0,0,0,0,0,0,0,0,0,0,0,0,0,0,,no_grant
25,"أمين المستودع",85,Clients/contract_events.php,"سجل حركة العقد",0,0,0,0,0,0,0,0,0,0,0,0,0,0,0,0,,no_grant
25,"أمين المستودع",86,Finance/events_list_fin.php,"المعاملات المالية",0,0,0,0,0,0,0,0,0,0,0,0,0,0,0,0,,no_grant
25,"أمين المستودع",87,Finance/accounts_fin.php,"دليل الحسابات",0,0,0,0,0,0,0,0,0,0,0,0,0,0,0,0,,no_grant
25,"أمين المستودع",88,Finance/journal_form_fin.php,"القيود اليومية",0,0,0,0,0,0,0,0,0,0,0,0,0,0,0,0,,no_grant
25,"أمين المستودع",89,Finance/budget_form_fin.php,"الميزانية والانحراف",0,0,0,0,0,0,0,0,0,0,0,0,0,0,0,0,,no_grant
25,"أمين المستودع",90,Finance/dues_fin.php,"الذمم والتحصيل",0,0,0,0,0,0,0,0,0,0,0,0,0,0,0,0,,no_grant
25,"أمين المستودع",91,Finance/payments_fin.php,"المدفوعات والخزينة",0,0,0,0,0,0,0,0,0,0,0,0,0,0,0,0,,no_grant
25,"أمين المستودع",92,Finance/cost_report_fin.php,"التكاليف والربحية",0,0,0,0,0,0,0,0,0,0,0,0,0,0,0,0,,no_grant
25,"أمين المستودع",93,Finance/periods_fin.php,"إقفال الفترات",0,0,0,0,0,0,0,0,0,0,0,0,0,0,0,0,,no_grant
25,"أمين المستودع",94,Finance/funding_fin.php,"التمويل والالتزامات",0,0,0,0,0,0,0,0,0,0,0,0,0,0,0,0,,no_grant
25,"أمين المستودع",95,Finance/cash_forecast_fin.php,"السيولة والتنبؤ النقدي",0,0,0,0,0,0,0,0,0,0,0,0,0,0,0,0,,no_grant
25,"أمين المستودع",96,Finance/management_accounting_fin.php,"المحاسبة الإدارية",0,0,0,0,0,0,0,0,0,0,0,0,0,0,0,0,,no_grant
25,"أمين المستودع",97,Finance/accountants_fin.php,"المحاسبون والوحدات",0,0,0,0,0,0,0,0,0,0,0,0,0,0,0,0,,no_grant
25,"أمين المستودع",98,Finance/import_events_fin.php,"استقبال معاملات الإدارات",0,0,0,0,0,0,0,0,0,0,0,0,0,0,0,0,,no_grant
25,"أمين المستودع",99,Finance/executive_dashboard_fin.php,"اللوحة التنفيذية",0,0,0,0,0,0,0,0,0,0,0,0,0,0,0,0,,no_grant
25,"أمين المستودع",100,Finance/financial_statements_fin.php,"القوائم المالية",0,0,0,0,0,0,0,0,0,0,0,0,0,0,0,0,,no_grant
25,"أمين المستودع",101,Finance/assets_fin.php,"الأصول والإهلاك",0,0,0,0,0,0,0,0,0,0,0,0,0,0,0,0,,no_grant
25,"أمين المستودع",102,Finance/tax_fin.php,"الضرائب والقيمة المضافة",0,0,0,0,0,0,0,0,0,0,0,0,0,0,0,0,,no_grant
25,"أمين المستودع",103,Finance/bank_reconciliation_fin.php,"المطابقة البنكية",0,0,0,0,0,0,0,0,0,0,0,0,0,0,0,0,,no_grant
25,"أمين المستودع",104,Finance/cfo_daily_board_fin.php,"لوحة المدير المالي",0,0,0,0,0,0,0,0,0,0,0,0,0,0,0,0,,no_grant
25,"أمين المستودع",105,Finance/unit_records_fin.php,"وحدات الأطراف",0,0,0,0,0,0,0,0,0,0,0,0,0,0,0,0,,no_grant
25,"أمين المستودع",106,Finance/supplier_statement_fin.php,"كشف حساب المورد",0,0,0,0,0,0,0,0,0,0,0,0,0,0,0,0,,no_grant
25,"أمين المستودع",107,main/project_users.php,المعاونين,0,0,0,0,0,0,0,0,0,0,0,0,0,0,0,0,,no_grant
25,"أمين المستودع",108,Transport/transfer_types_config.php,"إعدادات الترحيل",0,0,0,0,0,0,0,0,0,0,0,0,0,0,0,0,,no_grant
25,"أمين المستودع",109,Transport/transfer_cost_rules_config.php,"قواعد تحميل تكلفة الترحيل",0,0,0,0,0,0,0,0,0,0,0,0,0,0,0,0,,no_grant
25,"أمين المستودع",110,Transport/trs_locations_config.php,المواقع,0,0,0,0,0,0,0,0,0,0,0,0,0,0,0,0,,no_grant
25,"أمين المستودع",111,Transport/transfer_requests.php,"موافقات الترحيل",0,0,0,0,0,0,0,0,0,0,0,0,0,0,0,0,,no_grant
25,"أمين المستودع",112,Transport/transfer_orders_list.php,"أوامر الترحيل",0,0,0,0,0,0,0,0,0,0,0,0,0,0,0,0,,no_grant
25,"أمين المستودع",113,Transport/transfer_dashboard.php,"لوحة الرحلات",0,0,0,0,0,0,0,0,0,0,0,0,0,0,0,0,,no_grant
25,"أمين المستودع",114,FinRequests/request_form.php,"طلب مالي جديد",0,0,0,0,0,0,0,0,0,0,0,0,0,0,0,0,,no_grant
25,"أمين المستودع",115,FinRequests/my_requests.php,"طلباتي المالية",0,0,0,0,0,0,0,0,0,0,0,0,0,0,0,0,,no_grant
25,"أمين المستودع",116,FinRequests/dept_inbox.php,"موافقات إدارتي",0,0,0,0,0,0,0,0,0,0,0,0,0,0,0,0,,no_grant
25,"أمين المستودع",117,FinRequests/accountant_desk.php,"مكتب المحاسب",0,0,0,0,0,0,0,0,0,0,0,0,0,0,0,0,,no_grant
25,"أمين المستودع",118,FinRequests/finance_gateway.php,"الطلبات المالية",0,0,0,0,0,0,0,0,0,0,0,0,0,0,0,0,,no_grant
25,"أمين المستودع",119,FinRequests/effect_map.php,"سجل الحركة المالية",0,0,0,0,0,0,0,0,0,0,0,0,0,0,0,0,,no_grant
25,"أمين المستودع",120,FinRequests/routing_admin.php,"قواعد توجيه الطلبات",0,0,0,0,0,0,0,0,0,0,0,0,0,0,0,0,,no_grant
25,"أمين المستودع",121,FinRequests/cycle_time_board.php,"زمن دورة الطلبات",0,0,0,0,0,0,0,0,0,0,0,0,0,0,0,0,,no_grant
25,"أمين المستودع",122,FinRequests/requests_reports.php,"تقارير الطلبات المالية",0,0,0,0,0,0,0,0,0,0,0,0,0,0,0,0,,no_grant
25,"أمين المستودع",123,Settings/role_permissions.php,"صلاحيات الأدوار",0,0,0,0,0,0,0,0,0,0,0,0,0,0,0,0,,no_grant
25,"أمين المستودع",124,Settings/roles.php,الأدوار,0,0,0,0,0,0,0,0,0,0,0,0,0,0,0,0,,no_grant
25,"أمين المستودع",125,Finance/variance_monitor_fin.php,"متابعة الانحراف",0,0,0,0,0,0,0,0,0,0,0,0,0,0,0,0,,no_grant
25,"أمين المستودع",126,Finance/maintenance_provision_fin.php,"قواعد مخصص الصيانة",0,0,0,0,0,0,0,0,0,0,0,0,0,0,0,0,,no_grant
25,"أمين المستودع",127,Clients/contract_commitments.php,"التزامات العقود",0,0,0,0,0,0,0,0,0,0,0,0,0,0,0,0,,no_grant
25,"أمين المستودع",128,Finance/operator_pay_fin.php,"قواعد مستحقات المشغّلين",0,0,0,0,0,0,0,0,0,0,0,0,0,0,0,0,,no_grant
25,"أمين المستودع",129,Clients/readiness_lines.php,"جاهزية العروض",0,0,0,0,0,0,0,0,0,0,0,0,0,0,0,0,,no_grant
25,"أمين المستودع",130,Tickets/ticket_types_config.php,"إعداد أنواع البلاغات",0,0,0,0,0,0,0,0,0,0,0,0,0,0,0,0,,no_grant
25,"أمين المستودع",131,Tickets/ticket_categories_config.php,"تصنيفات الأعطال والبلاغات",0,0,0,0,0,0,0,0,0,0,0,0,0,0,0,0,,no_grant
25,"أمين المستودع",132,Tickets/tickets_list.php,البلاغات,0,0,0,0,0,0,0,0,0,0,0,0,0,0,0,0,,no_grant
25,"أمين المستودع",133,Tickets/ticket_form.php,"تسجيل بلاغ",0,0,0,0,0,0,0,0,0,0,0,0,0,0,0,0,,no_grant
25,"أمين المستودع",134,Tickets/ticket_sla_config.php,"أزمنة الاستجابة والإنجاز",0,0,0,0,0,0,0,0,0,0,0,0,0,0,0,0,,no_grant
25,"أمين المستودع",135,Tickets/ticket_escalation_config.php,"سلّم التصعيد",0,0,0,0,0,0,0,0,0,0,0,0,0,0,0,0,,no_grant
25,"أمين المستودع",136,Tickets/ticket_recurrence.php,"البلاغات الدورية",0,0,0,0,0,0,0,0,0,0,0,0,0,0,0,0,,no_grant
25,"أمين المستودع",137,Tickets/ticket_dashboard.php,"أداء البلاغات",0,0,0,0,0,0,0,0,0,0,0,0,0,0,0,0,,no_grant
25,"أمين المستودع",138,Maintenance/dashboard_mnt.php,"لوحة إدارة الصيانة",0,0,0,0,0,0,0,0,0,0,0,0,0,0,0,0,,no_grant
25,"أمين المستودع",139,main/role_board.php,"لوحة الدور",0,0,0,0,0,0,0,0,0,0,0,0,0,0,0,0,,no_grant
25,"أمين المستودع",140,Finance/operator_pay_policies_fin.php,"سياسات مستحقات المشغّلين",0,0,0,0,0,0,0,0,0,0,0,0,0,0,0,0,,no_grant
25,"أمين المستودع",141,Equipments/equipment_documents.php,"وثائق المعدات والمشغّلين",0,0,0,0,0,0,0,0,0,0,0,0,0,0,0,0,,no_grant
25,"أمين المستودع",142,Contracts/claims.php,المستخلصات,0,0,0,0,0,0,0,0,0,0,0,0,0,0,0,0,,no_grant
25,"أمين المستودع",143,Finance/currencies_fin.php,"العملات وأسعار الصرف",0,0,0,0,0,0,0,0,0,0,0,0,0,0,0,0,,no_grant
25,"أمين المستودع",144,Suppliers/settlements.php,"تسويات الموردين",0,0,0,0,0,0,0,0,0,0,0,0,0,0,0,0,,no_grant
25,"أمين المستودع",145,Contracts/contract_obligations.php,"مصفوفة التزامات العقد",0,0,0,0,0,0,0,0,0,0,0,0,0,0,0,0,,no_grant
25,"أمين المستودع",146,Approvals/attribution_board.php,"لوحة الإسناد اليومي",0,0,0,0,0,0,0,0,0,0,0,0,0,0,0,0,,no_grant
25,"أمين المستودع",147,Contracts/penalties.php,"احتساب الجزاءات والحوافز",0,0,0,0,0,0,0,0,0,0,0,0,0,0,0,0,,no_grant
25,"أمين المستودع",148,Workforce/employee_settlements.php,"تسويات الموظفين",0,0,0,0,0,0,0,0,0,0,0,0,0,0,0,0,,no_grant
25,"أمين المستودع",149,Operations/containers.php,"حاويات العقود",0,0,0,0,0,0,0,0,0,0,0,0,0,0,0,0,,no_grant
25,"أمين المستودع",150,Projects/sites.php,"مواقع التنفيذ",0,0,0,0,0,0,0,0,0,0,0,0,0,0,0,0,,no_grant
25,"أمين المستودع",151,Workforce/contract_registry.php,"سجل العقود الموحّد",0,0,0,0,0,0,0,0,0,0,0,0,0,0,0,0,,no_grant
25,"أمين المستودع",152,Operations/daily_plan.php,"خطة عمل الغد",0,0,0,0,0,0,0,0,0,0,0,0,0,0,0,0,,no_grant
25,"أمين المستودع",153,Suppliers/supplier_contract_lines.php,"بنود عقد المورد",0,0,0,0,0,0,0,0,0,0,0,0,0,0,0,0,,no_grant
25,"أمين المستودع",154,Contracts/price_terms.php,"شروط تعديل السعر",0,0,0,0,0,0,0,0,0,0,0,0,0,0,0,0,,no_grant
25,"أمين المستودع",155,Equipments/meter_readings.php,"قراءات العدّادات",0,0,0,0,0,0,0,0,0,0,0,0,0,0,0,0,,no_grant
25,"أمين المستودع",156,Workforce/payroll_runs.php,"مسيّر الرواتب",0,0,0,0,0,0,0,0,0,0,0,0,0,0,0,0,,no_grant
25,"أمين المستودع",157,Workforce/employee_advances.php,"سلفيات الموظفين",0,0,0,0,0,0,0,0,0,0,0,0,0,0,0,0,,no_grant
25,"أمين المستودع",158,Suppliers/supplier_advances.php,"سلفيات الموردين",0,0,0,0,0,0,0,0,0,0,0,0,0,0,0,0,,no_grant
25,"أمين المستودع",159,Suppliers/supplier_rules.php,"قواعد تحميل المورد وجزاءاته",0,0,0,0,0,0,0,0,0,0,0,0,0,0,0,0,,no_grant
25,"أمين المستودع",160,Suppliers/supplier_capacity.php,"الطاقة والجاهزية ومهلة الإحلال",0,0,0,0,0,0,0,0,0,0,0,0,0,0,0,0,,no_grant
25,"أمين المستودع",161,Suppliers/supplier_evaluation.php,"تقييم المورد الدوري",0,0,0,0,0,0,0,0,0,0,0,0,0,0,0,0,,no_grant
25,"أمين المستودع",162,Suppliers/supplier_closure.php,"تصفية إنهاء عقد المورد",0,0,0,0,0,0,0,0,0,0,0,0,0,0,0,0,,no_grant
25,"أمين المستودع",163,Suppliers/supplier_documents.php,"وثائق المورد وحسابه البنكي",0,0,0,0,0,0,0,0,0,0,0,0,0,0,0,0,,no_grant
25,"أمين المستودع",164,Contracts/tax_invoices.php,"الفاتورة الضريبية",0,0,0,0,0,0,0,0,0,0,0,0,0,0,0,0,,no_grant
25,"أمين المستودع",165,Contracts/client_statement.php,"كشف حساب العميل",0,0,0,0,0,0,0,0,0,0,0,0,0,0,0,0,,no_grant
25,"أمين المستودع",166,Contracts/collections.php,"الذمم والتحصيل",0,0,0,0,0,0,0,0,0,0,0,0,0,0,0,0,,no_grant
25,"أمين المستودع",167,Workforce/final_settlement.php,"تصفية إنهاء خدمة الموظف",0,0,0,0,0,0,0,0,0,0,0,0,0,0,0,0,,no_grant
25,"أمين المستودع",168,Transport/transfer_tariffs.php,"تعرفة الترحيل وتسعير الأوامر",0,0,0,0,0,0,0,0,0,0,0,0,0,0,0,0,,no_grant
25,"أمين المستودع",169,Finance/periodic_events_fin.php,"الدوريات المالية",0,0,0,0,0,0,0,0,0,0,0,0,0,0,0,0,,no_grant
25,"أمين المستودع",171,Suppliers/rfq_requests.php,"طلبات عروض الموردين",0,0,0,0,0,0,0,0,0,0,0,0,0,0,0,0,,no_grant
25,"أمين المستودع",172,Contracts/contract_sites.php,"نطاقات العقد التشغيلية",0,0,0,0,0,0,0,0,0,0,0,0,0,0,0,0,,no_grant
25,"أمين المستودع",173,Contracts/contract_lines.php,"بنود عقد العميل وقيمته",0,0,0,0,0,0,0,0,0,0,0,0,0,0,0,0,,no_grant
25,"أمين المستودع",174,Contracts/contract_monthly_plan.php,"الجدول الشهري للعقد",0,0,0,0,0,0,0,0,0,0,0,0,0,0,0,0,,no_grant
25,"أمين المستودع",175,Contracts/contract_resource_plan.php,"خطة موارد العقد",0,0,0,0,0,0,0,0,0,0,0,0,0,0,0,0,,no_grant
25,"أمين المستودع",176,Contracts/contract_payment_schedule.php,"خطة دفع العقد",0,0,0,0,0,0,0,0,0,0,0,0,0,0,0,0,,no_grant
25,"أمين المستودع",177,Contracts/contract_guarantees.php,"ضمانات العقد",0,0,0,0,0,0,0,0,0,0,0,0,0,0,0,0,,no_grant
25,"أمين المستودع",178,Contracts/plan_actual_link.php,"ربط الخطة بالفعلي",0,0,0,0,0,0,0,0,0,0,0,0,0,0,0,0,,no_grant
25,"أمين المستودع",179,Contracts/contract_baseline.php,"خط أساس العقد",0,0,0,0,0,0,0,0,0,0,0,0,0,0,0,0,,no_grant
25,"أمين المستودع",180,Contracts/contract_lifecycle.php,"اقتصاد دورة حياة العقد",0,0,0,0,0,0,0,0,0,0,0,0,0,0,0,0,,no_grant
25,"أمين المستودع",181,Contracts/commercial_board.php,"اللوحة التجارية للعقود",0,0,0,0,0,0,0,0,0,0,0,0,0,0,0,0,,no_grant
25,"أمين المستودع",182,user_capacities.php,"صفاتي ومبدّل المساحة",0,0,0,0,0,0,0,0,0,0,0,0,0,0,0,0,,no_grant
25,"أمين المستودع",183,Portal/visibility_keys.php,"مفاتيح الظهور",0,0,0,0,0,0,0,0,0,0,0,0,0,0,0,0,,no_grant
25,"أمين المستودع",184,Portal/portal_elements.php,"مكوّنات البوابة",0,0,0,0,0,0,0,0,0,0,0,0,0,0,0,0,,no_grant
25,"أمين المستودع",185,Portal/visibility_simulator.php,"من يرى ماذا (محاكاة)",0,0,0,0,0,0,0,0,0,0,0,0,0,0,0,0,,no_grant
25,"أمين المستودع",186,Portal/visibility_audit.php,"سجل تدقيق الظهور",0,0,0,0,0,0,0,0,0,0,0,0,0,0,0,0,,no_grant
25,"أمين المستودع",187,Portal/my_portal.php,بوابتي,0,0,0,0,0,0,0,0,0,0,0,0,0,0,0,0,,no_grant
25,"أمين المستودع",188,Portal/my_achievement.php,إنجازي,0,0,0,0,0,0,0,0,0,0,0,0,0,0,0,0,,no_grant
25,"أمين المستودع",189,Portal/my_evaluation.php,"التقييم الثنائي",0,0,0,0,0,0,0,0,0,0,0,0,0,0,0,0,,no_grant
25,"أمين المستودع",190,Portal/my_certificate.php,"شهادة الإنجاز",0,0,0,0,0,0,0,0,0,0,0,0,0,0,0,0,,no_grant
25,"أمين المستودع",191,Portal/workspace.php,"مساحة العمل",0,0,0,0,0,0,0,0,0,0,0,0,0,0,0,0,,no_grant
25,"أمين المستودع",192,Finance/approvals_inbox.php,"صندوق الاعتمادات الموحد",0,0,0,0,0,0,0,0,0,0,0,0,0,0,0,0,,no_grant
25,"أمين المستودع",193,Operations/operations_room.php,"غرفة عمليات التشغيل",0,0,0,0,0,0,0,0,0,0,0,0,0,0,0,0,,no_grant
25,"أمين المستودع",194,Operations/distribution_space.php,"مساحة التوزيع",0,0,0,0,0,0,0,0,0,0,0,0,0,0,0,0,,no_grant
25,"أمين المستودع",195,Reports/daily_units_report.php,"سجل الوحدات اليومية",0,0,0,0,0,0,0,0,0,0,0,0,0,0,0,0,,no_grant
25,"أمين المستودع",196,Fleet/readiness_board.php,"لوحة الجاهزية",0,0,0,0,0,0,0,0,0,0,0,0,0,0,0,0,,no_grant
25,"أمين المستودع",197,Maintenance/failure_report.php,"تقرير الأعطال (التصنيف الموحد)",0,0,0,0,0,0,0,0,0,0,0,0,0,0,0,0,,no_grant
25,"أمين المستودع",198,Procurement/supplier_card_proc.php,"بطاقة مورد المشتريات",1,1,1,0,0,0,0,0,0,0,0,0,1,1,0,0,company,derived_from_4flags
25,"أمين المستودع",199,Procurement/warehouse_board.php,"لوحة أمين المستودع",1,1,1,0,0,0,0,0,0,0,0,0,1,1,0,0,company,derived_from_4flags
25,"أمين المستودع",200,Contracts/contract_card.php,"بطاقة العقد الأم",0,0,0,0,0,0,0,0,0,0,0,0,0,0,0,0,,no_grant
25,"أمين المستودع",201,Employees/employee_card.php,"بطاقة الموظف",0,0,0,0,0,0,0,0,0,0,0,0,0,0,0,0,,no_grant
25,"أمين المستودع",202,Reports/margin_report.php,"هامش الواقعة والعقد",0,0,0,0,0,0,0,0,0,0,0,0,0,0,0,0,,no_grant
25,"أمين المستودع",203,Reports/exceptions_report.php,"تقرير الاستثناءات",0,0,0,0,0,0,0,0,0,0,0,0,0,0,0,0,,no_grant
25,"أمين المستودع",204,Reports/guard_denials_report.php,"تقرير المنع",0,0,0,0,0,0,0,0,0,0,0,0,0,0,0,0,,no_grant
25,"أمين المستودع",205,Settings/guard_classification.php,"تصنيف الحمايات",0,0,0,0,0,0,0,0,0,0,0,0,0,0,0,0,,no_grant
25,"أمين المستودع",206,Governance/entities_registry.php,"سجل الكيانات",0,0,0,0,0,0,0,0,0,0,0,0,0,0,0,0,,no_grant
25,"أمين المستودع",207,Governance/signing_authority.php,"التفويض بالتوقيع",0,0,0,0,0,0,0,0,0,0,0,0,0,0,0,0,,no_grant
25,"أمين المستودع",208,Governance/licenses_guarantees.php,"التراخيص والكفالات",0,0,0,0,0,0,0,0,0,0,0,0,0,0,0,0,,no_grant
25,"أمين المستودع",209,Governance/activation_patterns.php,"أنماط التفعيل",0,0,0,0,0,0,0,0,0,0,0,0,0,0,0,0,,no_grant
25,"أمين المستودع",210,Financing/financiers_registry.php,"سجل الممولين",0,0,0,0,0,0,0,0,0,0,0,0,0,0,0,0,,no_grant
25,"أمين المستودع",211,Financing/financing_operation_new.php,"إنشاء عملية تمويل",0,0,0,0,0,0,0,0,0,0,0,0,0,0,0,0,,no_grant
25,"أمين المستودع",212,Reports/approval_lag_report.php,"الاعتمادات المتأخرة والوثائق",0,0,0,0,0,0,0,0,0,0,0,0,0,0,0,0,,no_grant
25,"أمين المستودع",213,Governance/ownership_grants.php,"منح المجال المقيَّد",0,0,0,0,0,0,0,0,0,0,0,0,0,0,0,0,,no_grant
25,"أمين المستودع",214,Financing/financing_board.php,"لوحة إدارة التمويل",0,0,0,0,0,0,0,0,0,0,0,0,0,0,0,0,,no_grant
25,"أمين المستودع",215,admin/ops_manager_board.php,"لوحة مدير التشغيل",0,0,0,0,0,0,0,0,0,0,0,0,0,0,0,0,,no_grant
25,"أمين المستودع",216,admin/org_assignments.php,"التكليفات التنظيمية",0,0,0,0,0,0,0,0,0,0,0,0,0,0,0,0,,no_grant
25,"أمين المستودع",217,admin/org_structure.php,"الهيكل التنظيمي",0,0,0,0,0,0,0,0,0,0,0,0,0,0,0,0,,no_grant
25,"أمين المستودع",218,admin/org_permits.php,"أذونات المواقع",0,0,0,0,0,0,0,0,0,0,0,0,0,0,0,0,,no_grant
25,"أمين المستودع",222,admin/sec_governance.php,"مركز حوكمة الصلاحيات",0,0,0,0,0,0,0,0,0,0,0,0,0,0,0,0,,no_grant
25,"أمين المستودع",223,admin/sec_employee_wizard.php,"معالج إعداد الموظف",0,0,0,0,0,0,0,0,0,0,0,0,0,0,0,0,,no_grant
25,"أمين المستودع",225,Tickets/ticket_workstreams_board.php,"لوحة مسارات البلاغات",0,0,0,0,0,0,0,0,0,0,0,0,0,0,0,0,,no_grant
25,"أمين المستودع",226,Tickets/watchtower.php,"برج المراقبة",0,0,0,0,0,0,0,0,0,0,0,0,0,0,0,0,,no_grant
25,"أمين المستودع",227,Tickets/ticket_contextual_open.php,"بلاغ سياقي جديد",1,1,1,1,0,1,0,0,0,0,0,0,1,1,0,0,company,derived_from_4flags
25,"أمين المستودع",228,main/my_workspace.php,"مساحة عملي",1,1,1,0,0,0,0,0,0,0,0,0,1,1,0,0,company,derived_from_4flags
26,"إدارة التمويل",1,Clients/clients.php,العملاء,0,0,0,0,0,0,0,0,0,0,0,0,0,0,0,0,,no_grant
26,"إدارة التمويل",2,Projects/projects.php,المشاريع,0,0,0,0,0,0,0,0,0,0,0,0,0,0,0,0,,no_grant
26,"إدارة التمويل",3,main/users.php,الصلاحيات,0,0,0,0,0,0,0,0,0,0,0,0,0,0,0,0,,no_grant
26,"إدارة التمويل",4,Reports/reports.php,"مركز التقارير",0,0,0,0,0,0,0,0,0,0,0,0,0,0,0,0,,no_grant
26,"إدارة التمويل",5,Equipments/equipments_types.php,"أنواع المعدات",0,0,0,0,0,0,0,0,0,0,0,0,0,0,0,0,,no_grant
26,"إدارة التمويل",6,Reports/reports.php,"مركز التقارير",0,0,0,0,0,0,0,0,0,0,0,0,0,0,0,0,,no_grant
26,"إدارة التمويل",7,Employees/employees.php,الموظفون,0,0,0,0,0,0,0,0,0,0,0,0,0,0,0,0,,no_grant
26,"إدارة التمويل",8,Equipments/equipments_fleet.php,المعدات,0,0,0,0,0,0,0,0,0,0,0,0,0,0,0,0,,no_grant
26,"إدارة التمويل",9,Oprators/oprators.php,"شاشة التشغيل",0,0,0,0,0,0,0,0,0,0,0,0,0,0,0,0,,no_grant
26,"إدارة التمويل",10,Timesheet/timesheet_type.php,"تسجيل الوحدات",0,0,0,0,0,0,0,0,0,0,0,0,0,0,0,0,,no_grant
26,"إدارة التمويل",11,Settings/settings.php,الإعدادات,0,0,0,0,0,0,0,0,0,0,0,0,0,0,0,0,,no_grant
26,"إدارة التمويل",12,ActivityLogs/activity_logs.php,"سجل النشاط",0,0,0,0,0,0,0,0,0,0,0,0,0,0,0,0,,no_grant
26,"إدارة التمويل",14,main/project_users.php,"مشرفو الموردين",0,0,0,0,0,0,0,0,0,0,0,0,0,0,0,0,,no_grant
26,"إدارة التمويل",15,main/project_users.php,المشرفين,0,0,0,0,0,0,0,0,0,0,0,0,0,0,0,0,,no_grant
26,"إدارة التمويل",16,main/project_users.php,المشرفين,0,0,0,0,0,0,0,0,0,0,0,0,0,0,0,0,,no_grant
26,"إدارة التمويل",17,main/project_users.php,"إدارة المعاونين",0,0,0,0,0,0,0,0,0,0,0,0,0,0,0,0,,no_grant
26,"إدارة التمويل",18,main/project_users.php,المشرفين,0,0,0,0,0,0,0,0,0,0,0,0,0,0,0,0,,no_grant
26,"إدارة التمويل",20,Contracts/contracts.php,العقود,0,0,0,0,0,0,0,0,0,0,0,0,0,0,0,0,,no_grant
26,"إدارة التمويل",21,Contracts/contracts_details.php,"ملف عقد المشروع",0,0,0,0,0,0,0,0,0,0,0,0,0,0,0,0,,no_grant
26,"إدارة التمويل",22,Suppliers/suppliers.php,الموردون,0,0,0,0,0,0,0,0,0,0,0,0,0,0,0,0,,no_grant
26,"إدارة التمويل",23,Oprators/select_project.php,التشغيل,0,0,0,0,0,0,0,0,0,0,0,0,0,0,0,0,,no_grant
26,"إدارة التمويل",24,Settings/settings.php,الإعدادات,0,0,0,0,0,0,0,0,0,0,0,0,0,0,0,0,,no_grant
26,"إدارة التمويل",25,Suppliers/supplierscontracts.php,"عقود الموردين",0,0,0,0,0,0,0,0,0,0,0,0,0,0,0,0,,no_grant
26,"إدارة التمويل",26,Suppliers/supplierscontracts_details.php,"ملف عقد المورد",0,0,0,0,0,0,0,0,0,0,0,0,0,0,0,0,,no_grant
26,"إدارة التمويل",27,Equipments/equipments_drivers.php,المعدات,0,0,0,0,0,0,0,0,0,0,0,0,0,0,0,0,,no_grant
26,"إدارة التمويل",28,Reports/reports.php,"مركز التقارير",0,0,0,0,0,0,0,0,0,0,0,0,0,0,0,0,,no_grant
26,"إدارة التمويل",29,movement/project_drivers.php,"توزيع المشغّلين",0,0,0,0,0,0,0,0,0,0,0,0,0,0,0,0,,no_grant
26,"إدارة التمويل",30,movement/movement_operations.php,الورديات,0,0,0,0,0,0,0,0,0,0,0,0,0,0,0,0,,no_grant
26,"إدارة التمويل",31,Reports/reports.php,"مركز التقارير",0,0,0,0,0,0,0,0,0,0,0,0,0,0,0,0,,no_grant
26,"إدارة التمويل",32,Reports/reports.php,"مركز التقارير",0,0,0,0,0,0,0,0,0,0,0,0,0,0,0,0,,no_grant
26,"إدارة التمويل",34,movement/map_page.php,"متابعة المشروع",0,0,0,0,0,0,0,0,0,0,0,0,0,0,0,0,,no_grant
26,"إدارة التمويل",35,Clients/clients.php,العملاء,0,0,0,0,0,0,0,0,0,0,0,0,0,0,0,0,,no_grant
26,"إدارة التمويل",36,Projects/projects.php,المشاريع,0,0,0,0,0,0,0,0,0,0,0,0,0,0,0,0,,no_grant
26,"إدارة التمويل",37,Contracts/contracts.php,العقود,0,0,0,0,0,0,0,0,0,0,0,0,0,0,0,0,,no_grant
26,"إدارة التمويل",38,Equipments/manage_failure_codes.php,"تصنيفات الأعطال",0,0,0,0,0,0,0,0,0,0,0,0,0,0,0,0,,no_grant
26,"إدارة التمويل",40,Equipments/fleet_models.php,"الأنواع والموديلات",0,0,0,0,0,0,0,0,0,0,0,0,0,0,0,0,,no_grant
26,"إدارة التمويل",41,Equipments/fleet_depreciation_profiles.php,"إعداد الإهلاك",0,0,0,0,0,0,0,0,0,0,0,0,0,0,0,0,,no_grant
26,"إدارة التمويل",42,Maintenance/breakdowns.php,"البلاغات (غير مفعّلة)",0,0,0,0,0,0,0,0,0,0,0,0,0,0,0,0,,no_grant
26,"إدارة التمويل",43,Maintenance/orders.php,"أوامر الصيانة",0,0,0,0,0,0,0,0,0,0,0,0,0,0,0,0,,no_grant
26,"إدارة التمويل",44,Maintenance/inspections.php,"الفحص الفني اليومي",0,0,0,0,0,0,0,0,0,0,0,0,0,0,0,0,,no_grant
26,"إدارة التمويل",45,Maintenance/preventive_plans.php,"الصيانة الوقائية",0,0,0,0,0,0,0,0,0,0,0,0,0,0,0,0,,no_grant
26,"إدارة التمويل",46,Maintenance/master_data.php,"إعدادات الصيانة",0,0,0,0,0,0,0,0,0,0,0,0,0,0,0,0,,no_grant
26,"إدارة التمويل",47,Workforce/worker_register.php,"السجل التشغيلي للعامل",0,0,0,0,0,0,0,0,0,0,0,0,0,0,0,0,,no_grant
26,"إدارة التمويل",48,Workforce/worker_contract.php,"عقود العاملين",0,0,0,0,0,0,0,0,0,0,0,0,0,0,0,0,,no_grant
26,"إدارة التمويل",50,Workforce/worker_leave_absence.php,"الإجازات والغياب",0,0,0,0,0,0,0,0,0,0,0,0,0,0,0,0,,no_grant
26,"إدارة التمويل",51,Workforce/worker_movement.php,"تنقلات العاملين",0,0,0,0,0,0,0,0,0,0,0,0,0,0,0,0,,no_grant
26,"إدارة التمويل",52,Workforce/housing_units.php,"السكن والإعاشة",0,0,0,0,0,0,0,0,0,0,0,0,0,0,0,0,,no_grant
26,"إدارة التمويل",53,Workforce/worker_evaluation.php,"تقييم الأداء",0,0,0,0,0,0,0,0,0,0,0,0,0,0,0,0,,no_grant
26,"إدارة التمويل",54,Workforce/worker_settlement.php,"تسويات العاملين",0,0,0,0,0,0,0,0,0,0,0,0,0,0,0,0,,no_grant
26,"إدارة التمويل",55,Workforce/workforce_requirement.php,"احتياج القوى والتخطيط",0,0,0,0,0,0,0,0,0,0,0,0,0,0,0,0,,no_grant
26,"إدارة التمويل",56,Workforce/worker_worklog.php,"سجل الأحداث التشغيلية",0,0,0,0,0,0,0,0,0,0,0,0,0,0,0,0,,no_grant
26,"إدارة التمويل",57,Employees/job_titles.php,"المسميات الوظيفية",0,0,0,0,0,0,0,0,0,0,0,0,0,0,0,0,,no_grant
26,"إدارة التمويل",58,Employees/employee_roles.php,"الأدوار الوظيفية",0,0,0,0,0,0,0,0,0,0,0,0,0,0,0,0,,no_grant
26,"إدارة التمويل",59,Employees/equipment_operators.php,"المشغّلون والسائقون",0,0,0,0,0,0,0,0,0,0,0,0,0,0,0,0,,no_grant
26,"إدارة التمويل",60,main/users.php,"إدارة المستخدمين",0,0,0,0,0,0,0,0,0,0,0,0,0,0,0,0,,no_grant
26,"إدارة التمويل",61,main/all_assistants.php,المعاونون,0,0,0,0,0,0,0,0,0,0,0,0,0,0,0,0,,no_grant
26,"إدارة التمويل",62,Employees/employee_contracts.php,"عقود الموظفين",0,0,0,0,0,0,0,0,0,0,0,0,0,0,0,0,,no_grant
26,"إدارة التمويل",63,Employees/employee_contracts_details.php,"ملف عقد الموظف",0,0,0,0,0,0,0,0,0,0,0,0,0,0,0,0,,no_grant
26,"إدارة التمويل",64,Employees/employee_profile.php,"بطاقة الموظف",0,0,0,0,0,0,0,0,0,0,0,0,0,0,0,0,,no_grant
26,"إدارة التمويل",65,Employees/showcontractemployee.php,"عرض عقد الموظف",0,0,0,0,0,0,0,0,0,0,0,0,0,0,0,0,,no_grant
26,"إدارة التمويل",66,Opportunities/opportunities.php,"الفرص البيعية",0,0,0,0,0,0,0,0,0,0,0,0,0,0,0,0,,no_grant
26,"إدارة التمويل",67,Procurement/dashboard_proc.php,"لوحة المشتريات",0,0,0,0,0,0,0,0,0,0,0,0,0,0,0,0,,no_grant
26,"إدارة التمويل",68,Procurement/items_proc.php,"كتالوج الأصناف",0,0,0,0,0,0,0,0,0,0,0,0,0,0,0,0,,no_grant
26,"إدارة التمويل",69,Procurement/requests_proc.php,"طلبات الشراء",0,0,0,0,0,0,0,0,0,0,0,0,0,0,0,0,,no_grant
26,"إدارة التمويل",70,Procurement/orders_proc.php,"أوامر الشراء",0,0,0,0,0,0,0,0,0,0,0,0,0,0,0,0,,no_grant
26,"إدارة التمويل",71,Procurement/receipt_custody_proc.php,"الاستلام المؤقت",0,0,0,0,0,0,0,0,0,0,0,0,0,0,0,0,,no_grant
26,"إدارة التمويل",72,Procurement/stock_proc.php,المخزون,0,0,0,0,0,0,0,0,0,0,0,0,0,0,0,0,,no_grant
26,"إدارة التمويل",73,Procurement/issue_proc.php,"صرف المخزون والعهدة",0,0,0,0,0,0,0,0,0,0,0,0,0,0,0,0,,no_grant
26,"إدارة التمويل",74,Procurement/reordering_proc.php,"حدود إعادة الطلب",0,0,0,0,0,0,0,0,0,0,0,0,0,0,0,0,,no_grant
26,"إدارة التمويل",75,Procurement/suppliers_proc.php,"موردو المشتريات",0,0,0,0,0,0,0,0,0,0,0,0,0,0,0,0,,no_grant
26,"إدارة التمويل",76,Procurement/master_data_proc.php,"البيانات المرجعية",0,0,0,0,0,0,0,0,0,0,0,0,0,0,0,0,,no_grant
26,"إدارة التمويل",77,Clients/activities.php,"أنشطة العملاء",0,0,0,0,0,0,0,0,0,0,0,0,0,0,0,0,,no_grant
26,"إدارة التمويل",78,Clients/commercial_risks.php,"المخاطر التجارية",0,0,0,0,0,0,0,0,0,0,0,0,0,0,0,0,,no_grant
26,"إدارة التمويل",79,Clients/tenders.php,المناقصات,0,0,0,0,0,0,0,0,0,0,0,0,0,0,0,0,,no_grant
26,"إدارة التمويل",80,Clients/quotations.php,"عروض الأسعار",0,0,0,0,0,0,0,0,0,0,0,0,0,0,0,0,,no_grant
26,"إدارة التمويل",81,Clients/pricelists.php,"قوائم ونماذج التسعير",0,0,0,0,0,0,0,0,0,0,0,0,0,0,0,0,,no_grant
26,"إدارة التمويل",82,Clients/products.php,"كتالوج المنتجات والخدمات",0,0,0,0,0,0,0,0,0,0,0,0,0,0,0,0,,no_grant
26,"إدارة التمويل",83,Clients/units_of_measure.php,"وحدات القياس",0,0,0,0,0,0,0,0,0,0,0,0,0,0,0,0,,no_grant
26,"إدارة التمويل",84,Clients/contract_amendments.php,"ملاحق العقود وتجديداتها",0,0,0,0,0,0,0,0,0,0,0,0,0,0,0,0,,no_grant
26,"إدارة التمويل",85,Clients/contract_events.php,"سجل حركة العقد",0,0,0,0,0,0,0,0,0,0,0,0,0,0,0,0,,no_grant
26,"إدارة التمويل",86,Finance/events_list_fin.php,"المعاملات المالية",0,0,0,0,0,0,0,0,0,0,0,0,0,0,0,0,,no_grant
26,"إدارة التمويل",87,Finance/accounts_fin.php,"دليل الحسابات",0,0,0,0,0,0,0,0,0,0,0,0,0,0,0,0,,no_grant
26,"إدارة التمويل",88,Finance/journal_form_fin.php,"القيود اليومية",0,0,0,0,0,0,0,0,0,0,0,0,0,0,0,0,,no_grant
26,"إدارة التمويل",89,Finance/budget_form_fin.php,"الميزانية والانحراف",0,0,0,0,0,0,0,0,0,0,0,0,0,0,0,0,,no_grant
26,"إدارة التمويل",90,Finance/dues_fin.php,"الذمم والتحصيل",0,0,0,0,0,0,0,0,0,0,0,0,0,0,0,0,,no_grant
26,"إدارة التمويل",91,Finance/payments_fin.php,"المدفوعات والخزينة",0,0,0,0,0,0,0,0,0,0,0,0,0,0,0,0,,no_grant
26,"إدارة التمويل",92,Finance/cost_report_fin.php,"التكاليف والربحية",0,0,0,0,0,0,0,0,0,0,0,0,0,0,0,0,,no_grant
26,"إدارة التمويل",93,Finance/periods_fin.php,"إقفال الفترات",0,0,0,0,0,0,0,0,0,0,0,0,0,0,0,0,,no_grant
26,"إدارة التمويل",94,Finance/funding_fin.php,"التمويل والالتزامات",0,0,0,0,0,0,0,0,0,0,0,0,0,0,0,0,,no_grant
26,"إدارة التمويل",95,Finance/cash_forecast_fin.php,"السيولة والتنبؤ النقدي",0,0,0,0,0,0,0,0,0,0,0,0,0,0,0,0,,no_grant
26,"إدارة التمويل",96,Finance/management_accounting_fin.php,"المحاسبة الإدارية",0,0,0,0,0,0,0,0,0,0,0,0,0,0,0,0,,no_grant
26,"إدارة التمويل",97,Finance/accountants_fin.php,"المحاسبون والوحدات",0,0,0,0,0,0,0,0,0,0,0,0,0,0,0,0,,no_grant
26,"إدارة التمويل",98,Finance/import_events_fin.php,"استقبال معاملات الإدارات",0,0,0,0,0,0,0,0,0,0,0,0,0,0,0,0,,no_grant
26,"إدارة التمويل",99,Finance/executive_dashboard_fin.php,"اللوحة التنفيذية",0,0,0,0,0,0,0,0,0,0,0,0,0,0,0,0,,no_grant
26,"إدارة التمويل",100,Finance/financial_statements_fin.php,"القوائم المالية",0,0,0,0,0,0,0,0,0,0,0,0,0,0,0,0,,no_grant
26,"إدارة التمويل",101,Finance/assets_fin.php,"الأصول والإهلاك",0,0,0,0,0,0,0,0,0,0,0,0,0,0,0,0,,no_grant
26,"إدارة التمويل",102,Finance/tax_fin.php,"الضرائب والقيمة المضافة",0,0,0,0,0,0,0,0,0,0,0,0,0,0,0,0,,no_grant
26,"إدارة التمويل",103,Finance/bank_reconciliation_fin.php,"المطابقة البنكية",0,0,0,0,0,0,0,0,0,0,0,0,0,0,0,0,,no_grant
26,"إدارة التمويل",104,Finance/cfo_daily_board_fin.php,"لوحة المدير المالي",0,0,0,0,0,0,0,0,0,0,0,0,0,0,0,0,,no_grant
26,"إدارة التمويل",105,Finance/unit_records_fin.php,"وحدات الأطراف",0,0,0,0,0,0,0,0,0,0,0,0,0,0,0,0,,no_grant
26,"إدارة التمويل",106,Finance/supplier_statement_fin.php,"كشف حساب المورد",0,0,0,0,0,0,0,0,0,0,0,0,0,0,0,0,,no_grant
26,"إدارة التمويل",107,main/project_users.php,المعاونين,0,0,0,0,0,0,0,0,0,0,0,0,0,0,0,0,,no_grant
26,"إدارة التمويل",108,Transport/transfer_types_config.php,"إعدادات الترحيل",0,0,0,0,0,0,0,0,0,0,0,0,0,0,0,0,,no_grant
26,"إدارة التمويل",109,Transport/transfer_cost_rules_config.php,"قواعد تحميل تكلفة الترحيل",0,0,0,0,0,0,0,0,0,0,0,0,0,0,0,0,,no_grant
26,"إدارة التمويل",110,Transport/trs_locations_config.php,المواقع,0,0,0,0,0,0,0,0,0,0,0,0,0,0,0,0,,no_grant
26,"إدارة التمويل",111,Transport/transfer_requests.php,"موافقات الترحيل",0,0,0,0,0,0,0,0,0,0,0,0,0,0,0,0,,no_grant
26,"إدارة التمويل",112,Transport/transfer_orders_list.php,"أوامر الترحيل",0,0,0,0,0,0,0,0,0,0,0,0,0,0,0,0,,no_grant
26,"إدارة التمويل",113,Transport/transfer_dashboard.php,"لوحة الرحلات",0,0,0,0,0,0,0,0,0,0,0,0,0,0,0,0,,no_grant
26,"إدارة التمويل",114,FinRequests/request_form.php,"طلب مالي جديد",0,0,0,0,0,0,0,0,0,0,0,0,0,0,0,0,,no_grant
26,"إدارة التمويل",115,FinRequests/my_requests.php,"طلباتي المالية",0,0,0,0,0,0,0,0,0,0,0,0,0,0,0,0,,no_grant
26,"إدارة التمويل",116,FinRequests/dept_inbox.php,"موافقات إدارتي",0,0,0,0,0,0,0,0,0,0,0,0,0,0,0,0,,no_grant
26,"إدارة التمويل",117,FinRequests/accountant_desk.php,"مكتب المحاسب",0,0,0,0,0,0,0,0,0,0,0,0,0,0,0,0,,no_grant
26,"إدارة التمويل",118,FinRequests/finance_gateway.php,"الطلبات المالية",0,0,0,0,0,0,0,0,0,0,0,0,0,0,0,0,,no_grant
26,"إدارة التمويل",119,FinRequests/effect_map.php,"سجل الحركة المالية",0,0,0,0,0,0,0,0,0,0,0,0,0,0,0,0,,no_grant
26,"إدارة التمويل",120,FinRequests/routing_admin.php,"قواعد توجيه الطلبات",0,0,0,0,0,0,0,0,0,0,0,0,0,0,0,0,,no_grant
26,"إدارة التمويل",121,FinRequests/cycle_time_board.php,"زمن دورة الطلبات",0,0,0,0,0,0,0,0,0,0,0,0,0,0,0,0,,no_grant
26,"إدارة التمويل",122,FinRequests/requests_reports.php,"تقارير الطلبات المالية",0,0,0,0,0,0,0,0,0,0,0,0,0,0,0,0,,no_grant
26,"إدارة التمويل",123,Settings/role_permissions.php,"صلاحيات الأدوار",0,0,0,0,0,0,0,0,0,0,0,0,0,0,0,0,,no_grant
26,"إدارة التمويل",124,Settings/roles.php,الأدوار,0,0,0,0,0,0,0,0,0,0,0,0,0,0,0,0,,no_grant
26,"إدارة التمويل",125,Finance/variance_monitor_fin.php,"متابعة الانحراف",0,0,0,0,0,0,0,0,0,0,0,0,0,0,0,0,,no_grant
26,"إدارة التمويل",126,Finance/maintenance_provision_fin.php,"قواعد مخصص الصيانة",0,0,0,0,0,0,0,0,0,0,0,0,0,0,0,0,,no_grant
26,"إدارة التمويل",127,Clients/contract_commitments.php,"التزامات العقود",0,0,0,0,0,0,0,0,0,0,0,0,0,0,0,0,,no_grant
26,"إدارة التمويل",128,Finance/operator_pay_fin.php,"قواعد مستحقات المشغّلين",0,0,0,0,0,0,0,0,0,0,0,0,0,0,0,0,,no_grant
26,"إدارة التمويل",129,Clients/readiness_lines.php,"جاهزية العروض",0,0,0,0,0,0,0,0,0,0,0,0,0,0,0,0,,no_grant
26,"إدارة التمويل",130,Tickets/ticket_types_config.php,"إعداد أنواع البلاغات",0,0,0,0,0,0,0,0,0,0,0,0,0,0,0,0,,no_grant
26,"إدارة التمويل",131,Tickets/ticket_categories_config.php,"تصنيفات الأعطال والبلاغات",0,0,0,0,0,0,0,0,0,0,0,0,0,0,0,0,,no_grant
26,"إدارة التمويل",132,Tickets/tickets_list.php,البلاغات,0,0,0,0,0,0,0,0,0,0,0,0,0,0,0,0,,no_grant
26,"إدارة التمويل",133,Tickets/ticket_form.php,"تسجيل بلاغ",0,0,0,0,0,0,0,0,0,0,0,0,0,0,0,0,,no_grant
26,"إدارة التمويل",134,Tickets/ticket_sla_config.php,"أزمنة الاستجابة والإنجاز",0,0,0,0,0,0,0,0,0,0,0,0,0,0,0,0,,no_grant
26,"إدارة التمويل",135,Tickets/ticket_escalation_config.php,"سلّم التصعيد",0,0,0,0,0,0,0,0,0,0,0,0,0,0,0,0,,no_grant
26,"إدارة التمويل",136,Tickets/ticket_recurrence.php,"البلاغات الدورية",0,0,0,0,0,0,0,0,0,0,0,0,0,0,0,0,,no_grant
26,"إدارة التمويل",137,Tickets/ticket_dashboard.php,"أداء البلاغات",0,0,0,0,0,0,0,0,0,0,0,0,0,0,0,0,,no_grant
26,"إدارة التمويل",138,Maintenance/dashboard_mnt.php,"لوحة إدارة الصيانة",0,0,0,0,0,0,0,0,0,0,0,0,0,0,0,0,,no_grant
26,"إدارة التمويل",139,main/role_board.php,"لوحة الدور",0,0,0,0,0,0,0,0,0,0,0,0,0,0,0,0,,no_grant
26,"إدارة التمويل",140,Finance/operator_pay_policies_fin.php,"سياسات مستحقات المشغّلين",0,0,0,0,0,0,0,0,0,0,0,0,0,0,0,0,,no_grant
26,"إدارة التمويل",141,Equipments/equipment_documents.php,"وثائق المعدات والمشغّلين",0,0,0,0,0,0,0,0,0,0,0,0,0,0,0,0,,no_grant
26,"إدارة التمويل",142,Contracts/claims.php,المستخلصات,0,0,0,0,0,0,0,0,0,0,0,0,0,0,0,0,,no_grant
26,"إدارة التمويل",143,Finance/currencies_fin.php,"العملات وأسعار الصرف",0,0,0,0,0,0,0,0,0,0,0,0,0,0,0,0,,no_grant
26,"إدارة التمويل",144,Suppliers/settlements.php,"تسويات الموردين",0,0,0,0,0,0,0,0,0,0,0,0,0,0,0,0,,no_grant
26,"إدارة التمويل",145,Contracts/contract_obligations.php,"مصفوفة التزامات العقد",0,0,0,0,0,0,0,0,0,0,0,0,0,0,0,0,,no_grant
26,"إدارة التمويل",146,Approvals/attribution_board.php,"لوحة الإسناد اليومي",0,0,0,0,0,0,0,0,0,0,0,0,0,0,0,0,,no_grant
26,"إدارة التمويل",147,Contracts/penalties.php,"احتساب الجزاءات والحوافز",0,0,0,0,0,0,0,0,0,0,0,0,0,0,0,0,,no_grant
26,"إدارة التمويل",148,Workforce/employee_settlements.php,"تسويات الموظفين",0,0,0,0,0,0,0,0,0,0,0,0,0,0,0,0,,no_grant
26,"إدارة التمويل",149,Operations/containers.php,"حاويات العقود",0,0,0,0,0,0,0,0,0,0,0,0,0,0,0,0,,no_grant
26,"إدارة التمويل",150,Projects/sites.php,"مواقع التنفيذ",0,0,0,0,0,0,0,0,0,0,0,0,0,0,0,0,,no_grant
26,"إدارة التمويل",151,Workforce/contract_registry.php,"سجل العقود الموحّد",0,0,0,0,0,0,0,0,0,0,0,0,0,0,0,0,,no_grant
26,"إدارة التمويل",152,Operations/daily_plan.php,"خطة عمل الغد",0,0,0,0,0,0,0,0,0,0,0,0,0,0,0,0,,no_grant
26,"إدارة التمويل",153,Suppliers/supplier_contract_lines.php,"بنود عقد المورد",0,0,0,0,0,0,0,0,0,0,0,0,0,0,0,0,,no_grant
26,"إدارة التمويل",154,Contracts/price_terms.php,"شروط تعديل السعر",0,0,0,0,0,0,0,0,0,0,0,0,0,0,0,0,,no_grant
26,"إدارة التمويل",155,Equipments/meter_readings.php,"قراءات العدّادات",0,0,0,0,0,0,0,0,0,0,0,0,0,0,0,0,,no_grant
26,"إدارة التمويل",156,Workforce/payroll_runs.php,"مسيّر الرواتب",0,0,0,0,0,0,0,0,0,0,0,0,0,0,0,0,,no_grant
26,"إدارة التمويل",157,Workforce/employee_advances.php,"سلفيات الموظفين",0,0,0,0,0,0,0,0,0,0,0,0,0,0,0,0,,no_grant
26,"إدارة التمويل",158,Suppliers/supplier_advances.php,"سلفيات الموردين",0,0,0,0,0,0,0,0,0,0,0,0,0,0,0,0,,no_grant
26,"إدارة التمويل",159,Suppliers/supplier_rules.php,"قواعد تحميل المورد وجزاءاته",0,0,0,0,0,0,0,0,0,0,0,0,0,0,0,0,,no_grant
26,"إدارة التمويل",160,Suppliers/supplier_capacity.php,"الطاقة والجاهزية ومهلة الإحلال",0,0,0,0,0,0,0,0,0,0,0,0,0,0,0,0,,no_grant
26,"إدارة التمويل",161,Suppliers/supplier_evaluation.php,"تقييم المورد الدوري",0,0,0,0,0,0,0,0,0,0,0,0,0,0,0,0,,no_grant
26,"إدارة التمويل",162,Suppliers/supplier_closure.php,"تصفية إنهاء عقد المورد",0,0,0,0,0,0,0,0,0,0,0,0,0,0,0,0,,no_grant
26,"إدارة التمويل",163,Suppliers/supplier_documents.php,"وثائق المورد وحسابه البنكي",0,0,0,0,0,0,0,0,0,0,0,0,0,0,0,0,,no_grant
26,"إدارة التمويل",164,Contracts/tax_invoices.php,"الفاتورة الضريبية",0,0,0,0,0,0,0,0,0,0,0,0,0,0,0,0,,no_grant
26,"إدارة التمويل",165,Contracts/client_statement.php,"كشف حساب العميل",0,0,0,0,0,0,0,0,0,0,0,0,0,0,0,0,,no_grant
26,"إدارة التمويل",166,Contracts/collections.php,"الذمم والتحصيل",0,0,0,0,0,0,0,0,0,0,0,0,0,0,0,0,,no_grant
26,"إدارة التمويل",167,Workforce/final_settlement.php,"تصفية إنهاء خدمة الموظف",0,0,0,0,0,0,0,0,0,0,0,0,0,0,0,0,,no_grant
26,"إدارة التمويل",168,Transport/transfer_tariffs.php,"تعرفة الترحيل وتسعير الأوامر",0,0,0,0,0,0,0,0,0,0,0,0,0,0,0,0,,no_grant
26,"إدارة التمويل",169,Finance/periodic_events_fin.php,"الدوريات المالية",0,0,0,0,0,0,0,0,0,0,0,0,0,0,0,0,,no_grant
26,"إدارة التمويل",171,Suppliers/rfq_requests.php,"طلبات عروض الموردين",0,0,0,0,0,0,0,0,0,0,0,0,0,0,0,0,,no_grant
26,"إدارة التمويل",172,Contracts/contract_sites.php,"نطاقات العقد التشغيلية",0,0,0,0,0,0,0,0,0,0,0,0,0,0,0,0,,no_grant
26,"إدارة التمويل",173,Contracts/contract_lines.php,"بنود عقد العميل وقيمته",0,0,0,0,0,0,0,0,0,0,0,0,0,0,0,0,,no_grant
26,"إدارة التمويل",174,Contracts/contract_monthly_plan.php,"الجدول الشهري للعقد",0,0,0,0,0,0,0,0,0,0,0,0,0,0,0,0,,no_grant
26,"إدارة التمويل",175,Contracts/contract_resource_plan.php,"خطة موارد العقد",0,0,0,0,0,0,0,0,0,0,0,0,0,0,0,0,,no_grant
26,"إدارة التمويل",176,Contracts/contract_payment_schedule.php,"خطة دفع العقد",0,0,0,0,0,0,0,0,0,0,0,0,0,0,0,0,,no_grant
26,"إدارة التمويل",177,Contracts/contract_guarantees.php,"ضمانات العقد",0,0,0,0,0,0,0,0,0,0,0,0,0,0,0,0,,no_grant
26,"إدارة التمويل",178,Contracts/plan_actual_link.php,"ربط الخطة بالفعلي",0,0,0,0,0,0,0,0,0,0,0,0,0,0,0,0,,no_grant
26,"إدارة التمويل",179,Contracts/contract_baseline.php,"خط أساس العقد",0,0,0,0,0,0,0,0,0,0,0,0,0,0,0,0,,no_grant
26,"إدارة التمويل",180,Contracts/contract_lifecycle.php,"اقتصاد دورة حياة العقد",0,0,0,0,0,0,0,0,0,0,0,0,0,0,0,0,,no_grant
26,"إدارة التمويل",181,Contracts/commercial_board.php,"اللوحة التجارية للعقود",0,0,0,0,0,0,0,0,0,0,0,0,0,0,0,0,,no_grant
26,"إدارة التمويل",182,user_capacities.php,"صفاتي ومبدّل المساحة",0,0,0,0,0,0,0,0,0,0,0,0,0,0,0,0,,no_grant
26,"إدارة التمويل",183,Portal/visibility_keys.php,"مفاتيح الظهور",0,0,0,0,0,0,0,0,0,0,0,0,0,0,0,0,,no_grant
26,"إدارة التمويل",184,Portal/portal_elements.php,"مكوّنات البوابة",0,0,0,0,0,0,0,0,0,0,0,0,0,0,0,0,,no_grant
26,"إدارة التمويل",185,Portal/visibility_simulator.php,"من يرى ماذا (محاكاة)",0,0,0,0,0,0,0,0,0,0,0,0,0,0,0,0,,no_grant
26,"إدارة التمويل",186,Portal/visibility_audit.php,"سجل تدقيق الظهور",0,0,0,0,0,0,0,0,0,0,0,0,0,0,0,0,,no_grant
26,"إدارة التمويل",187,Portal/my_portal.php,بوابتي,0,0,0,0,0,0,0,0,0,0,0,0,0,0,0,0,,no_grant
26,"إدارة التمويل",188,Portal/my_achievement.php,إنجازي,0,0,0,0,0,0,0,0,0,0,0,0,0,0,0,0,,no_grant
26,"إدارة التمويل",189,Portal/my_evaluation.php,"التقييم الثنائي",0,0,0,0,0,0,0,0,0,0,0,0,0,0,0,0,,no_grant
26,"إدارة التمويل",190,Portal/my_certificate.php,"شهادة الإنجاز",0,0,0,0,0,0,0,0,0,0,0,0,0,0,0,0,,no_grant
26,"إدارة التمويل",191,Portal/workspace.php,"مساحة العمل",0,0,0,0,0,0,0,0,0,0,0,0,0,0,0,0,,no_grant
26,"إدارة التمويل",192,Finance/approvals_inbox.php,"صندوق الاعتمادات الموحد",0,0,0,0,0,0,0,0,0,0,0,0,0,0,0,0,,no_grant
26,"إدارة التمويل",193,Operations/operations_room.php,"غرفة عمليات التشغيل",0,0,0,0,0,0,0,0,0,0,0,0,0,0,0,0,,no_grant
26,"إدارة التمويل",194,Operations/distribution_space.php,"مساحة التوزيع",0,0,0,0,0,0,0,0,0,0,0,0,0,0,0,0,,no_grant
26,"إدارة التمويل",195,Reports/daily_units_report.php,"سجل الوحدات اليومية",0,0,0,0,0,0,0,0,0,0,0,0,0,0,0,0,,no_grant
26,"إدارة التمويل",196,Fleet/readiness_board.php,"لوحة الجاهزية",0,0,0,0,0,0,0,0,0,0,0,0,0,0,0,0,,no_grant
26,"إدارة التمويل",197,Maintenance/failure_report.php,"تقرير الأعطال (التصنيف الموحد)",0,0,0,0,0,0,0,0,0,0,0,0,0,0,0,0,,no_grant
26,"إدارة التمويل",198,Procurement/supplier_card_proc.php,"بطاقة مورد المشتريات",0,0,0,0,0,0,0,0,0,0,0,0,0,0,0,0,,no_grant
26,"إدارة التمويل",199,Procurement/warehouse_board.php,"لوحة أمين المستودع",0,0,0,0,0,0,0,0,0,0,0,0,0,0,0,0,,no_grant
26,"إدارة التمويل",200,Contracts/contract_card.php,"بطاقة العقد الأم",0,0,0,0,0,0,0,0,0,0,0,0,0,0,0,0,,no_grant
26,"إدارة التمويل",201,Employees/employee_card.php,"بطاقة الموظف",0,0,0,0,0,0,0,0,0,0,0,0,0,0,0,0,,no_grant
26,"إدارة التمويل",202,Reports/margin_report.php,"هامش الواقعة والعقد",0,0,0,0,0,0,0,0,0,0,0,0,0,0,0,0,,no_grant
26,"إدارة التمويل",203,Reports/exceptions_report.php,"تقرير الاستثناءات",0,0,0,0,0,0,0,0,0,0,0,0,0,0,0,0,,no_grant
26,"إدارة التمويل",204,Reports/guard_denials_report.php,"تقرير المنع",0,0,0,0,0,0,0,0,0,0,0,0,0,0,0,0,,no_grant
26,"إدارة التمويل",205,Settings/guard_classification.php,"تصنيف الحمايات",0,0,0,0,0,0,0,0,0,0,0,0,0,0,0,0,,no_grant
26,"إدارة التمويل",206,Governance/entities_registry.php,"سجل الكيانات",1,1,1,0,0,0,0,0,0,0,0,0,1,1,0,0,company,derived_from_4flags
26,"إدارة التمويل",207,Governance/signing_authority.php,"التفويض بالتوقيع",1,1,1,0,0,0,0,0,0,0,0,0,1,1,0,0,company,derived_from_4flags
26,"إدارة التمويل",208,Governance/licenses_guarantees.php,"التراخيص والكفالات",1,1,1,0,0,0,0,0,0,0,0,0,1,1,0,0,company,derived_from_4flags
26,"إدارة التمويل",209,Governance/activation_patterns.php,"أنماط التفعيل",0,0,0,0,0,0,0,0,0,0,0,0,0,0,0,0,,no_grant
26,"إدارة التمويل",210,Financing/financiers_registry.php,"سجل الممولين",1,1,1,1,1,1,1,0,0,0,0,1,1,1,0,0,company,derived_from_4flags
26,"إدارة التمويل",211,Financing/financing_operation_new.php,"إنشاء عملية تمويل",1,1,1,1,1,1,1,0,0,0,0,1,1,1,0,0,company,derived_from_4flags
26,"إدارة التمويل",212,Reports/approval_lag_report.php,"الاعتمادات المتأخرة والوثائق",1,1,1,0,0,0,0,0,0,0,0,0,1,1,0,0,company,derived_from_4flags
26,"إدارة التمويل",213,Governance/ownership_grants.php,"منح المجال المقيَّد",0,0,0,0,0,0,0,0,0,0,0,0,0,0,0,0,,no_grant
26,"إدارة التمويل",214,Financing/financing_board.php,"لوحة إدارة التمويل",1,1,1,0,0,0,0,0,0,0,0,0,1,1,0,0,company,derived_from_4flags
26,"إدارة التمويل",215,admin/ops_manager_board.php,"لوحة مدير التشغيل",0,0,0,0,0,0,0,0,0,0,0,0,0,0,0,0,,no_grant
26,"إدارة التمويل",216,admin/org_assignments.php,"التكليفات التنظيمية",0,0,0,0,0,0,0,0,0,0,0,0,0,0,0,0,,no_grant
26,"إدارة التمويل",217,admin/org_structure.php,"الهيكل التنظيمي",0,0,0,0,0,0,0,0,0,0,0,0,0,0,0,0,,no_grant
26,"إدارة التمويل",218,admin/org_permits.php,"أذونات المواقع",0,0,0,0,0,0,0,0,0,0,0,0,0,0,0,0,,no_grant
26,"إدارة التمويل",222,admin/sec_governance.php,"مركز حوكمة الصلاحيات",0,0,0,0,0,0,0,0,0,0,0,0,0,0,0,0,,no_grant
26,"إدارة التمويل",223,admin/sec_employee_wizard.php,"معالج إعداد الموظف",0,0,0,0,0,0,0,0,0,0,0,0,0,0,0,0,,no_grant
26,"إدارة التمويل",225,Tickets/ticket_workstreams_board.php,"لوحة مسارات البلاغات",0,0,0,0,0,0,0,0,0,0,0,0,0,0,0,0,,no_grant
26,"إدارة التمويل",226,Tickets/watchtower.php,"برج المراقبة",0,0,0,0,0,0,0,0,0,0,0,0,0,0,0,0,,no_grant
26,"إدارة التمويل",227,Tickets/ticket_contextual_open.php,"بلاغ سياقي جديد",1,1,1,1,0,1,0,0,0,0,0,0,1,1,0,0,company,derived_from_4flags
26,"إدارة التمويل",228,main/my_workspace.php,"مساحة عملي",1,1,1,0,0,0,0,0,0,0,0,0,1,1,0,0,company,derived_from_4flags
