id	doc	requirement	acceptance_test	state	witness
FIXA-0014-أ	FIXA	◆ العطلُ الجذري «RF-01	اختبارُ إغلاق: اختبارٌ بحسابٍ غيرِ مخوَّلٍ على شاشةٍ غيرِ مسجَّلةٍ يرجع 403 لا 200 — وسجلُّ الرفضِ يحمل الصف	غيرُ مقيس	
FIXA-0014-ب	FIXA	◆ الحارسُ المركزيُّ يفشل مفتوحًا» في includes/permissions_helper.php:803-818: الفرعُ الذي لا يجد صفًّا في modules يرجع كلَّ الصلاحياتِ true	اختبارُ إغلاق: اختبارٌ بحسابٍ غيرِ مخوَّلٍ على شاشةٍ غيرِ مسجَّلةٍ يرجع 403 لا 200 — وسجلُّ الرفضِ يحمل الصف	غيرُ مقيس	
FIXA-0014-ج	FIXA	و≈40 شاشةً حيةً تعمل به فعلًا · منها ملفُّ العميلِ وملفُّ الموردِ وملفُّ عمليةِ التمويل · وخطورتُه P0.	اختبارُ إغلاق: اختبارٌ بحسابٍ غيرِ مخوَّلٍ على شاشةٍ غيرِ مسجَّلةٍ يرجع 403 لا 200 — وسجلُّ الرفضِ يحمل الصف	غيرُ مقيس	
FIXA-0015-أ	FIXA	خطوةُ تصحيحِ «RF-01» رقم 1 — نطاقُ الحكم	اختبارُ خطوة: «استبدلْ فرعَ الغيابِ بمنعٍ كاملٍ لكلِّ الصلاحياتِ الخمس» منفَّذةٌ ومقيسة	غيرُ مقيس	
FIXA-0015-ب	FIXA	استبدلْ فرعَ الغيابِ بمنعٍ كاملٍ لكلِّ الصلاحياتِ الخمس	اختبارُ خطوة: «استبدلْ فرعَ الغيابِ بمنعٍ كاملٍ لكلِّ الصلاحياتِ الخمس» منفَّذةٌ ومقيسة	غيرُ مقيس	
FIXA-0016-أ	FIXA	خطوةُ تصحيحِ «RF-01» رقم 2 — نطاقُ الحكم	اختبارُ خطوة: «أضفْ سجلَّ رفضٍ يكتب اسمَ الشاشةِ والدورَ والوقتَ عند كلِّ إ» منفَّذةٌ ومقيسة	غيرُ مقيس	
FIXA-0016-ب	FIXA	أضفْ سجلَّ رفضٍ يكتب اسمَ الشاشةِ والدورَ والوقتَ عند كلِّ إخفاقٍ بالغياب	اختبارُ خطوة: «أضفْ سجلَّ رفضٍ يكتب اسمَ الشاشةِ والدورَ والوقتَ عند كلِّ إ» منفَّذةٌ ومقيسة	غيرُ مقيس	
FIXA-0017-أ	FIXA	خطوةُ تصحيحِ «RF-01» رقم 3 — نطاقُ الحكم	اختبارُ خطوة: «شغّلْ مسحًا يحصر الشاشاتِ الأربعينَ ويسجّلها في modules قبلَ» منفَّذةٌ ومقيسة	غيرُ مقيس	
FIXA-0017-ب	FIXA	شغّلْ مسحًا يحصر الشاشاتِ الأربعينَ ويسجّلها في modules قبلَ نشرِ الإصلاح	اختبارُ خطوة: «شغّلْ مسحًا يحصر الشاشاتِ الأربعينَ ويسجّلها في modules قبلَ» منفَّذةٌ ومقيسة	غيرُ مقيس	
FIXA-0018-أ	FIXA	خطوةُ تصحيحِ «RF-01» رقم 4 — نطاقُ الحكم	اختبارُ خطوة: «◆ ولا تنشرِ الإصلاحَ قبلَ التسجيلِ — فالمنعُ الفوريُّ يُعطّل» منفَّذةٌ ومقيسة	غيرُ مقيس	
FIXA-0018-ب	FIXA	◆ ولا تنشرِ الإصلاحَ قبلَ التسجيلِ	اختبارُ خطوة: «◆ ولا تنشرِ الإصلاحَ قبلَ التسجيلِ — فالمنعُ الفوريُّ يُعطّل» منفَّذةٌ ومقيسة	غيرُ مقيس	
FIXA-0018-ج	FIXA	فالمنعُ الفوريُّ يُعطّل أربعينَ شاشةً حية	اختبارُ خطوة: «◆ ولا تنشرِ الإصلاحَ قبلَ التسجيلِ — فالمنعُ الفوريُّ يُعطّل» منفَّذةٌ ومقيسة	غيرُ مقيس	
FIXA-0019-أ	FIXA	خطوةُ تصحيحِ «RF-01» رقم 5 — نطاقُ الحكم	اختبارُ خطوة: «أضفْ فاحصًا يعدُّ الأسطحَ غيرَ المسجَّلةِ ويرسب فوقَ صفر» منفَّذةٌ ومقيسة	غيرُ مقيس	
FIXA-0019-ب	FIXA	أضفْ فاحصًا يعدُّ الأسطحَ غيرَ المسجَّلةِ ويرسب فوقَ صفر	اختبارُ خطوة: «أضفْ فاحصًا يعدُّ الأسطحَ غيرَ المسجَّلةِ ويرسب فوقَ صفر» منفَّذةٌ ومقيسة	غيرُ مقيس	
FIXA-0020-أ	FIXA	◆ العطلُ الجذري «RF-02	اختبارُ إغلاق: فاحصُ ترتيبٍ يثبت أن سطرَ الحارسِ يسبق أولَ كتابةٍ في مئةٍ بالمئةِ من الأسطح	غيرُ مقيس	
FIXA-0020-ب	FIXA	◆ الأثرُ يُرحَّل قبلَ وصولِ الحارس» في rfq_compare_award.php · wh_count.php · wh_transfer.php · transfer_close_cost.php: معالجاتُ الكتابةِ تقع في أسطرٍ تسبق include &apos;../insidebar.php&apos;	اختبارُ إغلاق: فاحصُ ترتيبٍ يثبت أن سطرَ الحارسِ يسبق أولَ كتابةٍ في مئةٍ بالمئةِ من الأسطح	غيرُ مقيس	
FIXA-0020-ج	FIXA	فيُنفَّذ الأثرُ ثم يُعاد توجيهُ المستخدمِ برسالةِ «لا صلاحية» · وخطورتُه P0.	اختبارُ إغلاق: فاحصُ ترتيبٍ يثبت أن سطرَ الحارسِ يسبق أولَ كتابةٍ في مئةٍ بالمئةِ من الأسطح	غيرُ مقيس	
FIXA-0021-أ	FIXA	خطوةُ تصحيحِ «RF-02» رقم 1 — نطاقُ الحكم	اختبارُ خطوة: «انقلْ حارسَ الشاشةِ وحارسَ الفعلِ إلى أعلى الملفِّ قبلَ أيِّ» منفَّذةٌ ومقيسة	غيرُ مقيس	
FIXA-0021-ب	FIXA	انقلْ حارسَ الشاشةِ وحارسَ الفعلِ إلى أعلى الملفِّ قبلَ أيِّ معالج	اختبارُ خطوة: «انقلْ حارسَ الشاشةِ وحارسَ الفعلِ إلى أعلى الملفِّ قبلَ أيِّ» منفَّذةٌ ومقيسة	غيرُ مقيس	
FIXA-0022-أ	FIXA	خطوةُ تصحيحِ «RF-02» رقم 2 — نطاقُ الحكم	اختبارُ خطوة: «◆ ولا تعتمدْ على insidebar في الحجبِ — فهو عرضٌ لا حارس» منفَّذةٌ ومقيسة	غيرُ مقيس	
FIXA-0022-ب	FIXA	◆ ولا تعتمدْ على insidebar في الحجبِ — فهو عرضٌ لا حارس	اختبارُ خطوة: «◆ ولا تعتمدْ على insidebar في الحجبِ — فهو عرضٌ لا حارس» منفَّذةٌ ومقيسة	غيرُ مقيس	
FIXA-0023-أ	FIXA	خطوةُ تصحيحِ «RF-02» رقم 3 — نطاقُ الحكم	اختبارُ خطوة: «افصلْ معالجَ POST في ملفٍّ أو دالةٍ تُنادى بعدَ الحرّاسِ صري» منفَّذةٌ ومقيسة	غيرُ مقيس	
FIXA-0023-ب	FIXA	افصلْ معالجَ POST في ملفٍّ أو دالةٍ تُنادى بعدَ الحرّاسِ صريحًا	اختبارُ خطوة: «افصلْ معالجَ POST في ملفٍّ أو دالةٍ تُنادى بعدَ الحرّاسِ صري» منفَّذةٌ ومقيسة	غيرُ مقيس	
FIXA-0024-أ	FIXA	خطوةُ تصحيحِ «RF-02» رقم 4 — نطاقُ الحكم	اختبارُ خطوة: «أضفْ فاحصًا يقارن رقمَ سطرِ أولِ كتابةٍ برقمِ سطرِ الحارسِ ف» منفَّذةٌ ومقيسة	غيرُ مقيس	
FIXA-0024-ب	FIXA	أضفْ فاحصًا يقارن رقمَ سطرِ أولِ كتابةٍ برقمِ سطرِ الحارسِ في كلِّ ملفٍّ ويرسب إن سبقته	اختبارُ خطوة: «أضفْ فاحصًا يقارن رقمَ سطرِ أولِ كتابةٍ برقمِ سطرِ الحارسِ ف» منفَّذةٌ ومقيسة	غيرُ مقيس	
FIXA-0025-أ	FIXA	خطوةُ تصحيحِ «RF-02» رقم 5 — نطاقُ الحكم	اختبارُ خطوة: «راجعِ الأربعةَ المرصودةَ أولًا ثم امسحِ الأسطحَ كلَّها بالفا» منفَّذةٌ ومقيسة	غيرُ مقيس	
FIXA-0025-ب	FIXA	راجعِ الأربعةَ المرصودةَ أولًا ثم امسحِ الأسطحَ كلَّها بالفاحصِ نفسِه	اختبارُ خطوة: «راجعِ الأربعةَ المرصودةَ أولًا ثم امسحِ الأسطحَ كلَّها بالفا» منفَّذةٌ ومقيسة	غيرُ مقيس	
FIXA-0026-أ	FIXA	◆ العطلُ الجذري «RF-03	اختبارُ إغلاق: ملفٌّ مصدَّرٌ بحسابٍ غيرِ مخوَّلٍ لا يحمل عمودًا حساسًا واحدًا — وسجلُّ التصديرِ يحمل التسعة	غيرُ مقيس	
FIXA-0026-ب	FIXA	◆ التصديرُ الموحَّدُ بلا طبقةِ صلاحيات» في excel.php:16 · excel.php:86-99: لا يحمّل permissions_helper فيسقط ExcelService::authorize في فرعِه المفتوح	اختبارُ إغلاق: ملفٌّ مصدَّرٌ بحسابٍ غيرِ مخوَّلٍ لا يحمل عمودًا حساسًا واحدًا — وسجلُّ التصديرِ يحمل التسعة	غيرُ مقيس	
FIXA-0026-ج	FIXA	والحقولُ الحساسةُ تُسجَّل ثم تُصدَّر كاملةً · وخطورتُه P0.	اختبارُ إغلاق: ملفٌّ مصدَّرٌ بحسابٍ غيرِ مخوَّلٍ لا يحمل عمودًا حساسًا واحدًا — وسجلُّ التصديرِ يحمل التسعة	غيرُ مقيس	
FIXA-0027-أ	FIXA	خطوةُ تصحيحِ «RF-03» رقم 1 — نطاقُ الحكم	اختبارُ خطوة: «حمّلْ permissions_helper في رأسِ excel.php قبلَ أيِّ نداءٍ ل» منفَّذةٌ ومقيسة	غيرُ مقيس	
FIXA-0027-ب	FIXA	حمّلْ permissions_helper في رأسِ excel.php قبلَ أيِّ نداءٍ للتصريح	اختبارُ خطوة: «حمّلْ permissions_helper في رأسِ excel.php قبلَ أيِّ نداءٍ ل» منفَّذةٌ ومقيسة	غيرُ مقيس	
FIXA-0028-أ	FIXA	خطوةُ تصحيحِ «RF-03» رقم 2 — نطاقُ الحكم	اختبارُ خطوة: «◆ اجعلْ authorize يفشل مغلقًا: غيابُ الحارسِ يعني منعًا لا س» منفَّذةٌ ومقيسة	غيرُ مقيس	
FIXA-0028-ب	FIXA	◆ اجعلْ authorize يفشل مغلقًا: غيابُ الحارسِ يعني منعًا لا سماحًا	اختبارُ خطوة: «◆ اجعلْ authorize يفشل مغلقًا: غيابُ الحارسِ يعني منعًا لا س» منفَّذةٌ ومقيسة	غيرُ مقيس	
FIXA-0029-أ	FIXA	خطوةُ تصحيحِ «RF-03» رقم 3 — نطاقُ الحكم	اختبارُ خطوة: «مرّرْ أعمدةَ التصديرِ عبرَ FieldGovernor فلا يُرسَل حساسٌ لغ» منفَّذةٌ ومقيسة	غيرُ مقيس	
FIXA-0029-ب	FIXA	مرّرْ أعمدةَ التصديرِ عبرَ FieldGovernor فلا يُرسَل حساسٌ لغيرِ المخوَّل	اختبارُ خطوة: «مرّرْ أعمدةَ التصديرِ عبرَ FieldGovernor فلا يُرسَل حساسٌ لغ» منفَّذةٌ ومقيسة	غيرُ مقيس	
FIXA-0030-أ	FIXA	خطوةُ تصحيحِ «RF-03» رقم 4 — نطاقُ الحكم	اختبارُ خطوة: «صنّفْ فعلَ التصديرِ كتابةَ حوكمةٍ ويكتب سجلًّا بتسعةِ بنودٍ » منفَّذةٌ ومقيسة	غيرُ مقيس	
FIXA-0030-ب	FIXA	صنّفْ فعلَ التصديرِ كتابةَ حوكمةٍ ويكتب سجلًّا بتسعةِ بنودٍ ومنها الحقولُ المستبعَدة	اختبارُ خطوة: «صنّفْ فعلَ التصديرِ كتابةَ حوكمةٍ ويكتب سجلًّا بتسعةِ بنودٍ » منفَّذةٌ ومقيسة	غيرُ مقيس	
FIXA-0031-أ	FIXA	خطوةُ تصحيحِ «RF-03» رقم 5 — نطاقُ الحكم	اختبارُ خطوة: «أضفْ اختبارًا يصدّر بحسابين ويقارن أعمدةَ الملفين» منفَّذةٌ ومقيسة	غيرُ مقيس	
FIXA-0031-ب	FIXA	أضفْ اختبارًا يصدّر بحسابين ويقارن أعمدةَ الملفين	اختبارُ خطوة: «أضفْ اختبارًا يصدّر بحسابين ويقارن أعمدةَ الملفين» منفَّذةٌ ومقيسة	غيرُ مقيس	
FIXA-0032-أ	FIXA	◆ عطلُ البوابة «GT-01	اختبارُ إغلاق: لكلِّ فحصٍ في الأدواتِ اختبارٌ سلبيٌّ مقابلٌ يثبت أنه يرسب عند الإفساد	غيرُ مقيس	
FIXA-0032-ب	FIXA	◆ شرطٌ خاوٍ يمرُّ أخضر» في tools/u13_gate.php:1172 · tools/m10_ac_gate.php:190: الثانيةُ تتحقق من وجودِ السلسلةِ table داخلَ ملفِّ PHP	اختبارُ إغلاق: لكلِّ فحصٍ في الأدواتِ اختبارٌ سلبيٌّ مقابلٌ يثبت أنه يرسب عند الإفساد	غيرُ مقيس	
FIXA-0032-ج	FIXA	فأيُّ تقريرِ جاهزيةٍ مبنيٍّ عليهما ليس دليلًا · وخطورتُه P0.	اختبارُ إغلاق: لكلِّ فحصٍ في الأدواتِ اختبارٌ سلبيٌّ مقابلٌ يثبت أنه يرسب عند الإفساد	غيرُ مقيس	
FIXA-0033-أ	FIXA	خطوةُ تصحيحِ «GT-01» رقم 1 — نطاقُ الحكم	اختبارُ خطوة: «◆ كلُّ فحصٍ يعلن ما يقيسه نصًّا وما لا يقيسه صريحًا» منفَّذةٌ ومقيسة	غيرُ مقيس	
FIXA-0033-ب	FIXA	◆ كلُّ فحصٍ يعلن ما يقيسه نصًّا وما لا يقيسه صريحًا	اختبارُ خطوة: «◆ كلُّ فحصٍ يعلن ما يقيسه نصًّا وما لا يقيسه صريحًا» منفَّذةٌ ومقيسة	غيرُ مقيس	
FIXA-0034-أ	FIXA	خطوةُ تصحيحِ «GT-01» رقم 2 — نطاقُ الحكم	اختبارُ خطوة: «◆ صفرُ فحصٍ نتيجتُه من وجودِ سلسلةٍ نصيةٍ في ملف — والإثباتُ» منفَّذةٌ ومقيسة	غيرُ مقيس	
FIXA-0034-ب	FIXA	◆ صفرُ فحصٍ نتيجتُه من وجودِ سلسلةٍ نصيةٍ في ملف	اختبارُ خطوة: «◆ صفرُ فحصٍ نتيجتُه من وجودِ سلسلةٍ نصيةٍ في ملف — والإثباتُ» منفَّذةٌ ومقيسة	غيرُ مقيس	
FIXA-0034-ج	FIXA	والإثباتُ بانعكاسٍ أو استعلامٍ أو نداءٍ حيّ	اختبارُ خطوة: «◆ صفرُ فحصٍ نتيجتُه من وجودِ سلسلةٍ نصيةٍ في ملف — والإثباتُ» منفَّذةٌ ومقيسة	غيرُ مقيس	
FIXA-0035-أ	FIXA	خطوةُ تصحيحِ «GT-01» رقم 3 — نطاقُ الحكم	اختبارُ خطوة: «كلُّ فحصٍ يرسب افتراضًا ويمرُّ بشاهدٍ — لا العكس» منفَّذةٌ ومقيسة	غيرُ مقيس	
FIXA-0035-ب	FIXA	كلُّ فحصٍ يرسب افتراضًا ويمرُّ بشاهدٍ — لا العكس	اختبارُ خطوة: «كلُّ فحصٍ يرسب افتراضًا ويمرُّ بشاهدٍ — لا العكس» منفَّذةٌ ومقيسة	غيرُ مقيس	
FIXA-0036-أ	FIXA	خطوةُ تصحيحِ «GT-01» رقم 4 — نطاقُ الحكم	اختبارُ خطوة: «أضفْ اختبارًا سلبيًّا لكلِّ فحص: افسدِ المفحوصَ عمدًا وأثبتْ» منفَّذةٌ ومقيسة	غيرُ مقيس	
FIXA-0036-ب	FIXA	أضفْ اختبارًا سلبيًّا لكلِّ فحص: افسدِ المفحوصَ عمدًا وأثبتْ أن الفحصَ يرسب	اختبارُ خطوة: «أضفْ اختبارًا سلبيًّا لكلِّ فحص: افسدِ المفحوصَ عمدًا وأثبتْ» منفَّذةٌ ومقيسة	غيرُ مقيس	
FIXA-0037-أ	FIXA	خطوةُ تصحيحِ «GT-01» رقم 5 — نطاقُ الحكم	اختبارُ خطوة: «◆ أيُّ فحصٍ لا يرسب عند إفسادِ مفحوصِه يُحذف — فهو يصادق على» منفَّذةٌ ومقيسة	غيرُ مقيس	
FIXA-0037-ب	FIXA	◆ أيُّ فحصٍ لا يرسب عند إفسادِ مفحوصِه يُحذف	اختبارُ خطوة: «◆ أيُّ فحصٍ لا يرسب عند إفسادِ مفحوصِه يُحذف — فهو يصادق على» منفَّذةٌ ومقيسة	غيرُ مقيس	
FIXA-0037-ج	FIXA	فهو يصادق على نفسه	اختبارُ خطوة: «◆ أيُّ فحصٍ لا يرسب عند إفسادِ مفحوصِه يُحذف — فهو يصادق على» منفَّذةٌ ومقيسة	غيرُ مقيس	
FIXA-0038-أ	FIXA	◆ عطلُ البوابة «GT-02	اختبارُ إغلاق: تقريرُ الفاحصِ يحمل الستةَ — ومقامٌ معلَنٌ لكلِّ نسبة	غيرُ مقيس	
FIXA-0038-ب	FIXA	معاييرُ الفاحصِ العكسيِّ الستة» في منهجٌ عامّ: الفاحصُ يبدأ من الوثيقةِ ويعدُّ كلَّ بندٍ ثم يبحث عن أثرِه الحيّ	اختبارُ إغلاق: تقريرُ الفاحصِ يحمل الستةَ — ومقامٌ معلَنٌ لكلِّ نسبة	غيرُ مقيس	
FIXA-0038-ج	FIXA	لا من الكودِ فيؤكّد نفسَه · وخطورتُه P1.	اختبارُ إغلاق: تقريرُ الفاحصِ يحمل الستةَ — ومقامٌ معلَنٌ لكلِّ نسبة	غيرُ مقيس	
FIXA-0039	FIXA	خطوةُ تصحيحِ «GT-02» رقم 1: يبدأ من الوثيقةِ لا من الكود	اختبارُ خطوة: «يبدأ من الوثيقةِ لا من الكود» منفَّذةٌ ومقيسة	غيرُ مقيس	
FIXA-0040-أ	FIXA	خطوةُ تصحيحِ «GT-02» رقم 2 — نطاقُ الحكم	اختبارُ خطوة: «يعدُّ البنودَ المعلَنةَ كلَّها لا ما بُني منها» منفَّذةٌ ومقيسة	غيرُ مقيس	
FIXA-0040-ب	FIXA	يعدُّ البنودَ المعلَنةَ كلَّها لا ما بُني منها	اختبارُ خطوة: «يعدُّ البنودَ المعلَنةَ كلَّها لا ما بُني منها» منفَّذةٌ ومقيسة	غيرُ مقيس	
FIXA-0041-أ	FIXA	خطوةُ تصحيحِ «GT-02» رقم 3 — نطاقُ الحكم	اختبارُ خطوة: «يبحث عن الأثرِ الحيِّ بنداءٍ أو استعلامٍ لا بمطابقةِ نص» منفَّذةٌ ومقيسة	غيرُ مقيس	
FIXA-0041-ب	FIXA	يبحث عن الأثرِ الحيِّ بنداءٍ أو استعلامٍ لا بمطابقةِ نص	اختبارُ خطوة: «يبحث عن الأثرِ الحيِّ بنداءٍ أو استعلامٍ لا بمطابقةِ نص» منفَّذةٌ ومقيسة	غيرُ مقيس	
FIXA-0042-أ	FIXA	خطوةُ تصحيحِ «GT-02» رقم 4 — نطاقُ الحكم	اختبارُ خطوة: «◆ يقيس بأداتين مستقلتين ويرسب عند اختلافهما» منفَّذةٌ ومقيسة	غيرُ مقيس	
FIXA-0042-ب	FIXA	◆ يقيس بأداتين مستقلتين ويرسب عند اختلافهما	اختبارُ خطوة: «◆ يقيس بأداتين مستقلتين ويرسب عند اختلافهما» منفَّذةٌ ومقيسة	غيرُ مقيس	
FIXA-0043	FIXA	خطوةُ تصحيحِ «GT-02» رقم 5: يعلن مقامَه ومصدرَه وتاريخَ قياسه	اختبارُ خطوة: «يعلن مقامَه ومصدرَه وتاريخَ قياسه» منفَّذةٌ ومقيسة	غيرُ مقيس	
FIXA-0044-أ	FIXA	خطوةُ تصحيحِ «GT-02» رقم 6 — نطاقُ الحكم	اختبارُ خطوة: «◆ ويعلن ما لم يفحصه صريحًا — فالصمتُ يُقرأ مطابقة» منفَّذةٌ ومقيسة	غيرُ مقيس	
FIXA-0044-ب	FIXA	◆ ويعلن ما لم يفحصه صريحًا	اختبارُ خطوة: «◆ ويعلن ما لم يفحصه صريحًا — فالصمتُ يُقرأ مطابقة» منفَّذةٌ ومقيسة	غيرُ مقيس	
FIXA-0044-ج	FIXA	فالصمتُ يُقرأ مطابقة	اختبارُ خطوة: «◆ ويعلن ما لم يفحصه صريحًا — فالصمتُ يُقرأ مطابقة» منفَّذةٌ ومقيسة	غيرُ مقيس	
FIXA-0002-أ	FIXA	معيارُ التكويد «CS-01 — ترتيبُ الملفِّ الإلزاميُّ الثابت» — نطاقُ الحكم	اختبارُ معيار: فاحصٌ آليٌّ يثبت أن أولَ استدعاءِ كتابةٍ في كلِّ ملفٍّ يقع بعدَ سطرِ الحارس	غيرُ مقيس	
FIXA-0002-ب	FIXA	كلُّ سطحٍ يُكتب بالترتيب: جلسةٌ ← إعدادٌ ← حارسُ شاشةٍ ← حارسُ فعلٍ ← معالجاتُ POST ← استعلاماتُ العرضِ ← ترويسةٌ ← سايدبارٌ ← جسم · والنمطُ الصحيح: session_bootstrap → config → permissions_helper(can_view) → action_guard → POST handlers → SELECTs → inheader → insidebar → HTML	اختبارُ معيار: فاحصٌ آليٌّ يثبت أن أولَ استدعاءِ كتابةٍ في كلِّ ملفٍّ يقع بعدَ سطرِ الحارس	غيرُ مقيس	
FIXA-0002-ج	FIXA	◆ ولا كتابةَ قبلَ الحارسِ ولا حارسَ بعدَ الكتابة	اختبارُ معيار: فاحصٌ آليٌّ يثبت أن أولَ استدعاءِ كتابةٍ في كلِّ ملفٍّ يقع بعدَ سطرِ الحارس	غيرُ مقيس	
FIXA-0003-أ	FIXA	معيارُ التكويد «CS-02	اختبارُ معيار: استعلامٌ يعدُّ فروعَ الإرجاعِ الافتراضيِّ في كلِّ حارسٍ — والنتيجةُ صفرُ فرعٍ سامح	غيرُ مقيس	
FIXA-0003-ب	FIXA	الفشلُ مغلقٌ لا مفتوحٌ في كلِّ حارس»: أيُّ فرعٍ لا يجد سجلَّ صلاحيةٍ يرجع منعًا لا سماحًا	اختبارُ معيار: استعلامٌ يعدُّ فروعَ الإرجاعِ الافتراضيِّ في كلِّ حارسٍ — والنتيجةُ صفرُ فرعٍ سامح	غيرُ مقيس	
FIXA-0003-ج	FIXA	والافتراضُ الأمنيُّ منعٌ دائمًا · والنمطُ الصحيح: if (!$row) { return [&apos;can_view&apos;=>0,&apos;can_add&apos;=>0,&apos;can_edit&apos;=>0,&apos;can_delete&apos;=>0,&apos;can_export&apos;=>0]; }	اختبارُ معيار: استعلامٌ يعدُّ فروعَ الإرجاعِ الافتراضيِّ في كلِّ حارسٍ — والنتيجةُ صفرُ فرعٍ سامح	غيرُ مقيس	
FIXA-0003-د	FIXA	◆ وصفرُ فرعٍ يرجع true عند غيابِ الصف	اختبارُ معيار: استعلامٌ يعدُّ فروعَ الإرجاعِ الافتراضيِّ في كلِّ حارسٍ — والنتيجةُ صفرُ فرعٍ سامح	غيرُ مقيس	
FIXA-0004-أ	FIXA	معيارُ التكويد «CS-03 — معالجُ POST بعقدٍ سبعيٍّ ثابت» — نطاقُ الحكم	اختبارُ معيار: اختبارُ سبعةٍ: كلُّ معالجٍ يُرفض عند إخفاقِ كلِّ بندٍ من السبعةِ منفردًا	غيرُ مقيس	
FIXA-0004-ب	FIXA	كلُّ معالجٍ يتحقق: طريقةً ← رمزَ حمايةٍ ← فعلًا مسجَّلًا ← صلاحيةً ← مفتاحَ منعِ تكرارٍ ← مدخلاتٍ ← ثم يفتح المعاملة · والنمطُ الصحيح: if($_SERVER[&apos;REQUEST_METHOD&apos;]!==&apos;POST&apos;) exit; require_csrf(); action_guard(&apos;code&apos;); assert_perm(&apos;can_add&apos;); if(ProcessedOperations::seen($key)) return prior(); $v=validate($_POST); $db->begin_transaction();	اختبارُ معيار: اختبارُ سبعةٍ: كلُّ معالجٍ يُرفض عند إخفاقِ كلِّ بندٍ من السبعةِ منفردًا	غيرُ مقيس	
FIXA-0004-ج	FIXA	◆ والخروجُ عند أيِّ فشلٍ قبلَ أيِّ كتابة	اختبارُ معيار: اختبارُ سبعةٍ: كلُّ معالجٍ يُرفض عند إخفاقِ كلِّ بندٍ من السبعةِ منفردًا	غيرُ مقيس	
FIXA-0005-أ	FIXA	معيارُ التكويد «CS-04	اختبارُ معيار: اختبارُ ارتداد: فشلٌ مصطنعٌ في آخرِ كتابةٍ يترك صفرَ صفٍّ في الجداولِ كلِّها	غيرُ مقيس	
FIXA-0005-ب	FIXA	حدودُ المعاملةِ صريحةٌ ولا كتابةَ خارجَها»: كلُّ كتابةٍ متعددةِ الجداولِ داخلَ معاملةٍ واحدةٍ	اختبارُ معيار: اختبارُ ارتداد: فشلٌ مصطنعٌ في آخرِ كتابةٍ يترك صفرَ صفٍّ في الجداولِ كلِّها	مُغلقٌ بشاهد	tests/cap_w5_outbox_test.php · tests/event_publisher_test.php · tests/n06_transaction_bounds_test.php
FIXA-0005-ج	FIXA	والنشرُ داخلَها والارتدادُ يُلغي الكلّ · والنمطُ الصحيح: $db->begin_transaction(); try{ $svc->write(); EventPublisher::publishFact(...); $db->commit(); } catch(Throwable $e){ $db->rollback(); throw $e; }	اختبارُ معيار: اختبارُ ارتداد: فشلٌ مصطنعٌ في آخرِ كتابةٍ يترك صفرَ صفٍّ في الجداولِ كلِّها	مُغلقٌ بشاهد	tests/event_publisher_test.php · tests/n06_transaction_bounds_test.php
FIXA-0005-د	FIXA	◆ ولا تخصيصَ رقمٍ فريدٍ داخلَ المعاملةِ	اختبارُ معيار: اختبارُ ارتداد: فشلٌ مصطنعٌ في آخرِ كتابةٍ يترك صفرَ صفٍّ في الجداولِ كلِّها	غيرُ مقيس	
FIXA-0006-أ	FIXA	معيارُ التكويد «CS-05	اختبارُ معيار: مسحٌ آليّ: صفرُ عبارةِ كتابةٍ حرفيةٍ في مجلداتِ الأسطح	غيرُ مقيس	
FIXA-0006-ب	FIXA	الشاشةُ لا تكتب جدولًا	اختبارُ معيار: مسحٌ آليّ: صفرُ عبارةِ كتابةٍ حرفيةٍ في مجلداتِ الأسطح	غيرُ مقيس	
FIXA-0006-ج	FIXA	تنادي خدمةَ نطاقها»: صفرُ INSERT أو UPDATE أو DELETE في ملفِّ سطحٍ	اختبارُ معيار: مسحٌ آليّ: صفرُ عبارةِ كتابةٍ حرفيةٍ في مجلداتِ الأسطح	غيرُ مقيس	
FIXA-0006-د	FIXA	والحكمُ في الخدمةِ المالكة · والنمطُ الصحيح: $svc = new ContractService($db); $svc->approve($id, $actor); // لا $db->query(&apos;UPDATE contracts ...&apos;)	اختبارُ معيار: مسحٌ آليّ: صفرُ عبارةِ كتابةٍ حرفيةٍ في مجلداتِ الأسطح	غيرُ مقيس	
FIXA-0007-أ	FIXA	معيارُ التكويد «CS-06	اختبارُ معيار: اختبارُ حجب: نداءٌ برمزٍ غيرِ مسجَّلٍ يُرفض 403 ويُسجَّل	غيرُ مقيس	
FIXA-0007-ب	FIXA	كلُّ فعلٍ برمزٍ مسجَّلٍ وصنفِ كتابةٍ معلَن»: لا نداءَ POST بلا رمزِ فعلٍ في القاموسِ	اختبارُ معيار: اختبارُ حجب: نداءٌ برمزٍ غيرِ مسجَّلٍ يُرفض 403 ويُسجَّل	غيرُ مقيس	
FIXA-0007-ج	FIXA	وغيرُ المسجَّلِ يُحجب · والنمطُ الصحيح: action_guard(&apos;fin.payment.execute&apos;); // الرمزُ في nav09_action_map بصنفِ كتابةٍ معلَن	اختبارُ معيار: اختبارُ حجب: نداءٌ برمزٍ غيرِ مسجَّلٍ يُرفض 403 ويُسجَّل	غيرُ مقيس	
FIXA-0007-د	FIXA	◆ وصفرُ رمزٍ يحمل معنيين	اختبارُ معيار: اختبارُ حجب: نداءٌ برمزٍ غيرِ مسجَّلٍ يُرفض 403 ويُسجَّل	غيرُ مقيس	
FIXA-0008-أ	FIXA	معيارُ التكويد «CS-07	اختبارُ معيار: اختبارُ تكرار: خمسُ إعاداتٍ لطلبٍ واحدٍ تُنتج صفًّا واحدًا وترجع مرجعَه	غيرُ مقيس	
FIXA-0008-ب	FIXA	العطالةُ بمفتاحٍ مركَّبٍ لكلِّ فعلٍ ذي أثر»: إعادةُ النداءِ ترجع مرجعَ الأثرِ الأولِ ولا تولّد ثانيًا	اختبارُ معيار: اختبارُ تكرار: خمسُ إعاداتٍ لطلبٍ واحدٍ تُنتج صفًّا واحدًا وترجع مرجعَه	مُغلقٌ بشاهد	tests/attribution_reversal_test.php · tests/bank_reconciliation_test.php · tests/cap_w2_ledger_test.php · tests/claims_test.php · tests/collection_control_test.php · tests/event_publisher_test.php · tests/idempotency_resend_test.php · tests/maintenance_cost_publish_test.php · tests/n06_transaction_bounds_test.php · tests/n07_n08_api_contract_test.php · tests/payroll_run_cycle_test.php
FIXA-0008-ج	FIXA	والمفتاحُ من محتوى الطلبِ لا من وقته · والنمطُ الصحيح: $key = sha1($actor.&apos;|&apos;.$code.&apos;|&apos;.$refId.&apos;|&apos;.$amount); if($r=ProcessedOperations::find($key)) return $r->result;	اختبارُ معيار: اختبارُ تكرار: خمسُ إعاداتٍ لطلبٍ واحدٍ تُنتج صفًّا واحدًا وترجع مرجعَه	مُغلقٌ بشاهد	tests/cap_w2_ledger_test.php · tests/collection_control_test.php · tests/maintenance_cost_publish_test.php · tests/n06_transaction_bounds_test.php · tests/n07_n08_api_contract_test.php · tests/payroll_run_cycle_test.php
FIXA-0008-د	FIXA	◆ والعطالةُ لا تعمل إلا بإطفاءِ الإبلاغِ الرامي	اختبارُ معيار: اختبارُ تكرار: خمسُ إعاداتٍ لطلبٍ واحدٍ تُنتج صفًّا واحدًا وترجع مرجعَه	مُغطًّى	
FIXA-0009-أ	FIXA	معيارُ التكويد «CS-08	اختبارُ معيار: مسحٌ آليّ: صفرُ DELETE في خدماتِ الماليةِ والعقودِ والأصول	غيرُ مقيس	
FIXA-0009-ب	FIXA	العكسُ حركةٌ جديدةٌ بمرجعِها لا حذفٌ»: لكلِّ فعلٍ ذي أثرٍ ماليٍّ أو تعاقديٍّ فعلُ عكسٍ أو حكمٌ صريحٌ «لا عكسَ له بطبيعته» · والنمطُ الصحيح: $svc->reverse($originalId, $reason, $actor); // يُنشئ حركةً عاكسةً بمرجعِ الأصلِ ولا يمحوه	اختبارُ معيار: مسحٌ آليّ: صفرُ DELETE في خدماتِ الماليةِ والعقودِ والأصول	غيرُ مقيس	
FIXA-0009-ج	FIXA	◆ وصفرُ دالةِ حذفٍ في خدماتِ المجالِ الماليّ	اختبارُ معيار: مسحٌ آليّ: صفرُ DELETE في خدماتِ الماليةِ والعقودِ والأصول	غيرُ مقيس	
FIXA-0010-أ	FIXA	معيارُ التكويد «CS-09	اختبارُ معيار: اختبارُ سجل: كلُّ كتابةٍ في اختبارٍ حيٍّ تُنتج صفَّ تدقيقٍ بالقيمتين	غيرُ مقيس	
FIXA-0010-ب	FIXA	التدقيقُ قبلَ وبعدَ من طبقةٍ مشتركةٍ لا من الشاشة»: كلُّ كتابةٍ تسجّل القيمةَ قبلَ وبعدَ والفاعلَ بصفتِه والوقتَ	اختبارُ معيار: اختبارُ سجل: كلُّ كتابةٍ في اختبارٍ حيٍّ تُنتج صفَّ تدقيقٍ بالقيمتين	مُغلقٌ بشاهد	tests/audit_trail_test.php
FIXA-0010-ج	FIXA	وتُكتب من الطبقةِ المشتركة · والنمطُ الصحيح: AuditTrail::record($table,$pk,$before,$after,$actor,$actorRole,$actionCode);	اختبارُ معيار: اختبارُ سجل: كلُّ كتابةٍ في اختبارٍ حيٍّ تُنتج صفَّ تدقيقٍ بالقيمتين	مُغلقٌ بشاهد	tests/audit_trail_test.php
FIXA-0010-د	FIXA	◆ ولا اعتمادَ على قادحٍ وحدَه	اختبارُ معيار: اختبارُ سجل: كلُّ كتابةٍ في اختبارٍ حيٍّ تُنتج صفَّ تدقيقٍ بالقيمتين	غيرُ مقيس	
FIXA-0011-أ	FIXA	معيارُ التكويد «CS-10	اختبارُ معيار: اختبارُ حجب: استجابتان لحسابين — والحساسُ غائبٌ نصًّا في غيرِ المخوَّل	غيرُ مقيس	
FIXA-0011-ب	FIXA	الحقلُ الحساسُ يُحجب في الخادمِ لا في العرض»: الحقلُ الذي لا يملكه المستخدمُ لا يُرسَل في الاستجابةِ أصلًا	اختبارُ معيار: اختبارُ حجب: استجابتان لحسابين — والحساسُ غائبٌ نصًّا في غيرِ المخوَّل	مُغلقٌ بشاهد	tests/n21_ownership_confidentiality_test.php
FIXA-0011-ج	FIXA	ولا يُخفى بأسلوبِ عرض · والنمطُ الصحيح: $cols = FieldGovernor::allowedFor($screen,$role); $sql = &apos;SELECT &apos;.implode(&apos;,&apos;,$cols).&apos; FROM ...&apos;;	اختبارُ معيار: اختبارُ حجب: استجابتان لحسابين — والحساسُ غائبٌ نصًّا في غيرِ المخوَّل	مُغلقٌ بشاهد	tests/n21_ownership_confidentiality_test.php
FIXA-0011-د	FIXA	◆ وفحصُ الاستجابةِ الخامِّ بحسابين مختلفَي الصلاحيةِ هو الشاهدُ الوحيد	اختبارُ معيار: اختبارُ حجب: استجابتان لحسابين — والحساسُ غائبٌ نصًّا في غيرِ المخوَّل	غيرُ مقيس	
FIXA-0012-أ	FIXA	معيارُ التكويد «CS-11 — المستندُ المعتمدُ لا رجعيةَ فيه» — نطاقُ الحكم	اختبارُ معيار: اختبارُ رجعية: محاولةُ تعديلٍ من القاعدةِ مباشرةً تُرفض	غيرُ مقيس	
FIXA-0012-ب	FIXA	بعدَ الاعتمادِ يُمنع التعديلُ والحذفُ من القاعدةِ لا من التطبيق	اختبارُ معيار: اختبارُ رجعية: محاولةُ تعديلٍ من القاعدةِ مباشرةً تُرفض	غيرُ مقيس	
FIXA-0012-ج	FIXA	والتصحيحُ حركةٌ جديدة · والنمطُ الصحيح: ALTER TABLE x ADD CONSTRAINT chk_approved_immutable ..	اختبارُ معيار: اختبارُ رجعية: محاولةُ تعديلٍ من القاعدةِ مباشرةً تُرفض	غيرُ مقيس	
FIXA-0012-د	FIXA	+ قادحٌ يرفض UPDATE على المعتمد	اختبارُ معيار: اختبارُ رجعية: محاولةُ تعديلٍ من القاعدةِ مباشرةً تُرفض	غيرُ مقيس	
FIXA-0013-أ	FIXA	معيارُ التكويد «CS-12 — صفرُ استثناءٍ مبتلَعٍ صامتًا» — نطاقُ الحكم	اختبارُ معيار: مسحٌ آليّ: صفرُ كتلةِ catch فارغةٍ أو بلا إرجاعِ خطأٍ في الأسطحِ والخدمات	غيرُ مقيس	
FIXA-0013-ب	FIXA	لا catch فارغٍ ولا catch يكتب سجلًّا ويكمل	اختبارُ معيار: مسحٌ آليّ: صفرُ كتلةِ catch فارغةٍ أو بلا إرجاعِ خطأٍ في الأسطحِ والخدمات	غيرُ مقيس	
FIXA-0013-ج	FIXA	والفشلُ يُرفع أو يُرجَع رمزًا للمستخدم · والنمطُ الصحيح: catch(Throwable $e){ $db->rollback(); Log::error($e); return [&apos;ok&apos;=>false,&apos;code&apos;=>&apos;ERR-1042&apos;,&apos;msg&apos;=>&apos;...&apos;]; }	اختبارُ معيار: مسحٌ آليّ: صفرُ كتلةِ catch فارغةٍ أو بلا إرجاعِ خطأٍ في الأسطحِ والخدمات	مُغلقٌ بشاهد	tools/fix_checks.php
FIXA-0013-د	FIXA	◆ وصفرُ catch يبتلع ثم يعرض نجاحًا	اختبارُ معيار: مسحٌ آليّ: صفرُ كتلةِ catch فارغةٍ أو بلا إرجاعِ خطأٍ في الأسطحِ والخدمات	غيرُ مقيس	
FIXA-0045-أ	FIXA	قاعدةُ الإغلاق «CL-01 — ◆ الإصلاحُ وحدَه لا يُغلق بندًا» — نطاقُ الحكم	اختبارُ قاعدة: «◆ الإصلاحُ وحدَه لا يُغلق بندًا» مطبَّقةٌ في سجلِّ الحالات	غيرُ مقيس	
FIXA-0045-ب	FIXA	حالتُه «التنفيذُ منجَز»	اختبارُ قاعدة: «◆ الإصلاحُ وحدَه لا يُغلق بندًا» مطبَّقةٌ في سجلِّ الحالات	غيرُ مقيس	
FIXA-0045-ج	FIXA	والإغلاقُ لا يقع إلا بحالةِ «الدليلُ مُثبَت»	اختبارُ قاعدة: «◆ الإصلاحُ وحدَه لا يُغلق بندًا» مطبَّقةٌ في سجلِّ الحالات	غيرُ مقيس	
FIXA-0045-د	FIXA	◆ ولكلِّ بندٍ اختبارُ قبولٍ جاهزٌ للتشغيلِ في عمودِه	اختبارُ قاعدة: «◆ الإصلاحُ وحدَه لا يُغلق بندًا» مطبَّقةٌ في سجلِّ الحالات	غيرُ مقيس	
FIXA-0046-أ	FIXA	قاعدةُ الإغلاق «CL-02	اختبارُ قاعدة: «◆ الحواجبُ نزلت من تسعةٍ وثمانينَ ادعاءً إلى ثلاثةَ عشرَ مثبتة» مطبَّقةٌ في سجلِّ الحالات	غيرُ مقيس	
FIXA-0046-ب	FIXA	◆ الحواجبُ نزلت من تسعةٍ وثمانينَ ادعاءً إلى ثلاثةَ عشرَ مثبتة»: فالتحققُ المضادُّ أسقط ستةً وسبعينَ ادعاءَ حجبٍ	اختبارُ قاعدة: «◆ الحواجبُ نزلت من تسعةٍ وثمانينَ ادعاءً إلى ثلاثةَ عشرَ مثبتة» مطبَّقةٌ في سجلِّ الحالات	غيرُ مقيس	
FIXA-0046-ج	FIXA	والادعاءُ الذي لا يصمد ليس حاجبًا	اختبارُ قاعدة: «◆ الحواجبُ نزلت من تسعةٍ وثمانينَ ادعاءً إلى ثلاثةَ عشرَ مثبتة» مطبَّقةٌ في سجلِّ الحالات	غيرُ مقيس	
FIXA-0046-د	FIXA	◆ ولا يُرفع بندٌ إلى حاجبٍ بلا تحققٍ مضادٍّ يصمد	اختبارُ قاعدة: «◆ الحواجبُ نزلت من تسعةٍ وثمانينَ ادعاءً إلى ثلاثةَ عشرَ مثبتة» مطبَّقةٌ في سجلِّ الحالات	غيرُ مقيس	
FIXA-0047-أ	FIXA	قاعدةُ الإغلاق «CL-03 — درجةُ التحققِ تُعلَن مع كلِّ بند» — نطاقُ الحكم	اختبارُ قاعدة: «درجةُ التحققِ تُعلَن مع كلِّ بند» مطبَّقةٌ في سجلِّ الحالات	غيرُ مقيس	
FIXA-0047-ب	FIXA	أربعُ مئةٍ وسبعٌ وأربعون مؤكَّدةً بالدليلِ المباشرِ · ومئةٌ وثمانٌ وأربعون مرجَّحة	اختبارُ قاعدة: «درجةُ التحققِ تُعلَن مع كلِّ بند» مطبَّقةٌ في سجلِّ الحالات	غيرُ مقيس	
FIXA-0047-ج	FIXA	◆ والمرجَّحةُ لا تُساوى بالمؤكَّدةِ في ترتيبِ التنفيذ	اختبارُ قاعدة: «درجةُ التحققِ تُعلَن مع كلِّ بند» مطبَّقةٌ في سجلِّ الحالات	غيرُ مقيس	
FIXA-0048-أ	FIXA	قاعدةُ الإغلاق «CL-04	اختبارُ قاعدة: «◆ ما سقط في التحققِ يُعزل ولا يُعمل به» مطبَّقةٌ في سجلِّ الحالات	غيرُ مقيس	
FIXA-0048-ب	FIXA	◆ ما سقط في التحققِ يُعزل ولا يُعمل به»: ستٌّ وتسعون ملاحظةً في سجلٍّ مستقلٍّ موسومٍ «لا يُطلب من المبرمجِ إصلاحُها»	اختبارُ قاعدة: «◆ ما سقط في التحققِ يُعزل ولا يُعمل به» مطبَّقةٌ في سجلِّ الحالات	غيرُ مقيس	
FIXA-0048-ج	FIXA	◆ ولا تُعاد إلى السجلِ الجامعِ إلا بدليلٍ جديدٍ يصمد	اختبارُ قاعدة: «◆ ما سقط في التحققِ يُعزل ولا يُعمل به» مطبَّقةٌ في سجلِّ الحالات	غيرُ مقيس	
FIXA-0049-أ	FIXA	قاعدةُ الإغلاق «CL-05	اختبارُ قاعدة: «الإحصاءاتُ بمعادلاتٍ حيةٍ لا أرقامٍ ثابتة» مطبَّقةٌ في سجلِّ الحالات	غيرُ مقيس	
FIXA-0049-ب	FIXA	الإحصاءاتُ بمعادلاتٍ حيةٍ لا أرقامٍ ثابتة»: فتحديثُ حالةِ بندٍ يحدّث الإحصاءَ آليًّا	اختبارُ قاعدة: «الإحصاءاتُ بمعادلاتٍ حيةٍ لا أرقامٍ ثابتة» مطبَّقةٌ في سجلِّ الحالات	غيرُ مقيس	
FIXA-0049-ج	FIXA	◆ ولا يُقرأ رقمٌ ثابتٌ في تقريرِ حالةٍ متغيرة	اختبارُ قاعدة: «الإحصاءاتُ بمعادلاتٍ حيةٍ لا أرقامٍ ثابتة» مطبَّقةٌ في سجلِّ الحالات	غيرُ مقيس	
FIXA-0050-أ	FIXA	توزّعُ المخالفاتِ بالوثيقة «M-14 — الحوكمةُ والالتزام» — نطاقُ الحكم	اختبارُ تتبع: كلُّ مخالفةٍ منسوبةٌ لوثيقتِها وبندِها	غيرُ مقيس	
FIXA-0050-ب	FIXA	١٧٤ مخالفةً = ٢٩٪ · ◆ أقلُّ وثيقةٍ تطبيقًا	اختبارُ تتبع: كلُّ مخالفةٍ منسوبةٌ لوثيقتِها وبندِها	غيرُ مقيس	
FIXA-0050-ج	FIXA	والحوكمةُ أسوأُ موضعٍ للضعفِ لأنها تحمي الباقي · ◆ وستَّ عشرةَ ملاحظةً من فئتَي الحجبِ والجوهرِ في إدارةِ الحوكمةِ وحدَها	اختبارُ تتبع: كلُّ مخالفةٍ منسوبةٌ لوثيقتِها وبندِها	غيرُ مقيس	
FIXA-0051-أ	FIXA	توزّعُ المخالفاتِ بالوثيقة «INJAZ-FRD-01	اختبارُ تتبع: كلُّ مخالفةٍ منسوبةٌ لوثيقتِها وبندِها	غيرُ مقيس	
FIXA-0051-ب	FIXA	المتطلباتُ الوظيفيةُ الموحَّدة»: ١٥٦ مخالفةً = ٢٦٪ · دوراتٌ ومستنداتٌ وأفعالٌ غيرُ مطابقة · وأكثرُها في المشترياتِ والنقلِ والمخازن	اختبارُ تتبع: كلُّ مخالفةٍ منسوبةٌ لوثيقتِها وبندِها	غيرُ مقيس	
FIXA-0052-أ	FIXA	توزّعُ المخالفاتِ بالوثيقة «INJAZ-UX-01	اختبارُ تتبع: كلُّ مخالفةٍ منسوبةٌ لوثيقتِها وبندِها	غيرُ مقيس	
FIXA-0052-ب	FIXA	الشاشاتُ وتجربةُ المستخدم»: ١٣١ مخالفةً = ٢٢٪ · السايدبارُ والمناظرُ والأعمدةُ والفلاترُ والتصدير · ◆ وثلاثونَ منها «مجموعةٌ خاطئة»	اختبارُ تتبع: كلُّ مخالفةٍ منسوبةٌ لوثيقتِها وبندِها	غيرُ مقيس	
FIXA-0052-ج	FIXA	فالشاشةُ تعمل ولا تُوجد	اختبارُ تتبع: كلُّ مخالفةٍ منسوبةٌ لوثيقتِها وبندِها	غيرُ مقيس	
FIXA-0053-أ	FIXA	توزّعُ المخالفاتِ بالوثيقة «INJAZ-CORE-01	اختبارُ تتبع: كلُّ مخالفةٍ منسوبةٌ لوثيقتِها وبندِها	غيرُ مقيس	
FIXA-0053-ب	FIXA	الدستورُ والمعمارية»: ٥٩ مخالفةً = ١٠٪ · مبادئُ غيرُ مُنفَذةٍ بنيويًّا · ◆ وأخطرُها المبدأُ الخامس: الحارسُ في الخادمِ لا في العرض	اختبارُ تتبع: كلُّ مخالفةٍ منسوبةٌ لوثيقتِها وبندِها	غيرُ مقيس	
FIXA-0054-أ	FIXA	توزّعُ المخالفاتِ بالوثيقة «UXR-01 — إعادةُ بناءِ الواجهة» — نطاقُ الحكم	اختبارُ تتبع: كلُّ مخالفةٍ منسوبةٌ لوثيقتِها وبندِها	غيرُ مقيس	
FIXA-0054-ب	FIXA	٣٩ مخالفةً = ٧٪ · القشرةُ والمكوناتُ والحالاتُ والوصول · والرقمُ منخفضٌ لأن المواصفةَ حديثةٌ لا لأنها مطبَّقة	اختبارُ تتبع: كلُّ مخالفةٍ منسوبةٌ لوثيقتِها وبندِها	غيرُ مقيس	
FIXA-0055-أ	FIXA	توزّعُ المخالفاتِ بالوثيقة «INJAZ-DELIVERY-01	اختبارُ تتبع: كلُّ مخالفةٍ منسوبةٌ لوثيقتِها وبندِها	غيرُ مقيس	
FIXA-0055-ب	FIXA	التنفيذُ والتتبعُ والدليل»: ٣٦ مخالفةً = ٦٪ · الأدلةُ والبواباتُ وحالاتُ الإغلاق · ◆ ومنها البوابتان الخاويتان	اختبارُ تتبع: كلُّ مخالفةٍ منسوبةٌ لوثيقتِها وبندِها	غيرُ مقيس	
FIXA-0055-ج	FIXA	وهما أخطرُ من عددِهما	اختبارُ تتبع: كلُّ مخالفةٍ منسوبةٌ لوثيقتِها وبندِها	غيرُ مقيس	
FIXA-0001-أ	FIXA	◆ يُصحَّح النظامُ بأحكامٍ ذريةٍ برمجيةٍ لكلِّ عيبٍ بموضعِه بالملفِّ والسطرِ ونمطِه الصحيحِ وشاهدِ قبوله	اختبارُ منهج: كلُّ حكمٍ تصحيحيٍّ له موضعٌ ونمطٌ وشاهد	مُغلقٌ بشاهد	tools/fix_docs_extract.php
FIXA-0001-ب	FIXA	ولا حكمَ عامٍّ بلا موضع.	اختبارُ منهج: كلُّ حكمٍ تصحيحيٍّ له موضعٌ ونمطٌ وشاهد	غيرُ مقيس	
FIXA-0005-ه	FIXA	(لم تُلقطه صفوفُ الجدولِ — أُضيف من المسحِ الخامّ)		غيرُ مقيس	
FIXA-0006-ه	FIXA	(لم تُلقطه صفوفُ الجدولِ — أُضيف من المسحِ الخامّ)		غيرُ مقيس	
FIXA-0008-ه	FIXA	(لم تُلقطه صفوفُ الجدولِ — أُضيف من المسحِ الخامّ)		غيرُ مقيس	
FIXA-0010-ه	FIXA	(لم تُلقطه صفوفُ الجدولِ — أُضيف من المسحِ الخامّ)		غيرُ مقيس	
FIXA-0012-ه	FIXA	(لم تُلقطه صفوفُ الجدولِ — أُضيف من المسحِ الخامّ)		غيرُ مقيس	
FIXA-0045-ه	FIXA	(لم تُلقطه صفوفُ الجدولِ — أُضيف من المسحِ الخامّ)		غيرُ مقيس	
FIXB-0002-أ	FIXB	◆ عيبُ الواجهة «SH-01	اختبارُ إغلاق: فاحصٌ يعدُّ ملفاتِ <html>: النتيجةُ واحدٌ لا سبعةٌ ولا تسعة	غيرُ مقيس	
FIXB-0002-ب	FIXB	◆ قشرةٌ واحدةٌ لا سبع» في inheader.php:21-124 · insidebar.php:93-503 · includes/topbar.php:129-244: سبعُ قشراتٍ مستقلةٍ تُصدِر كلٌّ منها <html>/<head>/chrome خاصًّا بها زائدَ طبقتَي قوالب · وخطورتُه P1.	اختبارُ إغلاق: فاحصٌ يعدُّ ملفاتِ <html>: النتيجةُ واحدٌ لا سبعةٌ ولا تسعة	غيرُ مقيس	
FIXB-0003-أ	FIXB	خطوةُ تصحيحِ «SH-01» رقم 1 — نطاقُ الحكم	اختبارُ خطوة: «أنشئْ قشرةً واحدةً تملك <html> و<head> والشريطَ العلويَّ وال» منفَّذةٌ ومقيسة	غيرُ مقيس	
FIXB-0003-ب	FIXB	أنشئْ قشرةً واحدةً تملك <html> و<head> والشريطَ العلويَّ والسايدبارَ وحاملَ الرسائل	اختبارُ خطوة: «أنشئْ قشرةً واحدةً تملك <html> و<head> والشريطَ العلويَّ وال» منفَّذةٌ ومقيسة	غيرُ مقيس	
FIXB-0004-أ	FIXB	خطوةُ تصحيحِ «SH-01» رقم 2 — نطاقُ الحكم	اختبارُ خطوة: «حوّلِ الستَّ الباقيةَ إلى مناظرَ داخلَ القشرةِ الواحدةِ لا ق» منفَّذةٌ ومقيسة	غيرُ مقيس	
FIXB-0004-ب	FIXB	حوّلِ الستَّ الباقيةَ إلى مناظرَ داخلَ القشرةِ الواحدةِ لا قشراتٍ موازية	اختبارُ خطوة: «حوّلِ الستَّ الباقيةَ إلى مناظرَ داخلَ القشرةِ الواحدةِ لا ق» منفَّذةٌ ومقيسة	غيرُ مقيس	
FIXB-0005-أ	FIXB	خطوةُ تصحيحِ «SH-01» رقم 3 — نطاقُ الحكم	اختبارُ خطوة: «◆ صفرُ ملفِّ سطحٍ يُصدِر <html> بنفسه — والفاحصُ يعدُّ ويرسب» منفَّذةٌ ومقيسة	غيرُ مقيس	
FIXB-0005-ب	FIXB	◆ صفرُ ملفِّ سطحٍ يُصدِر <html> بنفسه	اختبارُ خطوة: «◆ صفرُ ملفِّ سطحٍ يُصدِر <html> بنفسه — والفاحصُ يعدُّ ويرسب» منفَّذةٌ ومقيسة	غيرُ مقيس	
FIXB-0005-ج	FIXB	والفاحصُ يعدُّ ويرسب فوقَ واحد	اختبارُ خطوة: «◆ صفرُ ملفِّ سطحٍ يُصدِر <html> بنفسه — والفاحصُ يعدُّ ويرسب» منفَّذةٌ ومقيسة	غيرُ مقيس	
FIXB-0006-أ	FIXB	خطوةُ تصحيحِ «SH-01» رقم 4 — نطاقُ الحكم	اختبارُ خطوة: «احفظِ التوافقَ بجدولِ تحويلٍ من رأسٍ قديمٍ إلى جديدٍ لا بحذف» منفَّذةٌ ومقيسة	غيرُ مقيس	
FIXB-0006-ب	FIXB	احفظِ التوافقَ بجدولِ تحويلٍ من رأسٍ قديمٍ إلى جديدٍ لا بحذفٍ فوريّ	اختبارُ خطوة: «احفظِ التوافقَ بجدولِ تحويلٍ من رأسٍ قديمٍ إلى جديدٍ لا بحذف» منفَّذةٌ ومقيسة	غيرُ مقيس	
FIXB-0007-أ	FIXB	خطوةُ تصحيحِ «SH-01» رقم 5 — نطاقُ الحكم	اختبارُ خطوة: «◆ ولا تبدأْ ترحيلَ شاشةٍ قبلَ إتمامِ القشرةِ — فالترحيلُ فوق» منفَّذةٌ ومقيسة	غيرُ مقيس	
FIXB-0007-ب	FIXB	◆ ولا تبدأْ ترحيلَ شاشةٍ قبلَ إتمامِ القشرةِ	اختبارُ خطوة: «◆ ولا تبدأْ ترحيلَ شاشةٍ قبلَ إتمامِ القشرةِ — فالترحيلُ فوق» منفَّذةٌ ومقيسة	غيرُ مقيس	
FIXB-0007-ج	FIXB	فالترحيلُ فوقَ قشرةٍ ستُلغى ضائع	اختبارُ خطوة: «◆ ولا تبدأْ ترحيلَ شاشةٍ قبلَ إتمامِ القشرةِ — فالترحيلُ فوق» منفَّذةٌ ومقيسة	غيرُ مقيس	
FIXB-0008-أ	FIXB	◆ عيبُ الواجهة «SH-02	اختبارُ إغلاق: صفرُ إعلانِ اتجاهٍ من اليسارِ في أنماطِ الشريطِ — واللقطةُ تطابق المرجع	غيرُ مقيس	
FIXB-0008-ب	FIXB	الشريطُ العلويُّ من اليمينِ لا اليسار» في كلُّ الشاشاتِ الثماني التمثيلية: الشريطُ العلويُّ يُصيَّر LTR على كلِّ الشاشاتِ رغمَ أن الوثيقةَ تُصدِر dir=rtl · وخطورتُه P1.	اختبارُ إغلاق: صفرُ إعلانِ اتجاهٍ من اليسارِ في أنماطِ الشريطِ — واللقطةُ تطابق المرجع	غيرُ مقيس	
FIXB-0009-أ	FIXB	خطوةُ تصحيحِ «SH-02» رقم 1 — نطاقُ الحكم	اختبارُ خطوة: «اجعلْ اتجاهَ الشريطِ موروثًا من <html> لا مفروضًا محليًّا» منفَّذةٌ ومقيسة	غيرُ مقيس	
FIXB-0009-ب	FIXB	اجعلْ اتجاهَ الشريطِ موروثًا من <html> لا مفروضًا محليًّا	اختبارُ خطوة: «اجعلْ اتجاهَ الشريطِ موروثًا من <html> لا مفروضًا محليًّا» منفَّذةٌ ومقيسة	غيرُ مقيس	
FIXB-0010-أ	FIXB	خطوةُ تصحيحِ «SH-02» رقم 2 — نطاقُ الحكم	اختبارُ خطوة: «احذفْ كلَّ direction:ltr من أنماطِ الشريطِ العلويِّ ومكوناتِ» منفَّذةٌ ومقيسة	غيرُ مقيس	
FIXB-0010-ب	FIXB	احذفْ كلَّ direction:ltr من أنماطِ الشريطِ العلويِّ ومكوناتِه	اختبارُ خطوة: «احذفْ كلَّ direction:ltr من أنماطِ الشريطِ العلويِّ ومكوناتِ» منفَّذةٌ ومقيسة	غيرُ مقيس	
FIXB-0011-أ	FIXB	خطوةُ تصحيحِ «SH-02» رقم 3 — نطاقُ الحكم	اختبارُ خطوة: «◆ واستثنِ المعرّفاتَ اللاتينيةَ وحدَها بمقاطعَ من اليسارِ لا» منفَّذةٌ ومقيسة	غيرُ مقيس	
FIXB-0011-ب	FIXB	◆ واستثنِ المعرّفاتَ اللاتينيةَ وحدَها بمقاطعَ من اليسارِ لا بالشريطِ كلِّه	اختبارُ خطوة: «◆ واستثنِ المعرّفاتَ اللاتينيةَ وحدَها بمقاطعَ من اليسارِ لا» منفَّذةٌ ومقيسة	غيرُ مقيس	
FIXB-0012	FIXB	خطوةُ تصحيحِ «SH-02» رقم 4: أضفْ لقطةً مرجعيةً للشريطِ في الاتجاهين	اختبارُ خطوة: «أضفْ لقطةً مرجعيةً للشريطِ في الاتجاهين» منفَّذةٌ ومقيسة	غيرُ مقيس	
FIXB-0013-أ	FIXB	◆ عيبُ الواجهة «SH-03	اختبارُ إغلاق: فاحصٌ يعدُّ القيمَ اللونيةَ الحرفيةَ خارجَ ملفِّ الرموز: النتيجةُ صفر	غيرُ مقيس	
FIXB-0013-ب	FIXB	◆ ملفُّ الرموزِ مصدرُ الحقيقةِ الوحيد» في assets/css/design-tokens.css: الملفُّ موجودٌ وليس مصدرَ الحقيقة: ثلاثُ مجموعاتِ رموزٍ متنافسةٍ زائدًا و964 لونًا متمايزًا · وخطورتُه P1.	اختبارُ إغلاق: فاحصٌ يعدُّ القيمَ اللونيةَ الحرفيةَ خارجَ ملفِّ الرموز: النتيجةُ صفر	غيرُ مقيس	
FIXB-0014-أ	FIXB	خطوةُ تصحيحِ «SH-03» رقم 1 — نطاقُ الحكم	اختبارُ خطوة: «احصرْ الرموزَ في ملفٍّ واحدٍ بمستويين: بدائيةٌ ثم دلاليةٌ تُ» منفَّذةٌ ومقيسة	غيرُ مقيس	
FIXB-0014-ب	FIXB	احصرْ الرموزَ في ملفٍّ واحدٍ بمستويين: بدائيةٌ ثم دلاليةٌ تُبنى عليها	اختبارُ خطوة: «احصرْ الرموزَ في ملفٍّ واحدٍ بمستويين: بدائيةٌ ثم دلاليةٌ تُ» منفَّذةٌ ومقيسة	غيرُ مقيس	
FIXB-0015-أ	FIXB	خطوةُ تصحيحِ «SH-03» رقم 2 — نطاقُ الحكم	اختبارُ خطوة: «◆ اختزلِ الألوانَ من تسعِ مئةٍ وأربعةٍ وستين إلى عشرينَ رمزً» منفَّذةٌ ومقيسة	غيرُ مقيس	
FIXB-0015-ب	FIXB	◆ اختزلِ الألوانَ من تسعِ مئةٍ وأربعةٍ وستين إلى عشرينَ رمزًا دلاليًّا	اختبارُ خطوة: «◆ اختزلِ الألوانَ من تسعِ مئةٍ وأربعةٍ وستين إلى عشرينَ رمزً» منفَّذةٌ ومقيسة	غيرُ مقيس	
FIXB-0016-أ	FIXB	خطوةُ تصحيحِ «SH-03» رقم 3 — نطاقُ الحكم	اختبارُ خطوة: «أنشئْ خريطةَ تحويلٍ من كلِّ لونٍ حرفيٍّ إلى رمزِه الدلاليِّ » منفَّذةٌ ومقيسة	غيرُ مقيس	
FIXB-0016-ب	FIXB	أنشئْ خريطةَ تحويلٍ من كلِّ لونٍ حرفيٍّ إلى رمزِه الدلاليِّ قبلَ التنظيف	اختبارُ خطوة: «أنشئْ خريطةَ تحويلٍ من كلِّ لونٍ حرفيٍّ إلى رمزِه الدلاليِّ » منفَّذةٌ ومقيسة	غيرُ مقيس	
FIXB-0017-أ	FIXB	خطوةُ تصحيحِ «SH-03» رقم 4 — نطاقُ الحكم	اختبارُ خطوة: «◆ ابنِ فاحصًا يمنع اللونَ الحرفيَّ في الدمج — فالمنعُ أهمُّ » منفَّذةٌ ومقيسة	غيرُ مقيس	
FIXB-0017-ب	FIXB	◆ ابنِ فاحصًا يمنع اللونَ الحرفيَّ في الدمج	اختبارُ خطوة: «◆ ابنِ فاحصًا يمنع اللونَ الحرفيَّ في الدمج — فالمنعُ أهمُّ » منفَّذةٌ ومقيسة	غيرُ مقيس	
FIXB-0017-ج	FIXB	فالمنعُ أهمُّ من العدّ	اختبارُ خطوة: «◆ ابنِ فاحصًا يمنع اللونَ الحرفيَّ في الدمج — فالمنعُ أهمُّ » منفَّذةٌ ومقيسة	غيرُ مقيس	
FIXB-0018-أ	FIXB	خطوةُ تصحيحِ «SH-03» رقم 5 — نطاقُ الحكم	اختبارُ خطوة: «احذفِ المجموعتين المتنافستين بعدَ نقلِ ما فيهما» منفَّذةٌ ومقيسة	غيرُ مقيس	
FIXB-0018-ب	FIXB	احذفِ المجموعتين المتنافستين بعدَ نقلِ ما فيهما	اختبارُ خطوة: «احذفِ المجموعتين المتنافستين بعدَ نقلِ ما فيهما» منفَّذةٌ ومقيسة	غيرُ مقيس	
FIXB-0019-أ	FIXB	◆ عيبُ الواجهة «SH-04	اختبارُ إغلاق: فاحصٌ يعدُّ أصنافَ الأزرار: النتيجةُ أربعةٌ — وصفرُ شاشةٍ بأكثرَ من رئيسٍ واحد	غيرُ مقيس	
FIXB-0019-ب	FIXB	◆ ثلاثةُ مستوياتٍ للأزرارِ لا مئةٌ وأربعةٌ وثمانون» في 184 صنفًا عبرَ 2489 استعمالًا: أربعُ عائلاتِ أزرارٍ لا صلةَ بينها	اختبارُ إغلاق: فاحصٌ يعدُّ أصنافَ الأزرار: النتيجةُ أربعةٌ — وصفرُ شاشةٍ بأكثرَ من رئيسٍ واحد	غيرُ مقيس	
FIXB-0019-ج	FIXB	ولا تدرُّجَ بصريًّا يبيّن الأولوية · وخطورتُه P1.	اختبارُ إغلاق: فاحصٌ يعدُّ أصنافَ الأزرار: النتيجةُ أربعةٌ — وصفرُ شاشةٍ بأكثرَ من رئيسٍ واحد	غيرُ مقيس	
FIXB-0020-أ	FIXB	خطوةُ تصحيحِ «SH-04» رقم 1 — نطاقُ الحكم	اختبارُ خطوة: «عرّفْ ثلاثةَ مستوياتٍ: رئيسٌ مملوءٌ واحدٌ لكلِّ شاشةٍ · ثانو» منفَّذةٌ ومقيسة	غيرُ مقيس	
FIXB-0020-ب	FIXB	عرّفْ ثلاثةَ مستوياتٍ: رئيسٌ مملوءٌ واحدٌ لكلِّ شاشةٍ · ثانويٌّ محدَّدٌ · ثالثيٌّ نصيّ	اختبارُ خطوة: «عرّفْ ثلاثةَ مستوياتٍ: رئيسٌ مملوءٌ واحدٌ لكلِّ شاشةٍ · ثانو» منفَّذةٌ ومقيسة	غيرُ مقيس	
FIXB-0021-أ	FIXB	خطوةُ تصحيحِ «SH-04» رقم 2 — نطاقُ الحكم	اختبارُ خطوة: «◆ وزرُّ الخطرِ صنفٌ رابعٌ بلونِ التحذيرِ ويحتاج تأكيدًا» منفَّذةٌ ومقيسة	غيرُ مقيس	
FIXB-0021-ب	FIXB	◆ وزرُّ الخطرِ صنفٌ رابعٌ بلونِ التحذيرِ ويحتاج تأكيدًا	اختبارُ خطوة: «◆ وزرُّ الخطرِ صنفٌ رابعٌ بلونِ التحذيرِ ويحتاج تأكيدًا» منفَّذةٌ ومقيسة	غيرُ مقيس	
FIXB-0022-أ	FIXB	خطوةُ تصحيحِ «SH-04» رقم 3 — نطاقُ الحكم	اختبارُ خطوة: «ابنِ خريطةَ تحويلٍ من كلِّ صنفٍ من المئةِ والأربعةِ والثماني» منفَّذةٌ ومقيسة	غيرُ مقيس	
FIXB-0022-ب	FIXB	ابنِ خريطةَ تحويلٍ من كلِّ صنفٍ من المئةِ والأربعةِ والثمانينَ إلى مستواه	اختبارُ خطوة: «ابنِ خريطةَ تحويلٍ من كلِّ صنفٍ من المئةِ والأربعةِ والثماني» منفَّذةٌ ومقيسة	غيرُ مقيس	
FIXB-0023-أ	FIXB	خطوةُ تصحيحِ «SH-04» رقم 4 — نطاقُ الحكم	اختبارُ خطوة: «◆ وشاشةٌ واحدةٌ لا تحمل أكثرَ من زرٍّ رئيسٍ مملوءٍ واحد» منفَّذةٌ ومقيسة	غيرُ مقيس	
FIXB-0023-ب	FIXB	◆ وشاشةٌ واحدةٌ لا تحمل أكثرَ من زرٍّ رئيسٍ مملوءٍ واحد	اختبارُ خطوة: «◆ وشاشةٌ واحدةٌ لا تحمل أكثرَ من زرٍّ رئيسٍ مملوءٍ واحد» منفَّذةٌ ومقيسة	غيرُ مقيس	
FIXB-0024-أ	FIXB	خطوةُ تصحيحِ «SH-04» رقم 5 — نطاقُ الحكم	اختبارُ خطوة: «أضفْ فاحصًا يرسب عند صنفِ زرٍّ خارجَ الأربعة» منفَّذةٌ ومقيسة	غيرُ مقيس	
FIXB-0024-ب	FIXB	أضفْ فاحصًا يرسب عند صنفِ زرٍّ خارجَ الأربعة	اختبارُ خطوة: «أضفْ فاحصًا يرسب عند صنفِ زرٍّ خارجَ الأربعة» منفَّذةٌ ومقيسة	غيرُ مقيس	
FIXB-0025-أ	FIXB	◆ عيبُ الواجهة «SH-05	اختبارُ إغلاق: صفرُ جدولٍ يبلغ صفرَ أعمدةٍ · وكلُّ جدولٍ فوقَ عشرينَ عمودًا له منتقي منظر	غيرُ مقيس	
FIXB-0025-ب	FIXB	◆ مكوّنُ جدولٍ واحدٌ لسبعِ مئةٍ إلا ثلاثًا» في 597 جدولًا في 367 ملفًّا: لا مكوّنَ مشترك · ولا رأسٌ ثابتٌ · ولا مناظرُ محفوظةٌ · وحالةُ صفرِ أعمدةٍ ما زالت قابلةً للبلوغ · وخطورتُه P1.	اختبارُ إغلاق: صفرُ جدولٍ يبلغ صفرَ أعمدةٍ · وكلُّ جدولٍ فوقَ عشرينَ عمودًا له منتقي منظر	غيرُ مقيس	
FIXB-0026-أ	FIXB	خطوةُ تصحيحِ «SH-05» رقم 1 — نطاقُ الحكم	اختبارُ خطوة: «ابنِ مكوّنًا واحدًا يستقبل تعريفَ الأعمدةِ والصفوفَ ويصيّر ا» منفَّذةٌ ومقيسة	غيرُ مقيس	
FIXB-0026-ب	FIXB	ابنِ مكوّنًا واحدًا يستقبل تعريفَ الأعمدةِ والصفوفَ ويصيّر الجدولَ كاملًا	اختبارُ خطوة: «ابنِ مكوّنًا واحدًا يستقبل تعريفَ الأعمدةِ والصفوفَ ويصيّر ا» منفَّذةٌ ومقيسة	غيرُ مقيس	
FIXB-0027-أ	FIXB	خطوةُ تصحيحِ «SH-05» رقم 2 — نطاقُ الحكم	اختبارُ خطوة: «◆ الرأسُ الثابتُ في المكوّنِ لا في كلِّ شاشة» منفَّذةٌ ومقيسة	غيرُ مقيس	
FIXB-0027-ب	FIXB	◆ الرأسُ الثابتُ في المكوّنِ لا في كلِّ شاشة	اختبارُ خطوة: «◆ الرأسُ الثابتُ في المكوّنِ لا في كلِّ شاشة» منفَّذةٌ ومقيسة	غيرُ مقيس	
FIXB-0028-أ	FIXB	خطوةُ تصحيحِ «SH-05» رقم 3 — نطاقُ الحكم	اختبارُ خطوة: «◆ حارسٌ يمنع النزولَ تحتَ حدٍّ أدنى من الأعمدةِ ويبيّن السبب» منفَّذةٌ ومقيسة	غيرُ مقيس	
FIXB-0028-ب	FIXB	◆ حارسٌ يمنع النزولَ تحتَ حدٍّ أدنى من الأعمدةِ ويبيّن السبب	اختبارُ خطوة: «◆ حارسٌ يمنع النزولَ تحتَ حدٍّ أدنى من الأعمدةِ ويبيّن السبب» منفَّذةٌ ومقيسة	غيرُ مقيس	
FIXB-0029-أ	FIXB	خطوةُ تصحيحِ «SH-05» رقم 4 — نطاقُ الحكم	اختبارُ خطوة: «منتقي منظرٍ وزرُّ إظهارِ كلِّ الأعمدةِ إلزامًا فوقَ عشرينَ ع» منفَّذةٌ ومقيسة	غيرُ مقيس	
FIXB-0029-ب	FIXB	منتقي منظرٍ وزرُّ إظهارِ كلِّ الأعمدةِ إلزامًا فوقَ عشرينَ عمودًا	اختبارُ خطوة: «منتقي منظرٍ وزرُّ إظهارِ كلِّ الأعمدةِ إلزامًا فوقَ عشرينَ ع» منفَّذةٌ ومقيسة	غيرُ مقيس	
FIXB-0030-أ	FIXB	خطوةُ تصحيحِ «SH-05» رقم 5 — نطاقُ الحكم	اختبارُ خطوة: «ابدأْ بالخمسِ الأكبر: المخاطرُ ثم التايم شيتُ ثم العقودُ ثم » منفَّذةٌ ومقيسة	غيرُ مقيس	
FIXB-0030-ب	FIXB	ابدأْ بالخمسِ الأكبر: المخاطرُ ثم التايم شيتُ ثم العقودُ ثم أمرُ الصيانةِ ثم لوحةُ الرئيس	اختبارُ خطوة: «ابدأْ بالخمسِ الأكبر: المخاطرُ ثم التايم شيتُ ثم العقودُ ثم » منفَّذةٌ ومقيسة	غيرُ مقيس	
FIXB-0031-أ	FIXB	خطوةُ تصحيحِ «SH-05» رقم 6 — نطاقُ الحكم	اختبارُ خطوة: «◆ ورحّلْ بدفعاتٍ من عشرين ملفًّا لا ملفًّا ملفًّا» منفَّذةٌ ومقيسة	غيرُ مقيس	
FIXB-0031-ب	FIXB	◆ ورحّلْ بدفعاتٍ من عشرين ملفًّا لا ملفًّا ملفًّا	اختبارُ خطوة: «◆ ورحّلْ بدفعاتٍ من عشرين ملفًّا لا ملفًّا ملفًّا» منفَّذةٌ ومقيسة	غيرُ مقيس	
FIXB-0032-أ	FIXB	◆ عيبُ الواجهة «SH-06	اختبارُ إغلاق: كلُّ شاشةٍ فوقَ عشرينَ عمودًا لها منظرٌ افتراضيٌّ مبذورٌ ومنتقٍ يعمل	غيرُ مقيس	
FIXB-0032-ب	FIXB	◆ المناظرُ المحفوظةُ من صفرٍ إلى كلِّ شاشةٍ طويلة» في 0/346 شاشةٍ بمنظرٍ محفوظ: شاشةُ العقودِ بأربعةٍ وستينَ عمودًا	اختبارُ إغلاق: كلُّ شاشةٍ فوقَ عشرينَ عمودًا لها منظرٌ افتراضيٌّ مبذورٌ ومنتقٍ يعمل	غيرُ مقيس	
FIXB-0032-ج	FIXB	التايم شيتُ بثلاثةِ آلافٍ وثلاثِ مئةٍ وثلاثةٍ وخمسينَ سطرًا بلا أداةِ تنظيمٍ واحدة · وخطورتُه P1.	اختبارُ إغلاق: كلُّ شاشةٍ فوقَ عشرينَ عمودًا لها منظرٌ افتراضيٌّ مبذورٌ ومنتقٍ يعمل	غيرُ مقيس	
FIXB-0033-أ	FIXB	خطوةُ تصحيحِ «SH-06» رقم 1 — نطاقُ الحكم	اختبارُ خطوة: «جدولٌ واحدٌ للمناظر: المستخدمُ والشاشةُ والاسمُ والأعمدةُ وا» منفَّذةٌ ومقيسة	غيرُ مقيس	
FIXB-0033-ب	FIXB	جدولٌ واحدٌ للمناظر: المستخدمُ والشاشةُ والاسمُ والأعمدةُ والفلاترُ والترتيبُ والافتراضيّ	اختبارُ خطوة: «جدولٌ واحدٌ للمناظر: المستخدمُ والشاشةُ والاسمُ والأعمدةُ وا» منفَّذةٌ ومقيسة	غيرُ مقيس	
FIXB-0034-أ	FIXB	خطوةُ تصحيحِ «SH-06» رقم 2 — نطاقُ الحكم	اختبارُ خطوة: «منظرٌ افتراضيٌّ لكلِّ دورٍ يُبذَر بالتأسيسِ لا يُترك للمستخد» منفَّذةٌ ومقيسة	غيرُ مقيس	
FIXB-0034-ب	FIXB	منظرٌ افتراضيٌّ لكلِّ دورٍ يُبذَر بالتأسيسِ لا يُترك للمستخدم	اختبارُ خطوة: «منظرٌ افتراضيٌّ لكلِّ دورٍ يُبذَر بالتأسيسِ لا يُترك للمستخد» منفَّذةٌ ومقيسة	غيرُ مقيس	
FIXB-0035-أ	FIXB	خطوةُ تصحيحِ «SH-06» رقم 3 — نطاقُ الحكم	اختبارُ خطوة: «◆ والمنظرُ لا يخفي عمودًا حاكمًا — والحارسُ يمنع» منفَّذةٌ ومقيسة	غيرُ مقيس	
FIXB-0035-ب	FIXB	◆ والمنظرُ لا يخفي عمودًا حاكمًا — والحارسُ يمنع	اختبارُ خطوة: «◆ والمنظرُ لا يخفي عمودًا حاكمًا — والحارسُ يمنع» منفَّذةٌ ومقيسة	غيرُ مقيس	
FIXB-0036-أ	FIXB	خطوةُ تصحيحِ «SH-06» رقم 4 — نطاقُ الحكم	اختبارُ خطوة: «التصديرُ واعٍ بالمنظرِ النشطِ ويعلن ما استُبعد» منفَّذةٌ ومقيسة	غيرُ مقيس	
FIXB-0036-ب	FIXB	التصديرُ واعٍ بالمنظرِ النشطِ ويعلن ما استُبعد	اختبارُ خطوة: «التصديرُ واعٍ بالمنظرِ النشطِ ويعلن ما استُبعد» منفَّذةٌ ومقيسة	غيرُ مقيس	
FIXB-0037-أ	FIXB	◆ عيبُ الواجهة «SH-07	اختبارُ إغلاق: كلُّ شاشةٍ تُفحص بمجموعةٍ فارغةٍ فتعرض السببَ وزرَّ الإنشاءِ لا صفرًا	غيرُ مقيس	
FIXB-0037-ب	FIXB	◆ تبنّي حالاتِ الفراغِ من ثلاثةٍ بالمئةِ إلى كامل» في 10/346 = 2.9٪: المكوّنُ موجودٌ ومحمَّلٌ عالميًّا ولا يُستعمل في ستٍّ وثلاثينَ وثلاثِ مئةِ شاشة	اختبارُ إغلاق: كلُّ شاشةٍ تُفحص بمجموعةٍ فارغةٍ فتعرض السببَ وزرَّ الإنشاءِ لا صفرًا	غيرُ مقيس	
FIXB-0037-ج	FIXB	فتُعرض أصفارٌ عملاقةٌ بدل رسالةٍ مفهومة · وخطورتُه P1.	اختبارُ إغلاق: كلُّ شاشةٍ تُفحص بمجموعةٍ فارغةٍ فتعرض السببَ وزرَّ الإنشاءِ لا صفرًا	غيرُ مقيس	
FIXB-0038-أ	FIXB	خطوةُ تصحيحِ «SH-07» رقم 1 — نطاقُ الحكم	اختبارُ خطوة: «◆ أربعُ حالاتٍ تُميَّز: فراغٌ · لا نتائجَ لبحثك · خطأٌ برمزٍ» منفَّذةٌ ومقيسة	غيرُ مقيس	
FIXB-0038-ب	FIXB	◆ أربعُ حالاتٍ تُميَّز: فراغٌ · لا نتائجَ لبحثك · خطأٌ برمزٍ · حجبٌ بسببِه ومانحِه	اختبارُ خطوة: «◆ أربعُ حالاتٍ تُميَّز: فراغٌ · لا نتائجَ لبحثك · خطأٌ برمزٍ» منفَّذةٌ ومقيسة	غيرُ مقيس	
FIXB-0039-أ	FIXB	خطوةُ تصحيحِ «SH-07» رقم 2 — نطاقُ الحكم	اختبارُ خطوة: «◆ ولا صفرٌ عملاقٌ حيث لا بيانات — بل سببٌ وزرُّ إنشاء» منفَّذةٌ ومقيسة	غيرُ مقيس	
FIXB-0039-ب	FIXB	◆ ولا صفرٌ عملاقٌ حيث لا بيانات	اختبارُ خطوة: «◆ ولا صفرٌ عملاقٌ حيث لا بيانات — بل سببٌ وزرُّ إنشاء» منفَّذةٌ ومقيسة	غيرُ مقيس	
FIXB-0039-ج	FIXB	بل سببٌ وزرُّ إنشاء	اختبارُ خطوة: «◆ ولا صفرٌ عملاقٌ حيث لا بيانات — بل سببٌ وزرُّ إنشاء» منفَّذةٌ ومقيسة	غيرُ مقيس	
FIXB-0040-أ	FIXB	خطوةُ تصحيحِ «SH-07» رقم 3 — نطاقُ الحكم	اختبارُ خطوة: «هيكلُ تحميلٍ لا شاشةٌ بيضاءُ ولا دوّارةٌ وحدَها» منفَّذةٌ ومقيسة	غيرُ مقيس	
FIXB-0040-ب	FIXB	هيكلُ تحميلٍ لا شاشةٌ بيضاءُ ولا دوّارةٌ وحدَها	اختبارُ خطوة: «هيكلُ تحميلٍ لا شاشةٌ بيضاءُ ولا دوّارةٌ وحدَها» منفَّذةٌ ومقيسة	غيرُ مقيس	
FIXB-0041-أ	FIXB	خطوةُ تصحيحِ «SH-07» رقم 4 — نطاقُ الحكم	اختبارُ خطوة: «احقنِ الحالاتَ في مكوّنِ الجدولِ فتُغطى مئاتُ الشاشاتِ بترحي» منفَّذةٌ ومقيسة	غيرُ مقيس	
FIXB-0041-ب	FIXB	احقنِ الحالاتَ في مكوّنِ الجدولِ فتُغطى مئاتُ الشاشاتِ بترحيلٍ واحد	اختبارُ خطوة: «احقنِ الحالاتَ في مكوّنِ الجدولِ فتُغطى مئاتُ الشاشاتِ بترحي» منفَّذةٌ ومقيسة	غيرُ مقيس	
FIXB-0042-أ	FIXB	خطوةُ تصحيحِ «SH-07» رقم 5 — نطاقُ الحكم	اختبارُ خطوة: «أضفْ فاحصًا يرسب على شاشةٍ تعرض صفرًا بلا حالةِ فراغ» منفَّذةٌ ومقيسة	غيرُ مقيس	
FIXB-0042-ب	FIXB	أضفْ فاحصًا يرسب على شاشةٍ تعرض صفرًا بلا حالةِ فراغ	اختبارُ خطوة: «أضفْ فاحصًا يرسب على شاشةٍ تعرض صفرًا بلا حالةِ فراغ» منفَّذةٌ ومقيسة	غيرُ مقيس	
FIXB-0043-أ	FIXB	◆ عيبُ الواجهة «SH-08	اختبارُ إغلاق: نسبةُ الحقولِ المرتبطةِ تبلغ مئةً بالمئة — ودورةٌ كاملةٌ بلوحةِ المفاتيحِ في كلِّ قالب	غيرُ مقيس	
FIXB-0043-ب	FIXB	◆ الوصولُ الرقميُّ	اختبارُ إغلاق: نسبةُ الحقولِ المرتبطةِ تبلغ مئةً بالمئة — ودورةٌ كاملةٌ بلوحةِ المفاتيحِ في كلِّ قالب	غيرُ مقيس	
FIXB-0043-ج	FIXB	أرخصُ إصلاحٍ بأعلى أثر» في 3808 عنصرَ إدخالٍ · 157 عنوانًا مرتبطًا · صفرُ وسمٍ وصفيّ: اثنانِ وتسعونَ بالمئةِ من الحقولِ بلا عنوانٍ مرتبط	اختبارُ إغلاق: نسبةُ الحقولِ المرتبطةِ تبلغ مئةً بالمئة — ودورةٌ كاملةٌ بلوحةِ المفاتيحِ في كلِّ قالب	غيرُ مقيس	
FIXB-0043-د	FIXB	فالنقرُ على العنوانِ لا يُركّز والقارئُ لا يعرف الحقل · وخطورتُه P1.	اختبارُ إغلاق: نسبةُ الحقولِ المرتبطةِ تبلغ مئةً بالمئة — ودورةٌ كاملةٌ بلوحةِ المفاتيحِ في كلِّ قالب	غيرُ مقيس	
FIXB-0044-أ	FIXB	خطوةُ تصحيحِ «SH-08» رقم 1 — نطاقُ الحكم	اختبارُ خطوة: «◆ كلُّ عنوانٍ يحمل مرجعَ حقلِه وكلُّ حقلٍ يحمل معرّفَه — وال» منفَّذةٌ ومقيسة	غيرُ مقيس	
FIXB-0044-ب	FIXB	◆ كلُّ عنوانٍ يحمل مرجعَ حقلِه وكلُّ حقلٍ يحمل معرّفَه	اختبارُ خطوة: «◆ كلُّ عنوانٍ يحمل مرجعَ حقلِه وكلُّ حقلٍ يحمل معرّفَه — وال» منفَّذةٌ ومقيسة	غيرُ مقيس	
FIXB-0044-ج	FIXB	والربطُ آليٌّ في معظمه	اختبارُ خطوة: «◆ كلُّ عنوانٍ يحمل مرجعَ حقلِه وكلُّ حقلٍ يحمل معرّفَه — وال» منفَّذةٌ ومقيسة	غيرُ مقيس	
FIXB-0045-أ	FIXB	خطوةُ تصحيحِ «SH-08» رقم 2 — نطاقُ الحكم	اختبارُ خطوة: «الحقلُ بلا عنوانٍ ظاهرٍ يحمل وسمًا وصفيًّا» منفَّذةٌ ومقيسة	غيرُ مقيس	
FIXB-0045-ب	FIXB	الحقلُ بلا عنوانٍ ظاهرٍ يحمل وسمًا وصفيًّا	اختبارُ خطوة: «الحقلُ بلا عنوانٍ ظاهرٍ يحمل وسمًا وصفيًّا» منفَّذةٌ ومقيسة	غيرُ مقيس	
FIXB-0046-أ	FIXB	خطوةُ تصحيحِ «SH-08» رقم 3 — نطاقُ الحكم	اختبارُ خطوة: «حلقةُ تركيزٍ ظاهرةٌ على كلِّ عنصرٍ تفاعليٍّ ولا تُلغى» منفَّذةٌ ومقيسة	غيرُ مقيس	
FIXB-0046-ب	FIXB	حلقةُ تركيزٍ ظاهرةٌ على كلِّ عنصرٍ تفاعليٍّ ولا تُلغى	اختبارُ خطوة: «حلقةُ تركيزٍ ظاهرةٌ على كلِّ عنصرٍ تفاعليٍّ ولا تُلغى» منفَّذةٌ ومقيسة	غيرُ مقيس	
FIXB-0047-أ	FIXB	خطوةُ تصحيحِ «SH-08» رقم 4 — نطاقُ الحكم	اختبارُ خطوة: «تباينُ اللونِ يبلغ الحدَّ المعياريَّ في النصِّ والحدودِ والح» منفَّذةٌ ومقيسة	غيرُ مقيس	
FIXB-0047-ب	FIXB	تباينُ اللونِ يبلغ الحدَّ المعياريَّ في النصِّ والحدودِ والحالات	اختبارُ خطوة: «تباينُ اللونِ يبلغ الحدَّ المعياريَّ في النصِّ والحدودِ والح» منفَّذةٌ ومقيسة	غيرُ مقيس	
FIXB-0048-أ	FIXB	خطوةُ تصحيحِ «SH-08» رقم 5 — نطاقُ الحكم	اختبارُ خطوة: «◆ وإعادةُ التدفقِ عند التكبيرِ إلى مئتين بالمئةِ بلا تمريرٍ » منفَّذةٌ ومقيسة	غيرُ مقيس	
FIXB-0048-ب	FIXB	◆ وإعادةُ التدفقِ عند التكبيرِ إلى مئتين بالمئةِ بلا تمريرٍ أفقيّ	اختبارُ خطوة: «◆ وإعادةُ التدفقِ عند التكبيرِ إلى مئتين بالمئةِ بلا تمريرٍ » منفَّذةٌ ومقيسة	غيرُ مقيس	
FIXB-0049-أ	FIXB	خطوةُ تصحيحِ «SH-08» رقم 6 — نطاقُ الحكم	اختبارُ خطوة: «◆ وهذا يفتح بابَ الاعتمادِ المؤسسيِّ والحكوميّ» منفَّذةٌ ومقيسة	غيرُ مقيس	
FIXB-0049-ب	FIXB	◆ وهذا يفتح بابَ الاعتمادِ المؤسسيِّ والحكوميّ	اختبارُ خطوة: «◆ وهذا يفتح بابَ الاعتمادِ المؤسسيِّ والحكوميّ» منفَّذةٌ ومقيسة	غيرُ مقيس	
FIXB-0050-أ	FIXB	◆ عيبُ الواجهة «SH-09	اختبارُ إغلاق: صفرُ بطاقةٍ تُعرض بأقلَّ من سبعةِ حقول	غيرُ مقيس	
FIXB-0050-ب	FIXB	بطاقةُ المؤشرِ بسبعةِ حقولٍ في كلِّ شاشة» في 3 شاشاتٍ مطابقةٌ فقط: مكوّنٌ مطابقٌ موجودٌ وتستعمله ثلاثُ شاشاتٍ	اختبارُ إغلاق: صفرُ بطاقةٍ تُعرض بأقلَّ من سبعةِ حقول	غيرُ مقيس	
FIXB-0050-ج	FIXB	وكلُّ بطاقةٍ رقميةٍ أخرى موضعية · وخطورتُه P2.	اختبارُ إغلاق: صفرُ بطاقةٍ تُعرض بأقلَّ من سبعةِ حقول	غيرُ مقيس	
FIXB-0051-أ	FIXB	خطوةُ تصحيحِ «SH-09» رقم 1 — نطاقُ الحكم	اختبارُ خطوة: «◆ سبعةُ حقولٍ إلزامًا: العنوانُ والقيمةُ والوحدةُ والفترةُ و» منفَّذةٌ ومقيسة	غيرُ مقيس	
FIXB-0051-ب	FIXB	◆ سبعةُ حقولٍ إلزامًا: العنوانُ والقيمةُ والوحدةُ والفترةُ والمقارنةُ والحالةُ والتعمّق	اختبارُ خطوة: «◆ سبعةُ حقولٍ إلزامًا: العنوانُ والقيمةُ والوحدةُ والفترةُ و» منفَّذةٌ ومقيسة	غيرُ مقيس	
FIXB-0052-أ	FIXB	خطوةُ تصحيحِ «SH-09» رقم 2 — نطاقُ الحكم	اختبارُ خطوة: «◆ والمقارنةُ الغائبةُ تُعلَن «بلا مقارنةٍ معلنة» ولا تُلفَّق» منفَّذةٌ ومقيسة	غيرُ مقيس	
FIXB-0052-ب	FIXB	◆ والمقارنةُ الغائبةُ تُعلَن «بلا مقارنةٍ معلنة» ولا تُلفَّق	اختبارُ خطوة: «◆ والمقارنةُ الغائبةُ تُعلَن «بلا مقارنةٍ معلنة» ولا تُلفَّق» منفَّذةٌ ومقيسة	غيرُ مقيس	
FIXB-0053-أ	FIXB	خطوةُ تصحيحِ «SH-09» رقم 3 — نطاقُ الحكم	اختبارُ خطوة: «◆ ورقمٌ لا يُتعمَّق فيه لا يُقرَّر عليه — فالتعمّقُ إلزاميٌّ» منفَّذةٌ ومقيسة	غيرُ مقيس	
FIXB-0053-ب	FIXB	◆ ورقمٌ لا يُتعمَّق فيه لا يُقرَّر عليه	اختبارُ خطوة: «◆ ورقمٌ لا يُتعمَّق فيه لا يُقرَّر عليه — فالتعمّقُ إلزاميٌّ» منفَّذةٌ ومقيسة	غيرُ مقيس	
FIXB-0053-ج	FIXB	فالتعمّقُ إلزاميٌّ لا ترف	اختبارُ خطوة: «◆ ورقمٌ لا يُتعمَّق فيه لا يُقرَّر عليه — فالتعمّقُ إلزاميٌّ» منفَّذةٌ ومقيسة	غيرُ مقيس	
FIXB-0054-أ	FIXB	خطوةُ تصحيحِ «SH-09» رقم 4 — نطاقُ الحكم	اختبارُ خطوة: «المكوّنُ يرفض التصييرَ بأقلَّ من السبعةِ فيصير الحكمُ بالبنا» منفَّذةٌ ومقيسة	غيرُ مقيس	
FIXB-0054-ب	FIXB	المكوّنُ يرفض التصييرَ بأقلَّ من السبعةِ فيصير الحكمُ بالبناء	اختبارُ خطوة: «المكوّنُ يرفض التصييرَ بأقلَّ من السبعةِ فيصير الحكمُ بالبنا» منفَّذةٌ ومقيسة	غيرُ مقيس	
FIXB-0055-أ	FIXB	◆ عيبُ الواجهة «SH-10	اختبارُ إغلاق: صفرُ نقطةِ كسرٍ خارجَ الخمس · وكلُّ سطحٍ يحمل الإعداد	غيرُ مقيس	
FIXB-0055-ب	FIXB	خمسُ نقاطِ كسرٍ لا اثنتان وعشرون» في 22 نقطةً مخصَّصة: والإعدادُ الحاكمُ للجوالِ ناقصٌ في بعضِ الأسطحِ الإدارية · وخطورتُه P2.	اختبارُ إغلاق: صفرُ نقطةِ كسرٍ خارجَ الخمس · وكلُّ سطحٍ يحمل الإعداد	غيرُ مقيس	
FIXB-0056-أ	FIXB	خطوةُ تصحيحِ «SH-10» رقم 1 — نطاقُ الحكم	اختبارُ خطوة: «احصرْ نقاطَ الكسرِ في خمسٍ معلَنةٍ في ملفِ الرموز» منفَّذةٌ ومقيسة	غيرُ مقيس	
FIXB-0056-ب	FIXB	احصرْ نقاطَ الكسرِ في خمسٍ معلَنةٍ في ملفِ الرموز	اختبارُ خطوة: «احصرْ نقاطَ الكسرِ في خمسٍ معلَنةٍ في ملفِ الرموز» منفَّذةٌ ومقيسة	غيرُ مقيس	
FIXB-0057-أ	FIXB	خطوةُ تصحيحِ «SH-10» رقم 2 — نطاقُ الحكم	اختبارُ خطوة: «أضفِ الإعدادَ الحاكمَ للجوالِ في القشرةِ الواحدةِ فيُغطى الك» منفَّذةٌ ومقيسة	غيرُ مقيس	
FIXB-0057-ب	FIXB	أضفِ الإعدادَ الحاكمَ للجوالِ في القشرةِ الواحدةِ فيُغطى الكلّ	اختبارُ خطوة: «أضفِ الإعدادَ الحاكمَ للجوالِ في القشرةِ الواحدةِ فيُغطى الك» منفَّذةٌ ومقيسة	غيرُ مقيس	
FIXB-0058-أ	FIXB	خطوةُ تصحيحِ «SH-10» رقم 3 — نطاقُ الحكم	اختبارُ خطوة: «◆ والشاشةُ الميدانيةُ تُصمَّم للجوالِ أولًا لا تُضغط إليه» منفَّذةٌ ومقيسة	غيرُ مقيس	
FIXB-0058-ب	FIXB	◆ والشاشةُ الميدانيةُ تُصمَّم للجوالِ أولًا لا تُضغط إليه	اختبارُ خطوة: «◆ والشاشةُ الميدانيةُ تُصمَّم للجوالِ أولًا لا تُضغط إليه» منفَّذةٌ ومقيسة	غيرُ مقيس	
FIXB-0059-أ	FIXB	خطوةُ تصحيحِ «SH-10» رقم 4 — نطاقُ الحكم	اختبارُ خطوة: «مساحةُ لمسٍ لا تنقص عن الحدِّ — وأكبرُ في الميدانيةِ للاستعم» منفَّذةٌ ومقيسة	غيرُ مقيس	
FIXB-0059-ب	FIXB	مساحةُ لمسٍ لا تنقص عن الحدِّ	اختبارُ خطوة: «مساحةُ لمسٍ لا تنقص عن الحدِّ — وأكبرُ في الميدانيةِ للاستعم» منفَّذةٌ ومقيسة	غيرُ مقيس	
FIXB-0059-ج	FIXB	وأكبرُ في الميدانيةِ للاستعمالِ بقفاز	اختبارُ خطوة: «مساحةُ لمسٍ لا تنقص عن الحدِّ — وأكبرُ في الميدانيةِ للاستعم» منفَّذةٌ ومقيسة	غيرُ مقيس	
FIXB-0060-أ	FIXB	◆ تُرحَّل الشاشاتُ التمثيليةُ الثمانيةُ بترتيبِ درجةِ الحاجةِ لإعادةِ البناءِ لا بترتيبِ الأسماء	اختبارُ ترتيب: الترحيلُ يبدأ بما درجتُه خمسٌ من خمس	غيرُ مقيس	
FIXB-0060-ب	FIXB	والأعلى درجةً أولًا.	اختبارُ ترتيب: الترحيلُ يبدأ بما درجتُه خمسٌ من خمس	غيرُ مقيس	
FIXB-0061-أ	FIXB	الشاشةُ التمثيلية «١ — لوحةُ الرئيس التنفيذي» — نطاقُ الحكم	اختبارُ شاشة: «لوحةُ الرئيس التنفيذي» تُرحَّل كاملةً ولها محضرُ اعتماد	غيرُ مقيس	
FIXB-0061-ب	FIXB	ملفُّها main/dashboard.php · وأسطرُها ١٤٣٧ · ودرجةُ حاجتِها ◆ ٥ من ٥ · وسببُها قشرةٌ مستقلةٌ بلا مكوّناتٍ · أربعُ بطاقاتٍ بلا مقارنةٍ · لا حالةَ فراغٍ · والشريطُ العلويُّ من اليسار	اختبارُ شاشة: «لوحةُ الرئيس التنفيذي» تُرحَّل كاملةً ولها محضرُ اعتماد	غيرُ مقيس	
FIXB-0061-ج	FIXB	◆ وهي أولُ ما يراه كلُّ مستخدمٍ كلَّ يومٍ — فتُرحَّل أولًا	اختبارُ شاشة: «لوحةُ الرئيس التنفيذي» تُرحَّل كاملةً ولها محضرُ اعتماد	غيرُ مقيس	
FIXB-0062-أ	FIXB	الشاشةُ التمثيلية «٢ — العقود» — نطاقُ الحكم	اختبارُ شاشة: «العقود» تُرحَّل كاملةً ولها محضرُ اعتماد	غيرُ مقيس	
FIXB-0062-ب	FIXB	ملفُّها Contracts/contracts.php · وأسطرُها ١٨٣٣ · ودرجةُ حاجتِها ◆ ٥ من ٥ · وسببُها أربعةٌ وستونَ عمودًا · صفرُ منظرٍ محفوظٍ · والفراغُ ولا-نتائجَ مدمجان	اختبارُ شاشة: «العقود» تُرحَّل كاملةً ولها محضرُ اعتماد	غيرُ مقيس	
FIXB-0062-ج	FIXB	◆ وشاشةٌ بهذا العرضِ بلا مناظرَ غيرُ قابلةٍ للاستعمالِ اليوميّ	اختبارُ شاشة: «العقود» تُرحَّل كاملةً ولها محضرُ اعتماد	غيرُ مقيس	
FIXB-0063-أ	FIXB	الشاشةُ التمثيلية «٣ — التايم شيت» — نطاقُ الحكم	اختبارُ شاشة: «التايم شيت» تُرحَّل كاملةً ولها محضرُ اعتماد	غيرُ مقيس	
FIXB-0063-ب	FIXB	ملفُّها Timesheet/timesheet.php · وأسطرُها ٣٣٥٣ · ودرجةُ حاجتِها ◆ ٥ من ٥ · وسببُها جدولٌ بلا مناظرَ ولا رأسٍ ثابتٍ · وجداولُ مكتوبةٌ يدويًّا	اختبارُ شاشة: «التايم شيت» تُرحَّل كاملةً ولها محضرُ اعتماد	غيرُ مقيس	
FIXB-0063-ج	FIXB	◆ وهي شهادةُ الإنجازِ التي تُبنى عليها الفاتورةُ — فخطؤها ماليّ	اختبارُ شاشة: «التايم شيت» تُرحَّل كاملةً ولها محضرُ اعتماد	غيرُ مقيس	
FIXB-0064-أ	FIXB	الشاشةُ التمثيلية «٤ — لوحةُ إدارةِ التشغيل» — نطاقُ الحكم	اختبارُ شاشة: «لوحةُ إدارةِ التشغيل» تُرحَّل كاملةً ولها محضرُ اعتماد	غيرُ مقيس	
FIXB-0064-ب	FIXB	ملفُّها main/role_board.php · وأسطرُها ١٢٢ · ودرجةُ حاجتِها ٤ من ٥ · وسببُها ستةٌ من سبعةِ حقولٍ	اختبارُ شاشة: «لوحةُ إدارةِ التشغيل» تُرحَّل كاملةً ولها محضرُ اعتماد	غيرُ مقيس	
FIXB-0064-ج	FIXB	المقارنةُ ناقصةٌ · ورسمٌ بلا حارس	اختبارُ شاشة: «لوحةُ إدارةِ التشغيل» تُرحَّل كاملةً ولها محضرُ اعتماد	غيرُ مقيس	
FIXB-0064-د	FIXB	والرسمُ الوحيدُ الباقي بلا حارسٍ في المنصةِ كلِّها	اختبارُ شاشة: «لوحةُ إدارةِ التشغيل» تُرحَّل كاملةً ولها محضرُ اعتماد	غيرُ مقيس	
FIXB-0065-أ	FIXB	الشاشةُ التمثيلية «٥ — مساحةُ عملي» — نطاقُ الحكم	اختبارُ شاشة: «مساحةُ عملي» تُرحَّل كاملةً ولها محضرُ اعتماد	غيرُ مقيس	
FIXB-0065-ب	FIXB	ملفُّها main/my_workspace.php · وأسطرُها ١٠٩ · ودرجةُ حاجتِها ٤ من ٥ · وسببُها عشرُ بطاقاتٍ بعدَّاداتٍ · لا حالةَ فراغٍ · وترتيبُ الأولويةِ معكوس	اختبارُ شاشة: «مساحةُ عملي» تُرحَّل كاملةً ولها محضرُ اعتماد	غيرُ مقيس	
FIXB-0065-ج	FIXB	وهي مدخلُ الموظفِ اليوميُّ إلى عمله	اختبارُ شاشة: «مساحةُ عملي» تُرحَّل كاملةً ولها محضرُ اعتماد	غيرُ مقيس	
FIXB-0066-أ	FIXB	الشاشةُ التمثيلية «٦ — أمرُ الصيانة» — نطاقُ الحكم	اختبارُ شاشة: «أمرُ الصيانة» تُرحَّل كاملةً ولها محضرُ اعتماد	غيرُ مقيس	
FIXB-0066-ب	FIXB	ملفُّها Maintenance/orders.php · وأسطرُها ١٥٧٧ · ودرجةُ حاجتِها ٤ من ٥ · وسببُها ستةٌ من سبعةٍ · وجدولٌ بلا مناظر	اختبارُ شاشة: «أمرُ الصيانة» تُرحَّل كاملةً ولها محضرُ اعتماد	غيرُ مقيس	
FIXB-0066-ج	FIXB	وسلسلةُ اعتمادِه تحتاج حالاتَ تحريرٍ واضحة	اختبارُ شاشة: «أمرُ الصيانة» تُرحَّل كاملةً ولها محضرُ اعتماد	غيرُ مقيس	
FIXB-0067-أ	FIXB	الشاشةُ التمثيلية «٧ — ملفُّ المورد» — نطاقُ الحكم	اختبارُ شاشة: «ملفُّ المورد» تُرحَّل كاملةً ولها محضرُ اعتماد	غيرُ مقيس	
FIXB-0067-ب	FIXB	ملفُّها Suppliers/supplier_profile.php · وأسطرُها ٢٢٩ · ودرجةُ حاجتِها ٤ من ٥ · وسببُها ◆ ستُّ بطاقاتٍ مطابقةٌ — الأفضلُ حالًا	اختبارُ شاشة: «ملفُّ المورد» تُرحَّل كاملةً ولها محضرُ اعتماد	غيرُ مقيس	
FIXB-0067-ج	FIXB	◆ ويُتخذ نموذجًا للباقي لا يُرحَّل أولًا	اختبارُ شاشة: «ملفُّ المورد» تُرحَّل كاملةً ولها محضرُ اعتماد	غيرُ مقيس	
FIXB-0068-أ	FIXB	الشاشةُ التمثيلية «٨ — مساحةُ المخاطر» — نطاقُ الحكم	اختبارُ شاشة: «مساحةُ المخاطر» تُرحَّل كاملةً ولها محضرُ اعتماد	غيرُ مقيس	
FIXB-0068-ب	FIXB	ملفُّها Risk/* · وأسطرُها ٤٤٤٥ · ودرجةُ حاجتِها ٢ من ٥ · وسببُها صفرُ منظرٍ محفوظٍ · ولا حالةَ تحميل	اختبارُ شاشة: «مساحةُ المخاطر» تُرحَّل كاملةً ولها محضرُ اعتماد	غيرُ مقيس	
FIXB-0068-ج	FIXB	◆ والأدنى حاجةً لأنها الأحدثُ بناءً	اختبارُ شاشة: «مساحةُ المخاطر» تُرحَّل كاملةً ولها محضرُ اعتماد	غيرُ مقيس	
FIXB-0068-د	FIXB	فالحديثُ أقربُ للمعيار	اختبارُ شاشة: «مساحةُ المخاطر» تُرحَّل كاملةً ولها محضرُ اعتماد	غيرُ مقيس	
FIXB-0001-أ	FIXB	◆ النظامُ التصميميُّ مبنيٌّ ولا يُفرَض	اختبارُ إنفاذ: لكلِّ معيارٍ تصميميٍّ فاحصٌ يمنع الدمجَ عند المخالفة	غيرُ مقيس	
FIXB-0001-ب	FIXB	فالتصحيحُ في الإنفاذِ لا في التصميمِ · ولا شيءَ يمنع اليومَ كتابةَ نمطٍ موضعيٍّ يدويًّا.	اختبارُ إنفاذ: لكلِّ معيارٍ تصميميٍّ فاحصٌ يمنع الدمجَ عند المخالفة	غيرُ مقيس	
FIXB-0069-أ	FIXB	معيارُ التكويدِ المطبَّقُ على الواجهة «CS-01	اختبارُ معيار: فاحصٌ آليٌّ يثبت أن أولَ استدعاءِ كتابةٍ في كلِّ ملفٍّ يقع بعدَ سطرِ الحارس	غيرُ مقيس	
FIXB-0069-ب	FIXB	ترتيبُ الملفِّ الإلزاميُّ الثابت»: كلُّ سطحٍ يُكتب بالترتيب: جلسةٌ ← إعدادٌ ← حارسُ شاشةٍ ← حارسُ فعلٍ ← معالجاتُ POST ← استعلاماتُ العرضِ ← ترويسةٌ ← سايدبارٌ ← جسم	اختبارُ معيار: فاحصٌ آليٌّ يثبت أن أولَ استدعاءِ كتابةٍ في كلِّ ملفٍّ يقع بعدَ سطرِ الحارس	غيرُ مقيس	
FIXB-0069-ج	FIXB	◆ ولا كتابةَ قبلَ الحارسِ ولا حارسَ بعدَ الكتابة	اختبارُ معيار: فاحصٌ آليٌّ يثبت أن أولَ استدعاءِ كتابةٍ في كلِّ ملفٍّ يقع بعدَ سطرِ الحارس	غيرُ مقيس	
FIXB-0070-أ	FIXB	معيارُ التكويدِ المطبَّقُ على الواجهة «CS-02	اختبارُ معيار: استعلامٌ يعدُّ فروعَ الإرجاعِ الافتراضيِّ في كلِّ حارسٍ — والنتيجةُ صفرُ فرعٍ سامح	غيرُ مقيس	
FIXB-0070-ب	FIXB	الفشلُ مغلقٌ لا مفتوحٌ في كلِّ حارس»: أيُّ فرعٍ لا يجد سجلَّ صلاحيةٍ يرجع منعًا لا سماحًا	اختبارُ معيار: استعلامٌ يعدُّ فروعَ الإرجاعِ الافتراضيِّ في كلِّ حارسٍ — والنتيجةُ صفرُ فرعٍ سامح	غيرُ مقيس	
FIXB-0070-ج	FIXB	والافتراضُ الأمنيُّ منعٌ دائمًا	اختبارُ معيار: استعلامٌ يعدُّ فروعَ الإرجاعِ الافتراضيِّ في كلِّ حارسٍ — والنتيجةُ صفرُ فرعٍ سامح	غيرُ مقيس	
FIXB-0070-د	FIXB	◆ وصفرُ فرعٍ يرجع true عند غيابِ الصف	اختبارُ معيار: استعلامٌ يعدُّ فروعَ الإرجاعِ الافتراضيِّ في كلِّ حارسٍ — والنتيجةُ صفرُ فرعٍ سامح	غيرُ مقيس	
FIXB-0071-أ	FIXB	معيارُ التكويدِ المطبَّقُ على الواجهة «CS-03	اختبارُ معيار: اختبارُ سبعةٍ: كلُّ معالجٍ يُرفض عند إخفاقِ كلِّ بندٍ من السبعةِ منفردًا	غيرُ مقيس	
FIXB-0071-ب	FIXB	معالجُ POST بعقدٍ سبعيٍّ ثابت»: كلُّ معالجٍ يتحقق: طريقةً ← رمزَ حمايةٍ ← فعلًا مسجَّلًا ← صلاحيةً ← مفتاحَ منعِ تكرارٍ ← مدخلاتٍ ← ثم يفتح المعاملة	اختبارُ معيار: اختبارُ سبعةٍ: كلُّ معالجٍ يُرفض عند إخفاقِ كلِّ بندٍ من السبعةِ منفردًا	غيرُ مقيس	
FIXB-0071-ج	FIXB	◆ والخروجُ عند أيِّ فشلٍ قبلَ أيِّ كتابة	اختبارُ معيار: اختبارُ سبعةٍ: كلُّ معالجٍ يُرفض عند إخفاقِ كلِّ بندٍ من السبعةِ منفردًا	غيرُ مقيس	
FIXB-0072-أ	FIXB	معيارُ التكويدِ المطبَّقُ على الواجهة «CS-04	اختبارُ معيار: اختبارُ ارتداد: فشلٌ مصطنعٌ في آخرِ كتابةٍ يترك صفرَ صفٍّ في الجداولِ كلِّها	غيرُ مقيس	
FIXB-0072-ب	FIXB	حدودُ المعاملةِ صريحةٌ ولا كتابةَ خارجَها»: كلُّ كتابةٍ متعددةِ الجداولِ داخلَ معاملةٍ واحدةٍ	اختبارُ معيار: اختبارُ ارتداد: فشلٌ مصطنعٌ في آخرِ كتابةٍ يترك صفرَ صفٍّ في الجداولِ كلِّها	غيرُ مقيس	
FIXB-0072-ج	FIXB	والنشرُ داخلَها والارتدادُ يُلغي الكلّ	اختبارُ معيار: اختبارُ ارتداد: فشلٌ مصطنعٌ في آخرِ كتابةٍ يترك صفرَ صفٍّ في الجداولِ كلِّها	غيرُ مقيس	
FIXB-0072-د	FIXB	◆ ولا تخصيصَ رقمٍ فريدٍ داخلَ المعاملةِ	اختبارُ معيار: اختبارُ ارتداد: فشلٌ مصطنعٌ في آخرِ كتابةٍ يترك صفرَ صفٍّ في الجداولِ كلِّها	غيرُ مقيس	
FIXB-0073-أ	FIXB	معيارُ التكويدِ المطبَّقُ على الواجهة «CS-05	اختبارُ معيار: مسحٌ آليّ: صفرُ عبارةِ كتابةٍ حرفيةٍ في مجلداتِ الأسطح	غيرُ مقيس	
FIXB-0073-ب	FIXB	الشاشةُ لا تكتب جدولًا	اختبارُ معيار: مسحٌ آليّ: صفرُ عبارةِ كتابةٍ حرفيةٍ في مجلداتِ الأسطح	غيرُ مقيس	
FIXB-0073-ج	FIXB	تنادي خدمةَ نطاقها»: صفرُ INSERT أو UPDATE أو DELETE في ملفِّ سطحٍ	اختبارُ معيار: مسحٌ آليّ: صفرُ عبارةِ كتابةٍ حرفيةٍ في مجلداتِ الأسطح	غيرُ مقيس	
FIXB-0073-د	FIXB	والحكمُ في الخدمةِ المالكة	اختبارُ معيار: مسحٌ آليّ: صفرُ عبارةِ كتابةٍ حرفيةٍ في مجلداتِ الأسطح	غيرُ مقيس	
FIXB-0074-أ	FIXB	معيارُ التكويدِ المطبَّقُ على الواجهة «CS-06	اختبارُ معيار: اختبارُ حجب: نداءٌ برمزٍ غيرِ مسجَّلٍ يُرفض 403 ويُسجَّل	غيرُ مقيس	
FIXB-0074-ب	FIXB	كلُّ فعلٍ برمزٍ مسجَّلٍ وصنفِ كتابةٍ معلَن»: لا نداءَ POST بلا رمزِ فعلٍ في القاموسِ	اختبارُ معيار: اختبارُ حجب: نداءٌ برمزٍ غيرِ مسجَّلٍ يُرفض 403 ويُسجَّل	غيرُ مقيس	
FIXB-0074-ج	FIXB	وغيرُ المسجَّلِ يُحجب	اختبارُ معيار: اختبارُ حجب: نداءٌ برمزٍ غيرِ مسجَّلٍ يُرفض 403 ويُسجَّل	غيرُ مقيس	
FIXB-0074-د	FIXB	◆ وصفرُ رمزٍ يحمل معنيين	اختبارُ معيار: اختبارُ حجب: نداءٌ برمزٍ غيرِ مسجَّلٍ يُرفض 403 ويُسجَّل	غيرُ مقيس	
FIXB-0072-ه	FIXB	(لم تُلقطه صفوفُ الجدولِ — أُضيف من المسحِ الخامّ)		غيرُ مقيس	
FIXB-0073-ه	FIXB	(لم تُلقطه صفوفُ الجدولِ — أُضيف من المسحِ الخامّ)		غيرُ مقيس	
FIXC-0002-أ	FIXC	◆ عيبُ المالية «FN-01	اختبارُ إغلاق: الأدوارُ الثلاثةُ تفتح سايدبارًا غيرَ فارغٍ بمجموعاتِها ومراحلِها	مُغلقٌ بشاهد	tests/fixc_finance_nav_test.php
FIXC-0002-ب	FIXC	◆ سايدبارُ الأدوارِ الثلاثةِ الجديدةِ فارغ» في الأدوار 31 · 32 · 33: رئيسُ الحساباتِ والمديرُ الماليُّ والمراجعُ الداخليُّ سايدبارُهم فارغٌ في الوضعين	اختبارُ إغلاق: الأدوارُ الثلاثةُ تفتح سايدبارًا غيرَ فارغٍ بمجموعاتِها ومراحلِها	مُغلقٌ بشاهد	tests/fixc_finance_nav_test.php
FIXC-0002-ج	FIXC	فالأدوارُ أُنشئت والقوائمُ لم تُبنَ · وخطورتُه P0.	اختبارُ إغلاق: الأدوارُ الثلاثةُ تفتح سايدبارًا غيرَ فارغٍ بمجموعاتِها ومراحلِها	مُغلقٌ بشاهد	tests/fixc_finance_nav_test.php
FIXC-0003-أ	FIXC	خطوةُ تصحيحِ «FN-01» رقم 1 — نطاقُ الحكم	اختبارُ خطوة: «ابذرْ صفوفَ التنقلِ للأدوارِ الثلاثةِ بمجموعاتِها ومراحلِها» منفَّذةٌ ومقيسة	غيرُ مقيس	
FIXC-0003-ب	FIXC	ابذرْ صفوفَ التنقلِ للأدوارِ الثلاثةِ بمجموعاتِها ومراحلِها	اختبارُ خطوة: «ابذرْ صفوفَ التنقلِ للأدوارِ الثلاثةِ بمجموعاتِها ومراحلِها» منفَّذةٌ ومقيسة	غيرُ مقيس	
FIXC-0004-أ	FIXC	خطوةُ تصحيحِ «FN-01» رقم 2 — نطاقُ الحكم	اختبارُ خطوة: «◆ وكلُّ صفٍّ بوحدةِ صلاحياتٍ لا NULL — فالصفُّ بلا وحدةٍ لا » منفَّذةٌ ومقيسة	غيرُ مقيس	
FIXC-0004-ب	FIXC	◆ وكلُّ صفٍّ بوحدةِ صلاحياتٍ لا NULL	اختبارُ خطوة: «◆ وكلُّ صفٍّ بوحدةِ صلاحياتٍ لا NULL — فالصفُّ بلا وحدةٍ لا » منفَّذةٌ ومقيسة	غيرُ مقيس	
FIXC-0004-ج	FIXC	فالصفُّ بلا وحدةٍ لا يمرُّ الفحصَ ويسقط صامتًا	اختبارُ خطوة: «◆ وكلُّ صفٍّ بوحدةِ صلاحياتٍ لا NULL — فالصفُّ بلا وحدةٍ لا » منفَّذةٌ ومقيسة	غيرُ مقيس	
FIXC-0005-أ	FIXC	خطوةُ تصحيحِ «FN-01» رقم 3 — نطاقُ الحكم	اختبارُ خطوة: «امنحِ الأدوارَ الثلاثةَ صلاحياتِ شاشاتِها في وحدةِ الصلاحيات» منفَّذةٌ ومقيسة	غيرُ مقيس	
FIXC-0005-ب	FIXC	امنحِ الأدوارَ الثلاثةَ صلاحياتِ شاشاتِها في وحدةِ الصلاحياتِ لا بمنحٍ فرديّ	اختبارُ خطوة: «امنحِ الأدوارَ الثلاثةَ صلاحياتِ شاشاتِها في وحدةِ الصلاحيات» منفَّذةٌ ومقيسة	غيرُ مقيس	
FIXC-0006-أ	FIXC	خطوةُ تصحيحِ «FN-01» رقم 4 — نطاقُ الحكم	اختبارُ خطوة: «◆ اختبرْ بحسابٍ فعليٍّ لكلِّ دورٍ من الثلاثة — والفحصُ بحساب» منفَّذةٌ ومقيسة	غيرُ مقيس	
FIXC-0006-ب	FIXC	◆ اختبرْ بحسابٍ فعليٍّ لكلِّ دورٍ من الثلاثة	اختبارُ خطوة: «◆ اختبرْ بحسابٍ فعليٍّ لكلِّ دورٍ من الثلاثة — والفحصُ بحساب» منفَّذةٌ ومقيسة	غيرُ مقيس	
FIXC-0006-ج	FIXC	والفحصُ بحسابِ مديرٍ لا يُثبت شيئًا	اختبارُ خطوة: «◆ اختبرْ بحسابٍ فعليٍّ لكلِّ دورٍ من الثلاثة — والفحصُ بحساب» منفَّذةٌ ومقيسة	غيرُ مقيس	
FIXC-0007	FIXC	خطوةُ تصحيحِ «FN-01» رقم 5: أضفْ فاحصًا يرسب على دورٍ سايدبارُه فارغ	اختبارُ خطوة: «أضفْ فاحصًا يرسب على دورٍ سايدبارُه فارغ» منفَّذةٌ ومقيسة	مُغلقٌ بشاهد	tests/unified_nav_test.php
FIXC-0008-أ	FIXC	◆ عيبُ المالية «FN-02	اختبارُ إغلاق: صفرُ صفِّ تنقلٍ ميتٍ · وصفرُ صفٍّ بوحدةٍ فارغةٍ ورمزٍ غيرِ فارغ	مُغلقٌ بشاهد	tests/fixc_finance_nav_test.php
FIXC-0008-ب	FIXC	◆ واحدٌ وأربعون صفَّ تنقلٍ ميتًا» في seed_reference.sql:5057-5097: كلُّ الصفوفِ ذاتِ البادئةِ النسبيةِ المزدوجةِ تحمل وحدةَ صلاحياتٍ فارغةً مع رمزِ صلاحيةٍ غيرِ فارغ	اختبارُ إغلاق: صفرُ صفِّ تنقلٍ ميتٍ · وصفرُ صفٍّ بوحدةٍ فارغةٍ ورمزٍ غيرِ فارغ	مُغلقٌ بشاهد	tests/fixc_finance_nav_test.php
FIXC-0008-ج	FIXC	فتسقط في الفحصِ صامتة · وخطورتُه P1.	اختبارُ إغلاق: صفرُ صفِّ تنقلٍ ميتٍ · وصفرُ صفٍّ بوحدةٍ فارغةٍ ورمزٍ غيرِ فارغ	غيرُ مقيس	
FIXC-0009-أ	FIXC	خطوةُ تصحيحِ «FN-02» رقم 1 — نطاقُ الحكم	اختبارُ خطوة: «أصلحْ بادئةَ المسارِ في الواحدِ والأربعينَ صفًّا» منفَّذةٌ ومقيسة	غيرُ مقيس	
FIXC-0009-ب	FIXC	أصلحْ بادئةَ المسارِ في الواحدِ والأربعينَ صفًّا	اختبارُ خطوة: «أصلحْ بادئةَ المسارِ في الواحدِ والأربعينَ صفًّا» منفَّذةٌ ومقيسة	غيرُ مقيس	
FIXC-0010-أ	FIXC	خطوةُ تصحيحِ «FN-02» رقم 2 — نطاقُ الحكم	اختبارُ خطوة: «◆ اربطْ كلَّ صفٍّ بوحدةِ صلاحياتٍ حقيقيةٍ لا فارغة» منفَّذةٌ ومقيسة	غيرُ مقيس	
FIXC-0010-ب	FIXC	◆ اربطْ كلَّ صفٍّ بوحدةِ صلاحياتٍ حقيقيةٍ لا فارغة	اختبارُ خطوة: «◆ اربطْ كلَّ صفٍّ بوحدةِ صلاحياتٍ حقيقيةٍ لا فارغة» منفَّذةٌ ومقيسة	غيرُ مقيس	
FIXC-0011-أ	FIXC	خطوةُ تصحيحِ «FN-02» رقم 3 — نطاقُ الحكم	اختبارُ خطوة: «◆ أو احذفِ الصفَّ إن كانت شاشتُه غيرَ موجودةٍ — ولا يُترك مع» منفَّذةٌ ومقيسة	غيرُ مقيس	
FIXC-0011-ب	FIXC	◆ أو احذفِ الصفَّ إن كانت شاشتُه غيرَ موجودةٍ	اختبارُ خطوة: «◆ أو احذفِ الصفَّ إن كانت شاشتُه غيرَ موجودةٍ — ولا يُترك مع» منفَّذةٌ ومقيسة	غيرُ مقيس	
FIXC-0011-ج	FIXC	ولا يُترك معلَّقًا	اختبارُ خطوة: «◆ أو احذفِ الصفَّ إن كانت شاشتُه غيرَ موجودةٍ — ولا يُترك مع» منفَّذةٌ ومقيسة	غيرُ مقيس	
FIXC-0012-أ	FIXC	خطوةُ تصحيحِ «FN-02» رقم 4 — نطاقُ الحكم	اختبارُ خطوة: «أضفْ قيدًا في القاعدةِ يمنع صفَّ تنقلٍ بوحدةٍ فارغةٍ ورمزِ ص» منفَّذةٌ ومقيسة	غيرُ مقيس	
FIXC-0012-ب	FIXC	أضفْ قيدًا في القاعدةِ يمنع صفَّ تنقلٍ بوحدةٍ فارغةٍ ورمزِ صلاحيةٍ غيرِ فارغ	اختبارُ خطوة: «أضفْ قيدًا في القاعدةِ يمنع صفَّ تنقلٍ بوحدةٍ فارغةٍ ورمزِ ص» منفَّذةٌ ومقيسة	غيرُ مقيس	
FIXC-0013-أ	FIXC	خطوةُ تصحيحِ «FN-02» رقم 5 — نطاقُ الحكم	اختبارُ خطوة: «أضفْ فاحصًا يعدُّ الروابطَ الميتةَ ويرسب فوقَ صفر» منفَّذةٌ ومقيسة	غيرُ مقيس	
FIXC-0013-ب	FIXC	أضفْ فاحصًا يعدُّ الروابطَ الميتةَ ويرسب فوقَ صفر	اختبارُ خطوة: «أضفْ فاحصًا يعدُّ الروابطَ الميتةَ ويرسب فوقَ صفر» منفَّذةٌ ومقيسة	غيرُ مقيس	
FIXC-0014-أ	FIXC	◆ عيبُ المالية «FN-03	اختبارُ إغلاق: اعتمادُ استحقاقٍ يمرُّ بالخدمةِ ويُنتج سجلَّ تدقيقٍ وحدثًا — والردُّ برمزِ سببٍ محكوم	غيرُ مقيس	
FIXC-0014-ب	FIXC	◆ شاشةُ فحصِ شروطِ الاستحقاقِ بلا معالجٍ إطلاقًا» في Finance/entitlement_gate.php:7 · :103: رأسُ الملفِّ يعلن «الاعتمادُ عبرَ خدمةِ الرحلةِ	اختبارُ إغلاق: اعتمادُ استحقاقٍ يمرُّ بالخدمةِ ويُنتج سجلَّ تدقيقٍ وحدثًا — والردُّ برمزِ سببٍ محكوم	غيرُ مقيس	
FIXC-0014-ج	FIXC	لا كتابةَ مباشرة» ولا يوجد فيه معالجٌ ولا نداءٌ للخدمة · وعمودُ الإجراءِ يحمل رابطًا واحدًا · وخطورتُه P1.	اختبارُ إغلاق: اعتمادُ استحقاقٍ يمرُّ بالخدمةِ ويُنتج سجلَّ تدقيقٍ وحدثًا — والردُّ برمزِ سببٍ محكوم	غيرُ مقيس	
FIXC-0015-أ	FIXC	خطوةُ تصحيحِ «FN-03» رقم 1 — نطاقُ الحكم	اختبارُ خطوة: «ابنِ معالجَ اعتمادٍ يستدعي خدمةَ الرحلةِ بالعقدِ السبعيِّ كا» منفَّذةٌ ومقيسة	غيرُ مقيس	
FIXC-0015-ب	FIXC	ابنِ معالجَ اعتمادٍ يستدعي خدمةَ الرحلةِ بالعقدِ السبعيِّ كاملًا	اختبارُ خطوة: «ابنِ معالجَ اعتمادٍ يستدعي خدمةَ الرحلةِ بالعقدِ السبعيِّ كا» منفَّذةٌ ومقيسة	غيرُ مقيس	
FIXC-0016-أ	FIXC	خطوةُ تصحيحِ «FN-03» رقم 2 — نطاقُ الحكم	اختبارُ خطوة: «◆ أو احذفْ الادعاءَ من رأسِ الملفِّ — فرأسٌ يعلن ما لا يفعله» منفَّذةٌ ومقيسة	غيرُ مقيس	
FIXC-0016-ب	FIXC	◆ أو احذفْ الادعاءَ من رأسِ الملفِّ	اختبارُ خطوة: «◆ أو احذفْ الادعاءَ من رأسِ الملفِّ — فرأسٌ يعلن ما لا يفعله» منفَّذةٌ ومقيسة	غيرُ مقيس	
FIXC-0016-ج	FIXC	فرأسٌ يعلن ما لا يفعله أسوأُ من شاشةٍ فارغة	اختبارُ خطوة: «◆ أو احذفْ الادعاءَ من رأسِ الملفِّ — فرأسٌ يعلن ما لا يفعله» منفَّذةٌ ومقيسة	غيرُ مقيس	
FIXC-0017-أ	FIXC	خطوةُ تصحيحِ «FN-03» رقم 3 — نطاقُ الحكم	اختبارُ خطوة: «أضفْ فعلين محروسين: اعتمادُ استحقاقٍ وردُّه بسببٍ محكوم» منفَّذةٌ ومقيسة	غيرُ مقيس	
FIXC-0017-ب	FIXC	أضفْ فعلين محروسين: اعتمادُ استحقاقٍ وردُّه بسببٍ محكوم	اختبارُ خطوة: «أضفْ فعلين محروسين: اعتمادُ استحقاقٍ وردُّه بسببٍ محكوم» منفَّذةٌ ومقيسة	غيرُ مقيس	
FIXC-0018-أ	FIXC	خطوةُ تصحيحِ «FN-03» رقم 4 — نطاقُ الحكم	اختبارُ خطوة: «اربطْ كلَّ اعتمادٍ بمفتاحِ منعِ تكرارٍ وفعلِ عكسٍ معلَن» منفَّذةٌ ومقيسة	غيرُ مقيس	
FIXC-0018-ب	FIXC	اربطْ كلَّ اعتمادٍ بمفتاحِ منعِ تكرارٍ وفعلِ عكسٍ معلَن	اختبارُ خطوة: «اربطْ كلَّ اعتمادٍ بمفتاحِ منعِ تكرارٍ وفعلِ عكسٍ معلَن» منفَّذةٌ ومقيسة	غيرُ مقيس	
FIXC-0019-أ	FIXC	خطوةُ تصحيحِ «FN-03» رقم 5 — نطاقُ الحكم	اختبارُ خطوة: «◆ وأضفْ فاحصًا يقارن ادعاءَ الرأسِ بالنداءاتِ الفعليةِ في ال» منفَّذةٌ ومقيسة	غيرُ مقيس	
FIXC-0019-ب	FIXC	◆ وأضفْ فاحصًا يقارن ادعاءَ الرأسِ بالنداءاتِ الفعليةِ في الملف	اختبارُ خطوة: «◆ وأضفْ فاحصًا يقارن ادعاءَ الرأسِ بالنداءاتِ الفعليةِ في ال» منفَّذةٌ ومقيسة	غيرُ مقيس	
FIXC-0020-أ	FIXC	◆ عيبُ المالية «FN-04	اختبارُ إغلاق: دورةٌ كاملةٌ إنشاءً وتصحيحًا وعكسًا — وصفرُ دالةِ حذف	غيرُ مقيس	
FIXC-0020-ب	FIXC	◆ طبقةُ التخزينِ المولَّدةِ بدالتين لا أربع» في includes/cmp03_local_store.php:25-64 · :66-105: الطبقةُ تنفّذ الإدراجَ والقراءةَ فقط	اختبارُ إغلاق: دورةٌ كاملةٌ إنشاءً وتصحيحًا وعكسًا — وصفرُ دالةِ حذف	غيرُ مقيس	
FIXC-0020-ج	FIXC	لا تحديثَ ولا حذفَ ولا عكس · والوثيقةُ تشترط لكلِّ فعلٍ عقدًا يشمل التصحيحَ والعكس · وخطورتُه P1.	اختبارُ إغلاق: دورةٌ كاملةٌ إنشاءً وتصحيحًا وعكسًا — وصفرُ دالةِ حذف	غيرُ مقيس	
FIXC-0021-أ	FIXC	خطوةُ تصحيحِ «FN-04» رقم 1 — نطاقُ الحكم	اختبارُ خطوة: «أضفْ دالةَ تحديثٍ بمرجعِ الأصلِ وسجلِّ قبلَ وبعد» منفَّذةٌ ومقيسة	غيرُ مقيس	
FIXC-0021-ب	FIXC	أضفْ دالةَ تحديثٍ بمرجعِ الأصلِ وسجلِّ قبلَ وبعد	اختبارُ خطوة: «أضفْ دالةَ تحديثٍ بمرجعِ الأصلِ وسجلِّ قبلَ وبعد» منفَّذةٌ ومقيسة	غيرُ مقيس	
FIXC-0022-أ	FIXC	خطوةُ تصحيحِ «FN-04» رقم 2 — نطاقُ الحكم	اختبارُ خطوة: «◆ وأضفْ دالةَ عكسٍ تُنشئ حركةً عاكسةً — ولا دالةَ حذفٍ إطلاق» منفَّذةٌ ومقيسة	غيرُ مقيس	
FIXC-0022-ب	FIXC	◆ وأضفْ دالةَ عكسٍ تُنشئ حركةً عاكسةً	اختبارُ خطوة: «◆ وأضفْ دالةَ عكسٍ تُنشئ حركةً عاكسةً — ولا دالةَ حذفٍ إطلاق» منفَّذةٌ ومقيسة	غيرُ مقيس	
FIXC-0022-ج	FIXC	ولا دالةَ حذفٍ إطلاقًا	اختبارُ خطوة: «◆ وأضفْ دالةَ عكسٍ تُنشئ حركةً عاكسةً — ولا دالةَ حذفٍ إطلاق» منفَّذةٌ ومقيسة	غيرُ مقيس	
FIXC-0023-أ	FIXC	خطوةُ تصحيحِ «FN-04» رقم 3 — نطاقُ الحكم	اختبارُ خطوة: «اربطْ كلَّ دالةٍ بفعلٍ مسجَّلٍ وصنفِ كتابةٍ معلَن» منفَّذةٌ ومقيسة	غيرُ مقيس	
FIXC-0023-ب	FIXC	اربطْ كلَّ دالةٍ بفعلٍ مسجَّلٍ وصنفِ كتابةٍ معلَن	اختبارُ خطوة: «اربطْ كلَّ دالةٍ بفعلٍ مسجَّلٍ وصنفِ كتابةٍ معلَن» منفَّذةٌ ومقيسة	غيرُ مقيس	
FIXC-0024-أ	FIXC	خطوةُ تصحيحِ «FN-04» رقم 4 — نطاقُ الحكم	اختبارُ خطوة: «◆ ولا مستندَ يُنشأ بلا مسارٍ لتصحيحه — فالمستندُ المسجونُ عي» منفَّذةٌ ومقيسة	غيرُ مقيس	
FIXC-0024-ب	FIXC	◆ ولا مستندَ يُنشأ بلا مسارٍ لتصحيحه	اختبارُ خطوة: «◆ ولا مستندَ يُنشأ بلا مسارٍ لتصحيحه — فالمستندُ المسجونُ عي» منفَّذةٌ ومقيسة	غيرُ مقيس	
FIXC-0024-ج	FIXC	فالمستندُ المسجونُ عيبٌ بنيويّ	اختبارُ خطوة: «◆ ولا مستندَ يُنشأ بلا مسارٍ لتصحيحه — فالمستندُ المسجونُ عي» منفَّذةٌ ومقيسة	غيرُ مقيس	
FIXC-0025-أ	FIXC	خطوةُ تصحيحِ «FN-04» رقم 5 — نطاقُ الحكم	اختبارُ خطوة: «أضفْ اختبارًا يُنشئ ثم يصحّح ثم يعكس ويثبت السلسلة» منفَّذةٌ ومقيسة	غيرُ مقيس	
FIXC-0025-ب	FIXC	أضفْ اختبارًا يُنشئ ثم يصحّح ثم يعكس ويثبت السلسلة	اختبارُ خطوة: «أضفْ اختبارًا يُنشئ ثم يصحّح ثم يعكس ويثبت السلسلة» منفَّذةٌ ومقيسة	غيرُ مقيس	
FIXC-0026-أ	FIXC	◆ عيبُ المالية «FN-05	اختبارُ إغلاق: مسارُ كتابةٍ واحدٌ على جدولِ الترسيةِ — والثاني منظرٌ قارئٌ لا كاتب	غيرُ مقيس	
FIXC-0026-ب	FIXC	◆ مسارانِ متوازيانِ للترسيةِ على البياناتِ نفسِها» في Suppliers/rfq_requests.php:27 · :83-95 · Procurement/rfq*: الأولُ محروسٌ بمنحةِ وحدةٍ ويعمل · والثاني مسارٌ ثانٍ للفعلِ نفسِه	اختبارُ إغلاق: مسارُ كتابةٍ واحدٌ على جدولِ الترسيةِ — والثاني منظرٌ قارئٌ لا كاتب	غيرُ مقيس	
FIXC-0026-ج	FIXC	والوثيقةُ تشترط مستندًا واحدًا ومسارًا واحدًا لكلِّ مرحلة · وخطورتُه P1.	اختبارُ إغلاق: مسارُ كتابةٍ واحدٌ على جدولِ الترسيةِ — والثاني منظرٌ قارئٌ لا كاتب	غيرُ مقيس	
FIXC-0027-أ	FIXC	خطوةُ تصحيحِ «FN-05» رقم 1 — نطاقُ الحكم	اختبارُ خطوة: «◆ احسمِ المسارَ الواحدَ بقرارٍ موثَّقٍ من مالكِ العملية» منفَّذةٌ ومقيسة	غيرُ مقيس	
FIXC-0027-ب	FIXC	◆ احسمِ المسارَ الواحدَ بقرارٍ موثَّقٍ من مالكِ العملية	اختبارُ خطوة: «◆ احسمِ المسارَ الواحدَ بقرارٍ موثَّقٍ من مالكِ العملية» منفَّذةٌ ومقيسة	غيرُ مقيس	
FIXC-0028-أ	FIXC	خطوةُ تصحيحِ «FN-05» رقم 2 — نطاقُ الحكم	اختبارُ خطوة: «حوّلِ الثانيَ إلى منظرٍ على المسارِ الأولِ لا مسارٍ موازٍ» منفَّذةٌ ومقيسة	غيرُ مقيس	
FIXC-0028-ب	FIXC	حوّلِ الثانيَ إلى منظرٍ على المسارِ الأولِ لا مسارٍ موازٍ	اختبارُ خطوة: «حوّلِ الثانيَ إلى منظرٍ على المسارِ الأولِ لا مسارٍ موازٍ» منفَّذةٌ ومقيسة	غيرُ مقيس	
FIXC-0029-أ	FIXC	خطوةُ تصحيحِ «FN-05» رقم 3 — نطاقُ الحكم	اختبارُ خطوة: «◆ وامنعِ الكتابةَ من الثانيِ في القاعدةِ لا في التطبيقِ وحدَ» منفَّذةٌ ومقيسة	غيرُ مقيس	
FIXC-0029-ب	FIXC	◆ وامنعِ الكتابةَ من الثانيِ في القاعدةِ لا في التطبيقِ وحدَه	اختبارُ خطوة: «◆ وامنعِ الكتابةَ من الثانيِ في القاعدةِ لا في التطبيقِ وحدَ» منفَّذةٌ ومقيسة	غيرُ مقيس	
FIXC-0030-أ	FIXC	خطوةُ تصحيحِ «FN-05» رقم 4 — نطاقُ الحكم	اختبارُ خطوة: «احفظْ روابطَ الثانيِ محوَّلةً فلا تُكسر مراجعُ المستخدمين» منفَّذةٌ ومقيسة	غيرُ مقيس	
FIXC-0030-ب	FIXC	احفظْ روابطَ الثانيِ محوَّلةً فلا تُكسر مراجعُ المستخدمين	اختبارُ خطوة: «احفظْ روابطَ الثانيِ محوَّلةً فلا تُكسر مراجعُ المستخدمين» منفَّذةٌ ومقيسة	غيرُ مقيس	
FIXC-0031-أ	FIXC	خطوةُ تصحيحِ «FN-05» رقم 5 — نطاقُ الحكم	اختبارُ خطوة: «أضفْ فاحصًا يعدُّ مسارَي الكتابةِ على الجدولِ نفسِه ويرسب فو» منفَّذةٌ ومقيسة	غيرُ مقيس	
FIXC-0031-ب	FIXC	أضفْ فاحصًا يعدُّ مسارَي الكتابةِ على الجدولِ نفسِه ويرسب فوقَ واحد	اختبارُ خطوة: «أضفْ فاحصًا يعدُّ مسارَي الكتابةِ على الجدولِ نفسِه ويرسب فو» منفَّذةٌ ومقيسة	غيرُ مقيس	
FIXC-0032-أ	FIXC	◆ عيبُ المالية «FN-06	اختبارُ إغلاق: خدمةٌ واحدةٌ للإنجازِ بمصادرِها الثمانيةِ وموانعِها الخمسة	غيرُ مقيس	
FIXC-0032-ب	FIXC	◆ محرّكانِ متنافسانِ للإنجاز» في Portal/my_achievement.php:12,15,40 · app/Services/Portal/AchievementService · app/Services/Work/AchievementService: خدمتانِ تكتبانِ في سجلاتِ إنجازٍ مختلفةٍ	اختبارُ إغلاق: خدمةٌ واحدةٌ للإنجازِ بمصادرِها الثمانيةِ وموانعِها الخمسة	غيرُ مقيس	
FIXC-0032-ج	FIXC	والوثيقةُ تشترط ثمانيةَ مصادرَ فقط وخمسةً تمنعه · وخطورتُه P1.	اختبارُ إغلاق: خدمةٌ واحدةٌ للإنجازِ بمصادرِها الثمانيةِ وموانعِها الخمسة	غيرُ مقيس	
FIXC-0033	FIXC	خطوةُ تصحيحِ «FN-06» رقم 1: ◆ احسمِ الخدمةَ الواحدةَ المالكةَ للإنجاز	اختبارُ خطوة: «◆ احسمِ الخدمةَ الواحدةَ المالكةَ للإنجاز» منفَّذةٌ ومقيسة	غيرُ مقيس	
FIXC-0034-أ	FIXC	خطوةُ تصحيحِ «FN-06» رقم 2 — نطاقُ الحكم	اختبارُ خطوة: «ارحلْ بياناتِ الثانيةِ إلى الأولى بخريطةٍ لا بحذف» منفَّذةٌ ومقيسة	غيرُ مقيس	
FIXC-0034-ب	FIXC	ارحلْ بياناتِ الثانيةِ إلى الأولى بخريطةٍ لا بحذف	اختبارُ خطوة: «ارحلْ بياناتِ الثانيةِ إلى الأولى بخريطةٍ لا بحذف» منفَّذةٌ ومقيسة	غيرُ مقيس	
FIXC-0035-أ	FIXC	خطوةُ تصحيحِ «FN-06» رقم 3 — نطاقُ الحكم	اختبارُ خطوة: «◆ وامنعِ الثانيةَ بإزالتِها لا بتركِها معطَّلة — فالخدمةُ ال» منفَّذةٌ ومقيسة	غيرُ مقيس	
FIXC-0035-ب	FIXC	◆ وامنعِ الثانيةَ بإزالتِها لا بتركِها معطَّلة	اختبارُ خطوة: «◆ وامنعِ الثانيةَ بإزالتِها لا بتركِها معطَّلة — فالخدمةُ ال» منفَّذةٌ ومقيسة	غيرُ مقيس	
FIXC-0035-ج	FIXC	فالخدمةُ المعطَّلةُ تُستعمل يومًا	اختبارُ خطوة: «◆ وامنعِ الثانيةَ بإزالتِها لا بتركِها معطَّلة — فالخدمةُ ال» منفَّذةٌ ومقيسة	غيرُ مقيس	
FIXC-0036-أ	FIXC	خطوةُ تصحيحِ «FN-06» رقم 4 — نطاقُ الحكم	اختبارُ خطوة: «أثبتِ المصادرَ الثمانيةَ والموانعَ الخمسةَ في الخدمةِ الواحد» منفَّذةٌ ومقيسة	غيرُ مقيس	
FIXC-0036-ب	FIXC	أثبتِ المصادرَ الثمانيةَ والموانعَ الخمسةَ في الخدمةِ الواحدة	اختبارُ خطوة: «أثبتِ المصادرَ الثمانيةَ والموانعَ الخمسةَ في الخدمةِ الواحد» منفَّذةٌ ومقيسة	غيرُ مقيس	
FIXC-0037-أ	FIXC	خطوةُ تصحيحِ «FN-06» رقم 5 — نطاقُ الحكم	اختبارُ خطوة: «أضفْ اختبارًا يجرّب المصادرَ الثمانيةَ والموانعَ الخمسة» منفَّذةٌ ومقيسة	غيرُ مقيس	
FIXC-0037-ب	FIXC	أضفْ اختبارًا يجرّب المصادرَ الثمانيةَ والموانعَ الخمسة	اختبارُ خطوة: «أضفْ اختبارًا يجرّب المصادرَ الثمانيةَ والموانعَ الخمسة» منفَّذةٌ ومقيسة	غيرُ مقيس	
FIXC-0038-أ	FIXC	◆ عيبُ المالية «FN-07	اختبارُ إغلاق: محاولةُ إرجاعٍ تفوق المصروفَ ناقصًا ما أُرجع تُرفض من القاعدة	غيرُ مقيس	
FIXC-0038-ب	FIXC	◆ المرتجعُ يقارن سطرًا واحدًا ولا يطرح ما سبق» في Procurement/wh_returns.php:25 · :27: التحققُ يقارن الكميةَ المرتجعةَ بكميةِ سطرٍ واحدٍ من سندِ الصرفِ ولا يطرح ما أُرجع قبلَه	اختبارُ إغلاق: محاولةُ إرجاعٍ تفوق المصروفَ ناقصًا ما أُرجع تُرفض من القاعدة	غيرُ مقيس	
FIXC-0038-ج	FIXC	فيمكن إرجاعُ أكثرَ من المصروف · وخطورتُه P0.	اختبارُ إغلاق: محاولةُ إرجاعٍ تفوق المصروفَ ناقصًا ما أُرجع تُرفض من القاعدة	غيرُ مقيس	
FIXC-0039-أ	FIXC	خطوةُ تصحيحِ «FN-07» رقم 1 — نطاقُ الحكم	اختبارُ خطوة: «◆ اجمعْ كمياتِ الصرفِ كلَّها للصنفِ في السندِ لا سطرًا واحدً» منفَّذةٌ ومقيسة	غيرُ مقيس	
FIXC-0039-ب	FIXC	◆ اجمعْ كمياتِ الصرفِ كلَّها للصنفِ في السندِ لا سطرًا واحدًا	اختبارُ خطوة: «◆ اجمعْ كمياتِ الصرفِ كلَّها للصنفِ في السندِ لا سطرًا واحدً» منفَّذةٌ ومقيسة	غيرُ مقيس	
FIXC-0040-أ	FIXC	خطوةُ تصحيحِ «FN-07» رقم 2 — نطاقُ الحكم	اختبارُ خطوة: «◆ واطرحْ مجموعَ ما أُرجع قبلَه قبلَ قبولِ الكميةِ الجديدة» منفَّذةٌ ومقيسة	غيرُ مقيس	
FIXC-0040-ب	FIXC	◆ واطرحْ مجموعَ ما أُرجع قبلَه قبلَ قبولِ الكميةِ الجديدة	اختبارُ خطوة: «◆ واطرحْ مجموعَ ما أُرجع قبلَه قبلَ قبولِ الكميةِ الجديدة» منفَّذةٌ ومقيسة	غيرُ مقيس	
FIXC-0041-أ	FIXC	خطوةُ تصحيحِ «FN-07» رقم 3 — نطاقُ الحكم	اختبارُ خطوة: «أضفْ قيدًا في القاعدةِ يمنع تجاوزَ المرتجَعِ للمصروف» منفَّذةٌ ومقيسة	غيرُ مقيس	
FIXC-0041-ب	FIXC	أضفْ قيدًا في القاعدةِ يمنع تجاوزَ المرتجَعِ للمصروف	اختبارُ خطوة: «أضفْ قيدًا في القاعدةِ يمنع تجاوزَ المرتجَعِ للمصروف» منفَّذةٌ ومقيسة	غيرُ مقيس	
FIXC-0042-أ	FIXC	خطوةُ تصحيحِ «FN-07» رقم 4 — نطاقُ الحكم	اختبارُ خطوة: «اربطْ كلَّ مرتجعٍ بمرجعِ سندِ الصرفِ الأصليِّ إلزامًا» منفَّذةٌ ومقيسة	غيرُ مقيس	
FIXC-0042-ب	FIXC	اربطْ كلَّ مرتجعٍ بمرجعِ سندِ الصرفِ الأصليِّ إلزامًا	اختبارُ خطوة: «اربطْ كلَّ مرتجعٍ بمرجعِ سندِ الصرفِ الأصليِّ إلزامًا» منفَّذةٌ ومقيسة	غيرُ مقيس	
FIXC-0043-أ	FIXC	خطوةُ تصحيحِ «FN-07» رقم 5 — نطاقُ الحكم	اختبارُ خطوة: «أضفْ اختبارًا يحاول الإرجاعَ ثلاثَ مراتٍ ويثبت الرفضَ عند ال» منفَّذةٌ ومقيسة	غيرُ مقيس	
FIXC-0043-ب	FIXC	أضفْ اختبارًا يحاول الإرجاعَ ثلاثَ مراتٍ ويثبت الرفضَ عند التجاوز	اختبارُ خطوة: «أضفْ اختبارًا يحاول الإرجاعَ ثلاثَ مراتٍ ويثبت الرفضَ عند ال» منفَّذةٌ ومقيسة	غيرُ مقيس	
FIXC-0044-أ	FIXC	◆ عيبُ المالية «FN-08	اختبارُ إغلاق: إعادةُ الإرسالِ ثلاثًا تُنتج حدثًا واحدًا — والإقفالُ يُرفض بلا مستندِ تسليم	غيرُ مقيس	
FIXC-0044-ب	FIXC	◆ مستندُ التسليمِ لا يُخزَّن وتكرارُ الإرسالِ يُدرج صفًّا» في Transport/transfer_arrival.php:22,30,86 · transfer_close_cost.php:31: مستندُ التسليمِ لا يُخزَّن والرابطُ المباشرُ للإقفالِ لا يظهر	اختبارُ إغلاق: إعادةُ الإرسالِ ثلاثًا تُنتج حدثًا واحدًا — والإقفالُ يُرفض بلا مستندِ تسليم	غيرُ مقيس	
FIXC-0044-ج	FIXC	وتكرارُ إرسالِ النموذجِ يُدرج حدثَ تسليمٍ جديدًا كلَّ مرة · وخطورتُه P0.	اختبارُ إغلاق: إعادةُ الإرسالِ ثلاثًا تُنتج حدثًا واحدًا — والإقفالُ يُرفض بلا مستندِ تسليم	غيرُ مقيس	
FIXC-0045-أ	FIXC	خطوةُ تصحيحِ «FN-08» رقم 1 — نطاقُ الحكم	اختبارُ خطوة: «خزّنْ مستندَ التسليمِ بمرجعِه ووقتِه وشاهدِه» منفَّذةٌ ومقيسة	غيرُ مقيس	
FIXC-0045-ب	FIXC	خزّنْ مستندَ التسليمِ بمرجعِه ووقتِه وشاهدِه	اختبارُ خطوة: «خزّنْ مستندَ التسليمِ بمرجعِه ووقتِه وشاهدِه» منفَّذةٌ ومقيسة	غيرُ مقيس	
FIXC-0046-أ	FIXC	خطوةُ تصحيحِ «FN-08» رقم 2 — نطاقُ الحكم	اختبارُ خطوة: «◆ أضفْ مفتاحَ منعِ تكرارٍ مركَّبًا على حدثِ التسليم» منفَّذةٌ ومقيسة	غيرُ مقيس	
FIXC-0046-ب	FIXC	◆ أضفْ مفتاحَ منعِ تكرارٍ مركَّبًا على حدثِ التسليم	اختبارُ خطوة: «◆ أضفْ مفتاحَ منعِ تكرارٍ مركَّبًا على حدثِ التسليم» منفَّذةٌ ومقيسة	غيرُ مقيس	
FIXC-0047-أ	FIXC	خطوةُ تصحيحِ «FN-08» رقم 3 — نطاقُ الحكم	اختبارُ خطوة: «أظهرِ الرابطَ المباشرَ للإقفالِ بعدَ تأكيدِ الوصول» منفَّذةٌ ومقيسة	غيرُ مقيس	
FIXC-0047-ب	FIXC	أظهرِ الرابطَ المباشرَ للإقفالِ بعدَ تأكيدِ الوصول	اختبارُ خطوة: «أظهرِ الرابطَ المباشرَ للإقفالِ بعدَ تأكيدِ الوصول» منفَّذةٌ ومقيسة	غيرُ مقيس	
FIXC-0048-أ	FIXC	خطوةُ تصحيحِ «FN-08» رقم 4 — نطاقُ الحكم	اختبارُ خطوة: «◆ ولا إقفالَ بتكلفةٍ قبلَ تخزينِ مستندِ التسليم» منفَّذةٌ ومقيسة	غيرُ مقيس	
FIXC-0048-ب	FIXC	◆ ولا إقفالَ بتكلفةٍ قبلَ تخزينِ مستندِ التسليم	اختبارُ خطوة: «◆ ولا إقفالَ بتكلفةٍ قبلَ تخزينِ مستندِ التسليم» منفَّذةٌ ومقيسة	غيرُ مقيس	
FIXC-0049-أ	FIXC	خطوةُ تصحيحِ «FN-08» رقم 5 — نطاقُ الحكم	اختبارُ خطوة: «أضفْ اختبارًا يعيد الإرسالَ ثلاثًا ويثبت صفًّا واحدًا» منفَّذةٌ ومقيسة	غيرُ مقيس	
FIXC-0049-ب	FIXC	أضفْ اختبارًا يعيد الإرسالَ ثلاثًا ويثبت صفًّا واحدًا	اختبارُ خطوة: «أضفْ اختبارًا يعيد الإرسالَ ثلاثًا ويثبت صفًّا واحدًا» منفَّذةٌ ومقيسة	غيرُ مقيس	
FIXC-0050-أ	FIXC	◆ عيبُ المالية «FN-09	اختبارُ إغلاق: تسعةَ عشرَ حدًّا مصنَّفًا — والمشروطُ يسمح عند تحققِ شرطِه ويمنع عند غيابه	غيرُ مقيس	
FIXC-0050-ب	FIXC	الحدُّ المطلقُ يُوصَل والمشروطُ لا» في gov_authority_limits.action_codes: ثمانيةُ حدودٍ مطلقةٍ تُوصَل برمزِ فعلٍ · وأحدَ عشرَ مشروطًا لا تُوصَل بل يُسجَّل منفِذُها	اختبارُ إغلاق: تسعةَ عشرَ حدًّا مصنَّفًا — والمشروطُ يسمح عند تحققِ شرطِه ويمنع عند غيابه	غيرُ مقيس	
FIXC-0050-ج	FIXC	ووصلُ المشروطِ مطلقًا يقلب الحكم · وخطورتُه P1.	اختبارُ إغلاق: تسعةَ عشرَ حدًّا مصنَّفًا — والمشروطُ يسمح عند تحققِ شرطِه ويمنع عند غيابه	غيرُ مقيس	
FIXC-0051-أ	FIXC	خطوةُ تصحيحِ «FN-09» رقم 1 — نطاقُ الحكم	اختبارُ خطوة: «◆ صنّفْ كلَّ حدٍّ مطلقًا أو مشروطًا صريحًا في عمودٍ مستقل» منفَّذةٌ ومقيسة	غيرُ مقيس	
FIXC-0051-ب	FIXC	◆ صنّفْ كلَّ حدٍّ مطلقًا أو مشروطًا صريحًا في عمودٍ مستقل	اختبارُ خطوة: «◆ صنّفْ كلَّ حدٍّ مطلقًا أو مشروطًا صريحًا في عمودٍ مستقل» منفَّذةٌ ومقيسة	غيرُ مقيس	
FIXC-0052-أ	FIXC	خطوةُ تصحيحِ «FN-09» رقم 2 — نطاقُ الحكم	اختبارُ خطوة: «◆ المطلقُ يُوصَل برمزِ الفعلِ فيمنع تنفيذَه» منفَّذةٌ ومقيسة	غيرُ مقيس	
FIXC-0052-ب	FIXC	◆ المطلقُ يُوصَل برمزِ الفعلِ فيمنع تنفيذَه	اختبارُ خطوة: «◆ المطلقُ يُوصَل برمزِ الفعلِ فيمنع تنفيذَه» منفَّذةٌ ومقيسة	غيرُ مقيس	
FIXC-0053-أ	FIXC	خطوةُ تصحيحِ «FN-09» رقم 3 — نطاقُ الحكم	اختبارُ خطوة: «◆ والمشروطُ لا يُوصَل — بل يُسجَّل منفِّذُه ويُفحص شرطُه في » منفَّذةٌ ومقيسة	غيرُ مقيس	
FIXC-0053-ب	FIXC	◆ والمشروطُ لا يُوصَل	اختبارُ خطوة: «◆ والمشروطُ لا يُوصَل — بل يُسجَّل منفِّذُه ويُفحص شرطُه في » منفَّذةٌ ومقيسة	غيرُ مقيس	
FIXC-0053-ج	FIXC	بل يُسجَّل منفِّذُه ويُفحص شرطُه في الخدمة	اختبارُ خطوة: «◆ والمشروطُ لا يُوصَل — بل يُسجَّل منفِّذُه ويُفحص شرطُه في » منفَّذةٌ ومقيسة	غيرُ مقيس	
FIXC-0054-أ	FIXC	خطوةُ تصحيحِ «FN-09» رقم 4 — نطاقُ الحكم	اختبارُ خطوة: «◆ ووصلُ المشروطِ مطلقًا يمنع المراجعَ من إغلاقِ ملاحظةٍ بدلي» منفَّذةٌ ومقيسة	غيرُ مقيس	
FIXC-0054-ب	FIXC	◆ ووصلُ المشروطِ مطلقًا يمنع المراجعَ من إغلاقِ ملاحظةٍ بدليلٍ قبِله — وهذا قلبٌ للحكم	اختبارُ خطوة: «◆ ووصلُ المشروطِ مطلقًا يمنع المراجعَ من إغلاقِ ملاحظةٍ بدلي» منفَّذةٌ ومقيسة	غيرُ مقيس	
FIXC-0055-أ	FIXC	خطوةُ تصحيحِ «FN-09» رقم 5 — نطاقُ الحكم	اختبارُ خطوة: «أضفْ اختبارًا لكلِّ حدٍّ من التسعةَ عشرَ يثبت المنعَ والسماح» منفَّذةٌ ومقيسة	غيرُ مقيس	
FIXC-0055-ب	FIXC	أضفْ اختبارًا لكلِّ حدٍّ من التسعةَ عشرَ يثبت المنعَ والسماحَ في موضعهما	اختبارُ خطوة: «أضفْ اختبارًا لكلِّ حدٍّ من التسعةَ عشرَ يثبت المنعَ والسماح» منفَّذةٌ ومقيسة	غيرُ مقيس	
FIXC-0056-أ	FIXC	◆ عيبُ المالية «FN-10	اختبارُ إغلاق: صفرُ ظهورٍ للمسمّى الملغى في أيِّ سطح	غيرُ مقيس	
FIXC-0056-ب	FIXC	المسمّى القياديُّ القديمُ في الواجهةِ الحية» في لوحةُ الدورِ وعناوينُها: الواجهةُ ما زالت على المسمّى القديمِ رغمَ تصحيحِ ثابتِ الدورِ في الكود · وخطورتُه P3.	اختبارُ إغلاق: صفرُ ظهورٍ للمسمّى الملغى في أيِّ سطح	غيرُ مقيس	
FIXC-0057-أ	FIXC	خطوةُ تصحيحِ «FN-10» رقم 1 — نطاقُ الحكم	اختبارُ خطوة: «امسحْ كلَّ ظهورٍ للمسمّى القديمِ في العناوينِ والقوائمِ والت» منفَّذةٌ ومقيسة	غيرُ مقيس	
FIXC-0057-ب	FIXC	امسحْ كلَّ ظهورٍ للمسمّى القديمِ في العناوينِ والقوائمِ والتقارير	اختبارُ خطوة: «امسحْ كلَّ ظهورٍ للمسمّى القديمِ في العناوينِ والقوائمِ والت» منفَّذةٌ ومقيسة	غيرُ مقيس	
FIXC-0058-أ	FIXC	خطوةُ تصحيحِ «FN-10» رقم 2 — نطاقُ الحكم	اختبارُ خطوة: «◆ واقرأِ المسمّى من سجلِّ المسمياتِ لا من نصٍّ ثابتٍ في الشا» منفَّذةٌ ومقيسة	غيرُ مقيس	
FIXC-0058-ب	FIXC	◆ واقرأِ المسمّى من سجلِّ المسمياتِ لا من نصٍّ ثابتٍ في الشاشة	اختبارُ خطوة: «◆ واقرأِ المسمّى من سجلِّ المسمياتِ لا من نصٍّ ثابتٍ في الشا» منفَّذةٌ ومقيسة	غيرُ مقيس	
FIXC-0059-أ	FIXC	خطوةُ تصحيحِ «FN-10» رقم 3 — نطاقُ الحكم	اختبارُ خطوة: «أضفْ فاحصًا يعدُّ ظهوراتِ المسمياتِ الملغاةِ ويرسب فوقَ صفر» منفَّذةٌ ومقيسة	غيرُ مقيس	
FIXC-0059-ب	FIXC	أضفْ فاحصًا يعدُّ ظهوراتِ المسمياتِ الملغاةِ ويرسب فوقَ صفر	اختبارُ خطوة: «أضفْ فاحصًا يعدُّ ظهوراتِ المسمياتِ الملغاةِ ويرسب فوقَ صفر» منفَّذةٌ ومقيسة	غيرُ مقيس	
FIXC-0082-أ	FIXC	ترتيبُ التنفيذ «١» — إصلاحُ الحارسِ المركزيِّ ليفشل مغلقًا — نطاقُ الحكم	اختبارُ ترتيب: «إصلاحُ الحارسِ المركزيِّ ليفشل مغلقًا» لا يبدأ قبل لا شيء	غيرُ مقيس	
FIXC-0082-ب	FIXC	مرجعُه RF-01 · يعتمد على لا شيء · أحاجبٌ ◆ نعم · ومالكُه التطويرُ والحوكمة	اختبارُ ترتيب: «إصلاحُ الحارسِ المركزيِّ ليفشل مغلقًا» لا يبدأ قبل لا شيء	غيرُ مقيس	
FIXC-0082-ج	FIXC	◆ ويُسجَّل الأربعونَ سطحًا قبلَ النشرِ	اختبارُ ترتيب: «إصلاحُ الحارسِ المركزيِّ ليفشل مغلقًا» لا يبدأ قبل لا شيء	غيرُ مقيس	
FIXC-0082-د	FIXC	فالمنعُ الفوريُّ يُعطّلها	اختبارُ ترتيب: «إصلاحُ الحارسِ المركزيِّ ليفشل مغلقًا» لا يبدأ قبل لا شيء	غيرُ مقيس	
FIXC-0083-أ	FIXC	ترتيبُ التنفيذ «٢» — نقلُ الحرّاسِ فوقَ معالجاتِ الكتابة — نطاقُ الحكم	اختبارُ ترتيب: «نقلُ الحرّاسِ فوقَ معالجاتِ الكتابة» لا يبدأ قبل لا شيء	غيرُ مقيس	
FIXC-0083-ب	FIXC	مرجعُه RF-02 · يعتمد على لا شيء · أحاجبٌ ◆ نعم · ومالكُه التطوير	اختبارُ ترتيب: «نقلُ الحرّاسِ فوقَ معالجاتِ الكتابة» لا يبدأ قبل لا شيء	غيرُ مقيس	
FIXC-0083-ج	FIXC	◆ فالأثرُ يُنفَّذ اليومَ بلا إذنٍ في أربعِ عملياتٍ ماليةٍ ومخزنية	اختبارُ ترتيب: «نقلُ الحرّاسِ فوقَ معالجاتِ الكتابة» لا يبدأ قبل لا شيء	غيرُ مقيس	
FIXC-0084-أ	FIXC	ترتيبُ التنفيذ «٣» — تحميلُ الحارسِ في التصديرِ الموحَّد — نطاقُ الحكم	اختبارُ ترتيب: «تحميلُ الحارسِ في التصديرِ الموحَّد» لا يبدأ قبل لا شيء	غيرُ مقيس	
FIXC-0084-ب	FIXC	مرجعُه RF-03 · يعتمد على لا شيء · أحاجبٌ ◆ نعم · ومالكُه التطويرُ والحوكمة	اختبارُ ترتيب: «تحميلُ الحارسِ في التصديرِ الموحَّد» لا يبدأ قبل لا شيء	غيرُ مقيس	
FIXC-0084-ج	FIXC	والحقولُ الحساسةُ تُصدَّر كاملةً اليوم	اختبارُ ترتيب: «تحميلُ الحارسِ في التصديرِ الموحَّد» لا يبدأ قبل لا شيء	غيرُ مقيس	
FIXC-0085-أ	FIXC	ترتيبُ التنفيذ «٤» — اختبارٌ سلبيٌّ لكلِّ فحصٍ في الأدوات — نطاقُ الحكم	اختبارُ ترتيب: «اختبارٌ سلبيٌّ لكلِّ فحصٍ في الأدوات» لا يبدأ قبل ١–٣	غيرُ مقيس	
FIXC-0085-ب	FIXC	مرجعُه GT-01 · يعتمد على ١–٣ · أحاجبٌ ◆ نعم · ومالكُه ضمانُ الجودة	اختبارُ ترتيب: «اختبارٌ سلبيٌّ لكلِّ فحصٍ في الأدوات» لا يبدأ قبل ١–٣	غيرُ مقيس	
FIXC-0085-ج	FIXC	◆ فبوابتان خاويتان تُبطلان كلَّ تقريرِ جاهزيةٍ سابق	اختبارُ ترتيب: «اختبارٌ سلبيٌّ لكلِّ فحصٍ في الأدوات» لا يبدأ قبل ١–٣	غيرُ مقيس	
FIXC-0086-أ	FIXC	ترتيبُ التنفيذ «٥»	اختبارُ ترتيب: «بذرُ سايدبارِ الأدوارِ الثلاثةِ الجديدة» لا يبدأ قبل ١	غيرُ مقيس	
FIXC-0086-ب	FIXC	بذرُ سايدبارِ الأدوارِ الثلاثةِ الجديدة: مرجعُه FN-01 · يعتمد على ١ · أحاجبٌ لا · ومالكُه التطويرُ والحوكمة	اختبارُ ترتيب: «بذرُ سايدبارِ الأدوارِ الثلاثةِ الجديدة» لا يبدأ قبل ١	غيرُ مقيس	
FIXC-0086-ج	FIXC	◆ فالمالُ والمراجعةُ لا يريان شيئًا اليوم	اختبارُ ترتيب: «بذرُ سايدبارِ الأدوارِ الثلاثةِ الجديدة» لا يبدأ قبل ١	غيرُ مقيس	
FIXC-0087-أ	FIXC	ترتيبُ التنفيذ «٦» — إصلاحُ المرتجعِ ومنعُ تجاوزِ المصروف — نطاقُ الحكم	اختبارُ ترتيب: «إصلاحُ المرتجعِ ومنعُ تجاوزِ المصروف» لا يبدأ قبل ١–٢	غيرُ مقيس	
FIXC-0087-ب	FIXC	مرجعُه FN-07 · يعتمد على ١–٢ · أحاجبٌ ◆ نعم · ومالكُه التطوير	اختبارُ ترتيب: «إصلاحُ المرتجعِ ومنعُ تجاوزِ المصروف» لا يبدأ قبل ١–٢	غيرُ مقيس	
FIXC-0087-ج	FIXC	◆ ثغرةُ كميةٍ تُخرج مخزونًا بلا سند	اختبارُ ترتيب: «إصلاحُ المرتجعِ ومنعُ تجاوزِ المصروف» لا يبدأ قبل ١–٢	غيرُ مقيس	
FIXC-0088-أ	FIXC	ترتيبُ التنفيذ «٧»	اختبارُ ترتيب: «مفتاحُ منعِ التكرارِ في التسليمِ والإقفال» لا يبدأ قبل ١–٢	غيرُ مقيس	
FIXC-0088-ب	FIXC	مفتاحُ منعِ التكرارِ في التسليمِ والإقفال: مرجعُه FN-08 · يعتمد على ١–٢ · أحاجبٌ ◆ نعم · ومالكُه التطوير	اختبارُ ترتيب: «مفتاحُ منعِ التكرارِ في التسليمِ والإقفال» لا يبدأ قبل ١–٢	غيرُ مقيس	
FIXC-0088-ج	FIXC	وتكرارُ الإرسالِ يُدرج حدثًا كلَّ مرة	اختبارُ ترتيب: «مفتاحُ منعِ التكرارِ في التسليمِ والإقفال» لا يبدأ قبل ١–٢	غيرُ مقيس	
FIXC-0089-أ	FIXC	ترتيبُ التنفيذ «٨» — إصلاحُ الواحدِ والأربعينَ صفًّا الميت — نطاقُ الحكم	اختبارُ ترتيب: «إصلاحُ الواحدِ والأربعينَ صفًّا الميت» لا يبدأ قبل ٥	غيرُ مقيس	
FIXC-0089-ب	FIXC	مرجعُه FN-02 · يعتمد على ٥ · أحاجبٌ لا · ومالكُه التطويرُ والحوكمة	اختبارُ ترتيب: «إصلاحُ الواحدِ والأربعينَ صفًّا الميت» لا يبدأ قبل ٥	غيرُ مقيس	
FIXC-0089-ج	FIXC	أثرُه فوريٌّ وتكلفتُه أيام	اختبارُ ترتيب: «إصلاحُ الواحدِ والأربعينَ صفًّا الميت» لا يبدأ قبل ٥	غيرُ مقيس	
FIXC-0090-أ	FIXC	ترتيبُ التنفيذ «٩» — القشرةُ الواحدةُ بدلَ السبع — نطاقُ الحكم	اختبارُ ترتيب: «القشرةُ الواحدةُ بدلَ السبع» لا يبدأ قبل لا شيء — يوازي ١	غيرُ مقيس	
FIXC-0090-ب	FIXC	مرجعُه SH-01 · يعتمد على لا شيء	اختبارُ ترتيب: «القشرةُ الواحدةُ بدلَ السبع» لا يبدأ قبل لا شيء — يوازي ١	غيرُ مقيس	
FIXC-0090-ج	FIXC	يوازي ١ · أحاجبٌ لا · ومالكُه الواجهةُ والتصميم	اختبارُ ترتيب: «القشرةُ الواحدةُ بدلَ السبع» لا يبدأ قبل لا شيء — يوازي ١	غيرُ مقيس	
FIXC-0090-د	FIXC	◆ ولا ترحيلَ شاشةٍ قبلَ إتمامها	اختبارُ ترتيب: «القشرةُ الواحدةُ بدلَ السبع» لا يبدأ قبل لا شيء — يوازي ١	غيرُ مقيس	
FIXC-0091-أ	FIXC	ترتيبُ التنفيذ «١٠»	اختبارُ ترتيب: «ملفُّ الرموزِ مصدرَ الحقيقةِ وفاحصُ المنع» لا يبدأ قبل ٩	غيرُ مقيس	
FIXC-0091-ب	FIXC	ملفُّ الرموزِ مصدرَ الحقيقةِ وفاحصُ المنع: مرجعُه SH-03 · يعتمد على ٩ · أحاجبٌ لا · ومالكُه الواجهةُ والتصميم	اختبارُ ترتيب: «ملفُّ الرموزِ مصدرَ الحقيقةِ وفاحصُ المنع» لا يبدأ قبل ٩	غيرُ مقيس	
FIXC-0091-ج	FIXC	تسعُ مئةٍ وأربعةٌ وستونَ لونًا إلى عشرين	اختبارُ ترتيب: «ملفُّ الرموزِ مصدرَ الحقيقةِ وفاحصُ المنع» لا يبدأ قبل ٩	غيرُ مقيس	
FIXC-0092-أ	FIXC	ترتيبُ التنفيذ «١١» — ثلاثةُ مستوياتٍ للأزرار — نطاقُ الحكم	اختبارُ ترتيب: «ثلاثةُ مستوياتٍ للأزرار» لا يبدأ قبل ١٠	غيرُ مقيس	
FIXC-0092-ب	FIXC	مرجعُه SH-04 · يعتمد على ١٠ · أحاجبٌ لا · ومالكُه الواجهةُ والتصميم	اختبارُ ترتيب: «ثلاثةُ مستوياتٍ للأزرار» لا يبدأ قبل ١٠	غيرُ مقيس	
FIXC-0092-ج	FIXC	مئةٌ وأربعةٌ وثمانونَ صنفًا إلى أربعة	اختبارُ ترتيب: «ثلاثةُ مستوياتٍ للأزرار» لا يبدأ قبل ١٠	غيرُ مقيس	
FIXC-0093-أ	FIXC	ترتيبُ التنفيذ «١٢»	اختبارُ ترتيب: «مكوّنُ الجدولِ الواحدُ والمناظرُ المحفوظة» لا يبدأ قبل ٩–١١	غيرُ مقيس	
FIXC-0093-ب	FIXC	مكوّنُ الجدولِ الواحدُ والمناظرُ المحفوظة: مرجعُه SH-05 · SH-06 · يعتمد على ٩–١١ · أحاجبٌ لا · ومالكُه الواجهةُ والتصميم	اختبارُ ترتيب: «مكوّنُ الجدولِ الواحدُ والمناظرُ المحفوظة» لا يبدأ قبل ٩–١١	غيرُ مقيس	
FIXC-0093-ج	FIXC	◆ وهو أعلى أثرٍ على المستخدمِ اليوميّ	اختبارُ ترتيب: «مكوّنُ الجدولِ الواحدُ والمناظرُ المحفوظة» لا يبدأ قبل ٩–١١	غيرُ مقيس	
FIXC-0094-أ	FIXC	ترتيبُ التنفيذ «١٣»	اختبارُ ترتيب: «تبنّي حالاتِ الفراغِ عبرَ مكوّنِ الجدول» لا يبدأ قبل ١٢	غيرُ مقيس	
FIXC-0094-ب	FIXC	تبنّي حالاتِ الفراغِ عبرَ مكوّنِ الجدول: مرجعُه SH-07 · يعتمد على ١٢ · أحاجبٌ لا · ومالكُه الواجهةُ والتصميم	اختبارُ ترتيب: «تبنّي حالاتِ الفراغِ عبرَ مكوّنِ الجدول» لا يبدأ قبل ١٢	غيرُ مقيس	
FIXC-0094-ج	FIXC	فتُغطى مئاتُ الشاشاتِ بترحيلٍ واحد	اختبارُ ترتيب: «تبنّي حالاتِ الفراغِ عبرَ مكوّنِ الجدول» لا يبدأ قبل ١٢	غيرُ مقيس	
FIXC-0095-أ	FIXC	ترتيبُ التنفيذ «١٤» — الوصولُ الرقميُّ	اختبارُ ترتيب: «الوصولُ الرقميُّ — ربطُ العناوينِ بالحقول» لا يبدأ قبل ٩	غيرُ مقيس	
FIXC-0095-ب	FIXC	ربطُ العناوينِ بالحقول: مرجعُه SH-08 · يعتمد على ٩ · أحاجبٌ لا · ومالكُه الواجهةُ والتصميم	اختبارُ ترتيب: «الوصولُ الرقميُّ — ربطُ العناوينِ بالحقول» لا يبدأ قبل ٩	غيرُ مقيس	
FIXC-0095-ج	FIXC	◆ ويفتح بابَ الاعتمادِ المؤسسيِّ والحكوميّ	اختبارُ ترتيب: «الوصولُ الرقميُّ — ربطُ العناوينِ بالحقول» لا يبدأ قبل ٩	غيرُ مقيس	
FIXC-0096-أ	FIXC	ترتيبُ التنفيذ «١٥» — معالجُ شاشةِ فحصِ شروطِ الاستحقاق — نطاقُ الحكم	اختبارُ ترتيب: «معالجُ شاشةِ فحصِ شروطِ الاستحقاق» لا يبدأ قبل ١–٢	غيرُ مقيس	
FIXC-0096-ب	FIXC	مرجعُه FN-03 · يعتمد على ١–٢ · أحاجبٌ لا · ومالكُه المالية والتطوير	اختبارُ ترتيب: «معالجُ شاشةِ فحصِ شروطِ الاستحقاق» لا يبدأ قبل ١–٢	غيرُ مقيس	
FIXC-0096-ج	FIXC	أو حذفُ ادعاءِ الرأس	اختبارُ ترتيب: «معالجُ شاشةِ فحصِ شروطِ الاستحقاق» لا يبدأ قبل ١–٢	غيرُ مقيس	
FIXC-0097-أ	FIXC	ترتيبُ التنفيذ «١٦»	اختبارُ ترتيب: «إكمالُ طبقةِ التخزينِ بالتحديثِ والعكس» لا يبدأ قبل ١–٢	غيرُ مقيس	
FIXC-0097-ب	FIXC	إكمالُ طبقةِ التخزينِ بالتحديثِ والعكس: مرجعُه FN-04 · يعتمد على ١–٢ · أحاجبٌ لا · ومالكُه التطوير	اختبارُ ترتيب: «إكمالُ طبقةِ التخزينِ بالتحديثِ والعكس» لا يبدأ قبل ١–٢	غيرُ مقيس	
FIXC-0097-ج	FIXC	ولا مستندَ بلا مسارِ تصحيح	اختبارُ ترتيب: «إكمالُ طبقةِ التخزينِ بالتحديثِ والعكس» لا يبدأ قبل ١–٢	غيرُ مقيس	
FIXC-0098-أ	FIXC	ترتيبُ التنفيذ «١٧» — حسمُ مسارِ الترسيةِ الواحد — نطاقُ الحكم	اختبارُ ترتيب: «حسمُ مسارِ الترسيةِ الواحد» لا يبدأ قبل ١	غيرُ مقيس	
FIXC-0098-ب	FIXC	مرجعُه FN-05 · يعتمد على ١ · أحاجبٌ لا · ومالكُه الموردون والتطوير	اختبارُ ترتيب: «حسمُ مسارِ الترسيةِ الواحد» لا يبدأ قبل ١	غيرُ مقيس	
FIXC-0098-ج	FIXC	بقرارٍ موثَّقٍ من مالكِ العملية	اختبارُ ترتيب: «حسمُ مسارِ الترسيةِ الواحد» لا يبدأ قبل ١	غيرُ مقيس	
FIXC-0099-أ	FIXC	ترتيبُ التنفيذ «١٨» — حسمُ محرّكِ الإنجازِ الواحد — نطاقُ الحكم	اختبارُ ترتيب: «حسمُ محرّكِ الإنجازِ الواحد» لا يبدأ قبل ١	غيرُ مقيس	
FIXC-0099-ب	FIXC	مرجعُه FN-06 · يعتمد على ١ · أحاجبٌ لا · ومالكُه التطوير	اختبارُ ترتيب: «حسمُ محرّكِ الإنجازِ الواحد» لا يبدأ قبل ١	غيرُ مقيس	
FIXC-0099-ج	FIXC	وترحيلُ بياناتِ الثاني بخريطة	اختبارُ ترتيب: «حسمُ محرّكِ الإنجازِ الواحد» لا يبدأ قبل ١	غيرُ مقيس	
FIXC-0100-أ	FIXC	ترتيبُ التنفيذ «١٩» — تصنيفُ الحدودِ مطلقًا ومشروطًا — نطاقُ الحكم	اختبارُ ترتيب: «تصنيفُ الحدودِ مطلقًا ومشروطًا» لا يبدأ قبل ١	غيرُ مقيس	
FIXC-0100-ب	FIXC	مرجعُه FN-09 · يعتمد على ١ · أحاجبٌ لا · ومالكُه الحوكمةُ والتطوير	اختبارُ ترتيب: «تصنيفُ الحدودِ مطلقًا ومشروطًا» لا يبدأ قبل ١	غيرُ مقيس	
FIXC-0100-ج	FIXC	◆ فوصلُ المشروطِ يقلب الحكم	اختبارُ ترتيب: «تصنيفُ الحدودِ مطلقًا ومشروطًا» لا يبدأ قبل ١	غيرُ مقيس	
FIXC-0101-أ	FIXC	ترتيبُ التنفيذ «٢٠» — مسحُ المسمياتِ القياديةِ الملغاة — نطاقُ الحكم	اختبارُ ترتيب: «مسحُ المسمياتِ القياديةِ الملغاة» لا يبدأ قبل ٥	غيرُ مقيس	
FIXC-0101-ب	FIXC	مرجعُه FN-10 · يعتمد على ٥ · أحاجبٌ لا · ومالكُه الحوكمة — أيامٌ	اختبارُ ترتيب: «مسحُ المسمياتِ القياديةِ الملغاة» لا يبدأ قبل ٥	غيرُ مقيس	
FIXC-0101-ج	FIXC	ويُربك المراجعَ الخارجيّ	اختبارُ ترتيب: «مسحُ المسمياتِ القياديةِ الملغاة» لا يبدأ قبل ٥	غيرُ مقيس	
FIXC-0060-أ	FIXC	◆ تسعةَ عشرَ بندًا إصلاحُها قرارُ مالكٍ لا كودًا	اختبارُ فصل: صفرُ بندِ قرارٍ في طابورِ التطوير	غيرُ مقيس	
FIXC-0060-ب	FIXC	تُرفع في سجلٍّ منفصلٍ ولا تُدرَج في طابورِ البرمجة.	اختبارُ فصل: صفرُ بندِ قرارٍ في طابورِ التطوير	غيرُ مقيس	
FIXC-0061-أ	FIXC	قرارُ المالك «OD-01	اختبارُ قرار: «◆ المشترياتُ المركزية — تُفصل أم تُدمج» في سجلِّ القراراتِ بمهلةٍ وجهةِ حسم	غيرُ مقيس	
FIXC-0061-ب	FIXC	◆ المشترياتُ المركزية	اختبارُ قرار: «◆ المشترياتُ المركزية — تُفصل أم تُدمج» في سجلِّ القراراتِ بمهلةٍ وجهةِ حسم	غيرُ مقيس	
FIXC-0061-ج	FIXC	تُفصل أم تُدمج»: مرجعُه DEC-H · والحكمُ المؤقتُ الحكمُ المؤقتُ النافذ: كلُّ شراءٍ بالتشغيليةِ وما فوقَ سقفِها للنائبِ المالي	اختبارُ قرار: «◆ المشترياتُ المركزية — تُفصل أم تُدمج» في سجلِّ القراراتِ بمهلةٍ وجهةِ حسم	غيرُ مقيس	
FIXC-0061-د	FIXC	◆ ولا تُخترع لها دورةٌ ولا شاشةٌ قبلَ القرار	اختبارُ قرار: «◆ المشترياتُ المركزية — تُفصل أم تُدمج» في سجلِّ القراراتِ بمهلةٍ وجهةِ حسم	غيرُ مقيس	
FIXC-0062-أ	FIXC	قرارُ المالك «OD-02	اختبارُ قرار: «◆ شؤونُ العاملينَ بالمشروعات — وحدةٌ أم فرع» في سجلِّ القراراتِ بمهلةٍ وجهةِ حسم	غيرُ مقيس	
FIXC-0062-ب	FIXC	◆ شؤونُ العاملينَ بالمشروعات	اختبارُ قرار: «◆ شؤونُ العاملينَ بالمشروعات — وحدةٌ أم فرع» في سجلِّ القراراتِ بمهلةٍ وجهةِ حسم	غيرُ مقيس	
FIXC-0062-ج	FIXC	وحدةٌ أم فرع»: مرجعُه DEC-I · والحكمُ المؤقتُ الحكمُ المؤقت: تُدار من الموارد بوسمٍ مشروعيٍّ ولا وحدةَ مستقلة	اختبارُ قرار: «◆ شؤونُ العاملينَ بالمشروعات — وحدةٌ أم فرع» في سجلِّ القراراتِ بمهلةٍ وجهةِ حسم	غيرُ مقيس	
FIXC-0062-د	FIXC	◆ والقرارُ يفكُّ وحدةً في الهيكلِ بدورتِها وشاشاتها	اختبارُ قرار: «◆ شؤونُ العاملينَ بالمشروعات — وحدةٌ أم فرع» في سجلِّ القراراتِ بمهلةٍ وجهةِ حسم	غيرُ مقيس	
FIXC-0063-أ	FIXC	قرارُ المالك «OD-03 — بقيةُ البنودِ السبعةَ عشرَ» — نطاقُ الحكم	اختبارُ قرار: «بقيةُ البنودِ السبعةَ عشرَ» في سجلِّ القراراتِ بمهلةٍ وجهةِ حسم	غيرُ مقيس	
FIXC-0063-ب	FIXC	مرجعُه موسومةٌ في عمودِ قابليةِ التنفيذ · والحكمُ المؤقتُ «لا	اختبارُ قرار: «بقيةُ البنودِ السبعةَ عشرَ» في سجلِّ القراراتِ بمهلةٍ وجهةِ حسم	غيرُ مقيس	
FIXC-0063-ج	FIXC	يحتاج مراجعة» في السجلِ الجامع	اختبارُ قرار: «بقيةُ البنودِ السبعةَ عشرَ» في سجلِّ القراراتِ بمهلةٍ وجهةِ حسم	غيرُ مقيس	
FIXC-0063-د	FIXC	◆ ترفع للمالكِ لا للمبرمجِ	اختبارُ قرار: «بقيةُ البنودِ السبعةَ عشرَ» في سجلِّ القراراتِ بمهلةٍ وجهةِ حسم	غيرُ مقيس	
FIXC-0064-أ	FIXC	قرارُ المالك «◆ الحكم	اختبارُ قرار: «لا يُدرَج بندُ قرارٍ في طابورِ البرمجة» في سجلِّ القراراتِ بمهلةٍ وجهةِ حسم	غيرُ مقيس	
FIXC-0064-ب	FIXC	لا يُدرَج بندُ قرارٍ في طابورِ البرمجة»: مرجعُه	اختبارُ قرار: «لا يُدرَج بندُ قرارٍ في طابورِ البرمجة» في سجلِّ القراراتِ بمهلةٍ وجهةِ حسم	غيرُ مقيس	
FIXC-0064-ج	FIXC	والحكمُ المؤقتُ ◆ فالمبرمجُ لا يملك حسمَه ويبقى مفتوحًا يُشوّه النسبة	اختبارُ قرار: «لا يُدرَج بندُ قرارٍ في طابورِ البرمجة» في سجلِّ القراراتِ بمهلةٍ وجهةِ حسم	غيرُ مقيس	
FIXC-0064-د	FIXC	◆ ويُرفع في سجلٍّ منفصلٍ بمهلةٍ وجهةِ حسمٍ ومالكٍ مسمًّى	اختبارُ قرار: «لا يُدرَج بندُ قرارٍ في طابورِ البرمجة» في سجلِّ القراراتِ بمهلةٍ وجهةِ حسم	غيرُ مقيس	
FIXC-0065-أ	FIXC	قاعدةُ الإغلاق «CL-01 — ◆ الإصلاحُ وحدَه لا يُغلق بندًا» — نطاقُ الحكم	اختبارُ قاعدة: «◆ الإصلاحُ وحدَه لا يُغلق بندًا» مطبَّقةٌ في سجلِّ الحالات	غيرُ مقيس	
FIXC-0065-ب	FIXC	حالتُه «التنفيذُ منجَز»	اختبارُ قاعدة: «◆ الإصلاحُ وحدَه لا يُغلق بندًا» مطبَّقةٌ في سجلِّ الحالات	غيرُ مقيس	
FIXC-0065-ج	FIXC	والإغلاقُ لا يقع إلا بحالةِ «الدليلُ مُثبَت»	اختبارُ قاعدة: «◆ الإصلاحُ وحدَه لا يُغلق بندًا» مطبَّقةٌ في سجلِّ الحالات	غيرُ مقيس	
FIXC-0065-د	FIXC	◆ ولكلِّ بندٍ اختبارُ قبولٍ جاهزٌ للتشغيلِ في عمودِه	اختبارُ قاعدة: «◆ الإصلاحُ وحدَه لا يُغلق بندًا» مطبَّقةٌ في سجلِّ الحالات	غيرُ مقيس	
FIXC-0066-أ	FIXC	قاعدةُ الإغلاق «CL-02	اختبارُ قاعدة: «◆ الحواجبُ نزلت من تسعةٍ وثمانينَ ادعاءً إلى ثلاثةَ عشرَ مثبتة» مطبَّقةٌ في سجلِّ الحالات	غيرُ مقيس	
FIXC-0066-ب	FIXC	◆ الحواجبُ نزلت من تسعةٍ وثمانينَ ادعاءً إلى ثلاثةَ عشرَ مثبتة»: فالتحققُ المضادُّ أسقط ستةً وسبعينَ ادعاءَ حجبٍ	اختبارُ قاعدة: «◆ الحواجبُ نزلت من تسعةٍ وثمانينَ ادعاءً إلى ثلاثةَ عشرَ مثبتة» مطبَّقةٌ في سجلِّ الحالات	غيرُ مقيس	
FIXC-0066-ج	FIXC	والادعاءُ الذي لا يصمد ليس حاجبًا	اختبارُ قاعدة: «◆ الحواجبُ نزلت من تسعةٍ وثمانينَ ادعاءً إلى ثلاثةَ عشرَ مثبتة» مطبَّقةٌ في سجلِّ الحالات	غيرُ مقيس	
FIXC-0066-د	FIXC	◆ ولا يُرفع بندٌ إلى حاجبٍ بلا تحققٍ مضادٍّ يصمد	اختبارُ قاعدة: «◆ الحواجبُ نزلت من تسعةٍ وثمانينَ ادعاءً إلى ثلاثةَ عشرَ مثبتة» مطبَّقةٌ في سجلِّ الحالات	غيرُ مقيس	
FIXC-0067-أ	FIXC	قاعدةُ الإغلاق «CL-03 — درجةُ التحققِ تُعلَن مع كلِّ بند» — نطاقُ الحكم	اختبارُ قاعدة: «درجةُ التحققِ تُعلَن مع كلِّ بند» مطبَّقةٌ في سجلِّ الحالات	غيرُ مقيس	
FIXC-0067-ب	FIXC	أربعُ مئةٍ وسبعٌ وأربعون مؤكَّدةً بالدليلِ المباشرِ · ومئةٌ وثمانٌ وأربعون مرجَّحة	اختبارُ قاعدة: «درجةُ التحققِ تُعلَن مع كلِّ بند» مطبَّقةٌ في سجلِّ الحالات	غيرُ مقيس	
FIXC-0067-ج	FIXC	◆ والمرجَّحةُ لا تُساوى بالمؤكَّدةِ في ترتيبِ التنفيذ	اختبارُ قاعدة: «درجةُ التحققِ تُعلَن مع كلِّ بند» مطبَّقةٌ في سجلِّ الحالات	غيرُ مقيس	
FIXC-0068-أ	FIXC	قاعدةُ الإغلاق «CL-04	اختبارُ قاعدة: «◆ ما سقط في التحققِ يُعزل ولا يُعمل به» مطبَّقةٌ في سجلِّ الحالات	غيرُ مقيس	
FIXC-0068-ب	FIXC	◆ ما سقط في التحققِ يُعزل ولا يُعمل به»: ستٌّ وتسعون ملاحظةً في سجلٍّ مستقلٍّ موسومٍ «لا يُطلب من المبرمجِ إصلاحُها»	اختبارُ قاعدة: «◆ ما سقط في التحققِ يُعزل ولا يُعمل به» مطبَّقةٌ في سجلِّ الحالات	غيرُ مقيس	
FIXC-0068-ج	FIXC	◆ ولا تُعاد إلى السجلِ الجامعِ إلا بدليلٍ جديدٍ يصمد	اختبارُ قاعدة: «◆ ما سقط في التحققِ يُعزل ولا يُعمل به» مطبَّقةٌ في سجلِّ الحالات	غيرُ مقيس	
FIXC-0069-أ	FIXC	قاعدةُ الإغلاق «CL-05	اختبارُ قاعدة: «الإحصاءاتُ بمعادلاتٍ حيةٍ لا أرقامٍ ثابتة» مطبَّقةٌ في سجلِّ الحالات	غيرُ مقيس	
FIXC-0069-ب	FIXC	الإحصاءاتُ بمعادلاتٍ حيةٍ لا أرقامٍ ثابتة»: فتحديثُ حالةِ بندٍ يحدّث الإحصاءَ آليًّا	اختبارُ قاعدة: «الإحصاءاتُ بمعادلاتٍ حيةٍ لا أرقامٍ ثابتة» مطبَّقةٌ في سجلِّ الحالات	غيرُ مقيس	
FIXC-0069-ج	FIXC	◆ ولا يُقرأ رقمٌ ثابتٌ في تقريرِ حالةٍ متغيرة	اختبارُ قاعدة: «الإحصاءاتُ بمعادلاتٍ حيةٍ لا أرقامٍ ثابتة» مطبَّقةٌ في سجلِّ الحالات	غيرُ مقيس	
FIXC-0070-أ	FIXC	معيارُ التكويدِ المطبَّقُ على المالية «CS-01	اختبارُ معيار: فاحصٌ آليٌّ يثبت أن أولَ استدعاءِ كتابةٍ في كلِّ ملفٍّ يقع بعدَ سطرِ الحارس	غيرُ مقيس	
FIXC-0070-ب	FIXC	ترتيبُ الملفِّ الإلزاميُّ الثابت»: كلُّ سطحٍ يُكتب بالترتيب: جلسةٌ ← إعدادٌ ← حارسُ شاشةٍ ← حارسُ فعلٍ ← معالجاتُ POST ← استعلاماتُ العرضِ ← ترويسةٌ ← سايدبارٌ ← جسم · والنمط: session_bootstrap → config → permissions_helper(can_view) → action_guard → POST handlers → SELECTs → inheader → insidebar → HTML	اختبارُ معيار: فاحصٌ آليٌّ يثبت أن أولَ استدعاءِ كتابةٍ في كلِّ ملفٍّ يقع بعدَ سطرِ الحارس	غيرُ مقيس	
FIXC-0070-ج	FIXC	◆ ولا كتابةَ قبلَ الحارسِ ولا حارسَ بعدَ الكتابة	اختبارُ معيار: فاحصٌ آليٌّ يثبت أن أولَ استدعاءِ كتابةٍ في كلِّ ملفٍّ يقع بعدَ سطرِ الحارس	غيرُ مقيس	
FIXC-0071-أ	FIXC	معيارُ التكويدِ المطبَّقُ على المالية «CS-02	اختبارُ معيار: استعلامٌ يعدُّ فروعَ الإرجاعِ الافتراضيِّ في كلِّ حارسٍ — والنتيجةُ صفرُ فرعٍ سامح	غيرُ مقيس	
FIXC-0071-ب	FIXC	الفشلُ مغلقٌ لا مفتوحٌ في كلِّ حارس»: أيُّ فرعٍ لا يجد سجلَّ صلاحيةٍ يرجع منعًا لا سماحًا	اختبارُ معيار: استعلامٌ يعدُّ فروعَ الإرجاعِ الافتراضيِّ في كلِّ حارسٍ — والنتيجةُ صفرُ فرعٍ سامح	غيرُ مقيس	
FIXC-0071-ج	FIXC	والافتراضُ الأمنيُّ منعٌ دائمًا · والنمط: if (!$row) { return [&apos;can_view&apos;=>0,&apos;can_add&apos;=>0,&apos;can_edit&apos;=>0,&apos;can_delete&apos;=>0,&apos;can_export&apos;=>0]; }	اختبارُ معيار: استعلامٌ يعدُّ فروعَ الإرجاعِ الافتراضيِّ في كلِّ حارسٍ — والنتيجةُ صفرُ فرعٍ سامح	غيرُ مقيس	
FIXC-0071-د	FIXC	◆ وصفرُ فرعٍ يرجع true عند غيابِ الصف	اختبارُ معيار: استعلامٌ يعدُّ فروعَ الإرجاعِ الافتراضيِّ في كلِّ حارسٍ — والنتيجةُ صفرُ فرعٍ سامح	غيرُ مقيس	
FIXC-0072-أ	FIXC	معيارُ التكويدِ المطبَّقُ على المالية «CS-03	اختبارُ معيار: اختبارُ سبعةٍ: كلُّ معالجٍ يُرفض عند إخفاقِ كلِّ بندٍ من السبعةِ منفردًا	غيرُ مقيس	
FIXC-0072-ب	FIXC	معالجُ POST بعقدٍ سبعيٍّ ثابت»: كلُّ معالجٍ يتحقق: طريقةً ← رمزَ حمايةٍ ← فعلًا مسجَّلًا ← صلاحيةً ← مفتاحَ منعِ تكرارٍ ← مدخلاتٍ ← ثم يفتح المعاملة · والنمط: if($_SERVER[&apos;REQUEST_METHOD&apos;]!==&apos;POST&apos;) exit; require_csrf(); action_guard(&apos;code&apos;); assert_perm(&apos;can_add&apos;); if(ProcessedOperations::seen($key)) return prior(); $v=validate($_POST); $db->begin_transacti	اختبارُ معيار: اختبارُ سبعةٍ: كلُّ معالجٍ يُرفض عند إخفاقِ كلِّ بندٍ من السبعةِ منفردًا	غيرُ مقيس	
FIXC-0072-ج	FIXC	◆ والخروجُ عند أيِّ فشلٍ قبلَ أيِّ كتابة	اختبارُ معيار: اختبارُ سبعةٍ: كلُّ معالجٍ يُرفض عند إخفاقِ كلِّ بندٍ من السبعةِ منفردًا	غيرُ مقيس	
FIXC-0073-أ	FIXC	معيارُ التكويدِ المطبَّقُ على المالية «CS-04	اختبارُ معيار: اختبارُ ارتداد: فشلٌ مصطنعٌ في آخرِ كتابةٍ يترك صفرَ صفٍّ في الجداولِ كلِّها	غيرُ مقيس	
FIXC-0073-ب	FIXC	حدودُ المعاملةِ صريحةٌ ولا كتابةَ خارجَها»: كلُّ كتابةٍ متعددةِ الجداولِ داخلَ معاملةٍ واحدةٍ	اختبارُ معيار: اختبارُ ارتداد: فشلٌ مصطنعٌ في آخرِ كتابةٍ يترك صفرَ صفٍّ في الجداولِ كلِّها	مُغلقٌ بشاهد	tests/event_publisher_test.php · tests/n06_transaction_bounds_test.php
FIXC-0073-ج	FIXC	والنشرُ داخلَها والارتدادُ يُلغي الكلّ · والنمط: $db->begin_transaction(); try{ $svc->write(); EventPublisher::publishFact(...); $db->commit(); } catch(Throwable $e){ $db->rollback(); throw $e; }	اختبارُ معيار: اختبارُ ارتداد: فشلٌ مصطنعٌ في آخرِ كتابةٍ يترك صفرَ صفٍّ في الجداولِ كلِّها	مُغلقٌ بشاهد	tests/event_publisher_test.php · tests/n06_transaction_bounds_test.php
FIXC-0073-د	FIXC	◆ ولا تخصيصَ رقمٍ فريدٍ داخلَ المعاملةِ	اختبارُ معيار: اختبارُ ارتداد: فشلٌ مصطنعٌ في آخرِ كتابةٍ يترك صفرَ صفٍّ في الجداولِ كلِّها	غيرُ مقيس	
FIXC-0074-أ	FIXC	معيارُ التكويدِ المطبَّقُ على المالية «CS-05	اختبارُ معيار: مسحٌ آليّ: صفرُ عبارةِ كتابةٍ حرفيةٍ في مجلداتِ الأسطح	غيرُ مقيس	
FIXC-0074-ب	FIXC	الشاشةُ لا تكتب جدولًا	اختبارُ معيار: مسحٌ آليّ: صفرُ عبارةِ كتابةٍ حرفيةٍ في مجلداتِ الأسطح	غيرُ مقيس	
FIXC-0074-ج	FIXC	تنادي خدمةَ نطاقها»: صفرُ INSERT أو UPDATE أو DELETE في ملفِّ سطحٍ	اختبارُ معيار: مسحٌ آليّ: صفرُ عبارةِ كتابةٍ حرفيةٍ في مجلداتِ الأسطح	غيرُ مقيس	
FIXC-0074-د	FIXC	والحكمُ في الخدمةِ المالكة · والنمط: $svc = new ContractService($db); $svc->approve($id, $actor); // لا $db->query(&apos;UPDATE contracts ...&apos;)	اختبارُ معيار: مسحٌ آليّ: صفرُ عبارةِ كتابةٍ حرفيةٍ في مجلداتِ الأسطح	غيرُ مقيس	
FIXC-0075-أ	FIXC	معيارُ التكويدِ المطبَّقُ على المالية «CS-06	اختبارُ معيار: اختبارُ حجب: نداءٌ برمزٍ غيرِ مسجَّلٍ يُرفض 403 ويُسجَّل	غيرُ مقيس	
FIXC-0075-ب	FIXC	كلُّ فعلٍ برمزٍ مسجَّلٍ وصنفِ كتابةٍ معلَن»: لا نداءَ POST بلا رمزِ فعلٍ في القاموسِ	اختبارُ معيار: اختبارُ حجب: نداءٌ برمزٍ غيرِ مسجَّلٍ يُرفض 403 ويُسجَّل	غيرُ مقيس	
FIXC-0075-ج	FIXC	وغيرُ المسجَّلِ يُحجب · والنمط: action_guard(&apos;fin.payment.execute&apos;); // الرمزُ في nav09_action_map بصنفِ كتابةٍ معلَن	اختبارُ معيار: اختبارُ حجب: نداءٌ برمزٍ غيرِ مسجَّلٍ يُرفض 403 ويُسجَّل	غيرُ مقيس	
FIXC-0075-د	FIXC	◆ وصفرُ رمزٍ يحمل معنيين	اختبارُ معيار: اختبارُ حجب: نداءٌ برمزٍ غيرِ مسجَّلٍ يُرفض 403 ويُسجَّل	غيرُ مقيس	
FIXC-0076-أ	FIXC	معيارُ التكويدِ المطبَّقُ على المالية «CS-07	اختبارُ معيار: اختبارُ تكرار: خمسُ إعاداتٍ لطلبٍ واحدٍ تُنتج صفًّا واحدًا وترجع مرجعَه	غيرُ مقيس	
FIXC-0076-ب	FIXC	العطالةُ بمفتاحٍ مركَّبٍ لكلِّ فعلٍ ذي أثر»: إعادةُ النداءِ ترجع مرجعَ الأثرِ الأولِ ولا تولّد ثانيًا	اختبارُ معيار: اختبارُ تكرار: خمسُ إعاداتٍ لطلبٍ واحدٍ تُنتج صفًّا واحدًا وترجع مرجعَه	مُغلقٌ بشاهد	tests/bank_reconciliation_test.php · tests/claims_test.php · tests/collection_control_test.php · tests/event_publisher_test.php · tests/idempotency_resend_test.php
FIXC-0076-ج	FIXC	والمفتاحُ من محتوى الطلبِ لا من وقته · والنمط: $key = sha1($actor.&apos;|&apos;.$code.&apos;|&apos;.$refId.&apos;|&apos;.$amount); if($r=ProcessedOperations::find($key)) return $r->result;	اختبارُ معيار: اختبارُ تكرار: خمسُ إعاداتٍ لطلبٍ واحدٍ تُنتج صفًّا واحدًا وترجع مرجعَه	مُغلقٌ بشاهد	tests/collection_control_test.php
FIXC-0076-د	FIXC	◆ والعطالةُ لا تعمل إلا بإطفاءِ الإبلاغِ الرامي	اختبارُ معيار: اختبارُ تكرار: خمسُ إعاداتٍ لطلبٍ واحدٍ تُنتج صفًّا واحدًا وترجع مرجعَه	غيرُ مقيس	
FIXC-0077-أ	FIXC	معيارُ التكويدِ المطبَّقُ على المالية «CS-08	اختبارُ معيار: مسحٌ آليّ: صفرُ DELETE في خدماتِ الماليةِ والعقودِ والأصول	غيرُ مقيس	
FIXC-0077-ب	FIXC	العكسُ حركةٌ جديدةٌ بمرجعِها لا حذفٌ»: لكلِّ فعلٍ ذي أثرٍ ماليٍّ أو تعاقديٍّ فعلُ عكسٍ أو حكمٌ صريحٌ «لا عكسَ له بطبيعته» · والنمط: $svc->reverse($originalId, $reason, $actor); // يُنشئ حركةً عاكسةً بمرجعِ الأصلِ ولا يمحوه	اختبارُ معيار: مسحٌ آليّ: صفرُ DELETE في خدماتِ الماليةِ والعقودِ والأصول	غيرُ مقيس	
FIXC-0077-ج	FIXC	◆ وصفرُ دالةِ حذفٍ في خدماتِ المجالِ الماليّ	اختبارُ معيار: مسحٌ آليّ: صفرُ DELETE في خدماتِ الماليةِ والعقودِ والأصول	غيرُ مقيس	
FIXC-0078-أ	FIXC	معيارُ التكويدِ المطبَّقُ على المالية «CS-09	اختبارُ معيار: اختبارُ سجل: كلُّ كتابةٍ في اختبارٍ حيٍّ تُنتج صفَّ تدقيقٍ بالقيمتين	غيرُ مقيس	
FIXC-0078-ب	FIXC	التدقيقُ قبلَ وبعدَ من طبقةٍ مشتركةٍ لا من الشاشة»: كلُّ كتابةٍ تسجّل القيمةَ قبلَ وبعدَ والفاعلَ بصفتِه والوقتَ	اختبارُ معيار: اختبارُ سجل: كلُّ كتابةٍ في اختبارٍ حيٍّ تُنتج صفَّ تدقيقٍ بالقيمتين	غيرُ مقيس	
FIXC-0078-ج	FIXC	وتُكتب من الطبقةِ المشتركة · والنمط: AuditTrail::record($table,$pk,$before,$after,$actor,$actorRole,$actionCode);	اختبارُ معيار: اختبارُ سجل: كلُّ كتابةٍ في اختبارٍ حيٍّ تُنتج صفَّ تدقيقٍ بالقيمتين	غيرُ مقيس	
FIXC-0078-د	FIXC	◆ ولا اعتمادَ على قادحٍ وحدَه	اختبارُ معيار: اختبارُ سجل: كلُّ كتابةٍ في اختبارٍ حيٍّ تُنتج صفَّ تدقيقٍ بالقيمتين	غيرُ مقيس	
FIXC-0079-أ	FIXC	معيارُ التكويدِ المطبَّقُ على المالية «CS-10	اختبارُ معيار: اختبارُ حجب: استجابتان لحسابين — والحساسُ غائبٌ نصًّا في غيرِ المخوَّل	غيرُ مقيس	
FIXC-0079-ب	FIXC	الحقلُ الحساسُ يُحجب في الخادمِ لا في العرض»: الحقلُ الذي لا يملكه المستخدمُ لا يُرسَل في الاستجابةِ أصلًا	اختبارُ معيار: اختبارُ حجب: استجابتان لحسابين — والحساسُ غائبٌ نصًّا في غيرِ المخوَّل	مُغلقٌ بشاهد	tests/n21_ownership_confidentiality_test.php
FIXC-0079-ج	FIXC	ولا يُخفى بأسلوبِ عرض · والنمط: $cols = FieldGovernor::allowedFor($screen,$role); $sql = &apos;SELECT &apos;.implode(&apos;,&apos;,$cols).&apos; FROM ...&apos;;	اختبارُ معيار: اختبارُ حجب: استجابتان لحسابين — والحساسُ غائبٌ نصًّا في غيرِ المخوَّل	مُغلقٌ بشاهد	tests/n21_ownership_confidentiality_test.php
FIXC-0079-د	FIXC	◆ وفحصُ الاستجابةِ الخامِّ بحسابين مختلفَي الصلاحيةِ هو الشاهدُ الوحيد	اختبارُ معيار: اختبارُ حجب: استجابتان لحسابين — والحساسُ غائبٌ نصًّا في غيرِ المخوَّل	غيرُ مقيس	
FIXC-0080-أ	FIXC	معيارُ التكويدِ المطبَّقُ على المالية «CS-11	اختبارُ معيار: اختبارُ رجعية: محاولةُ تعديلٍ من القاعدةِ مباشرةً تُرفض	غيرُ مقيس	
FIXC-0080-ب	FIXC	المستندُ المعتمدُ لا رجعيةَ فيه»: بعدَ الاعتمادِ يُمنع التعديلُ والحذفُ من القاعدةِ لا من التطبيق	اختبارُ معيار: اختبارُ رجعية: محاولةُ تعديلٍ من القاعدةِ مباشرةً تُرفض	غيرُ مقيس	
FIXC-0080-ج	FIXC	والتصحيحُ حركةٌ جديدة · والنمط: ALTER TABLE x ADD CONSTRAINT chk_approved_immutable ..	اختبارُ معيار: اختبارُ رجعية: محاولةُ تعديلٍ من القاعدةِ مباشرةً تُرفض	غيرُ مقيس	
FIXC-0080-د	FIXC	+ قادحٌ يرفض UPDATE على المعتمد	اختبارُ معيار: اختبارُ رجعية: محاولةُ تعديلٍ من القاعدةِ مباشرةً تُرفض	غيرُ مقيس	
FIXC-0081-أ	FIXC	معيارُ التكويدِ المطبَّقُ على المالية «CS-12	اختبارُ معيار: مسحٌ آليّ: صفرُ كتلةِ catch فارغةٍ أو بلا إرجاعِ خطأٍ في الأسطحِ والخدمات	غيرُ مقيس	
FIXC-0081-ب	FIXC	صفرُ استثناءٍ مبتلَعٍ صامتًا»: لا catch فارغٍ ولا catch يكتب سجلًّا ويكمل	اختبارُ معيار: مسحٌ آليّ: صفرُ كتلةِ catch فارغةٍ أو بلا إرجاعِ خطأٍ في الأسطحِ والخدمات	غيرُ مقيس	
FIXC-0081-ج	FIXC	والفشلُ يُرفع أو يُرجَع رمزًا للمستخدم · والنمط: catch(Throwable $e){ $db->rollback(); Log::error($e); return [&apos;ok&apos;=>false,&apos;code&apos;=>&apos;ERR-1042&apos;,&apos;msg&apos;=>&apos;...&apos;]; }	اختبارُ معيار: مسحٌ آليّ: صفرُ كتلةِ catch فارغةٍ أو بلا إرجاعِ خطأٍ في الأسطحِ والخدمات	غيرُ مقيس	
FIXC-0081-د	FIXC	◆ وصفرُ catch يبتلع ثم يعرض نجاحًا	اختبارُ معيار: مسحٌ آليّ: صفرُ كتلةِ catch فارغةٍ أو بلا إرجاعِ خطأٍ في الأسطحِ والخدمات	غيرُ مقيس	
FIXC-0001-أ	FIXC	◆ يُصحَّح مسارُ الماليةِ والمراجعةِ بأحكامٍ ذريةٍ بموضعِها	اختبارُ بلاغ: الأدوارُ الثلاثةُ تفتح سايدبارًا غيرَ فارغ	غيرُ مقيس	
FIXC-0001-ب	FIXC	والأدوارُ الثلاثةُ الجديدةُ سايدبارُها فارغٌ اليومَ فالمبنيُّ لا يُبلَغ.	اختبارُ بلاغ: الأدوارُ الثلاثةُ تفتح سايدبارًا غيرَ فارغ	غيرُ مقيس	
FIXC-0061-ه	FIXC	(لم تُلقطه صفوفُ الجدولِ — أُضيف من المسحِ الخامّ)		غيرُ مقيس	
FIXC-0063-ه	FIXC	(لم تُلقطه صفوفُ الجدولِ — أُضيف من المسحِ الخامّ)		غيرُ مقيس	
FIXC-0065-ه	FIXC	(لم تُلقطه صفوفُ الجدولِ — أُضيف من المسحِ الخامّ)		غيرُ مقيس	
FIXC-0073-ه	FIXC	(لم تُلقطه صفوفُ الجدولِ — أُضيف من المسحِ الخامّ)		غيرُ مقيس	
FIXC-0074-ه	FIXC	(لم تُلقطه صفوفُ الجدولِ — أُضيف من المسحِ الخامّ)		غيرُ مقيس	
FIXC-0076-ه	FIXC	(لم تُلقطه صفوفُ الجدولِ — أُضيف من المسحِ الخامّ)		غيرُ مقيس	
FIXC-0078-ه	FIXC	(لم تُلقطه صفوفُ الجدولِ — أُضيف من المسحِ الخامّ)		غيرُ مقيس	
FIXC-0080-ه	FIXC	(لم تُلقطه صفوفُ الجدولِ — أُضيف من المسحِ الخامّ)		غيرُ مقيس	
