المساحة,الشاشة,الحكم,الشاهد
DEP-01,Reports/reports.php,LIVE_LINK_OWNER,"رابطٌ نشِطٌ في سايدبارِ الدور 12"
DEP-01,Equipments/equipments_types.php,SEED_ARTIFACT,"بلا رابطٍ نشِطٍ ولا يُبلَغ من شاشةِ هدف"
DEP-01,Employees/employees.php,SEED_ARTIFACT,"بلا رابطٍ نشِطٍ ولا يُبلَغ من شاشةِ هدف"
DEP-01,Equipments/equipments_fleet.php,SEED_ARTIFACT,"بلا رابطٍ نشِطٍ ولا يُبلَغ من شاشةِ هدف"
DEP-01,Oprators/oprators.php,SEED_ARTIFACT,"بلا رابطٍ نشِطٍ ولا يُبلَغ من شاشةِ هدف"
DEP-01,Timesheet/timesheet_type.php,SEED_ARTIFACT,"بلا رابطٍ نشِطٍ ولا يُبلَغ من شاشةِ هدف"
DEP-01,ActivityLogs/activity_logs.php,SEED_ARTIFACT,"بلا رابطٍ نشِطٍ ولا يُبلَغ من شاشةِ هدف"
DEP-01,main/project_users.php,SEED_ARTIFACT,"بلا رابطٍ نشِطٍ ولا يُبلَغ من شاشةِ هدف"
DEP-01,Suppliers/suppliers.php,SEED_ARTIFACT,"بلا رابطٍ نشِطٍ ولا يُبلَغ من شاشةِ هدف"
DEP-01,Oprators/select_project.php,SEED_ARTIFACT,"بلا رابطٍ نشِطٍ ولا يُبلَغ من شاشةِ هدف"
DEP-01,Suppliers/supplierscontracts.php,SEED_ARTIFACT,"بلا رابطٍ نشِطٍ ولا يُبلَغ من شاشةِ هدف"
DEP-01,Suppliers/supplierscontracts_details.php,SEED_ARTIFACT,"بلا رابطٍ نشِطٍ ولا يُبلَغ من شاشةِ هدف"
DEP-01,Equipments/equipments_drivers.php,SEED_ARTIFACT,"بلا رابطٍ نشِطٍ ولا يُبلَغ من شاشةِ هدف"
DEP-01,movement/project_drivers.php,SEED_ARTIFACT,"بلا رابطٍ نشِطٍ ولا يُبلَغ من شاشةِ هدف"
DEP-01,movement/movement_operations.php,SEED_ARTIFACT,"بلا رابطٍ نشِطٍ ولا يُبلَغ من شاشةِ هدف"
DEP-01,movement/map_page.php,SEED_ARTIFACT,"بلا رابطٍ نشِطٍ ولا يُبلَغ من شاشةِ هدف"
DEP-01,Equipments/fleet_models.php,SEED_ARTIFACT,"بلا رابطٍ نشِطٍ ولا يُبلَغ من شاشةِ هدف"
DEP-01,Equipments/fleet_depreciation_profiles.php,SEED_ARTIFACT,"بلا رابطٍ نشِطٍ ولا يُبلَغ من شاشةِ هدف"
DEP-01,Employees/employee_contracts.php,SEED_ARTIFACT,"بلا رابطٍ نشِطٍ ولا يُبلَغ من شاشةِ هدف"
DEP-01,Employees/employee_contracts_details.php,SEED_ARTIFACT,"بلا رابطٍ نشِطٍ ولا يُبلَغ من شاشةِ هدف"
DEP-01,Employees/employee_profile.php,SEED_ARTIFACT,"بلا رابطٍ نشِطٍ ولا يُبلَغ من شاشةِ هدف"
DEP-01,Employees/showcontractemployee.php,SEED_ARTIFACT,"بلا رابطٍ نشِطٍ ولا يُبلَغ من شاشةِ هدف"
DEP-01,Clients/activities.php,SEED_ARTIFACT,"بلا رابطٍ نشِطٍ ولا يُبلَغ من شاشةِ هدف"
DEP-01,Clients/commercial_risks.php,SEED_ARTIFACT,"بلا رابطٍ نشِطٍ ولا يُبلَغ من شاشةِ هدف"
DEP-01,Clients/tenders.php,SEED_ARTIFACT,"بلا رابطٍ نشِطٍ ولا يُبلَغ من شاشةِ هدف"
DEP-01,Clients/pricelists.php,SEED_ARTIFACT,"بلا رابطٍ نشِطٍ ولا يُبلَغ من شاشةِ هدف"
DEP-01,Clients/products.php,LIVE_LINK_OWNER,"رابطٌ نشِطٌ في سايدبارِ الدور 12"
DEP-01,Clients/units_of_measure.php,SEED_ARTIFACT,"بلا رابطٍ نشِطٍ ولا يُبلَغ من شاشةِ هدف"
DEP-01,Clients/contract_amendments.php,SEED_ARTIFACT,"بلا رابطٍ نشِطٍ ولا يُبلَغ من شاشةِ هدف"
DEP-01,Clients/contract_events.php,SEED_ARTIFACT,"بلا رابطٍ نشِطٍ ولا يُبلَغ من شاشةِ هدف"
DEP-01,Finance/events_list_fin.php,SEED_ARTIFACT,"بلا رابطٍ نشِطٍ ولا يُبلَغ من شاشةِ هدف"
DEP-01,Finance/budget_form_fin.php,SEED_ARTIFACT,"بلا رابطٍ نشِطٍ ولا يُبلَغ من شاشةِ هدف"
DEP-01,FinRequests/dept_inbox.php,SEED_ARTIFACT,"بلا رابطٍ نشِطٍ ولا يُبلَغ من شاشةِ هدف"
DEP-01,Finance/variance_monitor_fin.php,SEED_ARTIFACT,"بلا رابطٍ نشِطٍ ولا يُبلَغ من شاشةِ هدف"
DEP-01,Clients/contract_commitments.php,SEED_ARTIFACT,"بلا رابطٍ نشِطٍ ولا يُبلَغ من شاشةِ هدف"
DEP-01,Clients/readiness_lines.php,SEED_ARTIFACT,"بلا رابطٍ نشِطٍ ولا يُبلَغ من شاشةِ هدف"
DEP-01,Tickets/tickets_list.php,SEED_ARTIFACT,"بلا رابطٍ نشِطٍ ولا يُبلَغ من شاشةِ هدف"
DEP-01,Tickets/ticket_form.php,SEED_ARTIFACT,"بلا رابطٍ نشِطٍ ولا يُبلَغ من شاشةِ هدف"
DEP-01,main/role_board.php,LIVE_LINK_OWNER,"رابطٌ نشِطٌ في سايدبارِ الدور 12"
DEP-01,Contracts/contract_obligations.php,SEED_ARTIFACT,"بلا رابطٍ نشِطٍ ولا يُبلَغ من شاشةِ هدف"
DEP-01,Approvals/attribution_board.php,SEED_ARTIFACT,"بلا رابطٍ نشِطٍ ولا يُبلَغ من شاشةِ هدف"
DEP-01,Contracts/penalties.php,SEED_ARTIFACT,"بلا رابطٍ نشِطٍ ولا يُبلَغ من شاشةِ هدف"
DEP-01,Operations/containers.php,SEED_ARTIFACT,"بلا رابطٍ نشِطٍ ولا يُبلَغ من شاشةِ هدف"
DEP-01,Workforce/contract_registry.php,SEED_ARTIFACT,"بلا رابطٍ نشِطٍ ولا يُبلَغ من شاشةِ هدف"
DEP-01,Contracts/price_terms.php,SEED_ARTIFACT,"بلا رابطٍ نشِطٍ ولا يُبلَغ من شاشةِ هدف"
DEP-01,Contracts/tax_invoices.php,SEED_ARTIFACT,"بلا رابطٍ نشِطٍ ولا يُبلَغ من شاشةِ هدف"
DEP-01,Contracts/client_statement.php,SEED_ARTIFACT,"بلا رابطٍ نشِطٍ ولا يُبلَغ من شاشةِ هدف"
DEP-01,Contracts/collections.php,SEED_ARTIFACT,"بلا رابطٍ نشِطٍ ولا يُبلَغ من شاشةِ هدف"
DEP-01,Contracts/contract_sites.php,SEED_ARTIFACT,"بلا رابطٍ نشِطٍ ولا يُبلَغ من شاشةِ هدف"
DEP-01,Contracts/contract_lines.php,SEED_ARTIFACT,"بلا رابطٍ نشِطٍ ولا يُبلَغ من شاشةِ هدف"
DEP-01,Contracts/contract_monthly_plan.php,SEED_ARTIFACT,"بلا رابطٍ نشِطٍ ولا يُبلَغ من شاشةِ هدف"
DEP-01,Contracts/contract_resource_plan.php,SEED_ARTIFACT,"بلا رابطٍ نشِطٍ ولا يُبلَغ من شاشةِ هدف"
DEP-01,Contracts/contract_payment_schedule.php,SEED_ARTIFACT,"بلا رابطٍ نشِطٍ ولا يُبلَغ من شاشةِ هدف"
DEP-01,Contracts/contract_guarantees.php,SEED_ARTIFACT,"بلا رابطٍ نشِطٍ ولا يُبلَغ من شاشةِ هدف"
DEP-01,Contracts/plan_actual_link.php,SEED_ARTIFACT,"بلا رابطٍ نشِطٍ ولا يُبلَغ من شاشةِ هدف"
DEP-01,Contracts/contract_baseline.php,SEED_ARTIFACT,"بلا رابطٍ نشِطٍ ولا يُبلَغ من شاشةِ هدف"
DEP-01,Portal/workspace.php,SEED_ARTIFACT,"بلا رابطٍ نشِطٍ ولا يُبلَغ من شاشةِ هدف"
DEP-01,Finance/approvals_inbox.php,LIVE_LINK_OWNER,"رابطٌ نشِطٌ في سايدبارِ الدور 12"
DEP-01,Contracts/contract_card.php,SEED_ARTIFACT,"بلا رابطٍ نشِطٍ ولا يُبلَغ من شاشةِ هدف"
DEP-01,Reports/margin_report.php,SEED_ARTIFACT,"بلا رابطٍ نشِطٍ ولا يُبلَغ من شاشةِ هدف"
DEP-01,Governance/licenses_guarantees.php,SEED_ARTIFACT,"بلا رابطٍ نشِطٍ ولا يُبلَغ من شاشةِ هدف"
DEP-01,Tickets/ticket_contextual_open.php,SEED_ARTIFACT,"بلا رابطٍ نشِطٍ ولا يُبلَغ من شاشةِ هدف"
DEP-01,main/my_workspace.php,SEED_ARTIFACT,"بلا رابطٍ نشِطٍ ولا يُبلَغ من شاشةِ هدف"
DEP-01,Contracts/contract_coverage.php,SEED_ARTIFACT,"بلا رابطٍ نشِطٍ ولا يُبلَغ من شاشةِ هدف"
DEP-01,Approvals/hours_approval.php,SEED_ARTIFACT,"بلا رابطٍ نشِطٍ ولا يُبلَغ من شاشةِ هدف"
DEP-01,Portal/my_kpi.php,SEED_ARTIFACT,"بلا رابطٍ نشِطٍ ولا يُبلَغ من شاشةِ هدف"
DEP-01,Portal/dept_board.php,SEED_ARTIFACT,"بلا رابطٍ نشِطٍ ولا يُبلَغ من شاشةِ هدف"
DEP-01,Operations/fleet_calendar.php,SEED_ARTIFACT,"بلا رابطٍ نشِطٍ ولا يُبلَغ من شاشةِ هدف"
DEP-01,Clients/rate_books.php,SEED_ARTIFACT,"بلا رابطٍ نشِطٍ ولا يُبلَغ من شاشةِ هدف"
DEP-01,Operations/fleet_utilization.php,SEED_ARTIFACT,"بلا رابطٍ نشِطٍ ولا يُبلَغ من شاشةِ هدف"
DEP-01,emsreports/index.php,SEED_ARTIFACT,"بلا رابطٍ نشِطٍ ولا يُبلَغ من شاشةِ هدف"
DEP-01,Finance/budget_dept.php,SEED_ARTIFACT,"بلا رابطٍ نشِطٍ ولا يُبلَغ من شاشةِ هدف"
DEP-01,main/profile.php,SEED_ARTIFACT,"بلا رابطٍ نشِطٍ ولا يُبلَغ من شاشةِ هدف"
DEP-01,Operations/production.php,SEED_ARTIFACT,"بلا رابطٍ نشِطٍ ولا يُبلَغ من شاشةِ هدف"
DEP-01,Operations/unbilled.php,SEED_ARTIFACT,"بلا رابطٍ نشِطٍ ولا يُبلَغ من شاشةِ هدف"
DEP-01,Operations/unit_perf.php,SEED_ARTIFACT,"بلا رابطٍ نشِطٍ ولا يُبلَغ من شاشةِ هدف"
DEP-01,Portal/business_models.php,SEED_ARTIFACT,"بلا رابطٍ نشِطٍ ولا يُبلَغ من شاشةِ هدف"
DEP-01,Portal/contract_review.php,SEED_ARTIFACT,"بلا رابطٍ نشِطٍ ولا يُبلَغ من شاشةِ هدف"
DEP-01,Portal/dept_achievement.php,SEED_ARTIFACT,"بلا رابطٍ نشِطٍ ولا يُبلَغ من شاشةِ هدف"
DEP-01,Tickets/dept_inbox.php,SEED_ARTIFACT,"بلا رابطٍ نشِطٍ ولا يُبلَغ من شاشةِ هدف"
DEP-01,Timesheet/timesheet.php,SEED_ARTIFACT,"بلا رابطٍ نشِطٍ ولا يُبلَغ من شاشةِ هدف"
DEP-01,Risk/dept_risk_space.php,SEED_ARTIFACT,"بلا رابطٍ نشِطٍ ولا يُبلَغ من شاشةِ هدف"
DEP-01,Finance/fin_contract_margin.php,SEED_ARTIFACT,"بلا رابطٍ نشِطٍ ولا يُبلَغ من شاشةِ هدف"
DEP-01,Approvals/requests.php,SEED_ARTIFACT,"بلا رابطٍ نشِطٍ ولا يُبلَغ من شاشةِ هدف"
DEP-01,Employees/employee_equipment_history.php,SEED_ARTIFACT,"بلا رابطٍ نشِطٍ ولا يُبلَغ من شاشةِ هدف"
DEP-01,Equipments/equipment_profile.php,SEED_ARTIFACT,"بلا رابطٍ نشِطٍ ولا يُبلَغ من شاشةِ هدف"
DEP-01,Reports/contract_report.php,SEED_ARTIFACT,"بلا رابطٍ نشِطٍ ولا يُبلَغ من شاشةِ هدف"
DEP-01,Reports/contractall.php,SEED_ARTIFACT,"بلا رابطٍ نشِطٍ ولا يُبلَغ من شاشةِ هدف"
DEP-01,Reports/deliy.php,SEED_ARTIFACT,"بلا رابطٍ نشِطٍ ولا يُبلَغ من شاشةِ هدف"
DEP-01,Reports/deriver.php,SEED_ARTIFACT,"بلا رابطٍ نشِطٍ ولا يُبلَغ من شاشةِ هدف"
DEP-01,Reports/driverAndsupplerscontract.php,SEED_ARTIFACT,"بلا رابطٍ نشِطٍ ولا يُبلَغ من شاشةِ هدف"
DEP-01,Reports/equipments_reports.php,SEED_ARTIFACT,"بلا رابطٍ نشِطٍ ولا يُبلَغ من شاشةِ هدف"
DEP-01,Reports/new_reports.php,SEED_ARTIFACT,"بلا رابطٍ نشِطٍ ولا يُبلَغ من شاشةِ هدف"
DEP-01,Reports/projects_reports.php,SEED_ARTIFACT,"بلا رابطٍ نشِطٍ ولا يُبلَغ من شاشةِ هدف"
DEP-01,Reports/timesheet_reports.php,SEED_ARTIFACT,"بلا رابطٍ نشِطٍ ولا يُبلَغ من شاشةِ هدف"
DEP-01,Reports/timesheetdeliy.php,SEED_ARTIFACT,"بلا رابطٍ نشِطٍ ولا يُبلَغ من شاشةِ هدف"
DEP-01,Suppliers/showcontractsuppliers.php,SEED_ARTIFACT,"بلا رابطٍ نشِطٍ ولا يُبلَغ من شاشةِ هدف"
DEP-01,Suppliers/supplier_profile.php,SEED_ARTIFACT,"بلا رابطٍ نشِطٍ ولا يُبلَغ من شاشةِ هدف"
DEP-01,Suppliers/suppliers_details.php,SEED_ARTIFACT,"بلا رابطٍ نشِطٍ ولا يُبلَغ من شاشةِ هدف"
DEP-01,Timesheet/aprovment.php,SEED_ARTIFACT,"بلا رابطٍ نشِطٍ ولا يُبلَغ من شاشةِ هدف"
DEP-01,Timesheet/timesheet_details.php,SEED_ARTIFACT,"بلا رابطٍ نشِطٍ ولا يُبلَغ من شاشةِ هدف"
DEP-01,Timesheet/view_timesheet.php,SEED_ARTIFACT,"بلا رابطٍ نشِطٍ ولا يُبلَغ من شاشةِ هدف"
DEP-01,main/global_search.php,SEED_ARTIFACT,"بلا رابطٍ نشِطٍ ولا يُبلَغ من شاشةِ هدف"
DEP-01,main/soon.php,SEED_ARTIFACT,"بلا رابطٍ نشِطٍ ولا يُبلَغ من شاشةِ هدف"
DEP-01,main/user_profile.php,SEED_ARTIFACT,"بلا رابطٍ نشِطٍ ولا يُبلَغ من شاشةِ هدف"
DEP-01,movement/add_drivers.php,SEED_ARTIFACT,"بلا رابطٍ نشِطٍ ولا يُبلَغ من شاشةِ هدف"
DEP-01,movement/move_oprators.php,SEED_ARTIFACT,"بلا رابطٍ نشِطٍ ولا يُبلَغ من شاشةِ هدف"
DEP-01,Equipments/select_project.php,SEED_ARTIFACT,"بلا رابطٍ نشِطٍ ولا يُبلَغ من شاشةِ هدف"
DEP-01,Finance/daily_pricing_fin.php,SEED_ARTIFACT,"بلا رابطٍ نشِطٍ ولا يُبلَغ من شاشةِ هدف"
DEP-01,Tickets/my_tickets.php,SEED_ARTIFACT,"بلا رابطٍ نشِطٍ ولا يُبلَغ من شاشةِ هدف"
DEP-01,Contracts/unit_client_match.php,SEED_ARTIFACT,"بلا رابطٍ نشِطٍ ولا يُبلَغ من شاشةِ هدف"
DEP-01,Contracts/unit_statement_client.php,SEED_ARTIFACT,"بلا رابطٍ نشِطٍ ولا يُبلَغ من شاشةِ هدف"
DEP-01,main/glossary.php,SEED_ARTIFACT,"بلا رابطٍ نشِطٍ ولا يُبلَغ من شاشةِ هدف"
DEP-01,Risk/risk_dept_sal.php,LIVE_LINK_OWNER,"رابطٌ نشِطٌ في سايدبارِ الدور 12"
DEP-01,Governance/gov_dept_sal.php,LIVE_LINK_OWNER,"رابطٌ نشِطٌ في سايدبارِ الدور 12"
DEP-01,Operations/unit_correction.php,SEED_ARTIFACT,"بلا رابطٍ نشِطٍ ولا يُبلَغ من شاشةِ هدف"
DEP-01,Suppliers/supplier_board.php,SEED_ARTIFACT,"بلا رابطٍ نشِطٍ ولا يُبلَغ من شاشةِ هدف"
DEP-01,Suppliers/supplier_contacts.php,SEED_ARTIFACT,"بلا رابطٍ نشِطٍ ولا يُبلَغ من شاشةِ هدف"
DEP-01,Portal/vp_departments.php,LIVE_LINK_OWNER,"رابطٌ نشِطٌ في سايدبارِ الدور 12"
DEP-01,Portal/vp_dashboard.php,LIVE_LINK_OWNER,"رابطٌ نشِطٌ في سايدبارِ الدور 12"
DEP-01,Suppliers/supplier_qualification.php,LIVE_LINK_OWNER,"رابطٌ نشِطٌ في سايدبارِ الدور 12"
DEP-01,Suppliers/supplier_contract_units.php,LIVE_LINK_OWNER,"رابطٌ نشِطٌ في سايدبارِ الدور 12"
DEP-01,Portal/vp_approval_inbox.php,LIVE_LINK_OWNER,"رابطٌ نشِطٌ في سايدبارِ الدور 12"
DEP-01,Portal/vp_pending_actions.php,LIVE_LINK_OWNER,"رابطٌ نشِطٌ في سايدبارِ الدور 12"
DEP-01,Suppliers/supplier_ref_lists.php,LIVE_LINK_OWNER,"رابطٌ نشِطٌ في سايدبارِ الدور 12"
DEP-01,Suppliers/supplier_inference_rules.php,LIVE_LINK_OWNER,"رابطٌ نشِطٌ في سايدبارِ الدور 12"
DEP-01,Suppliers/supplier_data_dictionary.php,LIVE_LINK_OWNER,"رابطٌ نشِطٌ في سايدبارِ الدور 12"
DEP-01,Suppliers/supplier_migration_trace.php,LIVE_LINK_OWNER,"رابطٌ نشِطٌ في سايدبارِ الدور 12"
DEP-01,Suppliers/supplier_migration_map.php,LIVE_LINK_OWNER,"رابطٌ نشِطٌ في سايدبارِ الدور 12"
DEP-01,Suppliers/supplier_review_report.php,LIVE_LINK_OWNER,"رابطٌ نشِطٌ في سايدبارِ الدور 12"
DEP-01,Employees/hr_board.php,SEED_ARTIFACT,"بلا رابطٍ نشِطٍ ولا يُبلَغ من شاشةِ هدف"
DEP-01,Employees/hr_disciplinary.php,SEED_ARTIFACT,"بلا رابطٍ نشِطٍ ولا يُبلَغ من شاشةِ هدف"
DEP-01,Employees/hr_employee_documents.php,SEED_ARTIFACT,"بلا رابطٍ نشِطٍ ولا يُبلَغ من شاشةِ هدف"
DEP-01,Employees/hr_job_movements.php,SEED_ARTIFACT,"بلا رابطٍ نشِطٍ ولا يُبلَغ من شاشةِ هدف"
DEP-01,Employees/hr_onboarding.php,SEED_ARTIFACT,"بلا رابطٍ نشِطٍ ولا يُبلَغ من شاشةِ هدف"
DEP-01,Employees/hr_performance.php,SEED_ARTIFACT,"بلا رابطٍ نشِطٍ ولا يُبلَغ من شاشةِ هدف"
DEP-01,Employees/hr_training.php,SEED_ARTIFACT,"بلا رابطٍ نشِطٍ ولا يُبلَغ من شاشةِ هدف"
DEP-01,Governance/regulatory_filings.php,SEED_ARTIFACT,"بلا رابطٍ نشِطٍ ولا يُبلَغ من شاشةِ هدف"
DEP-01,Workforce/hr_workforce_report.php,SEED_ARTIFACT,"بلا رابطٍ نشِطٍ ولا يُبلَغ من شاشةِ هدف"
DEP-01,suppliers/supplier_offers.php,SEED_ARTIFACT,"بلا رابطٍ نشِطٍ ولا يُبلَغ من شاشةِ هدف"
DEP-01,suppliers/supplier_responsibility_matrix.php,SEED_ARTIFACT,"بلا رابطٍ نشِطٍ ولا يُبلَغ من شاشةِ هدف"
DEP-01,suppliers/supplier_quota_distribution.php,SEED_ARTIFACT,"بلا رابطٍ نشِطٍ ولا يُبلَغ من شاشةِ هدف"
DEP-01,suppliers/supplier_slot_handover.php,SEED_ARTIFACT,"بلا رابطٍ نشِطٍ ولا يُبلَغ من شاشةِ هدف"
DEP-01,suppliers/supplier_unit_equipment.php,SEED_ARTIFACT,"بلا رابطٍ نشِطٍ ولا يُبلَغ من شاشةِ هدف"
DEP-01,suppliers/supplier_readiness_reserve.php,SEED_ARTIFACT,"بلا رابطٍ نشِطٍ ولا يُبلَغ من شاشةِ هدف"
DEP-01,suppliers/supplier_onbehalf_advances.php,SEED_ARTIFACT,"بلا رابطٍ نشِطٍ ولا يُبلَغ من شاشةِ هدف"
DEP-01,suppliers/supplier_slot_closure.php,SEED_ARTIFACT,"بلا رابطٍ نشِطٍ ولا يُبلَغ من شاشةِ هدف"
DEP-01,suppliers/supplier_payment_allocation.php,SEED_ARTIFACT,"بلا رابطٍ نشِطٍ ولا يُبلَغ من شاشةِ هدف"
DEP-01,suppliers/supplier_docs_guarantees.php,SEED_ARTIFACT,"بلا رابطٍ نشِطٍ ولا يُبلَغ من شاشةِ هدف"
DEP-02,Clients/clients.php,SEED_ARTIFACT,"بلا رابطٍ نشِطٍ ولا يُبلَغ من شاشةِ هدف"
DEP-02,Projects/projects.php,SEED_ARTIFACT,"بلا رابطٍ نشِطٍ ولا يُبلَغ من شاشةِ هدف"
DEP-02,Reports/reports.php,LIVE_LINK_OWNER,"رابطٌ نشِطٌ في سايدبارِ الدور 8"
DEP-02,Equipments/equipments_types.php,LIVE_LINK_OWNER,"رابطٌ نشِطٌ في سايدبارِ الدور 8"
DEP-02,Employees/employees.php,SEED_ARTIFACT,"بلا رابطٍ نشِطٍ ولا يُبلَغ من شاشةِ هدف"
DEP-02,Equipments/equipments_fleet.php,SEED_ARTIFACT,"بلا رابطٍ نشِطٍ ولا يُبلَغ من شاشةِ هدف"
DEP-02,Oprators/oprators.php,SEED_ARTIFACT,"بلا رابطٍ نشِطٍ ولا يُبلَغ من شاشةِ هدف"
DEP-02,Timesheet/timesheet_type.php,SEED_ARTIFACT,"بلا رابطٍ نشِطٍ ولا يُبلَغ من شاشةِ هدف"
DEP-02,ActivityLogs/activity_logs.php,SEED_ARTIFACT,"بلا رابطٍ نشِطٍ ولا يُبلَغ من شاشةِ هدف"
DEP-02,main/project_users.php,SEED_ARTIFACT,"بلا رابطٍ نشِطٍ ولا يُبلَغ من شاشةِ هدف"
DEP-02,Equipments/fleet_models.php,SEED_ARTIFACT,"بلا رابطٍ نشِطٍ ولا يُبلَغ من شاشةِ هدف"
DEP-02,Equipments/fleet_depreciation_profiles.php,SEED_ARTIFACT,"بلا رابطٍ نشِطٍ ولا يُبلَغ من شاشةِ هدف"
DEP-02,Maintenance/orders.php,LIVE_LINK_OWNER,"رابطٌ نشِطٌ في سايدبارِ الدور 8"
DEP-02,Employees/equipment_operators.php,LIVE_LINK_OWNER,"رابطٌ نشِطٌ في سايدبارِ الدور 8"
DEP-02,Employees/employee_contracts.php,SEED_ARTIFACT,"بلا رابطٍ نشِطٍ ولا يُبلَغ من شاشةِ هدف"
DEP-02,Employees/employee_contracts_details.php,SEED_ARTIFACT,"بلا رابطٍ نشِطٍ ولا يُبلَغ من شاشةِ هدف"
DEP-02,Employees/employee_profile.php,SEED_ARTIFACT,"بلا رابطٍ نشِطٍ ولا يُبلَغ من شاشةِ هدف"
DEP-02,Employees/showcontractemployee.php,SEED_ARTIFACT,"بلا رابطٍ نشِطٍ ولا يُبلَغ من شاشةِ هدف"
DEP-02,Finance/dues_fin.php,LIVE_LINK_OWNER,"رابطٌ نشِطٌ في سايدبارِ الدور 8"
DEP-02,Finance/payments_fin.php,LIVE_LINK_OWNER,"رابطٌ نشِطٌ في سايدبارِ الدور 8"
DEP-02,Finance/supplier_statement_fin.php,LIVE_LINK_OWNER,"رابطٌ نشِطٌ في سايدبارِ الدور 8"
DEP-02,FinRequests/dept_inbox.php,SEED_ARTIFACT,"بلا رابطٍ نشِطٍ ولا يُبلَغ من شاشةِ هدف"
DEP-02,Tickets/tickets_list.php,SEED_ARTIFACT,"بلا رابطٍ نشِطٍ ولا يُبلَغ من شاشةِ هدف"
DEP-02,Tickets/ticket_form.php,SEED_ARTIFACT,"بلا رابطٍ نشِطٍ ولا يُبلَغ من شاشةِ هدف"
DEP-02,main/role_board.php,LIVE_LINK_OWNER,"رابطٌ نشِطٌ في سايدبارِ الدور 8"
DEP-02,Equipments/equipment_documents.php,SEED_ARTIFACT,"بلا رابطٍ نشِطٍ ولا يُبلَغ من شاشةِ هدف"
DEP-02,Contracts/penalties.php,LIVE_LINK_OWNER,"رابطٌ نشِطٌ في سايدبارِ الدور 8"
DEP-02,Operations/containers.php,LIVE_LINK_OWNER,"رابطٌ نشِطٌ في سايدبارِ الدور 8"
DEP-02,Suppliers/supplier_advances.php,LIVE_LINK_OWNER,"رابطٌ نشِطٌ في سايدبارِ الدور 8"
DEP-02,Suppliers/supplier_rules.php,LIVE_LINK_OWNER,"رابطٌ نشِطٌ في سايدبارِ الدور 8"
DEP-02,Portal/workspace.php,SEED_ARTIFACT,"بلا رابطٍ نشِطٍ ولا يُبلَغ من شاشةِ هدف"
DEP-02,Finance/approvals_inbox.php,LIVE_LINK_OWNER,"رابطٌ نشِطٌ في سايدبارِ الدور 8"
DEP-02,Fleet/readiness_board.php,LIVE_LINK_OWNER,"رابطٌ نشِطٌ في سايدبارِ الدور 8"
DEP-02,Governance/licenses_guarantees.php,LIVE_LINK_OWNER,"رابطٌ نشِطٌ في سايدبارِ الدور 8"
DEP-02,Tickets/ticket_contextual_open.php,LIVE_LINK_OWNER,"رابطٌ نشِطٌ في سايدبارِ الدور 8"
DEP-02,main/my_workspace.php,LIVE_LINK_OWNER,"رابطٌ نشِطٌ في سايدبارِ الدور 8"
DEP-02,Portal/my_kpi.php,SEED_ARTIFACT,"بلا رابطٍ نشِطٍ ولا يُبلَغ من شاشةِ هدف"
DEP-02,Portal/dept_board.php,SEED_ARTIFACT,"بلا رابطٍ نشِطٍ ولا يُبلَغ من شاشةِ هدف"
DEP-02,emsreports/index.php,LIVE_LINK_OWNER,"رابطٌ نشِطٌ في سايدبارِ الدور 8"
DEP-02,Finance/budget_dept.php,LIVE_LINK_OWNER,"رابطٌ نشِطٌ في سايدبارِ الدور 8"
DEP-02,Financing/owners_registry.php,LIVE_LINK_OWNER,"رابطٌ نشِطٌ في سايدبارِ الدور 8"
DEP-02,main/profile.php,SEED_ARTIFACT,"بلا رابطٍ نشِطٍ ولا يُبلَغ من شاشةِ هدف"
DEP-02,Operations/equipment_quota.php,LIVE_LINK_OWNER,"رابطٌ نشِطٌ في سايدبارِ الدور 8"
DEP-02,Operations/unit_perf.php,LIVE_LINK_OWNER,"رابطٌ نشِطٌ في سايدبارِ الدور 8"
DEP-02,Portal/business_models.php,LIVE_LINK_OWNER,"رابطٌ نشِطٌ في سايدبارِ الدور 8"
DEP-02,Portal/dept_achievement.php,LIVE_LINK_OWNER,"رابطٌ نشِطٌ في سايدبارِ الدور 8"
DEP-02,Procurement/rfq_compare_award.php,LIVE_LINK_OWNER,"رابطٌ نشِطٌ في سايدبارِ الدور 8"
DEP-02,Suppliers/supplier_bank.php,LIVE_LINK_OWNER,"رابطٌ نشِطٌ في سايدبارِ الدور 8"
DEP-02,Tickets/dept_inbox.php,SEED_ARTIFACT,"بلا رابطٍ نشِطٍ ولا يُبلَغ من شاشةِ هدف"
DEP-02,Timesheet/timesheet.php,LIVE_LINK_OWNER,"رابطٌ نشِطٌ في سايدبارِ الدور 8"
DEP-02,Approvals/requests.php,LIVE_LINK_OWNER,"رابطٌ نشِطٌ في سايدبارِ الدور 2"
DEP-02,Clients/client_profile.php,SEED_ARTIFACT,"بلا رابطٍ نشِطٍ ولا يُبلَغ من شاشةِ هدف"
DEP-02,Employees/employee_equipment_history.php,SEED_ARTIFACT,"بلا رابطٍ نشِطٍ ولا يُبلَغ من شاشةِ هدف"
DEP-02,Financing/asset_disposal.php,SEED_ARTIFACT,"بلا رابطٍ نشِطٍ ولا يُبلَغ من شاشةِ هدف"
DEP-02,Projects/project_profile.php,SEED_ARTIFACT,"بلا رابطٍ نشِطٍ ولا يُبلَغ من شاشةِ هدف"
DEP-02,Reports/contract_report.php,SEED_ARTIFACT,"بلا رابطٍ نشِطٍ ولا يُبلَغ من شاشةِ هدف"
DEP-02,Reports/contractall.php,SEED_ARTIFACT,"بلا رابطٍ نشِطٍ ولا يُبلَغ من شاشةِ هدف"
DEP-02,Reports/deliy.php,SEED_ARTIFACT,"بلا رابطٍ نشِطٍ ولا يُبلَغ من شاشةِ هدف"
DEP-02,Reports/deriver.php,SEED_ARTIFACT,"بلا رابطٍ نشِطٍ ولا يُبلَغ من شاشةِ هدف"
DEP-02,Reports/driverAndsupplerscontract.php,SEED_ARTIFACT,"بلا رابطٍ نشِطٍ ولا يُبلَغ من شاشةِ هدف"
DEP-02,Reports/equipments_reports.php,SEED_ARTIFACT,"بلا رابطٍ نشِطٍ ولا يُبلَغ من شاشةِ هدف"
DEP-02,Reports/new_reports.php,SEED_ARTIFACT,"بلا رابطٍ نشِطٍ ولا يُبلَغ من شاشةِ هدف"
DEP-02,Reports/projects_reports.php,SEED_ARTIFACT,"بلا رابطٍ نشِطٍ ولا يُبلَغ من شاشةِ هدف"
DEP-02,Reports/timesheet_reports.php,SEED_ARTIFACT,"بلا رابطٍ نشِطٍ ولا يُبلَغ من شاشةِ هدف"
DEP-02,Reports/timesheetdeliy.php,SEED_ARTIFACT,"بلا رابطٍ نشِطٍ ولا يُبلَغ من شاشةِ هدف"
DEP-02,Suppliers/showcontractsuppliers.php,SEED_ARTIFACT,"بلا رابطٍ نشِطٍ ولا يُبلَغ من شاشةِ هدف"
DEP-02,Suppliers/suppliers_details.php,SEED_ARTIFACT,"بلا رابطٍ نشِطٍ ولا يُبلَغ من شاشةِ هدف"
DEP-02,Timesheet/aprovment.php,SEED_ARTIFACT,"بلا رابطٍ نشِطٍ ولا يُبلَغ من شاشةِ هدف"
DEP-02,Timesheet/timesheet_details.php,SEED_ARTIFACT,"بلا رابطٍ نشِطٍ ولا يُبلَغ من شاشةِ هدف"
DEP-02,Timesheet/view_timesheet.php,SEED_ARTIFACT,"بلا رابطٍ نشِطٍ ولا يُبلَغ من شاشةِ هدف"
DEP-02,main/global_search.php,SEED_ARTIFACT,"بلا رابطٍ نشِطٍ ولا يُبلَغ من شاشةِ هدف"
DEP-02,main/soon.php,SEED_ARTIFACT,"بلا رابطٍ نشِطٍ ولا يُبلَغ من شاشةِ هدف"
DEP-02,main/user_profile.php,SEED_ARTIFACT,"بلا رابطٍ نشِطٍ ولا يُبلَغ من شاشةِ هدف"
DEP-02,movement/client_tree.php,SEED_ARTIFACT,"بلا رابطٍ نشِطٍ ولا يُبلَغ من شاشةِ هدف"
DEP-02,Equipments/select_project.php,SEED_ARTIFACT,"بلا رابطٍ نشِطٍ ولا يُبلَغ من شاشةِ هدف"
DEP-02,Suppliers/quota_approval_minutes.php,SEED_ARTIFACT,"بلا رابطٍ نشِطٍ ولا يُبلَغ من شاشةِ هدف"
DEP-02,Tickets/my_tickets.php,SEED_ARTIFACT,"بلا رابطٍ نشِطٍ ولا يُبلَغ من شاشةِ هدف"
DEP-02,Suppliers/sup_handover.php,LIVE_LINK_OWNER,"رابطٌ نشِطٌ في سايدبارِ الدور 2"
DEP-02,Suppliers/unit_statement_supplier.php,LIVE_LINK_OWNER,"رابطٌ نشِطٌ في سايدبارِ الدور 2"
DEP-02,Risk/risk_dept_sup.php,LIVE_LINK_OWNER,"رابطٌ نشِطٌ في سايدبارِ الدور 2"
DEP-02,Governance/gov_dept_sup.php,LIVE_LINK_OWNER,"رابطٌ نشِطٌ في سايدبارِ الدور 2"
DEP-02,Operations/unit_correction.php,LIVE_LINK_OWNER,"رابطٌ نشِطٌ في سايدبارِ الدور 8"
DEP-02,Clients/client_contacts.php,SEED_ARTIFACT,"بلا رابطٍ نشِطٍ ولا يُبلَغ من شاشةِ هدف"
DEP-02,Fleet/asset_hours_reference.php,LIVE_LINK_OWNER,"رابطٌ نشِطٌ في سايدبارِ الدور 8"
DEP-02,Portal/vp_departments.php,LIVE_LINK_OWNER,"رابطٌ نشِطٌ في سايدبارِ الدور 8"
DEP-02,Portal/vp_dashboard.php,LIVE_LINK_OWNER,"رابطٌ نشِطٌ في سايدبارِ الدور 8"
DEP-02,Fleet/asset_full_history.php,LIVE_LINK_OWNER,"رابطٌ نشِطٌ في سايدبارِ الدور 8"
DEP-02,Portal/vp_approval_inbox.php,LIVE_LINK_OWNER,"رابطٌ نشِطٌ في سايدبارِ الدور 8"
DEP-02,Portal/vp_pending_actions.php,LIVE_LINK_OWNER,"رابطٌ نشِطٌ في سايدبارِ الدور 8"
DEP-02,Suppliers/supplier_ref_lists.php,LIVE_LINK_OWNER,"رابطٌ نشِطٌ في سايدبارِ الدور 8"
DEP-02,Suppliers/supplier_inference_rules.php,LIVE_LINK_OWNER,"رابطٌ نشِطٌ في سايدبارِ الدور 8"
DEP-02,Suppliers/supplier_data_dictionary.php,LIVE_LINK_OWNER,"رابطٌ نشِطٌ في سايدبارِ الدور 8"
DEP-02,Suppliers/supplier_migration_trace.php,LIVE_LINK_OWNER,"رابطٌ نشِطٌ في سايدبارِ الدور 8"
DEP-02,Suppliers/supplier_migration_map.php,LIVE_LINK_OWNER,"رابطٌ نشِطٌ في سايدبارِ الدور 8"
DEP-02,Suppliers/supplier_review_report.php,LIVE_LINK_OWNER,"رابطٌ نشِطٌ في سايدبارِ الدور 8"
DEP-02,Fleet/fleet_schema_matrix.php,LIVE_LINK_OWNER,"رابطٌ نشِطٌ في سايدبارِ الدور 8"
DEP-02,Employees/hr_board.php,SEED_ARTIFACT,"بلا رابطٍ نشِطٍ ولا يُبلَغ من شاشةِ هدف"
DEP-02,Employees/hr_disciplinary.php,SEED_ARTIFACT,"بلا رابطٍ نشِطٍ ولا يُبلَغ من شاشةِ هدف"
DEP-02,Employees/hr_employee_documents.php,SEED_ARTIFACT,"بلا رابطٍ نشِطٍ ولا يُبلَغ من شاشةِ هدف"
DEP-02,Employees/hr_job_movements.php,SEED_ARTIFACT,"بلا رابطٍ نشِطٍ ولا يُبلَغ من شاشةِ هدف"
DEP-02,Employees/hr_onboarding.php,SEED_ARTIFACT,"بلا رابطٍ نشِطٍ ولا يُبلَغ من شاشةِ هدف"
DEP-02,Employees/hr_performance.php,SEED_ARTIFACT,"بلا رابطٍ نشِطٍ ولا يُبلَغ من شاشةِ هدف"
DEP-02,Employees/hr_training.php,SEED_ARTIFACT,"بلا رابطٍ نشِطٍ ولا يُبلَغ من شاشةِ هدف"
DEP-02,Finance/acc_credit_control.php,LIVE_LINK_OWNER,"رابطٌ نشِطٌ في سايدبارِ الدور 8"
DEP-02,Finance/tre_allocations.php,LIVE_LINK_OWNER,"رابطٌ نشِطٌ في سايدبارِ الدور 8"
DEP-02,Finance/tre_beneficiary.php,LIVE_LINK_OWNER,"رابطٌ نشِطٌ في سايدبارِ الدور 8"
DEP-02,Finance/tre_cash_count.php,LIVE_LINK_OWNER,"رابطٌ نشِطٌ في سايدبارِ الدور 8"
DEP-02,Finance/tre_cash_moves.php,LIVE_LINK_OWNER,"رابطٌ نشِطٌ في سايدبارِ الدور 8"
DEP-02,Finance/tre_instruments.php,LIVE_LINK_OWNER,"رابطٌ نشِطٌ في سايدبارِ الدور 8"
DEP-02,Finance/tre_pay_batch.php,LIVE_LINK_OWNER,"رابطٌ نشِطٌ في سايدبارِ الدور 8"
DEP-02,Finance/tre_payment_queue.php,LIVE_LINK_OWNER,"رابطٌ نشِطٌ في سايدبارِ الدور 8"
DEP-02,Finance/tre_petty_cash.php,LIVE_LINK_OWNER,"رابطٌ نشِطٌ في سايدبارِ الدور 8"
DEP-02,Finance/tre_transfers.php,LIVE_LINK_OWNER,"رابطٌ نشِطٌ في سايدبارِ الدور 8"
DEP-02,Fleet/asset_assignments.php,LIVE_LINK_OWNER,"رابطٌ نشِطٌ في سايدبارِ الدور 8"
DEP-02,Fleet/asset_exit.php,LIVE_LINK_OWNER,"رابطٌ نشِطٌ في سايدبارِ الدور 8"
DEP-02,Fleet/asset_readiness.php,LIVE_LINK_OWNER,"رابطٌ نشِطٌ في سايدبارِ الدور 8"
DEP-02,Governance/regulatory_filings.php,LIVE_LINK_OWNER,"رابطٌ نشِطٌ في سايدبارِ الدور 8"
DEP-02,Maintenance/breakdown_intake.php,LIVE_LINK_OWNER,"رابطٌ نشِطٌ في سايدبارِ الدور 8"
DEP-02,Maintenance/external_repairs.php,LIVE_LINK_OWNER,"رابطٌ نشِطٌ في سايدبارِ الدور 8"
DEP-02,Maintenance/part_requests.php,LIVE_LINK_OWNER,"رابطٌ نشِطٌ في سايدبارِ الدور 8"
DEP-02,Maintenance/repeat_repairs.php,LIVE_LINK_OWNER,"رابطٌ نشِطٌ في سايدبارِ الدور 8"
DEP-02,Procurement/proc_award_minutes.php,LIVE_LINK_OWNER,"رابطٌ نشِطٌ في سايدبارِ الدور 8"
DEP-02,Procurement/proc_offers.php,LIVE_LINK_OWNER,"رابطٌ نشِطٌ في سايدبارِ الدور 8"
DEP-02,Workforce/hr_workforce_report.php,SEED_ARTIFACT,"بلا رابطٍ نشِطٍ ولا يُبلَغ من شاشةِ هدف"
DEP-02,contracts/sales_activities.php,SEED_ARTIFACT,"بلا رابطٍ نشِطٍ ولا يُبلَغ من شاشةِ هدف"
DEP-02,contracts/precontract_review.php,SEED_ARTIFACT,"بلا رابطٍ نشِطٍ ولا يُبلَغ من شاشةِ هدف"
DEP-02,contracts/contract_commercial_lines.php,SEED_ARTIFACT,"بلا رابطٍ نشِطٍ ولا يُبلَغ من شاشةِ هدف"
DEP-02,contracts/contract_obligation_matrix.php,SEED_ARTIFACT,"بلا رابطٍ نشِطٍ ولا يُبلَغ من شاشةِ هدف"
DEP-02,contracts/contract_baseline_targets.php,SEED_ARTIFACT,"بلا رابطٍ نشِطٍ ولا يُبلَغ من شاشةِ هدف"
DEP-02,contracts/contract_coverage_cycles.php,SEED_ARTIFACT,"بلا رابطٍ نشِطٍ ولا يُبلَغ من شاشةِ هدف"
DEP-02,contracts/monthly_containers_loss.php,SEED_ARTIFACT,"بلا رابطٍ نشِطٍ ولا يُبلَغ من شاشةِ هدف"
DEP-02,contracts/monthly_sales_performance.php,SEED_ARTIFACT,"بلا رابطٍ نشِطٍ ولا يُبلَغ من شاشةِ هدف"
DEP-02,contracts/contract_amendments_renewal.php,SEED_ARTIFACT,"بلا رابطٍ نشِطٍ ولا يُبلَغ من شاشةِ هدف"
DEP-02,maintenance/fault_tree.php,SEED_ARTIFACT,"بلا رابطٍ نشِطٍ ولا يُبلَغ من شاشةِ هدف"
DEP-02,maintenance/fleet_inspection_orders.php,SEED_ARTIFACT,"بلا رابطٍ نشِطٍ ولا يُبلَغ من شاشةِ هدف"
DEP-02,maintenance/downtime_segments.php,SEED_ARTIFACT,"بلا رابطٍ نشِطٍ ولا يُبلَغ من شاشةِ هدف"
DEP-02,maintenance/diagnosis_requests.php,SEED_ARTIFACT,"بلا رابطٍ نشِطٍ ولا يُبلَغ من شاشةِ هدف"
DEP-02,maintenance/work_orders.php,SEED_ARTIFACT,"بلا رابطٍ نشِطٍ ولا يُبلَغ من شاشةِ هدف"
DEP-02,maintenance/work_order_labor.php,SEED_ARTIFACT,"بلا رابطٍ نشِطٍ ولا يُبلَغ من شاشةِ هدف"
DEP-02,maintenance/return_to_service_cert.php,SEED_ARTIFACT,"بلا رابطٍ نشِطٍ ولا يُبلَغ من شاشةِ هدف"
DEP-02,Finance/budget_form_fin.php,SEED_ARTIFACT,"بلا رابطٍ نشِطٍ ولا يُبلَغ من شاشةِ هدف"
DEP-02,Suppliers/supplier_documents.php,LIVE_LINK_OWNER,"رابطٌ نشِطٌ في سايدبارِ الدور 2"
DEP-02,Transport/transfer_tariffs.php,SEED_ARTIFACT,"بلا رابطٍ نشِطٍ ولا يُبلَغ من شاشةِ هدف"
DEP-02,Approvals/hours_approval.php,SEED_ARTIFACT,"بلا رابطٍ نشِطٍ ولا يُبلَغ من شاشةِ هدف"
DEP-02,Risk/dept_risk_space.php,SEED_ARTIFACT,"بلا رابطٍ نشِطٍ ولا يُبلَغ من شاشةِ هدف"
DEP-02,main/glossary.php,SEED_ARTIFACT,"بلا رابطٍ نشِطٍ ولا يُبلَغ من شاشةِ هدف"
DEP-02,Equipments/equipments.php,SEED_ARTIFACT,"بلا رابطٍ نشِطٍ ولا يُبلَغ من شاشةِ هدف"
DEP-02,Fleet/asset_intake.php,SEED_ARTIFACT,"بلا رابطٍ نشِطٍ ولا يُبلَغ من شاشةِ هدف"
DEP-02,Fleet/asset_use_rights.php,SEED_ARTIFACT,"بلا رابطٍ نشِطٍ ولا يُبلَغ من شاشةِ هدف"
DEP-02,fleet/power_sources.php,SEED_ARTIFACT,"بلا رابطٍ نشِطٍ ولا يُبلَغ من شاشةِ هدف"
DEP-02,fleet/classification_directory.php,SEED_ARTIFACT,"بلا رابطٍ نشِطٍ ولا يُبلَغ من شاشةِ هدف"
DEP-02,fleet/inspection_card.php,SEED_ARTIFACT,"بلا رابطٍ نشِطٍ ولا يُبلَغ من شاشةِ هدف"
DEP-02,fleet/asset_card.php,SEED_ARTIFACT,"بلا رابطٍ نشِطٍ ولا يُبلَغ من شاشةِ هدف"
DEP-02,fleet/asset_documents.php,SEED_ARTIFACT,"بلا رابطٍ نشِطٍ ولا يُبلَغ من شاشةِ هدف"
DEP-02,fleet/asset_components.php,SEED_ARTIFACT,"بلا رابطٍ نشِطٍ ولا يُبلَغ من شاشةِ هدف"
DEP-02,fleet/daily_operating_log.php,SEED_ARTIFACT,"بلا رابطٍ نشِطٍ ولا يُبلَغ من شاشةِ هدف"
DEP-02,fleet/technical_state.php,SEED_ARTIFACT,"بلا رابطٍ نشِطٍ ولا يُبلَغ من شاشةِ هدف"
DEP-02,fleet/state_change_log.php,SEED_ARTIFACT,"بلا رابطٍ نشِطٍ ولا يُبلَغ من شاشةِ هدف"
DEP-02,fleet/breakdown_log.php,SEED_ARTIFACT,"بلا رابطٍ نشِطٍ ولا يُبلَغ من شاشةِ هدف"
DEP-02,fleet/exception_register.php,SEED_ARTIFACT,"بلا رابطٍ نشِطٍ ولا يُبلَغ من شاشةِ هدف"
DEP-02,fleet/external_auditor_notes.php,SEED_ARTIFACT,"بلا رابطٍ نشِطٍ ولا يُبلَغ من شاشةِ هدف"
DEP-02,fleet/source_conflicts.php,SEED_ARTIFACT,"بلا رابطٍ نشِطٍ ولا يُبلَغ من شاشةِ هدف"
DEP-02,fleet/open_points.php,SEED_ARTIFACT,"بلا رابطٍ نشِطٍ ولا يُبلَغ من شاشةِ هدف"
DEP-02,fleet/management_decisions.php,SEED_ARTIFACT,"بلا رابطٍ نشِطٍ ولا يُبلَغ من شاشةِ هدف"
DEP-02,fleet/fleet_board.php,SEED_ARTIFACT,"بلا رابطٍ نشِطٍ ولا يُبلَغ من شاشةِ هدف"
DEP-02,fleet/asset_life_reference.php,SEED_ARTIFACT,"بلا رابطٍ نشِطٍ ولا يُبلَغ من شاشةِ هدف"
DEP-02,fleet/use_right_ranges.php,SEED_ARTIFACT,"بلا رابطٍ نشِطٍ ولا يُبلَغ من شاشةِ هدف"
DEP-02,fleet/code_reconciliation.php,SEED_ARTIFACT,"بلا رابطٍ نشِطٍ ولا يُبلَغ من شاشةِ هدف"
DEP-02,fleet/numbering_bridge.php,SEED_ARTIFACT,"بلا رابطٍ نشِطٍ ولا يُبلَغ من شاشةِ هدف"
DEP-02,fleet/owner_reconciliation.php,SEED_ARTIFACT,"بلا رابطٍ نشِطٍ ولا يُبلَغ من شاشةِ هدف"
DEP-02,fleet/register_operation_recon.php,SEED_ARTIFACT,"بلا رابطٍ نشِطٍ ولا يُبلَغ من شاشةِ هدف"
DEP-02,fleet/financed_asset_recon.php,SEED_ARTIFACT,"بلا رابطٍ نشِطٍ ولا يُبلَغ من شاشةِ هدف"
DEP-03,ActivityLogs/activity_logs.php,LIVE_LINK_OWNER,"رابطٌ نشِطٌ في سايدبارِ الدور 26"
DEP-03,main/project_users.php,LIVE_LINK_OWNER,"رابطٌ نشِطٌ في سايدبارِ الدور 26"
DEP-03,Finance/dues_fin.php,LIVE_LINK_OWNER,"رابطٌ نشِطٌ في سايدبارِ الدور 26"
DEP-03,Finance/payments_fin.php,LIVE_LINK_OWNER,"رابطٌ نشِطٌ في سايدبارِ الدور 26"
DEP-03,Finance/assets_fin.php,LIVE_LINK_OWNER,"رابطٌ نشِطٌ في سايدبارِ الدور 26"
DEP-03,Tickets/tickets_list.php,SEED_ARTIFACT,"بلا رابطٍ نشِطٍ ولا يُبلَغ من شاشةِ هدف"
DEP-03,Tickets/ticket_form.php,SEED_ARTIFACT,"بلا رابطٍ نشِطٍ ولا يُبلَغ من شاشةِ هدف"
DEP-03,Finance/currencies_fin.php,LIVE_LINK_OWNER,"رابطٌ نشِطٌ في سايدبارِ الدور 26"
DEP-03,Portal/visibility_keys.php,LIVE_LINK_OWNER,"رابطٌ نشِطٌ في سايدبارِ الدور 26"
DEP-03,Finance/approvals_inbox.php,LIVE_LINK_OWNER,"رابطٌ نشِطٌ في سايدبارِ الدور 26"
DEP-03,Governance/signing_authority.php,LIVE_LINK_OWNER,"رابطٌ نشِطٌ في سايدبارِ الدور 26"
DEP-03,Governance/licenses_guarantees.php,LIVE_LINK_OWNER,"رابطٌ نشِطٌ في سايدبارِ الدور 26"
DEP-03,Reports/approval_lag_report.php,LIVE_LINK_OWNER,"رابطٌ نشِطٌ في سايدبارِ الدور 26"
DEP-03,Tickets/ticket_contextual_open.php,LIVE_LINK_OWNER,"رابطٌ نشِطٌ في سايدبارِ الدور 26"
DEP-03,main/my_workspace.php,LIVE_LINK_OWNER,"رابطٌ نشِطٌ في سايدبارِ الدور 26"
DEP-03,Portal/my_kpi.php,SEED_ARTIFACT,"بلا رابطٍ نشِطٍ ولا يُبلَغ من شاشةِ هدف"
DEP-03,Equipments/equipments.php,LIVE_LINK_OWNER,"رابطٌ نشِطٌ في سايدبارِ الدور 26"
DEP-03,Portal/dept_board.php,SEED_ARTIFACT,"بلا رابطٍ نشِطٍ ولا يُبلَغ من شاشةِ هدف"
DEP-03,emsreports/index.php,LIVE_LINK_OWNER,"رابطٌ نشِطٌ في سايدبارِ الدور 26"
DEP-03,Finance/budget_dept.php,LIVE_LINK_OWNER,"رابطٌ نشِطٌ في سايدبارِ الدور 26"
DEP-03,Financing/fin_models.php,LIVE_LINK_OWNER,"رابطٌ نشِطٌ في سايدبارِ الدور 26"
DEP-03,Financing/ownership_links.php,LIVE_LINK_OWNER,"رابطٌ نشِطٌ في سايدبارِ الدور 26"
DEP-03,main/profile.php,SEED_ARTIFACT,"بلا رابطٍ نشِطٍ ولا يُبلَغ من شاشةِ هدف"
DEP-03,Portal/dept_achievement.php,LIVE_LINK_OWNER,"رابطٌ نشِطٌ في سايدبارِ الدور 26"
DEP-03,Tickets/dept_inbox.php,SEED_ARTIFACT,"بلا رابطٍ نشِطٍ ولا يُبلَغ من شاشةِ هدف"
DEP-03,Risk/dept_risk_space.php,LIVE_LINK_OWNER,"رابطٌ نشِطٌ في سايدبارِ الدور 26"
DEP-03,Approvals/requests.php,SEED_ARTIFACT,"بلا رابطٍ نشِطٍ ولا يُبلَغ من شاشةِ هدف"
DEP-03,Equipments/equipment_profile.php,SEED_ARTIFACT,"بلا رابطٍ نشِطٍ ولا يُبلَغ من شاشةِ هدف"
DEP-03,main/global_search.php,SEED_ARTIFACT,"بلا رابطٍ نشِطٍ ولا يُبلَغ من شاشةِ هدف"
DEP-03,main/soon.php,SEED_ARTIFACT,"بلا رابطٍ نشِطٍ ولا يُبلَغ من شاشةِ هدف"
DEP-03,main/user_profile.php,SEED_ARTIFACT,"بلا رابطٍ نشِطٍ ولا يُبلَغ من شاشةِ هدف"
DEP-03,movement/add_drivers.php,SEED_ARTIFACT,"بلا رابطٍ نشِطٍ ولا يُبلَغ من شاشةِ هدف"
DEP-03,Equipments/select_project.php,SEED_ARTIFACT,"بلا رابطٍ نشِطٍ ولا يُبلَغ من شاشةِ هدف"
DEP-03,Risk/risk_dept_cap.php,SEED_ARTIFACT,"بلا رابطٍ نشِطٍ ولا يُبلَغ من شاشةِ هدف"
DEP-03,Financing/gov_dept_cap.php,SEED_ARTIFACT,"بلا رابطٍ نشِطٍ ولا يُبلَغ من شاشةِ هدف"
DEP-03,Tickets/my_tickets.php,SEED_ARTIFACT,"بلا رابطٍ نشِطٍ ولا يُبلَغ من شاشةِ هدف"
DEP-03,Portal/vp_departments.php,LIVE_LINK_OWNER,"رابطٌ نشِطٌ في سايدبارِ الدور 26"
DEP-03,Portal/vp_dashboard.php,LIVE_LINK_OWNER,"رابطٌ نشِطٌ في سايدبارِ الدور 26"
DEP-03,Portal/vp_approval_inbox.php,LIVE_LINK_OWNER,"رابطٌ نشِطٌ في سايدبارِ الدور 26"
DEP-03,Portal/vp_pending_actions.php,LIVE_LINK_OWNER,"رابطٌ نشِطٌ في سايدبارِ الدور 26"
DEP-03,Finance/acc_credit_control.php,LIVE_LINK_OWNER,"رابطٌ نشِطٌ في سايدبارِ الدور 26"
DEP-03,Finance/tre_allocations.php,LIVE_LINK_OWNER,"رابطٌ نشِطٌ في سايدبارِ الدور 26"
DEP-03,Finance/tre_beneficiary.php,LIVE_LINK_OWNER,"رابطٌ نشِطٌ في سايدبارِ الدور 26"
DEP-03,Finance/tre_cash_count.php,LIVE_LINK_OWNER,"رابطٌ نشِطٌ في سايدبارِ الدور 26"
DEP-03,Finance/tre_cash_moves.php,LIVE_LINK_OWNER,"رابطٌ نشِطٌ في سايدبارِ الدور 26"
DEP-03,Finance/tre_fx_deals.php,LIVE_LINK_OWNER,"رابطٌ نشِطٌ في سايدبارِ الدور 26"
DEP-03,Finance/tre_instruments.php,LIVE_LINK_OWNER,"رابطٌ نشِطٌ في سايدبارِ الدور 26"
DEP-03,Finance/tre_pay_batch.php,LIVE_LINK_OWNER,"رابطٌ نشِطٌ في سايدبارِ الدور 26"
DEP-03,Finance/tre_payment_queue.php,LIVE_LINK_OWNER,"رابطٌ نشِطٌ في سايدبارِ الدور 26"
DEP-03,Finance/tre_petty_cash.php,LIVE_LINK_OWNER,"رابطٌ نشِطٌ في سايدبارِ الدور 26"
DEP-03,Finance/tre_transfers.php,LIVE_LINK_OWNER,"رابطٌ نشِطٌ في سايدبارِ الدور 26"
DEP-03,Financing/fin_close_audit.php,LIVE_LINK_OWNER,"رابطٌ نشِطٌ في سايدبارِ الدور 26"
DEP-03,Financing/fin_migration_map.php,LIVE_LINK_OWNER,"رابطٌ نشِطٌ في سايدبارِ الدور 26"
DEP-03,Financing/fin_ref_dictionary.php,LIVE_LINK_OWNER,"رابطٌ نشِطٌ في سايدبارِ الدور 26"
DEP-03,Fleet/asset_intake.php,LIVE_LINK_OWNER,"رابطٌ نشِطٌ في سايدبارِ الدور 26"
DEP-03,Fleet/asset_use_rights.php,LIVE_LINK_OWNER,"رابطٌ نشِطٌ في سايدبارِ الدور 26"
DEP-03,Governance/compliance_calendar.php,LIVE_LINK_OWNER,"رابطٌ نشِطٌ في سايدبارِ الدور 26"
DEP-03,Governance/gov_board.php,LIVE_LINK_OWNER,"رابطٌ نشِطٌ في سايدبارِ الدور 26"
DEP-03,Governance/obligations.php,LIVE_LINK_OWNER,"رابطٌ نشِطٌ في سايدبارِ الدور 26"
DEP-03,Governance/policies.php,LIVE_LINK_OWNER,"رابطٌ نشِطٌ في سايدبارِ الدور 26"
DEP-03,Governance/regulatory_filings.php,LIVE_LINK_OWNER,"رابطٌ نشِطٌ في سايدبارِ الدور 26"
DEP-03,fleet/power_sources.php,SEED_ARTIFACT,"بلا رابطٍ نشِطٍ ولا يُبلَغ من شاشةِ هدف"
DEP-03,fleet/classification_directory.php,SEED_ARTIFACT,"بلا رابطٍ نشِطٍ ولا يُبلَغ من شاشةِ هدف"
DEP-03,fleet/inspection_card.php,SEED_ARTIFACT,"بلا رابطٍ نشِطٍ ولا يُبلَغ من شاشةِ هدف"
DEP-03,fleet/asset_card.php,SEED_ARTIFACT,"بلا رابطٍ نشِطٍ ولا يُبلَغ من شاشةِ هدف"
DEP-03,fleet/asset_documents.php,SEED_ARTIFACT,"بلا رابطٍ نشِطٍ ولا يُبلَغ من شاشةِ هدف"
DEP-03,fleet/asset_components.php,SEED_ARTIFACT,"بلا رابطٍ نشِطٍ ولا يُبلَغ من شاشةِ هدف"
DEP-03,fleet/daily_operating_log.php,SEED_ARTIFACT,"بلا رابطٍ نشِطٍ ولا يُبلَغ من شاشةِ هدف"
DEP-03,fleet/technical_state.php,SEED_ARTIFACT,"بلا رابطٍ نشِطٍ ولا يُبلَغ من شاشةِ هدف"
DEP-03,fleet/state_change_log.php,SEED_ARTIFACT,"بلا رابطٍ نشِطٍ ولا يُبلَغ من شاشةِ هدف"
DEP-03,fleet/breakdown_log.php,SEED_ARTIFACT,"بلا رابطٍ نشِطٍ ولا يُبلَغ من شاشةِ هدف"
DEP-03,fleet/exception_register.php,SEED_ARTIFACT,"بلا رابطٍ نشِطٍ ولا يُبلَغ من شاشةِ هدف"
DEP-03,fleet/external_auditor_notes.php,SEED_ARTIFACT,"بلا رابطٍ نشِطٍ ولا يُبلَغ من شاشةِ هدف"
DEP-03,fleet/source_conflicts.php,SEED_ARTIFACT,"بلا رابطٍ نشِطٍ ولا يُبلَغ من شاشةِ هدف"
DEP-03,fleet/open_points.php,SEED_ARTIFACT,"بلا رابطٍ نشِطٍ ولا يُبلَغ من شاشةِ هدف"
DEP-03,fleet/management_decisions.php,SEED_ARTIFACT,"بلا رابطٍ نشِطٍ ولا يُبلَغ من شاشةِ هدف"
DEP-03,fleet/fleet_board.php,SEED_ARTIFACT,"بلا رابطٍ نشِطٍ ولا يُبلَغ من شاشةِ هدف"
DEP-03,fleet/asset_life_reference.php,SEED_ARTIFACT,"بلا رابطٍ نشِطٍ ولا يُبلَغ من شاشةِ هدف"
DEP-03,fleet/use_right_ranges.php,SEED_ARTIFACT,"بلا رابطٍ نشِطٍ ولا يُبلَغ من شاشةِ هدف"
DEP-03,fleet/code_reconciliation.php,SEED_ARTIFACT,"بلا رابطٍ نشِطٍ ولا يُبلَغ من شاشةِ هدف"
DEP-03,fleet/numbering_bridge.php,SEED_ARTIFACT,"بلا رابطٍ نشِطٍ ولا يُبلَغ من شاشةِ هدف"
DEP-03,fleet/owner_reconciliation.php,SEED_ARTIFACT,"بلا رابطٍ نشِطٍ ولا يُبلَغ من شاشةِ هدف"
DEP-03,fleet/register_operation_recon.php,SEED_ARTIFACT,"بلا رابطٍ نشِطٍ ولا يُبلَغ من شاشةِ هدف"
DEP-03,fleet/financed_asset_recon.php,SEED_ARTIFACT,"بلا رابطٍ نشِطٍ ولا يُبلَغ من شاشةِ هدف"
DEP-04,Equipments/equipments_types.php,LIVE_LINK_OWNER,"رابطٌ نشِطٌ في سايدبارِ الدور 10"
DEP-04,Equipments/equipments_fleet.php,LIVE_LINK_OWNER,"رابطٌ نشِطٌ في سايدبارِ الدور 10"
DEP-04,main/project_users.php,LIVE_LINK_OWNER,"رابطٌ نشِطٌ في سايدبارِ الدور 11"
DEP-04,Equipments/manage_failure_codes.php,LIVE_LINK_OWNER,"رابطٌ نشِطٌ في سايدبارِ الدور 10"
DEP-04,Equipments/fleet_models.php,LIVE_LINK_OWNER,"رابطٌ نشِطٌ في سايدبارِ الدور 10"
DEP-04,Equipments/fleet_depreciation_profiles.php,LIVE_LINK_OWNER,"رابطٌ نشِطٌ في سايدبارِ الدور 10"
DEP-04,Maintenance/orders.php,LIVE_LINK_OWNER,"رابطٌ نشِطٌ في سايدبارِ الدور 10"
DEP-04,Maintenance/inspections.php,LIVE_LINK_OWNER,"رابطٌ نشِطٌ في سايدبارِ الدور 10"
DEP-04,Maintenance/preventive_plans.php,LIVE_LINK_OWNER,"رابطٌ نشِطٌ في سايدبارِ الدور 10"
DEP-04,Finance/cost_report_fin.php,LIVE_LINK_OWNER,"رابطٌ نشِطٌ في سايدبارِ الدور 10"
DEP-04,Finance/assets_fin.php,LIVE_LINK_OWNER,"رابطٌ نشِطٌ في سايدبارِ الدور 10"
DEP-04,Finance/unit_records_fin.php,LIVE_LINK_OWNER,"رابطٌ نشِطٌ في سايدبارِ الدور 10"
DEP-04,Transport/transfer_orders_list.php,LIVE_LINK_OWNER,"رابطٌ نشِطٌ في سايدبارِ الدور 10"
DEP-04,FinRequests/dept_inbox.php,LIVE_LINK_OWNER,"رابطٌ نشِطٌ في سايدبارِ الدور 3"
DEP-04,Tickets/tickets_list.php,SEED_ARTIFACT,"بلا رابطٍ نشِطٍ ولا يُبلَغ من شاشةِ هدف"
DEP-04,Tickets/ticket_form.php,SEED_ARTIFACT,"بلا رابطٍ نشِطٍ ولا يُبلَغ من شاشةِ هدف"
DEP-04,main/role_board.php,LIVE_LINK_OWNER,"رابطٌ نشِطٌ في سايدبارِ الدور 10"
DEP-04,Equipments/equipment_documents.php,SEED_ARTIFACT,"بلا رابطٍ نشِطٍ ولا يُبلَغ من شاشةِ هدف"
DEP-04,Operations/containers.php,LIVE_LINK_OWNER,"رابطٌ نشِطٌ في سايدبارِ الدور 10"
DEP-04,Equipments/meter_readings.php,LIVE_LINK_OWNER,"رابطٌ نشِطٌ في سايدبارِ الدور 10"
DEP-04,Portal/workspace.php,SEED_ARTIFACT,"بلا رابطٍ نشِطٍ ولا يُبلَغ من شاشةِ هدف"
DEP-04,Finance/approvals_inbox.php,LIVE_LINK_OWNER,"رابطٌ نشِطٌ في سايدبارِ الدور 10"
DEP-04,Operations/distribution_space.php,LIVE_LINK_OWNER,"رابطٌ نشِطٌ في سايدبارِ الدور 10"
DEP-04,Tickets/ticket_contextual_open.php,LIVE_LINK_OWNER,"رابطٌ نشِطٌ في سايدبارِ الدور 10"
DEP-04,main/my_workspace.php,LIVE_LINK_OWNER,"رابطٌ نشِطٌ في سايدبارِ الدور 10"
DEP-04,Portal/my_kpi.php,SEED_ARTIFACT,"بلا رابطٍ نشِطٍ ولا يُبلَغ من شاشةِ هدف"
DEP-04,Portal/dept_board.php,SEED_ARTIFACT,"بلا رابطٍ نشِطٍ ولا يُبلَغ من شاشةِ هدف"
DEP-04,emsreports/index.php,LIVE_LINK_OWNER,"رابطٌ نشِطٌ في سايدبارِ الدور 10"
DEP-04,Equipments/asset_recon.php,LIVE_LINK_OWNER,"رابطٌ نشِطٌ في سايدبارِ الدور 10"
DEP-04,Equipments/code_bridge.php,LIVE_LINK_OWNER,"رابطٌ نشِطٌ في سايدبارِ الدور 10"
DEP-04,Equipments/equipment_sourcing.php,SEED_ARTIFACT,"بلا رابطٍ نشِطٍ ولا يُبلَغ من شاشةِ هدف"
DEP-04,Equipments/fin_assets.php,LIVE_LINK_OWNER,"رابطٌ نشِطٌ في سايدبارِ الدور 10"
DEP-04,Finance/budget_dept.php,LIVE_LINK_OWNER,"رابطٌ نشِطٌ في سايدبارِ الدور 10"
DEP-04,Financing/owners_registry.php,LIVE_LINK_OWNER,"رابطٌ نشِطٌ في سايدبارِ الدور 10"
DEP-04,main/profile.php,SEED_ARTIFACT,"بلا رابطٍ نشِطٍ ولا يُبلَغ من شاشةِ هدف"
DEP-04,Portal/dept_achievement.php,LIVE_LINK_OWNER,"رابطٌ نشِطٌ في سايدبارِ الدور 10"
DEP-04,Tickets/dept_inbox.php,SEED_ARTIFACT,"بلا رابطٍ نشِطٍ ولا يُبلَغ من شاشةِ هدف"
DEP-04,Timesheet/timesheet.php,LIVE_LINK_OWNER,"رابطٌ نشِطٌ في سايدبارِ الدور 10"
DEP-04,Approvals/requests.php,LIVE_LINK_OWNER,"رابطٌ نشِطٌ في سايدبارِ الدور 3"
DEP-04,Equipments/equipment_profile.php,LIVE_LINK_OWNER,"رابطٌ نشِطٌ في سايدبارِ الدور 3"
DEP-04,Financing/asset_disposal.php,SEED_ARTIFACT,"بلا رابطٍ نشِطٍ ولا يُبلَغ من شاشةِ هدف"
DEP-04,Timesheet/aprovment.php,SEED_ARTIFACT,"بلا رابطٍ نشِطٍ ولا يُبلَغ من شاشةِ هدف"
DEP-04,Timesheet/timesheet_details.php,SEED_ARTIFACT,"بلا رابطٍ نشِطٍ ولا يُبلَغ من شاشةِ هدف"
DEP-04,Timesheet/view_timesheet.php,SEED_ARTIFACT,"بلا رابطٍ نشِطٍ ولا يُبلَغ من شاشةِ هدف"
DEP-04,main/global_search.php,SEED_ARTIFACT,"بلا رابطٍ نشِطٍ ولا يُبلَغ من شاشةِ هدف"
DEP-04,main/soon.php,SEED_ARTIFACT,"بلا رابطٍ نشِطٍ ولا يُبلَغ من شاشةِ هدف"
DEP-04,main/user_profile.php,SEED_ARTIFACT,"بلا رابطٍ نشِطٍ ولا يُبلَغ من شاشةِ هدف"
DEP-04,movement/add_drivers.php,SEED_ARTIFACT,"بلا رابطٍ نشِطٍ ولا يُبلَغ من شاشةِ هدف"
DEP-04,Equipments/select_project.php,SEED_ARTIFACT,"بلا رابطٍ نشِطٍ ولا يُبلَغ من شاشةِ هدف"
DEP-04,Risk/risk_dept_flt.php,SEED_ARTIFACT,"بلا رابطٍ نشِطٍ ولا يُبلَغ من شاشةِ هدف"
DEP-04,Equipments/gov_dept_flt.php,SEED_ARTIFACT,"بلا رابطٍ نشِطٍ ولا يُبلَغ من شاشةِ هدف"
DEP-04,Fleet/readiness_cert.php,SEED_ARTIFACT,"بلا رابطٍ نشِطٍ ولا يُبلَغ من شاشةِ هدف"
DEP-04,Tickets/my_tickets.php,SEED_ARTIFACT,"بلا رابطٍ نشِطٍ ولا يُبلَغ من شاشةِ هدف"
DEP-04,Portal/vp_departments.php,LIVE_LINK_OWNER,"رابطٌ نشِطٌ في سايدبارِ الدور 10"
DEP-04,Portal/vp_dashboard.php,LIVE_LINK_OWNER,"رابطٌ نشِطٌ في سايدبارِ الدور 10"
DEP-04,Portal/vp_approval_inbox.php,LIVE_LINK_OWNER,"رابطٌ نشِطٌ في سايدبارِ الدور 10"
DEP-04,Portal/vp_pending_actions.php,LIVE_LINK_OWNER,"رابطٌ نشِطٌ في سايدبارِ الدور 10"
DEP-04,Fleet/fleet_schema_matrix.php,LIVE_LINK_OWNER,"رابطٌ نشِطٌ في سايدبارِ الدور 10"
DEP-04,Maintenance/breakdown_intake.php,LIVE_LINK_OWNER,"رابطٌ نشِطٌ في سايدبارِ الدور 10"
DEP-04,Maintenance/daily_care.php,LIVE_LINK_OWNER,"رابطٌ نشِطٌ في سايدبارِ الدور 10"
DEP-04,Maintenance/external_repairs.php,LIVE_LINK_OWNER,"رابطٌ نشِطٌ في سايدبارِ الدور 10"
DEP-04,Maintenance/part_requests.php,LIVE_LINK_OWNER,"رابطٌ نشِطٌ في سايدبارِ الدور 10"
DEP-04,Maintenance/repeat_repairs.php,LIVE_LINK_OWNER,"رابطٌ نشِطٌ في سايدبارِ الدور 10"
DEP-04,Transport/transfer_origin_handover.php,LIVE_LINK_OWNER,"رابطٌ نشِطٌ في سايدبارِ الدور 10"
DEP-04,maintenance/fault_tree.php,SEED_ARTIFACT,"بلا رابطٍ نشِطٍ ولا يُبلَغ من شاشةِ هدف"
DEP-04,maintenance/fleet_inspection_orders.php,SEED_ARTIFACT,"بلا رابطٍ نشِطٍ ولا يُبلَغ من شاشةِ هدف"
DEP-04,maintenance/downtime_segments.php,SEED_ARTIFACT,"بلا رابطٍ نشِطٍ ولا يُبلَغ من شاشةِ هدف"
DEP-04,maintenance/diagnosis_requests.php,SEED_ARTIFACT,"بلا رابطٍ نشِطٍ ولا يُبلَغ من شاشةِ هدف"
DEP-04,maintenance/work_orders.php,SEED_ARTIFACT,"بلا رابطٍ نشِطٍ ولا يُبلَغ من شاشةِ هدف"
DEP-04,maintenance/work_order_labor.php,SEED_ARTIFACT,"بلا رابطٍ نشِطٍ ولا يُبلَغ من شاشةِ هدف"
DEP-04,maintenance/return_to_service_cert.php,SEED_ARTIFACT,"بلا رابطٍ نشِطٍ ولا يُبلَغ من شاشةِ هدف"
DEP-04,Clients/clients.php,SEED_ARTIFACT,"بلا رابطٍ نشِطٍ ولا يُبلَغ من شاشةِ هدف"
DEP-04,Projects/projects.php,SEED_ARTIFACT,"بلا رابطٍ نشِطٍ ولا يُبلَغ من شاشةِ هدف"
DEP-04,Reports/reports.php,LIVE_LINK_OWNER,"رابطٌ نشِطٌ في سايدبارِ الدور 11"
DEP-04,Employees/employees.php,SEED_ARTIFACT,"بلا رابطٍ نشِطٍ ولا يُبلَغ من شاشةِ هدف"
DEP-04,Oprators/oprators.php,SEED_ARTIFACT,"بلا رابطٍ نشِطٍ ولا يُبلَغ من شاشةِ هدف"
DEP-04,Timesheet/timesheet_type.php,SEED_ARTIFACT,"بلا رابطٍ نشِطٍ ولا يُبلَغ من شاشةِ هدف"
DEP-04,ActivityLogs/activity_logs.php,SEED_ARTIFACT,"بلا رابطٍ نشِطٍ ولا يُبلَغ من شاشةِ هدف"
DEP-04,Contracts/contracts.php,SEED_ARTIFACT,"بلا رابطٍ نشِطٍ ولا يُبلَغ من شاشةِ هدف"
DEP-04,Contracts/contracts_details.php,SEED_ARTIFACT,"بلا رابطٍ نشِطٍ ولا يُبلَغ من شاشةِ هدف"
DEP-04,Suppliers/suppliers.php,LIVE_LINK_OWNER,"رابطٌ نشِطٌ في سايدبارِ الدور 11"
DEP-04,Oprators/select_project.php,LIVE_LINK_OWNER,"رابطٌ نشِطٌ في سايدبارِ الدور 11"
DEP-04,Employees/employee_contracts.php,SEED_ARTIFACT,"بلا رابطٍ نشِطٍ ولا يُبلَغ من شاشةِ هدف"
DEP-04,Employees/employee_contracts_details.php,SEED_ARTIFACT,"بلا رابطٍ نشِطٍ ولا يُبلَغ من شاشةِ هدف"
DEP-04,Employees/employee_profile.php,SEED_ARTIFACT,"بلا رابطٍ نشِطٍ ولا يُبلَغ من شاشةِ هدف"
DEP-04,Employees/showcontractemployee.php,SEED_ARTIFACT,"بلا رابطٍ نشِطٍ ولا يُبلَغ من شاشةِ هدف"
DEP-04,Finance/budget_form_fin.php,LIVE_LINK_OWNER,"رابطٌ نشِطٌ في سايدبارِ الدور 3"
DEP-04,Projects/sites.php,LIVE_LINK_OWNER,"رابطٌ نشِطٌ في سايدبارِ الدور 3"
DEP-04,Operations/daily_plan.php,LIVE_LINK_OWNER,"رابطٌ نشِطٌ في سايدبارِ الدور 3"
DEP-04,Maintenance/failure_report.php,SEED_ARTIFACT,"بلا رابطٍ نشِطٍ ولا يُبلَغ من شاشةِ هدف"
DEP-04,Contracts/contract_coverage.php,SEED_ARTIFACT,"بلا رابطٍ نشِطٍ ولا يُبلَغ من شاشةِ هدف"
DEP-04,Approvals/hours_approval.php,LIVE_LINK_OWNER,"رابطٌ نشِطٌ في سايدبارِ الدور 3"
DEP-04,Risk/dept_risk_space.php,LIVE_LINK_OWNER,"رابطٌ نشِطٌ في سايدبارِ الدور 3"
DEP-04,Finance/fin_unit_economics.php,SEED_ARTIFACT,"بلا رابطٍ نشِطٍ ولا يُبلَغ من شاشةِ هدف"
DEP-04,Clients/client_profile.php,SEED_ARTIFACT,"بلا رابطٍ نشِطٍ ولا يُبلَغ من شاشةِ هدف"
DEP-04,Employees/employee_equipment_history.php,SEED_ARTIFACT,"بلا رابطٍ نشِطٍ ولا يُبلَغ من شاشةِ هدف"
DEP-04,Equipments/fleet_failures.php,LIVE_LINK_OWNER,"رابطٌ نشِطٌ في سايدبارِ الدور 3"
DEP-04,Projects/project_profile.php,SEED_ARTIFACT,"بلا رابطٍ نشِطٍ ولا يُبلَغ من شاشةِ هدف"
DEP-04,Reports/contract_report.php,SEED_ARTIFACT,"بلا رابطٍ نشِطٍ ولا يُبلَغ من شاشةِ هدف"
DEP-04,Reports/contractall.php,SEED_ARTIFACT,"بلا رابطٍ نشِطٍ ولا يُبلَغ من شاشةِ هدف"
DEP-04,Reports/deliy.php,SEED_ARTIFACT,"بلا رابطٍ نشِطٍ ولا يُبلَغ من شاشةِ هدف"
DEP-04,Reports/deriver.php,SEED_ARTIFACT,"بلا رابطٍ نشِطٍ ولا يُبلَغ من شاشةِ هدف"
DEP-04,Reports/driverAndsupplerscontract.php,SEED_ARTIFACT,"بلا رابطٍ نشِطٍ ولا يُبلَغ من شاشةِ هدف"
DEP-04,Reports/equipments_reports.php,SEED_ARTIFACT,"بلا رابطٍ نشِطٍ ولا يُبلَغ من شاشةِ هدف"
DEP-04,Reports/new_reports.php,SEED_ARTIFACT,"بلا رابطٍ نشِطٍ ولا يُبلَغ من شاشةِ هدف"
DEP-04,Reports/projects_reports.php,SEED_ARTIFACT,"بلا رابطٍ نشِطٍ ولا يُبلَغ من شاشةِ هدف"
DEP-04,Reports/timesheet_reports.php,SEED_ARTIFACT,"بلا رابطٍ نشِطٍ ولا يُبلَغ من شاشةِ هدف"
DEP-04,Reports/timesheetdeliy.php,SEED_ARTIFACT,"بلا رابطٍ نشِطٍ ولا يُبلَغ من شاشةِ هدف"
DEP-04,Suppliers/supplier_profile.php,SEED_ARTIFACT,"بلا رابطٍ نشِطٍ ولا يُبلَغ من شاشةِ هدف"
DEP-04,Suppliers/suppliers_details.php,SEED_ARTIFACT,"بلا رابطٍ نشِطٍ ولا يُبلَغ من شاشةِ هدف"
DEP-04,movement/client_tree.php,SEED_ARTIFACT,"بلا رابطٍ نشِطٍ ولا يُبلَغ من شاشةِ هدف"
DEP-04,Governance/gov_dept.php,LIVE_LINK_OWNER,"رابطٌ نشِطٌ في سايدبارِ الدور 3"
DEP-04,Suppliers/supplier_board.php,SEED_ARTIFACT,"بلا رابطٍ نشِطٍ ولا يُبلَغ من شاشةِ هدف"
DEP-04,Clients/client_contacts.php,SEED_ARTIFACT,"بلا رابطٍ نشِطٍ ولا يُبلَغ من شاشةِ هدف"
DEP-04,Suppliers/supplier_contacts.php,SEED_ARTIFACT,"بلا رابطٍ نشِطٍ ولا يُبلَغ من شاشةِ هدف"
DEP-04,Suppliers/supplier_qualification.php,LIVE_LINK_OWNER,"رابطٌ نشِطٌ في سايدبارِ الدور 11"
DEP-04,Suppliers/supplier_ref_lists.php,LIVE_LINK_OWNER,"رابطٌ نشِطٌ في سايدبارِ الدور 11"
DEP-04,Suppliers/supplier_inference_rules.php,LIVE_LINK_OWNER,"رابطٌ نشِطٌ في سايدبارِ الدور 11"
DEP-04,Suppliers/supplier_data_dictionary.php,LIVE_LINK_OWNER,"رابطٌ نشِطٌ في سايدبارِ الدور 11"
DEP-04,Suppliers/supplier_migration_trace.php,LIVE_LINK_OWNER,"رابطٌ نشِطٌ في سايدبارِ الدور 11"
DEP-04,Suppliers/supplier_migration_map.php,LIVE_LINK_OWNER,"رابطٌ نشِطٌ في سايدبارِ الدور 11"
DEP-04,Suppliers/supplier_review_report.php,LIVE_LINK_OWNER,"رابطٌ نشِطٌ في سايدبارِ الدور 11"
DEP-04,Employees/hr_board.php,SEED_ARTIFACT,"بلا رابطٍ نشِطٍ ولا يُبلَغ من شاشةِ هدف"
DEP-04,Employees/hr_disciplinary.php,SEED_ARTIFACT,"بلا رابطٍ نشِطٍ ولا يُبلَغ من شاشةِ هدف"
DEP-04,Employees/hr_employee_documents.php,SEED_ARTIFACT,"بلا رابطٍ نشِطٍ ولا يُبلَغ من شاشةِ هدف"
DEP-04,Employees/hr_job_movements.php,SEED_ARTIFACT,"بلا رابطٍ نشِطٍ ولا يُبلَغ من شاشةِ هدف"
DEP-04,Employees/hr_onboarding.php,SEED_ARTIFACT,"بلا رابطٍ نشِطٍ ولا يُبلَغ من شاشةِ هدف"
DEP-04,Employees/hr_performance.php,SEED_ARTIFACT,"بلا رابطٍ نشِطٍ ولا يُبلَغ من شاشةِ هدف"
DEP-04,Employees/hr_training.php,SEED_ARTIFACT,"بلا رابطٍ نشِطٍ ولا يُبلَغ من شاشةِ هدف"
DEP-04,Workforce/hr_workforce_report.php,SEED_ARTIFACT,"بلا رابطٍ نشِطٍ ولا يُبلَغ من شاشةِ هدف"
DEP-04,contracts/sales_activities.php,SEED_ARTIFACT,"بلا رابطٍ نشِطٍ ولا يُبلَغ من شاشةِ هدف"
DEP-04,contracts/precontract_review.php,SEED_ARTIFACT,"بلا رابطٍ نشِطٍ ولا يُبلَغ من شاشةِ هدف"
DEP-04,contracts/contract_commercial_lines.php,SEED_ARTIFACT,"بلا رابطٍ نشِطٍ ولا يُبلَغ من شاشةِ هدف"
DEP-04,contracts/contract_obligation_matrix.php,SEED_ARTIFACT,"بلا رابطٍ نشِطٍ ولا يُبلَغ من شاشةِ هدف"
DEP-04,contracts/contract_baseline_targets.php,SEED_ARTIFACT,"بلا رابطٍ نشِطٍ ولا يُبلَغ من شاشةِ هدف"
DEP-04,contracts/contract_coverage_cycles.php,SEED_ARTIFACT,"بلا رابطٍ نشِطٍ ولا يُبلَغ من شاشةِ هدف"
DEP-04,contracts/monthly_containers_loss.php,SEED_ARTIFACT,"بلا رابطٍ نشِطٍ ولا يُبلَغ من شاشةِ هدف"
DEP-04,contracts/monthly_sales_performance.php,SEED_ARTIFACT,"بلا رابطٍ نشِطٍ ولا يُبلَغ من شاشةِ هدف"
DEP-04,contracts/contract_amendments_renewal.php,SEED_ARTIFACT,"بلا رابطٍ نشِطٍ ولا يُبلَغ من شاشةِ هدف"
DEP-04,Financing/financiers_registry.php,LIVE_LINK_OWNER,"رابطٌ نشِطٌ في سايدبارِ الدور 3"
DEP-04,Governance/exceptions.php,LIVE_LINK_OWNER,"رابطٌ نشِطٌ في سايدبارِ الدور 3"
DEP-04,Finance/asset_hours_link.php,LIVE_LINK_OWNER,"رابطٌ نشِطٌ في سايدبارِ الدور 3"
DEP-05,Contracts/contracts.php,LIVE_LINK_OWNER,"رابطٌ نشِطٌ في سايدبارِ الدور 18"
DEP-05,Maintenance/orders.php,LIVE_LINK_OWNER,"رابطٌ نشِطٌ في سايدبارِ الدور 18"
DEP-05,Procurement/stock_proc.php,LIVE_LINK_OWNER,"رابطٌ نشِطٌ في سايدبارِ الدور 18"
DEP-05,Procurement/issue_proc.php,LIVE_LINK_OWNER,"رابطٌ نشِطٌ في سايدبارِ الدور 18"
DEP-05,Finance/events_list_fin.php,LIVE_LINK_OWNER,"رابطٌ نشِطٌ في سايدبارِ الدور 18"
DEP-05,Finance/cost_report_fin.php,LIVE_LINK_OWNER,"رابطٌ نشِطٌ في سايدبارِ الدور 18"
DEP-05,Finance/accountants_fin.php,LIVE_LINK_OWNER,"رابطٌ نشِطٌ في سايدبارِ الدور 18"
DEP-05,Finance/import_events_fin.php,LIVE_LINK_OWNER,"رابطٌ نشِطٌ في سايدبارِ الدور 18"
DEP-05,Finance/executive_dashboard_fin.php,LIVE_LINK_OWNER,"رابطٌ نشِطٌ في سايدبارِ الدور 18"
DEP-05,Finance/assets_fin.php,LIVE_LINK_OWNER,"رابطٌ نشِطٌ في سايدبارِ الدور 18"
DEP-05,FinRequests/accountant_desk.php,LIVE_LINK_OWNER,"رابطٌ نشِطٌ في سايدبارِ الدور 18"
DEP-05,FinRequests/routing_admin.php,LIVE_LINK_OWNER,"رابطٌ نشِطٌ في سايدبارِ الدور 18"
DEP-05,FinRequests/cycle_time_board.php,LIVE_LINK_OWNER,"رابطٌ نشِطٌ في سايدبارِ الدور 18"
DEP-05,FinRequests/requests_reports.php,LIVE_LINK_OWNER,"رابطٌ نشِطٌ في سايدبارِ الدور 18"
DEP-05,Finance/variance_monitor_fin.php,LIVE_LINK_OWNER,"رابطٌ نشِطٌ في سايدبارِ الدور 18"
DEP-05,Finance/maintenance_provision_fin.php,LIVE_LINK_OWNER,"رابطٌ نشِطٌ في سايدبارِ الدور 18"
DEP-05,Finance/operator_pay_fin.php,SEED_ARTIFACT,"بلا رابطٍ نشِطٍ ولا يُبلَغ من شاشةِ هدف"
DEP-05,Tickets/tickets_list.php,LIVE_LINK_OWNER,"رابطٌ نشِطٌ في سايدبارِ الدور 32"
DEP-05,Tickets/ticket_form.php,LIVE_LINK_OWNER,"رابطٌ نشِطٌ في سايدبارِ الدور 32"
DEP-05,Finance/operator_pay_policies_fin.php,LIVE_LINK_OWNER,"رابطٌ نشِطٌ في سايدبارِ الدور 18"
DEP-05,Contracts/claims.php,LIVE_LINK_OWNER,"رابطٌ نشِطٌ في سايدبارِ الدور 18"
DEP-05,Suppliers/settlements.php,LIVE_LINK_OWNER,"رابطٌ نشِطٌ في سايدبارِ الدور 18"
DEP-05,Contracts/contract_obligations.php,LIVE_LINK_OWNER,"رابطٌ نشِطٌ في سايدبارِ الدور 18"
DEP-05,Contracts/penalties.php,LIVE_LINK_OWNER,"رابطٌ نشِطٌ في سايدبارِ الدور 18"
DEP-05,Workforce/employee_settlements.php,LIVE_LINK_OWNER,"رابطٌ نشِطٌ في سايدبارِ الدور 18"
DEP-05,Workforce/payroll_runs.php,LIVE_LINK_OWNER,"رابطٌ نشِطٌ في سايدبارِ الدور 18"
DEP-05,Finance/periodic_events_fin.php,LIVE_LINK_OWNER,"رابطٌ نشِطٌ في سايدبارِ الدور 18"
DEP-05,Contracts/contract_payment_schedule.php,LIVE_LINK_OWNER,"رابطٌ نشِطٌ في سايدبارِ الدور 18"
DEP-05,Portal/workspace.php,SEED_ARTIFACT,"بلا رابطٍ نشِطٍ ولا يُبلَغ من شاشةِ هدف"
DEP-05,Finance/approvals_inbox.php,LIVE_LINK_OWNER,"رابطٌ نشِطٌ في سايدبارِ الدور 18"
DEP-05,Contracts/contract_card.php,LIVE_LINK_OWNER,"رابطٌ نشِطٌ في سايدبارِ الدور 18"
DEP-05,Reports/margin_report.php,LIVE_LINK_OWNER,"رابطٌ نشِطٌ في سايدبارِ الدور 18"
DEP-05,Tickets/ticket_contextual_open.php,LIVE_LINK_OWNER,"رابطٌ نشِطٌ في سايدبارِ الدور 18"
DEP-05,main/my_workspace.php,LIVE_LINK_OWNER,"رابطٌ نشِطٌ في سايدبارِ الدور 18"
DEP-05,Portal/my_kpi.php,SEED_ARTIFACT,"بلا رابطٍ نشِطٍ ولا يُبلَغ من شاشةِ هدف"
DEP-05,Portal/dept_board.php,SEED_ARTIFACT,"بلا رابطٍ نشِطٍ ولا يُبلَغ من شاشةِ هدف"
DEP-05,emsreports/index.php,LIVE_LINK_OWNER,"رابطٌ نشِطٌ في سايدبارِ الدور 18"
DEP-05,Finance/budget_dept.php,LIVE_LINK_OWNER,"رابطٌ نشِطٌ في سايدبارِ الدور 18"
DEP-05,Finance/entitlement_gate.php,LIVE_LINK_OWNER,"رابطٌ نشِطٌ في سايدبارِ الدور 18"
DEP-05,Financing/cost_allocation.php,LIVE_LINK_OWNER,"رابطٌ نشِطٌ في سايدبارِ الدور 18"
DEP-05,main/profile.php,SEED_ARTIFACT,"بلا رابطٍ نشِطٍ ولا يُبلَغ من شاشةِ هدف"
DEP-05,Operations/monthly_close.php,LIVE_LINK_OWNER,"رابطٌ نشِطٌ في سايدبارِ الدور 18"
DEP-05,Portal/dept_achievement.php,LIVE_LINK_OWNER,"رابطٌ نشِطٌ في سايدبارِ الدور 18"
DEP-05,Tickets/dept_inbox.php,SEED_ARTIFACT,"بلا رابطٍ نشِطٍ ولا يُبلَغ من شاشةِ هدف"
DEP-05,Timesheet/timesheet.php,LIVE_LINK_OWNER,"رابطٌ نشِطٌ في سايدبارِ الدور 18"
DEP-05,Transport/transfer_close_cost.php,LIVE_LINK_OWNER,"رابطٌ نشِطٌ في سايدبارِ الدور 18"
DEP-05,Finance/entitlement.php,LIVE_LINK_OWNER,"رابطٌ نشِطٌ في سايدبارِ الدور 18"
DEP-05,Risk/risk_dept_fin.php,SEED_ARTIFACT,"بلا رابطٍ نشِطٍ ولا يُبلَغ من شاشةِ هدف"
DEP-05,Finance/fin_ratios.php,SEED_ARTIFACT,"بلا رابطٍ نشِطٍ ولا يُبلَغ من شاشةِ هدف"
DEP-05,Finance/fin_ratio_detail.php,SEED_ARTIFACT,"بلا رابطٍ نشِطٍ ولا يُبلَغ من شاشةِ هدف"
DEP-05,Finance/fin_ratio_targets.php,SEED_ARTIFACT,"بلا رابطٍ نشِطٍ ولا يُبلَغ من شاشةِ هدف"
DEP-05,Finance/fin_early_warning.php,SEED_ARTIFACT,"بلا رابطٍ نشِطٍ ولا يُبلَغ من شاشةِ هدف"
DEP-05,Finance/fin_unit_economics.php,SEED_ARTIFACT,"بلا رابطٍ نشِطٍ ولا يُبلَغ من شاشةِ هدف"
DEP-05,Finance/fin_contract_margin.php,SEED_ARTIFACT,"بلا رابطٍ نشِطٍ ولا يُبلَغ من شاشةِ هدف"
DEP-05,Finance/fin_project_pl.php,SEED_ARTIFACT,"بلا رابطٍ نشِطٍ ولا يُبلَغ من شاشةِ هدف"
DEP-05,Finance/fin_cashflow_stmt.php,SEED_ARTIFACT,"بلا رابطٍ نشِطٍ ولا يُبلَغ من شاشةِ هدف"
DEP-05,Finance/fin_equity_stmt.php,SEED_ARTIFACT,"بلا رابطٍ نشِطٍ ولا يُبلَغ من شاشةِ هدف"
DEP-05,Finance/fin_posting_matrix.php,SEED_ARTIFACT,"بلا رابطٍ نشِطٍ ولا يُبلَغ من شاشةِ هدف"
DEP-05,Finance/acc_my_day.php,CONTROL_OWNER,"شاشةٌ حاكمةٌ مسجَّلةٌ في gov_governing_screens"
DEP-05,Finance/acc_backflow.php,CONTROL_OWNER,"شاشةٌ حاكمةٌ مسجَّلةٌ في gov_governing_screens"
DEP-05,Finance/acc_approval_chain.php,CONTROL_OWNER,"شاشةٌ حاكمةٌ مسجَّلةٌ في gov_governing_screens"
DEP-05,Approvals/requests.php,LIVE_LINK_OWNER,"رابطٌ نشِطٌ في سايدبارِ الدور 19"
DEP-05,Timesheet/aprovment.php,SEED_ARTIFACT,"بلا رابطٍ نشِطٍ ولا يُبلَغ من شاشةِ هدف"
DEP-05,Timesheet/timesheet_details.php,SEED_ARTIFACT,"بلا رابطٍ نشِطٍ ولا يُبلَغ من شاشةِ هدف"
DEP-05,Timesheet/view_timesheet.php,SEED_ARTIFACT,"بلا رابطٍ نشِطٍ ولا يُبلَغ من شاشةِ هدف"
DEP-05,main/global_search.php,LIVE_LINK_OWNER,"رابطٌ نشِطٌ في سايدبارِ الدور 31"
DEP-05,main/soon.php,LIVE_LINK_OWNER,"رابطٌ نشِطٌ في سايدبارِ الدور 34"
DEP-05,main/user_profile.php,LIVE_LINK_OWNER,"رابطٌ نشِطٌ في سايدبارِ الدور 34"
DEP-05,Tickets/my_tickets.php,LIVE_LINK_OWNER,"رابطٌ نشِطٌ في سايدبارِ الدور 32"
DEP-05,FinRequests/dept_inbox.php,LIVE_LINK_OWNER,"رابطٌ نشِطٌ في سايدبارِ الدور 17"
DEP-05,Contracts/contract_guarantees.php,LIVE_LINK_OWNER,"رابطٌ نشِطٌ في سايدبارِ الدور 19"
DEP-05,Finance/tre_cycle_stages.php,CONTROL_OWNER,"شاشةٌ حاكمةٌ مسجَّلةٌ في gov_governing_screens"
DEP-05,Finance/tre_unit_roles.php,CONTROL_OWNER,"شاشةٌ حاكمةٌ مسجَّلةٌ في gov_governing_screens"
DEP-05,Reports/reports.php,LIVE_LINK_OWNER,"رابطٌ نشِطٌ في سايدبارِ الدور 32"
DEP-05,Finance/unit_fin_final.php,LIVE_LINK_OWNER,"رابطٌ نشِطٌ في سايدبارِ الدور 18"
DEP-05,Finance/ar_accrual_gen.php,LIVE_LINK_OWNER,"رابطٌ نشِطٌ في سايدبارِ الدور 18"
DEP-05,Finance/ar_completion_cert.php,LIVE_LINK_OWNER,"رابطٌ نشِطٌ في سايدبارِ الدور 18"
DEP-05,Finance/tre_beneficiary.php,LIVE_LINK_OWNER,"رابطٌ نشِطٌ في سايدبارِ الدور 18"
DEP-05,Finance/tre_pay_batch.php,LIVE_LINK_OWNER,"رابطٌ نشِطٌ في سايدبارِ الدور 18"
DEP-05,Suppliers/supplier_violations.php,SEED_ARTIFACT,"بلا رابطٍ نشِطٍ ولا يُبلَغ من شاشةِ هدف"
DEP-05,Suppliers/supplier_entitlements.php,SEED_ARTIFACT,"بلا رابطٍ نشِطٍ ولا يُبلَغ من شاشةِ هدف"
DEP-05,Portal/vp_departments.php,LIVE_LINK_OWNER,"رابطٌ نشِطٌ في سايدبارِ الدور 18"
DEP-05,Portal/vp_dashboard.php,LIVE_LINK_OWNER,"رابطٌ نشِطٌ في سايدبارِ الدور 18"
DEP-05,Suppliers/supplier_performance_entries.php,LIVE_LINK_OWNER,"رابطٌ نشِطٌ في سايدبارِ الدور 18"
DEP-05,Suppliers/supplier_payment_requests.php,LIVE_LINK_OWNER,"رابطٌ نشِطٌ في سايدبارِ الدور 18"
DEP-05,Portal/vp_approval_inbox.php,LIVE_LINK_OWNER,"رابطٌ نشِطٌ في سايدبارِ الدور 18"
DEP-05,Portal/vp_pending_actions.php,LIVE_LINK_OWNER,"رابطٌ نشِطٌ في سايدبارِ الدور 18"
DEP-05,Employees/hr_benefits.php,LIVE_LINK_OWNER,"رابطٌ نشِطٌ في سايدبارِ الدور 18"
DEP-05,Finance/tre_allocations.php,LIVE_LINK_OWNER,"رابطٌ نشِطٌ في سايدبارِ الدور 18"
DEP-05,Finance/tre_cash_count.php,LIVE_LINK_OWNER,"رابطٌ نشِطٌ في سايدبارِ الدور 18"
DEP-05,Finance/tre_cash_moves.php,LIVE_LINK_OWNER,"رابطٌ نشِطٌ في سايدبارِ الدور 18"
DEP-05,Finance/tre_fx_deals.php,LIVE_LINK_OWNER,"رابطٌ نشِطٌ في سايدبارِ الدور 18"
DEP-05,Finance/tre_guarantees.php,LIVE_LINK_OWNER,"رابطٌ نشِطٌ في سايدبارِ الدور 18"
DEP-05,Finance/tre_instruments.php,LIVE_LINK_OWNER,"رابطٌ نشِطٌ في سايدبارِ الدور 18"
DEP-05,Finance/tre_liquidity_board.php,LIVE_LINK_OWNER,"رابطٌ نشِطٌ في سايدبارِ الدور 18"
DEP-05,Finance/tre_payment_queue.php,LIVE_LINK_OWNER,"رابطٌ نشِطٌ في سايدبارِ الدور 18"
DEP-05,Finance/tre_petty_cash.php,LIVE_LINK_OWNER,"رابطٌ نشِطٌ في سايدبارِ الدور 18"
DEP-05,Finance/tre_transfers.php,LIVE_LINK_OWNER,"رابطٌ نشِطٌ في سايدبارِ الدور 18"
DEP-05,Finance/tre_vessels.php,LIVE_LINK_OWNER,"رابطٌ نشِطٌ في سايدبارِ الدور 18"
DEP-05,Maintenance/breakdown_intake.php,LIVE_LINK_OWNER,"رابطٌ نشِطٌ في سايدبارِ الدور 18"
DEP-05,Maintenance/external_repairs.php,LIVE_LINK_OWNER,"رابطٌ نشِطٌ في سايدبارِ الدور 18"
DEP-05,Maintenance/part_requests.php,LIVE_LINK_OWNER,"رابطٌ نشِطٌ في سايدبارِ الدور 18"
DEP-05,Maintenance/repeat_repairs.php,LIVE_LINK_OWNER,"رابطٌ نشِطٌ في سايدبارِ الدور 18"
DEP-05,Procurement/wh_issue_requests.php,LIVE_LINK_OWNER,"رابطٌ نشِطٌ في سايدبارِ الدور 18"
DEP-05,Transport/transfer_closure.php,LIVE_LINK_OWNER,"رابطٌ نشِطٌ في سايدبارِ الدور 18"
DEP-05,Workforce/payroll_lines.php,LIVE_LINK_OWNER,"رابطٌ نشِطٌ في سايدبارِ الدور 18"
DEP-05,Finance/tre_facilities.php,SEED_ARTIFACT,"بلا رابطٍ نشِطٍ ولا يُبلَغ من شاشةِ هدف"
DEP-05,contracts/sales_activities.php,SEED_ARTIFACT,"بلا رابطٍ نشِطٍ ولا يُبلَغ من شاشةِ هدف"
DEP-05,contracts/precontract_review.php,SEED_ARTIFACT,"بلا رابطٍ نشِطٍ ولا يُبلَغ من شاشةِ هدف"
DEP-05,contracts/contract_commercial_lines.php,SEED_ARTIFACT,"بلا رابطٍ نشِطٍ ولا يُبلَغ من شاشةِ هدف"
DEP-05,contracts/contract_obligation_matrix.php,SEED_ARTIFACT,"بلا رابطٍ نشِطٍ ولا يُبلَغ من شاشةِ هدف"
DEP-05,contracts/contract_baseline_targets.php,SEED_ARTIFACT,"بلا رابطٍ نشِطٍ ولا يُبلَغ من شاشةِ هدف"
DEP-05,contracts/contract_coverage_cycles.php,SEED_ARTIFACT,"بلا رابطٍ نشِطٍ ولا يُبلَغ من شاشةِ هدف"
DEP-05,contracts/monthly_containers_loss.php,SEED_ARTIFACT,"بلا رابطٍ نشِطٍ ولا يُبلَغ من شاشةِ هدف"
DEP-05,contracts/monthly_sales_performance.php,SEED_ARTIFACT,"بلا رابطٍ نشِطٍ ولا يُبلَغ من شاشةِ هدف"
DEP-05,contracts/contract_amendments_renewal.php,SEED_ARTIFACT,"بلا رابطٍ نشِطٍ ولا يُبلَغ من شاشةِ هدف"
DEP-05,maintenance/fault_tree.php,SEED_ARTIFACT,"بلا رابطٍ نشِطٍ ولا يُبلَغ من شاشةِ هدف"
DEP-05,maintenance/fleet_inspection_orders.php,SEED_ARTIFACT,"بلا رابطٍ نشِطٍ ولا يُبلَغ من شاشةِ هدف"
DEP-05,maintenance/downtime_segments.php,SEED_ARTIFACT,"بلا رابطٍ نشِطٍ ولا يُبلَغ من شاشةِ هدف"
DEP-05,maintenance/diagnosis_requests.php,SEED_ARTIFACT,"بلا رابطٍ نشِطٍ ولا يُبلَغ من شاشةِ هدف"
DEP-05,maintenance/work_orders.php,SEED_ARTIFACT,"بلا رابطٍ نشِطٍ ولا يُبلَغ من شاشةِ هدف"
DEP-05,maintenance/work_order_labor.php,SEED_ARTIFACT,"بلا رابطٍ نشِطٍ ولا يُبلَغ من شاشةِ هدف"
DEP-05,maintenance/return_to_service_cert.php,SEED_ARTIFACT,"بلا رابطٍ نشِطٍ ولا يُبلَغ من شاشةِ هدف"
DEP-05,Finance/ob_register.php,CONTROL_OWNER,"شاشةٌ حاكمةٌ مسجَّلةٌ في gov_governing_screens"
DEP-05,Finance/ob_schedule.php,CONTROL_OWNER,"شاشةٌ حاكمةٌ مسجَّلةٌ في gov_governing_screens"
DEP-05,Finance/ob_due_soon.php,CONTROL_OWNER,"شاشةٌ حاكمةٌ مسجَّلةٌ في gov_governing_screens"
DEP-05,Finance/ob_overdue.php,CONTROL_OWNER,"شاشةٌ حاكمةٌ مسجَّلةٌ في gov_governing_screens"
DEP-05,Finance/ob_horizon.php,CONTROL_OWNER,"شاشةٌ حاكمةٌ مسجَّلةٌ في gov_governing_screens"
DEP-05,Finance/ob_commitments.php,CONTROL_OWNER,"شاشةٌ حاكمةٌ مسجَّلةٌ في gov_governing_screens"
DEP-05,Finance/ob_contingent.php,CONTROL_OWNER,"شاشةٌ حاكمةٌ مسجَّلةٌ في gov_governing_screens"
DEP-05,Finance/acc_specializations.php,CONTROL_OWNER,"شاشةٌ حاكمةٌ مسجَّلةٌ في gov_governing_screens"
DEP-05,Finance/acc_routing_matrix.php,CONTROL_OWNER,"شاشةٌ حاكمةٌ مسجَّلةٌ في gov_governing_screens"
DEP-05,Finance/ctrl_quality_kpis.php,CONTROL_OWNER,"شاشةٌ حاكمةٌ مسجَّلةٌ في gov_governing_screens"
DEP-05,Finance/ctrl_supervision.php,CONTROL_OWNER,"شاشةٌ حاكمةٌ مسجَّلةٌ في gov_governing_screens"
DEP-05,Finance/ctrl_role_migration.php,CONTROL_OWNER,"شاشةٌ حاكمةٌ مسجَّلةٌ في gov_governing_screens"
DEP-05,Finance/ctrl_doc_variance.php,CONTROL_OWNER,"شاشةٌ حاكمةٌ مسجَّلةٌ في gov_governing_screens"
DEP-05,Finance/tre_authority_caps.php,CONTROL_OWNER,"شاشةٌ حاكمةٌ مسجَّلةٌ في gov_governing_screens"
DEP-05,Finance/tre_sod_matrix.php,CONTROL_OWNER,"شاشةٌ حاكمةٌ مسجَّلةٌ في gov_governing_screens"
DEP-05,Finance/ctrl_authority_limits.php,CONTROL_OWNER,"شاشةٌ حاكمةٌ مسجَّلةٌ في gov_governing_screens"
DEP-05,Finance/ctrl_doc_registry.php,CONTROL_OWNER,"شاشةٌ حاكمةٌ مسجَّلةٌ في gov_governing_screens"
DEP-05,Finance/ctrl_dept_propagation.php,CONTROL_OWNER,"شاشةٌ حاكمةٌ مسجَّلةٌ في gov_governing_screens"
DEP-05,Approvals/attribution_board.php,LIVE_LINK_OWNER,"رابطٌ نشِطٌ في سايدبارِ الدور 19"
DEP-05,Contracts/contract_sites.php,LIVE_LINK_OWNER,"رابطٌ نشِطٌ في سايدبارِ الدور 19"
DEP-05,Contracts/contract_lines.php,LIVE_LINK_OWNER,"رابطٌ نشِطٌ في سايدبارِ الدور 19"
DEP-05,Contracts/contract_monthly_plan.php,LIVE_LINK_OWNER,"رابطٌ نشِطٌ في سايدبارِ الدور 19"
DEP-05,Contracts/plan_actual_link.php,LIVE_LINK_OWNER,"رابطٌ نشِطٌ في سايدبارِ الدور 19"
DEP-05,Contracts/contract_baseline.php,LIVE_LINK_OWNER,"رابطٌ نشِطٌ في سايدبارِ الدور 19"
DEP-05,Contracts/contract_lifecycle.php,LIVE_LINK_OWNER,"رابطٌ نشِطٌ في سايدبارِ الدور 19"
DEP-05,Contracts/commercial_board.php,LIVE_LINK_OWNER,"رابطٌ نشِطٌ في سايدبارِ الدور 19"
DEP-05,Reports/exceptions_report.php,SEED_ARTIFACT,"بلا رابطٍ نشِطٍ ولا يُبلَغ من شاشةِ هدف"
DEP-05,Reports/guard_denials_report.php,SEED_ARTIFACT,"بلا رابطٍ نشِطٍ ولا يُبلَغ من شاشةِ هدف"
DEP-05,Settings/guard_classification.php,LIVE_LINK_OWNER,"رابطٌ نشِطٌ في سايدبارِ الدور 19"
DEP-05,Governance/entities_registry.php,LIVE_LINK_OWNER,"رابطٌ نشِطٌ في سايدبارِ الدور 19"
DEP-05,Governance/signing_authority.php,LIVE_LINK_OWNER,"رابطٌ نشِطٌ في سايدبارِ الدور 19"
DEP-05,Governance/licenses_guarantees.php,LIVE_LINK_OWNER,"رابطٌ نشِطٌ في سايدبارِ الدور 19"
DEP-05,Governance/activation_patterns.php,LIVE_LINK_OWNER,"رابطٌ نشِطٌ في سايدبارِ الدور 19"
DEP-05,Financing/financiers_registry.php,LIVE_LINK_OWNER,"رابطٌ نشِطٌ في سايدبارِ الدور 19"
DEP-05,Financing/financing_operation_new.php,LIVE_LINK_OWNER,"رابطٌ نشِطٌ في سايدبارِ الدور 19"
DEP-05,Reports/approval_lag_report.php,LIVE_LINK_OWNER,"رابطٌ نشِطٌ في سايدبارِ الدور 19"
DEP-05,Governance/ownership_grants.php,LIVE_LINK_OWNER,"رابطٌ نشِطٌ في سايدبارِ الدور 19"
DEP-05,Governance/gov_reports.php,SEED_ARTIFACT,"بلا رابطٍ نشِطٍ ولا يُبلَغ من شاشةِ هدف"
DEP-05,Risk/dept_risk_space.php,LIVE_LINK_OWNER,"رابطٌ نشِطٌ في سايدبارِ الدور 19"
DEP-05,Finance/daily_pricing_fin.php,LIVE_LINK_OWNER,"رابطٌ نشِطٌ في سايدبارِ الدور 19"
DEP-05,Finance/asset_hours_link.php,LIVE_LINK_OWNER,"رابطٌ نشِطٌ في سايدبارِ الدور 19"
DEP-05,main/project_users.php,LIVE_LINK_OWNER,"رابطٌ نشِطٌ في سايدبارِ الدور 17"
DEP-05,Operations/containers.php,SEED_ARTIFACT,"بلا رابطٍ نشِطٍ ولا يُبلَغ من شاشةِ هدف"
DEP-05,Suppliers/supplier_contract_lines.php,LIVE_LINK_OWNER,"رابطٌ نشِطٌ في سايدبارِ الدور 17"
DEP-05,Workforce/employee_advances.php,LIVE_LINK_OWNER,"رابطٌ نشِطٌ في سايدبارِ الدور 17"
DEP-05,Suppliers/supplier_advances.php,LIVE_LINK_OWNER,"رابطٌ نشِطٌ في سايدبارِ الدور 17"
DEP-05,Suppliers/supplier_rules.php,LIVE_LINK_OWNER,"رابطٌ نشِطٌ في سايدبارِ الدور 17"
DEP-05,Suppliers/supplier_capacity.php,LIVE_LINK_OWNER,"رابطٌ نشِطٌ في سايدبارِ الدور 17"
DEP-05,Suppliers/supplier_evaluation.php,LIVE_LINK_OWNER,"رابطٌ نشِطٌ في سايدبارِ الدور 17"
DEP-05,Suppliers/supplier_closure.php,LIVE_LINK_OWNER,"رابطٌ نشِطٌ في سايدبارِ الدور 17"
DEP-05,Suppliers/supplier_documents.php,LIVE_LINK_OWNER,"رابطٌ نشِطٌ في سايدبارِ الدور 17"
DEP-05,Workforce/final_settlement.php,LIVE_LINK_OWNER,"رابطٌ نشِطٌ في سايدبارِ الدور 17"
DEP-05,Transport/transfer_tariffs.php,LIVE_LINK_OWNER,"رابطٌ نشِطٌ في سايدبارِ الدور 17"
DEP-05,Suppliers/rfq_requests.php,LIVE_LINK_OWNER,"رابطٌ نشِطٌ في سايدبارِ الدور 17"
DEP-05,Reports/daily_units_report.php,LIVE_LINK_OWNER,"رابطٌ نشِطٌ في سايدبارِ الدور 17"
DEP-05,Finance/gov_dept_fin.php,SEED_ARTIFACT,"بلا رابطٍ نشِطٍ ولا يُبلَغ من شاشةِ هدف"
DEP-05,Contracts/unit_statement_client.php,SEED_ARTIFACT,"بلا رابطٍ نشِطٍ ولا يُبلَغ من شاشةِ هدف"
DEP-05,Suppliers/unit_statement_supplier.php,SEED_ARTIFACT,"بلا رابطٍ نشِطٍ ولا يُبلَغ من شاشةِ هدف"
DEP-05,Suppliers/supplier_contract_events.php,LIVE_LINK_OWNER,"رابطٌ نشِطٌ في سايدبارِ الدور 17"
DEP-05,Suppliers/supplier_capacity_integration.php,LIVE_LINK_OWNER,"رابطٌ نشِطٌ في سايدبارِ الدور 17"
DEP-05,Financing/fin_contract_terms.php,LIVE_LINK_OWNER,"رابطٌ نشِطٌ في سايدبارِ الدور 19"
DEP-05,Financing/fin_contracts.php,LIVE_LINK_OWNER,"رابطٌ نشِطٌ في سايدبارِ الدور 19"
DEP-05,Financing/fin_covenants.php,LIVE_LINK_OWNER,"رابطٌ نشِطٌ في سايدبارِ الدور 19"
DEP-05,Financing/fin_due_diligence.php,LIVE_LINK_OWNER,"رابطٌ نشِطٌ في سايدبارِ الدور 19"
DEP-05,Financing/fin_financier_contacts.php,LIVE_LINK_OWNER,"رابطٌ نشِطٌ في سايدبارِ الدور 19"
DEP-05,Governance/compliance_calendar.php,LIVE_LINK_OWNER,"رابطٌ نشِطٌ في سايدبارِ الدور 19"
DEP-05,Governance/gov_board.php,LIVE_LINK_OWNER,"رابطٌ نشِطٌ في سايدبارِ الدور 19"
DEP-05,Governance/obligations.php,LIVE_LINK_OWNER,"رابطٌ نشِطٌ في سايدبارِ الدور 19"
DEP-05,Governance/policies.php,LIVE_LINK_OWNER,"رابطٌ نشِطٌ في سايدبارِ الدور 19"
DEP-05,Governance/regulatory_filings.php,LIVE_LINK_OWNER,"رابطٌ نشِطٌ في سايدبارِ الدور 19"
DEP-06,Contracts/contracts.php,LIVE_LINK_OWNER,"رابطٌ نشِطٌ في سايدبارِ الدور 21"
DEP-06,Maintenance/orders.php,LIVE_LINK_OWNER,"رابطٌ نشِطٌ في سايدبارِ الدور 21"
DEP-06,Procurement/stock_proc.php,LIVE_LINK_OWNER,"رابطٌ نشِطٌ في سايدبارِ الدور 21"
DEP-06,Procurement/issue_proc.php,LIVE_LINK_OWNER,"رابطٌ نشِطٌ في سايدبارِ الدور 21"
DEP-06,Finance/events_list_fin.php,LIVE_LINK_OWNER,"رابطٌ نشِطٌ في سايدبارِ الدور 21"
DEP-06,Finance/journal_form_fin.php,LIVE_LINK_OWNER,"رابطٌ نشِطٌ في سايدبارِ الدور 21"
DEP-06,Finance/budget_form_fin.php,LIVE_LINK_OWNER,"رابطٌ نشِطٌ في سايدبارِ الدور 21"
DEP-06,Finance/dues_fin.php,LIVE_LINK_OWNER,"رابطٌ نشِطٌ في سايدبارِ الدور 21"
DEP-06,Finance/cost_report_fin.php,LIVE_LINK_OWNER,"رابطٌ نشِطٌ في سايدبارِ الدور 21"
DEP-06,Finance/periods_fin.php,LIVE_LINK_OWNER,"رابطٌ نشِطٌ في سايدبارِ الدور 21"
DEP-06,Finance/management_accounting_fin.php,LIVE_LINK_OWNER,"رابطٌ نشِطٌ في سايدبارِ الدور 21"
DEP-06,Finance/accountants_fin.php,LIVE_LINK_OWNER,"رابطٌ نشِطٌ في سايدبارِ الدور 21"
DEP-06,Finance/import_events_fin.php,LIVE_LINK_OWNER,"رابطٌ نشِطٌ في سايدبارِ الدور 21"
DEP-06,Finance/executive_dashboard_fin.php,LIVE_LINK_OWNER,"رابطٌ نشِطٌ في سايدبارِ الدور 21"
DEP-06,Finance/financial_statements_fin.php,LIVE_LINK_OWNER,"رابطٌ نشِطٌ في سايدبارِ الدور 21"
DEP-06,Finance/assets_fin.php,LIVE_LINK_OWNER,"رابطٌ نشِطٌ في سايدبارِ الدور 21"
DEP-06,Finance/tax_fin.php,LIVE_LINK_OWNER,"رابطٌ نشِطٌ في سايدبارِ الدور 21"
DEP-06,Finance/cfo_daily_board_fin.php,LIVE_LINK_OWNER,"رابطٌ نشِطٌ في سايدبارِ الدور 21"
DEP-06,Finance/unit_records_fin.php,LIVE_LINK_OWNER,"رابطٌ نشِطٌ في سايدبارِ الدور 21"
DEP-06,Finance/supplier_statement_fin.php,LIVE_LINK_OWNER,"رابطٌ نشِطٌ في سايدبارِ الدور 21"
DEP-06,FinRequests/accountant_desk.php,LIVE_LINK_OWNER,"رابطٌ نشِطٌ في سايدبارِ الدور 21"
DEP-06,FinRequests/finance_gateway.php,LIVE_LINK_OWNER,"رابطٌ نشِطٌ في سايدبارِ الدور 21"
DEP-06,FinRequests/effect_map.php,LIVE_LINK_OWNER,"رابطٌ نشِطٌ في سايدبارِ الدور 21"
DEP-06,FinRequests/routing_admin.php,LIVE_LINK_OWNER,"رابطٌ نشِطٌ في سايدبارِ الدور 21"
DEP-06,FinRequests/cycle_time_board.php,LIVE_LINK_OWNER,"رابطٌ نشِطٌ في سايدبارِ الدور 21"
DEP-06,FinRequests/requests_reports.php,LIVE_LINK_OWNER,"رابطٌ نشِطٌ في سايدبارِ الدور 21"
DEP-06,Finance/variance_monitor_fin.php,LIVE_LINK_OWNER,"رابطٌ نشِطٌ في سايدبارِ الدور 21"
DEP-06,Finance/maintenance_provision_fin.php,LIVE_LINK_OWNER,"رابطٌ نشِطٌ في سايدبارِ الدور 21"
DEP-06,Finance/operator_pay_fin.php,SEED_ARTIFACT,"بلا رابطٍ نشِطٍ ولا يُبلَغ من شاشةِ هدف"
DEP-06,Tickets/tickets_list.php,SEED_ARTIFACT,"بلا رابطٍ نشِطٍ ولا يُبلَغ من شاشةِ هدف"
DEP-06,Tickets/ticket_form.php,SEED_ARTIFACT,"بلا رابطٍ نشِطٍ ولا يُبلَغ من شاشةِ هدف"
DEP-06,Finance/operator_pay_policies_fin.php,LIVE_LINK_OWNER,"رابطٌ نشِطٌ في سايدبارِ الدور 21"
DEP-06,Contracts/claims.php,LIVE_LINK_OWNER,"رابطٌ نشِطٌ في سايدبارِ الدور 21"
DEP-06,Suppliers/settlements.php,LIVE_LINK_OWNER,"رابطٌ نشِطٌ في سايدبارِ الدور 21"
DEP-06,Contracts/contract_obligations.php,SEED_ARTIFACT,"بلا رابطٍ نشِطٍ ولا يُبلَغ من شاشةِ هدف"
DEP-06,Contracts/penalties.php,SEED_ARTIFACT,"بلا رابطٍ نشِطٍ ولا يُبلَغ من شاشةِ هدف"
DEP-06,Workforce/employee_settlements.php,SEED_ARTIFACT,"بلا رابطٍ نشِطٍ ولا يُبلَغ من شاشةِ هدف"
DEP-06,Workforce/payroll_runs.php,LIVE_LINK_OWNER,"رابطٌ نشِطٌ في سايدبارِ الدور 21"
DEP-06,Contracts/tax_invoices.php,LIVE_LINK_OWNER,"رابطٌ نشِطٌ في سايدبارِ الدور 21"
DEP-06,Finance/periodic_events_fin.php,SEED_ARTIFACT,"بلا رابطٍ نشِطٍ ولا يُبلَغ من شاشةِ هدف"
DEP-06,Contracts/contract_payment_schedule.php,LIVE_LINK_OWNER,"رابطٌ نشِطٌ في سايدبارِ الدور 21"
DEP-06,Portal/workspace.php,SEED_ARTIFACT,"بلا رابطٍ نشِطٍ ولا يُبلَغ من شاشةِ هدف"
DEP-06,Finance/approvals_inbox.php,LIVE_LINK_OWNER,"رابطٌ نشِطٌ في سايدبارِ الدور 21"
DEP-06,Contracts/contract_card.php,LIVE_LINK_OWNER,"رابطٌ نشِطٌ في سايدبارِ الدور 21"
DEP-06,Reports/margin_report.php,LIVE_LINK_OWNER,"رابطٌ نشِطٌ في سايدبارِ الدور 21"
DEP-06,Tickets/ticket_contextual_open.php,LIVE_LINK_OWNER,"رابطٌ نشِطٌ في سايدبارِ الدور 21"
DEP-06,main/my_workspace.php,LIVE_LINK_OWNER,"رابطٌ نشِطٌ في سايدبارِ الدور 21"
DEP-06,Portal/my_kpi.php,SEED_ARTIFACT,"بلا رابطٍ نشِطٍ ولا يُبلَغ من شاشةِ هدف"
DEP-06,Portal/dept_board.php,SEED_ARTIFACT,"بلا رابطٍ نشِطٍ ولا يُبلَغ من شاشةِ هدف"
DEP-06,emsreports/index.php,LIVE_LINK_OWNER,"رابطٌ نشِطٌ في سايدبارِ الدور 21"
DEP-06,Finance/budget_dept.php,LIVE_LINK_OWNER,"رابطٌ نشِطٌ في سايدبارِ الدور 21"
DEP-06,Finance/budget_master.php,LIVE_LINK_OWNER,"رابطٌ نشِطٌ في سايدبارِ الدور 21"
DEP-06,Finance/entitlement_gate.php,LIVE_LINK_OWNER,"رابطٌ نشِطٌ في سايدبارِ الدور 21"
DEP-06,Financing/cost_allocation.php,LIVE_LINK_OWNER,"رابطٌ نشِطٌ في سايدبارِ الدور 21"
DEP-06,main/profile.php,SEED_ARTIFACT,"بلا رابطٍ نشِطٍ ولا يُبلَغ من شاشةِ هدف"
DEP-06,Operations/monthly_close.php,LIVE_LINK_OWNER,"رابطٌ نشِطٌ في سايدبارِ الدور 21"
DEP-06,Portal/dept_achievement.php,LIVE_LINK_OWNER,"رابطٌ نشِطٌ في سايدبارِ الدور 21"
DEP-06,Tickets/dept_inbox.php,SEED_ARTIFACT,"بلا رابطٍ نشِطٍ ولا يُبلَغ من شاشةِ هدف"
DEP-06,Timesheet/timesheet.php,LIVE_LINK_OWNER,"رابطٌ نشِطٌ في سايدبارِ الدور 21"
DEP-06,Transport/transfer_close_cost.php,LIVE_LINK_OWNER,"رابطٌ نشِطٌ في سايدبارِ الدور 21"
DEP-06,Finance/entitlement.php,LIVE_LINK_OWNER,"رابطٌ نشِطٌ في سايدبارِ الدور 21"
DEP-06,Risk/risk_dept_fin.php,SEED_ARTIFACT,"بلا رابطٍ نشِطٍ ولا يُبلَغ من شاشةِ هدف"
DEP-06,Finance/fin_ratios.php,SEED_ARTIFACT,"بلا رابطٍ نشِطٍ ولا يُبلَغ من شاشةِ هدف"
DEP-06,Finance/fin_ratio_detail.php,SEED_ARTIFACT,"بلا رابطٍ نشِطٍ ولا يُبلَغ من شاشةِ هدف"
DEP-06,Finance/fin_ratio_targets.php,SEED_ARTIFACT,"بلا رابطٍ نشِطٍ ولا يُبلَغ من شاشةِ هدف"
DEP-06,Finance/fin_early_warning.php,SEED_ARTIFACT,"بلا رابطٍ نشِطٍ ولا يُبلَغ من شاشةِ هدف"
DEP-06,Finance/fin_unit_economics.php,SEED_ARTIFACT,"بلا رابطٍ نشِطٍ ولا يُبلَغ من شاشةِ هدف"
DEP-06,Finance/fin_contract_margin.php,SEED_ARTIFACT,"بلا رابطٍ نشِطٍ ولا يُبلَغ من شاشةِ هدف"
DEP-06,Finance/fin_project_pl.php,SEED_ARTIFACT,"بلا رابطٍ نشِطٍ ولا يُبلَغ من شاشةِ هدف"
DEP-06,Finance/fin_cashflow_stmt.php,SEED_ARTIFACT,"بلا رابطٍ نشِطٍ ولا يُبلَغ من شاشةِ هدف"
DEP-06,Finance/fin_equity_stmt.php,SEED_ARTIFACT,"بلا رابطٍ نشِطٍ ولا يُبلَغ من شاشةِ هدف"
DEP-06,Finance/fin_posting_matrix.php,SEED_ARTIFACT,"بلا رابطٍ نشِطٍ ولا يُبلَغ من شاشةِ هدف"
DEP-06,Finance/acc_my_day.php,CONTROL_OWNER,"شاشةٌ حاكمةٌ مسجَّلةٌ في gov_governing_screens"
DEP-06,Finance/acc_backflow.php,CONTROL_OWNER,"شاشةٌ حاكمةٌ مسجَّلةٌ في gov_governing_screens"
DEP-06,Finance/acc_approval_chain.php,CONTROL_OWNER,"شاشةٌ حاكمةٌ مسجَّلةٌ في gov_governing_screens"
DEP-06,Approvals/requests.php,SEED_ARTIFACT,"بلا رابطٍ نشِطٍ ولا يُبلَغ من شاشةِ هدف"
DEP-06,Timesheet/aprovment.php,SEED_ARTIFACT,"بلا رابطٍ نشِطٍ ولا يُبلَغ من شاشةِ هدف"
DEP-06,Timesheet/timesheet_details.php,SEED_ARTIFACT,"بلا رابطٍ نشِطٍ ولا يُبلَغ من شاشةِ هدف"
DEP-06,Timesheet/view_timesheet.php,SEED_ARTIFACT,"بلا رابطٍ نشِطٍ ولا يُبلَغ من شاشةِ هدف"
DEP-06,main/global_search.php,SEED_ARTIFACT,"بلا رابطٍ نشِطٍ ولا يُبلَغ من شاشةِ هدف"
DEP-06,main/soon.php,SEED_ARTIFACT,"بلا رابطٍ نشِطٍ ولا يُبلَغ من شاشةِ هدف"
DEP-06,main/user_profile.php,SEED_ARTIFACT,"بلا رابطٍ نشِطٍ ولا يُبلَغ من شاشةِ هدف"
DEP-06,Tickets/my_tickets.php,SEED_ARTIFACT,"بلا رابطٍ نشِطٍ ولا يُبلَغ من شاشةِ هدف"
DEP-06,FinRequests/dept_inbox.php,LIVE_LINK_OWNER,"رابطٌ نشِطٌ في سايدبارِ الدور 21"
DEP-06,Contracts/contract_guarantees.php,LIVE_LINK_OWNER,"رابطٌ نشِطٌ في سايدبارِ الدور 21"
DEP-06,Finance/tre_cycle_stages.php,CONTROL_OWNER,"شاشةٌ حاكمةٌ مسجَّلةٌ في gov_governing_screens"
DEP-06,Finance/tre_unit_roles.php,CONTROL_OWNER,"شاشةٌ حاكمةٌ مسجَّلةٌ في gov_governing_screens"
DEP-06,Reports/reports.php,SEED_ARTIFACT,"بلا رابطٍ نشِطٍ ولا يُبلَغ من شاشةِ هدف"
DEP-06,Finance/unit_fin_final.php,LIVE_LINK_OWNER,"رابطٌ نشِطٌ في سايدبارِ الدور 21"
DEP-06,Finance/ar_accrual_gen.php,LIVE_LINK_OWNER,"رابطٌ نشِطٌ في سايدبارِ الدور 21"
DEP-06,Finance/ar_completion_cert.php,LIVE_LINK_OWNER,"رابطٌ نشِطٌ في سايدبارِ الدور 21"
DEP-06,Finance/ar_claim_invoice.php,LIVE_LINK_OWNER,"رابطٌ نشِطٌ في سايدبارِ الدور 21"
DEP-06,Suppliers/supplier_violations.php,SEED_ARTIFACT,"بلا رابطٍ نشِطٍ ولا يُبلَغ من شاشةِ هدف"
DEP-06,Suppliers/supplier_entitlements.php,SEED_ARTIFACT,"بلا رابطٍ نشِطٍ ولا يُبلَغ من شاشةِ هدف"
DEP-06,Portal/vp_departments.php,LIVE_LINK_OWNER,"رابطٌ نشِطٌ في سايدبارِ الدور 21"
DEP-06,Portal/vp_dashboard.php,LIVE_LINK_OWNER,"رابطٌ نشِطٌ في سايدبارِ الدور 21"
DEP-06,Suppliers/supplier_performance_entries.php,LIVE_LINK_OWNER,"رابطٌ نشِطٌ في سايدبارِ الدور 21"
DEP-06,Suppliers/supplier_payment_requests.php,LIVE_LINK_OWNER,"رابطٌ نشِطٌ في سايدبارِ الدور 21"
DEP-06,Portal/vp_approval_inbox.php,LIVE_LINK_OWNER,"رابطٌ نشِطٌ في سايدبارِ الدور 21"
DEP-06,Portal/vp_pending_actions.php,LIVE_LINK_OWNER,"رابطٌ نشِطٌ في سايدبارِ الدور 21"
DEP-06,Employees/hr_benefits.php,LIVE_LINK_OWNER,"رابطٌ نشِطٌ في سايدبارِ الدور 21"
DEP-06,Finance/acc_adjustments.php,LIVE_LINK_OWNER,"رابطٌ نشِطٌ في سايدبارِ الدور 21"
DEP-06,Finance/acc_closing_checklist.php,LIVE_LINK_OWNER,"رابطٌ نشِطٌ في سايدبارِ الدور 21"
DEP-06,Finance/acc_cost_centers.php,LIVE_LINK_OWNER,"رابطٌ نشِطٌ في سايدبارِ الدور 21"
DEP-06,Finance/acc_credit_control.php,LIVE_LINK_OWNER,"رابطٌ نشِطٌ في سايدبارِ الدور 21"
DEP-06,Finance/acc_reconciliations.php,LIVE_LINK_OWNER,"رابطٌ نشِطٌ في سايدبارِ الدور 21"
DEP-06,Finance/acc_reopen_governance.php,LIVE_LINK_OWNER,"رابطٌ نشِطٌ في سايدبارِ الدور 21"
DEP-06,Finance/acc_trial_balance.php,LIVE_LINK_OWNER,"رابطٌ نشِطٌ في سايدبارِ الدور 21"
DEP-06,Maintenance/breakdown_intake.php,LIVE_LINK_OWNER,"رابطٌ نشِطٌ في سايدبارِ الدور 21"
DEP-06,Maintenance/external_repairs.php,LIVE_LINK_OWNER,"رابطٌ نشِطٌ في سايدبارِ الدور 21"
DEP-06,Maintenance/part_requests.php,LIVE_LINK_OWNER,"رابطٌ نشِطٌ في سايدبارِ الدور 21"
DEP-06,Maintenance/repeat_repairs.php,LIVE_LINK_OWNER,"رابطٌ نشِطٌ في سايدبارِ الدور 21"
DEP-06,Procurement/wh_issue_requests.php,LIVE_LINK_OWNER,"رابطٌ نشِطٌ في سايدبارِ الدور 21"
DEP-06,Transport/transfer_closure.php,LIVE_LINK_OWNER,"رابطٌ نشِطٌ في سايدبارِ الدور 21"
DEP-06,Workforce/payroll_lines.php,LIVE_LINK_OWNER,"رابطٌ نشِطٌ في سايدبارِ الدور 21"
DEP-06,contracts/sales_activities.php,SEED_ARTIFACT,"بلا رابطٍ نشِطٍ ولا يُبلَغ من شاشةِ هدف"
DEP-06,contracts/precontract_review.php,SEED_ARTIFACT,"بلا رابطٍ نشِطٍ ولا يُبلَغ من شاشةِ هدف"
DEP-06,contracts/contract_commercial_lines.php,SEED_ARTIFACT,"بلا رابطٍ نشِطٍ ولا يُبلَغ من شاشةِ هدف"
DEP-06,contracts/contract_obligation_matrix.php,SEED_ARTIFACT,"بلا رابطٍ نشِطٍ ولا يُبلَغ من شاشةِ هدف"
DEP-06,contracts/contract_baseline_targets.php,SEED_ARTIFACT,"بلا رابطٍ نشِطٍ ولا يُبلَغ من شاشةِ هدف"
DEP-06,contracts/contract_coverage_cycles.php,SEED_ARTIFACT,"بلا رابطٍ نشِطٍ ولا يُبلَغ من شاشةِ هدف"
DEP-06,contracts/monthly_containers_loss.php,SEED_ARTIFACT,"بلا رابطٍ نشِطٍ ولا يُبلَغ من شاشةِ هدف"
DEP-06,contracts/monthly_sales_performance.php,SEED_ARTIFACT,"بلا رابطٍ نشِطٍ ولا يُبلَغ من شاشةِ هدف"
DEP-06,contracts/contract_amendments_renewal.php,SEED_ARTIFACT,"بلا رابطٍ نشِطٍ ولا يُبلَغ من شاشةِ هدف"
DEP-06,maintenance/fault_tree.php,SEED_ARTIFACT,"بلا رابطٍ نشِطٍ ولا يُبلَغ من شاشةِ هدف"
DEP-06,maintenance/fleet_inspection_orders.php,SEED_ARTIFACT,"بلا رابطٍ نشِطٍ ولا يُبلَغ من شاشةِ هدف"
DEP-06,maintenance/downtime_segments.php,SEED_ARTIFACT,"بلا رابطٍ نشِطٍ ولا يُبلَغ من شاشةِ هدف"
DEP-06,maintenance/diagnosis_requests.php,SEED_ARTIFACT,"بلا رابطٍ نشِطٍ ولا يُبلَغ من شاشةِ هدف"
DEP-06,maintenance/work_orders.php,SEED_ARTIFACT,"بلا رابطٍ نشِطٍ ولا يُبلَغ من شاشةِ هدف"
DEP-06,maintenance/work_order_labor.php,SEED_ARTIFACT,"بلا رابطٍ نشِطٍ ولا يُبلَغ من شاشةِ هدف"
DEP-06,maintenance/return_to_service_cert.php,SEED_ARTIFACT,"بلا رابطٍ نشِطٍ ولا يُبلَغ من شاشةِ هدف"
DEP-07,Clients/clients.php,SEED_ARTIFACT,"بلا رابطٍ نشِطٍ ولا يُبلَغ من شاشةِ هدف"
DEP-07,Projects/projects.php,SEED_ARTIFACT,"بلا رابطٍ نشِطٍ ولا يُبلَغ من شاشةِ هدف"
DEP-07,Reports/reports.php,LIVE_LINK_OWNER,"رابطٌ نشِطٌ في سايدبارِ الدور 4"
DEP-07,Equipments/equipments_types.php,SEED_ARTIFACT,"بلا رابطٍ نشِطٍ ولا يُبلَغ من شاشةِ هدف"
DEP-07,Equipments/equipments_fleet.php,SEED_ARTIFACT,"بلا رابطٍ نشِطٍ ولا يُبلَغ من شاشةِ هدف"
DEP-07,Oprators/oprators.php,SEED_ARTIFACT,"بلا رابطٍ نشِطٍ ولا يُبلَغ من شاشةِ هدف"
DEP-07,Timesheet/timesheet_type.php,SEED_ARTIFACT,"بلا رابطٍ نشِطٍ ولا يُبلَغ من شاشةِ هدف"
DEP-07,ActivityLogs/activity_logs.php,SEED_ARTIFACT,"بلا رابطٍ نشِطٍ ولا يُبلَغ من شاشةِ هدف"
DEP-07,main/project_users.php,LIVE_LINK_OWNER,"رابطٌ نشِطٌ في سايدبارِ الدور 4"
DEP-07,Contracts/contracts.php,SEED_ARTIFACT,"بلا رابطٍ نشِطٍ ولا يُبلَغ من شاشةِ هدف"
DEP-07,Contracts/contracts_details.php,SEED_ARTIFACT,"بلا رابطٍ نشِطٍ ولا يُبلَغ من شاشةِ هدف"
DEP-07,Suppliers/suppliers.php,SEED_ARTIFACT,"بلا رابطٍ نشِطٍ ولا يُبلَغ من شاشةِ هدف"
DEP-07,Oprators/select_project.php,SEED_ARTIFACT,"بلا رابطٍ نشِطٍ ولا يُبلَغ من شاشةِ هدف"
DEP-07,Suppliers/supplierscontracts.php,SEED_ARTIFACT,"بلا رابطٍ نشِطٍ ولا يُبلَغ من شاشةِ هدف"
DEP-07,Suppliers/supplierscontracts_details.php,SEED_ARTIFACT,"بلا رابطٍ نشِطٍ ولا يُبلَغ من شاشةِ هدف"
DEP-07,Equipments/equipments_drivers.php,SEED_ARTIFACT,"بلا رابطٍ نشِطٍ ولا يُبلَغ من شاشةِ هدف"
DEP-07,Equipments/fleet_models.php,SEED_ARTIFACT,"بلا رابطٍ نشِطٍ ولا يُبلَغ من شاشةِ هدف"
DEP-07,Equipments/fleet_depreciation_profiles.php,SEED_ARTIFACT,"بلا رابطٍ نشِطٍ ولا يُبلَغ من شاشةِ هدف"
DEP-07,Workforce/worker_contract.php,LIVE_LINK_OWNER,"رابطٌ نشِطٌ في سايدبارِ الدور 4"
DEP-07,Workforce/worker_movement.php,LIVE_LINK_OWNER,"رابطٌ نشِطٌ في سايدبارِ الدور 4"
DEP-07,Workforce/housing_units.php,LIVE_LINK_OWNER,"رابطٌ نشِطٌ في سايدبارِ الدور 4"
DEP-07,Workforce/worker_evaluation.php,LIVE_LINK_OWNER,"رابطٌ نشِطٌ في سايدبارِ الدور 4"
DEP-07,Workforce/worker_settlement.php,LIVE_LINK_OWNER,"رابطٌ نشِطٌ في سايدبارِ الدور 4"
DEP-07,Workforce/workforce_requirement.php,LIVE_LINK_OWNER,"رابطٌ نشِطٌ في سايدبارِ الدور 4"
DEP-07,Workforce/worker_worklog.php,LIVE_LINK_OWNER,"رابطٌ نشِطٌ في سايدبارِ الدور 4"
DEP-07,Employees/showcontractemployee.php,SEED_ARTIFACT,"بلا رابطٍ نشِطٍ ولا يُبلَغ من شاشةِ هدف"
DEP-07,Finance/budget_form_fin.php,LIVE_LINK_OWNER,"رابطٌ نشِطٌ في سايدبارِ الدور 4"
DEP-07,Finance/dues_fin.php,LIVE_LINK_OWNER,"رابطٌ نشِطٌ في سايدبارِ الدور 4"
DEP-07,Finance/payments_fin.php,LIVE_LINK_OWNER,"رابطٌ نشِطٌ في سايدبارِ الدور 4"
DEP-07,FinRequests/dept_inbox.php,LIVE_LINK_OWNER,"رابطٌ نشِطٌ في سايدبارِ الدور 4"
DEP-07,Tickets/tickets_list.php,SEED_ARTIFACT,"بلا رابطٍ نشِطٍ ولا يُبلَغ من شاشةِ هدف"
DEP-07,Tickets/ticket_form.php,SEED_ARTIFACT,"بلا رابطٍ نشِطٍ ولا يُبلَغ من شاشةِ هدف"
DEP-07,main/role_board.php,LIVE_LINK_OWNER,"رابطٌ نشِطٌ في سايدبارِ الدور 4"
DEP-07,Equipments/equipment_documents.php,SEED_ARTIFACT,"بلا رابطٍ نشِطٍ ولا يُبلَغ من شاشةِ هدف"
DEP-07,Workforce/employee_settlements.php,LIVE_LINK_OWNER,"رابطٌ نشِطٌ في سايدبارِ الدور 4"
DEP-07,Portal/visibility_keys.php,LIVE_LINK_OWNER,"رابطٌ نشِطٌ في سايدبارِ الدور 4"
DEP-07,Portal/portal_elements.php,SEED_ARTIFACT,"بلا رابطٍ نشِطٍ ولا يُبلَغ من شاشةِ هدف"
DEP-07,Portal/visibility_simulator.php,SEED_ARTIFACT,"بلا رابطٍ نشِطٍ ولا يُبلَغ من شاشةِ هدف"
DEP-07,Portal/visibility_audit.php,SEED_ARTIFACT,"بلا رابطٍ نشِطٍ ولا يُبلَغ من شاشةِ هدف"
DEP-07,Portal/workspace.php,SEED_ARTIFACT,"بلا رابطٍ نشِطٍ ولا يُبلَغ من شاشةِ هدف"
DEP-07,Finance/approvals_inbox.php,LIVE_LINK_OWNER,"رابطٌ نشِطٌ في سايدبارِ الدور 4"
DEP-07,Operations/distribution_space.php,LIVE_LINK_OWNER,"رابطٌ نشِطٌ في سايدبارِ الدور 4"
DEP-07,Employees/employee_card.php,SEED_ARTIFACT,"بلا رابطٍ نشِطٍ ولا يُبلَغ من شاشةِ هدف"
DEP-07,Tickets/ticket_contextual_open.php,LIVE_LINK_OWNER,"رابطٌ نشِطٌ في سايدبارِ الدور 4"
DEP-07,main/my_workspace.php,LIVE_LINK_OWNER,"رابطٌ نشِطٌ في سايدبارِ الدور 4"
DEP-07,Contracts/contract_coverage.php,SEED_ARTIFACT,"بلا رابطٍ نشِطٍ ولا يُبلَغ من شاشةِ هدف"
DEP-07,Approvals/hours_approval.php,LIVE_LINK_OWNER,"رابطٌ نشِطٌ في سايدبارِ الدور 4"
DEP-07,Portal/my_kpi.php,SEED_ARTIFACT,"بلا رابطٍ نشِطٍ ولا يُبلَغ من شاشةِ هدف"
DEP-07,Equipments/equipments.php,LIVE_LINK_OWNER,"رابطٌ نشِطٌ في سايدبارِ الدور 4"
DEP-07,Portal/dept_board.php,SEED_ARTIFACT,"بلا رابطٍ نشِطٍ ولا يُبلَغ من شاشةِ هدف"
DEP-07,emsreports/index.php,LIVE_LINK_OWNER,"رابطٌ نشِطٌ في سايدبارِ الدور 4"
DEP-07,Finance/budget_dept.php,LIVE_LINK_OWNER,"رابطٌ نشِطٌ في سايدبارِ الدور 4"
DEP-07,main/profile.php,SEED_ARTIFACT,"بلا رابطٍ نشِطٍ ولا يُبلَغ من شاشةِ هدف"
DEP-07,Portal/dept_achievement.php,LIVE_LINK_OWNER,"رابطٌ نشِطٌ في سايدبارِ الدور 4"
DEP-07,Tickets/dept_inbox.php,SEED_ARTIFACT,"بلا رابطٍ نشِطٍ ولا يُبلَغ من شاشةِ هدف"
DEP-07,Timesheet/timesheet.php,LIVE_LINK_OWNER,"رابطٌ نشِطٌ في سايدبارِ الدور 4"
DEP-07,Workforce/op_monthly.php,LIVE_LINK_OWNER,"رابطٌ نشِطٌ في سايدبارِ الدور 4"
DEP-07,Workforce/op_qual.php,LIVE_LINK_OWNER,"رابطٌ نشِطٌ في سايدبارِ الدور 4"
DEP-07,Workforce/proposed_deductions.php,LIVE_LINK_OWNER,"رابطٌ نشِطٌ في سايدبارِ الدور 4"
DEP-07,Risk/dept_risk_space.php,LIVE_LINK_OWNER,"رابطٌ نشِطٌ في سايدبارِ الدور 4"
DEP-07,Approvals/requests.php,LIVE_LINK_OWNER,"رابطٌ نشِطٌ في سايدبارِ الدور 4"
DEP-07,Clients/client_profile.php,SEED_ARTIFACT,"بلا رابطٍ نشِطٍ ولا يُبلَغ من شاشةِ هدف"
DEP-07,Equipments/equipment_profile.php,SEED_ARTIFACT,"بلا رابطٍ نشِطٍ ولا يُبلَغ من شاشةِ هدف"
DEP-07,Projects/project_profile.php,SEED_ARTIFACT,"بلا رابطٍ نشِطٍ ولا يُبلَغ من شاشةِ هدف"
DEP-07,Reports/contract_report.php,SEED_ARTIFACT,"بلا رابطٍ نشِطٍ ولا يُبلَغ من شاشةِ هدف"
DEP-07,Reports/contractall.php,SEED_ARTIFACT,"بلا رابطٍ نشِطٍ ولا يُبلَغ من شاشةِ هدف"
DEP-07,Reports/deliy.php,SEED_ARTIFACT,"بلا رابطٍ نشِطٍ ولا يُبلَغ من شاشةِ هدف"
DEP-07,Reports/deriver.php,SEED_ARTIFACT,"بلا رابطٍ نشِطٍ ولا يُبلَغ من شاشةِ هدف"
DEP-07,Reports/driverAndsupplerscontract.php,SEED_ARTIFACT,"بلا رابطٍ نشِطٍ ولا يُبلَغ من شاشةِ هدف"
DEP-07,Reports/equipments_reports.php,SEED_ARTIFACT,"بلا رابطٍ نشِطٍ ولا يُبلَغ من شاشةِ هدف"
DEP-07,Reports/new_reports.php,SEED_ARTIFACT,"بلا رابطٍ نشِطٍ ولا يُبلَغ من شاشةِ هدف"
DEP-07,Reports/projects_reports.php,SEED_ARTIFACT,"بلا رابطٍ نشِطٍ ولا يُبلَغ من شاشةِ هدف"
DEP-07,Reports/timesheet_reports.php,SEED_ARTIFACT,"بلا رابطٍ نشِطٍ ولا يُبلَغ من شاشةِ هدف"
DEP-07,Reports/timesheetdeliy.php,SEED_ARTIFACT,"بلا رابطٍ نشِطٍ ولا يُبلَغ من شاشةِ هدف"
DEP-07,Suppliers/showcontractsuppliers.php,SEED_ARTIFACT,"بلا رابطٍ نشِطٍ ولا يُبلَغ من شاشةِ هدف"
DEP-07,Suppliers/supplier_profile.php,SEED_ARTIFACT,"بلا رابطٍ نشِطٍ ولا يُبلَغ من شاشةِ هدف"
DEP-07,Suppliers/suppliers_details.php,SEED_ARTIFACT,"بلا رابطٍ نشِطٍ ولا يُبلَغ من شاشةِ هدف"
DEP-07,Timesheet/aprovment.php,SEED_ARTIFACT,"بلا رابطٍ نشِطٍ ولا يُبلَغ من شاشةِ هدف"
DEP-07,Timesheet/timesheet_details.php,SEED_ARTIFACT,"بلا رابطٍ نشِطٍ ولا يُبلَغ من شاشةِ هدف"
DEP-07,Timesheet/view_timesheet.php,SEED_ARTIFACT,"بلا رابطٍ نشِطٍ ولا يُبلَغ من شاشةِ هدف"
DEP-07,main/global_search.php,SEED_ARTIFACT,"بلا رابطٍ نشِطٍ ولا يُبلَغ من شاشةِ هدف"
DEP-07,main/soon.php,SEED_ARTIFACT,"بلا رابطٍ نشِطٍ ولا يُبلَغ من شاشةِ هدف"
DEP-07,main/user_profile.php,SEED_ARTIFACT,"بلا رابطٍ نشِطٍ ولا يُبلَغ من شاشةِ هدف"
DEP-07,movement/add_drivers.php,SEED_ARTIFACT,"بلا رابطٍ نشِطٍ ولا يُبلَغ من شاشةِ هدف"
DEP-07,movement/client_tree.php,SEED_ARTIFACT,"بلا رابطٍ نشِطٍ ولا يُبلَغ من شاشةِ هدف"
DEP-07,Equipments/select_project.php,SEED_ARTIFACT,"بلا رابطٍ نشِطٍ ولا يُبلَغ من شاشةِ هدف"
DEP-07,Risk/risk_dept_hrm.php,SEED_ARTIFACT,"بلا رابطٍ نشِطٍ ولا يُبلَغ من شاشةِ هدف"
DEP-07,Workforce/gov_dept_hrm.php,SEED_ARTIFACT,"بلا رابطٍ نشِطٍ ولا يُبلَغ من شاشةِ هدف"
DEP-07,Tickets/my_tickets.php,SEED_ARTIFACT,"بلا رابطٍ نشِطٍ ولا يُبلَغ من شاشةِ هدف"
DEP-07,Suppliers/supplier_board.php,SEED_ARTIFACT,"بلا رابطٍ نشِطٍ ولا يُبلَغ من شاشةِ هدف"
DEP-07,Clients/client_contacts.php,SEED_ARTIFACT,"بلا رابطٍ نشِطٍ ولا يُبلَغ من شاشةِ هدف"
DEP-07,Suppliers/supplier_contacts.php,SEED_ARTIFACT,"بلا رابطٍ نشِطٍ ولا يُبلَغ من شاشةِ هدف"
DEP-07,Portal/vp_departments.php,LIVE_LINK_OWNER,"رابطٌ نشِطٌ في سايدبارِ الدور 4"
DEP-07,Portal/vp_dashboard.php,LIVE_LINK_OWNER,"رابطٌ نشِطٌ في سايدبارِ الدور 4"
DEP-07,Suppliers/supplier_qualification.php,LIVE_LINK_OWNER,"رابطٌ نشِطٌ في سايدبارِ الدور 4"
DEP-07,Suppliers/supplier_contract_units.php,LIVE_LINK_OWNER,"رابطٌ نشِطٌ في سايدبارِ الدور 4"
DEP-07,Portal/vp_approval_inbox.php,LIVE_LINK_OWNER,"رابطٌ نشِطٌ في سايدبارِ الدور 4"
DEP-07,Portal/vp_pending_actions.php,LIVE_LINK_OWNER,"رابطٌ نشِطٌ في سايدبارِ الدور 4"
DEP-07,Suppliers/supplier_ref_lists.php,LIVE_LINK_OWNER,"رابطٌ نشِطٌ في سايدبارِ الدور 4"
DEP-07,Suppliers/supplier_inference_rules.php,LIVE_LINK_OWNER,"رابطٌ نشِطٌ في سايدبارِ الدور 4"
DEP-07,Suppliers/supplier_data_dictionary.php,LIVE_LINK_OWNER,"رابطٌ نشِطٌ في سايدبارِ الدور 4"
DEP-07,Suppliers/supplier_migration_trace.php,LIVE_LINK_OWNER,"رابطٌ نشِطٌ في سايدبارِ الدور 4"
DEP-07,Suppliers/supplier_migration_map.php,LIVE_LINK_OWNER,"رابطٌ نشِطٌ في سايدبارِ الدور 4"
DEP-07,Suppliers/supplier_review_report.php,LIVE_LINK_OWNER,"رابطٌ نشِطٌ في سايدبارِ الدور 4"
DEP-07,Finance/acc_credit_control.php,LIVE_LINK_OWNER,"رابطٌ نشِطٌ في سايدبارِ الدور 4"
DEP-07,Finance/tre_allocations.php,LIVE_LINK_OWNER,"رابطٌ نشِطٌ في سايدبارِ الدور 4"
DEP-07,Finance/tre_beneficiary.php,LIVE_LINK_OWNER,"رابطٌ نشِطٌ في سايدبارِ الدور 4"
DEP-07,Finance/tre_cash_count.php,LIVE_LINK_OWNER,"رابطٌ نشِطٌ في سايدبارِ الدور 4"
DEP-07,Finance/tre_cash_moves.php,LIVE_LINK_OWNER,"رابطٌ نشِطٌ في سايدبارِ الدور 4"
DEP-07,Finance/tre_instruments.php,LIVE_LINK_OWNER,"رابطٌ نشِطٌ في سايدبارِ الدور 4"
DEP-07,Finance/tre_pay_batch.php,LIVE_LINK_OWNER,"رابطٌ نشِطٌ في سايدبارِ الدور 4"
DEP-07,Finance/tre_payment_queue.php,LIVE_LINK_OWNER,"رابطٌ نشِطٌ في سايدبارِ الدور 4"
DEP-07,Finance/tre_petty_cash.php,LIVE_LINK_OWNER,"رابطٌ نشِطٌ في سايدبارِ الدور 4"
DEP-07,Finance/tre_transfers.php,LIVE_LINK_OWNER,"رابطٌ نشِطٌ في سايدبارِ الدور 4"
DEP-07,Fleet/asset_intake.php,LIVE_LINK_OWNER,"رابطٌ نشِطٌ في سايدبارِ الدور 4"
DEP-07,Fleet/asset_use_rights.php,LIVE_LINK_OWNER,"رابطٌ نشِطٌ في سايدبارِ الدور 4"
DEP-07,Workforce/wf_coverage.php,LIVE_LINK_OWNER,"رابطٌ نشِطٌ في سايدبارِ الدور 4"
DEP-07,fleet/power_sources.php,SEED_ARTIFACT,"بلا رابطٍ نشِطٍ ولا يُبلَغ من شاشةِ هدف"
DEP-07,fleet/classification_directory.php,SEED_ARTIFACT,"بلا رابطٍ نشِطٍ ولا يُبلَغ من شاشةِ هدف"
DEP-07,fleet/inspection_card.php,SEED_ARTIFACT,"بلا رابطٍ نشِطٍ ولا يُبلَغ من شاشةِ هدف"
DEP-07,fleet/asset_card.php,SEED_ARTIFACT,"بلا رابطٍ نشِطٍ ولا يُبلَغ من شاشةِ هدف"
DEP-07,fleet/asset_documents.php,SEED_ARTIFACT,"بلا رابطٍ نشِطٍ ولا يُبلَغ من شاشةِ هدف"
DEP-07,fleet/asset_components.php,SEED_ARTIFACT,"بلا رابطٍ نشِطٍ ولا يُبلَغ من شاشةِ هدف"
DEP-07,fleet/daily_operating_log.php,SEED_ARTIFACT,"بلا رابطٍ نشِطٍ ولا يُبلَغ من شاشةِ هدف"
DEP-07,fleet/technical_state.php,SEED_ARTIFACT,"بلا رابطٍ نشِطٍ ولا يُبلَغ من شاشةِ هدف"
DEP-07,fleet/state_change_log.php,SEED_ARTIFACT,"بلا رابطٍ نشِطٍ ولا يُبلَغ من شاشةِ هدف"
DEP-07,fleet/breakdown_log.php,SEED_ARTIFACT,"بلا رابطٍ نشِطٍ ولا يُبلَغ من شاشةِ هدف"
DEP-07,fleet/exception_register.php,SEED_ARTIFACT,"بلا رابطٍ نشِطٍ ولا يُبلَغ من شاشةِ هدف"
DEP-07,fleet/external_auditor_notes.php,SEED_ARTIFACT,"بلا رابطٍ نشِطٍ ولا يُبلَغ من شاشةِ هدف"
DEP-07,fleet/source_conflicts.php,SEED_ARTIFACT,"بلا رابطٍ نشِطٍ ولا يُبلَغ من شاشةِ هدف"
DEP-07,fleet/open_points.php,SEED_ARTIFACT,"بلا رابطٍ نشِطٍ ولا يُبلَغ من شاشةِ هدف"
DEP-07,fleet/management_decisions.php,SEED_ARTIFACT,"بلا رابطٍ نشِطٍ ولا يُبلَغ من شاشةِ هدف"
DEP-07,fleet/fleet_board.php,SEED_ARTIFACT,"بلا رابطٍ نشِطٍ ولا يُبلَغ من شاشةِ هدف"
DEP-07,fleet/asset_life_reference.php,SEED_ARTIFACT,"بلا رابطٍ نشِطٍ ولا يُبلَغ من شاشةِ هدف"
DEP-07,fleet/use_right_ranges.php,SEED_ARTIFACT,"بلا رابطٍ نشِطٍ ولا يُبلَغ من شاشةِ هدف"
DEP-07,fleet/code_reconciliation.php,SEED_ARTIFACT,"بلا رابطٍ نشِطٍ ولا يُبلَغ من شاشةِ هدف"
DEP-07,fleet/numbering_bridge.php,SEED_ARTIFACT,"بلا رابطٍ نشِطٍ ولا يُبلَغ من شاشةِ هدف"
DEP-07,fleet/owner_reconciliation.php,SEED_ARTIFACT,"بلا رابطٍ نشِطٍ ولا يُبلَغ من شاشةِ هدف"
DEP-07,fleet/register_operation_recon.php,SEED_ARTIFACT,"بلا رابطٍ نشِطٍ ولا يُبلَغ من شاشةِ هدف"
DEP-07,fleet/financed_asset_recon.php,SEED_ARTIFACT,"بلا رابطٍ نشِطٍ ولا يُبلَغ من شاشةِ هدف"
DEP-07,workforce/wf_board.php,SEED_ARTIFACT,"بلا رابطٍ نشِطٍ ولا يُبلَغ من شاشةِ هدف"
DEP-07,workforce/wf_nomination.php,SEED_ARTIFACT,"بلا رابطٍ نشِطٍ ولا يُبلَغ من شاشةِ هدف"
DEP-07,workforce/wf_project_contracts_ref.php,SEED_ARTIFACT,"بلا رابطٍ نشِطٍ ولا يُبلَغ من شاشةِ هدف"
DEP-07,workforce/wf_taxonomy.php,SEED_ARTIFACT,"بلا رابطٍ نشِطٍ ولا يُبلَغ من شاشةِ هدف"
DEP-07,workforce/wf_person_register.php,SEED_ARTIFACT,"بلا رابطٍ نشِطٍ ولا يُبلَغ من شاشةِ هدف"
DEP-07,workforce/wf_qualifications.php,SEED_ARTIFACT,"بلا رابطٍ نشِطٍ ولا يُبلَغ من شاشةِ هدف"
DEP-07,workforce/wf_qualification_matrix.php,SEED_ARTIFACT,"بلا رابطٍ نشِطٍ ولا يُبلَغ من شاشةِ هدف"
DEP-07,workforce/wf_project_allocation.php,SEED_ARTIFACT,"بلا رابطٍ نشِطٍ ولا يُبلَغ من شاشةِ هدف"
DEP-07,workforce/wf_equipment_shift_assignment.php,SEED_ARTIFACT,"بلا رابطٍ نشِطٍ ولا يُبلَغ من شاشةِ هدف"
DEP-07,workforce/wf_daily_presence.php,SEED_ARTIFACT,"بلا رابطٍ نشِطٍ ولا يُبلَغ من شاشةِ هدف"
DEP-07,workforce/wf_rotation_backup.php,SEED_ARTIFACT,"بلا رابطٍ نشِطٍ ولا يُبلَغ من شاشةِ هدف"
DEP-07,workforce/wf_performance.php,SEED_ARTIFACT,"بلا رابطٍ نشِطٍ ولا يُبلَغ من شاشةِ هدف"
DEP-07,workforce/wf_settlement.php,SEED_ARTIFACT,"بلا رابطٍ نشِطٍ ولا يُبلَغ من شاشةِ هدف"
DEP-07,workforce/wf_field_incidents.php,SEED_ARTIFACT,"بلا رابطٍ نشِطٍ ولا يُبلَغ من شاشةِ هدف"
DEP-07,suppliers/supplier_offers.php,SEED_ARTIFACT,"بلا رابطٍ نشِطٍ ولا يُبلَغ من شاشةِ هدف"
DEP-07,suppliers/supplier_responsibility_matrix.php,SEED_ARTIFACT,"بلا رابطٍ نشِطٍ ولا يُبلَغ من شاشةِ هدف"
DEP-07,suppliers/supplier_quota_distribution.php,SEED_ARTIFACT,"بلا رابطٍ نشِطٍ ولا يُبلَغ من شاشةِ هدف"
DEP-07,suppliers/supplier_slot_handover.php,SEED_ARTIFACT,"بلا رابطٍ نشِطٍ ولا يُبلَغ من شاشةِ هدف"
DEP-07,suppliers/supplier_unit_equipment.php,SEED_ARTIFACT,"بلا رابطٍ نشِطٍ ولا يُبلَغ من شاشةِ هدف"
DEP-07,suppliers/supplier_readiness_reserve.php,SEED_ARTIFACT,"بلا رابطٍ نشِطٍ ولا يُبلَغ من شاشةِ هدف"
DEP-07,suppliers/supplier_onbehalf_advances.php,SEED_ARTIFACT,"بلا رابطٍ نشِطٍ ولا يُبلَغ من شاشةِ هدف"
DEP-07,suppliers/supplier_slot_closure.php,SEED_ARTIFACT,"بلا رابطٍ نشِطٍ ولا يُبلَغ من شاشةِ هدف"
DEP-07,suppliers/supplier_payment_allocation.php,SEED_ARTIFACT,"بلا رابطٍ نشِطٍ ولا يُبلَغ من شاشةِ هدف"
DEP-07,suppliers/supplier_docs_guarantees.php,SEED_ARTIFACT,"بلا رابطٍ نشِطٍ ولا يُبلَغ من شاشةِ هدف"
DEP-07,contracts/sales_activities.php,SEED_ARTIFACT,"بلا رابطٍ نشِطٍ ولا يُبلَغ من شاشةِ هدف"
DEP-07,contracts/precontract_review.php,SEED_ARTIFACT,"بلا رابطٍ نشِطٍ ولا يُبلَغ من شاشةِ هدف"
DEP-07,contracts/contract_commercial_lines.php,SEED_ARTIFACT,"بلا رابطٍ نشِطٍ ولا يُبلَغ من شاشةِ هدف"
DEP-07,contracts/contract_obligation_matrix.php,SEED_ARTIFACT,"بلا رابطٍ نشِطٍ ولا يُبلَغ من شاشةِ هدف"
DEP-07,contracts/contract_baseline_targets.php,SEED_ARTIFACT,"بلا رابطٍ نشِطٍ ولا يُبلَغ من شاشةِ هدف"
DEP-07,contracts/contract_coverage_cycles.php,SEED_ARTIFACT,"بلا رابطٍ نشِطٍ ولا يُبلَغ من شاشةِ هدف"
DEP-07,contracts/monthly_containers_loss.php,SEED_ARTIFACT,"بلا رابطٍ نشِطٍ ولا يُبلَغ من شاشةِ هدف"
DEP-07,contracts/monthly_sales_performance.php,SEED_ARTIFACT,"بلا رابطٍ نشِطٍ ولا يُبلَغ من شاشةِ هدف"
DEP-07,contracts/contract_amendments_renewal.php,SEED_ARTIFACT,"بلا رابطٍ نشِطٍ ولا يُبلَغ من شاشةِ هدف"
DEP-08,ActivityLogs/activity_logs.php,LIVE_LINK_OWNER,"رابطٌ نشِطٌ في سايدبارِ الدور 15"
DEP-08,main/project_users.php,LIVE_LINK_OWNER,"رابطٌ نشِطٌ في سايدبارِ الدور 15"
DEP-08,main/all_assistants.php,LIVE_LINK_OWNER,"رابطٌ نشِطٌ في سايدبارِ الدور 15"
DEP-08,Finance/budget_form_fin.php,LIVE_LINK_OWNER,"رابطٌ نشِطٌ في سايدبارِ الدور 15"
DEP-08,FinRequests/dept_inbox.php,LIVE_LINK_OWNER,"رابطٌ نشِطٌ في سايدبارِ الدور 15"
DEP-08,Tickets/tickets_list.php,SEED_ARTIFACT,"بلا رابطٍ نشِطٍ ولا يُبلَغ من شاشةِ هدف"
DEP-08,Tickets/ticket_form.php,SEED_ARTIFACT,"بلا رابطٍ نشِطٍ ولا يُبلَغ من شاشةِ هدف"
DEP-08,main/role_board.php,LIVE_LINK_OWNER,"رابطٌ نشِطٌ في سايدبارِ الدور 15"
DEP-08,Workforce/contract_registry.php,LIVE_LINK_OWNER,"رابطٌ نشِطٌ في سايدبارِ الدور 15"
DEP-08,Portal/visibility_keys.php,LIVE_LINK_OWNER,"رابطٌ نشِطٌ في سايدبارِ الدور 15"
DEP-08,Portal/portal_elements.php,SEED_ARTIFACT,"بلا رابطٍ نشِطٍ ولا يُبلَغ من شاشةِ هدف"
DEP-08,Portal/visibility_simulator.php,SEED_ARTIFACT,"بلا رابطٍ نشِطٍ ولا يُبلَغ من شاشةِ هدف"
DEP-08,Portal/visibility_audit.php,SEED_ARTIFACT,"بلا رابطٍ نشِطٍ ولا يُبلَغ من شاشةِ هدف"
DEP-08,Portal/workspace.php,SEED_ARTIFACT,"بلا رابطٍ نشِطٍ ولا يُبلَغ من شاشةِ هدف"
DEP-08,Finance/approvals_inbox.php,LIVE_LINK_OWNER,"رابطٌ نشِطٌ في سايدبارِ الدور 15"
DEP-08,Employees/employee_card.php,SEED_ARTIFACT,"بلا رابطٍ نشِطٍ ولا يُبلَغ من شاشةِ هدف"
DEP-08,admin/org_assignments.php,SEED_ARTIFACT,"بلا رابطٍ نشِطٍ ولا يُبلَغ من شاشةِ هدف"
DEP-08,admin/org_structure.php,SEED_ARTIFACT,"بلا رابطٍ نشِطٍ ولا يُبلَغ من شاشةِ هدف"
DEP-08,admin/sec_governance.php,SEED_ARTIFACT,"بلا رابطٍ نشِطٍ ولا يُبلَغ من شاشةِ هدف"
DEP-08,admin/sec_employee_wizard.php,SEED_ARTIFACT,"بلا رابطٍ نشِطٍ ولا يُبلَغ من شاشةِ هدف"
DEP-08,Tickets/ticket_contextual_open.php,LIVE_LINK_OWNER,"رابطٌ نشِطٌ في سايدبارِ الدور 15"
DEP-08,main/my_workspace.php,LIVE_LINK_OWNER,"رابطٌ نشِطٌ في سايدبارِ الدور 15"
DEP-08,Governance/access_review.php,LIVE_LINK_OWNER,"رابطٌ نشِطٌ في سايدبارِ الدور 15"
DEP-08,Governance/portal_users.php,LIVE_LINK_OWNER,"رابطٌ نشِطٌ في سايدبارِ الدور 15"
DEP-08,Governance/state_machines.php,LIVE_LINK_OWNER,"رابطٌ نشِطٌ في سايدبارِ الدور 15"
DEP-08,Governance/canonical_names.php,LIVE_LINK_OWNER,"رابطٌ نشِطٌ في سايدبارِ الدور 15"
DEP-08,Portal/founding_mode.php,LIVE_LINK_OWNER,"رابطٌ نشِطٌ في سايدبارِ الدور 15"
DEP-08,Portal/my_kpi.php,SEED_ARTIFACT,"بلا رابطٍ نشِطٍ ولا يُبلَغ من شاشةِ هدف"
DEP-08,Governance/gov_reports.php,SEED_ARTIFACT,"بلا رابطٍ نشِطٍ ولا يُبلَغ من شاشةِ هدف"
DEP-08,Portal/ceo_reports.php,SEED_ARTIFACT,"بلا رابطٍ نشِطٍ ولا يُبلَغ من شاشةِ هدف"
DEP-08,Portal/dept_board.php,SEED_ARTIFACT,"بلا رابطٍ نشِطٍ ولا يُبلَغ من شاشةِ هدف"
DEP-08,admin/audit_log.php,SEED_ARTIFACT,"بلا رابطٍ نشِطٍ ولا يُبلَغ من شاشةِ هدف"
DEP-08,emsreports/index.php,LIVE_LINK_OWNER,"رابطٌ نشِطٌ في سايدبارِ الدور 15"
DEP-08,Finance/budget_dept.php,LIVE_LINK_OWNER,"رابطٌ نشِطٌ في سايدبارِ الدور 15"
DEP-08,Financing/ownership_links.php,LIVE_LINK_OWNER,"رابطٌ نشِطٌ في سايدبارِ الدور 15"
DEP-08,main/profile.php,SEED_ARTIFACT,"بلا رابطٍ نشِطٍ ولا يُبلَغ من شاشةِ هدف"
DEP-08,Portal/dept_achievement.php,LIVE_LINK_OWNER,"رابطٌ نشِطٌ في سايدبارِ الدور 15"
DEP-08,Portal/release_stamp.php,LIVE_LINK_OWNER,"رابطٌ نشِطٌ في سايدبارِ الدور 15"
DEP-08,Tickets/dept_inbox.php,SEED_ARTIFACT,"بلا رابطٍ نشِطٍ ولا يُبلَغ من شاشةِ هدف"
DEP-08,Risk/risk_reports.php,SEED_ARTIFACT,"بلا رابطٍ نشِطٍ ولا يُبلَغ من شاشةِ هدف"
DEP-08,Risk/gov_dept_rsk.php,SEED_ARTIFACT,"بلا رابطٍ نشِطٍ ولا يُبلَغ من شاشةِ هدف"
DEP-08,Finance/gov_dept_fin.php,SEED_ARTIFACT,"بلا رابطٍ نشِطٍ ولا يُبلَغ من شاشةِ هدف"
DEP-08,Governance/gov_dept_gov.php,SEED_ARTIFACT,"بلا رابطٍ نشِطٍ ولا يُبلَغ من شاشةِ هدف"
DEP-08,Risk/risk_dept_gov.php,SEED_ARTIFACT,"بلا رابطٍ نشِطٍ ولا يُبلَغ من شاشةِ هدف"
DEP-08,Finance/fin_ratios.php,SEED_ARTIFACT,"بلا رابطٍ نشِطٍ ولا يُبلَغ من شاشةِ هدف"
DEP-08,Finance/fin_ratio_detail.php,SEED_ARTIFACT,"بلا رابطٍ نشِطٍ ولا يُبلَغ من شاشةِ هدف"
DEP-08,Finance/fin_ratio_targets.php,SEED_ARTIFACT,"بلا رابطٍ نشِطٍ ولا يُبلَغ من شاشةِ هدف"
DEP-08,Finance/fin_early_warning.php,SEED_ARTIFACT,"بلا رابطٍ نشِطٍ ولا يُبلَغ من شاشةِ هدف"
DEP-08,Finance/fin_unit_economics.php,SEED_ARTIFACT,"بلا رابطٍ نشِطٍ ولا يُبلَغ من شاشةِ هدف"
DEP-08,Finance/fin_contract_margin.php,SEED_ARTIFACT,"بلا رابطٍ نشِطٍ ولا يُبلَغ من شاشةِ هدف"
DEP-08,Finance/fin_project_pl.php,SEED_ARTIFACT,"بلا رابطٍ نشِطٍ ولا يُبلَغ من شاشةِ هدف"
DEP-08,Finance/fin_cashflow_stmt.php,SEED_ARTIFACT,"بلا رابطٍ نشِطٍ ولا يُبلَغ من شاشةِ هدف"
DEP-08,Finance/fin_equity_stmt.php,SEED_ARTIFACT,"بلا رابطٍ نشِطٍ ولا يُبلَغ من شاشةِ هدف"
DEP-08,Finance/fin_posting_matrix.php,SEED_ARTIFACT,"بلا رابطٍ نشِطٍ ولا يُبلَغ من شاشةِ هدف"
DEP-08,Finance/ob_register.php,CONTROL_OWNER,"شاشةٌ حاكمةٌ مسجَّلةٌ في gov_governing_screens"
DEP-08,Finance/ob_schedule.php,CONTROL_OWNER,"شاشةٌ حاكمةٌ مسجَّلةٌ في gov_governing_screens"
DEP-08,Finance/ob_due_soon.php,CONTROL_OWNER,"شاشةٌ حاكمةٌ مسجَّلةٌ في gov_governing_screens"
DEP-08,Finance/ob_overdue.php,CONTROL_OWNER,"شاشةٌ حاكمةٌ مسجَّلةٌ في gov_governing_screens"
DEP-08,Finance/ob_horizon.php,CONTROL_OWNER,"شاشةٌ حاكمةٌ مسجَّلةٌ في gov_governing_screens"
DEP-08,Finance/ob_commitments.php,CONTROL_OWNER,"شاشةٌ حاكمةٌ مسجَّلةٌ في gov_governing_screens"
DEP-08,Finance/ob_contingent.php,CONTROL_OWNER,"شاشةٌ حاكمةٌ مسجَّلةٌ في gov_governing_screens"
DEP-08,Portal/ceo_audit_reports.php,CONTROL_OWNER,"شاشةٌ حاكمةٌ مسجَّلةٌ في gov_governing_screens"
DEP-08,Portal/ceo_assignments.php,CONTROL_OWNER,"شاشةٌ حاكمةٌ مسجَّلةٌ في gov_governing_screens"
DEP-08,Finance/acc_my_day.php,CONTROL_OWNER,"شاشةٌ حاكمةٌ مسجَّلةٌ في gov_governing_screens"
DEP-08,Finance/acc_specializations.php,CONTROL_OWNER,"شاشةٌ حاكمةٌ مسجَّلةٌ في gov_governing_screens"
DEP-08,Finance/acc_routing_matrix.php,CONTROL_OWNER,"شاشةٌ حاكمةٌ مسجَّلةٌ في gov_governing_screens"
DEP-08,Finance/acc_backflow.php,CONTROL_OWNER,"شاشةٌ حاكمةٌ مسجَّلةٌ في gov_governing_screens"
DEP-08,Finance/acc_approval_chain.php,CONTROL_OWNER,"شاشةٌ حاكمةٌ مسجَّلةٌ في gov_governing_screens"
DEP-08,Finance/ctrl_quality_kpis.php,CONTROL_OWNER,"شاشةٌ حاكمةٌ مسجَّلةٌ في gov_governing_screens"
DEP-08,Finance/ctrl_supervision.php,CONTROL_OWNER,"شاشةٌ حاكمةٌ مسجَّلةٌ في gov_governing_screens"
DEP-08,Finance/ctrl_role_migration.php,CONTROL_OWNER,"شاشةٌ حاكمةٌ مسجَّلةٌ في gov_governing_screens"
DEP-08,Finance/ctrl_doc_variance.php,CONTROL_OWNER,"شاشةٌ حاكمةٌ مسجَّلةٌ في gov_governing_screens"
DEP-08,Finance/tre_authority_caps.php,CONTROL_OWNER,"شاشةٌ حاكمةٌ مسجَّلةٌ في gov_governing_screens"
DEP-08,Finance/tre_sod_matrix.php,CONTROL_OWNER,"شاشةٌ حاكمةٌ مسجَّلةٌ في gov_governing_screens"
DEP-08,Audit/iaf_charter.php,CONTROL_OWNER,"شاشةٌ حاكمةٌ مسجَّلةٌ في gov_governing_screens"
DEP-08,Audit/iaf_independence.php,CONTROL_OWNER,"شاشةٌ حاكمةٌ مسجَّلةٌ في gov_governing_screens"
DEP-08,Audit/iaf_universe.php,CONTROL_OWNER,"شاشةٌ حاكمةٌ مسجَّلةٌ في gov_governing_screens"
DEP-08,Audit/iaf_plan.php,CONTROL_OWNER,"شاشةٌ حاكمةٌ مسجَّلةٌ في gov_governing_screens"
DEP-08,Audit/iaf_engagements.php,CONTROL_OWNER,"شاشةٌ حاكمةٌ مسجَّلةٌ في gov_governing_screens"
DEP-08,Audit/iaf_workpapers.php,CONTROL_OWNER,"شاشةٌ حاكمةٌ مسجَّلةٌ في gov_governing_screens"
DEP-08,Audit/iaf_findings.php,CONTROL_OWNER,"شاشةٌ حاكمةٌ مسجَّلةٌ في gov_governing_screens"
DEP-08,Audit/iaf_responses.php,CONTROL_OWNER,"شاشةٌ حاكمةٌ مسجَّلةٌ في gov_governing_screens"
DEP-08,Audit/iaf_action_plans.php,CONTROL_OWNER,"شاشةٌ حاكمةٌ مسجَّلةٌ في gov_governing_screens"
DEP-08,Audit/iaf_closure.php,CONTROL_OWNER,"شاشةٌ حاكمةٌ مسجَّلةٌ في gov_governing_screens"
DEP-08,Audit/iaf_escalations.php,CONTROL_OWNER,"شاشةٌ حاكمةٌ مسجَّلةٌ في gov_governing_screens"
DEP-08,Audit/iaf_reports.php,CONTROL_OWNER,"شاشةٌ حاكمةٌ مسجَّلةٌ في gov_governing_screens"
DEP-08,Audit/iaf_access_log.php,CONTROL_OWNER,"شاشةٌ حاكمةٌ مسجَّلةٌ في gov_governing_screens"
DEP-08,Audit/iaf_competencies.php,CONTROL_OWNER,"شاشةٌ حاكمةٌ مسجَّلةٌ في gov_governing_screens"
DEP-08,Audit/iaf_authorities.php,CONTROL_OWNER,"شاشةٌ حاكمةٌ مسجَّلةٌ في gov_governing_screens"
DEP-08,Audit/iaf_quality.php,CONTROL_OWNER,"شاشةٌ حاكمةٌ مسجَّلةٌ في gov_governing_screens"
DEP-08,Finance/ctrl_authority_limits.php,CONTROL_OWNER,"شاشةٌ حاكمةٌ مسجَّلةٌ في gov_governing_screens"
DEP-08,Finance/tre_cycle_stages.php,CONTROL_OWNER,"شاشةٌ حاكمةٌ مسجَّلةٌ في gov_governing_screens"
DEP-08,Finance/tre_unit_roles.php,CONTROL_OWNER,"شاشةٌ حاكمةٌ مسجَّلةٌ في gov_governing_screens"
DEP-08,Finance/ctrl_doc_registry.php,CONTROL_OWNER,"شاشةٌ حاكمةٌ مسجَّلةٌ في gov_governing_screens"
DEP-08,Finance/ctrl_dept_propagation.php,CONTROL_OWNER,"شاشةٌ حاكمةٌ مسجَّلةٌ في gov_governing_screens"
DEP-08,Approvals/requests.php,SEED_ARTIFACT,"بلا رابطٍ نشِطٍ ولا يُبلَغ من شاشةِ هدف"
DEP-08,main/soon.php,SEED_ARTIFACT,"بلا رابطٍ نشِطٍ ولا يُبلَغ من شاشةِ هدف"
DEP-08,main/user_profile.php,SEED_ARTIFACT,"بلا رابطٍ نشِطٍ ولا يُبلَغ من شاشةِ هدف"
DEP-08,Financing/gov_dept_cap.php,SEED_ARTIFACT,"بلا رابطٍ نشِطٍ ولا يُبلَغ من شاشةِ هدف"
DEP-08,Tickets/gov_dept_crp.php,SEED_ARTIFACT,"بلا رابطٍ نشِطٍ ولا يُبلَغ من شاشةِ هدف"
DEP-08,Equipments/gov_dept_flt.php,SEED_ARTIFACT,"بلا رابطٍ نشِطٍ ولا يُبلَغ من شاشةِ هدف"
DEP-08,Workforce/gov_dept_hrm.php,SEED_ARTIFACT,"بلا رابطٍ نشِطٍ ولا يُبلَغ من شاشةِ هدف"
DEP-08,Procurement/gov_dept_inv.php,SEED_ARTIFACT,"بلا رابطٍ نشِطٍ ولا يُبلَغ من شاشةِ هدف"
DEP-08,Maintenance/gov_dept_mnt.php,SEED_ARTIFACT,"بلا رابطٍ نشِطٍ ولا يُبلَغ من شاشةِ هدف"
DEP-08,Operations/gov_dept_ops.php,SEED_ARTIFACT,"بلا رابطٍ نشِطٍ ولا يُبلَغ من شاشةِ هدف"
DEP-08,Procurement/gov_dept_prc.php,SEED_ARTIFACT,"بلا رابطٍ نشِطٍ ولا يُبلَغ من شاشةِ هدف"
DEP-08,Operations/gov_dept_sit.php,SEED_ARTIFACT,"بلا رابطٍ نشِطٍ ولا يُبلَغ من شاشةِ هدف"
DEP-08,Transport/gov_dept_trp.php,SEED_ARTIFACT,"بلا رابطٍ نشِطٍ ولا يُبلَغ من شاشةِ هدف"
DEP-08,Workforce/gov_dept_wrk.php,SEED_ARTIFACT,"بلا رابطٍ نشِطٍ ولا يُبلَغ من شاشةِ هدف"
DEP-08,Portal/gov_dept_ceo.php,SEED_ARTIFACT,"بلا رابطٍ نشِطٍ ولا يُبلَغ من شاشةِ هدف"
DEP-08,Risk/risk_dept_ceo.php,SEED_ARTIFACT,"بلا رابطٍ نشِطٍ ولا يُبلَغ من شاشةِ هدف"
DEP-08,Governance/read_log.php,SEED_ARTIFACT,"بلا رابطٍ نشِطٍ ولا يُبلَغ من شاشةِ هدف"
DEP-08,Tickets/ticket_close.php,SEED_ARTIFACT,"بلا رابطٍ نشِطٍ ولا يُبلَغ من شاشةِ هدف"
DEP-08,Fleet/readiness_cert.php,SEED_ARTIFACT,"بلا رابطٍ نشِطٍ ولا يُبلَغ من شاشةِ هدف"
DEP-08,Procurement/warehouses.php,SEED_ARTIFACT,"بلا رابطٍ نشِطٍ ولا يُبلَغ من شاشةِ هدف"
DEP-08,Operations/monthly_plan.php,SEED_ARTIFACT,"بلا رابطٍ نشِطٍ ولا يُبلَغ من شاشةِ هدف"
DEP-08,Suppliers/quota_approval_minutes.php,SEED_ARTIFACT,"بلا رابطٍ نشِطٍ ولا يُبلَغ من شاشةِ هدف"
DEP-08,Tickets/ticket_kpi.php,SEED_ARTIFACT,"بلا رابطٍ نشِطٍ ولا يُبلَغ من شاشةِ هدف"
DEP-08,Tickets/my_tickets.php,SEED_ARTIFACT,"بلا رابطٍ نشِطٍ ولا يُبلَغ من شاشةِ هدف"
DEP-08,Governance/security_log.php,LIVE_LINK_OWNER,"رابطٌ نشِطٌ في سايدبارِ الدور 15"
DEP-08,Risk/risk_dept_sal.php,SEED_ARTIFACT,"بلا رابطٍ نشِطٍ ولا يُبلَغ من شاشةِ هدف"
DEP-08,Governance/gov_dept_sal.php,SEED_ARTIFACT,"بلا رابطٍ نشِطٍ ولا يُبلَغ من شاشةِ هدف"
DEP-08,Risk/risk_dept_sup.php,SEED_ARTIFACT,"بلا رابطٍ نشِطٍ ولا يُبلَغ من شاشةِ هدف"
DEP-08,Governance/gov_dept_sup.php,SEED_ARTIFACT,"بلا رابطٍ نشِطٍ ولا يُبلَغ من شاشةِ هدف"
DEP-08,Governance/bus_outbox.php,LIVE_LINK_OWNER,"رابطٌ نشِطٌ في سايدبارِ الدور 15"
DEP-08,Governance/bus_deliveries.php,LIVE_LINK_OWNER,"رابطٌ نشِطٌ في سايدبارِ الدور 15"
DEP-08,Governance/job_queue.php,LIVE_LINK_OWNER,"رابطٌ نشِطٌ في سايدبارِ الدور 15"
DEP-08,Governance/job_schedule.php,LIVE_LINK_OWNER,"رابطٌ نشِطٌ في سايدبارِ الدور 15"
DEP-08,Governance/tech_gov_center.php,LIVE_LINK_OWNER,"رابطٌ نشِطٌ في سايدبارِ الدور 15"
DEP-08,Governance/design_system.php,LIVE_LINK_OWNER,"رابطٌ نشِطٌ في سايدبارِ الدور 15"
DEP-08,Governance/auth_grants.php,LIVE_LINK_OWNER,"رابطٌ نشِطٌ في سايدبارِ الدور 15"
DEP-08,Governance/impersonations.php,LIVE_LINK_OWNER,"رابطٌ نشِطٌ في سايدبارِ الدور 15"
DEP-08,Portal/vp_departments.php,LIVE_LINK_OWNER,"رابطٌ نشِطٌ في سايدبارِ الدور 15"
DEP-08,Portal/vp_dashboard.php,LIVE_LINK_OWNER,"رابطٌ نشِطٌ في سايدبارِ الدور 15"
DEP-08,Portal/vp_approval_inbox.php,LIVE_LINK_OWNER,"رابطٌ نشِطٌ في سايدبارِ الدور 15"
DEP-08,Portal/vp_pending_actions.php,LIVE_LINK_OWNER,"رابطٌ نشِطٌ في سايدبارِ الدور 15"
DEP-08,Audit/iaf_audit_programs.php,SEED_ARTIFACT,"بلا رابطٍ نشِطٍ ولا يُبلَغ من شاشةِ هدف"
DEP-08,Audit/iaf_evidence_requests.php,SEED_ARTIFACT,"بلا رابطٍ نشِطٍ ولا يُبلَغ من شاشةِ هدف"
DEP-08,Audit/iaf_function_risks.php,SEED_ARTIFACT,"بلا رابطٍ نشِطٍ ولا يُبلَغ من شاشةِ هدف"
DEP-08,Audit/iaf_overview.php,SEED_ARTIFACT,"بلا رابطٍ نشِطٍ ولا يُبلَغ من شاشةِ هدف"
DEP-08,Audit/iaf_test_samples.php,SEED_ARTIFACT,"بلا رابطٍ نشِطٍ ولا يُبلَغ من شاشةِ هدف"
DEP-08,Portal/exec_delegations.php,SEED_ARTIFACT,"بلا رابطٍ نشِطٍ ولا يُبلَغ من شاشةِ هدف"
DEP-08,Portal/exec_leadership_appointments.php,SEED_ARTIFACT,"بلا رابطٍ نشِطٍ ولا يُبلَغ من شاشةِ هدف"
DEP-08,Finance/tre_facilities.php,SEED_ARTIFACT,"بلا رابطٍ نشِطٍ ولا يُبلَغ من شاشةِ هدف"
DEP-08,operations/ops_room.php,SEED_ARTIFACT,"بلا رابطٍ نشِطٍ ولا يُبلَغ من شاشةِ هدف"
DEP-08,operations/ops_seasonal_factors.php,SEED_ARTIFACT,"بلا رابطٍ نشِطٍ ولا يُبلَغ من شاشةِ هدف"
DEP-08,operations/ops_tomorrow_dispatch.php,SEED_ARTIFACT,"بلا رابطٍ نشِطٍ ولا يُبلَغ من شاشةِ هدف"
DEP-08,operations/ops_resource_move_orders.php,SEED_ARTIFACT,"بلا رابطٍ نشِطٍ ولا يُبلَغ من شاشةِ هدف"
DEP-08,operations/ops_shift_time_states.php,SEED_ARTIFACT,"بلا رابطٍ نشِطٍ ولا يُبلَغ من شاشةِ هدف"
DEP-08,operations/ops_stop_decisions.php,SEED_ARTIFACT,"بلا رابطٍ نشِطٍ ولا يُبلَغ من شاشةِ هدف"
DEP-08,operations/ops_deviation_escalation.php,SEED_ARTIFACT,"بلا رابطٍ نشِطٍ ولا يُبلَغ من شاشةِ هدف"
DEP-09,main/project_users.php,LIVE_LINK_OWNER,"رابطٌ نشِطٌ في سايدبارِ الدور 28"
DEP-09,Tickets/tickets_list.php,SEED_ARTIFACT,"بلا رابطٍ نشِطٍ ولا يُبلَغ من شاشةِ هدف"
DEP-09,Tickets/ticket_form.php,SEED_ARTIFACT,"بلا رابطٍ نشِطٍ ولا يُبلَغ من شاشةِ هدف"
DEP-09,main/my_workspace.php,LIVE_LINK_OWNER,"رابطٌ نشِطٌ في سايدبارِ الدور 29"
DEP-09,Tickets/dept_inbox.php,SEED_ARTIFACT,"بلا رابطٍ نشِطٍ ولا يُبلَغ من شاشةِ هدف"
DEP-09,Risk/risk_appetite.php,LIVE_LINK_OWNER,"رابطٌ نشِطٌ في سايدبارِ الدور 29"
DEP-09,Risk/dept_risk_space.php,LIVE_LINK_OWNER,"رابطٌ نشِطٌ في سايدبارِ الدور 29"
DEP-09,Risk/risk_units.php,LIVE_LINK_OWNER,"رابطٌ نشِطٌ في سايدبارِ الدور 29"
DEP-09,Risk/risk_control_verify.php,LIVE_LINK_OWNER,"رابطٌ نشِطٌ في سايدبارِ الدور 29"
DEP-09,Risk/risk_incidents.php,LIVE_LINK_OWNER,"رابطٌ نشِطٌ في سايدبارِ الدور 29"
DEP-09,Risk/risk_committee.php,LIVE_LINK_OWNER,"رابطٌ نشِطٌ في سايدبارِ الدور 29"
DEP-09,Risk/risk_field.php,LIVE_LINK_OWNER,"رابطٌ نشِطٌ في سايدبارِ الدور 29"
DEP-09,Risk/gov_dept_rsk.php,LIVE_LINK_OWNER,"رابطٌ نشِطٌ في سايدبارِ الدور 29"
DEP-09,Risk/risk_dept_fin.php,SEED_ARTIFACT,"بلا رابطٍ نشِطٍ ولا يُبلَغ من شاشةِ هدف"
DEP-09,Risk/risk_dept_gov.php,SEED_ARTIFACT,"بلا رابطٍ نشِطٍ ولا يُبلَغ من شاشةِ هدف"
DEP-09,main/global_search.php,SEED_ARTIFACT,"بلا رابطٍ نشِطٍ ولا يُبلَغ من شاشةِ هدف"
DEP-09,main/soon.php,SEED_ARTIFACT,"بلا رابطٍ نشِطٍ ولا يُبلَغ من شاشةِ هدف"
DEP-09,main/user_profile.php,SEED_ARTIFACT,"بلا رابطٍ نشِطٍ ولا يُبلَغ من شاشةِ هدف"
DEP-09,Risk/risk_dept_cap.php,SEED_ARTIFACT,"بلا رابطٍ نشِطٍ ولا يُبلَغ من شاشةِ هدف"
DEP-09,Risk/risk_dept_crp.php,SEED_ARTIFACT,"بلا رابطٍ نشِطٍ ولا يُبلَغ من شاشةِ هدف"
DEP-09,Risk/risk_dept_flt.php,SEED_ARTIFACT,"بلا رابطٍ نشِطٍ ولا يُبلَغ من شاشةِ هدف"
DEP-09,Risk/risk_dept_hrm.php,SEED_ARTIFACT,"بلا رابطٍ نشِطٍ ولا يُبلَغ من شاشةِ هدف"
DEP-09,Risk/risk_dept_inv.php,SEED_ARTIFACT,"بلا رابطٍ نشِطٍ ولا يُبلَغ من شاشةِ هدف"
DEP-09,Risk/risk_dept_mnt.php,SEED_ARTIFACT,"بلا رابطٍ نشِطٍ ولا يُبلَغ من شاشةِ هدف"
DEP-09,Risk/risk_dept_ops.php,SEED_ARTIFACT,"بلا رابطٍ نشِطٍ ولا يُبلَغ من شاشةِ هدف"
DEP-09,Risk/risk_dept_prc.php,SEED_ARTIFACT,"بلا رابطٍ نشِطٍ ولا يُبلَغ من شاشةِ هدف"
DEP-09,Risk/risk_dept_sit.php,SEED_ARTIFACT,"بلا رابطٍ نشِطٍ ولا يُبلَغ من شاشةِ هدف"
DEP-09,Risk/risk_dept_trp.php,SEED_ARTIFACT,"بلا رابطٍ نشِطٍ ولا يُبلَغ من شاشةِ هدف"
DEP-09,Risk/risk_dept_wrk.php,SEED_ARTIFACT,"بلا رابطٍ نشِطٍ ولا يُبلَغ من شاشةِ هدف"
DEP-09,Risk/risk_dept_ceo.php,LIVE_LINK_OWNER,"رابطٌ نشِطٌ في سايدبارِ الدور 28"
DEP-09,Tickets/my_tickets.php,SEED_ARTIFACT,"بلا رابطٍ نشِطٍ ولا يُبلَغ من شاشةِ هدف"
DEP-09,Finance/fin_ratios.php,LIVE_LINK_OWNER,"رابطٌ نشِطٌ في سايدبارِ الدور 28"
DEP-09,Finance/fin_ratio_detail.php,LIVE_LINK_OWNER,"رابطٌ نشِطٌ في سايدبارِ الدور 28"
DEP-09,Finance/fin_ratio_targets.php,LIVE_LINK_OWNER,"رابطٌ نشِطٌ في سايدبارِ الدور 28"
DEP-09,Finance/fin_early_warning.php,LIVE_LINK_OWNER,"رابطٌ نشِطٌ في سايدبارِ الدور 28"
DEP-09,Finance/fin_unit_economics.php,LIVE_LINK_OWNER,"رابطٌ نشِطٌ في سايدبارِ الدور 28"
DEP-09,Finance/fin_contract_margin.php,LIVE_LINK_OWNER,"رابطٌ نشِطٌ في سايدبارِ الدور 28"
DEP-09,Finance/fin_project_pl.php,LIVE_LINK_OWNER,"رابطٌ نشِطٌ في سايدبارِ الدور 28"
DEP-09,Finance/fin_cashflow_stmt.php,LIVE_LINK_OWNER,"رابطٌ نشِطٌ في سايدبارِ الدور 28"
DEP-09,Finance/fin_equity_stmt.php,LIVE_LINK_OWNER,"رابطٌ نشِطٌ في سايدبارِ الدور 28"
DEP-09,Finance/fin_posting_matrix.php,LIVE_LINK_OWNER,"رابطٌ نشِطٌ في سايدبارِ الدور 28"
DEP-10,main/project_users.php,LIVE_LINK_OWNER,"رابطٌ نشِطٌ في سايدبارِ الدور 24"
DEP-10,Finance/budget_form_fin.php,LIVE_LINK_OWNER,"رابطٌ نشِطٌ في سايدبارِ الدور 24"
DEP-10,FinRequests/dept_inbox.php,LIVE_LINK_OWNER,"رابطٌ نشِطٌ في سايدبارِ الدور 24"
DEP-10,Tickets/ticket_categories_config.php,LIVE_LINK_OWNER,"رابطٌ نشِطٌ في سايدبارِ الدور 24"
DEP-10,Tickets/ticket_escalation_config.php,LIVE_LINK_OWNER,"رابطٌ نشِطٌ في سايدبارِ الدور 24"
DEP-10,Tickets/ticket_recurrence.php,LIVE_LINK_OWNER,"رابطٌ نشِطٌ في سايدبارِ الدور 24"
DEP-10,Portal/workspace.php,SEED_ARTIFACT,"بلا رابطٍ نشِطٍ ولا يُبلَغ من شاشةِ هدف"
DEP-10,Finance/approvals_inbox.php,LIVE_LINK_OWNER,"رابطٌ نشِطٌ في سايدبارِ الدور 24"
DEP-10,Maintenance/failure_report.php,SEED_ARTIFACT,"بلا رابطٍ نشِطٍ ولا يُبلَغ من شاشةِ هدف"
DEP-10,Tickets/ticket_workstreams_board.php,LIVE_LINK_OWNER,"رابطٌ نشِطٌ في سايدبارِ الدور 24"
DEP-10,Tickets/watchtower.php,LIVE_LINK_OWNER,"رابطٌ نشِطٌ في سايدبارِ الدور 24"
DEP-10,main/my_workspace.php,LIVE_LINK_OWNER,"رابطٌ نشِطٌ في سايدبارِ الدور 24"
DEP-10,Portal/my_kpi.php,SEED_ARTIFACT,"بلا رابطٍ نشِطٍ ولا يُبلَغ من شاشةِ هدف"
DEP-10,Portal/dept_board.php,SEED_ARTIFACT,"بلا رابطٍ نشِطٍ ولا يُبلَغ من شاشةِ هدف"
DEP-10,emsreports/index.php,LIVE_LINK_OWNER,"رابطٌ نشِطٌ في سايدبارِ الدور 24"
DEP-10,Finance/budget_dept.php,LIVE_LINK_OWNER,"رابطٌ نشِطٌ في سايدبارِ الدور 24"
DEP-10,main/profile.php,SEED_ARTIFACT,"بلا رابطٍ نشِطٍ ولا يُبلَغ من شاشةِ هدف"
DEP-10,Portal/dept_achievement.php,LIVE_LINK_OWNER,"رابطٌ نشِطٌ في سايدبارِ الدور 24"
DEP-10,Tickets/admin_close.php,LIVE_LINK_OWNER,"رابطٌ نشِطٌ في سايدبارِ الدور 24"
DEP-10,Risk/dept_risk_space.php,LIVE_LINK_OWNER,"رابطٌ نشِطٌ في سايدبارِ الدور 24"
DEP-10,Risk/risk_incidents.php,SEED_ARTIFACT,"بلا رابطٍ نشِطٍ ولا يُبلَغ من شاشةِ هدف"
DEP-10,Risk/risk_field.php,LIVE_LINK_OWNER,"رابطٌ نشِطٌ في سايدبارِ الدور 24"
DEP-10,Approvals/requests.php,SEED_ARTIFACT,"بلا رابطٍ نشِطٍ ولا يُبلَغ من شاشةِ هدف"
DEP-10,Tickets/inquiry.php,SEED_ARTIFACT,"بلا رابطٍ نشِطٍ ولا يُبلَغ من شاشةِ هدف"
DEP-10,Tickets/intake_classify.php,LIVE_LINK_OWNER,"رابطٌ نشِطٌ في سايدبارِ الدور 24"
DEP-10,main/global_search.php,SEED_ARTIFACT,"بلا رابطٍ نشِطٍ ولا يُبلَغ من شاشةِ هدف"
DEP-10,main/soon.php,SEED_ARTIFACT,"بلا رابطٍ نشِطٍ ولا يُبلَغ من شاشةِ هدف"
DEP-10,main/user_profile.php,SEED_ARTIFACT,"بلا رابطٍ نشِطٍ ولا يُبلَغ من شاشةِ هدف"
DEP-10,Risk/risk_dept_crp.php,SEED_ARTIFACT,"بلا رابطٍ نشِطٍ ولا يُبلَغ من شاشةِ هدف"
DEP-10,Tickets/ticket_close.php,SEED_ARTIFACT,"بلا رابطٍ نشِطٍ ولا يُبلَغ من شاشةِ هدف"
DEP-10,Tickets/ticket_kpi.php,SEED_ARTIFACT,"بلا رابطٍ نشِطٍ ولا يُبلَغ من شاشةِ هدف"
DEP-10,Tickets/my_tickets.php,SEED_ARTIFACT,"بلا رابطٍ نشِطٍ ولا يُبلَغ من شاشةِ هدف"
DEP-10,Portal/vp_departments.php,LIVE_LINK_OWNER,"رابطٌ نشِطٌ في سايدبارِ الدور 24"
DEP-10,Portal/vp_dashboard.php,LIVE_LINK_OWNER,"رابطٌ نشِطٌ في سايدبارِ الدور 24"
DEP-10,Portal/vp_approval_inbox.php,LIVE_LINK_OWNER,"رابطٌ نشِطٌ في سايدبارِ الدور 24"
DEP-10,Portal/vp_pending_actions.php,LIVE_LINK_OWNER,"رابطٌ نشِطٌ في سايدبارِ الدور 24"
DEP-11,Clients/clients.php,LIVE_LINK_OWNER,"رابطٌ نشِطٌ في سايدبارِ الدور 7"
DEP-11,Projects/projects.php,LIVE_LINK_OWNER,"رابطٌ نشِطٌ في سايدبارِ الدور 7"
DEP-11,Reports/reports.php,LIVE_LINK_OWNER,"رابطٌ نشِطٌ في سايدبارِ الدور 7"
DEP-11,Equipments/equipments_types.php,LIVE_LINK_OWNER,"رابطٌ نشِطٌ في سايدبارِ الدور 7"
DEP-11,ActivityLogs/activity_logs.php,LIVE_LINK_OWNER,"رابطٌ نشِطٌ في سايدبارِ الدور 7"
DEP-11,Contracts/contracts.php,LIVE_LINK_OWNER,"رابطٌ نشِطٌ في سايدبارِ الدور 7"
DEP-11,Contracts/contracts_details.php,SEED_ARTIFACT,"بلا رابطٍ نشِطٍ ولا يُبلَغ من شاشةِ هدف"
DEP-11,Maintenance/orders.php,LIVE_LINK_OWNER,"رابطٌ نشِطٌ في سايدبارِ الدور 7"
DEP-11,Maintenance/inspections.php,LIVE_LINK_OWNER,"رابطٌ نشِطٌ في سايدبارِ الدور 7"
DEP-11,Workforce/worker_leave_absence.php,LIVE_LINK_OWNER,"رابطٌ نشِطٌ في سايدبارِ الدور 7"
DEP-11,Employees/equipment_operators.php,LIVE_LINK_OWNER,"رابطٌ نشِطٌ في سايدبارِ الدور 7"
DEP-11,Procurement/requests_proc.php,LIVE_LINK_OWNER,"رابطٌ نشِطٌ في سايدبارِ الدور 7"
DEP-11,Procurement/receipt_custody_proc.php,LIVE_LINK_OWNER,"رابطٌ نشِطٌ في سايدبارِ الدور 7"
DEP-11,Procurement/stock_proc.php,LIVE_LINK_OWNER,"رابطٌ نشِطٌ في سايدبارِ الدور 7"
DEP-11,Procurement/issue_proc.php,LIVE_LINK_OWNER,"رابطٌ نشِطٌ في سايدبارِ الدور 7"
DEP-11,Finance/events_list_fin.php,LIVE_LINK_OWNER,"رابطٌ نشِطٌ في سايدبارِ الدور 7"
DEP-11,Finance/budget_form_fin.php,LIVE_LINK_OWNER,"رابطٌ نشِطٌ في سايدبارِ الدور 7"
DEP-11,Finance/cost_report_fin.php,LIVE_LINK_OWNER,"رابطٌ نشِطٌ في سايدبارِ الدور 7"
DEP-11,Finance/unit_records_fin.php,LIVE_LINK_OWNER,"رابطٌ نشِطٌ في سايدبارِ الدور 7"
DEP-11,Transport/transfer_requests.php,LIVE_LINK_OWNER,"رابطٌ نشِطٌ في سايدبارِ الدور 7"
DEP-11,Transport/transfer_orders_list.php,LIVE_LINK_OWNER,"رابطٌ نشِطٌ في سايدبارِ الدور 7"
DEP-11,FinRequests/dept_inbox.php,LIVE_LINK_OWNER,"رابطٌ نشِطٌ في سايدبارِ الدور 7"
DEP-11,Tickets/tickets_list.php,SEED_ARTIFACT,"بلا رابطٍ نشِطٍ ولا يُبلَغ من شاشةِ هدف"
DEP-11,Tickets/ticket_form.php,SEED_ARTIFACT,"بلا رابطٍ نشِطٍ ولا يُبلَغ من شاشةِ هدف"
DEP-11,main/role_board.php,LIVE_LINK_OWNER,"رابطٌ نشِطٌ في سايدبارِ الدور 7"
DEP-11,Equipments/equipment_documents.php,SEED_ARTIFACT,"بلا رابطٍ نشِطٍ ولا يُبلَغ من شاشةِ هدف"
DEP-11,Equipments/meter_readings.php,LIVE_LINK_OWNER,"رابطٌ نشِطٌ في سايدبارِ الدور 7"
DEP-11,Portal/workspace.php,SEED_ARTIFACT,"بلا رابطٍ نشِطٍ ولا يُبلَغ من شاشةِ هدف"
DEP-11,Finance/approvals_inbox.php,LIVE_LINK_OWNER,"رابطٌ نشِطٌ في سايدبارِ الدور 7"
DEP-11,Operations/operations_room.php,LIVE_LINK_OWNER,"رابطٌ نشِطٌ في سايدبارِ الدور 7"
DEP-11,Operations/distribution_space.php,LIVE_LINK_OWNER,"رابطٌ نشِطٌ في سايدبارِ الدور 7"
DEP-11,Fleet/readiness_board.php,LIVE_LINK_OWNER,"رابطٌ نشِطٌ في سايدبارِ الدور 7"
DEP-11,admin/org_permits.php,SEED_ARTIFACT,"بلا رابطٍ نشِطٍ ولا يُبلَغ من شاشةِ هدف"
DEP-11,Tickets/ticket_contextual_open.php,LIVE_LINK_OWNER,"رابطٌ نشِطٌ في سايدبارِ الدور 7"
DEP-11,main/my_workspace.php,LIVE_LINK_OWNER,"رابطٌ نشِطٌ في سايدبارِ الدور 7"
DEP-11,Contracts/contract_coverage.php,LIVE_LINK_OWNER,"رابطٌ نشِطٌ في سايدبارِ الدور 1"
DEP-11,Portal/my_kpi.php,SEED_ARTIFACT,"بلا رابطٍ نشِطٍ ولا يُبلَغ من شاشةِ هدف"
DEP-11,Equipments/equipments.php,LIVE_LINK_OWNER,"رابطٌ نشِطٌ في سايدبارِ الدور 7"
DEP-11,Portal/dept_board.php,SEED_ARTIFACT,"بلا رابطٍ نشِطٍ ولا يُبلَغ من شاشةِ هدف"
DEP-11,emsreports/index.php,LIVE_LINK_OWNER,"رابطٌ نشِطٌ في سايدبارِ الدور 7"
DEP-11,Finance/budget_dept.php,LIVE_LINK_OWNER,"رابطٌ نشِطٌ في سايدبارِ الدور 7"
DEP-11,main/profile.php,SEED_ARTIFACT,"بلا رابطٍ نشِطٍ ولا يُبلَغ من شاشةِ هدف"
DEP-11,Operations/attendance.php,LIVE_LINK_OWNER,"رابطٌ نشِطٌ في سايدبارِ الدور 7"
DEP-11,Operations/production.php,LIVE_LINK_OWNER,"رابطٌ نشِطٌ في سايدبارِ الدور 7"
DEP-11,Operations/shift_log.php,LIVE_LINK_OWNER,"رابطٌ نشِطٌ في سايدبارِ الدور 7"
DEP-11,Operations/site_gate_equip.php,LIVE_LINK_OWNER,"رابطٌ نشِطٌ في سايدبارِ الدور 7"
DEP-11,Operations/site_gate_person.php,LIVE_LINK_OWNER,"رابطٌ نشِطٌ في سايدبارِ الدور 7"
DEP-11,Operations/site_shift_plan.php,LIVE_LINK_OWNER,"رابطٌ نشِطٌ في سايدبارِ الدور 7"
DEP-11,Operations/site_work_calendar.php,LIVE_LINK_OWNER,"رابطٌ نشِطٌ في سايدبارِ الدور 7"
DEP-11,Operations/stops_unattributed.php,LIVE_LINK_OWNER,"رابطٌ نشِطٌ في سايدبارِ الدور 7"
DEP-11,Portal/dept_achievement.php,LIVE_LINK_OWNER,"رابطٌ نشِطٌ في سايدبارِ الدور 7"
DEP-11,Tickets/dept_inbox.php,SEED_ARTIFACT,"بلا رابطٍ نشِطٍ ولا يُبلَغ من شاشةِ هدف"
DEP-11,Approvals/requests.php,LIVE_LINK_OWNER,"رابطٌ نشِطٌ في سايدبارِ الدور 1"
DEP-11,Clients/client_profile.php,SEED_ARTIFACT,"بلا رابطٍ نشِطٍ ولا يُبلَغ من شاشةِ هدف"
DEP-11,Equipments/equipment_profile.php,SEED_ARTIFACT,"بلا رابطٍ نشِطٍ ولا يُبلَغ من شاشةِ هدف"
DEP-11,Projects/project_profile.php,SEED_ARTIFACT,"بلا رابطٍ نشِطٍ ولا يُبلَغ من شاشةِ هدف"
DEP-11,Reports/contract_report.php,SEED_ARTIFACT,"بلا رابطٍ نشِطٍ ولا يُبلَغ من شاشةِ هدف"
DEP-11,Reports/contractall.php,SEED_ARTIFACT,"بلا رابطٍ نشِطٍ ولا يُبلَغ من شاشةِ هدف"
DEP-11,Reports/deliy.php,SEED_ARTIFACT,"بلا رابطٍ نشِطٍ ولا يُبلَغ من شاشةِ هدف"
DEP-11,Reports/deriver.php,SEED_ARTIFACT,"بلا رابطٍ نشِطٍ ولا يُبلَغ من شاشةِ هدف"
DEP-11,Reports/driverAndsupplerscontract.php,SEED_ARTIFACT,"بلا رابطٍ نشِطٍ ولا يُبلَغ من شاشةِ هدف"
DEP-11,Reports/equipments_reports.php,SEED_ARTIFACT,"بلا رابطٍ نشِطٍ ولا يُبلَغ من شاشةِ هدف"
DEP-11,Reports/new_reports.php,SEED_ARTIFACT,"بلا رابطٍ نشِطٍ ولا يُبلَغ من شاشةِ هدف"
DEP-11,Reports/projects_reports.php,SEED_ARTIFACT,"بلا رابطٍ نشِطٍ ولا يُبلَغ من شاشةِ هدف"
DEP-11,Reports/timesheet_reports.php,SEED_ARTIFACT,"بلا رابطٍ نشِطٍ ولا يُبلَغ من شاشةِ هدف"
DEP-11,Reports/timesheetdeliy.php,SEED_ARTIFACT,"بلا رابطٍ نشِطٍ ولا يُبلَغ من شاشةِ هدف"
DEP-11,Timesheet/aprovment.php,SEED_ARTIFACT,"بلا رابطٍ نشِطٍ ولا يُبلَغ من شاشةِ هدف"
DEP-11,main/global_search.php,SEED_ARTIFACT,"بلا رابطٍ نشِطٍ ولا يُبلَغ من شاشةِ هدف"
DEP-11,main/soon.php,SEED_ARTIFACT,"بلا رابطٍ نشِطٍ ولا يُبلَغ من شاشةِ هدف"
DEP-11,main/user_profile.php,SEED_ARTIFACT,"بلا رابطٍ نشِطٍ ولا يُبلَغ من شاشةِ هدف"
DEP-11,movement/add_drivers.php,SEED_ARTIFACT,"بلا رابطٍ نشِطٍ ولا يُبلَغ من شاشةِ هدف"
DEP-11,movement/client_tree.php,SEED_ARTIFACT,"بلا رابطٍ نشِطٍ ولا يُبلَغ من شاشةِ هدف"
DEP-11,Equipments/select_project.php,SEED_ARTIFACT,"بلا رابطٍ نشِطٍ ولا يُبلَغ من شاشةِ هدف"
DEP-11,Risk/risk_dept_ops.php,SEED_ARTIFACT,"بلا رابطٍ نشِطٍ ولا يُبلَغ من شاشةِ هدف"
DEP-11,Operations/gov_dept_ops.php,SEED_ARTIFACT,"بلا رابطٍ نشِطٍ ولا يُبلَغ من شاشةِ هدف"
DEP-11,Tickets/my_tickets.php,SEED_ARTIFACT,"بلا رابطٍ نشِطٍ ولا يُبلَغ من شاشةِ هدف"
DEP-11,Operations/shift_entry.php,SEED_ARTIFACT,"بلا رابطٍ نشِطٍ ولا يُبلَغ من شاشةِ هدف"
DEP-11,Clients/client_contacts.php,SEED_ARTIFACT,"بلا رابطٍ نشِطٍ ولا يُبلَغ من شاشةِ هدف"
DEP-11,Fleet/asset_hours_reference.php,LIVE_LINK_OWNER,"رابطٌ نشِطٌ في سايدبارِ الدور 7"
DEP-11,Portal/vp_departments.php,LIVE_LINK_OWNER,"رابطٌ نشِطٌ في سايدبارِ الدور 7"
DEP-11,Portal/vp_dashboard.php,LIVE_LINK_OWNER,"رابطٌ نشِطٌ في سايدبارِ الدور 7"
DEP-11,Fleet/asset_full_history.php,LIVE_LINK_OWNER,"رابطٌ نشِطٌ في سايدبارِ الدور 7"
DEP-11,Portal/vp_approval_inbox.php,LIVE_LINK_OWNER,"رابطٌ نشِطٌ في سايدبارِ الدور 7"
DEP-11,Portal/vp_pending_actions.php,LIVE_LINK_OWNER,"رابطٌ نشِطٌ في سايدبارِ الدور 7"
DEP-11,Fleet/fleet_schema_matrix.php,LIVE_LINK_OWNER,"رابطٌ نشِطٌ في سايدبارِ الدور 7"
DEP-11,Fleet/asset_assignments.php,LIVE_LINK_OWNER,"رابطٌ نشِطٌ في سايدبارِ الدور 7"
DEP-11,Fleet/asset_exit.php,LIVE_LINK_OWNER,"رابطٌ نشِطٌ في سايدبارِ الدور 7"
DEP-11,Fleet/asset_intake.php,LIVE_LINK_OWNER,"رابطٌ نشِطٌ في سايدبارِ الدور 7"
DEP-11,Fleet/asset_readiness.php,LIVE_LINK_OWNER,"رابطٌ نشِطٌ في سايدبارِ الدور 7"
DEP-11,Fleet/asset_use_rights.php,LIVE_LINK_OWNER,"رابطٌ نشِطٌ في سايدبارِ الدور 7"
DEP-11,Maintenance/breakdown_intake.php,LIVE_LINK_OWNER,"رابطٌ نشِطٌ في سايدبارِ الدور 7"
DEP-11,Maintenance/external_repairs.php,LIVE_LINK_OWNER,"رابطٌ نشِطٌ في سايدبارِ الدور 7"
DEP-11,Maintenance/part_requests.php,LIVE_LINK_OWNER,"رابطٌ نشِطٌ في سايدبارِ الدور 7"
DEP-11,Maintenance/repeat_repairs.php,LIVE_LINK_OWNER,"رابطٌ نشِطٌ في سايدبارِ الدور 7"
DEP-11,Procurement/proc_packages.php,LIVE_LINK_OWNER,"رابطٌ نشِطٌ في سايدبارِ الدور 7"
DEP-11,Procurement/proc_rfq.php,LIVE_LINK_OWNER,"رابطٌ نشِطٌ في سايدبارِ الدور 7"
DEP-11,Procurement/wh_issue_requests.php,LIVE_LINK_OWNER,"رابطٌ نشِطٌ في سايدبارِ الدور 7"
DEP-11,Transport/transfer_origin_handover.php,LIVE_LINK_OWNER,"رابطٌ نشِطٌ في سايدبارِ الدور 7"
DEP-11,fleet/power_sources.php,SEED_ARTIFACT,"بلا رابطٍ نشِطٍ ولا يُبلَغ من شاشةِ هدف"
DEP-11,fleet/classification_directory.php,SEED_ARTIFACT,"بلا رابطٍ نشِطٍ ولا يُبلَغ من شاشةِ هدف"
DEP-11,fleet/inspection_card.php,SEED_ARTIFACT,"بلا رابطٍ نشِطٍ ولا يُبلَغ من شاشةِ هدف"
DEP-11,fleet/asset_card.php,SEED_ARTIFACT,"بلا رابطٍ نشِطٍ ولا يُبلَغ من شاشةِ هدف"
DEP-11,fleet/asset_documents.php,SEED_ARTIFACT,"بلا رابطٍ نشِطٍ ولا يُبلَغ من شاشةِ هدف"
DEP-11,fleet/asset_components.php,SEED_ARTIFACT,"بلا رابطٍ نشِطٍ ولا يُبلَغ من شاشةِ هدف"
DEP-11,fleet/daily_operating_log.php,SEED_ARTIFACT,"بلا رابطٍ نشِطٍ ولا يُبلَغ من شاشةِ هدف"
DEP-11,fleet/technical_state.php,SEED_ARTIFACT,"بلا رابطٍ نشِطٍ ولا يُبلَغ من شاشةِ هدف"
DEP-11,fleet/state_change_log.php,SEED_ARTIFACT,"بلا رابطٍ نشِطٍ ولا يُبلَغ من شاشةِ هدف"
DEP-11,fleet/breakdown_log.php,SEED_ARTIFACT,"بلا رابطٍ نشِطٍ ولا يُبلَغ من شاشةِ هدف"
DEP-11,fleet/exception_register.php,SEED_ARTIFACT,"بلا رابطٍ نشِطٍ ولا يُبلَغ من شاشةِ هدف"
DEP-11,fleet/external_auditor_notes.php,SEED_ARTIFACT,"بلا رابطٍ نشِطٍ ولا يُبلَغ من شاشةِ هدف"
DEP-11,fleet/source_conflicts.php,SEED_ARTIFACT,"بلا رابطٍ نشِطٍ ولا يُبلَغ من شاشةِ هدف"
DEP-11,fleet/open_points.php,SEED_ARTIFACT,"بلا رابطٍ نشِطٍ ولا يُبلَغ من شاشةِ هدف"
DEP-11,fleet/management_decisions.php,SEED_ARTIFACT,"بلا رابطٍ نشِطٍ ولا يُبلَغ من شاشةِ هدف"
DEP-11,fleet/fleet_board.php,SEED_ARTIFACT,"بلا رابطٍ نشِطٍ ولا يُبلَغ من شاشةِ هدف"
DEP-11,fleet/asset_life_reference.php,SEED_ARTIFACT,"بلا رابطٍ نشِطٍ ولا يُبلَغ من شاشةِ هدف"
DEP-11,fleet/use_right_ranges.php,SEED_ARTIFACT,"بلا رابطٍ نشِطٍ ولا يُبلَغ من شاشةِ هدف"
DEP-11,fleet/code_reconciliation.php,SEED_ARTIFACT,"بلا رابطٍ نشِطٍ ولا يُبلَغ من شاشةِ هدف"
DEP-11,fleet/numbering_bridge.php,SEED_ARTIFACT,"بلا رابطٍ نشِطٍ ولا يُبلَغ من شاشةِ هدف"
DEP-11,fleet/owner_reconciliation.php,SEED_ARTIFACT,"بلا رابطٍ نشِطٍ ولا يُبلَغ من شاشةِ هدف"
DEP-11,fleet/register_operation_recon.php,SEED_ARTIFACT,"بلا رابطٍ نشِطٍ ولا يُبلَغ من شاشةِ هدف"
DEP-11,fleet/financed_asset_recon.php,SEED_ARTIFACT,"بلا رابطٍ نشِطٍ ولا يُبلَغ من شاشةِ هدف"
DEP-11,operations/site_board.php,SEED_ARTIFACT,"بلا رابطٍ نشِطٍ ولا يُبلَغ من شاشةِ هدف"
DEP-11,operations/site_register.php,SEED_ARTIFACT,"بلا رابطٍ نشِطٍ ولا يُبلَغ من شاشةِ هدف"
DEP-11,operations/site_readiness_items.php,SEED_ARTIFACT,"بلا رابطٍ نشِطٍ ولا يُبلَغ من شاشةِ هدف"
DEP-11,operations/site_day_open.php,SEED_ARTIFACT,"بلا رابطٍ نشِطٍ ولا يُبلَغ من شاشةِ هدف"
DEP-11,operations/site_day_units.php,SEED_ARTIFACT,"بلا رابطٍ نشِطٍ ولا يُبلَغ من شاشةِ هدف"
DEP-11,operations/site_day_shifts.php,SEED_ARTIFACT,"بلا رابطٍ نشِطٍ ولا يُبلَغ من شاشةِ هدف"
DEP-11,operations/site_stop_decision.php,SEED_ARTIFACT,"بلا رابطٍ نشِطٍ ولا يُبلَغ من شاشةِ هدف"
DEP-11,operations/site_day_approval.php,SEED_ARTIFACT,"بلا رابطٍ نشِطٍ ولا يُبلَغ من شاشةِ هدف"
DEP-11,operations/site_shift_handover.php,SEED_ARTIFACT,"بلا رابطٍ نشِطٍ ولا يُبلَغ من شاشةِ هدف"
DEP-11,operations/site_state_requests.php,SEED_ARTIFACT,"بلا رابطٍ نشِطٍ ولا يُبلَغ من شاشةِ هدف"
DEP-11,operations/site_request_items.php,SEED_ARTIFACT,"بلا رابطٍ نشِطٍ ولا يُبلَغ من شاشةِ هدف"
DEP-11,operations/site_supply_requests.php,SEED_ARTIFACT,"بلا رابطٍ نشِطٍ ولا يُبلَغ من شاشةِ هدف"
DEP-11,operations/site_request_batches.php,SEED_ARTIFACT,"بلا رابطٍ نشِطٍ ولا يُبلَغ من شاشةِ هدف"
DEP-11,operations/site_field_expense.php,SEED_ARTIFACT,"بلا رابطٍ نشِطٍ ولا يُبلَغ من شاشةِ هدف"
DEP-11,operations/site_day_close_report.php,SEED_ARTIFACT,"بلا رابطٍ نشِطٍ ولا يُبلَغ من شاشةِ هدف"
DEP-11,operations/site_suspension.php,SEED_ARTIFACT,"بلا رابطٍ نشِطٍ ولا يُبلَغ من شاشةِ هدف"
DEP-11,operations/site_closure_items.php,SEED_ARTIFACT,"بلا رابطٍ نشِطٍ ولا يُبلَغ من شاشةِ هدف"
DEP-11,operations/site_reference_registry.php,SEED_ARTIFACT,"بلا رابطٍ نشِطٍ ولا يُبلَغ من شاشةِ هدف"
DEP-11,contracts/sales_activities.php,SEED_ARTIFACT,"بلا رابطٍ نشِطٍ ولا يُبلَغ من شاشةِ هدف"
DEP-11,contracts/precontract_review.php,SEED_ARTIFACT,"بلا رابطٍ نشِطٍ ولا يُبلَغ من شاشةِ هدف"
DEP-11,contracts/contract_commercial_lines.php,SEED_ARTIFACT,"بلا رابطٍ نشِطٍ ولا يُبلَغ من شاشةِ هدف"
DEP-11,contracts/contract_obligation_matrix.php,SEED_ARTIFACT,"بلا رابطٍ نشِطٍ ولا يُبلَغ من شاشةِ هدف"
DEP-11,contracts/contract_baseline_targets.php,SEED_ARTIFACT,"بلا رابطٍ نشِطٍ ولا يُبلَغ من شاشةِ هدف"
DEP-11,contracts/contract_coverage_cycles.php,SEED_ARTIFACT,"بلا رابطٍ نشِطٍ ولا يُبلَغ من شاشةِ هدف"
DEP-11,contracts/monthly_containers_loss.php,SEED_ARTIFACT,"بلا رابطٍ نشِطٍ ولا يُبلَغ من شاشةِ هدف"
DEP-11,contracts/monthly_sales_performance.php,SEED_ARTIFACT,"بلا رابطٍ نشِطٍ ولا يُبلَغ من شاشةِ هدف"
DEP-11,contracts/contract_amendments_renewal.php,SEED_ARTIFACT,"بلا رابطٍ نشِطٍ ولا يُبلَغ من شاشةِ هدف"
DEP-11,maintenance/fault_tree.php,SEED_ARTIFACT,"بلا رابطٍ نشِطٍ ولا يُبلَغ من شاشةِ هدف"
DEP-11,maintenance/fleet_inspection_orders.php,SEED_ARTIFACT,"بلا رابطٍ نشِطٍ ولا يُبلَغ من شاشةِ هدف"
DEP-11,maintenance/downtime_segments.php,SEED_ARTIFACT,"بلا رابطٍ نشِطٍ ولا يُبلَغ من شاشةِ هدف"
DEP-11,maintenance/diagnosis_requests.php,SEED_ARTIFACT,"بلا رابطٍ نشِطٍ ولا يُبلَغ من شاشةِ هدف"
DEP-11,maintenance/work_orders.php,SEED_ARTIFACT,"بلا رابطٍ نشِطٍ ولا يُبلَغ من شاشةِ هدف"
DEP-11,maintenance/work_order_labor.php,SEED_ARTIFACT,"بلا رابطٍ نشِطٍ ولا يُبلَغ من شاشةِ هدف"
DEP-11,maintenance/return_to_service_cert.php,SEED_ARTIFACT,"بلا رابطٍ نشِطٍ ولا يُبلَغ من شاشةِ هدف"
DEP-11,Employees/employees.php,LIVE_LINK_OWNER,"رابطٌ نشِطٌ في سايدبارِ الدور 1"
DEP-11,Equipments/equipments_fleet.php,LIVE_LINK_OWNER,"رابطٌ نشِطٌ في سايدبارِ الدور 1"
DEP-11,Oprators/oprators.php,SEED_ARTIFACT,"بلا رابطٍ نشِطٍ ولا يُبلَغ من شاشةِ هدف"
DEP-11,main/project_users.php,LIVE_LINK_OWNER,"رابطٌ نشِطٌ في سايدبارِ الدور 1"
DEP-11,Equipments/manage_failure_codes.php,LIVE_LINK_OWNER,"رابطٌ نشِطٌ في سايدبارِ الدور 1"
DEP-11,Equipments/fleet_models.php,LIVE_LINK_OWNER,"رابطٌ نشِطٌ في سايدبارِ الدور 1"
DEP-11,Equipments/fleet_depreciation_profiles.php,LIVE_LINK_OWNER,"رابطٌ نشِطٌ في سايدبارِ الدور 1"
DEP-11,Employees/employee_contracts.php,SEED_ARTIFACT,"بلا رابطٍ نشِطٍ ولا يُبلَغ من شاشةِ هدف"
DEP-11,Employees/employee_contracts_details.php,SEED_ARTIFACT,"بلا رابطٍ نشِطٍ ولا يُبلَغ من شاشةِ هدف"
DEP-11,Employees/employee_profile.php,SEED_ARTIFACT,"بلا رابطٍ نشِطٍ ولا يُبلَغ من شاشةِ هدف"
DEP-11,Employees/showcontractemployee.php,SEED_ARTIFACT,"بلا رابطٍ نشِطٍ ولا يُبلَغ من شاشةِ هدف"
DEP-11,Finance/payments_fin.php,LIVE_LINK_OWNER,"رابطٌ نشِطٌ في سايدبارِ الدور 1"
DEP-11,Settings/role_permissions.php,SEED_ARTIFACT,"بلا رابطٍ نشِطٍ ولا يُبلَغ من شاشةِ هدف"
DEP-11,Settings/roles.php,SEED_ARTIFACT,"بلا رابطٍ نشِطٍ ولا يُبلَغ من شاشةِ هدف"
DEP-11,Finance/variance_monitor_fin.php,LIVE_LINK_OWNER,"رابطٌ نشِطٌ في سايدبارِ الدور 1"
DEP-11,Contracts/claims.php,LIVE_LINK_OWNER,"رابطٌ نشِطٌ في سايدبارِ الدور 1"
DEP-11,Contracts/contract_obligations.php,LIVE_LINK_OWNER,"رابطٌ نشِطٌ في سايدبارِ الدور 1"
DEP-11,Approvals/attribution_board.php,LIVE_LINK_OWNER,"رابطٌ نشِطٌ في سايدبارِ الدور 1"
DEP-11,Contracts/penalties.php,LIVE_LINK_OWNER,"رابطٌ نشِطٌ في سايدبارِ الدور 1"
DEP-11,Workforce/employee_settlements.php,SEED_ARTIFACT,"بلا رابطٍ نشِطٍ ولا يُبلَغ من شاشةِ هدف"
DEP-11,Operations/containers.php,LIVE_LINK_OWNER,"رابطٌ نشِطٌ في سايدبارِ الدور 1"
DEP-11,Projects/sites.php,LIVE_LINK_OWNER,"رابطٌ نشِطٌ في سايدبارِ الدور 1"
DEP-11,Contracts/price_terms.php,LIVE_LINK_OWNER,"رابطٌ نشِطٌ في سايدبارِ الدور 1"
DEP-11,Contracts/contract_resource_plan.php,LIVE_LINK_OWNER,"رابطٌ نشِطٌ في سايدبارِ الدور 1"
DEP-11,Reports/daily_units_report.php,LIVE_LINK_OWNER,"رابطٌ نشِطٌ في سايدبارِ الدور 1"
DEP-11,Maintenance/failure_report.php,SEED_ARTIFACT,"بلا رابطٍ نشِطٍ ولا يُبلَغ من شاشةِ هدف"
DEP-11,Contracts/contract_card.php,SEED_ARTIFACT,"بلا رابطٍ نشِطٍ ولا يُبلَغ من شاشةِ هدف"
DEP-11,Employees/employee_card.php,SEED_ARTIFACT,"بلا رابطٍ نشِطٍ ولا يُبلَغ من شاشةِ هدف"
DEP-11,Reports/margin_report.php,LIVE_LINK_OWNER,"رابطٌ نشِطٌ في سايدبارِ الدور 1"
DEP-11,Reports/exceptions_report.php,SEED_ARTIFACT,"بلا رابطٍ نشِطٍ ولا يُبلَغ من شاشةِ هدف"
DEP-11,Reports/guard_denials_report.php,SEED_ARTIFACT,"بلا رابطٍ نشِطٍ ولا يُبلَغ من شاشةِ هدف"
DEP-11,Settings/guard_classification.php,LIVE_LINK_OWNER,"رابطٌ نشِطٌ في سايدبارِ الدور 1"
DEP-11,Governance/entities_registry.php,LIVE_LINK_OWNER,"رابطٌ نشِطٌ في سايدبارِ الدور 1"
DEP-11,Governance/signing_authority.php,LIVE_LINK_OWNER,"رابطٌ نشِطٌ في سايدبارِ الدور 1"
DEP-11,Governance/licenses_guarantees.php,LIVE_LINK_OWNER,"رابطٌ نشِطٌ في سايدبارِ الدور 1"
DEP-11,Governance/activation_patterns.php,LIVE_LINK_OWNER,"رابطٌ نشِطٌ في سايدبارِ الدور 1"
DEP-11,Financing/financiers_registry.php,LIVE_LINK_OWNER,"رابطٌ نشِطٌ في سايدبارِ الدور 1"
DEP-11,Financing/financing_operation_new.php,LIVE_LINK_OWNER,"رابطٌ نشِطٌ في سايدبارِ الدور 1"
DEP-11,Reports/approval_lag_report.php,LIVE_LINK_OWNER,"رابطٌ نشِطٌ في سايدبارِ الدور 1"
DEP-11,Governance/ownership_grants.php,LIVE_LINK_OWNER,"رابطٌ نشِطٌ في سايدبارِ الدور 1"
DEP-11,admin/ops_manager_board.php,SEED_ARTIFACT,"بلا رابطٍ نشِطٍ ولا يُبلَغ من شاشةِ هدف"
DEP-11,admin/org_assignments.php,SEED_ARTIFACT,"بلا رابطٍ نشِطٍ ولا يُبلَغ من شاشةِ هدف"
DEP-11,admin/org_structure.php,SEED_ARTIFACT,"بلا رابطٍ نشِطٍ ولا يُبلَغ من شاشةِ هدف"
DEP-11,Settings/modules.php,SEED_ARTIFACT,"بلا رابطٍ نشِطٍ ولا يُبلَغ من شاشةِ هدف"
DEP-11,Governance/gov_reports.php,SEED_ARTIFACT,"بلا رابطٍ نشِطٍ ولا يُبلَغ من شاشةِ هدف"
DEP-11,Operations/equipment_quota.php,LIVE_LINK_OWNER,"رابطٌ نشِطٌ في سايدبارِ الدور 1"
DEP-11,Operations/unbilled.php,LIVE_LINK_OWNER,"رابطٌ نشِطٌ في سايدبارِ الدور 1"
DEP-11,Operations/unit_perf.php,LIVE_LINK_OWNER,"رابطٌ نشِطٌ في سايدبارِ الدور 1"
DEP-11,Suppliers/shares_coverage.php,LIVE_LINK_OWNER,"رابطٌ نشِطٌ في سايدبارِ الدور 1"
DEP-11,Risk/dept_risk_space.php,LIVE_LINK_OWNER,"رابطٌ نشِطٌ في سايدبارِ الدور 1"
DEP-11,Risk/risk_incidents.php,SEED_ARTIFACT,"بلا رابطٍ نشِطٍ ولا يُبلَغ من شاشةِ هدف"
DEP-11,Risk/risk_field.php,LIVE_LINK_OWNER,"رابطٌ نشِطٌ في سايدبارِ الدور 1"
DEP-11,Finance/fin_unit_economics.php,SEED_ARTIFACT,"بلا رابطٍ نشِطٍ ولا يُبلَغ من شاشةِ هدف"
DEP-11,Finance/fin_contract_margin.php,SEED_ARTIFACT,"بلا رابطٍ نشِطٍ ولا يُبلَغ من شاشةِ هدف"
DEP-11,Employees/employee_equipment_history.php,SEED_ARTIFACT,"بلا رابطٍ نشِطٍ ولا يُبلَغ من شاشةِ هدف"
DEP-11,Operations/sites_board.php,SEED_ARTIFACT,"بلا رابطٍ نشِطٍ ولا يُبلَغ من شاشةِ هدف"
DEP-11,Operations/swap_request.php,LIVE_LINK_OWNER,"رابطٌ نشِطٌ في سايدبارِ الدور 1"
DEP-11,Suppliers/supplier_profile.php,SEED_ARTIFACT,"بلا رابطٍ نشِطٍ ولا يُبلَغ من شاشةِ هدف"
DEP-11,movement/move_oprators.php,SEED_ARTIFACT,"بلا رابطٍ نشِطٍ ولا يُبلَغ من شاشةِ هدف"
DEP-11,Suppliers/sup_handover.php,SEED_ARTIFACT,"بلا رابطٍ نشِطٍ ولا يُبلَغ من شاشةِ هدف"
DEP-11,Contracts/unit_client_match.php,SEED_ARTIFACT,"بلا رابطٍ نشِطٍ ولا يُبلَغ من شاشةِ هدف"
DEP-11,Contracts/unit_statement_client.php,SEED_ARTIFACT,"بلا رابطٍ نشِطٍ ولا يُبلَغ من شاشةِ هدف"
DEP-11,main/glossary.php,SEED_ARTIFACT,"بلا رابطٍ نشِطٍ ولا يُبلَغ من شاشةِ هدف"
DEP-11,Operations/unit_correction.php,LIVE_LINK_OWNER,"رابطٌ نشِطٌ في سايدبارِ الدور 1"
DEP-11,Suppliers/supplier_targets.php,LIVE_LINK_OWNER,"رابطٌ نشِطٌ في سايدبارِ الدور 1"
DEP-11,Suppliers/supplier_aging.php,LIVE_LINK_OWNER,"رابطٌ نشِطٌ في سايدبارِ الدور 1"
DEP-11,Employees/hr_board.php,LIVE_LINK_OWNER,"رابطٌ نشِطٌ في سايدبارِ الدور 1"
DEP-11,Employees/hr_disciplinary.php,LIVE_LINK_OWNER,"رابطٌ نشِطٌ في سايدبارِ الدور 1"
DEP-11,Employees/hr_employee_documents.php,LIVE_LINK_OWNER,"رابطٌ نشِطٌ في سايدبارِ الدور 1"
DEP-11,Employees/hr_job_movements.php,LIVE_LINK_OWNER,"رابطٌ نشِطٌ في سايدبارِ الدور 1"
DEP-11,Employees/hr_onboarding.php,LIVE_LINK_OWNER,"رابطٌ نشِطٌ في سايدبارِ الدور 1"
DEP-11,Employees/hr_performance.php,LIVE_LINK_OWNER,"رابطٌ نشِطٌ في سايدبارِ الدور 1"
DEP-11,Employees/hr_training.php,LIVE_LINK_OWNER,"رابطٌ نشِطٌ في سايدبارِ الدور 1"
DEP-11,Finance/tre_allocations.php,LIVE_LINK_OWNER,"رابطٌ نشِطٌ في سايدبارِ الدور 1"
DEP-11,Finance/tre_beneficiary.php,LIVE_LINK_OWNER,"رابطٌ نشِطٌ في سايدبارِ الدور 1"
DEP-11,Finance/tre_cash_count.php,LIVE_LINK_OWNER,"رابطٌ نشِطٌ في سايدبارِ الدور 1"
DEP-11,Finance/tre_cash_moves.php,LIVE_LINK_OWNER,"رابطٌ نشِطٌ في سايدبارِ الدور 1"
DEP-11,Finance/tre_instruments.php,LIVE_LINK_OWNER,"رابطٌ نشِطٌ في سايدبارِ الدور 1"
DEP-11,Finance/tre_pay_batch.php,LIVE_LINK_OWNER,"رابطٌ نشِطٌ في سايدبارِ الدور 1"
DEP-11,Finance/tre_payment_queue.php,LIVE_LINK_OWNER,"رابطٌ نشِطٌ في سايدبارِ الدور 1"
DEP-11,Finance/tre_petty_cash.php,LIVE_LINK_OWNER,"رابطٌ نشِطٌ في سايدبارِ الدور 1"
DEP-11,Finance/tre_transfers.php,LIVE_LINK_OWNER,"رابطٌ نشِطٌ في سايدبارِ الدور 1"
DEP-11,Financing/fin_contract_terms.php,LIVE_LINK_OWNER,"رابطٌ نشِطٌ في سايدبارِ الدور 1"
DEP-11,Financing/fin_contracts.php,LIVE_LINK_OWNER,"رابطٌ نشِطٌ في سايدبارِ الدور 1"
DEP-11,Financing/fin_covenants.php,LIVE_LINK_OWNER,"رابطٌ نشِطٌ في سايدبارِ الدور 1"
DEP-11,Financing/fin_due_diligence.php,LIVE_LINK_OWNER,"رابطٌ نشِطٌ في سايدبارِ الدور 1"
DEP-11,Financing/fin_financier_contacts.php,LIVE_LINK_OWNER,"رابطٌ نشِطٌ في سايدبارِ الدور 1"
DEP-11,Governance/compliance_calendar.php,LIVE_LINK_OWNER,"رابطٌ نشِطٌ في سايدبارِ الدور 1"
DEP-11,Governance/gov_board.php,LIVE_LINK_OWNER,"رابطٌ نشِطٌ في سايدبارِ الدور 1"
DEP-11,Governance/obligations.php,LIVE_LINK_OWNER,"رابطٌ نشِطٌ في سايدبارِ الدور 1"
DEP-11,Governance/policies.php,LIVE_LINK_OWNER,"رابطٌ نشِطٌ في سايدبارِ الدور 1"
DEP-11,Governance/regulatory_filings.php,LIVE_LINK_OWNER,"رابطٌ نشِطٌ في سايدبارِ الدور 1"
DEP-11,Workforce/hr_workforce_report.php,LIVE_LINK_OWNER,"رابطٌ نشِطٌ في سايدبارِ الدور 1"
DEP-11,Operations/fleet_calendar.php,SEED_ARTIFACT,"بلا رابطٍ نشِطٍ ولا يُبلَغ من شاشةِ هدف"
DEP-11,Operations/fleet_utilization.php,SEED_ARTIFACT,"بلا رابطٍ نشِطٍ ولا يُبلَغ من شاشةِ هدف"
DEP-12,Clients/clients.php,SEED_ARTIFACT,"بلا رابطٍ نشِطٍ ولا يُبلَغ من شاشةِ هدف"
DEP-12,Projects/projects.php,LIVE_LINK_OWNER,"رابطٌ نشِطٌ في سايدبارِ الدور 6"
DEP-12,Reports/reports.php,LIVE_LINK_OWNER,"رابطٌ نشِطٌ في سايدبارِ الدور 6"
DEP-12,Equipments/equipments_types.php,SEED_ARTIFACT,"بلا رابطٍ نشِطٍ ولا يُبلَغ من شاشةِ هدف"
DEP-12,Employees/employees.php,SEED_ARTIFACT,"بلا رابطٍ نشِطٍ ولا يُبلَغ من شاشةِ هدف"
DEP-12,Equipments/equipments_fleet.php,SEED_ARTIFACT,"بلا رابطٍ نشِطٍ ولا يُبلَغ من شاشةِ هدف"
DEP-12,Oprators/oprators.php,SEED_ARTIFACT,"بلا رابطٍ نشِطٍ ولا يُبلَغ من شاشةِ هدف"
DEP-12,Timesheet/timesheet_type.php,LIVE_LINK_OWNER,"رابطٌ نشِطٌ في سايدبارِ الدور 6"
DEP-12,ActivityLogs/activity_logs.php,SEED_ARTIFACT,"بلا رابطٍ نشِطٍ ولا يُبلَغ من شاشةِ هدف"
DEP-12,main/project_users.php,LIVE_LINK_OWNER,"رابطٌ نشِطٌ في سايدبارِ الدور 6"
DEP-12,Contracts/contracts.php,LIVE_LINK_OWNER,"رابطٌ نشِطٌ في سايدبارِ الدور 6"
DEP-12,Contracts/contracts_details.php,SEED_ARTIFACT,"بلا رابطٍ نشِطٍ ولا يُبلَغ من شاشةِ هدف"
DEP-12,Suppliers/suppliers.php,SEED_ARTIFACT,"بلا رابطٍ نشِطٍ ولا يُبلَغ من شاشةِ هدف"
DEP-12,Oprators/select_project.php,SEED_ARTIFACT,"بلا رابطٍ نشِطٍ ولا يُبلَغ من شاشةِ هدف"
DEP-12,Suppliers/supplierscontracts.php,SEED_ARTIFACT,"بلا رابطٍ نشِطٍ ولا يُبلَغ من شاشةِ هدف"
DEP-12,Suppliers/supplierscontracts_details.php,SEED_ARTIFACT,"بلا رابطٍ نشِطٍ ولا يُبلَغ من شاشةِ هدف"
DEP-12,movement/project_drivers.php,SEED_ARTIFACT,"بلا رابطٍ نشِطٍ ولا يُبلَغ من شاشةِ هدف"
DEP-12,movement/movement_operations.php,LIVE_LINK_OWNER,"رابطٌ نشِطٌ في سايدبارِ الدور 6"
DEP-12,movement/map_page.php,LIVE_LINK_OWNER,"رابطٌ نشِطٌ في سايدبارِ الدور 6"
DEP-12,Equipments/fleet_models.php,SEED_ARTIFACT,"بلا رابطٍ نشِطٍ ولا يُبلَغ من شاشةِ هدف"
DEP-12,Equipments/fleet_depreciation_profiles.php,SEED_ARTIFACT,"بلا رابطٍ نشِطٍ ولا يُبلَغ من شاشةِ هدف"
DEP-12,Maintenance/orders.php,LIVE_LINK_OWNER,"رابطٌ نشِطٌ في سايدبارِ الدور 6"
DEP-12,Maintenance/inspections.php,LIVE_LINK_OWNER,"رابطٌ نشِطٌ في سايدبارِ الدور 6"
DEP-12,Workforce/worker_leave_absence.php,LIVE_LINK_OWNER,"رابطٌ نشِطٌ في سايدبارِ الدور 6"
DEP-12,Employees/equipment_operators.php,LIVE_LINK_OWNER,"رابطٌ نشِطٌ في سايدبارِ الدور 6"
DEP-12,Employees/employee_contracts.php,SEED_ARTIFACT,"بلا رابطٍ نشِطٍ ولا يُبلَغ من شاشةِ هدف"
DEP-12,Employees/employee_contracts_details.php,SEED_ARTIFACT,"بلا رابطٍ نشِطٍ ولا يُبلَغ من شاشةِ هدف"
DEP-12,Employees/employee_profile.php,SEED_ARTIFACT,"بلا رابطٍ نشِطٍ ولا يُبلَغ من شاشةِ هدف"
DEP-12,Employees/showcontractemployee.php,SEED_ARTIFACT,"بلا رابطٍ نشِطٍ ولا يُبلَغ من شاشةِ هدف"
DEP-12,Procurement/requests_proc.php,LIVE_LINK_OWNER,"رابطٌ نشِطٌ في سايدبارِ الدور 6"
DEP-12,Procurement/receipt_custody_proc.php,LIVE_LINK_OWNER,"رابطٌ نشِطٌ في سايدبارِ الدور 6"
DEP-12,Procurement/stock_proc.php,LIVE_LINK_OWNER,"رابطٌ نشِطٌ في سايدبارِ الدور 6"
DEP-12,Procurement/issue_proc.php,LIVE_LINK_OWNER,"رابطٌ نشِطٌ في سايدبارِ الدور 6"
DEP-12,Finance/events_list_fin.php,LIVE_LINK_OWNER,"رابطٌ نشِطٌ في سايدبارِ الدور 6"
DEP-12,Finance/budget_form_fin.php,LIVE_LINK_OWNER,"رابطٌ نشِطٌ في سايدبارِ الدور 6"
DEP-12,Finance/cost_report_fin.php,LIVE_LINK_OWNER,"رابطٌ نشِطٌ في سايدبارِ الدور 6"
DEP-12,Finance/unit_records_fin.php,LIVE_LINK_OWNER,"رابطٌ نشِطٌ في سايدبارِ الدور 6"
DEP-12,Transport/transfer_requests.php,LIVE_LINK_OWNER,"رابطٌ نشِطٌ في سايدبارِ الدور 6"
DEP-12,Transport/transfer_orders_list.php,LIVE_LINK_OWNER,"رابطٌ نشِطٌ في سايدبارِ الدور 6"
DEP-12,FinRequests/dept_inbox.php,LIVE_LINK_OWNER,"رابطٌ نشِطٌ في سايدبارِ الدور 6"
DEP-12,Tickets/tickets_list.php,SEED_ARTIFACT,"بلا رابطٍ نشِطٍ ولا يُبلَغ من شاشةِ هدف"
DEP-12,Tickets/ticket_form.php,SEED_ARTIFACT,"بلا رابطٍ نشِطٍ ولا يُبلَغ من شاشةِ هدف"
DEP-12,main/role_board.php,LIVE_LINK_OWNER,"رابطٌ نشِطٌ في سايدبارِ الدور 6"
DEP-12,Equipments/equipment_documents.php,SEED_ARTIFACT,"بلا رابطٍ نشِطٍ ولا يُبلَغ من شاشةِ هدف"
DEP-12,Operations/daily_plan.php,LIVE_LINK_OWNER,"رابطٌ نشِطٌ في سايدبارِ الدور 6"
DEP-12,Contracts/contract_sites.php,LIVE_LINK_OWNER,"رابطٌ نشِطٌ في سايدبارِ الدور 6"
DEP-12,Contracts/contract_monthly_plan.php,LIVE_LINK_OWNER,"رابطٌ نشِطٌ في سايدبارِ الدور 6"
DEP-12,Contracts/contract_resource_plan.php,LIVE_LINK_OWNER,"رابطٌ نشِطٌ في سايدبارِ الدور 6"
DEP-12,Portal/workspace.php,SEED_ARTIFACT,"بلا رابطٍ نشِطٍ ولا يُبلَغ من شاشةِ هدف"
DEP-12,Finance/approvals_inbox.php,LIVE_LINK_OWNER,"رابطٌ نشِطٌ في سايدبارِ الدور 6"
DEP-12,Operations/operations_room.php,LIVE_LINK_OWNER,"رابطٌ نشِطٌ في سايدبارِ الدور 6"
DEP-12,Operations/distribution_space.php,LIVE_LINK_OWNER,"رابطٌ نشِطٌ في سايدبارِ الدور 6"
DEP-12,Fleet/readiness_board.php,LIVE_LINK_OWNER,"رابطٌ نشِطٌ في سايدبارِ الدور 6"
DEP-12,admin/org_assignments.php,SEED_ARTIFACT,"بلا رابطٍ نشِطٍ ولا يُبلَغ من شاشةِ هدف"
DEP-12,admin/org_structure.php,SEED_ARTIFACT,"بلا رابطٍ نشِطٍ ولا يُبلَغ من شاشةِ هدف"
DEP-12,admin/org_permits.php,SEED_ARTIFACT,"بلا رابطٍ نشِطٍ ولا يُبلَغ من شاشةِ هدف"
DEP-12,Tickets/ticket_contextual_open.php,LIVE_LINK_OWNER,"رابطٌ نشِطٌ في سايدبارِ الدور 6"
DEP-12,main/my_workspace.php,LIVE_LINK_OWNER,"رابطٌ نشِطٌ في سايدبارِ الدور 6"
DEP-12,Contracts/contract_coverage.php,SEED_ARTIFACT,"بلا رابطٍ نشِطٍ ولا يُبلَغ من شاشةِ هدف"
DEP-12,Portal/my_kpi.php,SEED_ARTIFACT,"بلا رابطٍ نشِطٍ ولا يُبلَغ من شاشةِ هدف"
DEP-12,Equipments/equipments.php,LIVE_LINK_OWNER,"رابطٌ نشِطٌ في سايدبارِ الدور 6"
DEP-12,Portal/dept_board.php,SEED_ARTIFACT,"بلا رابطٍ نشِطٍ ولا يُبلَغ من شاشةِ هدف"
DEP-12,emsreports/index.php,LIVE_LINK_OWNER,"رابطٌ نشِطٌ في سايدبارِ الدور 6"
DEP-12,Finance/budget_dept.php,LIVE_LINK_OWNER,"رابطٌ نشِطٌ في سايدبارِ الدور 6"
DEP-12,main/profile.php,SEED_ARTIFACT,"بلا رابطٍ نشِطٍ ولا يُبلَغ من شاشةِ هدف"
DEP-12,Operations/attendance.php,LIVE_LINK_OWNER,"رابطٌ نشِطٌ في سايدبارِ الدور 6"
DEP-12,Operations/monthly_close.php,LIVE_LINK_OWNER,"رابطٌ نشِطٌ في سايدبارِ الدور 6"
DEP-12,Operations/production.php,LIVE_LINK_OWNER,"رابطٌ نشِطٌ في سايدبارِ الدور 6"
DEP-12,Operations/shift_log.php,LIVE_LINK_OWNER,"رابطٌ نشِطٌ في سايدبارِ الدور 6"
DEP-12,Operations/site_gate_person.php,LIVE_LINK_OWNER,"رابطٌ نشِطٌ في سايدبارِ الدور 6"
DEP-12,Operations/site_shift_plan.php,LIVE_LINK_OWNER,"رابطٌ نشِطٌ في سايدبارِ الدور 6"
DEP-12,Operations/site_work_calendar.php,LIVE_LINK_OWNER,"رابطٌ نشِطٌ في سايدبارِ الدور 6"
DEP-12,Operations/stops_unattributed.php,LIVE_LINK_OWNER,"رابطٌ نشِطٌ في سايدبارِ الدور 6"
DEP-12,Portal/dept_achievement.php,LIVE_LINK_OWNER,"رابطٌ نشِطٌ في سايدبارِ الدور 6"
DEP-12,Tickets/dept_inbox.php,SEED_ARTIFACT,"بلا رابطٍ نشِطٍ ولا يُبلَغ من شاشةِ هدف"
DEP-12,Timesheet/timesheet.php,LIVE_LINK_OWNER,"رابطٌ نشِطٌ في سايدبارِ الدور 6"
DEP-12,Risk/dept_risk_space.php,LIVE_LINK_OWNER,"رابطٌ نشِطٌ في سايدبارِ الدور 6"
DEP-12,Risk/risk_incidents.php,SEED_ARTIFACT,"بلا رابطٍ نشِطٍ ولا يُبلَغ من شاشةِ هدف"
DEP-12,Risk/risk_field.php,LIVE_LINK_OWNER,"رابطٌ نشِطٌ في سايدبارِ الدور 6"
DEP-12,Approvals/requests.php,SEED_ARTIFACT,"بلا رابطٍ نشِطٍ ولا يُبلَغ من شاشةِ هدف"
DEP-12,Clients/client_profile.php,SEED_ARTIFACT,"بلا رابطٍ نشِطٍ ولا يُبلَغ من شاشةِ هدف"
DEP-12,Employees/employee_equipment_history.php,SEED_ARTIFACT,"بلا رابطٍ نشِطٍ ولا يُبلَغ من شاشةِ هدف"
DEP-12,Equipments/equipment_profile.php,SEED_ARTIFACT,"بلا رابطٍ نشِطٍ ولا يُبلَغ من شاشةِ هدف"
DEP-12,Projects/project_profile.php,SEED_ARTIFACT,"بلا رابطٍ نشِطٍ ولا يُبلَغ من شاشةِ هدف"
DEP-12,Reports/contract_report.php,SEED_ARTIFACT,"بلا رابطٍ نشِطٍ ولا يُبلَغ من شاشةِ هدف"
DEP-12,Reports/contractall.php,SEED_ARTIFACT,"بلا رابطٍ نشِطٍ ولا يُبلَغ من شاشةِ هدف"
DEP-12,Reports/deliy.php,SEED_ARTIFACT,"بلا رابطٍ نشِطٍ ولا يُبلَغ من شاشةِ هدف"
DEP-12,Reports/deriver.php,SEED_ARTIFACT,"بلا رابطٍ نشِطٍ ولا يُبلَغ من شاشةِ هدف"
DEP-12,Reports/driverAndsupplerscontract.php,SEED_ARTIFACT,"بلا رابطٍ نشِطٍ ولا يُبلَغ من شاشةِ هدف"
DEP-12,Reports/equipments_reports.php,SEED_ARTIFACT,"بلا رابطٍ نشِطٍ ولا يُبلَغ من شاشةِ هدف"
DEP-12,Reports/new_reports.php,SEED_ARTIFACT,"بلا رابطٍ نشِطٍ ولا يُبلَغ من شاشةِ هدف"
DEP-12,Reports/projects_reports.php,SEED_ARTIFACT,"بلا رابطٍ نشِطٍ ولا يُبلَغ من شاشةِ هدف"
DEP-12,Reports/timesheet_reports.php,SEED_ARTIFACT,"بلا رابطٍ نشِطٍ ولا يُبلَغ من شاشةِ هدف"
DEP-12,Reports/timesheetdeliy.php,SEED_ARTIFACT,"بلا رابطٍ نشِطٍ ولا يُبلَغ من شاشةِ هدف"
DEP-12,Suppliers/showcontractsuppliers.php,SEED_ARTIFACT,"بلا رابطٍ نشِطٍ ولا يُبلَغ من شاشةِ هدف"
DEP-12,Suppliers/supplier_profile.php,SEED_ARTIFACT,"بلا رابطٍ نشِطٍ ولا يُبلَغ من شاشةِ هدف"
DEP-12,Suppliers/suppliers_details.php,SEED_ARTIFACT,"بلا رابطٍ نشِطٍ ولا يُبلَغ من شاشةِ هدف"
DEP-12,Timesheet/aprovment.php,SEED_ARTIFACT,"بلا رابطٍ نشِطٍ ولا يُبلَغ من شاشةِ هدف"
DEP-12,Timesheet/timesheet_details.php,LIVE_LINK_OWNER,"رابطٌ نشِطٌ في سايدبارِ الدور 6"
DEP-12,Timesheet/view_timesheet.php,SEED_ARTIFACT,"بلا رابطٍ نشِطٍ ولا يُبلَغ من شاشةِ هدف"
DEP-12,main/global_search.php,SEED_ARTIFACT,"بلا رابطٍ نشِطٍ ولا يُبلَغ من شاشةِ هدف"
DEP-12,main/soon.php,SEED_ARTIFACT,"بلا رابطٍ نشِطٍ ولا يُبلَغ من شاشةِ هدف"
DEP-12,main/user_profile.php,SEED_ARTIFACT,"بلا رابطٍ نشِطٍ ولا يُبلَغ من شاشةِ هدف"
DEP-12,movement/add_drivers.php,SEED_ARTIFACT,"بلا رابطٍ نشِطٍ ولا يُبلَغ من شاشةِ هدف"
DEP-12,movement/client_tree.php,SEED_ARTIFACT,"بلا رابطٍ نشِطٍ ولا يُبلَغ من شاشةِ هدف"
DEP-12,movement/move_oprators.php,SEED_ARTIFACT,"بلا رابطٍ نشِطٍ ولا يُبلَغ من شاشةِ هدف"
DEP-12,Equipments/select_project.php,SEED_ARTIFACT,"بلا رابطٍ نشِطٍ ولا يُبلَغ من شاشةِ هدف"
DEP-12,Risk/risk_dept_sit.php,SEED_ARTIFACT,"بلا رابطٍ نشِطٍ ولا يُبلَغ من شاشةِ هدف"
DEP-12,Operations/gov_dept_sit.php,SEED_ARTIFACT,"بلا رابطٍ نشِطٍ ولا يُبلَغ من شاشةِ هدف"
DEP-12,Operations/monthly_plan.php,SEED_ARTIFACT,"بلا رابطٍ نشِطٍ ولا يُبلَغ من شاشةِ هدف"
DEP-12,Tickets/my_tickets.php,SEED_ARTIFACT,"بلا رابطٍ نشِطٍ ولا يُبلَغ من شاشةِ هدف"
DEP-12,Operations/shift_entry.php,LIVE_LINK_OWNER,"رابطٌ نشِطٌ في سايدبارِ الدور 6"
DEP-12,main/glossary.php,LIVE_LINK_OWNER,"رابطٌ نشِطٌ في سايدبارِ الدور 6"
DEP-12,Suppliers/supplier_board.php,SEED_ARTIFACT,"بلا رابطٍ نشِطٍ ولا يُبلَغ من شاشةِ هدف"
DEP-12,Clients/client_contacts.php,SEED_ARTIFACT,"بلا رابطٍ نشِطٍ ولا يُبلَغ من شاشةِ هدف"
DEP-12,Suppliers/supplier_contacts.php,SEED_ARTIFACT,"بلا رابطٍ نشِطٍ ولا يُبلَغ من شاشةِ هدف"
DEP-12,Fleet/asset_hours_reference.php,LIVE_LINK_OWNER,"رابطٌ نشِطٌ في سايدبارِ الدور 6"
DEP-12,Portal/vp_departments.php,LIVE_LINK_OWNER,"رابطٌ نشِطٌ في سايدبارِ الدور 6"
DEP-12,Portal/vp_dashboard.php,LIVE_LINK_OWNER,"رابطٌ نشِطٌ في سايدبارِ الدور 6"
DEP-12,Fleet/asset_full_history.php,LIVE_LINK_OWNER,"رابطٌ نشِطٌ في سايدبارِ الدور 6"
DEP-12,Suppliers/supplier_qualification.php,LIVE_LINK_OWNER,"رابطٌ نشِطٌ في سايدبارِ الدور 6"
DEP-12,Suppliers/supplier_contract_units.php,LIVE_LINK_OWNER,"رابطٌ نشِطٌ في سايدبارِ الدور 6"
DEP-12,Portal/vp_approval_inbox.php,LIVE_LINK_OWNER,"رابطٌ نشِطٌ في سايدبارِ الدور 6"
DEP-12,Portal/vp_pending_actions.php,LIVE_LINK_OWNER,"رابطٌ نشِطٌ في سايدبارِ الدور 6"
DEP-12,Suppliers/supplier_ref_lists.php,LIVE_LINK_OWNER,"رابطٌ نشِطٌ في سايدبارِ الدور 6"
DEP-12,Suppliers/supplier_inference_rules.php,LIVE_LINK_OWNER,"رابطٌ نشِطٌ في سايدبارِ الدور 6"
DEP-12,Suppliers/supplier_data_dictionary.php,LIVE_LINK_OWNER,"رابطٌ نشِطٌ في سايدبارِ الدور 6"
DEP-12,Suppliers/supplier_migration_trace.php,LIVE_LINK_OWNER,"رابطٌ نشِطٌ في سايدبارِ الدور 6"
DEP-12,Suppliers/supplier_migration_map.php,LIVE_LINK_OWNER,"رابطٌ نشِطٌ في سايدبارِ الدور 6"
DEP-12,Suppliers/supplier_review_report.php,LIVE_LINK_OWNER,"رابطٌ نشِطٌ في سايدبارِ الدور 6"
DEP-12,Fleet/fleet_schema_matrix.php,LIVE_LINK_OWNER,"رابطٌ نشِطٌ في سايدبارِ الدور 6"
DEP-12,Employees/hr_board.php,SEED_ARTIFACT,"بلا رابطٍ نشِطٍ ولا يُبلَغ من شاشةِ هدف"
DEP-12,Employees/hr_disciplinary.php,SEED_ARTIFACT,"بلا رابطٍ نشِطٍ ولا يُبلَغ من شاشةِ هدف"
DEP-12,Employees/hr_employee_documents.php,SEED_ARTIFACT,"بلا رابطٍ نشِطٍ ولا يُبلَغ من شاشةِ هدف"
DEP-12,Employees/hr_job_movements.php,SEED_ARTIFACT,"بلا رابطٍ نشِطٍ ولا يُبلَغ من شاشةِ هدف"
DEP-12,Employees/hr_onboarding.php,SEED_ARTIFACT,"بلا رابطٍ نشِطٍ ولا يُبلَغ من شاشةِ هدف"
DEP-12,Employees/hr_performance.php,SEED_ARTIFACT,"بلا رابطٍ نشِطٍ ولا يُبلَغ من شاشةِ هدف"
DEP-12,Employees/hr_training.php,SEED_ARTIFACT,"بلا رابطٍ نشِطٍ ولا يُبلَغ من شاشةِ هدف"
DEP-12,Fleet/asset_assignments.php,LIVE_LINK_OWNER,"رابطٌ نشِطٌ في سايدبارِ الدور 6"
DEP-12,Fleet/asset_exit.php,LIVE_LINK_OWNER,"رابطٌ نشِطٌ في سايدبارِ الدور 6"
DEP-12,Fleet/asset_intake.php,LIVE_LINK_OWNER,"رابطٌ نشِطٌ في سايدبارِ الدور 6"
DEP-12,Fleet/asset_readiness.php,LIVE_LINK_OWNER,"رابطٌ نشِطٌ في سايدبارِ الدور 6"
DEP-12,Fleet/asset_use_rights.php,LIVE_LINK_OWNER,"رابطٌ نشِطٌ في سايدبارِ الدور 6"
DEP-12,Maintenance/breakdown_intake.php,LIVE_LINK_OWNER,"رابطٌ نشِطٌ في سايدبارِ الدور 6"
DEP-12,Maintenance/external_repairs.php,LIVE_LINK_OWNER,"رابطٌ نشِطٌ في سايدبارِ الدور 6"
DEP-12,Maintenance/part_requests.php,LIVE_LINK_OWNER,"رابطٌ نشِطٌ في سايدبارِ الدور 6"
DEP-12,Maintenance/repeat_repairs.php,LIVE_LINK_OWNER,"رابطٌ نشِطٌ في سايدبارِ الدور 6"
DEP-12,Operations/unit_correction.php,SEED_ARTIFACT,"بلا رابطٍ نشِطٍ ولا يُبلَغ من شاشةِ هدف"
DEP-12,Procurement/proc_packages.php,LIVE_LINK_OWNER,"رابطٌ نشِطٌ في سايدبارِ الدور 6"
DEP-12,Procurement/proc_rfq.php,LIVE_LINK_OWNER,"رابطٌ نشِطٌ في سايدبارِ الدور 6"
DEP-12,Procurement/wh_issue_requests.php,LIVE_LINK_OWNER,"رابطٌ نشِطٌ في سايدبارِ الدور 6"
DEP-12,Transport/transfer_origin_handover.php,LIVE_LINK_OWNER,"رابطٌ نشِطٌ في سايدبارِ الدور 6"
DEP-12,Workforce/hr_workforce_report.php,SEED_ARTIFACT,"بلا رابطٍ نشِطٍ ولا يُبلَغ من شاشةِ هدف"
DEP-12,fleet/power_sources.php,SEED_ARTIFACT,"بلا رابطٍ نشِطٍ ولا يُبلَغ من شاشةِ هدف"
DEP-12,fleet/classification_directory.php,SEED_ARTIFACT,"بلا رابطٍ نشِطٍ ولا يُبلَغ من شاشةِ هدف"
DEP-12,fleet/inspection_card.php,SEED_ARTIFACT,"بلا رابطٍ نشِطٍ ولا يُبلَغ من شاشةِ هدف"
DEP-12,fleet/asset_card.php,SEED_ARTIFACT,"بلا رابطٍ نشِطٍ ولا يُبلَغ من شاشةِ هدف"
DEP-12,fleet/asset_documents.php,SEED_ARTIFACT,"بلا رابطٍ نشِطٍ ولا يُبلَغ من شاشةِ هدف"
DEP-12,fleet/asset_components.php,SEED_ARTIFACT,"بلا رابطٍ نشِطٍ ولا يُبلَغ من شاشةِ هدف"
DEP-12,fleet/daily_operating_log.php,SEED_ARTIFACT,"بلا رابطٍ نشِطٍ ولا يُبلَغ من شاشةِ هدف"
DEP-12,fleet/technical_state.php,SEED_ARTIFACT,"بلا رابطٍ نشِطٍ ولا يُبلَغ من شاشةِ هدف"
DEP-12,fleet/state_change_log.php,SEED_ARTIFACT,"بلا رابطٍ نشِطٍ ولا يُبلَغ من شاشةِ هدف"
DEP-12,fleet/breakdown_log.php,SEED_ARTIFACT,"بلا رابطٍ نشِطٍ ولا يُبلَغ من شاشةِ هدف"
DEP-12,fleet/exception_register.php,SEED_ARTIFACT,"بلا رابطٍ نشِطٍ ولا يُبلَغ من شاشةِ هدف"
DEP-12,fleet/external_auditor_notes.php,SEED_ARTIFACT,"بلا رابطٍ نشِطٍ ولا يُبلَغ من شاشةِ هدف"
DEP-12,fleet/source_conflicts.php,SEED_ARTIFACT,"بلا رابطٍ نشِطٍ ولا يُبلَغ من شاشةِ هدف"
DEP-12,fleet/open_points.php,SEED_ARTIFACT,"بلا رابطٍ نشِطٍ ولا يُبلَغ من شاشةِ هدف"
DEP-12,fleet/management_decisions.php,SEED_ARTIFACT,"بلا رابطٍ نشِطٍ ولا يُبلَغ من شاشةِ هدف"
DEP-12,fleet/fleet_board.php,SEED_ARTIFACT,"بلا رابطٍ نشِطٍ ولا يُبلَغ من شاشةِ هدف"
DEP-12,fleet/asset_life_reference.php,SEED_ARTIFACT,"بلا رابطٍ نشِطٍ ولا يُبلَغ من شاشةِ هدف"
DEP-12,fleet/use_right_ranges.php,SEED_ARTIFACT,"بلا رابطٍ نشِطٍ ولا يُبلَغ من شاشةِ هدف"
DEP-12,fleet/code_reconciliation.php,SEED_ARTIFACT,"بلا رابطٍ نشِطٍ ولا يُبلَغ من شاشةِ هدف"
DEP-12,fleet/numbering_bridge.php,SEED_ARTIFACT,"بلا رابطٍ نشِطٍ ولا يُبلَغ من شاشةِ هدف"
DEP-12,fleet/owner_reconciliation.php,SEED_ARTIFACT,"بلا رابطٍ نشِطٍ ولا يُبلَغ من شاشةِ هدف"
DEP-12,fleet/register_operation_recon.php,SEED_ARTIFACT,"بلا رابطٍ نشِطٍ ولا يُبلَغ من شاشةِ هدف"
DEP-12,fleet/financed_asset_recon.php,SEED_ARTIFACT,"بلا رابطٍ نشِطٍ ولا يُبلَغ من شاشةِ هدف"
DEP-12,suppliers/supplier_offers.php,SEED_ARTIFACT,"بلا رابطٍ نشِطٍ ولا يُبلَغ من شاشةِ هدف"
DEP-12,suppliers/supplier_responsibility_matrix.php,SEED_ARTIFACT,"بلا رابطٍ نشِطٍ ولا يُبلَغ من شاشةِ هدف"
DEP-12,suppliers/supplier_quota_distribution.php,SEED_ARTIFACT,"بلا رابطٍ نشِطٍ ولا يُبلَغ من شاشةِ هدف"
DEP-12,suppliers/supplier_slot_handover.php,SEED_ARTIFACT,"بلا رابطٍ نشِطٍ ولا يُبلَغ من شاشةِ هدف"
DEP-12,suppliers/supplier_unit_equipment.php,SEED_ARTIFACT,"بلا رابطٍ نشِطٍ ولا يُبلَغ من شاشةِ هدف"
DEP-12,suppliers/supplier_readiness_reserve.php,SEED_ARTIFACT,"بلا رابطٍ نشِطٍ ولا يُبلَغ من شاشةِ هدف"
DEP-12,suppliers/supplier_onbehalf_advances.php,SEED_ARTIFACT,"بلا رابطٍ نشِطٍ ولا يُبلَغ من شاشةِ هدف"
DEP-12,suppliers/supplier_slot_closure.php,SEED_ARTIFACT,"بلا رابطٍ نشِطٍ ولا يُبلَغ من شاشةِ هدف"
DEP-12,suppliers/supplier_payment_allocation.php,SEED_ARTIFACT,"بلا رابطٍ نشِطٍ ولا يُبلَغ من شاشةِ هدف"
DEP-12,suppliers/supplier_docs_guarantees.php,SEED_ARTIFACT,"بلا رابطٍ نشِطٍ ولا يُبلَغ من شاشةِ هدف"
DEP-12,contracts/sales_activities.php,SEED_ARTIFACT,"بلا رابطٍ نشِطٍ ولا يُبلَغ من شاشةِ هدف"
DEP-12,contracts/precontract_review.php,SEED_ARTIFACT,"بلا رابطٍ نشِطٍ ولا يُبلَغ من شاشةِ هدف"
DEP-12,contracts/contract_commercial_lines.php,SEED_ARTIFACT,"بلا رابطٍ نشِطٍ ولا يُبلَغ من شاشةِ هدف"
DEP-12,contracts/contract_obligation_matrix.php,SEED_ARTIFACT,"بلا رابطٍ نشِطٍ ولا يُبلَغ من شاشةِ هدف"
DEP-12,contracts/contract_baseline_targets.php,SEED_ARTIFACT,"بلا رابطٍ نشِطٍ ولا يُبلَغ من شاشةِ هدف"
DEP-12,contracts/contract_coverage_cycles.php,SEED_ARTIFACT,"بلا رابطٍ نشِطٍ ولا يُبلَغ من شاشةِ هدف"
DEP-12,contracts/monthly_containers_loss.php,SEED_ARTIFACT,"بلا رابطٍ نشِطٍ ولا يُبلَغ من شاشةِ هدف"
DEP-12,contracts/monthly_sales_performance.php,SEED_ARTIFACT,"بلا رابطٍ نشِطٍ ولا يُبلَغ من شاشةِ هدف"
DEP-12,contracts/contract_amendments_renewal.php,SEED_ARTIFACT,"بلا رابطٍ نشِطٍ ولا يُبلَغ من شاشةِ هدف"
DEP-12,operations/ops_room.php,SEED_ARTIFACT,"بلا رابطٍ نشِطٍ ولا يُبلَغ من شاشةِ هدف"
DEP-12,operations/ops_seasonal_factors.php,SEED_ARTIFACT,"بلا رابطٍ نشِطٍ ولا يُبلَغ من شاشةِ هدف"
DEP-12,operations/ops_tomorrow_dispatch.php,SEED_ARTIFACT,"بلا رابطٍ نشِطٍ ولا يُبلَغ من شاشةِ هدف"
DEP-12,operations/ops_resource_move_orders.php,SEED_ARTIFACT,"بلا رابطٍ نشِطٍ ولا يُبلَغ من شاشةِ هدف"
DEP-12,operations/ops_shift_time_states.php,SEED_ARTIFACT,"بلا رابطٍ نشِطٍ ولا يُبلَغ من شاشةِ هدف"
DEP-12,operations/ops_stop_decisions.php,SEED_ARTIFACT,"بلا رابطٍ نشِطٍ ولا يُبلَغ من شاشةِ هدف"
DEP-12,operations/ops_deviation_escalation.php,SEED_ARTIFACT,"بلا رابطٍ نشِطٍ ولا يُبلَغ من شاشةِ هدف"
DEP-12,maintenance/fault_tree.php,SEED_ARTIFACT,"بلا رابطٍ نشِطٍ ولا يُبلَغ من شاشةِ هدف"
DEP-12,maintenance/fleet_inspection_orders.php,SEED_ARTIFACT,"بلا رابطٍ نشِطٍ ولا يُبلَغ من شاشةِ هدف"
DEP-12,maintenance/downtime_segments.php,SEED_ARTIFACT,"بلا رابطٍ نشِطٍ ولا يُبلَغ من شاشةِ هدف"
DEP-12,maintenance/diagnosis_requests.php,SEED_ARTIFACT,"بلا رابطٍ نشِطٍ ولا يُبلَغ من شاشةِ هدف"
DEP-12,maintenance/work_orders.php,SEED_ARTIFACT,"بلا رابطٍ نشِطٍ ولا يُبلَغ من شاشةِ هدف"
DEP-12,maintenance/work_order_labor.php,SEED_ARTIFACT,"بلا رابطٍ نشِطٍ ولا يُبلَغ من شاشةِ هدف"
DEP-12,maintenance/return_to_service_cert.php,SEED_ARTIFACT,"بلا رابطٍ نشِطٍ ولا يُبلَغ من شاشةِ هدف"
DEP-12,Operations/sites_board.php,LIVE_LINK_OWNER,"رابطٌ نشِطٌ في سايدبارِ الدور 6"
DEP-13,main/project_users.php,LIVE_LINK_OWNER,"رابطٌ نشِطٌ في سايدبارِ الدور 27"
DEP-13,Workforce/worker_leave_absence.php,LIVE_LINK_OWNER,"رابطٌ نشِطٌ في سايدبارِ الدور 27"
DEP-13,Workforce/worker_movement.php,LIVE_LINK_OWNER,"رابطٌ نشِطٌ في سايدبارِ الدور 27"
DEP-13,Employees/equipment_operators.php,LIVE_LINK_OWNER,"رابطٌ نشِطٌ في سايدبارِ الدور 27"
DEP-13,Transport/transfer_requests.php,LIVE_LINK_OWNER,"رابطٌ نشِطٌ في سايدبارِ الدور 27"
DEP-13,Tickets/tickets_list.php,SEED_ARTIFACT,"بلا رابطٍ نشِطٍ ولا يُبلَغ من شاشةِ هدف"
DEP-13,Tickets/ticket_form.php,SEED_ARTIFACT,"بلا رابطٍ نشِطٍ ولا يُبلَغ من شاشةِ هدف"
DEP-13,Equipments/equipment_documents.php,SEED_ARTIFACT,"بلا رابطٍ نشِطٍ ولا يُبلَغ من شاشةِ هدف"
DEP-13,Suppliers/settlements.php,LIVE_LINK_OWNER,"رابطٌ نشِطٌ في سايدبارِ الدور 27"
DEP-13,Operations/daily_plan.php,LIVE_LINK_OWNER,"رابطٌ نشِطٌ في سايدبارِ الدور 27"
DEP-13,Finance/approvals_inbox.php,LIVE_LINK_OWNER,"رابطٌ نشِطٌ في سايدبارِ الدور 27"
DEP-13,Operations/distribution_space.php,LIVE_LINK_OWNER,"رابطٌ نشِطٌ في سايدبارِ الدور 27"
DEP-13,admin/org_assignments.php,SEED_ARTIFACT,"بلا رابطٍ نشِطٍ ولا يُبلَغ من شاشةِ هدف"
DEP-13,admin/org_structure.php,SEED_ARTIFACT,"بلا رابطٍ نشِطٍ ولا يُبلَغ من شاشةِ هدف"
DEP-13,Tickets/ticket_contextual_open.php,LIVE_LINK_OWNER,"رابطٌ نشِطٌ في سايدبارِ الدور 27"
DEP-13,main/my_workspace.php,LIVE_LINK_OWNER,"رابطٌ نشِطٌ في سايدبارِ الدور 27"
DEP-13,Portal/my_kpi.php,SEED_ARTIFACT,"بلا رابطٍ نشِطٍ ولا يُبلَغ من شاشةِ هدف"
DEP-13,Equipments/equipments.php,LIVE_LINK_OWNER,"رابطٌ نشِطٌ في سايدبارِ الدور 27"
DEP-13,Portal/dept_board.php,SEED_ARTIFACT,"بلا رابطٍ نشِطٍ ولا يُبلَغ من شاشةِ هدف"
DEP-13,emsreports/index.php,LIVE_LINK_OWNER,"رابطٌ نشِطٌ في سايدبارِ الدور 27"
DEP-13,Finance/budget_dept.php,LIVE_LINK_OWNER,"رابطٌ نشِطٌ في سايدبارِ الدور 27"
DEP-13,Finance/entitlement_gate.php,LIVE_LINK_OWNER,"رابطٌ نشِطٌ في سايدبارِ الدور 27"
DEP-13,main/profile.php,SEED_ARTIFACT,"بلا رابطٍ نشِطٍ ولا يُبلَغ من شاشةِ هدف"
DEP-13,Operations/attendance.php,LIVE_LINK_OWNER,"رابطٌ نشِطٌ في سايدبارِ الدور 27"
DEP-13,Operations/shift_log.php,LIVE_LINK_OWNER,"رابطٌ نشِطٌ في سايدبارِ الدور 27"
DEP-13,Portal/dept_achievement.php,LIVE_LINK_OWNER,"رابطٌ نشِطٌ في سايدبارِ الدور 27"
DEP-13,Tickets/dept_inbox.php,SEED_ARTIFACT,"بلا رابطٍ نشِطٍ ولا يُبلَغ من شاشةِ هدف"
DEP-13,Timesheet/timesheet.php,LIVE_LINK_OWNER,"رابطٌ نشِطٌ في سايدبارِ الدور 27"
DEP-13,Workforce/deductions.php,LIVE_LINK_OWNER,"رابطٌ نشِطٌ في سايدبارِ الدور 27"
DEP-13,Workforce/op_codes.php,LIVE_LINK_OWNER,"رابطٌ نشِطٌ في سايدبارِ الدور 27"
DEP-13,Workforce/op_monthly.php,LIVE_LINK_OWNER,"رابطٌ نشِطٌ في سايدبارِ الدور 27"
DEP-13,Workforce/op_qual.php,LIVE_LINK_OWNER,"رابطٌ نشِطٌ في سايدبارِ الدور 27"
DEP-13,Workforce/project_contracts.php,LIVE_LINK_OWNER,"رابطٌ نشِطٌ في سايدبارِ الدور 27"
DEP-13,Workforce/proposed_deductions.php,LIVE_LINK_OWNER,"رابطٌ نشِطٌ في سايدبارِ الدور 27"
DEP-13,Workforce/recruitment_pipeline.php,LIVE_LINK_OWNER,"رابطٌ نشِطٌ في سايدبارِ الدور 27"
DEP-13,Workforce/rotation.php,LIVE_LINK_OWNER,"رابطٌ نشِطٌ في سايدبارِ الدور 27"
DEP-13,Risk/dept_risk_space.php,LIVE_LINK_OWNER,"رابطٌ نشِطٌ في سايدبارِ الدور 27"
DEP-13,Finance/entitlement.php,LIVE_LINK_OWNER,"رابطٌ نشِطٌ في سايدبارِ الدور 27"
DEP-13,Approvals/requests.php,SEED_ARTIFACT,"بلا رابطٍ نشِطٍ ولا يُبلَغ من شاشةِ هدف"
DEP-13,Equipments/equipment_profile.php,SEED_ARTIFACT,"بلا رابطٍ نشِطٍ ولا يُبلَغ من شاشةِ هدف"
DEP-13,Timesheet/aprovment.php,SEED_ARTIFACT,"بلا رابطٍ نشِطٍ ولا يُبلَغ من شاشةِ هدف"
DEP-13,Timesheet/timesheet_details.php,SEED_ARTIFACT,"بلا رابطٍ نشِطٍ ولا يُبلَغ من شاشةِ هدف"
DEP-13,Timesheet/view_timesheet.php,SEED_ARTIFACT,"بلا رابطٍ نشِطٍ ولا يُبلَغ من شاشةِ هدف"
DEP-13,main/global_search.php,SEED_ARTIFACT,"بلا رابطٍ نشِطٍ ولا يُبلَغ من شاشةِ هدف"
DEP-13,main/soon.php,SEED_ARTIFACT,"بلا رابطٍ نشِطٍ ولا يُبلَغ من شاشةِ هدف"
DEP-13,main/user_profile.php,SEED_ARTIFACT,"بلا رابطٍ نشِطٍ ولا يُبلَغ من شاشةِ هدف"
DEP-13,movement/add_drivers.php,SEED_ARTIFACT,"بلا رابطٍ نشِطٍ ولا يُبلَغ من شاشةِ هدف"
DEP-13,Equipments/select_project.php,SEED_ARTIFACT,"بلا رابطٍ نشِطٍ ولا يُبلَغ من شاشةِ هدف"
DEP-13,Risk/risk_dept_wrk.php,SEED_ARTIFACT,"بلا رابطٍ نشِطٍ ولا يُبلَغ من شاشةِ هدف"
DEP-13,Workforce/gov_dept_wrk.php,SEED_ARTIFACT,"بلا رابطٍ نشِطٍ ولا يُبلَغ من شاشةِ هدف"
DEP-13,Suppliers/quota_approval_minutes.php,SEED_ARTIFACT,"بلا رابطٍ نشِطٍ ولا يُبلَغ من شاشةِ هدف"
DEP-13,Tickets/my_tickets.php,SEED_ARTIFACT,"بلا رابطٍ نشِطٍ ولا يُبلَغ من شاشةِ هدف"
DEP-13,Operations/shift_entry.php,SEED_ARTIFACT,"بلا رابطٍ نشِطٍ ولا يُبلَغ من شاشةِ هدف"
DEP-13,Suppliers/supplier_violations.php,SEED_ARTIFACT,"بلا رابطٍ نشِطٍ ولا يُبلَغ من شاشةِ هدف"
DEP-13,Suppliers/supplier_entitlements.php,SEED_ARTIFACT,"بلا رابطٍ نشِطٍ ولا يُبلَغ من شاشةِ هدف"
DEP-13,Portal/vp_departments.php,LIVE_LINK_OWNER,"رابطٌ نشِطٌ في سايدبارِ الدور 27"
DEP-13,Portal/vp_dashboard.php,LIVE_LINK_OWNER,"رابطٌ نشِطٌ في سايدبارِ الدور 27"
DEP-13,Suppliers/supplier_performance_entries.php,LIVE_LINK_OWNER,"رابطٌ نشِطٌ في سايدبارِ الدور 27"
DEP-13,Suppliers/supplier_payment_requests.php,LIVE_LINK_OWNER,"رابطٌ نشِطٌ في سايدبارِ الدور 27"
DEP-13,Portal/vp_approval_inbox.php,LIVE_LINK_OWNER,"رابطٌ نشِطٌ في سايدبارِ الدور 27"
DEP-13,Portal/vp_pending_actions.php,LIVE_LINK_OWNER,"رابطٌ نشِطٌ في سايدبارِ الدور 27"
DEP-13,Finance/ar_accrual_gen.php,LIVE_LINK_OWNER,"رابطٌ نشِطٌ في سايدبارِ الدور 27"
DEP-13,Finance/ar_claim_invoice.php,LIVE_LINK_OWNER,"رابطٌ نشِطٌ في سايدبارِ الدور 27"
DEP-13,Finance/ar_completion_cert.php,LIVE_LINK_OWNER,"رابطٌ نشِطٌ في سايدبارِ الدور 27"
DEP-13,Finance/unit_fin_final.php,LIVE_LINK_OWNER,"رابطٌ نشِطٌ في سايدبارِ الدور 27"
DEP-13,Fleet/asset_intake.php,LIVE_LINK_OWNER,"رابطٌ نشِطٌ في سايدبارِ الدور 27"
DEP-13,Fleet/asset_use_rights.php,LIVE_LINK_OWNER,"رابطٌ نشِطٌ في سايدبارِ الدور 27"
DEP-13,Workforce/rec_applications.php,LIVE_LINK_OWNER,"رابطٌ نشِطٌ في سايدبارِ الدور 27"
DEP-13,Workforce/rec_stages.php,LIVE_LINK_OWNER,"رابطٌ نشِطٌ في سايدبارِ الدور 27"
DEP-13,fleet/power_sources.php,SEED_ARTIFACT,"بلا رابطٍ نشِطٍ ولا يُبلَغ من شاشةِ هدف"
DEP-13,fleet/classification_directory.php,SEED_ARTIFACT,"بلا رابطٍ نشِطٍ ولا يُبلَغ من شاشةِ هدف"
DEP-13,fleet/inspection_card.php,SEED_ARTIFACT,"بلا رابطٍ نشِطٍ ولا يُبلَغ من شاشةِ هدف"
DEP-13,fleet/asset_card.php,SEED_ARTIFACT,"بلا رابطٍ نشِطٍ ولا يُبلَغ من شاشةِ هدف"
DEP-13,fleet/asset_documents.php,SEED_ARTIFACT,"بلا رابطٍ نشِطٍ ولا يُبلَغ من شاشةِ هدف"
DEP-13,fleet/asset_components.php,SEED_ARTIFACT,"بلا رابطٍ نشِطٍ ولا يُبلَغ من شاشةِ هدف"
DEP-13,fleet/daily_operating_log.php,SEED_ARTIFACT,"بلا رابطٍ نشِطٍ ولا يُبلَغ من شاشةِ هدف"
DEP-13,fleet/technical_state.php,SEED_ARTIFACT,"بلا رابطٍ نشِطٍ ولا يُبلَغ من شاشةِ هدف"
DEP-13,fleet/state_change_log.php,SEED_ARTIFACT,"بلا رابطٍ نشِطٍ ولا يُبلَغ من شاشةِ هدف"
DEP-13,fleet/breakdown_log.php,SEED_ARTIFACT,"بلا رابطٍ نشِطٍ ولا يُبلَغ من شاشةِ هدف"
DEP-13,fleet/exception_register.php,SEED_ARTIFACT,"بلا رابطٍ نشِطٍ ولا يُبلَغ من شاشةِ هدف"
DEP-13,fleet/external_auditor_notes.php,SEED_ARTIFACT,"بلا رابطٍ نشِطٍ ولا يُبلَغ من شاشةِ هدف"
DEP-13,fleet/source_conflicts.php,SEED_ARTIFACT,"بلا رابطٍ نشِطٍ ولا يُبلَغ من شاشةِ هدف"
DEP-13,fleet/open_points.php,SEED_ARTIFACT,"بلا رابطٍ نشِطٍ ولا يُبلَغ من شاشةِ هدف"
DEP-13,fleet/management_decisions.php,SEED_ARTIFACT,"بلا رابطٍ نشِطٍ ولا يُبلَغ من شاشةِ هدف"
DEP-13,fleet/fleet_board.php,SEED_ARTIFACT,"بلا رابطٍ نشِطٍ ولا يُبلَغ من شاشةِ هدف"
DEP-13,fleet/asset_life_reference.php,SEED_ARTIFACT,"بلا رابطٍ نشِطٍ ولا يُبلَغ من شاشةِ هدف"
DEP-13,fleet/use_right_ranges.php,SEED_ARTIFACT,"بلا رابطٍ نشِطٍ ولا يُبلَغ من شاشةِ هدف"
DEP-13,fleet/code_reconciliation.php,SEED_ARTIFACT,"بلا رابطٍ نشِطٍ ولا يُبلَغ من شاشةِ هدف"
DEP-13,fleet/numbering_bridge.php,SEED_ARTIFACT,"بلا رابطٍ نشِطٍ ولا يُبلَغ من شاشةِ هدف"
DEP-13,fleet/owner_reconciliation.php,SEED_ARTIFACT,"بلا رابطٍ نشِطٍ ولا يُبلَغ من شاشةِ هدف"
DEP-13,fleet/register_operation_recon.php,SEED_ARTIFACT,"بلا رابطٍ نشِطٍ ولا يُبلَغ من شاشةِ هدف"
DEP-13,fleet/financed_asset_recon.php,SEED_ARTIFACT,"بلا رابطٍ نشِطٍ ولا يُبلَغ من شاشةِ هدف"
DEP-13,Oprators/oprators.php,LIVE_LINK_OWNER,"رابطٌ نشِطٌ في سايدبارِ الدور 27"
DEP-13,Oprators/select_project.php,LIVE_LINK_OWNER,"رابطٌ نشِطٌ في سايدبارِ الدور 27"
DEP-13,Workforce/worker_contract.php,LIVE_LINK_OWNER,"رابطٌ نشِطٌ في سايدبارِ الدور 27"
DEP-13,Workforce/worker_settlement.php,LIVE_LINK_OWNER,"رابطٌ نشِطٌ في سايدبارِ الدور 27"
DEP-13,Workforce/worker_worklog.php,LIVE_LINK_OWNER,"رابطٌ نشِطٌ في سايدبارِ الدور 27"
DEP-14,main/project_users.php,LIVE_LINK_OWNER,"رابطٌ نشِطٌ في سايدبارِ الدور 13"
DEP-14,Equipments/manage_failure_codes.php,LIVE_LINK_OWNER,"رابطٌ نشِطٌ في سايدبارِ الدور 14"
DEP-14,Equipments/fleet_models.php,LIVE_LINK_OWNER,"رابطٌ نشِطٌ في سايدبارِ الدور 14"
DEP-14,Maintenance/master_data.php,LIVE_LINK_OWNER,"رابطٌ نشِطٌ في سايدبارِ الدور 14"
DEP-14,Procurement/items_proc.php,LIVE_LINK_OWNER,"رابطٌ نشِطٌ في سايدبارِ الدور 14"
DEP-14,Procurement/requests_proc.php,LIVE_LINK_OWNER,"رابطٌ نشِطٌ في سايدبارِ الدور 14"
DEP-14,Procurement/receipt_custody_proc.php,LIVE_LINK_OWNER,"رابطٌ نشِطٌ في سايدبارِ الدور 14"
DEP-14,Procurement/stock_proc.php,LIVE_LINK_OWNER,"رابطٌ نشِطٌ في سايدبارِ الدور 14"
DEP-14,Procurement/issue_proc.php,LIVE_LINK_OWNER,"رابطٌ نشِطٌ في سايدبارِ الدور 14"
DEP-14,Finance/events_list_fin.php,LIVE_LINK_OWNER,"رابطٌ نشِطٌ في سايدبارِ الدور 14"
DEP-14,Finance/budget_form_fin.php,LIVE_LINK_OWNER,"رابطٌ نشِطٌ في سايدبارِ الدور 14"
DEP-14,Finance/cost_report_fin.php,LIVE_LINK_OWNER,"رابطٌ نشِطٌ في سايدبارِ الدور 14"
DEP-14,Transport/transfer_requests.php,LIVE_LINK_OWNER,"رابطٌ نشِطٌ في سايدبارِ الدور 14"
DEP-14,FinRequests/dept_inbox.php,LIVE_LINK_OWNER,"رابطٌ نشِطٌ في سايدبارِ الدور 14"
DEP-14,Tickets/ticket_form.php,SEED_ARTIFACT,"بلا رابطٍ نشِطٍ ولا يُبلَغ من شاشةِ هدف"
DEP-14,Tickets/ticket_recurrence.php,LIVE_LINK_OWNER,"رابطٌ نشِطٌ في سايدبارِ الدور 14"
DEP-14,Equipments/meter_readings.php,LIVE_LINK_OWNER,"رابطٌ نشِطٌ في سايدبارِ الدور 14"
DEP-14,Portal/workspace.php,SEED_ARTIFACT,"بلا رابطٍ نشِطٍ ولا يُبلَغ من شاشةِ هدف"
DEP-14,Finance/approvals_inbox.php,LIVE_LINK_OWNER,"رابطٌ نشِطٌ في سايدبارِ الدور 14"
DEP-14,Fleet/readiness_board.php,LIVE_LINK_OWNER,"رابطٌ نشِطٌ في سايدبارِ الدور 14"
DEP-14,Maintenance/failure_report.php,LIVE_LINK_OWNER,"رابطٌ نشِطٌ في سايدبارِ الدور 13"
DEP-14,Tickets/ticket_workstreams_board.php,LIVE_LINK_OWNER,"رابطٌ نشِطٌ في سايدبارِ الدور 14"
DEP-14,Tickets/ticket_contextual_open.php,LIVE_LINK_OWNER,"رابطٌ نشِطٌ في سايدبارِ الدور 14"
DEP-14,main/my_workspace.php,LIVE_LINK_OWNER,"رابطٌ نشِطٌ في سايدبارِ الدور 14"
DEP-14,Portal/my_kpi.php,SEED_ARTIFACT,"بلا رابطٍ نشِطٍ ولا يُبلَغ من شاشةِ هدف"
DEP-14,Equipments/equipments.php,LIVE_LINK_OWNER,"رابطٌ نشِطٌ في سايدبارِ الدور 14"
DEP-14,Portal/dept_board.php,SEED_ARTIFACT,"بلا رابطٍ نشِطٍ ولا يُبلَغ من شاشةِ هدف"
DEP-14,emsreports/index.php,LIVE_LINK_OWNER,"رابطٌ نشِطٌ في سايدبارِ الدور 14"
DEP-14,Finance/budget_dept.php,LIVE_LINK_OWNER,"رابطٌ نشِطٌ في سايدبارِ الدور 14"
DEP-14,main/profile.php,SEED_ARTIFACT,"بلا رابطٍ نشِطٍ ولا يُبلَغ من شاشةِ هدف"
DEP-14,Portal/dept_achievement.php,LIVE_LINK_OWNER,"رابطٌ نشِطٌ في سايدبارِ الدور 14"
DEP-14,Tickets/dept_inbox.php,SEED_ARTIFACT,"بلا رابطٍ نشِطٍ ولا يُبلَغ من شاشةِ هدف"
DEP-14,Timesheet/timesheet.php,LIVE_LINK_OWNER,"رابطٌ نشِطٌ في سايدبارِ الدور 14"
DEP-14,Risk/dept_risk_space.php,LIVE_LINK_OWNER,"رابطٌ نشِطٌ في سايدبارِ الدور 13"
DEP-14,Approvals/requests.php,SEED_ARTIFACT,"بلا رابطٍ نشِطٍ ولا يُبلَغ من شاشةِ هدف"
DEP-14,Equipments/equipment_profile.php,SEED_ARTIFACT,"بلا رابطٍ نشِطٍ ولا يُبلَغ من شاشةِ هدف"
DEP-14,Equipments/fleet_failures.php,SEED_ARTIFACT,"بلا رابطٍ نشِطٍ ولا يُبلَغ من شاشةِ هدف"
DEP-14,Maintenance/equipment_hours_preventive.php,SEED_ARTIFACT,"بلا رابطٍ نشِطٍ ولا يُبلَغ من شاشةِ هدف"
DEP-14,Maintenance/return_to_service.php,SEED_ARTIFACT,"بلا رابطٍ نشِطٍ ولا يُبلَغ من شاشةِ هدف"
DEP-14,Timesheet/aprovment.php,SEED_ARTIFACT,"بلا رابطٍ نشِطٍ ولا يُبلَغ من شاشةِ هدف"
DEP-14,Timesheet/timesheet_details.php,SEED_ARTIFACT,"بلا رابطٍ نشِطٍ ولا يُبلَغ من شاشةِ هدف"
DEP-14,Timesheet/view_timesheet.php,SEED_ARTIFACT,"بلا رابطٍ نشِطٍ ولا يُبلَغ من شاشةِ هدف"
DEP-14,main/global_search.php,SEED_ARTIFACT,"بلا رابطٍ نشِطٍ ولا يُبلَغ من شاشةِ هدف"
DEP-14,main/soon.php,SEED_ARTIFACT,"بلا رابطٍ نشِطٍ ولا يُبلَغ من شاشةِ هدف"
DEP-14,main/user_profile.php,SEED_ARTIFACT,"بلا رابطٍ نشِطٍ ولا يُبلَغ من شاشةِ هدف"
DEP-14,movement/add_drivers.php,SEED_ARTIFACT,"بلا رابطٍ نشِطٍ ولا يُبلَغ من شاشةِ هدف"
DEP-14,Equipments/select_project.php,SEED_ARTIFACT,"بلا رابطٍ نشِطٍ ولا يُبلَغ من شاشةِ هدف"
DEP-14,Risk/risk_dept_mnt.php,SEED_ARTIFACT,"بلا رابطٍ نشِطٍ ولا يُبلَغ من شاشةِ هدف"
DEP-14,Maintenance/gov_dept_mnt.php,SEED_ARTIFACT,"بلا رابطٍ نشِطٍ ولا يُبلَغ من شاشةِ هدف"
DEP-14,Tickets/my_tickets.php,SEED_ARTIFACT,"بلا رابطٍ نشِطٍ ولا يُبلَغ من شاشةِ هدف"
DEP-14,Fleet/asset_hours_reference.php,LIVE_LINK_OWNER,"رابطٌ نشِطٌ في سايدبارِ الدور 14"
DEP-14,Portal/vp_departments.php,LIVE_LINK_OWNER,"رابطٌ نشِطٌ في سايدبارِ الدور 14"
DEP-14,Portal/vp_dashboard.php,LIVE_LINK_OWNER,"رابطٌ نشِطٌ في سايدبارِ الدور 14"
DEP-14,Fleet/asset_full_history.php,LIVE_LINK_OWNER,"رابطٌ نشِطٌ في سايدبارِ الدور 14"
DEP-14,Portal/vp_approval_inbox.php,LIVE_LINK_OWNER,"رابطٌ نشِطٌ في سايدبارِ الدور 14"
DEP-14,Portal/vp_pending_actions.php,LIVE_LINK_OWNER,"رابطٌ نشِطٌ في سايدبارِ الدور 14"
DEP-14,Fleet/fleet_schema_matrix.php,LIVE_LINK_OWNER,"رابطٌ نشِطٌ في سايدبارِ الدور 14"
DEP-14,Fleet/asset_assignments.php,LIVE_LINK_OWNER,"رابطٌ نشِطٌ في سايدبارِ الدور 14"
DEP-14,Fleet/asset_exit.php,LIVE_LINK_OWNER,"رابطٌ نشِطٌ في سايدبارِ الدور 14"
DEP-14,Fleet/asset_intake.php,LIVE_LINK_OWNER,"رابطٌ نشِطٌ في سايدبارِ الدور 14"
DEP-14,Fleet/asset_readiness.php,LIVE_LINK_OWNER,"رابطٌ نشِطٌ في سايدبارِ الدور 14"
DEP-14,Fleet/asset_use_rights.php,LIVE_LINK_OWNER,"رابطٌ نشِطٌ في سايدبارِ الدور 14"
DEP-14,Procurement/proc_packages.php,LIVE_LINK_OWNER,"رابطٌ نشِطٌ في سايدبارِ الدور 14"
DEP-14,Procurement/proc_rfq.php,LIVE_LINK_OWNER,"رابطٌ نشِطٌ في سايدبارِ الدور 14"
DEP-14,Procurement/proc_track_policy.php,LIVE_LINK_OWNER,"رابطٌ نشِطٌ في سايدبارِ الدور 14"
DEP-14,Procurement/wh_hazmat.php,LIVE_LINK_OWNER,"رابطٌ نشِطٌ في سايدبارِ الدور 14"
DEP-14,Procurement/wh_issue_requests.php,LIVE_LINK_OWNER,"رابطٌ نشِطٌ في سايدبارِ الدور 14"
DEP-14,Procurement/wh_custodians.php,SEED_ARTIFACT,"بلا رابطٍ نشِطٍ ولا يُبلَغ من شاشةِ هدف"
DEP-14,fleet/power_sources.php,SEED_ARTIFACT,"بلا رابطٍ نشِطٍ ولا يُبلَغ من شاشةِ هدف"
DEP-14,fleet/classification_directory.php,SEED_ARTIFACT,"بلا رابطٍ نشِطٍ ولا يُبلَغ من شاشةِ هدف"
DEP-14,fleet/inspection_card.php,SEED_ARTIFACT,"بلا رابطٍ نشِطٍ ولا يُبلَغ من شاشةِ هدف"
DEP-14,fleet/asset_card.php,SEED_ARTIFACT,"بلا رابطٍ نشِطٍ ولا يُبلَغ من شاشةِ هدف"
DEP-14,fleet/asset_documents.php,SEED_ARTIFACT,"بلا رابطٍ نشِطٍ ولا يُبلَغ من شاشةِ هدف"
DEP-14,fleet/asset_components.php,SEED_ARTIFACT,"بلا رابطٍ نشِطٍ ولا يُبلَغ من شاشةِ هدف"
DEP-14,fleet/daily_operating_log.php,SEED_ARTIFACT,"بلا رابطٍ نشِطٍ ولا يُبلَغ من شاشةِ هدف"
DEP-14,fleet/technical_state.php,SEED_ARTIFACT,"بلا رابطٍ نشِطٍ ولا يُبلَغ من شاشةِ هدف"
DEP-14,fleet/state_change_log.php,SEED_ARTIFACT,"بلا رابطٍ نشِطٍ ولا يُبلَغ من شاشةِ هدف"
DEP-14,fleet/breakdown_log.php,SEED_ARTIFACT,"بلا رابطٍ نشِطٍ ولا يُبلَغ من شاشةِ هدف"
DEP-14,fleet/exception_register.php,SEED_ARTIFACT,"بلا رابطٍ نشِطٍ ولا يُبلَغ من شاشةِ هدف"
DEP-14,fleet/external_auditor_notes.php,SEED_ARTIFACT,"بلا رابطٍ نشِطٍ ولا يُبلَغ من شاشةِ هدف"
DEP-14,fleet/source_conflicts.php,SEED_ARTIFACT,"بلا رابطٍ نشِطٍ ولا يُبلَغ من شاشةِ هدف"
DEP-14,fleet/open_points.php,SEED_ARTIFACT,"بلا رابطٍ نشِطٍ ولا يُبلَغ من شاشةِ هدف"
DEP-14,fleet/management_decisions.php,SEED_ARTIFACT,"بلا رابطٍ نشِطٍ ولا يُبلَغ من شاشةِ هدف"
DEP-14,fleet/fleet_board.php,SEED_ARTIFACT,"بلا رابطٍ نشِطٍ ولا يُبلَغ من شاشةِ هدف"
DEP-14,fleet/asset_life_reference.php,SEED_ARTIFACT,"بلا رابطٍ نشِطٍ ولا يُبلَغ من شاشةِ هدف"
DEP-14,fleet/use_right_ranges.php,SEED_ARTIFACT,"بلا رابطٍ نشِطٍ ولا يُبلَغ من شاشةِ هدف"
DEP-14,fleet/code_reconciliation.php,SEED_ARTIFACT,"بلا رابطٍ نشِطٍ ولا يُبلَغ من شاشةِ هدف"
DEP-14,fleet/numbering_bridge.php,SEED_ARTIFACT,"بلا رابطٍ نشِطٍ ولا يُبلَغ من شاشةِ هدف"
DEP-14,fleet/owner_reconciliation.php,SEED_ARTIFACT,"بلا رابطٍ نشِطٍ ولا يُبلَغ من شاشةِ هدف"
DEP-14,fleet/register_operation_recon.php,SEED_ARTIFACT,"بلا رابطٍ نشِطٍ ولا يُبلَغ من شاشةِ هدف"
DEP-14,fleet/financed_asset_recon.php,SEED_ARTIFACT,"بلا رابطٍ نشِطٍ ولا يُبلَغ من شاشةِ هدف"
DEP-15,main/project_users.php,LIVE_LINK_OWNER,"رابطٌ نشِطٌ في سايدبارِ الدور 23"
DEP-15,Employees/equipment_operators.php,LIVE_LINK_OWNER,"رابطٌ نشِطٌ في سايدبارِ الدور 23"
DEP-15,Finance/events_list_fin.php,LIVE_LINK_OWNER,"رابطٌ نشِطٌ في سايدبارِ الدور 23"
DEP-15,Finance/budget_form_fin.php,LIVE_LINK_OWNER,"رابطٌ نشِطٌ في سايدبارِ الدور 23"
DEP-15,Finance/payments_fin.php,LIVE_LINK_OWNER,"رابطٌ نشِطٌ في سايدبارِ الدور 23"
DEP-15,Finance/cost_report_fin.php,LIVE_LINK_OWNER,"رابطٌ نشِطٌ في سايدبارِ الدور 23"
DEP-15,Transport/transfer_types_config.php,LIVE_LINK_OWNER,"رابطٌ نشِطٌ في سايدبارِ الدور 23"
DEP-15,Transport/transfer_cost_rules_config.php,LIVE_LINK_OWNER,"رابطٌ نشِطٌ في سايدبارِ الدور 23"
DEP-15,Transport/trs_locations_config.php,LIVE_LINK_OWNER,"رابطٌ نشِطٌ في سايدبارِ الدور 23"
DEP-15,FinRequests/dept_inbox.php,LIVE_LINK_OWNER,"رابطٌ نشِطٌ في سايدبارِ الدور 23"
DEP-15,Tickets/tickets_list.php,SEED_ARTIFACT,"بلا رابطٍ نشِطٍ ولا يُبلَغ من شاشةِ هدف"
DEP-15,Tickets/ticket_form.php,SEED_ARTIFACT,"بلا رابطٍ نشِطٍ ولا يُبلَغ من شاشةِ هدف"
DEP-15,Transport/transfer_tariffs.php,LIVE_LINK_OWNER,"رابطٌ نشِطٌ في سايدبارِ الدور 23"
DEP-15,Portal/workspace.php,SEED_ARTIFACT,"بلا رابطٍ نشِطٍ ولا يُبلَغ من شاشةِ هدف"
DEP-15,Finance/approvals_inbox.php,LIVE_LINK_OWNER,"رابطٌ نشِطٌ في سايدبارِ الدور 23"
DEP-15,Tickets/ticket_contextual_open.php,LIVE_LINK_OWNER,"رابطٌ نشِطٌ في سايدبارِ الدور 23"
DEP-15,main/my_workspace.php,LIVE_LINK_OWNER,"رابطٌ نشِطٌ في سايدبارِ الدور 23"
DEP-15,Portal/my_kpi.php,SEED_ARTIFACT,"بلا رابطٍ نشِطٍ ولا يُبلَغ من شاشةِ هدف"
DEP-15,Equipments/equipments.php,LIVE_LINK_OWNER,"رابطٌ نشِطٌ في سايدبارِ الدور 23"
DEP-15,Portal/dept_board.php,SEED_ARTIFACT,"بلا رابطٍ نشِطٍ ولا يُبلَغ من شاشةِ هدف"
DEP-15,emsreports/index.php,LIVE_LINK_OWNER,"رابطٌ نشِطٌ في سايدبارِ الدور 23"
DEP-15,Finance/budget_dept.php,LIVE_LINK_OWNER,"رابطٌ نشِطٌ في سايدبارِ الدور 23"
DEP-15,main/profile.php,SEED_ARTIFACT,"بلا رابطٍ نشِطٍ ولا يُبلَغ من شاشةِ هدف"
DEP-15,Portal/dept_achievement.php,LIVE_LINK_OWNER,"رابطٌ نشِطٌ في سايدبارِ الدور 23"
DEP-15,Tickets/dept_inbox.php,SEED_ARTIFACT,"بلا رابطٍ نشِطٍ ولا يُبلَغ من شاشةِ هدف"
DEP-15,Risk/dept_risk_space.php,LIVE_LINK_OWNER,"رابطٌ نشِطٌ في سايدبارِ الدور 23"
DEP-15,Approvals/requests.php,SEED_ARTIFACT,"بلا رابطٍ نشِطٍ ولا يُبلَغ من شاشةِ هدف"
DEP-15,Equipments/equipment_profile.php,SEED_ARTIFACT,"بلا رابطٍ نشِطٍ ولا يُبلَغ من شاشةِ هدف"
DEP-15,main/global_search.php,SEED_ARTIFACT,"بلا رابطٍ نشِطٍ ولا يُبلَغ من شاشةِ هدف"
DEP-15,main/soon.php,SEED_ARTIFACT,"بلا رابطٍ نشِطٍ ولا يُبلَغ من شاشةِ هدف"
DEP-15,main/user_profile.php,SEED_ARTIFACT,"بلا رابطٍ نشِطٍ ولا يُبلَغ من شاشةِ هدف"
DEP-15,movement/add_drivers.php,SEED_ARTIFACT,"بلا رابطٍ نشِطٍ ولا يُبلَغ من شاشةِ هدف"
DEP-15,Equipments/select_project.php,SEED_ARTIFACT,"بلا رابطٍ نشِطٍ ولا يُبلَغ من شاشةِ هدف"
DEP-15,Risk/risk_dept_trp.php,SEED_ARTIFACT,"بلا رابطٍ نشِطٍ ولا يُبلَغ من شاشةِ هدف"
DEP-15,Transport/gov_dept_trp.php,SEED_ARTIFACT,"بلا رابطٍ نشِطٍ ولا يُبلَغ من شاشةِ هدف"
DEP-15,Tickets/my_tickets.php,SEED_ARTIFACT,"بلا رابطٍ نشِطٍ ولا يُبلَغ من شاشةِ هدف"
DEP-15,Portal/vp_departments.php,LIVE_LINK_OWNER,"رابطٌ نشِطٌ في سايدبارِ الدور 23"
DEP-15,Portal/vp_dashboard.php,LIVE_LINK_OWNER,"رابطٌ نشِطٌ في سايدبارِ الدور 23"
DEP-15,Portal/vp_approval_inbox.php,LIVE_LINK_OWNER,"رابطٌ نشِطٌ في سايدبارِ الدور 23"
DEP-15,Portal/vp_pending_actions.php,LIVE_LINK_OWNER,"رابطٌ نشِطٌ في سايدبارِ الدور 23"
DEP-15,Finance/tre_allocations.php,LIVE_LINK_OWNER,"رابطٌ نشِطٌ في سايدبارِ الدور 23"
DEP-15,Finance/tre_beneficiary.php,LIVE_LINK_OWNER,"رابطٌ نشِطٌ في سايدبارِ الدور 23"
DEP-15,Finance/tre_cash_count.php,LIVE_LINK_OWNER,"رابطٌ نشِطٌ في سايدبارِ الدور 23"
DEP-15,Finance/tre_cash_moves.php,LIVE_LINK_OWNER,"رابطٌ نشِطٌ في سايدبارِ الدور 23"
DEP-15,Finance/tre_instruments.php,LIVE_LINK_OWNER,"رابطٌ نشِطٌ في سايدبارِ الدور 23"
DEP-15,Finance/tre_pay_batch.php,LIVE_LINK_OWNER,"رابطٌ نشِطٌ في سايدبارِ الدور 23"
DEP-15,Finance/tre_payment_queue.php,LIVE_LINK_OWNER,"رابطٌ نشِطٌ في سايدبارِ الدور 23"
DEP-15,Finance/tre_petty_cash.php,LIVE_LINK_OWNER,"رابطٌ نشِطٌ في سايدبارِ الدور 23"
DEP-15,Finance/tre_transfers.php,LIVE_LINK_OWNER,"رابطٌ نشِطٌ في سايدبارِ الدور 23"
DEP-15,Fleet/asset_intake.php,LIVE_LINK_OWNER,"رابطٌ نشِطٌ في سايدبارِ الدور 23"
DEP-15,Fleet/asset_use_rights.php,LIVE_LINK_OWNER,"رابطٌ نشِطٌ في سايدبارِ الدور 23"
DEP-15,fleet/power_sources.php,SEED_ARTIFACT,"بلا رابطٍ نشِطٍ ولا يُبلَغ من شاشةِ هدف"
DEP-15,fleet/classification_directory.php,SEED_ARTIFACT,"بلا رابطٍ نشِطٍ ولا يُبلَغ من شاشةِ هدف"
DEP-15,fleet/inspection_card.php,SEED_ARTIFACT,"بلا رابطٍ نشِطٍ ولا يُبلَغ من شاشةِ هدف"
DEP-15,fleet/asset_card.php,SEED_ARTIFACT,"بلا رابطٍ نشِطٍ ولا يُبلَغ من شاشةِ هدف"
DEP-15,fleet/asset_documents.php,SEED_ARTIFACT,"بلا رابطٍ نشِطٍ ولا يُبلَغ من شاشةِ هدف"
DEP-15,fleet/asset_components.php,SEED_ARTIFACT,"بلا رابطٍ نشِطٍ ولا يُبلَغ من شاشةِ هدف"
DEP-15,fleet/daily_operating_log.php,SEED_ARTIFACT,"بلا رابطٍ نشِطٍ ولا يُبلَغ من شاشةِ هدف"
DEP-15,fleet/technical_state.php,SEED_ARTIFACT,"بلا رابطٍ نشِطٍ ولا يُبلَغ من شاشةِ هدف"
DEP-15,fleet/state_change_log.php,SEED_ARTIFACT,"بلا رابطٍ نشِطٍ ولا يُبلَغ من شاشةِ هدف"
DEP-15,fleet/breakdown_log.php,SEED_ARTIFACT,"بلا رابطٍ نشِطٍ ولا يُبلَغ من شاشةِ هدف"
DEP-15,fleet/exception_register.php,SEED_ARTIFACT,"بلا رابطٍ نشِطٍ ولا يُبلَغ من شاشةِ هدف"
DEP-15,fleet/external_auditor_notes.php,SEED_ARTIFACT,"بلا رابطٍ نشِطٍ ولا يُبلَغ من شاشةِ هدف"
DEP-15,fleet/source_conflicts.php,SEED_ARTIFACT,"بلا رابطٍ نشِطٍ ولا يُبلَغ من شاشةِ هدف"
DEP-15,fleet/open_points.php,SEED_ARTIFACT,"بلا رابطٍ نشِطٍ ولا يُبلَغ من شاشةِ هدف"
DEP-15,fleet/management_decisions.php,SEED_ARTIFACT,"بلا رابطٍ نشِطٍ ولا يُبلَغ من شاشةِ هدف"
DEP-15,fleet/fleet_board.php,SEED_ARTIFACT,"بلا رابطٍ نشِطٍ ولا يُبلَغ من شاشةِ هدف"
DEP-15,fleet/asset_life_reference.php,SEED_ARTIFACT,"بلا رابطٍ نشِطٍ ولا يُبلَغ من شاشةِ هدف"
DEP-15,fleet/use_right_ranges.php,SEED_ARTIFACT,"بلا رابطٍ نشِطٍ ولا يُبلَغ من شاشةِ هدف"
DEP-15,fleet/code_reconciliation.php,SEED_ARTIFACT,"بلا رابطٍ نشِطٍ ولا يُبلَغ من شاشةِ هدف"
DEP-15,fleet/numbering_bridge.php,SEED_ARTIFACT,"بلا رابطٍ نشِطٍ ولا يُبلَغ من شاشةِ هدف"
DEP-15,fleet/owner_reconciliation.php,SEED_ARTIFACT,"بلا رابطٍ نشِطٍ ولا يُبلَغ من شاشةِ هدف"
DEP-15,fleet/register_operation_recon.php,SEED_ARTIFACT,"بلا رابطٍ نشِطٍ ولا يُبلَغ من شاشةِ هدف"
DEP-15,fleet/financed_asset_recon.php,SEED_ARTIFACT,"بلا رابطٍ نشِطٍ ولا يُبلَغ من شاشةِ هدف"
DEP-16,main/project_users.php,LIVE_LINK_OWNER,"رابطٌ نشِطٌ في سايدبارِ الدور 16"
DEP-16,Suppliers/suppliers.php,LIVE_LINK_OWNER,"رابطٌ نشِطٌ في سايدبارِ الدور 16"
DEP-16,Procurement/stock_proc.php,LIVE_LINK_OWNER,"رابطٌ نشِطٌ في سايدبارِ الدور 16"
DEP-16,Procurement/reordering_proc.php,LIVE_LINK_OWNER,"رابطٌ نشِطٌ في سايدبارِ الدور 16"
DEP-16,Procurement/master_data_proc.php,LIVE_LINK_OWNER,"رابطٌ نشِطٌ في سايدبارِ الدور 16"
DEP-16,Finance/events_list_fin.php,LIVE_LINK_OWNER,"رابطٌ نشِطٌ في سايدبارِ الدور 16"
DEP-16,Finance/budget_form_fin.php,LIVE_LINK_OWNER,"رابطٌ نشِطٌ في سايدبارِ الدور 16"
DEP-16,Finance/payments_fin.php,LIVE_LINK_OWNER,"رابطٌ نشِطٌ في سايدبارِ الدور 16"
DEP-16,FinRequests/dept_inbox.php,LIVE_LINK_OWNER,"رابطٌ نشِطٌ في سايدبارِ الدور 16"
DEP-16,Tickets/tickets_list.php,SEED_ARTIFACT,"بلا رابطٍ نشِطٍ ولا يُبلَغ من شاشةِ هدف"
DEP-16,Tickets/ticket_form.php,SEED_ARTIFACT,"بلا رابطٍ نشِطٍ ولا يُبلَغ من شاشةِ هدف"
DEP-16,Suppliers/rfq_requests.php,LIVE_LINK_OWNER,"رابطٌ نشِطٌ في سايدبارِ الدور 16"
DEP-16,Portal/workspace.php,SEED_ARTIFACT,"بلا رابطٍ نشِطٍ ولا يُبلَغ من شاشةِ هدف"
DEP-16,Procurement/supplier_card_proc.php,SEED_ARTIFACT,"بلا رابطٍ نشِطٍ ولا يُبلَغ من شاشةِ هدف"
DEP-16,Procurement/warehouse_board.php,SEED_ARTIFACT,"بلا رابطٍ نشِطٍ ولا يُبلَغ من شاشةِ هدف"
DEP-16,Tickets/ticket_contextual_open.php,LIVE_LINK_OWNER,"رابطٌ نشِطٌ في سايدبارِ الدور 16"
DEP-16,main/my_workspace.php,LIVE_LINK_OWNER,"رابطٌ نشِطٌ في سايدبارِ الدور 16"
DEP-16,Portal/my_kpi.php,SEED_ARTIFACT,"بلا رابطٍ نشِطٍ ولا يُبلَغ من شاشةِ هدف"
DEP-16,Portal/dept_board.php,SEED_ARTIFACT,"بلا رابطٍ نشِطٍ ولا يُبلَغ من شاشةِ هدف"
DEP-16,emsreports/index.php,LIVE_LINK_OWNER,"رابطٌ نشِطٌ في سايدبارِ الدور 16"
DEP-16,Finance/budget_dept.php,LIVE_LINK_OWNER,"رابطٌ نشِطٌ في سايدبارِ الدور 16"
DEP-16,main/profile.php,SEED_ARTIFACT,"بلا رابطٍ نشِطٍ ولا يُبلَغ من شاشةِ هدف"
DEP-16,Portal/dept_achievement.php,LIVE_LINK_OWNER,"رابطٌ نشِطٌ في سايدبارِ الدور 16"
DEP-16,Procurement/wh_receipt.php,LIVE_LINK_OWNER,"رابطٌ نشِطٌ في سايدبارِ الدور 16"
DEP-16,Tickets/dept_inbox.php,SEED_ARTIFACT,"بلا رابطٍ نشِطٍ ولا يُبلَغ من شاشةِ هدف"
DEP-16,Risk/dept_risk_space.php,LIVE_LINK_OWNER,"رابطٌ نشِطٌ في سايدبارِ الدور 16"
DEP-16,Approvals/requests.php,SEED_ARTIFACT,"بلا رابطٍ نشِطٍ ولا يُبلَغ من شاشةِ هدف"
DEP-16,main/global_search.php,SEED_ARTIFACT,"بلا رابطٍ نشِطٍ ولا يُبلَغ من شاشةِ هدف"
DEP-16,main/soon.php,SEED_ARTIFACT,"بلا رابطٍ نشِطٍ ولا يُبلَغ من شاشةِ هدف"
DEP-16,main/user_profile.php,SEED_ARTIFACT,"بلا رابطٍ نشِطٍ ولا يُبلَغ من شاشةِ هدف"
DEP-16,Risk/risk_dept_prc.php,SEED_ARTIFACT,"بلا رابطٍ نشِطٍ ولا يُبلَغ من شاشةِ هدف"
DEP-16,Procurement/gov_dept_prc.php,SEED_ARTIFACT,"بلا رابطٍ نشِطٍ ولا يُبلَغ من شاشةِ هدف"
DEP-16,Procurement/warehouses.php,SEED_ARTIFACT,"بلا رابطٍ نشِطٍ ولا يُبلَغ من شاشةِ هدف"
DEP-16,Tickets/my_tickets.php,SEED_ARTIFACT,"بلا رابطٍ نشِطٍ ولا يُبلَغ من شاشةِ هدف"
DEP-16,Suppliers/supplier_board.php,SEED_ARTIFACT,"بلا رابطٍ نشِطٍ ولا يُبلَغ من شاشةِ هدف"
DEP-16,Suppliers/supplier_contacts.php,SEED_ARTIFACT,"بلا رابطٍ نشِطٍ ولا يُبلَغ من شاشةِ هدف"
DEP-16,Portal/vp_departments.php,LIVE_LINK_OWNER,"رابطٌ نشِطٌ في سايدبارِ الدور 16"
DEP-16,Portal/vp_dashboard.php,LIVE_LINK_OWNER,"رابطٌ نشِطٌ في سايدبارِ الدور 16"
DEP-16,Suppliers/supplier_qualification.php,LIVE_LINK_OWNER,"رابطٌ نشِطٌ في سايدبارِ الدور 16"
DEP-16,Portal/vp_approval_inbox.php,LIVE_LINK_OWNER,"رابطٌ نشِطٌ في سايدبارِ الدور 16"
DEP-16,Portal/vp_pending_actions.php,LIVE_LINK_OWNER,"رابطٌ نشِطٌ في سايدبارِ الدور 16"
DEP-16,Suppliers/supplier_ref_lists.php,LIVE_LINK_OWNER,"رابطٌ نشِطٌ في سايدبارِ الدور 16"
DEP-16,Suppliers/supplier_inference_rules.php,LIVE_LINK_OWNER,"رابطٌ نشِطٌ في سايدبارِ الدور 16"
DEP-16,Suppliers/supplier_data_dictionary.php,LIVE_LINK_OWNER,"رابطٌ نشِطٌ في سايدبارِ الدور 16"
DEP-16,Suppliers/supplier_migration_trace.php,LIVE_LINK_OWNER,"رابطٌ نشِطٌ في سايدبارِ الدور 16"
DEP-16,Suppliers/supplier_migration_map.php,LIVE_LINK_OWNER,"رابطٌ نشِطٌ في سايدبارِ الدور 16"
DEP-16,Suppliers/supplier_review_report.php,LIVE_LINK_OWNER,"رابطٌ نشِطٌ في سايدبارِ الدور 16"
DEP-16,Finance/tre_allocations.php,LIVE_LINK_OWNER,"رابطٌ نشِطٌ في سايدبارِ الدور 16"
DEP-16,Finance/tre_beneficiary.php,LIVE_LINK_OWNER,"رابطٌ نشِطٌ في سايدبارِ الدور 16"
DEP-16,Finance/tre_cash_count.php,LIVE_LINK_OWNER,"رابطٌ نشِطٌ في سايدبارِ الدور 16"
DEP-16,Finance/tre_cash_moves.php,LIVE_LINK_OWNER,"رابطٌ نشِطٌ في سايدبارِ الدور 16"
DEP-16,Finance/tre_instruments.php,LIVE_LINK_OWNER,"رابطٌ نشِطٌ في سايدبارِ الدور 16"
DEP-16,Finance/tre_pay_batch.php,LIVE_LINK_OWNER,"رابطٌ نشِطٌ في سايدبارِ الدور 16"
DEP-16,Finance/tre_payment_queue.php,LIVE_LINK_OWNER,"رابطٌ نشِطٌ في سايدبارِ الدور 16"
DEP-16,Finance/tre_petty_cash.php,LIVE_LINK_OWNER,"رابطٌ نشِطٌ في سايدبارِ الدور 16"
DEP-16,Finance/tre_transfers.php,LIVE_LINK_OWNER,"رابطٌ نشِطٌ في سايدبارِ الدور 16"
DEP-16,Procurement/proc_track_policy.php,LIVE_LINK_OWNER,"رابطٌ نشِطٌ في سايدبارِ الدور 16"
DEP-16,Procurement/wh_hazmat.php,LIVE_LINK_OWNER,"رابطٌ نشِطٌ في سايدبارِ الدور 16"
DEP-16,Procurement/wh_issue_requests.php,LIVE_LINK_OWNER,"رابطٌ نشِطٌ في سايدبارِ الدور 16"
DEP-16,Procurement/wh_lots.php,LIVE_LINK_OWNER,"رابطٌ نشِطٌ في سايدبارِ الدور 16"
DEP-16,Procurement/wh_serials.php,LIVE_LINK_OWNER,"رابطٌ نشِطٌ في سايدبارِ الدور 16"
DEP-16,Procurement/wh_custodians.php,SEED_ARTIFACT,"بلا رابطٍ نشِطٍ ولا يُبلَغ من شاشةِ هدف"
DEP-17,main/project_users.php,LIVE_LINK_OWNER,"رابطٌ نشِطٌ في سايدبارِ الدور 25"
DEP-17,Procurement/orders_proc.php,LIVE_LINK_OWNER,"رابطٌ نشِطٌ في سايدبارِ الدور 25"
DEP-17,Procurement/master_data_proc.php,LIVE_LINK_OWNER,"رابطٌ نشِطٌ في سايدبارِ الدور 25"
DEP-17,Transport/transfer_requests.php,LIVE_LINK_OWNER,"رابطٌ نشِطٌ في سايدبارِ الدور 25"
DEP-17,Transport/transfer_orders_list.php,LIVE_LINK_OWNER,"رابطٌ نشِطٌ في سايدبارِ الدور 25"
DEP-17,Tickets/tickets_list.php,SEED_ARTIFACT,"بلا رابطٍ نشِطٍ ولا يُبلَغ من شاشةِ هدف"
DEP-17,Tickets/ticket_form.php,SEED_ARTIFACT,"بلا رابطٍ نشِطٍ ولا يُبلَغ من شاشةِ هدف"
DEP-17,Finance/approvals_inbox.php,LIVE_LINK_OWNER,"رابطٌ نشِطٌ في سايدبارِ الدور 25"
DEP-17,Procurement/supplier_card_proc.php,SEED_ARTIFACT,"بلا رابطٍ نشِطٍ ولا يُبلَغ من شاشةِ هدف"
DEP-17,Tickets/ticket_contextual_open.php,LIVE_LINK_OWNER,"رابطٌ نشِطٌ في سايدبارِ الدور 25"
DEP-17,main/my_workspace.php,LIVE_LINK_OWNER,"رابطٌ نشِطٌ في سايدبارِ الدور 25"
DEP-17,Portal/my_kpi.php,SEED_ARTIFACT,"بلا رابطٍ نشِطٍ ولا يُبلَغ من شاشةِ هدف"
DEP-17,Portal/dept_board.php,SEED_ARTIFACT,"بلا رابطٍ نشِطٍ ولا يُبلَغ من شاشةِ هدف"
DEP-17,emsreports/index.php,LIVE_LINK_OWNER,"رابطٌ نشِطٌ في سايدبارِ الدور 25"
DEP-17,Finance/budget_dept.php,LIVE_LINK_OWNER,"رابطٌ نشِطٌ في سايدبارِ الدور 25"
DEP-17,main/profile.php,SEED_ARTIFACT,"بلا رابطٍ نشِطٍ ولا يُبلَغ من شاشةِ هدف"
DEP-17,Portal/dept_achievement.php,LIVE_LINK_OWNER,"رابطٌ نشِطٌ في سايدبارِ الدور 25"
DEP-17,Procurement/consumption_rate.php,LIVE_LINK_OWNER,"رابطٌ نشِطٌ في سايدبارِ الدور 25"
DEP-17,Tickets/dept_inbox.php,SEED_ARTIFACT,"بلا رابطٍ نشِطٍ ولا يُبلَغ من شاشةِ هدف"
DEP-17,Risk/dept_risk_space.php,LIVE_LINK_OWNER,"رابطٌ نشِطٌ في سايدبارِ الدور 25"
DEP-17,Approvals/requests.php,SEED_ARTIFACT,"بلا رابطٍ نشِطٍ ولا يُبلَغ من شاشةِ هدف"
DEP-17,Procurement/wh_returns.php,SEED_ARTIFACT,"بلا رابطٍ نشِطٍ ولا يُبلَغ من شاشةِ هدف"
DEP-17,main/global_search.php,SEED_ARTIFACT,"بلا رابطٍ نشِطٍ ولا يُبلَغ من شاشةِ هدف"
DEP-17,main/soon.php,SEED_ARTIFACT,"بلا رابطٍ نشِطٍ ولا يُبلَغ من شاشةِ هدف"
DEP-17,main/user_profile.php,SEED_ARTIFACT,"بلا رابطٍ نشِطٍ ولا يُبلَغ من شاشةِ هدف"
DEP-17,Risk/risk_dept_inv.php,SEED_ARTIFACT,"بلا رابطٍ نشِطٍ ولا يُبلَغ من شاشةِ هدف"
DEP-17,Procurement/gov_dept_inv.php,SEED_ARTIFACT,"بلا رابطٍ نشِطٍ ولا يُبلَغ من شاشةِ هدف"
DEP-17,Tickets/my_tickets.php,SEED_ARTIFACT,"بلا رابطٍ نشِطٍ ولا يُبلَغ من شاشةِ هدف"
DEP-17,Portal/vp_departments.php,LIVE_LINK_OWNER,"رابطٌ نشِطٌ في سايدبارِ الدور 25"
DEP-17,Portal/vp_dashboard.php,LIVE_LINK_OWNER,"رابطٌ نشِطٌ في سايدبارِ الدور 25"
DEP-17,Portal/vp_approval_inbox.php,LIVE_LINK_OWNER,"رابطٌ نشِطٌ في سايدبارِ الدور 25"
DEP-17,Portal/vp_pending_actions.php,LIVE_LINK_OWNER,"رابطٌ نشِطٌ في سايدبارِ الدور 25"
DEP-17,Procurement/proc_delivery_track.php,LIVE_LINK_OWNER,"رابطٌ نشِطٌ في سايدبارِ الدور 25"
DEP-17,Procurement/proc_packages.php,LIVE_LINK_OWNER,"رابطٌ نشِطٌ في سايدبارِ الدور 25"
DEP-17,Procurement/proc_po_amendments.php,LIVE_LINK_OWNER,"رابطٌ نشِطٌ في سايدبارِ الدور 25"
DEP-17,Procurement/proc_rfq.php,LIVE_LINK_OWNER,"رابطٌ نشِطٌ في سايدبارِ الدور 25"
DEP-17,Procurement/proc_track_policy.php,LIVE_LINK_OWNER,"رابطٌ نشِطٌ في سايدبارِ الدور 25"
DEP-17,Procurement/wh_lots.php,LIVE_LINK_OWNER,"رابطٌ نشِطٌ في سايدبارِ الدور 25"
DEP-17,Procurement/wh_serials.php,LIVE_LINK_OWNER,"رابطٌ نشِطٌ في سايدبارِ الدور 25"
DEP-17,Procurement/wh_track_quality.php,LIVE_LINK_OWNER,"رابطٌ نشِطٌ في سايدبارِ الدور 25"
DEP-17,Transport/transfer_origin_handover.php,LIVE_LINK_OWNER,"رابطٌ نشِطٌ في سايدبارِ الدور 25"
EX-CEO,main/project_users.php,LIVE_LINK_OWNER,"رابطٌ نشِطٌ في سايدبارِ الدور 9"
EX-CEO,Clients/commercial_risks.php,LIVE_LINK_OWNER,"رابطٌ نشِطٌ في سايدبارِ الدور 9"
EX-CEO,Finance/financial_statements_fin.php,LIVE_LINK_OWNER,"رابطٌ نشِطٌ في سايدبارِ الدور 9"
EX-CEO,Tickets/tickets_list.php,SEED_ARTIFACT,"بلا رابطٍ نشِطٍ ولا يُبلَغ من شاشةِ هدف"
EX-CEO,Tickets/ticket_form.php,SEED_ARTIFACT,"بلا رابطٍ نشِطٍ ولا يُبلَغ من شاشةِ هدف"
EX-CEO,Tickets/ticket_dashboard.php,LIVE_LINK_OWNER,"رابطٌ نشِطٌ في سايدبارِ الدور 9"
EX-CEO,Workforce/contract_registry.php,LIVE_LINK_OWNER,"رابطٌ نشِطٌ في سايدبارِ الدور 9"
EX-CEO,Reports/margin_report.php,LIVE_LINK_OWNER,"رابطٌ نشِطٌ في سايدبارِ الدور 9"
EX-CEO,Governance/signing_authority.php,LIVE_LINK_OWNER,"رابطٌ نشِطٌ في سايدبارِ الدور 9"
EX-CEO,admin/org_assignments.php,SEED_ARTIFACT,"بلا رابطٍ نشِطٍ ولا يُبلَغ من شاشةِ هدف"
EX-CEO,admin/org_structure.php,SEED_ARTIFACT,"بلا رابطٍ نشِطٍ ولا يُبلَغ من شاشةِ هدف"
EX-CEO,main/my_workspace.php,LIVE_LINK_OWNER,"رابطٌ نشِطٌ في سايدبارِ الدور 9"
EX-CEO,Portal/ceo_risk.php,LIVE_LINK_OWNER,"رابطٌ نشِطٌ في سايدبارِ الدور 9"
EX-CEO,Portal/founding_mode.php,LIVE_LINK_OWNER,"رابطٌ نشِطٌ في سايدبارِ الدور 9"
EX-CEO,Portal/my_kpi.php,SEED_ARTIFACT,"بلا رابطٍ نشِطٍ ولا يُبلَغ من شاشةِ هدف"
EX-CEO,Governance/gov_reports.php,LIVE_LINK_OWNER,"رابطٌ نشِطٌ في سايدبارِ الدور 9"
EX-CEO,Portal/ceo_reports.php,LIVE_LINK_OWNER,"رابطٌ نشِطٌ في سايدبارِ الدور 9"
EX-CEO,Finance/budget_master.php,LIVE_LINK_OWNER,"رابطٌ نشِطٌ في سايدبارِ الدور 9"
EX-CEO,main/profile.php,SEED_ARTIFACT,"بلا رابطٍ نشِطٍ ولا يُبلَغ من شاشةِ هدف"
EX-CEO,Portal/business_models.php,LIVE_LINK_OWNER,"رابطٌ نشِطٌ في سايدبارِ الدور 9"
EX-CEO,Portal/contract_review.php,LIVE_LINK_OWNER,"رابطٌ نشِطٌ في سايدبارِ الدور 9"
EX-CEO,Portal/dept_achievement.php,LIVE_LINK_OWNER,"رابطٌ نشِطٌ في سايدبارِ الدور 9"
EX-CEO,Portal/release_stamp.php,LIVE_LINK_OWNER,"رابطٌ نشِطٌ في سايدبارِ الدور 9"
EX-CEO,Risk/risk_board.php,SEED_ARTIFACT,"بلا رابطٍ نشِطٍ ولا يُبلَغ من شاشةِ هدف"
EX-CEO,Risk/risk_register.php,SEED_ARTIFACT,"بلا رابطٍ نشِطٍ ولا يُبلَغ من شاشةِ هدف"
EX-CEO,Risk/risk_card.php,SEED_ARTIFACT,"بلا رابطٍ نشِطٍ ولا يُبلَغ من شاشةِ هدف"
EX-CEO,Risk/risk_appetite.php,SEED_ARTIFACT,"بلا رابطٍ نشِطٍ ولا يُبلَغ من شاشةِ هدف"
EX-CEO,Risk/risk_reviews.php,SEED_ARTIFACT,"بلا رابطٍ نشِطٍ ولا يُبلَغ من شاشةِ هدف"
EX-CEO,Risk/risk_assessment.php,SEED_ARTIFACT,"بلا رابطٍ نشِطٍ ولا يُبلَغ من شاشةِ هدف"
EX-CEO,Risk/risk_acceptance.php,SEED_ARTIFACT,"بلا رابطٍ نشِطٍ ولا يُبلَغ من شاشةِ هدف"
EX-CEO,Risk/risk_incidents.php,SEED_ARTIFACT,"بلا رابطٍ نشِطٍ ولا يُبلَغ من شاشةِ هدف"
EX-CEO,Risk/risk_committee.php,SEED_ARTIFACT,"بلا رابطٍ نشِطٍ ولا يُبلَغ من شاشةِ هدف"
EX-CEO,Risk/risk_reports.php,LIVE_LINK_OWNER,"رابطٌ نشِطٌ في سايدبارِ الدور 9"
EX-CEO,Finance/gov_dept_fin.php,SEED_ARTIFACT,"بلا رابطٍ نشِطٍ ولا يُبلَغ من شاشةِ هدف"
EX-CEO,Governance/guard_denials.php,SEED_ARTIFACT,"بلا رابطٍ نشِطٍ ولا يُبلَغ من شاشةِ هدف"
EX-CEO,Governance/gov_dept_gov.php,SEED_ARTIFACT,"بلا رابطٍ نشِطٍ ولا يُبلَغ من شاشةِ هدف"
EX-CEO,Risk/risk_dept_fin.php,SEED_ARTIFACT,"بلا رابطٍ نشِطٍ ولا يُبلَغ من شاشةِ هدف"
EX-CEO,Risk/risk_dept_gov.php,SEED_ARTIFACT,"بلا رابطٍ نشِطٍ ولا يُبلَغ من شاشةِ هدف"
EX-CEO,Finance/fin_ratios.php,SEED_ARTIFACT,"بلا رابطٍ نشِطٍ ولا يُبلَغ من شاشةِ هدف"
EX-CEO,Finance/fin_ratio_detail.php,SEED_ARTIFACT,"بلا رابطٍ نشِطٍ ولا يُبلَغ من شاشةِ هدف"
EX-CEO,Finance/fin_ratio_targets.php,SEED_ARTIFACT,"بلا رابطٍ نشِطٍ ولا يُبلَغ من شاشةِ هدف"
EX-CEO,Finance/fin_early_warning.php,SEED_ARTIFACT,"بلا رابطٍ نشِطٍ ولا يُبلَغ من شاشةِ هدف"
EX-CEO,Finance/fin_unit_economics.php,SEED_ARTIFACT,"بلا رابطٍ نشِطٍ ولا يُبلَغ من شاشةِ هدف"
EX-CEO,Finance/fin_contract_margin.php,SEED_ARTIFACT,"بلا رابطٍ نشِطٍ ولا يُبلَغ من شاشةِ هدف"
EX-CEO,Finance/fin_project_pl.php,SEED_ARTIFACT,"بلا رابطٍ نشِطٍ ولا يُبلَغ من شاشةِ هدف"
EX-CEO,Finance/fin_cashflow_stmt.php,SEED_ARTIFACT,"بلا رابطٍ نشِطٍ ولا يُبلَغ من شاشةِ هدف"
EX-CEO,Finance/fin_equity_stmt.php,SEED_ARTIFACT,"بلا رابطٍ نشِطٍ ولا يُبلَغ من شاشةِ هدف"
EX-CEO,Finance/fin_posting_matrix.php,SEED_ARTIFACT,"بلا رابطٍ نشِطٍ ولا يُبلَغ من شاشةِ هدف"
EX-CEO,Portal/ceo_audit_reports.php,CONTROL_OWNER,"شاشةٌ حاكمةٌ مسجَّلةٌ في gov_governing_screens"
EX-CEO,Audit/iaf_charter.php,CONTROL_OWNER,"شاشةٌ حاكمةٌ مسجَّلةٌ في gov_governing_screens"
EX-CEO,Audit/iaf_independence.php,CONTROL_OWNER,"شاشةٌ حاكمةٌ مسجَّلةٌ في gov_governing_screens"
EX-CEO,Audit/iaf_universe.php,CONTROL_OWNER,"شاشةٌ حاكمةٌ مسجَّلةٌ في gov_governing_screens"
EX-CEO,Audit/iaf_plan.php,CONTROL_OWNER,"شاشةٌ حاكمةٌ مسجَّلةٌ في gov_governing_screens"
EX-CEO,Audit/iaf_engagements.php,CONTROL_OWNER,"شاشةٌ حاكمةٌ مسجَّلةٌ في gov_governing_screens"
EX-CEO,Audit/iaf_workpapers.php,CONTROL_OWNER,"شاشةٌ حاكمةٌ مسجَّلةٌ في gov_governing_screens"
EX-CEO,Audit/iaf_findings.php,CONTROL_OWNER,"شاشةٌ حاكمةٌ مسجَّلةٌ في gov_governing_screens"
EX-CEO,Audit/iaf_responses.php,CONTROL_OWNER,"شاشةٌ حاكمةٌ مسجَّلةٌ في gov_governing_screens"
EX-CEO,Audit/iaf_action_plans.php,CONTROL_OWNER,"شاشةٌ حاكمةٌ مسجَّلةٌ في gov_governing_screens"
EX-CEO,Audit/iaf_closure.php,CONTROL_OWNER,"شاشةٌ حاكمةٌ مسجَّلةٌ في gov_governing_screens"
EX-CEO,Audit/iaf_escalations.php,CONTROL_OWNER,"شاشةٌ حاكمةٌ مسجَّلةٌ في gov_governing_screens"
EX-CEO,Audit/iaf_reports.php,CONTROL_OWNER,"شاشةٌ حاكمةٌ مسجَّلةٌ في gov_governing_screens"
EX-CEO,Audit/iaf_access_log.php,CONTROL_OWNER,"شاشةٌ حاكمةٌ مسجَّلةٌ في gov_governing_screens"
EX-CEO,Audit/iaf_competencies.php,CONTROL_OWNER,"شاشةٌ حاكمةٌ مسجَّلةٌ في gov_governing_screens"
EX-CEO,Audit/iaf_authorities.php,CONTROL_OWNER,"شاشةٌ حاكمةٌ مسجَّلةٌ في gov_governing_screens"
EX-CEO,Audit/iaf_quality.php,CONTROL_OWNER,"شاشةٌ حاكمةٌ مسجَّلةٌ في gov_governing_screens"
EX-CEO,Approvals/requests.php,SEED_ARTIFACT,"بلا رابطٍ نشِطٍ ولا يُبلَغ من شاشةِ هدف"
EX-CEO,main/global_search.php,SEED_ARTIFACT,"بلا رابطٍ نشِطٍ ولا يُبلَغ من شاشةِ هدف"
EX-CEO,main/soon.php,SEED_ARTIFACT,"بلا رابطٍ نشِطٍ ولا يُبلَغ من شاشةِ هدف"
EX-CEO,main/user_profile.php,SEED_ARTIFACT,"بلا رابطٍ نشِطٍ ولا يُبلَغ من شاشةِ هدف"
EX-CEO,Risk/risk_dept_cap.php,SEED_ARTIFACT,"بلا رابطٍ نشِطٍ ولا يُبلَغ من شاشةِ هدف"
EX-CEO,Risk/risk_dept_crp.php,SEED_ARTIFACT,"بلا رابطٍ نشِطٍ ولا يُبلَغ من شاشةِ هدف"
EX-CEO,Risk/risk_dept_flt.php,SEED_ARTIFACT,"بلا رابطٍ نشِطٍ ولا يُبلَغ من شاشةِ هدف"
EX-CEO,Risk/risk_dept_hrm.php,SEED_ARTIFACT,"بلا رابطٍ نشِطٍ ولا يُبلَغ من شاشةِ هدف"
EX-CEO,Risk/risk_dept_inv.php,SEED_ARTIFACT,"بلا رابطٍ نشِطٍ ولا يُبلَغ من شاشةِ هدف"
EX-CEO,Risk/risk_dept_mnt.php,SEED_ARTIFACT,"بلا رابطٍ نشِطٍ ولا يُبلَغ من شاشةِ هدف"
EX-CEO,Risk/risk_dept_ops.php,SEED_ARTIFACT,"بلا رابطٍ نشِطٍ ولا يُبلَغ من شاشةِ هدف"
EX-CEO,Risk/risk_dept_prc.php,SEED_ARTIFACT,"بلا رابطٍ نشِطٍ ولا يُبلَغ من شاشةِ هدف"
EX-CEO,Risk/risk_dept_sit.php,SEED_ARTIFACT,"بلا رابطٍ نشِطٍ ولا يُبلَغ من شاشةِ هدف"
EX-CEO,Risk/risk_dept_trp.php,SEED_ARTIFACT,"بلا رابطٍ نشِطٍ ولا يُبلَغ من شاشةِ هدف"
EX-CEO,Risk/risk_dept_wrk.php,SEED_ARTIFACT,"بلا رابطٍ نشِطٍ ولا يُبلَغ من شاشةِ هدف"
EX-CEO,Financing/gov_dept_cap.php,SEED_ARTIFACT,"بلا رابطٍ نشِطٍ ولا يُبلَغ من شاشةِ هدف"
EX-CEO,Tickets/gov_dept_crp.php,SEED_ARTIFACT,"بلا رابطٍ نشِطٍ ولا يُبلَغ من شاشةِ هدف"
EX-CEO,Equipments/gov_dept_flt.php,SEED_ARTIFACT,"بلا رابطٍ نشِطٍ ولا يُبلَغ من شاشةِ هدف"
EX-CEO,Workforce/gov_dept_hrm.php,SEED_ARTIFACT,"بلا رابطٍ نشِطٍ ولا يُبلَغ من شاشةِ هدف"
EX-CEO,Procurement/gov_dept_inv.php,SEED_ARTIFACT,"بلا رابطٍ نشِطٍ ولا يُبلَغ من شاشةِ هدف"
EX-CEO,Maintenance/gov_dept_mnt.php,SEED_ARTIFACT,"بلا رابطٍ نشِطٍ ولا يُبلَغ من شاشةِ هدف"
EX-CEO,Operations/gov_dept_ops.php,SEED_ARTIFACT,"بلا رابطٍ نشِطٍ ولا يُبلَغ من شاشةِ هدف"
EX-CEO,Procurement/gov_dept_prc.php,SEED_ARTIFACT,"بلا رابطٍ نشِطٍ ولا يُبلَغ من شاشةِ هدف"
EX-CEO,Operations/gov_dept_sit.php,SEED_ARTIFACT,"بلا رابطٍ نشِطٍ ولا يُبلَغ من شاشةِ هدف"
EX-CEO,Transport/gov_dept_trp.php,SEED_ARTIFACT,"بلا رابطٍ نشِطٍ ولا يُبلَغ من شاشةِ هدف"
EX-CEO,Workforce/gov_dept_wrk.php,SEED_ARTIFACT,"بلا رابطٍ نشِطٍ ولا يُبلَغ من شاشةِ هدف"
EX-CEO,Portal/gov_dept_ceo.php,SEED_ARTIFACT,"بلا رابطٍ نشِطٍ ولا يُبلَغ من شاشةِ هدف"
EX-CEO,Risk/risk_dept_ceo.php,SEED_ARTIFACT,"بلا رابطٍ نشِطٍ ولا يُبلَغ من شاشةِ هدف"
EX-CEO,Governance/read_log.php,SEED_ARTIFACT,"بلا رابطٍ نشِطٍ ولا يُبلَغ من شاشةِ هدف"
EX-CEO,Fleet/readiness_cert.php,SEED_ARTIFACT,"بلا رابطٍ نشِطٍ ولا يُبلَغ من شاشةِ هدف"
EX-CEO,Procurement/warehouses.php,SEED_ARTIFACT,"بلا رابطٍ نشِطٍ ولا يُبلَغ من شاشةِ هدف"
EX-CEO,Operations/monthly_plan.php,SEED_ARTIFACT,"بلا رابطٍ نشِطٍ ولا يُبلَغ من شاشةِ هدف"
EX-CEO,Suppliers/quota_approval_minutes.php,SEED_ARTIFACT,"بلا رابطٍ نشِطٍ ولا يُبلَغ من شاشةِ هدف"
EX-CEO,Tickets/ticket_kpi.php,SEED_ARTIFACT,"بلا رابطٍ نشِطٍ ولا يُبلَغ من شاشةِ هدف"
EX-CEO,Tickets/my_tickets.php,SEED_ARTIFACT,"بلا رابطٍ نشِطٍ ولا يُبلَغ من شاشةِ هدف"
EX-CEO,Governance/bus_outbox.php,SEED_ARTIFACT,"بلا رابطٍ نشِطٍ ولا يُبلَغ من شاشةِ هدف"
EX-CEO,Governance/bus_deliveries.php,SEED_ARTIFACT,"بلا رابطٍ نشِطٍ ولا يُبلَغ من شاشةِ هدف"
EX-CEO,Governance/bus_board.php,SEED_ARTIFACT,"بلا رابطٍ نشِطٍ ولا يُبلَغ من شاشةِ هدف"
EX-CEO,Governance/job_queue.php,SEED_ARTIFACT,"بلا رابطٍ نشِطٍ ولا يُبلَغ من شاشةِ هدف"
EX-CEO,Governance/job_schedule.php,SEED_ARTIFACT,"بلا رابطٍ نشِطٍ ولا يُبلَغ من شاشةِ هدف"
EX-CEO,Governance/dr_restore.php,SEED_ARTIFACT,"بلا رابطٍ نشِطٍ ولا يُبلَغ من شاشةِ هدف"
EX-CEO,Finance/asset_hours_link.php,SEED_ARTIFACT,"بلا رابطٍ نشِطٍ ولا يُبلَغ من شاشةِ هدف"
EX-CEO,Finance/depr_run.php,SEED_ARTIFACT,"بلا رابطٍ نشِطٍ ولا يُبلَغ من شاشةِ هدف"
EX-CEO,Governance/tech_gov_center.php,SEED_ARTIFACT,"بلا رابطٍ نشِطٍ ولا يُبلَغ من شاشةِ هدف"
EX-CEO,Governance/design_system.php,SEED_ARTIFACT,"بلا رابطٍ نشِطٍ ولا يُبلَغ من شاشةِ هدف"
EX-CEO,Governance/auth_profiles.php,SEED_ARTIFACT,"بلا رابطٍ نشِطٍ ولا يُبلَغ من شاشةِ هدف"
EX-CEO,Governance/auth_grants.php,SEED_ARTIFACT,"بلا رابطٍ نشِطٍ ولا يُبلَغ من شاشةِ هدف"
EX-CEO,Governance/impersonations.php,SEED_ARTIFACT,"بلا رابطٍ نشِطٍ ولا يُبلَغ من شاشةِ هدف"
EX-CEO,Governance/authority_caps.php,LIVE_LINK_OWNER,"رابطٌ نشِطٌ في سايدبارِ الدور 9"
EX-CEO,Portal/vp_departments.php,LIVE_LINK_OWNER,"رابطٌ نشِطٌ في سايدبارِ الدور 9"
EX-CEO,Portal/vp_dashboard.php,LIVE_LINK_OWNER,"رابطٌ نشِطٌ في سايدبارِ الدور 9"
EX-CEO,Portal/vp_daily_report.php,LIVE_LINK_OWNER,"رابطٌ نشِطٌ في سايدبارِ الدور 9"
EX-CEO,Portal/vp_weekly_report.php,LIVE_LINK_OWNER,"رابطٌ نشِطٌ في سايدبارِ الدور 9"
EX-CEO,Portal/vp_monthly_review.php,LIVE_LINK_OWNER,"رابطٌ نشِطٌ في سايدبارِ الدور 9"
EX-CEO,Portal/vp_approval_inbox.php,LIVE_LINK_OWNER,"رابطٌ نشِطٌ في سايدبارِ الدور 9"
EX-CEO,Portal/vp_pending_actions.php,LIVE_LINK_OWNER,"رابطٌ نشِطٌ في سايدبارِ الدور 9"
EX-CEO,Portal/vp_actions_followup.php,LIVE_LINK_OWNER,"رابطٌ نشِطٌ في سايدبارِ الدور 9"
EX-CEO,Audit/iaf_audit_programs.php,SEED_ARTIFACT,"بلا رابطٍ نشِطٍ ولا يُبلَغ من شاشةِ هدف"
EX-CEO,Audit/iaf_evidence_requests.php,SEED_ARTIFACT,"بلا رابطٍ نشِطٍ ولا يُبلَغ من شاشةِ هدف"
EX-CEO,Audit/iaf_function_risks.php,SEED_ARTIFACT,"بلا رابطٍ نشِطٍ ولا يُبلَغ من شاشةِ هدف"
EX-CEO,Audit/iaf_overview.php,SEED_ARTIFACT,"بلا رابطٍ نشِطٍ ولا يُبلَغ من شاشةِ هدف"
EX-CEO,Audit/iaf_test_samples.php,SEED_ARTIFACT,"بلا رابطٍ نشِطٍ ولا يُبلَغ من شاشةِ هدف"
EX-CEO,Finance/acc_trial_balance.php,LIVE_LINK_OWNER,"رابطٌ نشِطٌ في سايدبارِ الدور 9"
EX-CEO,Governance/approval_ladders.php,LIVE_LINK_OWNER,"رابطٌ نشِطٌ في سايدبارِ الدور 9"
EX-CEO,Governance/conduct_acknowledgements.php,SEED_ARTIFACT,"بلا رابطٍ نشِطٍ ولا يُبلَغ من شاشةِ هدف"
EX-CEO,Governance/conflict_disclosures.php,SEED_ARTIFACT,"بلا رابطٍ نشِطٍ ولا يُبلَغ من شاشةِ هدف"
EX-CEO,Governance/gifts_hospitality.php,SEED_ARTIFACT,"بلا رابطٍ نشِطٍ ولا يُبلَغ من شاشةِ هدف"
EX-CEO,Governance/related_parties.php,SEED_ARTIFACT,"بلا رابطٍ نشِطٍ ولا يُبلَغ من شاشةِ هدف"
EX-CEO,Governance/sod_conflicts.php,SEED_ARTIFACT,"بلا رابطٍ نشِطٍ ولا يُبلَغ من شاشةِ هدف"
EX-CEO,Portal/exec_delegations.php,LIVE_LINK_OWNER,"رابطٌ نشِطٌ في سايدبارِ الدور 9"
EX-CEO,Portal/exec_raised_requests.php,LIVE_LINK_OWNER,"رابطٌ نشِطٌ في سايدبارِ الدور 9"
EX-CEO,Risk/risk_closure.php,SEED_ARTIFACT,"بلا رابطٍ نشِطٍ ولا يُبلَغ من شاشةِ هدف"
EX-CEO,Risk/risk_events.php,SEED_ARTIFACT,"بلا رابطٍ نشِطٍ ولا يُبلَغ من شاشةِ هدف"
EX-CEO,Tickets/tkt_assignment.php,LIVE_LINK_OWNER,"رابطٌ نشِطٌ في سايدبارِ الدور 9"
EX-CEO,Tickets/tkt_communications.php,LIVE_LINK_OWNER,"رابطٌ نشِطٌ في سايدبارِ الدور 9"
EX-CEO,Tickets/tkt_escalation.php,LIVE_LINK_OWNER,"رابطٌ نشِطٌ في سايدبارِ الدور 9"
EX-CEO,Tickets/tkt_parties.php,LIVE_LINK_OWNER,"رابطٌ نشِطٌ في سايدبارِ الدور 9"
EX-CEO,Tickets/tkt_reopen.php,LIVE_LINK_OWNER,"رابطٌ نشِطٌ في سايدبارِ الدور 9"
EX-CEO,Tickets/tkt_resolution_actions.php,LIVE_LINK_OWNER,"رابطٌ نشِطٌ في سايدبارِ الدور 9"
EX-CEO,Tickets/tkt_routing.php,LIVE_LINK_OWNER,"رابطٌ نشِطٌ في سايدبارِ الدور 9"
EX-CEO,Tickets/tkt_subject_types.php,LIVE_LINK_OWNER,"رابطٌ نشِطٌ في سايدبارِ الدور 9"
EX-CEO,Tickets/tkt_verification.php,LIVE_LINK_OWNER,"رابطٌ نشِطٌ في سايدبارِ الدور 9"
EX-CEO,operations/ops_room.php,SEED_ARTIFACT,"بلا رابطٍ نشِطٍ ولا يُبلَغ من شاشةِ هدف"
EX-CEO,operations/ops_seasonal_factors.php,SEED_ARTIFACT,"بلا رابطٍ نشِطٍ ولا يُبلَغ من شاشةِ هدف"
EX-CEO,operations/ops_tomorrow_dispatch.php,SEED_ARTIFACT,"بلا رابطٍ نشِطٍ ولا يُبلَغ من شاشةِ هدف"
EX-CEO,operations/ops_resource_move_orders.php,SEED_ARTIFACT,"بلا رابطٍ نشِطٍ ولا يُبلَغ من شاشةِ هدف"
EX-CEO,operations/ops_shift_time_states.php,SEED_ARTIFACT,"بلا رابطٍ نشِطٍ ولا يُبلَغ من شاشةِ هدف"
EX-CEO,operations/ops_stop_decisions.php,SEED_ARTIFACT,"بلا رابطٍ نشِطٍ ولا يُبلَغ من شاشةِ هدف"
EX-CEO,operations/ops_deviation_escalation.php,SEED_ARTIFACT,"بلا رابطٍ نشِطٍ ولا يُبلَغ من شاشةِ هدف"
IAF,main/project_users.php,SEED_ARTIFACT,"بلا رابطٍ نشِطٍ ولا يُبلَغ من شاشةِ هدف"
IAF,Tickets/tickets_list.php,SEED_ARTIFACT,"بلا رابطٍ نشِطٍ ولا يُبلَغ من شاشةِ هدف"
IAF,Tickets/ticket_form.php,SEED_ARTIFACT,"بلا رابطٍ نشِطٍ ولا يُبلَغ من شاشةِ هدف"
IAF,Tickets/dept_inbox.php,SEED_ARTIFACT,"بلا رابطٍ نشِطٍ ولا يُبلَغ من شاشةِ هدف"
IAF,Finance/ob_register.php,CONTROL_OWNER,"شاشةٌ حاكمةٌ مسجَّلةٌ في gov_governing_screens"
IAF,Finance/ob_schedule.php,CONTROL_OWNER,"شاشةٌ حاكمةٌ مسجَّلةٌ في gov_governing_screens"
IAF,Finance/ob_due_soon.php,CONTROL_OWNER,"شاشةٌ حاكمةٌ مسجَّلةٌ في gov_governing_screens"
IAF,Finance/ob_overdue.php,CONTROL_OWNER,"شاشةٌ حاكمةٌ مسجَّلةٌ في gov_governing_screens"
IAF,Finance/ob_horizon.php,CONTROL_OWNER,"شاشةٌ حاكمةٌ مسجَّلةٌ في gov_governing_screens"
IAF,Finance/ob_commitments.php,CONTROL_OWNER,"شاشةٌ حاكمةٌ مسجَّلةٌ في gov_governing_screens"
IAF,Finance/ob_contingent.php,CONTROL_OWNER,"شاشةٌ حاكمةٌ مسجَّلةٌ في gov_governing_screens"
IAF,Portal/ceo_audit_reports.php,CONTROL_OWNER,"شاشةٌ حاكمةٌ مسجَّلةٌ في gov_governing_screens"
IAF,Portal/ceo_assignments.php,CONTROL_OWNER,"شاشةٌ حاكمةٌ مسجَّلةٌ في gov_governing_screens"
IAF,Finance/acc_my_day.php,CONTROL_OWNER,"شاشةٌ حاكمةٌ مسجَّلةٌ في gov_governing_screens"
IAF,Finance/acc_specializations.php,CONTROL_OWNER,"شاشةٌ حاكمةٌ مسجَّلةٌ في gov_governing_screens"
IAF,Finance/acc_routing_matrix.php,CONTROL_OWNER,"شاشةٌ حاكمةٌ مسجَّلةٌ في gov_governing_screens"
IAF,Finance/acc_backflow.php,CONTROL_OWNER,"شاشةٌ حاكمةٌ مسجَّلةٌ في gov_governing_screens"
IAF,Finance/acc_approval_chain.php,CONTROL_OWNER,"شاشةٌ حاكمةٌ مسجَّلةٌ في gov_governing_screens"
IAF,Finance/ctrl_quality_kpis.php,CONTROL_OWNER,"شاشةٌ حاكمةٌ مسجَّلةٌ في gov_governing_screens"
IAF,Finance/ctrl_supervision.php,CONTROL_OWNER,"شاشةٌ حاكمةٌ مسجَّلةٌ في gov_governing_screens"
IAF,Finance/ctrl_role_migration.php,CONTROL_OWNER,"شاشةٌ حاكمةٌ مسجَّلةٌ في gov_governing_screens"
IAF,Finance/ctrl_doc_variance.php,CONTROL_OWNER,"شاشةٌ حاكمةٌ مسجَّلةٌ في gov_governing_screens"
IAF,Finance/tre_authority_caps.php,CONTROL_OWNER,"شاشةٌ حاكمةٌ مسجَّلةٌ في gov_governing_screens"
IAF,Finance/tre_sod_matrix.php,CONTROL_OWNER,"شاشةٌ حاكمةٌ مسجَّلةٌ في gov_governing_screens"
IAF,Audit/iaf_responses.php,CONTROL_OWNER,"شاشةٌ حاكمةٌ مسجَّلةٌ في gov_governing_screens"
IAF,Audit/iaf_closure.php,CONTROL_OWNER,"شاشةٌ حاكمةٌ مسجَّلةٌ في gov_governing_screens"
IAF,Audit/iaf_competencies.php,CONTROL_OWNER,"شاشةٌ حاكمةٌ مسجَّلةٌ في gov_governing_screens"
IAF,Audit/iaf_authorities.php,CONTROL_OWNER,"شاشةٌ حاكمةٌ مسجَّلةٌ في gov_governing_screens"
IAF,Finance/ctrl_authority_limits.php,CONTROL_OWNER,"شاشةٌ حاكمةٌ مسجَّلةٌ في gov_governing_screens"
IAF,Finance/tre_cycle_stages.php,CONTROL_OWNER,"شاشةٌ حاكمةٌ مسجَّلةٌ في gov_governing_screens"
IAF,Finance/tre_unit_roles.php,CONTROL_OWNER,"شاشةٌ حاكمةٌ مسجَّلةٌ في gov_governing_screens"
IAF,Finance/ctrl_doc_registry.php,CONTROL_OWNER,"شاشةٌ حاكمةٌ مسجَّلةٌ في gov_governing_screens"
IAF,Finance/ctrl_dept_propagation.php,CONTROL_OWNER,"شاشةٌ حاكمةٌ مسجَّلةٌ في gov_governing_screens"
IAF,main/global_search.php,SEED_ARTIFACT,"بلا رابطٍ نشِطٍ ولا يُبلَغ من شاشةِ هدف"
IAF,main/soon.php,SEED_ARTIFACT,"بلا رابطٍ نشِطٍ ولا يُبلَغ من شاشةِ هدف"
IAF,main/user_profile.php,SEED_ARTIFACT,"بلا رابطٍ نشِطٍ ولا يُبلَغ من شاشةِ هدف"
IAF,Governance/read_log.php,SEED_ARTIFACT,"بلا رابطٍ نشِطٍ ولا يُبلَغ من شاشةِ هدف"
IAF,Tickets/my_tickets.php,SEED_ARTIFACT,"بلا رابطٍ نشِطٍ ولا يُبلَغ من شاشةِ هدف"
IAF,Governance/bus_outbox.php,SEED_ARTIFACT,"بلا رابطٍ نشِطٍ ولا يُبلَغ من شاشةِ هدف"
IAF,Governance/bus_deliveries.php,SEED_ARTIFACT,"بلا رابطٍ نشِطٍ ولا يُبلَغ من شاشةِ هدف"
IAF,Governance/bus_board.php,SEED_ARTIFACT,"بلا رابطٍ نشِطٍ ولا يُبلَغ من شاشةِ هدف"
IAF,Governance/job_queue.php,SEED_ARTIFACT,"بلا رابطٍ نشِطٍ ولا يُبلَغ من شاشةِ هدف"
IAF,Governance/job_schedule.php,SEED_ARTIFACT,"بلا رابطٍ نشِطٍ ولا يُبلَغ من شاشةِ هدف"
IAF,Governance/dr_restore.php,SEED_ARTIFACT,"بلا رابطٍ نشِطٍ ولا يُبلَغ من شاشةِ هدف"
IAF,Finance/asset_hours_link.php,SEED_ARTIFACT,"بلا رابطٍ نشِطٍ ولا يُبلَغ من شاشةِ هدف"
IAF,Finance/depr_run.php,SEED_ARTIFACT,"بلا رابطٍ نشِطٍ ولا يُبلَغ من شاشةِ هدف"
IAF,Governance/tech_gov_center.php,SEED_ARTIFACT,"بلا رابطٍ نشِطٍ ولا يُبلَغ من شاشةِ هدف"
IAF,Governance/design_system.php,SEED_ARTIFACT,"بلا رابطٍ نشِطٍ ولا يُبلَغ من شاشةِ هدف"
IAF,Governance/auth_profiles.php,SEED_ARTIFACT,"بلا رابطٍ نشِطٍ ولا يُبلَغ من شاشةِ هدف"
IAF,Governance/auth_grants.php,SEED_ARTIFACT,"بلا رابطٍ نشِطٍ ولا يُبلَغ من شاشةِ هدف"
IAF,Governance/impersonations.php,SEED_ARTIFACT,"بلا رابطٍ نشِطٍ ولا يُبلَغ من شاشةِ هدف"
IAF,Governance/conduct_acknowledgements.php,SEED_ARTIFACT,"بلا رابطٍ نشِطٍ ولا يُبلَغ من شاشةِ هدف"
IAF,Governance/conflict_disclosures.php,SEED_ARTIFACT,"بلا رابطٍ نشِطٍ ولا يُبلَغ من شاشةِ هدف"
IAF,Governance/gifts_hospitality.php,SEED_ARTIFACT,"بلا رابطٍ نشِطٍ ولا يُبلَغ من شاشةِ هدف"
IAF,Governance/related_parties.php,SEED_ARTIFACT,"بلا رابطٍ نشِطٍ ولا يُبلَغ من شاشةِ هدف"
IAF,Governance/sod_conflicts.php,SEED_ARTIFACT,"بلا رابطٍ نشِطٍ ولا يُبلَغ من شاشةِ هدف"
IAF,Portal/exec_delegations.php,LIVE_LINK_OWNER,"رابطٌ نشِطٌ في سايدبارِ الدور 33"
IAF,Portal/exec_leadership_appointments.php,LIVE_LINK_OWNER,"رابطٌ نشِطٌ في سايدبارِ الدور 33"
IAF,Finance/tre_facilities.php,SEED_ARTIFACT,"بلا رابطٍ نشِطٍ ولا يُبلَغ من شاشةِ هدف"
