timesheet_id,result,effects,adopted,reason
1998,converted,3,0,
27329,skipped,0,0,"صفر أثرٍ قابلٍ للتوليد: لا سعر وحدةٍ لنوع المعدة في عقد العميل · لا موردَ على معدة التشغيل"
27330,skipped,0,0,"صفر أثرٍ قابلٍ للتوليد: لا سعر وحدةٍ لنوع المعدة في عقد العميل · لا موردَ على معدة التشغيل"
27331,skipped,0,0,"صفر أثرٍ قابلٍ للتوليد: لا سعر وحدةٍ لنوع المعدة في عقد العميل · لا موردَ على معدة التشغيل"
27332,skipped,0,0,"صفر أثرٍ قابلٍ للتوليد: لا سعر وحدةٍ لنوع المعدة في عقد العميل · لا موردَ على معدة التشغيل"
27333,skipped,0,0,"صفر أثرٍ قابلٍ للتوليد: لا سعر وحدةٍ لنوع المعدة في عقد العميل · لا موردَ على معدة التشغيل"
27334,skipped,0,0,"صفر أثرٍ قابلٍ للتوليد: لا سعر وحدةٍ لنوع المعدة في عقد العميل · لا موردَ على معدة التشغيل"
27335,skipped,0,0,"صفر أثرٍ قابلٍ للتوليد: لا سعر وحدةٍ لنوع المعدة في عقد العميل · لا موردَ على معدة التشغيل"
27336,skipped,0,0,"صفر أثرٍ قابلٍ للتوليد: لا سعر وحدةٍ لنوع المعدة في عقد العميل · لا موردَ على معدة التشغيل"
27337,skipped,0,0,"صفر أثرٍ قابلٍ للتوليد: لا سعر وحدةٍ لنوع المعدة في عقد العميل · لا موردَ على معدة التشغيل"
27338,skipped,0,0,"صفر أثرٍ قابلٍ للتوليد: لا سعر وحدةٍ لنوع المعدة في عقد العميل · لا موردَ على معدة التشغيل"
27339,skipped,0,0,"صفر أثرٍ قابلٍ للتوليد: لا سعر وحدةٍ لنوع المعدة في عقد العميل · لا موردَ على معدة التشغيل"
27340,skipped,0,0,"صفر أثرٍ قابلٍ للتوليد: لا سعر وحدةٍ لنوع المعدة في عقد العميل · لا موردَ على معدة التشغيل"
27341,skipped,0,0,"صفر أثرٍ قابلٍ للتوليد: لا سعر وحدةٍ لنوع المعدة في عقد العميل · لا موردَ على معدة التشغيل"
27342,skipped,0,0,"صفر أثرٍ قابلٍ للتوليد: لا سعر وحدةٍ لنوع المعدة في عقد العميل · لا موردَ على معدة التشغيل"
27343,skipped,0,0,"صفر أثرٍ قابلٍ للتوليد: لا سعر وحدةٍ لنوع المعدة في عقد العميل · لا موردَ على معدة التشغيل"
27344,skipped,0,0,"صفر أثرٍ قابلٍ للتوليد: لا سعر وحدةٍ لنوع المعدة في عقد العميل · لا موردَ على معدة التشغيل"
27345,skipped,0,0,"صفر أثرٍ قابلٍ للتوليد: لا سعر وحدةٍ لنوع المعدة في عقد العميل · لا موردَ على معدة التشغيل"
27346,skipped,0,0,"صفر أثرٍ قابلٍ للتوليد: لا سعر وحدةٍ لنوع المعدة في عقد العميل · لا موردَ على معدة التشغيل"
27347,skipped,0,0,"صفر أثرٍ قابلٍ للتوليد: لا سعر وحدةٍ لنوع المعدة في عقد العميل · لا موردَ على معدة التشغيل"
27348,skipped,0,0,"صفر أثرٍ قابلٍ للتوليد: لا سعر وحدةٍ لنوع المعدة في عقد العميل · لا موردَ على معدة التشغيل"
27349,skipped,0,0,"صفر أثرٍ قابلٍ للتوليد: لا سعر وحدةٍ لنوع المعدة في عقد العميل · لا موردَ على معدة التشغيل"
27350,skipped,0,0,"صفر أثرٍ قابلٍ للتوليد: لا سعر وحدةٍ لنوع المعدة في عقد العميل · لا موردَ على معدة التشغيل"
27351,skipped,0,0,"صفر أثرٍ قابلٍ للتوليد: لا سعر وحدةٍ لنوع المعدة في عقد العميل · لا موردَ على معدة التشغيل"
27352,skipped,0,0,"صفر أثرٍ قابلٍ للتوليد: لا سعر وحدةٍ لنوع المعدة في عقد العميل · لا موردَ على معدة التشغيل"
27353,skipped,0,0,"صفر أثرٍ قابلٍ للتوليد: لا سعر وحدةٍ لنوع المعدة في عقد العميل · لا موردَ على معدة التشغيل"
27354,skipped,0,0,"صفر أثرٍ قابلٍ للتوليد: لا سعر وحدةٍ لنوع المعدة في عقد العميل · لا موردَ على معدة التشغيل"
27355,skipped,0,0,"صفر أثرٍ قابلٍ للتوليد: لا سعر وحدةٍ لنوع المعدة في عقد العميل · لا موردَ على معدة التشغيل"
27356,skipped,0,0,"صفر أثرٍ قابلٍ للتوليد: لا سعر وحدةٍ لنوع المعدة في عقد العميل · لا موردَ على معدة التشغيل"
27357,skipped,0,0,"صفر أثرٍ قابلٍ للتوليد: لا سعر وحدةٍ لنوع المعدة في عقد العميل · لا موردَ على معدة التشغيل"
27358,skipped,0,0,"صفر أثرٍ قابلٍ للتوليد: لا سعر وحدةٍ لنوع المعدة في عقد العميل · لا موردَ على معدة التشغيل"
27359,skipped,0,0,"صفر أثرٍ قابلٍ للتوليد: لا سعر وحدةٍ لنوع المعدة في عقد العميل · لا موردَ على معدة التشغيل"
27360,skipped,0,0,"صفر أثرٍ قابلٍ للتوليد: لا سعر وحدةٍ لنوع المعدة في عقد العميل · لا موردَ على معدة التشغيل"
27361,skipped,0,0,"صفر أثرٍ قابلٍ للتوليد: لا سعر وحدةٍ لنوع المعدة في عقد العميل · لا موردَ على معدة التشغيل"
27362,skipped,0,0,"صفر أثرٍ قابلٍ للتوليد: لا سعر وحدةٍ لنوع المعدة في عقد العميل · لا موردَ على معدة التشغيل"
27363,skipped,0,0,"صفر أثرٍ قابلٍ للتوليد: لا سعر وحدةٍ لنوع المعدة في عقد العميل · لا موردَ على معدة التشغيل"
27364,skipped,0,0,"صفر أثرٍ قابلٍ للتوليد: لا سعر وحدةٍ لنوع المعدة في عقد العميل · لا موردَ على معدة التشغيل"
27365,skipped,0,0,"صفر أثرٍ قابلٍ للتوليد: لا سعر وحدةٍ لنوع المعدة في عقد العميل · لا موردَ على معدة التشغيل"
27366,skipped,0,0,"صفر أثرٍ قابلٍ للتوليد: لا سعر وحدةٍ لنوع المعدة في عقد العميل · لا موردَ على معدة التشغيل"
27367,skipped,0,0,"صفر أثرٍ قابلٍ للتوليد: لا سعر وحدةٍ لنوع المعدة في عقد العميل · لا موردَ على معدة التشغيل"
27368,skipped,0,0,"صفر أثرٍ قابلٍ للتوليد: لا سعر وحدةٍ لنوع المعدة في عقد العميل · لا موردَ على معدة التشغيل"
27369,skipped,0,0,"صفر أثرٍ قابلٍ للتوليد: لا سعر وحدةٍ لنوع المعدة في عقد العميل · لا موردَ على معدة التشغيل"
27370,skipped,0,0,"صفر أثرٍ قابلٍ للتوليد: لا سعر وحدةٍ لنوع المعدة في عقد العميل · لا موردَ على معدة التشغيل"
27371,skipped,0,0,"صفر أثرٍ قابلٍ للتوليد: لا سعر وحدةٍ لنوع المعدة في عقد العميل · لا موردَ على معدة التشغيل"
27372,skipped,0,0,"صفر أثرٍ قابلٍ للتوليد: لا سعر وحدةٍ لنوع المعدة في عقد العميل · لا موردَ على معدة التشغيل"
27373,skipped,0,0,"صفر أثرٍ قابلٍ للتوليد: لا سعر وحدةٍ لنوع المعدة في عقد العميل · لا موردَ على معدة التشغيل"
27374,skipped,0,0,"صفر أثرٍ قابلٍ للتوليد: لا سعر وحدةٍ لنوع المعدة في عقد العميل · لا موردَ على معدة التشغيل"
27375,skipped,0,0,"صفر أثرٍ قابلٍ للتوليد: لا سعر وحدةٍ لنوع المعدة في عقد العميل · لا موردَ على معدة التشغيل"
27376,skipped,0,0,"صفر أثرٍ قابلٍ للتوليد: لا سعر وحدةٍ لنوع المعدة في عقد العميل · لا موردَ على معدة التشغيل"
27377,skipped,0,0,"صفر أثرٍ قابلٍ للتوليد: لا سعر وحدةٍ لنوع المعدة في عقد العميل · لا موردَ على معدة التشغيل"
27378,skipped,0,0,"صفر أثرٍ قابلٍ للتوليد: لا سعر وحدةٍ لنوع المعدة في عقد العميل · لا موردَ على معدة التشغيل"
27379,skipped,0,0,"صفر أثرٍ قابلٍ للتوليد: لا سعر وحدةٍ لنوع المعدة في عقد العميل · لا موردَ على معدة التشغيل"
27380,skipped,0,0,"صفر أثرٍ قابلٍ للتوليد: لا سعر وحدةٍ لنوع المعدة في عقد العميل · لا موردَ على معدة التشغيل"
27381,skipped,0,0,"صفر أثرٍ قابلٍ للتوليد: لا سعر وحدةٍ لنوع المعدة في عقد العميل · لا موردَ على معدة التشغيل"
27382,skipped,0,0,"صفر أثرٍ قابلٍ للتوليد: لا سعر وحدةٍ لنوع المعدة في عقد العميل · لا موردَ على معدة التشغيل"
27383,skipped,0,0,"صفر أثرٍ قابلٍ للتوليد: لا سعر وحدةٍ لنوع المعدة في عقد العميل · لا موردَ على معدة التشغيل"
27384,skipped,0,0,"صفر أثرٍ قابلٍ للتوليد: لا سعر وحدةٍ لنوع المعدة في عقد العميل · لا موردَ على معدة التشغيل"
27385,skipped,0,0,"صفر أثرٍ قابلٍ للتوليد: لا سعر وحدةٍ لنوع المعدة في عقد العميل · لا موردَ على معدة التشغيل"
27386,skipped,0,0,"صفر أثرٍ قابلٍ للتوليد: لا سعر وحدةٍ لنوع المعدة في عقد العميل · لا موردَ على معدة التشغيل"
27660,skipped,0,0,"صفر أثرٍ قابلٍ للتوليد: لا سعر وحدةٍ لنوع المعدة في عقد العميل · لا سعر وحدةٍ لنوع المعدة في أي عقد موردٍ نشط"
27661,skipped,0,0,"صفر أثرٍ قابلٍ للتوليد: لا سعر وحدةٍ لنوع المعدة في عقد العميل · لا سعر وحدةٍ لنوع المعدة في أي عقد موردٍ نشط"
27662,skipped,0,0,"صفر أثرٍ قابلٍ للتوليد: لا سعر وحدةٍ لنوع المعدة في عقد العميل · لا سعر وحدةٍ لنوع المعدة في أي عقد موردٍ نشط"
27663,skipped,0,0,"صفر أثرٍ قابلٍ للتوليد: لا سعر وحدةٍ لنوع المعدة في عقد العميل · لا سعر وحدةٍ لنوع المعدة في أي عقد موردٍ نشط"
27664,skipped,0,0,"صفر أثرٍ قابلٍ للتوليد: لا سعر وحدةٍ لنوع المعدة في عقد العميل · لا سعر وحدةٍ لنوع المعدة في أي عقد موردٍ نشط"
27665,skipped,0,0,"صفر أثرٍ قابلٍ للتوليد: لا سعر وحدةٍ لنوع المعدة في عقد العميل · لا سعر وحدةٍ لنوع المعدة في أي عقد موردٍ نشط"
27666,skipped,0,0,"صفر أثرٍ قابلٍ للتوليد: لا سعر وحدةٍ لنوع المعدة في عقد العميل · لا سعر وحدةٍ لنوع المعدة في أي عقد موردٍ نشط"
27667,skipped,0,0,"صفر أثرٍ قابلٍ للتوليد: لا سعر وحدةٍ لنوع المعدة في عقد العميل · لا سعر وحدةٍ لنوع المعدة في أي عقد موردٍ نشط"
27668,skipped,0,0,"صفر أثرٍ قابلٍ للتوليد: لا سعر وحدةٍ لنوع المعدة في عقد العميل · لا سعر وحدةٍ لنوع المعدة في أي عقد موردٍ نشط"
27669,skipped,0,0,"صفر أثرٍ قابلٍ للتوليد: لا سعر وحدةٍ لنوع المعدة في عقد العميل · لا سعر وحدةٍ لنوع المعدة في أي عقد موردٍ نشط"
27670,skipped,0,0,"صفر أثرٍ قابلٍ للتوليد: لا سعر وحدةٍ لنوع المعدة في عقد العميل · لا سعر وحدةٍ لنوع المعدة في أي عقد موردٍ نشط"
27671,skipped,0,0,"صفر أثرٍ قابلٍ للتوليد: لا سعر وحدةٍ لنوع المعدة في عقد العميل · لا سعر وحدةٍ لنوع المعدة في أي عقد موردٍ نشط"
27672,skipped,0,0,"صفر أثرٍ قابلٍ للتوليد: لا سعر وحدةٍ لنوع المعدة في عقد العميل · لا سعر وحدةٍ لنوع المعدة في أي عقد موردٍ نشط"
27673,skipped,0,0,"صفر أثرٍ قابلٍ للتوليد: لا سعر وحدةٍ لنوع المعدة في عقد العميل · لا سعر وحدةٍ لنوع المعدة في أي عقد موردٍ نشط"
27674,skipped,0,0,"صفر أثرٍ قابلٍ للتوليد: لا سعر وحدةٍ لنوع المعدة في عقد العميل · لا سعر وحدةٍ لنوع المعدة في أي عقد موردٍ نشط"
27675,skipped,0,0,"صفر أثرٍ قابلٍ للتوليد: لا سعر وحدةٍ لنوع المعدة في عقد العميل · لا سعر وحدةٍ لنوع المعدة في أي عقد موردٍ نشط"
27676,skipped,0,0,"صفر أثرٍ قابلٍ للتوليد: لا سعر وحدةٍ لنوع المعدة في عقد العميل · لا سعر وحدةٍ لنوع المعدة في أي عقد موردٍ نشط"
27677,skipped,0,0,"صفر أثرٍ قابلٍ للتوليد: لا سعر وحدةٍ لنوع المعدة في عقد العميل · لا سعر وحدةٍ لنوع المعدة في أي عقد موردٍ نشط"
27678,skipped,0,0,"صفر أثرٍ قابلٍ للتوليد: لا سعر وحدةٍ لنوع المعدة في عقد العميل · لا سعر وحدةٍ لنوع المعدة في أي عقد موردٍ نشط"
27679,skipped,0,0,"صفر أثرٍ قابلٍ للتوليد: لا سعر وحدةٍ لنوع المعدة في عقد العميل · لا سعر وحدةٍ لنوع المعدة في أي عقد موردٍ نشط"
27680,skipped,0,0,"صفر أثرٍ قابلٍ للتوليد: لا سعر وحدةٍ لنوع المعدة في عقد العميل · لا سعر وحدةٍ لنوع المعدة في أي عقد موردٍ نشط"
27681,skipped,0,0,"صفر أثرٍ قابلٍ للتوليد: لا سعر وحدةٍ لنوع المعدة في عقد العميل · لا سعر وحدةٍ لنوع المعدة في أي عقد موردٍ نشط"
27682,skipped,0,0,"صفر أثرٍ قابلٍ للتوليد: لا سعر وحدةٍ لنوع المعدة في عقد العميل · لا سعر وحدةٍ لنوع المعدة في أي عقد موردٍ نشط"
27683,skipped,0,0,"صفر أثرٍ قابلٍ للتوليد: لا سعر وحدةٍ لنوع المعدة في عقد العميل · لا سعر وحدةٍ لنوع المعدة في أي عقد موردٍ نشط"
27684,skipped,0,0,"صفر أثرٍ قابلٍ للتوليد: لا سعر وحدةٍ لنوع المعدة في عقد العميل · لا سعر وحدةٍ لنوع المعدة في أي عقد موردٍ نشط"
27685,skipped,0,0,"صفر أثرٍ قابلٍ للتوليد: لا سعر وحدةٍ لنوع المعدة في عقد العميل · لا سعر وحدةٍ لنوع المعدة في أي عقد موردٍ نشط"
27686,skipped,0,0,"صفر أثرٍ قابلٍ للتوليد: لا سعر وحدةٍ لنوع المعدة في عقد العميل · لا سعر وحدةٍ لنوع المعدة في أي عقد موردٍ نشط"
27687,skipped,0,0,"صفر أثرٍ قابلٍ للتوليد: لا سعر وحدةٍ لنوع المعدة في عقد العميل · لا سعر وحدةٍ لنوع المعدة في أي عقد موردٍ نشط"
27688,skipped,0,0,"صفر أثرٍ قابلٍ للتوليد: لا سعر وحدةٍ لنوع المعدة في عقد العميل · لا سعر وحدةٍ لنوع المعدة في أي عقد موردٍ نشط"
27689,skipped,0,0,"صفر أثرٍ قابلٍ للتوليد: لا سعر وحدةٍ لنوع المعدة في عقد العميل · لا سعر وحدةٍ لنوع المعدة في أي عقد موردٍ نشط"
27690,skipped,0,0,"صفر أثرٍ قابلٍ للتوليد: لا سعر وحدةٍ لنوع المعدة في عقد العميل · لا سعر وحدةٍ لنوع المعدة في أي عقد موردٍ نشط"
27691,skipped,0,0,"صفر أثرٍ قابلٍ للتوليد: لا سعر وحدةٍ لنوع المعدة في عقد العميل · لا سعر وحدةٍ لنوع المعدة في أي عقد موردٍ نشط"
27692,skipped,0,0,"صفر أثرٍ قابلٍ للتوليد: لا سعر وحدةٍ لنوع المعدة في عقد العميل · لا سعر وحدةٍ لنوع المعدة في أي عقد موردٍ نشط"
27693,skipped,0,0,"صفر أثرٍ قابلٍ للتوليد: لا سعر وحدةٍ لنوع المعدة في عقد العميل · لا سعر وحدةٍ لنوع المعدة في أي عقد موردٍ نشط"
27694,skipped,0,0,"صفر أثرٍ قابلٍ للتوليد: لا سعر وحدةٍ لنوع المعدة في عقد العميل · لا سعر وحدةٍ لنوع المعدة في أي عقد موردٍ نشط"
27695,skipped,0,0,"صفر أثرٍ قابلٍ للتوليد: لا سعر وحدةٍ لنوع المعدة في عقد العميل · لا سعر وحدةٍ لنوع المعدة في أي عقد موردٍ نشط"
27696,skipped,0,0,"صفر أثرٍ قابلٍ للتوليد: لا سعر وحدةٍ لنوع المعدة في عقد العميل · لا سعر وحدةٍ لنوع المعدة في أي عقد موردٍ نشط"
27697,skipped,0,0,"صفر أثرٍ قابلٍ للتوليد: لا سعر وحدةٍ لنوع المعدة في عقد العميل · لا سعر وحدةٍ لنوع المعدة في أي عقد موردٍ نشط"
27698,skipped,0,0,"صفر أثرٍ قابلٍ للتوليد: لا سعر وحدةٍ لنوع المعدة في عقد العميل · لا سعر وحدةٍ لنوع المعدة في أي عقد موردٍ نشط"
27699,skipped,0,0,"صفر أثرٍ قابلٍ للتوليد: لا سعر وحدةٍ لنوع المعدة في عقد العميل · لا سعر وحدةٍ لنوع المعدة في أي عقد موردٍ نشط"
27700,skipped,0,0,"صفر أثرٍ قابلٍ للتوليد: لا سعر وحدةٍ لنوع المعدة في عقد العميل · لا سعر وحدةٍ لنوع المعدة في أي عقد موردٍ نشط"
27701,skipped,0,0,"صفر أثرٍ قابلٍ للتوليد: لا سعر وحدةٍ لنوع المعدة في عقد العميل · لا سعر وحدةٍ لنوع المعدة في أي عقد موردٍ نشط"
27702,skipped,0,0,"صفر أثرٍ قابلٍ للتوليد: لا سعر وحدةٍ لنوع المعدة في عقد العميل · لا سعر وحدةٍ لنوع المعدة في أي عقد موردٍ نشط"
27703,skipped,0,0,"صفر أثرٍ قابلٍ للتوليد: لا سعر وحدةٍ لنوع المعدة في عقد العميل · لا سعر وحدةٍ لنوع المعدة في أي عقد موردٍ نشط"
27704,skipped,0,0,"صفر أثرٍ قابلٍ للتوليد: لا سعر وحدةٍ لنوع المعدة في عقد العميل · لا سعر وحدةٍ لنوع المعدة في أي عقد موردٍ نشط"
27705,skipped,0,0,"صفر أثرٍ قابلٍ للتوليد: لا سعر وحدةٍ لنوع المعدة في عقد العميل · لا سعر وحدةٍ لنوع المعدة في أي عقد موردٍ نشط"
27706,skipped,0,0,"صفر أثرٍ قابلٍ للتوليد: لا سعر وحدةٍ لنوع المعدة في عقد العميل · لا سعر وحدةٍ لنوع المعدة في أي عقد موردٍ نشط"
27707,skipped,0,0,"صفر أثرٍ قابلٍ للتوليد: لا سعر وحدةٍ لنوع المعدة في عقد العميل · لا سعر وحدةٍ لنوع المعدة في أي عقد موردٍ نشط"
27708,skipped,0,0,"صفر أثرٍ قابلٍ للتوليد: لا سعر وحدةٍ لنوع المعدة في عقد العميل · لا سعر وحدةٍ لنوع المعدة في أي عقد موردٍ نشط"
27709,skipped,0,0,"صفر أثرٍ قابلٍ للتوليد: لا سعر وحدةٍ لنوع المعدة في عقد العميل · لا سعر وحدةٍ لنوع المعدة في أي عقد موردٍ نشط"
27710,skipped,0,0,"صفر أثرٍ قابلٍ للتوليد: لا سعر وحدةٍ لنوع المعدة في عقد العميل · لا سعر وحدةٍ لنوع المعدة في أي عقد موردٍ نشط"
27711,skipped,0,0,"صفر أثرٍ قابلٍ للتوليد: لا سعر وحدةٍ لنوع المعدة في عقد العميل · لا سعر وحدةٍ لنوع المعدة في أي عقد موردٍ نشط"
27712,skipped,0,0,"صفر أثرٍ قابلٍ للتوليد: لا سعر وحدةٍ لنوع المعدة في عقد العميل · لا سعر وحدةٍ لنوع المعدة في أي عقد موردٍ نشط"
27713,skipped,0,0,"صفر أثرٍ قابلٍ للتوليد: لا سعر وحدةٍ لنوع المعدة في عقد العميل · لا سعر وحدةٍ لنوع المعدة في أي عقد موردٍ نشط"
27714,skipped,0,0,"صفر أثرٍ قابلٍ للتوليد: لا سعر وحدةٍ لنوع المعدة في عقد العميل · لا سعر وحدةٍ لنوع المعدة في أي عقد موردٍ نشط"
27715,skipped,0,0,"صفر أثرٍ قابلٍ للتوليد: لا سعر وحدةٍ لنوع المعدة في عقد العميل · لا سعر وحدةٍ لنوع المعدة في أي عقد موردٍ نشط"
27716,skipped,0,0,"صفر أثرٍ قابلٍ للتوليد: لا سعر وحدةٍ لنوع المعدة في عقد العميل · لا سعر وحدةٍ لنوع المعدة في أي عقد موردٍ نشط"
27717,skipped,0,0,"صفر أثرٍ قابلٍ للتوليد: لا سعر وحدةٍ لنوع المعدة في عقد العميل · لا سعر وحدةٍ لنوع المعدة في أي عقد موردٍ نشط"
27718,skipped,0,0,"صفر أثرٍ قابلٍ للتوليد: لا سعر وحدةٍ لنوع المعدة في عقد العميل · لا سعر وحدةٍ لنوع المعدة في أي عقد موردٍ نشط"
27719,skipped,0,0,"صفر أثرٍ قابلٍ للتوليد: لا سعر وحدةٍ لنوع المعدة في عقد العميل · لا سعر وحدةٍ لنوع المعدة في أي عقد موردٍ نشط"
27720,skipped,0,0,"صفر أثرٍ قابلٍ للتوليد: لا سعر وحدةٍ لنوع المعدة في عقد العميل · لا سعر وحدةٍ لنوع المعدة في أي عقد موردٍ نشط"
29326,skipped,0,0,"صفر أثرٍ قابلٍ للتوليد: لا سعر وحدةٍ لنوع المعدة في عقد العميل · لا سعر وحدةٍ لنوع المعدة في أي عقد موردٍ نشط"
29327,skipped,0,0,"صفر أثرٍ قابلٍ للتوليد: لا سعر وحدةٍ لنوع المعدة في عقد العميل · لا سعر وحدةٍ لنوع المعدة في أي عقد موردٍ نشط"
29328,skipped,0,0,"صفر أثرٍ قابلٍ للتوليد: لا سعر وحدةٍ لنوع المعدة في عقد العميل · لا سعر وحدةٍ لنوع المعدة في أي عقد موردٍ نشط"
29329,skipped,0,0,"صفر أثرٍ قابلٍ للتوليد: لا سعر وحدةٍ لنوع المعدة في عقد العميل · لا سعر وحدةٍ لنوع المعدة في أي عقد موردٍ نشط"
29330,skipped,0,0,"صفر أثرٍ قابلٍ للتوليد: لا سعر وحدةٍ لنوع المعدة في عقد العميل · لا سعر وحدةٍ لنوع المعدة في أي عقد موردٍ نشط"
29331,skipped,0,0,"صفر أثرٍ قابلٍ للتوليد: لا سعر وحدةٍ لنوع المعدة في عقد العميل · لا سعر وحدةٍ لنوع المعدة في أي عقد موردٍ نشط"
29332,skipped,0,0,"صفر أثرٍ قابلٍ للتوليد: لا سعر وحدةٍ لنوع المعدة في عقد العميل · لا سعر وحدةٍ لنوع المعدة في أي عقد موردٍ نشط"
29333,skipped,0,0,"صفر أثرٍ قابلٍ للتوليد: لا سعر وحدةٍ لنوع المعدة في عقد العميل · لا سعر وحدةٍ لنوع المعدة في أي عقد موردٍ نشط"
29334,skipped,0,0,"صفر أثرٍ قابلٍ للتوليد: لا سعر وحدةٍ لنوع المعدة في عقد العميل · لا سعر وحدةٍ لنوع المعدة في أي عقد موردٍ نشط"
29335,skipped,0,0,"صفر أثرٍ قابلٍ للتوليد: لا سعر وحدةٍ لنوع المعدة في عقد العميل · لا سعر وحدةٍ لنوع المعدة في أي عقد موردٍ نشط"
29336,skipped,0,0,"صفر أثرٍ قابلٍ للتوليد: لا سعر وحدةٍ لنوع المعدة في عقد العميل · لا سعر وحدةٍ لنوع المعدة في أي عقد موردٍ نشط"
29337,skipped,0,0,"صفر أثرٍ قابلٍ للتوليد: لا سعر وحدةٍ لنوع المعدة في عقد العميل · لا سعر وحدةٍ لنوع المعدة في أي عقد موردٍ نشط"
29338,skipped,0,0,"صفر أثرٍ قابلٍ للتوليد: لا سعر وحدةٍ لنوع المعدة في عقد العميل · لا سعر وحدةٍ لنوع المعدة في أي عقد موردٍ نشط"
29339,skipped,0,0,"صفر أثرٍ قابلٍ للتوليد: لا سعر وحدةٍ لنوع المعدة في عقد العميل · لا سعر وحدةٍ لنوع المعدة في أي عقد موردٍ نشط"
29340,skipped,0,0,"صفر أثرٍ قابلٍ للتوليد: لا سعر وحدةٍ لنوع المعدة في عقد العميل · لا سعر وحدةٍ لنوع المعدة في أي عقد موردٍ نشط"
29341,skipped,0,0,"صفر أثرٍ قابلٍ للتوليد: لا سعر وحدةٍ لنوع المعدة في عقد العميل · لا سعر وحدةٍ لنوع المعدة في أي عقد موردٍ نشط"
29342,skipped,0,0,"صفر أثرٍ قابلٍ للتوليد: لا سعر وحدةٍ لنوع المعدة في عقد العميل · لا سعر وحدةٍ لنوع المعدة في أي عقد موردٍ نشط"
29343,skipped,0,0,"صفر أثرٍ قابلٍ للتوليد: لا سعر وحدةٍ لنوع المعدة في عقد العميل · لا سعر وحدةٍ لنوع المعدة في أي عقد موردٍ نشط"
29344,skipped,0,0,"صفر أثرٍ قابلٍ للتوليد: لا سعر وحدةٍ لنوع المعدة في عقد العميل · لا سعر وحدةٍ لنوع المعدة في أي عقد موردٍ نشط"
29345,skipped,0,0,"صفر أثرٍ قابلٍ للتوليد: لا سعر وحدةٍ لنوع المعدة في عقد العميل · لا سعر وحدةٍ لنوع المعدة في أي عقد موردٍ نشط"
29346,skipped,0,0,"صفر أثرٍ قابلٍ للتوليد: لا سعر وحدةٍ لنوع المعدة في عقد العميل · لا سعر وحدةٍ لنوع المعدة في أي عقد موردٍ نشط"
29347,skipped,0,0,"صفر أثرٍ قابلٍ للتوليد: لا سعر وحدةٍ لنوع المعدة في عقد العميل · لا سعر وحدةٍ لنوع المعدة في أي عقد موردٍ نشط"
29348,skipped,0,0,"صفر أثرٍ قابلٍ للتوليد: لا سعر وحدةٍ لنوع المعدة في عقد العميل · لا سعر وحدةٍ لنوع المعدة في أي عقد موردٍ نشط"
29349,skipped,0,0,"صفر أثرٍ قابلٍ للتوليد: لا سعر وحدةٍ لنوع المعدة في عقد العميل · لا سعر وحدةٍ لنوع المعدة في أي عقد موردٍ نشط"
29350,skipped,0,0,"صفر أثرٍ قابلٍ للتوليد: لا سعر وحدةٍ لنوع المعدة في عقد العميل · لا سعر وحدةٍ لنوع المعدة في أي عقد موردٍ نشط"
29351,skipped,0,0,"صفر أثرٍ قابلٍ للتوليد: لا سعر وحدةٍ لنوع المعدة في عقد العميل · لا سعر وحدةٍ لنوع المعدة في أي عقد موردٍ نشط"
29352,skipped,0,0,"صفر أثرٍ قابلٍ للتوليد: لا سعر وحدةٍ لنوع المعدة في عقد العميل · لا سعر وحدةٍ لنوع المعدة في أي عقد موردٍ نشط"
29353,skipped,0,0,"صفر أثرٍ قابلٍ للتوليد: لا سعر وحدةٍ لنوع المعدة في عقد العميل · لا سعر وحدةٍ لنوع المعدة في أي عقد موردٍ نشط"
29354,skipped,0,0,"صفر أثرٍ قابلٍ للتوليد: لا سعر وحدةٍ لنوع المعدة في عقد العميل · لا سعر وحدةٍ لنوع المعدة في أي عقد موردٍ نشط"
29355,skipped,0,0,"صفر أثرٍ قابلٍ للتوليد: لا سعر وحدةٍ لنوع المعدة في عقد العميل · لا سعر وحدةٍ لنوع المعدة في أي عقد موردٍ نشط"
29356,skipped,0,0,"صفر أثرٍ قابلٍ للتوليد: لا سعر وحدةٍ لنوع المعدة في عقد العميل · لا سعر وحدةٍ لنوع المعدة في أي عقد موردٍ نشط"
29357,skipped,0,0,"صفر أثرٍ قابلٍ للتوليد: لا سعر وحدةٍ لنوع المعدة في عقد العميل · لا سعر وحدةٍ لنوع المعدة في أي عقد موردٍ نشط"
29358,skipped,0,0,"صفر أثرٍ قابلٍ للتوليد: لا سعر وحدةٍ لنوع المعدة في عقد العميل · لا سعر وحدةٍ لنوع المعدة في أي عقد موردٍ نشط"
29359,skipped,0,0,"صفر أثرٍ قابلٍ للتوليد: لا سعر وحدةٍ لنوع المعدة في عقد العميل · لا سعر وحدةٍ لنوع المعدة في أي عقد موردٍ نشط"
29360,skipped,0,0,"صفر أثرٍ قابلٍ للتوليد: لا سعر وحدةٍ لنوع المعدة في عقد العميل · لا سعر وحدةٍ لنوع المعدة في أي عقد موردٍ نشط"
29361,skipped,0,0,"صفر أثرٍ قابلٍ للتوليد: لا سعر وحدةٍ لنوع المعدة في عقد العميل · لا سعر وحدةٍ لنوع المعدة في أي عقد موردٍ نشط"
29362,skipped,0,0,"صفر أثرٍ قابلٍ للتوليد: لا سعر وحدةٍ لنوع المعدة في عقد العميل · لا سعر وحدةٍ لنوع المعدة في أي عقد موردٍ نشط"
29363,skipped,0,0,"صفر أثرٍ قابلٍ للتوليد: لا سعر وحدةٍ لنوع المعدة في عقد العميل · لا سعر وحدةٍ لنوع المعدة في أي عقد موردٍ نشط"
29364,skipped,0,0,"صفر أثرٍ قابلٍ للتوليد: لا سعر وحدةٍ لنوع المعدة في عقد العميل · لا سعر وحدةٍ لنوع المعدة في أي عقد موردٍ نشط"
29365,skipped,0,0,"صفر أثرٍ قابلٍ للتوليد: لا سعر وحدةٍ لنوع المعدة في عقد العميل · لا سعر وحدةٍ لنوع المعدة في أي عقد موردٍ نشط"
29366,skipped,0,0,"صفر أثرٍ قابلٍ للتوليد: لا سعر وحدةٍ لنوع المعدة في عقد العميل · لا سعر وحدةٍ لنوع المعدة في أي عقد موردٍ نشط"
29367,skipped,0,0,"صفر أثرٍ قابلٍ للتوليد: لا سعر وحدةٍ لنوع المعدة في عقد العميل · لا سعر وحدةٍ لنوع المعدة في أي عقد موردٍ نشط"
29368,skipped,0,0,"صفر أثرٍ قابلٍ للتوليد: لا سعر وحدةٍ لنوع المعدة في عقد العميل · لا سعر وحدةٍ لنوع المعدة في أي عقد موردٍ نشط"
29369,skipped,0,0,"صفر أثرٍ قابلٍ للتوليد: لا سعر وحدةٍ لنوع المعدة في عقد العميل · لا سعر وحدةٍ لنوع المعدة في أي عقد موردٍ نشط"
29370,skipped,0,0,"صفر أثرٍ قابلٍ للتوليد: لا سعر وحدةٍ لنوع المعدة في عقد العميل · لا سعر وحدةٍ لنوع المعدة في أي عقد موردٍ نشط"
29371,skipped,0,0,"صفر أثرٍ قابلٍ للتوليد: لا سعر وحدةٍ لنوع المعدة في عقد العميل · لا سعر وحدةٍ لنوع المعدة في أي عقد موردٍ نشط"
29372,skipped,0,0,"صفر أثرٍ قابلٍ للتوليد: لا سعر وحدةٍ لنوع المعدة في عقد العميل · لا سعر وحدةٍ لنوع المعدة في أي عقد موردٍ نشط"
29373,skipped,0,0,"صفر أثرٍ قابلٍ للتوليد: لا سعر وحدةٍ لنوع المعدة في عقد العميل · لا سعر وحدةٍ لنوع المعدة في أي عقد موردٍ نشط"
29374,skipped,0,0,"صفر أثرٍ قابلٍ للتوليد: لا سعر وحدةٍ لنوع المعدة في عقد العميل · لا سعر وحدةٍ لنوع المعدة في أي عقد موردٍ نشط"
29375,skipped,0,0,"صفر أثرٍ قابلٍ للتوليد: لا سعر وحدةٍ لنوع المعدة في عقد العميل · لا سعر وحدةٍ لنوع المعدة في أي عقد موردٍ نشط"
29376,skipped,0,0,"صفر أثرٍ قابلٍ للتوليد: لا سعر وحدةٍ لنوع المعدة في عقد العميل · لا سعر وحدةٍ لنوع المعدة في أي عقد موردٍ نشط"
29377,skipped,0,0,"صفر أثرٍ قابلٍ للتوليد: لا سعر وحدةٍ لنوع المعدة في عقد العميل · لا سعر وحدةٍ لنوع المعدة في أي عقد موردٍ نشط"
29378,skipped,0,0,"صفر أثرٍ قابلٍ للتوليد: لا سعر وحدةٍ لنوع المعدة في عقد العميل · لا سعر وحدةٍ لنوع المعدة في أي عقد موردٍ نشط"
29379,skipped,0,0,"صفر أثرٍ قابلٍ للتوليد: لا سعر وحدةٍ لنوع المعدة في عقد العميل · لا سعر وحدةٍ لنوع المعدة في أي عقد موردٍ نشط"
29380,skipped,0,0,"صفر أثرٍ قابلٍ للتوليد: لا سعر وحدةٍ لنوع المعدة في عقد العميل · لا سعر وحدةٍ لنوع المعدة في أي عقد موردٍ نشط"
29381,skipped,0,0,"صفر أثرٍ قابلٍ للتوليد: لا سعر وحدةٍ لنوع المعدة في عقد العميل · لا سعر وحدةٍ لنوع المعدة في أي عقد موردٍ نشط"
29382,skipped,0,0,"صفر أثرٍ قابلٍ للتوليد: لا سعر وحدةٍ لنوع المعدة في عقد العميل · لا سعر وحدةٍ لنوع المعدة في أي عقد موردٍ نشط"
29383,skipped,0,0,"صفر أثرٍ قابلٍ للتوليد: لا سعر وحدةٍ لنوع المعدة في عقد العميل · لا سعر وحدةٍ لنوع المعدة في أي عقد موردٍ نشط"
29384,skipped,0,0,"صفر أثرٍ قابلٍ للتوليد: لا سعر وحدةٍ لنوع المعدة في عقد العميل · لا سعر وحدةٍ لنوع المعدة في أي عقد موردٍ نشط"
29385,skipped,0,0,"صفر أثرٍ قابلٍ للتوليد: لا سعر وحدةٍ لنوع المعدة في عقد العميل · لا سعر وحدةٍ لنوع المعدة في أي عقد موردٍ نشط"
29386,skipped,0,0,"صفر أثرٍ قابلٍ للتوليد: لا سعر وحدةٍ لنوع المعدة في عقد العميل · لا سعر وحدةٍ لنوع المعدة في أي عقد موردٍ نشط"
29660,skipped,0,0,"صفر أثرٍ قابلٍ للتوليد: لا سعر وحدةٍ لنوع المعدة في عقد العميل · لا سعر وحدةٍ لنوع المعدة في أي عقد موردٍ نشط"
29661,skipped,0,0,"صفر أثرٍ قابلٍ للتوليد: لا سعر وحدةٍ لنوع المعدة في عقد العميل · لا سعر وحدةٍ لنوع المعدة في أي عقد موردٍ نشط"
29662,skipped,0,0,"صفر أثرٍ قابلٍ للتوليد: لا سعر وحدةٍ لنوع المعدة في عقد العميل · لا سعر وحدةٍ لنوع المعدة في أي عقد موردٍ نشط"
29663,skipped,0,0,"صفر أثرٍ قابلٍ للتوليد: لا سعر وحدةٍ لنوع المعدة في عقد العميل · لا سعر وحدةٍ لنوع المعدة في أي عقد موردٍ نشط"
29664,skipped,0,0,"صفر أثرٍ قابلٍ للتوليد: لا سعر وحدةٍ لنوع المعدة في عقد العميل · لا سعر وحدةٍ لنوع المعدة في أي عقد موردٍ نشط"
29665,skipped,0,0,"صفر أثرٍ قابلٍ للتوليد: لا سعر وحدةٍ لنوع المعدة في عقد العميل · لا سعر وحدةٍ لنوع المعدة في أي عقد موردٍ نشط"
29666,skipped,0,0,"صفر أثرٍ قابلٍ للتوليد: لا سعر وحدةٍ لنوع المعدة في عقد العميل · لا سعر وحدةٍ لنوع المعدة في أي عقد موردٍ نشط"
29667,skipped,0,0,"صفر أثرٍ قابلٍ للتوليد: لا سعر وحدةٍ لنوع المعدة في عقد العميل · لا سعر وحدةٍ لنوع المعدة في أي عقد موردٍ نشط"
29668,skipped,0,0,"صفر أثرٍ قابلٍ للتوليد: لا سعر وحدةٍ لنوع المعدة في عقد العميل · لا سعر وحدةٍ لنوع المعدة في أي عقد موردٍ نشط"
29669,skipped,0,0,"صفر أثرٍ قابلٍ للتوليد: لا سعر وحدةٍ لنوع المعدة في عقد العميل · لا سعر وحدةٍ لنوع المعدة في أي عقد موردٍ نشط"
29670,skipped,0,0,"صفر أثرٍ قابلٍ للتوليد: لا سعر وحدةٍ لنوع المعدة في عقد العميل · لا سعر وحدةٍ لنوع المعدة في أي عقد موردٍ نشط"
29671,skipped,0,0,"صفر أثرٍ قابلٍ للتوليد: لا سعر وحدةٍ لنوع المعدة في عقد العميل · لا سعر وحدةٍ لنوع المعدة في أي عقد موردٍ نشط"
29672,skipped,0,0,"صفر أثرٍ قابلٍ للتوليد: لا سعر وحدةٍ لنوع المعدة في عقد العميل · لا سعر وحدةٍ لنوع المعدة في أي عقد موردٍ نشط"
29673,skipped,0,0,"صفر أثرٍ قابلٍ للتوليد: لا سعر وحدةٍ لنوع المعدة في عقد العميل · لا سعر وحدةٍ لنوع المعدة في أي عقد موردٍ نشط"
29674,skipped,0,0,"صفر أثرٍ قابلٍ للتوليد: لا سعر وحدةٍ لنوع المعدة في عقد العميل · لا سعر وحدةٍ لنوع المعدة في أي عقد موردٍ نشط"
29675,skipped,0,0,"صفر أثرٍ قابلٍ للتوليد: لا سعر وحدةٍ لنوع المعدة في عقد العميل · لا سعر وحدةٍ لنوع المعدة في أي عقد موردٍ نشط"
29676,skipped,0,0,"صفر أثرٍ قابلٍ للتوليد: لا سعر وحدةٍ لنوع المعدة في عقد العميل · لا سعر وحدةٍ لنوع المعدة في أي عقد موردٍ نشط"
29677,skipped,0,0,"صفر أثرٍ قابلٍ للتوليد: لا سعر وحدةٍ لنوع المعدة في عقد العميل · لا سعر وحدةٍ لنوع المعدة في أي عقد موردٍ نشط"
29678,skipped,0,0,"صفر أثرٍ قابلٍ للتوليد: لا سعر وحدةٍ لنوع المعدة في عقد العميل · لا سعر وحدةٍ لنوع المعدة في أي عقد موردٍ نشط"
29679,skipped,0,0,"صفر أثرٍ قابلٍ للتوليد: لا سعر وحدةٍ لنوع المعدة في عقد العميل · لا سعر وحدةٍ لنوع المعدة في أي عقد موردٍ نشط"
29680,skipped,0,0,"صفر أثرٍ قابلٍ للتوليد: لا سعر وحدةٍ لنوع المعدة في عقد العميل · لا سعر وحدةٍ لنوع المعدة في أي عقد موردٍ نشط"
29681,skipped,0,0,"صفر أثرٍ قابلٍ للتوليد: لا سعر وحدةٍ لنوع المعدة في عقد العميل · لا سعر وحدةٍ لنوع المعدة في أي عقد موردٍ نشط"
29682,skipped,0,0,"صفر أثرٍ قابلٍ للتوليد: لا سعر وحدةٍ لنوع المعدة في عقد العميل · لا سعر وحدةٍ لنوع المعدة في أي عقد موردٍ نشط"
29683,skipped,0,0,"صفر أثرٍ قابلٍ للتوليد: لا سعر وحدةٍ لنوع المعدة في عقد العميل · لا سعر وحدةٍ لنوع المعدة في أي عقد موردٍ نشط"
29684,skipped,0,0,"صفر أثرٍ قابلٍ للتوليد: لا سعر وحدةٍ لنوع المعدة في عقد العميل · لا سعر وحدةٍ لنوع المعدة في أي عقد موردٍ نشط"
29685,skipped,0,0,"صفر أثرٍ قابلٍ للتوليد: لا سعر وحدةٍ لنوع المعدة في عقد العميل · لا سعر وحدةٍ لنوع المعدة في أي عقد موردٍ نشط"
29686,skipped,0,0,"صفر أثرٍ قابلٍ للتوليد: لا سعر وحدةٍ لنوع المعدة في عقد العميل · لا سعر وحدةٍ لنوع المعدة في أي عقد موردٍ نشط"
29687,skipped,0,0,"صفر أثرٍ قابلٍ للتوليد: لا سعر وحدةٍ لنوع المعدة في عقد العميل · لا سعر وحدةٍ لنوع المعدة في أي عقد موردٍ نشط"
29688,skipped,0,0,"صفر أثرٍ قابلٍ للتوليد: لا سعر وحدةٍ لنوع المعدة في عقد العميل · لا سعر وحدةٍ لنوع المعدة في أي عقد موردٍ نشط"
29689,skipped,0,0,"صفر أثرٍ قابلٍ للتوليد: لا سعر وحدةٍ لنوع المعدة في عقد العميل · لا سعر وحدةٍ لنوع المعدة في أي عقد موردٍ نشط"
29690,skipped,0,0,"صفر أثرٍ قابلٍ للتوليد: لا سعر وحدةٍ لنوع المعدة في عقد العميل · لا سعر وحدةٍ لنوع المعدة في أي عقد موردٍ نشط"
29691,skipped,0,0,"صفر أثرٍ قابلٍ للتوليد: لا سعر وحدةٍ لنوع المعدة في عقد العميل · لا سعر وحدةٍ لنوع المعدة في أي عقد موردٍ نشط"
29692,skipped,0,0,"صفر أثرٍ قابلٍ للتوليد: لا سعر وحدةٍ لنوع المعدة في عقد العميل · لا سعر وحدةٍ لنوع المعدة في أي عقد موردٍ نشط"
29693,skipped,0,0,"صفر أثرٍ قابلٍ للتوليد: لا سعر وحدةٍ لنوع المعدة في عقد العميل · لا سعر وحدةٍ لنوع المعدة في أي عقد موردٍ نشط"
29694,skipped,0,0,"صفر أثرٍ قابلٍ للتوليد: لا سعر وحدةٍ لنوع المعدة في عقد العميل · لا سعر وحدةٍ لنوع المعدة في أي عقد موردٍ نشط"
29695,skipped,0,0,"صفر أثرٍ قابلٍ للتوليد: لا سعر وحدةٍ لنوع المعدة في عقد العميل · لا سعر وحدةٍ لنوع المعدة في أي عقد موردٍ نشط"
29696,skipped,0,0,"صفر أثرٍ قابلٍ للتوليد: لا سعر وحدةٍ لنوع المعدة في عقد العميل · لا سعر وحدةٍ لنوع المعدة في أي عقد موردٍ نشط"
29697,skipped,0,0,"صفر أثرٍ قابلٍ للتوليد: لا سعر وحدةٍ لنوع المعدة في عقد العميل · لا سعر وحدةٍ لنوع المعدة في أي عقد موردٍ نشط"
29698,skipped,0,0,"صفر أثرٍ قابلٍ للتوليد: لا سعر وحدةٍ لنوع المعدة في عقد العميل · لا سعر وحدةٍ لنوع المعدة في أي عقد موردٍ نشط"
29699,skipped,0,0,"صفر أثرٍ قابلٍ للتوليد: لا سعر وحدةٍ لنوع المعدة في عقد العميل · لا سعر وحدةٍ لنوع المعدة في أي عقد موردٍ نشط"
29700,skipped,0,0,"صفر أثرٍ قابلٍ للتوليد: لا سعر وحدةٍ لنوع المعدة في عقد العميل · لا سعر وحدةٍ لنوع المعدة في أي عقد موردٍ نشط"
29701,skipped,0,0,"صفر أثرٍ قابلٍ للتوليد: لا سعر وحدةٍ لنوع المعدة في عقد العميل · لا سعر وحدةٍ لنوع المعدة في أي عقد موردٍ نشط"
29702,skipped,0,0,"صفر أثرٍ قابلٍ للتوليد: لا سعر وحدةٍ لنوع المعدة في عقد العميل · لا سعر وحدةٍ لنوع المعدة في أي عقد موردٍ نشط"
29703,skipped,0,0,"صفر أثرٍ قابلٍ للتوليد: لا سعر وحدةٍ لنوع المعدة في عقد العميل · لا سعر وحدةٍ لنوع المعدة في أي عقد موردٍ نشط"
29704,skipped,0,0,"صفر أثرٍ قابلٍ للتوليد: لا سعر وحدةٍ لنوع المعدة في عقد العميل · لا سعر وحدةٍ لنوع المعدة في أي عقد موردٍ نشط"
29705,skipped,0,0,"صفر أثرٍ قابلٍ للتوليد: لا سعر وحدةٍ لنوع المعدة في عقد العميل · لا سعر وحدةٍ لنوع المعدة في أي عقد موردٍ نشط"
29706,skipped,0,0,"صفر أثرٍ قابلٍ للتوليد: لا سعر وحدةٍ لنوع المعدة في عقد العميل · لا سعر وحدةٍ لنوع المعدة في أي عقد موردٍ نشط"
29707,skipped,0,0,"صفر أثرٍ قابلٍ للتوليد: لا سعر وحدةٍ لنوع المعدة في عقد العميل · لا سعر وحدةٍ لنوع المعدة في أي عقد موردٍ نشط"
29708,skipped,0,0,"صفر أثرٍ قابلٍ للتوليد: لا سعر وحدةٍ لنوع المعدة في عقد العميل · لا سعر وحدةٍ لنوع المعدة في أي عقد موردٍ نشط"
29709,skipped,0,0,"صفر أثرٍ قابلٍ للتوليد: لا سعر وحدةٍ لنوع المعدة في عقد العميل · لا سعر وحدةٍ لنوع المعدة في أي عقد موردٍ نشط"
29710,skipped,0,0,"صفر أثرٍ قابلٍ للتوليد: لا سعر وحدةٍ لنوع المعدة في عقد العميل · لا سعر وحدةٍ لنوع المعدة في أي عقد موردٍ نشط"
29711,skipped,0,0,"صفر أثرٍ قابلٍ للتوليد: لا سعر وحدةٍ لنوع المعدة في عقد العميل · لا سعر وحدةٍ لنوع المعدة في أي عقد موردٍ نشط"
29712,skipped,0,0,"صفر أثرٍ قابلٍ للتوليد: لا سعر وحدةٍ لنوع المعدة في عقد العميل · لا سعر وحدةٍ لنوع المعدة في أي عقد موردٍ نشط"
29713,skipped,0,0,"صفر أثرٍ قابلٍ للتوليد: لا سعر وحدةٍ لنوع المعدة في عقد العميل · لا سعر وحدةٍ لنوع المعدة في أي عقد موردٍ نشط"
29714,skipped,0,0,"صفر أثرٍ قابلٍ للتوليد: لا سعر وحدةٍ لنوع المعدة في عقد العميل · لا سعر وحدةٍ لنوع المعدة في أي عقد موردٍ نشط"
29715,skipped,0,0,"صفر أثرٍ قابلٍ للتوليد: لا سعر وحدةٍ لنوع المعدة في عقد العميل · لا سعر وحدةٍ لنوع المعدة في أي عقد موردٍ نشط"
29716,skipped,0,0,"صفر أثرٍ قابلٍ للتوليد: لا سعر وحدةٍ لنوع المعدة في عقد العميل · لا سعر وحدةٍ لنوع المعدة في أي عقد موردٍ نشط"
29717,skipped,0,0,"صفر أثرٍ قابلٍ للتوليد: لا سعر وحدةٍ لنوع المعدة في عقد العميل · لا سعر وحدةٍ لنوع المعدة في أي عقد موردٍ نشط"
29718,skipped,0,0,"صفر أثرٍ قابلٍ للتوليد: لا سعر وحدةٍ لنوع المعدة في عقد العميل · لا سعر وحدةٍ لنوع المعدة في أي عقد موردٍ نشط"
29719,skipped,0,0,"صفر أثرٍ قابلٍ للتوليد: لا سعر وحدةٍ لنوع المعدة في عقد العميل · لا سعر وحدةٍ لنوع المعدة في أي عقد موردٍ نشط"
29720,skipped,0,0,"صفر أثرٍ قابلٍ للتوليد: لا سعر وحدةٍ لنوع المعدة في عقد العميل · لا سعر وحدةٍ لنوع المعدة في أي عقد موردٍ نشط"
30605,skipped,0,0,"صفر أثرٍ قابلٍ للتوليد: لا سعر وحدةٍ لنوع المعدة في عقد العميل · لا سعر وحدةٍ لنوع المعدة في أي عقد موردٍ نشط"
30606,skipped,0,0,"صفر أثرٍ قابلٍ للتوليد: لا سعر وحدةٍ لنوع المعدة في عقد العميل · لا سعر وحدةٍ لنوع المعدة في أي عقد موردٍ نشط"
30607,skipped,0,0,"صفر أثرٍ قابلٍ للتوليد: لا سعر وحدةٍ لنوع المعدة في عقد العميل · لا سعر وحدةٍ لنوع المعدة في أي عقد موردٍ نشط"
30608,skipped,0,0,"صفر أثرٍ قابلٍ للتوليد: لا سعر وحدةٍ لنوع المعدة في عقد العميل · لا سعر وحدةٍ لنوع المعدة في أي عقد موردٍ نشط"
30609,skipped,0,0,"صفر أثرٍ قابلٍ للتوليد: لا سعر وحدةٍ لنوع المعدة في عقد العميل · لا سعر وحدةٍ لنوع المعدة في أي عقد موردٍ نشط"
30610,skipped,0,0,"صفر أثرٍ قابلٍ للتوليد: لا سعر وحدةٍ لنوع المعدة في عقد العميل · لا سعر وحدةٍ لنوع المعدة في أي عقد موردٍ نشط"
30611,skipped,0,0,"صفر أثرٍ قابلٍ للتوليد: لا سعر وحدةٍ لنوع المعدة في عقد العميل · لا سعر وحدةٍ لنوع المعدة في أي عقد موردٍ نشط"
30612,skipped,0,0,"صفر أثرٍ قابلٍ للتوليد: لا سعر وحدةٍ لنوع المعدة في عقد العميل · لا سعر وحدةٍ لنوع المعدة في أي عقد موردٍ نشط"
30613,skipped,0,0,"صفر أثرٍ قابلٍ للتوليد: لا سعر وحدةٍ لنوع المعدة في عقد العميل · لا سعر وحدةٍ لنوع المعدة في أي عقد موردٍ نشط"
30614,skipped,0,0,"صفر أثرٍ قابلٍ للتوليد: لا سعر وحدةٍ لنوع المعدة في عقد العميل · لا سعر وحدةٍ لنوع المعدة في أي عقد موردٍ نشط"
30615,skipped,0,0,"صفر أثرٍ قابلٍ للتوليد: لا سعر وحدةٍ لنوع المعدة في عقد العميل · لا سعر وحدةٍ لنوع المعدة في أي عقد موردٍ نشط"
30616,skipped,0,0,"صفر أثرٍ قابلٍ للتوليد: لا سعر وحدةٍ لنوع المعدة في عقد العميل · لا سعر وحدةٍ لنوع المعدة في أي عقد موردٍ نشط"
30617,skipped,0,0,"صفر أثرٍ قابلٍ للتوليد: لا سعر وحدةٍ لنوع المعدة في عقد العميل · لا سعر وحدةٍ لنوع المعدة في أي عقد موردٍ نشط"
30618,skipped,0,0,"صفر أثرٍ قابلٍ للتوليد: لا سعر وحدةٍ لنوع المعدة في عقد العميل · لا سعر وحدةٍ لنوع المعدة في أي عقد موردٍ نشط"
30619,skipped,0,0,"صفر أثرٍ قابلٍ للتوليد: لا سعر وحدةٍ لنوع المعدة في عقد العميل · لا سعر وحدةٍ لنوع المعدة في أي عقد موردٍ نشط"
30620,skipped,0,0,"صفر أثرٍ قابلٍ للتوليد: لا سعر وحدةٍ لنوع المعدة في عقد العميل · لا سعر وحدةٍ لنوع المعدة في أي عقد موردٍ نشط"
30621,skipped,0,0,"صفر أثرٍ قابلٍ للتوليد: لا سعر وحدةٍ لنوع المعدة في عقد العميل · لا سعر وحدةٍ لنوع المعدة في أي عقد موردٍ نشط"
30622,skipped,0,0,"صفر أثرٍ قابلٍ للتوليد: لا سعر وحدةٍ لنوع المعدة في عقد العميل · لا سعر وحدةٍ لنوع المعدة في أي عقد موردٍ نشط"
30623,skipped,0,0,"صفر أثرٍ قابلٍ للتوليد: لا سعر وحدةٍ لنوع المعدة في عقد العميل · لا سعر وحدةٍ لنوع المعدة في أي عقد موردٍ نشط"
30624,skipped,0,0,"صفر أثرٍ قابلٍ للتوليد: لا سعر وحدةٍ لنوع المعدة في عقد العميل · لا سعر وحدةٍ لنوع المعدة في أي عقد موردٍ نشط"
30625,skipped,0,0,"صفر أثرٍ قابلٍ للتوليد: لا سعر وحدةٍ لنوع المعدة في عقد العميل · لا سعر وحدةٍ لنوع المعدة في أي عقد موردٍ نشط"
30626,skipped,0,0,"صفر أثرٍ قابلٍ للتوليد: لا سعر وحدةٍ لنوع المعدة في عقد العميل · لا سعر وحدةٍ لنوع المعدة في أي عقد موردٍ نشط"
30627,skipped,0,0,"صفر أثرٍ قابلٍ للتوليد: لا سعر وحدةٍ لنوع المعدة في عقد العميل · لا سعر وحدةٍ لنوع المعدة في أي عقد موردٍ نشط"
30628,skipped,0,0,"صفر أثرٍ قابلٍ للتوليد: لا سعر وحدةٍ لنوع المعدة في عقد العميل · لا سعر وحدةٍ لنوع المعدة في أي عقد موردٍ نشط"
30629,skipped,0,0,"صفر أثرٍ قابلٍ للتوليد: لا سعر وحدةٍ لنوع المعدة في عقد العميل · لا سعر وحدةٍ لنوع المعدة في أي عقد موردٍ نشط"
30630,skipped,0,0,"صفر أثرٍ قابلٍ للتوليد: لا سعر وحدةٍ لنوع المعدة في عقد العميل · لا سعر وحدةٍ لنوع المعدة في أي عقد موردٍ نشط"
30631,skipped,0,0,"صفر أثرٍ قابلٍ للتوليد: لا سعر وحدةٍ لنوع المعدة في عقد العميل · لا سعر وحدةٍ لنوع المعدة في أي عقد موردٍ نشط"
30632,skipped,0,0,"صفر أثرٍ قابلٍ للتوليد: لا سعر وحدةٍ لنوع المعدة في عقد العميل · لا سعر وحدةٍ لنوع المعدة في أي عقد موردٍ نشط"
30633,skipped,0,0,"صفر أثرٍ قابلٍ للتوليد: لا سعر وحدةٍ لنوع المعدة في عقد العميل · لا سعر وحدةٍ لنوع المعدة في أي عقد موردٍ نشط"
30634,skipped,0,0,"صفر أثرٍ قابلٍ للتوليد: لا سعر وحدةٍ لنوع المعدة في عقد العميل · لا سعر وحدةٍ لنوع المعدة في أي عقد موردٍ نشط"
30635,skipped,0,0,"صفر أثرٍ قابلٍ للتوليد: لا سعر وحدةٍ لنوع المعدة في عقد العميل · لا سعر وحدةٍ لنوع المعدة في أي عقد موردٍ نشط"
30636,skipped,0,0,"صفر أثرٍ قابلٍ للتوليد: لا سعر وحدةٍ لنوع المعدة في عقد العميل · لا سعر وحدةٍ لنوع المعدة في أي عقد موردٍ نشط"
30637,skipped,0,0,"صفر أثرٍ قابلٍ للتوليد: لا سعر وحدةٍ لنوع المعدة في عقد العميل · لا سعر وحدةٍ لنوع المعدة في أي عقد موردٍ نشط"
30638,skipped,0,0,"صفر أثرٍ قابلٍ للتوليد: لا سعر وحدةٍ لنوع المعدة في عقد العميل · لا سعر وحدةٍ لنوع المعدة في أي عقد موردٍ نشط"
30639,skipped,0,0,"صفر أثرٍ قابلٍ للتوليد: لا سعر وحدةٍ لنوع المعدة في عقد العميل · لا سعر وحدةٍ لنوع المعدة في أي عقد موردٍ نشط"
30640,skipped,0,0,"صفر أثرٍ قابلٍ للتوليد: لا سعر وحدةٍ لنوع المعدة في عقد العميل · لا سعر وحدةٍ لنوع المعدة في أي عقد موردٍ نشط"
30641,skipped,0,0,"صفر أثرٍ قابلٍ للتوليد: لا سعر وحدةٍ لنوع المعدة في عقد العميل · لا سعر وحدةٍ لنوع المعدة في أي عقد موردٍ نشط"
30642,skipped,0,0,"صفر أثرٍ قابلٍ للتوليد: لا سعر وحدةٍ لنوع المعدة في عقد العميل · لا سعر وحدةٍ لنوع المعدة في أي عقد موردٍ نشط"
30643,skipped,0,0,"صفر أثرٍ قابلٍ للتوليد: لا سعر وحدةٍ لنوع المعدة في عقد العميل · لا سعر وحدةٍ لنوع المعدة في أي عقد موردٍ نشط"
30644,skipped,0,0,"صفر أثرٍ قابلٍ للتوليد: لا سعر وحدةٍ لنوع المعدة في عقد العميل · لا سعر وحدةٍ لنوع المعدة في أي عقد موردٍ نشط"
30645,skipped,0,0,"صفر أثرٍ قابلٍ للتوليد: لا سعر وحدةٍ لنوع المعدة في عقد العميل · لا سعر وحدةٍ لنوع المعدة في أي عقد موردٍ نشط"
30646,skipped,0,0,"صفر أثرٍ قابلٍ للتوليد: لا سعر وحدةٍ لنوع المعدة في عقد العميل · لا سعر وحدةٍ لنوع المعدة في أي عقد موردٍ نشط"
30647,skipped,0,0,"صفر أثرٍ قابلٍ للتوليد: لا سعر وحدةٍ لنوع المعدة في عقد العميل · لا سعر وحدةٍ لنوع المعدة في أي عقد موردٍ نشط"
30648,skipped,0,0,"صفر أثرٍ قابلٍ للتوليد: لا سعر وحدةٍ لنوع المعدة في عقد العميل · لا سعر وحدةٍ لنوع المعدة في أي عقد موردٍ نشط"
30649,skipped,0,0,"صفر أثرٍ قابلٍ للتوليد: لا سعر وحدةٍ لنوع المعدة في عقد العميل · لا سعر وحدةٍ لنوع المعدة في أي عقد موردٍ نشط"
30650,skipped,0,0,"صفر أثرٍ قابلٍ للتوليد: لا سعر وحدةٍ لنوع المعدة في عقد العميل · لا سعر وحدةٍ لنوع المعدة في أي عقد موردٍ نشط"
30651,skipped,0,0,"صفر أثرٍ قابلٍ للتوليد: لا سعر وحدةٍ لنوع المعدة في عقد العميل · لا سعر وحدةٍ لنوع المعدة في أي عقد موردٍ نشط"
30652,skipped,0,0,"صفر أثرٍ قابلٍ للتوليد: لا سعر وحدةٍ لنوع المعدة في عقد العميل · لا سعر وحدةٍ لنوع المعدة في أي عقد موردٍ نشط"
30653,skipped,0,0,"صفر أثرٍ قابلٍ للتوليد: لا سعر وحدةٍ لنوع المعدة في عقد العميل · لا سعر وحدةٍ لنوع المعدة في أي عقد موردٍ نشط"
30654,skipped,0,0,"صفر أثرٍ قابلٍ للتوليد: لا سعر وحدةٍ لنوع المعدة في عقد العميل · لا سعر وحدةٍ لنوع المعدة في أي عقد موردٍ نشط"
30655,skipped,0,0,"صفر أثرٍ قابلٍ للتوليد: لا سعر وحدةٍ لنوع المعدة في عقد العميل · لا سعر وحدةٍ لنوع المعدة في أي عقد موردٍ نشط"
30656,skipped,0,0,"صفر أثرٍ قابلٍ للتوليد: لا سعر وحدةٍ لنوع المعدة في عقد العميل · لا سعر وحدةٍ لنوع المعدة في أي عقد موردٍ نشط"
30657,skipped,0,0,"صفر أثرٍ قابلٍ للتوليد: لا سعر وحدةٍ لنوع المعدة في عقد العميل · لا سعر وحدةٍ لنوع المعدة في أي عقد موردٍ نشط"
30658,skipped,0,0,"صفر أثرٍ قابلٍ للتوليد: لا سعر وحدةٍ لنوع المعدة في عقد العميل · لا سعر وحدةٍ لنوع المعدة في أي عقد موردٍ نشط"
30659,skipped,0,0,"صفر أثرٍ قابلٍ للتوليد: لا سعر وحدةٍ لنوع المعدة في عقد العميل · لا سعر وحدةٍ لنوع المعدة في أي عقد موردٍ نشط"
30660,skipped,0,0,"صفر أثرٍ قابلٍ للتوليد: لا سعر وحدةٍ لنوع المعدة في عقد العميل · لا سعر وحدةٍ لنوع المعدة في أي عقد موردٍ نشط"
30661,skipped,0,0,"صفر أثرٍ قابلٍ للتوليد: لا سعر وحدةٍ لنوع المعدة في عقد العميل · لا سعر وحدةٍ لنوع المعدة في أي عقد موردٍ نشط"
30662,skipped,0,0,"صفر أثرٍ قابلٍ للتوليد: لا سعر وحدةٍ لنوع المعدة في عقد العميل · لا سعر وحدةٍ لنوع المعدة في أي عقد موردٍ نشط"
30663,skipped,0,0,"صفر أثرٍ قابلٍ للتوليد: لا سعر وحدةٍ لنوع المعدة في عقد العميل · لا سعر وحدةٍ لنوع المعدة في أي عقد موردٍ نشط"
30664,skipped,0,0,"صفر أثرٍ قابلٍ للتوليد: لا سعر وحدةٍ لنوع المعدة في عقد العميل · لا سعر وحدةٍ لنوع المعدة في أي عقد موردٍ نشط"
30665,skipped,0,0,"صفر أثرٍ قابلٍ للتوليد: لا سعر وحدةٍ لنوع المعدة في عقد العميل · لا سعر وحدةٍ لنوع المعدة في أي عقد موردٍ نشط"
33237,skipped,0,0,"صفر أثرٍ قابلٍ للتوليد: لا سعر وحدةٍ لنوع المعدة في عقد العميل · لا سعر وحدةٍ لنوع المعدة في أي عقد موردٍ نشط"
33238,skipped,0,0,"صفر أثرٍ قابلٍ للتوليد: لا سعر وحدةٍ لنوع المعدة في عقد العميل · لا سعر وحدةٍ لنوع المعدة في أي عقد موردٍ نشط"
33239,skipped,0,0,"صفر أثرٍ قابلٍ للتوليد: لا سعر وحدةٍ لنوع المعدة في عقد العميل · لا سعر وحدةٍ لنوع المعدة في أي عقد موردٍ نشط"
33240,skipped,0,0,"صفر أثرٍ قابلٍ للتوليد: لا سعر وحدةٍ لنوع المعدة في عقد العميل · لا سعر وحدةٍ لنوع المعدة في أي عقد موردٍ نشط"
33241,skipped,0,0,"صفر أثرٍ قابلٍ للتوليد: لا سعر وحدةٍ لنوع المعدة في عقد العميل · لا سعر وحدةٍ لنوع المعدة في أي عقد موردٍ نشط"
33242,skipped,0,0,"صفر أثرٍ قابلٍ للتوليد: لا سعر وحدةٍ لنوع المعدة في عقد العميل · لا سعر وحدةٍ لنوع المعدة في أي عقد موردٍ نشط"
33243,skipped,0,0,"صفر أثرٍ قابلٍ للتوليد: لا سعر وحدةٍ لنوع المعدة في عقد العميل · لا سعر وحدةٍ لنوع المعدة في أي عقد موردٍ نشط"
33244,skipped,0,0,"صفر أثرٍ قابلٍ للتوليد: لا سعر وحدةٍ لنوع المعدة في عقد العميل · لا سعر وحدةٍ لنوع المعدة في أي عقد موردٍ نشط"
33245,skipped,0,0,"صفر أثرٍ قابلٍ للتوليد: لا سعر وحدةٍ لنوع المعدة في عقد العميل · لا سعر وحدةٍ لنوع المعدة في أي عقد موردٍ نشط"
33246,skipped,0,0,"صفر أثرٍ قابلٍ للتوليد: لا سعر وحدةٍ لنوع المعدة في عقد العميل · لا سعر وحدةٍ لنوع المعدة في أي عقد موردٍ نشط"
33247,skipped,0,0,"صفر أثرٍ قابلٍ للتوليد: لا سعر وحدةٍ لنوع المعدة في عقد العميل · لا سعر وحدةٍ لنوع المعدة في أي عقد موردٍ نشط"
33248,skipped,0,0,"صفر أثرٍ قابلٍ للتوليد: لا سعر وحدةٍ لنوع المعدة في عقد العميل · لا سعر وحدةٍ لنوع المعدة في أي عقد موردٍ نشط"
33249,skipped,0,0,"صفر أثرٍ قابلٍ للتوليد: لا سعر وحدةٍ لنوع المعدة في عقد العميل · لا سعر وحدةٍ لنوع المعدة في أي عقد موردٍ نشط"
33250,skipped,0,0,"صفر أثرٍ قابلٍ للتوليد: لا سعر وحدةٍ لنوع المعدة في عقد العميل · لا سعر وحدةٍ لنوع المعدة في أي عقد موردٍ نشط"
33251,skipped,0,0,"صفر أثرٍ قابلٍ للتوليد: لا سعر وحدةٍ لنوع المعدة في عقد العميل · لا سعر وحدةٍ لنوع المعدة في أي عقد موردٍ نشط"
33252,skipped,0,0,"صفر أثرٍ قابلٍ للتوليد: لا سعر وحدةٍ لنوع المعدة في عقد العميل · لا سعر وحدةٍ لنوع المعدة في أي عقد موردٍ نشط"
33253,skipped,0,0,"صفر أثرٍ قابلٍ للتوليد: لا سعر وحدةٍ لنوع المعدة في عقد العميل · لا سعر وحدةٍ لنوع المعدة في أي عقد موردٍ نشط"
33254,skipped,0,0,"صفر أثرٍ قابلٍ للتوليد: لا سعر وحدةٍ لنوع المعدة في عقد العميل · لا سعر وحدةٍ لنوع المعدة في أي عقد موردٍ نشط"
33255,skipped,0,0,"صفر أثرٍ قابلٍ للتوليد: لا سعر وحدةٍ لنوع المعدة في عقد العميل · لا سعر وحدةٍ لنوع المعدة في أي عقد موردٍ نشط"
33256,skipped,0,0,"صفر أثرٍ قابلٍ للتوليد: لا سعر وحدةٍ لنوع المعدة في عقد العميل · لا سعر وحدةٍ لنوع المعدة في أي عقد موردٍ نشط"
33257,skipped,0,0,"صفر أثرٍ قابلٍ للتوليد: لا سعر وحدةٍ لنوع المعدة في عقد العميل · لا سعر وحدةٍ لنوع المعدة في أي عقد موردٍ نشط"
33258,skipped,0,0,"صفر أثرٍ قابلٍ للتوليد: لا سعر وحدةٍ لنوع المعدة في عقد العميل · لا سعر وحدةٍ لنوع المعدة في أي عقد موردٍ نشط"
33259,skipped,0,0,"صفر أثرٍ قابلٍ للتوليد: لا سعر وحدةٍ لنوع المعدة في عقد العميل · لا سعر وحدةٍ لنوع المعدة في أي عقد موردٍ نشط"
33260,skipped,0,0,"صفر أثرٍ قابلٍ للتوليد: لا سعر وحدةٍ لنوع المعدة في عقد العميل · لا سعر وحدةٍ لنوع المعدة في أي عقد موردٍ نشط"
33261,skipped,0,0,"صفر أثرٍ قابلٍ للتوليد: لا سعر وحدةٍ لنوع المعدة في عقد العميل · لا سعر وحدةٍ لنوع المعدة في أي عقد موردٍ نشط"
33262,skipped,0,0,"صفر أثرٍ قابلٍ للتوليد: لا سعر وحدةٍ لنوع المعدة في عقد العميل · لا سعر وحدةٍ لنوع المعدة في أي عقد موردٍ نشط"
33263,skipped,0,0,"صفر أثرٍ قابلٍ للتوليد: لا سعر وحدةٍ لنوع المعدة في عقد العميل · لا سعر وحدةٍ لنوع المعدة في أي عقد موردٍ نشط"
33264,skipped,0,0,"صفر أثرٍ قابلٍ للتوليد: لا سعر وحدةٍ لنوع المعدة في عقد العميل · لا سعر وحدةٍ لنوع المعدة في أي عقد موردٍ نشط"
33265,skipped,0,0,"صفر أثرٍ قابلٍ للتوليد: لا سعر وحدةٍ لنوع المعدة في عقد العميل · لا سعر وحدةٍ لنوع المعدة في أي عقد موردٍ نشط"
33266,skipped,0,0,"صفر أثرٍ قابلٍ للتوليد: لا سعر وحدةٍ لنوع المعدة في عقد العميل · لا سعر وحدةٍ لنوع المعدة في أي عقد موردٍ نشط"
33267,skipped,0,0,"صفر أثرٍ قابلٍ للتوليد: لا سعر وحدةٍ لنوع المعدة في عقد العميل · لا سعر وحدةٍ لنوع المعدة في أي عقد موردٍ نشط"
33268,skipped,0,0,"صفر أثرٍ قابلٍ للتوليد: لا سعر وحدةٍ لنوع المعدة في عقد العميل · لا سعر وحدةٍ لنوع المعدة في أي عقد موردٍ نشط"
33269,skipped,0,0,"صفر أثرٍ قابلٍ للتوليد: لا سعر وحدةٍ لنوع المعدة في عقد العميل · لا سعر وحدةٍ لنوع المعدة في أي عقد موردٍ نشط"
33270,skipped,0,0,"صفر أثرٍ قابلٍ للتوليد: لا سعر وحدةٍ لنوع المعدة في عقد العميل · لا سعر وحدةٍ لنوع المعدة في أي عقد موردٍ نشط"
33271,skipped,0,0,"صفر أثرٍ قابلٍ للتوليد: لا سعر وحدةٍ لنوع المعدة في عقد العميل · لا سعر وحدةٍ لنوع المعدة في أي عقد موردٍ نشط"
33272,skipped,0,0,"صفر أثرٍ قابلٍ للتوليد: لا سعر وحدةٍ لنوع المعدة في عقد العميل · لا سعر وحدةٍ لنوع المعدة في أي عقد موردٍ نشط"
33273,skipped,0,0,"صفر أثرٍ قابلٍ للتوليد: لا سعر وحدةٍ لنوع المعدة في عقد العميل · لا سعر وحدةٍ لنوع المعدة في أي عقد موردٍ نشط"
33274,skipped,0,0,"صفر أثرٍ قابلٍ للتوليد: لا سعر وحدةٍ لنوع المعدة في عقد العميل · لا سعر وحدةٍ لنوع المعدة في أي عقد موردٍ نشط"
33275,skipped,0,0,"صفر أثرٍ قابلٍ للتوليد: لا سعر وحدةٍ لنوع المعدة في عقد العميل · لا سعر وحدةٍ لنوع المعدة في أي عقد موردٍ نشط"
33276,skipped,0,0,"صفر أثرٍ قابلٍ للتوليد: لا سعر وحدةٍ لنوع المعدة في عقد العميل · لا سعر وحدةٍ لنوع المعدة في أي عقد موردٍ نشط"
33277,skipped,0,0,"صفر أثرٍ قابلٍ للتوليد: لا سعر وحدةٍ لنوع المعدة في عقد العميل · لا سعر وحدةٍ لنوع المعدة في أي عقد موردٍ نشط"
33278,skipped,0,0,"صفر أثرٍ قابلٍ للتوليد: لا سعر وحدةٍ لنوع المعدة في عقد العميل · لا سعر وحدةٍ لنوع المعدة في أي عقد موردٍ نشط"
33279,skipped,0,0,"صفر أثرٍ قابلٍ للتوليد: لا سعر وحدةٍ لنوع المعدة في عقد العميل · لا سعر وحدةٍ لنوع المعدة في أي عقد موردٍ نشط"
33280,skipped,0,0,"صفر أثرٍ قابلٍ للتوليد: لا سعر وحدةٍ لنوع المعدة في عقد العميل · لا سعر وحدةٍ لنوع المعدة في أي عقد موردٍ نشط"
33281,skipped,0,0,"صفر أثرٍ قابلٍ للتوليد: لا سعر وحدةٍ لنوع المعدة في عقد العميل · لا سعر وحدةٍ لنوع المعدة في أي عقد موردٍ نشط"
33282,skipped,0,0,"صفر أثرٍ قابلٍ للتوليد: لا سعر وحدةٍ لنوع المعدة في عقد العميل · لا سعر وحدةٍ لنوع المعدة في أي عقد موردٍ نشط"
33283,skipped,0,0,"صفر أثرٍ قابلٍ للتوليد: لا سعر وحدةٍ لنوع المعدة في عقد العميل · لا سعر وحدةٍ لنوع المعدة في أي عقد موردٍ نشط"
33284,skipped,0,0,"صفر أثرٍ قابلٍ للتوليد: لا سعر وحدةٍ لنوع المعدة في عقد العميل · لا سعر وحدةٍ لنوع المعدة في أي عقد موردٍ نشط"
33285,skipped,0,0,"صفر أثرٍ قابلٍ للتوليد: لا سعر وحدةٍ لنوع المعدة في عقد العميل · لا سعر وحدةٍ لنوع المعدة في أي عقد موردٍ نشط"
33286,skipped,0,0,"صفر أثرٍ قابلٍ للتوليد: لا سعر وحدةٍ لنوع المعدة في عقد العميل · لا سعر وحدةٍ لنوع المعدة في أي عقد موردٍ نشط"
33287,skipped,0,0,"صفر أثرٍ قابلٍ للتوليد: لا سعر وحدةٍ لنوع المعدة في عقد العميل · لا سعر وحدةٍ لنوع المعدة في أي عقد موردٍ نشط"
33288,skipped,0,0,"صفر أثرٍ قابلٍ للتوليد: لا سعر وحدةٍ لنوع المعدة في عقد العميل · لا سعر وحدةٍ لنوع المعدة في أي عقد موردٍ نشط"
33289,skipped,0,0,"صفر أثرٍ قابلٍ للتوليد: لا سعر وحدةٍ لنوع المعدة في عقد العميل · لا سعر وحدةٍ لنوع المعدة في أي عقد موردٍ نشط"
33290,skipped,0,0,"صفر أثرٍ قابلٍ للتوليد: لا سعر وحدةٍ لنوع المعدة في عقد العميل · لا سعر وحدةٍ لنوع المعدة في أي عقد موردٍ نشط"
33291,skipped,0,0,"صفر أثرٍ قابلٍ للتوليد: لا سعر وحدةٍ لنوع المعدة في عقد العميل · لا سعر وحدةٍ لنوع المعدة في أي عقد موردٍ نشط"
33292,skipped,0,0,"صفر أثرٍ قابلٍ للتوليد: لا سعر وحدةٍ لنوع المعدة في عقد العميل · لا سعر وحدةٍ لنوع المعدة في أي عقد موردٍ نشط"
33293,skipped,0,0,"صفر أثرٍ قابلٍ للتوليد: لا سعر وحدةٍ لنوع المعدة في عقد العميل · لا سعر وحدةٍ لنوع المعدة في أي عقد موردٍ نشط"
33294,skipped,0,0,"صفر أثرٍ قابلٍ للتوليد: لا سعر وحدةٍ لنوع المعدة في عقد العميل · لا سعر وحدةٍ لنوع المعدة في أي عقد موردٍ نشط"
33295,skipped,0,0,"صفر أثرٍ قابلٍ للتوليد: لا سعر وحدةٍ لنوع المعدة في عقد العميل · لا سعر وحدةٍ لنوع المعدة في أي عقد موردٍ نشط"
33296,skipped,0,0,"صفر أثرٍ قابلٍ للتوليد: لا سعر وحدةٍ لنوع المعدة في عقد العميل · لا سعر وحدةٍ لنوع المعدة في أي عقد موردٍ نشط"
33297,skipped,0,0,"صفر أثرٍ قابلٍ للتوليد: لا سعر وحدةٍ لنوع المعدة في عقد العميل · لا سعر وحدةٍ لنوع المعدة في أي عقد موردٍ نشط"
33602,skipped,0,0,"صفر أثرٍ قابلٍ للتوليد: لا سعر وحدةٍ لنوع المعدة في عقد العميل · لا سعر وحدةٍ لنوع المعدة في أي عقد موردٍ نشط"
33603,skipped,0,0,"صفر أثرٍ قابلٍ للتوليد: لا سعر وحدةٍ لنوع المعدة في عقد العميل · لا سعر وحدةٍ لنوع المعدة في أي عقد موردٍ نشط"
33604,skipped,0,0,"صفر أثرٍ قابلٍ للتوليد: لا سعر وحدةٍ لنوع المعدة في عقد العميل · لا سعر وحدةٍ لنوع المعدة في أي عقد موردٍ نشط"
33605,skipped,0,0,"صفر أثرٍ قابلٍ للتوليد: لا سعر وحدةٍ لنوع المعدة في عقد العميل · لا سعر وحدةٍ لنوع المعدة في أي عقد موردٍ نشط"
33606,skipped,0,0,"صفر أثرٍ قابلٍ للتوليد: لا سعر وحدةٍ لنوع المعدة في عقد العميل · لا سعر وحدةٍ لنوع المعدة في أي عقد موردٍ نشط"
33607,skipped,0,0,"صفر أثرٍ قابلٍ للتوليد: لا سعر وحدةٍ لنوع المعدة في عقد العميل · لا سعر وحدةٍ لنوع المعدة في أي عقد موردٍ نشط"
33608,skipped,0,0,"صفر أثرٍ قابلٍ للتوليد: لا سعر وحدةٍ لنوع المعدة في عقد العميل · لا سعر وحدةٍ لنوع المعدة في أي عقد موردٍ نشط"
33609,skipped,0,0,"صفر أثرٍ قابلٍ للتوليد: لا سعر وحدةٍ لنوع المعدة في عقد العميل · لا سعر وحدةٍ لنوع المعدة في أي عقد موردٍ نشط"
33610,skipped,0,0,"صفر أثرٍ قابلٍ للتوليد: لا سعر وحدةٍ لنوع المعدة في عقد العميل · لا سعر وحدةٍ لنوع المعدة في أي عقد موردٍ نشط"
33611,skipped,0,0,"صفر أثرٍ قابلٍ للتوليد: لا سعر وحدةٍ لنوع المعدة في عقد العميل · لا سعر وحدةٍ لنوع المعدة في أي عقد موردٍ نشط"
33612,skipped,0,0,"صفر أثرٍ قابلٍ للتوليد: لا سعر وحدةٍ لنوع المعدة في عقد العميل · لا سعر وحدةٍ لنوع المعدة في أي عقد موردٍ نشط"
33613,skipped,0,0,"صفر أثرٍ قابلٍ للتوليد: لا سعر وحدةٍ لنوع المعدة في عقد العميل · لا سعر وحدةٍ لنوع المعدة في أي عقد موردٍ نشط"
33614,skipped,0,0,"صفر أثرٍ قابلٍ للتوليد: لا سعر وحدةٍ لنوع المعدة في عقد العميل · لا سعر وحدةٍ لنوع المعدة في أي عقد موردٍ نشط"
33615,skipped,0,0,"صفر أثرٍ قابلٍ للتوليد: لا سعر وحدةٍ لنوع المعدة في عقد العميل · لا سعر وحدةٍ لنوع المعدة في أي عقد موردٍ نشط"
33616,skipped,0,0,"صفر أثرٍ قابلٍ للتوليد: لا سعر وحدةٍ لنوع المعدة في عقد العميل · لا سعر وحدةٍ لنوع المعدة في أي عقد موردٍ نشط"
33617,skipped,0,0,"صفر أثرٍ قابلٍ للتوليد: لا سعر وحدةٍ لنوع المعدة في عقد العميل · لا سعر وحدةٍ لنوع المعدة في أي عقد موردٍ نشط"
33618,skipped,0,0,"صفر أثرٍ قابلٍ للتوليد: لا سعر وحدةٍ لنوع المعدة في عقد العميل · لا سعر وحدةٍ لنوع المعدة في أي عقد موردٍ نشط"
33619,skipped,0,0,"صفر أثرٍ قابلٍ للتوليد: لا سعر وحدةٍ لنوع المعدة في عقد العميل · لا سعر وحدةٍ لنوع المعدة في أي عقد موردٍ نشط"
33620,skipped,0,0,"صفر أثرٍ قابلٍ للتوليد: لا سعر وحدةٍ لنوع المعدة في عقد العميل · لا سعر وحدةٍ لنوع المعدة في أي عقد موردٍ نشط"
33621,skipped,0,0,"صفر أثرٍ قابلٍ للتوليد: لا سعر وحدةٍ لنوع المعدة في عقد العميل · لا سعر وحدةٍ لنوع المعدة في أي عقد موردٍ نشط"
33622,skipped,0,0,"صفر أثرٍ قابلٍ للتوليد: لا سعر وحدةٍ لنوع المعدة في عقد العميل · لا سعر وحدةٍ لنوع المعدة في أي عقد موردٍ نشط"
33623,skipped,0,0,"صفر أثرٍ قابلٍ للتوليد: لا سعر وحدةٍ لنوع المعدة في عقد العميل · لا سعر وحدةٍ لنوع المعدة في أي عقد موردٍ نشط"
33624,skipped,0,0,"صفر أثرٍ قابلٍ للتوليد: لا سعر وحدةٍ لنوع المعدة في عقد العميل · لا سعر وحدةٍ لنوع المعدة في أي عقد موردٍ نشط"
33625,skipped,0,0,"صفر أثرٍ قابلٍ للتوليد: لا سعر وحدةٍ لنوع المعدة في عقد العميل · لا سعر وحدةٍ لنوع المعدة في أي عقد موردٍ نشط"
33626,skipped,0,0,"صفر أثرٍ قابلٍ للتوليد: لا سعر وحدةٍ لنوع المعدة في عقد العميل · لا سعر وحدةٍ لنوع المعدة في أي عقد موردٍ نشط"
33627,skipped,0,0,"صفر أثرٍ قابلٍ للتوليد: لا سعر وحدةٍ لنوع المعدة في عقد العميل · لا سعر وحدةٍ لنوع المعدة في أي عقد موردٍ نشط"
33628,skipped,0,0,"صفر أثرٍ قابلٍ للتوليد: لا سعر وحدةٍ لنوع المعدة في عقد العميل · لا سعر وحدةٍ لنوع المعدة في أي عقد موردٍ نشط"
33629,skipped,0,0,"صفر أثرٍ قابلٍ للتوليد: لا سعر وحدةٍ لنوع المعدة في عقد العميل · لا سعر وحدةٍ لنوع المعدة في أي عقد موردٍ نشط"
33630,skipped,0,0,"صفر أثرٍ قابلٍ للتوليد: لا سعر وحدةٍ لنوع المعدة في عقد العميل · لا سعر وحدةٍ لنوع المعدة في أي عقد موردٍ نشط"
33631,skipped,0,0,"صفر أثرٍ قابلٍ للتوليد: لا سعر وحدةٍ لنوع المعدة في عقد العميل · لا سعر وحدةٍ لنوع المعدة في أي عقد موردٍ نشط"
33632,skipped,0,0,"صفر أثرٍ قابلٍ للتوليد: لا سعر وحدةٍ لنوع المعدة في عقد العميل · لا سعر وحدةٍ لنوع المعدة في أي عقد موردٍ نشط"
33633,skipped,0,0,"صفر أثرٍ قابلٍ للتوليد: لا سعر وحدةٍ لنوع المعدة في عقد العميل · لا سعر وحدةٍ لنوع المعدة في أي عقد موردٍ نشط"
33634,skipped,0,0,"صفر أثرٍ قابلٍ للتوليد: لا سعر وحدةٍ لنوع المعدة في عقد العميل · لا سعر وحدةٍ لنوع المعدة في أي عقد موردٍ نشط"
33635,skipped,0,0,"صفر أثرٍ قابلٍ للتوليد: لا سعر وحدةٍ لنوع المعدة في عقد العميل · لا سعر وحدةٍ لنوع المعدة في أي عقد موردٍ نشط"
33636,skipped,0,0,"صفر أثرٍ قابلٍ للتوليد: لا سعر وحدةٍ لنوع المعدة في عقد العميل · لا سعر وحدةٍ لنوع المعدة في أي عقد موردٍ نشط"
33637,skipped,0,0,"صفر أثرٍ قابلٍ للتوليد: لا سعر وحدةٍ لنوع المعدة في عقد العميل · لا سعر وحدةٍ لنوع المعدة في أي عقد موردٍ نشط"
33638,skipped,0,0,"صفر أثرٍ قابلٍ للتوليد: لا سعر وحدةٍ لنوع المعدة في عقد العميل · لا سعر وحدةٍ لنوع المعدة في أي عقد موردٍ نشط"
33639,skipped,0,0,"صفر أثرٍ قابلٍ للتوليد: لا سعر وحدةٍ لنوع المعدة في عقد العميل · لا سعر وحدةٍ لنوع المعدة في أي عقد موردٍ نشط"
33640,skipped,0,0,"صفر أثرٍ قابلٍ للتوليد: لا سعر وحدةٍ لنوع المعدة في عقد العميل · لا سعر وحدةٍ لنوع المعدة في أي عقد موردٍ نشط"
33641,skipped,0,0,"صفر أثرٍ قابلٍ للتوليد: لا سعر وحدةٍ لنوع المعدة في عقد العميل · لا سعر وحدةٍ لنوع المعدة في أي عقد موردٍ نشط"
33642,skipped,0,0,"صفر أثرٍ قابلٍ للتوليد: لا سعر وحدةٍ لنوع المعدة في عقد العميل · لا سعر وحدةٍ لنوع المعدة في أي عقد موردٍ نشط"
33643,skipped,0,0,"صفر أثرٍ قابلٍ للتوليد: لا سعر وحدةٍ لنوع المعدة في عقد العميل · لا سعر وحدةٍ لنوع المعدة في أي عقد موردٍ نشط"
33644,skipped,0,0,"صفر أثرٍ قابلٍ للتوليد: لا سعر وحدةٍ لنوع المعدة في عقد العميل · لا سعر وحدةٍ لنوع المعدة في أي عقد موردٍ نشط"
33645,skipped,0,0,"صفر أثرٍ قابلٍ للتوليد: لا سعر وحدةٍ لنوع المعدة في عقد العميل · لا سعر وحدةٍ لنوع المعدة في أي عقد موردٍ نشط"
33646,skipped,0,0,"صفر أثرٍ قابلٍ للتوليد: لا سعر وحدةٍ لنوع المعدة في عقد العميل · لا سعر وحدةٍ لنوع المعدة في أي عقد موردٍ نشط"
33647,skipped,0,0,"صفر أثرٍ قابلٍ للتوليد: لا سعر وحدةٍ لنوع المعدة في عقد العميل · لا سعر وحدةٍ لنوع المعدة في أي عقد موردٍ نشط"
33648,skipped,0,0,"صفر أثرٍ قابلٍ للتوليد: لا سعر وحدةٍ لنوع المعدة في عقد العميل · لا سعر وحدةٍ لنوع المعدة في أي عقد موردٍ نشط"
33649,skipped,0,0,"صفر أثرٍ قابلٍ للتوليد: لا سعر وحدةٍ لنوع المعدة في عقد العميل · لا سعر وحدةٍ لنوع المعدة في أي عقد موردٍ نشط"
33650,skipped,0,0,"صفر أثرٍ قابلٍ للتوليد: لا سعر وحدةٍ لنوع المعدة في عقد العميل · لا سعر وحدةٍ لنوع المعدة في أي عقد موردٍ نشط"
33651,skipped,0,0,"صفر أثرٍ قابلٍ للتوليد: لا سعر وحدةٍ لنوع المعدة في عقد العميل · لا سعر وحدةٍ لنوع المعدة في أي عقد موردٍ نشط"
33652,skipped,0,0,"صفر أثرٍ قابلٍ للتوليد: لا سعر وحدةٍ لنوع المعدة في عقد العميل · لا سعر وحدةٍ لنوع المعدة في أي عقد موردٍ نشط"
33653,skipped,0,0,"صفر أثرٍ قابلٍ للتوليد: لا سعر وحدةٍ لنوع المعدة في عقد العميل · لا سعر وحدةٍ لنوع المعدة في أي عقد موردٍ نشط"
33654,skipped,0,0,"صفر أثرٍ قابلٍ للتوليد: لا سعر وحدةٍ لنوع المعدة في عقد العميل · لا سعر وحدةٍ لنوع المعدة في أي عقد موردٍ نشط"
33655,skipped,0,0,"صفر أثرٍ قابلٍ للتوليد: لا سعر وحدةٍ لنوع المعدة في عقد العميل · لا سعر وحدةٍ لنوع المعدة في أي عقد موردٍ نشط"
33656,skipped,0,0,"صفر أثرٍ قابلٍ للتوليد: لا سعر وحدةٍ لنوع المعدة في عقد العميل · لا سعر وحدةٍ لنوع المعدة في أي عقد موردٍ نشط"
33657,skipped,0,0,"صفر أثرٍ قابلٍ للتوليد: لا سعر وحدةٍ لنوع المعدة في عقد العميل · لا سعر وحدةٍ لنوع المعدة في أي عقد موردٍ نشط"
33658,skipped,0,0,"صفر أثرٍ قابلٍ للتوليد: لا سعر وحدةٍ لنوع المعدة في عقد العميل · لا سعر وحدةٍ لنوع المعدة في أي عقد موردٍ نشط"
33659,skipped,0,0,"صفر أثرٍ قابلٍ للتوليد: لا سعر وحدةٍ لنوع المعدة في عقد العميل · لا سعر وحدةٍ لنوع المعدة في أي عقد موردٍ نشط"
33660,skipped,0,0,"صفر أثرٍ قابلٍ للتوليد: لا سعر وحدةٍ لنوع المعدة في عقد العميل · لا سعر وحدةٍ لنوع المعدة في أي عقد موردٍ نشط"
33661,skipped,0,0,"صفر أثرٍ قابلٍ للتوليد: لا سعر وحدةٍ لنوع المعدة في عقد العميل · لا سعر وحدةٍ لنوع المعدة في أي عقد موردٍ نشط"
33662,skipped,0,0,"صفر أثرٍ قابلٍ للتوليد: لا سعر وحدةٍ لنوع المعدة في عقد العميل · لا سعر وحدةٍ لنوع المعدة في أي عقد موردٍ نشط"
33957,skipped,0,0,"صفر أثرٍ قابلٍ للتوليد: لا سعر وحدةٍ لنوع المعدة في عقد العميل · لا سعر وحدةٍ لنوع المعدة في أي عقد موردٍ نشط"
33958,skipped,0,0,"صفر أثرٍ قابلٍ للتوليد: لا سعر وحدةٍ لنوع المعدة في عقد العميل · لا سعر وحدةٍ لنوع المعدة في أي عقد موردٍ نشط"
33959,skipped,0,0,"صفر أثرٍ قابلٍ للتوليد: لا سعر وحدةٍ لنوع المعدة في عقد العميل · لا سعر وحدةٍ لنوع المعدة في أي عقد موردٍ نشط"
33960,skipped,0,0,"صفر أثرٍ قابلٍ للتوليد: لا سعر وحدةٍ لنوع المعدة في عقد العميل · لا سعر وحدةٍ لنوع المعدة في أي عقد موردٍ نشط"
33961,skipped,0,0,"صفر أثرٍ قابلٍ للتوليد: لا سعر وحدةٍ لنوع المعدة في عقد العميل · لا سعر وحدةٍ لنوع المعدة في أي عقد موردٍ نشط"
33962,skipped,0,0,"صفر أثرٍ قابلٍ للتوليد: لا سعر وحدةٍ لنوع المعدة في عقد العميل · لا سعر وحدةٍ لنوع المعدة في أي عقد موردٍ نشط"
33963,skipped,0,0,"صفر أثرٍ قابلٍ للتوليد: لا سعر وحدةٍ لنوع المعدة في عقد العميل · لا سعر وحدةٍ لنوع المعدة في أي عقد موردٍ نشط"
33964,skipped,0,0,"صفر أثرٍ قابلٍ للتوليد: لا سعر وحدةٍ لنوع المعدة في عقد العميل · لا سعر وحدةٍ لنوع المعدة في أي عقد موردٍ نشط"
33965,skipped,0,0,"صفر أثرٍ قابلٍ للتوليد: لا سعر وحدةٍ لنوع المعدة في عقد العميل · لا سعر وحدةٍ لنوع المعدة في أي عقد موردٍ نشط"
33966,skipped,0,0,"صفر أثرٍ قابلٍ للتوليد: لا سعر وحدةٍ لنوع المعدة في عقد العميل · لا سعر وحدةٍ لنوع المعدة في أي عقد موردٍ نشط"
33967,skipped,0,0,"صفر أثرٍ قابلٍ للتوليد: لا سعر وحدةٍ لنوع المعدة في عقد العميل · لا سعر وحدةٍ لنوع المعدة في أي عقد موردٍ نشط"
33968,skipped,0,0,"صفر أثرٍ قابلٍ للتوليد: لا سعر وحدةٍ لنوع المعدة في عقد العميل · لا سعر وحدةٍ لنوع المعدة في أي عقد موردٍ نشط"
33969,skipped,0,0,"صفر أثرٍ قابلٍ للتوليد: لا سعر وحدةٍ لنوع المعدة في عقد العميل · لا سعر وحدةٍ لنوع المعدة في أي عقد موردٍ نشط"
33970,skipped,0,0,"صفر أثرٍ قابلٍ للتوليد: لا سعر وحدةٍ لنوع المعدة في عقد العميل · لا سعر وحدةٍ لنوع المعدة في أي عقد موردٍ نشط"
33971,skipped,0,0,"صفر أثرٍ قابلٍ للتوليد: لا سعر وحدةٍ لنوع المعدة في عقد العميل · لا سعر وحدةٍ لنوع المعدة في أي عقد موردٍ نشط"
33972,skipped,0,0,"صفر أثرٍ قابلٍ للتوليد: لا سعر وحدةٍ لنوع المعدة في عقد العميل · لا سعر وحدةٍ لنوع المعدة في أي عقد موردٍ نشط"
33973,skipped,0,0,"صفر أثرٍ قابلٍ للتوليد: لا سعر وحدةٍ لنوع المعدة في عقد العميل · لا سعر وحدةٍ لنوع المعدة في أي عقد موردٍ نشط"
33974,skipped,0,0,"صفر أثرٍ قابلٍ للتوليد: لا سعر وحدةٍ لنوع المعدة في عقد العميل · لا سعر وحدةٍ لنوع المعدة في أي عقد موردٍ نشط"
33975,skipped,0,0,"صفر أثرٍ قابلٍ للتوليد: لا سعر وحدةٍ لنوع المعدة في عقد العميل · لا سعر وحدةٍ لنوع المعدة في أي عقد موردٍ نشط"
33976,skipped,0,0,"صفر أثرٍ قابلٍ للتوليد: لا سعر وحدةٍ لنوع المعدة في عقد العميل · لا سعر وحدةٍ لنوع المعدة في أي عقد موردٍ نشط"
33977,skipped,0,0,"صفر أثرٍ قابلٍ للتوليد: لا سعر وحدةٍ لنوع المعدة في عقد العميل · لا سعر وحدةٍ لنوع المعدة في أي عقد موردٍ نشط"
33978,skipped,0,0,"صفر أثرٍ قابلٍ للتوليد: لا سعر وحدةٍ لنوع المعدة في عقد العميل · لا سعر وحدةٍ لنوع المعدة في أي عقد موردٍ نشط"
33979,skipped,0,0,"صفر أثرٍ قابلٍ للتوليد: لا سعر وحدةٍ لنوع المعدة في عقد العميل · لا سعر وحدةٍ لنوع المعدة في أي عقد موردٍ نشط"
33980,skipped,0,0,"صفر أثرٍ قابلٍ للتوليد: لا سعر وحدةٍ لنوع المعدة في عقد العميل · لا سعر وحدةٍ لنوع المعدة في أي عقد موردٍ نشط"
33981,skipped,0,0,"صفر أثرٍ قابلٍ للتوليد: لا سعر وحدةٍ لنوع المعدة في عقد العميل · لا سعر وحدةٍ لنوع المعدة في أي عقد موردٍ نشط"
33982,skipped,0,0,"صفر أثرٍ قابلٍ للتوليد: لا سعر وحدةٍ لنوع المعدة في عقد العميل · لا سعر وحدةٍ لنوع المعدة في أي عقد موردٍ نشط"
33983,skipped,0,0,"صفر أثرٍ قابلٍ للتوليد: لا سعر وحدةٍ لنوع المعدة في عقد العميل · لا سعر وحدةٍ لنوع المعدة في أي عقد موردٍ نشط"
33984,skipped,0,0,"صفر أثرٍ قابلٍ للتوليد: لا سعر وحدةٍ لنوع المعدة في عقد العميل · لا سعر وحدةٍ لنوع المعدة في أي عقد موردٍ نشط"
33985,skipped,0,0,"صفر أثرٍ قابلٍ للتوليد: لا سعر وحدةٍ لنوع المعدة في عقد العميل · لا سعر وحدةٍ لنوع المعدة في أي عقد موردٍ نشط"
33986,skipped,0,0,"صفر أثرٍ قابلٍ للتوليد: لا سعر وحدةٍ لنوع المعدة في عقد العميل · لا سعر وحدةٍ لنوع المعدة في أي عقد موردٍ نشط"
33987,skipped,0,0,"صفر أثرٍ قابلٍ للتوليد: لا سعر وحدةٍ لنوع المعدة في عقد العميل · لا سعر وحدةٍ لنوع المعدة في أي عقد موردٍ نشط"
33988,skipped,0,0,"صفر أثرٍ قابلٍ للتوليد: لا سعر وحدةٍ لنوع المعدة في عقد العميل · لا سعر وحدةٍ لنوع المعدة في أي عقد موردٍ نشط"
33989,skipped,0,0,"صفر أثرٍ قابلٍ للتوليد: لا سعر وحدةٍ لنوع المعدة في عقد العميل · لا سعر وحدةٍ لنوع المعدة في أي عقد موردٍ نشط"
33990,skipped,0,0,"صفر أثرٍ قابلٍ للتوليد: لا سعر وحدةٍ لنوع المعدة في عقد العميل · لا سعر وحدةٍ لنوع المعدة في أي عقد موردٍ نشط"
33991,skipped,0,0,"صفر أثرٍ قابلٍ للتوليد: لا سعر وحدةٍ لنوع المعدة في عقد العميل · لا سعر وحدةٍ لنوع المعدة في أي عقد موردٍ نشط"
33992,skipped,0,0,"صفر أثرٍ قابلٍ للتوليد: لا سعر وحدةٍ لنوع المعدة في عقد العميل · لا سعر وحدةٍ لنوع المعدة في أي عقد موردٍ نشط"
33993,skipped,0,0,"صفر أثرٍ قابلٍ للتوليد: لا سعر وحدةٍ لنوع المعدة في عقد العميل · لا سعر وحدةٍ لنوع المعدة في أي عقد موردٍ نشط"
33994,skipped,0,0,"صفر أثرٍ قابلٍ للتوليد: لا سعر وحدةٍ لنوع المعدة في عقد العميل · لا سعر وحدةٍ لنوع المعدة في أي عقد موردٍ نشط"
33995,skipped,0,0,"صفر أثرٍ قابلٍ للتوليد: لا سعر وحدةٍ لنوع المعدة في عقد العميل · لا سعر وحدةٍ لنوع المعدة في أي عقد موردٍ نشط"
33996,skipped,0,0,"صفر أثرٍ قابلٍ للتوليد: لا سعر وحدةٍ لنوع المعدة في عقد العميل · لا سعر وحدةٍ لنوع المعدة في أي عقد موردٍ نشط"
33997,skipped,0,0,"صفر أثرٍ قابلٍ للتوليد: لا سعر وحدةٍ لنوع المعدة في عقد العميل · لا سعر وحدةٍ لنوع المعدة في أي عقد موردٍ نشط"
33998,skipped,0,0,"صفر أثرٍ قابلٍ للتوليد: لا سعر وحدةٍ لنوع المعدة في عقد العميل · لا سعر وحدةٍ لنوع المعدة في أي عقد موردٍ نشط"
33999,skipped,0,0,"صفر أثرٍ قابلٍ للتوليد: لا سعر وحدةٍ لنوع المعدة في عقد العميل · لا سعر وحدةٍ لنوع المعدة في أي عقد موردٍ نشط"
34000,skipped,0,0,"صفر أثرٍ قابلٍ للتوليد: لا سعر وحدةٍ لنوع المعدة في عقد العميل · لا سعر وحدةٍ لنوع المعدة في أي عقد موردٍ نشط"
34001,skipped,0,0,"صفر أثرٍ قابلٍ للتوليد: لا سعر وحدةٍ لنوع المعدة في عقد العميل · لا سعر وحدةٍ لنوع المعدة في أي عقد موردٍ نشط"
34002,skipped,0,0,"صفر أثرٍ قابلٍ للتوليد: لا سعر وحدةٍ لنوع المعدة في عقد العميل · لا سعر وحدةٍ لنوع المعدة في أي عقد موردٍ نشط"
34003,skipped,0,0,"صفر أثرٍ قابلٍ للتوليد: لا سعر وحدةٍ لنوع المعدة في عقد العميل · لا سعر وحدةٍ لنوع المعدة في أي عقد موردٍ نشط"
34004,skipped,0,0,"صفر أثرٍ قابلٍ للتوليد: لا سعر وحدةٍ لنوع المعدة في عقد العميل · لا سعر وحدةٍ لنوع المعدة في أي عقد موردٍ نشط"
34005,skipped,0,0,"صفر أثرٍ قابلٍ للتوليد: لا سعر وحدةٍ لنوع المعدة في عقد العميل · لا سعر وحدةٍ لنوع المعدة في أي عقد موردٍ نشط"
34006,skipped,0,0,"صفر أثرٍ قابلٍ للتوليد: لا سعر وحدةٍ لنوع المعدة في عقد العميل · لا سعر وحدةٍ لنوع المعدة في أي عقد موردٍ نشط"
34007,skipped,0,0,"صفر أثرٍ قابلٍ للتوليد: لا سعر وحدةٍ لنوع المعدة في عقد العميل · لا سعر وحدةٍ لنوع المعدة في أي عقد موردٍ نشط"
34008,skipped,0,0,"صفر أثرٍ قابلٍ للتوليد: لا سعر وحدةٍ لنوع المعدة في عقد العميل · لا سعر وحدةٍ لنوع المعدة في أي عقد موردٍ نشط"
34009,skipped,0,0,"صفر أثرٍ قابلٍ للتوليد: لا سعر وحدةٍ لنوع المعدة في عقد العميل · لا سعر وحدةٍ لنوع المعدة في أي عقد موردٍ نشط"
34010,skipped,0,0,"صفر أثرٍ قابلٍ للتوليد: لا سعر وحدةٍ لنوع المعدة في عقد العميل · لا سعر وحدةٍ لنوع المعدة في أي عقد موردٍ نشط"
34011,skipped,0,0,"صفر أثرٍ قابلٍ للتوليد: لا سعر وحدةٍ لنوع المعدة في عقد العميل · لا سعر وحدةٍ لنوع المعدة في أي عقد موردٍ نشط"
34012,skipped,0,0,"صفر أثرٍ قابلٍ للتوليد: لا سعر وحدةٍ لنوع المعدة في عقد العميل · لا سعر وحدةٍ لنوع المعدة في أي عقد موردٍ نشط"
34013,skipped,0,0,"صفر أثرٍ قابلٍ للتوليد: لا سعر وحدةٍ لنوع المعدة في عقد العميل · لا سعر وحدةٍ لنوع المعدة في أي عقد موردٍ نشط"
34014,skipped,0,0,"صفر أثرٍ قابلٍ للتوليد: لا سعر وحدةٍ لنوع المعدة في عقد العميل · لا سعر وحدةٍ لنوع المعدة في أي عقد موردٍ نشط"
34015,skipped,0,0,"صفر أثرٍ قابلٍ للتوليد: لا سعر وحدةٍ لنوع المعدة في عقد العميل · لا سعر وحدةٍ لنوع المعدة في أي عقد موردٍ نشط"
34016,skipped,0,0,"صفر أثرٍ قابلٍ للتوليد: لا سعر وحدةٍ لنوع المعدة في عقد العميل · لا سعر وحدةٍ لنوع المعدة في أي عقد موردٍ نشط"
34017,skipped,0,0,"صفر أثرٍ قابلٍ للتوليد: لا سعر وحدةٍ لنوع المعدة في عقد العميل · لا سعر وحدةٍ لنوع المعدة في أي عقد موردٍ نشط"
34322,skipped,0,0,"صفر أثرٍ قابلٍ للتوليد: لا سعر وحدةٍ لنوع المعدة في عقد العميل · لا سعر وحدةٍ لنوع المعدة في أي عقد موردٍ نشط"
34323,skipped,0,0,"صفر أثرٍ قابلٍ للتوليد: لا سعر وحدةٍ لنوع المعدة في عقد العميل · لا سعر وحدةٍ لنوع المعدة في أي عقد موردٍ نشط"
34324,skipped,0,0,"صفر أثرٍ قابلٍ للتوليد: لا سعر وحدةٍ لنوع المعدة في عقد العميل · لا سعر وحدةٍ لنوع المعدة في أي عقد موردٍ نشط"
34325,skipped,0,0,"صفر أثرٍ قابلٍ للتوليد: لا سعر وحدةٍ لنوع المعدة في عقد العميل · لا سعر وحدةٍ لنوع المعدة في أي عقد موردٍ نشط"
34326,skipped,0,0,"صفر أثرٍ قابلٍ للتوليد: لا سعر وحدةٍ لنوع المعدة في عقد العميل · لا سعر وحدةٍ لنوع المعدة في أي عقد موردٍ نشط"
34327,skipped,0,0,"صفر أثرٍ قابلٍ للتوليد: لا سعر وحدةٍ لنوع المعدة في عقد العميل · لا سعر وحدةٍ لنوع المعدة في أي عقد موردٍ نشط"
34328,skipped,0,0,"صفر أثرٍ قابلٍ للتوليد: لا سعر وحدةٍ لنوع المعدة في عقد العميل · لا سعر وحدةٍ لنوع المعدة في أي عقد موردٍ نشط"
34329,skipped,0,0,"صفر أثرٍ قابلٍ للتوليد: لا سعر وحدةٍ لنوع المعدة في عقد العميل · لا سعر وحدةٍ لنوع المعدة في أي عقد موردٍ نشط"
34330,skipped,0,0,"صفر أثرٍ قابلٍ للتوليد: لا سعر وحدةٍ لنوع المعدة في عقد العميل · لا سعر وحدةٍ لنوع المعدة في أي عقد موردٍ نشط"
34331,skipped,0,0,"صفر أثرٍ قابلٍ للتوليد: لا سعر وحدةٍ لنوع المعدة في عقد العميل · لا سعر وحدةٍ لنوع المعدة في أي عقد موردٍ نشط"
34332,skipped,0,0,"صفر أثرٍ قابلٍ للتوليد: لا سعر وحدةٍ لنوع المعدة في عقد العميل · لا سعر وحدةٍ لنوع المعدة في أي عقد موردٍ نشط"
34333,skipped,0,0,"صفر أثرٍ قابلٍ للتوليد: لا سعر وحدةٍ لنوع المعدة في عقد العميل · لا سعر وحدةٍ لنوع المعدة في أي عقد موردٍ نشط"
34334,skipped,0,0,"صفر أثرٍ قابلٍ للتوليد: لا سعر وحدةٍ لنوع المعدة في عقد العميل · لا سعر وحدةٍ لنوع المعدة في أي عقد موردٍ نشط"
34335,skipped,0,0,"صفر أثرٍ قابلٍ للتوليد: لا سعر وحدةٍ لنوع المعدة في عقد العميل · لا سعر وحدةٍ لنوع المعدة في أي عقد موردٍ نشط"
34336,skipped,0,0,"صفر أثرٍ قابلٍ للتوليد: لا سعر وحدةٍ لنوع المعدة في عقد العميل · لا سعر وحدةٍ لنوع المعدة في أي عقد موردٍ نشط"
34337,skipped,0,0,"صفر أثرٍ قابلٍ للتوليد: لا سعر وحدةٍ لنوع المعدة في عقد العميل · لا سعر وحدةٍ لنوع المعدة في أي عقد موردٍ نشط"
34338,skipped,0,0,"صفر أثرٍ قابلٍ للتوليد: لا سعر وحدةٍ لنوع المعدة في عقد العميل · لا سعر وحدةٍ لنوع المعدة في أي عقد موردٍ نشط"
34339,skipped,0,0,"صفر أثرٍ قابلٍ للتوليد: لا سعر وحدةٍ لنوع المعدة في عقد العميل · لا سعر وحدةٍ لنوع المعدة في أي عقد موردٍ نشط"
34340,skipped,0,0,"صفر أثرٍ قابلٍ للتوليد: لا سعر وحدةٍ لنوع المعدة في عقد العميل · لا سعر وحدةٍ لنوع المعدة في أي عقد موردٍ نشط"
34341,skipped,0,0,"صفر أثرٍ قابلٍ للتوليد: لا سعر وحدةٍ لنوع المعدة في عقد العميل · لا سعر وحدةٍ لنوع المعدة في أي عقد موردٍ نشط"
34342,skipped,0,0,"صفر أثرٍ قابلٍ للتوليد: لا سعر وحدةٍ لنوع المعدة في عقد العميل · لا سعر وحدةٍ لنوع المعدة في أي عقد موردٍ نشط"
34343,skipped,0,0,"صفر أثرٍ قابلٍ للتوليد: لا سعر وحدةٍ لنوع المعدة في عقد العميل · لا سعر وحدةٍ لنوع المعدة في أي عقد موردٍ نشط"
34344,skipped,0,0,"صفر أثرٍ قابلٍ للتوليد: لا سعر وحدةٍ لنوع المعدة في عقد العميل · لا سعر وحدةٍ لنوع المعدة في أي عقد موردٍ نشط"
34345,skipped,0,0,"صفر أثرٍ قابلٍ للتوليد: لا سعر وحدةٍ لنوع المعدة في عقد العميل · لا سعر وحدةٍ لنوع المعدة في أي عقد موردٍ نشط"
34346,skipped,0,0,"صفر أثرٍ قابلٍ للتوليد: لا سعر وحدةٍ لنوع المعدة في عقد العميل · لا سعر وحدةٍ لنوع المعدة في أي عقد موردٍ نشط"
34347,skipped,0,0,"صفر أثرٍ قابلٍ للتوليد: لا سعر وحدةٍ لنوع المعدة في عقد العميل · لا سعر وحدةٍ لنوع المعدة في أي عقد موردٍ نشط"
34348,skipped,0,0,"صفر أثرٍ قابلٍ للتوليد: لا سعر وحدةٍ لنوع المعدة في عقد العميل · لا سعر وحدةٍ لنوع المعدة في أي عقد موردٍ نشط"
34349,skipped,0,0,"صفر أثرٍ قابلٍ للتوليد: لا سعر وحدةٍ لنوع المعدة في عقد العميل · لا سعر وحدةٍ لنوع المعدة في أي عقد موردٍ نشط"
34350,skipped,0,0,"صفر أثرٍ قابلٍ للتوليد: لا سعر وحدةٍ لنوع المعدة في عقد العميل · لا سعر وحدةٍ لنوع المعدة في أي عقد موردٍ نشط"
34351,skipped,0,0,"صفر أثرٍ قابلٍ للتوليد: لا سعر وحدةٍ لنوع المعدة في عقد العميل · لا سعر وحدةٍ لنوع المعدة في أي عقد موردٍ نشط"
34352,skipped,0,0,"صفر أثرٍ قابلٍ للتوليد: لا سعر وحدةٍ لنوع المعدة في عقد العميل · لا سعر وحدةٍ لنوع المعدة في أي عقد موردٍ نشط"
34353,skipped,0,0,"صفر أثرٍ قابلٍ للتوليد: لا سعر وحدةٍ لنوع المعدة في عقد العميل · لا سعر وحدةٍ لنوع المعدة في أي عقد موردٍ نشط"
34354,skipped,0,0,"صفر أثرٍ قابلٍ للتوليد: لا سعر وحدةٍ لنوع المعدة في عقد العميل · لا سعر وحدةٍ لنوع المعدة في أي عقد موردٍ نشط"
34355,skipped,0,0,"صفر أثرٍ قابلٍ للتوليد: لا سعر وحدةٍ لنوع المعدة في عقد العميل · لا سعر وحدةٍ لنوع المعدة في أي عقد موردٍ نشط"
34356,skipped,0,0,"صفر أثرٍ قابلٍ للتوليد: لا سعر وحدةٍ لنوع المعدة في عقد العميل · لا سعر وحدةٍ لنوع المعدة في أي عقد موردٍ نشط"
34357,skipped,0,0,"صفر أثرٍ قابلٍ للتوليد: لا سعر وحدةٍ لنوع المعدة في عقد العميل · لا سعر وحدةٍ لنوع المعدة في أي عقد موردٍ نشط"
34358,skipped,0,0,"صفر أثرٍ قابلٍ للتوليد: لا سعر وحدةٍ لنوع المعدة في عقد العميل · لا سعر وحدةٍ لنوع المعدة في أي عقد موردٍ نشط"
34359,skipped,0,0,"صفر أثرٍ قابلٍ للتوليد: لا سعر وحدةٍ لنوع المعدة في عقد العميل · لا سعر وحدةٍ لنوع المعدة في أي عقد موردٍ نشط"
34360,skipped,0,0,"صفر أثرٍ قابلٍ للتوليد: لا سعر وحدةٍ لنوع المعدة في عقد العميل · لا سعر وحدةٍ لنوع المعدة في أي عقد موردٍ نشط"
34361,skipped,0,0,"صفر أثرٍ قابلٍ للتوليد: لا سعر وحدةٍ لنوع المعدة في عقد العميل · لا سعر وحدةٍ لنوع المعدة في أي عقد موردٍ نشط"
34362,skipped,0,0,"صفر أثرٍ قابلٍ للتوليد: لا سعر وحدةٍ لنوع المعدة في عقد العميل · لا سعر وحدةٍ لنوع المعدة في أي عقد موردٍ نشط"
34363,skipped,0,0,"صفر أثرٍ قابلٍ للتوليد: لا سعر وحدةٍ لنوع المعدة في عقد العميل · لا سعر وحدةٍ لنوع المعدة في أي عقد موردٍ نشط"
34364,skipped,0,0,"صفر أثرٍ قابلٍ للتوليد: لا سعر وحدةٍ لنوع المعدة في عقد العميل · لا سعر وحدةٍ لنوع المعدة في أي عقد موردٍ نشط"
34365,skipped,0,0,"صفر أثرٍ قابلٍ للتوليد: لا سعر وحدةٍ لنوع المعدة في عقد العميل · لا سعر وحدةٍ لنوع المعدة في أي عقد موردٍ نشط"
34366,skipped,0,0,"صفر أثرٍ قابلٍ للتوليد: لا سعر وحدةٍ لنوع المعدة في عقد العميل · لا سعر وحدةٍ لنوع المعدة في أي عقد موردٍ نشط"
34367,skipped,0,0,"صفر أثرٍ قابلٍ للتوليد: لا سعر وحدةٍ لنوع المعدة في عقد العميل · لا سعر وحدةٍ لنوع المعدة في أي عقد موردٍ نشط"
34368,skipped,0,0,"صفر أثرٍ قابلٍ للتوليد: لا سعر وحدةٍ لنوع المعدة في عقد العميل · لا سعر وحدةٍ لنوع المعدة في أي عقد موردٍ نشط"
34369,skipped,0,0,"صفر أثرٍ قابلٍ للتوليد: لا سعر وحدةٍ لنوع المعدة في عقد العميل · لا سعر وحدةٍ لنوع المعدة في أي عقد موردٍ نشط"
34370,skipped,0,0,"صفر أثرٍ قابلٍ للتوليد: لا سعر وحدةٍ لنوع المعدة في عقد العميل · لا سعر وحدةٍ لنوع المعدة في أي عقد موردٍ نشط"
34371,skipped,0,0,"صفر أثرٍ قابلٍ للتوليد: لا سعر وحدةٍ لنوع المعدة في عقد العميل · لا سعر وحدةٍ لنوع المعدة في أي عقد موردٍ نشط"
34372,skipped,0,0,"صفر أثرٍ قابلٍ للتوليد: لا سعر وحدةٍ لنوع المعدة في عقد العميل · لا سعر وحدةٍ لنوع المعدة في أي عقد موردٍ نشط"
34373,skipped,0,0,"صفر أثرٍ قابلٍ للتوليد: لا سعر وحدةٍ لنوع المعدة في عقد العميل · لا سعر وحدةٍ لنوع المعدة في أي عقد موردٍ نشط"
34374,skipped,0,0,"صفر أثرٍ قابلٍ للتوليد: لا سعر وحدةٍ لنوع المعدة في عقد العميل · لا سعر وحدةٍ لنوع المعدة في أي عقد موردٍ نشط"
34375,skipped,0,0,"صفر أثرٍ قابلٍ للتوليد: لا سعر وحدةٍ لنوع المعدة في عقد العميل · لا سعر وحدةٍ لنوع المعدة في أي عقد موردٍ نشط"
34376,skipped,0,0,"صفر أثرٍ قابلٍ للتوليد: لا سعر وحدةٍ لنوع المعدة في عقد العميل · لا سعر وحدةٍ لنوع المعدة في أي عقد موردٍ نشط"
34377,skipped,0,0,"صفر أثرٍ قابلٍ للتوليد: لا سعر وحدةٍ لنوع المعدة في عقد العميل · لا سعر وحدةٍ لنوع المعدة في أي عقد موردٍ نشط"
34378,skipped,0,0,"صفر أثرٍ قابلٍ للتوليد: لا سعر وحدةٍ لنوع المعدة في عقد العميل · لا سعر وحدةٍ لنوع المعدة في أي عقد موردٍ نشط"
34379,skipped,0,0,"صفر أثرٍ قابلٍ للتوليد: لا سعر وحدةٍ لنوع المعدة في عقد العميل · لا سعر وحدةٍ لنوع المعدة في أي عقد موردٍ نشط"
34380,skipped,0,0,"صفر أثرٍ قابلٍ للتوليد: لا سعر وحدةٍ لنوع المعدة في عقد العميل · لا سعر وحدةٍ لنوع المعدة في أي عقد موردٍ نشط"
34381,skipped,0,0,"صفر أثرٍ قابلٍ للتوليد: لا سعر وحدةٍ لنوع المعدة في عقد العميل · لا سعر وحدةٍ لنوع المعدة في أي عقد موردٍ نشط"
34382,skipped,0,0,"صفر أثرٍ قابلٍ للتوليد: لا سعر وحدةٍ لنوع المعدة في عقد العميل · لا سعر وحدةٍ لنوع المعدة في أي عقد موردٍ نشط"
34820,skipped,0,0,"صفر أثرٍ قابلٍ للتوليد: لا سعر وحدةٍ لنوع المعدة في عقد العميل · لا سعر وحدةٍ لنوع المعدة في أي عقد موردٍ نشط"
34821,skipped,0,0,"صفر أثرٍ قابلٍ للتوليد: لا سعر وحدةٍ لنوع المعدة في عقد العميل · لا سعر وحدةٍ لنوع المعدة في أي عقد موردٍ نشط"
34822,skipped,0,0,"صفر أثرٍ قابلٍ للتوليد: لا سعر وحدةٍ لنوع المعدة في عقد العميل · لا سعر وحدةٍ لنوع المعدة في أي عقد موردٍ نشط"
34823,skipped,0,0,"صفر أثرٍ قابلٍ للتوليد: لا سعر وحدةٍ لنوع المعدة في عقد العميل · لا سعر وحدةٍ لنوع المعدة في أي عقد موردٍ نشط"
34824,skipped,0,0,"صفر أثرٍ قابلٍ للتوليد: لا سعر وحدةٍ لنوع المعدة في عقد العميل · لا سعر وحدةٍ لنوع المعدة في أي عقد موردٍ نشط"
34825,skipped,0,0,"صفر أثرٍ قابلٍ للتوليد: لا سعر وحدةٍ لنوع المعدة في عقد العميل · لا سعر وحدةٍ لنوع المعدة في أي عقد موردٍ نشط"
34826,skipped,0,0,"صفر أثرٍ قابلٍ للتوليد: لا سعر وحدةٍ لنوع المعدة في عقد العميل · لا سعر وحدةٍ لنوع المعدة في أي عقد موردٍ نشط"
34827,skipped,0,0,"صفر أثرٍ قابلٍ للتوليد: لا سعر وحدةٍ لنوع المعدة في عقد العميل · لا سعر وحدةٍ لنوع المعدة في أي عقد موردٍ نشط"
34828,skipped,0,0,"صفر أثرٍ قابلٍ للتوليد: لا سعر وحدةٍ لنوع المعدة في عقد العميل · لا سعر وحدةٍ لنوع المعدة في أي عقد موردٍ نشط"
34829,skipped,0,0,"صفر أثرٍ قابلٍ للتوليد: لا سعر وحدةٍ لنوع المعدة في عقد العميل · لا سعر وحدةٍ لنوع المعدة في أي عقد موردٍ نشط"
34830,skipped,0,0,"صفر أثرٍ قابلٍ للتوليد: لا سعر وحدةٍ لنوع المعدة في عقد العميل · لا سعر وحدةٍ لنوع المعدة في أي عقد موردٍ نشط"
34831,skipped,0,0,"صفر أثرٍ قابلٍ للتوليد: لا سعر وحدةٍ لنوع المعدة في عقد العميل · لا سعر وحدةٍ لنوع المعدة في أي عقد موردٍ نشط"
34832,skipped,0,0,"صفر أثرٍ قابلٍ للتوليد: لا سعر وحدةٍ لنوع المعدة في عقد العميل · لا سعر وحدةٍ لنوع المعدة في أي عقد موردٍ نشط"
34833,skipped,0,0,"صفر أثرٍ قابلٍ للتوليد: لا سعر وحدةٍ لنوع المعدة في عقد العميل · لا سعر وحدةٍ لنوع المعدة في أي عقد موردٍ نشط"
34834,skipped,0,0,"صفر أثرٍ قابلٍ للتوليد: لا سعر وحدةٍ لنوع المعدة في عقد العميل · لا سعر وحدةٍ لنوع المعدة في أي عقد موردٍ نشط"
34835,skipped,0,0,"صفر أثرٍ قابلٍ للتوليد: لا سعر وحدةٍ لنوع المعدة في عقد العميل · لا سعر وحدةٍ لنوع المعدة في أي عقد موردٍ نشط"
34836,skipped,0,0,"صفر أثرٍ قابلٍ للتوليد: لا سعر وحدةٍ لنوع المعدة في عقد العميل · لا سعر وحدةٍ لنوع المعدة في أي عقد موردٍ نشط"
34837,skipped,0,0,"صفر أثرٍ قابلٍ للتوليد: لا سعر وحدةٍ لنوع المعدة في عقد العميل · لا سعر وحدةٍ لنوع المعدة في أي عقد موردٍ نشط"
34838,skipped,0,0,"صفر أثرٍ قابلٍ للتوليد: لا سعر وحدةٍ لنوع المعدة في عقد العميل · لا سعر وحدةٍ لنوع المعدة في أي عقد موردٍ نشط"
34839,skipped,0,0,"صفر أثرٍ قابلٍ للتوليد: لا سعر وحدةٍ لنوع المعدة في عقد العميل · لا سعر وحدةٍ لنوع المعدة في أي عقد موردٍ نشط"
34840,skipped,0,0,"صفر أثرٍ قابلٍ للتوليد: لا سعر وحدةٍ لنوع المعدة في عقد العميل · لا سعر وحدةٍ لنوع المعدة في أي عقد موردٍ نشط"
34841,skipped,0,0,"صفر أثرٍ قابلٍ للتوليد: لا سعر وحدةٍ لنوع المعدة في عقد العميل · لا سعر وحدةٍ لنوع المعدة في أي عقد موردٍ نشط"
34842,skipped,0,0,"صفر أثرٍ قابلٍ للتوليد: لا سعر وحدةٍ لنوع المعدة في عقد العميل · لا سعر وحدةٍ لنوع المعدة في أي عقد موردٍ نشط"
34843,skipped,0,0,"صفر أثرٍ قابلٍ للتوليد: لا سعر وحدةٍ لنوع المعدة في عقد العميل · لا سعر وحدةٍ لنوع المعدة في أي عقد موردٍ نشط"
34844,skipped,0,0,"صفر أثرٍ قابلٍ للتوليد: لا سعر وحدةٍ لنوع المعدة في عقد العميل · لا سعر وحدةٍ لنوع المعدة في أي عقد موردٍ نشط"
34845,skipped,0,0,"صفر أثرٍ قابلٍ للتوليد: لا سعر وحدةٍ لنوع المعدة في عقد العميل · لا سعر وحدةٍ لنوع المعدة في أي عقد موردٍ نشط"
34846,skipped,0,0,"صفر أثرٍ قابلٍ للتوليد: لا سعر وحدةٍ لنوع المعدة في عقد العميل · لا سعر وحدةٍ لنوع المعدة في أي عقد موردٍ نشط"
34847,skipped,0,0,"صفر أثرٍ قابلٍ للتوليد: لا سعر وحدةٍ لنوع المعدة في عقد العميل · لا سعر وحدةٍ لنوع المعدة في أي عقد موردٍ نشط"
34848,skipped,0,0,"صفر أثرٍ قابلٍ للتوليد: لا سعر وحدةٍ لنوع المعدة في عقد العميل · لا سعر وحدةٍ لنوع المعدة في أي عقد موردٍ نشط"
34849,skipped,0,0,"صفر أثرٍ قابلٍ للتوليد: لا سعر وحدةٍ لنوع المعدة في عقد العميل · لا سعر وحدةٍ لنوع المعدة في أي عقد موردٍ نشط"
34850,skipped,0,0,"صفر أثرٍ قابلٍ للتوليد: لا سعر وحدةٍ لنوع المعدة في عقد العميل · لا سعر وحدةٍ لنوع المعدة في أي عقد موردٍ نشط"
34851,skipped,0,0,"صفر أثرٍ قابلٍ للتوليد: لا سعر وحدةٍ لنوع المعدة في عقد العميل · لا سعر وحدةٍ لنوع المعدة في أي عقد موردٍ نشط"
34852,skipped,0,0,"صفر أثرٍ قابلٍ للتوليد: لا سعر وحدةٍ لنوع المعدة في عقد العميل · لا سعر وحدةٍ لنوع المعدة في أي عقد موردٍ نشط"
34853,skipped,0,0,"صفر أثرٍ قابلٍ للتوليد: لا سعر وحدةٍ لنوع المعدة في عقد العميل · لا سعر وحدةٍ لنوع المعدة في أي عقد موردٍ نشط"
34854,skipped,0,0,"صفر أثرٍ قابلٍ للتوليد: لا سعر وحدةٍ لنوع المعدة في عقد العميل · لا سعر وحدةٍ لنوع المعدة في أي عقد موردٍ نشط"
34855,skipped,0,0,"صفر أثرٍ قابلٍ للتوليد: لا سعر وحدةٍ لنوع المعدة في عقد العميل · لا سعر وحدةٍ لنوع المعدة في أي عقد موردٍ نشط"
34856,skipped,0,0,"صفر أثرٍ قابلٍ للتوليد: لا سعر وحدةٍ لنوع المعدة في عقد العميل · لا سعر وحدةٍ لنوع المعدة في أي عقد موردٍ نشط"
34857,skipped,0,0,"صفر أثرٍ قابلٍ للتوليد: لا سعر وحدةٍ لنوع المعدة في عقد العميل · لا سعر وحدةٍ لنوع المعدة في أي عقد موردٍ نشط"
34858,skipped,0,0,"صفر أثرٍ قابلٍ للتوليد: لا سعر وحدةٍ لنوع المعدة في عقد العميل · لا سعر وحدةٍ لنوع المعدة في أي عقد موردٍ نشط"
34859,skipped,0,0,"صفر أثرٍ قابلٍ للتوليد: لا سعر وحدةٍ لنوع المعدة في عقد العميل · لا سعر وحدةٍ لنوع المعدة في أي عقد موردٍ نشط"
34860,skipped,0,0,"صفر أثرٍ قابلٍ للتوليد: لا سعر وحدةٍ لنوع المعدة في عقد العميل · لا سعر وحدةٍ لنوع المعدة في أي عقد موردٍ نشط"
34861,skipped,0,0,"صفر أثرٍ قابلٍ للتوليد: لا سعر وحدةٍ لنوع المعدة في عقد العميل · لا سعر وحدةٍ لنوع المعدة في أي عقد موردٍ نشط"
34862,skipped,0,0,"صفر أثرٍ قابلٍ للتوليد: لا سعر وحدةٍ لنوع المعدة في عقد العميل · لا سعر وحدةٍ لنوع المعدة في أي عقد موردٍ نشط"
34863,skipped,0,0,"صفر أثرٍ قابلٍ للتوليد: لا سعر وحدةٍ لنوع المعدة في عقد العميل · لا سعر وحدةٍ لنوع المعدة في أي عقد موردٍ نشط"
34864,skipped,0,0,"صفر أثرٍ قابلٍ للتوليد: لا سعر وحدةٍ لنوع المعدة في عقد العميل · لا سعر وحدةٍ لنوع المعدة في أي عقد موردٍ نشط"
34865,skipped,0,0,"صفر أثرٍ قابلٍ للتوليد: لا سعر وحدةٍ لنوع المعدة في عقد العميل · لا سعر وحدةٍ لنوع المعدة في أي عقد موردٍ نشط"
34866,skipped,0,0,"صفر أثرٍ قابلٍ للتوليد: لا سعر وحدةٍ لنوع المعدة في عقد العميل · لا سعر وحدةٍ لنوع المعدة في أي عقد موردٍ نشط"
34867,skipped,0,0,"صفر أثرٍ قابلٍ للتوليد: لا سعر وحدةٍ لنوع المعدة في عقد العميل · لا سعر وحدةٍ لنوع المعدة في أي عقد موردٍ نشط"
34868,skipped,0,0,"صفر أثرٍ قابلٍ للتوليد: لا سعر وحدةٍ لنوع المعدة في عقد العميل · لا سعر وحدةٍ لنوع المعدة في أي عقد موردٍ نشط"
34869,skipped,0,0,"صفر أثرٍ قابلٍ للتوليد: لا سعر وحدةٍ لنوع المعدة في عقد العميل · لا سعر وحدةٍ لنوع المعدة في أي عقد موردٍ نشط"
34870,skipped,0,0,"صفر أثرٍ قابلٍ للتوليد: لا سعر وحدةٍ لنوع المعدة في عقد العميل · لا سعر وحدةٍ لنوع المعدة في أي عقد موردٍ نشط"
34871,skipped,0,0,"صفر أثرٍ قابلٍ للتوليد: لا سعر وحدةٍ لنوع المعدة في عقد العميل · لا سعر وحدةٍ لنوع المعدة في أي عقد موردٍ نشط"
34872,skipped,0,0,"صفر أثرٍ قابلٍ للتوليد: لا سعر وحدةٍ لنوع المعدة في عقد العميل · لا سعر وحدةٍ لنوع المعدة في أي عقد موردٍ نشط"
34873,skipped,0,0,"صفر أثرٍ قابلٍ للتوليد: لا سعر وحدةٍ لنوع المعدة في عقد العميل · لا سعر وحدةٍ لنوع المعدة في أي عقد موردٍ نشط"
34874,skipped,0,0,"صفر أثرٍ قابلٍ للتوليد: لا سعر وحدةٍ لنوع المعدة في عقد العميل · لا سعر وحدةٍ لنوع المعدة في أي عقد موردٍ نشط"
34875,skipped,0,0,"صفر أثرٍ قابلٍ للتوليد: لا سعر وحدةٍ لنوع المعدة في عقد العميل · لا سعر وحدةٍ لنوع المعدة في أي عقد موردٍ نشط"
34876,skipped,0,0,"صفر أثرٍ قابلٍ للتوليد: لا سعر وحدةٍ لنوع المعدة في عقد العميل · لا سعر وحدةٍ لنوع المعدة في أي عقد موردٍ نشط"
34877,skipped,0,0,"صفر أثرٍ قابلٍ للتوليد: لا سعر وحدةٍ لنوع المعدة في عقد العميل · لا سعر وحدةٍ لنوع المعدة في أي عقد موردٍ نشط"
34878,skipped,0,0,"صفر أثرٍ قابلٍ للتوليد: لا سعر وحدةٍ لنوع المعدة في عقد العميل · لا سعر وحدةٍ لنوع المعدة في أي عقد موردٍ نشط"
34879,skipped,0,0,"صفر أثرٍ قابلٍ للتوليد: لا سعر وحدةٍ لنوع المعدة في عقد العميل · لا سعر وحدةٍ لنوع المعدة في أي عقد موردٍ نشط"
34880,skipped,0,0,"صفر أثرٍ قابلٍ للتوليد: لا سعر وحدةٍ لنوع المعدة في عقد العميل · لا سعر وحدةٍ لنوع المعدة في أي عقد موردٍ نشط"
35185,skipped,0,0,"صفر أثرٍ قابلٍ للتوليد: لا سعر وحدةٍ لنوع المعدة في عقد العميل · لا سعر وحدةٍ لنوع المعدة في أي عقد موردٍ نشط"
35186,skipped,0,0,"صفر أثرٍ قابلٍ للتوليد: لا سعر وحدةٍ لنوع المعدة في عقد العميل · لا سعر وحدةٍ لنوع المعدة في أي عقد موردٍ نشط"
35187,skipped,0,0,"صفر أثرٍ قابلٍ للتوليد: لا سعر وحدةٍ لنوع المعدة في عقد العميل · لا سعر وحدةٍ لنوع المعدة في أي عقد موردٍ نشط"
35188,skipped,0,0,"صفر أثرٍ قابلٍ للتوليد: لا سعر وحدةٍ لنوع المعدة في عقد العميل · لا سعر وحدةٍ لنوع المعدة في أي عقد موردٍ نشط"
35189,skipped,0,0,"صفر أثرٍ قابلٍ للتوليد: لا سعر وحدةٍ لنوع المعدة في عقد العميل · لا سعر وحدةٍ لنوع المعدة في أي عقد موردٍ نشط"
35190,skipped,0,0,"صفر أثرٍ قابلٍ للتوليد: لا سعر وحدةٍ لنوع المعدة في عقد العميل · لا سعر وحدةٍ لنوع المعدة في أي عقد موردٍ نشط"
35191,skipped,0,0,"صفر أثرٍ قابلٍ للتوليد: لا سعر وحدةٍ لنوع المعدة في عقد العميل · لا سعر وحدةٍ لنوع المعدة في أي عقد موردٍ نشط"
35192,skipped,0,0,"صفر أثرٍ قابلٍ للتوليد: لا سعر وحدةٍ لنوع المعدة في عقد العميل · لا سعر وحدةٍ لنوع المعدة في أي عقد موردٍ نشط"
35193,skipped,0,0,"صفر أثرٍ قابلٍ للتوليد: لا سعر وحدةٍ لنوع المعدة في عقد العميل · لا سعر وحدةٍ لنوع المعدة في أي عقد موردٍ نشط"
35194,skipped,0,0,"صفر أثرٍ قابلٍ للتوليد: لا سعر وحدةٍ لنوع المعدة في عقد العميل · لا سعر وحدةٍ لنوع المعدة في أي عقد موردٍ نشط"
35195,skipped,0,0,"صفر أثرٍ قابلٍ للتوليد: لا سعر وحدةٍ لنوع المعدة في عقد العميل · لا سعر وحدةٍ لنوع المعدة في أي عقد موردٍ نشط"
35196,skipped,0,0,"صفر أثرٍ قابلٍ للتوليد: لا سعر وحدةٍ لنوع المعدة في عقد العميل · لا سعر وحدةٍ لنوع المعدة في أي عقد موردٍ نشط"
35197,skipped,0,0,"صفر أثرٍ قابلٍ للتوليد: لا سعر وحدةٍ لنوع المعدة في عقد العميل · لا سعر وحدةٍ لنوع المعدة في أي عقد موردٍ نشط"
35198,skipped,0,0,"صفر أثرٍ قابلٍ للتوليد: لا سعر وحدةٍ لنوع المعدة في عقد العميل · لا سعر وحدةٍ لنوع المعدة في أي عقد موردٍ نشط"
35199,skipped,0,0,"صفر أثرٍ قابلٍ للتوليد: لا سعر وحدةٍ لنوع المعدة في عقد العميل · لا سعر وحدةٍ لنوع المعدة في أي عقد موردٍ نشط"
35200,skipped,0,0,"صفر أثرٍ قابلٍ للتوليد: لا سعر وحدةٍ لنوع المعدة في عقد العميل · لا سعر وحدةٍ لنوع المعدة في أي عقد موردٍ نشط"
35201,skipped,0,0,"صفر أثرٍ قابلٍ للتوليد: لا سعر وحدةٍ لنوع المعدة في عقد العميل · لا سعر وحدةٍ لنوع المعدة في أي عقد موردٍ نشط"
35202,skipped,0,0,"صفر أثرٍ قابلٍ للتوليد: لا سعر وحدةٍ لنوع المعدة في عقد العميل · لا سعر وحدةٍ لنوع المعدة في أي عقد موردٍ نشط"
35203,skipped,0,0,"صفر أثرٍ قابلٍ للتوليد: لا سعر وحدةٍ لنوع المعدة في عقد العميل · لا سعر وحدةٍ لنوع المعدة في أي عقد موردٍ نشط"
35204,skipped,0,0,"صفر أثرٍ قابلٍ للتوليد: لا سعر وحدةٍ لنوع المعدة في عقد العميل · لا سعر وحدةٍ لنوع المعدة في أي عقد موردٍ نشط"
35205,skipped,0,0,"صفر أثرٍ قابلٍ للتوليد: لا سعر وحدةٍ لنوع المعدة في عقد العميل · لا سعر وحدةٍ لنوع المعدة في أي عقد موردٍ نشط"
35206,skipped,0,0,"صفر أثرٍ قابلٍ للتوليد: لا سعر وحدةٍ لنوع المعدة في عقد العميل · لا سعر وحدةٍ لنوع المعدة في أي عقد موردٍ نشط"
35207,skipped,0,0,"صفر أثرٍ قابلٍ للتوليد: لا سعر وحدةٍ لنوع المعدة في عقد العميل · لا سعر وحدةٍ لنوع المعدة في أي عقد موردٍ نشط"
35208,skipped,0,0,"صفر أثرٍ قابلٍ للتوليد: لا سعر وحدةٍ لنوع المعدة في عقد العميل · لا سعر وحدةٍ لنوع المعدة في أي عقد موردٍ نشط"
35209,skipped,0,0,"صفر أثرٍ قابلٍ للتوليد: لا سعر وحدةٍ لنوع المعدة في عقد العميل · لا سعر وحدةٍ لنوع المعدة في أي عقد موردٍ نشط"
35210,skipped,0,0,"صفر أثرٍ قابلٍ للتوليد: لا سعر وحدةٍ لنوع المعدة في عقد العميل · لا سعر وحدةٍ لنوع المعدة في أي عقد موردٍ نشط"
35211,skipped,0,0,"صفر أثرٍ قابلٍ للتوليد: لا سعر وحدةٍ لنوع المعدة في عقد العميل · لا سعر وحدةٍ لنوع المعدة في أي عقد موردٍ نشط"
35212,skipped,0,0,"صفر أثرٍ قابلٍ للتوليد: لا سعر وحدةٍ لنوع المعدة في عقد العميل · لا سعر وحدةٍ لنوع المعدة في أي عقد موردٍ نشط"
35213,skipped,0,0,"صفر أثرٍ قابلٍ للتوليد: لا سعر وحدةٍ لنوع المعدة في عقد العميل · لا سعر وحدةٍ لنوع المعدة في أي عقد موردٍ نشط"
35214,skipped,0,0,"صفر أثرٍ قابلٍ للتوليد: لا سعر وحدةٍ لنوع المعدة في عقد العميل · لا سعر وحدةٍ لنوع المعدة في أي عقد موردٍ نشط"
35215,skipped,0,0,"صفر أثرٍ قابلٍ للتوليد: لا سعر وحدةٍ لنوع المعدة في عقد العميل · لا سعر وحدةٍ لنوع المعدة في أي عقد موردٍ نشط"
35216,skipped,0,0,"صفر أثرٍ قابلٍ للتوليد: لا سعر وحدةٍ لنوع المعدة في عقد العميل · لا سعر وحدةٍ لنوع المعدة في أي عقد موردٍ نشط"
35217,skipped,0,0,"صفر أثرٍ قابلٍ للتوليد: لا سعر وحدةٍ لنوع المعدة في عقد العميل · لا سعر وحدةٍ لنوع المعدة في أي عقد موردٍ نشط"
35218,skipped,0,0,"صفر أثرٍ قابلٍ للتوليد: لا سعر وحدةٍ لنوع المعدة في عقد العميل · لا سعر وحدةٍ لنوع المعدة في أي عقد موردٍ نشط"
35219,skipped,0,0,"صفر أثرٍ قابلٍ للتوليد: لا سعر وحدةٍ لنوع المعدة في عقد العميل · لا سعر وحدةٍ لنوع المعدة في أي عقد موردٍ نشط"
35220,skipped,0,0,"صفر أثرٍ قابلٍ للتوليد: لا سعر وحدةٍ لنوع المعدة في عقد العميل · لا سعر وحدةٍ لنوع المعدة في أي عقد موردٍ نشط"
35221,skipped,0,0,"صفر أثرٍ قابلٍ للتوليد: لا سعر وحدةٍ لنوع المعدة في عقد العميل · لا سعر وحدةٍ لنوع المعدة في أي عقد موردٍ نشط"
35222,skipped,0,0,"صفر أثرٍ قابلٍ للتوليد: لا سعر وحدةٍ لنوع المعدة في عقد العميل · لا سعر وحدةٍ لنوع المعدة في أي عقد موردٍ نشط"
35223,skipped,0,0,"صفر أثرٍ قابلٍ للتوليد: لا سعر وحدةٍ لنوع المعدة في عقد العميل · لا سعر وحدةٍ لنوع المعدة في أي عقد موردٍ نشط"
35224,skipped,0,0,"صفر أثرٍ قابلٍ للتوليد: لا سعر وحدةٍ لنوع المعدة في عقد العميل · لا سعر وحدةٍ لنوع المعدة في أي عقد موردٍ نشط"
35225,skipped,0,0,"صفر أثرٍ قابلٍ للتوليد: لا سعر وحدةٍ لنوع المعدة في عقد العميل · لا سعر وحدةٍ لنوع المعدة في أي عقد موردٍ نشط"
35226,skipped,0,0,"صفر أثرٍ قابلٍ للتوليد: لا سعر وحدةٍ لنوع المعدة في عقد العميل · لا سعر وحدةٍ لنوع المعدة في أي عقد موردٍ نشط"
35227,skipped,0,0,"صفر أثرٍ قابلٍ للتوليد: لا سعر وحدةٍ لنوع المعدة في عقد العميل · لا سعر وحدةٍ لنوع المعدة في أي عقد موردٍ نشط"
35228,skipped,0,0,"صفر أثرٍ قابلٍ للتوليد: لا سعر وحدةٍ لنوع المعدة في عقد العميل · لا سعر وحدةٍ لنوع المعدة في أي عقد موردٍ نشط"
35229,skipped,0,0,"صفر أثرٍ قابلٍ للتوليد: لا سعر وحدةٍ لنوع المعدة في عقد العميل · لا سعر وحدةٍ لنوع المعدة في أي عقد موردٍ نشط"
35230,skipped,0,0,"صفر أثرٍ قابلٍ للتوليد: لا سعر وحدةٍ لنوع المعدة في عقد العميل · لا سعر وحدةٍ لنوع المعدة في أي عقد موردٍ نشط"
35231,skipped,0,0,"صفر أثرٍ قابلٍ للتوليد: لا سعر وحدةٍ لنوع المعدة في عقد العميل · لا سعر وحدةٍ لنوع المعدة في أي عقد موردٍ نشط"
35232,skipped,0,0,"صفر أثرٍ قابلٍ للتوليد: لا سعر وحدةٍ لنوع المعدة في عقد العميل · لا سعر وحدةٍ لنوع المعدة في أي عقد موردٍ نشط"
35233,skipped,0,0,"صفر أثرٍ قابلٍ للتوليد: لا سعر وحدةٍ لنوع المعدة في عقد العميل · لا سعر وحدةٍ لنوع المعدة في أي عقد موردٍ نشط"
35234,skipped,0,0,"صفر أثرٍ قابلٍ للتوليد: لا سعر وحدةٍ لنوع المعدة في عقد العميل · لا سعر وحدةٍ لنوع المعدة في أي عقد موردٍ نشط"
35235,skipped,0,0,"صفر أثرٍ قابلٍ للتوليد: لا سعر وحدةٍ لنوع المعدة في عقد العميل · لا سعر وحدةٍ لنوع المعدة في أي عقد موردٍ نشط"
35236,skipped,0,0,"صفر أثرٍ قابلٍ للتوليد: لا سعر وحدةٍ لنوع المعدة في عقد العميل · لا سعر وحدةٍ لنوع المعدة في أي عقد موردٍ نشط"
35237,skipped,0,0,"صفر أثرٍ قابلٍ للتوليد: لا سعر وحدةٍ لنوع المعدة في عقد العميل · لا سعر وحدةٍ لنوع المعدة في أي عقد موردٍ نشط"
35238,skipped,0,0,"صفر أثرٍ قابلٍ للتوليد: لا سعر وحدةٍ لنوع المعدة في عقد العميل · لا سعر وحدةٍ لنوع المعدة في أي عقد موردٍ نشط"
35239,skipped,0,0,"صفر أثرٍ قابلٍ للتوليد: لا سعر وحدةٍ لنوع المعدة في عقد العميل · لا سعر وحدةٍ لنوع المعدة في أي عقد موردٍ نشط"
35240,skipped,0,0,"صفر أثرٍ قابلٍ للتوليد: لا سعر وحدةٍ لنوع المعدة في عقد العميل · لا سعر وحدةٍ لنوع المعدة في أي عقد موردٍ نشط"
35241,skipped,0,0,"صفر أثرٍ قابلٍ للتوليد: لا سعر وحدةٍ لنوع المعدة في عقد العميل · لا سعر وحدةٍ لنوع المعدة في أي عقد موردٍ نشط"
35242,skipped,0,0,"صفر أثرٍ قابلٍ للتوليد: لا سعر وحدةٍ لنوع المعدة في عقد العميل · لا سعر وحدةٍ لنوع المعدة في أي عقد موردٍ نشط"
35243,skipped,0,0,"صفر أثرٍ قابلٍ للتوليد: لا سعر وحدةٍ لنوع المعدة في عقد العميل · لا سعر وحدةٍ لنوع المعدة في أي عقد موردٍ نشط"
35244,skipped,0,0,"صفر أثرٍ قابلٍ للتوليد: لا سعر وحدةٍ لنوع المعدة في عقد العميل · لا سعر وحدةٍ لنوع المعدة في أي عقد موردٍ نشط"
35245,skipped,0,0,"صفر أثرٍ قابلٍ للتوليد: لا سعر وحدةٍ لنوع المعدة في عقد العميل · لا سعر وحدةٍ لنوع المعدة في أي عقد موردٍ نشط"
35658,skipped,0,0,"صفر أثرٍ قابلٍ للتوليد: لا سعر وحدةٍ لنوع المعدة في عقد العميل · لا سعر وحدةٍ لنوع المعدة في أي عقد موردٍ نشط"
35659,skipped,0,0,"صفر أثرٍ قابلٍ للتوليد: لا سعر وحدةٍ لنوع المعدة في عقد العميل · لا سعر وحدةٍ لنوع المعدة في أي عقد موردٍ نشط"
35660,skipped,0,0,"صفر أثرٍ قابلٍ للتوليد: لا سعر وحدةٍ لنوع المعدة في عقد العميل · لا سعر وحدةٍ لنوع المعدة في أي عقد موردٍ نشط"
35661,skipped,0,0,"صفر أثرٍ قابلٍ للتوليد: لا سعر وحدةٍ لنوع المعدة في عقد العميل · لا سعر وحدةٍ لنوع المعدة في أي عقد موردٍ نشط"
35662,skipped,0,0,"صفر أثرٍ قابلٍ للتوليد: لا سعر وحدةٍ لنوع المعدة في عقد العميل · لا سعر وحدةٍ لنوع المعدة في أي عقد موردٍ نشط"
35663,skipped,0,0,"صفر أثرٍ قابلٍ للتوليد: لا سعر وحدةٍ لنوع المعدة في عقد العميل · لا سعر وحدةٍ لنوع المعدة في أي عقد موردٍ نشط"
35664,skipped,0,0,"صفر أثرٍ قابلٍ للتوليد: لا سعر وحدةٍ لنوع المعدة في عقد العميل · لا سعر وحدةٍ لنوع المعدة في أي عقد موردٍ نشط"
35665,skipped,0,0,"صفر أثرٍ قابلٍ للتوليد: لا سعر وحدةٍ لنوع المعدة في عقد العميل · لا سعر وحدةٍ لنوع المعدة في أي عقد موردٍ نشط"
35666,skipped,0,0,"صفر أثرٍ قابلٍ للتوليد: لا سعر وحدةٍ لنوع المعدة في عقد العميل · لا سعر وحدةٍ لنوع المعدة في أي عقد موردٍ نشط"
35667,skipped,0,0,"صفر أثرٍ قابلٍ للتوليد: لا سعر وحدةٍ لنوع المعدة في عقد العميل · لا سعر وحدةٍ لنوع المعدة في أي عقد موردٍ نشط"
35668,skipped,0,0,"صفر أثرٍ قابلٍ للتوليد: لا سعر وحدةٍ لنوع المعدة في عقد العميل · لا سعر وحدةٍ لنوع المعدة في أي عقد موردٍ نشط"
35669,skipped,0,0,"صفر أثرٍ قابلٍ للتوليد: لا سعر وحدةٍ لنوع المعدة في عقد العميل · لا سعر وحدةٍ لنوع المعدة في أي عقد موردٍ نشط"
35670,skipped,0,0,"صفر أثرٍ قابلٍ للتوليد: لا سعر وحدةٍ لنوع المعدة في عقد العميل · لا سعر وحدةٍ لنوع المعدة في أي عقد موردٍ نشط"
35671,skipped,0,0,"صفر أثرٍ قابلٍ للتوليد: لا سعر وحدةٍ لنوع المعدة في عقد العميل · لا سعر وحدةٍ لنوع المعدة في أي عقد موردٍ نشط"
35672,skipped,0,0,"صفر أثرٍ قابلٍ للتوليد: لا سعر وحدةٍ لنوع المعدة في عقد العميل · لا سعر وحدةٍ لنوع المعدة في أي عقد موردٍ نشط"
35673,skipped,0,0,"صفر أثرٍ قابلٍ للتوليد: لا سعر وحدةٍ لنوع المعدة في عقد العميل · لا سعر وحدةٍ لنوع المعدة في أي عقد موردٍ نشط"
35674,skipped,0,0,"صفر أثرٍ قابلٍ للتوليد: لا سعر وحدةٍ لنوع المعدة في عقد العميل · لا سعر وحدةٍ لنوع المعدة في أي عقد موردٍ نشط"
35675,skipped,0,0,"صفر أثرٍ قابلٍ للتوليد: لا سعر وحدةٍ لنوع المعدة في عقد العميل · لا سعر وحدةٍ لنوع المعدة في أي عقد موردٍ نشط"
35676,skipped,0,0,"صفر أثرٍ قابلٍ للتوليد: لا سعر وحدةٍ لنوع المعدة في عقد العميل · لا سعر وحدةٍ لنوع المعدة في أي عقد موردٍ نشط"
35677,skipped,0,0,"صفر أثرٍ قابلٍ للتوليد: لا سعر وحدةٍ لنوع المعدة في عقد العميل · لا سعر وحدةٍ لنوع المعدة في أي عقد موردٍ نشط"
35678,skipped,0,0,"صفر أثرٍ قابلٍ للتوليد: لا سعر وحدةٍ لنوع المعدة في عقد العميل · لا سعر وحدةٍ لنوع المعدة في أي عقد موردٍ نشط"
35679,skipped,0,0,"صفر أثرٍ قابلٍ للتوليد: لا سعر وحدةٍ لنوع المعدة في عقد العميل · لا سعر وحدةٍ لنوع المعدة في أي عقد موردٍ نشط"
35680,skipped,0,0,"صفر أثرٍ قابلٍ للتوليد: لا سعر وحدةٍ لنوع المعدة في عقد العميل · لا سعر وحدةٍ لنوع المعدة في أي عقد موردٍ نشط"
35681,skipped,0,0,"صفر أثرٍ قابلٍ للتوليد: لا سعر وحدةٍ لنوع المعدة في عقد العميل · لا سعر وحدةٍ لنوع المعدة في أي عقد موردٍ نشط"
35682,skipped,0,0,"صفر أثرٍ قابلٍ للتوليد: لا سعر وحدةٍ لنوع المعدة في عقد العميل · لا سعر وحدةٍ لنوع المعدة في أي عقد موردٍ نشط"
35683,skipped,0,0,"صفر أثرٍ قابلٍ للتوليد: لا سعر وحدةٍ لنوع المعدة في عقد العميل · لا سعر وحدةٍ لنوع المعدة في أي عقد موردٍ نشط"
35684,skipped,0,0,"صفر أثرٍ قابلٍ للتوليد: لا سعر وحدةٍ لنوع المعدة في عقد العميل · لا سعر وحدةٍ لنوع المعدة في أي عقد موردٍ نشط"
35685,skipped,0,0,"صفر أثرٍ قابلٍ للتوليد: لا سعر وحدةٍ لنوع المعدة في عقد العميل · لا سعر وحدةٍ لنوع المعدة في أي عقد موردٍ نشط"
35686,skipped,0,0,"صفر أثرٍ قابلٍ للتوليد: لا سعر وحدةٍ لنوع المعدة في عقد العميل · لا سعر وحدةٍ لنوع المعدة في أي عقد موردٍ نشط"
35687,skipped,0,0,"صفر أثرٍ قابلٍ للتوليد: لا سعر وحدةٍ لنوع المعدة في عقد العميل · لا سعر وحدةٍ لنوع المعدة في أي عقد موردٍ نشط"
35688,skipped,0,0,"صفر أثرٍ قابلٍ للتوليد: لا سعر وحدةٍ لنوع المعدة في عقد العميل · لا سعر وحدةٍ لنوع المعدة في أي عقد موردٍ نشط"
35689,skipped,0,0,"صفر أثرٍ قابلٍ للتوليد: لا سعر وحدةٍ لنوع المعدة في عقد العميل · لا سعر وحدةٍ لنوع المعدة في أي عقد موردٍ نشط"
35690,skipped,0,0,"صفر أثرٍ قابلٍ للتوليد: لا سعر وحدةٍ لنوع المعدة في عقد العميل · لا سعر وحدةٍ لنوع المعدة في أي عقد موردٍ نشط"
35691,skipped,0,0,"صفر أثرٍ قابلٍ للتوليد: لا سعر وحدةٍ لنوع المعدة في عقد العميل · لا سعر وحدةٍ لنوع المعدة في أي عقد موردٍ نشط"
35692,skipped,0,0,"صفر أثرٍ قابلٍ للتوليد: لا سعر وحدةٍ لنوع المعدة في عقد العميل · لا سعر وحدةٍ لنوع المعدة في أي عقد موردٍ نشط"
35693,skipped,0,0,"صفر أثرٍ قابلٍ للتوليد: لا سعر وحدةٍ لنوع المعدة في عقد العميل · لا سعر وحدةٍ لنوع المعدة في أي عقد موردٍ نشط"
35694,skipped,0,0,"صفر أثرٍ قابلٍ للتوليد: لا سعر وحدةٍ لنوع المعدة في عقد العميل · لا سعر وحدةٍ لنوع المعدة في أي عقد موردٍ نشط"
35695,skipped,0,0,"صفر أثرٍ قابلٍ للتوليد: لا سعر وحدةٍ لنوع المعدة في عقد العميل · لا سعر وحدةٍ لنوع المعدة في أي عقد موردٍ نشط"
35696,skipped,0,0,"صفر أثرٍ قابلٍ للتوليد: لا سعر وحدةٍ لنوع المعدة في عقد العميل · لا سعر وحدةٍ لنوع المعدة في أي عقد موردٍ نشط"
35697,skipped,0,0,"صفر أثرٍ قابلٍ للتوليد: لا سعر وحدةٍ لنوع المعدة في عقد العميل · لا سعر وحدةٍ لنوع المعدة في أي عقد موردٍ نشط"
35698,skipped,0,0,"صفر أثرٍ قابلٍ للتوليد: لا سعر وحدةٍ لنوع المعدة في عقد العميل · لا سعر وحدةٍ لنوع المعدة في أي عقد موردٍ نشط"
35699,skipped,0,0,"صفر أثرٍ قابلٍ للتوليد: لا سعر وحدةٍ لنوع المعدة في عقد العميل · لا سعر وحدةٍ لنوع المعدة في أي عقد موردٍ نشط"
35700,skipped,0,0,"صفر أثرٍ قابلٍ للتوليد: لا سعر وحدةٍ لنوع المعدة في عقد العميل · لا سعر وحدةٍ لنوع المعدة في أي عقد موردٍ نشط"
35701,skipped,0,0,"صفر أثرٍ قابلٍ للتوليد: لا سعر وحدةٍ لنوع المعدة في عقد العميل · لا سعر وحدةٍ لنوع المعدة في أي عقد موردٍ نشط"
35702,skipped,0,0,"صفر أثرٍ قابلٍ للتوليد: لا سعر وحدةٍ لنوع المعدة في عقد العميل · لا سعر وحدةٍ لنوع المعدة في أي عقد موردٍ نشط"
35703,skipped,0,0,"صفر أثرٍ قابلٍ للتوليد: لا سعر وحدةٍ لنوع المعدة في عقد العميل · لا سعر وحدةٍ لنوع المعدة في أي عقد موردٍ نشط"
35704,skipped,0,0,"صفر أثرٍ قابلٍ للتوليد: لا سعر وحدةٍ لنوع المعدة في عقد العميل · لا سعر وحدةٍ لنوع المعدة في أي عقد موردٍ نشط"
35705,skipped,0,0,"صفر أثرٍ قابلٍ للتوليد: لا سعر وحدةٍ لنوع المعدة في عقد العميل · لا سعر وحدةٍ لنوع المعدة في أي عقد موردٍ نشط"
35706,skipped,0,0,"صفر أثرٍ قابلٍ للتوليد: لا سعر وحدةٍ لنوع المعدة في عقد العميل · لا سعر وحدةٍ لنوع المعدة في أي عقد موردٍ نشط"
35707,skipped,0,0,"صفر أثرٍ قابلٍ للتوليد: لا سعر وحدةٍ لنوع المعدة في عقد العميل · لا سعر وحدةٍ لنوع المعدة في أي عقد موردٍ نشط"
35708,skipped,0,0,"صفر أثرٍ قابلٍ للتوليد: لا سعر وحدةٍ لنوع المعدة في عقد العميل · لا سعر وحدةٍ لنوع المعدة في أي عقد موردٍ نشط"
35709,skipped,0,0,"صفر أثرٍ قابلٍ للتوليد: لا سعر وحدةٍ لنوع المعدة في عقد العميل · لا سعر وحدةٍ لنوع المعدة في أي عقد موردٍ نشط"
35710,skipped,0,0,"صفر أثرٍ قابلٍ للتوليد: لا سعر وحدةٍ لنوع المعدة في عقد العميل · لا سعر وحدةٍ لنوع المعدة في أي عقد موردٍ نشط"
35711,skipped,0,0,"صفر أثرٍ قابلٍ للتوليد: لا سعر وحدةٍ لنوع المعدة في عقد العميل · لا سعر وحدةٍ لنوع المعدة في أي عقد موردٍ نشط"
35712,skipped,0,0,"صفر أثرٍ قابلٍ للتوليد: لا سعر وحدةٍ لنوع المعدة في عقد العميل · لا سعر وحدةٍ لنوع المعدة في أي عقد موردٍ نشط"
35713,skipped,0,0,"صفر أثرٍ قابلٍ للتوليد: لا سعر وحدةٍ لنوع المعدة في عقد العميل · لا سعر وحدةٍ لنوع المعدة في أي عقد موردٍ نشط"
35714,skipped,0,0,"صفر أثرٍ قابلٍ للتوليد: لا سعر وحدةٍ لنوع المعدة في عقد العميل · لا سعر وحدةٍ لنوع المعدة في أي عقد موردٍ نشط"
35715,skipped,0,0,"صفر أثرٍ قابلٍ للتوليد: لا سعر وحدةٍ لنوع المعدة في عقد العميل · لا سعر وحدةٍ لنوع المعدة في أي عقد موردٍ نشط"
35716,skipped,0,0,"صفر أثرٍ قابلٍ للتوليد: لا سعر وحدةٍ لنوع المعدة في عقد العميل · لا سعر وحدةٍ لنوع المعدة في أي عقد موردٍ نشط"
35717,skipped,0,0,"صفر أثرٍ قابلٍ للتوليد: لا سعر وحدةٍ لنوع المعدة في عقد العميل · لا سعر وحدةٍ لنوع المعدة في أي عقد موردٍ نشط"
35718,skipped,0,0,"صفر أثرٍ قابلٍ للتوليد: لا سعر وحدةٍ لنوع المعدة في عقد العميل · لا سعر وحدةٍ لنوع المعدة في أي عقد موردٍ نشط"
36520,skipped,0,0,"صفر أثرٍ قابلٍ للتوليد: لا سعر وحدةٍ لنوع المعدة في عقد العميل · لا سعر وحدةٍ لنوع المعدة في أي عقد موردٍ نشط"
36521,skipped,0,0,"صفر أثرٍ قابلٍ للتوليد: لا سعر وحدةٍ لنوع المعدة في عقد العميل · لا سعر وحدةٍ لنوع المعدة في أي عقد موردٍ نشط"
36522,skipped,0,0,"صفر أثرٍ قابلٍ للتوليد: لا سعر وحدةٍ لنوع المعدة في عقد العميل · لا سعر وحدةٍ لنوع المعدة في أي عقد موردٍ نشط"
36523,skipped,0,0,"صفر أثرٍ قابلٍ للتوليد: لا سعر وحدةٍ لنوع المعدة في عقد العميل · لا سعر وحدةٍ لنوع المعدة في أي عقد موردٍ نشط"
36524,skipped,0,0,"صفر أثرٍ قابلٍ للتوليد: لا سعر وحدةٍ لنوع المعدة في عقد العميل · لا سعر وحدةٍ لنوع المعدة في أي عقد موردٍ نشط"
36525,skipped,0,0,"صفر أثرٍ قابلٍ للتوليد: لا سعر وحدةٍ لنوع المعدة في عقد العميل · لا سعر وحدةٍ لنوع المعدة في أي عقد موردٍ نشط"
36526,skipped,0,0,"صفر أثرٍ قابلٍ للتوليد: لا سعر وحدةٍ لنوع المعدة في عقد العميل · لا سعر وحدةٍ لنوع المعدة في أي عقد موردٍ نشط"
36527,skipped,0,0,"صفر أثرٍ قابلٍ للتوليد: لا سعر وحدةٍ لنوع المعدة في عقد العميل · لا سعر وحدةٍ لنوع المعدة في أي عقد موردٍ نشط"
36528,skipped,0,0,"صفر أثرٍ قابلٍ للتوليد: لا سعر وحدةٍ لنوع المعدة في عقد العميل · لا سعر وحدةٍ لنوع المعدة في أي عقد موردٍ نشط"
36529,skipped,0,0,"صفر أثرٍ قابلٍ للتوليد: لا سعر وحدةٍ لنوع المعدة في عقد العميل · لا سعر وحدةٍ لنوع المعدة في أي عقد موردٍ نشط"
36530,skipped,0,0,"صفر أثرٍ قابلٍ للتوليد: لا سعر وحدةٍ لنوع المعدة في عقد العميل · لا سعر وحدةٍ لنوع المعدة في أي عقد موردٍ نشط"
36531,skipped,0,0,"صفر أثرٍ قابلٍ للتوليد: لا سعر وحدةٍ لنوع المعدة في عقد العميل · لا سعر وحدةٍ لنوع المعدة في أي عقد موردٍ نشط"
36532,skipped,0,0,"صفر أثرٍ قابلٍ للتوليد: لا سعر وحدةٍ لنوع المعدة في عقد العميل · لا سعر وحدةٍ لنوع المعدة في أي عقد موردٍ نشط"
36533,skipped,0,0,"صفر أثرٍ قابلٍ للتوليد: لا سعر وحدةٍ لنوع المعدة في عقد العميل · لا سعر وحدةٍ لنوع المعدة في أي عقد موردٍ نشط"
36534,skipped,0,0,"صفر أثرٍ قابلٍ للتوليد: لا سعر وحدةٍ لنوع المعدة في عقد العميل · لا سعر وحدةٍ لنوع المعدة في أي عقد موردٍ نشط"
36535,skipped,0,0,"صفر أثرٍ قابلٍ للتوليد: لا سعر وحدةٍ لنوع المعدة في عقد العميل · لا سعر وحدةٍ لنوع المعدة في أي عقد موردٍ نشط"
36536,skipped,0,0,"صفر أثرٍ قابلٍ للتوليد: لا سعر وحدةٍ لنوع المعدة في عقد العميل · لا سعر وحدةٍ لنوع المعدة في أي عقد موردٍ نشط"
36537,skipped,0,0,"صفر أثرٍ قابلٍ للتوليد: لا سعر وحدةٍ لنوع المعدة في عقد العميل · لا سعر وحدةٍ لنوع المعدة في أي عقد موردٍ نشط"
36538,skipped,0,0,"صفر أثرٍ قابلٍ للتوليد: لا سعر وحدةٍ لنوع المعدة في عقد العميل · لا سعر وحدةٍ لنوع المعدة في أي عقد موردٍ نشط"
36539,skipped,0,0,"صفر أثرٍ قابلٍ للتوليد: لا سعر وحدةٍ لنوع المعدة في عقد العميل · لا سعر وحدةٍ لنوع المعدة في أي عقد موردٍ نشط"
36540,skipped,0,0,"صفر أثرٍ قابلٍ للتوليد: لا سعر وحدةٍ لنوع المعدة في عقد العميل · لا سعر وحدةٍ لنوع المعدة في أي عقد موردٍ نشط"
36541,skipped,0,0,"صفر أثرٍ قابلٍ للتوليد: لا سعر وحدةٍ لنوع المعدة في عقد العميل · لا سعر وحدةٍ لنوع المعدة في أي عقد موردٍ نشط"
36542,skipped,0,0,"صفر أثرٍ قابلٍ للتوليد: لا سعر وحدةٍ لنوع المعدة في عقد العميل · لا سعر وحدةٍ لنوع المعدة في أي عقد موردٍ نشط"
36543,skipped,0,0,"صفر أثرٍ قابلٍ للتوليد: لا سعر وحدةٍ لنوع المعدة في عقد العميل · لا سعر وحدةٍ لنوع المعدة في أي عقد موردٍ نشط"
36544,skipped,0,0,"صفر أثرٍ قابلٍ للتوليد: لا سعر وحدةٍ لنوع المعدة في عقد العميل · لا سعر وحدةٍ لنوع المعدة في أي عقد موردٍ نشط"
36545,skipped,0,0,"صفر أثرٍ قابلٍ للتوليد: لا سعر وحدةٍ لنوع المعدة في عقد العميل · لا سعر وحدةٍ لنوع المعدة في أي عقد موردٍ نشط"
36546,skipped,0,0,"صفر أثرٍ قابلٍ للتوليد: لا سعر وحدةٍ لنوع المعدة في عقد العميل · لا سعر وحدةٍ لنوع المعدة في أي عقد موردٍ نشط"
36547,skipped,0,0,"صفر أثرٍ قابلٍ للتوليد: لا سعر وحدةٍ لنوع المعدة في عقد العميل · لا سعر وحدةٍ لنوع المعدة في أي عقد موردٍ نشط"
36548,skipped,0,0,"صفر أثرٍ قابلٍ للتوليد: لا سعر وحدةٍ لنوع المعدة في عقد العميل · لا سعر وحدةٍ لنوع المعدة في أي عقد موردٍ نشط"
36549,skipped,0,0,"صفر أثرٍ قابلٍ للتوليد: لا سعر وحدةٍ لنوع المعدة في عقد العميل · لا سعر وحدةٍ لنوع المعدة في أي عقد موردٍ نشط"
36550,skipped,0,0,"صفر أثرٍ قابلٍ للتوليد: لا سعر وحدةٍ لنوع المعدة في عقد العميل · لا سعر وحدةٍ لنوع المعدة في أي عقد موردٍ نشط"
36551,skipped,0,0,"صفر أثرٍ قابلٍ للتوليد: لا سعر وحدةٍ لنوع المعدة في عقد العميل · لا سعر وحدةٍ لنوع المعدة في أي عقد موردٍ نشط"
36552,skipped,0,0,"صفر أثرٍ قابلٍ للتوليد: لا سعر وحدةٍ لنوع المعدة في عقد العميل · لا سعر وحدةٍ لنوع المعدة في أي عقد موردٍ نشط"
36553,skipped,0,0,"صفر أثرٍ قابلٍ للتوليد: لا سعر وحدةٍ لنوع المعدة في عقد العميل · لا سعر وحدةٍ لنوع المعدة في أي عقد موردٍ نشط"
36554,skipped,0,0,"صفر أثرٍ قابلٍ للتوليد: لا سعر وحدةٍ لنوع المعدة في عقد العميل · لا سعر وحدةٍ لنوع المعدة في أي عقد موردٍ نشط"
36555,skipped,0,0,"صفر أثرٍ قابلٍ للتوليد: لا سعر وحدةٍ لنوع المعدة في عقد العميل · لا سعر وحدةٍ لنوع المعدة في أي عقد موردٍ نشط"
36556,skipped,0,0,"صفر أثرٍ قابلٍ للتوليد: لا سعر وحدةٍ لنوع المعدة في عقد العميل · لا سعر وحدةٍ لنوع المعدة في أي عقد موردٍ نشط"
36557,skipped,0,0,"صفر أثرٍ قابلٍ للتوليد: لا سعر وحدةٍ لنوع المعدة في عقد العميل · لا سعر وحدةٍ لنوع المعدة في أي عقد موردٍ نشط"
36558,skipped,0,0,"صفر أثرٍ قابلٍ للتوليد: لا سعر وحدةٍ لنوع المعدة في عقد العميل · لا سعر وحدةٍ لنوع المعدة في أي عقد موردٍ نشط"
36559,skipped,0,0,"صفر أثرٍ قابلٍ للتوليد: لا سعر وحدةٍ لنوع المعدة في عقد العميل · لا سعر وحدةٍ لنوع المعدة في أي عقد موردٍ نشط"
36560,skipped,0,0,"صفر أثرٍ قابلٍ للتوليد: لا سعر وحدةٍ لنوع المعدة في عقد العميل · لا سعر وحدةٍ لنوع المعدة في أي عقد موردٍ نشط"
36561,skipped,0,0,"صفر أثرٍ قابلٍ للتوليد: لا سعر وحدةٍ لنوع المعدة في عقد العميل · لا سعر وحدةٍ لنوع المعدة في أي عقد موردٍ نشط"
36562,skipped,0,0,"صفر أثرٍ قابلٍ للتوليد: لا سعر وحدةٍ لنوع المعدة في عقد العميل · لا سعر وحدةٍ لنوع المعدة في أي عقد موردٍ نشط"
36563,skipped,0,0,"صفر أثرٍ قابلٍ للتوليد: لا سعر وحدةٍ لنوع المعدة في عقد العميل · لا سعر وحدةٍ لنوع المعدة في أي عقد موردٍ نشط"
36564,skipped,0,0,"صفر أثرٍ قابلٍ للتوليد: لا سعر وحدةٍ لنوع المعدة في عقد العميل · لا سعر وحدةٍ لنوع المعدة في أي عقد موردٍ نشط"
36565,skipped,0,0,"صفر أثرٍ قابلٍ للتوليد: لا سعر وحدةٍ لنوع المعدة في عقد العميل · لا سعر وحدةٍ لنوع المعدة في أي عقد موردٍ نشط"
36566,skipped,0,0,"صفر أثرٍ قابلٍ للتوليد: لا سعر وحدةٍ لنوع المعدة في عقد العميل · لا سعر وحدةٍ لنوع المعدة في أي عقد موردٍ نشط"
36567,skipped,0,0,"صفر أثرٍ قابلٍ للتوليد: لا سعر وحدةٍ لنوع المعدة في عقد العميل · لا سعر وحدةٍ لنوع المعدة في أي عقد موردٍ نشط"
36568,skipped,0,0,"صفر أثرٍ قابلٍ للتوليد: لا سعر وحدةٍ لنوع المعدة في عقد العميل · لا سعر وحدةٍ لنوع المعدة في أي عقد موردٍ نشط"
36569,skipped,0,0,"صفر أثرٍ قابلٍ للتوليد: لا سعر وحدةٍ لنوع المعدة في عقد العميل · لا سعر وحدةٍ لنوع المعدة في أي عقد موردٍ نشط"
36570,skipped,0,0,"صفر أثرٍ قابلٍ للتوليد: لا سعر وحدةٍ لنوع المعدة في عقد العميل · لا سعر وحدةٍ لنوع المعدة في أي عقد موردٍ نشط"
36571,skipped,0,0,"صفر أثرٍ قابلٍ للتوليد: لا سعر وحدةٍ لنوع المعدة في عقد العميل · لا سعر وحدةٍ لنوع المعدة في أي عقد موردٍ نشط"
36572,skipped,0,0,"صفر أثرٍ قابلٍ للتوليد: لا سعر وحدةٍ لنوع المعدة في عقد العميل · لا سعر وحدةٍ لنوع المعدة في أي عقد موردٍ نشط"
36573,skipped,0,0,"صفر أثرٍ قابلٍ للتوليد: لا سعر وحدةٍ لنوع المعدة في عقد العميل · لا سعر وحدةٍ لنوع المعدة في أي عقد موردٍ نشط"
36574,skipped,0,0,"صفر أثرٍ قابلٍ للتوليد: لا سعر وحدةٍ لنوع المعدة في عقد العميل · لا سعر وحدةٍ لنوع المعدة في أي عقد موردٍ نشط"
36575,skipped,0,0,"صفر أثرٍ قابلٍ للتوليد: لا سعر وحدةٍ لنوع المعدة في عقد العميل · لا سعر وحدةٍ لنوع المعدة في أي عقد موردٍ نشط"
36576,skipped,0,0,"صفر أثرٍ قابلٍ للتوليد: لا سعر وحدةٍ لنوع المعدة في عقد العميل · لا سعر وحدةٍ لنوع المعدة في أي عقد موردٍ نشط"
36577,skipped,0,0,"صفر أثرٍ قابلٍ للتوليد: لا سعر وحدةٍ لنوع المعدة في عقد العميل · لا سعر وحدةٍ لنوع المعدة في أي عقد موردٍ نشط"
36578,skipped,0,0,"صفر أثرٍ قابلٍ للتوليد: لا سعر وحدةٍ لنوع المعدة في عقد العميل · لا سعر وحدةٍ لنوع المعدة في أي عقد موردٍ نشط"
36579,skipped,0,0,"صفر أثرٍ قابلٍ للتوليد: لا سعر وحدةٍ لنوع المعدة في عقد العميل · لا سعر وحدةٍ لنوع المعدة في أي عقد موردٍ نشط"
36580,skipped,0,0,"صفر أثرٍ قابلٍ للتوليد: لا سعر وحدةٍ لنوع المعدة في عقد العميل · لا سعر وحدةٍ لنوع المعدة في أي عقد موردٍ نشط"
36942,skipped,0,0,"صفر أثرٍ قابلٍ للتوليد: لا سعر وحدةٍ لنوع المعدة في عقد العميل · لا سعر وحدةٍ لنوع المعدة في أي عقد موردٍ نشط"
36943,skipped,0,0,"صفر أثرٍ قابلٍ للتوليد: لا سعر وحدةٍ لنوع المعدة في عقد العميل · لا سعر وحدةٍ لنوع المعدة في أي عقد موردٍ نشط"
36944,skipped,0,0,"صفر أثرٍ قابلٍ للتوليد: لا سعر وحدةٍ لنوع المعدة في عقد العميل · لا سعر وحدةٍ لنوع المعدة في أي عقد موردٍ نشط"
36945,skipped,0,0,"صفر أثرٍ قابلٍ للتوليد: لا سعر وحدةٍ لنوع المعدة في عقد العميل · لا سعر وحدةٍ لنوع المعدة في أي عقد موردٍ نشط"
36946,skipped,0,0,"صفر أثرٍ قابلٍ للتوليد: لا سعر وحدةٍ لنوع المعدة في عقد العميل · لا سعر وحدةٍ لنوع المعدة في أي عقد موردٍ نشط"
36947,skipped,0,0,"صفر أثرٍ قابلٍ للتوليد: لا سعر وحدةٍ لنوع المعدة في عقد العميل · لا سعر وحدةٍ لنوع المعدة في أي عقد موردٍ نشط"
36948,skipped,0,0,"صفر أثرٍ قابلٍ للتوليد: لا سعر وحدةٍ لنوع المعدة في عقد العميل · لا سعر وحدةٍ لنوع المعدة في أي عقد موردٍ نشط"
36949,skipped,0,0,"صفر أثرٍ قابلٍ للتوليد: لا سعر وحدةٍ لنوع المعدة في عقد العميل · لا سعر وحدةٍ لنوع المعدة في أي عقد موردٍ نشط"
36950,skipped,0,0,"صفر أثرٍ قابلٍ للتوليد: لا سعر وحدةٍ لنوع المعدة في عقد العميل · لا سعر وحدةٍ لنوع المعدة في أي عقد موردٍ نشط"
36951,skipped,0,0,"صفر أثرٍ قابلٍ للتوليد: لا سعر وحدةٍ لنوع المعدة في عقد العميل · لا سعر وحدةٍ لنوع المعدة في أي عقد موردٍ نشط"
36952,skipped,0,0,"صفر أثرٍ قابلٍ للتوليد: لا سعر وحدةٍ لنوع المعدة في عقد العميل · لا سعر وحدةٍ لنوع المعدة في أي عقد موردٍ نشط"
36953,skipped,0,0,"صفر أثرٍ قابلٍ للتوليد: لا سعر وحدةٍ لنوع المعدة في عقد العميل · لا سعر وحدةٍ لنوع المعدة في أي عقد موردٍ نشط"
36954,skipped,0,0,"صفر أثرٍ قابلٍ للتوليد: لا سعر وحدةٍ لنوع المعدة في عقد العميل · لا سعر وحدةٍ لنوع المعدة في أي عقد موردٍ نشط"
36955,skipped,0,0,"صفر أثرٍ قابلٍ للتوليد: لا سعر وحدةٍ لنوع المعدة في عقد العميل · لا سعر وحدةٍ لنوع المعدة في أي عقد موردٍ نشط"
36956,skipped,0,0,"صفر أثرٍ قابلٍ للتوليد: لا سعر وحدةٍ لنوع المعدة في عقد العميل · لا سعر وحدةٍ لنوع المعدة في أي عقد موردٍ نشط"
36957,skipped,0,0,"صفر أثرٍ قابلٍ للتوليد: لا سعر وحدةٍ لنوع المعدة في عقد العميل · لا سعر وحدةٍ لنوع المعدة في أي عقد موردٍ نشط"
36958,skipped,0,0,"صفر أثرٍ قابلٍ للتوليد: لا سعر وحدةٍ لنوع المعدة في عقد العميل · لا سعر وحدةٍ لنوع المعدة في أي عقد موردٍ نشط"
36959,skipped,0,0,"صفر أثرٍ قابلٍ للتوليد: لا سعر وحدةٍ لنوع المعدة في عقد العميل · لا سعر وحدةٍ لنوع المعدة في أي عقد موردٍ نشط"
36960,skipped,0,0,"صفر أثرٍ قابلٍ للتوليد: لا سعر وحدةٍ لنوع المعدة في عقد العميل · لا سعر وحدةٍ لنوع المعدة في أي عقد موردٍ نشط"
36961,skipped,0,0,"صفر أثرٍ قابلٍ للتوليد: لا سعر وحدةٍ لنوع المعدة في عقد العميل · لا سعر وحدةٍ لنوع المعدة في أي عقد موردٍ نشط"
36962,skipped,0,0,"صفر أثرٍ قابلٍ للتوليد: لا سعر وحدةٍ لنوع المعدة في عقد العميل · لا سعر وحدةٍ لنوع المعدة في أي عقد موردٍ نشط"
36963,skipped,0,0,"صفر أثرٍ قابلٍ للتوليد: لا سعر وحدةٍ لنوع المعدة في عقد العميل · لا سعر وحدةٍ لنوع المعدة في أي عقد موردٍ نشط"
36964,skipped,0,0,"صفر أثرٍ قابلٍ للتوليد: لا سعر وحدةٍ لنوع المعدة في عقد العميل · لا سعر وحدةٍ لنوع المعدة في أي عقد موردٍ نشط"
36965,skipped,0,0,"صفر أثرٍ قابلٍ للتوليد: لا سعر وحدةٍ لنوع المعدة في عقد العميل · لا سعر وحدةٍ لنوع المعدة في أي عقد موردٍ نشط"
36966,skipped,0,0,"صفر أثرٍ قابلٍ للتوليد: لا سعر وحدةٍ لنوع المعدة في عقد العميل · لا سعر وحدةٍ لنوع المعدة في أي عقد موردٍ نشط"
36967,skipped,0,0,"صفر أثرٍ قابلٍ للتوليد: لا سعر وحدةٍ لنوع المعدة في عقد العميل · لا سعر وحدةٍ لنوع المعدة في أي عقد موردٍ نشط"
36968,skipped,0,0,"صفر أثرٍ قابلٍ للتوليد: لا سعر وحدةٍ لنوع المعدة في عقد العميل · لا سعر وحدةٍ لنوع المعدة في أي عقد موردٍ نشط"
36969,skipped,0,0,"صفر أثرٍ قابلٍ للتوليد: لا سعر وحدةٍ لنوع المعدة في عقد العميل · لا سعر وحدةٍ لنوع المعدة في أي عقد موردٍ نشط"
36970,skipped,0,0,"صفر أثرٍ قابلٍ للتوليد: لا سعر وحدةٍ لنوع المعدة في عقد العميل · لا سعر وحدةٍ لنوع المعدة في أي عقد موردٍ نشط"
36971,skipped,0,0,"صفر أثرٍ قابلٍ للتوليد: لا سعر وحدةٍ لنوع المعدة في عقد العميل · لا سعر وحدةٍ لنوع المعدة في أي عقد موردٍ نشط"
36972,skipped,0,0,"صفر أثرٍ قابلٍ للتوليد: لا سعر وحدةٍ لنوع المعدة في عقد العميل · لا سعر وحدةٍ لنوع المعدة في أي عقد موردٍ نشط"
36973,skipped,0,0,"صفر أثرٍ قابلٍ للتوليد: لا سعر وحدةٍ لنوع المعدة في عقد العميل · لا سعر وحدةٍ لنوع المعدة في أي عقد موردٍ نشط"
36974,skipped,0,0,"صفر أثرٍ قابلٍ للتوليد: لا سعر وحدةٍ لنوع المعدة في عقد العميل · لا سعر وحدةٍ لنوع المعدة في أي عقد موردٍ نشط"
36975,skipped,0,0,"صفر أثرٍ قابلٍ للتوليد: لا سعر وحدةٍ لنوع المعدة في عقد العميل · لا سعر وحدةٍ لنوع المعدة في أي عقد موردٍ نشط"
36976,skipped,0,0,"صفر أثرٍ قابلٍ للتوليد: لا سعر وحدةٍ لنوع المعدة في عقد العميل · لا سعر وحدةٍ لنوع المعدة في أي عقد موردٍ نشط"
36977,skipped,0,0,"صفر أثرٍ قابلٍ للتوليد: لا سعر وحدةٍ لنوع المعدة في عقد العميل · لا سعر وحدةٍ لنوع المعدة في أي عقد موردٍ نشط"
36978,skipped,0,0,"صفر أثرٍ قابلٍ للتوليد: لا سعر وحدةٍ لنوع المعدة في عقد العميل · لا سعر وحدةٍ لنوع المعدة في أي عقد موردٍ نشط"
36979,skipped,0,0,"صفر أثرٍ قابلٍ للتوليد: لا سعر وحدةٍ لنوع المعدة في عقد العميل · لا سعر وحدةٍ لنوع المعدة في أي عقد موردٍ نشط"
36980,skipped,0,0,"صفر أثرٍ قابلٍ للتوليد: لا سعر وحدةٍ لنوع المعدة في عقد العميل · لا سعر وحدةٍ لنوع المعدة في أي عقد موردٍ نشط"
36981,skipped,0,0,"صفر أثرٍ قابلٍ للتوليد: لا سعر وحدةٍ لنوع المعدة في عقد العميل · لا سعر وحدةٍ لنوع المعدة في أي عقد موردٍ نشط"
36982,skipped,0,0,"صفر أثرٍ قابلٍ للتوليد: لا سعر وحدةٍ لنوع المعدة في عقد العميل · لا سعر وحدةٍ لنوع المعدة في أي عقد موردٍ نشط"
36983,skipped,0,0,"صفر أثرٍ قابلٍ للتوليد: لا سعر وحدةٍ لنوع المعدة في عقد العميل · لا سعر وحدةٍ لنوع المعدة في أي عقد موردٍ نشط"
36984,skipped,0,0,"صفر أثرٍ قابلٍ للتوليد: لا سعر وحدةٍ لنوع المعدة في عقد العميل · لا سعر وحدةٍ لنوع المعدة في أي عقد موردٍ نشط"
36985,skipped,0,0,"صفر أثرٍ قابلٍ للتوليد: لا سعر وحدةٍ لنوع المعدة في عقد العميل · لا سعر وحدةٍ لنوع المعدة في أي عقد موردٍ نشط"
36986,skipped,0,0,"صفر أثرٍ قابلٍ للتوليد: لا سعر وحدةٍ لنوع المعدة في عقد العميل · لا سعر وحدةٍ لنوع المعدة في أي عقد موردٍ نشط"
36987,skipped,0,0,"صفر أثرٍ قابلٍ للتوليد: لا سعر وحدةٍ لنوع المعدة في عقد العميل · لا سعر وحدةٍ لنوع المعدة في أي عقد موردٍ نشط"
36988,skipped,0,0,"صفر أثرٍ قابلٍ للتوليد: لا سعر وحدةٍ لنوع المعدة في عقد العميل · لا سعر وحدةٍ لنوع المعدة في أي عقد موردٍ نشط"
36989,skipped,0,0,"صفر أثرٍ قابلٍ للتوليد: لا سعر وحدةٍ لنوع المعدة في عقد العميل · لا سعر وحدةٍ لنوع المعدة في أي عقد موردٍ نشط"
36990,skipped,0,0,"صفر أثرٍ قابلٍ للتوليد: لا سعر وحدةٍ لنوع المعدة في عقد العميل · لا سعر وحدةٍ لنوع المعدة في أي عقد موردٍ نشط"
36991,skipped,0,0,"صفر أثرٍ قابلٍ للتوليد: لا سعر وحدةٍ لنوع المعدة في عقد العميل · لا سعر وحدةٍ لنوع المعدة في أي عقد موردٍ نشط"
36992,skipped,0,0,"صفر أثرٍ قابلٍ للتوليد: لا سعر وحدةٍ لنوع المعدة في عقد العميل · لا سعر وحدةٍ لنوع المعدة في أي عقد موردٍ نشط"
36993,skipped,0,0,"صفر أثرٍ قابلٍ للتوليد: لا سعر وحدةٍ لنوع المعدة في عقد العميل · لا سعر وحدةٍ لنوع المعدة في أي عقد موردٍ نشط"
36994,skipped,0,0,"صفر أثرٍ قابلٍ للتوليد: لا سعر وحدةٍ لنوع المعدة في عقد العميل · لا سعر وحدةٍ لنوع المعدة في أي عقد موردٍ نشط"
36995,skipped,0,0,"صفر أثرٍ قابلٍ للتوليد: لا سعر وحدةٍ لنوع المعدة في عقد العميل · لا سعر وحدةٍ لنوع المعدة في أي عقد موردٍ نشط"
36996,skipped,0,0,"صفر أثرٍ قابلٍ للتوليد: لا سعر وحدةٍ لنوع المعدة في عقد العميل · لا سعر وحدةٍ لنوع المعدة في أي عقد موردٍ نشط"
36997,skipped,0,0,"صفر أثرٍ قابلٍ للتوليد: لا سعر وحدةٍ لنوع المعدة في عقد العميل · لا سعر وحدةٍ لنوع المعدة في أي عقد موردٍ نشط"
36998,skipped,0,0,"صفر أثرٍ قابلٍ للتوليد: لا سعر وحدةٍ لنوع المعدة في عقد العميل · لا سعر وحدةٍ لنوع المعدة في أي عقد موردٍ نشط"
36999,skipped,0,0,"صفر أثرٍ قابلٍ للتوليد: لا سعر وحدةٍ لنوع المعدة في عقد العميل · لا سعر وحدةٍ لنوع المعدة في أي عقد موردٍ نشط"
37000,skipped,0,0,"صفر أثرٍ قابلٍ للتوليد: لا سعر وحدةٍ لنوع المعدة في عقد العميل · لا سعر وحدةٍ لنوع المعدة في أي عقد موردٍ نشط"
37001,skipped,0,0,"صفر أثرٍ قابلٍ للتوليد: لا سعر وحدةٍ لنوع المعدة في عقد العميل · لا سعر وحدةٍ لنوع المعدة في أي عقد موردٍ نشط"
37002,skipped,0,0,"صفر أثرٍ قابلٍ للتوليد: لا سعر وحدةٍ لنوع المعدة في عقد العميل · لا سعر وحدةٍ لنوع المعدة في أي عقد موردٍ نشط"
37276,skipped,0,0,"صفر أثرٍ قابلٍ للتوليد: لا سعر وحدةٍ لنوع المعدة في عقد العميل · لا سعر وحدةٍ لنوع المعدة في أي عقد موردٍ نشط"
37277,skipped,0,0,"صفر أثرٍ قابلٍ للتوليد: لا سعر وحدةٍ لنوع المعدة في عقد العميل · لا سعر وحدةٍ لنوع المعدة في أي عقد موردٍ نشط"
37278,skipped,0,0,"صفر أثرٍ قابلٍ للتوليد: لا سعر وحدةٍ لنوع المعدة في عقد العميل · لا سعر وحدةٍ لنوع المعدة في أي عقد موردٍ نشط"
37279,skipped,0,0,"صفر أثرٍ قابلٍ للتوليد: لا سعر وحدةٍ لنوع المعدة في عقد العميل · لا سعر وحدةٍ لنوع المعدة في أي عقد موردٍ نشط"
37280,skipped,0,0,"صفر أثرٍ قابلٍ للتوليد: لا سعر وحدةٍ لنوع المعدة في عقد العميل · لا سعر وحدةٍ لنوع المعدة في أي عقد موردٍ نشط"
37281,skipped,0,0,"صفر أثرٍ قابلٍ للتوليد: لا سعر وحدةٍ لنوع المعدة في عقد العميل · لا سعر وحدةٍ لنوع المعدة في أي عقد موردٍ نشط"
37282,skipped,0,0,"صفر أثرٍ قابلٍ للتوليد: لا سعر وحدةٍ لنوع المعدة في عقد العميل · لا سعر وحدةٍ لنوع المعدة في أي عقد موردٍ نشط"
37283,skipped,0,0,"صفر أثرٍ قابلٍ للتوليد: لا سعر وحدةٍ لنوع المعدة في عقد العميل · لا سعر وحدةٍ لنوع المعدة في أي عقد موردٍ نشط"
37284,skipped,0,0,"صفر أثرٍ قابلٍ للتوليد: لا سعر وحدةٍ لنوع المعدة في عقد العميل · لا سعر وحدةٍ لنوع المعدة في أي عقد موردٍ نشط"
37285,skipped,0,0,"صفر أثرٍ قابلٍ للتوليد: لا سعر وحدةٍ لنوع المعدة في عقد العميل · لا سعر وحدةٍ لنوع المعدة في أي عقد موردٍ نشط"
37286,skipped,0,0,"صفر أثرٍ قابلٍ للتوليد: لا سعر وحدةٍ لنوع المعدة في عقد العميل · لا سعر وحدةٍ لنوع المعدة في أي عقد موردٍ نشط"
37287,skipped,0,0,"صفر أثرٍ قابلٍ للتوليد: لا سعر وحدةٍ لنوع المعدة في عقد العميل · لا سعر وحدةٍ لنوع المعدة في أي عقد موردٍ نشط"
37288,skipped,0,0,"صفر أثرٍ قابلٍ للتوليد: لا سعر وحدةٍ لنوع المعدة في عقد العميل · لا سعر وحدةٍ لنوع المعدة في أي عقد موردٍ نشط"
37289,skipped,0,0,"صفر أثرٍ قابلٍ للتوليد: لا سعر وحدةٍ لنوع المعدة في عقد العميل · لا سعر وحدةٍ لنوع المعدة في أي عقد موردٍ نشط"
37290,skipped,0,0,"صفر أثرٍ قابلٍ للتوليد: لا سعر وحدةٍ لنوع المعدة في عقد العميل · لا سعر وحدةٍ لنوع المعدة في أي عقد موردٍ نشط"
37291,skipped,0,0,"صفر أثرٍ قابلٍ للتوليد: لا سعر وحدةٍ لنوع المعدة في عقد العميل · لا سعر وحدةٍ لنوع المعدة في أي عقد موردٍ نشط"
37292,skipped,0,0,"صفر أثرٍ قابلٍ للتوليد: لا سعر وحدةٍ لنوع المعدة في عقد العميل · لا سعر وحدةٍ لنوع المعدة في أي عقد موردٍ نشط"
37293,skipped,0,0,"صفر أثرٍ قابلٍ للتوليد: لا سعر وحدةٍ لنوع المعدة في عقد العميل · لا سعر وحدةٍ لنوع المعدة في أي عقد موردٍ نشط"
37294,skipped,0,0,"صفر أثرٍ قابلٍ للتوليد: لا سعر وحدةٍ لنوع المعدة في عقد العميل · لا سعر وحدةٍ لنوع المعدة في أي عقد موردٍ نشط"
37295,skipped,0,0,"صفر أثرٍ قابلٍ للتوليد: لا سعر وحدةٍ لنوع المعدة في عقد العميل · لا سعر وحدةٍ لنوع المعدة في أي عقد موردٍ نشط"
37296,skipped,0,0,"صفر أثرٍ قابلٍ للتوليد: لا سعر وحدةٍ لنوع المعدة في عقد العميل · لا سعر وحدةٍ لنوع المعدة في أي عقد موردٍ نشط"
37297,skipped,0,0,"صفر أثرٍ قابلٍ للتوليد: لا سعر وحدةٍ لنوع المعدة في عقد العميل · لا سعر وحدةٍ لنوع المعدة في أي عقد موردٍ نشط"
37298,skipped,0,0,"صفر أثرٍ قابلٍ للتوليد: لا سعر وحدةٍ لنوع المعدة في عقد العميل · لا سعر وحدةٍ لنوع المعدة في أي عقد موردٍ نشط"
37299,skipped,0,0,"صفر أثرٍ قابلٍ للتوليد: لا سعر وحدةٍ لنوع المعدة في عقد العميل · لا سعر وحدةٍ لنوع المعدة في أي عقد موردٍ نشط"
37300,skipped,0,0,"صفر أثرٍ قابلٍ للتوليد: لا سعر وحدةٍ لنوع المعدة في عقد العميل · لا سعر وحدةٍ لنوع المعدة في أي عقد موردٍ نشط"
37301,skipped,0,0,"صفر أثرٍ قابلٍ للتوليد: لا سعر وحدةٍ لنوع المعدة في عقد العميل · لا سعر وحدةٍ لنوع المعدة في أي عقد موردٍ نشط"
37302,skipped,0,0,"صفر أثرٍ قابلٍ للتوليد: لا سعر وحدةٍ لنوع المعدة في عقد العميل · لا سعر وحدةٍ لنوع المعدة في أي عقد موردٍ نشط"
37303,skipped,0,0,"صفر أثرٍ قابلٍ للتوليد: لا سعر وحدةٍ لنوع المعدة في عقد العميل · لا سعر وحدةٍ لنوع المعدة في أي عقد موردٍ نشط"
37304,skipped,0,0,"صفر أثرٍ قابلٍ للتوليد: لا سعر وحدةٍ لنوع المعدة في عقد العميل · لا سعر وحدةٍ لنوع المعدة في أي عقد موردٍ نشط"
37305,skipped,0,0,"صفر أثرٍ قابلٍ للتوليد: لا سعر وحدةٍ لنوع المعدة في عقد العميل · لا سعر وحدةٍ لنوع المعدة في أي عقد موردٍ نشط"
37306,skipped,0,0,"صفر أثرٍ قابلٍ للتوليد: لا سعر وحدةٍ لنوع المعدة في عقد العميل · لا سعر وحدةٍ لنوع المعدة في أي عقد موردٍ نشط"
37307,skipped,0,0,"صفر أثرٍ قابلٍ للتوليد: لا سعر وحدةٍ لنوع المعدة في عقد العميل · لا سعر وحدةٍ لنوع المعدة في أي عقد موردٍ نشط"
37308,skipped,0,0,"صفر أثرٍ قابلٍ للتوليد: لا سعر وحدةٍ لنوع المعدة في عقد العميل · لا سعر وحدةٍ لنوع المعدة في أي عقد موردٍ نشط"
37309,skipped,0,0,"صفر أثرٍ قابلٍ للتوليد: لا سعر وحدةٍ لنوع المعدة في عقد العميل · لا سعر وحدةٍ لنوع المعدة في أي عقد موردٍ نشط"
37310,skipped,0,0,"صفر أثرٍ قابلٍ للتوليد: لا سعر وحدةٍ لنوع المعدة في عقد العميل · لا سعر وحدةٍ لنوع المعدة في أي عقد موردٍ نشط"
37311,skipped,0,0,"صفر أثرٍ قابلٍ للتوليد: لا سعر وحدةٍ لنوع المعدة في عقد العميل · لا سعر وحدةٍ لنوع المعدة في أي عقد موردٍ نشط"
37312,skipped,0,0,"صفر أثرٍ قابلٍ للتوليد: لا سعر وحدةٍ لنوع المعدة في عقد العميل · لا سعر وحدةٍ لنوع المعدة في أي عقد موردٍ نشط"
37313,skipped,0,0,"صفر أثرٍ قابلٍ للتوليد: لا سعر وحدةٍ لنوع المعدة في عقد العميل · لا سعر وحدةٍ لنوع المعدة في أي عقد موردٍ نشط"
37314,skipped,0,0,"صفر أثرٍ قابلٍ للتوليد: لا سعر وحدةٍ لنوع المعدة في عقد العميل · لا سعر وحدةٍ لنوع المعدة في أي عقد موردٍ نشط"
37315,skipped,0,0,"صفر أثرٍ قابلٍ للتوليد: لا سعر وحدةٍ لنوع المعدة في عقد العميل · لا سعر وحدةٍ لنوع المعدة في أي عقد موردٍ نشط"
37316,skipped,0,0,"صفر أثرٍ قابلٍ للتوليد: لا سعر وحدةٍ لنوع المعدة في عقد العميل · لا سعر وحدةٍ لنوع المعدة في أي عقد موردٍ نشط"
37317,skipped,0,0,"صفر أثرٍ قابلٍ للتوليد: لا سعر وحدةٍ لنوع المعدة في عقد العميل · لا سعر وحدةٍ لنوع المعدة في أي عقد موردٍ نشط"
37318,skipped,0,0,"صفر أثرٍ قابلٍ للتوليد: لا سعر وحدةٍ لنوع المعدة في عقد العميل · لا سعر وحدةٍ لنوع المعدة في أي عقد موردٍ نشط"
37319,skipped,0,0,"صفر أثرٍ قابلٍ للتوليد: لا سعر وحدةٍ لنوع المعدة في عقد العميل · لا سعر وحدةٍ لنوع المعدة في أي عقد موردٍ نشط"
37320,skipped,0,0,"صفر أثرٍ قابلٍ للتوليد: لا سعر وحدةٍ لنوع المعدة في عقد العميل · لا سعر وحدةٍ لنوع المعدة في أي عقد موردٍ نشط"
37321,skipped,0,0,"صفر أثرٍ قابلٍ للتوليد: لا سعر وحدةٍ لنوع المعدة في عقد العميل · لا سعر وحدةٍ لنوع المعدة في أي عقد موردٍ نشط"
37322,skipped,0,0,"صفر أثرٍ قابلٍ للتوليد: لا سعر وحدةٍ لنوع المعدة في عقد العميل · لا سعر وحدةٍ لنوع المعدة في أي عقد موردٍ نشط"
37323,skipped,0,0,"صفر أثرٍ قابلٍ للتوليد: لا سعر وحدةٍ لنوع المعدة في عقد العميل · لا سعر وحدةٍ لنوع المعدة في أي عقد موردٍ نشط"
37324,skipped,0,0,"صفر أثرٍ قابلٍ للتوليد: لا سعر وحدةٍ لنوع المعدة في عقد العميل · لا سعر وحدةٍ لنوع المعدة في أي عقد موردٍ نشط"
37325,skipped,0,0,"صفر أثرٍ قابلٍ للتوليد: لا سعر وحدةٍ لنوع المعدة في عقد العميل · لا سعر وحدةٍ لنوع المعدة في أي عقد موردٍ نشط"
37326,skipped,0,0,"صفر أثرٍ قابلٍ للتوليد: لا سعر وحدةٍ لنوع المعدة في عقد العميل · لا سعر وحدةٍ لنوع المعدة في أي عقد موردٍ نشط"
37327,skipped,0,0,"صفر أثرٍ قابلٍ للتوليد: لا سعر وحدةٍ لنوع المعدة في عقد العميل · لا سعر وحدةٍ لنوع المعدة في أي عقد موردٍ نشط"
37328,skipped,0,0,"صفر أثرٍ قابلٍ للتوليد: لا سعر وحدةٍ لنوع المعدة في عقد العميل · لا سعر وحدةٍ لنوع المعدة في أي عقد موردٍ نشط"
37329,skipped,0,0,"صفر أثرٍ قابلٍ للتوليد: لا سعر وحدةٍ لنوع المعدة في عقد العميل · لا سعر وحدةٍ لنوع المعدة في أي عقد موردٍ نشط"
37330,skipped,0,0,"صفر أثرٍ قابلٍ للتوليد: لا سعر وحدةٍ لنوع المعدة في عقد العميل · لا سعر وحدةٍ لنوع المعدة في أي عقد موردٍ نشط"
37331,skipped,0,0,"صفر أثرٍ قابلٍ للتوليد: لا سعر وحدةٍ لنوع المعدة في عقد العميل · لا سعر وحدةٍ لنوع المعدة في أي عقد موردٍ نشط"
37332,skipped,0,0,"صفر أثرٍ قابلٍ للتوليد: لا سعر وحدةٍ لنوع المعدة في عقد العميل · لا سعر وحدةٍ لنوع المعدة في أي عقد موردٍ نشط"
37333,skipped,0,0,"صفر أثرٍ قابلٍ للتوليد: لا سعر وحدةٍ لنوع المعدة في عقد العميل · لا سعر وحدةٍ لنوع المعدة في أي عقد موردٍ نشط"
37334,skipped,0,0,"صفر أثرٍ قابلٍ للتوليد: لا سعر وحدةٍ لنوع المعدة في عقد العميل · لا سعر وحدةٍ لنوع المعدة في أي عقد موردٍ نشط"
37335,skipped,0,0,"صفر أثرٍ قابلٍ للتوليد: لا سعر وحدةٍ لنوع المعدة في عقد العميل · لا سعر وحدةٍ لنوع المعدة في أي عقد موردٍ نشط"
37336,skipped,0,0,"صفر أثرٍ قابلٍ للتوليد: لا سعر وحدةٍ لنوع المعدة في عقد العميل · لا سعر وحدةٍ لنوع المعدة في أي عقد موردٍ نشط"
37703,skipped,0,0,"صفر أثرٍ قابلٍ للتوليد: لا سعر وحدةٍ لنوع المعدة في عقد العميل · لا سعر وحدةٍ لنوع المعدة في أي عقد موردٍ نشط"
37704,skipped,0,0,"صفر أثرٍ قابلٍ للتوليد: لا سعر وحدةٍ لنوع المعدة في عقد العميل · لا سعر وحدةٍ لنوع المعدة في أي عقد موردٍ نشط"
37705,skipped,0,0,"صفر أثرٍ قابلٍ للتوليد: لا سعر وحدةٍ لنوع المعدة في عقد العميل · لا سعر وحدةٍ لنوع المعدة في أي عقد موردٍ نشط"
37706,skipped,0,0,"صفر أثرٍ قابلٍ للتوليد: لا سعر وحدةٍ لنوع المعدة في عقد العميل · لا سعر وحدةٍ لنوع المعدة في أي عقد موردٍ نشط"
37707,skipped,0,0,"صفر أثرٍ قابلٍ للتوليد: لا سعر وحدةٍ لنوع المعدة في عقد العميل · لا سعر وحدةٍ لنوع المعدة في أي عقد موردٍ نشط"
37708,skipped,0,0,"صفر أثرٍ قابلٍ للتوليد: لا سعر وحدةٍ لنوع المعدة في عقد العميل · لا سعر وحدةٍ لنوع المعدة في أي عقد موردٍ نشط"
37709,skipped,0,0,"صفر أثرٍ قابلٍ للتوليد: لا سعر وحدةٍ لنوع المعدة في عقد العميل · لا سعر وحدةٍ لنوع المعدة في أي عقد موردٍ نشط"
37710,skipped,0,0,"صفر أثرٍ قابلٍ للتوليد: لا سعر وحدةٍ لنوع المعدة في عقد العميل · لا سعر وحدةٍ لنوع المعدة في أي عقد موردٍ نشط"
37711,skipped,0,0,"صفر أثرٍ قابلٍ للتوليد: لا سعر وحدةٍ لنوع المعدة في عقد العميل · لا سعر وحدةٍ لنوع المعدة في أي عقد موردٍ نشط"
37712,skipped,0,0,"صفر أثرٍ قابلٍ للتوليد: لا سعر وحدةٍ لنوع المعدة في عقد العميل · لا سعر وحدةٍ لنوع المعدة في أي عقد موردٍ نشط"
37713,skipped,0,0,"صفر أثرٍ قابلٍ للتوليد: لا سعر وحدةٍ لنوع المعدة في عقد العميل · لا سعر وحدةٍ لنوع المعدة في أي عقد موردٍ نشط"
37714,skipped,0,0,"صفر أثرٍ قابلٍ للتوليد: لا سعر وحدةٍ لنوع المعدة في عقد العميل · لا سعر وحدةٍ لنوع المعدة في أي عقد موردٍ نشط"
37715,skipped,0,0,"صفر أثرٍ قابلٍ للتوليد: لا سعر وحدةٍ لنوع المعدة في عقد العميل · لا سعر وحدةٍ لنوع المعدة في أي عقد موردٍ نشط"
37716,skipped,0,0,"صفر أثرٍ قابلٍ للتوليد: لا سعر وحدةٍ لنوع المعدة في عقد العميل · لا سعر وحدةٍ لنوع المعدة في أي عقد موردٍ نشط"
37717,skipped,0,0,"صفر أثرٍ قابلٍ للتوليد: لا سعر وحدةٍ لنوع المعدة في عقد العميل · لا سعر وحدةٍ لنوع المعدة في أي عقد موردٍ نشط"
37718,skipped,0,0,"صفر أثرٍ قابلٍ للتوليد: لا سعر وحدةٍ لنوع المعدة في عقد العميل · لا سعر وحدةٍ لنوع المعدة في أي عقد موردٍ نشط"
37719,skipped,0,0,"صفر أثرٍ قابلٍ للتوليد: لا سعر وحدةٍ لنوع المعدة في عقد العميل · لا سعر وحدةٍ لنوع المعدة في أي عقد موردٍ نشط"
37720,skipped,0,0,"صفر أثرٍ قابلٍ للتوليد: لا سعر وحدةٍ لنوع المعدة في عقد العميل · لا سعر وحدةٍ لنوع المعدة في أي عقد موردٍ نشط"
37721,skipped,0,0,"صفر أثرٍ قابلٍ للتوليد: لا سعر وحدةٍ لنوع المعدة في عقد العميل · لا سعر وحدةٍ لنوع المعدة في أي عقد موردٍ نشط"
37722,skipped,0,0,"صفر أثرٍ قابلٍ للتوليد: لا سعر وحدةٍ لنوع المعدة في عقد العميل · لا سعر وحدةٍ لنوع المعدة في أي عقد موردٍ نشط"
37723,skipped,0,0,"صفر أثرٍ قابلٍ للتوليد: لا سعر وحدةٍ لنوع المعدة في عقد العميل · لا سعر وحدةٍ لنوع المعدة في أي عقد موردٍ نشط"
37724,skipped,0,0,"صفر أثرٍ قابلٍ للتوليد: لا سعر وحدةٍ لنوع المعدة في عقد العميل · لا سعر وحدةٍ لنوع المعدة في أي عقد موردٍ نشط"
37725,skipped,0,0,"صفر أثرٍ قابلٍ للتوليد: لا سعر وحدةٍ لنوع المعدة في عقد العميل · لا سعر وحدةٍ لنوع المعدة في أي عقد موردٍ نشط"
37726,skipped,0,0,"صفر أثرٍ قابلٍ للتوليد: لا سعر وحدةٍ لنوع المعدة في عقد العميل · لا سعر وحدةٍ لنوع المعدة في أي عقد موردٍ نشط"
37727,skipped,0,0,"صفر أثرٍ قابلٍ للتوليد: لا سعر وحدةٍ لنوع المعدة في عقد العميل · لا سعر وحدةٍ لنوع المعدة في أي عقد موردٍ نشط"
37728,skipped,0,0,"صفر أثرٍ قابلٍ للتوليد: لا سعر وحدةٍ لنوع المعدة في عقد العميل · لا سعر وحدةٍ لنوع المعدة في أي عقد موردٍ نشط"
37729,skipped,0,0,"صفر أثرٍ قابلٍ للتوليد: لا سعر وحدةٍ لنوع المعدة في عقد العميل · لا سعر وحدةٍ لنوع المعدة في أي عقد موردٍ نشط"
37730,skipped,0,0,"صفر أثرٍ قابلٍ للتوليد: لا سعر وحدةٍ لنوع المعدة في عقد العميل · لا سعر وحدةٍ لنوع المعدة في أي عقد موردٍ نشط"
37731,skipped,0,0,"صفر أثرٍ قابلٍ للتوليد: لا سعر وحدةٍ لنوع المعدة في عقد العميل · لا سعر وحدةٍ لنوع المعدة في أي عقد موردٍ نشط"
37732,skipped,0,0,"صفر أثرٍ قابلٍ للتوليد: لا سعر وحدةٍ لنوع المعدة في عقد العميل · لا سعر وحدةٍ لنوع المعدة في أي عقد موردٍ نشط"
37733,skipped,0,0,"صفر أثرٍ قابلٍ للتوليد: لا سعر وحدةٍ لنوع المعدة في عقد العميل · لا سعر وحدةٍ لنوع المعدة في أي عقد موردٍ نشط"
37734,skipped,0,0,"صفر أثرٍ قابلٍ للتوليد: لا سعر وحدةٍ لنوع المعدة في عقد العميل · لا سعر وحدةٍ لنوع المعدة في أي عقد موردٍ نشط"
37735,skipped,0,0,"صفر أثرٍ قابلٍ للتوليد: لا سعر وحدةٍ لنوع المعدة في عقد العميل · لا سعر وحدةٍ لنوع المعدة في أي عقد موردٍ نشط"
37736,skipped,0,0,"صفر أثرٍ قابلٍ للتوليد: لا سعر وحدةٍ لنوع المعدة في عقد العميل · لا سعر وحدةٍ لنوع المعدة في أي عقد موردٍ نشط"
37737,skipped,0,0,"صفر أثرٍ قابلٍ للتوليد: لا سعر وحدةٍ لنوع المعدة في عقد العميل · لا سعر وحدةٍ لنوع المعدة في أي عقد موردٍ نشط"
37738,skipped,0,0,"صفر أثرٍ قابلٍ للتوليد: لا سعر وحدةٍ لنوع المعدة في عقد العميل · لا سعر وحدةٍ لنوع المعدة في أي عقد موردٍ نشط"
37739,skipped,0,0,"صفر أثرٍ قابلٍ للتوليد: لا سعر وحدةٍ لنوع المعدة في عقد العميل · لا سعر وحدةٍ لنوع المعدة في أي عقد موردٍ نشط"
37740,skipped,0,0,"صفر أثرٍ قابلٍ للتوليد: لا سعر وحدةٍ لنوع المعدة في عقد العميل · لا سعر وحدةٍ لنوع المعدة في أي عقد موردٍ نشط"
37741,skipped,0,0,"صفر أثرٍ قابلٍ للتوليد: لا سعر وحدةٍ لنوع المعدة في عقد العميل · لا سعر وحدةٍ لنوع المعدة في أي عقد موردٍ نشط"
37742,skipped,0,0,"صفر أثرٍ قابلٍ للتوليد: لا سعر وحدةٍ لنوع المعدة في عقد العميل · لا سعر وحدةٍ لنوع المعدة في أي عقد موردٍ نشط"
37743,skipped,0,0,"صفر أثرٍ قابلٍ للتوليد: لا سعر وحدةٍ لنوع المعدة في عقد العميل · لا سعر وحدةٍ لنوع المعدة في أي عقد موردٍ نشط"
37744,skipped,0,0,"صفر أثرٍ قابلٍ للتوليد: لا سعر وحدةٍ لنوع المعدة في عقد العميل · لا سعر وحدةٍ لنوع المعدة في أي عقد موردٍ نشط"
37745,skipped,0,0,"صفر أثرٍ قابلٍ للتوليد: لا سعر وحدةٍ لنوع المعدة في عقد العميل · لا سعر وحدةٍ لنوع المعدة في أي عقد موردٍ نشط"
37746,skipped,0,0,"صفر أثرٍ قابلٍ للتوليد: لا سعر وحدةٍ لنوع المعدة في عقد العميل · لا سعر وحدةٍ لنوع المعدة في أي عقد موردٍ نشط"
37747,skipped,0,0,"صفر أثرٍ قابلٍ للتوليد: لا سعر وحدةٍ لنوع المعدة في عقد العميل · لا سعر وحدةٍ لنوع المعدة في أي عقد موردٍ نشط"
37748,skipped,0,0,"صفر أثرٍ قابلٍ للتوليد: لا سعر وحدةٍ لنوع المعدة في عقد العميل · لا سعر وحدةٍ لنوع المعدة في أي عقد موردٍ نشط"
37749,skipped,0,0,"صفر أثرٍ قابلٍ للتوليد: لا سعر وحدةٍ لنوع المعدة في عقد العميل · لا سعر وحدةٍ لنوع المعدة في أي عقد موردٍ نشط"
37750,skipped,0,0,"صفر أثرٍ قابلٍ للتوليد: لا سعر وحدةٍ لنوع المعدة في عقد العميل · لا سعر وحدةٍ لنوع المعدة في أي عقد موردٍ نشط"
37751,skipped,0,0,"صفر أثرٍ قابلٍ للتوليد: لا سعر وحدةٍ لنوع المعدة في عقد العميل · لا سعر وحدةٍ لنوع المعدة في أي عقد موردٍ نشط"
37752,skipped,0,0,"صفر أثرٍ قابلٍ للتوليد: لا سعر وحدةٍ لنوع المعدة في عقد العميل · لا سعر وحدةٍ لنوع المعدة في أي عقد موردٍ نشط"
37753,skipped,0,0,"صفر أثرٍ قابلٍ للتوليد: لا سعر وحدةٍ لنوع المعدة في عقد العميل · لا سعر وحدةٍ لنوع المعدة في أي عقد موردٍ نشط"
37754,skipped,0,0,"صفر أثرٍ قابلٍ للتوليد: لا سعر وحدةٍ لنوع المعدة في عقد العميل · لا سعر وحدةٍ لنوع المعدة في أي عقد موردٍ نشط"
37755,skipped,0,0,"صفر أثرٍ قابلٍ للتوليد: لا سعر وحدةٍ لنوع المعدة في عقد العميل · لا سعر وحدةٍ لنوع المعدة في أي عقد موردٍ نشط"
37756,skipped,0,0,"صفر أثرٍ قابلٍ للتوليد: لا سعر وحدةٍ لنوع المعدة في عقد العميل · لا سعر وحدةٍ لنوع المعدة في أي عقد موردٍ نشط"
37757,skipped,0,0,"صفر أثرٍ قابلٍ للتوليد: لا سعر وحدةٍ لنوع المعدة في عقد العميل · لا سعر وحدةٍ لنوع المعدة في أي عقد موردٍ نشط"
37758,skipped,0,0,"صفر أثرٍ قابلٍ للتوليد: لا سعر وحدةٍ لنوع المعدة في عقد العميل · لا سعر وحدةٍ لنوع المعدة في أي عقد موردٍ نشط"
37759,skipped,0,0,"صفر أثرٍ قابلٍ للتوليد: لا سعر وحدةٍ لنوع المعدة في عقد العميل · لا سعر وحدةٍ لنوع المعدة في أي عقد موردٍ نشط"
37760,skipped,0,0,"صفر أثرٍ قابلٍ للتوليد: لا سعر وحدةٍ لنوع المعدة في عقد العميل · لا سعر وحدةٍ لنوع المعدة في أي عقد موردٍ نشط"
37761,skipped,0,0,"صفر أثرٍ قابلٍ للتوليد: لا سعر وحدةٍ لنوع المعدة في عقد العميل · لا سعر وحدةٍ لنوع المعدة في أي عقد موردٍ نشط"
37762,skipped,0,0,"صفر أثرٍ قابلٍ للتوليد: لا سعر وحدةٍ لنوع المعدة في عقد العميل · لا سعر وحدةٍ لنوع المعدة في أي عقد موردٍ نشط"
37763,skipped,0,0,"صفر أثرٍ قابلٍ للتوليد: لا سعر وحدةٍ لنوع المعدة في عقد العميل · لا سعر وحدةٍ لنوع المعدة في أي عقد موردٍ نشط"
37886,skipped,0,0,"صفر أثرٍ قابلٍ للتوليد: لا سعر وحدةٍ لنوع المعدة في عقد العميل · لا سعر وحدةٍ لنوع المعدة في أي عقد موردٍ نشط"
37887,skipped,0,0,"صفر أثرٍ قابلٍ للتوليد: لا سعر وحدةٍ لنوع المعدة في عقد العميل · لا سعر وحدةٍ لنوع المعدة في أي عقد موردٍ نشط"
37888,skipped,0,0,"صفر أثرٍ قابلٍ للتوليد: لا سعر وحدةٍ لنوع المعدة في عقد العميل · لا سعر وحدةٍ لنوع المعدة في أي عقد موردٍ نشط"
37889,skipped,0,0,"صفر أثرٍ قابلٍ للتوليد: لا سعر وحدةٍ لنوع المعدة في عقد العميل · لا سعر وحدةٍ لنوع المعدة في أي عقد موردٍ نشط"
37890,skipped,0,0,"صفر أثرٍ قابلٍ للتوليد: لا سعر وحدةٍ لنوع المعدة في عقد العميل · لا سعر وحدةٍ لنوع المعدة في أي عقد موردٍ نشط"
37891,skipped,0,0,"صفر أثرٍ قابلٍ للتوليد: لا سعر وحدةٍ لنوع المعدة في عقد العميل · لا سعر وحدةٍ لنوع المعدة في أي عقد موردٍ نشط"
37892,skipped,0,0,"صفر أثرٍ قابلٍ للتوليد: لا سعر وحدةٍ لنوع المعدة في عقد العميل · لا سعر وحدةٍ لنوع المعدة في أي عقد موردٍ نشط"
37893,skipped,0,0,"صفر أثرٍ قابلٍ للتوليد: لا سعر وحدةٍ لنوع المعدة في عقد العميل · لا سعر وحدةٍ لنوع المعدة في أي عقد موردٍ نشط"
37894,skipped,0,0,"صفر أثرٍ قابلٍ للتوليد: لا سعر وحدةٍ لنوع المعدة في عقد العميل · لا سعر وحدةٍ لنوع المعدة في أي عقد موردٍ نشط"
37895,skipped,0,0,"صفر أثرٍ قابلٍ للتوليد: لا سعر وحدةٍ لنوع المعدة في عقد العميل · لا سعر وحدةٍ لنوع المعدة في أي عقد موردٍ نشط"
37896,skipped,0,0,"صفر أثرٍ قابلٍ للتوليد: لا سعر وحدةٍ لنوع المعدة في عقد العميل · لا سعر وحدةٍ لنوع المعدة في أي عقد موردٍ نشط"
37897,skipped,0,0,"صفر أثرٍ قابلٍ للتوليد: لا سعر وحدةٍ لنوع المعدة في عقد العميل · لا سعر وحدةٍ لنوع المعدة في أي عقد موردٍ نشط"
37898,skipped,0,0,"صفر أثرٍ قابلٍ للتوليد: لا سعر وحدةٍ لنوع المعدة في عقد العميل · لا سعر وحدةٍ لنوع المعدة في أي عقد موردٍ نشط"
37899,skipped,0,0,"صفر أثرٍ قابلٍ للتوليد: لا سعر وحدةٍ لنوع المعدة في عقد العميل · لا سعر وحدةٍ لنوع المعدة في أي عقد موردٍ نشط"
37900,skipped,0,0,"صفر أثرٍ قابلٍ للتوليد: لا سعر وحدةٍ لنوع المعدة في عقد العميل · لا سعر وحدةٍ لنوع المعدة في أي عقد موردٍ نشط"
37901,skipped,0,0,"صفر أثرٍ قابلٍ للتوليد: لا سعر وحدةٍ لنوع المعدة في عقد العميل · لا سعر وحدةٍ لنوع المعدة في أي عقد موردٍ نشط"
37902,skipped,0,0,"صفر أثرٍ قابلٍ للتوليد: لا سعر وحدةٍ لنوع المعدة في عقد العميل · لا سعر وحدةٍ لنوع المعدة في أي عقد موردٍ نشط"
37903,skipped,0,0,"صفر أثرٍ قابلٍ للتوليد: لا سعر وحدةٍ لنوع المعدة في عقد العميل · لا سعر وحدةٍ لنوع المعدة في أي عقد موردٍ نشط"
37904,skipped,0,0,"صفر أثرٍ قابلٍ للتوليد: لا سعر وحدةٍ لنوع المعدة في عقد العميل · لا سعر وحدةٍ لنوع المعدة في أي عقد موردٍ نشط"
37905,skipped,0,0,"صفر أثرٍ قابلٍ للتوليد: لا سعر وحدةٍ لنوع المعدة في عقد العميل · لا سعر وحدةٍ لنوع المعدة في أي عقد موردٍ نشط"
37906,skipped,0,0,"صفر أثرٍ قابلٍ للتوليد: لا سعر وحدةٍ لنوع المعدة في عقد العميل · لا سعر وحدةٍ لنوع المعدة في أي عقد موردٍ نشط"
37907,skipped,0,0,"صفر أثرٍ قابلٍ للتوليد: لا سعر وحدةٍ لنوع المعدة في عقد العميل · لا سعر وحدةٍ لنوع المعدة في أي عقد موردٍ نشط"
37908,skipped,0,0,"صفر أثرٍ قابلٍ للتوليد: لا سعر وحدةٍ لنوع المعدة في عقد العميل · لا سعر وحدةٍ لنوع المعدة في أي عقد موردٍ نشط"
37909,skipped,0,0,"صفر أثرٍ قابلٍ للتوليد: لا سعر وحدةٍ لنوع المعدة في عقد العميل · لا سعر وحدةٍ لنوع المعدة في أي عقد موردٍ نشط"
37910,skipped,0,0,"صفر أثرٍ قابلٍ للتوليد: لا سعر وحدةٍ لنوع المعدة في عقد العميل · لا سعر وحدةٍ لنوع المعدة في أي عقد موردٍ نشط"
37911,skipped,0,0,"صفر أثرٍ قابلٍ للتوليد: لا سعر وحدةٍ لنوع المعدة في عقد العميل · لا سعر وحدةٍ لنوع المعدة في أي عقد موردٍ نشط"
37912,skipped,0,0,"صفر أثرٍ قابلٍ للتوليد: لا سعر وحدةٍ لنوع المعدة في عقد العميل · لا سعر وحدةٍ لنوع المعدة في أي عقد موردٍ نشط"
37913,skipped,0,0,"صفر أثرٍ قابلٍ للتوليد: لا سعر وحدةٍ لنوع المعدة في عقد العميل · لا سعر وحدةٍ لنوع المعدة في أي عقد موردٍ نشط"
37914,skipped,0,0,"صفر أثرٍ قابلٍ للتوليد: لا سعر وحدةٍ لنوع المعدة في عقد العميل · لا سعر وحدةٍ لنوع المعدة في أي عقد موردٍ نشط"
37915,skipped,0,0,"صفر أثرٍ قابلٍ للتوليد: لا سعر وحدةٍ لنوع المعدة في عقد العميل · لا سعر وحدةٍ لنوع المعدة في أي عقد موردٍ نشط"
37916,skipped,0,0,"صفر أثرٍ قابلٍ للتوليد: لا سعر وحدةٍ لنوع المعدة في عقد العميل · لا سعر وحدةٍ لنوع المعدة في أي عقد موردٍ نشط"
37917,skipped,0,0,"صفر أثرٍ قابلٍ للتوليد: لا سعر وحدةٍ لنوع المعدة في عقد العميل · لا سعر وحدةٍ لنوع المعدة في أي عقد موردٍ نشط"
37918,skipped,0,0,"صفر أثرٍ قابلٍ للتوليد: لا سعر وحدةٍ لنوع المعدة في عقد العميل · لا سعر وحدةٍ لنوع المعدة في أي عقد موردٍ نشط"
37919,skipped,0,0,"صفر أثرٍ قابلٍ للتوليد: لا سعر وحدةٍ لنوع المعدة في عقد العميل · لا سعر وحدةٍ لنوع المعدة في أي عقد موردٍ نشط"
37920,skipped,0,0,"صفر أثرٍ قابلٍ للتوليد: لا سعر وحدةٍ لنوع المعدة في عقد العميل · لا سعر وحدةٍ لنوع المعدة في أي عقد موردٍ نشط"
37921,skipped,0,0,"صفر أثرٍ قابلٍ للتوليد: لا سعر وحدةٍ لنوع المعدة في عقد العميل · لا سعر وحدةٍ لنوع المعدة في أي عقد موردٍ نشط"
37922,skipped,0,0,"صفر أثرٍ قابلٍ للتوليد: لا سعر وحدةٍ لنوع المعدة في عقد العميل · لا سعر وحدةٍ لنوع المعدة في أي عقد موردٍ نشط"
37923,skipped,0,0,"صفر أثرٍ قابلٍ للتوليد: لا سعر وحدةٍ لنوع المعدة في عقد العميل · لا سعر وحدةٍ لنوع المعدة في أي عقد موردٍ نشط"
37924,skipped,0,0,"صفر أثرٍ قابلٍ للتوليد: لا سعر وحدةٍ لنوع المعدة في عقد العميل · لا سعر وحدةٍ لنوع المعدة في أي عقد موردٍ نشط"
37925,skipped,0,0,"صفر أثرٍ قابلٍ للتوليد: لا سعر وحدةٍ لنوع المعدة في عقد العميل · لا سعر وحدةٍ لنوع المعدة في أي عقد موردٍ نشط"
37926,skipped,0,0,"صفر أثرٍ قابلٍ للتوليد: لا سعر وحدةٍ لنوع المعدة في عقد العميل · لا سعر وحدةٍ لنوع المعدة في أي عقد موردٍ نشط"
37927,skipped,0,0,"صفر أثرٍ قابلٍ للتوليد: لا سعر وحدةٍ لنوع المعدة في عقد العميل · لا سعر وحدةٍ لنوع المعدة في أي عقد موردٍ نشط"
37928,skipped,0,0,"صفر أثرٍ قابلٍ للتوليد: لا سعر وحدةٍ لنوع المعدة في عقد العميل · لا سعر وحدةٍ لنوع المعدة في أي عقد موردٍ نشط"
37929,skipped,0,0,"صفر أثرٍ قابلٍ للتوليد: لا سعر وحدةٍ لنوع المعدة في عقد العميل · لا سعر وحدةٍ لنوع المعدة في أي عقد موردٍ نشط"
37930,skipped,0,0,"صفر أثرٍ قابلٍ للتوليد: لا سعر وحدةٍ لنوع المعدة في عقد العميل · لا سعر وحدةٍ لنوع المعدة في أي عقد موردٍ نشط"
37931,skipped,0,0,"صفر أثرٍ قابلٍ للتوليد: لا سعر وحدةٍ لنوع المعدة في عقد العميل · لا سعر وحدةٍ لنوع المعدة في أي عقد موردٍ نشط"
37932,skipped,0,0,"صفر أثرٍ قابلٍ للتوليد: لا سعر وحدةٍ لنوع المعدة في عقد العميل · لا سعر وحدةٍ لنوع المعدة في أي عقد موردٍ نشط"
37933,skipped,0,0,"صفر أثرٍ قابلٍ للتوليد: لا سعر وحدةٍ لنوع المعدة في عقد العميل · لا سعر وحدةٍ لنوع المعدة في أي عقد موردٍ نشط"
37934,skipped,0,0,"صفر أثرٍ قابلٍ للتوليد: لا سعر وحدةٍ لنوع المعدة في عقد العميل · لا سعر وحدةٍ لنوع المعدة في أي عقد موردٍ نشط"
37935,skipped,0,0,"صفر أثرٍ قابلٍ للتوليد: لا سعر وحدةٍ لنوع المعدة في عقد العميل · لا سعر وحدةٍ لنوع المعدة في أي عقد موردٍ نشط"
37936,skipped,0,0,"صفر أثرٍ قابلٍ للتوليد: لا سعر وحدةٍ لنوع المعدة في عقد العميل · لا سعر وحدةٍ لنوع المعدة في أي عقد موردٍ نشط"
37937,skipped,0,0,"صفر أثرٍ قابلٍ للتوليد: لا سعر وحدةٍ لنوع المعدة في عقد العميل · لا سعر وحدةٍ لنوع المعدة في أي عقد موردٍ نشط"
37938,skipped,0,0,"صفر أثرٍ قابلٍ للتوليد: لا سعر وحدةٍ لنوع المعدة في عقد العميل · لا سعر وحدةٍ لنوع المعدة في أي عقد موردٍ نشط"
37939,skipped,0,0,"صفر أثرٍ قابلٍ للتوليد: لا سعر وحدةٍ لنوع المعدة في عقد العميل · لا سعر وحدةٍ لنوع المعدة في أي عقد موردٍ نشط"
37940,skipped,0,0,"صفر أثرٍ قابلٍ للتوليد: لا سعر وحدةٍ لنوع المعدة في عقد العميل · لا سعر وحدةٍ لنوع المعدة في أي عقد موردٍ نشط"
37941,skipped,0,0,"صفر أثرٍ قابلٍ للتوليد: لا سعر وحدةٍ لنوع المعدة في عقد العميل · لا سعر وحدةٍ لنوع المعدة في أي عقد موردٍ نشط"
37942,skipped,0,0,"صفر أثرٍ قابلٍ للتوليد: لا سعر وحدةٍ لنوع المعدة في عقد العميل · لا سعر وحدةٍ لنوع المعدة في أي عقد موردٍ نشط"
37943,skipped,0,0,"صفر أثرٍ قابلٍ للتوليد: لا سعر وحدةٍ لنوع المعدة في عقد العميل · لا سعر وحدةٍ لنوع المعدة في أي عقد موردٍ نشط"
37944,skipped,0,0,"صفر أثرٍ قابلٍ للتوليد: لا سعر وحدةٍ لنوع المعدة في عقد العميل · لا سعر وحدةٍ لنوع المعدة في أي عقد موردٍ نشط"
37945,skipped,0,0,"صفر أثرٍ قابلٍ للتوليد: لا سعر وحدةٍ لنوع المعدة في عقد العميل · لا سعر وحدةٍ لنوع المعدة في أي عقد موردٍ نشط"
37946,skipped,0,0,"صفر أثرٍ قابلٍ للتوليد: لا سعر وحدةٍ لنوع المعدة في عقد العميل · لا سعر وحدةٍ لنوع المعدة في أي عقد موردٍ نشط"
38220,skipped,0,0,"صفر أثرٍ قابلٍ للتوليد: لا سعر وحدةٍ لنوع المعدة في عقد العميل · لا سعر وحدةٍ لنوع المعدة في أي عقد موردٍ نشط"
38221,skipped,0,0,"صفر أثرٍ قابلٍ للتوليد: لا سعر وحدةٍ لنوع المعدة في عقد العميل · لا سعر وحدةٍ لنوع المعدة في أي عقد موردٍ نشط"
38222,skipped,0,0,"صفر أثرٍ قابلٍ للتوليد: لا سعر وحدةٍ لنوع المعدة في عقد العميل · لا سعر وحدةٍ لنوع المعدة في أي عقد موردٍ نشط"
38223,skipped,0,0,"صفر أثرٍ قابلٍ للتوليد: لا سعر وحدةٍ لنوع المعدة في عقد العميل · لا سعر وحدةٍ لنوع المعدة في أي عقد موردٍ نشط"
38224,skipped,0,0,"صفر أثرٍ قابلٍ للتوليد: لا سعر وحدةٍ لنوع المعدة في عقد العميل · لا سعر وحدةٍ لنوع المعدة في أي عقد موردٍ نشط"
38225,skipped,0,0,"صفر أثرٍ قابلٍ للتوليد: لا سعر وحدةٍ لنوع المعدة في عقد العميل · لا سعر وحدةٍ لنوع المعدة في أي عقد موردٍ نشط"
38226,skipped,0,0,"صفر أثرٍ قابلٍ للتوليد: لا سعر وحدةٍ لنوع المعدة في عقد العميل · لا سعر وحدةٍ لنوع المعدة في أي عقد موردٍ نشط"
38227,skipped,0,0,"صفر أثرٍ قابلٍ للتوليد: لا سعر وحدةٍ لنوع المعدة في عقد العميل · لا سعر وحدةٍ لنوع المعدة في أي عقد موردٍ نشط"
38228,skipped,0,0,"صفر أثرٍ قابلٍ للتوليد: لا سعر وحدةٍ لنوع المعدة في عقد العميل · لا سعر وحدةٍ لنوع المعدة في أي عقد موردٍ نشط"
38229,skipped,0,0,"صفر أثرٍ قابلٍ للتوليد: لا سعر وحدةٍ لنوع المعدة في عقد العميل · لا سعر وحدةٍ لنوع المعدة في أي عقد موردٍ نشط"
38230,skipped,0,0,"صفر أثرٍ قابلٍ للتوليد: لا سعر وحدةٍ لنوع المعدة في عقد العميل · لا سعر وحدةٍ لنوع المعدة في أي عقد موردٍ نشط"
38231,skipped,0,0,"صفر أثرٍ قابلٍ للتوليد: لا سعر وحدةٍ لنوع المعدة في عقد العميل · لا سعر وحدةٍ لنوع المعدة في أي عقد موردٍ نشط"
38232,skipped,0,0,"صفر أثرٍ قابلٍ للتوليد: لا سعر وحدةٍ لنوع المعدة في عقد العميل · لا سعر وحدةٍ لنوع المعدة في أي عقد موردٍ نشط"
38233,skipped,0,0,"صفر أثرٍ قابلٍ للتوليد: لا سعر وحدةٍ لنوع المعدة في عقد العميل · لا سعر وحدةٍ لنوع المعدة في أي عقد موردٍ نشط"
38234,skipped,0,0,"صفر أثرٍ قابلٍ للتوليد: لا سعر وحدةٍ لنوع المعدة في عقد العميل · لا سعر وحدةٍ لنوع المعدة في أي عقد موردٍ نشط"
38235,skipped,0,0,"صفر أثرٍ قابلٍ للتوليد: لا سعر وحدةٍ لنوع المعدة في عقد العميل · لا سعر وحدةٍ لنوع المعدة في أي عقد موردٍ نشط"
38236,skipped,0,0,"صفر أثرٍ قابلٍ للتوليد: لا سعر وحدةٍ لنوع المعدة في عقد العميل · لا سعر وحدةٍ لنوع المعدة في أي عقد موردٍ نشط"
38237,skipped,0,0,"صفر أثرٍ قابلٍ للتوليد: لا سعر وحدةٍ لنوع المعدة في عقد العميل · لا سعر وحدةٍ لنوع المعدة في أي عقد موردٍ نشط"
38238,skipped,0,0,"صفر أثرٍ قابلٍ للتوليد: لا سعر وحدةٍ لنوع المعدة في عقد العميل · لا سعر وحدةٍ لنوع المعدة في أي عقد موردٍ نشط"
38239,skipped,0,0,"صفر أثرٍ قابلٍ للتوليد: لا سعر وحدةٍ لنوع المعدة في عقد العميل · لا سعر وحدةٍ لنوع المعدة في أي عقد موردٍ نشط"
38240,skipped,0,0,"صفر أثرٍ قابلٍ للتوليد: لا سعر وحدةٍ لنوع المعدة في عقد العميل · لا سعر وحدةٍ لنوع المعدة في أي عقد موردٍ نشط"
38241,skipped,0,0,"صفر أثرٍ قابلٍ للتوليد: لا سعر وحدةٍ لنوع المعدة في عقد العميل · لا سعر وحدةٍ لنوع المعدة في أي عقد موردٍ نشط"
38242,skipped,0,0,"صفر أثرٍ قابلٍ للتوليد: لا سعر وحدةٍ لنوع المعدة في عقد العميل · لا سعر وحدةٍ لنوع المعدة في أي عقد موردٍ نشط"
38243,skipped,0,0,"صفر أثرٍ قابلٍ للتوليد: لا سعر وحدةٍ لنوع المعدة في عقد العميل · لا سعر وحدةٍ لنوع المعدة في أي عقد موردٍ نشط"
38244,skipped,0,0,"صفر أثرٍ قابلٍ للتوليد: لا سعر وحدةٍ لنوع المعدة في عقد العميل · لا سعر وحدةٍ لنوع المعدة في أي عقد موردٍ نشط"
38245,skipped,0,0,"صفر أثرٍ قابلٍ للتوليد: لا سعر وحدةٍ لنوع المعدة في عقد العميل · لا سعر وحدةٍ لنوع المعدة في أي عقد موردٍ نشط"
38246,skipped,0,0,"صفر أثرٍ قابلٍ للتوليد: لا سعر وحدةٍ لنوع المعدة في عقد العميل · لا سعر وحدةٍ لنوع المعدة في أي عقد موردٍ نشط"
38247,skipped,0,0,"صفر أثرٍ قابلٍ للتوليد: لا سعر وحدةٍ لنوع المعدة في عقد العميل · لا سعر وحدةٍ لنوع المعدة في أي عقد موردٍ نشط"
38248,skipped,0,0,"صفر أثرٍ قابلٍ للتوليد: لا سعر وحدةٍ لنوع المعدة في عقد العميل · لا سعر وحدةٍ لنوع المعدة في أي عقد موردٍ نشط"
38249,skipped,0,0,"صفر أثرٍ قابلٍ للتوليد: لا سعر وحدةٍ لنوع المعدة في عقد العميل · لا سعر وحدةٍ لنوع المعدة في أي عقد موردٍ نشط"
38250,skipped,0,0,"صفر أثرٍ قابلٍ للتوليد: لا سعر وحدةٍ لنوع المعدة في عقد العميل · لا سعر وحدةٍ لنوع المعدة في أي عقد موردٍ نشط"
38251,skipped,0,0,"صفر أثرٍ قابلٍ للتوليد: لا سعر وحدةٍ لنوع المعدة في عقد العميل · لا سعر وحدةٍ لنوع المعدة في أي عقد موردٍ نشط"
38252,skipped,0,0,"صفر أثرٍ قابلٍ للتوليد: لا سعر وحدةٍ لنوع المعدة في عقد العميل · لا سعر وحدةٍ لنوع المعدة في أي عقد موردٍ نشط"
38253,skipped,0,0,"صفر أثرٍ قابلٍ للتوليد: لا سعر وحدةٍ لنوع المعدة في عقد العميل · لا سعر وحدةٍ لنوع المعدة في أي عقد موردٍ نشط"
38254,skipped,0,0,"صفر أثرٍ قابلٍ للتوليد: لا سعر وحدةٍ لنوع المعدة في عقد العميل · لا سعر وحدةٍ لنوع المعدة في أي عقد موردٍ نشط"
38255,skipped,0,0,"صفر أثرٍ قابلٍ للتوليد: لا سعر وحدةٍ لنوع المعدة في عقد العميل · لا سعر وحدةٍ لنوع المعدة في أي عقد موردٍ نشط"
38256,skipped,0,0,"صفر أثرٍ قابلٍ للتوليد: لا سعر وحدةٍ لنوع المعدة في عقد العميل · لا سعر وحدةٍ لنوع المعدة في أي عقد موردٍ نشط"
38257,skipped,0,0,"صفر أثرٍ قابلٍ للتوليد: لا سعر وحدةٍ لنوع المعدة في عقد العميل · لا سعر وحدةٍ لنوع المعدة في أي عقد موردٍ نشط"
38258,skipped,0,0,"صفر أثرٍ قابلٍ للتوليد: لا سعر وحدةٍ لنوع المعدة في عقد العميل · لا سعر وحدةٍ لنوع المعدة في أي عقد موردٍ نشط"
38259,skipped,0,0,"صفر أثرٍ قابلٍ للتوليد: لا سعر وحدةٍ لنوع المعدة في عقد العميل · لا سعر وحدةٍ لنوع المعدة في أي عقد موردٍ نشط"
38260,skipped,0,0,"صفر أثرٍ قابلٍ للتوليد: لا سعر وحدةٍ لنوع المعدة في عقد العميل · لا سعر وحدةٍ لنوع المعدة في أي عقد موردٍ نشط"
38261,skipped,0,0,"صفر أثرٍ قابلٍ للتوليد: لا سعر وحدةٍ لنوع المعدة في عقد العميل · لا سعر وحدةٍ لنوع المعدة في أي عقد موردٍ نشط"
38262,skipped,0,0,"صفر أثرٍ قابلٍ للتوليد: لا سعر وحدةٍ لنوع المعدة في عقد العميل · لا سعر وحدةٍ لنوع المعدة في أي عقد موردٍ نشط"
38263,skipped,0,0,"صفر أثرٍ قابلٍ للتوليد: لا سعر وحدةٍ لنوع المعدة في عقد العميل · لا سعر وحدةٍ لنوع المعدة في أي عقد موردٍ نشط"
38264,skipped,0,0,"صفر أثرٍ قابلٍ للتوليد: لا سعر وحدةٍ لنوع المعدة في عقد العميل · لا سعر وحدةٍ لنوع المعدة في أي عقد موردٍ نشط"
38265,skipped,0,0,"صفر أثرٍ قابلٍ للتوليد: لا سعر وحدةٍ لنوع المعدة في عقد العميل · لا سعر وحدةٍ لنوع المعدة في أي عقد موردٍ نشط"
38266,skipped,0,0,"صفر أثرٍ قابلٍ للتوليد: لا سعر وحدةٍ لنوع المعدة في عقد العميل · لا سعر وحدةٍ لنوع المعدة في أي عقد موردٍ نشط"
38267,skipped,0,0,"صفر أثرٍ قابلٍ للتوليد: لا سعر وحدةٍ لنوع المعدة في عقد العميل · لا سعر وحدةٍ لنوع المعدة في أي عقد موردٍ نشط"
38268,skipped,0,0,"صفر أثرٍ قابلٍ للتوليد: لا سعر وحدةٍ لنوع المعدة في عقد العميل · لا سعر وحدةٍ لنوع المعدة في أي عقد موردٍ نشط"
38269,skipped,0,0,"صفر أثرٍ قابلٍ للتوليد: لا سعر وحدةٍ لنوع المعدة في عقد العميل · لا سعر وحدةٍ لنوع المعدة في أي عقد موردٍ نشط"
38270,skipped,0,0,"صفر أثرٍ قابلٍ للتوليد: لا سعر وحدةٍ لنوع المعدة في عقد العميل · لا سعر وحدةٍ لنوع المعدة في أي عقد موردٍ نشط"
38271,skipped,0,0,"صفر أثرٍ قابلٍ للتوليد: لا سعر وحدةٍ لنوع المعدة في عقد العميل · لا سعر وحدةٍ لنوع المعدة في أي عقد موردٍ نشط"
38272,skipped,0,0,"صفر أثرٍ قابلٍ للتوليد: لا سعر وحدةٍ لنوع المعدة في عقد العميل · لا سعر وحدةٍ لنوع المعدة في أي عقد موردٍ نشط"
38273,skipped,0,0,"صفر أثرٍ قابلٍ للتوليد: لا سعر وحدةٍ لنوع المعدة في عقد العميل · لا سعر وحدةٍ لنوع المعدة في أي عقد موردٍ نشط"
38274,skipped,0,0,"صفر أثرٍ قابلٍ للتوليد: لا سعر وحدةٍ لنوع المعدة في عقد العميل · لا سعر وحدةٍ لنوع المعدة في أي عقد موردٍ نشط"
38275,skipped,0,0,"صفر أثرٍ قابلٍ للتوليد: لا سعر وحدةٍ لنوع المعدة في عقد العميل · لا سعر وحدةٍ لنوع المعدة في أي عقد موردٍ نشط"
38276,skipped,0,0,"صفر أثرٍ قابلٍ للتوليد: لا سعر وحدةٍ لنوع المعدة في عقد العميل · لا سعر وحدةٍ لنوع المعدة في أي عقد موردٍ نشط"
38277,skipped,0,0,"صفر أثرٍ قابلٍ للتوليد: لا سعر وحدةٍ لنوع المعدة في عقد العميل · لا سعر وحدةٍ لنوع المعدة في أي عقد موردٍ نشط"
38278,skipped,0,0,"صفر أثرٍ قابلٍ للتوليد: لا سعر وحدةٍ لنوع المعدة في عقد العميل · لا سعر وحدةٍ لنوع المعدة في أي عقد موردٍ نشط"
38279,skipped,0,0,"صفر أثرٍ قابلٍ للتوليد: لا سعر وحدةٍ لنوع المعدة في عقد العميل · لا سعر وحدةٍ لنوع المعدة في أي عقد موردٍ نشط"
38280,skipped,0,0,"صفر أثرٍ قابلٍ للتوليد: لا سعر وحدةٍ لنوع المعدة في عقد العميل · لا سعر وحدةٍ لنوع المعدة في أي عقد موردٍ نشط"
38761,skipped,0,0,"صفر أثرٍ قابلٍ للتوليد: لا سعر وحدةٍ لنوع المعدة في عقد العميل · لا سعر وحدةٍ لنوع المعدة في أي عقد موردٍ نشط"
38762,skipped,0,0,"صفر أثرٍ قابلٍ للتوليد: لا سعر وحدةٍ لنوع المعدة في عقد العميل · لا سعر وحدةٍ لنوع المعدة في أي عقد موردٍ نشط"
38763,skipped,0,0,"صفر أثرٍ قابلٍ للتوليد: لا سعر وحدةٍ لنوع المعدة في عقد العميل · لا سعر وحدةٍ لنوع المعدة في أي عقد موردٍ نشط"
38764,skipped,0,0,"صفر أثرٍ قابلٍ للتوليد: لا سعر وحدةٍ لنوع المعدة في عقد العميل · لا سعر وحدةٍ لنوع المعدة في أي عقد موردٍ نشط"
38765,skipped,0,0,"صفر أثرٍ قابلٍ للتوليد: لا سعر وحدةٍ لنوع المعدة في عقد العميل · لا سعر وحدةٍ لنوع المعدة في أي عقد موردٍ نشط"
38766,skipped,0,0,"صفر أثرٍ قابلٍ للتوليد: لا سعر وحدةٍ لنوع المعدة في عقد العميل · لا سعر وحدةٍ لنوع المعدة في أي عقد موردٍ نشط"
38767,skipped,0,0,"صفر أثرٍ قابلٍ للتوليد: لا سعر وحدةٍ لنوع المعدة في عقد العميل · لا سعر وحدةٍ لنوع المعدة في أي عقد موردٍ نشط"
38768,skipped,0,0,"صفر أثرٍ قابلٍ للتوليد: لا سعر وحدةٍ لنوع المعدة في عقد العميل · لا سعر وحدةٍ لنوع المعدة في أي عقد موردٍ نشط"
38769,skipped,0,0,"صفر أثرٍ قابلٍ للتوليد: لا سعر وحدةٍ لنوع المعدة في عقد العميل · لا سعر وحدةٍ لنوع المعدة في أي عقد موردٍ نشط"
38770,skipped,0,0,"صفر أثرٍ قابلٍ للتوليد: لا سعر وحدةٍ لنوع المعدة في عقد العميل · لا سعر وحدةٍ لنوع المعدة في أي عقد موردٍ نشط"
38771,skipped,0,0,"صفر أثرٍ قابلٍ للتوليد: لا سعر وحدةٍ لنوع المعدة في عقد العميل · لا سعر وحدةٍ لنوع المعدة في أي عقد موردٍ نشط"
38772,skipped,0,0,"صفر أثرٍ قابلٍ للتوليد: لا سعر وحدةٍ لنوع المعدة في عقد العميل · لا سعر وحدةٍ لنوع المعدة في أي عقد موردٍ نشط"
38773,skipped,0,0,"صفر أثرٍ قابلٍ للتوليد: لا سعر وحدةٍ لنوع المعدة في عقد العميل · لا سعر وحدةٍ لنوع المعدة في أي عقد موردٍ نشط"
38774,skipped,0,0,"صفر أثرٍ قابلٍ للتوليد: لا سعر وحدةٍ لنوع المعدة في عقد العميل · لا سعر وحدةٍ لنوع المعدة في أي عقد موردٍ نشط"
38775,skipped,0,0,"صفر أثرٍ قابلٍ للتوليد: لا سعر وحدةٍ لنوع المعدة في عقد العميل · لا سعر وحدةٍ لنوع المعدة في أي عقد موردٍ نشط"
38776,skipped,0,0,"صفر أثرٍ قابلٍ للتوليد: لا سعر وحدةٍ لنوع المعدة في عقد العميل · لا سعر وحدةٍ لنوع المعدة في أي عقد موردٍ نشط"
38777,skipped,0,0,"صفر أثرٍ قابلٍ للتوليد: لا سعر وحدةٍ لنوع المعدة في عقد العميل · لا سعر وحدةٍ لنوع المعدة في أي عقد موردٍ نشط"
38778,skipped,0,0,"صفر أثرٍ قابلٍ للتوليد: لا سعر وحدةٍ لنوع المعدة في عقد العميل · لا سعر وحدةٍ لنوع المعدة في أي عقد موردٍ نشط"
38779,skipped,0,0,"صفر أثرٍ قابلٍ للتوليد: لا سعر وحدةٍ لنوع المعدة في عقد العميل · لا سعر وحدةٍ لنوع المعدة في أي عقد موردٍ نشط"
38780,skipped,0,0,"صفر أثرٍ قابلٍ للتوليد: لا سعر وحدةٍ لنوع المعدة في عقد العميل · لا سعر وحدةٍ لنوع المعدة في أي عقد موردٍ نشط"
38781,skipped,0,0,"صفر أثرٍ قابلٍ للتوليد: لا سعر وحدةٍ لنوع المعدة في عقد العميل · لا سعر وحدةٍ لنوع المعدة في أي عقد موردٍ نشط"
38782,skipped,0,0,"صفر أثرٍ قابلٍ للتوليد: لا سعر وحدةٍ لنوع المعدة في عقد العميل · لا سعر وحدةٍ لنوع المعدة في أي عقد موردٍ نشط"
38783,skipped,0,0,"صفر أثرٍ قابلٍ للتوليد: لا سعر وحدةٍ لنوع المعدة في عقد العميل · لا سعر وحدةٍ لنوع المعدة في أي عقد موردٍ نشط"
38784,skipped,0,0,"صفر أثرٍ قابلٍ للتوليد: لا سعر وحدةٍ لنوع المعدة في عقد العميل · لا سعر وحدةٍ لنوع المعدة في أي عقد موردٍ نشط"
38785,skipped,0,0,"صفر أثرٍ قابلٍ للتوليد: لا سعر وحدةٍ لنوع المعدة في عقد العميل · لا سعر وحدةٍ لنوع المعدة في أي عقد موردٍ نشط"
38786,skipped,0,0,"صفر أثرٍ قابلٍ للتوليد: لا سعر وحدةٍ لنوع المعدة في عقد العميل · لا سعر وحدةٍ لنوع المعدة في أي عقد موردٍ نشط"
38787,skipped,0,0,"صفر أثرٍ قابلٍ للتوليد: لا سعر وحدةٍ لنوع المعدة في عقد العميل · لا سعر وحدةٍ لنوع المعدة في أي عقد موردٍ نشط"
38788,skipped,0,0,"صفر أثرٍ قابلٍ للتوليد: لا سعر وحدةٍ لنوع المعدة في عقد العميل · لا سعر وحدةٍ لنوع المعدة في أي عقد موردٍ نشط"
38789,skipped,0,0,"صفر أثرٍ قابلٍ للتوليد: لا سعر وحدةٍ لنوع المعدة في عقد العميل · لا سعر وحدةٍ لنوع المعدة في أي عقد موردٍ نشط"
38790,skipped,0,0,"صفر أثرٍ قابلٍ للتوليد: لا سعر وحدةٍ لنوع المعدة في عقد العميل · لا سعر وحدةٍ لنوع المعدة في أي عقد موردٍ نشط"
38791,skipped,0,0,"صفر أثرٍ قابلٍ للتوليد: لا سعر وحدةٍ لنوع المعدة في عقد العميل · لا سعر وحدةٍ لنوع المعدة في أي عقد موردٍ نشط"
38792,skipped,0,0,"صفر أثرٍ قابلٍ للتوليد: لا سعر وحدةٍ لنوع المعدة في عقد العميل · لا سعر وحدةٍ لنوع المعدة في أي عقد موردٍ نشط"
38793,skipped,0,0,"صفر أثرٍ قابلٍ للتوليد: لا سعر وحدةٍ لنوع المعدة في عقد العميل · لا سعر وحدةٍ لنوع المعدة في أي عقد موردٍ نشط"
38794,skipped,0,0,"صفر أثرٍ قابلٍ للتوليد: لا سعر وحدةٍ لنوع المعدة في عقد العميل · لا سعر وحدةٍ لنوع المعدة في أي عقد موردٍ نشط"
38795,skipped,0,0,"صفر أثرٍ قابلٍ للتوليد: لا سعر وحدةٍ لنوع المعدة في عقد العميل · لا سعر وحدةٍ لنوع المعدة في أي عقد موردٍ نشط"
38796,skipped,0,0,"صفر أثرٍ قابلٍ للتوليد: لا سعر وحدةٍ لنوع المعدة في عقد العميل · لا سعر وحدةٍ لنوع المعدة في أي عقد موردٍ نشط"
38797,skipped,0,0,"صفر أثرٍ قابلٍ للتوليد: لا سعر وحدةٍ لنوع المعدة في عقد العميل · لا سعر وحدةٍ لنوع المعدة في أي عقد موردٍ نشط"
38798,skipped,0,0,"صفر أثرٍ قابلٍ للتوليد: لا سعر وحدةٍ لنوع المعدة في عقد العميل · لا سعر وحدةٍ لنوع المعدة في أي عقد موردٍ نشط"
38799,skipped,0,0,"صفر أثرٍ قابلٍ للتوليد: لا سعر وحدةٍ لنوع المعدة في عقد العميل · لا سعر وحدةٍ لنوع المعدة في أي عقد موردٍ نشط"
38800,skipped,0,0,"صفر أثرٍ قابلٍ للتوليد: لا سعر وحدةٍ لنوع المعدة في عقد العميل · لا سعر وحدةٍ لنوع المعدة في أي عقد موردٍ نشط"
38801,skipped,0,0,"صفر أثرٍ قابلٍ للتوليد: لا سعر وحدةٍ لنوع المعدة في عقد العميل · لا سعر وحدةٍ لنوع المعدة في أي عقد موردٍ نشط"
38802,skipped,0,0,"صفر أثرٍ قابلٍ للتوليد: لا سعر وحدةٍ لنوع المعدة في عقد العميل · لا سعر وحدةٍ لنوع المعدة في أي عقد موردٍ نشط"
38803,skipped,0,0,"صفر أثرٍ قابلٍ للتوليد: لا سعر وحدةٍ لنوع المعدة في عقد العميل · لا سعر وحدةٍ لنوع المعدة في أي عقد موردٍ نشط"
38804,skipped,0,0,"صفر أثرٍ قابلٍ للتوليد: لا سعر وحدةٍ لنوع المعدة في عقد العميل · لا سعر وحدةٍ لنوع المعدة في أي عقد موردٍ نشط"
38805,skipped,0,0,"صفر أثرٍ قابلٍ للتوليد: لا سعر وحدةٍ لنوع المعدة في عقد العميل · لا سعر وحدةٍ لنوع المعدة في أي عقد موردٍ نشط"
38806,skipped,0,0,"صفر أثرٍ قابلٍ للتوليد: لا سعر وحدةٍ لنوع المعدة في عقد العميل · لا سعر وحدةٍ لنوع المعدة في أي عقد موردٍ نشط"
38807,skipped,0,0,"صفر أثرٍ قابلٍ للتوليد: لا سعر وحدةٍ لنوع المعدة في عقد العميل · لا سعر وحدةٍ لنوع المعدة في أي عقد موردٍ نشط"
38808,skipped,0,0,"صفر أثرٍ قابلٍ للتوليد: لا سعر وحدةٍ لنوع المعدة في عقد العميل · لا سعر وحدةٍ لنوع المعدة في أي عقد موردٍ نشط"
38809,skipped,0,0,"صفر أثرٍ قابلٍ للتوليد: لا سعر وحدةٍ لنوع المعدة في عقد العميل · لا سعر وحدةٍ لنوع المعدة في أي عقد موردٍ نشط"
38810,skipped,0,0,"صفر أثرٍ قابلٍ للتوليد: لا سعر وحدةٍ لنوع المعدة في عقد العميل · لا سعر وحدةٍ لنوع المعدة في أي عقد موردٍ نشط"
38811,skipped,0,0,"صفر أثرٍ قابلٍ للتوليد: لا سعر وحدةٍ لنوع المعدة في عقد العميل · لا سعر وحدةٍ لنوع المعدة في أي عقد موردٍ نشط"
38812,skipped,0,0,"صفر أثرٍ قابلٍ للتوليد: لا سعر وحدةٍ لنوع المعدة في عقد العميل · لا سعر وحدةٍ لنوع المعدة في أي عقد موردٍ نشط"
38813,skipped,0,0,"صفر أثرٍ قابلٍ للتوليد: لا سعر وحدةٍ لنوع المعدة في عقد العميل · لا سعر وحدةٍ لنوع المعدة في أي عقد موردٍ نشط"
38814,skipped,0,0,"صفر أثرٍ قابلٍ للتوليد: لا سعر وحدةٍ لنوع المعدة في عقد العميل · لا سعر وحدةٍ لنوع المعدة في أي عقد موردٍ نشط"
38815,skipped,0,0,"صفر أثرٍ قابلٍ للتوليد: لا سعر وحدةٍ لنوع المعدة في عقد العميل · لا سعر وحدةٍ لنوع المعدة في أي عقد موردٍ نشط"
38816,skipped,0,0,"صفر أثرٍ قابلٍ للتوليد: لا سعر وحدةٍ لنوع المعدة في عقد العميل · لا سعر وحدةٍ لنوع المعدة في أي عقد موردٍ نشط"
38817,skipped,0,0,"صفر أثرٍ قابلٍ للتوليد: لا سعر وحدةٍ لنوع المعدة في عقد العميل · لا سعر وحدةٍ لنوع المعدة في أي عقد موردٍ نشط"
38818,skipped,0,0,"صفر أثرٍ قابلٍ للتوليد: لا سعر وحدةٍ لنوع المعدة في عقد العميل · لا سعر وحدةٍ لنوع المعدة في أي عقد موردٍ نشط"
38819,skipped,0,0,"صفر أثرٍ قابلٍ للتوليد: لا سعر وحدةٍ لنوع المعدة في عقد العميل · لا سعر وحدةٍ لنوع المعدة في أي عقد موردٍ نشط"
38820,skipped,0,0,"صفر أثرٍ قابلٍ للتوليد: لا سعر وحدةٍ لنوع المعدة في عقد العميل · لا سعر وحدةٍ لنوع المعدة في أي عقد موردٍ نشط"
38821,skipped,0,0,"صفر أثرٍ قابلٍ للتوليد: لا سعر وحدةٍ لنوع المعدة في عقد العميل · لا سعر وحدةٍ لنوع المعدة في أي عقد موردٍ نشط"
39003,skipped,0,0,"صفر أثرٍ قابلٍ للتوليد: لا سعر وحدةٍ لنوع المعدة في عقد العميل · لا سعر وحدةٍ لنوع المعدة في أي عقد موردٍ نشط"
39004,skipped,0,0,"صفر أثرٍ قابلٍ للتوليد: لا سعر وحدةٍ لنوع المعدة في عقد العميل · لا سعر وحدةٍ لنوع المعدة في أي عقد موردٍ نشط"
39005,skipped,0,0,"صفر أثرٍ قابلٍ للتوليد: لا سعر وحدةٍ لنوع المعدة في عقد العميل · لا سعر وحدةٍ لنوع المعدة في أي عقد موردٍ نشط"
39006,skipped,0,0,"صفر أثرٍ قابلٍ للتوليد: لا سعر وحدةٍ لنوع المعدة في عقد العميل · لا سعر وحدةٍ لنوع المعدة في أي عقد موردٍ نشط"
39007,skipped,0,0,"صفر أثرٍ قابلٍ للتوليد: لا سعر وحدةٍ لنوع المعدة في عقد العميل · لا سعر وحدةٍ لنوع المعدة في أي عقد موردٍ نشط"
39008,skipped,0,0,"صفر أثرٍ قابلٍ للتوليد: لا سعر وحدةٍ لنوع المعدة في عقد العميل · لا سعر وحدةٍ لنوع المعدة في أي عقد موردٍ نشط"
39009,skipped,0,0,"صفر أثرٍ قابلٍ للتوليد: لا سعر وحدةٍ لنوع المعدة في عقد العميل · لا سعر وحدةٍ لنوع المعدة في أي عقد موردٍ نشط"
39010,skipped,0,0,"صفر أثرٍ قابلٍ للتوليد: لا سعر وحدةٍ لنوع المعدة في عقد العميل · لا سعر وحدةٍ لنوع المعدة في أي عقد موردٍ نشط"
39011,skipped,0,0,"صفر أثرٍ قابلٍ للتوليد: لا سعر وحدةٍ لنوع المعدة في عقد العميل · لا سعر وحدةٍ لنوع المعدة في أي عقد موردٍ نشط"
39012,skipped,0,0,"صفر أثرٍ قابلٍ للتوليد: لا سعر وحدةٍ لنوع المعدة في عقد العميل · لا سعر وحدةٍ لنوع المعدة في أي عقد موردٍ نشط"
39013,skipped,0,0,"صفر أثرٍ قابلٍ للتوليد: لا سعر وحدةٍ لنوع المعدة في عقد العميل · لا سعر وحدةٍ لنوع المعدة في أي عقد موردٍ نشط"
39014,skipped,0,0,"صفر أثرٍ قابلٍ للتوليد: لا سعر وحدةٍ لنوع المعدة في عقد العميل · لا سعر وحدةٍ لنوع المعدة في أي عقد موردٍ نشط"
39015,skipped,0,0,"صفر أثرٍ قابلٍ للتوليد: لا سعر وحدةٍ لنوع المعدة في عقد العميل · لا سعر وحدةٍ لنوع المعدة في أي عقد موردٍ نشط"
39016,skipped,0,0,"صفر أثرٍ قابلٍ للتوليد: لا سعر وحدةٍ لنوع المعدة في عقد العميل · لا سعر وحدةٍ لنوع المعدة في أي عقد موردٍ نشط"
39017,skipped,0,0,"صفر أثرٍ قابلٍ للتوليد: لا سعر وحدةٍ لنوع المعدة في عقد العميل · لا سعر وحدةٍ لنوع المعدة في أي عقد موردٍ نشط"
39018,skipped,0,0,"صفر أثرٍ قابلٍ للتوليد: لا سعر وحدةٍ لنوع المعدة في عقد العميل · لا سعر وحدةٍ لنوع المعدة في أي عقد موردٍ نشط"
39019,skipped,0,0,"صفر أثرٍ قابلٍ للتوليد: لا سعر وحدةٍ لنوع المعدة في عقد العميل · لا سعر وحدةٍ لنوع المعدة في أي عقد موردٍ نشط"
39020,skipped,0,0,"صفر أثرٍ قابلٍ للتوليد: لا سعر وحدةٍ لنوع المعدة في عقد العميل · لا سعر وحدةٍ لنوع المعدة في أي عقد موردٍ نشط"
39021,skipped,0,0,"صفر أثرٍ قابلٍ للتوليد: لا سعر وحدةٍ لنوع المعدة في عقد العميل · لا سعر وحدةٍ لنوع المعدة في أي عقد موردٍ نشط"
39022,skipped,0,0,"صفر أثرٍ قابلٍ للتوليد: لا سعر وحدةٍ لنوع المعدة في عقد العميل · لا سعر وحدةٍ لنوع المعدة في أي عقد موردٍ نشط"
39023,skipped,0,0,"صفر أثرٍ قابلٍ للتوليد: لا سعر وحدةٍ لنوع المعدة في عقد العميل · لا سعر وحدةٍ لنوع المعدة في أي عقد موردٍ نشط"
39024,skipped,0,0,"صفر أثرٍ قابلٍ للتوليد: لا سعر وحدةٍ لنوع المعدة في عقد العميل · لا سعر وحدةٍ لنوع المعدة في أي عقد موردٍ نشط"
39025,skipped,0,0,"صفر أثرٍ قابلٍ للتوليد: لا سعر وحدةٍ لنوع المعدة في عقد العميل · لا سعر وحدةٍ لنوع المعدة في أي عقد موردٍ نشط"
39026,skipped,0,0,"صفر أثرٍ قابلٍ للتوليد: لا سعر وحدةٍ لنوع المعدة في عقد العميل · لا سعر وحدةٍ لنوع المعدة في أي عقد موردٍ نشط"
39027,skipped,0,0,"صفر أثرٍ قابلٍ للتوليد: لا سعر وحدةٍ لنوع المعدة في عقد العميل · لا سعر وحدةٍ لنوع المعدة في أي عقد موردٍ نشط"
39028,skipped,0,0,"صفر أثرٍ قابلٍ للتوليد: لا سعر وحدةٍ لنوع المعدة في عقد العميل · لا سعر وحدةٍ لنوع المعدة في أي عقد موردٍ نشط"
39029,skipped,0,0,"صفر أثرٍ قابلٍ للتوليد: لا سعر وحدةٍ لنوع المعدة في عقد العميل · لا سعر وحدةٍ لنوع المعدة في أي عقد موردٍ نشط"
39030,skipped,0,0,"صفر أثرٍ قابلٍ للتوليد: لا سعر وحدةٍ لنوع المعدة في عقد العميل · لا سعر وحدةٍ لنوع المعدة في أي عقد موردٍ نشط"
39031,skipped,0,0,"صفر أثرٍ قابلٍ للتوليد: لا سعر وحدةٍ لنوع المعدة في عقد العميل · لا سعر وحدةٍ لنوع المعدة في أي عقد موردٍ نشط"
39032,skipped,0,0,"صفر أثرٍ قابلٍ للتوليد: لا سعر وحدةٍ لنوع المعدة في عقد العميل · لا سعر وحدةٍ لنوع المعدة في أي عقد موردٍ نشط"
39033,skipped,0,0,"صفر أثرٍ قابلٍ للتوليد: لا سعر وحدةٍ لنوع المعدة في عقد العميل · لا سعر وحدةٍ لنوع المعدة في أي عقد موردٍ نشط"
39034,skipped,0,0,"صفر أثرٍ قابلٍ للتوليد: لا سعر وحدةٍ لنوع المعدة في عقد العميل · لا سعر وحدةٍ لنوع المعدة في أي عقد موردٍ نشط"
39035,skipped,0,0,"صفر أثرٍ قابلٍ للتوليد: لا سعر وحدةٍ لنوع المعدة في عقد العميل · لا سعر وحدةٍ لنوع المعدة في أي عقد موردٍ نشط"
39036,skipped,0,0,"صفر أثرٍ قابلٍ للتوليد: لا سعر وحدةٍ لنوع المعدة في عقد العميل · لا سعر وحدةٍ لنوع المعدة في أي عقد موردٍ نشط"
39037,skipped,0,0,"صفر أثرٍ قابلٍ للتوليد: لا سعر وحدةٍ لنوع المعدة في عقد العميل · لا سعر وحدةٍ لنوع المعدة في أي عقد موردٍ نشط"
39038,skipped,0,0,"صفر أثرٍ قابلٍ للتوليد: لا سعر وحدةٍ لنوع المعدة في عقد العميل · لا سعر وحدةٍ لنوع المعدة في أي عقد موردٍ نشط"
39039,skipped,0,0,"صفر أثرٍ قابلٍ للتوليد: لا سعر وحدةٍ لنوع المعدة في عقد العميل · لا سعر وحدةٍ لنوع المعدة في أي عقد موردٍ نشط"
39040,skipped,0,0,"صفر أثرٍ قابلٍ للتوليد: لا سعر وحدةٍ لنوع المعدة في عقد العميل · لا سعر وحدةٍ لنوع المعدة في أي عقد موردٍ نشط"
39041,skipped,0,0,"صفر أثرٍ قابلٍ للتوليد: لا سعر وحدةٍ لنوع المعدة في عقد العميل · لا سعر وحدةٍ لنوع المعدة في أي عقد موردٍ نشط"
39042,skipped,0,0,"صفر أثرٍ قابلٍ للتوليد: لا سعر وحدةٍ لنوع المعدة في عقد العميل · لا سعر وحدةٍ لنوع المعدة في أي عقد موردٍ نشط"
39043,skipped,0,0,"صفر أثرٍ قابلٍ للتوليد: لا سعر وحدةٍ لنوع المعدة في عقد العميل · لا سعر وحدةٍ لنوع المعدة في أي عقد موردٍ نشط"
39044,skipped,0,0,"صفر أثرٍ قابلٍ للتوليد: لا سعر وحدةٍ لنوع المعدة في عقد العميل · لا سعر وحدةٍ لنوع المعدة في أي عقد موردٍ نشط"
39045,skipped,0,0,"صفر أثرٍ قابلٍ للتوليد: لا سعر وحدةٍ لنوع المعدة في عقد العميل · لا سعر وحدةٍ لنوع المعدة في أي عقد موردٍ نشط"
39046,skipped,0,0,"صفر أثرٍ قابلٍ للتوليد: لا سعر وحدةٍ لنوع المعدة في عقد العميل · لا سعر وحدةٍ لنوع المعدة في أي عقد موردٍ نشط"
39047,skipped,0,0,"صفر أثرٍ قابلٍ للتوليد: لا سعر وحدةٍ لنوع المعدة في عقد العميل · لا سعر وحدةٍ لنوع المعدة في أي عقد موردٍ نشط"
39048,skipped,0,0,"صفر أثرٍ قابلٍ للتوليد: لا سعر وحدةٍ لنوع المعدة في عقد العميل · لا سعر وحدةٍ لنوع المعدة في أي عقد موردٍ نشط"
39049,skipped,0,0,"صفر أثرٍ قابلٍ للتوليد: لا سعر وحدةٍ لنوع المعدة في عقد العميل · لا سعر وحدةٍ لنوع المعدة في أي عقد موردٍ نشط"
39050,skipped,0,0,"صفر أثرٍ قابلٍ للتوليد: لا سعر وحدةٍ لنوع المعدة في عقد العميل · لا سعر وحدةٍ لنوع المعدة في أي عقد موردٍ نشط"
39051,skipped,0,0,"صفر أثرٍ قابلٍ للتوليد: لا سعر وحدةٍ لنوع المعدة في عقد العميل · لا سعر وحدةٍ لنوع المعدة في أي عقد موردٍ نشط"
39052,skipped,0,0,"صفر أثرٍ قابلٍ للتوليد: لا سعر وحدةٍ لنوع المعدة في عقد العميل · لا سعر وحدةٍ لنوع المعدة في أي عقد موردٍ نشط"
39053,skipped,0,0,"صفر أثرٍ قابلٍ للتوليد: لا سعر وحدةٍ لنوع المعدة في عقد العميل · لا سعر وحدةٍ لنوع المعدة في أي عقد موردٍ نشط"
39054,skipped,0,0,"صفر أثرٍ قابلٍ للتوليد: لا سعر وحدةٍ لنوع المعدة في عقد العميل · لا سعر وحدةٍ لنوع المعدة في أي عقد موردٍ نشط"
39055,skipped,0,0,"صفر أثرٍ قابلٍ للتوليد: لا سعر وحدةٍ لنوع المعدة في عقد العميل · لا سعر وحدةٍ لنوع المعدة في أي عقد موردٍ نشط"
39056,skipped,0,0,"صفر أثرٍ قابلٍ للتوليد: لا سعر وحدةٍ لنوع المعدة في عقد العميل · لا سعر وحدةٍ لنوع المعدة في أي عقد موردٍ نشط"
39057,skipped,0,0,"صفر أثرٍ قابلٍ للتوليد: لا سعر وحدةٍ لنوع المعدة في عقد العميل · لا سعر وحدةٍ لنوع المعدة في أي عقد موردٍ نشط"
39058,skipped,0,0,"صفر أثرٍ قابلٍ للتوليد: لا سعر وحدةٍ لنوع المعدة في عقد العميل · لا سعر وحدةٍ لنوع المعدة في أي عقد موردٍ نشط"
39059,skipped,0,0,"صفر أثرٍ قابلٍ للتوليد: لا سعر وحدةٍ لنوع المعدة في عقد العميل · لا سعر وحدةٍ لنوع المعدة في أي عقد موردٍ نشط"
39060,skipped,0,0,"صفر أثرٍ قابلٍ للتوليد: لا سعر وحدةٍ لنوع المعدة في عقد العميل · لا سعر وحدةٍ لنوع المعدة في أي عقد موردٍ نشط"
39061,skipped,0,0,"صفر أثرٍ قابلٍ للتوليد: لا سعر وحدةٍ لنوع المعدة في عقد العميل · لا سعر وحدةٍ لنوع المعدة في أي عقد موردٍ نشط"
39062,skipped,0,0,"صفر أثرٍ قابلٍ للتوليد: لا سعر وحدةٍ لنوع المعدة في عقد العميل · لا سعر وحدةٍ لنوع المعدة في أي عقد موردٍ نشط"
39063,skipped,0,0,"صفر أثرٍ قابلٍ للتوليد: لا سعر وحدةٍ لنوع المعدة في عقد العميل · لا سعر وحدةٍ لنوع المعدة في أي عقد موردٍ نشط"
39245,skipped,0,0,"صفر أثرٍ قابلٍ للتوليد: لا سعر وحدةٍ لنوع المعدة في عقد العميل · لا سعر وحدةٍ لنوع المعدة في أي عقد موردٍ نشط"
39246,skipped,0,0,"صفر أثرٍ قابلٍ للتوليد: لا سعر وحدةٍ لنوع المعدة في عقد العميل · لا سعر وحدةٍ لنوع المعدة في أي عقد موردٍ نشط"
39247,skipped,0,0,"صفر أثرٍ قابلٍ للتوليد: لا سعر وحدةٍ لنوع المعدة في عقد العميل · لا سعر وحدةٍ لنوع المعدة في أي عقد موردٍ نشط"
39248,skipped,0,0,"صفر أثرٍ قابلٍ للتوليد: لا سعر وحدةٍ لنوع المعدة في عقد العميل · لا سعر وحدةٍ لنوع المعدة في أي عقد موردٍ نشط"
39249,skipped,0,0,"صفر أثرٍ قابلٍ للتوليد: لا سعر وحدةٍ لنوع المعدة في عقد العميل · لا سعر وحدةٍ لنوع المعدة في أي عقد موردٍ نشط"
39250,skipped,0,0,"صفر أثرٍ قابلٍ للتوليد: لا سعر وحدةٍ لنوع المعدة في عقد العميل · لا سعر وحدةٍ لنوع المعدة في أي عقد موردٍ نشط"
39251,skipped,0,0,"صفر أثرٍ قابلٍ للتوليد: لا سعر وحدةٍ لنوع المعدة في عقد العميل · لا سعر وحدةٍ لنوع المعدة في أي عقد موردٍ نشط"
39252,skipped,0,0,"صفر أثرٍ قابلٍ للتوليد: لا سعر وحدةٍ لنوع المعدة في عقد العميل · لا سعر وحدةٍ لنوع المعدة في أي عقد موردٍ نشط"
39253,skipped,0,0,"صفر أثرٍ قابلٍ للتوليد: لا سعر وحدةٍ لنوع المعدة في عقد العميل · لا سعر وحدةٍ لنوع المعدة في أي عقد موردٍ نشط"
39254,skipped,0,0,"صفر أثرٍ قابلٍ للتوليد: لا سعر وحدةٍ لنوع المعدة في عقد العميل · لا سعر وحدةٍ لنوع المعدة في أي عقد موردٍ نشط"
39255,skipped,0,0,"صفر أثرٍ قابلٍ للتوليد: لا سعر وحدةٍ لنوع المعدة في عقد العميل · لا سعر وحدةٍ لنوع المعدة في أي عقد موردٍ نشط"
39256,skipped,0,0,"صفر أثرٍ قابلٍ للتوليد: لا سعر وحدةٍ لنوع المعدة في عقد العميل · لا سعر وحدةٍ لنوع المعدة في أي عقد موردٍ نشط"
39257,skipped,0,0,"صفر أثرٍ قابلٍ للتوليد: لا سعر وحدةٍ لنوع المعدة في عقد العميل · لا سعر وحدةٍ لنوع المعدة في أي عقد موردٍ نشط"
39258,skipped,0,0,"صفر أثرٍ قابلٍ للتوليد: لا سعر وحدةٍ لنوع المعدة في عقد العميل · لا سعر وحدةٍ لنوع المعدة في أي عقد موردٍ نشط"
39259,skipped,0,0,"صفر أثرٍ قابلٍ للتوليد: لا سعر وحدةٍ لنوع المعدة في عقد العميل · لا سعر وحدةٍ لنوع المعدة في أي عقد موردٍ نشط"
39260,skipped,0,0,"صفر أثرٍ قابلٍ للتوليد: لا سعر وحدةٍ لنوع المعدة في عقد العميل · لا سعر وحدةٍ لنوع المعدة في أي عقد موردٍ نشط"
39261,skipped,0,0,"صفر أثرٍ قابلٍ للتوليد: لا سعر وحدةٍ لنوع المعدة في عقد العميل · لا سعر وحدةٍ لنوع المعدة في أي عقد موردٍ نشط"
39262,skipped,0,0,"صفر أثرٍ قابلٍ للتوليد: لا سعر وحدةٍ لنوع المعدة في عقد العميل · لا سعر وحدةٍ لنوع المعدة في أي عقد موردٍ نشط"
39263,skipped,0,0,"صفر أثرٍ قابلٍ للتوليد: لا سعر وحدةٍ لنوع المعدة في عقد العميل · لا سعر وحدةٍ لنوع المعدة في أي عقد موردٍ نشط"
39264,skipped,0,0,"صفر أثرٍ قابلٍ للتوليد: لا سعر وحدةٍ لنوع المعدة في عقد العميل · لا سعر وحدةٍ لنوع المعدة في أي عقد موردٍ نشط"
39265,skipped,0,0,"صفر أثرٍ قابلٍ للتوليد: لا سعر وحدةٍ لنوع المعدة في عقد العميل · لا سعر وحدةٍ لنوع المعدة في أي عقد موردٍ نشط"
39266,skipped,0,0,"صفر أثرٍ قابلٍ للتوليد: لا سعر وحدةٍ لنوع المعدة في عقد العميل · لا سعر وحدةٍ لنوع المعدة في أي عقد موردٍ نشط"
39267,skipped,0,0,"صفر أثرٍ قابلٍ للتوليد: لا سعر وحدةٍ لنوع المعدة في عقد العميل · لا سعر وحدةٍ لنوع المعدة في أي عقد موردٍ نشط"
39268,skipped,0,0,"صفر أثرٍ قابلٍ للتوليد: لا سعر وحدةٍ لنوع المعدة في عقد العميل · لا سعر وحدةٍ لنوع المعدة في أي عقد موردٍ نشط"
39269,skipped,0,0,"صفر أثرٍ قابلٍ للتوليد: لا سعر وحدةٍ لنوع المعدة في عقد العميل · لا سعر وحدةٍ لنوع المعدة في أي عقد موردٍ نشط"
39270,skipped,0,0,"صفر أثرٍ قابلٍ للتوليد: لا سعر وحدةٍ لنوع المعدة في عقد العميل · لا سعر وحدةٍ لنوع المعدة في أي عقد موردٍ نشط"
39271,skipped,0,0,"صفر أثرٍ قابلٍ للتوليد: لا سعر وحدةٍ لنوع المعدة في عقد العميل · لا سعر وحدةٍ لنوع المعدة في أي عقد موردٍ نشط"
39272,skipped,0,0,"صفر أثرٍ قابلٍ للتوليد: لا سعر وحدةٍ لنوع المعدة في عقد العميل · لا سعر وحدةٍ لنوع المعدة في أي عقد موردٍ نشط"
39273,skipped,0,0,"صفر أثرٍ قابلٍ للتوليد: لا سعر وحدةٍ لنوع المعدة في عقد العميل · لا سعر وحدةٍ لنوع المعدة في أي عقد موردٍ نشط"
39274,skipped,0,0,"صفر أثرٍ قابلٍ للتوليد: لا سعر وحدةٍ لنوع المعدة في عقد العميل · لا سعر وحدةٍ لنوع المعدة في أي عقد موردٍ نشط"
39275,skipped,0,0,"صفر أثرٍ قابلٍ للتوليد: لا سعر وحدةٍ لنوع المعدة في عقد العميل · لا سعر وحدةٍ لنوع المعدة في أي عقد موردٍ نشط"
39276,skipped,0,0,"صفر أثرٍ قابلٍ للتوليد: لا سعر وحدةٍ لنوع المعدة في عقد العميل · لا سعر وحدةٍ لنوع المعدة في أي عقد موردٍ نشط"
39277,skipped,0,0,"صفر أثرٍ قابلٍ للتوليد: لا سعر وحدةٍ لنوع المعدة في عقد العميل · لا سعر وحدةٍ لنوع المعدة في أي عقد موردٍ نشط"
39278,skipped,0,0,"صفر أثرٍ قابلٍ للتوليد: لا سعر وحدةٍ لنوع المعدة في عقد العميل · لا سعر وحدةٍ لنوع المعدة في أي عقد موردٍ نشط"
39279,skipped,0,0,"صفر أثرٍ قابلٍ للتوليد: لا سعر وحدةٍ لنوع المعدة في عقد العميل · لا سعر وحدةٍ لنوع المعدة في أي عقد موردٍ نشط"
39280,skipped,0,0,"صفر أثرٍ قابلٍ للتوليد: لا سعر وحدةٍ لنوع المعدة في عقد العميل · لا سعر وحدةٍ لنوع المعدة في أي عقد موردٍ نشط"
39281,skipped,0,0,"صفر أثرٍ قابلٍ للتوليد: لا سعر وحدةٍ لنوع المعدة في عقد العميل · لا سعر وحدةٍ لنوع المعدة في أي عقد موردٍ نشط"
39282,skipped,0,0,"صفر أثرٍ قابلٍ للتوليد: لا سعر وحدةٍ لنوع المعدة في عقد العميل · لا سعر وحدةٍ لنوع المعدة في أي عقد موردٍ نشط"
39283,skipped,0,0,"صفر أثرٍ قابلٍ للتوليد: لا سعر وحدةٍ لنوع المعدة في عقد العميل · لا سعر وحدةٍ لنوع المعدة في أي عقد موردٍ نشط"
39284,skipped,0,0,"صفر أثرٍ قابلٍ للتوليد: لا سعر وحدةٍ لنوع المعدة في عقد العميل · لا سعر وحدةٍ لنوع المعدة في أي عقد موردٍ نشط"
39285,skipped,0,0,"صفر أثرٍ قابلٍ للتوليد: لا سعر وحدةٍ لنوع المعدة في عقد العميل · لا سعر وحدةٍ لنوع المعدة في أي عقد موردٍ نشط"
39286,skipped,0,0,"صفر أثرٍ قابلٍ للتوليد: لا سعر وحدةٍ لنوع المعدة في عقد العميل · لا سعر وحدةٍ لنوع المعدة في أي عقد موردٍ نشط"
39287,skipped,0,0,"صفر أثرٍ قابلٍ للتوليد: لا سعر وحدةٍ لنوع المعدة في عقد العميل · لا سعر وحدةٍ لنوع المعدة في أي عقد موردٍ نشط"
39288,skipped,0,0,"صفر أثرٍ قابلٍ للتوليد: لا سعر وحدةٍ لنوع المعدة في عقد العميل · لا سعر وحدةٍ لنوع المعدة في أي عقد موردٍ نشط"
39289,skipped,0,0,"صفر أثرٍ قابلٍ للتوليد: لا سعر وحدةٍ لنوع المعدة في عقد العميل · لا سعر وحدةٍ لنوع المعدة في أي عقد موردٍ نشط"
39290,skipped,0,0,"صفر أثرٍ قابلٍ للتوليد: لا سعر وحدةٍ لنوع المعدة في عقد العميل · لا سعر وحدةٍ لنوع المعدة في أي عقد موردٍ نشط"
39291,skipped,0,0,"صفر أثرٍ قابلٍ للتوليد: لا سعر وحدةٍ لنوع المعدة في عقد العميل · لا سعر وحدةٍ لنوع المعدة في أي عقد موردٍ نشط"
39292,skipped,0,0,"صفر أثرٍ قابلٍ للتوليد: لا سعر وحدةٍ لنوع المعدة في عقد العميل · لا سعر وحدةٍ لنوع المعدة في أي عقد موردٍ نشط"
39293,skipped,0,0,"صفر أثرٍ قابلٍ للتوليد: لا سعر وحدةٍ لنوع المعدة في عقد العميل · لا سعر وحدةٍ لنوع المعدة في أي عقد موردٍ نشط"
39294,skipped,0,0,"صفر أثرٍ قابلٍ للتوليد: لا سعر وحدةٍ لنوع المعدة في عقد العميل · لا سعر وحدةٍ لنوع المعدة في أي عقد موردٍ نشط"
39295,skipped,0,0,"صفر أثرٍ قابلٍ للتوليد: لا سعر وحدةٍ لنوع المعدة في عقد العميل · لا سعر وحدةٍ لنوع المعدة في أي عقد موردٍ نشط"
39296,skipped,0,0,"صفر أثرٍ قابلٍ للتوليد: لا سعر وحدةٍ لنوع المعدة في عقد العميل · لا سعر وحدةٍ لنوع المعدة في أي عقد موردٍ نشط"
39297,skipped,0,0,"صفر أثرٍ قابلٍ للتوليد: لا سعر وحدةٍ لنوع المعدة في عقد العميل · لا سعر وحدةٍ لنوع المعدة في أي عقد موردٍ نشط"
39298,skipped,0,0,"صفر أثرٍ قابلٍ للتوليد: لا سعر وحدةٍ لنوع المعدة في عقد العميل · لا سعر وحدةٍ لنوع المعدة في أي عقد موردٍ نشط"
39299,skipped,0,0,"صفر أثرٍ قابلٍ للتوليد: لا سعر وحدةٍ لنوع المعدة في عقد العميل · لا سعر وحدةٍ لنوع المعدة في أي عقد موردٍ نشط"
39300,skipped,0,0,"صفر أثرٍ قابلٍ للتوليد: لا سعر وحدةٍ لنوع المعدة في عقد العميل · لا سعر وحدةٍ لنوع المعدة في أي عقد موردٍ نشط"
39301,skipped,0,0,"صفر أثرٍ قابلٍ للتوليد: لا سعر وحدةٍ لنوع المعدة في عقد العميل · لا سعر وحدةٍ لنوع المعدة في أي عقد موردٍ نشط"
39302,skipped,0,0,"صفر أثرٍ قابلٍ للتوليد: لا سعر وحدةٍ لنوع المعدة في عقد العميل · لا سعر وحدةٍ لنوع المعدة في أي عقد موردٍ نشط"
39303,skipped,0,0,"صفر أثرٍ قابلٍ للتوليد: لا سعر وحدةٍ لنوع المعدة في عقد العميل · لا سعر وحدةٍ لنوع المعدة في أي عقد موردٍ نشط"
39304,skipped,0,0,"صفر أثرٍ قابلٍ للتوليد: لا سعر وحدةٍ لنوع المعدة في عقد العميل · لا سعر وحدةٍ لنوع المعدة في أي عقد موردٍ نشط"
39305,skipped,0,0,"صفر أثرٍ قابلٍ للتوليد: لا سعر وحدةٍ لنوع المعدة في عقد العميل · لا سعر وحدةٍ لنوع المعدة في أي عقد موردٍ نشط"
39519,skipped,0,0,"صفر أثرٍ قابلٍ للتوليد: لا سعر وحدةٍ لنوع المعدة في عقد العميل · لا سعر وحدةٍ لنوع المعدة في أي عقد موردٍ نشط"
39520,skipped,0,0,"صفر أثرٍ قابلٍ للتوليد: لا سعر وحدةٍ لنوع المعدة في عقد العميل · لا سعر وحدةٍ لنوع المعدة في أي عقد موردٍ نشط"
39521,skipped,0,0,"صفر أثرٍ قابلٍ للتوليد: لا سعر وحدةٍ لنوع المعدة في عقد العميل · لا سعر وحدةٍ لنوع المعدة في أي عقد موردٍ نشط"
39522,skipped,0,0,"صفر أثرٍ قابلٍ للتوليد: لا سعر وحدةٍ لنوع المعدة في عقد العميل · لا سعر وحدةٍ لنوع المعدة في أي عقد موردٍ نشط"
39523,skipped,0,0,"صفر أثرٍ قابلٍ للتوليد: لا سعر وحدةٍ لنوع المعدة في عقد العميل · لا سعر وحدةٍ لنوع المعدة في أي عقد موردٍ نشط"
39524,skipped,0,0,"صفر أثرٍ قابلٍ للتوليد: لا سعر وحدةٍ لنوع المعدة في عقد العميل · لا سعر وحدةٍ لنوع المعدة في أي عقد موردٍ نشط"
39525,skipped,0,0,"صفر أثرٍ قابلٍ للتوليد: لا سعر وحدةٍ لنوع المعدة في عقد العميل · لا سعر وحدةٍ لنوع المعدة في أي عقد موردٍ نشط"
39526,skipped,0,0,"صفر أثرٍ قابلٍ للتوليد: لا سعر وحدةٍ لنوع المعدة في عقد العميل · لا سعر وحدةٍ لنوع المعدة في أي عقد موردٍ نشط"
39527,skipped,0,0,"صفر أثرٍ قابلٍ للتوليد: لا سعر وحدةٍ لنوع المعدة في عقد العميل · لا سعر وحدةٍ لنوع المعدة في أي عقد موردٍ نشط"
39528,skipped,0,0,"صفر أثرٍ قابلٍ للتوليد: لا سعر وحدةٍ لنوع المعدة في عقد العميل · لا سعر وحدةٍ لنوع المعدة في أي عقد موردٍ نشط"
39529,skipped,0,0,"صفر أثرٍ قابلٍ للتوليد: لا سعر وحدةٍ لنوع المعدة في عقد العميل · لا سعر وحدةٍ لنوع المعدة في أي عقد موردٍ نشط"
39530,skipped,0,0,"صفر أثرٍ قابلٍ للتوليد: لا سعر وحدةٍ لنوع المعدة في عقد العميل · لا سعر وحدةٍ لنوع المعدة في أي عقد موردٍ نشط"
39531,skipped,0,0,"صفر أثرٍ قابلٍ للتوليد: لا سعر وحدةٍ لنوع المعدة في عقد العميل · لا سعر وحدةٍ لنوع المعدة في أي عقد موردٍ نشط"
39532,skipped,0,0,"صفر أثرٍ قابلٍ للتوليد: لا سعر وحدةٍ لنوع المعدة في عقد العميل · لا سعر وحدةٍ لنوع المعدة في أي عقد موردٍ نشط"
39533,skipped,0,0,"صفر أثرٍ قابلٍ للتوليد: لا سعر وحدةٍ لنوع المعدة في عقد العميل · لا سعر وحدةٍ لنوع المعدة في أي عقد موردٍ نشط"
39534,skipped,0,0,"صفر أثرٍ قابلٍ للتوليد: لا سعر وحدةٍ لنوع المعدة في عقد العميل · لا سعر وحدةٍ لنوع المعدة في أي عقد موردٍ نشط"
39535,skipped,0,0,"صفر أثرٍ قابلٍ للتوليد: لا سعر وحدةٍ لنوع المعدة في عقد العميل · لا سعر وحدةٍ لنوع المعدة في أي عقد موردٍ نشط"
39536,skipped,0,0,"صفر أثرٍ قابلٍ للتوليد: لا سعر وحدةٍ لنوع المعدة في عقد العميل · لا سعر وحدةٍ لنوع المعدة في أي عقد موردٍ نشط"
39537,skipped,0,0,"صفر أثرٍ قابلٍ للتوليد: لا سعر وحدةٍ لنوع المعدة في عقد العميل · لا سعر وحدةٍ لنوع المعدة في أي عقد موردٍ نشط"
39538,skipped,0,0,"صفر أثرٍ قابلٍ للتوليد: لا سعر وحدةٍ لنوع المعدة في عقد العميل · لا سعر وحدةٍ لنوع المعدة في أي عقد موردٍ نشط"
39539,skipped,0,0,"صفر أثرٍ قابلٍ للتوليد: لا سعر وحدةٍ لنوع المعدة في عقد العميل · لا سعر وحدةٍ لنوع المعدة في أي عقد موردٍ نشط"
39540,skipped,0,0,"صفر أثرٍ قابلٍ للتوليد: لا سعر وحدةٍ لنوع المعدة في عقد العميل · لا سعر وحدةٍ لنوع المعدة في أي عقد موردٍ نشط"
39541,skipped,0,0,"صفر أثرٍ قابلٍ للتوليد: لا سعر وحدةٍ لنوع المعدة في عقد العميل · لا سعر وحدةٍ لنوع المعدة في أي عقد موردٍ نشط"
39542,skipped,0,0,"صفر أثرٍ قابلٍ للتوليد: لا سعر وحدةٍ لنوع المعدة في عقد العميل · لا سعر وحدةٍ لنوع المعدة في أي عقد موردٍ نشط"
39543,skipped,0,0,"صفر أثرٍ قابلٍ للتوليد: لا سعر وحدةٍ لنوع المعدة في عقد العميل · لا سعر وحدةٍ لنوع المعدة في أي عقد موردٍ نشط"
39544,skipped,0,0,"صفر أثرٍ قابلٍ للتوليد: لا سعر وحدةٍ لنوع المعدة في عقد العميل · لا سعر وحدةٍ لنوع المعدة في أي عقد موردٍ نشط"
39545,skipped,0,0,"صفر أثرٍ قابلٍ للتوليد: لا سعر وحدةٍ لنوع المعدة في عقد العميل · لا سعر وحدةٍ لنوع المعدة في أي عقد موردٍ نشط"
39546,skipped,0,0,"صفر أثرٍ قابلٍ للتوليد: لا سعر وحدةٍ لنوع المعدة في عقد العميل · لا سعر وحدةٍ لنوع المعدة في أي عقد موردٍ نشط"
39547,skipped,0,0,"صفر أثرٍ قابلٍ للتوليد: لا سعر وحدةٍ لنوع المعدة في عقد العميل · لا سعر وحدةٍ لنوع المعدة في أي عقد موردٍ نشط"
39548,skipped,0,0,"صفر أثرٍ قابلٍ للتوليد: لا سعر وحدةٍ لنوع المعدة في عقد العميل · لا سعر وحدةٍ لنوع المعدة في أي عقد موردٍ نشط"
39549,skipped,0,0,"صفر أثرٍ قابلٍ للتوليد: لا سعر وحدةٍ لنوع المعدة في عقد العميل · لا سعر وحدةٍ لنوع المعدة في أي عقد موردٍ نشط"
39550,skipped,0,0,"صفر أثرٍ قابلٍ للتوليد: لا سعر وحدةٍ لنوع المعدة في عقد العميل · لا سعر وحدةٍ لنوع المعدة في أي عقد موردٍ نشط"
39551,skipped,0,0,"صفر أثرٍ قابلٍ للتوليد: لا سعر وحدةٍ لنوع المعدة في عقد العميل · لا سعر وحدةٍ لنوع المعدة في أي عقد موردٍ نشط"
39552,skipped,0,0,"صفر أثرٍ قابلٍ للتوليد: لا سعر وحدةٍ لنوع المعدة في عقد العميل · لا سعر وحدةٍ لنوع المعدة في أي عقد موردٍ نشط"
39553,skipped,0,0,"صفر أثرٍ قابلٍ للتوليد: لا سعر وحدةٍ لنوع المعدة في عقد العميل · لا سعر وحدةٍ لنوع المعدة في أي عقد موردٍ نشط"
39554,skipped,0,0,"صفر أثرٍ قابلٍ للتوليد: لا سعر وحدةٍ لنوع المعدة في عقد العميل · لا سعر وحدةٍ لنوع المعدة في أي عقد موردٍ نشط"
39555,skipped,0,0,"صفر أثرٍ قابلٍ للتوليد: لا سعر وحدةٍ لنوع المعدة في عقد العميل · لا سعر وحدةٍ لنوع المعدة في أي عقد موردٍ نشط"
39556,skipped,0,0,"صفر أثرٍ قابلٍ للتوليد: لا سعر وحدةٍ لنوع المعدة في عقد العميل · لا سعر وحدةٍ لنوع المعدة في أي عقد موردٍ نشط"
39557,skipped,0,0,"صفر أثرٍ قابلٍ للتوليد: لا سعر وحدةٍ لنوع المعدة في عقد العميل · لا سعر وحدةٍ لنوع المعدة في أي عقد موردٍ نشط"
39558,skipped,0,0,"صفر أثرٍ قابلٍ للتوليد: لا سعر وحدةٍ لنوع المعدة في عقد العميل · لا سعر وحدةٍ لنوع المعدة في أي عقد موردٍ نشط"
39559,skipped,0,0,"صفر أثرٍ قابلٍ للتوليد: لا سعر وحدةٍ لنوع المعدة في عقد العميل · لا سعر وحدةٍ لنوع المعدة في أي عقد موردٍ نشط"
39560,skipped,0,0,"صفر أثرٍ قابلٍ للتوليد: لا سعر وحدةٍ لنوع المعدة في عقد العميل · لا سعر وحدةٍ لنوع المعدة في أي عقد موردٍ نشط"
39561,skipped,0,0,"صفر أثرٍ قابلٍ للتوليد: لا سعر وحدةٍ لنوع المعدة في عقد العميل · لا سعر وحدةٍ لنوع المعدة في أي عقد موردٍ نشط"
39562,skipped,0,0,"صفر أثرٍ قابلٍ للتوليد: لا سعر وحدةٍ لنوع المعدة في عقد العميل · لا سعر وحدةٍ لنوع المعدة في أي عقد موردٍ نشط"
39563,skipped,0,0,"صفر أثرٍ قابلٍ للتوليد: لا سعر وحدةٍ لنوع المعدة في عقد العميل · لا سعر وحدةٍ لنوع المعدة في أي عقد موردٍ نشط"
39564,skipped,0,0,"صفر أثرٍ قابلٍ للتوليد: لا سعر وحدةٍ لنوع المعدة في عقد العميل · لا سعر وحدةٍ لنوع المعدة في أي عقد موردٍ نشط"
39565,skipped,0,0,"صفر أثرٍ قابلٍ للتوليد: لا سعر وحدةٍ لنوع المعدة في عقد العميل · لا سعر وحدةٍ لنوع المعدة في أي عقد موردٍ نشط"
39566,skipped,0,0,"صفر أثرٍ قابلٍ للتوليد: لا سعر وحدةٍ لنوع المعدة في عقد العميل · لا سعر وحدةٍ لنوع المعدة في أي عقد موردٍ نشط"
39567,skipped,0,0,"صفر أثرٍ قابلٍ للتوليد: لا سعر وحدةٍ لنوع المعدة في عقد العميل · لا سعر وحدةٍ لنوع المعدة في أي عقد موردٍ نشط"
39568,skipped,0,0,"صفر أثرٍ قابلٍ للتوليد: لا سعر وحدةٍ لنوع المعدة في عقد العميل · لا سعر وحدةٍ لنوع المعدة في أي عقد موردٍ نشط"
39569,skipped,0,0,"صفر أثرٍ قابلٍ للتوليد: لا سعر وحدةٍ لنوع المعدة في عقد العميل · لا سعر وحدةٍ لنوع المعدة في أي عقد موردٍ نشط"
39570,skipped,0,0,"صفر أثرٍ قابلٍ للتوليد: لا سعر وحدةٍ لنوع المعدة في عقد العميل · لا سعر وحدةٍ لنوع المعدة في أي عقد موردٍ نشط"
39571,skipped,0,0,"صفر أثرٍ قابلٍ للتوليد: لا سعر وحدةٍ لنوع المعدة في عقد العميل · لا سعر وحدةٍ لنوع المعدة في أي عقد موردٍ نشط"
39572,skipped,0,0,"صفر أثرٍ قابلٍ للتوليد: لا سعر وحدةٍ لنوع المعدة في عقد العميل · لا سعر وحدةٍ لنوع المعدة في أي عقد موردٍ نشط"
39573,skipped,0,0,"صفر أثرٍ قابلٍ للتوليد: لا سعر وحدةٍ لنوع المعدة في عقد العميل · لا سعر وحدةٍ لنوع المعدة في أي عقد موردٍ نشط"
39574,skipped,0,0,"صفر أثرٍ قابلٍ للتوليد: لا سعر وحدةٍ لنوع المعدة في عقد العميل · لا سعر وحدةٍ لنوع المعدة في أي عقد موردٍ نشط"
39575,skipped,0,0,"صفر أثرٍ قابلٍ للتوليد: لا سعر وحدةٍ لنوع المعدة في عقد العميل · لا سعر وحدةٍ لنوع المعدة في أي عقد موردٍ نشط"
39576,skipped,0,0,"صفر أثرٍ قابلٍ للتوليد: لا سعر وحدةٍ لنوع المعدة في عقد العميل · لا سعر وحدةٍ لنوع المعدة في أي عقد موردٍ نشط"
39577,skipped,0,0,"صفر أثرٍ قابلٍ للتوليد: لا سعر وحدةٍ لنوع المعدة في عقد العميل · لا سعر وحدةٍ لنوع المعدة في أي عقد موردٍ نشط"
39578,skipped,0,0,"صفر أثرٍ قابلٍ للتوليد: لا سعر وحدةٍ لنوع المعدة في عقد العميل · لا سعر وحدةٍ لنوع المعدة في أي عقد موردٍ نشط"
39579,skipped,0,0,"صفر أثرٍ قابلٍ للتوليد: لا سعر وحدةٍ لنوع المعدة في عقد العميل · لا سعر وحدةٍ لنوع المعدة في أي عقد موردٍ نشط"
39989,skipped,0,0,"صفر أثرٍ قابلٍ للتوليد: لا سعر وحدةٍ لنوع المعدة في عقد العميل · لا سعر وحدةٍ لنوع المعدة في أي عقد موردٍ نشط"
39990,skipped,0,0,"صفر أثرٍ قابلٍ للتوليد: لا سعر وحدةٍ لنوع المعدة في عقد العميل · لا سعر وحدةٍ لنوع المعدة في أي عقد موردٍ نشط"
39991,skipped,0,0,"صفر أثرٍ قابلٍ للتوليد: لا سعر وحدةٍ لنوع المعدة في عقد العميل · لا سعر وحدةٍ لنوع المعدة في أي عقد موردٍ نشط"
39992,skipped,0,0,"صفر أثرٍ قابلٍ للتوليد: لا سعر وحدةٍ لنوع المعدة في عقد العميل · لا سعر وحدةٍ لنوع المعدة في أي عقد موردٍ نشط"
39993,skipped,0,0,"صفر أثرٍ قابلٍ للتوليد: لا سعر وحدةٍ لنوع المعدة في عقد العميل · لا سعر وحدةٍ لنوع المعدة في أي عقد موردٍ نشط"
39994,skipped,0,0,"صفر أثرٍ قابلٍ للتوليد: لا سعر وحدةٍ لنوع المعدة في عقد العميل · لا سعر وحدةٍ لنوع المعدة في أي عقد موردٍ نشط"
39995,skipped,0,0,"صفر أثرٍ قابلٍ للتوليد: لا سعر وحدةٍ لنوع المعدة في عقد العميل · لا سعر وحدةٍ لنوع المعدة في أي عقد موردٍ نشط"
39996,skipped,0,0,"صفر أثرٍ قابلٍ للتوليد: لا سعر وحدةٍ لنوع المعدة في عقد العميل · لا سعر وحدةٍ لنوع المعدة في أي عقد موردٍ نشط"
39997,skipped,0,0,"صفر أثرٍ قابلٍ للتوليد: لا سعر وحدةٍ لنوع المعدة في عقد العميل · لا سعر وحدةٍ لنوع المعدة في أي عقد موردٍ نشط"
39998,skipped,0,0,"صفر أثرٍ قابلٍ للتوليد: لا سعر وحدةٍ لنوع المعدة في عقد العميل · لا سعر وحدةٍ لنوع المعدة في أي عقد موردٍ نشط"
39999,skipped,0,0,"صفر أثرٍ قابلٍ للتوليد: لا سعر وحدةٍ لنوع المعدة في عقد العميل · لا سعر وحدةٍ لنوع المعدة في أي عقد موردٍ نشط"
40000,skipped,0,0,"صفر أثرٍ قابلٍ للتوليد: لا سعر وحدةٍ لنوع المعدة في عقد العميل · لا سعر وحدةٍ لنوع المعدة في أي عقد موردٍ نشط"
40001,skipped,0,0,"صفر أثرٍ قابلٍ للتوليد: لا سعر وحدةٍ لنوع المعدة في عقد العميل · لا سعر وحدةٍ لنوع المعدة في أي عقد موردٍ نشط"
40002,skipped,0,0,"صفر أثرٍ قابلٍ للتوليد: لا سعر وحدةٍ لنوع المعدة في عقد العميل · لا سعر وحدةٍ لنوع المعدة في أي عقد موردٍ نشط"
40003,skipped,0,0,"صفر أثرٍ قابلٍ للتوليد: لا سعر وحدةٍ لنوع المعدة في عقد العميل · لا سعر وحدةٍ لنوع المعدة في أي عقد موردٍ نشط"
40004,skipped,0,0,"صفر أثرٍ قابلٍ للتوليد: لا سعر وحدةٍ لنوع المعدة في عقد العميل · لا سعر وحدةٍ لنوع المعدة في أي عقد موردٍ نشط"
40005,skipped,0,0,"صفر أثرٍ قابلٍ للتوليد: لا سعر وحدةٍ لنوع المعدة في عقد العميل · لا سعر وحدةٍ لنوع المعدة في أي عقد موردٍ نشط"
40006,skipped,0,0,"صفر أثرٍ قابلٍ للتوليد: لا سعر وحدةٍ لنوع المعدة في عقد العميل · لا سعر وحدةٍ لنوع المعدة في أي عقد موردٍ نشط"
40007,skipped,0,0,"صفر أثرٍ قابلٍ للتوليد: لا سعر وحدةٍ لنوع المعدة في عقد العميل · لا سعر وحدةٍ لنوع المعدة في أي عقد موردٍ نشط"
40008,skipped,0,0,"صفر أثرٍ قابلٍ للتوليد: لا سعر وحدةٍ لنوع المعدة في عقد العميل · لا سعر وحدةٍ لنوع المعدة في أي عقد موردٍ نشط"
40009,skipped,0,0,"صفر أثرٍ قابلٍ للتوليد: لا سعر وحدةٍ لنوع المعدة في عقد العميل · لا سعر وحدةٍ لنوع المعدة في أي عقد موردٍ نشط"
40010,skipped,0,0,"صفر أثرٍ قابلٍ للتوليد: لا سعر وحدةٍ لنوع المعدة في عقد العميل · لا سعر وحدةٍ لنوع المعدة في أي عقد موردٍ نشط"
40011,skipped,0,0,"صفر أثرٍ قابلٍ للتوليد: لا سعر وحدةٍ لنوع المعدة في عقد العميل · لا سعر وحدةٍ لنوع المعدة في أي عقد موردٍ نشط"
40012,skipped,0,0,"صفر أثرٍ قابلٍ للتوليد: لا سعر وحدةٍ لنوع المعدة في عقد العميل · لا سعر وحدةٍ لنوع المعدة في أي عقد موردٍ نشط"
40013,skipped,0,0,"صفر أثرٍ قابلٍ للتوليد: لا سعر وحدةٍ لنوع المعدة في عقد العميل · لا سعر وحدةٍ لنوع المعدة في أي عقد موردٍ نشط"
40014,skipped,0,0,"صفر أثرٍ قابلٍ للتوليد: لا سعر وحدةٍ لنوع المعدة في عقد العميل · لا سعر وحدةٍ لنوع المعدة في أي عقد موردٍ نشط"
40015,skipped,0,0,"صفر أثرٍ قابلٍ للتوليد: لا سعر وحدةٍ لنوع المعدة في عقد العميل · لا سعر وحدةٍ لنوع المعدة في أي عقد موردٍ نشط"
40016,skipped,0,0,"صفر أثرٍ قابلٍ للتوليد: لا سعر وحدةٍ لنوع المعدة في عقد العميل · لا سعر وحدةٍ لنوع المعدة في أي عقد موردٍ نشط"
40017,skipped,0,0,"صفر أثرٍ قابلٍ للتوليد: لا سعر وحدةٍ لنوع المعدة في عقد العميل · لا سعر وحدةٍ لنوع المعدة في أي عقد موردٍ نشط"
40018,skipped,0,0,"صفر أثرٍ قابلٍ للتوليد: لا سعر وحدةٍ لنوع المعدة في عقد العميل · لا سعر وحدةٍ لنوع المعدة في أي عقد موردٍ نشط"
40019,skipped,0,0,"صفر أثرٍ قابلٍ للتوليد: لا سعر وحدةٍ لنوع المعدة في عقد العميل · لا سعر وحدةٍ لنوع المعدة في أي عقد موردٍ نشط"
40020,skipped,0,0,"صفر أثرٍ قابلٍ للتوليد: لا سعر وحدةٍ لنوع المعدة في عقد العميل · لا سعر وحدةٍ لنوع المعدة في أي عقد موردٍ نشط"
40021,skipped,0,0,"صفر أثرٍ قابلٍ للتوليد: لا سعر وحدةٍ لنوع المعدة في عقد العميل · لا سعر وحدةٍ لنوع المعدة في أي عقد موردٍ نشط"
40022,skipped,0,0,"صفر أثرٍ قابلٍ للتوليد: لا سعر وحدةٍ لنوع المعدة في عقد العميل · لا سعر وحدةٍ لنوع المعدة في أي عقد موردٍ نشط"
40023,skipped,0,0,"صفر أثرٍ قابلٍ للتوليد: لا سعر وحدةٍ لنوع المعدة في عقد العميل · لا سعر وحدةٍ لنوع المعدة في أي عقد موردٍ نشط"
40024,skipped,0,0,"صفر أثرٍ قابلٍ للتوليد: لا سعر وحدةٍ لنوع المعدة في عقد العميل · لا سعر وحدةٍ لنوع المعدة في أي عقد موردٍ نشط"
40025,skipped,0,0,"صفر أثرٍ قابلٍ للتوليد: لا سعر وحدةٍ لنوع المعدة في عقد العميل · لا سعر وحدةٍ لنوع المعدة في أي عقد موردٍ نشط"
40026,skipped,0,0,"صفر أثرٍ قابلٍ للتوليد: لا سعر وحدةٍ لنوع المعدة في عقد العميل · لا سعر وحدةٍ لنوع المعدة في أي عقد موردٍ نشط"
40027,skipped,0,0,"صفر أثرٍ قابلٍ للتوليد: لا سعر وحدةٍ لنوع المعدة في عقد العميل · لا سعر وحدةٍ لنوع المعدة في أي عقد موردٍ نشط"
40028,skipped,0,0,"صفر أثرٍ قابلٍ للتوليد: لا سعر وحدةٍ لنوع المعدة في عقد العميل · لا سعر وحدةٍ لنوع المعدة في أي عقد موردٍ نشط"
40029,skipped,0,0,"صفر أثرٍ قابلٍ للتوليد: لا سعر وحدةٍ لنوع المعدة في عقد العميل · لا سعر وحدةٍ لنوع المعدة في أي عقد موردٍ نشط"
40030,skipped,0,0,"صفر أثرٍ قابلٍ للتوليد: لا سعر وحدةٍ لنوع المعدة في عقد العميل · لا سعر وحدةٍ لنوع المعدة في أي عقد موردٍ نشط"
40031,skipped,0,0,"صفر أثرٍ قابلٍ للتوليد: لا سعر وحدةٍ لنوع المعدة في عقد العميل · لا سعر وحدةٍ لنوع المعدة في أي عقد موردٍ نشط"
40032,skipped,0,0,"صفر أثرٍ قابلٍ للتوليد: لا سعر وحدةٍ لنوع المعدة في عقد العميل · لا سعر وحدةٍ لنوع المعدة في أي عقد موردٍ نشط"
40033,skipped,0,0,"صفر أثرٍ قابلٍ للتوليد: لا سعر وحدةٍ لنوع المعدة في عقد العميل · لا سعر وحدةٍ لنوع المعدة في أي عقد موردٍ نشط"
40034,skipped,0,0,"صفر أثرٍ قابلٍ للتوليد: لا سعر وحدةٍ لنوع المعدة في عقد العميل · لا سعر وحدةٍ لنوع المعدة في أي عقد موردٍ نشط"
40035,skipped,0,0,"صفر أثرٍ قابلٍ للتوليد: لا سعر وحدةٍ لنوع المعدة في عقد العميل · لا سعر وحدةٍ لنوع المعدة في أي عقد موردٍ نشط"
40036,skipped,0,0,"صفر أثرٍ قابلٍ للتوليد: لا سعر وحدةٍ لنوع المعدة في عقد العميل · لا سعر وحدةٍ لنوع المعدة في أي عقد موردٍ نشط"
40037,skipped,0,0,"صفر أثرٍ قابلٍ للتوليد: لا سعر وحدةٍ لنوع المعدة في عقد العميل · لا سعر وحدةٍ لنوع المعدة في أي عقد موردٍ نشط"
40038,skipped,0,0,"صفر أثرٍ قابلٍ للتوليد: لا سعر وحدةٍ لنوع المعدة في عقد العميل · لا سعر وحدةٍ لنوع المعدة في أي عقد موردٍ نشط"
40039,skipped,0,0,"صفر أثرٍ قابلٍ للتوليد: لا سعر وحدةٍ لنوع المعدة في عقد العميل · لا سعر وحدةٍ لنوع المعدة في أي عقد موردٍ نشط"
40040,skipped,0,0,"صفر أثرٍ قابلٍ للتوليد: لا سعر وحدةٍ لنوع المعدة في عقد العميل · لا سعر وحدةٍ لنوع المعدة في أي عقد موردٍ نشط"
40041,skipped,0,0,"صفر أثرٍ قابلٍ للتوليد: لا سعر وحدةٍ لنوع المعدة في عقد العميل · لا سعر وحدةٍ لنوع المعدة في أي عقد موردٍ نشط"
40042,skipped,0,0,"صفر أثرٍ قابلٍ للتوليد: لا سعر وحدةٍ لنوع المعدة في عقد العميل · لا سعر وحدةٍ لنوع المعدة في أي عقد موردٍ نشط"
40043,skipped,0,0,"صفر أثرٍ قابلٍ للتوليد: لا سعر وحدةٍ لنوع المعدة في عقد العميل · لا سعر وحدةٍ لنوع المعدة في أي عقد موردٍ نشط"
40044,skipped,0,0,"صفر أثرٍ قابلٍ للتوليد: لا سعر وحدةٍ لنوع المعدة في عقد العميل · لا سعر وحدةٍ لنوع المعدة في أي عقد موردٍ نشط"
40045,skipped,0,0,"صفر أثرٍ قابلٍ للتوليد: لا سعر وحدةٍ لنوع المعدة في عقد العميل · لا سعر وحدةٍ لنوع المعدة في أي عقد موردٍ نشط"
40046,skipped,0,0,"صفر أثرٍ قابلٍ للتوليد: لا سعر وحدةٍ لنوع المعدة في عقد العميل · لا سعر وحدةٍ لنوع المعدة في أي عقد موردٍ نشط"
40047,skipped,0,0,"صفر أثرٍ قابلٍ للتوليد: لا سعر وحدةٍ لنوع المعدة في عقد العميل · لا سعر وحدةٍ لنوع المعدة في أي عقد موردٍ نشط"
40048,skipped,0,0,"صفر أثرٍ قابلٍ للتوليد: لا سعر وحدةٍ لنوع المعدة في عقد العميل · لا سعر وحدةٍ لنوع المعدة في أي عقد موردٍ نشط"
40049,skipped,0,0,"صفر أثرٍ قابلٍ للتوليد: لا سعر وحدةٍ لنوع المعدة في عقد العميل · لا سعر وحدةٍ لنوع المعدة في أي عقد موردٍ نشط"
40445,skipped,0,0,"صفر أثرٍ قابلٍ للتوليد: لا سعر وحدةٍ لنوع المعدة في عقد العميل · لا سعر وحدةٍ لنوع المعدة في أي عقد موردٍ نشط"
40446,skipped,0,0,"صفر أثرٍ قابلٍ للتوليد: لا سعر وحدةٍ لنوع المعدة في عقد العميل · لا سعر وحدةٍ لنوع المعدة في أي عقد موردٍ نشط"
40447,skipped,0,0,"صفر أثرٍ قابلٍ للتوليد: لا سعر وحدةٍ لنوع المعدة في عقد العميل · لا سعر وحدةٍ لنوع المعدة في أي عقد موردٍ نشط"
40448,skipped,0,0,"صفر أثرٍ قابلٍ للتوليد: لا سعر وحدةٍ لنوع المعدة في عقد العميل · لا سعر وحدةٍ لنوع المعدة في أي عقد موردٍ نشط"
40449,skipped,0,0,"صفر أثرٍ قابلٍ للتوليد: لا سعر وحدةٍ لنوع المعدة في عقد العميل · لا سعر وحدةٍ لنوع المعدة في أي عقد موردٍ نشط"
40450,skipped,0,0,"صفر أثرٍ قابلٍ للتوليد: لا سعر وحدةٍ لنوع المعدة في عقد العميل · لا سعر وحدةٍ لنوع المعدة في أي عقد موردٍ نشط"
40451,skipped,0,0,"صفر أثرٍ قابلٍ للتوليد: لا سعر وحدةٍ لنوع المعدة في عقد العميل · لا سعر وحدةٍ لنوع المعدة في أي عقد موردٍ نشط"
40452,skipped,0,0,"صفر أثرٍ قابلٍ للتوليد: لا سعر وحدةٍ لنوع المعدة في عقد العميل · لا سعر وحدةٍ لنوع المعدة في أي عقد موردٍ نشط"
40453,skipped,0,0,"صفر أثرٍ قابلٍ للتوليد: لا سعر وحدةٍ لنوع المعدة في عقد العميل · لا سعر وحدةٍ لنوع المعدة في أي عقد موردٍ نشط"
40454,skipped,0,0,"صفر أثرٍ قابلٍ للتوليد: لا سعر وحدةٍ لنوع المعدة في عقد العميل · لا سعر وحدةٍ لنوع المعدة في أي عقد موردٍ نشط"
40455,skipped,0,0,"صفر أثرٍ قابلٍ للتوليد: لا سعر وحدةٍ لنوع المعدة في عقد العميل · لا سعر وحدةٍ لنوع المعدة في أي عقد موردٍ نشط"
40456,skipped,0,0,"صفر أثرٍ قابلٍ للتوليد: لا سعر وحدةٍ لنوع المعدة في عقد العميل · لا سعر وحدةٍ لنوع المعدة في أي عقد موردٍ نشط"
40457,skipped,0,0,"صفر أثرٍ قابلٍ للتوليد: لا سعر وحدةٍ لنوع المعدة في عقد العميل · لا سعر وحدةٍ لنوع المعدة في أي عقد موردٍ نشط"
40458,skipped,0,0,"صفر أثرٍ قابلٍ للتوليد: لا سعر وحدةٍ لنوع المعدة في عقد العميل · لا سعر وحدةٍ لنوع المعدة في أي عقد موردٍ نشط"
40459,skipped,0,0,"صفر أثرٍ قابلٍ للتوليد: لا سعر وحدةٍ لنوع المعدة في عقد العميل · لا سعر وحدةٍ لنوع المعدة في أي عقد موردٍ نشط"
40460,skipped,0,0,"صفر أثرٍ قابلٍ للتوليد: لا سعر وحدةٍ لنوع المعدة في عقد العميل · لا سعر وحدةٍ لنوع المعدة في أي عقد موردٍ نشط"
40461,skipped,0,0,"صفر أثرٍ قابلٍ للتوليد: لا سعر وحدةٍ لنوع المعدة في عقد العميل · لا سعر وحدةٍ لنوع المعدة في أي عقد موردٍ نشط"
40462,skipped,0,0,"صفر أثرٍ قابلٍ للتوليد: لا سعر وحدةٍ لنوع المعدة في عقد العميل · لا سعر وحدةٍ لنوع المعدة في أي عقد موردٍ نشط"
40463,skipped,0,0,"صفر أثرٍ قابلٍ للتوليد: لا سعر وحدةٍ لنوع المعدة في عقد العميل · لا سعر وحدةٍ لنوع المعدة في أي عقد موردٍ نشط"
40464,skipped,0,0,"صفر أثرٍ قابلٍ للتوليد: لا سعر وحدةٍ لنوع المعدة في عقد العميل · لا سعر وحدةٍ لنوع المعدة في أي عقد موردٍ نشط"
40465,skipped,0,0,"صفر أثرٍ قابلٍ للتوليد: لا سعر وحدةٍ لنوع المعدة في عقد العميل · لا سعر وحدةٍ لنوع المعدة في أي عقد موردٍ نشط"
40466,skipped,0,0,"صفر أثرٍ قابلٍ للتوليد: لا سعر وحدةٍ لنوع المعدة في عقد العميل · لا سعر وحدةٍ لنوع المعدة في أي عقد موردٍ نشط"
40467,skipped,0,0,"صفر أثرٍ قابلٍ للتوليد: لا سعر وحدةٍ لنوع المعدة في عقد العميل · لا سعر وحدةٍ لنوع المعدة في أي عقد موردٍ نشط"
40468,skipped,0,0,"صفر أثرٍ قابلٍ للتوليد: لا سعر وحدةٍ لنوع المعدة في عقد العميل · لا سعر وحدةٍ لنوع المعدة في أي عقد موردٍ نشط"
40469,skipped,0,0,"صفر أثرٍ قابلٍ للتوليد: لا سعر وحدةٍ لنوع المعدة في عقد العميل · لا سعر وحدةٍ لنوع المعدة في أي عقد موردٍ نشط"
40470,skipped,0,0,"صفر أثرٍ قابلٍ للتوليد: لا سعر وحدةٍ لنوع المعدة في عقد العميل · لا سعر وحدةٍ لنوع المعدة في أي عقد موردٍ نشط"
40471,skipped,0,0,"صفر أثرٍ قابلٍ للتوليد: لا سعر وحدةٍ لنوع المعدة في عقد العميل · لا سعر وحدةٍ لنوع المعدة في أي عقد موردٍ نشط"
40472,skipped,0,0,"صفر أثرٍ قابلٍ للتوليد: لا سعر وحدةٍ لنوع المعدة في عقد العميل · لا سعر وحدةٍ لنوع المعدة في أي عقد موردٍ نشط"
40473,skipped,0,0,"صفر أثرٍ قابلٍ للتوليد: لا سعر وحدةٍ لنوع المعدة في عقد العميل · لا سعر وحدةٍ لنوع المعدة في أي عقد موردٍ نشط"
40474,skipped,0,0,"صفر أثرٍ قابلٍ للتوليد: لا سعر وحدةٍ لنوع المعدة في عقد العميل · لا سعر وحدةٍ لنوع المعدة في أي عقد موردٍ نشط"
40475,skipped,0,0,"صفر أثرٍ قابلٍ للتوليد: لا سعر وحدةٍ لنوع المعدة في عقد العميل · لا سعر وحدةٍ لنوع المعدة في أي عقد موردٍ نشط"
40476,skipped,0,0,"صفر أثرٍ قابلٍ للتوليد: لا سعر وحدةٍ لنوع المعدة في عقد العميل · لا سعر وحدةٍ لنوع المعدة في أي عقد موردٍ نشط"
40477,skipped,0,0,"صفر أثرٍ قابلٍ للتوليد: لا سعر وحدةٍ لنوع المعدة في عقد العميل · لا سعر وحدةٍ لنوع المعدة في أي عقد موردٍ نشط"
40478,skipped,0,0,"صفر أثرٍ قابلٍ للتوليد: لا سعر وحدةٍ لنوع المعدة في عقد العميل · لا سعر وحدةٍ لنوع المعدة في أي عقد موردٍ نشط"
40479,skipped,0,0,"صفر أثرٍ قابلٍ للتوليد: لا سعر وحدةٍ لنوع المعدة في عقد العميل · لا سعر وحدةٍ لنوع المعدة في أي عقد موردٍ نشط"
40480,skipped,0,0,"صفر أثرٍ قابلٍ للتوليد: لا سعر وحدةٍ لنوع المعدة في عقد العميل · لا سعر وحدةٍ لنوع المعدة في أي عقد موردٍ نشط"
40481,skipped,0,0,"صفر أثرٍ قابلٍ للتوليد: لا سعر وحدةٍ لنوع المعدة في عقد العميل · لا سعر وحدةٍ لنوع المعدة في أي عقد موردٍ نشط"
40482,skipped,0,0,"صفر أثرٍ قابلٍ للتوليد: لا سعر وحدةٍ لنوع المعدة في عقد العميل · لا سعر وحدةٍ لنوع المعدة في أي عقد موردٍ نشط"
40483,skipped,0,0,"صفر أثرٍ قابلٍ للتوليد: لا سعر وحدةٍ لنوع المعدة في عقد العميل · لا سعر وحدةٍ لنوع المعدة في أي عقد موردٍ نشط"
40484,skipped,0,0,"صفر أثرٍ قابلٍ للتوليد: لا سعر وحدةٍ لنوع المعدة في عقد العميل · لا سعر وحدةٍ لنوع المعدة في أي عقد موردٍ نشط"
40485,skipped,0,0,"صفر أثرٍ قابلٍ للتوليد: لا سعر وحدةٍ لنوع المعدة في عقد العميل · لا سعر وحدةٍ لنوع المعدة في أي عقد موردٍ نشط"
40486,skipped,0,0,"صفر أثرٍ قابلٍ للتوليد: لا سعر وحدةٍ لنوع المعدة في عقد العميل · لا سعر وحدةٍ لنوع المعدة في أي عقد موردٍ نشط"
40487,skipped,0,0,"صفر أثرٍ قابلٍ للتوليد: لا سعر وحدةٍ لنوع المعدة في عقد العميل · لا سعر وحدةٍ لنوع المعدة في أي عقد موردٍ نشط"
40488,skipped,0,0,"صفر أثرٍ قابلٍ للتوليد: لا سعر وحدةٍ لنوع المعدة في عقد العميل · لا سعر وحدةٍ لنوع المعدة في أي عقد موردٍ نشط"
40489,skipped,0,0,"صفر أثرٍ قابلٍ للتوليد: لا سعر وحدةٍ لنوع المعدة في عقد العميل · لا سعر وحدةٍ لنوع المعدة في أي عقد موردٍ نشط"
40490,skipped,0,0,"صفر أثرٍ قابلٍ للتوليد: لا سعر وحدةٍ لنوع المعدة في عقد العميل · لا سعر وحدةٍ لنوع المعدة في أي عقد موردٍ نشط"
40491,skipped,0,0,"صفر أثرٍ قابلٍ للتوليد: لا سعر وحدةٍ لنوع المعدة في عقد العميل · لا سعر وحدةٍ لنوع المعدة في أي عقد موردٍ نشط"
40492,skipped,0,0,"صفر أثرٍ قابلٍ للتوليد: لا سعر وحدةٍ لنوع المعدة في عقد العميل · لا سعر وحدةٍ لنوع المعدة في أي عقد موردٍ نشط"
40493,skipped,0,0,"صفر أثرٍ قابلٍ للتوليد: لا سعر وحدةٍ لنوع المعدة في عقد العميل · لا سعر وحدةٍ لنوع المعدة في أي عقد موردٍ نشط"
40494,skipped,0,0,"صفر أثرٍ قابلٍ للتوليد: لا سعر وحدةٍ لنوع المعدة في عقد العميل · لا سعر وحدةٍ لنوع المعدة في أي عقد موردٍ نشط"
40495,skipped,0,0,"صفر أثرٍ قابلٍ للتوليد: لا سعر وحدةٍ لنوع المعدة في عقد العميل · لا سعر وحدةٍ لنوع المعدة في أي عقد موردٍ نشط"
40496,skipped,0,0,"صفر أثرٍ قابلٍ للتوليد: لا سعر وحدةٍ لنوع المعدة في عقد العميل · لا سعر وحدةٍ لنوع المعدة في أي عقد موردٍ نشط"
40497,skipped,0,0,"صفر أثرٍ قابلٍ للتوليد: لا سعر وحدةٍ لنوع المعدة في عقد العميل · لا سعر وحدةٍ لنوع المعدة في أي عقد موردٍ نشط"
40498,skipped,0,0,"صفر أثرٍ قابلٍ للتوليد: لا سعر وحدةٍ لنوع المعدة في عقد العميل · لا سعر وحدةٍ لنوع المعدة في أي عقد موردٍ نشط"
40499,skipped,0,0,"صفر أثرٍ قابلٍ للتوليد: لا سعر وحدةٍ لنوع المعدة في عقد العميل · لا سعر وحدةٍ لنوع المعدة في أي عقد موردٍ نشط"
40500,skipped,0,0,"صفر أثرٍ قابلٍ للتوليد: لا سعر وحدةٍ لنوع المعدة في عقد العميل · لا سعر وحدةٍ لنوع المعدة في أي عقد موردٍ نشط"
40501,skipped,0,0,"صفر أثرٍ قابلٍ للتوليد: لا سعر وحدةٍ لنوع المعدة في عقد العميل · لا سعر وحدةٍ لنوع المعدة في أي عقد موردٍ نشط"
40502,skipped,0,0,"صفر أثرٍ قابلٍ للتوليد: لا سعر وحدةٍ لنوع المعدة في عقد العميل · لا سعر وحدةٍ لنوع المعدة في أي عقد موردٍ نشط"
40503,skipped,0,0,"صفر أثرٍ قابلٍ للتوليد: لا سعر وحدةٍ لنوع المعدة في عقد العميل · لا سعر وحدةٍ لنوع المعدة في أي عقد موردٍ نشط"
40504,skipped,0,0,"صفر أثرٍ قابلٍ للتوليد: لا سعر وحدةٍ لنوع المعدة في عقد العميل · لا سعر وحدةٍ لنوع المعدة في أي عقد موردٍ نشط"
40505,skipped,0,0,"صفر أثرٍ قابلٍ للتوليد: لا سعر وحدةٍ لنوع المعدة في عقد العميل · لا سعر وحدةٍ لنوع المعدة في أي عقد موردٍ نشط"
40506,skipped,0,0,"صفر أثرٍ قابلٍ للتوليد: لا سعر وحدةٍ لنوع المعدة في عقد العميل · لا سعر وحدةٍ لنوع المعدة في أي عقد موردٍ نشط"
40507,skipped,0,0,"صفر أثرٍ قابلٍ للتوليد: لا سعر وحدةٍ لنوع المعدة في عقد العميل · لا سعر وحدةٍ لنوع المعدة في أي عقد موردٍ نشط"
40508,skipped,0,0,"صفر أثرٍ قابلٍ للتوليد: لا سعر وحدةٍ لنوع المعدة في عقد العميل · لا سعر وحدةٍ لنوع المعدة في أي عقد موردٍ نشط"
40509,skipped,0,0,"صفر أثرٍ قابلٍ للتوليد: لا سعر وحدةٍ لنوع المعدة في عقد العميل · لا سعر وحدةٍ لنوع المعدة في أي عقد موردٍ نشط"
40510,skipped,0,0,"صفر أثرٍ قابلٍ للتوليد: لا سعر وحدةٍ لنوع المعدة في عقد العميل · لا سعر وحدةٍ لنوع المعدة في أي عقد موردٍ نشط"
40511,skipped,0,0,"صفر أثرٍ قابلٍ للتوليد: لا سعر وحدةٍ لنوع المعدة في عقد العميل · لا سعر وحدةٍ لنوع المعدة في أي عقد موردٍ نشط"
40512,skipped,0,0,"صفر أثرٍ قابلٍ للتوليد: لا سعر وحدةٍ لنوع المعدة في عقد العميل · لا سعر وحدةٍ لنوع المعدة في أي عقد موردٍ نشط"
40513,skipped,0,0,"صفر أثرٍ قابلٍ للتوليد: لا سعر وحدةٍ لنوع المعدة في عقد العميل · لا سعر وحدةٍ لنوع المعدة في أي عقد موردٍ نشط"
40514,skipped,0,0,"صفر أثرٍ قابلٍ للتوليد: لا سعر وحدةٍ لنوع المعدة في عقد العميل · لا سعر وحدةٍ لنوع المعدة في أي عقد موردٍ نشط"
40515,skipped,0,0,"صفر أثرٍ قابلٍ للتوليد: لا سعر وحدةٍ لنوع المعدة في عقد العميل · لا سعر وحدةٍ لنوع المعدة في أي عقد موردٍ نشط"
40516,skipped,0,0,"صفر أثرٍ قابلٍ للتوليد: لا سعر وحدةٍ لنوع المعدة في عقد العميل · لا سعر وحدةٍ لنوع المعدة في أي عقد موردٍ نشط"
40517,skipped,0,0,"صفر أثرٍ قابلٍ للتوليد: لا سعر وحدةٍ لنوع المعدة في عقد العميل · لا سعر وحدةٍ لنوع المعدة في أي عقد موردٍ نشط"
40518,skipped,0,0,"صفر أثرٍ قابلٍ للتوليد: لا سعر وحدةٍ لنوع المعدة في عقد العميل · لا سعر وحدةٍ لنوع المعدة في أي عقد موردٍ نشط"
40519,skipped,0,0,"صفر أثرٍ قابلٍ للتوليد: لا سعر وحدةٍ لنوع المعدة في عقد العميل · لا سعر وحدةٍ لنوع المعدة في أي عقد موردٍ نشط"
40520,skipped,0,0,"صفر أثرٍ قابلٍ للتوليد: لا سعر وحدةٍ لنوع المعدة في عقد العميل · لا سعر وحدةٍ لنوع المعدة في أي عقد موردٍ نشط"
40521,skipped,0,0,"صفر أثرٍ قابلٍ للتوليد: لا سعر وحدةٍ لنوع المعدة في عقد العميل · لا سعر وحدةٍ لنوع المعدة في أي عقد موردٍ نشط"
40522,skipped,0,0,"صفر أثرٍ قابلٍ للتوليد: لا سعر وحدةٍ لنوع المعدة في عقد العميل · لا سعر وحدةٍ لنوع المعدة في أي عقد موردٍ نشط"
40523,skipped,0,0,"صفر أثرٍ قابلٍ للتوليد: لا سعر وحدةٍ لنوع المعدة في عقد العميل · لا سعر وحدةٍ لنوع المعدة في أي عقد موردٍ نشط"
40524,skipped,0,0,"صفر أثرٍ قابلٍ للتوليد: لا سعر وحدةٍ لنوع المعدة في عقد العميل · لا سعر وحدةٍ لنوع المعدة في أي عقد موردٍ نشط"
40525,skipped,0,0,"صفر أثرٍ قابلٍ للتوليد: لا سعر وحدةٍ لنوع المعدة في عقد العميل · لا سعر وحدةٍ لنوع المعدة في أي عقد موردٍ نشط"
40526,skipped,0,0,"صفر أثرٍ قابلٍ للتوليد: لا سعر وحدةٍ لنوع المعدة في عقد العميل · لا سعر وحدةٍ لنوع المعدة في أي عقد موردٍ نشط"
40527,skipped,0,0,"صفر أثرٍ قابلٍ للتوليد: لا سعر وحدةٍ لنوع المعدة في عقد العميل · لا سعر وحدةٍ لنوع المعدة في أي عقد موردٍ نشط"
40528,skipped,0,0,"صفر أثرٍ قابلٍ للتوليد: لا سعر وحدةٍ لنوع المعدة في عقد العميل · لا سعر وحدةٍ لنوع المعدة في أي عقد موردٍ نشط"
40529,skipped,0,0,"صفر أثرٍ قابلٍ للتوليد: لا سعر وحدةٍ لنوع المعدة في عقد العميل · لا سعر وحدةٍ لنوع المعدة في أي عقد موردٍ نشط"
40530,skipped,0,0,"صفر أثرٍ قابلٍ للتوليد: لا سعر وحدةٍ لنوع المعدة في عقد العميل · لا سعر وحدةٍ لنوع المعدة في أي عقد موردٍ نشط"
40531,skipped,0,0,"صفر أثرٍ قابلٍ للتوليد: لا سعر وحدةٍ لنوع المعدة في عقد العميل · لا سعر وحدةٍ لنوع المعدة في أي عقد موردٍ نشط"
40532,skipped,0,0,"صفر أثرٍ قابلٍ للتوليد: لا سعر وحدةٍ لنوع المعدة في عقد العميل · لا سعر وحدةٍ لنوع المعدة في أي عقد موردٍ نشط"
40533,skipped,0,0,"صفر أثرٍ قابلٍ للتوليد: لا سعر وحدةٍ لنوع المعدة في عقد العميل · لا سعر وحدةٍ لنوع المعدة في أي عقد موردٍ نشط"
40534,skipped,0,0,"صفر أثرٍ قابلٍ للتوليد: لا سعر وحدةٍ لنوع المعدة في عقد العميل · لا سعر وحدةٍ لنوع المعدة في أي عقد موردٍ نشط"
40535,skipped,0,0,"صفر أثرٍ قابلٍ للتوليد: لا سعر وحدةٍ لنوع المعدة في عقد العميل · لا سعر وحدةٍ لنوع المعدة في أي عقد موردٍ نشط"
40536,skipped,0,0,"صفر أثرٍ قابلٍ للتوليد: لا سعر وحدةٍ لنوع المعدة في عقد العميل · لا سعر وحدةٍ لنوع المعدة في أي عقد موردٍ نشط"
40537,skipped,0,0,"صفر أثرٍ قابلٍ للتوليد: لا سعر وحدةٍ لنوع المعدة في عقد العميل · لا سعر وحدةٍ لنوع المعدة في أي عقد موردٍ نشط"
40538,skipped,0,0,"صفر أثرٍ قابلٍ للتوليد: لا سعر وحدةٍ لنوع المعدة في عقد العميل · لا سعر وحدةٍ لنوع المعدة في أي عقد موردٍ نشط"
40539,skipped,0,0,"صفر أثرٍ قابلٍ للتوليد: لا سعر وحدةٍ لنوع المعدة في عقد العميل · لا سعر وحدةٍ لنوع المعدة في أي عقد موردٍ نشط"
40540,skipped,0,0,"صفر أثرٍ قابلٍ للتوليد: لا سعر وحدةٍ لنوع المعدة في عقد العميل · لا سعر وحدةٍ لنوع المعدة في أي عقد موردٍ نشط"
40541,skipped,0,0,"صفر أثرٍ قابلٍ للتوليد: لا سعر وحدةٍ لنوع المعدة في عقد العميل · لا سعر وحدةٍ لنوع المعدة في أي عقد موردٍ نشط"
40542,skipped,0,0,"صفر أثرٍ قابلٍ للتوليد: لا سعر وحدةٍ لنوع المعدة في عقد العميل · لا سعر وحدةٍ لنوع المعدة في أي عقد موردٍ نشط"
40543,skipped,0,0,"صفر أثرٍ قابلٍ للتوليد: لا سعر وحدةٍ لنوع المعدة في عقد العميل · لا سعر وحدةٍ لنوع المعدة في أي عقد موردٍ نشط"
40544,skipped,0,0,"صفر أثرٍ قابلٍ للتوليد: لا سعر وحدةٍ لنوع المعدة في عقد العميل · لا سعر وحدةٍ لنوع المعدة في أي عقد موردٍ نشط"
40545,skipped,0,0,"صفر أثرٍ قابلٍ للتوليد: لا سعر وحدةٍ لنوع المعدة في عقد العميل · لا سعر وحدةٍ لنوع المعدة في أي عقد موردٍ نشط"
40546,skipped,0,0,"صفر أثرٍ قابلٍ للتوليد: لا سعر وحدةٍ لنوع المعدة في عقد العميل · لا سعر وحدةٍ لنوع المعدة في أي عقد موردٍ نشط"
40547,skipped,0,0,"صفر أثرٍ قابلٍ للتوليد: لا سعر وحدةٍ لنوع المعدة في عقد العميل · لا سعر وحدةٍ لنوع المعدة في أي عقد موردٍ نشط"
40548,skipped,0,0,"صفر أثرٍ قابلٍ للتوليد: لا سعر وحدةٍ لنوع المعدة في عقد العميل · لا سعر وحدةٍ لنوع المعدة في أي عقد موردٍ نشط"
40549,skipped,0,0,"صفر أثرٍ قابلٍ للتوليد: لا سعر وحدةٍ لنوع المعدة في عقد العميل · لا سعر وحدةٍ لنوع المعدة في أي عقد موردٍ نشط"
40550,skipped,0,0,"صفر أثرٍ قابلٍ للتوليد: لا سعر وحدةٍ لنوع المعدة في عقد العميل · لا سعر وحدةٍ لنوع المعدة في أي عقد موردٍ نشط"
40551,skipped,0,0,"صفر أثرٍ قابلٍ للتوليد: لا سعر وحدةٍ لنوع المعدة في عقد العميل · لا سعر وحدةٍ لنوع المعدة في أي عقد موردٍ نشط"
40552,skipped,0,0,"صفر أثرٍ قابلٍ للتوليد: لا سعر وحدةٍ لنوع المعدة في عقد العميل · لا سعر وحدةٍ لنوع المعدة في أي عقد موردٍ نشط"
40553,skipped,0,0,"صفر أثرٍ قابلٍ للتوليد: لا سعر وحدةٍ لنوع المعدة في عقد العميل · لا سعر وحدةٍ لنوع المعدة في أي عقد موردٍ نشط"
40554,skipped,0,0,"صفر أثرٍ قابلٍ للتوليد: لا سعر وحدةٍ لنوع المعدة في عقد العميل · لا سعر وحدةٍ لنوع المعدة في أي عقد موردٍ نشط"
40555,skipped,0,0,"صفر أثرٍ قابلٍ للتوليد: لا سعر وحدةٍ لنوع المعدة في عقد العميل · لا سعر وحدةٍ لنوع المعدة في أي عقد موردٍ نشط"
40556,skipped,0,0,"صفر أثرٍ قابلٍ للتوليد: لا سعر وحدةٍ لنوع المعدة في عقد العميل · لا سعر وحدةٍ لنوع المعدة في أي عقد موردٍ نشط"
40557,skipped,0,0,"صفر أثرٍ قابلٍ للتوليد: لا سعر وحدةٍ لنوع المعدة في عقد العميل · لا سعر وحدةٍ لنوع المعدة في أي عقد موردٍ نشط"
40558,skipped,0,0,"صفر أثرٍ قابلٍ للتوليد: لا سعر وحدةٍ لنوع المعدة في عقد العميل · لا سعر وحدةٍ لنوع المعدة في أي عقد موردٍ نشط"
40559,skipped,0,0,"صفر أثرٍ قابلٍ للتوليد: لا سعر وحدةٍ لنوع المعدة في عقد العميل · لا سعر وحدةٍ لنوع المعدة في أي عقد موردٍ نشط"
40560,skipped,0,0,"صفر أثرٍ قابلٍ للتوليد: لا سعر وحدةٍ لنوع المعدة في عقد العميل · لا سعر وحدةٍ لنوع المعدة في أي عقد موردٍ نشط"
40561,skipped,0,0,"صفر أثرٍ قابلٍ للتوليد: لا سعر وحدةٍ لنوع المعدة في عقد العميل · لا سعر وحدةٍ لنوع المعدة في أي عقد موردٍ نشط"
40562,skipped,0,0,"صفر أثرٍ قابلٍ للتوليد: لا سعر وحدةٍ لنوع المعدة في عقد العميل · لا سعر وحدةٍ لنوع المعدة في أي عقد موردٍ نشط"
40563,skipped,0,0,"صفر أثرٍ قابلٍ للتوليد: لا سعر وحدةٍ لنوع المعدة في عقد العميل · لا سعر وحدةٍ لنوع المعدة في أي عقد موردٍ نشط"
40564,skipped,0,0,"صفر أثرٍ قابلٍ للتوليد: لا سعر وحدةٍ لنوع المعدة في عقد العميل · لا سعر وحدةٍ لنوع المعدة في أي عقد موردٍ نشط"
40565,skipped,0,0,"صفر أثرٍ قابلٍ للتوليد: لا سعر وحدةٍ لنوع المعدة في عقد العميل · لا سعر وحدةٍ لنوع المعدة في أي عقد موردٍ نشط"
40566,skipped,0,0,"صفر أثرٍ قابلٍ للتوليد: لا سعر وحدةٍ لنوع المعدة في عقد العميل · لا سعر وحدةٍ لنوع المعدة في أي عقد موردٍ نشط"
40567,skipped,0,0,"صفر أثرٍ قابلٍ للتوليد: لا سعر وحدةٍ لنوع المعدة في عقد العميل · لا سعر وحدةٍ لنوع المعدة في أي عقد موردٍ نشط"
40568,skipped,0,0,"صفر أثرٍ قابلٍ للتوليد: لا سعر وحدةٍ لنوع المعدة في عقد العميل · لا سعر وحدةٍ لنوع المعدة في أي عقد موردٍ نشط"
40569,skipped,0,0,"صفر أثرٍ قابلٍ للتوليد: لا سعر وحدةٍ لنوع المعدة في عقد العميل · لا سعر وحدةٍ لنوع المعدة في أي عقد موردٍ نشط"
40570,skipped,0,0,"صفر أثرٍ قابلٍ للتوليد: لا سعر وحدةٍ لنوع المعدة في عقد العميل · لا سعر وحدةٍ لنوع المعدة في أي عقد موردٍ نشط"
40571,skipped,0,0,"صفر أثرٍ قابلٍ للتوليد: لا سعر وحدةٍ لنوع المعدة في عقد العميل · لا سعر وحدةٍ لنوع المعدة في أي عقد موردٍ نشط"
40572,skipped,0,0,"صفر أثرٍ قابلٍ للتوليد: لا سعر وحدةٍ لنوع المعدة في عقد العميل · لا سعر وحدةٍ لنوع المعدة في أي عقد موردٍ نشط"
40573,skipped,0,0,"صفر أثرٍ قابلٍ للتوليد: لا سعر وحدةٍ لنوع المعدة في عقد العميل · لا سعر وحدةٍ لنوع المعدة في أي عقد موردٍ نشط"
40574,skipped,0,0,"صفر أثرٍ قابلٍ للتوليد: لا سعر وحدةٍ لنوع المعدة في عقد العميل · لا سعر وحدةٍ لنوع المعدة في أي عقد موردٍ نشط"
40575,skipped,0,0,"صفر أثرٍ قابلٍ للتوليد: لا سعر وحدةٍ لنوع المعدة في عقد العميل · لا سعر وحدةٍ لنوع المعدة في أي عقد موردٍ نشط"
40576,skipped,0,0,"صفر أثرٍ قابلٍ للتوليد: لا سعر وحدةٍ لنوع المعدة في عقد العميل · لا سعر وحدةٍ لنوع المعدة في أي عقد موردٍ نشط"
40577,skipped,0,0,"صفر أثرٍ قابلٍ للتوليد: لا سعر وحدةٍ لنوع المعدة في عقد العميل · لا سعر وحدةٍ لنوع المعدة في أي عقد موردٍ نشط"
40578,skipped,0,0,"صفر أثرٍ قابلٍ للتوليد: لا سعر وحدةٍ لنوع المعدة في عقد العميل · لا سعر وحدةٍ لنوع المعدة في أي عقد موردٍ نشط"
40579,skipped,0,0,"صفر أثرٍ قابلٍ للتوليد: لا سعر وحدةٍ لنوع المعدة في عقد العميل · لا سعر وحدةٍ لنوع المعدة في أي عقد موردٍ نشط"
40580,skipped,0,0,"صفر أثرٍ قابلٍ للتوليد: لا سعر وحدةٍ لنوع المعدة في عقد العميل · لا سعر وحدةٍ لنوع المعدة في أي عقد موردٍ نشط"
40581,skipped,0,0,"صفر أثرٍ قابلٍ للتوليد: لا سعر وحدةٍ لنوع المعدة في عقد العميل · لا سعر وحدةٍ لنوع المعدة في أي عقد موردٍ نشط"
40582,skipped,0,0,"صفر أثرٍ قابلٍ للتوليد: لا سعر وحدةٍ لنوع المعدة في عقد العميل · لا سعر وحدةٍ لنوع المعدة في أي عقد موردٍ نشط"
40583,skipped,0,0,"صفر أثرٍ قابلٍ للتوليد: لا سعر وحدةٍ لنوع المعدة في عقد العميل · لا سعر وحدةٍ لنوع المعدة في أي عقد موردٍ نشط"
40584,skipped,0,0,"صفر أثرٍ قابلٍ للتوليد: لا سعر وحدةٍ لنوع المعدة في عقد العميل · لا سعر وحدةٍ لنوع المعدة في أي عقد موردٍ نشط"
40585,skipped,0,0,"صفر أثرٍ قابلٍ للتوليد: لا سعر وحدةٍ لنوع المعدة في عقد العميل · لا سعر وحدةٍ لنوع المعدة في أي عقد موردٍ نشط"
40586,skipped,0,0,"صفر أثرٍ قابلٍ للتوليد: لا سعر وحدةٍ لنوع المعدة في عقد العميل · لا سعر وحدةٍ لنوع المعدة في أي عقد موردٍ نشط"
40587,skipped,0,0,"صفر أثرٍ قابلٍ للتوليد: لا سعر وحدةٍ لنوع المعدة في عقد العميل · لا سعر وحدةٍ لنوع المعدة في أي عقد موردٍ نشط"
40588,skipped,0,0,"صفر أثرٍ قابلٍ للتوليد: لا سعر وحدةٍ لنوع المعدة في عقد العميل · لا سعر وحدةٍ لنوع المعدة في أي عقد موردٍ نشط"
40589,skipped,0,0,"صفر أثرٍ قابلٍ للتوليد: لا سعر وحدةٍ لنوع المعدة في عقد العميل · لا سعر وحدةٍ لنوع المعدة في أي عقد موردٍ نشط"
40590,skipped,0,0,"صفر أثرٍ قابلٍ للتوليد: لا سعر وحدةٍ لنوع المعدة في عقد العميل · لا سعر وحدةٍ لنوع المعدة في أي عقد موردٍ نشط"
40591,skipped,0,0,"صفر أثرٍ قابلٍ للتوليد: لا سعر وحدةٍ لنوع المعدة في عقد العميل · لا سعر وحدةٍ لنوع المعدة في أي عقد موردٍ نشط"
40592,skipped,0,0,"صفر أثرٍ قابلٍ للتوليد: لا سعر وحدةٍ لنوع المعدة في عقد العميل · لا سعر وحدةٍ لنوع المعدة في أي عقد موردٍ نشط"
40593,skipped,0,0,"صفر أثرٍ قابلٍ للتوليد: لا سعر وحدةٍ لنوع المعدة في عقد العميل · لا سعر وحدةٍ لنوع المعدة في أي عقد موردٍ نشط"
40594,skipped,0,0,"صفر أثرٍ قابلٍ للتوليد: لا سعر وحدةٍ لنوع المعدة في عقد العميل · لا سعر وحدةٍ لنوع المعدة في أي عقد موردٍ نشط"
40595,skipped,0,0,"صفر أثرٍ قابلٍ للتوليد: لا سعر وحدةٍ لنوع المعدة في عقد العميل · لا سعر وحدةٍ لنوع المعدة في أي عقد موردٍ نشط"
40596,skipped,0,0,"صفر أثرٍ قابلٍ للتوليد: لا سعر وحدةٍ لنوع المعدة في عقد العميل · لا سعر وحدةٍ لنوع المعدة في أي عقد موردٍ نشط"
40597,skipped,0,0,"صفر أثرٍ قابلٍ للتوليد: لا سعر وحدةٍ لنوع المعدة في عقد العميل · لا سعر وحدةٍ لنوع المعدة في أي عقد موردٍ نشط"
40598,skipped,0,0,"صفر أثرٍ قابلٍ للتوليد: لا سعر وحدةٍ لنوع المعدة في عقد العميل · لا سعر وحدةٍ لنوع المعدة في أي عقد موردٍ نشط"
40599,skipped,0,0,"صفر أثرٍ قابلٍ للتوليد: لا سعر وحدةٍ لنوع المعدة في عقد العميل · لا سعر وحدةٍ لنوع المعدة في أي عقد موردٍ نشط"
40600,skipped,0,0,"صفر أثرٍ قابلٍ للتوليد: لا سعر وحدةٍ لنوع المعدة في عقد العميل · لا سعر وحدةٍ لنوع المعدة في أي عقد موردٍ نشط"
40601,skipped,0,0,"صفر أثرٍ قابلٍ للتوليد: لا سعر وحدةٍ لنوع المعدة في عقد العميل · لا سعر وحدةٍ لنوع المعدة في أي عقد موردٍ نشط"
40602,skipped,0,0,"صفر أثرٍ قابلٍ للتوليد: لا سعر وحدةٍ لنوع المعدة في عقد العميل · لا سعر وحدةٍ لنوع المعدة في أي عقد موردٍ نشط"
40603,skipped,0,0,"صفر أثرٍ قابلٍ للتوليد: لا سعر وحدةٍ لنوع المعدة في عقد العميل · لا سعر وحدةٍ لنوع المعدة في أي عقد موردٍ نشط"
40604,skipped,0,0,"صفر أثرٍ قابلٍ للتوليد: لا سعر وحدةٍ لنوع المعدة في عقد العميل · لا سعر وحدةٍ لنوع المعدة في أي عقد موردٍ نشط"
40605,skipped,0,0,"صفر أثرٍ قابلٍ للتوليد: لا سعر وحدةٍ لنوع المعدة في عقد العميل · لا سعر وحدةٍ لنوع المعدة في أي عقد موردٍ نشط"
40606,skipped,0,0,"صفر أثرٍ قابلٍ للتوليد: لا سعر وحدةٍ لنوع المعدة في عقد العميل · لا سعر وحدةٍ لنوع المعدة في أي عقد موردٍ نشط"
40607,skipped,0,0,"صفر أثرٍ قابلٍ للتوليد: لا سعر وحدةٍ لنوع المعدة في عقد العميل · لا سعر وحدةٍ لنوع المعدة في أي عقد موردٍ نشط"
40608,skipped,0,0,"صفر أثرٍ قابلٍ للتوليد: لا سعر وحدةٍ لنوع المعدة في عقد العميل · لا سعر وحدةٍ لنوع المعدة في أي عقد موردٍ نشط"
40609,skipped,0,0,"صفر أثرٍ قابلٍ للتوليد: لا سعر وحدةٍ لنوع المعدة في عقد العميل · لا سعر وحدةٍ لنوع المعدة في أي عقد موردٍ نشط"
40610,skipped,0,0,"صفر أثرٍ قابلٍ للتوليد: لا سعر وحدةٍ لنوع المعدة في عقد العميل · لا سعر وحدةٍ لنوع المعدة في أي عقد موردٍ نشط"
40611,skipped,0,0,"صفر أثرٍ قابلٍ للتوليد: لا سعر وحدةٍ لنوع المعدة في عقد العميل · لا سعر وحدةٍ لنوع المعدة في أي عقد موردٍ نشط"
40612,skipped,0,0,"صفر أثرٍ قابلٍ للتوليد: لا سعر وحدةٍ لنوع المعدة في عقد العميل · لا سعر وحدةٍ لنوع المعدة في أي عقد موردٍ نشط"
40613,skipped,0,0,"صفر أثرٍ قابلٍ للتوليد: لا سعر وحدةٍ لنوع المعدة في عقد العميل · لا سعر وحدةٍ لنوع المعدة في أي عقد موردٍ نشط"
40614,skipped,0,0,"صفر أثرٍ قابلٍ للتوليد: لا سعر وحدةٍ لنوع المعدة في عقد العميل · لا سعر وحدةٍ لنوع المعدة في أي عقد موردٍ نشط"
40615,skipped,0,0,"صفر أثرٍ قابلٍ للتوليد: لا سعر وحدةٍ لنوع المعدة في عقد العميل · لا سعر وحدةٍ لنوع المعدة في أي عقد موردٍ نشط"
40616,skipped,0,0,"صفر أثرٍ قابلٍ للتوليد: لا سعر وحدةٍ لنوع المعدة في عقد العميل · لا سعر وحدةٍ لنوع المعدة في أي عقد موردٍ نشط"
40617,skipped,0,0,"صفر أثرٍ قابلٍ للتوليد: لا سعر وحدةٍ لنوع المعدة في عقد العميل · لا سعر وحدةٍ لنوع المعدة في أي عقد موردٍ نشط"
40618,skipped,0,0,"صفر أثرٍ قابلٍ للتوليد: لا سعر وحدةٍ لنوع المعدة في عقد العميل · لا سعر وحدةٍ لنوع المعدة في أي عقد موردٍ نشط"
40619,skipped,0,0,"صفر أثرٍ قابلٍ للتوليد: لا سعر وحدةٍ لنوع المعدة في عقد العميل · لا سعر وحدةٍ لنوع المعدة في أي عقد موردٍ نشط"
40620,skipped,0,0,"صفر أثرٍ قابلٍ للتوليد: لا سعر وحدةٍ لنوع المعدة في عقد العميل · لا سعر وحدةٍ لنوع المعدة في أي عقد موردٍ نشط"
40621,skipped,0,0,"صفر أثرٍ قابلٍ للتوليد: لا سعر وحدةٍ لنوع المعدة في عقد العميل · لا سعر وحدةٍ لنوع المعدة في أي عقد موردٍ نشط"
40622,skipped,0,0,"صفر أثرٍ قابلٍ للتوليد: لا سعر وحدةٍ لنوع المعدة في عقد العميل · لا سعر وحدةٍ لنوع المعدة في أي عقد موردٍ نشط"
40623,skipped,0,0,"صفر أثرٍ قابلٍ للتوليد: لا سعر وحدةٍ لنوع المعدة في عقد العميل · لا سعر وحدةٍ لنوع المعدة في أي عقد موردٍ نشط"
40624,skipped,0,0,"صفر أثرٍ قابلٍ للتوليد: لا سعر وحدةٍ لنوع المعدة في عقد العميل · لا سعر وحدةٍ لنوع المعدة في أي عقد موردٍ نشط"
40625,skipped,0,0,"صفر أثرٍ قابلٍ للتوليد: لا سعر وحدةٍ لنوع المعدة في عقد العميل · لا سعر وحدةٍ لنوع المعدة في أي عقد موردٍ نشط"
40626,skipped,0,0,"صفر أثرٍ قابلٍ للتوليد: لا سعر وحدةٍ لنوع المعدة في عقد العميل · لا سعر وحدةٍ لنوع المعدة في أي عقد موردٍ نشط"
40627,skipped,0,0,"صفر أثرٍ قابلٍ للتوليد: لا سعر وحدةٍ لنوع المعدة في عقد العميل · لا سعر وحدةٍ لنوع المعدة في أي عقد موردٍ نشط"
40628,skipped,0,0,"صفر أثرٍ قابلٍ للتوليد: لا سعر وحدةٍ لنوع المعدة في عقد العميل · لا سعر وحدةٍ لنوع المعدة في أي عقد موردٍ نشط"
40629,skipped,0,0,"صفر أثرٍ قابلٍ للتوليد: لا سعر وحدةٍ لنوع المعدة في عقد العميل · لا سعر وحدةٍ لنوع المعدة في أي عقد موردٍ نشط"
40630,skipped,0,0,"صفر أثرٍ قابلٍ للتوليد: لا سعر وحدةٍ لنوع المعدة في عقد العميل · لا سعر وحدةٍ لنوع المعدة في أي عقد موردٍ نشط"
40631,skipped,0,0,"صفر أثرٍ قابلٍ للتوليد: لا سعر وحدةٍ لنوع المعدة في عقد العميل · لا سعر وحدةٍ لنوع المعدة في أي عقد موردٍ نشط"
40632,skipped,0,0,"صفر أثرٍ قابلٍ للتوليد: لا سعر وحدةٍ لنوع المعدة في عقد العميل · لا سعر وحدةٍ لنوع المعدة في أي عقد موردٍ نشط"
40633,skipped,0,0,"صفر أثرٍ قابلٍ للتوليد: لا سعر وحدةٍ لنوع المعدة في عقد العميل · لا سعر وحدةٍ لنوع المعدة في أي عقد موردٍ نشط"
40634,skipped,0,0,"صفر أثرٍ قابلٍ للتوليد: لا سعر وحدةٍ لنوع المعدة في عقد العميل · لا سعر وحدةٍ لنوع المعدة في أي عقد موردٍ نشط"
40635,skipped,0,0,"صفر أثرٍ قابلٍ للتوليد: لا سعر وحدةٍ لنوع المعدة في عقد العميل · لا سعر وحدةٍ لنوع المعدة في أي عقد موردٍ نشط"
40636,skipped,0,0,"صفر أثرٍ قابلٍ للتوليد: لا سعر وحدةٍ لنوع المعدة في عقد العميل · لا سعر وحدةٍ لنوع المعدة في أي عقد موردٍ نشط"
40637,skipped,0,0,"صفر أثرٍ قابلٍ للتوليد: لا سعر وحدةٍ لنوع المعدة في عقد العميل · لا سعر وحدةٍ لنوع المعدة في أي عقد موردٍ نشط"
40638,skipped,0,0,"صفر أثرٍ قابلٍ للتوليد: لا سعر وحدةٍ لنوع المعدة في عقد العميل · لا سعر وحدةٍ لنوع المعدة في أي عقد موردٍ نشط"
40639,skipped,0,0,"صفر أثرٍ قابلٍ للتوليد: لا سعر وحدةٍ لنوع المعدة في عقد العميل · لا سعر وحدةٍ لنوع المعدة في أي عقد موردٍ نشط"
40640,skipped,0,0,"صفر أثرٍ قابلٍ للتوليد: لا سعر وحدةٍ لنوع المعدة في عقد العميل · لا سعر وحدةٍ لنوع المعدة في أي عقد موردٍ نشط"
40641,skipped,0,0,"صفر أثرٍ قابلٍ للتوليد: لا سعر وحدةٍ لنوع المعدة في عقد العميل · لا سعر وحدةٍ لنوع المعدة في أي عقد موردٍ نشط"
40642,skipped,0,0,"صفر أثرٍ قابلٍ للتوليد: لا سعر وحدةٍ لنوع المعدة في عقد العميل · لا سعر وحدةٍ لنوع المعدة في أي عقد موردٍ نشط"
40643,skipped,0,0,"صفر أثرٍ قابلٍ للتوليد: لا سعر وحدةٍ لنوع المعدة في عقد العميل · لا سعر وحدةٍ لنوع المعدة في أي عقد موردٍ نشط"
40644,skipped,0,0,"صفر أثرٍ قابلٍ للتوليد: لا سعر وحدةٍ لنوع المعدة في عقد العميل · لا سعر وحدةٍ لنوع المعدة في أي عقد موردٍ نشط"
40645,skipped,0,0,"صفر أثرٍ قابلٍ للتوليد: لا سعر وحدةٍ لنوع المعدة في عقد العميل · لا سعر وحدةٍ لنوع المعدة في أي عقد موردٍ نشط"
40646,skipped,0,0,"صفر أثرٍ قابلٍ للتوليد: لا سعر وحدةٍ لنوع المعدة في عقد العميل · لا سعر وحدةٍ لنوع المعدة في أي عقد موردٍ نشط"
40647,skipped,0,0,"صفر أثرٍ قابلٍ للتوليد: لا سعر وحدةٍ لنوع المعدة في عقد العميل · لا سعر وحدةٍ لنوع المعدة في أي عقد موردٍ نشط"
40648,skipped,0,0,"صفر أثرٍ قابلٍ للتوليد: لا سعر وحدةٍ لنوع المعدة في عقد العميل · لا سعر وحدةٍ لنوع المعدة في أي عقد موردٍ نشط"
40649,skipped,0,0,"صفر أثرٍ قابلٍ للتوليد: لا سعر وحدةٍ لنوع المعدة في عقد العميل · لا سعر وحدةٍ لنوع المعدة في أي عقد موردٍ نشط"
40650,skipped,0,0,"صفر أثرٍ قابلٍ للتوليد: لا سعر وحدةٍ لنوع المعدة في عقد العميل · لا سعر وحدةٍ لنوع المعدة في أي عقد موردٍ نشط"
40651,skipped,0,0,"صفر أثرٍ قابلٍ للتوليد: لا سعر وحدةٍ لنوع المعدة في عقد العميل · لا سعر وحدةٍ لنوع المعدة في أي عقد موردٍ نشط"
40652,skipped,0,0,"صفر أثرٍ قابلٍ للتوليد: لا سعر وحدةٍ لنوع المعدة في عقد العميل · لا سعر وحدةٍ لنوع المعدة في أي عقد موردٍ نشط"
40653,skipped,0,0,"صفر أثرٍ قابلٍ للتوليد: لا سعر وحدةٍ لنوع المعدة في عقد العميل · لا سعر وحدةٍ لنوع المعدة في أي عقد موردٍ نشط"
40654,skipped,0,0,"صفر أثرٍ قابلٍ للتوليد: لا سعر وحدةٍ لنوع المعدة في عقد العميل · لا سعر وحدةٍ لنوع المعدة في أي عقد موردٍ نشط"
40655,skipped,0,0,"صفر أثرٍ قابلٍ للتوليد: لا سعر وحدةٍ لنوع المعدة في عقد العميل · لا سعر وحدةٍ لنوع المعدة في أي عقد موردٍ نشط"
40656,skipped,0,0,"صفر أثرٍ قابلٍ للتوليد: لا سعر وحدةٍ لنوع المعدة في عقد العميل · لا سعر وحدةٍ لنوع المعدة في أي عقد موردٍ نشط"
40657,skipped,0,0,"صفر أثرٍ قابلٍ للتوليد: لا سعر وحدةٍ لنوع المعدة في عقد العميل · لا سعر وحدةٍ لنوع المعدة في أي عقد موردٍ نشط"
40658,skipped,0,0,"صفر أثرٍ قابلٍ للتوليد: لا سعر وحدةٍ لنوع المعدة في عقد العميل · لا سعر وحدةٍ لنوع المعدة في أي عقد موردٍ نشط"
40659,skipped,0,0,"صفر أثرٍ قابلٍ للتوليد: لا سعر وحدةٍ لنوع المعدة في عقد العميل · لا سعر وحدةٍ لنوع المعدة في أي عقد موردٍ نشط"
40660,skipped,0,0,"صفر أثرٍ قابلٍ للتوليد: لا سعر وحدةٍ لنوع المعدة في عقد العميل · لا سعر وحدةٍ لنوع المعدة في أي عقد موردٍ نشط"
40661,skipped,0,0,"صفر أثرٍ قابلٍ للتوليد: لا سعر وحدةٍ لنوع المعدة في عقد العميل · لا سعر وحدةٍ لنوع المعدة في أي عقد موردٍ نشط"
40662,skipped,0,0,"صفر أثرٍ قابلٍ للتوليد: لا سعر وحدةٍ لنوع المعدة في عقد العميل · لا سعر وحدةٍ لنوع المعدة في أي عقد موردٍ نشط"
40663,skipped,0,0,"صفر أثرٍ قابلٍ للتوليد: لا سعر وحدةٍ لنوع المعدة في عقد العميل · لا سعر وحدةٍ لنوع المعدة في أي عقد موردٍ نشط"
40664,skipped,0,0,"صفر أثرٍ قابلٍ للتوليد: لا سعر وحدةٍ لنوع المعدة في عقد العميل · لا سعر وحدةٍ لنوع المعدة في أي عقد موردٍ نشط"
40665,skipped,0,0,"صفر أثرٍ قابلٍ للتوليد: لا سعر وحدةٍ لنوع المعدة في عقد العميل · لا سعر وحدةٍ لنوع المعدة في أي عقد موردٍ نشط"
40666,skipped,0,0,"صفر أثرٍ قابلٍ للتوليد: لا سعر وحدةٍ لنوع المعدة في عقد العميل · لا سعر وحدةٍ لنوع المعدة في أي عقد موردٍ نشط"
40667,skipped,0,0,"صفر أثرٍ قابلٍ للتوليد: لا سعر وحدةٍ لنوع المعدة في عقد العميل · لا سعر وحدةٍ لنوع المعدة في أي عقد موردٍ نشط"
40668,skipped,0,0,"صفر أثرٍ قابلٍ للتوليد: لا سعر وحدةٍ لنوع المعدة في عقد العميل · لا سعر وحدةٍ لنوع المعدة في أي عقد موردٍ نشط"
40669,skipped,0,0,"صفر أثرٍ قابلٍ للتوليد: لا سعر وحدةٍ لنوع المعدة في عقد العميل · لا سعر وحدةٍ لنوع المعدة في أي عقد موردٍ نشط"
40670,skipped,0,0,"صفر أثرٍ قابلٍ للتوليد: لا سعر وحدةٍ لنوع المعدة في عقد العميل · لا سعر وحدةٍ لنوع المعدة في أي عقد موردٍ نشط"
40671,skipped,0,0,"صفر أثرٍ قابلٍ للتوليد: لا سعر وحدةٍ لنوع المعدة في عقد العميل · لا سعر وحدةٍ لنوع المعدة في أي عقد موردٍ نشط"
40672,skipped,0,0,"صفر أثرٍ قابلٍ للتوليد: لا سعر وحدةٍ لنوع المعدة في عقد العميل · لا سعر وحدةٍ لنوع المعدة في أي عقد موردٍ نشط"
40673,skipped,0,0,"صفر أثرٍ قابلٍ للتوليد: لا سعر وحدةٍ لنوع المعدة في عقد العميل · لا سعر وحدةٍ لنوع المعدة في أي عقد موردٍ نشط"
40674,skipped,0,0,"صفر أثرٍ قابلٍ للتوليد: لا سعر وحدةٍ لنوع المعدة في عقد العميل · لا سعر وحدةٍ لنوع المعدة في أي عقد موردٍ نشط"
40675,skipped,0,0,"صفر أثرٍ قابلٍ للتوليد: لا سعر وحدةٍ لنوع المعدة في عقد العميل · لا سعر وحدةٍ لنوع المعدة في أي عقد موردٍ نشط"
40676,skipped,0,0,"صفر أثرٍ قابلٍ للتوليد: لا سعر وحدةٍ لنوع المعدة في عقد العميل · لا سعر وحدةٍ لنوع المعدة في أي عقد موردٍ نشط"
40677,skipped,0,0,"صفر أثرٍ قابلٍ للتوليد: لا سعر وحدةٍ لنوع المعدة في عقد العميل · لا سعر وحدةٍ لنوع المعدة في أي عقد موردٍ نشط"
40678,skipped,0,0,"صفر أثرٍ قابلٍ للتوليد: لا سعر وحدةٍ لنوع المعدة في عقد العميل · لا سعر وحدةٍ لنوع المعدة في أي عقد موردٍ نشط"
40679,skipped,0,0,"صفر أثرٍ قابلٍ للتوليد: لا سعر وحدةٍ لنوع المعدة في عقد العميل · لا سعر وحدةٍ لنوع المعدة في أي عقد موردٍ نشط"
40680,skipped,0,0,"صفر أثرٍ قابلٍ للتوليد: لا سعر وحدةٍ لنوع المعدة في عقد العميل · لا سعر وحدةٍ لنوع المعدة في أي عقد موردٍ نشط"
40681,skipped,0,0,"صفر أثرٍ قابلٍ للتوليد: لا سعر وحدةٍ لنوع المعدة في عقد العميل · لا سعر وحدةٍ لنوع المعدة في أي عقد موردٍ نشط"
40682,skipped,0,0,"صفر أثرٍ قابلٍ للتوليد: لا سعر وحدةٍ لنوع المعدة في عقد العميل · لا سعر وحدةٍ لنوع المعدة في أي عقد موردٍ نشط"
40683,skipped,0,0,"صفر أثرٍ قابلٍ للتوليد: لا سعر وحدةٍ لنوع المعدة في عقد العميل · لا سعر وحدةٍ لنوع المعدة في أي عقد موردٍ نشط"
40684,skipped,0,0,"صفر أثرٍ قابلٍ للتوليد: لا سعر وحدةٍ لنوع المعدة في عقد العميل · لا سعر وحدةٍ لنوع المعدة في أي عقد موردٍ نشط"
40685,skipped,0,0,"صفر أثرٍ قابلٍ للتوليد: لا سعر وحدةٍ لنوع المعدة في عقد العميل · لا سعر وحدةٍ لنوع المعدة في أي عقد موردٍ نشط"
40686,skipped,0,0,"صفر أثرٍ قابلٍ للتوليد: لا سعر وحدةٍ لنوع المعدة في عقد العميل · لا سعر وحدةٍ لنوع المعدة في أي عقد موردٍ نشط"
40687,skipped,0,0,"صفر أثرٍ قابلٍ للتوليد: لا سعر وحدةٍ لنوع المعدة في عقد العميل · لا سعر وحدةٍ لنوع المعدة في أي عقد موردٍ نشط"
40688,skipped,0,0,"صفر أثرٍ قابلٍ للتوليد: لا سعر وحدةٍ لنوع المعدة في عقد العميل · لا سعر وحدةٍ لنوع المعدة في أي عقد موردٍ نشط"
40689,skipped,0,0,"صفر أثرٍ قابلٍ للتوليد: لا سعر وحدةٍ لنوع المعدة في عقد العميل · لا سعر وحدةٍ لنوع المعدة في أي عقد موردٍ نشط"
40690,skipped,0,0,"صفر أثرٍ قابلٍ للتوليد: لا سعر وحدةٍ لنوع المعدة في عقد العميل · لا سعر وحدةٍ لنوع المعدة في أي عقد موردٍ نشط"
40691,skipped,0,0,"صفر أثرٍ قابلٍ للتوليد: لا سعر وحدةٍ لنوع المعدة في عقد العميل · لا سعر وحدةٍ لنوع المعدة في أي عقد موردٍ نشط"
40692,skipped,0,0,"صفر أثرٍ قابلٍ للتوليد: لا سعر وحدةٍ لنوع المعدة في عقد العميل · لا سعر وحدةٍ لنوع المعدة في أي عقد موردٍ نشط"
40693,skipped,0,0,"صفر أثرٍ قابلٍ للتوليد: لا سعر وحدةٍ لنوع المعدة في عقد العميل · لا سعر وحدةٍ لنوع المعدة في أي عقد موردٍ نشط"
40694,skipped,0,0,"صفر أثرٍ قابلٍ للتوليد: لا سعر وحدةٍ لنوع المعدة في عقد العميل · لا سعر وحدةٍ لنوع المعدة في أي عقد موردٍ نشط"
40695,skipped,0,0,"صفر أثرٍ قابلٍ للتوليد: لا سعر وحدةٍ لنوع المعدة في عقد العميل · لا سعر وحدةٍ لنوع المعدة في أي عقد موردٍ نشط"
40696,skipped,0,0,"صفر أثرٍ قابلٍ للتوليد: لا سعر وحدةٍ لنوع المعدة في عقد العميل · لا سعر وحدةٍ لنوع المعدة في أي عقد موردٍ نشط"
40697,skipped,0,0,"صفر أثرٍ قابلٍ للتوليد: لا سعر وحدةٍ لنوع المعدة في عقد العميل · لا سعر وحدةٍ لنوع المعدة في أي عقد موردٍ نشط"
40698,skipped,0,0,"صفر أثرٍ قابلٍ للتوليد: لا سعر وحدةٍ لنوع المعدة في عقد العميل · لا سعر وحدةٍ لنوع المعدة في أي عقد موردٍ نشط"
40699,skipped,0,0,"صفر أثرٍ قابلٍ للتوليد: لا سعر وحدةٍ لنوع المعدة في عقد العميل · لا سعر وحدةٍ لنوع المعدة في أي عقد موردٍ نشط"
40700,skipped,0,0,"صفر أثرٍ قابلٍ للتوليد: لا سعر وحدةٍ لنوع المعدة في عقد العميل · لا سعر وحدةٍ لنوع المعدة في أي عقد موردٍ نشط"
40701,skipped,0,0,"صفر أثرٍ قابلٍ للتوليد: لا سعر وحدةٍ لنوع المعدة في عقد العميل · لا سعر وحدةٍ لنوع المعدة في أي عقد موردٍ نشط"
40702,skipped,0,0,"صفر أثرٍ قابلٍ للتوليد: لا سعر وحدةٍ لنوع المعدة في عقد العميل · لا سعر وحدةٍ لنوع المعدة في أي عقد موردٍ نشط"
40703,skipped,0,0,"صفر أثرٍ قابلٍ للتوليد: لا سعر وحدةٍ لنوع المعدة في عقد العميل · لا سعر وحدةٍ لنوع المعدة في أي عقد موردٍ نشط"
40704,skipped,0,0,"صفر أثرٍ قابلٍ للتوليد: لا سعر وحدةٍ لنوع المعدة في عقد العميل · لا سعر وحدةٍ لنوع المعدة في أي عقد موردٍ نشط"
40705,skipped,0,0,"صفر أثرٍ قابلٍ للتوليد: لا سعر وحدةٍ لنوع المعدة في عقد العميل · لا سعر وحدةٍ لنوع المعدة في أي عقد موردٍ نشط"
40706,skipped,0,0,"صفر أثرٍ قابلٍ للتوليد: لا سعر وحدةٍ لنوع المعدة في عقد العميل · لا سعر وحدةٍ لنوع المعدة في أي عقد موردٍ نشط"
40707,skipped,0,0,"صفر أثرٍ قابلٍ للتوليد: لا سعر وحدةٍ لنوع المعدة في عقد العميل · لا سعر وحدةٍ لنوع المعدة في أي عقد موردٍ نشط"
40708,skipped,0,0,"صفر أثرٍ قابلٍ للتوليد: لا سعر وحدةٍ لنوع المعدة في عقد العميل · لا سعر وحدةٍ لنوع المعدة في أي عقد موردٍ نشط"
40709,skipped,0,0,"صفر أثرٍ قابلٍ للتوليد: لا سعر وحدةٍ لنوع المعدة في عقد العميل · لا سعر وحدةٍ لنوع المعدة في أي عقد موردٍ نشط"
40710,skipped,0,0,"صفر أثرٍ قابلٍ للتوليد: لا سعر وحدةٍ لنوع المعدة في عقد العميل · لا سعر وحدةٍ لنوع المعدة في أي عقد موردٍ نشط"
40711,skipped,0,0,"صفر أثرٍ قابلٍ للتوليد: لا سعر وحدةٍ لنوع المعدة في عقد العميل · لا سعر وحدةٍ لنوع المعدة في أي عقد موردٍ نشط"
40712,skipped,0,0,"صفر أثرٍ قابلٍ للتوليد: لا سعر وحدةٍ لنوع المعدة في عقد العميل · لا سعر وحدةٍ لنوع المعدة في أي عقد موردٍ نشط"
40713,skipped,0,0,"صفر أثرٍ قابلٍ للتوليد: لا سعر وحدةٍ لنوع المعدة في عقد العميل · لا سعر وحدةٍ لنوع المعدة في أي عقد موردٍ نشط"
40714,skipped,0,0,"صفر أثرٍ قابلٍ للتوليد: لا سعر وحدةٍ لنوع المعدة في عقد العميل · لا سعر وحدةٍ لنوع المعدة في أي عقد موردٍ نشط"
40715,skipped,0,0,"صفر أثرٍ قابلٍ للتوليد: لا سعر وحدةٍ لنوع المعدة في عقد العميل · لا سعر وحدةٍ لنوع المعدة في أي عقد موردٍ نشط"
40716,skipped,0,0,"صفر أثرٍ قابلٍ للتوليد: لا سعر وحدةٍ لنوع المعدة في عقد العميل · لا سعر وحدةٍ لنوع المعدة في أي عقد موردٍ نشط"
40717,skipped,0,0,"صفر أثرٍ قابلٍ للتوليد: لا سعر وحدةٍ لنوع المعدة في عقد العميل · لا سعر وحدةٍ لنوع المعدة في أي عقد موردٍ نشط"
40718,skipped,0,0,"صفر أثرٍ قابلٍ للتوليد: لا سعر وحدةٍ لنوع المعدة في عقد العميل · لا سعر وحدةٍ لنوع المعدة في أي عقد موردٍ نشط"
40719,skipped,0,0,"صفر أثرٍ قابلٍ للتوليد: لا سعر وحدةٍ لنوع المعدة في عقد العميل · لا سعر وحدةٍ لنوع المعدة في أي عقد موردٍ نشط"
40720,skipped,0,0,"صفر أثرٍ قابلٍ للتوليد: لا سعر وحدةٍ لنوع المعدة في عقد العميل · لا سعر وحدةٍ لنوع المعدة في أي عقد موردٍ نشط"
40721,skipped,0,0,"صفر أثرٍ قابلٍ للتوليد: لا سعر وحدةٍ لنوع المعدة في عقد العميل · لا سعر وحدةٍ لنوع المعدة في أي عقد موردٍ نشط"
40722,skipped,0,0,"صفر أثرٍ قابلٍ للتوليد: لا سعر وحدةٍ لنوع المعدة في عقد العميل · لا سعر وحدةٍ لنوع المعدة في أي عقد موردٍ نشط"
40723,skipped,0,0,"صفر أثرٍ قابلٍ للتوليد: لا سعر وحدةٍ لنوع المعدة في عقد العميل · لا سعر وحدةٍ لنوع المعدة في أي عقد موردٍ نشط"
40724,skipped,0,0,"صفر أثرٍ قابلٍ للتوليد: لا سعر وحدةٍ لنوع المعدة في عقد العميل · لا سعر وحدةٍ لنوع المعدة في أي عقد موردٍ نشط"
40725,skipped,0,0,"صفر أثرٍ قابلٍ للتوليد: لا سعر وحدةٍ لنوع المعدة في عقد العميل · لا سعر وحدةٍ لنوع المعدة في أي عقد موردٍ نشط"
40726,skipped,0,0,"صفر أثرٍ قابلٍ للتوليد: لا سعر وحدةٍ لنوع المعدة في عقد العميل · لا سعر وحدةٍ لنوع المعدة في أي عقد موردٍ نشط"
40727,skipped,0,0,"صفر أثرٍ قابلٍ للتوليد: لا سعر وحدةٍ لنوع المعدة في عقد العميل · لا سعر وحدةٍ لنوع المعدة في أي عقد موردٍ نشط"
40728,skipped,0,0,"صفر أثرٍ قابلٍ للتوليد: لا سعر وحدةٍ لنوع المعدة في عقد العميل · لا سعر وحدةٍ لنوع المعدة في أي عقد موردٍ نشط"
40729,skipped,0,0,"صفر أثرٍ قابلٍ للتوليد: لا سعر وحدةٍ لنوع المعدة في عقد العميل · لا سعر وحدةٍ لنوع المعدة في أي عقد موردٍ نشط"
40730,skipped,0,0,"صفر أثرٍ قابلٍ للتوليد: لا سعر وحدةٍ لنوع المعدة في عقد العميل · لا سعر وحدةٍ لنوع المعدة في أي عقد موردٍ نشط"
40731,skipped,0,0,"صفر أثرٍ قابلٍ للتوليد: لا سعر وحدةٍ لنوع المعدة في عقد العميل · لا سعر وحدةٍ لنوع المعدة في أي عقد موردٍ نشط"
40732,skipped,0,0,"صفر أثرٍ قابلٍ للتوليد: لا سعر وحدةٍ لنوع المعدة في عقد العميل · لا سعر وحدةٍ لنوع المعدة في أي عقد موردٍ نشط"
40733,skipped,0,0,"صفر أثرٍ قابلٍ للتوليد: لا سعر وحدةٍ لنوع المعدة في عقد العميل · لا سعر وحدةٍ لنوع المعدة في أي عقد موردٍ نشط"
40734,skipped,0,0,"صفر أثرٍ قابلٍ للتوليد: لا سعر وحدةٍ لنوع المعدة في عقد العميل · لا سعر وحدةٍ لنوع المعدة في أي عقد موردٍ نشط"
40735,skipped,0,0,"صفر أثرٍ قابلٍ للتوليد: لا سعر وحدةٍ لنوع المعدة في عقد العميل · لا سعر وحدةٍ لنوع المعدة في أي عقد موردٍ نشط"
40736,skipped,0,0,"صفر أثرٍ قابلٍ للتوليد: لا سعر وحدةٍ لنوع المعدة في عقد العميل · لا سعر وحدةٍ لنوع المعدة في أي عقد موردٍ نشط"
40737,skipped,0,0,"صفر أثرٍ قابلٍ للتوليد: لا سعر وحدةٍ لنوع المعدة في عقد العميل · لا سعر وحدةٍ لنوع المعدة في أي عقد موردٍ نشط"
40738,skipped,0,0,"صفر أثرٍ قابلٍ للتوليد: لا سعر وحدةٍ لنوع المعدة في عقد العميل · لا سعر وحدةٍ لنوع المعدة في أي عقد موردٍ نشط"
40739,skipped,0,0,"صفر أثرٍ قابلٍ للتوليد: لا سعر وحدةٍ لنوع المعدة في عقد العميل · لا سعر وحدةٍ لنوع المعدة في أي عقد موردٍ نشط"
40740,skipped,0,0,"صفر أثرٍ قابلٍ للتوليد: لا سعر وحدةٍ لنوع المعدة في عقد العميل · لا سعر وحدةٍ لنوع المعدة في أي عقد موردٍ نشط"
40741,skipped,0,0,"صفر أثرٍ قابلٍ للتوليد: لا سعر وحدةٍ لنوع المعدة في عقد العميل · لا سعر وحدةٍ لنوع المعدة في أي عقد موردٍ نشط"
40742,skipped,0,0,"صفر أثرٍ قابلٍ للتوليد: لا سعر وحدةٍ لنوع المعدة في عقد العميل · لا سعر وحدةٍ لنوع المعدة في أي عقد موردٍ نشط"
40743,skipped,0,0,"صفر أثرٍ قابلٍ للتوليد: لا سعر وحدةٍ لنوع المعدة في عقد العميل · لا سعر وحدةٍ لنوع المعدة في أي عقد موردٍ نشط"
40744,skipped,0,0,"صفر أثرٍ قابلٍ للتوليد: لا سعر وحدةٍ لنوع المعدة في عقد العميل · لا سعر وحدةٍ لنوع المعدة في أي عقد موردٍ نشط"
40745,skipped,0,0,"صفر أثرٍ قابلٍ للتوليد: لا سعر وحدةٍ لنوع المعدة في عقد العميل · لا سعر وحدةٍ لنوع المعدة في أي عقد موردٍ نشط"
40746,skipped,0,0,"صفر أثرٍ قابلٍ للتوليد: لا سعر وحدةٍ لنوع المعدة في عقد العميل · لا سعر وحدةٍ لنوع المعدة في أي عقد موردٍ نشط"
40747,skipped,0,0,"صفر أثرٍ قابلٍ للتوليد: لا سعر وحدةٍ لنوع المعدة في عقد العميل · لا سعر وحدةٍ لنوع المعدة في أي عقد موردٍ نشط"
40748,skipped,0,0,"صفر أثرٍ قابلٍ للتوليد: لا سعر وحدةٍ لنوع المعدة في عقد العميل · لا سعر وحدةٍ لنوع المعدة في أي عقد موردٍ نشط"
40749,skipped,0,0,"صفر أثرٍ قابلٍ للتوليد: لا سعر وحدةٍ لنوع المعدة في عقد العميل · لا سعر وحدةٍ لنوع المعدة في أي عقد موردٍ نشط"
40750,skipped,0,0,"صفر أثرٍ قابلٍ للتوليد: لا سعر وحدةٍ لنوع المعدة في عقد العميل · لا سعر وحدةٍ لنوع المعدة في أي عقد موردٍ نشط"
40751,skipped,0,0,"صفر أثرٍ قابلٍ للتوليد: لا سعر وحدةٍ لنوع المعدة في عقد العميل · لا سعر وحدةٍ لنوع المعدة في أي عقد موردٍ نشط"
40752,skipped,0,0,"صفر أثرٍ قابلٍ للتوليد: لا سعر وحدةٍ لنوع المعدة في عقد العميل · لا سعر وحدةٍ لنوع المعدة في أي عقد موردٍ نشط"
40753,skipped,0,0,"صفر أثرٍ قابلٍ للتوليد: لا سعر وحدةٍ لنوع المعدة في عقد العميل · لا سعر وحدةٍ لنوع المعدة في أي عقد موردٍ نشط"
40754,skipped,0,0,"صفر أثرٍ قابلٍ للتوليد: لا سعر وحدةٍ لنوع المعدة في عقد العميل · لا سعر وحدةٍ لنوع المعدة في أي عقد موردٍ نشط"
40755,skipped,0,0,"صفر أثرٍ قابلٍ للتوليد: لا سعر وحدةٍ لنوع المعدة في عقد العميل · لا سعر وحدةٍ لنوع المعدة في أي عقد موردٍ نشط"
40756,skipped,0,0,"صفر أثرٍ قابلٍ للتوليد: لا سعر وحدةٍ لنوع المعدة في عقد العميل · لا سعر وحدةٍ لنوع المعدة في أي عقد موردٍ نشط"
40757,skipped,0,0,"صفر أثرٍ قابلٍ للتوليد: لا سعر وحدةٍ لنوع المعدة في عقد العميل · لا سعر وحدةٍ لنوع المعدة في أي عقد موردٍ نشط"
40758,skipped,0,0,"صفر أثرٍ قابلٍ للتوليد: لا سعر وحدةٍ لنوع المعدة في عقد العميل · لا سعر وحدةٍ لنوع المعدة في أي عقد موردٍ نشط"
40759,skipped,0,0,"صفر أثرٍ قابلٍ للتوليد: لا سعر وحدةٍ لنوع المعدة في عقد العميل · لا سعر وحدةٍ لنوع المعدة في أي عقد موردٍ نشط"
40760,skipped,0,0,"صفر أثرٍ قابلٍ للتوليد: لا سعر وحدةٍ لنوع المعدة في عقد العميل · لا سعر وحدةٍ لنوع المعدة في أي عقد موردٍ نشط"
40761,skipped,0,0,"صفر أثرٍ قابلٍ للتوليد: لا سعر وحدةٍ لنوع المعدة في عقد العميل · لا سعر وحدةٍ لنوع المعدة في أي عقد موردٍ نشط"
40762,skipped,0,0,"صفر أثرٍ قابلٍ للتوليد: لا سعر وحدةٍ لنوع المعدة في عقد العميل · لا سعر وحدةٍ لنوع المعدة في أي عقد موردٍ نشط"
40763,skipped,0,0,"صفر أثرٍ قابلٍ للتوليد: لا سعر وحدةٍ لنوع المعدة في عقد العميل · لا سعر وحدةٍ لنوع المعدة في أي عقد موردٍ نشط"
40764,skipped,0,0,"صفر أثرٍ قابلٍ للتوليد: لا سعر وحدةٍ لنوع المعدة في عقد العميل · لا سعر وحدةٍ لنوع المعدة في أي عقد موردٍ نشط"
40765,skipped,0,0,"صفر أثرٍ قابلٍ للتوليد: لا سعر وحدةٍ لنوع المعدة في عقد العميل · لا سعر وحدةٍ لنوع المعدة في أي عقد موردٍ نشط"
40766,skipped,0,0,"صفر أثرٍ قابلٍ للتوليد: لا سعر وحدةٍ لنوع المعدة في عقد العميل · لا سعر وحدةٍ لنوع المعدة في أي عقد موردٍ نشط"
40767,skipped,0,0,"صفر أثرٍ قابلٍ للتوليد: لا سعر وحدةٍ لنوع المعدة في عقد العميل · لا سعر وحدةٍ لنوع المعدة في أي عقد موردٍ نشط"
40768,skipped,0,0,"صفر أثرٍ قابلٍ للتوليد: لا سعر وحدةٍ لنوع المعدة في عقد العميل · لا سعر وحدةٍ لنوع المعدة في أي عقد موردٍ نشط"
40769,skipped,0,0,"صفر أثرٍ قابلٍ للتوليد: لا سعر وحدةٍ لنوع المعدة في عقد العميل · لا سعر وحدةٍ لنوع المعدة في أي عقد موردٍ نشط"
40770,skipped,0,0,"صفر أثرٍ قابلٍ للتوليد: لا سعر وحدةٍ لنوع المعدة في عقد العميل · لا سعر وحدةٍ لنوع المعدة في أي عقد موردٍ نشط"
41081,skipped,0,0,"صفر أثرٍ قابلٍ للتوليد: لا سعر وحدةٍ لنوع المعدة في عقد العميل · لا سعر وحدةٍ لنوع المعدة في أي عقد موردٍ نشط"
41087,skipped,0,0,"صفر أثرٍ قابلٍ للتوليد: لا سعر وحدةٍ لنوع المعدة في عقد العميل · لا سعر وحدةٍ لنوع المعدة في أي عقد موردٍ نشط"
41093,skipped,0,0,"صفر أثرٍ قابلٍ للتوليد: لا سعر وحدةٍ لنوع المعدة في عقد العميل · لا سعر وحدةٍ لنوع المعدة في أي عقد موردٍ نشط"
41099,skipped,0,0,"صفر أثرٍ قابلٍ للتوليد: لا سعر وحدةٍ لنوع المعدة في عقد العميل · لا سعر وحدةٍ لنوع المعدة في أي عقد موردٍ نشط"
41105,skipped,0,0,"صفر أثرٍ قابلٍ للتوليد: لا سعر وحدةٍ لنوع المعدة في عقد العميل · لا سعر وحدةٍ لنوع المعدة في أي عقد موردٍ نشط"
41106,skipped,0,0,"صفر أثرٍ قابلٍ للتوليد: لا سعر وحدةٍ لنوع المعدة في عقد العميل · لا سعر وحدةٍ لنوع المعدة في أي عقد موردٍ نشط"
41107,skipped,0,0,"صفر أثرٍ قابلٍ للتوليد: لا سعر وحدةٍ لنوع المعدة في عقد العميل · لا سعر وحدةٍ لنوع المعدة في أي عقد موردٍ نشط"
41108,skipped,0,0,"صفر أثرٍ قابلٍ للتوليد: لا سعر وحدةٍ لنوع المعدة في عقد العميل · لا سعر وحدةٍ لنوع المعدة في أي عقد موردٍ نشط"
41109,skipped,0,0,"صفر أثرٍ قابلٍ للتوليد: لا سعر وحدةٍ لنوع المعدة في عقد العميل · لا سعر وحدةٍ لنوع المعدة في أي عقد موردٍ نشط"
41110,skipped,0,0,"صفر أثرٍ قابلٍ للتوليد: لا سعر وحدةٍ لنوع المعدة في عقد العميل · لا سعر وحدةٍ لنوع المعدة في أي عقد موردٍ نشط"
41111,skipped,0,0,"صفر أثرٍ قابلٍ للتوليد: لا سعر وحدةٍ لنوع المعدة في عقد العميل · لا سعر وحدةٍ لنوع المعدة في أي عقد موردٍ نشط"
41112,skipped,0,0,"صفر أثرٍ قابلٍ للتوليد: لا سعر وحدةٍ لنوع المعدة في عقد العميل · لا سعر وحدةٍ لنوع المعدة في أي عقد موردٍ نشط"
41113,skipped,0,0,"صفر أثرٍ قابلٍ للتوليد: لا سعر وحدةٍ لنوع المعدة في عقد العميل · لا سعر وحدةٍ لنوع المعدة في أي عقد موردٍ نشط"
41114,skipped,0,0,"صفر أثرٍ قابلٍ للتوليد: لا سعر وحدةٍ لنوع المعدة في عقد العميل · لا سعر وحدةٍ لنوع المعدة في أي عقد موردٍ نشط"
41115,skipped,0,0,"صفر أثرٍ قابلٍ للتوليد: لا سعر وحدةٍ لنوع المعدة في عقد العميل · لا سعر وحدةٍ لنوع المعدة في أي عقد موردٍ نشط"
41116,skipped,0,0,"صفر أثرٍ قابلٍ للتوليد: لا سعر وحدةٍ لنوع المعدة في عقد العميل · لا سعر وحدةٍ لنوع المعدة في أي عقد موردٍ نشط"
41117,skipped,0,0,"صفر أثرٍ قابلٍ للتوليد: لا سعر وحدةٍ لنوع المعدة في عقد العميل · لا سعر وحدةٍ لنوع المعدة في أي عقد موردٍ نشط"
41118,skipped,0,0,"صفر أثرٍ قابلٍ للتوليد: لا سعر وحدةٍ لنوع المعدة في عقد العميل · لا سعر وحدةٍ لنوع المعدة في أي عقد موردٍ نشط"
41119,skipped,0,0,"صفر أثرٍ قابلٍ للتوليد: لا سعر وحدةٍ لنوع المعدة في عقد العميل · لا سعر وحدةٍ لنوع المعدة في أي عقد موردٍ نشط"
41120,skipped,0,0,"صفر أثرٍ قابلٍ للتوليد: لا سعر وحدةٍ لنوع المعدة في عقد العميل · لا سعر وحدةٍ لنوع المعدة في أي عقد موردٍ نشط"
41121,skipped,0,0,"صفر أثرٍ قابلٍ للتوليد: لا سعر وحدةٍ لنوع المعدة في عقد العميل · لا سعر وحدةٍ لنوع المعدة في أي عقد موردٍ نشط"
41122,skipped,0,0,"صفر أثرٍ قابلٍ للتوليد: لا سعر وحدةٍ لنوع المعدة في عقد العميل · لا سعر وحدةٍ لنوع المعدة في أي عقد موردٍ نشط"
41123,skipped,0,0,"صفر أثرٍ قابلٍ للتوليد: لا سعر وحدةٍ لنوع المعدة في عقد العميل · لا سعر وحدةٍ لنوع المعدة في أي عقد موردٍ نشط"
41124,skipped,0,0,"صفر أثرٍ قابلٍ للتوليد: لا سعر وحدةٍ لنوع المعدة في عقد العميل · لا سعر وحدةٍ لنوع المعدة في أي عقد موردٍ نشط"
41125,skipped,0,0,"صفر أثرٍ قابلٍ للتوليد: لا سعر وحدةٍ لنوع المعدة في عقد العميل · لا سعر وحدةٍ لنوع المعدة في أي عقد موردٍ نشط"
41126,skipped,0,0,"صفر أثرٍ قابلٍ للتوليد: لا سعر وحدةٍ لنوع المعدة في عقد العميل · لا سعر وحدةٍ لنوع المعدة في أي عقد موردٍ نشط"
41127,skipped,0,0,"صفر أثرٍ قابلٍ للتوليد: لا سعر وحدةٍ لنوع المعدة في عقد العميل · لا سعر وحدةٍ لنوع المعدة في أي عقد موردٍ نشط"
41128,skipped,0,0,"صفر أثرٍ قابلٍ للتوليد: لا سعر وحدةٍ لنوع المعدة في عقد العميل · لا سعر وحدةٍ لنوع المعدة في أي عقد موردٍ نشط"
41129,skipped,0,0,"صفر أثرٍ قابلٍ للتوليد: لا سعر وحدةٍ لنوع المعدة في عقد العميل · لا سعر وحدةٍ لنوع المعدة في أي عقد موردٍ نشط"
41130,skipped,0,0,"صفر أثرٍ قابلٍ للتوليد: لا سعر وحدةٍ لنوع المعدة في عقد العميل · لا سعر وحدةٍ لنوع المعدة في أي عقد موردٍ نشط"
41131,skipped,0,0,"صفر أثرٍ قابلٍ للتوليد: لا سعر وحدةٍ لنوع المعدة في عقد العميل · لا سعر وحدةٍ لنوع المعدة في أي عقد موردٍ نشط"
41132,skipped,0,0,"صفر أثرٍ قابلٍ للتوليد: لا سعر وحدةٍ لنوع المعدة في عقد العميل · لا سعر وحدةٍ لنوع المعدة في أي عقد موردٍ نشط"
41133,skipped,0,0,"صفر أثرٍ قابلٍ للتوليد: لا سعر وحدةٍ لنوع المعدة في عقد العميل · لا سعر وحدةٍ لنوع المعدة في أي عقد موردٍ نشط"
41134,skipped,0,0,"صفر أثرٍ قابلٍ للتوليد: لا سعر وحدةٍ لنوع المعدة في عقد العميل · لا سعر وحدةٍ لنوع المعدة في أي عقد موردٍ نشط"
41135,skipped,0,0,"صفر أثرٍ قابلٍ للتوليد: لا سعر وحدةٍ لنوع المعدة في عقد العميل · لا سعر وحدةٍ لنوع المعدة في أي عقد موردٍ نشط"
44163,skipped,0,0,"صفر أثرٍ قابلٍ للتوليد: لا سعر وحدةٍ لنوع المعدة في عقد العميل · لا سعر وحدةٍ لنوع المعدة في أي عقد موردٍ نشط"
44164,skipped,0,0,"صفر أثرٍ قابلٍ للتوليد: لا سعر وحدةٍ لنوع المعدة في عقد العميل · لا سعر وحدةٍ لنوع المعدة في أي عقد موردٍ نشط"
44165,skipped,0,0,"صفر أثرٍ قابلٍ للتوليد: لا سعر وحدةٍ لنوع المعدة في عقد العميل · لا سعر وحدةٍ لنوع المعدة في أي عقد موردٍ نشط"
44166,skipped,0,0,"صفر أثرٍ قابلٍ للتوليد: لا سعر وحدةٍ لنوع المعدة في عقد العميل · لا سعر وحدةٍ لنوع المعدة في أي عقد موردٍ نشط"
44167,skipped,0,0,"صفر أثرٍ قابلٍ للتوليد: لا سعر وحدةٍ لنوع المعدة في عقد العميل · لا سعر وحدةٍ لنوع المعدة في أي عقد موردٍ نشط"
44168,skipped,0,0,"صفر أثرٍ قابلٍ للتوليد: لا سعر وحدةٍ لنوع المعدة في عقد العميل · لا سعر وحدةٍ لنوع المعدة في أي عقد موردٍ نشط"
44169,skipped,0,0,"صفر أثرٍ قابلٍ للتوليد: لا سعر وحدةٍ لنوع المعدة في عقد العميل · لا سعر وحدةٍ لنوع المعدة في أي عقد موردٍ نشط"
44170,skipped,0,0,"صفر أثرٍ قابلٍ للتوليد: لا سعر وحدةٍ لنوع المعدة في عقد العميل · لا سعر وحدةٍ لنوع المعدة في أي عقد موردٍ نشط"
44171,skipped,0,0,"صفر أثرٍ قابلٍ للتوليد: لا سعر وحدةٍ لنوع المعدة في عقد العميل · لا سعر وحدةٍ لنوع المعدة في أي عقد موردٍ نشط"
44172,skipped,0,0,"صفر أثرٍ قابلٍ للتوليد: لا سعر وحدةٍ لنوع المعدة في عقد العميل · لا سعر وحدةٍ لنوع المعدة في أي عقد موردٍ نشط"
44173,skipped,0,0,"صفر أثرٍ قابلٍ للتوليد: لا سعر وحدةٍ لنوع المعدة في عقد العميل · لا سعر وحدةٍ لنوع المعدة في أي عقد موردٍ نشط"
44174,skipped,0,0,"صفر أثرٍ قابلٍ للتوليد: لا سعر وحدةٍ لنوع المعدة في عقد العميل · لا سعر وحدةٍ لنوع المعدة في أي عقد موردٍ نشط"
44175,skipped,0,0,"صفر أثرٍ قابلٍ للتوليد: لا سعر وحدةٍ لنوع المعدة في عقد العميل · لا سعر وحدةٍ لنوع المعدة في أي عقد موردٍ نشط"
44176,skipped,0,0,"صفر أثرٍ قابلٍ للتوليد: لا سعر وحدةٍ لنوع المعدة في عقد العميل · لا سعر وحدةٍ لنوع المعدة في أي عقد موردٍ نشط"
44177,skipped,0,0,"صفر أثرٍ قابلٍ للتوليد: لا سعر وحدةٍ لنوع المعدة في عقد العميل · لا سعر وحدةٍ لنوع المعدة في أي عقد موردٍ نشط"
44178,skipped,0,0,"صفر أثرٍ قابلٍ للتوليد: لا سعر وحدةٍ لنوع المعدة في عقد العميل · لا سعر وحدةٍ لنوع المعدة في أي عقد موردٍ نشط"
44179,skipped,0,0,"صفر أثرٍ قابلٍ للتوليد: لا سعر وحدةٍ لنوع المعدة في عقد العميل · لا سعر وحدةٍ لنوع المعدة في أي عقد موردٍ نشط"
44180,skipped,0,0,"صفر أثرٍ قابلٍ للتوليد: لا سعر وحدةٍ لنوع المعدة في عقد العميل · لا سعر وحدةٍ لنوع المعدة في أي عقد موردٍ نشط"
44181,skipped,0,0,"صفر أثرٍ قابلٍ للتوليد: لا سعر وحدةٍ لنوع المعدة في عقد العميل · لا سعر وحدةٍ لنوع المعدة في أي عقد موردٍ نشط"
44182,skipped,0,0,"صفر أثرٍ قابلٍ للتوليد: لا سعر وحدةٍ لنوع المعدة في عقد العميل · لا سعر وحدةٍ لنوع المعدة في أي عقد موردٍ نشط"
44183,skipped,0,0,"صفر أثرٍ قابلٍ للتوليد: لا سعر وحدةٍ لنوع المعدة في عقد العميل · لا سعر وحدةٍ لنوع المعدة في أي عقد موردٍ نشط"
44184,skipped,0,0,"صفر أثرٍ قابلٍ للتوليد: لا سعر وحدةٍ لنوع المعدة في عقد العميل · لا سعر وحدةٍ لنوع المعدة في أي عقد موردٍ نشط"
44185,skipped,0,0,"صفر أثرٍ قابلٍ للتوليد: لا سعر وحدةٍ لنوع المعدة في عقد العميل · لا سعر وحدةٍ لنوع المعدة في أي عقد موردٍ نشط"
44186,skipped,0,0,"صفر أثرٍ قابلٍ للتوليد: لا سعر وحدةٍ لنوع المعدة في عقد العميل · لا سعر وحدةٍ لنوع المعدة في أي عقد موردٍ نشط"
44187,skipped,0,0,"صفر أثرٍ قابلٍ للتوليد: لا سعر وحدةٍ لنوع المعدة في عقد العميل · لا سعر وحدةٍ لنوع المعدة في أي عقد موردٍ نشط"
44188,skipped,0,0,"صفر أثرٍ قابلٍ للتوليد: لا سعر وحدةٍ لنوع المعدة في عقد العميل · لا سعر وحدةٍ لنوع المعدة في أي عقد موردٍ نشط"
44189,skipped,0,0,"صفر أثرٍ قابلٍ للتوليد: لا سعر وحدةٍ لنوع المعدة في عقد العميل · لا سعر وحدةٍ لنوع المعدة في أي عقد موردٍ نشط"
44190,skipped,0,0,"صفر أثرٍ قابلٍ للتوليد: لا سعر وحدةٍ لنوع المعدة في عقد العميل · لا سعر وحدةٍ لنوع المعدة في أي عقد موردٍ نشط"
44191,skipped,0,0,"صفر أثرٍ قابلٍ للتوليد: لا سعر وحدةٍ لنوع المعدة في عقد العميل · لا سعر وحدةٍ لنوع المعدة في أي عقد موردٍ نشط"
44192,skipped,0,0,"صفر أثرٍ قابلٍ للتوليد: لا سعر وحدةٍ لنوع المعدة في عقد العميل · لا سعر وحدةٍ لنوع المعدة في أي عقد موردٍ نشط"
44193,skipped,0,0,"صفر أثرٍ قابلٍ للتوليد: لا سعر وحدةٍ لنوع المعدة في عقد العميل · لا سعر وحدةٍ لنوع المعدة في أي عقد موردٍ نشط"
44194,skipped,0,0,"صفر أثرٍ قابلٍ للتوليد: لا سعر وحدةٍ لنوع المعدة في عقد العميل · لا سعر وحدةٍ لنوع المعدة في أي عقد موردٍ نشط"
44195,skipped,0,0,"صفر أثرٍ قابلٍ للتوليد: لا سعر وحدةٍ لنوع المعدة في عقد العميل · لا سعر وحدةٍ لنوع المعدة في أي عقد موردٍ نشط"
44196,skipped,0,0,"صفر أثرٍ قابلٍ للتوليد: لا سعر وحدةٍ لنوع المعدة في عقد العميل · لا سعر وحدةٍ لنوع المعدة في أي عقد موردٍ نشط"
44197,skipped,0,0,"صفر أثرٍ قابلٍ للتوليد: لا سعر وحدةٍ لنوع المعدة في عقد العميل · لا سعر وحدةٍ لنوع المعدة في أي عقد موردٍ نشط"
44198,skipped,0,0,"صفر أثرٍ قابلٍ للتوليد: لا سعر وحدةٍ لنوع المعدة في عقد العميل · لا سعر وحدةٍ لنوع المعدة في أي عقد موردٍ نشط"
44199,skipped,0,0,"صفر أثرٍ قابلٍ للتوليد: لا سعر وحدةٍ لنوع المعدة في عقد العميل · لا سعر وحدةٍ لنوع المعدة في أي عقد موردٍ نشط"
44200,skipped,0,0,"صفر أثرٍ قابلٍ للتوليد: لا سعر وحدةٍ لنوع المعدة في عقد العميل · لا سعر وحدةٍ لنوع المعدة في أي عقد موردٍ نشط"
44201,skipped,0,0,"صفر أثرٍ قابلٍ للتوليد: لا سعر وحدةٍ لنوع المعدة في عقد العميل · لا سعر وحدةٍ لنوع المعدة في أي عقد موردٍ نشط"
44202,skipped,0,0,"صفر أثرٍ قابلٍ للتوليد: لا سعر وحدةٍ لنوع المعدة في عقد العميل · لا سعر وحدةٍ لنوع المعدة في أي عقد موردٍ نشط"
44203,skipped,0,0,"صفر أثرٍ قابلٍ للتوليد: لا سعر وحدةٍ لنوع المعدة في عقد العميل · لا سعر وحدةٍ لنوع المعدة في أي عقد موردٍ نشط"
44204,skipped,0,0,"صفر أثرٍ قابلٍ للتوليد: لا سعر وحدةٍ لنوع المعدة في عقد العميل · لا سعر وحدةٍ لنوع المعدة في أي عقد موردٍ نشط"
44205,skipped,0,0,"صفر أثرٍ قابلٍ للتوليد: لا سعر وحدةٍ لنوع المعدة في عقد العميل · لا سعر وحدةٍ لنوع المعدة في أي عقد موردٍ نشط"
44206,skipped,0,0,"صفر أثرٍ قابلٍ للتوليد: لا سعر وحدةٍ لنوع المعدة في عقد العميل · لا سعر وحدةٍ لنوع المعدة في أي عقد موردٍ نشط"
44207,skipped,0,0,"صفر أثرٍ قابلٍ للتوليد: لا سعر وحدةٍ لنوع المعدة في عقد العميل · لا سعر وحدةٍ لنوع المعدة في أي عقد موردٍ نشط"
44208,skipped,0,0,"صفر أثرٍ قابلٍ للتوليد: لا سعر وحدةٍ لنوع المعدة في عقد العميل · لا سعر وحدةٍ لنوع المعدة في أي عقد موردٍ نشط"
44209,skipped,0,0,"صفر أثرٍ قابلٍ للتوليد: لا سعر وحدةٍ لنوع المعدة في عقد العميل · لا سعر وحدةٍ لنوع المعدة في أي عقد موردٍ نشط"
44210,skipped,0,0,"صفر أثرٍ قابلٍ للتوليد: لا سعر وحدةٍ لنوع المعدة في عقد العميل · لا سعر وحدةٍ لنوع المعدة في أي عقد موردٍ نشط"
44211,skipped,0,0,"صفر أثرٍ قابلٍ للتوليد: لا سعر وحدةٍ لنوع المعدة في عقد العميل · لا سعر وحدةٍ لنوع المعدة في أي عقد موردٍ نشط"
44212,skipped,0,0,"صفر أثرٍ قابلٍ للتوليد: لا سعر وحدةٍ لنوع المعدة في عقد العميل · لا سعر وحدةٍ لنوع المعدة في أي عقد موردٍ نشط"
44213,skipped,0,0,"صفر أثرٍ قابلٍ للتوليد: لا سعر وحدةٍ لنوع المعدة في عقد العميل · لا سعر وحدةٍ لنوع المعدة في أي عقد موردٍ نشط"
44214,skipped,0,0,"صفر أثرٍ قابلٍ للتوليد: لا سعر وحدةٍ لنوع المعدة في عقد العميل · لا سعر وحدةٍ لنوع المعدة في أي عقد موردٍ نشط"
44215,skipped,0,0,"صفر أثرٍ قابلٍ للتوليد: لا سعر وحدةٍ لنوع المعدة في عقد العميل · لا سعر وحدةٍ لنوع المعدة في أي عقد موردٍ نشط"
44216,skipped,0,0,"صفر أثرٍ قابلٍ للتوليد: لا سعر وحدةٍ لنوع المعدة في عقد العميل · لا سعر وحدةٍ لنوع المعدة في أي عقد موردٍ نشط"
44217,skipped,0,0,"صفر أثرٍ قابلٍ للتوليد: لا سعر وحدةٍ لنوع المعدة في عقد العميل · لا سعر وحدةٍ لنوع المعدة في أي عقد موردٍ نشط"
44218,skipped,0,0,"صفر أثرٍ قابلٍ للتوليد: لا سعر وحدةٍ لنوع المعدة في عقد العميل · لا سعر وحدةٍ لنوع المعدة في أي عقد موردٍ نشط"
44219,skipped,0,0,"صفر أثرٍ قابلٍ للتوليد: لا سعر وحدةٍ لنوع المعدة في عقد العميل · لا سعر وحدةٍ لنوع المعدة في أي عقد موردٍ نشط"
44220,skipped,0,0,"صفر أثرٍ قابلٍ للتوليد: لا سعر وحدةٍ لنوع المعدة في عقد العميل · لا سعر وحدةٍ لنوع المعدة في أي عقد موردٍ نشط"
44221,skipped,0,0,"صفر أثرٍ قابلٍ للتوليد: لا سعر وحدةٍ لنوع المعدة في عقد العميل · لا سعر وحدةٍ لنوع المعدة في أي عقد موردٍ نشط"
44222,skipped,0,0,"صفر أثرٍ قابلٍ للتوليد: لا سعر وحدةٍ لنوع المعدة في عقد العميل · لا سعر وحدةٍ لنوع المعدة في أي عقد موردٍ نشط"
44223,skipped,0,0,"صفر أثرٍ قابلٍ للتوليد: لا سعر وحدةٍ لنوع المعدة في عقد العميل · لا سعر وحدةٍ لنوع المعدة في أي عقد موردٍ نشط"
44301,skipped,0,0,"صفر أثرٍ قابلٍ للتوليد: لا سعر وحدةٍ لنوع المعدة في عقد العميل · لا سعر وحدةٍ لنوع المعدة في أي عقد موردٍ نشط"
44302,skipped,0,0,"صفر أثرٍ قابلٍ للتوليد: لا سعر وحدةٍ لنوع المعدة في عقد العميل · لا سعر وحدةٍ لنوع المعدة في أي عقد موردٍ نشط"
44303,skipped,0,0,"صفر أثرٍ قابلٍ للتوليد: لا سعر وحدةٍ لنوع المعدة في عقد العميل · لا سعر وحدةٍ لنوع المعدة في أي عقد موردٍ نشط"
44304,skipped,0,0,"صفر أثرٍ قابلٍ للتوليد: لا سعر وحدةٍ لنوع المعدة في عقد العميل · لا سعر وحدةٍ لنوع المعدة في أي عقد موردٍ نشط"
44305,skipped,0,0,"صفر أثرٍ قابلٍ للتوليد: لا سعر وحدةٍ لنوع المعدة في عقد العميل · لا سعر وحدةٍ لنوع المعدة في أي عقد موردٍ نشط"
44306,skipped,0,0,"صفر أثرٍ قابلٍ للتوليد: لا سعر وحدةٍ لنوع المعدة في عقد العميل · لا سعر وحدةٍ لنوع المعدة في أي عقد موردٍ نشط"
44307,skipped,0,0,"صفر أثرٍ قابلٍ للتوليد: لا سعر وحدةٍ لنوع المعدة في عقد العميل · لا سعر وحدةٍ لنوع المعدة في أي عقد موردٍ نشط"
44308,skipped,0,0,"صفر أثرٍ قابلٍ للتوليد: لا سعر وحدةٍ لنوع المعدة في عقد العميل · لا سعر وحدةٍ لنوع المعدة في أي عقد موردٍ نشط"
44309,skipped,0,0,"صفر أثرٍ قابلٍ للتوليد: لا سعر وحدةٍ لنوع المعدة في عقد العميل · لا سعر وحدةٍ لنوع المعدة في أي عقد موردٍ نشط"
44310,skipped,0,0,"صفر أثرٍ قابلٍ للتوليد: لا سعر وحدةٍ لنوع المعدة في عقد العميل · لا سعر وحدةٍ لنوع المعدة في أي عقد موردٍ نشط"
44311,skipped,0,0,"صفر أثرٍ قابلٍ للتوليد: لا سعر وحدةٍ لنوع المعدة في عقد العميل · لا سعر وحدةٍ لنوع المعدة في أي عقد موردٍ نشط"
44312,skipped,0,0,"صفر أثرٍ قابلٍ للتوليد: لا سعر وحدةٍ لنوع المعدة في عقد العميل · لا سعر وحدةٍ لنوع المعدة في أي عقد موردٍ نشط"
44313,skipped,0,0,"صفر أثرٍ قابلٍ للتوليد: لا سعر وحدةٍ لنوع المعدة في عقد العميل · لا سعر وحدةٍ لنوع المعدة في أي عقد موردٍ نشط"
44314,skipped,0,0,"صفر أثرٍ قابلٍ للتوليد: لا سعر وحدةٍ لنوع المعدة في عقد العميل · لا سعر وحدةٍ لنوع المعدة في أي عقد موردٍ نشط"
44315,skipped,0,0,"صفر أثرٍ قابلٍ للتوليد: لا سعر وحدةٍ لنوع المعدة في عقد العميل · لا سعر وحدةٍ لنوع المعدة في أي عقد موردٍ نشط"
44316,skipped,0,0,"صفر أثرٍ قابلٍ للتوليد: لا سعر وحدةٍ لنوع المعدة في عقد العميل · لا سعر وحدةٍ لنوع المعدة في أي عقد موردٍ نشط"
44317,skipped,0,0,"صفر أثرٍ قابلٍ للتوليد: لا سعر وحدةٍ لنوع المعدة في عقد العميل · لا سعر وحدةٍ لنوع المعدة في أي عقد موردٍ نشط"
44318,skipped,0,0,"صفر أثرٍ قابلٍ للتوليد: لا سعر وحدةٍ لنوع المعدة في عقد العميل · لا سعر وحدةٍ لنوع المعدة في أي عقد موردٍ نشط"
44319,skipped,0,0,"صفر أثرٍ قابلٍ للتوليد: لا سعر وحدةٍ لنوع المعدة في عقد العميل · لا سعر وحدةٍ لنوع المعدة في أي عقد موردٍ نشط"
44320,skipped,0,0,"صفر أثرٍ قابلٍ للتوليد: لا سعر وحدةٍ لنوع المعدة في عقد العميل · لا سعر وحدةٍ لنوع المعدة في أي عقد موردٍ نشط"
44321,skipped,0,0,"صفر أثرٍ قابلٍ للتوليد: لا سعر وحدةٍ لنوع المعدة في عقد العميل · لا سعر وحدةٍ لنوع المعدة في أي عقد موردٍ نشط"
44322,skipped,0,0,"صفر أثرٍ قابلٍ للتوليد: لا سعر وحدةٍ لنوع المعدة في عقد العميل · لا سعر وحدةٍ لنوع المعدة في أي عقد موردٍ نشط"
44323,skipped,0,0,"صفر أثرٍ قابلٍ للتوليد: لا سعر وحدةٍ لنوع المعدة في عقد العميل · لا سعر وحدةٍ لنوع المعدة في أي عقد موردٍ نشط"
44324,skipped,0,0,"صفر أثرٍ قابلٍ للتوليد: لا سعر وحدةٍ لنوع المعدة في عقد العميل · لا سعر وحدةٍ لنوع المعدة في أي عقد موردٍ نشط"
44325,skipped,0,0,"صفر أثرٍ قابلٍ للتوليد: لا سعر وحدةٍ لنوع المعدة في عقد العميل · لا سعر وحدةٍ لنوع المعدة في أي عقد موردٍ نشط"
44326,skipped,0,0,"صفر أثرٍ قابلٍ للتوليد: لا سعر وحدةٍ لنوع المعدة في عقد العميل · لا سعر وحدةٍ لنوع المعدة في أي عقد موردٍ نشط"
44327,skipped,0,0,"صفر أثرٍ قابلٍ للتوليد: لا سعر وحدةٍ لنوع المعدة في عقد العميل · لا سعر وحدةٍ لنوع المعدة في أي عقد موردٍ نشط"
44328,skipped,0,0,"صفر أثرٍ قابلٍ للتوليد: لا سعر وحدةٍ لنوع المعدة في عقد العميل · لا سعر وحدةٍ لنوع المعدة في أي عقد موردٍ نشط"
44329,skipped,0,0,"صفر أثرٍ قابلٍ للتوليد: لا سعر وحدةٍ لنوع المعدة في عقد العميل · لا سعر وحدةٍ لنوع المعدة في أي عقد موردٍ نشط"
44330,skipped,0,0,"صفر أثرٍ قابلٍ للتوليد: لا سعر وحدةٍ لنوع المعدة في عقد العميل · لا سعر وحدةٍ لنوع المعدة في أي عقد موردٍ نشط"
44331,skipped,0,0,"صفر أثرٍ قابلٍ للتوليد: لا سعر وحدةٍ لنوع المعدة في عقد العميل · لا سعر وحدةٍ لنوع المعدة في أي عقد موردٍ نشط"
44332,skipped,0,0,"صفر أثرٍ قابلٍ للتوليد: لا سعر وحدةٍ لنوع المعدة في عقد العميل · لا سعر وحدةٍ لنوع المعدة في أي عقد موردٍ نشط"
44333,skipped,0,0,"صفر أثرٍ قابلٍ للتوليد: لا سعر وحدةٍ لنوع المعدة في عقد العميل · لا سعر وحدةٍ لنوع المعدة في أي عقد موردٍ نشط"
44334,skipped,0,0,"صفر أثرٍ قابلٍ للتوليد: لا سعر وحدةٍ لنوع المعدة في عقد العميل · لا سعر وحدةٍ لنوع المعدة في أي عقد موردٍ نشط"
44335,skipped,0,0,"صفر أثرٍ قابلٍ للتوليد: لا سعر وحدةٍ لنوع المعدة في عقد العميل · لا سعر وحدةٍ لنوع المعدة في أي عقد موردٍ نشط"
44336,skipped,0,0,"صفر أثرٍ قابلٍ للتوليد: لا سعر وحدةٍ لنوع المعدة في عقد العميل · لا سعر وحدةٍ لنوع المعدة في أي عقد موردٍ نشط"
44337,skipped,0,0,"صفر أثرٍ قابلٍ للتوليد: لا سعر وحدةٍ لنوع المعدة في عقد العميل · لا سعر وحدةٍ لنوع المعدة في أي عقد موردٍ نشط"
44338,skipped,0,0,"صفر أثرٍ قابلٍ للتوليد: لا سعر وحدةٍ لنوع المعدة في عقد العميل · لا سعر وحدةٍ لنوع المعدة في أي عقد موردٍ نشط"
44339,skipped,0,0,"صفر أثرٍ قابلٍ للتوليد: لا سعر وحدةٍ لنوع المعدة في عقد العميل · لا سعر وحدةٍ لنوع المعدة في أي عقد موردٍ نشط"
44340,skipped,0,0,"صفر أثرٍ قابلٍ للتوليد: لا سعر وحدةٍ لنوع المعدة في عقد العميل · لا سعر وحدةٍ لنوع المعدة في أي عقد موردٍ نشط"
44341,skipped,0,0,"صفر أثرٍ قابلٍ للتوليد: لا سعر وحدةٍ لنوع المعدة في عقد العميل · لا سعر وحدةٍ لنوع المعدة في أي عقد موردٍ نشط"
44342,skipped,0,0,"صفر أثرٍ قابلٍ للتوليد: لا سعر وحدةٍ لنوع المعدة في عقد العميل · لا سعر وحدةٍ لنوع المعدة في أي عقد موردٍ نشط"
44343,skipped,0,0,"صفر أثرٍ قابلٍ للتوليد: لا سعر وحدةٍ لنوع المعدة في عقد العميل · لا سعر وحدةٍ لنوع المعدة في أي عقد موردٍ نشط"
44344,skipped,0,0,"صفر أثرٍ قابلٍ للتوليد: لا سعر وحدةٍ لنوع المعدة في عقد العميل · لا سعر وحدةٍ لنوع المعدة في أي عقد موردٍ نشط"
44345,skipped,0,0,"صفر أثرٍ قابلٍ للتوليد: لا سعر وحدةٍ لنوع المعدة في عقد العميل · لا سعر وحدةٍ لنوع المعدة في أي عقد موردٍ نشط"
44346,skipped,0,0,"صفر أثرٍ قابلٍ للتوليد: لا سعر وحدةٍ لنوع المعدة في عقد العميل · لا سعر وحدةٍ لنوع المعدة في أي عقد موردٍ نشط"
44347,skipped,0,0,"صفر أثرٍ قابلٍ للتوليد: لا سعر وحدةٍ لنوع المعدة في عقد العميل · لا سعر وحدةٍ لنوع المعدة في أي عقد موردٍ نشط"
44348,skipped,0,0,"صفر أثرٍ قابلٍ للتوليد: لا سعر وحدةٍ لنوع المعدة في عقد العميل · لا سعر وحدةٍ لنوع المعدة في أي عقد موردٍ نشط"
44349,skipped,0,0,"صفر أثرٍ قابلٍ للتوليد: لا سعر وحدةٍ لنوع المعدة في عقد العميل · لا سعر وحدةٍ لنوع المعدة في أي عقد موردٍ نشط"
44350,skipped,0,0,"صفر أثرٍ قابلٍ للتوليد: لا سعر وحدةٍ لنوع المعدة في عقد العميل · لا سعر وحدةٍ لنوع المعدة في أي عقد موردٍ نشط"
44351,skipped,0,0,"صفر أثرٍ قابلٍ للتوليد: لا سعر وحدةٍ لنوع المعدة في عقد العميل · لا سعر وحدةٍ لنوع المعدة في أي عقد موردٍ نشط"
44352,skipped,0,0,"صفر أثرٍ قابلٍ للتوليد: لا سعر وحدةٍ لنوع المعدة في عقد العميل · لا سعر وحدةٍ لنوع المعدة في أي عقد موردٍ نشط"
44353,skipped,0,0,"صفر أثرٍ قابلٍ للتوليد: لا سعر وحدةٍ لنوع المعدة في عقد العميل · لا سعر وحدةٍ لنوع المعدة في أي عقد موردٍ نشط"
44354,skipped,0,0,"صفر أثرٍ قابلٍ للتوليد: لا سعر وحدةٍ لنوع المعدة في عقد العميل · لا سعر وحدةٍ لنوع المعدة في أي عقد موردٍ نشط"
44355,skipped,0,0,"صفر أثرٍ قابلٍ للتوليد: لا سعر وحدةٍ لنوع المعدة في عقد العميل · لا سعر وحدةٍ لنوع المعدة في أي عقد موردٍ نشط"
44356,skipped,0,0,"صفر أثرٍ قابلٍ للتوليد: لا سعر وحدةٍ لنوع المعدة في عقد العميل · لا سعر وحدةٍ لنوع المعدة في أي عقد موردٍ نشط"
44357,skipped,0,0,"صفر أثرٍ قابلٍ للتوليد: لا سعر وحدةٍ لنوع المعدة في عقد العميل · لا سعر وحدةٍ لنوع المعدة في أي عقد موردٍ نشط"
44358,skipped,0,0,"صفر أثرٍ قابلٍ للتوليد: لا سعر وحدةٍ لنوع المعدة في عقد العميل · لا سعر وحدةٍ لنوع المعدة في أي عقد موردٍ نشط"
44359,skipped,0,0,"صفر أثرٍ قابلٍ للتوليد: لا سعر وحدةٍ لنوع المعدة في عقد العميل · لا سعر وحدةٍ لنوع المعدة في أي عقد موردٍ نشط"
44360,skipped,0,0,"صفر أثرٍ قابلٍ للتوليد: لا سعر وحدةٍ لنوع المعدة في عقد العميل · لا سعر وحدةٍ لنوع المعدة في أي عقد موردٍ نشط"
44361,skipped,0,0,"صفر أثرٍ قابلٍ للتوليد: لا سعر وحدةٍ لنوع المعدة في عقد العميل · لا سعر وحدةٍ لنوع المعدة في أي عقد موردٍ نشط"
44362,skipped,0,0,"صفر أثرٍ قابلٍ للتوليد: لا سعر وحدةٍ لنوع المعدة في عقد العميل · لا موردَ على معدة التشغيل"
44363,skipped,0,0,"صفر أثرٍ قابلٍ للتوليد: لا سعر وحدةٍ لنوع المعدة في عقد العميل · لا موردَ على معدة التشغيل"
44364,skipped,0,0,"صفر أثرٍ قابلٍ للتوليد: لا سعر وحدةٍ لنوع المعدة في عقد العميل · لا موردَ على معدة التشغيل"
44365,skipped,0,0,"صفر أثرٍ قابلٍ للتوليد: لا سعر وحدةٍ لنوع المعدة في عقد العميل · لا موردَ على معدة التشغيل"
44366,skipped,0,0,"صفر أثرٍ قابلٍ للتوليد: لا سعر وحدةٍ لنوع المعدة في عقد العميل · لا موردَ على معدة التشغيل"
44367,skipped,0,0,"صفر أثرٍ قابلٍ للتوليد: لا سعر وحدةٍ لنوع المعدة في عقد العميل · لا موردَ على معدة التشغيل"
44368,skipped,0,0,"صفر أثرٍ قابلٍ للتوليد: لا سعر وحدةٍ لنوع المعدة في عقد العميل · لا موردَ على معدة التشغيل"
44369,skipped,0,0,"صفر أثرٍ قابلٍ للتوليد: لا سعر وحدةٍ لنوع المعدة في عقد العميل · لا موردَ على معدة التشغيل"
44370,skipped,0,0,"صفر أثرٍ قابلٍ للتوليد: لا سعر وحدةٍ لنوع المعدة في عقد العميل · لا موردَ على معدة التشغيل"
44371,skipped,0,0,"صفر أثرٍ قابلٍ للتوليد: لا سعر وحدةٍ لنوع المعدة في عقد العميل · لا موردَ على معدة التشغيل"
44372,skipped,0,0,"صفر أثرٍ قابلٍ للتوليد: لا سعر وحدةٍ لنوع المعدة في عقد العميل · لا موردَ على معدة التشغيل"
44373,skipped,0,0,"صفر أثرٍ قابلٍ للتوليد: لا سعر وحدةٍ لنوع المعدة في عقد العميل · لا موردَ على معدة التشغيل"
44374,skipped,0,0,"صفر أثرٍ قابلٍ للتوليد: لا سعر وحدةٍ لنوع المعدة في عقد العميل · لا موردَ على معدة التشغيل"
44375,skipped,0,0,"صفر أثرٍ قابلٍ للتوليد: لا سعر وحدةٍ لنوع المعدة في عقد العميل · لا موردَ على معدة التشغيل"
44376,skipped,0,0,"صفر أثرٍ قابلٍ للتوليد: لا سعر وحدةٍ لنوع المعدة في عقد العميل · لا موردَ على معدة التشغيل"
44377,skipped,0,0,"صفر أثرٍ قابلٍ للتوليد: لا سعر وحدةٍ لنوع المعدة في عقد العميل · لا موردَ على معدة التشغيل"
44378,skipped,0,0,"صفر أثرٍ قابلٍ للتوليد: لا سعر وحدةٍ لنوع المعدة في عقد العميل · لا موردَ على معدة التشغيل"
44379,skipped,0,0,"صفر أثرٍ قابلٍ للتوليد: لا سعر وحدةٍ لنوع المعدة في عقد العميل · لا موردَ على معدة التشغيل"
44380,skipped,0,0,"صفر أثرٍ قابلٍ للتوليد: لا سعر وحدةٍ لنوع المعدة في عقد العميل · لا موردَ على معدة التشغيل"
44381,skipped,0,0,"صفر أثرٍ قابلٍ للتوليد: لا سعر وحدةٍ لنوع المعدة في عقد العميل · لا موردَ على معدة التشغيل"
44382,skipped,0,0,"صفر أثرٍ قابلٍ للتوليد: لا سعر وحدةٍ لنوع المعدة في عقد العميل · لا موردَ على معدة التشغيل"
44383,skipped,0,0,"صفر أثرٍ قابلٍ للتوليد: لا سعر وحدةٍ لنوع المعدة في عقد العميل · لا موردَ على معدة التشغيل"
44384,skipped,0,0,"صفر أثرٍ قابلٍ للتوليد: لا سعر وحدةٍ لنوع المعدة في عقد العميل · لا موردَ على معدة التشغيل"
44385,skipped,0,0,"صفر أثرٍ قابلٍ للتوليد: لا سعر وحدةٍ لنوع المعدة في عقد العميل · لا موردَ على معدة التشغيل"
44386,skipped,0,0,"صفر أثرٍ قابلٍ للتوليد: لا سعر وحدةٍ لنوع المعدة في عقد العميل · لا موردَ على معدة التشغيل"
44387,skipped,0,0,"صفر أثرٍ قابلٍ للتوليد: لا سعر وحدةٍ لنوع المعدة في عقد العميل · لا موردَ على معدة التشغيل"
44388,skipped,0,0,"صفر أثرٍ قابلٍ للتوليد: لا سعر وحدةٍ لنوع المعدة في عقد العميل · لا موردَ على معدة التشغيل"
44389,skipped,0,0,"صفر أثرٍ قابلٍ للتوليد: لا سعر وحدةٍ لنوع المعدة في عقد العميل · لا موردَ على معدة التشغيل"
44390,skipped,0,0,"صفر أثرٍ قابلٍ للتوليد: لا سعر وحدةٍ لنوع المعدة في عقد العميل · لا موردَ على معدة التشغيل"
44391,skipped,0,0,"صفر أثرٍ قابلٍ للتوليد: لا سعر وحدةٍ لنوع المعدة في عقد العميل · لا موردَ على معدة التشغيل"
44392,skipped,0,0,"صفر أثرٍ قابلٍ للتوليد: لا سعر وحدةٍ لنوع المعدة في عقد العميل · لا موردَ على معدة التشغيل"
44393,skipped,0,0,"صفر أثرٍ قابلٍ للتوليد: لا سعر وحدةٍ لنوع المعدة في عقد العميل · لا موردَ على معدة التشغيل"
44394,skipped,0,0,"صفر أثرٍ قابلٍ للتوليد: لا سعر وحدةٍ لنوع المعدة في عقد العميل · لا موردَ على معدة التشغيل"
44395,skipped,0,0,"صفر أثرٍ قابلٍ للتوليد: لا سعر وحدةٍ لنوع المعدة في عقد العميل · لا موردَ على معدة التشغيل"
44396,skipped,0,0,"صفر أثرٍ قابلٍ للتوليد: لا سعر وحدةٍ لنوع المعدة في عقد العميل · لا موردَ على معدة التشغيل"
44397,skipped,0,0,"صفر أثرٍ قابلٍ للتوليد: لا سعر وحدةٍ لنوع المعدة في عقد العميل · لا موردَ على معدة التشغيل"
44398,skipped,0,0,"صفر أثرٍ قابلٍ للتوليد: لا سعر وحدةٍ لنوع المعدة في عقد العميل · لا موردَ على معدة التشغيل"
44399,skipped,0,0,"صفر أثرٍ قابلٍ للتوليد: لا سعر وحدةٍ لنوع المعدة في عقد العميل · لا موردَ على معدة التشغيل"
44400,skipped,0,0,"صفر أثرٍ قابلٍ للتوليد: لا سعر وحدةٍ لنوع المعدة في عقد العميل · لا موردَ على معدة التشغيل"
44401,skipped,0,0,"صفر أثرٍ قابلٍ للتوليد: لا سعر وحدةٍ لنوع المعدة في عقد العميل · لا موردَ على معدة التشغيل"
44402,skipped,0,0,"صفر أثرٍ قابلٍ للتوليد: لا سعر وحدةٍ لنوع المعدة في عقد العميل · لا موردَ على معدة التشغيل"
44403,skipped,0,0,"صفر أثرٍ قابلٍ للتوليد: لا سعر وحدةٍ لنوع المعدة في عقد العميل · لا موردَ على معدة التشغيل"
44404,skipped,0,0,"صفر أثرٍ قابلٍ للتوليد: لا سعر وحدةٍ لنوع المعدة في عقد العميل · لا موردَ على معدة التشغيل"
44405,skipped,0,0,"صفر أثرٍ قابلٍ للتوليد: لا سعر وحدةٍ لنوع المعدة في عقد العميل · لا موردَ على معدة التشغيل"
44406,skipped,0,0,"صفر أثرٍ قابلٍ للتوليد: لا سعر وحدةٍ لنوع المعدة في عقد العميل · لا موردَ على معدة التشغيل"
44407,skipped,0,0,"صفر أثرٍ قابلٍ للتوليد: لا سعر وحدةٍ لنوع المعدة في عقد العميل · لا موردَ على معدة التشغيل"
44408,skipped,0,0,"صفر أثرٍ قابلٍ للتوليد: لا سعر وحدةٍ لنوع المعدة في عقد العميل · لا موردَ على معدة التشغيل"
44409,skipped,0,0,"صفر أثرٍ قابلٍ للتوليد: لا سعر وحدةٍ لنوع المعدة في عقد العميل · لا موردَ على معدة التشغيل"
44410,skipped,0,0,"صفر أثرٍ قابلٍ للتوليد: لا سعر وحدةٍ لنوع المعدة في عقد العميل · لا موردَ على معدة التشغيل"
44411,skipped,0,0,"صفر أثرٍ قابلٍ للتوليد: لا سعر وحدةٍ لنوع المعدة في عقد العميل · لا موردَ على معدة التشغيل"
44412,skipped,0,0,"صفر أثرٍ قابلٍ للتوليد: لا سعر وحدةٍ لنوع المعدة في عقد العميل · لا موردَ على معدة التشغيل"
44413,skipped,0,0,"صفر أثرٍ قابلٍ للتوليد: لا سعر وحدةٍ لنوع المعدة في عقد العميل · لا موردَ على معدة التشغيل"
44414,skipped,0,0,"صفر أثرٍ قابلٍ للتوليد: لا سعر وحدةٍ لنوع المعدة في عقد العميل · لا موردَ على معدة التشغيل"
44415,skipped,0,0,"صفر أثرٍ قابلٍ للتوليد: لا سعر وحدةٍ لنوع المعدة في عقد العميل · لا موردَ على معدة التشغيل"
44416,skipped,0,0,"صفر أثرٍ قابلٍ للتوليد: لا سعر وحدةٍ لنوع المعدة في عقد العميل · لا موردَ على معدة التشغيل"
44417,skipped,0,0,"صفر أثرٍ قابلٍ للتوليد: لا سعر وحدةٍ لنوع المعدة في عقد العميل · لا موردَ على معدة التشغيل"
44418,skipped,0,0,"صفر أثرٍ قابلٍ للتوليد: لا سعر وحدةٍ لنوع المعدة في عقد العميل · لا موردَ على معدة التشغيل"
44419,skipped,0,0,"صفر أثرٍ قابلٍ للتوليد: لا سعر وحدةٍ لنوع المعدة في عقد العميل · لا موردَ على معدة التشغيل"
44420,skipped,0,0,"صفر أثرٍ قابلٍ للتوليد: لا سعر وحدةٍ لنوع المعدة في عقد العميل · لا موردَ على معدة التشغيل"
44421,skipped,0,0,"صفر أثرٍ قابلٍ للتوليد: لا سعر وحدةٍ لنوع المعدة في عقد العميل · لا موردَ على معدة التشغيل"
44422,skipped,0,0,"صفر أثرٍ قابلٍ للتوليد: لا سعر وحدةٍ لنوع المعدة في عقد العميل · لا موردَ على معدة التشغيل"
44975,skipped,0,0,"صفر أثرٍ قابلٍ للتوليد: لا سعر وحدةٍ لنوع المعدة في عقد العميل · لا سعر وحدةٍ لنوع المعدة في أي عقد موردٍ نشط"
44978,skipped,0,0,"صفر أثرٍ قابلٍ للتوليد: لا سعر وحدةٍ لنوع المعدة في عقد العميل · لا سعر وحدةٍ لنوع المعدة في أي عقد موردٍ نشط"
44982,skipped,0,0,"صفر أثرٍ قابلٍ للتوليد: لا سعر وحدةٍ لنوع المعدة في عقد العميل · لا سعر وحدةٍ لنوع المعدة في أي عقد موردٍ نشط"
44985,skipped,0,0,"صفر أثرٍ قابلٍ للتوليد: لا سعر وحدةٍ لنوع المعدة في عقد العميل · لا سعر وحدةٍ لنوع المعدة في أي عقد موردٍ نشط"
44989,skipped,0,0,"صفر أثرٍ قابلٍ للتوليد: لا سعر وحدةٍ لنوع المعدة في عقد العميل · لا سعر وحدةٍ لنوع المعدة في أي عقد موردٍ نشط"
44992,skipped,0,0,"صفر أثرٍ قابلٍ للتوليد: لا سعر وحدةٍ لنوع المعدة في عقد العميل · لا سعر وحدةٍ لنوع المعدة في أي عقد موردٍ نشط"
44996,skipped,0,0,"صفر أثرٍ قابلٍ للتوليد: لا سعر وحدةٍ لنوع المعدة في عقد العميل · لا سعر وحدةٍ لنوع المعدة في أي عقد موردٍ نشط"
44999,skipped,0,0,"صفر أثرٍ قابلٍ للتوليد: لا سعر وحدةٍ لنوع المعدة في عقد العميل · لا سعر وحدةٍ لنوع المعدة في أي عقد موردٍ نشط"
45002,skipped,0,0,"صفر أثرٍ قابلٍ للتوليد: لا سعر وحدةٍ لنوع المعدة في عقد العميل · لا سعر وحدةٍ لنوع المعدة في أي عقد موردٍ نشط"
45558,skipped,0,0,"صفر أثرٍ قابلٍ للتوليد: لا سعر وحدةٍ لنوع المعدة في عقد العميل · لا سعر وحدةٍ لنوع المعدة في أي عقد موردٍ نشط"
45559,skipped,0,0,"صفر أثرٍ قابلٍ للتوليد: لا سعر وحدةٍ لنوع المعدة في عقد العميل · لا سعر وحدةٍ لنوع المعدة في أي عقد موردٍ نشط"
45560,skipped,0,0,"صفر أثرٍ قابلٍ للتوليد: لا سعر وحدةٍ لنوع المعدة في عقد العميل · لا سعر وحدةٍ لنوع المعدة في أي عقد موردٍ نشط"
45561,skipped,0,0,"صفر أثرٍ قابلٍ للتوليد: لا سعر وحدةٍ لنوع المعدة في عقد العميل · لا سعر وحدةٍ لنوع المعدة في أي عقد موردٍ نشط"
45562,skipped,0,0,"صفر أثرٍ قابلٍ للتوليد: لا سعر وحدةٍ لنوع المعدة في عقد العميل · لا سعر وحدةٍ لنوع المعدة في أي عقد موردٍ نشط"
45563,skipped,0,0,"صفر أثرٍ قابلٍ للتوليد: لا سعر وحدةٍ لنوع المعدة في عقد العميل · لا سعر وحدةٍ لنوع المعدة في أي عقد موردٍ نشط"
45564,skipped,0,0,"صفر أثرٍ قابلٍ للتوليد: لا سعر وحدةٍ لنوع المعدة في عقد العميل · لا سعر وحدةٍ لنوع المعدة في أي عقد موردٍ نشط"
45565,skipped,0,0,"صفر أثرٍ قابلٍ للتوليد: لا سعر وحدةٍ لنوع المعدة في عقد العميل · لا سعر وحدةٍ لنوع المعدة في أي عقد موردٍ نشط"
45566,skipped,0,0,"صفر أثرٍ قابلٍ للتوليد: لا سعر وحدةٍ لنوع المعدة في عقد العميل · لا سعر وحدةٍ لنوع المعدة في أي عقد موردٍ نشط"
45567,skipped,0,0,"صفر أثرٍ قابلٍ للتوليد: لا سعر وحدةٍ لنوع المعدة في عقد العميل · لا سعر وحدةٍ لنوع المعدة في أي عقد موردٍ نشط"
45568,skipped,0,0,"صفر أثرٍ قابلٍ للتوليد: لا سعر وحدةٍ لنوع المعدة في عقد العميل · لا سعر وحدةٍ لنوع المعدة في أي عقد موردٍ نشط"
45569,skipped,0,0,"صفر أثرٍ قابلٍ للتوليد: لا سعر وحدةٍ لنوع المعدة في عقد العميل · لا سعر وحدةٍ لنوع المعدة في أي عقد موردٍ نشط"
45570,skipped,0,0,"صفر أثرٍ قابلٍ للتوليد: لا سعر وحدةٍ لنوع المعدة في عقد العميل · لا سعر وحدةٍ لنوع المعدة في أي عقد موردٍ نشط"
45571,skipped,0,0,"صفر أثرٍ قابلٍ للتوليد: لا سعر وحدةٍ لنوع المعدة في عقد العميل · لا سعر وحدةٍ لنوع المعدة في أي عقد موردٍ نشط"
45572,skipped,0,0,"صفر أثرٍ قابلٍ للتوليد: لا سعر وحدةٍ لنوع المعدة في عقد العميل · لا سعر وحدةٍ لنوع المعدة في أي عقد موردٍ نشط"
45573,skipped,0,0,"صفر أثرٍ قابلٍ للتوليد: لا سعر وحدةٍ لنوع المعدة في عقد العميل · لا سعر وحدةٍ لنوع المعدة في أي عقد موردٍ نشط"
45574,skipped,0,0,"صفر أثرٍ قابلٍ للتوليد: لا سعر وحدةٍ لنوع المعدة في عقد العميل · لا سعر وحدةٍ لنوع المعدة في أي عقد موردٍ نشط"
45575,skipped,0,0,"صفر أثرٍ قابلٍ للتوليد: لا سعر وحدةٍ لنوع المعدة في عقد العميل · لا سعر وحدةٍ لنوع المعدة في أي عقد موردٍ نشط"
45576,skipped,0,0,"صفر أثرٍ قابلٍ للتوليد: لا سعر وحدةٍ لنوع المعدة في عقد العميل · لا سعر وحدةٍ لنوع المعدة في أي عقد موردٍ نشط"
45577,skipped,0,0,"صفر أثرٍ قابلٍ للتوليد: لا سعر وحدةٍ لنوع المعدة في عقد العميل · لا سعر وحدةٍ لنوع المعدة في أي عقد موردٍ نشط"
45578,skipped,0,0,"صفر أثرٍ قابلٍ للتوليد: لا سعر وحدةٍ لنوع المعدة في عقد العميل · لا سعر وحدةٍ لنوع المعدة في أي عقد موردٍ نشط"
45579,skipped,0,0,"صفر أثرٍ قابلٍ للتوليد: لا سعر وحدةٍ لنوع المعدة في عقد العميل · لا سعر وحدةٍ لنوع المعدة في أي عقد موردٍ نشط"
45580,skipped,0,0,"صفر أثرٍ قابلٍ للتوليد: لا سعر وحدةٍ لنوع المعدة في عقد العميل · لا سعر وحدةٍ لنوع المعدة في أي عقد موردٍ نشط"
45581,skipped,0,0,"صفر أثرٍ قابلٍ للتوليد: لا سعر وحدةٍ لنوع المعدة في عقد العميل · لا سعر وحدةٍ لنوع المعدة في أي عقد موردٍ نشط"
45582,skipped,0,0,"صفر أثرٍ قابلٍ للتوليد: لا سعر وحدةٍ لنوع المعدة في عقد العميل · لا سعر وحدةٍ لنوع المعدة في أي عقد موردٍ نشط"
45583,skipped,0,0,"صفر أثرٍ قابلٍ للتوليد: لا سعر وحدةٍ لنوع المعدة في عقد العميل · لا سعر وحدةٍ لنوع المعدة في أي عقد موردٍ نشط"
45584,skipped,0,0,"صفر أثرٍ قابلٍ للتوليد: لا سعر وحدةٍ لنوع المعدة في عقد العميل · لا سعر وحدةٍ لنوع المعدة في أي عقد موردٍ نشط"
45585,skipped,0,0,"صفر أثرٍ قابلٍ للتوليد: لا سعر وحدةٍ لنوع المعدة في عقد العميل · لا سعر وحدةٍ لنوع المعدة في أي عقد موردٍ نشط"
45586,skipped,0,0,"صفر أثرٍ قابلٍ للتوليد: لا سعر وحدةٍ لنوع المعدة في عقد العميل · لا سعر وحدةٍ لنوع المعدة في أي عقد موردٍ نشط"
45587,skipped,0,0,"صفر أثرٍ قابلٍ للتوليد: لا سعر وحدةٍ لنوع المعدة في عقد العميل · لا سعر وحدةٍ لنوع المعدة في أي عقد موردٍ نشط"
45588,skipped,0,0,"صفر أثرٍ قابلٍ للتوليد: لا سعر وحدةٍ لنوع المعدة في عقد العميل · لا سعر وحدةٍ لنوع المعدة في أي عقد موردٍ نشط"
45589,skipped,0,0,"صفر أثرٍ قابلٍ للتوليد: لا سعر وحدةٍ لنوع المعدة في عقد العميل · لا سعر وحدةٍ لنوع المعدة في أي عقد موردٍ نشط"
45590,skipped,0,0,"صفر أثرٍ قابلٍ للتوليد: لا سعر وحدةٍ لنوع المعدة في عقد العميل · لا سعر وحدةٍ لنوع المعدة في أي عقد موردٍ نشط"
45591,skipped,0,0,"صفر أثرٍ قابلٍ للتوليد: لا سعر وحدةٍ لنوع المعدة في عقد العميل · لا سعر وحدةٍ لنوع المعدة في أي عقد موردٍ نشط"
45592,skipped,0,0,"صفر أثرٍ قابلٍ للتوليد: لا سعر وحدةٍ لنوع المعدة في عقد العميل · لا سعر وحدةٍ لنوع المعدة في أي عقد موردٍ نشط"
45593,skipped,0,0,"صفر أثرٍ قابلٍ للتوليد: لا سعر وحدةٍ لنوع المعدة في عقد العميل · لا سعر وحدةٍ لنوع المعدة في أي عقد موردٍ نشط"
45594,skipped,0,0,"صفر أثرٍ قابلٍ للتوليد: لا سعر وحدةٍ لنوع المعدة في عقد العميل · لا سعر وحدةٍ لنوع المعدة في أي عقد موردٍ نشط"
45595,skipped,0,0,"صفر أثرٍ قابلٍ للتوليد: لا سعر وحدةٍ لنوع المعدة في عقد العميل · لا سعر وحدةٍ لنوع المعدة في أي عقد موردٍ نشط"
45596,skipped,0,0,"صفر أثرٍ قابلٍ للتوليد: لا سعر وحدةٍ لنوع المعدة في عقد العميل · لا سعر وحدةٍ لنوع المعدة في أي عقد موردٍ نشط"
45597,skipped,0,0,"صفر أثرٍ قابلٍ للتوليد: لا سعر وحدةٍ لنوع المعدة في عقد العميل · لا سعر وحدةٍ لنوع المعدة في أي عقد موردٍ نشط"
45598,skipped,0,0,"صفر أثرٍ قابلٍ للتوليد: لا سعر وحدةٍ لنوع المعدة في عقد العميل · لا سعر وحدةٍ لنوع المعدة في أي عقد موردٍ نشط"
45599,skipped,0,0,"صفر أثرٍ قابلٍ للتوليد: لا سعر وحدةٍ لنوع المعدة في عقد العميل · لا سعر وحدةٍ لنوع المعدة في أي عقد موردٍ نشط"
45600,skipped,0,0,"صفر أثرٍ قابلٍ للتوليد: لا سعر وحدةٍ لنوع المعدة في عقد العميل · لا سعر وحدةٍ لنوع المعدة في أي عقد موردٍ نشط"
45601,skipped,0,0,"صفر أثرٍ قابلٍ للتوليد: لا سعر وحدةٍ لنوع المعدة في عقد العميل · لا سعر وحدةٍ لنوع المعدة في أي عقد موردٍ نشط"
45602,skipped,0,0,"صفر أثرٍ قابلٍ للتوليد: لا سعر وحدةٍ لنوع المعدة في عقد العميل · لا سعر وحدةٍ لنوع المعدة في أي عقد موردٍ نشط"
45603,skipped,0,0,"صفر أثرٍ قابلٍ للتوليد: لا سعر وحدةٍ لنوع المعدة في عقد العميل · لا سعر وحدةٍ لنوع المعدة في أي عقد موردٍ نشط"
45604,skipped,0,0,"صفر أثرٍ قابلٍ للتوليد: لا سعر وحدةٍ لنوع المعدة في عقد العميل · لا سعر وحدةٍ لنوع المعدة في أي عقد موردٍ نشط"
45605,skipped,0,0,"صفر أثرٍ قابلٍ للتوليد: لا سعر وحدةٍ لنوع المعدة في عقد العميل · لا سعر وحدةٍ لنوع المعدة في أي عقد موردٍ نشط"
45606,skipped,0,0,"صفر أثرٍ قابلٍ للتوليد: لا سعر وحدةٍ لنوع المعدة في عقد العميل · لا سعر وحدةٍ لنوع المعدة في أي عقد موردٍ نشط"
45607,skipped,0,0,"صفر أثرٍ قابلٍ للتوليد: لا سعر وحدةٍ لنوع المعدة في عقد العميل · لا سعر وحدةٍ لنوع المعدة في أي عقد موردٍ نشط"
45608,skipped,0,0,"صفر أثرٍ قابلٍ للتوليد: لا سعر وحدةٍ لنوع المعدة في عقد العميل · لا سعر وحدةٍ لنوع المعدة في أي عقد موردٍ نشط"
45609,skipped,0,0,"صفر أثرٍ قابلٍ للتوليد: لا سعر وحدةٍ لنوع المعدة في عقد العميل · لا سعر وحدةٍ لنوع المعدة في أي عقد موردٍ نشط"
45610,skipped,0,0,"صفر أثرٍ قابلٍ للتوليد: لا سعر وحدةٍ لنوع المعدة في عقد العميل · لا سعر وحدةٍ لنوع المعدة في أي عقد موردٍ نشط"
45611,skipped,0,0,"صفر أثرٍ قابلٍ للتوليد: لا سعر وحدةٍ لنوع المعدة في عقد العميل · لا سعر وحدةٍ لنوع المعدة في أي عقد موردٍ نشط"
45612,skipped,0,0,"صفر أثرٍ قابلٍ للتوليد: لا سعر وحدةٍ لنوع المعدة في عقد العميل · لا سعر وحدةٍ لنوع المعدة في أي عقد موردٍ نشط"
45613,skipped,0,0,"صفر أثرٍ قابلٍ للتوليد: لا سعر وحدةٍ لنوع المعدة في عقد العميل · لا سعر وحدةٍ لنوع المعدة في أي عقد موردٍ نشط"
45614,skipped,0,0,"صفر أثرٍ قابلٍ للتوليد: لا سعر وحدةٍ لنوع المعدة في عقد العميل · لا سعر وحدةٍ لنوع المعدة في أي عقد موردٍ نشط"
45615,skipped,0,0,"صفر أثرٍ قابلٍ للتوليد: لا سعر وحدةٍ لنوع المعدة في عقد العميل · لا سعر وحدةٍ لنوع المعدة في أي عقد موردٍ نشط"
45616,skipped,0,0,"صفر أثرٍ قابلٍ للتوليد: لا سعر وحدةٍ لنوع المعدة في عقد العميل · لا سعر وحدةٍ لنوع المعدة في أي عقد موردٍ نشط"
45617,skipped,0,0,"صفر أثرٍ قابلٍ للتوليد: لا سعر وحدةٍ لنوع المعدة في عقد العميل · لا سعر وحدةٍ لنوع المعدة في أي عقد موردٍ نشط"
45618,skipped,0,0,"صفر أثرٍ قابلٍ للتوليد: لا سعر وحدةٍ لنوع المعدة في عقد العميل · لا سعر وحدةٍ لنوع المعدة في أي عقد موردٍ نشط"
45769,skipped,0,0,"صفر أثرٍ قابلٍ للتوليد: لا سعر وحدةٍ لنوع المعدة في عقد العميل · لا سعر وحدةٍ لنوع المعدة في أي عقد موردٍ نشط"
45770,skipped,0,0,"صفر أثرٍ قابلٍ للتوليد: لا سعر وحدةٍ لنوع المعدة في عقد العميل · لا سعر وحدةٍ لنوع المعدة في أي عقد موردٍ نشط"
45771,skipped,0,0,"صفر أثرٍ قابلٍ للتوليد: لا سعر وحدةٍ لنوع المعدة في عقد العميل · لا سعر وحدةٍ لنوع المعدة في أي عقد موردٍ نشط"
45772,skipped,0,0,"صفر أثرٍ قابلٍ للتوليد: لا سعر وحدةٍ لنوع المعدة في عقد العميل · لا سعر وحدةٍ لنوع المعدة في أي عقد موردٍ نشط"
45773,skipped,0,0,"صفر أثرٍ قابلٍ للتوليد: لا سعر وحدةٍ لنوع المعدة في عقد العميل · لا سعر وحدةٍ لنوع المعدة في أي عقد موردٍ نشط"
45774,skipped,0,0,"صفر أثرٍ قابلٍ للتوليد: لا سعر وحدةٍ لنوع المعدة في عقد العميل · لا سعر وحدةٍ لنوع المعدة في أي عقد موردٍ نشط"
45775,skipped,0,0,"صفر أثرٍ قابلٍ للتوليد: لا سعر وحدةٍ لنوع المعدة في عقد العميل · لا سعر وحدةٍ لنوع المعدة في أي عقد موردٍ نشط"
45776,skipped,0,0,"صفر أثرٍ قابلٍ للتوليد: لا سعر وحدةٍ لنوع المعدة في عقد العميل · لا سعر وحدةٍ لنوع المعدة في أي عقد موردٍ نشط"
45777,skipped,0,0,"صفر أثرٍ قابلٍ للتوليد: لا سعر وحدةٍ لنوع المعدة في عقد العميل · لا سعر وحدةٍ لنوع المعدة في أي عقد موردٍ نشط"
45778,skipped,0,0,"صفر أثرٍ قابلٍ للتوليد: لا سعر وحدةٍ لنوع المعدة في عقد العميل · لا سعر وحدةٍ لنوع المعدة في أي عقد موردٍ نشط"
45779,skipped,0,0,"صفر أثرٍ قابلٍ للتوليد: لا سعر وحدةٍ لنوع المعدة في عقد العميل · لا سعر وحدةٍ لنوع المعدة في أي عقد موردٍ نشط"
45780,skipped,0,0,"صفر أثرٍ قابلٍ للتوليد: لا سعر وحدةٍ لنوع المعدة في عقد العميل · لا سعر وحدةٍ لنوع المعدة في أي عقد موردٍ نشط"
45781,skipped,0,0,"صفر أثرٍ قابلٍ للتوليد: لا سعر وحدةٍ لنوع المعدة في عقد العميل · لا سعر وحدةٍ لنوع المعدة في أي عقد موردٍ نشط"
45782,skipped,0,0,"صفر أثرٍ قابلٍ للتوليد: لا سعر وحدةٍ لنوع المعدة في عقد العميل · لا سعر وحدةٍ لنوع المعدة في أي عقد موردٍ نشط"
45783,skipped,0,0,"صفر أثرٍ قابلٍ للتوليد: لا سعر وحدةٍ لنوع المعدة في عقد العميل · لا سعر وحدةٍ لنوع المعدة في أي عقد موردٍ نشط"
45784,skipped,0,0,"صفر أثرٍ قابلٍ للتوليد: لا سعر وحدةٍ لنوع المعدة في عقد العميل · لا سعر وحدةٍ لنوع المعدة في أي عقد موردٍ نشط"
45785,skipped,0,0,"صفر أثرٍ قابلٍ للتوليد: لا سعر وحدةٍ لنوع المعدة في عقد العميل · لا سعر وحدةٍ لنوع المعدة في أي عقد موردٍ نشط"
45786,skipped,0,0,"صفر أثرٍ قابلٍ للتوليد: لا سعر وحدةٍ لنوع المعدة في عقد العميل · لا سعر وحدةٍ لنوع المعدة في أي عقد موردٍ نشط"
45787,skipped,0,0,"صفر أثرٍ قابلٍ للتوليد: لا سعر وحدةٍ لنوع المعدة في عقد العميل · لا سعر وحدةٍ لنوع المعدة في أي عقد موردٍ نشط"
45788,skipped,0,0,"صفر أثرٍ قابلٍ للتوليد: لا سعر وحدةٍ لنوع المعدة في عقد العميل · لا سعر وحدةٍ لنوع المعدة في أي عقد موردٍ نشط"
45789,skipped,0,0,"صفر أثرٍ قابلٍ للتوليد: لا سعر وحدةٍ لنوع المعدة في عقد العميل · لا سعر وحدةٍ لنوع المعدة في أي عقد موردٍ نشط"
45790,skipped,0,0,"صفر أثرٍ قابلٍ للتوليد: لا سعر وحدةٍ لنوع المعدة في عقد العميل · لا سعر وحدةٍ لنوع المعدة في أي عقد موردٍ نشط"
45791,skipped,0,0,"صفر أثرٍ قابلٍ للتوليد: لا سعر وحدةٍ لنوع المعدة في عقد العميل · لا سعر وحدةٍ لنوع المعدة في أي عقد موردٍ نشط"
45792,skipped,0,0,"صفر أثرٍ قابلٍ للتوليد: لا سعر وحدةٍ لنوع المعدة في عقد العميل · لا سعر وحدةٍ لنوع المعدة في أي عقد موردٍ نشط"
45793,skipped,0,0,"صفر أثرٍ قابلٍ للتوليد: لا سعر وحدةٍ لنوع المعدة في عقد العميل · لا سعر وحدةٍ لنوع المعدة في أي عقد موردٍ نشط"
45794,skipped,0,0,"صفر أثرٍ قابلٍ للتوليد: لا سعر وحدةٍ لنوع المعدة في عقد العميل · لا سعر وحدةٍ لنوع المعدة في أي عقد موردٍ نشط"
45795,skipped,0,0,"صفر أثرٍ قابلٍ للتوليد: لا سعر وحدةٍ لنوع المعدة في عقد العميل · لا سعر وحدةٍ لنوع المعدة في أي عقد موردٍ نشط"
45796,skipped,0,0,"صفر أثرٍ قابلٍ للتوليد: لا سعر وحدةٍ لنوع المعدة في عقد العميل · لا سعر وحدةٍ لنوع المعدة في أي عقد موردٍ نشط"
45797,skipped,0,0,"صفر أثرٍ قابلٍ للتوليد: لا سعر وحدةٍ لنوع المعدة في عقد العميل · لا سعر وحدةٍ لنوع المعدة في أي عقد موردٍ نشط"
45798,skipped,0,0,"صفر أثرٍ قابلٍ للتوليد: لا سعر وحدةٍ لنوع المعدة في عقد العميل · لا سعر وحدةٍ لنوع المعدة في أي عقد موردٍ نشط"
45799,skipped,0,0,"صفر أثرٍ قابلٍ للتوليد: لا سعر وحدةٍ لنوع المعدة في عقد العميل · لا سعر وحدةٍ لنوع المعدة في أي عقد موردٍ نشط"
45800,skipped,0,0,"صفر أثرٍ قابلٍ للتوليد: لا سعر وحدةٍ لنوع المعدة في عقد العميل · لا سعر وحدةٍ لنوع المعدة في أي عقد موردٍ نشط"
45801,skipped,0,0,"صفر أثرٍ قابلٍ للتوليد: لا سعر وحدةٍ لنوع المعدة في عقد العميل · لا سعر وحدةٍ لنوع المعدة في أي عقد موردٍ نشط"
45802,skipped,0,0,"صفر أثرٍ قابلٍ للتوليد: لا سعر وحدةٍ لنوع المعدة في عقد العميل · لا سعر وحدةٍ لنوع المعدة في أي عقد موردٍ نشط"
45803,skipped,0,0,"صفر أثرٍ قابلٍ للتوليد: لا سعر وحدةٍ لنوع المعدة في عقد العميل · لا سعر وحدةٍ لنوع المعدة في أي عقد موردٍ نشط"
45804,skipped,0,0,"صفر أثرٍ قابلٍ للتوليد: لا سعر وحدةٍ لنوع المعدة في عقد العميل · لا سعر وحدةٍ لنوع المعدة في أي عقد موردٍ نشط"
45805,skipped,0,0,"صفر أثرٍ قابلٍ للتوليد: لا سعر وحدةٍ لنوع المعدة في عقد العميل · لا سعر وحدةٍ لنوع المعدة في أي عقد موردٍ نشط"
45806,skipped,0,0,"صفر أثرٍ قابلٍ للتوليد: لا سعر وحدةٍ لنوع المعدة في عقد العميل · لا سعر وحدةٍ لنوع المعدة في أي عقد موردٍ نشط"
45807,skipped,0,0,"صفر أثرٍ قابلٍ للتوليد: لا سعر وحدةٍ لنوع المعدة في عقد العميل · لا سعر وحدةٍ لنوع المعدة في أي عقد موردٍ نشط"
45808,skipped,0,0,"صفر أثرٍ قابلٍ للتوليد: لا سعر وحدةٍ لنوع المعدة في عقد العميل · لا سعر وحدةٍ لنوع المعدة في أي عقد موردٍ نشط"
45809,skipped,0,0,"صفر أثرٍ قابلٍ للتوليد: لا سعر وحدةٍ لنوع المعدة في عقد العميل · لا سعر وحدةٍ لنوع المعدة في أي عقد موردٍ نشط"
45810,skipped,0,0,"صفر أثرٍ قابلٍ للتوليد: لا سعر وحدةٍ لنوع المعدة في عقد العميل · لا سعر وحدةٍ لنوع المعدة في أي عقد موردٍ نشط"
45811,skipped,0,0,"صفر أثرٍ قابلٍ للتوليد: لا سعر وحدةٍ لنوع المعدة في عقد العميل · لا سعر وحدةٍ لنوع المعدة في أي عقد موردٍ نشط"
45812,skipped,0,0,"صفر أثرٍ قابلٍ للتوليد: لا سعر وحدةٍ لنوع المعدة في عقد العميل · لا سعر وحدةٍ لنوع المعدة في أي عقد موردٍ نشط"
45813,skipped,0,0,"صفر أثرٍ قابلٍ للتوليد: لا سعر وحدةٍ لنوع المعدة في عقد العميل · لا سعر وحدةٍ لنوع المعدة في أي عقد موردٍ نشط"
45814,skipped,0,0,"صفر أثرٍ قابلٍ للتوليد: لا سعر وحدةٍ لنوع المعدة في عقد العميل · لا سعر وحدةٍ لنوع المعدة في أي عقد موردٍ نشط"
45815,skipped,0,0,"صفر أثرٍ قابلٍ للتوليد: لا سعر وحدةٍ لنوع المعدة في عقد العميل · لا سعر وحدةٍ لنوع المعدة في أي عقد موردٍ نشط"
45816,skipped,0,0,"صفر أثرٍ قابلٍ للتوليد: لا سعر وحدةٍ لنوع المعدة في عقد العميل · لا سعر وحدةٍ لنوع المعدة في أي عقد موردٍ نشط"
45817,skipped,0,0,"صفر أثرٍ قابلٍ للتوليد: لا سعر وحدةٍ لنوع المعدة في عقد العميل · لا سعر وحدةٍ لنوع المعدة في أي عقد موردٍ نشط"
45818,skipped,0,0,"صفر أثرٍ قابلٍ للتوليد: لا سعر وحدةٍ لنوع المعدة في عقد العميل · لا سعر وحدةٍ لنوع المعدة في أي عقد موردٍ نشط"
45819,skipped,0,0,"صفر أثرٍ قابلٍ للتوليد: لا سعر وحدةٍ لنوع المعدة في عقد العميل · لا سعر وحدةٍ لنوع المعدة في أي عقد موردٍ نشط"
45820,skipped,0,0,"صفر أثرٍ قابلٍ للتوليد: لا سعر وحدةٍ لنوع المعدة في عقد العميل · لا سعر وحدةٍ لنوع المعدة في أي عقد موردٍ نشط"
45821,skipped,0,0,"صفر أثرٍ قابلٍ للتوليد: لا سعر وحدةٍ لنوع المعدة في عقد العميل · لا سعر وحدةٍ لنوع المعدة في أي عقد موردٍ نشط"
45822,skipped,0,0,"صفر أثرٍ قابلٍ للتوليد: لا سعر وحدةٍ لنوع المعدة في عقد العميل · لا سعر وحدةٍ لنوع المعدة في أي عقد موردٍ نشط"
45823,skipped,0,0,"صفر أثرٍ قابلٍ للتوليد: لا سعر وحدةٍ لنوع المعدة في عقد العميل · لا سعر وحدةٍ لنوع المعدة في أي عقد موردٍ نشط"
45824,skipped,0,0,"صفر أثرٍ قابلٍ للتوليد: لا سعر وحدةٍ لنوع المعدة في عقد العميل · لا سعر وحدةٍ لنوع المعدة في أي عقد موردٍ نشط"
45825,skipped,0,0,"صفر أثرٍ قابلٍ للتوليد: لا سعر وحدةٍ لنوع المعدة في عقد العميل · لا سعر وحدةٍ لنوع المعدة في أي عقد موردٍ نشط"
45826,skipped,0,0,"صفر أثرٍ قابلٍ للتوليد: لا سعر وحدةٍ لنوع المعدة في عقد العميل · لا سعر وحدةٍ لنوع المعدة في أي عقد موردٍ نشط"
45827,skipped,0,0,"صفر أثرٍ قابلٍ للتوليد: لا سعر وحدةٍ لنوع المعدة في عقد العميل · لا سعر وحدةٍ لنوع المعدة في أي عقد موردٍ نشط"
45828,skipped,0,0,"صفر أثرٍ قابلٍ للتوليد: لا سعر وحدةٍ لنوع المعدة في عقد العميل · لا سعر وحدةٍ لنوع المعدة في أي عقد موردٍ نشط"
45829,skipped,0,0,"صفر أثرٍ قابلٍ للتوليد: لا سعر وحدةٍ لنوع المعدة في عقد العميل · لا سعر وحدةٍ لنوع المعدة في أي عقد موردٍ نشط"
46294,skipped,0,0,"صفر أثرٍ قابلٍ للتوليد: لا سعر وحدةٍ لنوع المعدة في عقد العميل · لا سعر وحدةٍ لنوع المعدة في أي عقد موردٍ نشط"
46295,skipped,0,0,"صفر أثرٍ قابلٍ للتوليد: لا سعر وحدةٍ لنوع المعدة في عقد العميل · لا سعر وحدةٍ لنوع المعدة في أي عقد موردٍ نشط"
46296,skipped,0,0,"صفر أثرٍ قابلٍ للتوليد: لا سعر وحدةٍ لنوع المعدة في عقد العميل · لا سعر وحدةٍ لنوع المعدة في أي عقد موردٍ نشط"
46297,skipped,0,0,"صفر أثرٍ قابلٍ للتوليد: لا سعر وحدةٍ لنوع المعدة في عقد العميل · لا سعر وحدةٍ لنوع المعدة في أي عقد موردٍ نشط"
46298,skipped,0,0,"صفر أثرٍ قابلٍ للتوليد: لا سعر وحدةٍ لنوع المعدة في عقد العميل · لا سعر وحدةٍ لنوع المعدة في أي عقد موردٍ نشط"
46299,skipped,0,0,"صفر أثرٍ قابلٍ للتوليد: لا سعر وحدةٍ لنوع المعدة في عقد العميل · لا سعر وحدةٍ لنوع المعدة في أي عقد موردٍ نشط"
46300,skipped,0,0,"صفر أثرٍ قابلٍ للتوليد: لا سعر وحدةٍ لنوع المعدة في عقد العميل · لا سعر وحدةٍ لنوع المعدة في أي عقد موردٍ نشط"
46301,skipped,0,0,"صفر أثرٍ قابلٍ للتوليد: لا سعر وحدةٍ لنوع المعدة في عقد العميل · لا سعر وحدةٍ لنوع المعدة في أي عقد موردٍ نشط"
46302,skipped,0,0,"صفر أثرٍ قابلٍ للتوليد: لا سعر وحدةٍ لنوع المعدة في عقد العميل · لا سعر وحدةٍ لنوع المعدة في أي عقد موردٍ نشط"
46303,skipped,0,0,"صفر أثرٍ قابلٍ للتوليد: لا سعر وحدةٍ لنوع المعدة في عقد العميل · لا سعر وحدةٍ لنوع المعدة في أي عقد موردٍ نشط"
46304,skipped,0,0,"صفر أثرٍ قابلٍ للتوليد: لا سعر وحدةٍ لنوع المعدة في عقد العميل · لا سعر وحدةٍ لنوع المعدة في أي عقد موردٍ نشط"
46305,skipped,0,0,"صفر أثرٍ قابلٍ للتوليد: لا سعر وحدةٍ لنوع المعدة في عقد العميل · لا سعر وحدةٍ لنوع المعدة في أي عقد موردٍ نشط"
46306,skipped,0,0,"صفر أثرٍ قابلٍ للتوليد: لا سعر وحدةٍ لنوع المعدة في عقد العميل · لا سعر وحدةٍ لنوع المعدة في أي عقد موردٍ نشط"
46307,skipped,0,0,"صفر أثرٍ قابلٍ للتوليد: لا سعر وحدةٍ لنوع المعدة في عقد العميل · لا سعر وحدةٍ لنوع المعدة في أي عقد موردٍ نشط"
46308,skipped,0,0,"صفر أثرٍ قابلٍ للتوليد: لا سعر وحدةٍ لنوع المعدة في عقد العميل · لا سعر وحدةٍ لنوع المعدة في أي عقد موردٍ نشط"
46309,skipped,0,0,"صفر أثرٍ قابلٍ للتوليد: لا سعر وحدةٍ لنوع المعدة في عقد العميل · لا سعر وحدةٍ لنوع المعدة في أي عقد موردٍ نشط"
46310,skipped,0,0,"صفر أثرٍ قابلٍ للتوليد: لا سعر وحدةٍ لنوع المعدة في عقد العميل · لا سعر وحدةٍ لنوع المعدة في أي عقد موردٍ نشط"
46311,skipped,0,0,"صفر أثرٍ قابلٍ للتوليد: لا سعر وحدةٍ لنوع المعدة في عقد العميل · لا سعر وحدةٍ لنوع المعدة في أي عقد موردٍ نشط"
46312,skipped,0,0,"صفر أثرٍ قابلٍ للتوليد: لا سعر وحدةٍ لنوع المعدة في عقد العميل · لا سعر وحدةٍ لنوع المعدة في أي عقد موردٍ نشط"
46313,skipped,0,0,"صفر أثرٍ قابلٍ للتوليد: لا سعر وحدةٍ لنوع المعدة في عقد العميل · لا سعر وحدةٍ لنوع المعدة في أي عقد موردٍ نشط"
46314,skipped,0,0,"صفر أثرٍ قابلٍ للتوليد: لا سعر وحدةٍ لنوع المعدة في عقد العميل · لا سعر وحدةٍ لنوع المعدة في أي عقد موردٍ نشط"
46315,skipped,0,0,"صفر أثرٍ قابلٍ للتوليد: لا سعر وحدةٍ لنوع المعدة في عقد العميل · لا سعر وحدةٍ لنوع المعدة في أي عقد موردٍ نشط"
46316,skipped,0,0,"صفر أثرٍ قابلٍ للتوليد: لا سعر وحدةٍ لنوع المعدة في عقد العميل · لا سعر وحدةٍ لنوع المعدة في أي عقد موردٍ نشط"
46317,skipped,0,0,"صفر أثرٍ قابلٍ للتوليد: لا سعر وحدةٍ لنوع المعدة في عقد العميل · لا سعر وحدةٍ لنوع المعدة في أي عقد موردٍ نشط"
46318,skipped,0,0,"صفر أثرٍ قابلٍ للتوليد: لا سعر وحدةٍ لنوع المعدة في عقد العميل · لا سعر وحدةٍ لنوع المعدة في أي عقد موردٍ نشط"
46319,skipped,0,0,"صفر أثرٍ قابلٍ للتوليد: لا سعر وحدةٍ لنوع المعدة في عقد العميل · لا سعر وحدةٍ لنوع المعدة في أي عقد موردٍ نشط"
46320,skipped,0,0,"صفر أثرٍ قابلٍ للتوليد: لا سعر وحدةٍ لنوع المعدة في عقد العميل · لا سعر وحدةٍ لنوع المعدة في أي عقد موردٍ نشط"
46321,skipped,0,0,"صفر أثرٍ قابلٍ للتوليد: لا سعر وحدةٍ لنوع المعدة في عقد العميل · لا سعر وحدةٍ لنوع المعدة في أي عقد موردٍ نشط"
46322,skipped,0,0,"صفر أثرٍ قابلٍ للتوليد: لا سعر وحدةٍ لنوع المعدة في عقد العميل · لا سعر وحدةٍ لنوع المعدة في أي عقد موردٍ نشط"
46323,skipped,0,0,"صفر أثرٍ قابلٍ للتوليد: لا سعر وحدةٍ لنوع المعدة في عقد العميل · لا سعر وحدةٍ لنوع المعدة في أي عقد موردٍ نشط"
46324,skipped,0,0,"صفر أثرٍ قابلٍ للتوليد: لا سعر وحدةٍ لنوع المعدة في عقد العميل · لا سعر وحدةٍ لنوع المعدة في أي عقد موردٍ نشط"
46325,skipped,0,0,"صفر أثرٍ قابلٍ للتوليد: لا سعر وحدةٍ لنوع المعدة في عقد العميل · لا سعر وحدةٍ لنوع المعدة في أي عقد موردٍ نشط"
46326,skipped,0,0,"صفر أثرٍ قابلٍ للتوليد: لا سعر وحدةٍ لنوع المعدة في عقد العميل · لا سعر وحدةٍ لنوع المعدة في أي عقد موردٍ نشط"
46327,skipped,0,0,"صفر أثرٍ قابلٍ للتوليد: لا سعر وحدةٍ لنوع المعدة في عقد العميل · لا سعر وحدةٍ لنوع المعدة في أي عقد موردٍ نشط"
46328,skipped,0,0,"صفر أثرٍ قابلٍ للتوليد: لا سعر وحدةٍ لنوع المعدة في عقد العميل · لا سعر وحدةٍ لنوع المعدة في أي عقد موردٍ نشط"
46329,skipped,0,0,"صفر أثرٍ قابلٍ للتوليد: لا سعر وحدةٍ لنوع المعدة في عقد العميل · لا سعر وحدةٍ لنوع المعدة في أي عقد موردٍ نشط"
46330,skipped,0,0,"صفر أثرٍ قابلٍ للتوليد: لا سعر وحدةٍ لنوع المعدة في عقد العميل · لا سعر وحدةٍ لنوع المعدة في أي عقد موردٍ نشط"
46331,skipped,0,0,"صفر أثرٍ قابلٍ للتوليد: لا سعر وحدةٍ لنوع المعدة في عقد العميل · لا سعر وحدةٍ لنوع المعدة في أي عقد موردٍ نشط"
46332,skipped,0,0,"صفر أثرٍ قابلٍ للتوليد: لا سعر وحدةٍ لنوع المعدة في عقد العميل · لا سعر وحدةٍ لنوع المعدة في أي عقد موردٍ نشط"
46333,skipped,0,0,"صفر أثرٍ قابلٍ للتوليد: لا سعر وحدةٍ لنوع المعدة في عقد العميل · لا سعر وحدةٍ لنوع المعدة في أي عقد موردٍ نشط"
46334,skipped,0,0,"صفر أثرٍ قابلٍ للتوليد: لا سعر وحدةٍ لنوع المعدة في عقد العميل · لا سعر وحدةٍ لنوع المعدة في أي عقد موردٍ نشط"
46335,skipped,0,0,"صفر أثرٍ قابلٍ للتوليد: لا سعر وحدةٍ لنوع المعدة في عقد العميل · لا سعر وحدةٍ لنوع المعدة في أي عقد موردٍ نشط"
46336,skipped,0,0,"صفر أثرٍ قابلٍ للتوليد: لا سعر وحدةٍ لنوع المعدة في عقد العميل · لا سعر وحدةٍ لنوع المعدة في أي عقد موردٍ نشط"
46337,skipped,0,0,"صفر أثرٍ قابلٍ للتوليد: لا سعر وحدةٍ لنوع المعدة في عقد العميل · لا سعر وحدةٍ لنوع المعدة في أي عقد موردٍ نشط"
46338,skipped,0,0,"صفر أثرٍ قابلٍ للتوليد: لا سعر وحدةٍ لنوع المعدة في عقد العميل · لا سعر وحدةٍ لنوع المعدة في أي عقد موردٍ نشط"
46339,skipped,0,0,"صفر أثرٍ قابلٍ للتوليد: لا سعر وحدةٍ لنوع المعدة في عقد العميل · لا سعر وحدةٍ لنوع المعدة في أي عقد موردٍ نشط"
46340,skipped,0,0,"صفر أثرٍ قابلٍ للتوليد: لا سعر وحدةٍ لنوع المعدة في عقد العميل · لا سعر وحدةٍ لنوع المعدة في أي عقد موردٍ نشط"
46341,skipped,0,0,"صفر أثرٍ قابلٍ للتوليد: لا سعر وحدةٍ لنوع المعدة في عقد العميل · لا سعر وحدةٍ لنوع المعدة في أي عقد موردٍ نشط"
46342,skipped,0,0,"صفر أثرٍ قابلٍ للتوليد: لا سعر وحدةٍ لنوع المعدة في عقد العميل · لا سعر وحدةٍ لنوع المعدة في أي عقد موردٍ نشط"
46343,skipped,0,0,"صفر أثرٍ قابلٍ للتوليد: لا سعر وحدةٍ لنوع المعدة في عقد العميل · لا سعر وحدةٍ لنوع المعدة في أي عقد موردٍ نشط"
46344,skipped,0,0,"صفر أثرٍ قابلٍ للتوليد: لا سعر وحدةٍ لنوع المعدة في عقد العميل · لا سعر وحدةٍ لنوع المعدة في أي عقد موردٍ نشط"
46345,skipped,0,0,"صفر أثرٍ قابلٍ للتوليد: لا سعر وحدةٍ لنوع المعدة في عقد العميل · لا سعر وحدةٍ لنوع المعدة في أي عقد موردٍ نشط"
46346,skipped,0,0,"صفر أثرٍ قابلٍ للتوليد: لا سعر وحدةٍ لنوع المعدة في عقد العميل · لا سعر وحدةٍ لنوع المعدة في أي عقد موردٍ نشط"
46347,skipped,0,0,"صفر أثرٍ قابلٍ للتوليد: لا سعر وحدةٍ لنوع المعدة في عقد العميل · لا سعر وحدةٍ لنوع المعدة في أي عقد موردٍ نشط"
46348,skipped,0,0,"صفر أثرٍ قابلٍ للتوليد: لا سعر وحدةٍ لنوع المعدة في عقد العميل · لا سعر وحدةٍ لنوع المعدة في أي عقد موردٍ نشط"
46349,skipped,0,0,"صفر أثرٍ قابلٍ للتوليد: لا سعر وحدةٍ لنوع المعدة في عقد العميل · لا سعر وحدةٍ لنوع المعدة في أي عقد موردٍ نشط"
46350,skipped,0,0,"صفر أثرٍ قابلٍ للتوليد: لا سعر وحدةٍ لنوع المعدة في عقد العميل · لا سعر وحدةٍ لنوع المعدة في أي عقد موردٍ نشط"
46351,skipped,0,0,"صفر أثرٍ قابلٍ للتوليد: لا سعر وحدةٍ لنوع المعدة في عقد العميل · لا سعر وحدةٍ لنوع المعدة في أي عقد موردٍ نشط"
46352,skipped,0,0,"صفر أثرٍ قابلٍ للتوليد: لا سعر وحدةٍ لنوع المعدة في عقد العميل · لا سعر وحدةٍ لنوع المعدة في أي عقد موردٍ نشط"
46353,skipped,0,0,"صفر أثرٍ قابلٍ للتوليد: لا سعر وحدةٍ لنوع المعدة في عقد العميل · لا سعر وحدةٍ لنوع المعدة في أي عقد موردٍ نشط"
46354,skipped,0,0,"صفر أثرٍ قابلٍ للتوليد: لا سعر وحدةٍ لنوع المعدة في عقد العميل · لا سعر وحدةٍ لنوع المعدة في أي عقد موردٍ نشط"
46690,skipped,0,0,"صفر أثرٍ قابلٍ للتوليد: لا سعر وحدةٍ لنوع المعدة في عقد العميل · لا سعر وحدةٍ لنوع المعدة في أي عقد موردٍ نشط"
46691,skipped,0,0,"صفر أثرٍ قابلٍ للتوليد: لا سعر وحدةٍ لنوع المعدة في عقد العميل · لا سعر وحدةٍ لنوع المعدة في أي عقد موردٍ نشط"
46692,skipped,0,0,"صفر أثرٍ قابلٍ للتوليد: لا سعر وحدةٍ لنوع المعدة في عقد العميل · لا سعر وحدةٍ لنوع المعدة في أي عقد موردٍ نشط"
46693,skipped,0,0,"صفر أثرٍ قابلٍ للتوليد: لا سعر وحدةٍ لنوع المعدة في عقد العميل · لا سعر وحدةٍ لنوع المعدة في أي عقد موردٍ نشط"
46694,skipped,0,0,"صفر أثرٍ قابلٍ للتوليد: لا سعر وحدةٍ لنوع المعدة في عقد العميل · لا سعر وحدةٍ لنوع المعدة في أي عقد موردٍ نشط"
46695,skipped,0,0,"صفر أثرٍ قابلٍ للتوليد: لا سعر وحدةٍ لنوع المعدة في عقد العميل · لا سعر وحدةٍ لنوع المعدة في أي عقد موردٍ نشط"
46696,skipped,0,0,"صفر أثرٍ قابلٍ للتوليد: لا سعر وحدةٍ لنوع المعدة في عقد العميل · لا سعر وحدةٍ لنوع المعدة في أي عقد موردٍ نشط"
46697,skipped,0,0,"صفر أثرٍ قابلٍ للتوليد: لا سعر وحدةٍ لنوع المعدة في عقد العميل · لا سعر وحدةٍ لنوع المعدة في أي عقد موردٍ نشط"
46698,skipped,0,0,"صفر أثرٍ قابلٍ للتوليد: لا سعر وحدةٍ لنوع المعدة في عقد العميل · لا سعر وحدةٍ لنوع المعدة في أي عقد موردٍ نشط"
46699,skipped,0,0,"صفر أثرٍ قابلٍ للتوليد: لا سعر وحدةٍ لنوع المعدة في عقد العميل · لا سعر وحدةٍ لنوع المعدة في أي عقد موردٍ نشط"
46700,skipped,0,0,"صفر أثرٍ قابلٍ للتوليد: لا سعر وحدةٍ لنوع المعدة في عقد العميل · لا سعر وحدةٍ لنوع المعدة في أي عقد موردٍ نشط"
46701,skipped,0,0,"صفر أثرٍ قابلٍ للتوليد: لا سعر وحدةٍ لنوع المعدة في عقد العميل · لا سعر وحدةٍ لنوع المعدة في أي عقد موردٍ نشط"
46702,skipped,0,0,"صفر أثرٍ قابلٍ للتوليد: لا سعر وحدةٍ لنوع المعدة في عقد العميل · لا سعر وحدةٍ لنوع المعدة في أي عقد موردٍ نشط"
46703,skipped,0,0,"صفر أثرٍ قابلٍ للتوليد: لا سعر وحدةٍ لنوع المعدة في عقد العميل · لا سعر وحدةٍ لنوع المعدة في أي عقد موردٍ نشط"
46704,skipped,0,0,"صفر أثرٍ قابلٍ للتوليد: لا سعر وحدةٍ لنوع المعدة في عقد العميل · لا سعر وحدةٍ لنوع المعدة في أي عقد موردٍ نشط"
46705,skipped,0,0,"صفر أثرٍ قابلٍ للتوليد: لا سعر وحدةٍ لنوع المعدة في عقد العميل · لا سعر وحدةٍ لنوع المعدة في أي عقد موردٍ نشط"
46706,skipped,0,0,"صفر أثرٍ قابلٍ للتوليد: لا سعر وحدةٍ لنوع المعدة في عقد العميل · لا سعر وحدةٍ لنوع المعدة في أي عقد موردٍ نشط"
46707,skipped,0,0,"صفر أثرٍ قابلٍ للتوليد: لا سعر وحدةٍ لنوع المعدة في عقد العميل · لا سعر وحدةٍ لنوع المعدة في أي عقد موردٍ نشط"
46708,skipped,0,0,"صفر أثرٍ قابلٍ للتوليد: لا سعر وحدةٍ لنوع المعدة في عقد العميل · لا سعر وحدةٍ لنوع المعدة في أي عقد موردٍ نشط"
46709,skipped,0,0,"صفر أثرٍ قابلٍ للتوليد: لا سعر وحدةٍ لنوع المعدة في عقد العميل · لا سعر وحدةٍ لنوع المعدة في أي عقد موردٍ نشط"
46710,skipped,0,0,"صفر أثرٍ قابلٍ للتوليد: لا سعر وحدةٍ لنوع المعدة في عقد العميل · لا سعر وحدةٍ لنوع المعدة في أي عقد موردٍ نشط"
46711,skipped,0,0,"صفر أثرٍ قابلٍ للتوليد: لا سعر وحدةٍ لنوع المعدة في عقد العميل · لا سعر وحدةٍ لنوع المعدة في أي عقد موردٍ نشط"
46712,skipped,0,0,"صفر أثرٍ قابلٍ للتوليد: لا سعر وحدةٍ لنوع المعدة في عقد العميل · لا سعر وحدةٍ لنوع المعدة في أي عقد موردٍ نشط"
46713,skipped,0,0,"صفر أثرٍ قابلٍ للتوليد: لا سعر وحدةٍ لنوع المعدة في عقد العميل · لا سعر وحدةٍ لنوع المعدة في أي عقد موردٍ نشط"
46714,skipped,0,0,"صفر أثرٍ قابلٍ للتوليد: لا سعر وحدةٍ لنوع المعدة في عقد العميل · لا سعر وحدةٍ لنوع المعدة في أي عقد موردٍ نشط"
46715,skipped,0,0,"صفر أثرٍ قابلٍ للتوليد: لا سعر وحدةٍ لنوع المعدة في عقد العميل · لا سعر وحدةٍ لنوع المعدة في أي عقد موردٍ نشط"
46716,skipped,0,0,"صفر أثرٍ قابلٍ للتوليد: لا سعر وحدةٍ لنوع المعدة في عقد العميل · لا سعر وحدةٍ لنوع المعدة في أي عقد موردٍ نشط"
46717,skipped,0,0,"صفر أثرٍ قابلٍ للتوليد: لا سعر وحدةٍ لنوع المعدة في عقد العميل · لا سعر وحدةٍ لنوع المعدة في أي عقد موردٍ نشط"
46718,skipped,0,0,"صفر أثرٍ قابلٍ للتوليد: لا سعر وحدةٍ لنوع المعدة في عقد العميل · لا سعر وحدةٍ لنوع المعدة في أي عقد موردٍ نشط"
46719,skipped,0,0,"صفر أثرٍ قابلٍ للتوليد: لا سعر وحدةٍ لنوع المعدة في عقد العميل · لا سعر وحدةٍ لنوع المعدة في أي عقد موردٍ نشط"
46720,skipped,0,0,"صفر أثرٍ قابلٍ للتوليد: لا سعر وحدةٍ لنوع المعدة في عقد العميل · لا سعر وحدةٍ لنوع المعدة في أي عقد موردٍ نشط"
46721,skipped,0,0,"صفر أثرٍ قابلٍ للتوليد: لا سعر وحدةٍ لنوع المعدة في عقد العميل · لا سعر وحدةٍ لنوع المعدة في أي عقد موردٍ نشط"
46722,skipped,0,0,"صفر أثرٍ قابلٍ للتوليد: لا سعر وحدةٍ لنوع المعدة في عقد العميل · لا سعر وحدةٍ لنوع المعدة في أي عقد موردٍ نشط"
46723,skipped,0,0,"صفر أثرٍ قابلٍ للتوليد: لا سعر وحدةٍ لنوع المعدة في عقد العميل · لا سعر وحدةٍ لنوع المعدة في أي عقد موردٍ نشط"
46724,skipped,0,0,"صفر أثرٍ قابلٍ للتوليد: لا سعر وحدةٍ لنوع المعدة في عقد العميل · لا سعر وحدةٍ لنوع المعدة في أي عقد موردٍ نشط"
46725,skipped,0,0,"صفر أثرٍ قابلٍ للتوليد: لا سعر وحدةٍ لنوع المعدة في عقد العميل · لا سعر وحدةٍ لنوع المعدة في أي عقد موردٍ نشط"
46726,skipped,0,0,"صفر أثرٍ قابلٍ للتوليد: لا سعر وحدةٍ لنوع المعدة في عقد العميل · لا سعر وحدةٍ لنوع المعدة في أي عقد موردٍ نشط"
46727,skipped,0,0,"صفر أثرٍ قابلٍ للتوليد: لا سعر وحدةٍ لنوع المعدة في عقد العميل · لا سعر وحدةٍ لنوع المعدة في أي عقد موردٍ نشط"
46728,skipped,0,0,"صفر أثرٍ قابلٍ للتوليد: لا سعر وحدةٍ لنوع المعدة في عقد العميل · لا سعر وحدةٍ لنوع المعدة في أي عقد موردٍ نشط"
46729,skipped,0,0,"صفر أثرٍ قابلٍ للتوليد: لا سعر وحدةٍ لنوع المعدة في عقد العميل · لا سعر وحدةٍ لنوع المعدة في أي عقد موردٍ نشط"
46730,skipped,0,0,"صفر أثرٍ قابلٍ للتوليد: لا سعر وحدةٍ لنوع المعدة في عقد العميل · لا سعر وحدةٍ لنوع المعدة في أي عقد موردٍ نشط"
46731,skipped,0,0,"صفر أثرٍ قابلٍ للتوليد: لا سعر وحدةٍ لنوع المعدة في عقد العميل · لا سعر وحدةٍ لنوع المعدة في أي عقد موردٍ نشط"
46732,skipped,0,0,"صفر أثرٍ قابلٍ للتوليد: لا سعر وحدةٍ لنوع المعدة في عقد العميل · لا سعر وحدةٍ لنوع المعدة في أي عقد موردٍ نشط"
46733,skipped,0,0,"صفر أثرٍ قابلٍ للتوليد: لا سعر وحدةٍ لنوع المعدة في عقد العميل · لا سعر وحدةٍ لنوع المعدة في أي عقد موردٍ نشط"
46734,skipped,0,0,"صفر أثرٍ قابلٍ للتوليد: لا سعر وحدةٍ لنوع المعدة في عقد العميل · لا سعر وحدةٍ لنوع المعدة في أي عقد موردٍ نشط"
46735,skipped,0,0,"صفر أثرٍ قابلٍ للتوليد: لا سعر وحدةٍ لنوع المعدة في عقد العميل · لا سعر وحدةٍ لنوع المعدة في أي عقد موردٍ نشط"
46736,skipped,0,0,"صفر أثرٍ قابلٍ للتوليد: لا سعر وحدةٍ لنوع المعدة في عقد العميل · لا سعر وحدةٍ لنوع المعدة في أي عقد موردٍ نشط"
46737,skipped,0,0,"صفر أثرٍ قابلٍ للتوليد: لا سعر وحدةٍ لنوع المعدة في عقد العميل · لا سعر وحدةٍ لنوع المعدة في أي عقد موردٍ نشط"
46738,skipped,0,0,"صفر أثرٍ قابلٍ للتوليد: لا سعر وحدةٍ لنوع المعدة في عقد العميل · لا سعر وحدةٍ لنوع المعدة في أي عقد موردٍ نشط"
46739,skipped,0,0,"صفر أثرٍ قابلٍ للتوليد: لا سعر وحدةٍ لنوع المعدة في عقد العميل · لا سعر وحدةٍ لنوع المعدة في أي عقد موردٍ نشط"
46740,skipped,0,0,"صفر أثرٍ قابلٍ للتوليد: لا سعر وحدةٍ لنوع المعدة في عقد العميل · لا سعر وحدةٍ لنوع المعدة في أي عقد موردٍ نشط"
46741,skipped,0,0,"صفر أثرٍ قابلٍ للتوليد: لا سعر وحدةٍ لنوع المعدة في عقد العميل · لا سعر وحدةٍ لنوع المعدة في أي عقد موردٍ نشط"
46742,skipped,0,0,"صفر أثرٍ قابلٍ للتوليد: لا سعر وحدةٍ لنوع المعدة في عقد العميل · لا سعر وحدةٍ لنوع المعدة في أي عقد موردٍ نشط"
46743,skipped,0,0,"صفر أثرٍ قابلٍ للتوليد: لا سعر وحدةٍ لنوع المعدة في عقد العميل · لا سعر وحدةٍ لنوع المعدة في أي عقد موردٍ نشط"
46744,skipped,0,0,"صفر أثرٍ قابلٍ للتوليد: لا سعر وحدةٍ لنوع المعدة في عقد العميل · لا سعر وحدةٍ لنوع المعدة في أي عقد موردٍ نشط"
46745,skipped,0,0,"صفر أثرٍ قابلٍ للتوليد: لا سعر وحدةٍ لنوع المعدة في عقد العميل · لا سعر وحدةٍ لنوع المعدة في أي عقد موردٍ نشط"
46746,skipped,0,0,"صفر أثرٍ قابلٍ للتوليد: لا سعر وحدةٍ لنوع المعدة في عقد العميل · لا سعر وحدةٍ لنوع المعدة في أي عقد موردٍ نشط"
46747,skipped,0,0,"صفر أثرٍ قابلٍ للتوليد: لا سعر وحدةٍ لنوع المعدة في عقد العميل · لا سعر وحدةٍ لنوع المعدة في أي عقد موردٍ نشط"
46748,skipped,0,0,"صفر أثرٍ قابلٍ للتوليد: لا سعر وحدةٍ لنوع المعدة في عقد العميل · لا سعر وحدةٍ لنوع المعدة في أي عقد موردٍ نشط"
46749,skipped,0,0,"صفر أثرٍ قابلٍ للتوليد: لا سعر وحدةٍ لنوع المعدة في عقد العميل · لا سعر وحدةٍ لنوع المعدة في أي عقد موردٍ نشط"
46750,skipped,0,0,"صفر أثرٍ قابلٍ للتوليد: لا سعر وحدةٍ لنوع المعدة في عقد العميل · لا سعر وحدةٍ لنوع المعدة في أي عقد موردٍ نشط"
47070,skipped,0,0,"صفر أثرٍ قابلٍ للتوليد: لا سعر وحدةٍ لنوع المعدة في عقد العميل · لا سعر وحدةٍ لنوع المعدة في أي عقد موردٍ نشط"
47071,skipped,0,0,"صفر أثرٍ قابلٍ للتوليد: لا سعر وحدةٍ لنوع المعدة في عقد العميل · لا سعر وحدةٍ لنوع المعدة في أي عقد موردٍ نشط"
47072,skipped,0,0,"صفر أثرٍ قابلٍ للتوليد: لا سعر وحدةٍ لنوع المعدة في عقد العميل · لا سعر وحدةٍ لنوع المعدة في أي عقد موردٍ نشط"
47073,skipped,0,0,"صفر أثرٍ قابلٍ للتوليد: لا سعر وحدةٍ لنوع المعدة في عقد العميل · لا سعر وحدةٍ لنوع المعدة في أي عقد موردٍ نشط"
47074,skipped,0,0,"صفر أثرٍ قابلٍ للتوليد: لا سعر وحدةٍ لنوع المعدة في عقد العميل · لا سعر وحدةٍ لنوع المعدة في أي عقد موردٍ نشط"
47075,skipped,0,0,"صفر أثرٍ قابلٍ للتوليد: لا سعر وحدةٍ لنوع المعدة في عقد العميل · لا سعر وحدةٍ لنوع المعدة في أي عقد موردٍ نشط"
47076,skipped,0,0,"صفر أثرٍ قابلٍ للتوليد: لا سعر وحدةٍ لنوع المعدة في عقد العميل · لا سعر وحدةٍ لنوع المعدة في أي عقد موردٍ نشط"
47077,skipped,0,0,"صفر أثرٍ قابلٍ للتوليد: لا سعر وحدةٍ لنوع المعدة في عقد العميل · لا سعر وحدةٍ لنوع المعدة في أي عقد موردٍ نشط"
47078,skipped,0,0,"صفر أثرٍ قابلٍ للتوليد: لا سعر وحدةٍ لنوع المعدة في عقد العميل · لا سعر وحدةٍ لنوع المعدة في أي عقد موردٍ نشط"
47079,skipped,0,0,"صفر أثرٍ قابلٍ للتوليد: لا سعر وحدةٍ لنوع المعدة في عقد العميل · لا سعر وحدةٍ لنوع المعدة في أي عقد موردٍ نشط"
47080,skipped,0,0,"صفر أثرٍ قابلٍ للتوليد: لا سعر وحدةٍ لنوع المعدة في عقد العميل · لا سعر وحدةٍ لنوع المعدة في أي عقد موردٍ نشط"
47081,skipped,0,0,"صفر أثرٍ قابلٍ للتوليد: لا سعر وحدةٍ لنوع المعدة في عقد العميل · لا سعر وحدةٍ لنوع المعدة في أي عقد موردٍ نشط"
47082,skipped,0,0,"صفر أثرٍ قابلٍ للتوليد: لا سعر وحدةٍ لنوع المعدة في عقد العميل · لا سعر وحدةٍ لنوع المعدة في أي عقد موردٍ نشط"
47083,skipped,0,0,"صفر أثرٍ قابلٍ للتوليد: لا سعر وحدةٍ لنوع المعدة في عقد العميل · لا سعر وحدةٍ لنوع المعدة في أي عقد موردٍ نشط"
47084,skipped,0,0,"صفر أثرٍ قابلٍ للتوليد: لا سعر وحدةٍ لنوع المعدة في عقد العميل · لا سعر وحدةٍ لنوع المعدة في أي عقد موردٍ نشط"
47085,skipped,0,0,"صفر أثرٍ قابلٍ للتوليد: لا سعر وحدةٍ لنوع المعدة في عقد العميل · لا سعر وحدةٍ لنوع المعدة في أي عقد موردٍ نشط"
47086,skipped,0,0,"صفر أثرٍ قابلٍ للتوليد: لا سعر وحدةٍ لنوع المعدة في عقد العميل · لا سعر وحدةٍ لنوع المعدة في أي عقد موردٍ نشط"
47087,skipped,0,0,"صفر أثرٍ قابلٍ للتوليد: لا سعر وحدةٍ لنوع المعدة في عقد العميل · لا سعر وحدةٍ لنوع المعدة في أي عقد موردٍ نشط"
47088,skipped,0,0,"صفر أثرٍ قابلٍ للتوليد: لا سعر وحدةٍ لنوع المعدة في عقد العميل · لا سعر وحدةٍ لنوع المعدة في أي عقد موردٍ نشط"
47089,skipped,0,0,"صفر أثرٍ قابلٍ للتوليد: لا سعر وحدةٍ لنوع المعدة في عقد العميل · لا سعر وحدةٍ لنوع المعدة في أي عقد موردٍ نشط"
47090,skipped,0,0,"صفر أثرٍ قابلٍ للتوليد: لا سعر وحدةٍ لنوع المعدة في عقد العميل · لا سعر وحدةٍ لنوع المعدة في أي عقد موردٍ نشط"
47091,skipped,0,0,"صفر أثرٍ قابلٍ للتوليد: لا سعر وحدةٍ لنوع المعدة في عقد العميل · لا سعر وحدةٍ لنوع المعدة في أي عقد موردٍ نشط"
47092,skipped,0,0,"صفر أثرٍ قابلٍ للتوليد: لا سعر وحدةٍ لنوع المعدة في عقد العميل · لا سعر وحدةٍ لنوع المعدة في أي عقد موردٍ نشط"
47093,skipped,0,0,"صفر أثرٍ قابلٍ للتوليد: لا سعر وحدةٍ لنوع المعدة في عقد العميل · لا سعر وحدةٍ لنوع المعدة في أي عقد موردٍ نشط"
47094,skipped,0,0,"صفر أثرٍ قابلٍ للتوليد: لا سعر وحدةٍ لنوع المعدة في عقد العميل · لا سعر وحدةٍ لنوع المعدة في أي عقد موردٍ نشط"
47095,skipped,0,0,"صفر أثرٍ قابلٍ للتوليد: لا سعر وحدةٍ لنوع المعدة في عقد العميل · لا سعر وحدةٍ لنوع المعدة في أي عقد موردٍ نشط"
47096,skipped,0,0,"صفر أثرٍ قابلٍ للتوليد: لا سعر وحدةٍ لنوع المعدة في عقد العميل · لا سعر وحدةٍ لنوع المعدة في أي عقد موردٍ نشط"
47097,skipped,0,0,"صفر أثرٍ قابلٍ للتوليد: لا سعر وحدةٍ لنوع المعدة في عقد العميل · لا سعر وحدةٍ لنوع المعدة في أي عقد موردٍ نشط"
47098,skipped,0,0,"صفر أثرٍ قابلٍ للتوليد: لا سعر وحدةٍ لنوع المعدة في عقد العميل · لا سعر وحدةٍ لنوع المعدة في أي عقد موردٍ نشط"
47099,skipped,0,0,"صفر أثرٍ قابلٍ للتوليد: لا سعر وحدةٍ لنوع المعدة في عقد العميل · لا سعر وحدةٍ لنوع المعدة في أي عقد موردٍ نشط"
47100,skipped,0,0,"صفر أثرٍ قابلٍ للتوليد: لا سعر وحدةٍ لنوع المعدة في عقد العميل · لا سعر وحدةٍ لنوع المعدة في أي عقد موردٍ نشط"
47101,skipped,0,0,"صفر أثرٍ قابلٍ للتوليد: لا سعر وحدةٍ لنوع المعدة في عقد العميل · لا سعر وحدةٍ لنوع المعدة في أي عقد موردٍ نشط"
47102,skipped,0,0,"صفر أثرٍ قابلٍ للتوليد: لا سعر وحدةٍ لنوع المعدة في عقد العميل · لا سعر وحدةٍ لنوع المعدة في أي عقد موردٍ نشط"
47103,skipped,0,0,"صفر أثرٍ قابلٍ للتوليد: لا سعر وحدةٍ لنوع المعدة في عقد العميل · لا سعر وحدةٍ لنوع المعدة في أي عقد موردٍ نشط"
47104,skipped,0,0,"صفر أثرٍ قابلٍ للتوليد: لا سعر وحدةٍ لنوع المعدة في عقد العميل · لا سعر وحدةٍ لنوع المعدة في أي عقد موردٍ نشط"
47105,skipped,0,0,"صفر أثرٍ قابلٍ للتوليد: لا سعر وحدةٍ لنوع المعدة في عقد العميل · لا سعر وحدةٍ لنوع المعدة في أي عقد موردٍ نشط"
47106,skipped,0,0,"صفر أثرٍ قابلٍ للتوليد: لا سعر وحدةٍ لنوع المعدة في عقد العميل · لا سعر وحدةٍ لنوع المعدة في أي عقد موردٍ نشط"
47107,skipped,0,0,"صفر أثرٍ قابلٍ للتوليد: لا سعر وحدةٍ لنوع المعدة في عقد العميل · لا سعر وحدةٍ لنوع المعدة في أي عقد موردٍ نشط"
47108,skipped,0,0,"صفر أثرٍ قابلٍ للتوليد: لا سعر وحدةٍ لنوع المعدة في عقد العميل · لا سعر وحدةٍ لنوع المعدة في أي عقد موردٍ نشط"
47109,skipped,0,0,"صفر أثرٍ قابلٍ للتوليد: لا سعر وحدةٍ لنوع المعدة في عقد العميل · لا سعر وحدةٍ لنوع المعدة في أي عقد موردٍ نشط"
47110,skipped,0,0,"صفر أثرٍ قابلٍ للتوليد: لا سعر وحدةٍ لنوع المعدة في عقد العميل · لا سعر وحدةٍ لنوع المعدة في أي عقد موردٍ نشط"
47111,skipped,0,0,"صفر أثرٍ قابلٍ للتوليد: لا سعر وحدةٍ لنوع المعدة في عقد العميل · لا سعر وحدةٍ لنوع المعدة في أي عقد موردٍ نشط"
47112,skipped,0,0,"صفر أثرٍ قابلٍ للتوليد: لا سعر وحدةٍ لنوع المعدة في عقد العميل · لا سعر وحدةٍ لنوع المعدة في أي عقد موردٍ نشط"
47113,skipped,0,0,"صفر أثرٍ قابلٍ للتوليد: لا سعر وحدةٍ لنوع المعدة في عقد العميل · لا سعر وحدةٍ لنوع المعدة في أي عقد موردٍ نشط"
47114,skipped,0,0,"صفر أثرٍ قابلٍ للتوليد: لا سعر وحدةٍ لنوع المعدة في عقد العميل · لا سعر وحدةٍ لنوع المعدة في أي عقد موردٍ نشط"
47115,skipped,0,0,"صفر أثرٍ قابلٍ للتوليد: لا سعر وحدةٍ لنوع المعدة في عقد العميل · لا سعر وحدةٍ لنوع المعدة في أي عقد موردٍ نشط"
47116,skipped,0,0,"صفر أثرٍ قابلٍ للتوليد: لا سعر وحدةٍ لنوع المعدة في عقد العميل · لا سعر وحدةٍ لنوع المعدة في أي عقد موردٍ نشط"
47117,skipped,0,0,"صفر أثرٍ قابلٍ للتوليد: لا سعر وحدةٍ لنوع المعدة في عقد العميل · لا سعر وحدةٍ لنوع المعدة في أي عقد موردٍ نشط"
47118,skipped,0,0,"صفر أثرٍ قابلٍ للتوليد: لا سعر وحدةٍ لنوع المعدة في عقد العميل · لا سعر وحدةٍ لنوع المعدة في أي عقد موردٍ نشط"
47119,skipped,0,0,"صفر أثرٍ قابلٍ للتوليد: لا سعر وحدةٍ لنوع المعدة في عقد العميل · لا سعر وحدةٍ لنوع المعدة في أي عقد موردٍ نشط"
47120,skipped,0,0,"صفر أثرٍ قابلٍ للتوليد: لا سعر وحدةٍ لنوع المعدة في عقد العميل · لا سعر وحدةٍ لنوع المعدة في أي عقد موردٍ نشط"
47121,skipped,0,0,"صفر أثرٍ قابلٍ للتوليد: لا سعر وحدةٍ لنوع المعدة في عقد العميل · لا سعر وحدةٍ لنوع المعدة في أي عقد موردٍ نشط"
47122,skipped,0,0,"صفر أثرٍ قابلٍ للتوليد: لا سعر وحدةٍ لنوع المعدة في عقد العميل · لا سعر وحدةٍ لنوع المعدة في أي عقد موردٍ نشط"
47123,skipped,0,0,"صفر أثرٍ قابلٍ للتوليد: لا سعر وحدةٍ لنوع المعدة في عقد العميل · لا سعر وحدةٍ لنوع المعدة في أي عقد موردٍ نشط"
47718,skipped,0,0,"صفر أثرٍ قابلٍ للتوليد: لا سعر وحدةٍ لنوع المعدة في عقد العميل · لا سعر وحدةٍ لنوع المعدة في أي عقد موردٍ نشط"
47719,skipped,0,0,"صفر أثرٍ قابلٍ للتوليد: لا سعر وحدةٍ لنوع المعدة في عقد العميل · لا سعر وحدةٍ لنوع المعدة في أي عقد موردٍ نشط"
47720,skipped,0,0,"صفر أثرٍ قابلٍ للتوليد: لا سعر وحدةٍ لنوع المعدة في عقد العميل · لا سعر وحدةٍ لنوع المعدة في أي عقد موردٍ نشط"
47721,skipped,0,0,"صفر أثرٍ قابلٍ للتوليد: لا سعر وحدةٍ لنوع المعدة في عقد العميل · لا سعر وحدةٍ لنوع المعدة في أي عقد موردٍ نشط"
47722,skipped,0,0,"صفر أثرٍ قابلٍ للتوليد: لا سعر وحدةٍ لنوع المعدة في عقد العميل · لا سعر وحدةٍ لنوع المعدة في أي عقد موردٍ نشط"
47723,skipped,0,0,"صفر أثرٍ قابلٍ للتوليد: لا سعر وحدةٍ لنوع المعدة في عقد العميل · لا سعر وحدةٍ لنوع المعدة في أي عقد موردٍ نشط"
47724,skipped,0,0,"صفر أثرٍ قابلٍ للتوليد: لا سعر وحدةٍ لنوع المعدة في عقد العميل · لا سعر وحدةٍ لنوع المعدة في أي عقد موردٍ نشط"
47725,skipped,0,0,"صفر أثرٍ قابلٍ للتوليد: لا سعر وحدةٍ لنوع المعدة في عقد العميل · لا سعر وحدةٍ لنوع المعدة في أي عقد موردٍ نشط"
47726,skipped,0,0,"صفر أثرٍ قابلٍ للتوليد: لا سعر وحدةٍ لنوع المعدة في عقد العميل · لا سعر وحدةٍ لنوع المعدة في أي عقد موردٍ نشط"
47727,skipped,0,0,"صفر أثرٍ قابلٍ للتوليد: لا سعر وحدةٍ لنوع المعدة في عقد العميل · لا سعر وحدةٍ لنوع المعدة في أي عقد موردٍ نشط"
47728,skipped,0,0,"صفر أثرٍ قابلٍ للتوليد: لا سعر وحدةٍ لنوع المعدة في عقد العميل · لا سعر وحدةٍ لنوع المعدة في أي عقد موردٍ نشط"
47729,skipped,0,0,"صفر أثرٍ قابلٍ للتوليد: لا سعر وحدةٍ لنوع المعدة في عقد العميل · لا سعر وحدةٍ لنوع المعدة في أي عقد موردٍ نشط"
47730,skipped,0,0,"صفر أثرٍ قابلٍ للتوليد: لا سعر وحدةٍ لنوع المعدة في عقد العميل · لا سعر وحدةٍ لنوع المعدة في أي عقد موردٍ نشط"
47731,skipped,0,0,"صفر أثرٍ قابلٍ للتوليد: لا سعر وحدةٍ لنوع المعدة في عقد العميل · لا سعر وحدةٍ لنوع المعدة في أي عقد موردٍ نشط"
47732,skipped,0,0,"صفر أثرٍ قابلٍ للتوليد: لا سعر وحدةٍ لنوع المعدة في عقد العميل · لا سعر وحدةٍ لنوع المعدة في أي عقد موردٍ نشط"
47733,skipped,0,0,"صفر أثرٍ قابلٍ للتوليد: لا سعر وحدةٍ لنوع المعدة في عقد العميل · لا سعر وحدةٍ لنوع المعدة في أي عقد موردٍ نشط"
47734,skipped,0,0,"صفر أثرٍ قابلٍ للتوليد: لا سعر وحدةٍ لنوع المعدة في عقد العميل · لا سعر وحدةٍ لنوع المعدة في أي عقد موردٍ نشط"
47735,skipped,0,0,"صفر أثرٍ قابلٍ للتوليد: لا سعر وحدةٍ لنوع المعدة في عقد العميل · لا سعر وحدةٍ لنوع المعدة في أي عقد موردٍ نشط"
47736,skipped,0,0,"صفر أثرٍ قابلٍ للتوليد: لا سعر وحدةٍ لنوع المعدة في عقد العميل · لا سعر وحدةٍ لنوع المعدة في أي عقد موردٍ نشط"
47737,skipped,0,0,"صفر أثرٍ قابلٍ للتوليد: لا سعر وحدةٍ لنوع المعدة في عقد العميل · لا سعر وحدةٍ لنوع المعدة في أي عقد موردٍ نشط"
47738,skipped,0,0,"صفر أثرٍ قابلٍ للتوليد: لا سعر وحدةٍ لنوع المعدة في عقد العميل · لا سعر وحدةٍ لنوع المعدة في أي عقد موردٍ نشط"
47739,skipped,0,0,"صفر أثرٍ قابلٍ للتوليد: لا سعر وحدةٍ لنوع المعدة في عقد العميل · لا سعر وحدةٍ لنوع المعدة في أي عقد موردٍ نشط"
47740,skipped,0,0,"صفر أثرٍ قابلٍ للتوليد: لا سعر وحدةٍ لنوع المعدة في عقد العميل · لا سعر وحدةٍ لنوع المعدة في أي عقد موردٍ نشط"
47741,skipped,0,0,"صفر أثرٍ قابلٍ للتوليد: لا سعر وحدةٍ لنوع المعدة في عقد العميل · لا سعر وحدةٍ لنوع المعدة في أي عقد موردٍ نشط"
47742,skipped,0,0,"صفر أثرٍ قابلٍ للتوليد: لا سعر وحدةٍ لنوع المعدة في عقد العميل · لا سعر وحدةٍ لنوع المعدة في أي عقد موردٍ نشط"
47743,skipped,0,0,"صفر أثرٍ قابلٍ للتوليد: لا سعر وحدةٍ لنوع المعدة في عقد العميل · لا سعر وحدةٍ لنوع المعدة في أي عقد موردٍ نشط"
47744,skipped,0,0,"صفر أثرٍ قابلٍ للتوليد: لا سعر وحدةٍ لنوع المعدة في عقد العميل · لا سعر وحدةٍ لنوع المعدة في أي عقد موردٍ نشط"
47745,skipped,0,0,"صفر أثرٍ قابلٍ للتوليد: لا سعر وحدةٍ لنوع المعدة في عقد العميل · لا سعر وحدةٍ لنوع المعدة في أي عقد موردٍ نشط"
47746,skipped,0,0,"صفر أثرٍ قابلٍ للتوليد: لا سعر وحدةٍ لنوع المعدة في عقد العميل · لا سعر وحدةٍ لنوع المعدة في أي عقد موردٍ نشط"
47747,skipped,0,0,"صفر أثرٍ قابلٍ للتوليد: لا سعر وحدةٍ لنوع المعدة في عقد العميل · لا سعر وحدةٍ لنوع المعدة في أي عقد موردٍ نشط"
47748,skipped,0,0,"صفر أثرٍ قابلٍ للتوليد: لا سعر وحدةٍ لنوع المعدة في عقد العميل · لا سعر وحدةٍ لنوع المعدة في أي عقد موردٍ نشط"
47749,skipped,0,0,"صفر أثرٍ قابلٍ للتوليد: لا سعر وحدةٍ لنوع المعدة في عقد العميل · لا سعر وحدةٍ لنوع المعدة في أي عقد موردٍ نشط"
47750,skipped,0,0,"صفر أثرٍ قابلٍ للتوليد: لا سعر وحدةٍ لنوع المعدة في عقد العميل · لا سعر وحدةٍ لنوع المعدة في أي عقد موردٍ نشط"
47751,skipped,0,0,"صفر أثرٍ قابلٍ للتوليد: لا سعر وحدةٍ لنوع المعدة في عقد العميل · لا سعر وحدةٍ لنوع المعدة في أي عقد موردٍ نشط"
47752,skipped,0,0,"صفر أثرٍ قابلٍ للتوليد: لا سعر وحدةٍ لنوع المعدة في عقد العميل · لا سعر وحدةٍ لنوع المعدة في أي عقد موردٍ نشط"
47753,skipped,0,0,"صفر أثرٍ قابلٍ للتوليد: لا سعر وحدةٍ لنوع المعدة في عقد العميل · لا سعر وحدةٍ لنوع المعدة في أي عقد موردٍ نشط"
47754,skipped,0,0,"صفر أثرٍ قابلٍ للتوليد: لا سعر وحدةٍ لنوع المعدة في عقد العميل · لا سعر وحدةٍ لنوع المعدة في أي عقد موردٍ نشط"
47755,skipped,0,0,"صفر أثرٍ قابلٍ للتوليد: لا سعر وحدةٍ لنوع المعدة في عقد العميل · لا سعر وحدةٍ لنوع المعدة في أي عقد موردٍ نشط"
47756,skipped,0,0,"صفر أثرٍ قابلٍ للتوليد: لا سعر وحدةٍ لنوع المعدة في عقد العميل · لا سعر وحدةٍ لنوع المعدة في أي عقد موردٍ نشط"
47757,skipped,0,0,"صفر أثرٍ قابلٍ للتوليد: لا سعر وحدةٍ لنوع المعدة في عقد العميل · لا سعر وحدةٍ لنوع المعدة في أي عقد موردٍ نشط"
47758,skipped,0,0,"صفر أثرٍ قابلٍ للتوليد: لا سعر وحدةٍ لنوع المعدة في عقد العميل · لا سعر وحدةٍ لنوع المعدة في أي عقد موردٍ نشط"
47759,skipped,0,0,"صفر أثرٍ قابلٍ للتوليد: لا سعر وحدةٍ لنوع المعدة في عقد العميل · لا سعر وحدةٍ لنوع المعدة في أي عقد موردٍ نشط"
47760,skipped,0,0,"صفر أثرٍ قابلٍ للتوليد: لا سعر وحدةٍ لنوع المعدة في عقد العميل · لا سعر وحدةٍ لنوع المعدة في أي عقد موردٍ نشط"
47761,skipped,0,0,"صفر أثرٍ قابلٍ للتوليد: لا سعر وحدةٍ لنوع المعدة في عقد العميل · لا سعر وحدةٍ لنوع المعدة في أي عقد موردٍ نشط"
47762,skipped,0,0,"صفر أثرٍ قابلٍ للتوليد: لا سعر وحدةٍ لنوع المعدة في عقد العميل · لا سعر وحدةٍ لنوع المعدة في أي عقد موردٍ نشط"
47763,skipped,0,0,"صفر أثرٍ قابلٍ للتوليد: لا سعر وحدةٍ لنوع المعدة في عقد العميل · لا سعر وحدةٍ لنوع المعدة في أي عقد موردٍ نشط"
47764,skipped,0,0,"صفر أثرٍ قابلٍ للتوليد: لا سعر وحدةٍ لنوع المعدة في عقد العميل · لا سعر وحدةٍ لنوع المعدة في أي عقد موردٍ نشط"
47765,skipped,0,0,"صفر أثرٍ قابلٍ للتوليد: لا سعر وحدةٍ لنوع المعدة في عقد العميل · لا سعر وحدةٍ لنوع المعدة في أي عقد موردٍ نشط"
47766,skipped,0,0,"صفر أثرٍ قابلٍ للتوليد: لا سعر وحدةٍ لنوع المعدة في عقد العميل · لا سعر وحدةٍ لنوع المعدة في أي عقد موردٍ نشط"
47767,skipped,0,0,"صفر أثرٍ قابلٍ للتوليد: لا سعر وحدةٍ لنوع المعدة في عقد العميل · لا سعر وحدةٍ لنوع المعدة في أي عقد موردٍ نشط"
47768,skipped,0,0,"صفر أثرٍ قابلٍ للتوليد: لا سعر وحدةٍ لنوع المعدة في عقد العميل · لا سعر وحدةٍ لنوع المعدة في أي عقد موردٍ نشط"
47769,skipped,0,0,"صفر أثرٍ قابلٍ للتوليد: لا سعر وحدةٍ لنوع المعدة في عقد العميل · لا سعر وحدةٍ لنوع المعدة في أي عقد موردٍ نشط"
47770,skipped,0,0,"صفر أثرٍ قابلٍ للتوليد: لا سعر وحدةٍ لنوع المعدة في عقد العميل · لا سعر وحدةٍ لنوع المعدة في أي عقد موردٍ نشط"
47771,skipped,0,0,"صفر أثرٍ قابلٍ للتوليد: لا سعر وحدةٍ لنوع المعدة في عقد العميل · لا سعر وحدةٍ لنوع المعدة في أي عقد موردٍ نشط"
47772,skipped,0,0,"صفر أثرٍ قابلٍ للتوليد: لا سعر وحدةٍ لنوع المعدة في عقد العميل · لا سعر وحدةٍ لنوع المعدة في أي عقد موردٍ نشط"
47773,skipped,0,0,"صفر أثرٍ قابلٍ للتوليد: لا سعر وحدةٍ لنوع المعدة في عقد العميل · لا سعر وحدةٍ لنوع المعدة في أي عقد موردٍ نشط"
47774,skipped,0,0,"صفر أثرٍ قابلٍ للتوليد: لا سعر وحدةٍ لنوع المعدة في عقد العميل · لا سعر وحدةٍ لنوع المعدة في أي عقد موردٍ نشط"
47775,skipped,0,0,"صفر أثرٍ قابلٍ للتوليد: لا سعر وحدةٍ لنوع المعدة في عقد العميل · لا سعر وحدةٍ لنوع المعدة في أي عقد موردٍ نشط"
47776,skipped,0,0,"صفر أثرٍ قابلٍ للتوليد: لا سعر وحدةٍ لنوع المعدة في عقد العميل · لا سعر وحدةٍ لنوع المعدة في أي عقد موردٍ نشط"
47777,skipped,0,0,"صفر أثرٍ قابلٍ للتوليد: لا سعر وحدةٍ لنوع المعدة في عقد العميل · لا سعر وحدةٍ لنوع المعدة في أي عقد موردٍ نشط"
47778,skipped,0,0,"صفر أثرٍ قابلٍ للتوليد: لا سعر وحدةٍ لنوع المعدة في عقد العميل · لا سعر وحدةٍ لنوع المعدة في أي عقد موردٍ نشط"
48354,skipped,0,0,"صفر أثرٍ قابلٍ للتوليد: لا سعر وحدةٍ لنوع المعدة في عقد العميل · لا سعر وحدةٍ لنوع المعدة في أي عقد موردٍ نشط"
48355,skipped,0,0,"صفر أثرٍ قابلٍ للتوليد: لا سعر وحدةٍ لنوع المعدة في عقد العميل · لا سعر وحدةٍ لنوع المعدة في أي عقد موردٍ نشط"
48356,skipped,0,0,"صفر أثرٍ قابلٍ للتوليد: لا سعر وحدةٍ لنوع المعدة في عقد العميل · لا سعر وحدةٍ لنوع المعدة في أي عقد موردٍ نشط"
48357,skipped,0,0,"صفر أثرٍ قابلٍ للتوليد: لا سعر وحدةٍ لنوع المعدة في عقد العميل · لا سعر وحدةٍ لنوع المعدة في أي عقد موردٍ نشط"
48358,skipped,0,0,"صفر أثرٍ قابلٍ للتوليد: لا سعر وحدةٍ لنوع المعدة في عقد العميل · لا سعر وحدةٍ لنوع المعدة في أي عقد موردٍ نشط"
48359,skipped,0,0,"صفر أثرٍ قابلٍ للتوليد: لا سعر وحدةٍ لنوع المعدة في عقد العميل · لا سعر وحدةٍ لنوع المعدة في أي عقد موردٍ نشط"
48360,skipped,0,0,"صفر أثرٍ قابلٍ للتوليد: لا سعر وحدةٍ لنوع المعدة في عقد العميل · لا سعر وحدةٍ لنوع المعدة في أي عقد موردٍ نشط"
48361,skipped,0,0,"صفر أثرٍ قابلٍ للتوليد: لا سعر وحدةٍ لنوع المعدة في عقد العميل · لا سعر وحدةٍ لنوع المعدة في أي عقد موردٍ نشط"
48362,skipped,0,0,"صفر أثرٍ قابلٍ للتوليد: لا سعر وحدةٍ لنوع المعدة في عقد العميل · لا سعر وحدةٍ لنوع المعدة في أي عقد موردٍ نشط"
48363,skipped,0,0,"صفر أثرٍ قابلٍ للتوليد: لا سعر وحدةٍ لنوع المعدة في عقد العميل · لا سعر وحدةٍ لنوع المعدة في أي عقد موردٍ نشط"
48364,skipped,0,0,"صفر أثرٍ قابلٍ للتوليد: لا سعر وحدةٍ لنوع المعدة في عقد العميل · لا سعر وحدةٍ لنوع المعدة في أي عقد موردٍ نشط"
48365,skipped,0,0,"صفر أثرٍ قابلٍ للتوليد: لا سعر وحدةٍ لنوع المعدة في عقد العميل · لا سعر وحدةٍ لنوع المعدة في أي عقد موردٍ نشط"
48366,skipped,0,0,"صفر أثرٍ قابلٍ للتوليد: لا سعر وحدةٍ لنوع المعدة في عقد العميل · لا سعر وحدةٍ لنوع المعدة في أي عقد موردٍ نشط"
48367,skipped,0,0,"صفر أثرٍ قابلٍ للتوليد: لا سعر وحدةٍ لنوع المعدة في عقد العميل · لا سعر وحدةٍ لنوع المعدة في أي عقد موردٍ نشط"
48368,skipped,0,0,"صفر أثرٍ قابلٍ للتوليد: لا سعر وحدةٍ لنوع المعدة في عقد العميل · لا سعر وحدةٍ لنوع المعدة في أي عقد موردٍ نشط"
48369,skipped,0,0,"صفر أثرٍ قابلٍ للتوليد: لا سعر وحدةٍ لنوع المعدة في عقد العميل · لا سعر وحدةٍ لنوع المعدة في أي عقد موردٍ نشط"
48370,skipped,0,0,"صفر أثرٍ قابلٍ للتوليد: لا سعر وحدةٍ لنوع المعدة في عقد العميل · لا سعر وحدةٍ لنوع المعدة في أي عقد موردٍ نشط"
48371,skipped,0,0,"صفر أثرٍ قابلٍ للتوليد: لا سعر وحدةٍ لنوع المعدة في عقد العميل · لا سعر وحدةٍ لنوع المعدة في أي عقد موردٍ نشط"
48372,skipped,0,0,"صفر أثرٍ قابلٍ للتوليد: لا سعر وحدةٍ لنوع المعدة في عقد العميل · لا سعر وحدةٍ لنوع المعدة في أي عقد موردٍ نشط"
48373,skipped,0,0,"صفر أثرٍ قابلٍ للتوليد: لا سعر وحدةٍ لنوع المعدة في عقد العميل · لا سعر وحدةٍ لنوع المعدة في أي عقد موردٍ نشط"
48374,skipped,0,0,"صفر أثرٍ قابلٍ للتوليد: لا سعر وحدةٍ لنوع المعدة في عقد العميل · لا سعر وحدةٍ لنوع المعدة في أي عقد موردٍ نشط"
48375,skipped,0,0,"صفر أثرٍ قابلٍ للتوليد: لا سعر وحدةٍ لنوع المعدة في عقد العميل · لا سعر وحدةٍ لنوع المعدة في أي عقد موردٍ نشط"
48376,skipped,0,0,"صفر أثرٍ قابلٍ للتوليد: لا سعر وحدةٍ لنوع المعدة في عقد العميل · لا سعر وحدةٍ لنوع المعدة في أي عقد موردٍ نشط"
48377,skipped,0,0,"صفر أثرٍ قابلٍ للتوليد: لا سعر وحدةٍ لنوع المعدة في عقد العميل · لا سعر وحدةٍ لنوع المعدة في أي عقد موردٍ نشط"
48378,skipped,0,0,"صفر أثرٍ قابلٍ للتوليد: لا سعر وحدةٍ لنوع المعدة في عقد العميل · لا سعر وحدةٍ لنوع المعدة في أي عقد موردٍ نشط"
48379,skipped,0,0,"صفر أثرٍ قابلٍ للتوليد: لا سعر وحدةٍ لنوع المعدة في عقد العميل · لا سعر وحدةٍ لنوع المعدة في أي عقد موردٍ نشط"
48380,skipped,0,0,"صفر أثرٍ قابلٍ للتوليد: لا سعر وحدةٍ لنوع المعدة في عقد العميل · لا سعر وحدةٍ لنوع المعدة في أي عقد موردٍ نشط"
48381,skipped,0,0,"صفر أثرٍ قابلٍ للتوليد: لا سعر وحدةٍ لنوع المعدة في عقد العميل · لا سعر وحدةٍ لنوع المعدة في أي عقد موردٍ نشط"
48382,skipped,0,0,"صفر أثرٍ قابلٍ للتوليد: لا سعر وحدةٍ لنوع المعدة في عقد العميل · لا سعر وحدةٍ لنوع المعدة في أي عقد موردٍ نشط"
48383,skipped,0,0,"صفر أثرٍ قابلٍ للتوليد: لا سعر وحدةٍ لنوع المعدة في عقد العميل · لا سعر وحدةٍ لنوع المعدة في أي عقد موردٍ نشط"
48384,skipped,0,0,"صفر أثرٍ قابلٍ للتوليد: لا سعر وحدةٍ لنوع المعدة في عقد العميل · لا سعر وحدةٍ لنوع المعدة في أي عقد موردٍ نشط"
48385,skipped,0,0,"صفر أثرٍ قابلٍ للتوليد: لا سعر وحدةٍ لنوع المعدة في عقد العميل · لا سعر وحدةٍ لنوع المعدة في أي عقد موردٍ نشط"
48386,skipped,0,0,"صفر أثرٍ قابلٍ للتوليد: لا سعر وحدةٍ لنوع المعدة في عقد العميل · لا سعر وحدةٍ لنوع المعدة في أي عقد موردٍ نشط"
48387,skipped,0,0,"صفر أثرٍ قابلٍ للتوليد: لا سعر وحدةٍ لنوع المعدة في عقد العميل · لا سعر وحدةٍ لنوع المعدة في أي عقد موردٍ نشط"
48388,skipped,0,0,"صفر أثرٍ قابلٍ للتوليد: لا سعر وحدةٍ لنوع المعدة في عقد العميل · لا سعر وحدةٍ لنوع المعدة في أي عقد موردٍ نشط"
48389,skipped,0,0,"صفر أثرٍ قابلٍ للتوليد: لا سعر وحدةٍ لنوع المعدة في عقد العميل · لا سعر وحدةٍ لنوع المعدة في أي عقد موردٍ نشط"
48390,skipped,0,0,"صفر أثرٍ قابلٍ للتوليد: لا سعر وحدةٍ لنوع المعدة في عقد العميل · لا سعر وحدةٍ لنوع المعدة في أي عقد موردٍ نشط"
48391,skipped,0,0,"صفر أثرٍ قابلٍ للتوليد: لا سعر وحدةٍ لنوع المعدة في عقد العميل · لا سعر وحدةٍ لنوع المعدة في أي عقد موردٍ نشط"
48392,skipped,0,0,"صفر أثرٍ قابلٍ للتوليد: لا سعر وحدةٍ لنوع المعدة في عقد العميل · لا سعر وحدةٍ لنوع المعدة في أي عقد موردٍ نشط"
48393,skipped,0,0,"صفر أثرٍ قابلٍ للتوليد: لا سعر وحدةٍ لنوع المعدة في عقد العميل · لا سعر وحدةٍ لنوع المعدة في أي عقد موردٍ نشط"
48394,skipped,0,0,"صفر أثرٍ قابلٍ للتوليد: لا سعر وحدةٍ لنوع المعدة في عقد العميل · لا سعر وحدةٍ لنوع المعدة في أي عقد موردٍ نشط"
48395,skipped,0,0,"صفر أثرٍ قابلٍ للتوليد: لا سعر وحدةٍ لنوع المعدة في عقد العميل · لا سعر وحدةٍ لنوع المعدة في أي عقد موردٍ نشط"
48396,skipped,0,0,"صفر أثرٍ قابلٍ للتوليد: لا سعر وحدةٍ لنوع المعدة في عقد العميل · لا سعر وحدةٍ لنوع المعدة في أي عقد موردٍ نشط"
48397,skipped,0,0,"صفر أثرٍ قابلٍ للتوليد: لا سعر وحدةٍ لنوع المعدة في عقد العميل · لا سعر وحدةٍ لنوع المعدة في أي عقد موردٍ نشط"
48398,skipped,0,0,"صفر أثرٍ قابلٍ للتوليد: لا سعر وحدةٍ لنوع المعدة في عقد العميل · لا سعر وحدةٍ لنوع المعدة في أي عقد موردٍ نشط"
48399,skipped,0,0,"صفر أثرٍ قابلٍ للتوليد: لا سعر وحدةٍ لنوع المعدة في عقد العميل · لا سعر وحدةٍ لنوع المعدة في أي عقد موردٍ نشط"
48400,skipped,0,0,"صفر أثرٍ قابلٍ للتوليد: لا سعر وحدةٍ لنوع المعدة في عقد العميل · لا سعر وحدةٍ لنوع المعدة في أي عقد موردٍ نشط"
48401,skipped,0,0,"صفر أثرٍ قابلٍ للتوليد: لا سعر وحدةٍ لنوع المعدة في عقد العميل · لا سعر وحدةٍ لنوع المعدة في أي عقد موردٍ نشط"
48402,skipped,0,0,"صفر أثرٍ قابلٍ للتوليد: لا سعر وحدةٍ لنوع المعدة في عقد العميل · لا سعر وحدةٍ لنوع المعدة في أي عقد موردٍ نشط"
48403,skipped,0,0,"صفر أثرٍ قابلٍ للتوليد: لا سعر وحدةٍ لنوع المعدة في عقد العميل · لا سعر وحدةٍ لنوع المعدة في أي عقد موردٍ نشط"
48404,skipped,0,0,"صفر أثرٍ قابلٍ للتوليد: لا سعر وحدةٍ لنوع المعدة في عقد العميل · لا سعر وحدةٍ لنوع المعدة في أي عقد موردٍ نشط"
48405,skipped,0,0,"صفر أثرٍ قابلٍ للتوليد: لا سعر وحدةٍ لنوع المعدة في عقد العميل · لا سعر وحدةٍ لنوع المعدة في أي عقد موردٍ نشط"
48406,skipped,0,0,"صفر أثرٍ قابلٍ للتوليد: لا سعر وحدةٍ لنوع المعدة في عقد العميل · لا سعر وحدةٍ لنوع المعدة في أي عقد موردٍ نشط"
48407,skipped,0,0,"صفر أثرٍ قابلٍ للتوليد: لا سعر وحدةٍ لنوع المعدة في عقد العميل · لا سعر وحدةٍ لنوع المعدة في أي عقد موردٍ نشط"
48408,skipped,0,0,"صفر أثرٍ قابلٍ للتوليد: لا سعر وحدةٍ لنوع المعدة في عقد العميل · لا سعر وحدةٍ لنوع المعدة في أي عقد موردٍ نشط"
48409,skipped,0,0,"صفر أثرٍ قابلٍ للتوليد: لا سعر وحدةٍ لنوع المعدة في عقد العميل · لا سعر وحدةٍ لنوع المعدة في أي عقد موردٍ نشط"
48410,skipped,0,0,"صفر أثرٍ قابلٍ للتوليد: لا سعر وحدةٍ لنوع المعدة في عقد العميل · لا سعر وحدةٍ لنوع المعدة في أي عقد موردٍ نشط"
48411,skipped,0,0,"صفر أثرٍ قابلٍ للتوليد: لا سعر وحدةٍ لنوع المعدة في عقد العميل · لا سعر وحدةٍ لنوع المعدة في أي عقد موردٍ نشط"
48412,skipped,0,0,"صفر أثرٍ قابلٍ للتوليد: لا سعر وحدةٍ لنوع المعدة في عقد العميل · لا سعر وحدةٍ لنوع المعدة في أي عقد موردٍ نشط"
48413,skipped,0,0,"صفر أثرٍ قابلٍ للتوليد: لا سعر وحدةٍ لنوع المعدة في عقد العميل · لا سعر وحدةٍ لنوع المعدة في أي عقد موردٍ نشط"
48414,skipped,0,0,"صفر أثرٍ قابلٍ للتوليد: لا سعر وحدةٍ لنوع المعدة في عقد العميل · لا سعر وحدةٍ لنوع المعدة في أي عقد موردٍ نشط"
48583,skipped,0,0,"صفر أثرٍ قابلٍ للتوليد: لا سعر وحدةٍ لنوع المعدة في عقد العميل · لا سعر وحدةٍ لنوع المعدة في أي عقد موردٍ نشط"
48584,skipped,0,0,"صفر أثرٍ قابلٍ للتوليد: لا سعر وحدةٍ لنوع المعدة في عقد العميل · لا سعر وحدةٍ لنوع المعدة في أي عقد موردٍ نشط"
48585,skipped,0,0,"صفر أثرٍ قابلٍ للتوليد: لا سعر وحدةٍ لنوع المعدة في عقد العميل · لا سعر وحدةٍ لنوع المعدة في أي عقد موردٍ نشط"
48586,skipped,0,0,"صفر أثرٍ قابلٍ للتوليد: لا سعر وحدةٍ لنوع المعدة في عقد العميل · لا سعر وحدةٍ لنوع المعدة في أي عقد موردٍ نشط"
48587,skipped,0,0,"صفر أثرٍ قابلٍ للتوليد: لا سعر وحدةٍ لنوع المعدة في عقد العميل · لا سعر وحدةٍ لنوع المعدة في أي عقد موردٍ نشط"
48588,skipped,0,0,"صفر أثرٍ قابلٍ للتوليد: لا سعر وحدةٍ لنوع المعدة في عقد العميل · لا سعر وحدةٍ لنوع المعدة في أي عقد موردٍ نشط"
48589,skipped,0,0,"صفر أثرٍ قابلٍ للتوليد: لا سعر وحدةٍ لنوع المعدة في عقد العميل · لا سعر وحدةٍ لنوع المعدة في أي عقد موردٍ نشط"
48590,skipped,0,0,"صفر أثرٍ قابلٍ للتوليد: لا سعر وحدةٍ لنوع المعدة في عقد العميل · لا سعر وحدةٍ لنوع المعدة في أي عقد موردٍ نشط"
48652,skipped,0,0,"صفر أثرٍ قابلٍ للتوليد: لا سعر وحدةٍ لنوع المعدة في عقد العميل · لا سعر وحدةٍ لنوع المعدة في أي عقد موردٍ نشط"
48653,skipped,0,0,"صفر أثرٍ قابلٍ للتوليد: لا سعر وحدةٍ لنوع المعدة في عقد العميل · لا سعر وحدةٍ لنوع المعدة في أي عقد موردٍ نشط"
48654,skipped,0,0,"صفر أثرٍ قابلٍ للتوليد: لا سعر وحدةٍ لنوع المعدة في عقد العميل · لا سعر وحدةٍ لنوع المعدة في أي عقد موردٍ نشط"
48655,skipped,0,0,"صفر أثرٍ قابلٍ للتوليد: لا سعر وحدةٍ لنوع المعدة في عقد العميل · لا سعر وحدةٍ لنوع المعدة في أي عقد موردٍ نشط"
48656,skipped,0,0,"صفر أثرٍ قابلٍ للتوليد: لا سعر وحدةٍ لنوع المعدة في عقد العميل · لا سعر وحدةٍ لنوع المعدة في أي عقد موردٍ نشط"
48657,skipped,0,0,"صفر أثرٍ قابلٍ للتوليد: لا سعر وحدةٍ لنوع المعدة في عقد العميل · لا سعر وحدةٍ لنوع المعدة في أي عقد موردٍ نشط"
48658,skipped,0,0,"صفر أثرٍ قابلٍ للتوليد: لا سعر وحدةٍ لنوع المعدة في عقد العميل · لا سعر وحدةٍ لنوع المعدة في أي عقد موردٍ نشط"
48659,skipped,0,0,"صفر أثرٍ قابلٍ للتوليد: لا سعر وحدةٍ لنوع المعدة في عقد العميل · لا سعر وحدةٍ لنوع المعدة في أي عقد موردٍ نشط"
48660,skipped,0,0,"صفر أثرٍ قابلٍ للتوليد: لا سعر وحدةٍ لنوع المعدة في عقد العميل · لا سعر وحدةٍ لنوع المعدة في أي عقد موردٍ نشط"
48661,skipped,0,0,"صفر أثرٍ قابلٍ للتوليد: لا سعر وحدةٍ لنوع المعدة في عقد العميل · لا سعر وحدةٍ لنوع المعدة في أي عقد موردٍ نشط"
48662,skipped,0,0,"صفر أثرٍ قابلٍ للتوليد: لا سعر وحدةٍ لنوع المعدة في عقد العميل · لا سعر وحدةٍ لنوع المعدة في أي عقد موردٍ نشط"
48663,skipped,0,0,"صفر أثرٍ قابلٍ للتوليد: لا سعر وحدةٍ لنوع المعدة في عقد العميل · لا سعر وحدةٍ لنوع المعدة في أي عقد موردٍ نشط"
48664,skipped,0,0,"صفر أثرٍ قابلٍ للتوليد: لا سعر وحدةٍ لنوع المعدة في عقد العميل · لا سعر وحدةٍ لنوع المعدة في أي عقد موردٍ نشط"
48665,skipped,0,0,"صفر أثرٍ قابلٍ للتوليد: لا سعر وحدةٍ لنوع المعدة في عقد العميل · لا سعر وحدةٍ لنوع المعدة في أي عقد موردٍ نشط"
48666,skipped,0,0,"صفر أثرٍ قابلٍ للتوليد: لا سعر وحدةٍ لنوع المعدة في عقد العميل · لا سعر وحدةٍ لنوع المعدة في أي عقد موردٍ نشط"
48667,skipped,0,0,"صفر أثرٍ قابلٍ للتوليد: لا سعر وحدةٍ لنوع المعدة في عقد العميل · لا سعر وحدةٍ لنوع المعدة في أي عقد موردٍ نشط"
48668,skipped,0,0,"صفر أثرٍ قابلٍ للتوليد: لا سعر وحدةٍ لنوع المعدة في عقد العميل · لا سعر وحدةٍ لنوع المعدة في أي عقد موردٍ نشط"
48669,skipped,0,0,"صفر أثرٍ قابلٍ للتوليد: لا سعر وحدةٍ لنوع المعدة في عقد العميل · لا سعر وحدةٍ لنوع المعدة في أي عقد موردٍ نشط"
48670,skipped,0,0,"صفر أثرٍ قابلٍ للتوليد: لا سعر وحدةٍ لنوع المعدة في عقد العميل · لا سعر وحدةٍ لنوع المعدة في أي عقد موردٍ نشط"
48671,skipped,0,0,"صفر أثرٍ قابلٍ للتوليد: لا سعر وحدةٍ لنوع المعدة في عقد العميل · لا سعر وحدةٍ لنوع المعدة في أي عقد موردٍ نشط"
48672,skipped,0,0,"صفر أثرٍ قابلٍ للتوليد: لا سعر وحدةٍ لنوع المعدة في عقد العميل · لا سعر وحدةٍ لنوع المعدة في أي عقد موردٍ نشط"
48673,skipped,0,0,"صفر أثرٍ قابلٍ للتوليد: لا سعر وحدةٍ لنوع المعدة في عقد العميل · لا سعر وحدةٍ لنوع المعدة في أي عقد موردٍ نشط"
48674,skipped,0,0,"صفر أثرٍ قابلٍ للتوليد: لا سعر وحدةٍ لنوع المعدة في عقد العميل · لا سعر وحدةٍ لنوع المعدة في أي عقد موردٍ نشط"
48675,skipped,0,0,"صفر أثرٍ قابلٍ للتوليد: لا سعر وحدةٍ لنوع المعدة في عقد العميل · لا سعر وحدةٍ لنوع المعدة في أي عقد موردٍ نشط"
48676,skipped,0,0,"صفر أثرٍ قابلٍ للتوليد: لا سعر وحدةٍ لنوع المعدة في عقد العميل · لا سعر وحدةٍ لنوع المعدة في أي عقد موردٍ نشط"
48677,skipped,0,0,"صفر أثرٍ قابلٍ للتوليد: لا سعر وحدةٍ لنوع المعدة في عقد العميل · لا سعر وحدةٍ لنوع المعدة في أي عقد موردٍ نشط"
48678,skipped,0,0,"صفر أثرٍ قابلٍ للتوليد: لا سعر وحدةٍ لنوع المعدة في عقد العميل · لا سعر وحدةٍ لنوع المعدة في أي عقد موردٍ نشط"
48679,skipped,0,0,"صفر أثرٍ قابلٍ للتوليد: لا سعر وحدةٍ لنوع المعدة في عقد العميل · لا سعر وحدةٍ لنوع المعدة في أي عقد موردٍ نشط"
48680,skipped,0,0,"صفر أثرٍ قابلٍ للتوليد: لا سعر وحدةٍ لنوع المعدة في عقد العميل · لا سعر وحدةٍ لنوع المعدة في أي عقد موردٍ نشط"
48681,skipped,0,0,"صفر أثرٍ قابلٍ للتوليد: لا سعر وحدةٍ لنوع المعدة في عقد العميل · لا سعر وحدةٍ لنوع المعدة في أي عقد موردٍ نشط"
48682,skipped,0,0,"صفر أثرٍ قابلٍ للتوليد: لا سعر وحدةٍ لنوع المعدة في عقد العميل · لا سعر وحدةٍ لنوع المعدة في أي عقد موردٍ نشط"
48683,skipped,0,0,"صفر أثرٍ قابلٍ للتوليد: لا سعر وحدةٍ لنوع المعدة في عقد العميل · لا سعر وحدةٍ لنوع المعدة في أي عقد موردٍ نشط"
48684,skipped,0,0,"صفر أثرٍ قابلٍ للتوليد: لا سعر وحدةٍ لنوع المعدة في عقد العميل · لا سعر وحدةٍ لنوع المعدة في أي عقد موردٍ نشط"
48685,skipped,0,0,"صفر أثرٍ قابلٍ للتوليد: لا سعر وحدةٍ لنوع المعدة في عقد العميل · لا سعر وحدةٍ لنوع المعدة في أي عقد موردٍ نشط"
48686,skipped,0,0,"صفر أثرٍ قابلٍ للتوليد: لا سعر وحدةٍ لنوع المعدة في عقد العميل · لا سعر وحدةٍ لنوع المعدة في أي عقد موردٍ نشط"
48687,skipped,0,0,"صفر أثرٍ قابلٍ للتوليد: لا سعر وحدةٍ لنوع المعدة في عقد العميل · لا سعر وحدةٍ لنوع المعدة في أي عقد موردٍ نشط"
48688,skipped,0,0,"صفر أثرٍ قابلٍ للتوليد: لا سعر وحدةٍ لنوع المعدة في عقد العميل · لا سعر وحدةٍ لنوع المعدة في أي عقد موردٍ نشط"
48689,skipped,0,0,"صفر أثرٍ قابلٍ للتوليد: لا سعر وحدةٍ لنوع المعدة في عقد العميل · لا سعر وحدةٍ لنوع المعدة في أي عقد موردٍ نشط"
48690,skipped,0,0,"صفر أثرٍ قابلٍ للتوليد: لا سعر وحدةٍ لنوع المعدة في عقد العميل · لا سعر وحدةٍ لنوع المعدة في أي عقد موردٍ نشط"
48691,skipped,0,0,"صفر أثرٍ قابلٍ للتوليد: لا سعر وحدةٍ لنوع المعدة في عقد العميل · لا سعر وحدةٍ لنوع المعدة في أي عقد موردٍ نشط"
48692,skipped,0,0,"صفر أثرٍ قابلٍ للتوليد: لا سعر وحدةٍ لنوع المعدة في عقد العميل · لا سعر وحدةٍ لنوع المعدة في أي عقد موردٍ نشط"
48693,skipped,0,0,"صفر أثرٍ قابلٍ للتوليد: لا سعر وحدةٍ لنوع المعدة في عقد العميل · لا سعر وحدةٍ لنوع المعدة في أي عقد موردٍ نشط"
48694,skipped,0,0,"صفر أثرٍ قابلٍ للتوليد: لا سعر وحدةٍ لنوع المعدة في عقد العميل · لا سعر وحدةٍ لنوع المعدة في أي عقد موردٍ نشط"
48695,skipped,0,0,"صفر أثرٍ قابلٍ للتوليد: لا سعر وحدةٍ لنوع المعدة في عقد العميل · لا سعر وحدةٍ لنوع المعدة في أي عقد موردٍ نشط"
48696,skipped,0,0,"صفر أثرٍ قابلٍ للتوليد: لا سعر وحدةٍ لنوع المعدة في عقد العميل · لا سعر وحدةٍ لنوع المعدة في أي عقد موردٍ نشط"
48697,skipped,0,0,"صفر أثرٍ قابلٍ للتوليد: لا سعر وحدةٍ لنوع المعدة في عقد العميل · لا سعر وحدةٍ لنوع المعدة في أي عقد موردٍ نشط"
48698,skipped,0,0,"صفر أثرٍ قابلٍ للتوليد: لا سعر وحدةٍ لنوع المعدة في عقد العميل · لا سعر وحدةٍ لنوع المعدة في أي عقد موردٍ نشط"
48699,skipped,0,0,"صفر أثرٍ قابلٍ للتوليد: لا سعر وحدةٍ لنوع المعدة في عقد العميل · لا سعر وحدةٍ لنوع المعدة في أي عقد موردٍ نشط"
48700,skipped,0,0,"صفر أثرٍ قابلٍ للتوليد: لا سعر وحدةٍ لنوع المعدة في عقد العميل · لا سعر وحدةٍ لنوع المعدة في أي عقد موردٍ نشط"
48701,skipped,0,0,"صفر أثرٍ قابلٍ للتوليد: لا سعر وحدةٍ لنوع المعدة في عقد العميل · لا سعر وحدةٍ لنوع المعدة في أي عقد موردٍ نشط"
48702,skipped,0,0,"صفر أثرٍ قابلٍ للتوليد: لا سعر وحدةٍ لنوع المعدة في عقد العميل · لا سعر وحدةٍ لنوع المعدة في أي عقد موردٍ نشط"
48703,skipped,0,0,"صفر أثرٍ قابلٍ للتوليد: لا سعر وحدةٍ لنوع المعدة في عقد العميل · لا سعر وحدةٍ لنوع المعدة في أي عقد موردٍ نشط"
48704,skipped,0,0,"صفر أثرٍ قابلٍ للتوليد: لا سعر وحدةٍ لنوع المعدة في عقد العميل · لا سعر وحدةٍ لنوع المعدة في أي عقد موردٍ نشط"
48705,skipped,0,0,"صفر أثرٍ قابلٍ للتوليد: لا سعر وحدةٍ لنوع المعدة في عقد العميل · لا سعر وحدةٍ لنوع المعدة في أي عقد موردٍ نشط"
48706,skipped,0,0,"صفر أثرٍ قابلٍ للتوليد: لا سعر وحدةٍ لنوع المعدة في عقد العميل · لا سعر وحدةٍ لنوع المعدة في أي عقد موردٍ نشط"
48707,skipped,0,0,"صفر أثرٍ قابلٍ للتوليد: لا سعر وحدةٍ لنوع المعدة في عقد العميل · لا سعر وحدةٍ لنوع المعدة في أي عقد موردٍ نشط"
48708,skipped,0,0,"صفر أثرٍ قابلٍ للتوليد: لا سعر وحدةٍ لنوع المعدة في عقد العميل · لا سعر وحدةٍ لنوع المعدة في أي عقد موردٍ نشط"
48709,skipped,0,0,"صفر أثرٍ قابلٍ للتوليد: لا سعر وحدةٍ لنوع المعدة في عقد العميل · لا سعر وحدةٍ لنوع المعدة في أي عقد موردٍ نشط"
48710,skipped,0,0,"صفر أثرٍ قابلٍ للتوليد: لا سعر وحدةٍ لنوع المعدة في عقد العميل · لا سعر وحدةٍ لنوع المعدة في أي عقد موردٍ نشط"
48711,skipped,0,0,"صفر أثرٍ قابلٍ للتوليد: لا سعر وحدةٍ لنوع المعدة في عقد العميل · لا سعر وحدةٍ لنوع المعدة في أي عقد موردٍ نشط"
48712,skipped,0,0,"صفر أثرٍ قابلٍ للتوليد: لا سعر وحدةٍ لنوع المعدة في عقد العميل · لا سعر وحدةٍ لنوع المعدة في أي عقد موردٍ نشط"
48774,skipped,0,0,"صفر أثرٍ قابلٍ للتوليد: لا سعر وحدةٍ لنوع المعدة في عقد العميل · لا سعر وحدةٍ لنوع المعدة في أي عقد موردٍ نشط"
48775,skipped,0,0,"صفر أثرٍ قابلٍ للتوليد: لا سعر وحدةٍ لنوع المعدة في عقد العميل · لا سعر وحدةٍ لنوع المعدة في أي عقد موردٍ نشط"
48776,skipped,0,0,"صفر أثرٍ قابلٍ للتوليد: لا سعر وحدةٍ لنوع المعدة في عقد العميل · لا سعر وحدةٍ لنوع المعدة في أي عقد موردٍ نشط"
48777,skipped,0,0,"صفر أثرٍ قابلٍ للتوليد: لا سعر وحدةٍ لنوع المعدة في عقد العميل · لا سعر وحدةٍ لنوع المعدة في أي عقد موردٍ نشط"
48778,skipped,0,0,"صفر أثرٍ قابلٍ للتوليد: لا سعر وحدةٍ لنوع المعدة في عقد العميل · لا سعر وحدةٍ لنوع المعدة في أي عقد موردٍ نشط"
48779,skipped,0,0,"صفر أثرٍ قابلٍ للتوليد: لا سعر وحدةٍ لنوع المعدة في عقد العميل · لا سعر وحدةٍ لنوع المعدة في أي عقد موردٍ نشط"
48780,skipped,0,0,"صفر أثرٍ قابلٍ للتوليد: لا سعر وحدةٍ لنوع المعدة في عقد العميل · لا سعر وحدةٍ لنوع المعدة في أي عقد موردٍ نشط"
48781,skipped,0,0,"صفر أثرٍ قابلٍ للتوليد: لا سعر وحدةٍ لنوع المعدة في عقد العميل · لا سعر وحدةٍ لنوع المعدة في أي عقد موردٍ نشط"
48782,skipped,0,0,"صفر أثرٍ قابلٍ للتوليد: لا سعر وحدةٍ لنوع المعدة في عقد العميل · لا سعر وحدةٍ لنوع المعدة في أي عقد موردٍ نشط"
48783,skipped,0,0,"صفر أثرٍ قابلٍ للتوليد: لا سعر وحدةٍ لنوع المعدة في عقد العميل · لا سعر وحدةٍ لنوع المعدة في أي عقد موردٍ نشط"
48784,skipped,0,0,"صفر أثرٍ قابلٍ للتوليد: لا سعر وحدةٍ لنوع المعدة في عقد العميل · لا سعر وحدةٍ لنوع المعدة في أي عقد موردٍ نشط"
48785,skipped,0,0,"صفر أثرٍ قابلٍ للتوليد: لا سعر وحدةٍ لنوع المعدة في عقد العميل · لا سعر وحدةٍ لنوع المعدة في أي عقد موردٍ نشط"
48786,skipped,0,0,"صفر أثرٍ قابلٍ للتوليد: لا سعر وحدةٍ لنوع المعدة في عقد العميل · لا سعر وحدةٍ لنوع المعدة في أي عقد موردٍ نشط"
48787,skipped,0,0,"صفر أثرٍ قابلٍ للتوليد: لا سعر وحدةٍ لنوع المعدة في عقد العميل · لا سعر وحدةٍ لنوع المعدة في أي عقد موردٍ نشط"
48788,skipped,0,0,"صفر أثرٍ قابلٍ للتوليد: لا سعر وحدةٍ لنوع المعدة في عقد العميل · لا سعر وحدةٍ لنوع المعدة في أي عقد موردٍ نشط"
48789,skipped,0,0,"صفر أثرٍ قابلٍ للتوليد: لا سعر وحدةٍ لنوع المعدة في عقد العميل · لا سعر وحدةٍ لنوع المعدة في أي عقد موردٍ نشط"
48790,skipped,0,0,"صفر أثرٍ قابلٍ للتوليد: لا سعر وحدةٍ لنوع المعدة في عقد العميل · لا سعر وحدةٍ لنوع المعدة في أي عقد موردٍ نشط"
48791,skipped,0,0,"صفر أثرٍ قابلٍ للتوليد: لا سعر وحدةٍ لنوع المعدة في عقد العميل · لا سعر وحدةٍ لنوع المعدة في أي عقد موردٍ نشط"
48792,skipped,0,0,"صفر أثرٍ قابلٍ للتوليد: لا سعر وحدةٍ لنوع المعدة في عقد العميل · لا سعر وحدةٍ لنوع المعدة في أي عقد موردٍ نشط"
48793,skipped,0,0,"صفر أثرٍ قابلٍ للتوليد: لا سعر وحدةٍ لنوع المعدة في عقد العميل · لا سعر وحدةٍ لنوع المعدة في أي عقد موردٍ نشط"
48794,skipped,0,0,"صفر أثرٍ قابلٍ للتوليد: لا سعر وحدةٍ لنوع المعدة في عقد العميل · لا سعر وحدةٍ لنوع المعدة في أي عقد موردٍ نشط"
48795,skipped,0,0,"صفر أثرٍ قابلٍ للتوليد: لا سعر وحدةٍ لنوع المعدة في عقد العميل · لا سعر وحدةٍ لنوع المعدة في أي عقد موردٍ نشط"
48796,skipped,0,0,"صفر أثرٍ قابلٍ للتوليد: لا سعر وحدةٍ لنوع المعدة في عقد العميل · لا سعر وحدةٍ لنوع المعدة في أي عقد موردٍ نشط"
48797,skipped,0,0,"صفر أثرٍ قابلٍ للتوليد: لا سعر وحدةٍ لنوع المعدة في عقد العميل · لا سعر وحدةٍ لنوع المعدة في أي عقد موردٍ نشط"
48798,skipped,0,0,"صفر أثرٍ قابلٍ للتوليد: لا سعر وحدةٍ لنوع المعدة في عقد العميل · لا سعر وحدةٍ لنوع المعدة في أي عقد موردٍ نشط"
48799,skipped,0,0,"صفر أثرٍ قابلٍ للتوليد: لا سعر وحدةٍ لنوع المعدة في عقد العميل · لا سعر وحدةٍ لنوع المعدة في أي عقد موردٍ نشط"
48800,skipped,0,0,"صفر أثرٍ قابلٍ للتوليد: لا سعر وحدةٍ لنوع المعدة في عقد العميل · لا سعر وحدةٍ لنوع المعدة في أي عقد موردٍ نشط"
48801,skipped,0,0,"صفر أثرٍ قابلٍ للتوليد: لا سعر وحدةٍ لنوع المعدة في عقد العميل · لا سعر وحدةٍ لنوع المعدة في أي عقد موردٍ نشط"
48802,skipped,0,0,"صفر أثرٍ قابلٍ للتوليد: لا سعر وحدةٍ لنوع المعدة في عقد العميل · لا سعر وحدةٍ لنوع المعدة في أي عقد موردٍ نشط"
48803,skipped,0,0,"صفر أثرٍ قابلٍ للتوليد: لا سعر وحدةٍ لنوع المعدة في عقد العميل · لا سعر وحدةٍ لنوع المعدة في أي عقد موردٍ نشط"
48804,skipped,0,0,"صفر أثرٍ قابلٍ للتوليد: لا سعر وحدةٍ لنوع المعدة في عقد العميل · لا سعر وحدةٍ لنوع المعدة في أي عقد موردٍ نشط"
48805,skipped,0,0,"صفر أثرٍ قابلٍ للتوليد: لا سعر وحدةٍ لنوع المعدة في عقد العميل · لا سعر وحدةٍ لنوع المعدة في أي عقد موردٍ نشط"
48806,skipped,0,0,"صفر أثرٍ قابلٍ للتوليد: لا سعر وحدةٍ لنوع المعدة في عقد العميل · لا سعر وحدةٍ لنوع المعدة في أي عقد موردٍ نشط"
48807,skipped,0,0,"صفر أثرٍ قابلٍ للتوليد: لا سعر وحدةٍ لنوع المعدة في عقد العميل · لا سعر وحدةٍ لنوع المعدة في أي عقد موردٍ نشط"
48808,skipped,0,0,"صفر أثرٍ قابلٍ للتوليد: لا سعر وحدةٍ لنوع المعدة في عقد العميل · لا سعر وحدةٍ لنوع المعدة في أي عقد موردٍ نشط"
48809,skipped,0,0,"صفر أثرٍ قابلٍ للتوليد: لا سعر وحدةٍ لنوع المعدة في عقد العميل · لا سعر وحدةٍ لنوع المعدة في أي عقد موردٍ نشط"
48810,skipped,0,0,"صفر أثرٍ قابلٍ للتوليد: لا سعر وحدةٍ لنوع المعدة في عقد العميل · لا سعر وحدةٍ لنوع المعدة في أي عقد موردٍ نشط"
48811,skipped,0,0,"صفر أثرٍ قابلٍ للتوليد: لا سعر وحدةٍ لنوع المعدة في عقد العميل · لا سعر وحدةٍ لنوع المعدة في أي عقد موردٍ نشط"
48812,skipped,0,0,"صفر أثرٍ قابلٍ للتوليد: لا سعر وحدةٍ لنوع المعدة في عقد العميل · لا سعر وحدةٍ لنوع المعدة في أي عقد موردٍ نشط"
48813,skipped,0,0,"صفر أثرٍ قابلٍ للتوليد: لا سعر وحدةٍ لنوع المعدة في عقد العميل · لا سعر وحدةٍ لنوع المعدة في أي عقد موردٍ نشط"
48814,skipped,0,0,"صفر أثرٍ قابلٍ للتوليد: لا سعر وحدةٍ لنوع المعدة في عقد العميل · لا سعر وحدةٍ لنوع المعدة في أي عقد موردٍ نشط"
48815,skipped,0,0,"صفر أثرٍ قابلٍ للتوليد: لا سعر وحدةٍ لنوع المعدة في عقد العميل · لا سعر وحدةٍ لنوع المعدة في أي عقد موردٍ نشط"
48816,skipped,0,0,"صفر أثرٍ قابلٍ للتوليد: لا سعر وحدةٍ لنوع المعدة في عقد العميل · لا سعر وحدةٍ لنوع المعدة في أي عقد موردٍ نشط"
48817,skipped,0,0,"صفر أثرٍ قابلٍ للتوليد: لا سعر وحدةٍ لنوع المعدة في عقد العميل · لا سعر وحدةٍ لنوع المعدة في أي عقد موردٍ نشط"
48818,skipped,0,0,"صفر أثرٍ قابلٍ للتوليد: لا سعر وحدةٍ لنوع المعدة في عقد العميل · لا سعر وحدةٍ لنوع المعدة في أي عقد موردٍ نشط"
48819,skipped,0,0,"صفر أثرٍ قابلٍ للتوليد: لا سعر وحدةٍ لنوع المعدة في عقد العميل · لا سعر وحدةٍ لنوع المعدة في أي عقد موردٍ نشط"
48820,skipped,0,0,"صفر أثرٍ قابلٍ للتوليد: لا سعر وحدةٍ لنوع المعدة في عقد العميل · لا سعر وحدةٍ لنوع المعدة في أي عقد موردٍ نشط"
48821,skipped,0,0,"صفر أثرٍ قابلٍ للتوليد: لا سعر وحدةٍ لنوع المعدة في عقد العميل · لا سعر وحدةٍ لنوع المعدة في أي عقد موردٍ نشط"
48822,skipped,0,0,"صفر أثرٍ قابلٍ للتوليد: لا سعر وحدةٍ لنوع المعدة في عقد العميل · لا سعر وحدةٍ لنوع المعدة في أي عقد موردٍ نشط"
48823,skipped,0,0,"صفر أثرٍ قابلٍ للتوليد: لا سعر وحدةٍ لنوع المعدة في عقد العميل · لا سعر وحدةٍ لنوع المعدة في أي عقد موردٍ نشط"
48824,skipped,0,0,"صفر أثرٍ قابلٍ للتوليد: لا سعر وحدةٍ لنوع المعدة في عقد العميل · لا سعر وحدةٍ لنوع المعدة في أي عقد موردٍ نشط"
48825,skipped,0,0,"صفر أثرٍ قابلٍ للتوليد: لا سعر وحدةٍ لنوع المعدة في عقد العميل · لا سعر وحدةٍ لنوع المعدة في أي عقد موردٍ نشط"
48826,skipped,0,0,"صفر أثرٍ قابلٍ للتوليد: لا سعر وحدةٍ لنوع المعدة في عقد العميل · لا سعر وحدةٍ لنوع المعدة في أي عقد موردٍ نشط"
48827,skipped,0,0,"صفر أثرٍ قابلٍ للتوليد: لا سعر وحدةٍ لنوع المعدة في عقد العميل · لا سعر وحدةٍ لنوع المعدة في أي عقد موردٍ نشط"
48828,skipped,0,0,"صفر أثرٍ قابلٍ للتوليد: لا سعر وحدةٍ لنوع المعدة في عقد العميل · لا سعر وحدةٍ لنوع المعدة في أي عقد موردٍ نشط"
48829,skipped,0,0,"صفر أثرٍ قابلٍ للتوليد: لا سعر وحدةٍ لنوع المعدة في عقد العميل · لا سعر وحدةٍ لنوع المعدة في أي عقد موردٍ نشط"
48830,skipped,0,0,"صفر أثرٍ قابلٍ للتوليد: لا سعر وحدةٍ لنوع المعدة في عقد العميل · لا سعر وحدةٍ لنوع المعدة في أي عقد موردٍ نشط"
48831,skipped,0,0,"صفر أثرٍ قابلٍ للتوليد: لا سعر وحدةٍ لنوع المعدة في عقد العميل · لا سعر وحدةٍ لنوع المعدة في أي عقد موردٍ نشط"
48832,skipped,0,0,"صفر أثرٍ قابلٍ للتوليد: لا سعر وحدةٍ لنوع المعدة في عقد العميل · لا سعر وحدةٍ لنوع المعدة في أي عقد موردٍ نشط"
48833,skipped,0,0,"صفر أثرٍ قابلٍ للتوليد: لا سعر وحدةٍ لنوع المعدة في عقد العميل · لا سعر وحدةٍ لنوع المعدة في أي عقد موردٍ نشط"
48834,skipped,0,0,"صفر أثرٍ قابلٍ للتوليد: لا سعر وحدةٍ لنوع المعدة في عقد العميل · لا سعر وحدةٍ لنوع المعدة في أي عقد موردٍ نشط"
48865,skipped,0,0,"صفر أثرٍ قابلٍ للتوليد: لا سعر وحدةٍ لنوع المعدة في عقد العميل · لا موردَ على معدة التشغيل"
48866,skipped,0,0,"صفر أثرٍ قابلٍ للتوليد: لا سعر وحدةٍ لنوع المعدة في عقد العميل · لا موردَ على معدة التشغيل"
48867,skipped,0,0,"صفر أثرٍ قابلٍ للتوليد: لا سعر وحدةٍ لنوع المعدة في عقد العميل · لا موردَ على معدة التشغيل"
48868,skipped,0,0,"صفر أثرٍ قابلٍ للتوليد: لا سعر وحدةٍ لنوع المعدة في عقد العميل · لا موردَ على معدة التشغيل"
48869,skipped,0,0,"صفر أثرٍ قابلٍ للتوليد: لا سعر وحدةٍ لنوع المعدة في عقد العميل · لا موردَ على معدة التشغيل"
48870,skipped,0,0,"صفر أثرٍ قابلٍ للتوليد: لا سعر وحدةٍ لنوع المعدة في عقد العميل · لا موردَ على معدة التشغيل"
48871,skipped,0,0,"صفر أثرٍ قابلٍ للتوليد: لا سعر وحدةٍ لنوع المعدة في عقد العميل · لا موردَ على معدة التشغيل"
48872,skipped,0,0,"صفر أثرٍ قابلٍ للتوليد: لا سعر وحدةٍ لنوع المعدة في عقد العميل · لا موردَ على معدة التشغيل"
48873,skipped,0,0,"صفر أثرٍ قابلٍ للتوليد: لا سعر وحدةٍ لنوع المعدة في عقد العميل · لا موردَ على معدة التشغيل"
48874,skipped,0,0,"صفر أثرٍ قابلٍ للتوليد: لا سعر وحدةٍ لنوع المعدة في عقد العميل · لا موردَ على معدة التشغيل"
48875,skipped,0,0,"صفر أثرٍ قابلٍ للتوليد: لا سعر وحدةٍ لنوع المعدة في عقد العميل · لا موردَ على معدة التشغيل"
48876,skipped,0,0,"صفر أثرٍ قابلٍ للتوليد: لا سعر وحدةٍ لنوع المعدة في عقد العميل · لا موردَ على معدة التشغيل"
48877,skipped,0,0,"صفر أثرٍ قابلٍ للتوليد: لا سعر وحدةٍ لنوع المعدة في عقد العميل · لا موردَ على معدة التشغيل"
48878,skipped,0,0,"صفر أثرٍ قابلٍ للتوليد: لا سعر وحدةٍ لنوع المعدة في عقد العميل · لا موردَ على معدة التشغيل"
48879,skipped,0,0,"صفر أثرٍ قابلٍ للتوليد: لا سعر وحدةٍ لنوع المعدة في عقد العميل · لا موردَ على معدة التشغيل"
48880,skipped,0,0,"صفر أثرٍ قابلٍ للتوليد: لا سعر وحدةٍ لنوع المعدة في عقد العميل · لا موردَ على معدة التشغيل"
48881,skipped,0,0,"صفر أثرٍ قابلٍ للتوليد: لا سعر وحدةٍ لنوع المعدة في عقد العميل · لا موردَ على معدة التشغيل"
48882,skipped,0,0,"صفر أثرٍ قابلٍ للتوليد: لا سعر وحدةٍ لنوع المعدة في عقد العميل · لا موردَ على معدة التشغيل"
48883,skipped,0,0,"صفر أثرٍ قابلٍ للتوليد: لا سعر وحدةٍ لنوع المعدة في عقد العميل · لا موردَ على معدة التشغيل"
48884,skipped,0,0,"صفر أثرٍ قابلٍ للتوليد: لا سعر وحدةٍ لنوع المعدة في عقد العميل · لا موردَ على معدة التشغيل"
48885,skipped,0,0,"صفر أثرٍ قابلٍ للتوليد: لا سعر وحدةٍ لنوع المعدة في عقد العميل · لا موردَ على معدة التشغيل"
48886,skipped,0,0,"صفر أثرٍ قابلٍ للتوليد: لا سعر وحدةٍ لنوع المعدة في عقد العميل · لا موردَ على معدة التشغيل"
48887,skipped,0,0,"صفر أثرٍ قابلٍ للتوليد: لا سعر وحدةٍ لنوع المعدة في عقد العميل · لا موردَ على معدة التشغيل"
48888,skipped,0,0,"صفر أثرٍ قابلٍ للتوليد: لا سعر وحدةٍ لنوع المعدة في عقد العميل · لا موردَ على معدة التشغيل"
48889,skipped,0,0,"صفر أثرٍ قابلٍ للتوليد: لا سعر وحدةٍ لنوع المعدة في عقد العميل · لا موردَ على معدة التشغيل"
48890,skipped,0,0,"صفر أثرٍ قابلٍ للتوليد: لا سعر وحدةٍ لنوع المعدة في عقد العميل · لا موردَ على معدة التشغيل"
48891,skipped,0,0,"صفر أثرٍ قابلٍ للتوليد: لا سعر وحدةٍ لنوع المعدة في عقد العميل · لا موردَ على معدة التشغيل"
48892,skipped,0,0,"صفر أثرٍ قابلٍ للتوليد: لا سعر وحدةٍ لنوع المعدة في عقد العميل · لا موردَ على معدة التشغيل"
48893,skipped,0,0,"صفر أثرٍ قابلٍ للتوليد: لا سعر وحدةٍ لنوع المعدة في عقد العميل · لا موردَ على معدة التشغيل"
48894,skipped,0,0,"صفر أثرٍ قابلٍ للتوليد: لا سعر وحدةٍ لنوع المعدة في عقد العميل · لا موردَ على معدة التشغيل"
48895,skipped,0,0,"صفر أثرٍ قابلٍ للتوليد: لا سعر وحدةٍ لنوع المعدة في عقد العميل · لا موردَ على معدة التشغيل"
48896,skipped,0,0,"صفر أثرٍ قابلٍ للتوليد: لا سعر وحدةٍ لنوع المعدة في عقد العميل · لا موردَ على معدة التشغيل"
48897,skipped,0,0,"صفر أثرٍ قابلٍ للتوليد: لا سعر وحدةٍ لنوع المعدة في عقد العميل · لا موردَ على معدة التشغيل"
48898,skipped,0,0,"صفر أثرٍ قابلٍ للتوليد: لا سعر وحدةٍ لنوع المعدة في عقد العميل · لا موردَ على معدة التشغيل"
48899,skipped,0,0,"صفر أثرٍ قابلٍ للتوليد: لا سعر وحدةٍ لنوع المعدة في عقد العميل · لا موردَ على معدة التشغيل"
48900,skipped,0,0,"صفر أثرٍ قابلٍ للتوليد: لا سعر وحدةٍ لنوع المعدة في عقد العميل · لا موردَ على معدة التشغيل"
48901,skipped,0,0,"صفر أثرٍ قابلٍ للتوليد: لا سعر وحدةٍ لنوع المعدة في عقد العميل · لا موردَ على معدة التشغيل"
48902,skipped,0,0,"صفر أثرٍ قابلٍ للتوليد: لا سعر وحدةٍ لنوع المعدة في عقد العميل · لا موردَ على معدة التشغيل"
48903,skipped,0,0,"صفر أثرٍ قابلٍ للتوليد: لا سعر وحدةٍ لنوع المعدة في عقد العميل · لا موردَ على معدة التشغيل"
48904,skipped,0,0,"صفر أثرٍ قابلٍ للتوليد: لا سعر وحدةٍ لنوع المعدة في عقد العميل · لا موردَ على معدة التشغيل"
48905,skipped,0,0,"صفر أثرٍ قابلٍ للتوليد: لا سعر وحدةٍ لنوع المعدة في عقد العميل · لا موردَ على معدة التشغيل"
48906,skipped,0,0,"صفر أثرٍ قابلٍ للتوليد: لا سعر وحدةٍ لنوع المعدة في عقد العميل · لا موردَ على معدة التشغيل"
48907,skipped,0,0,"صفر أثرٍ قابلٍ للتوليد: لا سعر وحدةٍ لنوع المعدة في عقد العميل · لا موردَ على معدة التشغيل"
48908,skipped,0,0,"صفر أثرٍ قابلٍ للتوليد: لا سعر وحدةٍ لنوع المعدة في عقد العميل · لا موردَ على معدة التشغيل"
48909,skipped,0,0,"صفر أثرٍ قابلٍ للتوليد: لا سعر وحدةٍ لنوع المعدة في عقد العميل · لا موردَ على معدة التشغيل"
48910,skipped,0,0,"صفر أثرٍ قابلٍ للتوليد: لا سعر وحدةٍ لنوع المعدة في عقد العميل · لا موردَ على معدة التشغيل"
48911,skipped,0,0,"صفر أثرٍ قابلٍ للتوليد: لا سعر وحدةٍ لنوع المعدة في عقد العميل · لا موردَ على معدة التشغيل"
48912,skipped,0,0,"صفر أثرٍ قابلٍ للتوليد: لا سعر وحدةٍ لنوع المعدة في عقد العميل · لا موردَ على معدة التشغيل"
48913,skipped,0,0,"صفر أثرٍ قابلٍ للتوليد: لا سعر وحدةٍ لنوع المعدة في عقد العميل · لا موردَ على معدة التشغيل"
48914,skipped,0,0,"صفر أثرٍ قابلٍ للتوليد: لا سعر وحدةٍ لنوع المعدة في عقد العميل · لا موردَ على معدة التشغيل"
48915,skipped,0,0,"صفر أثرٍ قابلٍ للتوليد: لا سعر وحدةٍ لنوع المعدة في عقد العميل · لا موردَ على معدة التشغيل"
48916,skipped,0,0,"صفر أثرٍ قابلٍ للتوليد: لا سعر وحدةٍ لنوع المعدة في عقد العميل · لا موردَ على معدة التشغيل"
48917,skipped,0,0,"صفر أثرٍ قابلٍ للتوليد: لا سعر وحدةٍ لنوع المعدة في عقد العميل · لا موردَ على معدة التشغيل"
48918,skipped,0,0,"صفر أثرٍ قابلٍ للتوليد: لا سعر وحدةٍ لنوع المعدة في عقد العميل · لا موردَ على معدة التشغيل"
48919,skipped,0,0,"صفر أثرٍ قابلٍ للتوليد: لا سعر وحدةٍ لنوع المعدة في عقد العميل · لا موردَ على معدة التشغيل"
48920,skipped,0,0,"صفر أثرٍ قابلٍ للتوليد: لا سعر وحدةٍ لنوع المعدة في عقد العميل · لا موردَ على معدة التشغيل"
48921,skipped,0,0,"صفر أثرٍ قابلٍ للتوليد: لا سعر وحدةٍ لنوع المعدة في عقد العميل · لا موردَ على معدة التشغيل"
48922,skipped,0,0,"صفر أثرٍ قابلٍ للتوليد: لا سعر وحدةٍ لنوع المعدة في عقد العميل · لا موردَ على معدة التشغيل"
48923,skipped,0,0,"صفر أثرٍ قابلٍ للتوليد: لا سعر وحدةٍ لنوع المعدة في عقد العميل · لا موردَ على معدة التشغيل"
48924,skipped,0,0,"صفر أثرٍ قابلٍ للتوليد: لا سعر وحدةٍ لنوع المعدة في عقد العميل · لا موردَ على معدة التشغيل"
48925,skipped,0,0,"صفر أثرٍ قابلٍ للتوليد: لا سعر وحدةٍ لنوع المعدة في عقد العميل · لا موردَ على معدة التشغيل"
48956,skipped,0,0,"صفر أثرٍ قابلٍ للتوليد: لا سعر وحدةٍ لنوع المعدة في عقد العميل · لا موردَ على معدة التشغيل"
48957,skipped,0,0,"صفر أثرٍ قابلٍ للتوليد: لا سعر وحدةٍ لنوع المعدة في عقد العميل · لا موردَ على معدة التشغيل"
48958,skipped,0,0,"صفر أثرٍ قابلٍ للتوليد: لا سعر وحدةٍ لنوع المعدة في عقد العميل · لا موردَ على معدة التشغيل"
48959,skipped,0,0,"صفر أثرٍ قابلٍ للتوليد: لا سعر وحدةٍ لنوع المعدة في عقد العميل · لا موردَ على معدة التشغيل"
48960,skipped,0,0,"صفر أثرٍ قابلٍ للتوليد: لا سعر وحدةٍ لنوع المعدة في عقد العميل · لا موردَ على معدة التشغيل"
48961,skipped,0,0,"صفر أثرٍ قابلٍ للتوليد: لا سعر وحدةٍ لنوع المعدة في عقد العميل · لا موردَ على معدة التشغيل"
48962,skipped,0,0,"صفر أثرٍ قابلٍ للتوليد: لا سعر وحدةٍ لنوع المعدة في عقد العميل · لا موردَ على معدة التشغيل"
48963,skipped,0,0,"صفر أثرٍ قابلٍ للتوليد: لا سعر وحدةٍ لنوع المعدة في عقد العميل · لا موردَ على معدة التشغيل"
48964,skipped,0,0,"صفر أثرٍ قابلٍ للتوليد: لا سعر وحدةٍ لنوع المعدة في عقد العميل · لا موردَ على معدة التشغيل"
48965,skipped,0,0,"صفر أثرٍ قابلٍ للتوليد: لا سعر وحدةٍ لنوع المعدة في عقد العميل · لا موردَ على معدة التشغيل"
48966,skipped,0,0,"صفر أثرٍ قابلٍ للتوليد: لا سعر وحدةٍ لنوع المعدة في عقد العميل · لا موردَ على معدة التشغيل"
48967,skipped,0,0,"صفر أثرٍ قابلٍ للتوليد: لا سعر وحدةٍ لنوع المعدة في عقد العميل · لا موردَ على معدة التشغيل"
48968,skipped,0,0,"صفر أثرٍ قابلٍ للتوليد: لا سعر وحدةٍ لنوع المعدة في عقد العميل · لا موردَ على معدة التشغيل"
48969,skipped,0,0,"صفر أثرٍ قابلٍ للتوليد: لا سعر وحدةٍ لنوع المعدة في عقد العميل · لا موردَ على معدة التشغيل"
48970,skipped,0,0,"صفر أثرٍ قابلٍ للتوليد: لا سعر وحدةٍ لنوع المعدة في عقد العميل · لا موردَ على معدة التشغيل"
48971,skipped,0,0,"صفر أثرٍ قابلٍ للتوليد: لا سعر وحدةٍ لنوع المعدة في عقد العميل · لا موردَ على معدة التشغيل"
48972,skipped,0,0,"صفر أثرٍ قابلٍ للتوليد: لا سعر وحدةٍ لنوع المعدة في عقد العميل · لا موردَ على معدة التشغيل"
48973,skipped,0,0,"صفر أثرٍ قابلٍ للتوليد: لا سعر وحدةٍ لنوع المعدة في عقد العميل · لا موردَ على معدة التشغيل"
48974,skipped,0,0,"صفر أثرٍ قابلٍ للتوليد: لا سعر وحدةٍ لنوع المعدة في عقد العميل · لا موردَ على معدة التشغيل"
48975,skipped,0,0,"صفر أثرٍ قابلٍ للتوليد: لا سعر وحدةٍ لنوع المعدة في عقد العميل · لا موردَ على معدة التشغيل"
48976,skipped,0,0,"صفر أثرٍ قابلٍ للتوليد: لا سعر وحدةٍ لنوع المعدة في عقد العميل · لا موردَ على معدة التشغيل"
48977,skipped,0,0,"صفر أثرٍ قابلٍ للتوليد: لا سعر وحدةٍ لنوع المعدة في عقد العميل · لا موردَ على معدة التشغيل"
48978,skipped,0,0,"صفر أثرٍ قابلٍ للتوليد: لا سعر وحدةٍ لنوع المعدة في عقد العميل · لا موردَ على معدة التشغيل"
48979,skipped,0,0,"صفر أثرٍ قابلٍ للتوليد: لا سعر وحدةٍ لنوع المعدة في عقد العميل · لا موردَ على معدة التشغيل"
48980,skipped,0,0,"صفر أثرٍ قابلٍ للتوليد: لا سعر وحدةٍ لنوع المعدة في عقد العميل · لا موردَ على معدة التشغيل"
48981,skipped,0,0,"صفر أثرٍ قابلٍ للتوليد: لا سعر وحدةٍ لنوع المعدة في عقد العميل · لا موردَ على معدة التشغيل"
48982,skipped,0,0,"صفر أثرٍ قابلٍ للتوليد: لا سعر وحدةٍ لنوع المعدة في عقد العميل · لا موردَ على معدة التشغيل"
48983,skipped,0,0,"صفر أثرٍ قابلٍ للتوليد: لا سعر وحدةٍ لنوع المعدة في عقد العميل · لا موردَ على معدة التشغيل"
48984,skipped,0,0,"صفر أثرٍ قابلٍ للتوليد: لا سعر وحدةٍ لنوع المعدة في عقد العميل · لا موردَ على معدة التشغيل"
48985,skipped,0,0,"صفر أثرٍ قابلٍ للتوليد: لا سعر وحدةٍ لنوع المعدة في عقد العميل · لا موردَ على معدة التشغيل"
48986,skipped,0,0,"صفر أثرٍ قابلٍ للتوليد: لا سعر وحدةٍ لنوع المعدة في عقد العميل · لا موردَ على معدة التشغيل"
48987,skipped,0,0,"صفر أثرٍ قابلٍ للتوليد: لا سعر وحدةٍ لنوع المعدة في عقد العميل · لا موردَ على معدة التشغيل"
48988,skipped,0,0,"صفر أثرٍ قابلٍ للتوليد: لا سعر وحدةٍ لنوع المعدة في عقد العميل · لا موردَ على معدة التشغيل"
48989,skipped,0,0,"صفر أثرٍ قابلٍ للتوليد: لا سعر وحدةٍ لنوع المعدة في عقد العميل · لا موردَ على معدة التشغيل"
48990,skipped,0,0,"صفر أثرٍ قابلٍ للتوليد: لا سعر وحدةٍ لنوع المعدة في عقد العميل · لا موردَ على معدة التشغيل"
48991,skipped,0,0,"صفر أثرٍ قابلٍ للتوليد: لا سعر وحدةٍ لنوع المعدة في عقد العميل · لا موردَ على معدة التشغيل"
48992,skipped,0,0,"صفر أثرٍ قابلٍ للتوليد: لا سعر وحدةٍ لنوع المعدة في عقد العميل · لا موردَ على معدة التشغيل"
48993,skipped,0,0,"صفر أثرٍ قابلٍ للتوليد: لا سعر وحدةٍ لنوع المعدة في عقد العميل · لا موردَ على معدة التشغيل"
48994,skipped,0,0,"صفر أثرٍ قابلٍ للتوليد: لا سعر وحدةٍ لنوع المعدة في عقد العميل · لا موردَ على معدة التشغيل"
48995,skipped,0,0,"صفر أثرٍ قابلٍ للتوليد: لا سعر وحدةٍ لنوع المعدة في عقد العميل · لا موردَ على معدة التشغيل"
48996,skipped,0,0,"صفر أثرٍ قابلٍ للتوليد: لا سعر وحدةٍ لنوع المعدة في عقد العميل · لا موردَ على معدة التشغيل"
48997,skipped,0,0,"صفر أثرٍ قابلٍ للتوليد: لا سعر وحدةٍ لنوع المعدة في عقد العميل · لا موردَ على معدة التشغيل"
48998,skipped,0,0,"صفر أثرٍ قابلٍ للتوليد: لا سعر وحدةٍ لنوع المعدة في عقد العميل · لا موردَ على معدة التشغيل"
48999,skipped,0,0,"صفر أثرٍ قابلٍ للتوليد: لا سعر وحدةٍ لنوع المعدة في عقد العميل · لا موردَ على معدة التشغيل"
49000,skipped,0,0,"صفر أثرٍ قابلٍ للتوليد: لا سعر وحدةٍ لنوع المعدة في عقد العميل · لا موردَ على معدة التشغيل"
49001,skipped,0,0,"صفر أثرٍ قابلٍ للتوليد: لا سعر وحدةٍ لنوع المعدة في عقد العميل · لا موردَ على معدة التشغيل"
49002,skipped,0,0,"صفر أثرٍ قابلٍ للتوليد: لا سعر وحدةٍ لنوع المعدة في عقد العميل · لا موردَ على معدة التشغيل"
49003,skipped,0,0,"صفر أثرٍ قابلٍ للتوليد: لا سعر وحدةٍ لنوع المعدة في عقد العميل · لا موردَ على معدة التشغيل"
49004,skipped,0,0,"صفر أثرٍ قابلٍ للتوليد: لا سعر وحدةٍ لنوع المعدة في عقد العميل · لا موردَ على معدة التشغيل"
49005,skipped,0,0,"صفر أثرٍ قابلٍ للتوليد: لا سعر وحدةٍ لنوع المعدة في عقد العميل · لا موردَ على معدة التشغيل"
49006,skipped,0,0,"صفر أثرٍ قابلٍ للتوليد: لا سعر وحدةٍ لنوع المعدة في عقد العميل · لا موردَ على معدة التشغيل"
49007,skipped,0,0,"صفر أثرٍ قابلٍ للتوليد: لا سعر وحدةٍ لنوع المعدة في عقد العميل · لا موردَ على معدة التشغيل"
49008,skipped,0,0,"صفر أثرٍ قابلٍ للتوليد: لا سعر وحدةٍ لنوع المعدة في عقد العميل · لا موردَ على معدة التشغيل"
49009,skipped,0,0,"صفر أثرٍ قابلٍ للتوليد: لا سعر وحدةٍ لنوع المعدة في عقد العميل · لا موردَ على معدة التشغيل"
49010,skipped,0,0,"صفر أثرٍ قابلٍ للتوليد: لا سعر وحدةٍ لنوع المعدة في عقد العميل · لا موردَ على معدة التشغيل"
49011,skipped,0,0,"صفر أثرٍ قابلٍ للتوليد: لا سعر وحدةٍ لنوع المعدة في عقد العميل · لا موردَ على معدة التشغيل"
49012,skipped,0,0,"صفر أثرٍ قابلٍ للتوليد: لا سعر وحدةٍ لنوع المعدة في عقد العميل · لا موردَ على معدة التشغيل"
49013,skipped,0,0,"صفر أثرٍ قابلٍ للتوليد: لا سعر وحدةٍ لنوع المعدة في عقد العميل · لا موردَ على معدة التشغيل"
49014,skipped,0,0,"صفر أثرٍ قابلٍ للتوليد: لا سعر وحدةٍ لنوع المعدة في عقد العميل · لا موردَ على معدة التشغيل"
49015,skipped,0,0,"صفر أثرٍ قابلٍ للتوليد: لا سعر وحدةٍ لنوع المعدة في عقد العميل · لا موردَ على معدة التشغيل"
49016,skipped,0,0,"صفر أثرٍ قابلٍ للتوليد: لا سعر وحدةٍ لنوع المعدة في عقد العميل · لا موردَ على معدة التشغيل"
49096,skipped,0,0,"صفر أثرٍ قابلٍ للتوليد: لا سعر وحدةٍ لنوع المعدة في عقد العميل · لا سعر وحدةٍ لنوع المعدة في أي عقد موردٍ نشط"
49097,skipped,0,0,"صفر أثرٍ قابلٍ للتوليد: لا سعر وحدةٍ لنوع المعدة في عقد العميل · لا سعر وحدةٍ لنوع المعدة في أي عقد موردٍ نشط"
49098,skipped,0,0,"صفر أثرٍ قابلٍ للتوليد: لا سعر وحدةٍ لنوع المعدة في عقد العميل · لا سعر وحدةٍ لنوع المعدة في أي عقد موردٍ نشط"
49099,skipped,0,0,"صفر أثرٍ قابلٍ للتوليد: لا سعر وحدةٍ لنوع المعدة في عقد العميل · لا سعر وحدةٍ لنوع المعدة في أي عقد موردٍ نشط"
49100,skipped,0,0,"صفر أثرٍ قابلٍ للتوليد: لا سعر وحدةٍ لنوع المعدة في عقد العميل · لا سعر وحدةٍ لنوع المعدة في أي عقد موردٍ نشط"
49101,skipped,0,0,"صفر أثرٍ قابلٍ للتوليد: لا سعر وحدةٍ لنوع المعدة في عقد العميل · لا سعر وحدةٍ لنوع المعدة في أي عقد موردٍ نشط"
49102,skipped,0,0,"صفر أثرٍ قابلٍ للتوليد: لا سعر وحدةٍ لنوع المعدة في عقد العميل · لا سعر وحدةٍ لنوع المعدة في أي عقد موردٍ نشط"
49103,skipped,0,0,"صفر أثرٍ قابلٍ للتوليد: لا سعر وحدةٍ لنوع المعدة في عقد العميل · لا سعر وحدةٍ لنوع المعدة في أي عقد موردٍ نشط"
49104,skipped,0,0,"صفر أثرٍ قابلٍ للتوليد: لا سعر وحدةٍ لنوع المعدة في عقد العميل · لا سعر وحدةٍ لنوع المعدة في أي عقد موردٍ نشط"
49105,skipped,0,0,"صفر أثرٍ قابلٍ للتوليد: لا سعر وحدةٍ لنوع المعدة في عقد العميل · لا سعر وحدةٍ لنوع المعدة في أي عقد موردٍ نشط"
49106,skipped,0,0,"صفر أثرٍ قابلٍ للتوليد: لا سعر وحدةٍ لنوع المعدة في عقد العميل · لا سعر وحدةٍ لنوع المعدة في أي عقد موردٍ نشط"
49107,skipped,0,0,"صفر أثرٍ قابلٍ للتوليد: لا سعر وحدةٍ لنوع المعدة في عقد العميل · لا سعر وحدةٍ لنوع المعدة في أي عقد موردٍ نشط"
49108,skipped,0,0,"صفر أثرٍ قابلٍ للتوليد: لا سعر وحدةٍ لنوع المعدة في عقد العميل · لا سعر وحدةٍ لنوع المعدة في أي عقد موردٍ نشط"
49109,skipped,0,0,"صفر أثرٍ قابلٍ للتوليد: لا سعر وحدةٍ لنوع المعدة في عقد العميل · لا سعر وحدةٍ لنوع المعدة في أي عقد موردٍ نشط"
49110,skipped,0,0,"صفر أثرٍ قابلٍ للتوليد: لا سعر وحدةٍ لنوع المعدة في عقد العميل · لا سعر وحدةٍ لنوع المعدة في أي عقد موردٍ نشط"
49111,skipped,0,0,"صفر أثرٍ قابلٍ للتوليد: لا سعر وحدةٍ لنوع المعدة في عقد العميل · لا سعر وحدةٍ لنوع المعدة في أي عقد موردٍ نشط"
49112,skipped,0,0,"صفر أثرٍ قابلٍ للتوليد: لا سعر وحدةٍ لنوع المعدة في عقد العميل · لا سعر وحدةٍ لنوع المعدة في أي عقد موردٍ نشط"
49113,skipped,0,0,"صفر أثرٍ قابلٍ للتوليد: لا سعر وحدةٍ لنوع المعدة في عقد العميل · لا سعر وحدةٍ لنوع المعدة في أي عقد موردٍ نشط"
49114,skipped,0,0,"صفر أثرٍ قابلٍ للتوليد: لا سعر وحدةٍ لنوع المعدة في عقد العميل · لا سعر وحدةٍ لنوع المعدة في أي عقد موردٍ نشط"
49115,skipped,0,0,"صفر أثرٍ قابلٍ للتوليد: لا سعر وحدةٍ لنوع المعدة في عقد العميل · لا سعر وحدةٍ لنوع المعدة في أي عقد موردٍ نشط"
49116,skipped,0,0,"صفر أثرٍ قابلٍ للتوليد: لا سعر وحدةٍ لنوع المعدة في عقد العميل · لا سعر وحدةٍ لنوع المعدة في أي عقد موردٍ نشط"
49117,skipped,0,0,"صفر أثرٍ قابلٍ للتوليد: لا سعر وحدةٍ لنوع المعدة في عقد العميل · لا سعر وحدةٍ لنوع المعدة في أي عقد موردٍ نشط"
49118,skipped,0,0,"صفر أثرٍ قابلٍ للتوليد: لا سعر وحدةٍ لنوع المعدة في عقد العميل · لا سعر وحدةٍ لنوع المعدة في أي عقد موردٍ نشط"
49119,skipped,0,0,"صفر أثرٍ قابلٍ للتوليد: لا سعر وحدةٍ لنوع المعدة في عقد العميل · لا سعر وحدةٍ لنوع المعدة في أي عقد موردٍ نشط"
49120,skipped,0,0,"صفر أثرٍ قابلٍ للتوليد: لا سعر وحدةٍ لنوع المعدة في عقد العميل · لا سعر وحدةٍ لنوع المعدة في أي عقد موردٍ نشط"
49121,skipped,0,0,"صفر أثرٍ قابلٍ للتوليد: لا سعر وحدةٍ لنوع المعدة في عقد العميل · لا سعر وحدةٍ لنوع المعدة في أي عقد موردٍ نشط"
49122,skipped,0,0,"صفر أثرٍ قابلٍ للتوليد: لا سعر وحدةٍ لنوع المعدة في عقد العميل · لا سعر وحدةٍ لنوع المعدة في أي عقد موردٍ نشط"
49123,skipped,0,0,"صفر أثرٍ قابلٍ للتوليد: لا سعر وحدةٍ لنوع المعدة في عقد العميل · لا سعر وحدةٍ لنوع المعدة في أي عقد موردٍ نشط"
49124,skipped,0,0,"صفر أثرٍ قابلٍ للتوليد: لا سعر وحدةٍ لنوع المعدة في عقد العميل · لا سعر وحدةٍ لنوع المعدة في أي عقد موردٍ نشط"
49125,skipped,0,0,"صفر أثرٍ قابلٍ للتوليد: لا سعر وحدةٍ لنوع المعدة في عقد العميل · لا سعر وحدةٍ لنوع المعدة في أي عقد موردٍ نشط"
49126,skipped,0,0,"صفر أثرٍ قابلٍ للتوليد: لا سعر وحدةٍ لنوع المعدة في عقد العميل · لا سعر وحدةٍ لنوع المعدة في أي عقد موردٍ نشط"
49127,skipped,0,0,"صفر أثرٍ قابلٍ للتوليد: لا سعر وحدةٍ لنوع المعدة في عقد العميل · لا سعر وحدةٍ لنوع المعدة في أي عقد موردٍ نشط"
49128,skipped,0,0,"صفر أثرٍ قابلٍ للتوليد: لا سعر وحدةٍ لنوع المعدة في عقد العميل · لا سعر وحدةٍ لنوع المعدة في أي عقد موردٍ نشط"
49129,skipped,0,0,"صفر أثرٍ قابلٍ للتوليد: لا سعر وحدةٍ لنوع المعدة في عقد العميل · لا سعر وحدةٍ لنوع المعدة في أي عقد موردٍ نشط"
49130,skipped,0,0,"صفر أثرٍ قابلٍ للتوليد: لا سعر وحدةٍ لنوع المعدة في عقد العميل · لا سعر وحدةٍ لنوع المعدة في أي عقد موردٍ نشط"
49131,skipped,0,0,"صفر أثرٍ قابلٍ للتوليد: لا سعر وحدةٍ لنوع المعدة في عقد العميل · لا سعر وحدةٍ لنوع المعدة في أي عقد موردٍ نشط"
49132,skipped,0,0,"صفر أثرٍ قابلٍ للتوليد: لا سعر وحدةٍ لنوع المعدة في عقد العميل · لا سعر وحدةٍ لنوع المعدة في أي عقد موردٍ نشط"
49133,skipped,0,0,"صفر أثرٍ قابلٍ للتوليد: لا سعر وحدةٍ لنوع المعدة في عقد العميل · لا سعر وحدةٍ لنوع المعدة في أي عقد موردٍ نشط"
49134,skipped,0,0,"صفر أثرٍ قابلٍ للتوليد: لا سعر وحدةٍ لنوع المعدة في عقد العميل · لا سعر وحدةٍ لنوع المعدة في أي عقد موردٍ نشط"
49135,skipped,0,0,"صفر أثرٍ قابلٍ للتوليد: لا سعر وحدةٍ لنوع المعدة في عقد العميل · لا سعر وحدةٍ لنوع المعدة في أي عقد موردٍ نشط"
49136,skipped,0,0,"صفر أثرٍ قابلٍ للتوليد: لا سعر وحدةٍ لنوع المعدة في عقد العميل · لا سعر وحدةٍ لنوع المعدة في أي عقد موردٍ نشط"
49137,skipped,0,0,"صفر أثرٍ قابلٍ للتوليد: لا سعر وحدةٍ لنوع المعدة في عقد العميل · لا سعر وحدةٍ لنوع المعدة في أي عقد موردٍ نشط"
49138,skipped,0,0,"صفر أثرٍ قابلٍ للتوليد: لا سعر وحدةٍ لنوع المعدة في عقد العميل · لا سعر وحدةٍ لنوع المعدة في أي عقد موردٍ نشط"
49139,skipped,0,0,"صفر أثرٍ قابلٍ للتوليد: لا سعر وحدةٍ لنوع المعدة في عقد العميل · لا سعر وحدةٍ لنوع المعدة في أي عقد موردٍ نشط"
49140,skipped,0,0,"صفر أثرٍ قابلٍ للتوليد: لا سعر وحدةٍ لنوع المعدة في عقد العميل · لا سعر وحدةٍ لنوع المعدة في أي عقد موردٍ نشط"
49141,skipped,0,0,"صفر أثرٍ قابلٍ للتوليد: لا سعر وحدةٍ لنوع المعدة في عقد العميل · لا سعر وحدةٍ لنوع المعدة في أي عقد موردٍ نشط"
49142,skipped,0,0,"صفر أثرٍ قابلٍ للتوليد: لا سعر وحدةٍ لنوع المعدة في عقد العميل · لا سعر وحدةٍ لنوع المعدة في أي عقد موردٍ نشط"
49143,skipped,0,0,"صفر أثرٍ قابلٍ للتوليد: لا سعر وحدةٍ لنوع المعدة في عقد العميل · لا سعر وحدةٍ لنوع المعدة في أي عقد موردٍ نشط"
49144,skipped,0,0,"صفر أثرٍ قابلٍ للتوليد: لا سعر وحدةٍ لنوع المعدة في عقد العميل · لا سعر وحدةٍ لنوع المعدة في أي عقد موردٍ نشط"
49145,skipped,0,0,"صفر أثرٍ قابلٍ للتوليد: لا سعر وحدةٍ لنوع المعدة في عقد العميل · لا سعر وحدةٍ لنوع المعدة في أي عقد موردٍ نشط"
49146,skipped,0,0,"صفر أثرٍ قابلٍ للتوليد: لا سعر وحدةٍ لنوع المعدة في عقد العميل · لا سعر وحدةٍ لنوع المعدة في أي عقد موردٍ نشط"
49147,skipped,0,0,"صفر أثرٍ قابلٍ للتوليد: لا سعر وحدةٍ لنوع المعدة في عقد العميل · لا سعر وحدةٍ لنوع المعدة في أي عقد موردٍ نشط"
49148,skipped,0,0,"صفر أثرٍ قابلٍ للتوليد: لا سعر وحدةٍ لنوع المعدة في عقد العميل · لا سعر وحدةٍ لنوع المعدة في أي عقد موردٍ نشط"
49149,skipped,0,0,"صفر أثرٍ قابلٍ للتوليد: لا سعر وحدةٍ لنوع المعدة في عقد العميل · لا سعر وحدةٍ لنوع المعدة في أي عقد موردٍ نشط"
49150,skipped,0,0,"صفر أثرٍ قابلٍ للتوليد: لا سعر وحدةٍ لنوع المعدة في عقد العميل · لا سعر وحدةٍ لنوع المعدة في أي عقد موردٍ نشط"
49151,skipped,0,0,"صفر أثرٍ قابلٍ للتوليد: لا سعر وحدةٍ لنوع المعدة في عقد العميل · لا سعر وحدةٍ لنوع المعدة في أي عقد موردٍ نشط"
49152,skipped,0,0,"صفر أثرٍ قابلٍ للتوليد: لا سعر وحدةٍ لنوع المعدة في عقد العميل · لا سعر وحدةٍ لنوع المعدة في أي عقد موردٍ نشط"
49153,skipped,0,0,"صفر أثرٍ قابلٍ للتوليد: لا سعر وحدةٍ لنوع المعدة في عقد العميل · لا سعر وحدةٍ لنوع المعدة في أي عقد موردٍ نشط"
49154,skipped,0,0,"صفر أثرٍ قابلٍ للتوليد: لا سعر وحدةٍ لنوع المعدة في عقد العميل · لا سعر وحدةٍ لنوع المعدة في أي عقد موردٍ نشط"
49155,skipped,0,0,"صفر أثرٍ قابلٍ للتوليد: لا سعر وحدةٍ لنوع المعدة في عقد العميل · لا سعر وحدةٍ لنوع المعدة في أي عقد موردٍ نشط"
49156,skipped,0,0,"صفر أثرٍ قابلٍ للتوليد: لا سعر وحدةٍ لنوع المعدة في عقد العميل · لا سعر وحدةٍ لنوع المعدة في أي عقد موردٍ نشط"
49157,skipped,0,0,"صفر أثرٍ قابلٍ للتوليد: لا سعر وحدةٍ لنوع المعدة في عقد العميل · لا سعر وحدةٍ لنوع المعدة في أي عقد موردٍ نشط"
49158,skipped,0,0,"صفر أثرٍ قابلٍ للتوليد: لا سعر وحدةٍ لنوع المعدة في عقد العميل · لا سعر وحدةٍ لنوع المعدة في أي عقد موردٍ نشط"
49159,skipped,0,0,"صفر أثرٍ قابلٍ للتوليد: لا سعر وحدةٍ لنوع المعدة في عقد العميل · لا سعر وحدةٍ لنوع المعدة في أي عقد موردٍ نشط"
49160,skipped,0,0,"صفر أثرٍ قابلٍ للتوليد: لا سعر وحدةٍ لنوع المعدة في عقد العميل · لا سعر وحدةٍ لنوع المعدة في أي عقد موردٍ نشط"
49161,skipped,0,0,"صفر أثرٍ قابلٍ للتوليد: لا سعر وحدةٍ لنوع المعدة في عقد العميل · لا سعر وحدةٍ لنوع المعدة في أي عقد موردٍ نشط"
49162,skipped,0,0,"صفر أثرٍ قابلٍ للتوليد: لا سعر وحدةٍ لنوع المعدة في عقد العميل · لا سعر وحدةٍ لنوع المعدة في أي عقد موردٍ نشط"
49163,skipped,0,0,"صفر أثرٍ قابلٍ للتوليد: لا سعر وحدةٍ لنوع المعدة في عقد العميل · لا سعر وحدةٍ لنوع المعدة في أي عقد موردٍ نشط"
49164,skipped,0,0,"صفر أثرٍ قابلٍ للتوليد: لا سعر وحدةٍ لنوع المعدة في عقد العميل · لا سعر وحدةٍ لنوع المعدة في أي عقد موردٍ نشط"
49165,skipped,0,0,"صفر أثرٍ قابلٍ للتوليد: لا سعر وحدةٍ لنوع المعدة في عقد العميل · لا سعر وحدةٍ لنوع المعدة في أي عقد موردٍ نشط"
49166,skipped,0,0,"صفر أثرٍ قابلٍ للتوليد: لا سعر وحدةٍ لنوع المعدة في عقد العميل · لا سعر وحدةٍ لنوع المعدة في أي عقد موردٍ نشط"
49167,skipped,0,0,"صفر أثرٍ قابلٍ للتوليد: لا سعر وحدةٍ لنوع المعدة في عقد العميل · لا سعر وحدةٍ لنوع المعدة في أي عقد موردٍ نشط"
49168,skipped,0,0,"صفر أثرٍ قابلٍ للتوليد: لا سعر وحدةٍ لنوع المعدة في عقد العميل · لا سعر وحدةٍ لنوع المعدة في أي عقد موردٍ نشط"
49169,skipped,0,0,"صفر أثرٍ قابلٍ للتوليد: لا سعر وحدةٍ لنوع المعدة في عقد العميل · لا سعر وحدةٍ لنوع المعدة في أي عقد موردٍ نشط"
49170,skipped,0,0,"صفر أثرٍ قابلٍ للتوليد: لا سعر وحدةٍ لنوع المعدة في عقد العميل · لا سعر وحدةٍ لنوع المعدة في أي عقد موردٍ نشط"
49171,skipped,0,0,"صفر أثرٍ قابلٍ للتوليد: لا سعر وحدةٍ لنوع المعدة في عقد العميل · لا سعر وحدةٍ لنوع المعدة في أي عقد موردٍ نشط"
49172,skipped,0,0,"صفر أثرٍ قابلٍ للتوليد: لا سعر وحدةٍ لنوع المعدة في عقد العميل · لا سعر وحدةٍ لنوع المعدة في أي عقد موردٍ نشط"
49173,skipped,0,0,"صفر أثرٍ قابلٍ للتوليد: لا سعر وحدةٍ لنوع المعدة في عقد العميل · لا سعر وحدةٍ لنوع المعدة في أي عقد موردٍ نشط"
49174,skipped,0,0,"صفر أثرٍ قابلٍ للتوليد: لا سعر وحدةٍ لنوع المعدة في عقد العميل · لا سعر وحدةٍ لنوع المعدة في أي عقد موردٍ نشط"
49175,skipped,0,0,"صفر أثرٍ قابلٍ للتوليد: لا سعر وحدةٍ لنوع المعدة في عقد العميل · لا سعر وحدةٍ لنوع المعدة في أي عقد موردٍ نشط"
49176,skipped,0,0,"صفر أثرٍ قابلٍ للتوليد: لا سعر وحدةٍ لنوع المعدة في عقد العميل · لا سعر وحدةٍ لنوع المعدة في أي عقد موردٍ نشط"
49177,skipped,0,0,"صفر أثرٍ قابلٍ للتوليد: لا سعر وحدةٍ لنوع المعدة في عقد العميل · لا سعر وحدةٍ لنوع المعدة في أي عقد موردٍ نشط"
49178,skipped,0,0,"صفر أثرٍ قابلٍ للتوليد: لا سعر وحدةٍ لنوع المعدة في عقد العميل · لا سعر وحدةٍ لنوع المعدة في أي عقد موردٍ نشط"
49179,skipped,0,0,"صفر أثرٍ قابلٍ للتوليد: لا سعر وحدةٍ لنوع المعدة في عقد العميل · لا سعر وحدةٍ لنوع المعدة في أي عقد موردٍ نشط"
49180,skipped,0,0,"صفر أثرٍ قابلٍ للتوليد: لا سعر وحدةٍ لنوع المعدة في عقد العميل · لا سعر وحدةٍ لنوع المعدة في أي عقد موردٍ نشط"
49181,skipped,0,0,"صفر أثرٍ قابلٍ للتوليد: لا سعر وحدةٍ لنوع المعدة في عقد العميل · لا سعر وحدةٍ لنوع المعدة في أي عقد موردٍ نشط"
49182,skipped,0,0,"صفر أثرٍ قابلٍ للتوليد: لا سعر وحدةٍ لنوع المعدة في عقد العميل · لا سعر وحدةٍ لنوع المعدة في أي عقد موردٍ نشط"
49183,skipped,0,0,"صفر أثرٍ قابلٍ للتوليد: لا سعر وحدةٍ لنوع المعدة في عقد العميل · لا سعر وحدةٍ لنوع المعدة في أي عقد موردٍ نشط"
49184,skipped,0,0,"صفر أثرٍ قابلٍ للتوليد: لا سعر وحدةٍ لنوع المعدة في عقد العميل · لا سعر وحدةٍ لنوع المعدة في أي عقد موردٍ نشط"
49185,skipped,0,0,"صفر أثرٍ قابلٍ للتوليد: لا سعر وحدةٍ لنوع المعدة في عقد العميل · لا سعر وحدةٍ لنوع المعدة في أي عقد موردٍ نشط"
49186,skipped,0,0,"صفر أثرٍ قابلٍ للتوليد: لا سعر وحدةٍ لنوع المعدة في عقد العميل · لا سعر وحدةٍ لنوع المعدة في أي عقد موردٍ نشط"
49187,skipped,0,0,"صفر أثرٍ قابلٍ للتوليد: لا سعر وحدةٍ لنوع المعدة في عقد العميل · لا سعر وحدةٍ لنوع المعدة في أي عقد موردٍ نشط"
49188,skipped,0,0,"صفر أثرٍ قابلٍ للتوليد: لا سعر وحدةٍ لنوع المعدة في عقد العميل · لا سعر وحدةٍ لنوع المعدة في أي عقد موردٍ نشط"
49189,skipped,0,0,"صفر أثرٍ قابلٍ للتوليد: لا سعر وحدةٍ لنوع المعدة في عقد العميل · لا سعر وحدةٍ لنوع المعدة في أي عقد موردٍ نشط"
49190,skipped,0,0,"صفر أثرٍ قابلٍ للتوليد: لا سعر وحدةٍ لنوع المعدة في عقد العميل · لا سعر وحدةٍ لنوع المعدة في أي عقد موردٍ نشط"
49191,skipped,0,0,"صفر أثرٍ قابلٍ للتوليد: لا سعر وحدةٍ لنوع المعدة في عقد العميل · لا سعر وحدةٍ لنوع المعدة في أي عقد موردٍ نشط"
49192,skipped,0,0,"صفر أثرٍ قابلٍ للتوليد: لا سعر وحدةٍ لنوع المعدة في عقد العميل · لا سعر وحدةٍ لنوع المعدة في أي عقد موردٍ نشط"
49193,skipped,0,0,"صفر أثرٍ قابلٍ للتوليد: لا سعر وحدةٍ لنوع المعدة في عقد العميل · لا سعر وحدةٍ لنوع المعدة في أي عقد موردٍ نشط"
49194,skipped,0,0,"صفر أثرٍ قابلٍ للتوليد: لا سعر وحدةٍ لنوع المعدة في عقد العميل · لا سعر وحدةٍ لنوع المعدة في أي عقد موردٍ نشط"
49195,skipped,0,0,"صفر أثرٍ قابلٍ للتوليد: لا سعر وحدةٍ لنوع المعدة في عقد العميل · لا سعر وحدةٍ لنوع المعدة في أي عقد موردٍ نشط"
49196,skipped,0,0,"صفر أثرٍ قابلٍ للتوليد: لا سعر وحدةٍ لنوع المعدة في عقد العميل · لا سعر وحدةٍ لنوع المعدة في أي عقد موردٍ نشط"
49197,skipped,0,0,"صفر أثرٍ قابلٍ للتوليد: لا سعر وحدةٍ لنوع المعدة في عقد العميل · لا سعر وحدةٍ لنوع المعدة في أي عقد موردٍ نشط"
49198,skipped,0,0,"صفر أثرٍ قابلٍ للتوليد: لا سعر وحدةٍ لنوع المعدة في عقد العميل · لا سعر وحدةٍ لنوع المعدة في أي عقد موردٍ نشط"
49199,skipped,0,0,"صفر أثرٍ قابلٍ للتوليد: لا سعر وحدةٍ لنوع المعدة في عقد العميل · لا سعر وحدةٍ لنوع المعدة في أي عقد موردٍ نشط"
49200,skipped,0,0,"صفر أثرٍ قابلٍ للتوليد: لا سعر وحدةٍ لنوع المعدة في عقد العميل · لا سعر وحدةٍ لنوع المعدة في أي عقد موردٍ نشط"
49201,skipped,0,0,"صفر أثرٍ قابلٍ للتوليد: لا سعر وحدةٍ لنوع المعدة في عقد العميل · لا سعر وحدةٍ لنوع المعدة في أي عقد موردٍ نشط"
49202,skipped,0,0,"صفر أثرٍ قابلٍ للتوليد: لا سعر وحدةٍ لنوع المعدة في عقد العميل · لا سعر وحدةٍ لنوع المعدة في أي عقد موردٍ نشط"
49203,skipped,0,0,"صفر أثرٍ قابلٍ للتوليد: لا سعر وحدةٍ لنوع المعدة في عقد العميل · لا سعر وحدةٍ لنوع المعدة في أي عقد موردٍ نشط"
49204,skipped,0,0,"صفر أثرٍ قابلٍ للتوليد: لا سعر وحدةٍ لنوع المعدة في عقد العميل · لا سعر وحدةٍ لنوع المعدة في أي عقد موردٍ نشط"
49205,skipped,0,0,"صفر أثرٍ قابلٍ للتوليد: لا سعر وحدةٍ لنوع المعدة في عقد العميل · لا سعر وحدةٍ لنوع المعدة في أي عقد موردٍ نشط"
49206,skipped,0,0,"صفر أثرٍ قابلٍ للتوليد: لا سعر وحدةٍ لنوع المعدة في عقد العميل · لا سعر وحدةٍ لنوع المعدة في أي عقد موردٍ نشط"
49207,skipped,0,0,"صفر أثرٍ قابلٍ للتوليد: لا سعر وحدةٍ لنوع المعدة في عقد العميل · لا سعر وحدةٍ لنوع المعدة في أي عقد موردٍ نشط"
49208,skipped,0,0,"صفر أثرٍ قابلٍ للتوليد: لا سعر وحدةٍ لنوع المعدة في عقد العميل · لا سعر وحدةٍ لنوع المعدة في أي عقد موردٍ نشط"
49209,skipped,0,0,"صفر أثرٍ قابلٍ للتوليد: لا سعر وحدةٍ لنوع المعدة في عقد العميل · لا سعر وحدةٍ لنوع المعدة في أي عقد موردٍ نشط"
49210,skipped,0,0,"صفر أثرٍ قابلٍ للتوليد: لا سعر وحدةٍ لنوع المعدة في عقد العميل · لا سعر وحدةٍ لنوع المعدة في أي عقد موردٍ نشط"
53778,skipped,0,0,"صفر أثرٍ قابلٍ للتوليد: لا سعر وحدةٍ لنوع المعدة في عقد العميل · لا سعر وحدةٍ لنوع المعدة في أي عقد موردٍ نشط"
53779,skipped,0,0,"صفر أثرٍ قابلٍ للتوليد: لا سعر وحدةٍ لنوع المعدة في عقد العميل · لا سعر وحدةٍ لنوع المعدة في أي عقد موردٍ نشط"
53780,skipped,0,0,"صفر أثرٍ قابلٍ للتوليد: لا سعر وحدةٍ لنوع المعدة في عقد العميل · لا سعر وحدةٍ لنوع المعدة في أي عقد موردٍ نشط"
53781,skipped,0,0,"صفر أثرٍ قابلٍ للتوليد: لا سعر وحدةٍ لنوع المعدة في عقد العميل · لا سعر وحدةٍ لنوع المعدة في أي عقد موردٍ نشط"
53782,skipped,0,0,"صفر أثرٍ قابلٍ للتوليد: لا سعر وحدةٍ لنوع المعدة في عقد العميل · لا سعر وحدةٍ لنوع المعدة في أي عقد موردٍ نشط"
53783,skipped,0,0,"صفر أثرٍ قابلٍ للتوليد: لا سعر وحدةٍ لنوع المعدة في عقد العميل · لا سعر وحدةٍ لنوع المعدة في أي عقد موردٍ نشط"
53784,skipped,0,0,"صفر أثرٍ قابلٍ للتوليد: لا سعر وحدةٍ لنوع المعدة في عقد العميل · لا سعر وحدةٍ لنوع المعدة في أي عقد موردٍ نشط"
53785,skipped,0,0,"صفر أثرٍ قابلٍ للتوليد: لا سعر وحدةٍ لنوع المعدة في عقد العميل · لا سعر وحدةٍ لنوع المعدة في أي عقد موردٍ نشط"
53786,skipped,0,0,"صفر أثرٍ قابلٍ للتوليد: لا سعر وحدةٍ لنوع المعدة في عقد العميل · لا سعر وحدةٍ لنوع المعدة في أي عقد موردٍ نشط"
53787,skipped,0,0,"صفر أثرٍ قابلٍ للتوليد: لا سعر وحدةٍ لنوع المعدة في عقد العميل · لا سعر وحدةٍ لنوع المعدة في أي عقد موردٍ نشط"
53788,skipped,0,0,"صفر أثرٍ قابلٍ للتوليد: لا سعر وحدةٍ لنوع المعدة في عقد العميل · لا سعر وحدةٍ لنوع المعدة في أي عقد موردٍ نشط"
53789,skipped,0,0,"صفر أثرٍ قابلٍ للتوليد: لا سعر وحدةٍ لنوع المعدة في عقد العميل · لا سعر وحدةٍ لنوع المعدة في أي عقد موردٍ نشط"
53790,skipped,0,0,"صفر أثرٍ قابلٍ للتوليد: لا سعر وحدةٍ لنوع المعدة في عقد العميل · لا سعر وحدةٍ لنوع المعدة في أي عقد موردٍ نشط"
53791,skipped,0,0,"صفر أثرٍ قابلٍ للتوليد: لا سعر وحدةٍ لنوع المعدة في عقد العميل · لا سعر وحدةٍ لنوع المعدة في أي عقد موردٍ نشط"
53792,skipped,0,0,"صفر أثرٍ قابلٍ للتوليد: لا سعر وحدةٍ لنوع المعدة في عقد العميل · لا سعر وحدةٍ لنوع المعدة في أي عقد موردٍ نشط"
53793,skipped,0,0,"صفر أثرٍ قابلٍ للتوليد: لا سعر وحدةٍ لنوع المعدة في عقد العميل · لا سعر وحدةٍ لنوع المعدة في أي عقد موردٍ نشط"
53794,skipped,0,0,"صفر أثرٍ قابلٍ للتوليد: لا سعر وحدةٍ لنوع المعدة في عقد العميل · لا سعر وحدةٍ لنوع المعدة في أي عقد موردٍ نشط"
53795,skipped,0,0,"صفر أثرٍ قابلٍ للتوليد: لا سعر وحدةٍ لنوع المعدة في عقد العميل · لا سعر وحدةٍ لنوع المعدة في أي عقد موردٍ نشط"
53796,skipped,0,0,"صفر أثرٍ قابلٍ للتوليد: لا سعر وحدةٍ لنوع المعدة في عقد العميل · لا سعر وحدةٍ لنوع المعدة في أي عقد موردٍ نشط"
53797,skipped,0,0,"صفر أثرٍ قابلٍ للتوليد: لا سعر وحدةٍ لنوع المعدة في عقد العميل · لا سعر وحدةٍ لنوع المعدة في أي عقد موردٍ نشط"
53798,skipped,0,0,"صفر أثرٍ قابلٍ للتوليد: لا سعر وحدةٍ لنوع المعدة في عقد العميل · لا سعر وحدةٍ لنوع المعدة في أي عقد موردٍ نشط"
53799,skipped,0,0,"صفر أثرٍ قابلٍ للتوليد: لا سعر وحدةٍ لنوع المعدة في عقد العميل · لا سعر وحدةٍ لنوع المعدة في أي عقد موردٍ نشط"
53800,skipped,0,0,"صفر أثرٍ قابلٍ للتوليد: لا سعر وحدةٍ لنوع المعدة في عقد العميل · لا سعر وحدةٍ لنوع المعدة في أي عقد موردٍ نشط"
53801,skipped,0,0,"صفر أثرٍ قابلٍ للتوليد: لا سعر وحدةٍ لنوع المعدة في عقد العميل · لا سعر وحدةٍ لنوع المعدة في أي عقد موردٍ نشط"
53802,skipped,0,0,"صفر أثرٍ قابلٍ للتوليد: لا سعر وحدةٍ لنوع المعدة في عقد العميل · لا سعر وحدةٍ لنوع المعدة في أي عقد موردٍ نشط"
53803,skipped,0,0,"صفر أثرٍ قابلٍ للتوليد: لا سعر وحدةٍ لنوع المعدة في عقد العميل · لا سعر وحدةٍ لنوع المعدة في أي عقد موردٍ نشط"
53804,skipped,0,0,"صفر أثرٍ قابلٍ للتوليد: لا سعر وحدةٍ لنوع المعدة في عقد العميل · لا سعر وحدةٍ لنوع المعدة في أي عقد موردٍ نشط"
53805,skipped,0,0,"صفر أثرٍ قابلٍ للتوليد: لا سعر وحدةٍ لنوع المعدة في عقد العميل · لا سعر وحدةٍ لنوع المعدة في أي عقد موردٍ نشط"
53806,skipped,0,0,"صفر أثرٍ قابلٍ للتوليد: لا سعر وحدةٍ لنوع المعدة في عقد العميل · لا سعر وحدةٍ لنوع المعدة في أي عقد موردٍ نشط"
53807,skipped,0,0,"صفر أثرٍ قابلٍ للتوليد: لا سعر وحدةٍ لنوع المعدة في عقد العميل · لا سعر وحدةٍ لنوع المعدة في أي عقد موردٍ نشط"
53808,skipped,0,0,"صفر أثرٍ قابلٍ للتوليد: لا سعر وحدةٍ لنوع المعدة في عقد العميل · لا سعر وحدةٍ لنوع المعدة في أي عقد موردٍ نشط"
53809,skipped,0,0,"صفر أثرٍ قابلٍ للتوليد: لا سعر وحدةٍ لنوع المعدة في عقد العميل · لا سعر وحدةٍ لنوع المعدة في أي عقد موردٍ نشط"
53810,skipped,0,0,"صفر أثرٍ قابلٍ للتوليد: لا سعر وحدةٍ لنوع المعدة في عقد العميل · لا سعر وحدةٍ لنوع المعدة في أي عقد موردٍ نشط"
53811,skipped,0,0,"صفر أثرٍ قابلٍ للتوليد: لا سعر وحدةٍ لنوع المعدة في عقد العميل · لا سعر وحدةٍ لنوع المعدة في أي عقد موردٍ نشط"
53812,skipped,0,0,"صفر أثرٍ قابلٍ للتوليد: لا سعر وحدةٍ لنوع المعدة في عقد العميل · لا سعر وحدةٍ لنوع المعدة في أي عقد موردٍ نشط"
53813,skipped,0,0,"صفر أثرٍ قابلٍ للتوليد: لا سعر وحدةٍ لنوع المعدة في عقد العميل · لا سعر وحدةٍ لنوع المعدة في أي عقد موردٍ نشط"
53814,skipped,0,0,"صفر أثرٍ قابلٍ للتوليد: لا سعر وحدةٍ لنوع المعدة في عقد العميل · لا سعر وحدةٍ لنوع المعدة في أي عقد موردٍ نشط"
53815,skipped,0,0,"صفر أثرٍ قابلٍ للتوليد: لا سعر وحدةٍ لنوع المعدة في عقد العميل · لا سعر وحدةٍ لنوع المعدة في أي عقد موردٍ نشط"
53816,skipped,0,0,"صفر أثرٍ قابلٍ للتوليد: لا سعر وحدةٍ لنوع المعدة في عقد العميل · لا سعر وحدةٍ لنوع المعدة في أي عقد موردٍ نشط"
53817,skipped,0,0,"صفر أثرٍ قابلٍ للتوليد: لا سعر وحدةٍ لنوع المعدة في عقد العميل · لا سعر وحدةٍ لنوع المعدة في أي عقد موردٍ نشط"
53818,skipped,0,0,"صفر أثرٍ قابلٍ للتوليد: لا سعر وحدةٍ لنوع المعدة في عقد العميل · لا سعر وحدةٍ لنوع المعدة في أي عقد موردٍ نشط"
53819,skipped,0,0,"صفر أثرٍ قابلٍ للتوليد: لا سعر وحدةٍ لنوع المعدة في عقد العميل · لا سعر وحدةٍ لنوع المعدة في أي عقد موردٍ نشط"
53820,skipped,0,0,"صفر أثرٍ قابلٍ للتوليد: لا سعر وحدةٍ لنوع المعدة في عقد العميل · لا سعر وحدةٍ لنوع المعدة في أي عقد موردٍ نشط"
53821,skipped,0,0,"صفر أثرٍ قابلٍ للتوليد: لا سعر وحدةٍ لنوع المعدة في عقد العميل · لا سعر وحدةٍ لنوع المعدة في أي عقد موردٍ نشط"
53822,skipped,0,0,"صفر أثرٍ قابلٍ للتوليد: لا سعر وحدةٍ لنوع المعدة في عقد العميل · لا سعر وحدةٍ لنوع المعدة في أي عقد موردٍ نشط"
53823,skipped,0,0,"صفر أثرٍ قابلٍ للتوليد: لا سعر وحدةٍ لنوع المعدة في عقد العميل · لا سعر وحدةٍ لنوع المعدة في أي عقد موردٍ نشط"
53824,skipped,0,0,"صفر أثرٍ قابلٍ للتوليد: لا سعر وحدةٍ لنوع المعدة في عقد العميل · لا سعر وحدةٍ لنوع المعدة في أي عقد موردٍ نشط"
53825,skipped,0,0,"صفر أثرٍ قابلٍ للتوليد: لا سعر وحدةٍ لنوع المعدة في عقد العميل · لا سعر وحدةٍ لنوع المعدة في أي عقد موردٍ نشط"
53826,skipped,0,0,"صفر أثرٍ قابلٍ للتوليد: لا سعر وحدةٍ لنوع المعدة في عقد العميل · لا سعر وحدةٍ لنوع المعدة في أي عقد موردٍ نشط"
53827,skipped,0,0,"صفر أثرٍ قابلٍ للتوليد: لا سعر وحدةٍ لنوع المعدة في عقد العميل · لا سعر وحدةٍ لنوع المعدة في أي عقد موردٍ نشط"
53828,skipped,0,0,"صفر أثرٍ قابلٍ للتوليد: لا سعر وحدةٍ لنوع المعدة في عقد العميل · لا سعر وحدةٍ لنوع المعدة في أي عقد موردٍ نشط"
53829,skipped,0,0,"صفر أثرٍ قابلٍ للتوليد: لا سعر وحدةٍ لنوع المعدة في عقد العميل · لا سعر وحدةٍ لنوع المعدة في أي عقد موردٍ نشط"
53830,skipped,0,0,"صفر أثرٍ قابلٍ للتوليد: لا سعر وحدةٍ لنوع المعدة في عقد العميل · لا سعر وحدةٍ لنوع المعدة في أي عقد موردٍ نشط"
53831,skipped,0,0,"صفر أثرٍ قابلٍ للتوليد: لا سعر وحدةٍ لنوع المعدة في عقد العميل · لا سعر وحدةٍ لنوع المعدة في أي عقد موردٍ نشط"
53832,skipped,0,0,"صفر أثرٍ قابلٍ للتوليد: لا سعر وحدةٍ لنوع المعدة في عقد العميل · لا سعر وحدةٍ لنوع المعدة في أي عقد موردٍ نشط"
53833,skipped,0,0,"صفر أثرٍ قابلٍ للتوليد: لا سعر وحدةٍ لنوع المعدة في عقد العميل · لا سعر وحدةٍ لنوع المعدة في أي عقد موردٍ نشط"
53834,skipped,0,0,"صفر أثرٍ قابلٍ للتوليد: لا سعر وحدةٍ لنوع المعدة في عقد العميل · لا سعر وحدةٍ لنوع المعدة في أي عقد موردٍ نشط"
53835,skipped,0,0,"صفر أثرٍ قابلٍ للتوليد: لا سعر وحدةٍ لنوع المعدة في عقد العميل · لا سعر وحدةٍ لنوع المعدة في أي عقد موردٍ نشط"
53836,skipped,0,0,"صفر أثرٍ قابلٍ للتوليد: لا سعر وحدةٍ لنوع المعدة في عقد العميل · لا سعر وحدةٍ لنوع المعدة في أي عقد موردٍ نشط"
53837,skipped,0,0,"صفر أثرٍ قابلٍ للتوليد: لا سعر وحدةٍ لنوع المعدة في عقد العميل · لا سعر وحدةٍ لنوع المعدة في أي عقد موردٍ نشط"
53838,skipped,0,0,"صفر أثرٍ قابلٍ للتوليد: لا سعر وحدةٍ لنوع المعدة في عقد العميل · لا سعر وحدةٍ لنوع المعدة في أي عقد موردٍ نشط"
54080,skipped,0,0,"صفر أثرٍ قابلٍ للتوليد: لا سعر وحدةٍ لنوع المعدة في عقد العميل · لا سعر وحدةٍ لنوع المعدة في أي عقد موردٍ نشط"
54081,skipped,0,0,"صفر أثرٍ قابلٍ للتوليد: لا سعر وحدةٍ لنوع المعدة في عقد العميل · لا سعر وحدةٍ لنوع المعدة في أي عقد موردٍ نشط"
54082,skipped,0,0,"صفر أثرٍ قابلٍ للتوليد: لا سعر وحدةٍ لنوع المعدة في عقد العميل · لا سعر وحدةٍ لنوع المعدة في أي عقد موردٍ نشط"
54083,skipped,0,0,"صفر أثرٍ قابلٍ للتوليد: لا سعر وحدةٍ لنوع المعدة في عقد العميل · لا سعر وحدةٍ لنوع المعدة في أي عقد موردٍ نشط"
54084,skipped,0,0,"صفر أثرٍ قابلٍ للتوليد: لا سعر وحدةٍ لنوع المعدة في عقد العميل · لا سعر وحدةٍ لنوع المعدة في أي عقد موردٍ نشط"
54085,skipped,0,0,"صفر أثرٍ قابلٍ للتوليد: لا سعر وحدةٍ لنوع المعدة في عقد العميل · لا سعر وحدةٍ لنوع المعدة في أي عقد موردٍ نشط"
54086,skipped,0,0,"صفر أثرٍ قابلٍ للتوليد: لا سعر وحدةٍ لنوع المعدة في عقد العميل · لا سعر وحدةٍ لنوع المعدة في أي عقد موردٍ نشط"
54087,skipped,0,0,"صفر أثرٍ قابلٍ للتوليد: لا سعر وحدةٍ لنوع المعدة في عقد العميل · لا سعر وحدةٍ لنوع المعدة في أي عقد موردٍ نشط"
54088,skipped,0,0,"صفر أثرٍ قابلٍ للتوليد: لا سعر وحدةٍ لنوع المعدة في عقد العميل · لا سعر وحدةٍ لنوع المعدة في أي عقد موردٍ نشط"
54089,skipped,0,0,"صفر أثرٍ قابلٍ للتوليد: لا سعر وحدةٍ لنوع المعدة في عقد العميل · لا سعر وحدةٍ لنوع المعدة في أي عقد موردٍ نشط"
54090,skipped,0,0,"صفر أثرٍ قابلٍ للتوليد: لا سعر وحدةٍ لنوع المعدة في عقد العميل · لا سعر وحدةٍ لنوع المعدة في أي عقد موردٍ نشط"
54091,skipped,0,0,"صفر أثرٍ قابلٍ للتوليد: لا سعر وحدةٍ لنوع المعدة في عقد العميل · لا سعر وحدةٍ لنوع المعدة في أي عقد موردٍ نشط"
54092,skipped,0,0,"صفر أثرٍ قابلٍ للتوليد: لا سعر وحدةٍ لنوع المعدة في عقد العميل · لا سعر وحدةٍ لنوع المعدة في أي عقد موردٍ نشط"
54093,skipped,0,0,"صفر أثرٍ قابلٍ للتوليد: لا سعر وحدةٍ لنوع المعدة في عقد العميل · لا سعر وحدةٍ لنوع المعدة في أي عقد موردٍ نشط"
54094,skipped,0,0,"صفر أثرٍ قابلٍ للتوليد: لا سعر وحدةٍ لنوع المعدة في عقد العميل · لا سعر وحدةٍ لنوع المعدة في أي عقد موردٍ نشط"
54095,skipped,0,0,"صفر أثرٍ قابلٍ للتوليد: لا سعر وحدةٍ لنوع المعدة في عقد العميل · لا سعر وحدةٍ لنوع المعدة في أي عقد موردٍ نشط"
54096,skipped,0,0,"صفر أثرٍ قابلٍ للتوليد: لا سعر وحدةٍ لنوع المعدة في عقد العميل · لا سعر وحدةٍ لنوع المعدة في أي عقد موردٍ نشط"
54097,skipped,0,0,"صفر أثرٍ قابلٍ للتوليد: لا سعر وحدةٍ لنوع المعدة في عقد العميل · لا سعر وحدةٍ لنوع المعدة في أي عقد موردٍ نشط"
54098,skipped,0,0,"صفر أثرٍ قابلٍ للتوليد: لا سعر وحدةٍ لنوع المعدة في عقد العميل · لا سعر وحدةٍ لنوع المعدة في أي عقد موردٍ نشط"
54099,skipped,0,0,"صفر أثرٍ قابلٍ للتوليد: لا سعر وحدةٍ لنوع المعدة في عقد العميل · لا سعر وحدةٍ لنوع المعدة في أي عقد موردٍ نشط"
54100,skipped,0,0,"صفر أثرٍ قابلٍ للتوليد: لا سعر وحدةٍ لنوع المعدة في عقد العميل · لا سعر وحدةٍ لنوع المعدة في أي عقد موردٍ نشط"
54101,skipped,0,0,"صفر أثرٍ قابلٍ للتوليد: لا سعر وحدةٍ لنوع المعدة في عقد العميل · لا سعر وحدةٍ لنوع المعدة في أي عقد موردٍ نشط"
54102,skipped,0,0,"صفر أثرٍ قابلٍ للتوليد: لا سعر وحدةٍ لنوع المعدة في عقد العميل · لا سعر وحدةٍ لنوع المعدة في أي عقد موردٍ نشط"
54103,skipped,0,0,"صفر أثرٍ قابلٍ للتوليد: لا سعر وحدةٍ لنوع المعدة في عقد العميل · لا سعر وحدةٍ لنوع المعدة في أي عقد موردٍ نشط"
54104,skipped,0,0,"صفر أثرٍ قابلٍ للتوليد: لا سعر وحدةٍ لنوع المعدة في عقد العميل · لا سعر وحدةٍ لنوع المعدة في أي عقد موردٍ نشط"
54105,skipped,0,0,"صفر أثرٍ قابلٍ للتوليد: لا سعر وحدةٍ لنوع المعدة في عقد العميل · لا سعر وحدةٍ لنوع المعدة في أي عقد موردٍ نشط"
54106,skipped,0,0,"صفر أثرٍ قابلٍ للتوليد: لا سعر وحدةٍ لنوع المعدة في عقد العميل · لا سعر وحدةٍ لنوع المعدة في أي عقد موردٍ نشط"
54107,skipped,0,0,"صفر أثرٍ قابلٍ للتوليد: لا سعر وحدةٍ لنوع المعدة في عقد العميل · لا سعر وحدةٍ لنوع المعدة في أي عقد موردٍ نشط"
54108,skipped,0,0,"صفر أثرٍ قابلٍ للتوليد: لا سعر وحدةٍ لنوع المعدة في عقد العميل · لا سعر وحدةٍ لنوع المعدة في أي عقد موردٍ نشط"
54109,skipped,0,0,"صفر أثرٍ قابلٍ للتوليد: لا سعر وحدةٍ لنوع المعدة في عقد العميل · لا سعر وحدةٍ لنوع المعدة في أي عقد موردٍ نشط"
54110,skipped,0,0,"صفر أثرٍ قابلٍ للتوليد: لا سعر وحدةٍ لنوع المعدة في عقد العميل · لا سعر وحدةٍ لنوع المعدة في أي عقد موردٍ نشط"
54111,skipped,0,0,"صفر أثرٍ قابلٍ للتوليد: لا سعر وحدةٍ لنوع المعدة في عقد العميل · لا سعر وحدةٍ لنوع المعدة في أي عقد موردٍ نشط"
54112,skipped,0,0,"صفر أثرٍ قابلٍ للتوليد: لا سعر وحدةٍ لنوع المعدة في عقد العميل · لا سعر وحدةٍ لنوع المعدة في أي عقد موردٍ نشط"
54113,skipped,0,0,"صفر أثرٍ قابلٍ للتوليد: لا سعر وحدةٍ لنوع المعدة في عقد العميل · لا سعر وحدةٍ لنوع المعدة في أي عقد موردٍ نشط"
54114,skipped,0,0,"صفر أثرٍ قابلٍ للتوليد: لا سعر وحدةٍ لنوع المعدة في عقد العميل · لا سعر وحدةٍ لنوع المعدة في أي عقد موردٍ نشط"
54115,skipped,0,0,"صفر أثرٍ قابلٍ للتوليد: لا سعر وحدةٍ لنوع المعدة في عقد العميل · لا سعر وحدةٍ لنوع المعدة في أي عقد موردٍ نشط"
54116,skipped,0,0,"صفر أثرٍ قابلٍ للتوليد: لا سعر وحدةٍ لنوع المعدة في عقد العميل · لا سعر وحدةٍ لنوع المعدة في أي عقد موردٍ نشط"
54117,skipped,0,0,"صفر أثرٍ قابلٍ للتوليد: لا سعر وحدةٍ لنوع المعدة في عقد العميل · لا سعر وحدةٍ لنوع المعدة في أي عقد موردٍ نشط"
54118,skipped,0,0,"صفر أثرٍ قابلٍ للتوليد: لا سعر وحدةٍ لنوع المعدة في عقد العميل · لا سعر وحدةٍ لنوع المعدة في أي عقد موردٍ نشط"
54119,skipped,0,0,"صفر أثرٍ قابلٍ للتوليد: لا سعر وحدةٍ لنوع المعدة في عقد العميل · لا سعر وحدةٍ لنوع المعدة في أي عقد موردٍ نشط"
54120,skipped,0,0,"صفر أثرٍ قابلٍ للتوليد: لا سعر وحدةٍ لنوع المعدة في عقد العميل · لا سعر وحدةٍ لنوع المعدة في أي عقد موردٍ نشط"
54121,skipped,0,0,"صفر أثرٍ قابلٍ للتوليد: لا سعر وحدةٍ لنوع المعدة في عقد العميل · لا سعر وحدةٍ لنوع المعدة في أي عقد موردٍ نشط"
54122,skipped,0,0,"صفر أثرٍ قابلٍ للتوليد: لا سعر وحدةٍ لنوع المعدة في عقد العميل · لا سعر وحدةٍ لنوع المعدة في أي عقد موردٍ نشط"
54123,skipped,0,0,"صفر أثرٍ قابلٍ للتوليد: لا سعر وحدةٍ لنوع المعدة في عقد العميل · لا سعر وحدةٍ لنوع المعدة في أي عقد موردٍ نشط"
54124,skipped,0,0,"صفر أثرٍ قابلٍ للتوليد: لا سعر وحدةٍ لنوع المعدة في عقد العميل · لا سعر وحدةٍ لنوع المعدة في أي عقد موردٍ نشط"
54125,skipped,0,0,"صفر أثرٍ قابلٍ للتوليد: لا سعر وحدةٍ لنوع المعدة في عقد العميل · لا سعر وحدةٍ لنوع المعدة في أي عقد موردٍ نشط"
54126,skipped,0,0,"صفر أثرٍ قابلٍ للتوليد: لا سعر وحدةٍ لنوع المعدة في عقد العميل · لا سعر وحدةٍ لنوع المعدة في أي عقد موردٍ نشط"
54127,skipped,0,0,"صفر أثرٍ قابلٍ للتوليد: لا سعر وحدةٍ لنوع المعدة في عقد العميل · لا سعر وحدةٍ لنوع المعدة في أي عقد موردٍ نشط"
54128,skipped,0,0,"صفر أثرٍ قابلٍ للتوليد: لا سعر وحدةٍ لنوع المعدة في عقد العميل · لا سعر وحدةٍ لنوع المعدة في أي عقد موردٍ نشط"
54129,skipped,0,0,"صفر أثرٍ قابلٍ للتوليد: لا سعر وحدةٍ لنوع المعدة في عقد العميل · لا سعر وحدةٍ لنوع المعدة في أي عقد موردٍ نشط"
54130,skipped,0,0,"صفر أثرٍ قابلٍ للتوليد: لا سعر وحدةٍ لنوع المعدة في عقد العميل · لا سعر وحدةٍ لنوع المعدة في أي عقد موردٍ نشط"
54131,skipped,0,0,"صفر أثرٍ قابلٍ للتوليد: لا سعر وحدةٍ لنوع المعدة في عقد العميل · لا سعر وحدةٍ لنوع المعدة في أي عقد موردٍ نشط"
54132,skipped,0,0,"صفر أثرٍ قابلٍ للتوليد: لا سعر وحدةٍ لنوع المعدة في عقد العميل · لا سعر وحدةٍ لنوع المعدة في أي عقد موردٍ نشط"
54133,skipped,0,0,"صفر أثرٍ قابلٍ للتوليد: لا سعر وحدةٍ لنوع المعدة في عقد العميل · لا سعر وحدةٍ لنوع المعدة في أي عقد موردٍ نشط"
54134,skipped,0,0,"صفر أثرٍ قابلٍ للتوليد: لا سعر وحدةٍ لنوع المعدة في عقد العميل · لا سعر وحدةٍ لنوع المعدة في أي عقد موردٍ نشط"
54135,skipped,0,0,"صفر أثرٍ قابلٍ للتوليد: لا سعر وحدةٍ لنوع المعدة في عقد العميل · لا سعر وحدةٍ لنوع المعدة في أي عقد موردٍ نشط"
54136,skipped,0,0,"صفر أثرٍ قابلٍ للتوليد: لا سعر وحدةٍ لنوع المعدة في عقد العميل · لا سعر وحدةٍ لنوع المعدة في أي عقد موردٍ نشط"
54137,skipped,0,0,"صفر أثرٍ قابلٍ للتوليد: لا سعر وحدةٍ لنوع المعدة في عقد العميل · لا سعر وحدةٍ لنوع المعدة في أي عقد موردٍ نشط"
54138,skipped,0,0,"صفر أثرٍ قابلٍ للتوليد: لا سعر وحدةٍ لنوع المعدة في عقد العميل · لا سعر وحدةٍ لنوع المعدة في أي عقد موردٍ نشط"
54139,skipped,0,0,"صفر أثرٍ قابلٍ للتوليد: لا سعر وحدةٍ لنوع المعدة في عقد العميل · لا سعر وحدةٍ لنوع المعدة في أي عقد موردٍ نشط"
54140,skipped,0,0,"صفر أثرٍ قابلٍ للتوليد: لا سعر وحدةٍ لنوع المعدة في عقد العميل · لا سعر وحدةٍ لنوع المعدة في أي عقد موردٍ نشط"
54254,skipped,0,0,"صفر أثرٍ قابلٍ للتوليد: لا سعر وحدةٍ لنوع المعدة في عقد العميل · لا سعر وحدةٍ لنوع المعدة في أي عقد موردٍ نشط"
54255,skipped,0,0,"صفر أثرٍ قابلٍ للتوليد: لا سعر وحدةٍ لنوع المعدة في عقد العميل · لا سعر وحدةٍ لنوع المعدة في أي عقد موردٍ نشط"
54256,skipped,0,0,"صفر أثرٍ قابلٍ للتوليد: لا سعر وحدةٍ لنوع المعدة في عقد العميل · لا سعر وحدةٍ لنوع المعدة في أي عقد موردٍ نشط"
54257,skipped,0,0,"صفر أثرٍ قابلٍ للتوليد: لا سعر وحدةٍ لنوع المعدة في عقد العميل · لا سعر وحدةٍ لنوع المعدة في أي عقد موردٍ نشط"
54258,skipped,0,0,"صفر أثرٍ قابلٍ للتوليد: لا سعر وحدةٍ لنوع المعدة في عقد العميل · لا سعر وحدةٍ لنوع المعدة في أي عقد موردٍ نشط"
54259,skipped,0,0,"صفر أثرٍ قابلٍ للتوليد: لا سعر وحدةٍ لنوع المعدة في عقد العميل · لا سعر وحدةٍ لنوع المعدة في أي عقد موردٍ نشط"
54260,skipped,0,0,"صفر أثرٍ قابلٍ للتوليد: لا سعر وحدةٍ لنوع المعدة في عقد العميل · لا سعر وحدةٍ لنوع المعدة في أي عقد موردٍ نشط"
54261,skipped,0,0,"صفر أثرٍ قابلٍ للتوليد: لا سعر وحدةٍ لنوع المعدة في عقد العميل · لا سعر وحدةٍ لنوع المعدة في أي عقد موردٍ نشط"
54262,skipped,0,0,"صفر أثرٍ قابلٍ للتوليد: لا سعر وحدةٍ لنوع المعدة في عقد العميل · لا سعر وحدةٍ لنوع المعدة في أي عقد موردٍ نشط"
54263,skipped,0,0,"صفر أثرٍ قابلٍ للتوليد: لا سعر وحدةٍ لنوع المعدة في عقد العميل · لا سعر وحدةٍ لنوع المعدة في أي عقد موردٍ نشط"
54264,skipped,0,0,"صفر أثرٍ قابلٍ للتوليد: لا سعر وحدةٍ لنوع المعدة في عقد العميل · لا سعر وحدةٍ لنوع المعدة في أي عقد موردٍ نشط"
54265,skipped,0,0,"صفر أثرٍ قابلٍ للتوليد: لا سعر وحدةٍ لنوع المعدة في عقد العميل · لا سعر وحدةٍ لنوع المعدة في أي عقد موردٍ نشط"
54266,skipped,0,0,"صفر أثرٍ قابلٍ للتوليد: لا سعر وحدةٍ لنوع المعدة في عقد العميل · لا سعر وحدةٍ لنوع المعدة في أي عقد موردٍ نشط"
54267,skipped,0,0,"صفر أثرٍ قابلٍ للتوليد: لا سعر وحدةٍ لنوع المعدة في عقد العميل · لا سعر وحدةٍ لنوع المعدة في أي عقد موردٍ نشط"
54268,skipped,0,0,"صفر أثرٍ قابلٍ للتوليد: لا سعر وحدةٍ لنوع المعدة في عقد العميل · لا سعر وحدةٍ لنوع المعدة في أي عقد موردٍ نشط"
54269,skipped,0,0,"صفر أثرٍ قابلٍ للتوليد: لا سعر وحدةٍ لنوع المعدة في عقد العميل · لا سعر وحدةٍ لنوع المعدة في أي عقد موردٍ نشط"
54270,skipped,0,0,"صفر أثرٍ قابلٍ للتوليد: لا سعر وحدةٍ لنوع المعدة في عقد العميل · لا سعر وحدةٍ لنوع المعدة في أي عقد موردٍ نشط"
54271,skipped,0,0,"صفر أثرٍ قابلٍ للتوليد: لا سعر وحدةٍ لنوع المعدة في عقد العميل · لا سعر وحدةٍ لنوع المعدة في أي عقد موردٍ نشط"
54272,skipped,0,0,"صفر أثرٍ قابلٍ للتوليد: لا سعر وحدةٍ لنوع المعدة في عقد العميل · لا سعر وحدةٍ لنوع المعدة في أي عقد موردٍ نشط"
54273,skipped,0,0,"صفر أثرٍ قابلٍ للتوليد: لا سعر وحدةٍ لنوع المعدة في عقد العميل · لا سعر وحدةٍ لنوع المعدة في أي عقد موردٍ نشط"
54274,skipped,0,0,"صفر أثرٍ قابلٍ للتوليد: لا سعر وحدةٍ لنوع المعدة في عقد العميل · لا سعر وحدةٍ لنوع المعدة في أي عقد موردٍ نشط"
54275,skipped,0,0,"صفر أثرٍ قابلٍ للتوليد: لا سعر وحدةٍ لنوع المعدة في عقد العميل · لا سعر وحدةٍ لنوع المعدة في أي عقد موردٍ نشط"
54276,skipped,0,0,"صفر أثرٍ قابلٍ للتوليد: لا سعر وحدةٍ لنوع المعدة في عقد العميل · لا سعر وحدةٍ لنوع المعدة في أي عقد موردٍ نشط"
54277,skipped,0,0,"صفر أثرٍ قابلٍ للتوليد: لا سعر وحدةٍ لنوع المعدة في عقد العميل · لا سعر وحدةٍ لنوع المعدة في أي عقد موردٍ نشط"
54278,skipped,0,0,"صفر أثرٍ قابلٍ للتوليد: لا سعر وحدةٍ لنوع المعدة في عقد العميل · لا سعر وحدةٍ لنوع المعدة في أي عقد موردٍ نشط"
54279,skipped,0,0,"صفر أثرٍ قابلٍ للتوليد: لا سعر وحدةٍ لنوع المعدة في عقد العميل · لا سعر وحدةٍ لنوع المعدة في أي عقد موردٍ نشط"
54280,skipped,0,0,"صفر أثرٍ قابلٍ للتوليد: لا سعر وحدةٍ لنوع المعدة في عقد العميل · لا سعر وحدةٍ لنوع المعدة في أي عقد موردٍ نشط"
54281,skipped,0,0,"صفر أثرٍ قابلٍ للتوليد: لا سعر وحدةٍ لنوع المعدة في عقد العميل · لا سعر وحدةٍ لنوع المعدة في أي عقد موردٍ نشط"
54282,skipped,0,0,"صفر أثرٍ قابلٍ للتوليد: لا سعر وحدةٍ لنوع المعدة في عقد العميل · لا سعر وحدةٍ لنوع المعدة في أي عقد موردٍ نشط"
54283,skipped,0,0,"صفر أثرٍ قابلٍ للتوليد: لا سعر وحدةٍ لنوع المعدة في عقد العميل · لا سعر وحدةٍ لنوع المعدة في أي عقد موردٍ نشط"
54284,skipped,0,0,"صفر أثرٍ قابلٍ للتوليد: لا سعر وحدةٍ لنوع المعدة في عقد العميل · لا سعر وحدةٍ لنوع المعدة في أي عقد موردٍ نشط"
54285,skipped,0,0,"صفر أثرٍ قابلٍ للتوليد: لا سعر وحدةٍ لنوع المعدة في عقد العميل · لا سعر وحدةٍ لنوع المعدة في أي عقد موردٍ نشط"
54286,skipped,0,0,"صفر أثرٍ قابلٍ للتوليد: لا سعر وحدةٍ لنوع المعدة في عقد العميل · لا سعر وحدةٍ لنوع المعدة في أي عقد موردٍ نشط"
54287,skipped,0,0,"صفر أثرٍ قابلٍ للتوليد: لا سعر وحدةٍ لنوع المعدة في عقد العميل · لا سعر وحدةٍ لنوع المعدة في أي عقد موردٍ نشط"
54288,skipped,0,0,"صفر أثرٍ قابلٍ للتوليد: لا سعر وحدةٍ لنوع المعدة في عقد العميل · لا سعر وحدةٍ لنوع المعدة في أي عقد موردٍ نشط"
54289,skipped,0,0,"صفر أثرٍ قابلٍ للتوليد: لا سعر وحدةٍ لنوع المعدة في عقد العميل · لا سعر وحدةٍ لنوع المعدة في أي عقد موردٍ نشط"
54290,skipped,0,0,"صفر أثرٍ قابلٍ للتوليد: لا سعر وحدةٍ لنوع المعدة في عقد العميل · لا سعر وحدةٍ لنوع المعدة في أي عقد موردٍ نشط"
54291,skipped,0,0,"صفر أثرٍ قابلٍ للتوليد: لا سعر وحدةٍ لنوع المعدة في عقد العميل · لا سعر وحدةٍ لنوع المعدة في أي عقد موردٍ نشط"
54292,skipped,0,0,"صفر أثرٍ قابلٍ للتوليد: لا سعر وحدةٍ لنوع المعدة في عقد العميل · لا سعر وحدةٍ لنوع المعدة في أي عقد موردٍ نشط"
54293,skipped,0,0,"صفر أثرٍ قابلٍ للتوليد: لا سعر وحدةٍ لنوع المعدة في عقد العميل · لا سعر وحدةٍ لنوع المعدة في أي عقد موردٍ نشط"
54294,skipped,0,0,"صفر أثرٍ قابلٍ للتوليد: لا سعر وحدةٍ لنوع المعدة في عقد العميل · لا سعر وحدةٍ لنوع المعدة في أي عقد موردٍ نشط"
54295,skipped,0,0,"صفر أثرٍ قابلٍ للتوليد: لا سعر وحدةٍ لنوع المعدة في عقد العميل · لا سعر وحدةٍ لنوع المعدة في أي عقد موردٍ نشط"
54296,skipped,0,0,"صفر أثرٍ قابلٍ للتوليد: لا سعر وحدةٍ لنوع المعدة في عقد العميل · لا سعر وحدةٍ لنوع المعدة في أي عقد موردٍ نشط"
54297,skipped,0,0,"صفر أثرٍ قابلٍ للتوليد: لا سعر وحدةٍ لنوع المعدة في عقد العميل · لا سعر وحدةٍ لنوع المعدة في أي عقد موردٍ نشط"
54298,skipped,0,0,"صفر أثرٍ قابلٍ للتوليد: لا سعر وحدةٍ لنوع المعدة في عقد العميل · لا سعر وحدةٍ لنوع المعدة في أي عقد موردٍ نشط"
54299,skipped,0,0,"صفر أثرٍ قابلٍ للتوليد: لا سعر وحدةٍ لنوع المعدة في عقد العميل · لا سعر وحدةٍ لنوع المعدة في أي عقد موردٍ نشط"
54300,skipped,0,0,"صفر أثرٍ قابلٍ للتوليد: لا سعر وحدةٍ لنوع المعدة في عقد العميل · لا سعر وحدةٍ لنوع المعدة في أي عقد موردٍ نشط"
54301,skipped,0,0,"صفر أثرٍ قابلٍ للتوليد: لا سعر وحدةٍ لنوع المعدة في عقد العميل · لا سعر وحدةٍ لنوع المعدة في أي عقد موردٍ نشط"
54302,skipped,0,0,"صفر أثرٍ قابلٍ للتوليد: لا سعر وحدةٍ لنوع المعدة في عقد العميل · لا سعر وحدةٍ لنوع المعدة في أي عقد موردٍ نشط"
54303,skipped,0,0,"صفر أثرٍ قابلٍ للتوليد: لا سعر وحدةٍ لنوع المعدة في عقد العميل · لا سعر وحدةٍ لنوع المعدة في أي عقد موردٍ نشط"
54304,skipped,0,0,"صفر أثرٍ قابلٍ للتوليد: لا سعر وحدةٍ لنوع المعدة في عقد العميل · لا سعر وحدةٍ لنوع المعدة في أي عقد موردٍ نشط"
54305,skipped,0,0,"صفر أثرٍ قابلٍ للتوليد: لا سعر وحدةٍ لنوع المعدة في عقد العميل · لا سعر وحدةٍ لنوع المعدة في أي عقد موردٍ نشط"
54306,skipped,0,0,"صفر أثرٍ قابلٍ للتوليد: لا سعر وحدةٍ لنوع المعدة في عقد العميل · لا سعر وحدةٍ لنوع المعدة في أي عقد موردٍ نشط"
54307,skipped,0,0,"صفر أثرٍ قابلٍ للتوليد: لا سعر وحدةٍ لنوع المعدة في عقد العميل · لا سعر وحدةٍ لنوع المعدة في أي عقد موردٍ نشط"
54308,skipped,0,0,"صفر أثرٍ قابلٍ للتوليد: لا سعر وحدةٍ لنوع المعدة في عقد العميل · لا سعر وحدةٍ لنوع المعدة في أي عقد موردٍ نشط"
54309,skipped,0,0,"صفر أثرٍ قابلٍ للتوليد: لا سعر وحدةٍ لنوع المعدة في عقد العميل · لا سعر وحدةٍ لنوع المعدة في أي عقد موردٍ نشط"
54310,skipped,0,0,"صفر أثرٍ قابلٍ للتوليد: لا سعر وحدةٍ لنوع المعدة في عقد العميل · لا سعر وحدةٍ لنوع المعدة في أي عقد موردٍ نشط"
54311,skipped,0,0,"صفر أثرٍ قابلٍ للتوليد: لا سعر وحدةٍ لنوع المعدة في عقد العميل · لا سعر وحدةٍ لنوع المعدة في أي عقد موردٍ نشط"
54312,skipped,0,0,"صفر أثرٍ قابلٍ للتوليد: لا سعر وحدةٍ لنوع المعدة في عقد العميل · لا سعر وحدةٍ لنوع المعدة في أي عقد موردٍ نشط"
54313,skipped,0,0,"صفر أثرٍ قابلٍ للتوليد: لا سعر وحدةٍ لنوع المعدة في عقد العميل · لا سعر وحدةٍ لنوع المعدة في أي عقد موردٍ نشط"
54314,skipped,0,0,"صفر أثرٍ قابلٍ للتوليد: لا سعر وحدةٍ لنوع المعدة في عقد العميل · لا سعر وحدةٍ لنوع المعدة في أي عقد موردٍ نشط"
54448,skipped,0,0,"صفر أثرٍ قابلٍ للتوليد: لا سعر وحدةٍ لنوع المعدة في عقد العميل · لا سعر وحدةٍ لنوع المعدة في أي عقد موردٍ نشط"
54449,skipped,0,0,"صفر أثرٍ قابلٍ للتوليد: لا سعر وحدةٍ لنوع المعدة في عقد العميل · لا سعر وحدةٍ لنوع المعدة في أي عقد موردٍ نشط"
54450,skipped,0,0,"صفر أثرٍ قابلٍ للتوليد: لا سعر وحدةٍ لنوع المعدة في عقد العميل · لا سعر وحدةٍ لنوع المعدة في أي عقد موردٍ نشط"
54451,skipped,0,0,"صفر أثرٍ قابلٍ للتوليد: لا سعر وحدةٍ لنوع المعدة في عقد العميل · لا سعر وحدةٍ لنوع المعدة في أي عقد موردٍ نشط"
54452,skipped,0,0,"صفر أثرٍ قابلٍ للتوليد: لا سعر وحدةٍ لنوع المعدة في عقد العميل · لا سعر وحدةٍ لنوع المعدة في أي عقد موردٍ نشط"
54453,skipped,0,0,"صفر أثرٍ قابلٍ للتوليد: لا سعر وحدةٍ لنوع المعدة في عقد العميل · لا سعر وحدةٍ لنوع المعدة في أي عقد موردٍ نشط"
54454,skipped,0,0,"صفر أثرٍ قابلٍ للتوليد: لا سعر وحدةٍ لنوع المعدة في عقد العميل · لا سعر وحدةٍ لنوع المعدة في أي عقد موردٍ نشط"
54455,skipped,0,0,"صفر أثرٍ قابلٍ للتوليد: لا سعر وحدةٍ لنوع المعدة في عقد العميل · لا سعر وحدةٍ لنوع المعدة في أي عقد موردٍ نشط"
54456,skipped,0,0,"صفر أثرٍ قابلٍ للتوليد: لا سعر وحدةٍ لنوع المعدة في عقد العميل · لا سعر وحدةٍ لنوع المعدة في أي عقد موردٍ نشط"
54457,skipped,0,0,"صفر أثرٍ قابلٍ للتوليد: لا سعر وحدةٍ لنوع المعدة في عقد العميل · لا سعر وحدةٍ لنوع المعدة في أي عقد موردٍ نشط"
54458,skipped,0,0,"صفر أثرٍ قابلٍ للتوليد: لا سعر وحدةٍ لنوع المعدة في عقد العميل · لا سعر وحدةٍ لنوع المعدة في أي عقد موردٍ نشط"
54459,skipped,0,0,"صفر أثرٍ قابلٍ للتوليد: لا سعر وحدةٍ لنوع المعدة في عقد العميل · لا سعر وحدةٍ لنوع المعدة في أي عقد موردٍ نشط"
54460,skipped,0,0,"صفر أثرٍ قابلٍ للتوليد: لا سعر وحدةٍ لنوع المعدة في عقد العميل · لا سعر وحدةٍ لنوع المعدة في أي عقد موردٍ نشط"
54461,skipped,0,0,"صفر أثرٍ قابلٍ للتوليد: لا سعر وحدةٍ لنوع المعدة في عقد العميل · لا سعر وحدةٍ لنوع المعدة في أي عقد موردٍ نشط"
54462,skipped,0,0,"صفر أثرٍ قابلٍ للتوليد: لا سعر وحدةٍ لنوع المعدة في عقد العميل · لا سعر وحدةٍ لنوع المعدة في أي عقد موردٍ نشط"
54463,skipped,0,0,"صفر أثرٍ قابلٍ للتوليد: لا سعر وحدةٍ لنوع المعدة في عقد العميل · لا سعر وحدةٍ لنوع المعدة في أي عقد موردٍ نشط"
54464,skipped,0,0,"صفر أثرٍ قابلٍ للتوليد: لا سعر وحدةٍ لنوع المعدة في عقد العميل · لا سعر وحدةٍ لنوع المعدة في أي عقد موردٍ نشط"
54465,skipped,0,0,"صفر أثرٍ قابلٍ للتوليد: لا سعر وحدةٍ لنوع المعدة في عقد العميل · لا سعر وحدةٍ لنوع المعدة في أي عقد موردٍ نشط"
54466,skipped,0,0,"صفر أثرٍ قابلٍ للتوليد: لا سعر وحدةٍ لنوع المعدة في عقد العميل · لا سعر وحدةٍ لنوع المعدة في أي عقد موردٍ نشط"
54467,skipped,0,0,"صفر أثرٍ قابلٍ للتوليد: لا سعر وحدةٍ لنوع المعدة في عقد العميل · لا سعر وحدةٍ لنوع المعدة في أي عقد موردٍ نشط"
54468,skipped,0,0,"صفر أثرٍ قابلٍ للتوليد: لا سعر وحدةٍ لنوع المعدة في عقد العميل · لا سعر وحدةٍ لنوع المعدة في أي عقد موردٍ نشط"
54469,skipped,0,0,"صفر أثرٍ قابلٍ للتوليد: لا سعر وحدةٍ لنوع المعدة في عقد العميل · لا سعر وحدةٍ لنوع المعدة في أي عقد موردٍ نشط"
54470,skipped,0,0,"صفر أثرٍ قابلٍ للتوليد: لا سعر وحدةٍ لنوع المعدة في عقد العميل · لا سعر وحدةٍ لنوع المعدة في أي عقد موردٍ نشط"
54471,skipped,0,0,"صفر أثرٍ قابلٍ للتوليد: لا سعر وحدةٍ لنوع المعدة في عقد العميل · لا سعر وحدةٍ لنوع المعدة في أي عقد موردٍ نشط"
54472,skipped,0,0,"صفر أثرٍ قابلٍ للتوليد: لا سعر وحدةٍ لنوع المعدة في عقد العميل · لا سعر وحدةٍ لنوع المعدة في أي عقد موردٍ نشط"
54473,skipped,0,0,"صفر أثرٍ قابلٍ للتوليد: لا سعر وحدةٍ لنوع المعدة في عقد العميل · لا سعر وحدةٍ لنوع المعدة في أي عقد موردٍ نشط"
54474,skipped,0,0,"صفر أثرٍ قابلٍ للتوليد: لا سعر وحدةٍ لنوع المعدة في عقد العميل · لا سعر وحدةٍ لنوع المعدة في أي عقد موردٍ نشط"
54475,skipped,0,0,"صفر أثرٍ قابلٍ للتوليد: لا سعر وحدةٍ لنوع المعدة في عقد العميل · لا سعر وحدةٍ لنوع المعدة في أي عقد موردٍ نشط"
54476,skipped,0,0,"صفر أثرٍ قابلٍ للتوليد: لا سعر وحدةٍ لنوع المعدة في عقد العميل · لا سعر وحدةٍ لنوع المعدة في أي عقد موردٍ نشط"
54477,skipped,0,0,"صفر أثرٍ قابلٍ للتوليد: لا سعر وحدةٍ لنوع المعدة في عقد العميل · لا سعر وحدةٍ لنوع المعدة في أي عقد موردٍ نشط"
54478,skipped,0,0,"صفر أثرٍ قابلٍ للتوليد: لا سعر وحدةٍ لنوع المعدة في عقد العميل · لا سعر وحدةٍ لنوع المعدة في أي عقد موردٍ نشط"
54479,skipped,0,0,"صفر أثرٍ قابلٍ للتوليد: لا سعر وحدةٍ لنوع المعدة في عقد العميل · لا سعر وحدةٍ لنوع المعدة في أي عقد موردٍ نشط"
54480,skipped,0,0,"صفر أثرٍ قابلٍ للتوليد: لا سعر وحدةٍ لنوع المعدة في عقد العميل · لا سعر وحدةٍ لنوع المعدة في أي عقد موردٍ نشط"
54481,skipped,0,0,"صفر أثرٍ قابلٍ للتوليد: لا سعر وحدةٍ لنوع المعدة في عقد العميل · لا سعر وحدةٍ لنوع المعدة في أي عقد موردٍ نشط"
54482,skipped,0,0,"صفر أثرٍ قابلٍ للتوليد: لا سعر وحدةٍ لنوع المعدة في عقد العميل · لا سعر وحدةٍ لنوع المعدة في أي عقد موردٍ نشط"
54483,skipped,0,0,"صفر أثرٍ قابلٍ للتوليد: لا سعر وحدةٍ لنوع المعدة في عقد العميل · لا سعر وحدةٍ لنوع المعدة في أي عقد موردٍ نشط"
54484,skipped,0,0,"صفر أثرٍ قابلٍ للتوليد: لا سعر وحدةٍ لنوع المعدة في عقد العميل · لا سعر وحدةٍ لنوع المعدة في أي عقد موردٍ نشط"
54485,skipped,0,0,"صفر أثرٍ قابلٍ للتوليد: لا سعر وحدةٍ لنوع المعدة في عقد العميل · لا سعر وحدةٍ لنوع المعدة في أي عقد موردٍ نشط"
54486,skipped,0,0,"صفر أثرٍ قابلٍ للتوليد: لا سعر وحدةٍ لنوع المعدة في عقد العميل · لا سعر وحدةٍ لنوع المعدة في أي عقد موردٍ نشط"
54487,skipped,0,0,"صفر أثرٍ قابلٍ للتوليد: لا سعر وحدةٍ لنوع المعدة في عقد العميل · لا سعر وحدةٍ لنوع المعدة في أي عقد موردٍ نشط"
54488,skipped,0,0,"صفر أثرٍ قابلٍ للتوليد: لا سعر وحدةٍ لنوع المعدة في عقد العميل · لا سعر وحدةٍ لنوع المعدة في أي عقد موردٍ نشط"
54489,skipped,0,0,"صفر أثرٍ قابلٍ للتوليد: لا سعر وحدةٍ لنوع المعدة في عقد العميل · لا سعر وحدةٍ لنوع المعدة في أي عقد موردٍ نشط"
54490,skipped,0,0,"صفر أثرٍ قابلٍ للتوليد: لا سعر وحدةٍ لنوع المعدة في عقد العميل · لا سعر وحدةٍ لنوع المعدة في أي عقد موردٍ نشط"
54491,skipped,0,0,"صفر أثرٍ قابلٍ للتوليد: لا سعر وحدةٍ لنوع المعدة في عقد العميل · لا سعر وحدةٍ لنوع المعدة في أي عقد موردٍ نشط"
54492,skipped,0,0,"صفر أثرٍ قابلٍ للتوليد: لا سعر وحدةٍ لنوع المعدة في عقد العميل · لا سعر وحدةٍ لنوع المعدة في أي عقد موردٍ نشط"
54493,skipped,0,0,"صفر أثرٍ قابلٍ للتوليد: لا سعر وحدةٍ لنوع المعدة في عقد العميل · لا سعر وحدةٍ لنوع المعدة في أي عقد موردٍ نشط"
54494,skipped,0,0,"صفر أثرٍ قابلٍ للتوليد: لا سعر وحدةٍ لنوع المعدة في عقد العميل · لا سعر وحدةٍ لنوع المعدة في أي عقد موردٍ نشط"
54495,skipped,0,0,"صفر أثرٍ قابلٍ للتوليد: لا سعر وحدةٍ لنوع المعدة في عقد العميل · لا سعر وحدةٍ لنوع المعدة في أي عقد موردٍ نشط"
54496,skipped,0,0,"صفر أثرٍ قابلٍ للتوليد: لا سعر وحدةٍ لنوع المعدة في عقد العميل · لا سعر وحدةٍ لنوع المعدة في أي عقد موردٍ نشط"
54497,skipped,0,0,"صفر أثرٍ قابلٍ للتوليد: لا سعر وحدةٍ لنوع المعدة في عقد العميل · لا سعر وحدةٍ لنوع المعدة في أي عقد موردٍ نشط"
54498,skipped,0,0,"صفر أثرٍ قابلٍ للتوليد: لا سعر وحدةٍ لنوع المعدة في عقد العميل · لا سعر وحدةٍ لنوع المعدة في أي عقد موردٍ نشط"
54499,skipped,0,0,"صفر أثرٍ قابلٍ للتوليد: لا سعر وحدةٍ لنوع المعدة في عقد العميل · لا سعر وحدةٍ لنوع المعدة في أي عقد موردٍ نشط"
54500,skipped,0,0,"صفر أثرٍ قابلٍ للتوليد: لا سعر وحدةٍ لنوع المعدة في عقد العميل · لا سعر وحدةٍ لنوع المعدة في أي عقد موردٍ نشط"
54501,skipped,0,0,"صفر أثرٍ قابلٍ للتوليد: لا سعر وحدةٍ لنوع المعدة في عقد العميل · لا سعر وحدةٍ لنوع المعدة في أي عقد موردٍ نشط"
54502,skipped,0,0,"صفر أثرٍ قابلٍ للتوليد: لا سعر وحدةٍ لنوع المعدة في عقد العميل · لا سعر وحدةٍ لنوع المعدة في أي عقد موردٍ نشط"
54503,skipped,0,0,"صفر أثرٍ قابلٍ للتوليد: لا سعر وحدةٍ لنوع المعدة في عقد العميل · لا سعر وحدةٍ لنوع المعدة في أي عقد موردٍ نشط"
54504,skipped,0,0,"صفر أثرٍ قابلٍ للتوليد: لا سعر وحدةٍ لنوع المعدة في عقد العميل · لا سعر وحدةٍ لنوع المعدة في أي عقد موردٍ نشط"
54505,skipped,0,0,"صفر أثرٍ قابلٍ للتوليد: لا سعر وحدةٍ لنوع المعدة في عقد العميل · لا سعر وحدةٍ لنوع المعدة في أي عقد موردٍ نشط"
54506,skipped,0,0,"صفر أثرٍ قابلٍ للتوليد: لا سعر وحدةٍ لنوع المعدة في عقد العميل · لا سعر وحدةٍ لنوع المعدة في أي عقد موردٍ نشط"
54507,skipped,0,0,"صفر أثرٍ قابلٍ للتوليد: لا سعر وحدةٍ لنوع المعدة في عقد العميل · لا سعر وحدةٍ لنوع المعدة في أي عقد موردٍ نشط"
54508,skipped,0,0,"صفر أثرٍ قابلٍ للتوليد: لا سعر وحدةٍ لنوع المعدة في عقد العميل · لا سعر وحدةٍ لنوع المعدة في أي عقد موردٍ نشط"
54539,skipped,0,0,"صفر أثرٍ قابلٍ للتوليد: لا سعر وحدةٍ لنوع المعدة في عقد العميل · لا سعر وحدةٍ لنوع المعدة في أي عقد موردٍ نشط"
54540,skipped,0,0,"صفر أثرٍ قابلٍ للتوليد: لا سعر وحدةٍ لنوع المعدة في عقد العميل · لا سعر وحدةٍ لنوع المعدة في أي عقد موردٍ نشط"
54541,skipped,0,0,"صفر أثرٍ قابلٍ للتوليد: لا سعر وحدةٍ لنوع المعدة في عقد العميل · لا سعر وحدةٍ لنوع المعدة في أي عقد موردٍ نشط"
54542,skipped,0,0,"صفر أثرٍ قابلٍ للتوليد: لا سعر وحدةٍ لنوع المعدة في عقد العميل · لا سعر وحدةٍ لنوع المعدة في أي عقد موردٍ نشط"
54543,skipped,0,0,"صفر أثرٍ قابلٍ للتوليد: لا سعر وحدةٍ لنوع المعدة في عقد العميل · لا سعر وحدةٍ لنوع المعدة في أي عقد موردٍ نشط"
54544,skipped,0,0,"صفر أثرٍ قابلٍ للتوليد: لا سعر وحدةٍ لنوع المعدة في عقد العميل · لا سعر وحدةٍ لنوع المعدة في أي عقد موردٍ نشط"
54545,skipped,0,0,"صفر أثرٍ قابلٍ للتوليد: لا سعر وحدةٍ لنوع المعدة في عقد العميل · لا سعر وحدةٍ لنوع المعدة في أي عقد موردٍ نشط"
54546,skipped,0,0,"صفر أثرٍ قابلٍ للتوليد: لا سعر وحدةٍ لنوع المعدة في عقد العميل · لا سعر وحدةٍ لنوع المعدة في أي عقد موردٍ نشط"
54547,skipped,0,0,"صفر أثرٍ قابلٍ للتوليد: لا سعر وحدةٍ لنوع المعدة في عقد العميل · لا سعر وحدةٍ لنوع المعدة في أي عقد موردٍ نشط"
54548,skipped,0,0,"صفر أثرٍ قابلٍ للتوليد: لا سعر وحدةٍ لنوع المعدة في عقد العميل · لا سعر وحدةٍ لنوع المعدة في أي عقد موردٍ نشط"
54549,skipped,0,0,"صفر أثرٍ قابلٍ للتوليد: لا سعر وحدةٍ لنوع المعدة في عقد العميل · لا سعر وحدةٍ لنوع المعدة في أي عقد موردٍ نشط"
54550,skipped,0,0,"صفر أثرٍ قابلٍ للتوليد: لا سعر وحدةٍ لنوع المعدة في عقد العميل · لا سعر وحدةٍ لنوع المعدة في أي عقد موردٍ نشط"
54551,skipped,0,0,"صفر أثرٍ قابلٍ للتوليد: لا سعر وحدةٍ لنوع المعدة في عقد العميل · لا سعر وحدةٍ لنوع المعدة في أي عقد موردٍ نشط"
54552,skipped,0,0,"صفر أثرٍ قابلٍ للتوليد: لا سعر وحدةٍ لنوع المعدة في عقد العميل · لا سعر وحدةٍ لنوع المعدة في أي عقد موردٍ نشط"
54553,skipped,0,0,"صفر أثرٍ قابلٍ للتوليد: لا سعر وحدةٍ لنوع المعدة في عقد العميل · لا سعر وحدةٍ لنوع المعدة في أي عقد موردٍ نشط"
54554,skipped,0,0,"صفر أثرٍ قابلٍ للتوليد: لا سعر وحدةٍ لنوع المعدة في عقد العميل · لا سعر وحدةٍ لنوع المعدة في أي عقد موردٍ نشط"
54555,skipped,0,0,"صفر أثرٍ قابلٍ للتوليد: لا سعر وحدةٍ لنوع المعدة في عقد العميل · لا سعر وحدةٍ لنوع المعدة في أي عقد موردٍ نشط"
54556,skipped,0,0,"صفر أثرٍ قابلٍ للتوليد: لا سعر وحدةٍ لنوع المعدة في عقد العميل · لا سعر وحدةٍ لنوع المعدة في أي عقد موردٍ نشط"
54557,skipped,0,0,"صفر أثرٍ قابلٍ للتوليد: لا سعر وحدةٍ لنوع المعدة في عقد العميل · لا سعر وحدةٍ لنوع المعدة في أي عقد موردٍ نشط"
54558,skipped,0,0,"صفر أثرٍ قابلٍ للتوليد: لا سعر وحدةٍ لنوع المعدة في عقد العميل · لا سعر وحدةٍ لنوع المعدة في أي عقد موردٍ نشط"
54559,skipped,0,0,"صفر أثرٍ قابلٍ للتوليد: لا سعر وحدةٍ لنوع المعدة في عقد العميل · لا سعر وحدةٍ لنوع المعدة في أي عقد موردٍ نشط"
54560,skipped,0,0,"صفر أثرٍ قابلٍ للتوليد: لا سعر وحدةٍ لنوع المعدة في عقد العميل · لا سعر وحدةٍ لنوع المعدة في أي عقد موردٍ نشط"
54561,skipped,0,0,"صفر أثرٍ قابلٍ للتوليد: لا سعر وحدةٍ لنوع المعدة في عقد العميل · لا سعر وحدةٍ لنوع المعدة في أي عقد موردٍ نشط"
54562,skipped,0,0,"صفر أثرٍ قابلٍ للتوليد: لا سعر وحدةٍ لنوع المعدة في عقد العميل · لا سعر وحدةٍ لنوع المعدة في أي عقد موردٍ نشط"
54563,skipped,0,0,"صفر أثرٍ قابلٍ للتوليد: لا سعر وحدةٍ لنوع المعدة في عقد العميل · لا سعر وحدةٍ لنوع المعدة في أي عقد موردٍ نشط"
54564,skipped,0,0,"صفر أثرٍ قابلٍ للتوليد: لا سعر وحدةٍ لنوع المعدة في عقد العميل · لا سعر وحدةٍ لنوع المعدة في أي عقد موردٍ نشط"
54565,skipped,0,0,"صفر أثرٍ قابلٍ للتوليد: لا سعر وحدةٍ لنوع المعدة في عقد العميل · لا سعر وحدةٍ لنوع المعدة في أي عقد موردٍ نشط"
54566,skipped,0,0,"صفر أثرٍ قابلٍ للتوليد: لا سعر وحدةٍ لنوع المعدة في عقد العميل · لا سعر وحدةٍ لنوع المعدة في أي عقد موردٍ نشط"
54567,skipped,0,0,"صفر أثرٍ قابلٍ للتوليد: لا سعر وحدةٍ لنوع المعدة في عقد العميل · لا سعر وحدةٍ لنوع المعدة في أي عقد موردٍ نشط"
54568,skipped,0,0,"صفر أثرٍ قابلٍ للتوليد: لا سعر وحدةٍ لنوع المعدة في عقد العميل · لا سعر وحدةٍ لنوع المعدة في أي عقد موردٍ نشط"
54569,skipped,0,0,"صفر أثرٍ قابلٍ للتوليد: لا سعر وحدةٍ لنوع المعدة في عقد العميل · لا سعر وحدةٍ لنوع المعدة في أي عقد موردٍ نشط"
54570,skipped,0,0,"صفر أثرٍ قابلٍ للتوليد: لا سعر وحدةٍ لنوع المعدة في عقد العميل · لا سعر وحدةٍ لنوع المعدة في أي عقد موردٍ نشط"
54571,skipped,0,0,"صفر أثرٍ قابلٍ للتوليد: لا سعر وحدةٍ لنوع المعدة في عقد العميل · لا سعر وحدةٍ لنوع المعدة في أي عقد موردٍ نشط"
54572,skipped,0,0,"صفر أثرٍ قابلٍ للتوليد: لا سعر وحدةٍ لنوع المعدة في عقد العميل · لا سعر وحدةٍ لنوع المعدة في أي عقد موردٍ نشط"
54573,skipped,0,0,"صفر أثرٍ قابلٍ للتوليد: لا سعر وحدةٍ لنوع المعدة في عقد العميل · لا سعر وحدةٍ لنوع المعدة في أي عقد موردٍ نشط"
54574,skipped,0,0,"صفر أثرٍ قابلٍ للتوليد: لا سعر وحدةٍ لنوع المعدة في عقد العميل · لا سعر وحدةٍ لنوع المعدة في أي عقد موردٍ نشط"
54575,skipped,0,0,"صفر أثرٍ قابلٍ للتوليد: لا سعر وحدةٍ لنوع المعدة في عقد العميل · لا سعر وحدةٍ لنوع المعدة في أي عقد موردٍ نشط"
54576,skipped,0,0,"صفر أثرٍ قابلٍ للتوليد: لا سعر وحدةٍ لنوع المعدة في عقد العميل · لا سعر وحدةٍ لنوع المعدة في أي عقد موردٍ نشط"
54577,skipped,0,0,"صفر أثرٍ قابلٍ للتوليد: لا سعر وحدةٍ لنوع المعدة في عقد العميل · لا سعر وحدةٍ لنوع المعدة في أي عقد موردٍ نشط"
54578,skipped,0,0,"صفر أثرٍ قابلٍ للتوليد: لا سعر وحدةٍ لنوع المعدة في عقد العميل · لا سعر وحدةٍ لنوع المعدة في أي عقد موردٍ نشط"
54579,skipped,0,0,"صفر أثرٍ قابلٍ للتوليد: لا سعر وحدةٍ لنوع المعدة في عقد العميل · لا سعر وحدةٍ لنوع المعدة في أي عقد موردٍ نشط"
54580,skipped,0,0,"صفر أثرٍ قابلٍ للتوليد: لا سعر وحدةٍ لنوع المعدة في عقد العميل · لا سعر وحدةٍ لنوع المعدة في أي عقد موردٍ نشط"
54581,skipped,0,0,"صفر أثرٍ قابلٍ للتوليد: لا سعر وحدةٍ لنوع المعدة في عقد العميل · لا سعر وحدةٍ لنوع المعدة في أي عقد موردٍ نشط"
54582,skipped,0,0,"صفر أثرٍ قابلٍ للتوليد: لا سعر وحدةٍ لنوع المعدة في عقد العميل · لا سعر وحدةٍ لنوع المعدة في أي عقد موردٍ نشط"
54583,skipped,0,0,"صفر أثرٍ قابلٍ للتوليد: لا سعر وحدةٍ لنوع المعدة في عقد العميل · لا سعر وحدةٍ لنوع المعدة في أي عقد موردٍ نشط"
54584,skipped,0,0,"صفر أثرٍ قابلٍ للتوليد: لا سعر وحدةٍ لنوع المعدة في عقد العميل · لا سعر وحدةٍ لنوع المعدة في أي عقد موردٍ نشط"
54585,skipped,0,0,"صفر أثرٍ قابلٍ للتوليد: لا سعر وحدةٍ لنوع المعدة في عقد العميل · لا سعر وحدةٍ لنوع المعدة في أي عقد موردٍ نشط"
54586,skipped,0,0,"صفر أثرٍ قابلٍ للتوليد: لا سعر وحدةٍ لنوع المعدة في عقد العميل · لا سعر وحدةٍ لنوع المعدة في أي عقد موردٍ نشط"
54587,skipped,0,0,"صفر أثرٍ قابلٍ للتوليد: لا سعر وحدةٍ لنوع المعدة في عقد العميل · لا سعر وحدةٍ لنوع المعدة في أي عقد موردٍ نشط"
54588,skipped,0,0,"صفر أثرٍ قابلٍ للتوليد: لا سعر وحدةٍ لنوع المعدة في عقد العميل · لا سعر وحدةٍ لنوع المعدة في أي عقد موردٍ نشط"
54589,skipped,0,0,"صفر أثرٍ قابلٍ للتوليد: لا سعر وحدةٍ لنوع المعدة في عقد العميل · لا سعر وحدةٍ لنوع المعدة في أي عقد موردٍ نشط"
54590,skipped,0,0,"صفر أثرٍ قابلٍ للتوليد: لا سعر وحدةٍ لنوع المعدة في عقد العميل · لا سعر وحدةٍ لنوع المعدة في أي عقد موردٍ نشط"
54591,skipped,0,0,"صفر أثرٍ قابلٍ للتوليد: لا سعر وحدةٍ لنوع المعدة في عقد العميل · لا سعر وحدةٍ لنوع المعدة في أي عقد موردٍ نشط"
54592,skipped,0,0,"صفر أثرٍ قابلٍ للتوليد: لا سعر وحدةٍ لنوع المعدة في عقد العميل · لا سعر وحدةٍ لنوع المعدة في أي عقد موردٍ نشط"
54593,skipped,0,0,"صفر أثرٍ قابلٍ للتوليد: لا سعر وحدةٍ لنوع المعدة في عقد العميل · لا سعر وحدةٍ لنوع المعدة في أي عقد موردٍ نشط"
54594,skipped,0,0,"صفر أثرٍ قابلٍ للتوليد: لا سعر وحدةٍ لنوع المعدة في عقد العميل · لا سعر وحدةٍ لنوع المعدة في أي عقد موردٍ نشط"
54595,skipped,0,0,"صفر أثرٍ قابلٍ للتوليد: لا سعر وحدةٍ لنوع المعدة في عقد العميل · لا سعر وحدةٍ لنوع المعدة في أي عقد موردٍ نشط"
54596,skipped,0,0,"صفر أثرٍ قابلٍ للتوليد: لا سعر وحدةٍ لنوع المعدة في عقد العميل · لا سعر وحدةٍ لنوع المعدة في أي عقد موردٍ نشط"
54597,skipped,0,0,"صفر أثرٍ قابلٍ للتوليد: لا سعر وحدةٍ لنوع المعدة في عقد العميل · لا سعر وحدةٍ لنوع المعدة في أي عقد موردٍ نشط"
54598,skipped,0,0,"صفر أثرٍ قابلٍ للتوليد: لا سعر وحدةٍ لنوع المعدة في عقد العميل · لا سعر وحدةٍ لنوع المعدة في أي عقد موردٍ نشط"
54599,skipped,0,0,"صفر أثرٍ قابلٍ للتوليد: لا سعر وحدةٍ لنوع المعدة في عقد العميل · لا سعر وحدةٍ لنوع المعدة في أي عقد موردٍ نشط"
54600,skipped,0,0,"صفر أثرٍ قابلٍ للتوليد: لا سعر وحدةٍ لنوع المعدة في عقد العميل · لا سعر وحدةٍ لنوع المعدة في أي عقد موردٍ نشط"
54601,skipped,0,0,"صفر أثرٍ قابلٍ للتوليد: لا سعر وحدةٍ لنوع المعدة في عقد العميل · لا سعر وحدةٍ لنوع المعدة في أي عقد موردٍ نشط"
54602,skipped,0,0,"صفر أثرٍ قابلٍ للتوليد: لا سعر وحدةٍ لنوع المعدة في عقد العميل · لا سعر وحدةٍ لنوع المعدة في أي عقد موردٍ نشط"
54603,skipped,0,0,"صفر أثرٍ قابلٍ للتوليد: لا سعر وحدةٍ لنوع المعدة في عقد العميل · لا سعر وحدةٍ لنوع المعدة في أي عقد موردٍ نشط"
54604,skipped,0,0,"صفر أثرٍ قابلٍ للتوليد: لا سعر وحدةٍ لنوع المعدة في عقد العميل · لا سعر وحدةٍ لنوع المعدة في أي عقد موردٍ نشط"
54605,skipped,0,0,"صفر أثرٍ قابلٍ للتوليد: لا سعر وحدةٍ لنوع المعدة في عقد العميل · لا سعر وحدةٍ لنوع المعدة في أي عقد موردٍ نشط"
54606,skipped,0,0,"صفر أثرٍ قابلٍ للتوليد: لا سعر وحدةٍ لنوع المعدة في عقد العميل · لا سعر وحدةٍ لنوع المعدة في أي عقد موردٍ نشط"
54607,skipped,0,0,"صفر أثرٍ قابلٍ للتوليد: لا سعر وحدةٍ لنوع المعدة في عقد العميل · لا سعر وحدةٍ لنوع المعدة في أي عقد موردٍ نشط"
54608,skipped,0,0,"صفر أثرٍ قابلٍ للتوليد: لا سعر وحدةٍ لنوع المعدة في عقد العميل · لا سعر وحدةٍ لنوع المعدة في أي عقد موردٍ نشط"
54609,skipped,0,0,"صفر أثرٍ قابلٍ للتوليد: لا سعر وحدةٍ لنوع المعدة في عقد العميل · لا سعر وحدةٍ لنوع المعدة في أي عقد موردٍ نشط"
54610,skipped,0,0,"صفر أثرٍ قابلٍ للتوليد: لا سعر وحدةٍ لنوع المعدة في عقد العميل · لا سعر وحدةٍ لنوع المعدة في أي عقد موردٍ نشط"
54611,skipped,0,0,"صفر أثرٍ قابلٍ للتوليد: لا سعر وحدةٍ لنوع المعدة في عقد العميل · لا سعر وحدةٍ لنوع المعدة في أي عقد موردٍ نشط"
54612,skipped,0,0,"صفر أثرٍ قابلٍ للتوليد: لا سعر وحدةٍ لنوع المعدة في عقد العميل · لا سعر وحدةٍ لنوع المعدة في أي عقد موردٍ نشط"
54613,skipped,0,0,"صفر أثرٍ قابلٍ للتوليد: لا سعر وحدةٍ لنوع المعدة في عقد العميل · لا سعر وحدةٍ لنوع المعدة في أي عقد موردٍ نشط"
54614,skipped,0,0,"صفر أثرٍ قابلٍ للتوليد: لا سعر وحدةٍ لنوع المعدة في عقد العميل · لا سعر وحدةٍ لنوع المعدة في أي عقد موردٍ نشط"
54615,skipped,0,0,"صفر أثرٍ قابلٍ للتوليد: لا سعر وحدةٍ لنوع المعدة في عقد العميل · لا سعر وحدةٍ لنوع المعدة في أي عقد موردٍ نشط"
54616,skipped,0,0,"صفر أثرٍ قابلٍ للتوليد: لا سعر وحدةٍ لنوع المعدة في عقد العميل · لا سعر وحدةٍ لنوع المعدة في أي عقد موردٍ نشط"
54617,skipped,0,0,"صفر أثرٍ قابلٍ للتوليد: لا سعر وحدةٍ لنوع المعدة في عقد العميل · لا سعر وحدةٍ لنوع المعدة في أي عقد موردٍ نشط"
54618,skipped,0,0,"صفر أثرٍ قابلٍ للتوليد: لا سعر وحدةٍ لنوع المعدة في عقد العميل · لا سعر وحدةٍ لنوع المعدة في أي عقد موردٍ نشط"
54619,skipped,0,0,"صفر أثرٍ قابلٍ للتوليد: لا سعر وحدةٍ لنوع المعدة في عقد العميل · لا سعر وحدةٍ لنوع المعدة في أي عقد موردٍ نشط"
54620,skipped,0,0,"صفر أثرٍ قابلٍ للتوليد: لا سعر وحدةٍ لنوع المعدة في عقد العميل · لا سعر وحدةٍ لنوع المعدة في أي عقد موردٍ نشط"
54621,skipped,0,0,"صفر أثرٍ قابلٍ للتوليد: لا سعر وحدةٍ لنوع المعدة في عقد العميل · لا سعر وحدةٍ لنوع المعدة في أي عقد موردٍ نشط"
54622,skipped,0,0,"صفر أثرٍ قابلٍ للتوليد: لا سعر وحدةٍ لنوع المعدة في عقد العميل · لا سعر وحدةٍ لنوع المعدة في أي عقد موردٍ نشط"
54623,skipped,0,0,"صفر أثرٍ قابلٍ للتوليد: لا سعر وحدةٍ لنوع المعدة في عقد العميل · لا سعر وحدةٍ لنوع المعدة في أي عقد موردٍ نشط"
54624,skipped,0,0,"صفر أثرٍ قابلٍ للتوليد: لا سعر وحدةٍ لنوع المعدة في عقد العميل · لا سعر وحدةٍ لنوع المعدة في أي عقد موردٍ نشط"
54625,skipped,0,0,"صفر أثرٍ قابلٍ للتوليد: لا سعر وحدةٍ لنوع المعدة في عقد العميل · لا سعر وحدةٍ لنوع المعدة في أي عقد موردٍ نشط"
54626,skipped,0,0,"صفر أثرٍ قابلٍ للتوليد: لا سعر وحدةٍ لنوع المعدة في عقد العميل · لا سعر وحدةٍ لنوع المعدة في أي عقد موردٍ نشط"
54627,skipped,0,0,"صفر أثرٍ قابلٍ للتوليد: لا سعر وحدةٍ لنوع المعدة في عقد العميل · لا سعر وحدةٍ لنوع المعدة في أي عقد موردٍ نشط"
54628,skipped,0,0,"صفر أثرٍ قابلٍ للتوليد: لا سعر وحدةٍ لنوع المعدة في عقد العميل · لا سعر وحدةٍ لنوع المعدة في أي عقد موردٍ نشط"
54629,skipped,0,0,"صفر أثرٍ قابلٍ للتوليد: لا سعر وحدةٍ لنوع المعدة في عقد العميل · لا سعر وحدةٍ لنوع المعدة في أي عقد موردٍ نشط"
54630,skipped,0,0,"صفر أثرٍ قابلٍ للتوليد: لا سعر وحدةٍ لنوع المعدة في عقد العميل · لا سعر وحدةٍ لنوع المعدة في أي عقد موردٍ نشط"
54631,skipped,0,0,"صفر أثرٍ قابلٍ للتوليد: لا سعر وحدةٍ لنوع المعدة في عقد العميل · لا سعر وحدةٍ لنوع المعدة في أي عقد موردٍ نشط"
54632,skipped,0,0,"صفر أثرٍ قابلٍ للتوليد: لا سعر وحدةٍ لنوع المعدة في عقد العميل · لا سعر وحدةٍ لنوع المعدة في أي عقد موردٍ نشط"
54633,skipped,0,0,"صفر أثرٍ قابلٍ للتوليد: لا سعر وحدةٍ لنوع المعدة في عقد العميل · لا سعر وحدةٍ لنوع المعدة في أي عقد موردٍ نشط"
54634,skipped,0,0,"صفر أثرٍ قابلٍ للتوليد: لا سعر وحدةٍ لنوع المعدة في عقد العميل · لا سعر وحدةٍ لنوع المعدة في أي عقد موردٍ نشط"
54635,skipped,0,0,"صفر أثرٍ قابلٍ للتوليد: لا سعر وحدةٍ لنوع المعدة في عقد العميل · لا سعر وحدةٍ لنوع المعدة في أي عقد موردٍ نشط"
54636,skipped,0,0,"صفر أثرٍ قابلٍ للتوليد: لا سعر وحدةٍ لنوع المعدة في عقد العميل · لا سعر وحدةٍ لنوع المعدة في أي عقد موردٍ نشط"
54637,skipped,0,0,"صفر أثرٍ قابلٍ للتوليد: لا سعر وحدةٍ لنوع المعدة في عقد العميل · لا سعر وحدةٍ لنوع المعدة في أي عقد موردٍ نشط"
54638,skipped,0,0,"صفر أثرٍ قابلٍ للتوليد: لا سعر وحدةٍ لنوع المعدة في عقد العميل · لا سعر وحدةٍ لنوع المعدة في أي عقد موردٍ نشط"
54639,skipped,0,0,"صفر أثرٍ قابلٍ للتوليد: لا سعر وحدةٍ لنوع المعدة في عقد العميل · لا سعر وحدةٍ لنوع المعدة في أي عقد موردٍ نشط"
54640,skipped,0,0,"صفر أثرٍ قابلٍ للتوليد: لا سعر وحدةٍ لنوع المعدة في عقد العميل · لا سعر وحدةٍ لنوع المعدة في أي عقد موردٍ نشط"
54641,skipped,0,0,"صفر أثرٍ قابلٍ للتوليد: لا سعر وحدةٍ لنوع المعدة في عقد العميل · لا سعر وحدةٍ لنوع المعدة في أي عقد موردٍ نشط"
54642,skipped,0,0,"صفر أثرٍ قابلٍ للتوليد: لا سعر وحدةٍ لنوع المعدة في عقد العميل · لا سعر وحدةٍ لنوع المعدة في أي عقد موردٍ نشط"
54643,skipped,0,0,"صفر أثرٍ قابلٍ للتوليد: لا سعر وحدةٍ لنوع المعدة في عقد العميل · لا سعر وحدةٍ لنوع المعدة في أي عقد موردٍ نشط"
54644,skipped,0,0,"صفر أثرٍ قابلٍ للتوليد: لا سعر وحدةٍ لنوع المعدة في عقد العميل · لا سعر وحدةٍ لنوع المعدة في أي عقد موردٍ نشط"
54645,skipped,0,0,"صفر أثرٍ قابلٍ للتوليد: لا سعر وحدةٍ لنوع المعدة في عقد العميل · لا سعر وحدةٍ لنوع المعدة في أي عقد موردٍ نشط"
54646,skipped,0,0,"صفر أثرٍ قابلٍ للتوليد: لا سعر وحدةٍ لنوع المعدة في عقد العميل · لا سعر وحدةٍ لنوع المعدة في أي عقد موردٍ نشط"
54647,skipped,0,0,"صفر أثرٍ قابلٍ للتوليد: لا سعر وحدةٍ لنوع المعدة في عقد العميل · لا سعر وحدةٍ لنوع المعدة في أي عقد موردٍ نشط"
54648,skipped,0,0,"صفر أثرٍ قابلٍ للتوليد: لا سعر وحدةٍ لنوع المعدة في عقد العميل · لا سعر وحدةٍ لنوع المعدة في أي عقد موردٍ نشط"
54649,skipped,0,0,"صفر أثرٍ قابلٍ للتوليد: لا سعر وحدةٍ لنوع المعدة في عقد العميل · لا سعر وحدةٍ لنوع المعدة في أي عقد موردٍ نشط"
54650,skipped,0,0,"صفر أثرٍ قابلٍ للتوليد: لا سعر وحدةٍ لنوع المعدة في عقد العميل · لا سعر وحدةٍ لنوع المعدة في أي عقد موردٍ نشط"
54651,skipped,0,0,"صفر أثرٍ قابلٍ للتوليد: لا سعر وحدةٍ لنوع المعدة في عقد العميل · لا سعر وحدةٍ لنوع المعدة في أي عقد موردٍ نشط"
54652,skipped,0,0,"صفر أثرٍ قابلٍ للتوليد: لا سعر وحدةٍ لنوع المعدة في عقد العميل · لا سعر وحدةٍ لنوع المعدة في أي عقد موردٍ نشط"
54653,skipped,0,0,"صفر أثرٍ قابلٍ للتوليد: لا سعر وحدةٍ لنوع المعدة في عقد العميل · لا سعر وحدةٍ لنوع المعدة في أي عقد موردٍ نشط"
54654,skipped,0,0,"صفر أثرٍ قابلٍ للتوليد: لا سعر وحدةٍ لنوع المعدة في عقد العميل · لا سعر وحدةٍ لنوع المعدة في أي عقد موردٍ نشط"
54655,skipped,0,0,"صفر أثرٍ قابلٍ للتوليد: لا سعر وحدةٍ لنوع المعدة في عقد العميل · لا سعر وحدةٍ لنوع المعدة في أي عقد موردٍ نشط"
54656,skipped,0,0,"صفر أثرٍ قابلٍ للتوليد: لا سعر وحدةٍ لنوع المعدة في عقد العميل · لا سعر وحدةٍ لنوع المعدة في أي عقد موردٍ نشط"
54657,skipped,0,0,"صفر أثرٍ قابلٍ للتوليد: لا سعر وحدةٍ لنوع المعدة في عقد العميل · لا سعر وحدةٍ لنوع المعدة في أي عقد موردٍ نشط"
54658,skipped,0,0,"صفر أثرٍ قابلٍ للتوليد: لا سعر وحدةٍ لنوع المعدة في عقد العميل · لا سعر وحدةٍ لنوع المعدة في أي عقد موردٍ نشط"
54659,skipped,0,0,"صفر أثرٍ قابلٍ للتوليد: لا سعر وحدةٍ لنوع المعدة في عقد العميل · لا سعر وحدةٍ لنوع المعدة في أي عقد موردٍ نشط"
54660,skipped,0,0,"صفر أثرٍ قابلٍ للتوليد: لا سعر وحدةٍ لنوع المعدة في عقد العميل · لا سعر وحدةٍ لنوع المعدة في أي عقد موردٍ نشط"
55302,skipped,0,0,"صفر أثرٍ قابلٍ للتوليد: لا سعر وحدةٍ لنوع المعدة في عقد العميل · لا سعر وحدةٍ لنوع المعدة في أي عقد موردٍ نشط"
55303,skipped,0,0,"صفر أثرٍ قابلٍ للتوليد: لا سعر وحدةٍ لنوع المعدة في عقد العميل · لا سعر وحدةٍ لنوع المعدة في أي عقد موردٍ نشط"
55304,skipped,0,0,"صفر أثرٍ قابلٍ للتوليد: لا سعر وحدةٍ لنوع المعدة في عقد العميل · لا سعر وحدةٍ لنوع المعدة في أي عقد موردٍ نشط"
55305,skipped,0,0,"صفر أثرٍ قابلٍ للتوليد: لا سعر وحدةٍ لنوع المعدة في عقد العميل · لا سعر وحدةٍ لنوع المعدة في أي عقد موردٍ نشط"
55306,skipped,0,0,"صفر أثرٍ قابلٍ للتوليد: لا سعر وحدةٍ لنوع المعدة في عقد العميل · لا سعر وحدةٍ لنوع المعدة في أي عقد موردٍ نشط"
55307,skipped,0,0,"صفر أثرٍ قابلٍ للتوليد: لا سعر وحدةٍ لنوع المعدة في عقد العميل · لا سعر وحدةٍ لنوع المعدة في أي عقد موردٍ نشط"
55308,skipped,0,0,"صفر أثرٍ قابلٍ للتوليد: لا سعر وحدةٍ لنوع المعدة في عقد العميل · لا سعر وحدةٍ لنوع المعدة في أي عقد موردٍ نشط"
55309,skipped,0,0,"صفر أثرٍ قابلٍ للتوليد: لا سعر وحدةٍ لنوع المعدة في عقد العميل · لا سعر وحدةٍ لنوع المعدة في أي عقد موردٍ نشط"
55310,skipped,0,0,"صفر أثرٍ قابلٍ للتوليد: لا سعر وحدةٍ لنوع المعدة في عقد العميل · لا سعر وحدةٍ لنوع المعدة في أي عقد موردٍ نشط"
55311,skipped,0,0,"صفر أثرٍ قابلٍ للتوليد: لا سعر وحدةٍ لنوع المعدة في عقد العميل · لا سعر وحدةٍ لنوع المعدة في أي عقد موردٍ نشط"
55312,skipped,0,0,"صفر أثرٍ قابلٍ للتوليد: لا سعر وحدةٍ لنوع المعدة في عقد العميل · لا سعر وحدةٍ لنوع المعدة في أي عقد موردٍ نشط"
55313,skipped,0,0,"صفر أثرٍ قابلٍ للتوليد: لا سعر وحدةٍ لنوع المعدة في عقد العميل · لا سعر وحدةٍ لنوع المعدة في أي عقد موردٍ نشط"
55314,skipped,0,0,"صفر أثرٍ قابلٍ للتوليد: لا سعر وحدةٍ لنوع المعدة في عقد العميل · لا سعر وحدةٍ لنوع المعدة في أي عقد موردٍ نشط"
55315,skipped,0,0,"صفر أثرٍ قابلٍ للتوليد: لا سعر وحدةٍ لنوع المعدة في عقد العميل · لا سعر وحدةٍ لنوع المعدة في أي عقد موردٍ نشط"
55316,skipped,0,0,"صفر أثرٍ قابلٍ للتوليد: لا سعر وحدةٍ لنوع المعدة في عقد العميل · لا سعر وحدةٍ لنوع المعدة في أي عقد موردٍ نشط"
55317,skipped,0,0,"صفر أثرٍ قابلٍ للتوليد: لا سعر وحدةٍ لنوع المعدة في عقد العميل · لا سعر وحدةٍ لنوع المعدة في أي عقد موردٍ نشط"
55318,skipped,0,0,"صفر أثرٍ قابلٍ للتوليد: لا سعر وحدةٍ لنوع المعدة في عقد العميل · لا سعر وحدةٍ لنوع المعدة في أي عقد موردٍ نشط"
55319,skipped,0,0,"صفر أثرٍ قابلٍ للتوليد: لا سعر وحدةٍ لنوع المعدة في عقد العميل · لا سعر وحدةٍ لنوع المعدة في أي عقد موردٍ نشط"
55320,skipped,0,0,"صفر أثرٍ قابلٍ للتوليد: لا سعر وحدةٍ لنوع المعدة في عقد العميل · لا سعر وحدةٍ لنوع المعدة في أي عقد موردٍ نشط"
55321,skipped,0,0,"صفر أثرٍ قابلٍ للتوليد: لا سعر وحدةٍ لنوع المعدة في عقد العميل · لا سعر وحدةٍ لنوع المعدة في أي عقد موردٍ نشط"
55322,skipped,0,0,"صفر أثرٍ قابلٍ للتوليد: لا سعر وحدةٍ لنوع المعدة في عقد العميل · لا سعر وحدةٍ لنوع المعدة في أي عقد موردٍ نشط"
55323,skipped,0,0,"صفر أثرٍ قابلٍ للتوليد: لا سعر وحدةٍ لنوع المعدة في عقد العميل · لا سعر وحدةٍ لنوع المعدة في أي عقد موردٍ نشط"
55324,skipped,0,0,"صفر أثرٍ قابلٍ للتوليد: لا سعر وحدةٍ لنوع المعدة في عقد العميل · لا سعر وحدةٍ لنوع المعدة في أي عقد موردٍ نشط"
55325,skipped,0,0,"صفر أثرٍ قابلٍ للتوليد: لا سعر وحدةٍ لنوع المعدة في عقد العميل · لا سعر وحدةٍ لنوع المعدة في أي عقد موردٍ نشط"
55326,skipped,0,0,"صفر أثرٍ قابلٍ للتوليد: لا سعر وحدةٍ لنوع المعدة في عقد العميل · لا سعر وحدةٍ لنوع المعدة في أي عقد موردٍ نشط"
55327,skipped,0,0,"صفر أثرٍ قابلٍ للتوليد: لا سعر وحدةٍ لنوع المعدة في عقد العميل · لا سعر وحدةٍ لنوع المعدة في أي عقد موردٍ نشط"
55328,skipped,0,0,"صفر أثرٍ قابلٍ للتوليد: لا سعر وحدةٍ لنوع المعدة في عقد العميل · لا سعر وحدةٍ لنوع المعدة في أي عقد موردٍ نشط"
55329,skipped,0,0,"صفر أثرٍ قابلٍ للتوليد: لا سعر وحدةٍ لنوع المعدة في عقد العميل · لا سعر وحدةٍ لنوع المعدة في أي عقد موردٍ نشط"
55330,skipped,0,0,"صفر أثرٍ قابلٍ للتوليد: لا سعر وحدةٍ لنوع المعدة في عقد العميل · لا سعر وحدةٍ لنوع المعدة في أي عقد موردٍ نشط"
55331,skipped,0,0,"صفر أثرٍ قابلٍ للتوليد: لا سعر وحدةٍ لنوع المعدة في عقد العميل · لا سعر وحدةٍ لنوع المعدة في أي عقد موردٍ نشط"
55332,skipped,0,0,"صفر أثرٍ قابلٍ للتوليد: لا سعر وحدةٍ لنوع المعدة في عقد العميل · لا سعر وحدةٍ لنوع المعدة في أي عقد موردٍ نشط"
55333,skipped,0,0,"صفر أثرٍ قابلٍ للتوليد: لا سعر وحدةٍ لنوع المعدة في عقد العميل · لا سعر وحدةٍ لنوع المعدة في أي عقد موردٍ نشط"
55334,skipped,0,0,"صفر أثرٍ قابلٍ للتوليد: لا سعر وحدةٍ لنوع المعدة في عقد العميل · لا سعر وحدةٍ لنوع المعدة في أي عقد موردٍ نشط"
55335,skipped,0,0,"صفر أثرٍ قابلٍ للتوليد: لا سعر وحدةٍ لنوع المعدة في عقد العميل · لا سعر وحدةٍ لنوع المعدة في أي عقد موردٍ نشط"
55336,skipped,0,0,"صفر أثرٍ قابلٍ للتوليد: لا سعر وحدةٍ لنوع المعدة في عقد العميل · لا سعر وحدةٍ لنوع المعدة في أي عقد موردٍ نشط"
55337,skipped,0,0,"صفر أثرٍ قابلٍ للتوليد: لا سعر وحدةٍ لنوع المعدة في عقد العميل · لا سعر وحدةٍ لنوع المعدة في أي عقد موردٍ نشط"
55338,skipped,0,0,"صفر أثرٍ قابلٍ للتوليد: لا سعر وحدةٍ لنوع المعدة في عقد العميل · لا سعر وحدةٍ لنوع المعدة في أي عقد موردٍ نشط"
55339,skipped,0,0,"صفر أثرٍ قابلٍ للتوليد: لا سعر وحدةٍ لنوع المعدة في عقد العميل · لا سعر وحدةٍ لنوع المعدة في أي عقد موردٍ نشط"
55340,skipped,0,0,"صفر أثرٍ قابلٍ للتوليد: لا سعر وحدةٍ لنوع المعدة في عقد العميل · لا سعر وحدةٍ لنوع المعدة في أي عقد موردٍ نشط"
55341,skipped,0,0,"صفر أثرٍ قابلٍ للتوليد: لا سعر وحدةٍ لنوع المعدة في عقد العميل · لا سعر وحدةٍ لنوع المعدة في أي عقد موردٍ نشط"
55342,skipped,0,0,"صفر أثرٍ قابلٍ للتوليد: لا سعر وحدةٍ لنوع المعدة في عقد العميل · لا سعر وحدةٍ لنوع المعدة في أي عقد موردٍ نشط"
55343,skipped,0,0,"صفر أثرٍ قابلٍ للتوليد: لا سعر وحدةٍ لنوع المعدة في عقد العميل · لا سعر وحدةٍ لنوع المعدة في أي عقد موردٍ نشط"
55344,skipped,0,0,"صفر أثرٍ قابلٍ للتوليد: لا سعر وحدةٍ لنوع المعدة في عقد العميل · لا سعر وحدةٍ لنوع المعدة في أي عقد موردٍ نشط"
55345,skipped,0,0,"صفر أثرٍ قابلٍ للتوليد: لا سعر وحدةٍ لنوع المعدة في عقد العميل · لا سعر وحدةٍ لنوع المعدة في أي عقد موردٍ نشط"
55346,skipped,0,0,"صفر أثرٍ قابلٍ للتوليد: لا سعر وحدةٍ لنوع المعدة في عقد العميل · لا سعر وحدةٍ لنوع المعدة في أي عقد موردٍ نشط"
55347,skipped,0,0,"صفر أثرٍ قابلٍ للتوليد: لا سعر وحدةٍ لنوع المعدة في عقد العميل · لا سعر وحدةٍ لنوع المعدة في أي عقد موردٍ نشط"
55348,skipped,0,0,"صفر أثرٍ قابلٍ للتوليد: لا سعر وحدةٍ لنوع المعدة في عقد العميل · لا سعر وحدةٍ لنوع المعدة في أي عقد موردٍ نشط"
55349,skipped,0,0,"صفر أثرٍ قابلٍ للتوليد: لا سعر وحدةٍ لنوع المعدة في عقد العميل · لا سعر وحدةٍ لنوع المعدة في أي عقد موردٍ نشط"
55350,skipped,0,0,"صفر أثرٍ قابلٍ للتوليد: لا سعر وحدةٍ لنوع المعدة في عقد العميل · لا سعر وحدةٍ لنوع المعدة في أي عقد موردٍ نشط"
55351,skipped,0,0,"صفر أثرٍ قابلٍ للتوليد: لا سعر وحدةٍ لنوع المعدة في عقد العميل · لا سعر وحدةٍ لنوع المعدة في أي عقد موردٍ نشط"
55352,skipped,0,0,"صفر أثرٍ قابلٍ للتوليد: لا سعر وحدةٍ لنوع المعدة في عقد العميل · لا سعر وحدةٍ لنوع المعدة في أي عقد موردٍ نشط"
55353,skipped,0,0,"صفر أثرٍ قابلٍ للتوليد: لا سعر وحدةٍ لنوع المعدة في عقد العميل · لا سعر وحدةٍ لنوع المعدة في أي عقد موردٍ نشط"
55354,skipped,0,0,"صفر أثرٍ قابلٍ للتوليد: لا سعر وحدةٍ لنوع المعدة في عقد العميل · لا سعر وحدةٍ لنوع المعدة في أي عقد موردٍ نشط"
55355,skipped,0,0,"صفر أثرٍ قابلٍ للتوليد: لا سعر وحدةٍ لنوع المعدة في عقد العميل · لا سعر وحدةٍ لنوع المعدة في أي عقد موردٍ نشط"
55356,skipped,0,0,"صفر أثرٍ قابلٍ للتوليد: لا سعر وحدةٍ لنوع المعدة في عقد العميل · لا سعر وحدةٍ لنوع المعدة في أي عقد موردٍ نشط"
55357,skipped,0,0,"صفر أثرٍ قابلٍ للتوليد: لا سعر وحدةٍ لنوع المعدة في عقد العميل · لا سعر وحدةٍ لنوع المعدة في أي عقد موردٍ نشط"
55358,skipped,0,0,"صفر أثرٍ قابلٍ للتوليد: لا سعر وحدةٍ لنوع المعدة في عقد العميل · لا سعر وحدةٍ لنوع المعدة في أي عقد موردٍ نشط"
55359,skipped,0,0,"صفر أثرٍ قابلٍ للتوليد: لا سعر وحدةٍ لنوع المعدة في عقد العميل · لا سعر وحدةٍ لنوع المعدة في أي عقد موردٍ نشط"
55360,skipped,0,0,"صفر أثرٍ قابلٍ للتوليد: لا سعر وحدةٍ لنوع المعدة في عقد العميل · لا سعر وحدةٍ لنوع المعدة في أي عقد موردٍ نشط"
55361,skipped,0,0,"صفر أثرٍ قابلٍ للتوليد: لا سعر وحدةٍ لنوع المعدة في عقد العميل · لا سعر وحدةٍ لنوع المعدة في أي عقد موردٍ نشط"
55362,skipped,0,0,"صفر أثرٍ قابلٍ للتوليد: لا سعر وحدةٍ لنوع المعدة في عقد العميل · لا سعر وحدةٍ لنوع المعدة في أي عقد موردٍ نشط"
55851,skipped,0,0,"صفر أثرٍ قابلٍ للتوليد: لا سعر وحدةٍ لنوع المعدة في عقد العميل · لا سعر وحدةٍ لنوع المعدة في أي عقد موردٍ نشط"
55852,skipped,0,0,"صفر أثرٍ قابلٍ للتوليد: لا سعر وحدةٍ لنوع المعدة في عقد العميل · لا سعر وحدةٍ لنوع المعدة في أي عقد موردٍ نشط"
55853,skipped,0,0,"صفر أثرٍ قابلٍ للتوليد: لا سعر وحدةٍ لنوع المعدة في عقد العميل · لا سعر وحدةٍ لنوع المعدة في أي عقد موردٍ نشط"
55854,skipped,0,0,"صفر أثرٍ قابلٍ للتوليد: لا سعر وحدةٍ لنوع المعدة في عقد العميل · لا سعر وحدةٍ لنوع المعدة في أي عقد موردٍ نشط"
55855,skipped,0,0,"صفر أثرٍ قابلٍ للتوليد: لا سعر وحدةٍ لنوع المعدة في عقد العميل · لا سعر وحدةٍ لنوع المعدة في أي عقد موردٍ نشط"
55856,skipped,0,0,"صفر أثرٍ قابلٍ للتوليد: لا سعر وحدةٍ لنوع المعدة في عقد العميل · لا سعر وحدةٍ لنوع المعدة في أي عقد موردٍ نشط"
55857,skipped,0,0,"صفر أثرٍ قابلٍ للتوليد: لا سعر وحدةٍ لنوع المعدة في عقد العميل · لا سعر وحدةٍ لنوع المعدة في أي عقد موردٍ نشط"
55858,skipped,0,0,"صفر أثرٍ قابلٍ للتوليد: لا سعر وحدةٍ لنوع المعدة في عقد العميل · لا سعر وحدةٍ لنوع المعدة في أي عقد موردٍ نشط"
55859,skipped,0,0,"صفر أثرٍ قابلٍ للتوليد: لا سعر وحدةٍ لنوع المعدة في عقد العميل · لا سعر وحدةٍ لنوع المعدة في أي عقد موردٍ نشط"
55860,skipped,0,0,"صفر أثرٍ قابلٍ للتوليد: لا سعر وحدةٍ لنوع المعدة في عقد العميل · لا سعر وحدةٍ لنوع المعدة في أي عقد موردٍ نشط"
55861,skipped,0,0,"صفر أثرٍ قابلٍ للتوليد: لا سعر وحدةٍ لنوع المعدة في عقد العميل · لا سعر وحدةٍ لنوع المعدة في أي عقد موردٍ نشط"
55862,skipped,0,0,"صفر أثرٍ قابلٍ للتوليد: لا سعر وحدةٍ لنوع المعدة في عقد العميل · لا سعر وحدةٍ لنوع المعدة في أي عقد موردٍ نشط"
55863,skipped,0,0,"صفر أثرٍ قابلٍ للتوليد: لا سعر وحدةٍ لنوع المعدة في عقد العميل · لا سعر وحدةٍ لنوع المعدة في أي عقد موردٍ نشط"
55864,skipped,0,0,"صفر أثرٍ قابلٍ للتوليد: لا سعر وحدةٍ لنوع المعدة في عقد العميل · لا سعر وحدةٍ لنوع المعدة في أي عقد موردٍ نشط"
55865,skipped,0,0,"صفر أثرٍ قابلٍ للتوليد: لا سعر وحدةٍ لنوع المعدة في عقد العميل · لا سعر وحدةٍ لنوع المعدة في أي عقد موردٍ نشط"
55866,skipped,0,0,"صفر أثرٍ قابلٍ للتوليد: لا سعر وحدةٍ لنوع المعدة في عقد العميل · لا سعر وحدةٍ لنوع المعدة في أي عقد موردٍ نشط"
55867,skipped,0,0,"صفر أثرٍ قابلٍ للتوليد: لا سعر وحدةٍ لنوع المعدة في عقد العميل · لا سعر وحدةٍ لنوع المعدة في أي عقد موردٍ نشط"
55868,skipped,0,0,"صفر أثرٍ قابلٍ للتوليد: لا سعر وحدةٍ لنوع المعدة في عقد العميل · لا سعر وحدةٍ لنوع المعدة في أي عقد موردٍ نشط"
55869,skipped,0,0,"صفر أثرٍ قابلٍ للتوليد: لا سعر وحدةٍ لنوع المعدة في عقد العميل · لا سعر وحدةٍ لنوع المعدة في أي عقد موردٍ نشط"
55870,skipped,0,0,"صفر أثرٍ قابلٍ للتوليد: لا سعر وحدةٍ لنوع المعدة في عقد العميل · لا سعر وحدةٍ لنوع المعدة في أي عقد موردٍ نشط"
55871,skipped,0,0,"صفر أثرٍ قابلٍ للتوليد: لا سعر وحدةٍ لنوع المعدة في عقد العميل · لا سعر وحدةٍ لنوع المعدة في أي عقد موردٍ نشط"
55872,skipped,0,0,"صفر أثرٍ قابلٍ للتوليد: لا سعر وحدةٍ لنوع المعدة في عقد العميل · لا سعر وحدةٍ لنوع المعدة في أي عقد موردٍ نشط"
55873,skipped,0,0,"صفر أثرٍ قابلٍ للتوليد: لا سعر وحدةٍ لنوع المعدة في عقد العميل · لا سعر وحدةٍ لنوع المعدة في أي عقد موردٍ نشط"
55874,skipped,0,0,"صفر أثرٍ قابلٍ للتوليد: لا سعر وحدةٍ لنوع المعدة في عقد العميل · لا سعر وحدةٍ لنوع المعدة في أي عقد موردٍ نشط"
55875,skipped,0,0,"صفر أثرٍ قابلٍ للتوليد: لا سعر وحدةٍ لنوع المعدة في عقد العميل · لا سعر وحدةٍ لنوع المعدة في أي عقد موردٍ نشط"
55876,skipped,0,0,"صفر أثرٍ قابلٍ للتوليد: لا سعر وحدةٍ لنوع المعدة في عقد العميل · لا سعر وحدةٍ لنوع المعدة في أي عقد موردٍ نشط"
55877,skipped,0,0,"صفر أثرٍ قابلٍ للتوليد: لا سعر وحدةٍ لنوع المعدة في عقد العميل · لا سعر وحدةٍ لنوع المعدة في أي عقد موردٍ نشط"
55878,skipped,0,0,"صفر أثرٍ قابلٍ للتوليد: لا سعر وحدةٍ لنوع المعدة في عقد العميل · لا سعر وحدةٍ لنوع المعدة في أي عقد موردٍ نشط"
55879,skipped,0,0,"صفر أثرٍ قابلٍ للتوليد: لا سعر وحدةٍ لنوع المعدة في عقد العميل · لا سعر وحدةٍ لنوع المعدة في أي عقد موردٍ نشط"
55880,skipped,0,0,"صفر أثرٍ قابلٍ للتوليد: لا سعر وحدةٍ لنوع المعدة في عقد العميل · لا سعر وحدةٍ لنوع المعدة في أي عقد موردٍ نشط"
55881,skipped,0,0,"صفر أثرٍ قابلٍ للتوليد: لا سعر وحدةٍ لنوع المعدة في عقد العميل · لا سعر وحدةٍ لنوع المعدة في أي عقد موردٍ نشط"
55882,skipped,0,0,"صفر أثرٍ قابلٍ للتوليد: لا سعر وحدةٍ لنوع المعدة في عقد العميل · لا سعر وحدةٍ لنوع المعدة في أي عقد موردٍ نشط"
55883,skipped,0,0,"صفر أثرٍ قابلٍ للتوليد: لا سعر وحدةٍ لنوع المعدة في عقد العميل · لا سعر وحدةٍ لنوع المعدة في أي عقد موردٍ نشط"
55884,skipped,0,0,"صفر أثرٍ قابلٍ للتوليد: لا سعر وحدةٍ لنوع المعدة في عقد العميل · لا سعر وحدةٍ لنوع المعدة في أي عقد موردٍ نشط"
55885,skipped,0,0,"صفر أثرٍ قابلٍ للتوليد: لا سعر وحدةٍ لنوع المعدة في عقد العميل · لا سعر وحدةٍ لنوع المعدة في أي عقد موردٍ نشط"
55886,skipped,0,0,"صفر أثرٍ قابلٍ للتوليد: لا سعر وحدةٍ لنوع المعدة في عقد العميل · لا سعر وحدةٍ لنوع المعدة في أي عقد موردٍ نشط"
55887,skipped,0,0,"صفر أثرٍ قابلٍ للتوليد: لا سعر وحدةٍ لنوع المعدة في عقد العميل · لا سعر وحدةٍ لنوع المعدة في أي عقد موردٍ نشط"
55888,skipped,0,0,"صفر أثرٍ قابلٍ للتوليد: لا سعر وحدةٍ لنوع المعدة في عقد العميل · لا سعر وحدةٍ لنوع المعدة في أي عقد موردٍ نشط"
55889,skipped,0,0,"صفر أثرٍ قابلٍ للتوليد: لا سعر وحدةٍ لنوع المعدة في عقد العميل · لا سعر وحدةٍ لنوع المعدة في أي عقد موردٍ نشط"
55890,skipped,0,0,"صفر أثرٍ قابلٍ للتوليد: لا سعر وحدةٍ لنوع المعدة في عقد العميل · لا سعر وحدةٍ لنوع المعدة في أي عقد موردٍ نشط"
55891,skipped,0,0,"صفر أثرٍ قابلٍ للتوليد: لا سعر وحدةٍ لنوع المعدة في عقد العميل · لا سعر وحدةٍ لنوع المعدة في أي عقد موردٍ نشط"
55892,skipped,0,0,"صفر أثرٍ قابلٍ للتوليد: لا سعر وحدةٍ لنوع المعدة في عقد العميل · لا سعر وحدةٍ لنوع المعدة في أي عقد موردٍ نشط"
55893,skipped,0,0,"صفر أثرٍ قابلٍ للتوليد: لا سعر وحدةٍ لنوع المعدة في عقد العميل · لا سعر وحدةٍ لنوع المعدة في أي عقد موردٍ نشط"
55894,skipped,0,0,"صفر أثرٍ قابلٍ للتوليد: لا سعر وحدةٍ لنوع المعدة في عقد العميل · لا سعر وحدةٍ لنوع المعدة في أي عقد موردٍ نشط"
55895,skipped,0,0,"صفر أثرٍ قابلٍ للتوليد: لا سعر وحدةٍ لنوع المعدة في عقد العميل · لا سعر وحدةٍ لنوع المعدة في أي عقد موردٍ نشط"
55896,skipped,0,0,"صفر أثرٍ قابلٍ للتوليد: لا سعر وحدةٍ لنوع المعدة في عقد العميل · لا سعر وحدةٍ لنوع المعدة في أي عقد موردٍ نشط"
55897,skipped,0,0,"صفر أثرٍ قابلٍ للتوليد: لا سعر وحدةٍ لنوع المعدة في عقد العميل · لا سعر وحدةٍ لنوع المعدة في أي عقد موردٍ نشط"
55898,skipped,0,0,"صفر أثرٍ قابلٍ للتوليد: لا سعر وحدةٍ لنوع المعدة في عقد العميل · لا سعر وحدةٍ لنوع المعدة في أي عقد موردٍ نشط"
55899,skipped,0,0,"صفر أثرٍ قابلٍ للتوليد: لا سعر وحدةٍ لنوع المعدة في عقد العميل · لا سعر وحدةٍ لنوع المعدة في أي عقد موردٍ نشط"
55900,skipped,0,0,"صفر أثرٍ قابلٍ للتوليد: لا سعر وحدةٍ لنوع المعدة في عقد العميل · لا سعر وحدةٍ لنوع المعدة في أي عقد موردٍ نشط"
55901,skipped,0,0,"صفر أثرٍ قابلٍ للتوليد: لا سعر وحدةٍ لنوع المعدة في عقد العميل · لا سعر وحدةٍ لنوع المعدة في أي عقد موردٍ نشط"
55902,skipped,0,0,"صفر أثرٍ قابلٍ للتوليد: لا سعر وحدةٍ لنوع المعدة في عقد العميل · لا سعر وحدةٍ لنوع المعدة في أي عقد موردٍ نشط"
55903,skipped,0,0,"صفر أثرٍ قابلٍ للتوليد: لا سعر وحدةٍ لنوع المعدة في عقد العميل · لا سعر وحدةٍ لنوع المعدة في أي عقد موردٍ نشط"
55904,skipped,0,0,"صفر أثرٍ قابلٍ للتوليد: لا سعر وحدةٍ لنوع المعدة في عقد العميل · لا سعر وحدةٍ لنوع المعدة في أي عقد موردٍ نشط"
55905,skipped,0,0,"صفر أثرٍ قابلٍ للتوليد: لا سعر وحدةٍ لنوع المعدة في عقد العميل · لا سعر وحدةٍ لنوع المعدة في أي عقد موردٍ نشط"
55906,skipped,0,0,"صفر أثرٍ قابلٍ للتوليد: لا سعر وحدةٍ لنوع المعدة في عقد العميل · لا سعر وحدةٍ لنوع المعدة في أي عقد موردٍ نشط"
55907,skipped,0,0,"صفر أثرٍ قابلٍ للتوليد: لا سعر وحدةٍ لنوع المعدة في عقد العميل · لا سعر وحدةٍ لنوع المعدة في أي عقد موردٍ نشط"
55908,skipped,0,0,"صفر أثرٍ قابلٍ للتوليد: لا سعر وحدةٍ لنوع المعدة في عقد العميل · لا سعر وحدةٍ لنوع المعدة في أي عقد موردٍ نشط"
55909,skipped,0,0,"صفر أثرٍ قابلٍ للتوليد: لا سعر وحدةٍ لنوع المعدة في عقد العميل · لا سعر وحدةٍ لنوع المعدة في أي عقد موردٍ نشط"
55910,skipped,0,0,"صفر أثرٍ قابلٍ للتوليد: لا سعر وحدةٍ لنوع المعدة في عقد العميل · لا سعر وحدةٍ لنوع المعدة في أي عقد موردٍ نشط"
55911,skipped,0,0,"صفر أثرٍ قابلٍ للتوليد: لا سعر وحدةٍ لنوع المعدة في عقد العميل · لا سعر وحدةٍ لنوع المعدة في أي عقد موردٍ نشط"
56386,skipped,0,0,"صفر أثرٍ قابلٍ للتوليد: لا سعر وحدةٍ لنوع المعدة في عقد العميل · لا سعر وحدةٍ لنوع المعدة في أي عقد موردٍ نشط"
56387,skipped,0,0,"صفر أثرٍ قابلٍ للتوليد: لا سعر وحدةٍ لنوع المعدة في عقد العميل · لا سعر وحدةٍ لنوع المعدة في أي عقد موردٍ نشط"
56388,skipped,0,0,"صفر أثرٍ قابلٍ للتوليد: لا سعر وحدةٍ لنوع المعدة في عقد العميل · لا سعر وحدةٍ لنوع المعدة في أي عقد موردٍ نشط"
56389,skipped,0,0,"صفر أثرٍ قابلٍ للتوليد: لا سعر وحدةٍ لنوع المعدة في عقد العميل · لا سعر وحدةٍ لنوع المعدة في أي عقد موردٍ نشط"
56390,skipped,0,0,"صفر أثرٍ قابلٍ للتوليد: لا سعر وحدةٍ لنوع المعدة في عقد العميل · لا سعر وحدةٍ لنوع المعدة في أي عقد موردٍ نشط"
56391,skipped,0,0,"صفر أثرٍ قابلٍ للتوليد: لا سعر وحدةٍ لنوع المعدة في عقد العميل · لا سعر وحدةٍ لنوع المعدة في أي عقد موردٍ نشط"
56392,skipped,0,0,"صفر أثرٍ قابلٍ للتوليد: لا سعر وحدةٍ لنوع المعدة في عقد العميل · لا سعر وحدةٍ لنوع المعدة في أي عقد موردٍ نشط"
56393,skipped,0,0,"صفر أثرٍ قابلٍ للتوليد: لا سعر وحدةٍ لنوع المعدة في عقد العميل · لا سعر وحدةٍ لنوع المعدة في أي عقد موردٍ نشط"
56394,skipped,0,0,"صفر أثرٍ قابلٍ للتوليد: لا سعر وحدةٍ لنوع المعدة في عقد العميل · لا سعر وحدةٍ لنوع المعدة في أي عقد موردٍ نشط"
56395,skipped,0,0,"صفر أثرٍ قابلٍ للتوليد: لا سعر وحدةٍ لنوع المعدة في عقد العميل · لا سعر وحدةٍ لنوع المعدة في أي عقد موردٍ نشط"
56396,skipped,0,0,"صفر أثرٍ قابلٍ للتوليد: لا سعر وحدةٍ لنوع المعدة في عقد العميل · لا سعر وحدةٍ لنوع المعدة في أي عقد موردٍ نشط"
56397,skipped,0,0,"صفر أثرٍ قابلٍ للتوليد: لا سعر وحدةٍ لنوع المعدة في عقد العميل · لا سعر وحدةٍ لنوع المعدة في أي عقد موردٍ نشط"
56398,skipped,0,0,"صفر أثرٍ قابلٍ للتوليد: لا سعر وحدةٍ لنوع المعدة في عقد العميل · لا سعر وحدةٍ لنوع المعدة في أي عقد موردٍ نشط"
56399,skipped,0,0,"صفر أثرٍ قابلٍ للتوليد: لا سعر وحدةٍ لنوع المعدة في عقد العميل · لا سعر وحدةٍ لنوع المعدة في أي عقد موردٍ نشط"
56400,skipped,0,0,"صفر أثرٍ قابلٍ للتوليد: لا سعر وحدةٍ لنوع المعدة في عقد العميل · لا سعر وحدةٍ لنوع المعدة في أي عقد موردٍ نشط"
56401,skipped,0,0,"صفر أثرٍ قابلٍ للتوليد: لا سعر وحدةٍ لنوع المعدة في عقد العميل · لا سعر وحدةٍ لنوع المعدة في أي عقد موردٍ نشط"
56402,skipped,0,0,"صفر أثرٍ قابلٍ للتوليد: لا سعر وحدةٍ لنوع المعدة في عقد العميل · لا سعر وحدةٍ لنوع المعدة في أي عقد موردٍ نشط"
56403,skipped,0,0,"صفر أثرٍ قابلٍ للتوليد: لا سعر وحدةٍ لنوع المعدة في عقد العميل · لا سعر وحدةٍ لنوع المعدة في أي عقد موردٍ نشط"
56404,skipped,0,0,"صفر أثرٍ قابلٍ للتوليد: لا سعر وحدةٍ لنوع المعدة في عقد العميل · لا سعر وحدةٍ لنوع المعدة في أي عقد موردٍ نشط"
56405,skipped,0,0,"صفر أثرٍ قابلٍ للتوليد: لا سعر وحدةٍ لنوع المعدة في عقد العميل · لا سعر وحدةٍ لنوع المعدة في أي عقد موردٍ نشط"
56406,skipped,0,0,"صفر أثرٍ قابلٍ للتوليد: لا سعر وحدةٍ لنوع المعدة في عقد العميل · لا سعر وحدةٍ لنوع المعدة في أي عقد موردٍ نشط"
56407,skipped,0,0,"صفر أثرٍ قابلٍ للتوليد: لا سعر وحدةٍ لنوع المعدة في عقد العميل · لا سعر وحدةٍ لنوع المعدة في أي عقد موردٍ نشط"
56408,skipped,0,0,"صفر أثرٍ قابلٍ للتوليد: لا سعر وحدةٍ لنوع المعدة في عقد العميل · لا سعر وحدةٍ لنوع المعدة في أي عقد موردٍ نشط"
56409,skipped,0,0,"صفر أثرٍ قابلٍ للتوليد: لا سعر وحدةٍ لنوع المعدة في عقد العميل · لا سعر وحدةٍ لنوع المعدة في أي عقد موردٍ نشط"
56410,skipped,0,0,"صفر أثرٍ قابلٍ للتوليد: لا سعر وحدةٍ لنوع المعدة في عقد العميل · لا سعر وحدةٍ لنوع المعدة في أي عقد موردٍ نشط"
56411,skipped,0,0,"صفر أثرٍ قابلٍ للتوليد: لا سعر وحدةٍ لنوع المعدة في عقد العميل · لا سعر وحدةٍ لنوع المعدة في أي عقد موردٍ نشط"
56412,skipped,0,0,"صفر أثرٍ قابلٍ للتوليد: لا سعر وحدةٍ لنوع المعدة في عقد العميل · لا سعر وحدةٍ لنوع المعدة في أي عقد موردٍ نشط"
56413,skipped,0,0,"صفر أثرٍ قابلٍ للتوليد: لا سعر وحدةٍ لنوع المعدة في عقد العميل · لا سعر وحدةٍ لنوع المعدة في أي عقد موردٍ نشط"
56414,skipped,0,0,"صفر أثرٍ قابلٍ للتوليد: لا سعر وحدةٍ لنوع المعدة في عقد العميل · لا سعر وحدةٍ لنوع المعدة في أي عقد موردٍ نشط"
56415,skipped,0,0,"صفر أثرٍ قابلٍ للتوليد: لا سعر وحدةٍ لنوع المعدة في عقد العميل · لا سعر وحدةٍ لنوع المعدة في أي عقد موردٍ نشط"
56416,skipped,0,0,"صفر أثرٍ قابلٍ للتوليد: لا سعر وحدةٍ لنوع المعدة في عقد العميل · لا سعر وحدةٍ لنوع المعدة في أي عقد موردٍ نشط"
56417,skipped,0,0,"صفر أثرٍ قابلٍ للتوليد: لا سعر وحدةٍ لنوع المعدة في عقد العميل · لا سعر وحدةٍ لنوع المعدة في أي عقد موردٍ نشط"
56418,skipped,0,0,"صفر أثرٍ قابلٍ للتوليد: لا سعر وحدةٍ لنوع المعدة في عقد العميل · لا سعر وحدةٍ لنوع المعدة في أي عقد موردٍ نشط"
56419,skipped,0,0,"صفر أثرٍ قابلٍ للتوليد: لا سعر وحدةٍ لنوع المعدة في عقد العميل · لا سعر وحدةٍ لنوع المعدة في أي عقد موردٍ نشط"
56420,skipped,0,0,"صفر أثرٍ قابلٍ للتوليد: لا سعر وحدةٍ لنوع المعدة في عقد العميل · لا سعر وحدةٍ لنوع المعدة في أي عقد موردٍ نشط"
56421,skipped,0,0,"صفر أثرٍ قابلٍ للتوليد: لا سعر وحدةٍ لنوع المعدة في عقد العميل · لا سعر وحدةٍ لنوع المعدة في أي عقد موردٍ نشط"
56422,skipped,0,0,"صفر أثرٍ قابلٍ للتوليد: لا سعر وحدةٍ لنوع المعدة في عقد العميل · لا سعر وحدةٍ لنوع المعدة في أي عقد موردٍ نشط"
56423,skipped,0,0,"صفر أثرٍ قابلٍ للتوليد: لا سعر وحدةٍ لنوع المعدة في عقد العميل · لا سعر وحدةٍ لنوع المعدة في أي عقد موردٍ نشط"
56424,skipped,0,0,"صفر أثرٍ قابلٍ للتوليد: لا سعر وحدةٍ لنوع المعدة في عقد العميل · لا سعر وحدةٍ لنوع المعدة في أي عقد موردٍ نشط"
56425,skipped,0,0,"صفر أثرٍ قابلٍ للتوليد: لا سعر وحدةٍ لنوع المعدة في عقد العميل · لا سعر وحدةٍ لنوع المعدة في أي عقد موردٍ نشط"
56426,skipped,0,0,"صفر أثرٍ قابلٍ للتوليد: لا سعر وحدةٍ لنوع المعدة في عقد العميل · لا سعر وحدةٍ لنوع المعدة في أي عقد موردٍ نشط"
56427,skipped,0,0,"صفر أثرٍ قابلٍ للتوليد: لا سعر وحدةٍ لنوع المعدة في عقد العميل · لا سعر وحدةٍ لنوع المعدة في أي عقد موردٍ نشط"
56428,skipped,0,0,"صفر أثرٍ قابلٍ للتوليد: لا سعر وحدةٍ لنوع المعدة في عقد العميل · لا سعر وحدةٍ لنوع المعدة في أي عقد موردٍ نشط"
56429,skipped,0,0,"صفر أثرٍ قابلٍ للتوليد: لا سعر وحدةٍ لنوع المعدة في عقد العميل · لا سعر وحدةٍ لنوع المعدة في أي عقد موردٍ نشط"
56430,skipped,0,0,"صفر أثرٍ قابلٍ للتوليد: لا سعر وحدةٍ لنوع المعدة في عقد العميل · لا سعر وحدةٍ لنوع المعدة في أي عقد موردٍ نشط"
56431,skipped,0,0,"صفر أثرٍ قابلٍ للتوليد: لا سعر وحدةٍ لنوع المعدة في عقد العميل · لا سعر وحدةٍ لنوع المعدة في أي عقد موردٍ نشط"
56432,skipped,0,0,"صفر أثرٍ قابلٍ للتوليد: لا سعر وحدةٍ لنوع المعدة في عقد العميل · لا سعر وحدةٍ لنوع المعدة في أي عقد موردٍ نشط"
56433,skipped,0,0,"صفر أثرٍ قابلٍ للتوليد: لا سعر وحدةٍ لنوع المعدة في عقد العميل · لا سعر وحدةٍ لنوع المعدة في أي عقد موردٍ نشط"
56434,skipped,0,0,"صفر أثرٍ قابلٍ للتوليد: لا سعر وحدةٍ لنوع المعدة في عقد العميل · لا سعر وحدةٍ لنوع المعدة في أي عقد موردٍ نشط"
56435,skipped,0,0,"صفر أثرٍ قابلٍ للتوليد: لا سعر وحدةٍ لنوع المعدة في عقد العميل · لا سعر وحدةٍ لنوع المعدة في أي عقد موردٍ نشط"
56436,skipped,0,0,"صفر أثرٍ قابلٍ للتوليد: لا سعر وحدةٍ لنوع المعدة في عقد العميل · لا سعر وحدةٍ لنوع المعدة في أي عقد موردٍ نشط"
56437,skipped,0,0,"صفر أثرٍ قابلٍ للتوليد: لا سعر وحدةٍ لنوع المعدة في عقد العميل · لا سعر وحدةٍ لنوع المعدة في أي عقد موردٍ نشط"
56438,skipped,0,0,"صفر أثرٍ قابلٍ للتوليد: لا سعر وحدةٍ لنوع المعدة في عقد العميل · لا سعر وحدةٍ لنوع المعدة في أي عقد موردٍ نشط"
56439,skipped,0,0,"صفر أثرٍ قابلٍ للتوليد: لا سعر وحدةٍ لنوع المعدة في عقد العميل · لا سعر وحدةٍ لنوع المعدة في أي عقد موردٍ نشط"
56440,skipped,0,0,"صفر أثرٍ قابلٍ للتوليد: لا سعر وحدةٍ لنوع المعدة في عقد العميل · لا سعر وحدةٍ لنوع المعدة في أي عقد موردٍ نشط"
56441,skipped,0,0,"صفر أثرٍ قابلٍ للتوليد: لا سعر وحدةٍ لنوع المعدة في عقد العميل · لا سعر وحدةٍ لنوع المعدة في أي عقد موردٍ نشط"
56442,skipped,0,0,"صفر أثرٍ قابلٍ للتوليد: لا سعر وحدةٍ لنوع المعدة في عقد العميل · لا سعر وحدةٍ لنوع المعدة في أي عقد موردٍ نشط"
56443,skipped,0,0,"صفر أثرٍ قابلٍ للتوليد: لا سعر وحدةٍ لنوع المعدة في عقد العميل · لا سعر وحدةٍ لنوع المعدة في أي عقد موردٍ نشط"
56444,skipped,0,0,"صفر أثرٍ قابلٍ للتوليد: لا سعر وحدةٍ لنوع المعدة في عقد العميل · لا سعر وحدةٍ لنوع المعدة في أي عقد موردٍ نشط"
56445,skipped,0,0,"صفر أثرٍ قابلٍ للتوليد: لا سعر وحدةٍ لنوع المعدة في عقد العميل · لا سعر وحدةٍ لنوع المعدة في أي عقد موردٍ نشط"
56446,skipped,0,0,"صفر أثرٍ قابلٍ للتوليد: لا سعر وحدةٍ لنوع المعدة في عقد العميل · لا سعر وحدةٍ لنوع المعدة في أي عقد موردٍ نشط"
56659,skipped,0,0,"صفر أثرٍ قابلٍ للتوليد: لا سعر وحدةٍ لنوع المعدة في عقد العميل · لا سعر وحدةٍ لنوع المعدة في أي عقد موردٍ نشط"
56660,skipped,0,0,"صفر أثرٍ قابلٍ للتوليد: لا سعر وحدةٍ لنوع المعدة في عقد العميل · لا سعر وحدةٍ لنوع المعدة في أي عقد موردٍ نشط"
56661,skipped,0,0,"صفر أثرٍ قابلٍ للتوليد: لا سعر وحدةٍ لنوع المعدة في عقد العميل · لا سعر وحدةٍ لنوع المعدة في أي عقد موردٍ نشط"
56662,skipped,0,0,"صفر أثرٍ قابلٍ للتوليد: لا سعر وحدةٍ لنوع المعدة في عقد العميل · لا سعر وحدةٍ لنوع المعدة في أي عقد موردٍ نشط"
56663,skipped,0,0,"صفر أثرٍ قابلٍ للتوليد: لا سعر وحدةٍ لنوع المعدة في عقد العميل · لا سعر وحدةٍ لنوع المعدة في أي عقد موردٍ نشط"
56664,skipped,0,0,"صفر أثرٍ قابلٍ للتوليد: لا سعر وحدةٍ لنوع المعدة في عقد العميل · لا سعر وحدةٍ لنوع المعدة في أي عقد موردٍ نشط"
56665,skipped,0,0,"صفر أثرٍ قابلٍ للتوليد: لا سعر وحدةٍ لنوع المعدة في عقد العميل · لا سعر وحدةٍ لنوع المعدة في أي عقد موردٍ نشط"
56666,skipped,0,0,"صفر أثرٍ قابلٍ للتوليد: لا سعر وحدةٍ لنوع المعدة في عقد العميل · لا سعر وحدةٍ لنوع المعدة في أي عقد موردٍ نشط"
56667,skipped,0,0,"صفر أثرٍ قابلٍ للتوليد: لا سعر وحدةٍ لنوع المعدة في عقد العميل · لا سعر وحدةٍ لنوع المعدة في أي عقد موردٍ نشط"
56668,skipped,0,0,"صفر أثرٍ قابلٍ للتوليد: لا سعر وحدةٍ لنوع المعدة في عقد العميل · لا سعر وحدةٍ لنوع المعدة في أي عقد موردٍ نشط"
56669,skipped,0,0,"صفر أثرٍ قابلٍ للتوليد: لا سعر وحدةٍ لنوع المعدة في عقد العميل · لا سعر وحدةٍ لنوع المعدة في أي عقد موردٍ نشط"
56670,skipped,0,0,"صفر أثرٍ قابلٍ للتوليد: لا سعر وحدةٍ لنوع المعدة في عقد العميل · لا سعر وحدةٍ لنوع المعدة في أي عقد موردٍ نشط"
56671,skipped,0,0,"صفر أثرٍ قابلٍ للتوليد: لا سعر وحدةٍ لنوع المعدة في عقد العميل · لا سعر وحدةٍ لنوع المعدة في أي عقد موردٍ نشط"
56672,skipped,0,0,"صفر أثرٍ قابلٍ للتوليد: لا سعر وحدةٍ لنوع المعدة في عقد العميل · لا سعر وحدةٍ لنوع المعدة في أي عقد موردٍ نشط"
56673,skipped,0,0,"صفر أثرٍ قابلٍ للتوليد: لا سعر وحدةٍ لنوع المعدة في عقد العميل · لا سعر وحدةٍ لنوع المعدة في أي عقد موردٍ نشط"
56674,skipped,0,0,"صفر أثرٍ قابلٍ للتوليد: لا سعر وحدةٍ لنوع المعدة في عقد العميل · لا سعر وحدةٍ لنوع المعدة في أي عقد موردٍ نشط"
56675,skipped,0,0,"صفر أثرٍ قابلٍ للتوليد: لا سعر وحدةٍ لنوع المعدة في عقد العميل · لا سعر وحدةٍ لنوع المعدة في أي عقد موردٍ نشط"
56676,skipped,0,0,"صفر أثرٍ قابلٍ للتوليد: لا سعر وحدةٍ لنوع المعدة في عقد العميل · لا سعر وحدةٍ لنوع المعدة في أي عقد موردٍ نشط"
56677,skipped,0,0,"صفر أثرٍ قابلٍ للتوليد: لا سعر وحدةٍ لنوع المعدة في عقد العميل · لا سعر وحدةٍ لنوع المعدة في أي عقد موردٍ نشط"
56678,skipped,0,0,"صفر أثرٍ قابلٍ للتوليد: لا سعر وحدةٍ لنوع المعدة في عقد العميل · لا سعر وحدةٍ لنوع المعدة في أي عقد موردٍ نشط"
56679,skipped,0,0,"صفر أثرٍ قابلٍ للتوليد: لا سعر وحدةٍ لنوع المعدة في عقد العميل · لا سعر وحدةٍ لنوع المعدة في أي عقد موردٍ نشط"
56680,skipped,0,0,"صفر أثرٍ قابلٍ للتوليد: لا سعر وحدةٍ لنوع المعدة في عقد العميل · لا سعر وحدةٍ لنوع المعدة في أي عقد موردٍ نشط"
56681,skipped,0,0,"صفر أثرٍ قابلٍ للتوليد: لا سعر وحدةٍ لنوع المعدة في عقد العميل · لا سعر وحدةٍ لنوع المعدة في أي عقد موردٍ نشط"
56682,skipped,0,0,"صفر أثرٍ قابلٍ للتوليد: لا سعر وحدةٍ لنوع المعدة في عقد العميل · لا سعر وحدةٍ لنوع المعدة في أي عقد موردٍ نشط"
56683,skipped,0,0,"صفر أثرٍ قابلٍ للتوليد: لا سعر وحدةٍ لنوع المعدة في عقد العميل · لا سعر وحدةٍ لنوع المعدة في أي عقد موردٍ نشط"
56684,skipped,0,0,"صفر أثرٍ قابلٍ للتوليد: لا سعر وحدةٍ لنوع المعدة في عقد العميل · لا سعر وحدةٍ لنوع المعدة في أي عقد موردٍ نشط"
56685,skipped,0,0,"صفر أثرٍ قابلٍ للتوليد: لا سعر وحدةٍ لنوع المعدة في عقد العميل · لا سعر وحدةٍ لنوع المعدة في أي عقد موردٍ نشط"
56686,skipped,0,0,"صفر أثرٍ قابلٍ للتوليد: لا سعر وحدةٍ لنوع المعدة في عقد العميل · لا سعر وحدةٍ لنوع المعدة في أي عقد موردٍ نشط"
56687,skipped,0,0,"صفر أثرٍ قابلٍ للتوليد: لا سعر وحدةٍ لنوع المعدة في عقد العميل · لا سعر وحدةٍ لنوع المعدة في أي عقد موردٍ نشط"
56688,skipped,0,0,"صفر أثرٍ قابلٍ للتوليد: لا سعر وحدةٍ لنوع المعدة في عقد العميل · لا سعر وحدةٍ لنوع المعدة في أي عقد موردٍ نشط"
56689,skipped,0,0,"صفر أثرٍ قابلٍ للتوليد: لا سعر وحدةٍ لنوع المعدة في عقد العميل · لا سعر وحدةٍ لنوع المعدة في أي عقد موردٍ نشط"
56690,skipped,0,0,"صفر أثرٍ قابلٍ للتوليد: لا سعر وحدةٍ لنوع المعدة في عقد العميل · لا سعر وحدةٍ لنوع المعدة في أي عقد موردٍ نشط"
56691,skipped,0,0,"صفر أثرٍ قابلٍ للتوليد: لا سعر وحدةٍ لنوع المعدة في عقد العميل · لا سعر وحدةٍ لنوع المعدة في أي عقد موردٍ نشط"
56692,skipped,0,0,"صفر أثرٍ قابلٍ للتوليد: لا سعر وحدةٍ لنوع المعدة في عقد العميل · لا سعر وحدةٍ لنوع المعدة في أي عقد موردٍ نشط"
56693,skipped,0,0,"صفر أثرٍ قابلٍ للتوليد: لا سعر وحدةٍ لنوع المعدة في عقد العميل · لا سعر وحدةٍ لنوع المعدة في أي عقد موردٍ نشط"
56694,skipped,0,0,"صفر أثرٍ قابلٍ للتوليد: لا سعر وحدةٍ لنوع المعدة في عقد العميل · لا سعر وحدةٍ لنوع المعدة في أي عقد موردٍ نشط"
56695,skipped,0,0,"صفر أثرٍ قابلٍ للتوليد: لا سعر وحدةٍ لنوع المعدة في عقد العميل · لا سعر وحدةٍ لنوع المعدة في أي عقد موردٍ نشط"
56696,skipped,0,0,"صفر أثرٍ قابلٍ للتوليد: لا سعر وحدةٍ لنوع المعدة في عقد العميل · لا سعر وحدةٍ لنوع المعدة في أي عقد موردٍ نشط"
56697,skipped,0,0,"صفر أثرٍ قابلٍ للتوليد: لا سعر وحدةٍ لنوع المعدة في عقد العميل · لا سعر وحدةٍ لنوع المعدة في أي عقد موردٍ نشط"
56698,skipped,0,0,"صفر أثرٍ قابلٍ للتوليد: لا سعر وحدةٍ لنوع المعدة في عقد العميل · لا سعر وحدةٍ لنوع المعدة في أي عقد موردٍ نشط"
56699,skipped,0,0,"صفر أثرٍ قابلٍ للتوليد: لا سعر وحدةٍ لنوع المعدة في عقد العميل · لا سعر وحدةٍ لنوع المعدة في أي عقد موردٍ نشط"
56700,skipped,0,0,"صفر أثرٍ قابلٍ للتوليد: لا سعر وحدةٍ لنوع المعدة في عقد العميل · لا سعر وحدةٍ لنوع المعدة في أي عقد موردٍ نشط"
56701,skipped,0,0,"صفر أثرٍ قابلٍ للتوليد: لا سعر وحدةٍ لنوع المعدة في عقد العميل · لا سعر وحدةٍ لنوع المعدة في أي عقد موردٍ نشط"
56702,skipped,0,0,"صفر أثرٍ قابلٍ للتوليد: لا سعر وحدةٍ لنوع المعدة في عقد العميل · لا سعر وحدةٍ لنوع المعدة في أي عقد موردٍ نشط"
56703,skipped,0,0,"صفر أثرٍ قابلٍ للتوليد: لا سعر وحدةٍ لنوع المعدة في عقد العميل · لا سعر وحدةٍ لنوع المعدة في أي عقد موردٍ نشط"
56704,skipped,0,0,"صفر أثرٍ قابلٍ للتوليد: لا سعر وحدةٍ لنوع المعدة في عقد العميل · لا سعر وحدةٍ لنوع المعدة في أي عقد موردٍ نشط"
56705,skipped,0,0,"صفر أثرٍ قابلٍ للتوليد: لا سعر وحدةٍ لنوع المعدة في عقد العميل · لا سعر وحدةٍ لنوع المعدة في أي عقد موردٍ نشط"
56706,skipped,0,0,"صفر أثرٍ قابلٍ للتوليد: لا سعر وحدةٍ لنوع المعدة في عقد العميل · لا سعر وحدةٍ لنوع المعدة في أي عقد موردٍ نشط"
56707,skipped,0,0,"صفر أثرٍ قابلٍ للتوليد: لا سعر وحدةٍ لنوع المعدة في عقد العميل · لا سعر وحدةٍ لنوع المعدة في أي عقد موردٍ نشط"
56708,skipped,0,0,"صفر أثرٍ قابلٍ للتوليد: لا سعر وحدةٍ لنوع المعدة في عقد العميل · لا سعر وحدةٍ لنوع المعدة في أي عقد موردٍ نشط"
56709,skipped,0,0,"صفر أثرٍ قابلٍ للتوليد: لا سعر وحدةٍ لنوع المعدة في عقد العميل · لا سعر وحدةٍ لنوع المعدة في أي عقد موردٍ نشط"
56710,skipped,0,0,"صفر أثرٍ قابلٍ للتوليد: لا سعر وحدةٍ لنوع المعدة في عقد العميل · لا سعر وحدةٍ لنوع المعدة في أي عقد موردٍ نشط"
56711,skipped,0,0,"صفر أثرٍ قابلٍ للتوليد: لا سعر وحدةٍ لنوع المعدة في عقد العميل · لا سعر وحدةٍ لنوع المعدة في أي عقد موردٍ نشط"
56712,skipped,0,0,"صفر أثرٍ قابلٍ للتوليد: لا سعر وحدةٍ لنوع المعدة في عقد العميل · لا سعر وحدةٍ لنوع المعدة في أي عقد موردٍ نشط"
56713,skipped,0,0,"صفر أثرٍ قابلٍ للتوليد: لا سعر وحدةٍ لنوع المعدة في عقد العميل · لا سعر وحدةٍ لنوع المعدة في أي عقد موردٍ نشط"
56714,skipped,0,0,"صفر أثرٍ قابلٍ للتوليد: لا سعر وحدةٍ لنوع المعدة في عقد العميل · لا سعر وحدةٍ لنوع المعدة في أي عقد موردٍ نشط"
56715,skipped,0,0,"صفر أثرٍ قابلٍ للتوليد: لا سعر وحدةٍ لنوع المعدة في عقد العميل · لا سعر وحدةٍ لنوع المعدة في أي عقد موردٍ نشط"
56716,skipped,0,0,"صفر أثرٍ قابلٍ للتوليد: لا سعر وحدةٍ لنوع المعدة في عقد العميل · لا سعر وحدةٍ لنوع المعدة في أي عقد موردٍ نشط"
56717,skipped,0,0,"صفر أثرٍ قابلٍ للتوليد: لا سعر وحدةٍ لنوع المعدة في عقد العميل · لا سعر وحدةٍ لنوع المعدة في أي عقد موردٍ نشط"
56718,skipped,0,0,"صفر أثرٍ قابلٍ للتوليد: لا سعر وحدةٍ لنوع المعدة في عقد العميل · لا سعر وحدةٍ لنوع المعدة في أي عقد موردٍ نشط"
56719,skipped,0,0,"صفر أثرٍ قابلٍ للتوليد: لا سعر وحدةٍ لنوع المعدة في عقد العميل · لا سعر وحدةٍ لنوع المعدة في أي عقد موردٍ نشط"
56791,skipped,0,0,"صفر أثرٍ قابلٍ للتوليد: لا سعر وحدةٍ لنوع المعدة في عقد العميل · لا سعر وحدةٍ لنوع المعدة في أي عقد موردٍ نشط"
56792,skipped,0,0,"صفر أثرٍ قابلٍ للتوليد: لا سعر وحدةٍ لنوع المعدة في عقد العميل · لا سعر وحدةٍ لنوع المعدة في أي عقد موردٍ نشط"
56793,skipped,0,0,"صفر أثرٍ قابلٍ للتوليد: لا سعر وحدةٍ لنوع المعدة في عقد العميل · لا سعر وحدةٍ لنوع المعدة في أي عقد موردٍ نشط"
56794,skipped,0,0,"صفر أثرٍ قابلٍ للتوليد: لا سعر وحدةٍ لنوع المعدة في عقد العميل · لا سعر وحدةٍ لنوع المعدة في أي عقد موردٍ نشط"
56795,skipped,0,0,"صفر أثرٍ قابلٍ للتوليد: لا سعر وحدةٍ لنوع المعدة في عقد العميل · لا سعر وحدةٍ لنوع المعدة في أي عقد موردٍ نشط"
56796,skipped,0,0,"صفر أثرٍ قابلٍ للتوليد: لا سعر وحدةٍ لنوع المعدة في عقد العميل · لا سعر وحدةٍ لنوع المعدة في أي عقد موردٍ نشط"
56797,skipped,0,0,"صفر أثرٍ قابلٍ للتوليد: لا سعر وحدةٍ لنوع المعدة في عقد العميل · لا سعر وحدةٍ لنوع المعدة في أي عقد موردٍ نشط"
56798,skipped,0,0,"صفر أثرٍ قابلٍ للتوليد: لا سعر وحدةٍ لنوع المعدة في عقد العميل · لا سعر وحدةٍ لنوع المعدة في أي عقد موردٍ نشط"
56799,skipped,0,0,"صفر أثرٍ قابلٍ للتوليد: لا سعر وحدةٍ لنوع المعدة في عقد العميل · لا سعر وحدةٍ لنوع المعدة في أي عقد موردٍ نشط"
56800,skipped,0,0,"صفر أثرٍ قابلٍ للتوليد: لا سعر وحدةٍ لنوع المعدة في عقد العميل · لا سعر وحدةٍ لنوع المعدة في أي عقد موردٍ نشط"
56801,skipped,0,0,"صفر أثرٍ قابلٍ للتوليد: لا سعر وحدةٍ لنوع المعدة في عقد العميل · لا سعر وحدةٍ لنوع المعدة في أي عقد موردٍ نشط"
56802,skipped,0,0,"صفر أثرٍ قابلٍ للتوليد: لا سعر وحدةٍ لنوع المعدة في عقد العميل · لا سعر وحدةٍ لنوع المعدة في أي عقد موردٍ نشط"
56803,skipped,0,0,"صفر أثرٍ قابلٍ للتوليد: لا سعر وحدةٍ لنوع المعدة في عقد العميل · لا سعر وحدةٍ لنوع المعدة في أي عقد موردٍ نشط"
56804,skipped,0,0,"صفر أثرٍ قابلٍ للتوليد: لا سعر وحدةٍ لنوع المعدة في عقد العميل · لا سعر وحدةٍ لنوع المعدة في أي عقد موردٍ نشط"
56805,skipped,0,0,"صفر أثرٍ قابلٍ للتوليد: لا سعر وحدةٍ لنوع المعدة في عقد العميل · لا سعر وحدةٍ لنوع المعدة في أي عقد موردٍ نشط"
56806,skipped,0,0,"صفر أثرٍ قابلٍ للتوليد: لا سعر وحدةٍ لنوع المعدة في عقد العميل · لا سعر وحدةٍ لنوع المعدة في أي عقد موردٍ نشط"
56807,skipped,0,0,"صفر أثرٍ قابلٍ للتوليد: لا سعر وحدةٍ لنوع المعدة في عقد العميل · لا سعر وحدةٍ لنوع المعدة في أي عقد موردٍ نشط"
56808,skipped,0,0,"صفر أثرٍ قابلٍ للتوليد: لا سعر وحدةٍ لنوع المعدة في عقد العميل · لا سعر وحدةٍ لنوع المعدة في أي عقد موردٍ نشط"
56809,skipped,0,0,"صفر أثرٍ قابلٍ للتوليد: لا سعر وحدةٍ لنوع المعدة في عقد العميل · لا سعر وحدةٍ لنوع المعدة في أي عقد موردٍ نشط"
56810,skipped,0,0,"صفر أثرٍ قابلٍ للتوليد: لا سعر وحدةٍ لنوع المعدة في عقد العميل · لا سعر وحدةٍ لنوع المعدة في أي عقد موردٍ نشط"
56811,skipped,0,0,"صفر أثرٍ قابلٍ للتوليد: لا سعر وحدةٍ لنوع المعدة في عقد العميل · لا سعر وحدةٍ لنوع المعدة في أي عقد موردٍ نشط"
56812,skipped,0,0,"صفر أثرٍ قابلٍ للتوليد: لا سعر وحدةٍ لنوع المعدة في عقد العميل · لا سعر وحدةٍ لنوع المعدة في أي عقد موردٍ نشط"
56813,skipped,0,0,"صفر أثرٍ قابلٍ للتوليد: لا سعر وحدةٍ لنوع المعدة في عقد العميل · لا سعر وحدةٍ لنوع المعدة في أي عقد موردٍ نشط"
56814,skipped,0,0,"صفر أثرٍ قابلٍ للتوليد: لا سعر وحدةٍ لنوع المعدة في عقد العميل · لا سعر وحدةٍ لنوع المعدة في أي عقد موردٍ نشط"
56815,skipped,0,0,"صفر أثرٍ قابلٍ للتوليد: لا سعر وحدةٍ لنوع المعدة في عقد العميل · لا سعر وحدةٍ لنوع المعدة في أي عقد موردٍ نشط"
56816,skipped,0,0,"صفر أثرٍ قابلٍ للتوليد: لا سعر وحدةٍ لنوع المعدة في عقد العميل · لا سعر وحدةٍ لنوع المعدة في أي عقد موردٍ نشط"
56817,skipped,0,0,"صفر أثرٍ قابلٍ للتوليد: لا سعر وحدةٍ لنوع المعدة في عقد العميل · لا سعر وحدةٍ لنوع المعدة في أي عقد موردٍ نشط"
56818,skipped,0,0,"صفر أثرٍ قابلٍ للتوليد: لا سعر وحدةٍ لنوع المعدة في عقد العميل · لا سعر وحدةٍ لنوع المعدة في أي عقد موردٍ نشط"
56819,skipped,0,0,"صفر أثرٍ قابلٍ للتوليد: لا سعر وحدةٍ لنوع المعدة في عقد العميل · لا سعر وحدةٍ لنوع المعدة في أي عقد موردٍ نشط"
56820,skipped,0,0,"صفر أثرٍ قابلٍ للتوليد: لا سعر وحدةٍ لنوع المعدة في عقد العميل · لا سعر وحدةٍ لنوع المعدة في أي عقد موردٍ نشط"
56821,skipped,0,0,"صفر أثرٍ قابلٍ للتوليد: لا سعر وحدةٍ لنوع المعدة في عقد العميل · لا سعر وحدةٍ لنوع المعدة في أي عقد موردٍ نشط"
56822,skipped,0,0,"صفر أثرٍ قابلٍ للتوليد: لا سعر وحدةٍ لنوع المعدة في عقد العميل · لا سعر وحدةٍ لنوع المعدة في أي عقد موردٍ نشط"
56823,skipped,0,0,"صفر أثرٍ قابلٍ للتوليد: لا سعر وحدةٍ لنوع المعدة في عقد العميل · لا سعر وحدةٍ لنوع المعدة في أي عقد موردٍ نشط"
56824,skipped,0,0,"صفر أثرٍ قابلٍ للتوليد: لا سعر وحدةٍ لنوع المعدة في عقد العميل · لا سعر وحدةٍ لنوع المعدة في أي عقد موردٍ نشط"
56825,skipped,0,0,"صفر أثرٍ قابلٍ للتوليد: لا سعر وحدةٍ لنوع المعدة في عقد العميل · لا سعر وحدةٍ لنوع المعدة في أي عقد موردٍ نشط"
56826,skipped,0,0,"صفر أثرٍ قابلٍ للتوليد: لا سعر وحدةٍ لنوع المعدة في عقد العميل · لا سعر وحدةٍ لنوع المعدة في أي عقد موردٍ نشط"
56827,skipped,0,0,"صفر أثرٍ قابلٍ للتوليد: لا سعر وحدةٍ لنوع المعدة في عقد العميل · لا سعر وحدةٍ لنوع المعدة في أي عقد موردٍ نشط"
56828,skipped,0,0,"صفر أثرٍ قابلٍ للتوليد: لا سعر وحدةٍ لنوع المعدة في عقد العميل · لا سعر وحدةٍ لنوع المعدة في أي عقد موردٍ نشط"
56829,skipped,0,0,"صفر أثرٍ قابلٍ للتوليد: لا سعر وحدةٍ لنوع المعدة في عقد العميل · لا سعر وحدةٍ لنوع المعدة في أي عقد موردٍ نشط"
56830,skipped,0,0,"صفر أثرٍ قابلٍ للتوليد: لا سعر وحدةٍ لنوع المعدة في عقد العميل · لا سعر وحدةٍ لنوع المعدة في أي عقد موردٍ نشط"
56831,skipped,0,0,"صفر أثرٍ قابلٍ للتوليد: لا سعر وحدةٍ لنوع المعدة في عقد العميل · لا سعر وحدةٍ لنوع المعدة في أي عقد موردٍ نشط"
56832,skipped,0,0,"صفر أثرٍ قابلٍ للتوليد: لا سعر وحدةٍ لنوع المعدة في عقد العميل · لا سعر وحدةٍ لنوع المعدة في أي عقد موردٍ نشط"
56833,skipped,0,0,"صفر أثرٍ قابلٍ للتوليد: لا سعر وحدةٍ لنوع المعدة في عقد العميل · لا سعر وحدةٍ لنوع المعدة في أي عقد موردٍ نشط"
56834,skipped,0,0,"صفر أثرٍ قابلٍ للتوليد: لا سعر وحدةٍ لنوع المعدة في عقد العميل · لا سعر وحدةٍ لنوع المعدة في أي عقد موردٍ نشط"
56835,skipped,0,0,"صفر أثرٍ قابلٍ للتوليد: لا سعر وحدةٍ لنوع المعدة في عقد العميل · لا سعر وحدةٍ لنوع المعدة في أي عقد موردٍ نشط"
56836,skipped,0,0,"صفر أثرٍ قابلٍ للتوليد: لا سعر وحدةٍ لنوع المعدة في عقد العميل · لا سعر وحدةٍ لنوع المعدة في أي عقد موردٍ نشط"
56837,skipped,0,0,"صفر أثرٍ قابلٍ للتوليد: لا سعر وحدةٍ لنوع المعدة في عقد العميل · لا سعر وحدةٍ لنوع المعدة في أي عقد موردٍ نشط"
56838,skipped,0,0,"صفر أثرٍ قابلٍ للتوليد: لا سعر وحدةٍ لنوع المعدة في عقد العميل · لا سعر وحدةٍ لنوع المعدة في أي عقد موردٍ نشط"
56839,skipped,0,0,"صفر أثرٍ قابلٍ للتوليد: لا سعر وحدةٍ لنوع المعدة في عقد العميل · لا سعر وحدةٍ لنوع المعدة في أي عقد موردٍ نشط"
56840,skipped,0,0,"صفر أثرٍ قابلٍ للتوليد: لا سعر وحدةٍ لنوع المعدة في عقد العميل · لا سعر وحدةٍ لنوع المعدة في أي عقد موردٍ نشط"
56841,skipped,0,0,"صفر أثرٍ قابلٍ للتوليد: لا سعر وحدةٍ لنوع المعدة في عقد العميل · لا سعر وحدةٍ لنوع المعدة في أي عقد موردٍ نشط"
56842,skipped,0,0,"صفر أثرٍ قابلٍ للتوليد: لا سعر وحدةٍ لنوع المعدة في عقد العميل · لا سعر وحدةٍ لنوع المعدة في أي عقد موردٍ نشط"
56843,skipped,0,0,"صفر أثرٍ قابلٍ للتوليد: لا سعر وحدةٍ لنوع المعدة في عقد العميل · لا سعر وحدةٍ لنوع المعدة في أي عقد موردٍ نشط"
56844,skipped,0,0,"صفر أثرٍ قابلٍ للتوليد: لا سعر وحدةٍ لنوع المعدة في عقد العميل · لا سعر وحدةٍ لنوع المعدة في أي عقد موردٍ نشط"
56845,skipped,0,0,"صفر أثرٍ قابلٍ للتوليد: لا سعر وحدةٍ لنوع المعدة في عقد العميل · لا سعر وحدةٍ لنوع المعدة في أي عقد موردٍ نشط"
56846,skipped,0,0,"صفر أثرٍ قابلٍ للتوليد: لا سعر وحدةٍ لنوع المعدة في عقد العميل · لا سعر وحدةٍ لنوع المعدة في أي عقد موردٍ نشط"
56847,skipped,0,0,"صفر أثرٍ قابلٍ للتوليد: لا سعر وحدةٍ لنوع المعدة في عقد العميل · لا سعر وحدةٍ لنوع المعدة في أي عقد موردٍ نشط"
56848,skipped,0,0,"صفر أثرٍ قابلٍ للتوليد: لا سعر وحدةٍ لنوع المعدة في عقد العميل · لا سعر وحدةٍ لنوع المعدة في أي عقد موردٍ نشط"
56849,skipped,0,0,"صفر أثرٍ قابلٍ للتوليد: لا سعر وحدةٍ لنوع المعدة في عقد العميل · لا سعر وحدةٍ لنوع المعدة في أي عقد موردٍ نشط"
56850,skipped,0,0,"صفر أثرٍ قابلٍ للتوليد: لا سعر وحدةٍ لنوع المعدة في عقد العميل · لا سعر وحدةٍ لنوع المعدة في أي عقد موردٍ نشط"
56851,skipped,0,0,"صفر أثرٍ قابلٍ للتوليد: لا سعر وحدةٍ لنوع المعدة في عقد العميل · لا سعر وحدةٍ لنوع المعدة في أي عقد موردٍ نشط"
56852,skipped,0,0,"صفر أثرٍ قابلٍ للتوليد: لا سعر وحدةٍ لنوع المعدة في عقد العميل · لا سعر وحدةٍ لنوع المعدة في أي عقد موردٍ نشط"
56853,skipped,0,0,"صفر أثرٍ قابلٍ للتوليد: لا سعر وحدةٍ لنوع المعدة في عقد العميل · لا سعر وحدةٍ لنوع المعدة في أي عقد موردٍ نشط"
56854,skipped,0,0,"صفر أثرٍ قابلٍ للتوليد: لا سعر وحدةٍ لنوع المعدة في عقد العميل · لا سعر وحدةٍ لنوع المعدة في أي عقد موردٍ نشط"
56855,skipped,0,0,"صفر أثرٍ قابلٍ للتوليد: لا سعر وحدةٍ لنوع المعدة في عقد العميل · لا سعر وحدةٍ لنوع المعدة في أي عقد موردٍ نشط"
56925,skipped,0,0,"صفر أثرٍ قابلٍ للتوليد: لا سعر وحدةٍ لنوع المعدة في عقد العميل · لا سعر وحدةٍ لنوع المعدة في أي عقد موردٍ نشط"
56926,skipped,0,0,"صفر أثرٍ قابلٍ للتوليد: لا سعر وحدةٍ لنوع المعدة في عقد العميل · لا سعر وحدةٍ لنوع المعدة في أي عقد موردٍ نشط"
56927,skipped,0,0,"صفر أثرٍ قابلٍ للتوليد: لا سعر وحدةٍ لنوع المعدة في عقد العميل · لا سعر وحدةٍ لنوع المعدة في أي عقد موردٍ نشط"
56928,skipped,0,0,"صفر أثرٍ قابلٍ للتوليد: لا سعر وحدةٍ لنوع المعدة في عقد العميل · لا سعر وحدةٍ لنوع المعدة في أي عقد موردٍ نشط"
56929,skipped,0,0,"صفر أثرٍ قابلٍ للتوليد: لا سعر وحدةٍ لنوع المعدة في عقد العميل · لا سعر وحدةٍ لنوع المعدة في أي عقد موردٍ نشط"
56930,skipped,0,0,"صفر أثرٍ قابلٍ للتوليد: لا سعر وحدةٍ لنوع المعدة في عقد العميل · لا سعر وحدةٍ لنوع المعدة في أي عقد موردٍ نشط"
56931,skipped,0,0,"صفر أثرٍ قابلٍ للتوليد: لا سعر وحدةٍ لنوع المعدة في عقد العميل · لا سعر وحدةٍ لنوع المعدة في أي عقد موردٍ نشط"
56932,skipped,0,0,"صفر أثرٍ قابلٍ للتوليد: لا سعر وحدةٍ لنوع المعدة في عقد العميل · لا سعر وحدةٍ لنوع المعدة في أي عقد موردٍ نشط"
56933,skipped,0,0,"صفر أثرٍ قابلٍ للتوليد: لا سعر وحدةٍ لنوع المعدة في عقد العميل · لا سعر وحدةٍ لنوع المعدة في أي عقد موردٍ نشط"
56934,skipped,0,0,"صفر أثرٍ قابلٍ للتوليد: لا سعر وحدةٍ لنوع المعدة في عقد العميل · لا سعر وحدةٍ لنوع المعدة في أي عقد موردٍ نشط"
56935,skipped,0,0,"صفر أثرٍ قابلٍ للتوليد: لا سعر وحدةٍ لنوع المعدة في عقد العميل · لا سعر وحدةٍ لنوع المعدة في أي عقد موردٍ نشط"
56936,skipped,0,0,"صفر أثرٍ قابلٍ للتوليد: لا سعر وحدةٍ لنوع المعدة في عقد العميل · لا سعر وحدةٍ لنوع المعدة في أي عقد موردٍ نشط"
56937,skipped,0,0,"صفر أثرٍ قابلٍ للتوليد: لا سعر وحدةٍ لنوع المعدة في عقد العميل · لا سعر وحدةٍ لنوع المعدة في أي عقد موردٍ نشط"
56938,skipped,0,0,"صفر أثرٍ قابلٍ للتوليد: لا سعر وحدةٍ لنوع المعدة في عقد العميل · لا سعر وحدةٍ لنوع المعدة في أي عقد موردٍ نشط"
56939,skipped,0,0,"صفر أثرٍ قابلٍ للتوليد: لا سعر وحدةٍ لنوع المعدة في عقد العميل · لا سعر وحدةٍ لنوع المعدة في أي عقد موردٍ نشط"
56940,skipped,0,0,"صفر أثرٍ قابلٍ للتوليد: لا سعر وحدةٍ لنوع المعدة في عقد العميل · لا سعر وحدةٍ لنوع المعدة في أي عقد موردٍ نشط"
56941,skipped,0,0,"صفر أثرٍ قابلٍ للتوليد: لا سعر وحدةٍ لنوع المعدة في عقد العميل · لا سعر وحدةٍ لنوع المعدة في أي عقد موردٍ نشط"
56942,skipped,0,0,"صفر أثرٍ قابلٍ للتوليد: لا سعر وحدةٍ لنوع المعدة في عقد العميل · لا سعر وحدةٍ لنوع المعدة في أي عقد موردٍ نشط"
56943,skipped,0,0,"صفر أثرٍ قابلٍ للتوليد: لا سعر وحدةٍ لنوع المعدة في عقد العميل · لا سعر وحدةٍ لنوع المعدة في أي عقد موردٍ نشط"
56944,skipped,0,0,"صفر أثرٍ قابلٍ للتوليد: لا سعر وحدةٍ لنوع المعدة في عقد العميل · لا سعر وحدةٍ لنوع المعدة في أي عقد موردٍ نشط"
56945,skipped,0,0,"صفر أثرٍ قابلٍ للتوليد: لا سعر وحدةٍ لنوع المعدة في عقد العميل · لا سعر وحدةٍ لنوع المعدة في أي عقد موردٍ نشط"
56946,skipped,0,0,"صفر أثرٍ قابلٍ للتوليد: لا سعر وحدةٍ لنوع المعدة في عقد العميل · لا سعر وحدةٍ لنوع المعدة في أي عقد موردٍ نشط"
56947,skipped,0,0,"صفر أثرٍ قابلٍ للتوليد: لا سعر وحدةٍ لنوع المعدة في عقد العميل · لا سعر وحدةٍ لنوع المعدة في أي عقد موردٍ نشط"
56948,skipped,0,0,"صفر أثرٍ قابلٍ للتوليد: لا سعر وحدةٍ لنوع المعدة في عقد العميل · لا سعر وحدةٍ لنوع المعدة في أي عقد موردٍ نشط"
56949,skipped,0,0,"صفر أثرٍ قابلٍ للتوليد: لا سعر وحدةٍ لنوع المعدة في عقد العميل · لا سعر وحدةٍ لنوع المعدة في أي عقد موردٍ نشط"
56950,skipped,0,0,"صفر أثرٍ قابلٍ للتوليد: لا سعر وحدةٍ لنوع المعدة في عقد العميل · لا سعر وحدةٍ لنوع المعدة في أي عقد موردٍ نشط"
56951,skipped,0,0,"صفر أثرٍ قابلٍ للتوليد: لا سعر وحدةٍ لنوع المعدة في عقد العميل · لا سعر وحدةٍ لنوع المعدة في أي عقد موردٍ نشط"
56952,skipped,0,0,"صفر أثرٍ قابلٍ للتوليد: لا سعر وحدةٍ لنوع المعدة في عقد العميل · لا سعر وحدةٍ لنوع المعدة في أي عقد موردٍ نشط"
56953,skipped,0,0,"صفر أثرٍ قابلٍ للتوليد: لا سعر وحدةٍ لنوع المعدة في عقد العميل · لا سعر وحدةٍ لنوع المعدة في أي عقد موردٍ نشط"
56954,skipped,0,0,"صفر أثرٍ قابلٍ للتوليد: لا سعر وحدةٍ لنوع المعدة في عقد العميل · لا سعر وحدةٍ لنوع المعدة في أي عقد موردٍ نشط"
56955,skipped,0,0,"صفر أثرٍ قابلٍ للتوليد: لا سعر وحدةٍ لنوع المعدة في عقد العميل · لا سعر وحدةٍ لنوع المعدة في أي عقد موردٍ نشط"
56956,skipped,0,0,"صفر أثرٍ قابلٍ للتوليد: لا سعر وحدةٍ لنوع المعدة في عقد العميل · لا سعر وحدةٍ لنوع المعدة في أي عقد موردٍ نشط"
56957,skipped,0,0,"صفر أثرٍ قابلٍ للتوليد: لا سعر وحدةٍ لنوع المعدة في عقد العميل · لا سعر وحدةٍ لنوع المعدة في أي عقد موردٍ نشط"
56958,skipped,0,0,"صفر أثرٍ قابلٍ للتوليد: لا سعر وحدةٍ لنوع المعدة في عقد العميل · لا سعر وحدةٍ لنوع المعدة في أي عقد موردٍ نشط"
56959,skipped,0,0,"صفر أثرٍ قابلٍ للتوليد: لا سعر وحدةٍ لنوع المعدة في عقد العميل · لا سعر وحدةٍ لنوع المعدة في أي عقد موردٍ نشط"
56960,skipped,0,0,"صفر أثرٍ قابلٍ للتوليد: لا سعر وحدةٍ لنوع المعدة في عقد العميل · لا سعر وحدةٍ لنوع المعدة في أي عقد موردٍ نشط"
56961,skipped,0,0,"صفر أثرٍ قابلٍ للتوليد: لا سعر وحدةٍ لنوع المعدة في عقد العميل · لا سعر وحدةٍ لنوع المعدة في أي عقد موردٍ نشط"
56962,skipped,0,0,"صفر أثرٍ قابلٍ للتوليد: لا سعر وحدةٍ لنوع المعدة في عقد العميل · لا سعر وحدةٍ لنوع المعدة في أي عقد موردٍ نشط"
56963,skipped,0,0,"صفر أثرٍ قابلٍ للتوليد: لا سعر وحدةٍ لنوع المعدة في عقد العميل · لا سعر وحدةٍ لنوع المعدة في أي عقد موردٍ نشط"
56964,skipped,0,0,"صفر أثرٍ قابلٍ للتوليد: لا سعر وحدةٍ لنوع المعدة في عقد العميل · لا سعر وحدةٍ لنوع المعدة في أي عقد موردٍ نشط"
56965,skipped,0,0,"صفر أثرٍ قابلٍ للتوليد: لا سعر وحدةٍ لنوع المعدة في عقد العميل · لا سعر وحدةٍ لنوع المعدة في أي عقد موردٍ نشط"
56966,skipped,0,0,"صفر أثرٍ قابلٍ للتوليد: لا سعر وحدةٍ لنوع المعدة في عقد العميل · لا سعر وحدةٍ لنوع المعدة في أي عقد موردٍ نشط"
56967,skipped,0,0,"صفر أثرٍ قابلٍ للتوليد: لا سعر وحدةٍ لنوع المعدة في عقد العميل · لا سعر وحدةٍ لنوع المعدة في أي عقد موردٍ نشط"
56968,skipped,0,0,"صفر أثرٍ قابلٍ للتوليد: لا سعر وحدةٍ لنوع المعدة في عقد العميل · لا سعر وحدةٍ لنوع المعدة في أي عقد موردٍ نشط"
56969,skipped,0,0,"صفر أثرٍ قابلٍ للتوليد: لا سعر وحدةٍ لنوع المعدة في عقد العميل · لا سعر وحدةٍ لنوع المعدة في أي عقد موردٍ نشط"
56970,skipped,0,0,"صفر أثرٍ قابلٍ للتوليد: لا سعر وحدةٍ لنوع المعدة في عقد العميل · لا سعر وحدةٍ لنوع المعدة في أي عقد موردٍ نشط"
56971,skipped,0,0,"صفر أثرٍ قابلٍ للتوليد: لا سعر وحدةٍ لنوع المعدة في عقد العميل · لا سعر وحدةٍ لنوع المعدة في أي عقد موردٍ نشط"
56972,skipped,0,0,"صفر أثرٍ قابلٍ للتوليد: لا سعر وحدةٍ لنوع المعدة في عقد العميل · لا سعر وحدةٍ لنوع المعدة في أي عقد موردٍ نشط"
56973,skipped,0,0,"صفر أثرٍ قابلٍ للتوليد: لا سعر وحدةٍ لنوع المعدة في عقد العميل · لا سعر وحدةٍ لنوع المعدة في أي عقد موردٍ نشط"
56974,skipped,0,0,"صفر أثرٍ قابلٍ للتوليد: لا سعر وحدةٍ لنوع المعدة في عقد العميل · لا سعر وحدةٍ لنوع المعدة في أي عقد موردٍ نشط"
56975,skipped,0,0,"صفر أثرٍ قابلٍ للتوليد: لا سعر وحدةٍ لنوع المعدة في عقد العميل · لا سعر وحدةٍ لنوع المعدة في أي عقد موردٍ نشط"
56976,skipped,0,0,"صفر أثرٍ قابلٍ للتوليد: لا سعر وحدةٍ لنوع المعدة في عقد العميل · لا سعر وحدةٍ لنوع المعدة في أي عقد موردٍ نشط"
56977,skipped,0,0,"صفر أثرٍ قابلٍ للتوليد: لا سعر وحدةٍ لنوع المعدة في عقد العميل · لا سعر وحدةٍ لنوع المعدة في أي عقد موردٍ نشط"
56978,skipped,0,0,"صفر أثرٍ قابلٍ للتوليد: لا سعر وحدةٍ لنوع المعدة في عقد العميل · لا سعر وحدةٍ لنوع المعدة في أي عقد موردٍ نشط"
56979,skipped,0,0,"صفر أثرٍ قابلٍ للتوليد: لا سعر وحدةٍ لنوع المعدة في عقد العميل · لا سعر وحدةٍ لنوع المعدة في أي عقد موردٍ نشط"
56980,skipped,0,0,"صفر أثرٍ قابلٍ للتوليد: لا سعر وحدةٍ لنوع المعدة في عقد العميل · لا سعر وحدةٍ لنوع المعدة في أي عقد موردٍ نشط"
56981,skipped,0,0,"صفر أثرٍ قابلٍ للتوليد: لا سعر وحدةٍ لنوع المعدة في عقد العميل · لا سعر وحدةٍ لنوع المعدة في أي عقد موردٍ نشط"
56982,skipped,0,0,"صفر أثرٍ قابلٍ للتوليد: لا سعر وحدةٍ لنوع المعدة في عقد العميل · لا سعر وحدةٍ لنوع المعدة في أي عقد موردٍ نشط"
56983,skipped,0,0,"صفر أثرٍ قابلٍ للتوليد: لا سعر وحدةٍ لنوع المعدة في عقد العميل · لا سعر وحدةٍ لنوع المعدة في أي عقد موردٍ نشط"
56984,skipped,0,0,"صفر أثرٍ قابلٍ للتوليد: لا سعر وحدةٍ لنوع المعدة في عقد العميل · لا سعر وحدةٍ لنوع المعدة في أي عقد موردٍ نشط"
56985,skipped,0,0,"صفر أثرٍ قابلٍ للتوليد: لا سعر وحدةٍ لنوع المعدة في عقد العميل · لا سعر وحدةٍ لنوع المعدة في أي عقد موردٍ نشط"
57047,skipped,0,0,"صفر أثرٍ قابلٍ للتوليد: لا سعر وحدةٍ لنوع المعدة في عقد العميل · لا سعر وحدةٍ لنوع المعدة في أي عقد موردٍ نشط"
57048,skipped,0,0,"صفر أثرٍ قابلٍ للتوليد: لا سعر وحدةٍ لنوع المعدة في عقد العميل · لا سعر وحدةٍ لنوع المعدة في أي عقد موردٍ نشط"
57049,skipped,0,0,"صفر أثرٍ قابلٍ للتوليد: لا سعر وحدةٍ لنوع المعدة في عقد العميل · لا سعر وحدةٍ لنوع المعدة في أي عقد موردٍ نشط"
57050,skipped,0,0,"صفر أثرٍ قابلٍ للتوليد: لا سعر وحدةٍ لنوع المعدة في عقد العميل · لا سعر وحدةٍ لنوع المعدة في أي عقد موردٍ نشط"
57051,skipped,0,0,"صفر أثرٍ قابلٍ للتوليد: لا سعر وحدةٍ لنوع المعدة في عقد العميل · لا سعر وحدةٍ لنوع المعدة في أي عقد موردٍ نشط"
57052,skipped,0,0,"صفر أثرٍ قابلٍ للتوليد: لا سعر وحدةٍ لنوع المعدة في عقد العميل · لا سعر وحدةٍ لنوع المعدة في أي عقد موردٍ نشط"
57053,skipped,0,0,"صفر أثرٍ قابلٍ للتوليد: لا سعر وحدةٍ لنوع المعدة في عقد العميل · لا سعر وحدةٍ لنوع المعدة في أي عقد موردٍ نشط"
57054,skipped,0,0,"صفر أثرٍ قابلٍ للتوليد: لا سعر وحدةٍ لنوع المعدة في عقد العميل · لا سعر وحدةٍ لنوع المعدة في أي عقد موردٍ نشط"
57055,skipped,0,0,"صفر أثرٍ قابلٍ للتوليد: لا سعر وحدةٍ لنوع المعدة في عقد العميل · لا سعر وحدةٍ لنوع المعدة في أي عقد موردٍ نشط"
57056,skipped,0,0,"صفر أثرٍ قابلٍ للتوليد: لا سعر وحدةٍ لنوع المعدة في عقد العميل · لا سعر وحدةٍ لنوع المعدة في أي عقد موردٍ نشط"
57057,skipped,0,0,"صفر أثرٍ قابلٍ للتوليد: لا سعر وحدةٍ لنوع المعدة في عقد العميل · لا سعر وحدةٍ لنوع المعدة في أي عقد موردٍ نشط"
57058,skipped,0,0,"صفر أثرٍ قابلٍ للتوليد: لا سعر وحدةٍ لنوع المعدة في عقد العميل · لا سعر وحدةٍ لنوع المعدة في أي عقد موردٍ نشط"
57059,skipped,0,0,"صفر أثرٍ قابلٍ للتوليد: لا سعر وحدةٍ لنوع المعدة في عقد العميل · لا سعر وحدةٍ لنوع المعدة في أي عقد موردٍ نشط"
57060,skipped,0,0,"صفر أثرٍ قابلٍ للتوليد: لا سعر وحدةٍ لنوع المعدة في عقد العميل · لا سعر وحدةٍ لنوع المعدة في أي عقد موردٍ نشط"
57061,skipped,0,0,"صفر أثرٍ قابلٍ للتوليد: لا سعر وحدةٍ لنوع المعدة في عقد العميل · لا سعر وحدةٍ لنوع المعدة في أي عقد موردٍ نشط"
57062,skipped,0,0,"صفر أثرٍ قابلٍ للتوليد: لا سعر وحدةٍ لنوع المعدة في عقد العميل · لا سعر وحدةٍ لنوع المعدة في أي عقد موردٍ نشط"
57063,skipped,0,0,"صفر أثرٍ قابلٍ للتوليد: لا سعر وحدةٍ لنوع المعدة في عقد العميل · لا سعر وحدةٍ لنوع المعدة في أي عقد موردٍ نشط"
57064,skipped,0,0,"صفر أثرٍ قابلٍ للتوليد: لا سعر وحدةٍ لنوع المعدة في عقد العميل · لا سعر وحدةٍ لنوع المعدة في أي عقد موردٍ نشط"
57065,skipped,0,0,"صفر أثرٍ قابلٍ للتوليد: لا سعر وحدةٍ لنوع المعدة في عقد العميل · لا سعر وحدةٍ لنوع المعدة في أي عقد موردٍ نشط"
57066,skipped,0,0,"صفر أثرٍ قابلٍ للتوليد: لا سعر وحدةٍ لنوع المعدة في عقد العميل · لا سعر وحدةٍ لنوع المعدة في أي عقد موردٍ نشط"
57067,skipped,0,0,"صفر أثرٍ قابلٍ للتوليد: لا سعر وحدةٍ لنوع المعدة في عقد العميل · لا سعر وحدةٍ لنوع المعدة في أي عقد موردٍ نشط"
57068,skipped,0,0,"صفر أثرٍ قابلٍ للتوليد: لا سعر وحدةٍ لنوع المعدة في عقد العميل · لا سعر وحدةٍ لنوع المعدة في أي عقد موردٍ نشط"
57069,skipped,0,0,"صفر أثرٍ قابلٍ للتوليد: لا سعر وحدةٍ لنوع المعدة في عقد العميل · لا سعر وحدةٍ لنوع المعدة في أي عقد موردٍ نشط"
57070,skipped,0,0,"صفر أثرٍ قابلٍ للتوليد: لا سعر وحدةٍ لنوع المعدة في عقد العميل · لا سعر وحدةٍ لنوع المعدة في أي عقد موردٍ نشط"
57071,skipped,0,0,"صفر أثرٍ قابلٍ للتوليد: لا سعر وحدةٍ لنوع المعدة في عقد العميل · لا سعر وحدةٍ لنوع المعدة في أي عقد موردٍ نشط"
57072,skipped,0,0,"صفر أثرٍ قابلٍ للتوليد: لا سعر وحدةٍ لنوع المعدة في عقد العميل · لا سعر وحدةٍ لنوع المعدة في أي عقد موردٍ نشط"
57073,skipped,0,0,"صفر أثرٍ قابلٍ للتوليد: لا سعر وحدةٍ لنوع المعدة في عقد العميل · لا سعر وحدةٍ لنوع المعدة في أي عقد موردٍ نشط"
57074,skipped,0,0,"صفر أثرٍ قابلٍ للتوليد: لا سعر وحدةٍ لنوع المعدة في عقد العميل · لا سعر وحدةٍ لنوع المعدة في أي عقد موردٍ نشط"
57075,skipped,0,0,"صفر أثرٍ قابلٍ للتوليد: لا سعر وحدةٍ لنوع المعدة في عقد العميل · لا سعر وحدةٍ لنوع المعدة في أي عقد موردٍ نشط"
57076,skipped,0,0,"صفر أثرٍ قابلٍ للتوليد: لا سعر وحدةٍ لنوع المعدة في عقد العميل · لا سعر وحدةٍ لنوع المعدة في أي عقد موردٍ نشط"
57077,skipped,0,0,"صفر أثرٍ قابلٍ للتوليد: لا سعر وحدةٍ لنوع المعدة في عقد العميل · لا سعر وحدةٍ لنوع المعدة في أي عقد موردٍ نشط"
57078,skipped,0,0,"صفر أثرٍ قابلٍ للتوليد: لا سعر وحدةٍ لنوع المعدة في عقد العميل · لا سعر وحدةٍ لنوع المعدة في أي عقد موردٍ نشط"
57079,skipped,0,0,"صفر أثرٍ قابلٍ للتوليد: لا سعر وحدةٍ لنوع المعدة في عقد العميل · لا سعر وحدةٍ لنوع المعدة في أي عقد موردٍ نشط"
57080,skipped,0,0,"صفر أثرٍ قابلٍ للتوليد: لا سعر وحدةٍ لنوع المعدة في عقد العميل · لا سعر وحدةٍ لنوع المعدة في أي عقد موردٍ نشط"
57081,skipped,0,0,"صفر أثرٍ قابلٍ للتوليد: لا سعر وحدةٍ لنوع المعدة في عقد العميل · لا سعر وحدةٍ لنوع المعدة في أي عقد موردٍ نشط"
57082,skipped,0,0,"صفر أثرٍ قابلٍ للتوليد: لا سعر وحدةٍ لنوع المعدة في عقد العميل · لا سعر وحدةٍ لنوع المعدة في أي عقد موردٍ نشط"
57083,skipped,0,0,"صفر أثرٍ قابلٍ للتوليد: لا سعر وحدةٍ لنوع المعدة في عقد العميل · لا سعر وحدةٍ لنوع المعدة في أي عقد موردٍ نشط"
57084,skipped,0,0,"صفر أثرٍ قابلٍ للتوليد: لا سعر وحدةٍ لنوع المعدة في عقد العميل · لا سعر وحدةٍ لنوع المعدة في أي عقد موردٍ نشط"
57085,skipped,0,0,"صفر أثرٍ قابلٍ للتوليد: لا سعر وحدةٍ لنوع المعدة في عقد العميل · لا سعر وحدةٍ لنوع المعدة في أي عقد موردٍ نشط"
57086,skipped,0,0,"صفر أثرٍ قابلٍ للتوليد: لا سعر وحدةٍ لنوع المعدة في عقد العميل · لا سعر وحدةٍ لنوع المعدة في أي عقد موردٍ نشط"
57087,skipped,0,0,"صفر أثرٍ قابلٍ للتوليد: لا سعر وحدةٍ لنوع المعدة في عقد العميل · لا سعر وحدةٍ لنوع المعدة في أي عقد موردٍ نشط"
57088,skipped,0,0,"صفر أثرٍ قابلٍ للتوليد: لا سعر وحدةٍ لنوع المعدة في عقد العميل · لا سعر وحدةٍ لنوع المعدة في أي عقد موردٍ نشط"
57089,skipped,0,0,"صفر أثرٍ قابلٍ للتوليد: لا سعر وحدةٍ لنوع المعدة في عقد العميل · لا سعر وحدةٍ لنوع المعدة في أي عقد موردٍ نشط"
57090,skipped,0,0,"صفر أثرٍ قابلٍ للتوليد: لا سعر وحدةٍ لنوع المعدة في عقد العميل · لا سعر وحدةٍ لنوع المعدة في أي عقد موردٍ نشط"
57091,skipped,0,0,"صفر أثرٍ قابلٍ للتوليد: لا سعر وحدةٍ لنوع المعدة في عقد العميل · لا سعر وحدةٍ لنوع المعدة في أي عقد موردٍ نشط"
57092,skipped,0,0,"صفر أثرٍ قابلٍ للتوليد: لا سعر وحدةٍ لنوع المعدة في عقد العميل · لا سعر وحدةٍ لنوع المعدة في أي عقد موردٍ نشط"
57093,skipped,0,0,"صفر أثرٍ قابلٍ للتوليد: لا سعر وحدةٍ لنوع المعدة في عقد العميل · لا سعر وحدةٍ لنوع المعدة في أي عقد موردٍ نشط"
57094,skipped,0,0,"صفر أثرٍ قابلٍ للتوليد: لا سعر وحدةٍ لنوع المعدة في عقد العميل · لا سعر وحدةٍ لنوع المعدة في أي عقد موردٍ نشط"
57095,skipped,0,0,"صفر أثرٍ قابلٍ للتوليد: لا سعر وحدةٍ لنوع المعدة في عقد العميل · لا سعر وحدةٍ لنوع المعدة في أي عقد موردٍ نشط"
57096,skipped,0,0,"صفر أثرٍ قابلٍ للتوليد: لا سعر وحدةٍ لنوع المعدة في عقد العميل · لا سعر وحدةٍ لنوع المعدة في أي عقد موردٍ نشط"
57097,skipped,0,0,"صفر أثرٍ قابلٍ للتوليد: لا سعر وحدةٍ لنوع المعدة في عقد العميل · لا سعر وحدةٍ لنوع المعدة في أي عقد موردٍ نشط"
57098,skipped,0,0,"صفر أثرٍ قابلٍ للتوليد: لا سعر وحدةٍ لنوع المعدة في عقد العميل · لا سعر وحدةٍ لنوع المعدة في أي عقد موردٍ نشط"
57099,skipped,0,0,"صفر أثرٍ قابلٍ للتوليد: لا سعر وحدةٍ لنوع المعدة في عقد العميل · لا سعر وحدةٍ لنوع المعدة في أي عقد موردٍ نشط"
57100,skipped,0,0,"صفر أثرٍ قابلٍ للتوليد: لا سعر وحدةٍ لنوع المعدة في عقد العميل · لا سعر وحدةٍ لنوع المعدة في أي عقد موردٍ نشط"
57101,skipped,0,0,"صفر أثرٍ قابلٍ للتوليد: لا سعر وحدةٍ لنوع المعدة في عقد العميل · لا سعر وحدةٍ لنوع المعدة في أي عقد موردٍ نشط"
57102,skipped,0,0,"صفر أثرٍ قابلٍ للتوليد: لا سعر وحدةٍ لنوع المعدة في عقد العميل · لا سعر وحدةٍ لنوع المعدة في أي عقد موردٍ نشط"
57103,skipped,0,0,"صفر أثرٍ قابلٍ للتوليد: لا سعر وحدةٍ لنوع المعدة في عقد العميل · لا سعر وحدةٍ لنوع المعدة في أي عقد موردٍ نشط"
57104,skipped,0,0,"صفر أثرٍ قابلٍ للتوليد: لا سعر وحدةٍ لنوع المعدة في عقد العميل · لا سعر وحدةٍ لنوع المعدة في أي عقد موردٍ نشط"
57105,skipped,0,0,"صفر أثرٍ قابلٍ للتوليد: لا سعر وحدةٍ لنوع المعدة في عقد العميل · لا سعر وحدةٍ لنوع المعدة في أي عقد موردٍ نشط"
57106,skipped,0,0,"صفر أثرٍ قابلٍ للتوليد: لا سعر وحدةٍ لنوع المعدة في عقد العميل · لا سعر وحدةٍ لنوع المعدة في أي عقد موردٍ نشط"
57107,skipped,0,0,"صفر أثرٍ قابلٍ للتوليد: لا سعر وحدةٍ لنوع المعدة في عقد العميل · لا سعر وحدةٍ لنوع المعدة في أي عقد موردٍ نشط"
57166,skipped,0,0,"صفر أثرٍ قابلٍ للتوليد: لا سعر وحدةٍ لنوع المعدة في عقد العميل · لا سعر وحدةٍ لنوع المعدة في أي عقد موردٍ نشط"
57167,skipped,0,0,"صفر أثرٍ قابلٍ للتوليد: لا سعر وحدةٍ لنوع المعدة في عقد العميل · لا سعر وحدةٍ لنوع المعدة في أي عقد موردٍ نشط"
57168,skipped,0,0,"صفر أثرٍ قابلٍ للتوليد: لا سعر وحدةٍ لنوع المعدة في عقد العميل · لا سعر وحدةٍ لنوع المعدة في أي عقد موردٍ نشط"
57169,skipped,0,0,"صفر أثرٍ قابلٍ للتوليد: لا سعر وحدةٍ لنوع المعدة في عقد العميل · لا سعر وحدةٍ لنوع المعدة في أي عقد موردٍ نشط"
57170,skipped,0,0,"صفر أثرٍ قابلٍ للتوليد: لا سعر وحدةٍ لنوع المعدة في عقد العميل · لا سعر وحدةٍ لنوع المعدة في أي عقد موردٍ نشط"
57171,skipped,0,0,"صفر أثرٍ قابلٍ للتوليد: لا سعر وحدةٍ لنوع المعدة في عقد العميل · لا سعر وحدةٍ لنوع المعدة في أي عقد موردٍ نشط"
57172,skipped,0,0,"صفر أثرٍ قابلٍ للتوليد: لا سعر وحدةٍ لنوع المعدة في عقد العميل · لا سعر وحدةٍ لنوع المعدة في أي عقد موردٍ نشط"
57173,skipped,0,0,"صفر أثرٍ قابلٍ للتوليد: لا سعر وحدةٍ لنوع المعدة في عقد العميل · لا سعر وحدةٍ لنوع المعدة في أي عقد موردٍ نشط"
57174,skipped,0,0,"صفر أثرٍ قابلٍ للتوليد: لا سعر وحدةٍ لنوع المعدة في عقد العميل · لا سعر وحدةٍ لنوع المعدة في أي عقد موردٍ نشط"
57175,skipped,0,0,"صفر أثرٍ قابلٍ للتوليد: لا سعر وحدةٍ لنوع المعدة في عقد العميل · لا سعر وحدةٍ لنوع المعدة في أي عقد موردٍ نشط"
57176,skipped,0,0,"صفر أثرٍ قابلٍ للتوليد: لا سعر وحدةٍ لنوع المعدة في عقد العميل · لا سعر وحدةٍ لنوع المعدة في أي عقد موردٍ نشط"
57177,skipped,0,0,"صفر أثرٍ قابلٍ للتوليد: لا سعر وحدةٍ لنوع المعدة في عقد العميل · لا سعر وحدةٍ لنوع المعدة في أي عقد موردٍ نشط"
57178,skipped,0,0,"صفر أثرٍ قابلٍ للتوليد: لا سعر وحدةٍ لنوع المعدة في عقد العميل · لا سعر وحدةٍ لنوع المعدة في أي عقد موردٍ نشط"
57179,skipped,0,0,"صفر أثرٍ قابلٍ للتوليد: لا سعر وحدةٍ لنوع المعدة في عقد العميل · لا سعر وحدةٍ لنوع المعدة في أي عقد موردٍ نشط"
57180,skipped,0,0,"صفر أثرٍ قابلٍ للتوليد: لا سعر وحدةٍ لنوع المعدة في عقد العميل · لا سعر وحدةٍ لنوع المعدة في أي عقد موردٍ نشط"
57181,skipped,0,0,"صفر أثرٍ قابلٍ للتوليد: لا سعر وحدةٍ لنوع المعدة في عقد العميل · لا سعر وحدةٍ لنوع المعدة في أي عقد موردٍ نشط"
57182,skipped,0,0,"صفر أثرٍ قابلٍ للتوليد: لا سعر وحدةٍ لنوع المعدة في عقد العميل · لا سعر وحدةٍ لنوع المعدة في أي عقد موردٍ نشط"
57183,skipped,0,0,"صفر أثرٍ قابلٍ للتوليد: لا سعر وحدةٍ لنوع المعدة في عقد العميل · لا سعر وحدةٍ لنوع المعدة في أي عقد موردٍ نشط"
57184,skipped,0,0,"صفر أثرٍ قابلٍ للتوليد: لا سعر وحدةٍ لنوع المعدة في عقد العميل · لا سعر وحدةٍ لنوع المعدة في أي عقد موردٍ نشط"
57185,skipped,0,0,"صفر أثرٍ قابلٍ للتوليد: لا سعر وحدةٍ لنوع المعدة في عقد العميل · لا سعر وحدةٍ لنوع المعدة في أي عقد موردٍ نشط"
57186,skipped,0,0,"صفر أثرٍ قابلٍ للتوليد: لا سعر وحدةٍ لنوع المعدة في عقد العميل · لا سعر وحدةٍ لنوع المعدة في أي عقد موردٍ نشط"
57187,skipped,0,0,"صفر أثرٍ قابلٍ للتوليد: لا سعر وحدةٍ لنوع المعدة في عقد العميل · لا سعر وحدةٍ لنوع المعدة في أي عقد موردٍ نشط"
57188,skipped,0,0,"صفر أثرٍ قابلٍ للتوليد: لا سعر وحدةٍ لنوع المعدة في عقد العميل · لا سعر وحدةٍ لنوع المعدة في أي عقد موردٍ نشط"
57189,skipped,0,0,"صفر أثرٍ قابلٍ للتوليد: لا سعر وحدةٍ لنوع المعدة في عقد العميل · لا سعر وحدةٍ لنوع المعدة في أي عقد موردٍ نشط"
57190,skipped,0,0,"صفر أثرٍ قابلٍ للتوليد: لا سعر وحدةٍ لنوع المعدة في عقد العميل · لا سعر وحدةٍ لنوع المعدة في أي عقد موردٍ نشط"
57191,skipped,0,0,"صفر أثرٍ قابلٍ للتوليد: لا سعر وحدةٍ لنوع المعدة في عقد العميل · لا سعر وحدةٍ لنوع المعدة في أي عقد موردٍ نشط"
57192,skipped,0,0,"صفر أثرٍ قابلٍ للتوليد: لا سعر وحدةٍ لنوع المعدة في عقد العميل · لا سعر وحدةٍ لنوع المعدة في أي عقد موردٍ نشط"
57193,skipped,0,0,"صفر أثرٍ قابلٍ للتوليد: لا سعر وحدةٍ لنوع المعدة في عقد العميل · لا سعر وحدةٍ لنوع المعدة في أي عقد موردٍ نشط"
57194,skipped,0,0,"صفر أثرٍ قابلٍ للتوليد: لا سعر وحدةٍ لنوع المعدة في عقد العميل · لا سعر وحدةٍ لنوع المعدة في أي عقد موردٍ نشط"
57195,skipped,0,0,"صفر أثرٍ قابلٍ للتوليد: لا سعر وحدةٍ لنوع المعدة في عقد العميل · لا سعر وحدةٍ لنوع المعدة في أي عقد موردٍ نشط"
57196,skipped,0,0,"صفر أثرٍ قابلٍ للتوليد: لا سعر وحدةٍ لنوع المعدة في عقد العميل · لا سعر وحدةٍ لنوع المعدة في أي عقد موردٍ نشط"
57197,skipped,0,0,"صفر أثرٍ قابلٍ للتوليد: لا سعر وحدةٍ لنوع المعدة في عقد العميل · لا سعر وحدةٍ لنوع المعدة في أي عقد موردٍ نشط"
57198,skipped,0,0,"صفر أثرٍ قابلٍ للتوليد: لا سعر وحدةٍ لنوع المعدة في عقد العميل · لا سعر وحدةٍ لنوع المعدة في أي عقد موردٍ نشط"
57199,skipped,0,0,"صفر أثرٍ قابلٍ للتوليد: لا سعر وحدةٍ لنوع المعدة في عقد العميل · لا سعر وحدةٍ لنوع المعدة في أي عقد موردٍ نشط"
57200,skipped,0,0,"صفر أثرٍ قابلٍ للتوليد: لا سعر وحدةٍ لنوع المعدة في عقد العميل · لا سعر وحدةٍ لنوع المعدة في أي عقد موردٍ نشط"
57201,skipped,0,0,"صفر أثرٍ قابلٍ للتوليد: لا سعر وحدةٍ لنوع المعدة في عقد العميل · لا سعر وحدةٍ لنوع المعدة في أي عقد موردٍ نشط"
57202,skipped,0,0,"صفر أثرٍ قابلٍ للتوليد: لا سعر وحدةٍ لنوع المعدة في عقد العميل · لا سعر وحدةٍ لنوع المعدة في أي عقد موردٍ نشط"
57203,skipped,0,0,"صفر أثرٍ قابلٍ للتوليد: لا سعر وحدةٍ لنوع المعدة في عقد العميل · لا سعر وحدةٍ لنوع المعدة في أي عقد موردٍ نشط"
57204,skipped,0,0,"صفر أثرٍ قابلٍ للتوليد: لا سعر وحدةٍ لنوع المعدة في عقد العميل · لا سعر وحدةٍ لنوع المعدة في أي عقد موردٍ نشط"
57205,skipped,0,0,"صفر أثرٍ قابلٍ للتوليد: لا سعر وحدةٍ لنوع المعدة في عقد العميل · لا سعر وحدةٍ لنوع المعدة في أي عقد موردٍ نشط"
57206,skipped,0,0,"صفر أثرٍ قابلٍ للتوليد: لا سعر وحدةٍ لنوع المعدة في عقد العميل · لا سعر وحدةٍ لنوع المعدة في أي عقد موردٍ نشط"
57207,skipped,0,0,"صفر أثرٍ قابلٍ للتوليد: لا سعر وحدةٍ لنوع المعدة في عقد العميل · لا سعر وحدةٍ لنوع المعدة في أي عقد موردٍ نشط"
57208,skipped,0,0,"صفر أثرٍ قابلٍ للتوليد: لا سعر وحدةٍ لنوع المعدة في عقد العميل · لا سعر وحدةٍ لنوع المعدة في أي عقد موردٍ نشط"
57209,skipped,0,0,"صفر أثرٍ قابلٍ للتوليد: لا سعر وحدةٍ لنوع المعدة في عقد العميل · لا سعر وحدةٍ لنوع المعدة في أي عقد موردٍ نشط"
57210,skipped,0,0,"صفر أثرٍ قابلٍ للتوليد: لا سعر وحدةٍ لنوع المعدة في عقد العميل · لا سعر وحدةٍ لنوع المعدة في أي عقد موردٍ نشط"
57211,skipped,0,0,"صفر أثرٍ قابلٍ للتوليد: لا سعر وحدةٍ لنوع المعدة في عقد العميل · لا سعر وحدةٍ لنوع المعدة في أي عقد موردٍ نشط"
57212,skipped,0,0,"صفر أثرٍ قابلٍ للتوليد: لا سعر وحدةٍ لنوع المعدة في عقد العميل · لا سعر وحدةٍ لنوع المعدة في أي عقد موردٍ نشط"
57213,skipped,0,0,"صفر أثرٍ قابلٍ للتوليد: لا سعر وحدةٍ لنوع المعدة في عقد العميل · لا سعر وحدةٍ لنوع المعدة في أي عقد موردٍ نشط"
57214,skipped,0,0,"صفر أثرٍ قابلٍ للتوليد: لا سعر وحدةٍ لنوع المعدة في عقد العميل · لا سعر وحدةٍ لنوع المعدة في أي عقد موردٍ نشط"
57215,skipped,0,0,"صفر أثرٍ قابلٍ للتوليد: لا سعر وحدةٍ لنوع المعدة في عقد العميل · لا سعر وحدةٍ لنوع المعدة في أي عقد موردٍ نشط"
57216,skipped,0,0,"صفر أثرٍ قابلٍ للتوليد: لا سعر وحدةٍ لنوع المعدة في عقد العميل · لا سعر وحدةٍ لنوع المعدة في أي عقد موردٍ نشط"
57217,skipped,0,0,"صفر أثرٍ قابلٍ للتوليد: لا سعر وحدةٍ لنوع المعدة في عقد العميل · لا سعر وحدةٍ لنوع المعدة في أي عقد موردٍ نشط"
57218,skipped,0,0,"صفر أثرٍ قابلٍ للتوليد: لا سعر وحدةٍ لنوع المعدة في عقد العميل · لا سعر وحدةٍ لنوع المعدة في أي عقد موردٍ نشط"
57219,skipped,0,0,"صفر أثرٍ قابلٍ للتوليد: لا سعر وحدةٍ لنوع المعدة في عقد العميل · لا سعر وحدةٍ لنوع المعدة في أي عقد موردٍ نشط"
57220,skipped,0,0,"صفر أثرٍ قابلٍ للتوليد: لا سعر وحدةٍ لنوع المعدة في عقد العميل · لا سعر وحدةٍ لنوع المعدة في أي عقد موردٍ نشط"
57221,skipped,0,0,"صفر أثرٍ قابلٍ للتوليد: لا سعر وحدةٍ لنوع المعدة في عقد العميل · لا سعر وحدةٍ لنوع المعدة في أي عقد موردٍ نشط"
57222,skipped,0,0,"صفر أثرٍ قابلٍ للتوليد: لا سعر وحدةٍ لنوع المعدة في عقد العميل · لا سعر وحدةٍ لنوع المعدة في أي عقد موردٍ نشط"
57223,skipped,0,0,"صفر أثرٍ قابلٍ للتوليد: لا سعر وحدةٍ لنوع المعدة في عقد العميل · لا سعر وحدةٍ لنوع المعدة في أي عقد موردٍ نشط"
57224,skipped,0,0,"صفر أثرٍ قابلٍ للتوليد: لا سعر وحدةٍ لنوع المعدة في عقد العميل · لا سعر وحدةٍ لنوع المعدة في أي عقد موردٍ نشط"
57225,skipped,0,0,"صفر أثرٍ قابلٍ للتوليد: لا سعر وحدةٍ لنوع المعدة في عقد العميل · لا سعر وحدةٍ لنوع المعدة في أي عقد موردٍ نشط"
57226,skipped,0,0,"صفر أثرٍ قابلٍ للتوليد: لا سعر وحدةٍ لنوع المعدة في عقد العميل · لا سعر وحدةٍ لنوع المعدة في أي عقد موردٍ نشط"
57257,skipped,0,0,"صفر أثرٍ قابلٍ للتوليد: لا سعر وحدةٍ لنوع المعدة في عقد العميل · لا سعر وحدةٍ لنوع المعدة في أي عقد موردٍ نشط"
57258,skipped,0,0,"صفر أثرٍ قابلٍ للتوليد: لا سعر وحدةٍ لنوع المعدة في عقد العميل · لا سعر وحدةٍ لنوع المعدة في أي عقد موردٍ نشط"
57259,skipped,0,0,"صفر أثرٍ قابلٍ للتوليد: لا سعر وحدةٍ لنوع المعدة في عقد العميل · لا سعر وحدةٍ لنوع المعدة في أي عقد موردٍ نشط"
57260,skipped,0,0,"صفر أثرٍ قابلٍ للتوليد: لا سعر وحدةٍ لنوع المعدة في عقد العميل · لا سعر وحدةٍ لنوع المعدة في أي عقد موردٍ نشط"
57261,skipped,0,0,"صفر أثرٍ قابلٍ للتوليد: لا سعر وحدةٍ لنوع المعدة في عقد العميل · لا سعر وحدةٍ لنوع المعدة في أي عقد موردٍ نشط"
57262,skipped,0,0,"صفر أثرٍ قابلٍ للتوليد: لا سعر وحدةٍ لنوع المعدة في عقد العميل · لا سعر وحدةٍ لنوع المعدة في أي عقد موردٍ نشط"
57263,skipped,0,0,"صفر أثرٍ قابلٍ للتوليد: لا سعر وحدةٍ لنوع المعدة في عقد العميل · لا سعر وحدةٍ لنوع المعدة في أي عقد موردٍ نشط"
57264,skipped,0,0,"صفر أثرٍ قابلٍ للتوليد: لا سعر وحدةٍ لنوع المعدة في عقد العميل · لا سعر وحدةٍ لنوع المعدة في أي عقد موردٍ نشط"
57265,skipped,0,0,"صفر أثرٍ قابلٍ للتوليد: لا سعر وحدةٍ لنوع المعدة في عقد العميل · لا سعر وحدةٍ لنوع المعدة في أي عقد موردٍ نشط"
57266,skipped,0,0,"صفر أثرٍ قابلٍ للتوليد: لا سعر وحدةٍ لنوع المعدة في عقد العميل · لا سعر وحدةٍ لنوع المعدة في أي عقد موردٍ نشط"
57267,skipped,0,0,"صفر أثرٍ قابلٍ للتوليد: لا سعر وحدةٍ لنوع المعدة في عقد العميل · لا سعر وحدةٍ لنوع المعدة في أي عقد موردٍ نشط"
57268,skipped,0,0,"صفر أثرٍ قابلٍ للتوليد: لا سعر وحدةٍ لنوع المعدة في عقد العميل · لا سعر وحدةٍ لنوع المعدة في أي عقد موردٍ نشط"
57269,skipped,0,0,"صفر أثرٍ قابلٍ للتوليد: لا سعر وحدةٍ لنوع المعدة في عقد العميل · لا سعر وحدةٍ لنوع المعدة في أي عقد موردٍ نشط"
57270,skipped,0,0,"صفر أثرٍ قابلٍ للتوليد: لا سعر وحدةٍ لنوع المعدة في عقد العميل · لا سعر وحدةٍ لنوع المعدة في أي عقد موردٍ نشط"
57271,skipped,0,0,"صفر أثرٍ قابلٍ للتوليد: لا سعر وحدةٍ لنوع المعدة في عقد العميل · لا سعر وحدةٍ لنوع المعدة في أي عقد موردٍ نشط"
57272,skipped,0,0,"صفر أثرٍ قابلٍ للتوليد: لا سعر وحدةٍ لنوع المعدة في عقد العميل · لا سعر وحدةٍ لنوع المعدة في أي عقد موردٍ نشط"
57273,skipped,0,0,"صفر أثرٍ قابلٍ للتوليد: لا سعر وحدةٍ لنوع المعدة في عقد العميل · لا سعر وحدةٍ لنوع المعدة في أي عقد موردٍ نشط"
57274,skipped,0,0,"صفر أثرٍ قابلٍ للتوليد: لا سعر وحدةٍ لنوع المعدة في عقد العميل · لا سعر وحدةٍ لنوع المعدة في أي عقد موردٍ نشط"
57275,skipped,0,0,"صفر أثرٍ قابلٍ للتوليد: لا سعر وحدةٍ لنوع المعدة في عقد العميل · لا سعر وحدةٍ لنوع المعدة في أي عقد موردٍ نشط"
57276,skipped,0,0,"صفر أثرٍ قابلٍ للتوليد: لا سعر وحدةٍ لنوع المعدة في عقد العميل · لا سعر وحدةٍ لنوع المعدة في أي عقد موردٍ نشط"
57277,skipped,0,0,"صفر أثرٍ قابلٍ للتوليد: لا سعر وحدةٍ لنوع المعدة في عقد العميل · لا سعر وحدةٍ لنوع المعدة في أي عقد موردٍ نشط"
57278,skipped,0,0,"صفر أثرٍ قابلٍ للتوليد: لا سعر وحدةٍ لنوع المعدة في عقد العميل · لا سعر وحدةٍ لنوع المعدة في أي عقد موردٍ نشط"
57279,skipped,0,0,"صفر أثرٍ قابلٍ للتوليد: لا سعر وحدةٍ لنوع المعدة في عقد العميل · لا سعر وحدةٍ لنوع المعدة في أي عقد موردٍ نشط"
57280,skipped,0,0,"صفر أثرٍ قابلٍ للتوليد: لا سعر وحدةٍ لنوع المعدة في عقد العميل · لا سعر وحدةٍ لنوع المعدة في أي عقد موردٍ نشط"
57281,skipped,0,0,"صفر أثرٍ قابلٍ للتوليد: لا سعر وحدةٍ لنوع المعدة في عقد العميل · لا سعر وحدةٍ لنوع المعدة في أي عقد موردٍ نشط"
57282,skipped,0,0,"صفر أثرٍ قابلٍ للتوليد: لا سعر وحدةٍ لنوع المعدة في عقد العميل · لا سعر وحدةٍ لنوع المعدة في أي عقد موردٍ نشط"
57283,skipped,0,0,"صفر أثرٍ قابلٍ للتوليد: لا سعر وحدةٍ لنوع المعدة في عقد العميل · لا سعر وحدةٍ لنوع المعدة في أي عقد موردٍ نشط"
57284,skipped,0,0,"صفر أثرٍ قابلٍ للتوليد: لا سعر وحدةٍ لنوع المعدة في عقد العميل · لا سعر وحدةٍ لنوع المعدة في أي عقد موردٍ نشط"
57285,skipped,0,0,"صفر أثرٍ قابلٍ للتوليد: لا سعر وحدةٍ لنوع المعدة في عقد العميل · لا سعر وحدةٍ لنوع المعدة في أي عقد موردٍ نشط"
57286,skipped,0,0,"صفر أثرٍ قابلٍ للتوليد: لا سعر وحدةٍ لنوع المعدة في عقد العميل · لا سعر وحدةٍ لنوع المعدة في أي عقد موردٍ نشط"
57287,skipped,0,0,"صفر أثرٍ قابلٍ للتوليد: لا سعر وحدةٍ لنوع المعدة في عقد العميل · لا سعر وحدةٍ لنوع المعدة في أي عقد موردٍ نشط"
57288,skipped,0,0,"صفر أثرٍ قابلٍ للتوليد: لا سعر وحدةٍ لنوع المعدة في عقد العميل · لا سعر وحدةٍ لنوع المعدة في أي عقد موردٍ نشط"
57289,skipped,0,0,"صفر أثرٍ قابلٍ للتوليد: لا سعر وحدةٍ لنوع المعدة في عقد العميل · لا سعر وحدةٍ لنوع المعدة في أي عقد موردٍ نشط"
57290,skipped,0,0,"صفر أثرٍ قابلٍ للتوليد: لا سعر وحدةٍ لنوع المعدة في عقد العميل · لا سعر وحدةٍ لنوع المعدة في أي عقد موردٍ نشط"
57291,skipped,0,0,"صفر أثرٍ قابلٍ للتوليد: لا سعر وحدةٍ لنوع المعدة في عقد العميل · لا سعر وحدةٍ لنوع المعدة في أي عقد موردٍ نشط"
57292,skipped,0,0,"صفر أثرٍ قابلٍ للتوليد: لا سعر وحدةٍ لنوع المعدة في عقد العميل · لا سعر وحدةٍ لنوع المعدة في أي عقد موردٍ نشط"
57293,skipped,0,0,"صفر أثرٍ قابلٍ للتوليد: لا سعر وحدةٍ لنوع المعدة في عقد العميل · لا سعر وحدةٍ لنوع المعدة في أي عقد موردٍ نشط"
57294,skipped,0,0,"صفر أثرٍ قابلٍ للتوليد: لا سعر وحدةٍ لنوع المعدة في عقد العميل · لا سعر وحدةٍ لنوع المعدة في أي عقد موردٍ نشط"
57295,skipped,0,0,"صفر أثرٍ قابلٍ للتوليد: لا سعر وحدةٍ لنوع المعدة في عقد العميل · لا سعر وحدةٍ لنوع المعدة في أي عقد موردٍ نشط"
57296,skipped,0,0,"صفر أثرٍ قابلٍ للتوليد: لا سعر وحدةٍ لنوع المعدة في عقد العميل · لا سعر وحدةٍ لنوع المعدة في أي عقد موردٍ نشط"
57297,skipped,0,0,"صفر أثرٍ قابلٍ للتوليد: لا سعر وحدةٍ لنوع المعدة في عقد العميل · لا سعر وحدةٍ لنوع المعدة في أي عقد موردٍ نشط"
57298,skipped,0,0,"صفر أثرٍ قابلٍ للتوليد: لا سعر وحدةٍ لنوع المعدة في عقد العميل · لا سعر وحدةٍ لنوع المعدة في أي عقد موردٍ نشط"
57299,skipped,0,0,"صفر أثرٍ قابلٍ للتوليد: لا سعر وحدةٍ لنوع المعدة في عقد العميل · لا سعر وحدةٍ لنوع المعدة في أي عقد موردٍ نشط"
57300,skipped,0,0,"صفر أثرٍ قابلٍ للتوليد: لا سعر وحدةٍ لنوع المعدة في عقد العميل · لا سعر وحدةٍ لنوع المعدة في أي عقد موردٍ نشط"
57301,skipped,0,0,"صفر أثرٍ قابلٍ للتوليد: لا سعر وحدةٍ لنوع المعدة في عقد العميل · لا سعر وحدةٍ لنوع المعدة في أي عقد موردٍ نشط"
57302,skipped,0,0,"صفر أثرٍ قابلٍ للتوليد: لا سعر وحدةٍ لنوع المعدة في عقد العميل · لا سعر وحدةٍ لنوع المعدة في أي عقد موردٍ نشط"
57303,skipped,0,0,"صفر أثرٍ قابلٍ للتوليد: لا سعر وحدةٍ لنوع المعدة في عقد العميل · لا سعر وحدةٍ لنوع المعدة في أي عقد موردٍ نشط"
57304,skipped,0,0,"صفر أثرٍ قابلٍ للتوليد: لا سعر وحدةٍ لنوع المعدة في عقد العميل · لا سعر وحدةٍ لنوع المعدة في أي عقد موردٍ نشط"
57305,skipped,0,0,"صفر أثرٍ قابلٍ للتوليد: لا سعر وحدةٍ لنوع المعدة في عقد العميل · لا سعر وحدةٍ لنوع المعدة في أي عقد موردٍ نشط"
57306,skipped,0,0,"صفر أثرٍ قابلٍ للتوليد: لا سعر وحدةٍ لنوع المعدة في عقد العميل · لا سعر وحدةٍ لنوع المعدة في أي عقد موردٍ نشط"
57307,skipped,0,0,"صفر أثرٍ قابلٍ للتوليد: لا سعر وحدةٍ لنوع المعدة في عقد العميل · لا سعر وحدةٍ لنوع المعدة في أي عقد موردٍ نشط"
57308,skipped,0,0,"صفر أثرٍ قابلٍ للتوليد: لا سعر وحدةٍ لنوع المعدة في عقد العميل · لا سعر وحدةٍ لنوع المعدة في أي عقد موردٍ نشط"
57309,skipped,0,0,"صفر أثرٍ قابلٍ للتوليد: لا سعر وحدةٍ لنوع المعدة في عقد العميل · لا سعر وحدةٍ لنوع المعدة في أي عقد موردٍ نشط"
57310,skipped,0,0,"صفر أثرٍ قابلٍ للتوليد: لا سعر وحدةٍ لنوع المعدة في عقد العميل · لا سعر وحدةٍ لنوع المعدة في أي عقد موردٍ نشط"
57311,skipped,0,0,"صفر أثرٍ قابلٍ للتوليد: لا سعر وحدةٍ لنوع المعدة في عقد العميل · لا سعر وحدةٍ لنوع المعدة في أي عقد موردٍ نشط"
57312,skipped,0,0,"صفر أثرٍ قابلٍ للتوليد: لا سعر وحدةٍ لنوع المعدة في عقد العميل · لا سعر وحدةٍ لنوع المعدة في أي عقد موردٍ نشط"
57313,skipped,0,0,"صفر أثرٍ قابلٍ للتوليد: لا سعر وحدةٍ لنوع المعدة في عقد العميل · لا سعر وحدةٍ لنوع المعدة في أي عقد موردٍ نشط"
57314,skipped,0,0,"صفر أثرٍ قابلٍ للتوليد: لا سعر وحدةٍ لنوع المعدة في عقد العميل · لا سعر وحدةٍ لنوع المعدة في أي عقد موردٍ نشط"
57315,skipped,0,0,"صفر أثرٍ قابلٍ للتوليد: لا سعر وحدةٍ لنوع المعدة في عقد العميل · لا سعر وحدةٍ لنوع المعدة في أي عقد موردٍ نشط"
57316,skipped,0,0,"صفر أثرٍ قابلٍ للتوليد: لا سعر وحدةٍ لنوع المعدة في عقد العميل · لا سعر وحدةٍ لنوع المعدة في أي عقد موردٍ نشط"
57317,skipped,0,0,"صفر أثرٍ قابلٍ للتوليد: لا سعر وحدةٍ لنوع المعدة في عقد العميل · لا سعر وحدةٍ لنوع المعدة في أي عقد موردٍ نشط"
57348,skipped,0,0,"صفر أثرٍ قابلٍ للتوليد: لا سعر وحدةٍ لنوع المعدة في عقد العميل · لا سعر وحدةٍ لنوع المعدة في أي عقد موردٍ نشط"
57349,skipped,0,0,"صفر أثرٍ قابلٍ للتوليد: لا سعر وحدةٍ لنوع المعدة في عقد العميل · لا سعر وحدةٍ لنوع المعدة في أي عقد موردٍ نشط"
57350,skipped,0,0,"صفر أثرٍ قابلٍ للتوليد: لا سعر وحدةٍ لنوع المعدة في عقد العميل · لا سعر وحدةٍ لنوع المعدة في أي عقد موردٍ نشط"
57351,skipped,0,0,"صفر أثرٍ قابلٍ للتوليد: لا سعر وحدةٍ لنوع المعدة في عقد العميل · لا سعر وحدةٍ لنوع المعدة في أي عقد موردٍ نشط"
57352,skipped,0,0,"صفر أثرٍ قابلٍ للتوليد: لا سعر وحدةٍ لنوع المعدة في عقد العميل · لا سعر وحدةٍ لنوع المعدة في أي عقد موردٍ نشط"
57353,skipped,0,0,"صفر أثرٍ قابلٍ للتوليد: لا سعر وحدةٍ لنوع المعدة في عقد العميل · لا سعر وحدةٍ لنوع المعدة في أي عقد موردٍ نشط"
57354,skipped,0,0,"صفر أثرٍ قابلٍ للتوليد: لا سعر وحدةٍ لنوع المعدة في عقد العميل · لا سعر وحدةٍ لنوع المعدة في أي عقد موردٍ نشط"
57355,skipped,0,0,"صفر أثرٍ قابلٍ للتوليد: لا سعر وحدةٍ لنوع المعدة في عقد العميل · لا سعر وحدةٍ لنوع المعدة في أي عقد موردٍ نشط"
57356,skipped,0,0,"صفر أثرٍ قابلٍ للتوليد: لا سعر وحدةٍ لنوع المعدة في عقد العميل · لا سعر وحدةٍ لنوع المعدة في أي عقد موردٍ نشط"
57357,skipped,0,0,"صفر أثرٍ قابلٍ للتوليد: لا سعر وحدةٍ لنوع المعدة في عقد العميل · لا سعر وحدةٍ لنوع المعدة في أي عقد موردٍ نشط"
57358,skipped,0,0,"صفر أثرٍ قابلٍ للتوليد: لا سعر وحدةٍ لنوع المعدة في عقد العميل · لا سعر وحدةٍ لنوع المعدة في أي عقد موردٍ نشط"
57359,skipped,0,0,"صفر أثرٍ قابلٍ للتوليد: لا سعر وحدةٍ لنوع المعدة في عقد العميل · لا سعر وحدةٍ لنوع المعدة في أي عقد موردٍ نشط"
57360,skipped,0,0,"صفر أثرٍ قابلٍ للتوليد: لا سعر وحدةٍ لنوع المعدة في عقد العميل · لا سعر وحدةٍ لنوع المعدة في أي عقد موردٍ نشط"
57361,skipped,0,0,"صفر أثرٍ قابلٍ للتوليد: لا سعر وحدةٍ لنوع المعدة في عقد العميل · لا سعر وحدةٍ لنوع المعدة في أي عقد موردٍ نشط"
57362,skipped,0,0,"صفر أثرٍ قابلٍ للتوليد: لا سعر وحدةٍ لنوع المعدة في عقد العميل · لا سعر وحدةٍ لنوع المعدة في أي عقد موردٍ نشط"
57363,skipped,0,0,"صفر أثرٍ قابلٍ للتوليد: لا سعر وحدةٍ لنوع المعدة في عقد العميل · لا سعر وحدةٍ لنوع المعدة في أي عقد موردٍ نشط"
57364,skipped,0,0,"صفر أثرٍ قابلٍ للتوليد: لا سعر وحدةٍ لنوع المعدة في عقد العميل · لا سعر وحدةٍ لنوع المعدة في أي عقد موردٍ نشط"
57365,skipped,0,0,"صفر أثرٍ قابلٍ للتوليد: لا سعر وحدةٍ لنوع المعدة في عقد العميل · لا سعر وحدةٍ لنوع المعدة في أي عقد موردٍ نشط"
57366,skipped,0,0,"صفر أثرٍ قابلٍ للتوليد: لا سعر وحدةٍ لنوع المعدة في عقد العميل · لا سعر وحدةٍ لنوع المعدة في أي عقد موردٍ نشط"
57367,skipped,0,0,"صفر أثرٍ قابلٍ للتوليد: لا سعر وحدةٍ لنوع المعدة في عقد العميل · لا سعر وحدةٍ لنوع المعدة في أي عقد موردٍ نشط"
57368,skipped,0,0,"صفر أثرٍ قابلٍ للتوليد: لا سعر وحدةٍ لنوع المعدة في عقد العميل · لا سعر وحدةٍ لنوع المعدة في أي عقد موردٍ نشط"
57369,skipped,0,0,"صفر أثرٍ قابلٍ للتوليد: لا سعر وحدةٍ لنوع المعدة في عقد العميل · لا سعر وحدةٍ لنوع المعدة في أي عقد موردٍ نشط"
57370,skipped,0,0,"صفر أثرٍ قابلٍ للتوليد: لا سعر وحدةٍ لنوع المعدة في عقد العميل · لا سعر وحدةٍ لنوع المعدة في أي عقد موردٍ نشط"
57371,skipped,0,0,"صفر أثرٍ قابلٍ للتوليد: لا سعر وحدةٍ لنوع المعدة في عقد العميل · لا سعر وحدةٍ لنوع المعدة في أي عقد موردٍ نشط"
57372,skipped,0,0,"صفر أثرٍ قابلٍ للتوليد: لا سعر وحدةٍ لنوع المعدة في عقد العميل · لا سعر وحدةٍ لنوع المعدة في أي عقد موردٍ نشط"
57373,skipped,0,0,"صفر أثرٍ قابلٍ للتوليد: لا سعر وحدةٍ لنوع المعدة في عقد العميل · لا سعر وحدةٍ لنوع المعدة في أي عقد موردٍ نشط"
57374,skipped,0,0,"صفر أثرٍ قابلٍ للتوليد: لا سعر وحدةٍ لنوع المعدة في عقد العميل · لا سعر وحدةٍ لنوع المعدة في أي عقد موردٍ نشط"
57375,skipped,0,0,"صفر أثرٍ قابلٍ للتوليد: لا سعر وحدةٍ لنوع المعدة في عقد العميل · لا سعر وحدةٍ لنوع المعدة في أي عقد موردٍ نشط"
57376,skipped,0,0,"صفر أثرٍ قابلٍ للتوليد: لا سعر وحدةٍ لنوع المعدة في عقد العميل · لا سعر وحدةٍ لنوع المعدة في أي عقد موردٍ نشط"
57377,skipped,0,0,"صفر أثرٍ قابلٍ للتوليد: لا سعر وحدةٍ لنوع المعدة في عقد العميل · لا سعر وحدةٍ لنوع المعدة في أي عقد موردٍ نشط"
57378,skipped,0,0,"صفر أثرٍ قابلٍ للتوليد: لا سعر وحدةٍ لنوع المعدة في عقد العميل · لا سعر وحدةٍ لنوع المعدة في أي عقد موردٍ نشط"
57379,skipped,0,0,"صفر أثرٍ قابلٍ للتوليد: لا سعر وحدةٍ لنوع المعدة في عقد العميل · لا سعر وحدةٍ لنوع المعدة في أي عقد موردٍ نشط"
57380,skipped,0,0,"صفر أثرٍ قابلٍ للتوليد: لا سعر وحدةٍ لنوع المعدة في عقد العميل · لا سعر وحدةٍ لنوع المعدة في أي عقد موردٍ نشط"
57381,skipped,0,0,"صفر أثرٍ قابلٍ للتوليد: لا سعر وحدةٍ لنوع المعدة في عقد العميل · لا سعر وحدةٍ لنوع المعدة في أي عقد موردٍ نشط"
57382,skipped,0,0,"صفر أثرٍ قابلٍ للتوليد: لا سعر وحدةٍ لنوع المعدة في عقد العميل · لا سعر وحدةٍ لنوع المعدة في أي عقد موردٍ نشط"
57383,skipped,0,0,"صفر أثرٍ قابلٍ للتوليد: لا سعر وحدةٍ لنوع المعدة في عقد العميل · لا سعر وحدةٍ لنوع المعدة في أي عقد موردٍ نشط"
57384,skipped,0,0,"صفر أثرٍ قابلٍ للتوليد: لا سعر وحدةٍ لنوع المعدة في عقد العميل · لا سعر وحدةٍ لنوع المعدة في أي عقد موردٍ نشط"
57385,skipped,0,0,"صفر أثرٍ قابلٍ للتوليد: لا سعر وحدةٍ لنوع المعدة في عقد العميل · لا سعر وحدةٍ لنوع المعدة في أي عقد موردٍ نشط"
57386,skipped,0,0,"صفر أثرٍ قابلٍ للتوليد: لا سعر وحدةٍ لنوع المعدة في عقد العميل · لا سعر وحدةٍ لنوع المعدة في أي عقد موردٍ نشط"
57387,skipped,0,0,"صفر أثرٍ قابلٍ للتوليد: لا سعر وحدةٍ لنوع المعدة في عقد العميل · لا سعر وحدةٍ لنوع المعدة في أي عقد موردٍ نشط"
57388,skipped,0,0,"صفر أثرٍ قابلٍ للتوليد: لا سعر وحدةٍ لنوع المعدة في عقد العميل · لا سعر وحدةٍ لنوع المعدة في أي عقد موردٍ نشط"
57389,skipped,0,0,"صفر أثرٍ قابلٍ للتوليد: لا سعر وحدةٍ لنوع المعدة في عقد العميل · لا سعر وحدةٍ لنوع المعدة في أي عقد موردٍ نشط"
57390,skipped,0,0,"صفر أثرٍ قابلٍ للتوليد: لا سعر وحدةٍ لنوع المعدة في عقد العميل · لا سعر وحدةٍ لنوع المعدة في أي عقد موردٍ نشط"
57391,skipped,0,0,"صفر أثرٍ قابلٍ للتوليد: لا سعر وحدةٍ لنوع المعدة في عقد العميل · لا سعر وحدةٍ لنوع المعدة في أي عقد موردٍ نشط"
57392,skipped,0,0,"صفر أثرٍ قابلٍ للتوليد: لا سعر وحدةٍ لنوع المعدة في عقد العميل · لا سعر وحدةٍ لنوع المعدة في أي عقد موردٍ نشط"
57393,skipped,0,0,"صفر أثرٍ قابلٍ للتوليد: لا سعر وحدةٍ لنوع المعدة في عقد العميل · لا سعر وحدةٍ لنوع المعدة في أي عقد موردٍ نشط"
57394,skipped,0,0,"صفر أثرٍ قابلٍ للتوليد: لا سعر وحدةٍ لنوع المعدة في عقد العميل · لا سعر وحدةٍ لنوع المعدة في أي عقد موردٍ نشط"
57395,skipped,0,0,"صفر أثرٍ قابلٍ للتوليد: لا سعر وحدةٍ لنوع المعدة في عقد العميل · لا سعر وحدةٍ لنوع المعدة في أي عقد موردٍ نشط"
57396,skipped,0,0,"صفر أثرٍ قابلٍ للتوليد: لا سعر وحدةٍ لنوع المعدة في عقد العميل · لا سعر وحدةٍ لنوع المعدة في أي عقد موردٍ نشط"
57397,skipped,0,0,"صفر أثرٍ قابلٍ للتوليد: لا سعر وحدةٍ لنوع المعدة في عقد العميل · لا سعر وحدةٍ لنوع المعدة في أي عقد موردٍ نشط"
57398,skipped,0,0,"صفر أثرٍ قابلٍ للتوليد: لا سعر وحدةٍ لنوع المعدة في عقد العميل · لا سعر وحدةٍ لنوع المعدة في أي عقد موردٍ نشط"
57399,skipped,0,0,"صفر أثرٍ قابلٍ للتوليد: لا سعر وحدةٍ لنوع المعدة في عقد العميل · لا سعر وحدةٍ لنوع المعدة في أي عقد موردٍ نشط"
57400,skipped,0,0,"صفر أثرٍ قابلٍ للتوليد: لا سعر وحدةٍ لنوع المعدة في عقد العميل · لا سعر وحدةٍ لنوع المعدة في أي عقد موردٍ نشط"
57401,skipped,0,0,"صفر أثرٍ قابلٍ للتوليد: لا سعر وحدةٍ لنوع المعدة في عقد العميل · لا سعر وحدةٍ لنوع المعدة في أي عقد موردٍ نشط"
57402,skipped,0,0,"صفر أثرٍ قابلٍ للتوليد: لا سعر وحدةٍ لنوع المعدة في عقد العميل · لا سعر وحدةٍ لنوع المعدة في أي عقد موردٍ نشط"
57403,skipped,0,0,"صفر أثرٍ قابلٍ للتوليد: لا سعر وحدةٍ لنوع المعدة في عقد العميل · لا سعر وحدةٍ لنوع المعدة في أي عقد موردٍ نشط"
57404,skipped,0,0,"صفر أثرٍ قابلٍ للتوليد: لا سعر وحدةٍ لنوع المعدة في عقد العميل · لا سعر وحدةٍ لنوع المعدة في أي عقد موردٍ نشط"
57405,skipped,0,0,"صفر أثرٍ قابلٍ للتوليد: لا سعر وحدةٍ لنوع المعدة في عقد العميل · لا سعر وحدةٍ لنوع المعدة في أي عقد موردٍ نشط"
57406,skipped,0,0,"صفر أثرٍ قابلٍ للتوليد: لا سعر وحدةٍ لنوع المعدة في عقد العميل · لا سعر وحدةٍ لنوع المعدة في أي عقد موردٍ نشط"
57407,skipped,0,0,"صفر أثرٍ قابلٍ للتوليد: لا سعر وحدةٍ لنوع المعدة في عقد العميل · لا سعر وحدةٍ لنوع المعدة في أي عقد موردٍ نشط"
57408,skipped,0,0,"صفر أثرٍ قابلٍ للتوليد: لا سعر وحدةٍ لنوع المعدة في عقد العميل · لا سعر وحدةٍ لنوع المعدة في أي عقد موردٍ نشط"
57409,skipped,0,0,"صفر أثرٍ قابلٍ للتوليد: لا سعر وحدةٍ لنوع المعدة في عقد العميل · لا موردَ على معدة التشغيل"
57410,skipped,0,0,"صفر أثرٍ قابلٍ للتوليد: لا سعر وحدةٍ لنوع المعدة في عقد العميل · لا موردَ على معدة التشغيل"
57411,skipped,0,0,"صفر أثرٍ قابلٍ للتوليد: لا سعر وحدةٍ لنوع المعدة في عقد العميل · لا موردَ على معدة التشغيل"
57412,skipped,0,0,"صفر أثرٍ قابلٍ للتوليد: لا سعر وحدةٍ لنوع المعدة في عقد العميل · لا موردَ على معدة التشغيل"
57413,skipped,0,0,"صفر أثرٍ قابلٍ للتوليد: لا سعر وحدةٍ لنوع المعدة في عقد العميل · لا موردَ على معدة التشغيل"
57414,skipped,0,0,"صفر أثرٍ قابلٍ للتوليد: لا سعر وحدةٍ لنوع المعدة في عقد العميل · لا موردَ على معدة التشغيل"
57415,skipped,0,0,"صفر أثرٍ قابلٍ للتوليد: لا سعر وحدةٍ لنوع المعدة في عقد العميل · لا موردَ على معدة التشغيل"
57416,skipped,0,0,"صفر أثرٍ قابلٍ للتوليد: لا سعر وحدةٍ لنوع المعدة في عقد العميل · لا موردَ على معدة التشغيل"
57417,skipped,0,0,"صفر أثرٍ قابلٍ للتوليد: لا سعر وحدةٍ لنوع المعدة في عقد العميل · لا موردَ على معدة التشغيل"
57418,skipped,0,0,"صفر أثرٍ قابلٍ للتوليد: لا سعر وحدةٍ لنوع المعدة في عقد العميل · لا موردَ على معدة التشغيل"
57419,skipped,0,0,"صفر أثرٍ قابلٍ للتوليد: لا سعر وحدةٍ لنوع المعدة في عقد العميل · لا موردَ على معدة التشغيل"
57420,skipped,0,0,"صفر أثرٍ قابلٍ للتوليد: لا سعر وحدةٍ لنوع المعدة في عقد العميل · لا موردَ على معدة التشغيل"
57421,skipped,0,0,"صفر أثرٍ قابلٍ للتوليد: لا سعر وحدةٍ لنوع المعدة في عقد العميل · لا موردَ على معدة التشغيل"
57422,skipped,0,0,"صفر أثرٍ قابلٍ للتوليد: لا سعر وحدةٍ لنوع المعدة في عقد العميل · لا موردَ على معدة التشغيل"
57423,skipped,0,0,"صفر أثرٍ قابلٍ للتوليد: لا سعر وحدةٍ لنوع المعدة في عقد العميل · لا موردَ على معدة التشغيل"
57424,skipped,0,0,"صفر أثرٍ قابلٍ للتوليد: لا سعر وحدةٍ لنوع المعدة في عقد العميل · لا موردَ على معدة التشغيل"
57425,skipped,0,0,"صفر أثرٍ قابلٍ للتوليد: لا سعر وحدةٍ لنوع المعدة في عقد العميل · لا موردَ على معدة التشغيل"
57426,skipped,0,0,"صفر أثرٍ قابلٍ للتوليد: لا سعر وحدةٍ لنوع المعدة في عقد العميل · لا موردَ على معدة التشغيل"
57427,skipped,0,0,"صفر أثرٍ قابلٍ للتوليد: لا سعر وحدةٍ لنوع المعدة في عقد العميل · لا موردَ على معدة التشغيل"
57428,skipped,0,0,"صفر أثرٍ قابلٍ للتوليد: لا سعر وحدةٍ لنوع المعدة في عقد العميل · لا موردَ على معدة التشغيل"
57429,skipped,0,0,"صفر أثرٍ قابلٍ للتوليد: لا سعر وحدةٍ لنوع المعدة في عقد العميل · لا موردَ على معدة التشغيل"
57430,skipped,0,0,"صفر أثرٍ قابلٍ للتوليد: لا سعر وحدةٍ لنوع المعدة في عقد العميل · لا موردَ على معدة التشغيل"
57431,skipped,0,0,"صفر أثرٍ قابلٍ للتوليد: لا سعر وحدةٍ لنوع المعدة في عقد العميل · لا موردَ على معدة التشغيل"
57432,skipped,0,0,"صفر أثرٍ قابلٍ للتوليد: لا سعر وحدةٍ لنوع المعدة في عقد العميل · لا موردَ على معدة التشغيل"
57433,skipped,0,0,"صفر أثرٍ قابلٍ للتوليد: لا سعر وحدةٍ لنوع المعدة في عقد العميل · لا موردَ على معدة التشغيل"
57434,skipped,0,0,"صفر أثرٍ قابلٍ للتوليد: لا سعر وحدةٍ لنوع المعدة في عقد العميل · لا موردَ على معدة التشغيل"
57435,skipped,0,0,"صفر أثرٍ قابلٍ للتوليد: لا سعر وحدةٍ لنوع المعدة في عقد العميل · لا موردَ على معدة التشغيل"
57436,skipped,0,0,"صفر أثرٍ قابلٍ للتوليد: لا سعر وحدةٍ لنوع المعدة في عقد العميل · لا موردَ على معدة التشغيل"
57437,skipped,0,0,"صفر أثرٍ قابلٍ للتوليد: لا سعر وحدةٍ لنوع المعدة في عقد العميل · لا موردَ على معدة التشغيل"
57438,skipped,0,0,"صفر أثرٍ قابلٍ للتوليد: لا سعر وحدةٍ لنوع المعدة في عقد العميل · لا موردَ على معدة التشغيل"
57439,skipped,0,0,"صفر أثرٍ قابلٍ للتوليد: لا سعر وحدةٍ لنوع المعدة في عقد العميل · لا موردَ على معدة التشغيل"
57440,skipped,0,0,"صفر أثرٍ قابلٍ للتوليد: لا سعر وحدةٍ لنوع المعدة في عقد العميل · لا موردَ على معدة التشغيل"
57441,skipped,0,0,"صفر أثرٍ قابلٍ للتوليد: لا سعر وحدةٍ لنوع المعدة في عقد العميل · لا موردَ على معدة التشغيل"
57442,skipped,0,0,"صفر أثرٍ قابلٍ للتوليد: لا سعر وحدةٍ لنوع المعدة في عقد العميل · لا موردَ على معدة التشغيل"
57443,skipped,0,0,"صفر أثرٍ قابلٍ للتوليد: لا سعر وحدةٍ لنوع المعدة في عقد العميل · لا موردَ على معدة التشغيل"
57444,skipped,0,0,"صفر أثرٍ قابلٍ للتوليد: لا سعر وحدةٍ لنوع المعدة في عقد العميل · لا موردَ على معدة التشغيل"
57445,skipped,0,0,"صفر أثرٍ قابلٍ للتوليد: لا سعر وحدةٍ لنوع المعدة في عقد العميل · لا موردَ على معدة التشغيل"
57446,skipped,0,0,"صفر أثرٍ قابلٍ للتوليد: لا سعر وحدةٍ لنوع المعدة في عقد العميل · لا موردَ على معدة التشغيل"
57447,skipped,0,0,"صفر أثرٍ قابلٍ للتوليد: لا سعر وحدةٍ لنوع المعدة في عقد العميل · لا موردَ على معدة التشغيل"
57448,skipped,0,0,"صفر أثرٍ قابلٍ للتوليد: لا سعر وحدةٍ لنوع المعدة في عقد العميل · لا موردَ على معدة التشغيل"
57449,skipped,0,0,"صفر أثرٍ قابلٍ للتوليد: لا سعر وحدةٍ لنوع المعدة في عقد العميل · لا موردَ على معدة التشغيل"
57450,skipped,0,0,"صفر أثرٍ قابلٍ للتوليد: لا سعر وحدةٍ لنوع المعدة في عقد العميل · لا موردَ على معدة التشغيل"
57451,skipped,0,0,"صفر أثرٍ قابلٍ للتوليد: لا سعر وحدةٍ لنوع المعدة في عقد العميل · لا موردَ على معدة التشغيل"
57452,skipped,0,0,"صفر أثرٍ قابلٍ للتوليد: لا سعر وحدةٍ لنوع المعدة في عقد العميل · لا موردَ على معدة التشغيل"
57453,skipped,0,0,"صفر أثرٍ قابلٍ للتوليد: لا سعر وحدةٍ لنوع المعدة في عقد العميل · لا موردَ على معدة التشغيل"
57454,skipped,0,0,"صفر أثرٍ قابلٍ للتوليد: لا سعر وحدةٍ لنوع المعدة في عقد العميل · لا موردَ على معدة التشغيل"
57455,skipped,0,0,"صفر أثرٍ قابلٍ للتوليد: لا سعر وحدةٍ لنوع المعدة في عقد العميل · لا موردَ على معدة التشغيل"
57456,skipped,0,0,"صفر أثرٍ قابلٍ للتوليد: لا سعر وحدةٍ لنوع المعدة في عقد العميل · لا موردَ على معدة التشغيل"
57457,skipped,0,0,"صفر أثرٍ قابلٍ للتوليد: لا سعر وحدةٍ لنوع المعدة في عقد العميل · لا موردَ على معدة التشغيل"
57458,skipped,0,0,"صفر أثرٍ قابلٍ للتوليد: لا سعر وحدةٍ لنوع المعدة في عقد العميل · لا موردَ على معدة التشغيل"
57459,skipped,0,0,"صفر أثرٍ قابلٍ للتوليد: لا سعر وحدةٍ لنوع المعدة في عقد العميل · لا موردَ على معدة التشغيل"
57460,skipped,0,0,"صفر أثرٍ قابلٍ للتوليد: لا سعر وحدةٍ لنوع المعدة في عقد العميل · لا موردَ على معدة التشغيل"
57461,skipped,0,0,"صفر أثرٍ قابلٍ للتوليد: لا سعر وحدةٍ لنوع المعدة في عقد العميل · لا موردَ على معدة التشغيل"
57462,skipped,0,0,"صفر أثرٍ قابلٍ للتوليد: لا سعر وحدةٍ لنوع المعدة في عقد العميل · لا موردَ على معدة التشغيل"
57463,skipped,0,0,"صفر أثرٍ قابلٍ للتوليد: لا سعر وحدةٍ لنوع المعدة في عقد العميل · لا موردَ على معدة التشغيل"
57464,skipped,0,0,"صفر أثرٍ قابلٍ للتوليد: لا سعر وحدةٍ لنوع المعدة في عقد العميل · لا موردَ على معدة التشغيل"
57465,skipped,0,0,"صفر أثرٍ قابلٍ للتوليد: لا سعر وحدةٍ لنوع المعدة في عقد العميل · لا موردَ على معدة التشغيل"
57466,skipped,0,0,"صفر أثرٍ قابلٍ للتوليد: لا سعر وحدةٍ لنوع المعدة في عقد العميل · لا موردَ على معدة التشغيل"
57467,skipped,0,0,"صفر أثرٍ قابلٍ للتوليد: لا سعر وحدةٍ لنوع المعدة في عقد العميل · لا موردَ على معدة التشغيل"
57468,skipped,0,0,"صفر أثرٍ قابلٍ للتوليد: لا سعر وحدةٍ لنوع المعدة في عقد العميل · لا موردَ على معدة التشغيل"
57469,skipped,0,0,"صفر أثرٍ قابلٍ للتوليد: لا سعر وحدةٍ لنوع المعدة في عقد العميل · لا موردَ على معدة التشغيل"
57470,skipped,0,0,"صفر أثرٍ قابلٍ للتوليد: لا سعر وحدةٍ لنوع المعدة في عقد العميل · لا موردَ على معدة التشغيل"
57471,skipped,0,0,"صفر أثرٍ قابلٍ للتوليد: لا سعر وحدةٍ لنوع المعدة في عقد العميل · لا موردَ على معدة التشغيل"
57472,skipped,0,0,"صفر أثرٍ قابلٍ للتوليد: لا سعر وحدةٍ لنوع المعدة في عقد العميل · لا موردَ على معدة التشغيل"
57473,skipped,0,0,"صفر أثرٍ قابلٍ للتوليد: لا سعر وحدةٍ لنوع المعدة في عقد العميل · لا موردَ على معدة التشغيل"
57474,skipped,0,0,"صفر أثرٍ قابلٍ للتوليد: لا سعر وحدةٍ لنوع المعدة في عقد العميل · لا موردَ على معدة التشغيل"
57475,skipped,0,0,"صفر أثرٍ قابلٍ للتوليد: لا سعر وحدةٍ لنوع المعدة في عقد العميل · لا موردَ على معدة التشغيل"
57476,skipped,0,0,"صفر أثرٍ قابلٍ للتوليد: لا سعر وحدةٍ لنوع المعدة في عقد العميل · لا موردَ على معدة التشغيل"
57477,skipped,0,0,"صفر أثرٍ قابلٍ للتوليد: لا سعر وحدةٍ لنوع المعدة في عقد العميل · لا موردَ على معدة التشغيل"
57478,skipped,0,0,"صفر أثرٍ قابلٍ للتوليد: لا سعر وحدةٍ لنوع المعدة في عقد العميل · لا موردَ على معدة التشغيل"
57479,skipped,0,0,"صفر أثرٍ قابلٍ للتوليد: لا سعر وحدةٍ لنوع المعدة في عقد العميل · لا موردَ على معدة التشغيل"
57480,skipped,0,0,"صفر أثرٍ قابلٍ للتوليد: لا سعر وحدةٍ لنوع المعدة في عقد العميل · لا موردَ على معدة التشغيل"
57481,skipped,0,0,"صفر أثرٍ قابلٍ للتوليد: لا سعر وحدةٍ لنوع المعدة في عقد العميل · لا موردَ على معدة التشغيل"
57482,skipped,0,0,"صفر أثرٍ قابلٍ للتوليد: لا سعر وحدةٍ لنوع المعدة في عقد العميل · لا موردَ على معدة التشغيل"
57483,skipped,0,0,"صفر أثرٍ قابلٍ للتوليد: لا سعر وحدةٍ لنوع المعدة في عقد العميل · لا موردَ على معدة التشغيل"
57484,skipped,0,0,"صفر أثرٍ قابلٍ للتوليد: لا سعر وحدةٍ لنوع المعدة في عقد العميل · لا موردَ على معدة التشغيل"
57485,skipped,0,0,"صفر أثرٍ قابلٍ للتوليد: لا سعر وحدةٍ لنوع المعدة في عقد العميل · لا موردَ على معدة التشغيل"
57486,skipped,0,0,"صفر أثرٍ قابلٍ للتوليد: لا سعر وحدةٍ لنوع المعدة في عقد العميل · لا موردَ على معدة التشغيل"
57487,skipped,0,0,"صفر أثرٍ قابلٍ للتوليد: لا سعر وحدةٍ لنوع المعدة في عقد العميل · لا موردَ على معدة التشغيل"
57488,skipped,0,0,"صفر أثرٍ قابلٍ للتوليد: لا سعر وحدةٍ لنوع المعدة في عقد العميل · لا موردَ على معدة التشغيل"
57489,skipped,0,0,"صفر أثرٍ قابلٍ للتوليد: لا سعر وحدةٍ لنوع المعدة في عقد العميل · لا موردَ على معدة التشغيل"
57490,skipped,0,0,"صفر أثرٍ قابلٍ للتوليد: لا سعر وحدةٍ لنوع المعدة في عقد العميل · لا موردَ على معدة التشغيل"
57491,skipped,0,0,"صفر أثرٍ قابلٍ للتوليد: لا سعر وحدةٍ لنوع المعدة في عقد العميل · لا موردَ على معدة التشغيل"
57492,skipped,0,0,"صفر أثرٍ قابلٍ للتوليد: لا سعر وحدةٍ لنوع المعدة في عقد العميل · لا موردَ على معدة التشغيل"
57493,skipped,0,0,"صفر أثرٍ قابلٍ للتوليد: لا سعر وحدةٍ لنوع المعدة في عقد العميل · لا موردَ على معدة التشغيل"
57494,skipped,0,0,"صفر أثرٍ قابلٍ للتوليد: لا سعر وحدةٍ لنوع المعدة في عقد العميل · لا موردَ على معدة التشغيل"
57495,skipped,0,0,"صفر أثرٍ قابلٍ للتوليد: لا سعر وحدةٍ لنوع المعدة في عقد العميل · لا موردَ على معدة التشغيل"
57496,skipped,0,0,"صفر أثرٍ قابلٍ للتوليد: لا سعر وحدةٍ لنوع المعدة في عقد العميل · لا موردَ على معدة التشغيل"
57497,skipped,0,0,"صفر أثرٍ قابلٍ للتوليد: لا سعر وحدةٍ لنوع المعدة في عقد العميل · لا سعر وحدةٍ لنوع المعدة في أي عقد موردٍ نشط"
57498,skipped,0,0,"صفر أثرٍ قابلٍ للتوليد: لا سعر وحدةٍ لنوع المعدة في عقد العميل · لا سعر وحدةٍ لنوع المعدة في أي عقد موردٍ نشط"
57499,skipped,0,0,"صفر أثرٍ قابلٍ للتوليد: لا سعر وحدةٍ لنوع المعدة في عقد العميل · لا سعر وحدةٍ لنوع المعدة في أي عقد موردٍ نشط"
57500,skipped,0,0,"صفر أثرٍ قابلٍ للتوليد: لا سعر وحدةٍ لنوع المعدة في عقد العميل · لا سعر وحدةٍ لنوع المعدة في أي عقد موردٍ نشط"
57501,skipped,0,0,"صفر أثرٍ قابلٍ للتوليد: لا سعر وحدةٍ لنوع المعدة في عقد العميل · لا سعر وحدةٍ لنوع المعدة في أي عقد موردٍ نشط"
57502,skipped,0,0,"صفر أثرٍ قابلٍ للتوليد: لا سعر وحدةٍ لنوع المعدة في عقد العميل · لا سعر وحدةٍ لنوع المعدة في أي عقد موردٍ نشط"
57503,skipped,0,0,"صفر أثرٍ قابلٍ للتوليد: لا سعر وحدةٍ لنوع المعدة في عقد العميل · لا سعر وحدةٍ لنوع المعدة في أي عقد موردٍ نشط"
57504,skipped,0,0,"صفر أثرٍ قابلٍ للتوليد: لا سعر وحدةٍ لنوع المعدة في عقد العميل · لا سعر وحدةٍ لنوع المعدة في أي عقد موردٍ نشط"
57505,skipped,0,0,"صفر أثرٍ قابلٍ للتوليد: لا سعر وحدةٍ لنوع المعدة في عقد العميل · لا سعر وحدةٍ لنوع المعدة في أي عقد موردٍ نشط"
57506,skipped,0,0,"صفر أثرٍ قابلٍ للتوليد: لا سعر وحدةٍ لنوع المعدة في عقد العميل · لا سعر وحدةٍ لنوع المعدة في أي عقد موردٍ نشط"
57507,skipped,0,0,"صفر أثرٍ قابلٍ للتوليد: لا سعر وحدةٍ لنوع المعدة في عقد العميل · لا سعر وحدةٍ لنوع المعدة في أي عقد موردٍ نشط"
57508,skipped,0,0,"صفر أثرٍ قابلٍ للتوليد: لا سعر وحدةٍ لنوع المعدة في عقد العميل · لا سعر وحدةٍ لنوع المعدة في أي عقد موردٍ نشط"
57509,skipped,0,0,"صفر أثرٍ قابلٍ للتوليد: لا سعر وحدةٍ لنوع المعدة في عقد العميل · لا سعر وحدةٍ لنوع المعدة في أي عقد موردٍ نشط"
57510,skipped,0,0,"صفر أثرٍ قابلٍ للتوليد: لا سعر وحدةٍ لنوع المعدة في عقد العميل · لا سعر وحدةٍ لنوع المعدة في أي عقد موردٍ نشط"
57511,skipped,0,0,"صفر أثرٍ قابلٍ للتوليد: لا سعر وحدةٍ لنوع المعدة في عقد العميل · لا سعر وحدةٍ لنوع المعدة في أي عقد موردٍ نشط"
57512,skipped,0,0,"صفر أثرٍ قابلٍ للتوليد: لا سعر وحدةٍ لنوع المعدة في عقد العميل · لا سعر وحدةٍ لنوع المعدة في أي عقد موردٍ نشط"
57513,skipped,0,0,"صفر أثرٍ قابلٍ للتوليد: لا سعر وحدةٍ لنوع المعدة في عقد العميل · لا سعر وحدةٍ لنوع المعدة في أي عقد موردٍ نشط"
57514,skipped,0,0,"صفر أثرٍ قابلٍ للتوليد: لا سعر وحدةٍ لنوع المعدة في عقد العميل · لا سعر وحدةٍ لنوع المعدة في أي عقد موردٍ نشط"
57515,skipped,0,0,"صفر أثرٍ قابلٍ للتوليد: لا سعر وحدةٍ لنوع المعدة في عقد العميل · لا سعر وحدةٍ لنوع المعدة في أي عقد موردٍ نشط"
57516,skipped,0,0,"صفر أثرٍ قابلٍ للتوليد: لا سعر وحدةٍ لنوع المعدة في عقد العميل · لا سعر وحدةٍ لنوع المعدة في أي عقد موردٍ نشط"
