الإدارة,الترتيب,المرحلة,المجموعة,الشاشة,"المستند الناتج","الدور المسؤول","الحالة التالية"
"ادارة التشغيل",—,"(بلا مرحلة)","لوحة الإدارة","مساحة عملي · main/my_workspace.php","— لا مصدر","— لا وحدة","— لا مصدر"
"ادارة التشغيل",—,"(بلا مرحلة)","لوحة الإدارة","طلب مالي جديد · FinRequests/request_form.php","— لا مصدر","ادارة الصيانة","— لا مصدر"
"ادارة التشغيل",—,"(بلا مرحلة)","لوحة الإدارة","تسجيل الوحدات · Timesheet/timesheet_type.php","— لا مصدر","إدارة الموقع (قديم — مدمج في 6)","— لا مصدر"
"ادارة التشغيل",—,"(بلا مرحلة)","لوحة الإدارة","سجل الكيانات · Governance/entities_registry.php","— لا مصدر","ادارة التشغيل","— لا مصدر"
"ادارة التشغيل",—,"(بلا مرحلة)","لوحة الإدارة","سجل الممولين · Financing/financiers_registry.php","— لا مصدر","ادارة التشغيل","— لا مصدر"
"ادارة التشغيل",—,"(بلا مرحلة)","لوحة الإدارة","التفويض بالتوقيع · Governance/signing_authority.php","— لا مصدر","ادارة التشغيل","— لا مصدر"
"ادارة التشغيل",—,"(بلا مرحلة)","لوحة الإدارة","إنشاء عملية تمويل · Financing/financing_operation_new.php","— لا مصدر","ادارة التشغيل","— لا مصدر"
"ادارة التشغيل",—,"(بلا مرحلة)","لوحة الإدارة","التراخيص والكفالات · Governance/licenses_guarantees.php","— لا مصدر","ادارة التشغيل","— لا مصدر"
"ادارة التشغيل",—,"(بلا مرحلة)","لوحة الإدارة","أنماط التفعيل · Governance/activation_patterns.php","— لا مصدر","ادارة التشغيل","— لا مصدر"
"ادارة التشغيل",—,"(بلا مرحلة)","لوحة الإدارة","منح المجال المقيَّد · Governance/ownership_grants.php","— لا مصدر","ادارة التشغيل","— لا مصدر"
"ادارة التشغيل",—,"(بلا مرحلة)","لوحة الإدارة","الموظفون · Employees/employees.php","— لا مصدر","ادارة الموارد البشرية","— لا مصدر"
"ادارة التشغيل",—,"(بلا مرحلة)","لوحة الإدارة","المعدات · Equipments/equipments_fleet.php","— لا مصدر","ادارة الاسطول","— لا مصدر"
"ادارة التشغيل",0.1.1,"لوحة الإدارة","مساحتي الشخصية","مهامي · Portal/my_tasks.php","requests · tasks · workflow  [nav09_map]","مساحة عملي  [إدارة]","الطلبُ يدخل صندوقَ اعتماد المعنيّ بمساره — ويظهر في «طلباتي» بحالته · المهمةُ تُقفل · والخطوةُ التاليةُ تُفتح لصاحبها · ومهلةُ المسار تُحدَّث · تُصيَّر المكوّناتُ التي منحته إياها الحوكمةُ وحدَها · ومشغّلُ المعدة يرى معدتَه ومشغّلَها الآخر · يُعاد الحسابُ  [nav09_map]"
"ادارة التشغيل",0.1.2,"لوحة الإدارة","مساحتي الشخصية","إنجازي · Portal/my_achievement.php","requests · tasks · workflow  [nav09_map]","إدارة الصلاحيات","الطلبُ يدخل صندوقَ اعتماد المعنيّ بمساره — ويظهر في «طلباتي» بحالته · المهمةُ تُقفل · والخطوةُ التاليةُ تُفتح لصاحبها · ومهلةُ المسار تُحدَّث · تُصيَّر المكوّناتُ التي منحته إياها الحوكمةُ وحدَها · ومشغّلُ المعدة يرى معدتَه ومشغّلَها الآخر · يُعاد الحسابُ  [nav09_map]"
"ادارة التشغيل",0.1.3,"لوحة الإدارة","مساحتي الشخصية","بوابتي · Portal/my_portal.php","requests · tasks · workflow  [nav09_map]","إدارة الصلاحيات","الطلبُ يدخل صندوقَ اعتماد المعنيّ بمساره — ويظهر في «طلباتي» بحالته · المهمةُ تُقفل · والخطوةُ التاليةُ تُفتح لصاحبها · ومهلةُ المسار تُحدَّث · تُصيَّر المكوّناتُ التي منحته إياها الحوكمةُ وحدَها · ومشغّلُ المعدة يرى معدتَه ومشغّلَها الآخر · يُعاد الحسابُ  [nav09_map]"
"ادارة التشغيل",0.1.4,"لوحة الإدارة","مساحتي الشخصية","طلباتي · FinRequests/my_requests.php","requests · tasks · workflow  [nav09_map]","ادارة الصيانة","الطلبُ يدخل صندوقَ اعتماد المعنيّ بمساره — ويظهر في «طلباتي» بحالته · المهمةُ تُقفل · والخطوةُ التاليةُ تُفتح لصاحبها · ومهلةُ المسار تُحدَّث · تُصيَّر المكوّناتُ التي منحته إياها الحوكمةُ وحدَها · ومشغّلُ المعدة يرى معدتَه ومشغّلَها الآخر · يُعاد الحسابُ  [nav09_map]"
"ادارة التشغيل",0.1.5,"لوحة الإدارة","مساحتي الشخصية","المراسلات · chats/index.php","requests · tasks · workflow  [nav09_map]","— لا وحدة","الطلبُ يدخل صندوقَ اعتماد المعنيّ بمساره — ويظهر في «طلباتي» بحالته · المهمةُ تُقفل · والخطوةُ التاليةُ تُفتح لصاحبها · ومهلةُ المسار تُحدَّث · تُصيَّر المكوّناتُ التي منحته إياها الحوكمةُ وحدَها · ومشغّلُ المعدة يرى معدتَه ومشغّلَها الآخر · يُعاد الحسابُ  [nav09_map]"
"ادارة التشغيل",0.2.6,"لوحة الإدارة","غرفة العمليات ولوحة المواقع","غرفة عمليات المواقع · Operations/operations_room.php","requests · tasks · workflow  [nav09_map]","ادارة التشغيل","الطلبُ يدخل صندوقَ اعتماد المعنيّ بمساره — ويظهر في «طلباتي» بحالته · المهمةُ تُقفل · والخطوةُ التاليةُ تُفتح لصاحبها · ومهلةُ المسار تُحدَّث · تُصيَّر المكوّناتُ التي منحته إياها الحوكمةُ وحدَها · ومشغّلُ المعدة يرى معدتَه ومشغّلَها الآخر · يُعاد الحسابُ  [nav09_map]"
"ادارة التشغيل",0.2.7,"لوحة الإدارة","غرفة العمليات ولوحة المواقع","توزيع المعدات والمشغّلين · Operations/distribution_space.php","requests · tasks · workflow  [nav09_map]","إدارة الموقع","الطلبُ يدخل صندوقَ اعتماد المعنيّ بمساره — ويظهر في «طلباتي» بحالته · المهمةُ تُقفل · والخطوةُ التاليةُ تُفتح لصاحبها · ومهلةُ المسار تُحدَّث · تُصيَّر المكوّناتُ التي منحته إياها الحوكمةُ وحدَها · ومشغّلُ المعدة يرى معدتَه ومشغّلَها الآخر · يُعاد الحسابُ  [nav09_map]"
"ادارة التشغيل",1.103.8,"أولًا: خطة الشهر","العقود والتغطية","عقود العملاء · Contracts/contracts.php","contracts · contract_events · contracts.state · obligations · daily_plans · daily_plans · resource_locks · daily_plans.state · equipment_quota · audit · equipment_quota · quota_ledger · op_containers · unit_entries · unit_approvals  [nav09_map]","ادارة التشغيل","supplier_id على المقعدِ وحصتُه allocated — ويستدعي F-06 · الحارسُ يفحص Σ حصص المعدات ≤ حصة المورد · والمعدةُ الاحتياطيةُ تُقبل بصفر · والتخصيصُ الميدانيُّ يُقيَّد بالحصة · الحارسُ يفحص التأهيلَ والجاهزيةَ والوثائق · والمواردُ تُحجز مبدئيًّا · الحاويةُ الر  [nav09_map]"
"ادارة التشغيل",1.103.9,"أولًا: خطة الشهر","العقود والتغطية","التزام العقد بنوع المعدة · Contracts/contract_coverage.php","contracts · contract_events · contracts.state · obligations · daily_plans · daily_plans · resource_locks · daily_plans.state · equipment_quota · audit · equipment_quota · quota_ledger · op_containers · unit_entries · unit_approvals  [nav09_map]","— لا وحدة","supplier_id على المقعدِ وحصتُه allocated — ويستدعي F-06 · الحارسُ يفحص Σ حصص المعدات ≤ حصة المورد · والمعدةُ الاحتياطيةُ تُقبل بصفر · والتخصيصُ الميدانيُّ يُقيَّد بالحصة · الحارسُ يفحص التأهيلَ والجاهزيةَ والوثائق · والمواردُ تُحجز مبدئيًّا · الحاويةُ الر  [nav09_map]"
"ادارة التشغيل",1.103.10,"أولًا: خطة الشهر","العقود والتغطية","الوحدات التعاقدية المرقَّمة · Operations/containers.php","contracts · contract_events · contracts.state · obligations · daily_plans · daily_plans · resource_locks · daily_plans.state · equipment_quota · audit · equipment_quota · quota_ledger · op_containers · unit_entries · unit_approvals  [nav09_map]","ادارة التشغيل","supplier_id على المقعدِ وحصتُه allocated — ويستدعي F-06 · الحارسُ يفحص Σ حصص المعدات ≤ حصة المورد · والمعدةُ الاحتياطيةُ تُقبل بصفر · والتخصيصُ الميدانيُّ يُقيَّد بالحصة · الحارسُ يفحص التأهيلَ والجاهزيةَ والوثائق · والمواردُ تُحجز مبدئيًّا · الحاويةُ الر  [nav09_map]"
"ادارة التشغيل",1.104.11,"أولًا: خطة الشهر","حصص الموردين وحاوياتها","حصص الموردين من العقود · Suppliers/shares_coverage.php","contracts · contract_events · contracts.state · obligations · daily_plans · daily_plans · resource_locks · daily_plans.state · equipment_quota · audit · equipment_quota · quota_ledger · op_containers · unit_entries · unit_approvals  [nav09_map]","ادارة الموردين","supplier_id على المقعدِ وحصتُه allocated — ويستدعي F-06 · الحارسُ يفحص Σ حصص المعدات ≤ حصة المورد · والمعدةُ الاحتياطيةُ تُقبل بصفر · والتخصيصُ الميدانيُّ يُقيَّد بالحصة · الحارسُ يفحص التأهيلَ والجاهزيةَ والوثائق · والمواردُ تُحجز مبدئيًّا · الحاويةُ الر  [nav09_map]"
"ادارة التشغيل",1.104.12,"أولًا: خطة الشهر","حصص الموردين وحاوياتها","توزيع وحدات المورد على معداته · Operations/equipment_quota.php","contracts · contract_events · contracts.state · obligations · daily_plans · daily_plans · resource_locks · daily_plans.state · equipment_quota · audit · equipment_quota · quota_ledger · op_containers · unit_entries · unit_approvals  [nav09_map]","ادارة الموردين","supplier_id على المقعدِ وحصتُه allocated — ويستدعي F-06 · الحارسُ يفحص Σ حصص المعدات ≤ حصة المورد · والمعدةُ الاحتياطيةُ تُقبل بصفر · والتخصيصُ الميدانيُّ يُقيَّد بالحصة · الحارسُ يفحص التأهيلَ والجاهزيةَ والوثائق · والمواردُ تُحجز مبدئيًّا · الحاويةُ الر  [nav09_map]"
"ادارة التشغيل",1.105.13,"أولًا: خطة الشهر","اعتماد خطط المواقع","خطة عمل الغد · Operations/daily_plan.php","contracts · contract_events · contracts.state · obligations · daily_plans · daily_plans · resource_locks · daily_plans.state · equipment_quota · audit · equipment_quota · quota_ledger · op_containers · unit_entries · unit_approvals  [nav09_map]","ادارة الاسطول","supplier_id على المقعدِ وحصتُه allocated — ويستدعي F-06 · الحارسُ يفحص Σ حصص المعدات ≤ حصة المورد · والمعدةُ الاحتياطيةُ تُقبل بصفر · والتخصيصُ الميدانيُّ يُقيَّد بالحصة · الحارسُ يفحص التأهيلَ والجاهزيةَ والوثائق · والمواردُ تُحجز مبدئيًّا · الحاويةُ الر  [nav09_map]"
"ادارة التشغيل",2.206.14,"ثانيًا: توزيع الموارد","التوزيع والتخصيص","توزيع المعدات والمشغّلين · Operations/distribution_space.php#2","حالةُ الوحدةِ «معتمدةٌ يوميًّا»  [LAD-01]","إدارة الموقع","الإهلاكُ يتوقف · والقيمةُ تُقفل · والتخصيصاتُ تُنهى · والحصصُ تُغلق · كرتٌ بكودٍ دائم · وطلبُ تفتيشٍ أوليٍّ يُفتح · وأصلٌ يدخل السجلَ بلا إهلاكٍ حتى التفعيل  [nav09_map]"
"ادارة التشغيل",2.206.15,"ثانيًا: توزيع الموارد","التوزيع والتخصيص","سجل المعدات · Equipments/equipments.php","حالةُ الوحدةِ «معتمدةٌ يوميًّا»  [LAD-01]","إدارة الأسطول  [إدارة]","الإهلاكُ يتوقف · والقيمةُ تُقفل · والتخصيصاتُ تُنهى · والحصصُ تُغلق · كرتٌ بكودٍ دائم · وطلبُ تفتيشٍ أوليٍّ يُفتح · وأصلٌ يدخل السجلَ بلا إهلاكٍ حتى التفعيل  [nav09_map]"
"ادارة التشغيل",2.206.16,"ثانيًا: توزيع الموارد","التوزيع والتخصيص","تكليف المشغّل على المعدة · Operations/distribution_space.php#3","حالةُ الوحدةِ «معتمدةٌ يوميًّا»  [LAD-01]","إدارة الموقع","الإهلاكُ يتوقف · والقيمةُ تُقفل · والتخصيصاتُ تُنهى · والحصصُ تُغلق · كرتٌ بكودٍ دائم · وطلبُ تفتيشٍ أوليٍّ يُفتح · وأصلٌ يدخل السجلَ بلا إهلاكٍ حتى التفعيل  [nav09_map]"
"ادارة التشغيل",2.207.17,"ثانيًا: توزيع الموارد","الإسناد للوحدات","إسناد المعدات للوحدات · Operations/containers.php#2","حالةُ الوحدةِ «معتمدةٌ يوميًّا»  [LAD-01]","ادارة التشغيل","الإهلاكُ يتوقف · والقيمةُ تُقفل · والتخصيصاتُ تُنهى · والحصصُ تُغلق · كرتٌ بكودٍ دائم · وطلبُ تفتيشٍ أوليٍّ يُفتح · وأصلٌ يدخل السجلَ بلا إهلاكٍ حتى التفعيل  [nav09_map]"
"ادارة التشغيل",2.208.18,"ثانيًا: توزيع الموارد","الجاهزية والترحيل","جاهزية المعدات للتشغيل · Fleet/readiness_board.php","حالةُ الوحدةِ «معتمدةٌ يوميًّا»  [LAD-01]","ادارة الاسطول","الإهلاكُ يتوقف · والقيمةُ تُقفل · والتخصيصاتُ تُنهى · والحصصُ تُغلق · كرتٌ بكودٍ دائم · وطلبُ تفتيشٍ أوليٍّ يُفتح · وأصلٌ يدخل السجلَ بلا إهلاكٍ حتى التفعيل  [nav09_map]"
"ادارة التشغيل",2.208.19,"ثانيًا: توزيع الموارد","الجاهزية والترحيل","طلبات الترحيل · Transport/transfer_requests.php","حالةُ الوحدةِ «معتمدةٌ يوميًّا»  [LAD-01]","إدارة النقل والترحيل","الإهلاكُ يتوقف · والقيمةُ تُقفل · والتخصيصاتُ تُنهى · والحصصُ تُغلق · كرتٌ بكودٍ دائم · وطلبُ تفتيشٍ أوليٍّ يُفتح · وأصلٌ يدخل السجلَ بلا إهلاكٍ حتى التفعيل  [nav09_map]"
"ادارة التشغيل",3.309.20,"ثالثًا: اعتماد الوحدات","التايم شيت والقياس","تسجيل التايم شيت والإنتاج · Timesheet/timesheet.php","حالةُ المطابقةِ + فتحُ اعتمادِ الموردين  [LAD-01]","إدارة الموقع","إيرادُ العميل وذمةُ المورد وأجرُ المشغّل تتولد بأحكامٍ ثلاثةٍ مستقلة · وخطةُ العقد تُحدَّث · والإهلاكُ يُحتسب · الإسنادُ نهائيٌّ · وحاوياتُ الموردين تُستهلك · وعدّادُ المعدة يُحدَّث · الحلقةُ الأولى تُفتح · وقفلُ التعديل · وعدّادُ المهلة يبدأ · الحلقةُ ال  [nav09_map]"
"ادارة التشغيل",3.309.21,"ثالثًا: اعتماد الوحدات","التايم شيت والقياس","الإنتاج والقياس · Operations/production.php","حالةُ المطابقةِ + فتحُ اعتمادِ الموردين  [LAD-01]","إدارة الموقع","إيرادُ العميل وذمةُ المورد وأجرُ المشغّل تتولد بأحكامٍ ثلاثةٍ مستقلة · وخطةُ العقد تُحدَّث · والإهلاكُ يُحتسب · الإسنادُ نهائيٌّ · وحاوياتُ الموردين تُستهلك · وعدّادُ المعدة يُحدَّث · الحلقةُ الأولى تُفتح · وقفلُ التعديل · وعدّادُ المهلة يبدأ · الحلقةُ ال  [nav09_map]"
"ادارة التشغيل",3.310.22,"ثالثًا: اعتماد الوحدات","التوقفات وإسنادها","التوقفات وتحديد المتحمل · Operations/stops_unattributed.php","حالةُ المطابقةِ + فتحُ اعتمادِ الموردين  [LAD-01]","ادارة التشغيل","إيرادُ العميل وذمةُ المورد وأجرُ المشغّل تتولد بأحكامٍ ثلاثةٍ مستقلة · وخطةُ العقد تُحدَّث · والإهلاكُ يُحتسب · الإسنادُ نهائيٌّ · وحاوياتُ الموردين تُستهلك · وعدّادُ المعدة يُحدَّث · الحلقةُ الأولى تُفتح · وقفلُ التعديل · وعدّادُ المهلة يبدأ · الحلقةُ ال  [nav09_map]"
"ادارة التشغيل",3.390.5,"ثالثًا: اعتماد الوحدات","— بقرار المالك","ما ينتظر اعتمادي · Approvals/hours_approval.php","حالةُ المطابقةِ + فتحُ اعتمادِ الموردين  [LAD-01]","ادارة التشغيل","إيرادُ العميل وذمةُ المورد وأجرُ المشغّل تتولد بأحكامٍ ثلاثةٍ مستقلة · وخطةُ العقد تُحدَّث · والإهلاكُ يُحتسب · الإسنادُ نهائيٌّ · وحاوياتُ الموردين تُستهلك · وعدّادُ المعدة يُحدَّث · الحلقةُ الأولى تُفتح · وقفلُ التعديل · وعدّادُ المهلة يبدأ · الحلقةُ ال  [nav09_map]"
"ادارة التشغيل",3.390.900,"ثالثًا: اعتماد الوحدات","— بقرار المالك","صندوقُ موافقاتي — ما ينتظر يدي · Approvals/requests.php","حالةُ المطابقةِ + فتحُ اعتمادِ الموردين  [LAD-01]","ادارة الصيانة","إيرادُ العميل وذمةُ المورد وأجرُ المشغّل تتولد بأحكامٍ ثلاثةٍ مستقلة · وخطةُ العقد تُحدَّث · والإهلاكُ يُحتسب · الإسنادُ نهائيٌّ · وحاوياتُ الموردين تُستهلك · وعدّادُ المعدة يُحدَّث · الحلقةُ الأولى تُفتح · وقفلُ التعديل · وعدّادُ المهلة يبدأ · الحلقةُ ال  [nav09_map]"
"ادارة التشغيل",3.390.950,"ثالثًا: اعتماد الوحدات","— بقرار المالك","تصنيف قواعد المنع · Settings/guard_classification.php","حالةُ المطابقةِ + فتحُ اعتمادِ الموردين  [LAD-01]","ادارة التشغيل","إيرادُ العميل وذمةُ المورد وأجرُ المشغّل تتولد بأحكامٍ ثلاثةٍ مستقلة · وخطةُ العقد تُحدَّث · والإهلاكُ يُحتسب · الإسنادُ نهائيٌّ · وحاوياتُ الموردين تُستهلك · وعدّادُ المعدة يُحدَّث · الحلقةُ الأولى تُفتح · وقفلُ التعديل · وعدّادُ المهلة يبدأ · الحلقةُ ال  [nav09_map]"
"ادارة التشغيل",4.412.23,"رابعًا: متابعة الانحراف","الأداء الشهري","الأداء الشهري للوحدة · Operations/unit_perf.php","unit_monthly_perf · work_orders · cost_alloc · work_orders · downtime  [nav09_map]","ادارة التشغيل","التعاقديةُ مقابل المنفَّذة · والعجزُ يفتح بندَ مطالبةٍ إن نصّ العقد · والجزاءُ يُحتسب · التكلفةُ تُحمَّل · وزمنُ التوقف يُثبَّت · والكرتُ يُحدَّث · والجاهزيةُ تُطلب · زمنُ التوقف يبدأ «تحت التحقق» · والمتحمّلُ مبدئيٌّ · والمعدةُ غيرُ متاحة  [nav09_map]"
"ادارة التشغيل",4.413.24,"رابعًا: متابعة الانحراف","الانحراف والهامش","متابعة انحراف المنفَّذ عن المخطط · Finance/variance_monitor_fin.php","unit_monthly_perf · work_orders · cost_alloc · work_orders · downtime  [nav09_map]","إدارة المالية","التعاقديةُ مقابل المنفَّذة · والعجزُ يفتح بندَ مطالبةٍ إن نصّ العقد · والجزاءُ يُحتسب · التكلفةُ تُحمَّل · وزمنُ التوقف يُثبَّت · والكرتُ يُحدَّث · والجاهزيةُ تُطلب · زمنُ التوقف يبدأ «تحت التحقق» · والمتحمّلُ مبدئيٌّ · والمعدةُ غيرُ متاحة  [nav09_map]"
"ادارة التشغيل",4.413.25,"رابعًا: متابعة الانحراف","الانحراف والهامش","هامش الربح للعقد والواقعة · Reports/margin_report.php","unit_monthly_perf · work_orders · cost_alloc · work_orders · downtime  [nav09_map]","إدارة المالية","التعاقديةُ مقابل المنفَّذة · والعجزُ يفتح بندَ مطالبةٍ إن نصّ العقد · والجزاءُ يُحتسب · التكلفةُ تُحمَّل · وزمنُ التوقف يُثبَّت · والكرتُ يُحدَّث · والجاهزيةُ تُطلب · زمنُ التوقف يبدأ «تحت التحقق» · والمتحمّلُ مبدئيٌّ · والمعدةُ غيرُ متاحة  [nav09_map]"
"ادارة التشغيل",4.414.26,"رابعًا: متابعة الانحراف","الصيانة والأعطال","أوامر الصيانة · Maintenance/orders.php","unit_monthly_perf · work_orders · cost_alloc · work_orders · downtime  [nav09_map]","ادارة الصيانة","التعاقديةُ مقابل المنفَّذة · والعجزُ يفتح بندَ مطالبةٍ إن نصّ العقد · والجزاءُ يُحتسب · التكلفةُ تُحمَّل · وزمنُ التوقف يُثبَّت · والكرتُ يُحدَّث · والجاهزيةُ تُطلب · زمنُ التوقف يبدأ «تحت التحقق» · والمتحمّلُ مبدئيٌّ · والمعدةُ غيرُ متاحة  [nav09_map]"
"ادارة التشغيل",4.414.27,"رابعًا: متابعة الانحراف","الصيانة والأعطال","تصنيف الأعطال وأسبابها · Equipments/manage_failure_codes.php","unit_monthly_perf · work_orders · cost_alloc · work_orders · downtime  [nav09_map]","ادارة الصيانة","التعاقديةُ مقابل المنفَّذة · والعجزُ يفتح بندَ مطالبةٍ إن نصّ العقد · والجزاءُ يُحتسب · التكلفةُ تُحمَّل · وزمنُ التوقف يُثبَّت · والكرتُ يُحدَّث · والجاهزيةُ تُطلب · زمنُ التوقف يبدأ «تحت التحقق» · والمتحمّلُ مبدئيٌّ · والمعدةُ غيرُ متاحة  [nav09_map]"
"ادارة التشغيل",4.415.28,"رابعًا: متابعة الانحراف",البلاغات,"بلاغات إدارتي · Tickets/dept_inbox.php","unit_monthly_perf · work_orders · cost_alloc · work_orders · downtime  [nav09_map]","إدارة البلاغات","التعاقديةُ مقابل المنفَّذة · والعجزُ يفتح بندَ مطالبةٍ إن نصّ العقد · والجزاءُ يُحتسب · التكلفةُ تُحمَّل · وزمنُ التوقف يُثبَّت · والكرتُ يُحدَّث · والجاهزيةُ تُطلب · زمنُ التوقف يبدأ «تحت التحقق» · والمتحمّلُ مبدئيٌّ · والمعدةُ غيرُ متاحة  [nav09_map]"
"ادارة التشغيل",5.516.29,"خامسًا: إقفال الفترة",الإقفال,"الإقفال الشهري للوحدة · Operations/monthly_close.php","حصةُ الموردِ مستهلَكةٌ باللقطة  [LAD-01]","ادارة التشغيل","البندُ ينتقل إلى المستخلص · وعمرُ الاحتباس يتوقف · والإيرادُ المحتبَسُ ينقص · الطلبُ يدخل سلّمَ الاعتماد ببيان أثره — ولا يُعدَّل السقفُ قبل الاعتماد · الملفُّ يُصدَّر بنطاق المستخدم وحدَه · وكلُّ تصديرٍ يُسجَّل بالمستخدم والفلاتر · لا كتابةَ على وحدات ال  [nav09_map]"
"ادارة التشغيل",5.517.30,"خامسًا: إقفال الفترة","غير المفوتر","الأعمال غير المفوترة · Operations/unbilled.php","حصةُ الموردِ مستهلَكةٌ باللقطة  [LAD-01]","ادارة المبيعات","البندُ ينتقل إلى المستخلص · وعمرُ الاحتباس يتوقف · والإيرادُ المحتبَسُ ينقص · الطلبُ يدخل سلّمَ الاعتماد ببيان أثره — ولا يُعدَّل السقفُ قبل الاعتماد · الملفُّ يُصدَّر بنطاق المستخدم وحدَه · وكلُّ تصديرٍ يُسجَّل بالمستخدم والفلاتر · لا كتابةَ على وحدات ال  [nav09_map]"
"ادارة التشغيل",5.518.31,"خامسًا: إقفال الفترة","الميزانية والإنجاز","ميزانية إدارتي · Finance/budget_dept.php","حصةُ الموردِ مستهلَكةٌ باللقطة  [LAD-01]","إدارة المالية","البندُ ينتقل إلى المستخلص · وعمرُ الاحتباس يتوقف · والإيرادُ المحتبَسُ ينقص · الطلبُ يدخل سلّمَ الاعتماد ببيان أثره — ولا يُعدَّل السقفُ قبل الاعتماد · الملفُّ يُصدَّر بنطاق المستخدم وحدَه · وكلُّ تصديرٍ يُسجَّل بالمستخدم والفلاتر · لا كتابةَ على وحدات ال  [nav09_map]"
"ادارة التشغيل",5.518.32,"خامسًا: إقفال الفترة","الميزانية والإنجاز","إنجاز الإدارة · Portal/dept_achievement.php","حصةُ الموردِ مستهلَكةٌ باللقطة  [LAD-01]","إدارة الصلاحيات","البندُ ينتقل إلى المستخلص · وعمرُ الاحتباس يتوقف · والإيرادُ المحتبَسُ ينقص · الطلبُ يدخل سلّمَ الاعتماد ببيان أثره — ولا يُعدَّل السقفُ قبل الاعتماد · الملفُّ يُصدَّر بنطاق المستخدم وحدَه · وكلُّ تصديرٍ يُسجَّل بالمستخدم والفلاتر · لا كتابةَ على وحدات ال  [nav09_map]"
"ادارة التشغيل",5.518.33,"خامسًا: إقفال الفترة","الميزانية والإنجاز","مركز التقارير · emsreports/index.php","حصةُ الموردِ مستهلَكةٌ باللقطة  [LAD-01]","إدارة الصلاحيات","البندُ ينتقل إلى المستخلص · وعمرُ الاحتباس يتوقف · والإيرادُ المحتبَسُ ينقص · الطلبُ يدخل سلّمَ الاعتماد ببيان أثره — ولا يُعدَّل السقفُ قبل الاعتماد · الملفُّ يُصدَّر بنطاق المستخدم وحدَه · وكلُّ تصديرٍ يُسجَّل بالمستخدم والفلاتر · لا كتابةَ على وحدات ال  [nav09_map]"
"ادارة التشغيل",6.619.34,"سجلات التشغيل","المشاريع والمواقع","المشاريع والمواقع · Projects/projects.php","استحقاقُ المشغّلِ مفتوح  [LAD-01]","ادارة التشغيل","كيانٌ يُنشأ في السجل · وحسابُ ذمةٍ يُفتح · ولا تعاقدَ قبل اكتمال وثائقه · مركزُ تكلفةٍ يُفتح · والعقودُ تُربط به أبًا تعاقديًّا · والمواقعُ تُسجَّل نطاقًا داخله  [nav09_map]"
"ادارة التشغيل",6.619.35,"سجلات التشغيل","المشاريع والمواقع","سجل العملاء · Clients/clients.php","استحقاقُ المشغّلِ مفتوح  [LAD-01]","ادارة التشغيل","كيانٌ يُنشأ في السجل · وحسابُ ذمةٍ يُفتح · ولا تعاقدَ قبل اكتمال وثائقه · مركزُ تكلفةٍ يُفتح · والعقودُ تُربط به أبًا تعاقديًّا · والمواقعُ تُسجَّل نطاقًا داخله  [nav09_map]"
"ادارة التشغيل",6.620.36,"سجلات التشغيل","المخزون والوثائق","أرصدة المخزون بحالاتها · Procurement/stock_proc.php","استحقاقُ المشغّلِ مفتوح  [LAD-01]","إدارة المشتريات","كيانٌ يُنشأ في السجل · وحسابُ ذمةٍ يُفتح · ولا تعاقدَ قبل اكتمال وثائقه · مركزُ تكلفةٍ يُفتح · والعقودُ تُربط به أبًا تعاقديًّا · والمواقعُ تُسجَّل نطاقًا داخله  [nav09_map]"
"ادارة التشغيل",6.620.37,"سجلات التشغيل","المخزون والوثائق","وثائق المعدات والمشغّلين · Equipments/equipment_documents.php","استحقاقُ المشغّلِ مفتوح  [LAD-01]","ادارة الاسطول","كيانٌ يُنشأ في السجل · وحسابُ ذمةٍ يُفتح · ولا تعاقدَ قبل اكتمال وثائقه · مركزُ تكلفةٍ يُفتح · والعقودُ تُربط به أبًا تعاقديًّا · والمواقعُ تُسجَّل نطاقًا داخله  [nav09_map]"
"ادارة التشغيل",7.721.38,"طلبات التشغيل","الشراء والترحيل والدفع","طلبات الشراء · Procurement/requests_proc.php","الواقعةُ مؤهَّلةٌ للفوترة  [LAD-01]","إدارة المشتريات","إضافاتُ المالك  [cycle_order]"
"ادارة التشغيل",7.721.39,"طلبات التشغيل","الشراء والترحيل والدفع","طلبات الترحيل · Transport/transfer_requests.php#2","الواقعةُ مؤهَّلةٌ للفوترة  [LAD-01]","إدارة النقل والترحيل","إضافاتُ المالك  [cycle_order]"
"ادارة التشغيل",7.721.40,"طلبات التشغيل","الشراء والترحيل والدفع","طلبات الدفع والسداد · Finance/payments_fin.php","الواقعةُ مؤهَّلةٌ للفوترة  [LAD-01]","إدارة المالية","إضافاتُ المالك  [cycle_order]"
"ادارة التشغيل",97.97.1,"إضافاتُ المالك","إضافاتُ المالك","إسناد المعدات للوحدات · Operations/containers.php?view=v5d6808","— لا مصدر","ادارة التشغيل","فريق العمل  [cycle_order]"
"ادارة التشغيل",97.97.3,"إضافاتُ المالك","إضافاتُ المالك","تكليف المشغّل على المعدة · Operations/distribution_space.php?view=va9e1b1","— لا مصدر","إدارة الموقع","فريق العمل  [cycle_order]"
"ادارة التشغيل",98.9800.10,"فريق العمل","فريق العمل","إدارة المعاونين · main/project_users.php","— لا مصدر","ادارة الموردين","خارج الوثيقة — بانتظار قرار المالك  [cycle_order]"
"ادارة التشغيل",99.9900.50,"خارج الوثيقة — بانتظار قرار المالك","أخرى — للمراجعة","أحكام العميل والمورد والمشغّل · Finance/unit_records_fin.php","claims · claim_lines · claims.approved · org_assignments · org_structure · versions · penalties  [nav09_map]","إدارة المالية","البندُ يدخل المستخلصَ خصمًا أو إضافة · والمحمَّلُ على المورد يدخل تسويتَه · الفاتورةُ تُفتح · والذمةُ المدينةُ تُسجَّل · ومهلةُ السداد تبدأ · المكلَّفُ يعمل في نطاق التكليف ومدته · والصلاحيةُ تُشتق منه · وينتهي آليًّا بانقضائه · الوحداتُ المعتمدةُ تُدرج ب  [nav09_map]"
"ادارة التشغيل",99.9900.50,"خارج الوثيقة — بانتظار قرار المالك","أخرى — للمراجعة","ميزانية إدارتي · Finance/budget_form_fin.php","claims · claim_lines · claims.approved · org_assignments · org_structure · versions · penalties  [nav09_map]","إدارة المالية","البندُ يدخل المستخلصَ خصمًا أو إضافة · والمحمَّلُ على المورد يدخل تسويتَه · الفاتورةُ تُفتح · والذمةُ المدينةُ تُسجَّل · ومهلةُ السداد تبدأ · المكلَّفُ يعمل في نطاق التكليف ومدته · والصلاحيةُ تُشتق منه · وينتهي آليًّا بانقضائه · الوحداتُ المعتمدةُ تُدرج ب  [nav09_map]"
"ادارة التشغيل",99.9900.50,"خارج الوثيقة — بانتظار قرار المالك","أخرى — للمراجعة","سجل الأحداث المالية · Finance/events_list_fin.php","claims · claim_lines · claims.approved · org_assignments · org_structure · versions · penalties  [nav09_map]","إدارة المالية","البندُ يدخل المستخلصَ خصمًا أو إضافة · والمحمَّلُ على المورد يدخل تسويتَه · الفاتورةُ تُفتح · والذمةُ المدينةُ تُسجَّل · ومهلةُ السداد تبدأ · المكلَّفُ يعمل في نطاق التكليف ومدته · والصلاحيةُ تُشتق منه · وينتهي آليًّا بانقضائه · الوحداتُ المعتمدةُ تُدرج ب  [nav09_map]"
"ادارة التشغيل",99.9900.50,"خارج الوثيقة — بانتظار قرار المالك","أخرى — للمراجعة","مركز التقارير · Reports/reports.php","claims · claim_lines · claims.approved · org_assignments · org_structure · versions · penalties  [nav09_map]","ادارة التشغيل","البندُ يدخل المستخلصَ خصمًا أو إضافة · والمحمَّلُ على المورد يدخل تسويتَه · الفاتورةُ تُفتح · والذمةُ المدينةُ تُسجَّل · ومهلةُ السداد تبدأ · المكلَّفُ يعمل في نطاق التكليف ومدته · والصلاحيةُ تُشتق منه · وينتهي آليًّا بانقضائه · الوحداتُ المعتمدةُ تُدرج ب  [nav09_map]"
"ادارة التشغيل",99.9900.50,"خارج الوثيقة — بانتظار قرار المالك","أخرى — للمراجعة","التكاليف والربحية · Finance/cost_report_fin.php","claims · claim_lines · claims.approved · org_assignments · org_structure · versions · penalties  [nav09_map]","إدارة المالية","البندُ يدخل المستخلصَ خصمًا أو إضافة · والمحمَّلُ على المورد يدخل تسويتَه · الفاتورةُ تُفتح · والذمةُ المدينةُ تُسجَّل · ومهلةُ السداد تبدأ · المكلَّفُ يعمل في نطاق التكليف ومدته · والصلاحيةُ تُشتق منه · وينتهي آليًّا بانقضائه · الوحداتُ المعتمدةُ تُدرج ب  [nav09_map]"
"ادارة التشغيل",99.9900.50,"خارج الوثيقة — بانتظار قرار المالك","أخرى — للمراجعة","أنواع المعدات · Equipments/equipments_types.php","claims · claim_lines · claims.approved · org_assignments · org_structure · versions · penalties  [nav09_map]","ادارة التشغيل","البندُ يدخل المستخلصَ خصمًا أو إضافة · والمحمَّلُ على المورد يدخل تسويتَه · الفاتورةُ تُفتح · والذمةُ المدينةُ تُسجَّل · ومهلةُ السداد تبدأ · المكلَّفُ يعمل في نطاق التكليف ومدته · والصلاحيةُ تُشتق منه · وينتهي آليًّا بانقضائه · الوحداتُ المعتمدةُ تُدرج ب  [nav09_map]"
"ادارة التشغيل",99.9900.50,"خارج الوثيقة — بانتظار قرار المالك","أخرى — للمراجعة","سجل النشاط · ActivityLogs/activity_logs.php","claims · claim_lines · claims.approved · org_assignments · org_structure · versions · penalties  [nav09_map]","ادارة التشغيل","البندُ يدخل المستخلصَ خصمًا أو إضافة · والمحمَّلُ على المورد يدخل تسويتَه · الفاتورةُ تُفتح · والذمةُ المدينةُ تُسجَّل · ومهلةُ السداد تبدأ · المكلَّفُ يعمل في نطاق التكليف ومدته · والصلاحيةُ تُشتق منه · وينتهي آليًّا بانقضائه · الوحداتُ المعتمدةُ تُدرج ب  [nav09_map]"
"ادارة التشغيل",99.9901.50,"خارج الوثيقة — بانتظار قرار المالك","أخرى — للمراجعة (ب)","الإعدادات · Settings/settings.php","claims · claim_lines · claims.approved · org_assignments · org_structure · versions · penalties  [nav09_map]","ادارة التشغيل","البندُ يدخل المستخلصَ خصمًا أو إضافة · والمحمَّلُ على المورد يدخل تسويتَه · الفاتورةُ تُفتح · والذمةُ المدينةُ تُسجَّل · ومهلةُ السداد تبدأ · المكلَّفُ يعمل في نطاق التكليف ومدته · والصلاحيةُ تُشتق منه · وينتهي آليًّا بانقضائه · الوحداتُ المعتمدةُ تُدرج ب  [nav09_map]"
"ادارة التشغيل",99.9901.50,"خارج الوثيقة — بانتظار قرار المالك","أخرى — للمراجعة (ب)","لوحة الإدارة · main/role_board.php","claims · claim_lines · claims.approved · org_assignments · org_structure · versions · penalties  [nav09_map]","إدارة الصلاحيات","البندُ يدخل المستخلصَ خصمًا أو إضافة · والمحمَّلُ على المورد يدخل تسويتَه · الفاتورةُ تُفتح · والذمةُ المدينةُ تُسجَّل · ومهلةُ السداد تبدأ · المكلَّفُ يعمل في نطاق التكليف ومدته · والصلاحيةُ تُشتق منه · وينتهي آليًّا بانقضائه · الوحداتُ المعتمدةُ تُدرج ب  [nav09_map]"
"ادارة التشغيل",99.9901.50,"خارج الوثيقة — بانتظار قرار المالك","أخرى — للمراجعة (ب)","المستخلصات · Contracts/claims.php","claims · claim_lines · claims.approved · org_assignments · org_structure · versions · penalties  [nav09_map]","ادارة المبيعات","البندُ يدخل المستخلصَ خصمًا أو إضافة · والمحمَّلُ على المورد يدخل تسويتَه · الفاتورةُ تُفتح · والذمةُ المدينةُ تُسجَّل · ومهلةُ السداد تبدأ · المكلَّفُ يعمل في نطاق التكليف ومدته · والصلاحيةُ تُشتق منه · وينتهي آليًّا بانقضائه · الوحداتُ المعتمدةُ تُدرج ب  [nav09_map]"
"ادارة التشغيل",99.9901.50,"خارج الوثيقة — بانتظار قرار المالك","أخرى — للمراجعة (ب)","مصفوفة التزامات العقد · Contracts/contract_obligations.php","claims · claim_lines · claims.approved · org_assignments · org_structure · versions · penalties  [nav09_map]","ادارة المبيعات","البندُ يدخل المستخلصَ خصمًا أو إضافة · والمحمَّلُ على المورد يدخل تسويتَه · الفاتورةُ تُفتح · والذمةُ المدينةُ تُسجَّل · ومهلةُ السداد تبدأ · المكلَّفُ يعمل في نطاق التكليف ومدته · والصلاحيةُ تُشتق منه · وينتهي آليًّا بانقضائه · الوحداتُ المعتمدةُ تُدرج ب  [nav09_map]"
"ادارة التشغيل",99.9901.50,"خارج الوثيقة — بانتظار قرار المالك","أخرى — للمراجعة (ب)","لوحة الإسناد اليومي · Approvals/attribution_board.php","claims · claim_lines · claims.approved · org_assignments · org_structure · versions · penalties  [nav09_map]","ادارة التشغيل","البندُ يدخل المستخلصَ خصمًا أو إضافة · والمحمَّلُ على المورد يدخل تسويتَه · الفاتورةُ تُفتح · والذمةُ المدينةُ تُسجَّل · ومهلةُ السداد تبدأ · المكلَّفُ يعمل في نطاق التكليف ومدته · والصلاحيةُ تُشتق منه · وينتهي آليًّا بانقضائه · الوحداتُ المعتمدةُ تُدرج ب  [nav09_map]"
"ادارة التشغيل",99.9901.50,"خارج الوثيقة — بانتظار قرار المالك","أخرى — للمراجعة (ب)","احتساب الجزاءات والحوافز · Contracts/penalties.php","claims · claim_lines · claims.approved · org_assignments · org_structure · versions · penalties  [nav09_map]","ادارة المبيعات","البندُ يدخل المستخلصَ خصمًا أو إضافة · والمحمَّلُ على المورد يدخل تسويتَه · الفاتورةُ تُفتح · والذمةُ المدينةُ تُسجَّل · ومهلةُ السداد تبدأ · المكلَّفُ يعمل في نطاق التكليف ومدته · والصلاحيةُ تُشتق منه · وينتهي آليًّا بانقضائه · الوحداتُ المعتمدةُ تُدرج ب  [nav09_map]"
"ادارة التشغيل",99.9901.50,"خارج الوثيقة — بانتظار قرار المالك","أخرى — للمراجعة (ب)","مواقع التنفيذ · Projects/sites.php","claims · claim_lines · claims.approved · org_assignments · org_structure · versions · penalties  [nav09_map]","ادارة التشغيل","البندُ يدخل المستخلصَ خصمًا أو إضافة · والمحمَّلُ على المورد يدخل تسويتَه · الفاتورةُ تُفتح · والذمةُ المدينةُ تُسجَّل · ومهلةُ السداد تبدأ · المكلَّفُ يعمل في نطاق التكليف ومدته · والصلاحيةُ تُشتق منه · وينتهي آليًّا بانقضائه · الوحداتُ المعتمدةُ تُدرج ب  [nav09_map]"
"ادارة التشغيل",99.9902.50,"خارج الوثيقة — بانتظار قرار المالك","أخرى — للمراجعة (ج)","شروط تعديل السعر · Contracts/price_terms.php","claims · claim_lines · claims.approved · org_assignments · org_structure · versions · penalties  [nav09_map]","ادارة المبيعات","البندُ يدخل المستخلصَ خصمًا أو إضافة · والمحمَّلُ على المورد يدخل تسويتَه · الفاتورةُ تُفتح · والذمةُ المدينةُ تُسجَّل · ومهلةُ السداد تبدأ · المكلَّفُ يعمل في نطاق التكليف ومدته · والصلاحيةُ تُشتق منه · وينتهي آليًّا بانقضائه · الوحداتُ المعتمدةُ تُدرج ب  [nav09_map]"
"ادارة التشغيل",99.9902.50,"خارج الوثيقة — بانتظار قرار المالك","أخرى — للمراجعة (ج)","خطة موارد العقد · Contracts/contract_resource_plan.php","claims · claim_lines · claims.approved · org_assignments · org_structure · versions · penalties  [nav09_map]","ادارة المبيعات","البندُ يدخل المستخلصَ خصمًا أو إضافة · والمحمَّلُ على المورد يدخل تسويتَه · الفاتورةُ تُفتح · والذمةُ المدينةُ تُسجَّل · ومهلةُ السداد تبدأ · المكلَّفُ يعمل في نطاق التكليف ومدته · والصلاحيةُ تُشتق منه · وينتهي آليًّا بانقضائه · الوحداتُ المعتمدةُ تُدرج ب  [nav09_map]"
"ادارة التشغيل",99.9902.50,"خارج الوثيقة — بانتظار قرار المالك","أخرى — للمراجعة (ج)","سجل الوحدات اليومية · Reports/daily_units_report.php","claims · claim_lines · claims.approved · org_assignments · org_structure · versions · penalties  [nav09_map]","ادارة التشغيل","البندُ يدخل المستخلصَ خصمًا أو إضافة · والمحمَّلُ على المورد يدخل تسويتَه · الفاتورةُ تُفتح · والذمةُ المدينةُ تُسجَّل · ومهلةُ السداد تبدأ · المكلَّفُ يعمل في نطاق التكليف ومدته · والصلاحيةُ تُشتق منه · وينتهي آليًّا بانقضائه · الوحداتُ المعتمدةُ تُدرج ب  [nav09_map]"
"ادارة التشغيل",99.9902.50,"خارج الوثيقة — بانتظار قرار المالك","أخرى — للمراجعة (ج)","الاعتمادات المتأخرة والوثائق · Reports/approval_lag_report.php","claims · claim_lines · claims.approved · org_assignments · org_structure · versions · penalties  [nav09_map]","ادارة التشغيل","البندُ يدخل المستخلصَ خصمًا أو إضافة · والمحمَّلُ على المورد يدخل تسويتَه · الفاتورةُ تُفتح · والذمةُ المدينةُ تُسجَّل · ومهلةُ السداد تبدأ · المكلَّفُ يعمل في نطاق التكليف ومدته · والصلاحيةُ تُشتق منه · وينتهي آليًّا بانقضائه · الوحداتُ المعتمدةُ تُدرج ب  [nav09_map]"
"ادارة التشغيل",99.9902.50,"خارج الوثيقة — بانتظار قرار المالك","أخرى — للمراجعة (ج)","لوحة مدير التشغيل · admin/ops_manager_board.php","claims · claim_lines · claims.approved · org_assignments · org_structure · versions · penalties  [nav09_map]","ادارة التشغيل","البندُ يدخل المستخلصَ خصمًا أو إضافة · والمحمَّلُ على المورد يدخل تسويتَه · الفاتورةُ تُفتح · والذمةُ المدينةُ تُسجَّل · ومهلةُ السداد تبدأ · المكلَّفُ يعمل في نطاق التكليف ومدته · والصلاحيةُ تُشتق منه · وينتهي آليًّا بانقضائه · الوحداتُ المعتمدةُ تُدرج ب  [nav09_map]"
"ادارة التشغيل",99.9902.50,"خارج الوثيقة — بانتظار قرار المالك","أخرى — للمراجعة (ج)","التكليفات التنظيمية · admin/org_assignments.php","claims · claim_lines · claims.approved · org_assignments · org_structure · versions · penalties  [nav09_map]","الحوكمة والالتزام  [إدارة]","البندُ يدخل المستخلصَ خصمًا أو إضافة · والمحمَّلُ على المورد يدخل تسويتَه · الفاتورةُ تُفتح · والذمةُ المدينةُ تُسجَّل · ومهلةُ السداد تبدأ · المكلَّفُ يعمل في نطاق التكليف ومدته · والصلاحيةُ تُشتق منه · وينتهي آليًّا بانقضائه · الوحداتُ المعتمدةُ تُدرج ب  [nav09_map]"
"ادارة التشغيل",99.9902.50,"خارج الوثيقة — بانتظار قرار المالك","أخرى — للمراجعة (ج)","الهيكل التنظيمي · admin/org_structure.php","claims · claim_lines · claims.approved · org_assignments · org_structure · versions · penalties  [nav09_map]","الحوكمة والالتزام  [إدارة]","البندُ يدخل المستخلصَ خصمًا أو إضافة · والمحمَّلُ على المورد يدخل تسويتَه · الفاتورةُ تُفتح · والذمةُ المدينةُ تُسجَّل · ومهلةُ السداد تبدأ · المكلَّفُ يعمل في نطاق التكليف ومدته · والصلاحيةُ تُشتق منه · وينتهي آليًّا بانقضائه · الوحداتُ المعتمدةُ تُدرج ب  [nav09_map]"
"ادارة التشغيل",99.9903.95,"خارج الوثيقة — بانتظار قرار المالك","أخرى — للمراجعة (د)","مخاطرُ الميدان · Risk/risk_field.php","claims · claim_lines · claims.approved · org_assignments · org_structure · versions · penalties  [nav09_map]","إدارة المخاطر","البندُ يدخل المستخلصَ خصمًا أو إضافة · والمحمَّلُ على المورد يدخل تسويتَه · الفاتورةُ تُفتح · والذمةُ المدينةُ تُسجَّل · ومهلةُ السداد تبدأ · المكلَّفُ يعمل في نطاق التكليف ومدته · والصلاحيةُ تُشتق منه · وينتهي آليًّا بانقضائه · الوحداتُ المعتمدةُ تُدرج ب  [nav09_map]"
"ادارة التشغيل",99.9903.99,"خارج الوثيقة — بانتظار قرار المالك","أخرى — للمراجعة (د)","مساحة مخاطر الإدارة · Risk/dept_risk_space.php","claims · claim_lines · claims.approved · org_assignments · org_structure · versions · penalties  [nav09_map]","إدارة المخاطر","البندُ يدخل المستخلصَ خصمًا أو إضافة · والمحمَّلُ على المورد يدخل تسويتَه · الفاتورةُ تُفتح · والذمةُ المدينةُ تُسجَّل · ومهلةُ السداد تبدأ · المكلَّفُ يعمل في نطاق التكليف ومدته · والصلاحيةُ تُشتق منه · وينتهي آليًّا بانقضائه · الوحداتُ المعتمدةُ تُدرج ب  [nav09_map]"
"ادارة الموردين",—,"(بلا مرحلة)","لوحة الإدارة","مساحة عملي · main/my_workspace.php","— لا مصدر","— لا وحدة","— لا مصدر"
"ادارة الموردين",—,"(بلا مرحلة)","العمل اليومي","طلب مالي جديد · FinRequests/request_form.php","— لا مصدر","ادارة الصيانة","— لا مصدر"
"ادارة الموردين",—,"(بلا مرحلة)","السجلات والملفات","حصص الموردين والتغطية · Contracts/contracts.php","— لا مصدر","ادارة التشغيل","— لا مصدر"
"ادارة الموردين",0.1.1,"لوحة الإدارة","مساحتي الشخصية","مهامي · Portal/my_tasks.php","requests · tasks · workflow  [nav09_map]","مساحة عملي  [إدارة]","الطلبُ يدخل صندوقَ اعتماد المعنيّ بمساره — ويظهر في «طلباتي» بحالته · المهمةُ تُقفل · والخطوةُ التاليةُ تُفتح لصاحبها · ومهلةُ المسار تُحدَّث · تُصيَّر المكوّناتُ التي منحته إياها الحوكمةُ وحدَها · ومشغّلُ المعدة يرى معدتَه ومشغّلَها الآخر · يُعاد الحسابُ  [nav09_map]"
"ادارة الموردين",0.1.2,"لوحة الإدارة","مساحتي الشخصية","إنجازي · Portal/my_achievement.php","requests · tasks · workflow  [nav09_map]","إدارة الصلاحيات","الطلبُ يدخل صندوقَ اعتماد المعنيّ بمساره — ويظهر في «طلباتي» بحالته · المهمةُ تُقفل · والخطوةُ التاليةُ تُفتح لصاحبها · ومهلةُ المسار تُحدَّث · تُصيَّر المكوّناتُ التي منحته إياها الحوكمةُ وحدَها · ومشغّلُ المعدة يرى معدتَه ومشغّلَها الآخر · يُعاد الحسابُ  [nav09_map]"
"ادارة الموردين",0.1.3,"لوحة الإدارة","مساحتي الشخصية","بوابتي · Portal/my_portal.php","requests · tasks · workflow  [nav09_map]","إدارة الصلاحيات","الطلبُ يدخل صندوقَ اعتماد المعنيّ بمساره — ويظهر في «طلباتي» بحالته · المهمةُ تُقفل · والخطوةُ التاليةُ تُفتح لصاحبها · ومهلةُ المسار تُحدَّث · تُصيَّر المكوّناتُ التي منحته إياها الحوكمةُ وحدَها · ومشغّلُ المعدة يرى معدتَه ومشغّلَها الآخر · يُعاد الحسابُ  [nav09_map]"
"ادارة الموردين",0.1.4,"لوحة الإدارة","مساحتي الشخصية","طلباتي · FinRequests/my_requests.php","requests · tasks · workflow  [nav09_map]","ادارة الصيانة","الطلبُ يدخل صندوقَ اعتماد المعنيّ بمساره — ويظهر في «طلباتي» بحالته · المهمةُ تُقفل · والخطوةُ التاليةُ تُفتح لصاحبها · ومهلةُ المسار تُحدَّث · تُصيَّر المكوّناتُ التي منحته إياها الحوكمةُ وحدَها · ومشغّلُ المعدة يرى معدتَه ومشغّلَها الآخر · يُعاد الحسابُ  [nav09_map]"
"ادارة الموردين",0.1.5,"لوحة الإدارة","مساحتي الشخصية","المراسلات · chats/index.php","requests · tasks · workflow  [nav09_map]","— لا وحدة","الطلبُ يدخل صندوقَ اعتماد المعنيّ بمساره — ويظهر في «طلباتي» بحالته · المهمةُ تُقفل · والخطوةُ التاليةُ تُفتح لصاحبها · ومهلةُ المسار تُحدَّث · تُصيَّر المكوّناتُ التي منحته إياها الحوكمةُ وحدَها · ومشغّلُ المعدة يرى معدتَه ومشغّلَها الآخر · يُعاد الحسابُ  [nav09_map]"
"ادارة الموردين",1.102.6,"أولًا: نبدأ من المورد",السجل,"سجل الموردين · Suppliers/suppliers.php","supplier_banks · verification · supplier_ratings · suppliers.state · docs  [nav09_map]","ادارة الموردين","التقييمُ يؤثر في الترسية القادمة · والمتدنّي يُقيَّد أو يُعلَّق · الحارسُ يفحص الوثائقَ السارية · ويصير قابلًا للتعاقد والتخصيص · السدادُ لا يقع لحسابٍ غيرِ محقَّق · وكلُّ اطّلاعٍ على الحساب يُسجَّل  [nav09_map]"
"ادارة الموردين",1.103.7,"أولًا: نبدأ من المورد","الوثائق والكفالات","وثائق المعدات والمشغّلين · Equipments/equipment_documents.php","supplier_banks · verification · supplier_ratings · suppliers.state · docs  [nav09_map]","ادارة الاسطول","التقييمُ يؤثر في الترسية القادمة · والمتدنّي يُقيَّد أو يُعلَّق · الحارسُ يفحص الوثائقَ السارية · ويصير قابلًا للتعاقد والتخصيص · السدادُ لا يقع لحسابٍ غيرِ محقَّق · وكلُّ اطّلاعٍ على الحساب يُسجَّل  [nav09_map]"
"ادارة الموردين",1.103.8,"أولًا: نبدأ من المورد","الوثائق والكفالات","التراخيص والكفالات · Governance/licenses_guarantees.php","supplier_banks · verification · supplier_ratings · suppliers.state · docs  [nav09_map]","ادارة التشغيل","التقييمُ يؤثر في الترسية القادمة · والمتدنّي يُقيَّد أو يُعلَّق · الحارسُ يفحص الوثائقَ السارية · ويصير قابلًا للتعاقد والتخصيص · السدادُ لا يقع لحسابٍ غيرِ محقَّق · وكلُّ اطّلاعٍ على الحساب يُسجَّل  [nav09_map]"
"ادارة الموردين",1.104.9,"أولًا: نبدأ من المورد","الحسابات البنكية","حسابات الموردين البنكية · Suppliers/supplier_bank.php","supplier_banks · verification · supplier_ratings · suppliers.state · docs  [nav09_map]","ادارة الموردين","التقييمُ يؤثر في الترسية القادمة · والمتدنّي يُقيَّد أو يُعلَّق · الحارسُ يفحص الوثائقَ السارية · ويصير قابلًا للتعاقد والتخصيص · السدادُ لا يقع لحسابٍ غيرِ محقَّق · وكلُّ اطّلاعٍ على الحساب يُسجَّل  [nav09_map]"
"ادارة الموردين",2.205.10,"ثانيًا: نوقّع عقدَه","نموذج التعاقد ووحدته","نماذج العمل ووحدات القياس · Portal/business_models.php","business_models · uom · op_containers · supplier_capacity · supplier_rules · unit_entries · unit_approvals  [nav09_map]","ادارة المبيعات","supplier_id على المقعدِ وحصتُه allocated — ويستدعي F-06 · الجاهزيةُ الفعليةُ تُقاس مقابل الدنيا · وتجاوزُ مهلة الإحلال يفتح جزاءً · السلسلةُ تتقدم محطةً بقرارٍ مسجَّل · النموذجُ يحدد سلسلةً كاملة: وحدةَ القياس ← ما يُسجَّل ميدانيًّا ← وحدةَ الحاوية ← وحدة  [nav09_map]"
"ادارة الموردين",2.206.11,"ثانيًا: نوقّع عقدَه",العقود,"عقود الموردين · Suppliers/supplierscontracts.php","business_models · uom · op_containers · supplier_capacity · supplier_rules · unit_entries · unit_approvals  [nav09_map]","ادارة الموردين","supplier_id على المقعدِ وحصتُه allocated — ويستدعي F-06 · الجاهزيةُ الفعليةُ تُقاس مقابل الدنيا · وتجاوزُ مهلة الإحلال يفتح جزاءً · السلسلةُ تتقدم محطةً بقرارٍ مسجَّل · النموذجُ يحدد سلسلةً كاملة: وحدةَ القياس ← ما يُسجَّل ميدانيًّا ← وحدةَ الحاوية ← وحدة  [nav09_map]"
"ادارة الموردين",2.207.12,"ثانيًا: نوقّع عقدَه","حصة المورد من وحدات النوع","حصص الموردين من العقود · Suppliers/shares_coverage.php","business_models · uom · op_containers · supplier_capacity · supplier_rules · unit_entries · unit_approvals  [nav09_map]","ادارة الموردين","supplier_id على المقعدِ وحصتُه allocated — ويستدعي F-06 · الجاهزيةُ الفعليةُ تُقاس مقابل الدنيا · وتجاوزُ مهلة الإحلال يفتح جزاءً · السلسلةُ تتقدم محطةً بقرارٍ مسجَّل · النموذجُ يحدد سلسلةً كاملة: وحدةَ القياس ← ما يُسجَّل ميدانيًّا ← وحدةَ الحاوية ← وحدة  [nav09_map]"
"ادارة الموردين",2.207.13,"ثانيًا: نوقّع عقدَه","حصة المورد من وحدات النوع","التزام العقد بنوع المعدة · Contracts/contract_coverage.php","business_models · uom · op_containers · supplier_capacity · supplier_rules · unit_entries · unit_approvals  [nav09_map]","— لا وحدة","supplier_id على المقعدِ وحصتُه allocated — ويستدعي F-06 · الجاهزيةُ الفعليةُ تُقاس مقابل الدنيا · وتجاوزُ مهلة الإحلال يفتح جزاءً · السلسلةُ تتقدم محطةً بقرارٍ مسجَّل · النموذجُ يحدد سلسلةً كاملة: وحدةَ القياس ← ما يُسجَّل ميدانيًّا ← وحدةَ الحاوية ← وحدة  [nav09_map]"
"ادارة الموردين",2.208.14,"ثانيًا: نوقّع عقدَه","الطاقة ومهلة الإحلال","طاقة المورد وجاهزيته ومهلة الإحلال · Suppliers/supplier_capacity.php","business_models · uom · op_containers · supplier_capacity · supplier_rules · unit_entries · unit_approvals  [nav09_map]","ادارة الموردين","supplier_id على المقعدِ وحصتُه allocated — ويستدعي F-06 · الجاهزيةُ الفعليةُ تُقاس مقابل الدنيا · وتجاوزُ مهلة الإحلال يفتح جزاءً · السلسلةُ تتقدم محطةً بقرارٍ مسجَّل · النموذجُ يحدد سلسلةً كاملة: وحدةَ القياس ← ما يُسجَّل ميدانيًّا ← وحدةَ الحاوية ← وحدة  [nav09_map]"
"ادارة الموردين",2.209.15,"ثانيًا: نوقّع عقدَه","قواعد التحميل والجزاءات","قواعد التحميل والجزاءات على المورد · Suppliers/supplier_rules.php","business_models · uom · op_containers · supplier_capacity · supplier_rules · unit_entries · unit_approvals  [nav09_map]","ادارة الموردين","supplier_id على المقعدِ وحصتُه allocated — ويستدعي F-06 · الجاهزيةُ الفعليةُ تُقاس مقابل الدنيا · وتجاوزُ مهلة الإحلال يفتح جزاءً · السلسلةُ تتقدم محطةً بقرارٍ مسجَّل · النموذجُ يحدد سلسلةً كاملة: وحدةَ القياس ← ما يُسجَّل ميدانيًّا ← وحدةَ الحاوية ← وحدة  [nav09_map]"
"ادارة الموردين",3.310.16,"ثالثًا: نتحقق من قدرته","العروض والمقارنة","طلب العروض ومقارنتها · Procurement/rfq_compare_award.php","rfq_awards · supplier_rfqs  [nav09_map]","— لا وحدة","ترسيةٌ واحدةٌ لكلِّ بندٍ بسببٍ موثَّقٍ — ومسارُ كتابةٍ واحدٌ على الجدول  [nav09_map]"
"ادارة الموردين",4.411.17,"رابعًا: نعطيه حصتَه","خطة معدات المورد — أساسي واحتياطي","خطة معدات المورد المتعهَّد بها · Suppliers/equipment_plan.php","container_swaps · op_containers · equipment_quota · audit · equipment_quota · quota_ledger · op_containers  [nav09_map]","ادارة الموردين","الحارسُ يفحص Σ حصص المعدات ≤ حصة المورد · والمعدةُ الاحتياطيةُ تُقبل بصفر · والتخصيصُ الميدانيُّ يُقيَّد بالحصة · المورد حرٌّ في تنفيذ حصته بأيِّ معدةٍ من معداته — الأساسيةِ أو الاحتياطية · والمجموعُ لا يتغير · والنقلُ يُسجَّل بسببه · حصةُ الخانةِ تنتقل ب  [nav09_map]"
"ادارة الموردين",4.412.18,"رابعًا: نعطيه حصتَه","توزيع الوحدات على المعدات","توزيع وحدات المورد على معداته · Operations/equipment_quota.php","container_swaps · op_containers · equipment_quota · audit · equipment_quota · quota_ledger · op_containers  [nav09_map]","ادارة الموردين","الحارسُ يفحص Σ حصص المعدات ≤ حصة المورد · والمعدةُ الاحتياطيةُ تُقبل بصفر · والتخصيصُ الميدانيُّ يُقيَّد بالحصة · المورد حرٌّ في تنفيذ حصته بأيِّ معدةٍ من معداته — الأساسيةِ أو الاحتياطية · والمجموعُ لا يتغير · والنقلُ يُسجَّل بسببه · حصةُ الخانةِ تنتقل ب  [nav09_map]"
"ادارة الموردين",4.413.19,"رابعًا: نعطيه حصتَه","معدات المورد ومالكوها","معدات المورد ومالكوها · Suppliers/equipment_plan.php#2","container_swaps · op_containers · equipment_quota · audit · equipment_quota · quota_ledger · op_containers  [nav09_map]","ادارة الموردين","الحارسُ يفحص Σ حصص المعدات ≤ حصة المورد · والمعدةُ الاحتياطيةُ تُقبل بصفر · والتخصيصُ الميدانيُّ يُقيَّد بالحصة · المورد حرٌّ في تنفيذ حصته بأيِّ معدةٍ من معداته — الأساسيةِ أو الاحتياطية · والمجموعُ لا يتغير · والنقلُ يُسجَّل بسببه · حصةُ الخانةِ تنتقل ب  [nav09_map]"
"ادارة الموردين",4.413.20,"رابعًا: نعطيه حصتَه","معدات المورد ومالكوها","ملّاك الأسطول · Financing/owners_registry.php","container_swaps · op_containers · equipment_quota · audit · equipment_quota · quota_ledger · op_containers  [nav09_map]","ادارة الاسطول","الحارسُ يفحص Σ حصص المعدات ≤ حصة المورد · والمعدةُ الاحتياطيةُ تُقبل بصفر · والتخصيصُ الميدانيُّ يُقيَّد بالحصة · المورد حرٌّ في تنفيذ حصته بأيِّ معدةٍ من معداته — الأساسيةِ أو الاحتياطية · والمجموعُ لا يتغير · والنقلُ يُسجَّل بسببه · حصةُ الخانةِ تنتقل ب  [nav09_map]"
"ادارة الموردين",4.414.21,"رابعًا: نعطيه حصتَه",الجاهزية,"جاهزية المعدات للتشغيل · Fleet/readiness_board.php","container_swaps · op_containers · equipment_quota · audit · equipment_quota · quota_ledger · op_containers  [nav09_map]","ادارة الاسطول","الحارسُ يفحص Σ حصص المعدات ≤ حصة المورد · والمعدةُ الاحتياطيةُ تُقبل بصفر · والتخصيصُ الميدانيُّ يُقيَّد بالحصة · المورد حرٌّ في تنفيذ حصته بأيِّ معدةٍ من معداته — الأساسيةِ أو الاحتياطية · والمجموعُ لا يتغير · والنقلُ يُسجَّل بسببه · حصةُ الخانةِ تنتقل ب  [nav09_map]"
"ادارة الموردين",4.415.22,"رابعًا: نعطيه حصتَه","الوحدات التعاقدية","الوحدات التعاقدية المرقَّمة · Operations/containers.php","container_swaps · op_containers · equipment_quota · audit · equipment_quota · quota_ledger · op_containers  [nav09_map]","ادارة التشغيل","الحارسُ يفحص Σ حصص المعدات ≤ حصة المورد · والمعدةُ الاحتياطيةُ تُقبل بصفر · والتخصيصُ الميدانيُّ يُقيَّد بالحصة · المورد حرٌّ في تنفيذ حصته بأيِّ معدةٍ من معداته — الأساسيةِ أو الاحتياطية · والمجموعُ لا يتغير · والنقلُ يُسجَّل بسببه · حصةُ الخانةِ تنتقل ب  [nav09_map]"
"ادارة الموردين",4.415.23,"رابعًا: نعطيه حصتَه","الوحدات التعاقدية","إسناد المعدات للوحدات · Operations/containers.php#2","container_swaps · op_containers · equipment_quota · audit · equipment_quota · quota_ledger · op_containers  [nav09_map]","ادارة التشغيل","الحارسُ يفحص Σ حصص المعدات ≤ حصة المورد · والمعدةُ الاحتياطيةُ تُقبل بصفر · والتخصيصُ الميدانيُّ يُقيَّد بالحصة · المورد حرٌّ في تنفيذ حصته بأيِّ معدةٍ من معداته — الأساسيةِ أو الاحتياطية · والمجموعُ لا يتغير · والنقلُ يُسجَّل بسببه · حصةُ الخانةِ تنتقل ب  [nav09_map]"
"ادارة الموردين",4.416.1,"رابعًا: نعطيه حصتَه","تسليمُ الحصص","تسليمُ الحصص بين الموردين · Suppliers/sup_handover.php","container_swaps · op_containers · equipment_quota · audit · equipment_quota · quota_ledger · op_containers  [nav09_map]","ادارة الموردين","الحارسُ يفحص Σ حصص المعدات ≤ حصة المورد · والمعدةُ الاحتياطيةُ تُقبل بصفر · والتخصيصُ الميدانيُّ يُقيَّد بالحصة · المورد حرٌّ في تنفيذ حصته بأيِّ معدةٍ من معداته — الأساسيةِ أو الاحتياطية · والمجموعُ لا يتغير · والنقلُ يُسجَّل بسببه · حصةُ الخانةِ تنتقل ب  [nav09_map]"
"ادارة الموردين",5.516.24,"خامسًا: نتابع تنفيذَه","التايم شيت","تسجيل التايم شيت والإنتاج · Timesheet/timesheet.php","approval_chain · approval_chain · attribution · fin_events · meter_readings · unit_entries · unit_approvals · unit_monthly_perf · unit_records · unit_periods · unit_records.state  [nav09_map]","إدارة الموقع","إيرادُ العميل وذمةُ المورد وأجرُ المشغّل تتولد بأحكامٍ ثلاثةٍ مستقلة · وخطةُ العقد تُحدَّث · والإهلاكُ يُحتسب · الإسنادُ نهائيٌّ · وحاوياتُ الموردين تُستهلك · وعدّادُ المعدة يُحدَّث · التعاقديةُ مقابل المنفَّذة · والعجزُ يفتح بندَ مطالبةٍ إن نصّ العقد · و  [nav09_map]"
"ادارة الموردين",5.517.25,"خامسًا: نتابع تنفيذَه","دفتر استهلاك القدرات","دفتر استهلاك حصص الموردين · Suppliers/shares_coverage.php#2","approval_chain · approval_chain · attribution · fin_events · meter_readings · unit_entries · unit_approvals · unit_monthly_perf · unit_records · unit_periods · unit_records.state  [nav09_map]","ادارة الموردين","إيرادُ العميل وذمةُ المورد وأجرُ المشغّل تتولد بأحكامٍ ثلاثةٍ مستقلة · وخطةُ العقد تُحدَّث · والإهلاكُ يُحتسب · الإسنادُ نهائيٌّ · وحاوياتُ الموردين تُستهلك · وعدّادُ المعدة يُحدَّث · التعاقديةُ مقابل المنفَّذة · والعجزُ يفتح بندَ مطالبةٍ إن نصّ العقد · و  [nav09_map]"
"ادارة الموردين",5.518.26,"خامسًا: نتابع تنفيذَه","الأداء الشهري","الأداء الشهري للوحدة · Operations/unit_perf.php","approval_chain · approval_chain · attribution · fin_events · meter_readings · unit_entries · unit_approvals · unit_monthly_perf · unit_records · unit_periods · unit_records.state  [nav09_map]","ادارة التشغيل","إيرادُ العميل وذمةُ المورد وأجرُ المشغّل تتولد بأحكامٍ ثلاثةٍ مستقلة · وخطةُ العقد تُحدَّث · والإهلاكُ يُحتسب · الإسنادُ نهائيٌّ · وحاوياتُ الموردين تُستهلك · وعدّادُ المعدة يُحدَّث · التعاقديةُ مقابل المنفَّذة · والعجزُ يفتح بندَ مطالبةٍ إن نصّ العقد · و  [nav09_map]"
"ادارة الموردين",5.518.27,"خامسًا: نتابع تنفيذَه","الأداء الشهري","أداء الموردين وجاهزيتهم · Suppliers/supplier_capacity.php#2","approval_chain · approval_chain · attribution · fin_events · meter_readings · unit_entries · unit_approvals · unit_monthly_perf · unit_records · unit_periods · unit_records.state  [nav09_map]","ادارة الموردين","إيرادُ العميل وذمةُ المورد وأجرُ المشغّل تتولد بأحكامٍ ثلاثةٍ مستقلة · وخطةُ العقد تُحدَّث · والإهلاكُ يُحتسب · الإسنادُ نهائيٌّ · وحاوياتُ الموردين تُستهلك · وعدّادُ المعدة يُحدَّث · التعاقديةُ مقابل المنفَّذة · والعجزُ يفتح بندَ مطالبةٍ إن نصّ العقد · و  [nav09_map]"
"ادارة الموردين",5.519.28,"خامسًا: نتابع تنفيذَه","مشغّلو المورد","سجل المشغّلين · Employees/equipment_operators.php","approval_chain · approval_chain · attribution · fin_events · meter_readings · unit_entries · unit_approvals · unit_monthly_perf · unit_records · unit_periods · unit_records.state  [nav09_map]","ادارة الموارد البشرية","إيرادُ العميل وذمةُ المورد وأجرُ المشغّل تتولد بأحكامٍ ثلاثةٍ مستقلة · وخطةُ العقد تُحدَّث · والإهلاكُ يُحتسب · الإسنادُ نهائيٌّ · وحاوياتُ الموردين تُستهلك · وعدّادُ المعدة يُحدَّث · التعاقديةُ مقابل المنفَّذة · والعجزُ يفتح بندَ مطالبةٍ إن نصّ العقد · و  [nav09_map]"
"ادارة الموردين",5.590.5,"خامسًا: نتابع تنفيذَه","— بقرار المالك","ما ينتظر اعتمادي · Approvals/hours_approval.php","approval_chain · approval_chain · attribution · fin_events · meter_readings · unit_entries · unit_approvals · unit_monthly_perf · unit_records · unit_periods · unit_records.state  [nav09_map]","ادارة التشغيل","إيرادُ العميل وذمةُ المورد وأجرُ المشغّل تتولد بأحكامٍ ثلاثةٍ مستقلة · وخطةُ العقد تُحدَّث · والإهلاكُ يُحتسب · الإسنادُ نهائيٌّ · وحاوياتُ الموردين تُستهلك · وعدّادُ المعدة يُحدَّث · التعاقديةُ مقابل المنفَّذة · والعجزُ يفتح بندَ مطالبةٍ إن نصّ العقد · و  [nav09_map]"
"ادارة الموردين",5.590.900,"خامسًا: نتابع تنفيذَه","— بقرار المالك","صندوقُ موافقاتي — ما ينتظر يدي · Approvals/requests.php","approval_chain · approval_chain · attribution · fin_events · meter_readings · unit_entries · unit_approvals · unit_monthly_perf · unit_records · unit_periods · unit_records.state  [nav09_map]","ادارة الصيانة","إيرادُ العميل وذمةُ المورد وأجرُ المشغّل تتولد بأحكامٍ ثلاثةٍ مستقلة · وخطةُ العقد تُحدَّث · والإهلاكُ يُحتسب · الإسنادُ نهائيٌّ · وحاوياتُ الموردين تُستهلك · وعدّادُ المعدة يُحدَّث · التعاقديةُ مقابل المنفَّذة · والعجزُ يفتح بندَ مطالبةٍ إن نصّ العقد · و  [nav09_map]"
"ادارة الموردين",6.620.29,"سادسًا: نحاسبه ونصرف",التسويات,"تسويات ومستحقات الموردين · Suppliers/settlements.php","settlements · supplier_advances  [nav09_map]","ادارة الموردين","التسوياتُ الأربعُ بمستندٍ إلزاميٍّ (chk_settle_adj_doc) — وF-07/F-08 يُحسبان بقادحٍ لا يُدخَلان · جدولُ الاستقطاع يُولَّد · والخزينةُ تنخفض · والاستقطاعُ يبدأ من التسوية التالية  [nav09_map]"
"ادارة الموردين",6.621.30,"سادسًا: نحاسبه ونصرف","الكشف الشهري","كشف حساب المورد الشهري · Finance/supplier_statement_fin.php","settlements · supplier_advances  [nav09_map]","إدارة المالية","التسوياتُ الأربعُ بمستندٍ إلزاميٍّ (chk_settle_adj_doc) — وF-07/F-08 يُحسبان بقادحٍ لا يُدخَلان · جدولُ الاستقطاع يُولَّد · والخزينةُ تنخفض · والاستقطاعُ يبدأ من التسوية التالية  [nav09_map]"
"ادارة الموردين",6.622.31,"سادسًا: نحاسبه ونصرف",السلفيات,"سلفيات الموردين · Suppliers/supplier_advances.php","settlements · supplier_advances  [nav09_map]","ادارة الموردين","التسوياتُ الأربعُ بمستندٍ إلزاميٍّ (chk_settle_adj_doc) — وF-07/F-08 يُحسبان بقادحٍ لا يُدخَلان · جدولُ الاستقطاع يُولَّد · والخزينةُ تنخفض · والاستقطاعُ يبدأ من التسوية التالية  [nav09_map]"
"ادارة الموردين",6.623.32,"سادسًا: نحاسبه ونصرف","الذمم وطلب الدفع","ذمم الموردين والمستحقات · Finance/dues_fin.php","settlements · supplier_advances  [nav09_map]","إدارة المالية","التسوياتُ الأربعُ بمستندٍ إلزاميٍّ (chk_settle_adj_doc) — وF-07/F-08 يُحسبان بقادحٍ لا يُدخَلان · جدولُ الاستقطاع يُولَّد · والخزينةُ تنخفض · والاستقطاعُ يبدأ من التسوية التالية  [nav09_map]"
"ادارة الموردين",6.623.33,"سادسًا: نحاسبه ونصرف","الذمم وطلب الدفع","طلبات الدفع والسداد · Finance/payments_fin.php","settlements · supplier_advances  [nav09_map]","إدارة المالية","التسوياتُ الأربعُ بمستندٍ إلزاميٍّ (chk_settle_adj_doc) — وF-07/F-08 يُحسبان بقادحٍ لا يُدخَلان · جدولُ الاستقطاع يُولَّد · والخزينةُ تنخفض · والاستقطاعُ يبدأ من التسوية التالية  [nav09_map]"
"ادارة الموردين",7.71.60,"متابعةُ إدارتي","متابعةُ إدارتي — المخاطرُ والحوكمة","مخاطرُ الموردين · Risk/risk_dept_sup.php","approvals · approvals · audit · approvals · reasons · penalties · risk_signals · gov_approval_decisions · work_orders · cost_alloc · work_orders · downtime  [nav09_map]","ادارة الموردين","البندُ يدخل المستخلصَ خصمًا أو إضافة · والمحمَّلُ على المورد يدخل تسويتَه · التكلفةُ تُحمَّل · وزمنُ التوقف يُثبَّت · والكرتُ يُحدَّث · والجاهزيةُ تُطلب · المستندُ يعود قابلًا للتعديل · والمهلةُ تتوقف حتى إعادة الرفع · المستندُ يعود لمُنشئه بسببٍ من قائمة  [nav09_map]"
"ادارة الموردين",7.71.60,"متابعةُ إدارتي","متابعةُ إدارتي — المخاطرُ والحوكمة","حوكمةُ الموردين · Governance/gov_dept_sup.php","approvals · approvals · audit · approvals · reasons · penalties · risk_signals · gov_approval_decisions · work_orders · cost_alloc · work_orders · downtime  [nav09_map]","ادارة الموردين","البندُ يدخل المستخلصَ خصمًا أو إضافة · والمحمَّلُ على المورد يدخل تسويتَه · التكلفةُ تُحمَّل · وزمنُ التوقف يُثبَّت · والكرتُ يُحدَّث · والجاهزيةُ تُطلب · المستندُ يعود قابلًا للتعديل · والمهلةُ تتوقف حتى إعادة الرفع · المستندُ يعود لمُنشئه بسببٍ من قائمة  [nav09_map]"
"ادارة الموردين",7.724.34,"متابعةُ إدارتي","الصيانة المحمَّلة والجزاءات","أوامر الصيانة · Maintenance/orders.php","approvals · approvals · audit · approvals · reasons · penalties · risk_signals · gov_approval_decisions · work_orders · cost_alloc · work_orders · downtime  [nav09_map]","ادارة الصيانة","البندُ يدخل المستخلصَ خصمًا أو إضافة · والمحمَّلُ على المورد يدخل تسويتَه · التكلفةُ تُحمَّل · وزمنُ التوقف يُثبَّت · والكرتُ يُحدَّث · والجاهزيةُ تُطلب · المستندُ يعود قابلًا للتعديل · والمهلةُ تتوقف حتى إعادة الرفع · المستندُ يعود لمُنشئه بسببٍ من قائمة  [nav09_map]"
"ادارة الموردين",7.724.35,"متابعةُ إدارتي","الصيانة المحمَّلة والجزاءات","الجزاءات والحوافز التعاقدية · Contracts/penalties.php","approvals · approvals · audit · approvals · reasons · penalties · risk_signals · gov_approval_decisions · work_orders · cost_alloc · work_orders · downtime  [nav09_map]","ادارة المبيعات","البندُ يدخل المستخلصَ خصمًا أو إضافة · والمحمَّلُ على المورد يدخل تسويتَه · التكلفةُ تُحمَّل · وزمنُ التوقف يُثبَّت · والكرتُ يُحدَّث · والجاهزيةُ تُطلب · المستندُ يعود قابلًا للتعديل · والمهلةُ تتوقف حتى إعادة الرفع · المستندُ يعود لمُنشئه بسببٍ من قائمة  [nav09_map]"
"ادارة الموردين",7.725.36,"متابعةُ إدارتي","المتابعة والبلاغات","بلاغات إدارتي · Tickets/dept_inbox.php","approvals · approvals · audit · approvals · reasons · penalties · risk_signals · gov_approval_decisions · work_orders · cost_alloc · work_orders · downtime  [nav09_map]","إدارة البلاغات","البندُ يدخل المستخلصَ خصمًا أو إضافة · والمحمَّلُ على المورد يدخل تسويتَه · التكلفةُ تُحمَّل · وزمنُ التوقف يُثبَّت · والكرتُ يُحدَّث · والجاهزيةُ تُطلب · المستندُ يعود قابلًا للتعديل · والمهلةُ تتوقف حتى إعادة الرفع · المستندُ يعود لمُنشئه بسببٍ من قائمة  [nav09_map]"
"ادارة الموردين",7.725.37,"متابعةُ إدارتي","المتابعة والبلاغات","أبلغ عن مشكلة من هذه الشاشة · Tickets/ticket_contextual_open.php","approvals · approvals · audit · approvals · reasons · penalties · risk_signals · gov_approval_decisions · work_orders · cost_alloc · work_orders · downtime  [nav09_map]","— لا وحدة","البندُ يدخل المستخلصَ خصمًا أو إضافة · والمحمَّلُ على المورد يدخل تسويتَه · التكلفةُ تُحمَّل · وزمنُ التوقف يُثبَّت · والكرتُ يُحدَّث · والجاهزيةُ تُطلب · المستندُ يعود قابلًا للتعديل · والمهلةُ تتوقف حتى إعادة الرفع · المستندُ يعود لمُنشئه بسببٍ من قائمة  [nav09_map]"
"ادارة الموردين",7.725.38,"متابعةُ إدارتي","المتابعة والبلاغات","صندوق ما ينتظر اعتمادي · Finance/approvals_inbox.php","approvals · approvals · audit · approvals · reasons · penalties · risk_signals · gov_approval_decisions · work_orders · cost_alloc · work_orders · downtime  [nav09_map]","إدارة المالية","البندُ يدخل المستخلصَ خصمًا أو إضافة · والمحمَّلُ على المورد يدخل تسويتَه · التكلفةُ تُحمَّل · وزمنُ التوقف يُثبَّت · والكرتُ يُحدَّث · والجاهزيةُ تُطلب · المستندُ يعود قابلًا للتعديل · والمهلةُ تتوقف حتى إعادة الرفع · المستندُ يعود لمُنشئه بسببٍ من قائمة  [nav09_map]"
"ادارة الموردين",8.826.39,"سابعًا: نقيّمه أو نُنهي عقدَه","التقييم الدوري","تقييم المورد الدوري · Suppliers/supplier_evaluation.php","supplier_closure · payables · supplier_ratings  [nav09_map]","ادارة الموردين","التقييمُ يقيّد الترسيةَ القادمة · والمتدنّي يُعلَّق أو يُقيَّد تخصيصُه · المستحقُّ يُسدَّد صافيًا · والكفالةُ تُردّ أو تُصادر · والمعداتُ تُخرَج · والعقدُ يُقفل  [nav09_map]"
"ادارة الموردين",8.826.40,"سابعًا: نقيّمه أو نُنهي عقدَه","التقييم الدوري","أداء الموردين وجاهزيتهم · Suppliers/supplier_capacity.php#3","supplier_closure · payables · supplier_ratings  [nav09_map]","ادارة الموردين","التقييمُ يقيّد الترسيةَ القادمة · والمتدنّي يُعلَّق أو يُقيَّد تخصيصُه · المستحقُّ يُسدَّد صافيًا · والكفالةُ تُردّ أو تُصادر · والمعداتُ تُخرَج · والعقدُ يُقفل  [nav09_map]"
"ادارة الموردين",8.827.41,"سابعًا: نقيّمه أو نُنهي عقدَه","تصفية إنهاء العقد","تصفية إنهاء عقد مورد · Suppliers/supplier_closure.php","supplier_closure · payables · supplier_ratings  [nav09_map]","ادارة الموردين","التقييمُ يقيّد الترسيةَ القادمة · والمتدنّي يُعلَّق أو يُقيَّد تخصيصُه · المستحقُّ يُسدَّد صافيًا · والكفالةُ تُردّ أو تُصادر · والمعداتُ تُخرَج · والعقدُ يُقفل  [nav09_map]"
"ادارة الموردين",9.928.42,"تقارير الموردين","الميزانية والإنجاز","ميزانية إدارتي · Finance/budget_dept.php","budget_change_requests · export_log  [nav09_map]","إدارة المالية","الطلبُ يدخل سلّمَ الاعتماد ببيان أثره — ولا يُعدَّل السقفُ قبل الاعتماد · الملفُّ يُصدَّر بنطاق المستخدم وحدَه · وكلُّ تصديرٍ يُسجَّل بالمستخدم والفلاتر  [nav09_map]"
"ادارة الموردين",9.928.43,"تقارير الموردين","الميزانية والإنجاز","إنجاز الإدارة · Portal/dept_achievement.php","budget_change_requests · export_log  [nav09_map]","إدارة الصلاحيات","الطلبُ يدخل سلّمَ الاعتماد ببيان أثره — ولا يُعدَّل السقفُ قبل الاعتماد · الملفُّ يُصدَّر بنطاق المستخدم وحدَه · وكلُّ تصديرٍ يُسجَّل بالمستخدم والفلاتر  [nav09_map]"
"ادارة الموردين",9.928.44,"تقارير الموردين","الميزانية والإنجاز","مركز التقارير · emsreports/index.php","budget_change_requests · export_log  [nav09_map]","إدارة الصلاحيات","الطلبُ يدخل سلّمَ الاعتماد ببيان أثره — ولا يُعدَّل السقفُ قبل الاعتماد · الملفُّ يُصدَّر بنطاق المستخدم وحدَه · وكلُّ تصديرٍ يُسجَّل بالمستخدم والفلاتر  [nav09_map]"
"ادارة الموردين",97.97.2,"إضافاتُ المالك","إضافاتُ المالك","أداء الموردين وجاهزيتهم · Suppliers/supplier_capacity.php?view=vfd5a97","unit_entries · unit_approvals  [nav09_map]","ادارة الموردين","السلسلةُ تتقدم محطةً بقرارٍ مسجَّل  [nav09_map]"
"ادارة الموردين",97.97.50,"إضافاتُ المالك","إضافاتُ المالك","كشفُ وحداتِ المورد · Suppliers/unit_statement_supplier.php","unit_entries · unit_approvals  [nav09_map]","ادارة الموردين","السلسلةُ تتقدم محطةً بقرارٍ مسجَّل  [nav09_map]"
"ادارة الموردين",98.9800.10,"فريق العمل","فريق العمل","إدارة المعاونين · main/project_users.php","— لا مصدر","ادارة الموردين","خارج الوثيقة — بانتظار قرار المالك  [cycle_order]"
"ادارة الموردين",98.9800.50,"فريق العمل","فريق العمل","قاموسُ المبتدئ · main/glossary.php","— لا مصدر","ادارة المبيعات","خارج الوثيقة — بانتظار قرار المالك  [cycle_order]"
"ادارة الموردين",99.9900.50,"خارج الوثيقة — بانتظار قرار المالك","أخرى — للمراجعة","مركز التقارير · Reports/reports.php","— لا مصدر","ادارة التشغيل","نهايةُ دورةِ الإدارة — لا مرحلةَ بعدَها  [cycle_order]"
"ادارة الموردين",99.9900.50,"خارج الوثيقة — بانتظار قرار المالك","أخرى — للمراجعة","الإعدادات · Settings/settings.php","— لا مصدر","ادارة التشغيل","نهايةُ دورةِ الإدارة — لا مرحلةَ بعدَها  [cycle_order]"
"ادارة الموردين",99.9900.50,"خارج الوثيقة — بانتظار قرار المالك","أخرى — للمراجعة","لوحة الإدارة · main/role_board.php","— لا مصدر","إدارة الصلاحيات","نهايةُ دورةِ الإدارة — لا مرحلةَ بعدَها  [cycle_order]"
"ادارة الموردين",99.9900.50,"خارج الوثيقة — بانتظار قرار المالك","أخرى — للمراجعة","ميزانية إدارتي · Finance/budget_form_fin.php","— لا مصدر","إدارة المالية","نهايةُ دورةِ الإدارة — لا مرحلةَ بعدَها  [cycle_order]"
"ادارة الموردين",99.9900.50,"خارج الوثيقة — بانتظار قرار المالك","أخرى — للمراجعة","بنود عقد المورد · Suppliers/supplier_contract_lines.php","— لا مصدر","ادارة الموردين","نهايةُ دورةِ الإدارة — لا مرحلةَ بعدَها  [cycle_order]"
"ادارة الموردين",99.9900.50,"خارج الوثيقة — بانتظار قرار المالك","أخرى — للمراجعة","وثائق المورد وحسابه البنكي · Suppliers/supplier_documents.php","— لا مصدر","ادارة الموردين","نهايةُ دورةِ الإدارة — لا مرحلةَ بعدَها  [cycle_order]"
"ادارة الموردين",99.9900.50,"خارج الوثيقة — بانتظار قرار المالك","أخرى — للمراجعة","تعرفة الترحيل وتسعير الأوامر · Transport/transfer_tariffs.php","— لا مصدر","إدارة النقل والترحيل","نهايةُ دورةِ الإدارة — لا مرحلةَ بعدَها  [cycle_order]"
"ادارة الموردين",99.9900.50,"خارج الوثيقة — بانتظار قرار المالك","أخرى — للمراجعة","طلبات عروض الموردين · Suppliers/rfq_requests.php","— لا مصدر","ادارة الموردين","نهايةُ دورةِ الإدارة — لا مرحلةَ بعدَها  [cycle_order]"
"ادارة الموردين",99.9900.99,"خارج الوثيقة — بانتظار قرار المالك","أخرى — للمراجعة","مخاطر إدارة الموردين · Risk/dept_risk_space.php","— لا مصدر","إدارة المخاطر","نهايةُ دورةِ الإدارة — لا مرحلةَ بعدَها  [cycle_order]"
"ادارة الاسطول",—,"(بلا مرحلة)","لوحة الإدارة","مساحة عملي · main/my_workspace.php","— لا مصدر","— لا وحدة","— لا مصدر"
"ادارة الاسطول",—,"(بلا مرحلة)","لوحة الإدارة","طلب مالي جديد · FinRequests/request_form.php","— لا مصدر","ادارة الصيانة","— لا مصدر"
"ادارة الاسطول",0.1.1,"لوحة الإدارة","مساحتي الشخصية","مهامي · Portal/my_tasks.php","requests · tasks · workflow  [nav09_map]","مساحة عملي  [إدارة]","الطلبُ يدخل صندوقَ اعتماد المعنيّ بمساره — ويظهر في «طلباتي» بحالته · المهمةُ تُقفل · والخطوةُ التاليةُ تُفتح لصاحبها · ومهلةُ المسار تُحدَّث · تُصيَّر المكوّناتُ التي منحته إياها الحوكمةُ وحدَها · ومشغّلُ المعدة يرى معدتَه ومشغّلَها الآخر · يُعاد الحسابُ  [nav09_map]"
"ادارة الاسطول",0.1.2,"لوحة الإدارة","مساحتي الشخصية","إنجازي · Portal/my_achievement.php","requests · tasks · workflow  [nav09_map]","إدارة الصلاحيات","الطلبُ يدخل صندوقَ اعتماد المعنيّ بمساره — ويظهر في «طلباتي» بحالته · المهمةُ تُقفل · والخطوةُ التاليةُ تُفتح لصاحبها · ومهلةُ المسار تُحدَّث · تُصيَّر المكوّناتُ التي منحته إياها الحوكمةُ وحدَها · ومشغّلُ المعدة يرى معدتَه ومشغّلَها الآخر · يُعاد الحسابُ  [nav09_map]"
"ادارة الاسطول",0.1.3,"لوحة الإدارة","مساحتي الشخصية","بوابتي · Portal/my_portal.php","requests · tasks · workflow  [nav09_map]","إدارة الصلاحيات","الطلبُ يدخل صندوقَ اعتماد المعنيّ بمساره — ويظهر في «طلباتي» بحالته · المهمةُ تُقفل · والخطوةُ التاليةُ تُفتح لصاحبها · ومهلةُ المسار تُحدَّث · تُصيَّر المكوّناتُ التي منحته إياها الحوكمةُ وحدَها · ومشغّلُ المعدة يرى معدتَه ومشغّلَها الآخر · يُعاد الحسابُ  [nav09_map]"
"ادارة الاسطول",0.1.4,"لوحة الإدارة","مساحتي الشخصية","طلباتي · FinRequests/my_requests.php","requests · tasks · workflow  [nav09_map]","ادارة الصيانة","الطلبُ يدخل صندوقَ اعتماد المعنيّ بمساره — ويظهر في «طلباتي» بحالته · المهمةُ تُقفل · والخطوةُ التاليةُ تُفتح لصاحبها · ومهلةُ المسار تُحدَّث · تُصيَّر المكوّناتُ التي منحته إياها الحوكمةُ وحدَها · ومشغّلُ المعدة يرى معدتَه ومشغّلَها الآخر · يُعاد الحسابُ  [nav09_map]"
"ادارة الاسطول",0.1.5,"لوحة الإدارة","مساحتي الشخصية","المراسلات · chats/index.php","requests · tasks · workflow  [nav09_map]","— لا وحدة","الطلبُ يدخل صندوقَ اعتماد المعنيّ بمساره — ويظهر في «طلباتي» بحالته · المهمةُ تُقفل · والخطوةُ التاليةُ تُفتح لصاحبها · ومهلةُ المسار تُحدَّث · تُصيَّر المكوّناتُ التي منحته إياها الحوكمةُ وحدَها · ومشغّلُ المعدة يرى معدتَه ومشغّلَها الآخر · يُعاد الحسابُ  [nav09_map]"
"ادارة الاسطول",0.2.6,"لوحة الإدارة",الجاهزية,"جاهزية المعدات للتشغيل · Fleet/readiness_board.php","requests · tasks · workflow  [nav09_map]","ادارة الاسطول","الطلبُ يدخل صندوقَ اعتماد المعنيّ بمساره — ويظهر في «طلباتي» بحالته · المهمةُ تُقفل · والخطوةُ التاليةُ تُفتح لصاحبها · ومهلةُ المسار تُحدَّث · تُصيَّر المكوّناتُ التي منحته إياها الحوكمةُ وحدَها · ومشغّلُ المعدة يرى معدتَه ومشغّلَها الآخر · يُعاد الحسابُ  [nav09_map]"
"ادارة الاسطول",1.103.7,"أولًا: إدخال الأصل والترميز","سجل المعدات","سجل المعدات · Equipments/equipments.php","asset_register · fin_events · code_bridge · equipment_sourcing · equipments · asset_register  [nav09_map]","إدارة الأسطول  [إدارة]","الإهلاكُ يتوقف · والقيمةُ تُقفل · والتخصيصاتُ تُنهى · والحصصُ تُغلق · المصدرُ يحدد: من يملك · من يُهلك · من يستحق العائد · ومن يُحمَّل الصيانة — والتشغيلُ يراها معدةً بلا مصدر · كرتٌ بكودٍ دائم · وطلبُ تفتيشٍ أوليٍّ يُفتح · وأصلٌ يدخل السجلَ بلا إهلاكٍ حت  [nav09_map]"
"ادارة الاسطول",1.104.8,"أولًا: إدخال الأصل والترميز","جسر ترقيم المعدات","جسر ترقيم المعدات · Equipments/code_bridge.php","asset_register · fin_events · code_bridge · equipment_sourcing · equipments · asset_register  [nav09_map]","ادارة الاسطول","الإهلاكُ يتوقف · والقيمةُ تُقفل · والتخصيصاتُ تُنهى · والحصصُ تُغلق · المصدرُ يحدد: من يملك · من يُهلك · من يستحق العائد · ومن يُحمَّل الصيانة — والتشغيلُ يراها معدةً بلا مصدر · كرتٌ بكودٍ دائم · وطلبُ تفتيشٍ أوليٍّ يُفتح · وأصلٌ يدخل السجلَ بلا إهلاكٍ حت  [nav09_map]"
"ادارة الاسطول",1.105.9,"أولًا: إدخال الأصل والترميز","الأنواع والموديلات","أنواع المعدات وفئاتها · Equipments/equipments_types.php","asset_register · fin_events · code_bridge · equipment_sourcing · equipments · asset_register  [nav09_map]","ادارة التشغيل","الإهلاكُ يتوقف · والقيمةُ تُقفل · والتخصيصاتُ تُنهى · والحصصُ تُغلق · المصدرُ يحدد: من يملك · من يُهلك · من يستحق العائد · ومن يُحمَّل الصيانة — والتشغيلُ يراها معدةً بلا مصدر · كرتٌ بكودٍ دائم · وطلبُ تفتيشٍ أوليٍّ يُفتح · وأصلٌ يدخل السجلَ بلا إهلاكٍ حت  [nav09_map]"
"ادارة الاسطول",1.105.10,"أولًا: إدخال الأصل والترميز","الأنواع والموديلات","موديلات المعدات ومواصفاتها · Equipments/fleet_models.php","asset_register · fin_events · code_bridge · equipment_sourcing · equipments · asset_register  [nav09_map]","ادارة الاسطول","الإهلاكُ يتوقف · والقيمةُ تُقفل · والتخصيصاتُ تُنهى · والحصصُ تُغلق · المصدرُ يحدد: من يملك · من يُهلك · من يستحق العائد · ومن يُحمَّل الصيانة — والتشغيلُ يراها معدةً بلا مصدر · كرتٌ بكودٍ دائم · وطلبُ تفتيشٍ أوليٍّ يُفتح · وأصلٌ يدخل السجلَ بلا إهلاكٍ حت  [nav09_map]"
"ادارة الاسطول",1.106.11,"أولًا: إدخال الأصل والترميز","مصدر المعدة ونمط تملّكها","مصدر المعدة ونمط تملّكها · Equipments/equipment_sourcing.php","asset_register · fin_events · code_bridge · equipment_sourcing · equipments · asset_register  [nav09_map]","ادارة الاسطول","الإهلاكُ يتوقف · والقيمةُ تُقفل · والتخصيصاتُ تُنهى · والحصصُ تُغلق · المصدرُ يحدد: من يملك · من يُهلك · من يستحق العائد · ومن يُحمَّل الصيانة — والتشغيلُ يراها معدةً بلا مصدر · كرتٌ بكودٍ دائم · وطلبُ تفتيشٍ أوليٍّ يُفتح · وأصلٌ يدخل السجلَ بلا إهلاكٍ حت  [nav09_map]"
"ادارة الاسطول",1.107.12,"أولًا: إدخال الأصل والترميز",الملّاك,"ملّاك الأسطول · Financing/owners_registry.php","asset_register · fin_events · code_bridge · equipment_sourcing · equipments · asset_register  [nav09_map]","ادارة الاسطول","الإهلاكُ يتوقف · والقيمةُ تُقفل · والتخصيصاتُ تُنهى · والحصصُ تُغلق · المصدرُ يحدد: من يملك · من يُهلك · من يستحق العائد · ومن يُحمَّل الصيانة — والتشغيلُ يراها معدةً بلا مصدر · كرتٌ بكودٍ دائم · وطلبُ تفتيشٍ أوليٍّ يُفتح · وأصلٌ يدخل السجلَ بلا إهلاكٍ حت  [nav09_map]"
"ادارة الاسطول",2.208.13,"ثانيًا: الجاهزية والتفعيل","الجاهزية والتفتيش","جاهزية المعدات للتشغيل · Fleet/readiness_board.php#2","inspections · findings · readiness · tech_decision · work_orders · cost_alloc · work_orders · downtime  [nav09_map]","ادارة الاسطول","التكلفةُ تُحمَّل · وزمنُ التوقف يُثبَّت · والكرتُ يُحدَّث · والجاهزيةُ تُطلب · بنودُ الملاحظة والحرج تُفتح · وقرارُ التشغيل يُقترح · والكرتُ يُحدَّث بتاريخ التفتيش · زمنُ التوقف يبدأ «تحت التحقق» · والمتحمّلُ مبدئيٌّ · والمعدةُ غيرُ متاحة · يسمح · أو يسمح  [nav09_map]"
"ادارة الاسطول",2.208.14,"ثانيًا: الجاهزية والتفعيل","الجاهزية والتفتيش","الفحص الفني اليومي · Maintenance/inspections.php","inspections · findings · readiness · tech_decision · work_orders · cost_alloc · work_orders · downtime  [nav09_map]","ادارة الصيانة","التكلفةُ تُحمَّل · وزمنُ التوقف يُثبَّت · والكرتُ يُحدَّث · والجاهزيةُ تُطلب · بنودُ الملاحظة والحرج تُفتح · وقرارُ التشغيل يُقترح · والكرتُ يُحدَّث بتاريخ التفتيش · زمنُ التوقف يبدأ «تحت التحقق» · والمتحمّلُ مبدئيٌّ · والمعدةُ غيرُ متاحة · يسمح · أو يسمح  [nav09_map]"
"ادارة الاسطول",2.209.15,"ثانيًا: الجاهزية والتفعيل","أوامر الصيانة","أوامر الصيانة · Maintenance/orders.php","inspections · findings · readiness · tech_decision · work_orders · cost_alloc · work_orders · downtime  [nav09_map]","ادارة الصيانة","التكلفةُ تُحمَّل · وزمنُ التوقف يُثبَّت · والكرتُ يُحدَّث · والجاهزيةُ تُطلب · بنودُ الملاحظة والحرج تُفتح · وقرارُ التشغيل يُقترح · والكرتُ يُحدَّث بتاريخ التفتيش · زمنُ التوقف يبدأ «تحت التحقق» · والمتحمّلُ مبدئيٌّ · والمعدةُ غيرُ متاحة · يسمح · أو يسمح  [nav09_map]"
"ادارة الاسطول",2.209.16,"ثانيًا: الجاهزية والتفعيل","أوامر الصيانة","خطط الصيانة الوقائية · Maintenance/preventive_plans.php","inspections · findings · readiness · tech_decision · work_orders · cost_alloc · work_orders · downtime  [nav09_map]","ادارة الصيانة","التكلفةُ تُحمَّل · وزمنُ التوقف يُثبَّت · والكرتُ يُحدَّث · والجاهزيةُ تُطلب · بنودُ الملاحظة والحرج تُفتح · وقرارُ التشغيل يُقترح · والكرتُ يُحدَّث بتاريخ التفتيش · زمنُ التوقف يبدأ «تحت التحقق» · والمتحمّلُ مبدئيٌّ · والمعدةُ غيرُ متاحة · يسمح · أو يسمح  [nav09_map]"
"ادارة الاسطول",3.310.17,"ثالثًا: التخصيص والحركة","التوزيع والإسناد","توزيع المعدات والمشغّلين · Operations/distribution_space.php","— لا مصدر","إدارة الموقع","رابعًا: العدّادات والوثائق  [cycle_order]"
"ادارة الاسطول",3.310.18,"ثالثًا: التخصيص والحركة","التوزيع والإسناد","إسناد المعدات للوحدات · Operations/containers.php","— لا مصدر","ادارة التشغيل","رابعًا: العدّادات والوثائق  [cycle_order]"
"ادارة الاسطول",3.311.19,"ثالثًا: التخصيص والحركة",الترحيل,"أوامر الترحيل · Transport/transfer_orders_list.php","— لا مصدر","إدارة النقل والترحيل","رابعًا: العدّادات والوثائق  [cycle_order]"
"ادارة الاسطول",4.412.20,"رابعًا: العدّادات والوثائق",العدّادات,"قراءات العدّادات · Equipments/meter_readings.php","approval_chain · approval_chain · attribution · fin_events · meter_readings · unit_records · unit_periods · unit_records.state  [nav09_map]","مشرف - مشاريع","إيرادُ العميل وذمةُ المورد وأجرُ المشغّل تتولد بأحكامٍ ثلاثةٍ مستقلة · وخطةُ العقد تُحدَّث · والإهلاكُ يُحتسب · الإسنادُ نهائيٌّ · وحاوياتُ الموردين تُستهلك · وعدّادُ المعدة يُحدَّث · الحلقةُ الأولى تُفتح · وقفلُ التعديل · وعدّادُ المهلة يبدأ · الحلقةُ ال  [nav09_map]"
"ادارة الاسطول",4.412.21,"رابعًا: العدّادات والوثائق",العدّادات,"تسجيل التايم شيت والإنتاج · Timesheet/timesheet.php","approval_chain · approval_chain · attribution · fin_events · meter_readings · unit_records · unit_periods · unit_records.state  [nav09_map]","إدارة الموقع","إيرادُ العميل وذمةُ المورد وأجرُ المشغّل تتولد بأحكامٍ ثلاثةٍ مستقلة · وخطةُ العقد تُحدَّث · والإهلاكُ يُحتسب · الإسنادُ نهائيٌّ · وحاوياتُ الموردين تُستهلك · وعدّادُ المعدة يُحدَّث · الحلقةُ الأولى تُفتح · وقفلُ التعديل · وعدّادُ المهلة يبدأ · الحلقةُ ال  [nav09_map]"
"ادارة الاسطول",4.413.22,"رابعًا: العدّادات والوثائق","الوثائق والتأمينات","وثائق المعدات والمشغّلين · Equipments/equipment_documents.php","approval_chain · approval_chain · attribution · fin_events · meter_readings · unit_records · unit_periods · unit_records.state  [nav09_map]","ادارة الاسطول","إيرادُ العميل وذمةُ المورد وأجرُ المشغّل تتولد بأحكامٍ ثلاثةٍ مستقلة · وخطةُ العقد تُحدَّث · والإهلاكُ يُحتسب · الإسنادُ نهائيٌّ · وحاوياتُ الموردين تُستهلك · وعدّادُ المعدة يُحدَّث · الحلقةُ الأولى تُفتح · وقفلُ التعديل · وعدّادُ المهلة يبدأ · الحلقةُ ال  [nav09_map]"
"ادارة الاسطول",5.514.23,"خامسًا: المطابقة والإهلاك","مطابقة الأصول بالتشغيل","مطابقة سجل الأصول بالتشغيل · Equipments/asset_recon.php","asset_recon · adjustments  [nav09_map]","ادارة الاسطول","الفرقُ يُفسَّر بسببه: خطأُ إدخالٍ أو ساعاتٌ غيرُ مسجَّلةٍ أو معدةٌ خارج السجل · والتصحيحُ يُوثَّق  [nav09_map]"
"ادارة الاسطول",5.515.24,"خامسًا: المطابقة والإهلاك","الإهلاك والقيمة","الإهلاك والقيمة الدفترية · Finance/assets_fin.php","asset_recon · adjustments  [nav09_map]","إدارة المالية","الفرقُ يُفسَّر بسببه: خطأُ إدخالٍ أو ساعاتٌ غيرُ مسجَّلةٍ أو معدةٌ خارج السجل · والتصحيحُ يُوثَّق  [nav09_map]"
"ادارة الاسطول",5.516.25,"خامسًا: المطابقة والإهلاك","إعدادات الإهلاك","سياسات الإهلاك المعتمدة · Equipments/fleet_depreciation_profiles.php","asset_recon · adjustments  [nav09_map]","ادارة الاسطول","الفرقُ يُفسَّر بسببه: خطأُ إدخالٍ أو ساعاتٌ غيرُ مسجَّلةٍ أو معدةٌ خارج السجل · والتصحيحُ يُوثَّق  [nav09_map]"
"ادارة الاسطول",6.617.26,"سادسًا: التمويل والملكية","الأعيان المموَّلة","الأعيان المموَّلة · Equipments/fin_assets.php","financed_assets  [nav09_map]","إدارة التمويل","الأصلُ يحمل مصدرَ تمويله · وحاملُ الإهلاك يُحدَّد · والتشغيلُ لا يرى الشروط  [nav09_map]"
"ادارة الاسطول",6.617.27,"سادسًا: التمويل والملكية","الأعيان المموَّلة","حصص الملكية في الأصول · Financing/owners_registry.php#2","financed_assets  [nav09_map]","ادارة الاسطول","الأصلُ يحمل مصدرَ تمويله · وحاملُ الإهلاك يُحدَّد · والتشغيلُ لا يرى الشروط  [nav09_map]"
"ادارة الاسطول",6.618.28,"سادسًا: التمويل والملكية","مصدر المعدة","مصدر المعدة ونمط تملّكها · Equipments/equipment_sourcing.php#2","financed_assets  [nav09_map]","ادارة الاسطول","الأصلُ يحمل مصدرَ تمويله · وحاملُ الإهلاك يُحدَّد · والتشغيلُ لا يرى الشروط  [nav09_map]"
"ادارة الاسطول",7.719.29,"سابعًا: الإخراج من الخدمة",الإخراج,"سجل المعدات · Equipments/equipments.php#2","— لا مصدر","إدارة الأسطول  [إدارة]","متابعة وتقارير الأسطول  [cycle_order]"
"ادارة الاسطول",8.820.30,"متابعة وتقارير الأسطول","الأعطال والاعتمادية","تصنيف الأعطال وأسبابها · Equipments/manage_failure_codes.php","approvals · approvals · audit · approvals · reasons · budget_change_requests · export_log · unit_entries · unit_approvals  [nav09_map]","ادارة الصيانة","السلسلةُ تتقدم محطةً بقرارٍ مسجَّل · الطلبُ يدخل سلّمَ الاعتماد ببيان أثره — ولا يُعدَّل السقفُ قبل الاعتماد · المستندُ يعود قابلًا للتعديل · والمهلةُ تتوقف حتى إعادة الرفع · المستندُ يعود لمُنشئه بسببٍ من قائمةٍ محكومة — ويُقاس السببُ في تحليل الاختناقات  [nav09_map]"
"ادارة الاسطول",8.821.31,"متابعة وتقارير الأسطول","المتابعة والبلاغات","بلاغات إدارتي · Tickets/dept_inbox.php","approvals · approvals · audit · approvals · reasons · budget_change_requests · export_log · unit_entries · unit_approvals  [nav09_map]","إدارة البلاغات","السلسلةُ تتقدم محطةً بقرارٍ مسجَّل · الطلبُ يدخل سلّمَ الاعتماد ببيان أثره — ولا يُعدَّل السقفُ قبل الاعتماد · المستندُ يعود قابلًا للتعديل · والمهلةُ تتوقف حتى إعادة الرفع · المستندُ يعود لمُنشئه بسببٍ من قائمةٍ محكومة — ويُقاس السببُ في تحليل الاختناقات  [nav09_map]"
"ادارة الاسطول",8.821.32,"متابعة وتقارير الأسطول","المتابعة والبلاغات","أبلغ عن مشكلة من هذه الشاشة · Tickets/ticket_contextual_open.php","approvals · approvals · audit · approvals · reasons · budget_change_requests · export_log · unit_entries · unit_approvals  [nav09_map]","— لا وحدة","السلسلةُ تتقدم محطةً بقرارٍ مسجَّل · الطلبُ يدخل سلّمَ الاعتماد ببيان أثره — ولا يُعدَّل السقفُ قبل الاعتماد · المستندُ يعود قابلًا للتعديل · والمهلةُ تتوقف حتى إعادة الرفع · المستندُ يعود لمُنشئه بسببٍ من قائمةٍ محكومة — ويُقاس السببُ في تحليل الاختناقات  [nav09_map]"
"ادارة الاسطول",8.821.33,"متابعة وتقارير الأسطول","المتابعة والبلاغات","صندوق ما ينتظر اعتمادي · Finance/approvals_inbox.php","approvals · approvals · audit · approvals · reasons · budget_change_requests · export_log · unit_entries · unit_approvals  [nav09_map]","إدارة المالية","السلسلةُ تتقدم محطةً بقرارٍ مسجَّل · الطلبُ يدخل سلّمَ الاعتماد ببيان أثره — ولا يُعدَّل السقفُ قبل الاعتماد · المستندُ يعود قابلًا للتعديل · والمهلةُ تتوقف حتى إعادة الرفع · المستندُ يعود لمُنشئه بسببٍ من قائمةٍ محكومة — ويُقاس السببُ في تحليل الاختناقات  [nav09_map]"
"ادارة الاسطول",8.822.34,"متابعة وتقارير الأسطول","الميزانية والإنجاز","ميزانية إدارتي · Finance/budget_dept.php","approvals · approvals · audit · approvals · reasons · budget_change_requests · export_log · unit_entries · unit_approvals  [nav09_map]","إدارة المالية","السلسلةُ تتقدم محطةً بقرارٍ مسجَّل · الطلبُ يدخل سلّمَ الاعتماد ببيان أثره — ولا يُعدَّل السقفُ قبل الاعتماد · المستندُ يعود قابلًا للتعديل · والمهلةُ تتوقف حتى إعادة الرفع · المستندُ يعود لمُنشئه بسببٍ من قائمةٍ محكومة — ويُقاس السببُ في تحليل الاختناقات  [nav09_map]"
"ادارة الاسطول",8.822.35,"متابعة وتقارير الأسطول","الميزانية والإنجاز","إنجاز الإدارة · Portal/dept_achievement.php","approvals · approvals · audit · approvals · reasons · budget_change_requests · export_log · unit_entries · unit_approvals  [nav09_map]","إدارة الصلاحيات","السلسلةُ تتقدم محطةً بقرارٍ مسجَّل · الطلبُ يدخل سلّمَ الاعتماد ببيان أثره — ولا يُعدَّل السقفُ قبل الاعتماد · المستندُ يعود قابلًا للتعديل · والمهلةُ تتوقف حتى إعادة الرفع · المستندُ يعود لمُنشئه بسببٍ من قائمةٍ محكومة — ويُقاس السببُ في تحليل الاختناقات  [nav09_map]"
"ادارة الاسطول",8.822.36,"متابعة وتقارير الأسطول","الميزانية والإنجاز","مركز التقارير · emsreports/index.php","approvals · approvals · audit · approvals · reasons · budget_change_requests · export_log · unit_entries · unit_approvals  [nav09_map]","إدارة الصلاحيات","السلسلةُ تتقدم محطةً بقرارٍ مسجَّل · الطلبُ يدخل سلّمَ الاعتماد ببيان أثره — ولا يُعدَّل السقفُ قبل الاعتماد · المستندُ يعود قابلًا للتعديل · والمهلةُ تتوقف حتى إعادة الرفع · المستندُ يعود لمُنشئه بسببٍ من قائمةٍ محكومة — ويُقاس السببُ في تحليل الاختناقات  [nav09_map]"
"ادارة الاسطول",8.890.5,"متابعة وتقارير الأسطول","— بقرار المالك","ما ينتظر اعتمادي · Approvals/hours_approval.php","approvals · approvals · audit · approvals · reasons · budget_change_requests · export_log · unit_entries · unit_approvals  [nav09_map]","ادارة التشغيل","السلسلةُ تتقدم محطةً بقرارٍ مسجَّل · الطلبُ يدخل سلّمَ الاعتماد ببيان أثره — ولا يُعدَّل السقفُ قبل الاعتماد · المستندُ يعود قابلًا للتعديل · والمهلةُ تتوقف حتى إعادة الرفع · المستندُ يعود لمُنشئه بسببٍ من قائمةٍ محكومة — ويُقاس السببُ في تحليل الاختناقات  [nav09_map]"
"ادارة الاسطول",8.890.900,"متابعة وتقارير الأسطول","— بقرار المالك","صندوقُ موافقاتي — ما ينتظر يدي · Approvals/requests.php","approvals · approvals · audit · approvals · reasons · budget_change_requests · export_log · unit_entries · unit_approvals  [nav09_map]","ادارة الصيانة","السلسلةُ تتقدم محطةً بقرارٍ مسجَّل · الطلبُ يدخل سلّمَ الاعتماد ببيان أثره — ولا يُعدَّل السقفُ قبل الاعتماد · المستندُ يعود قابلًا للتعديل · والمهلةُ تتوقف حتى إعادة الرفع · المستندُ يعود لمُنشئه بسببٍ من قائمةٍ محكومة — ويُقاس السببُ في تحليل الاختناقات  [nav09_map]"
"ادارة الاسطول",97.97.0,"إضافاتُ المالك","إضافاتُ المالك","حوكمة إدارة الأسطول · Governance/gov_dept.php","— لا مصدر","ادارة الاسطول","فريق العمل  [cycle_order]"
"ادارة الاسطول",98.9800.10,"فريق العمل","فريق العمل","إدارة المعاونين · main/project_users.php","— لا مصدر","ادارة الموردين","خارج الوثيقة — بانتظار قرار المالك  [cycle_order]"
"ادارة الاسطول",99.9900.50,"خارج الوثيقة — بانتظار قرار المالك","أخرى — للمراجعة","المعدات · Equipments/equipments_fleet.php","daily_plans · daily_plans · resource_locks · daily_plans.state  [nav09_map]","ادارة الاسطول","الحارسُ يفحص التأهيلَ والجاهزيةَ والوثائق · والمواردُ تُحجز مبدئيًّا · الخطةُ تصير نافذةً · ويُفتح التايم شيت عليها · وتُطلب رحلاتُ الترحيل الناقصة · مسودةٌ بالتوزيع نفسِه — والحارسُ يعيد فحصَ الجاهزية والتأهيل قبل الرفع  [nav09_map]"
"ادارة الاسطول",99.9900.50,"خارج الوثيقة — بانتظار قرار المالك","أخرى — للمراجعة","تخصيص المعدات للمشروعات · Oprators/select_project.php","daily_plans · daily_plans · resource_locks · daily_plans.state  [nav09_map]","ادارة الاسطول","الحارسُ يفحص التأهيلَ والجاهزيةَ والوثائق · والمواردُ تُحجز مبدئيًّا · الخطةُ تصير نافذةً · ويُفتح التايم شيت عليها · وتُطلب رحلاتُ الترحيل الناقصة · مسودةٌ بالتوزيع نفسِه — والحارسُ يعيد فحصَ الجاهزية والتأهيل قبل الرفع  [nav09_map]"
"ادارة الاسطول",99.9900.50,"خارج الوثيقة — بانتظار قرار المالك","أخرى — للمراجعة","مركز التقارير · Reports/reports.php","daily_plans · daily_plans · resource_locks · daily_plans.state  [nav09_map]","ادارة التشغيل","الحارسُ يفحص التأهيلَ والجاهزيةَ والوثائق · والمواردُ تُحجز مبدئيًّا · الخطةُ تصير نافذةً · ويُفتح التايم شيت عليها · وتُطلب رحلاتُ الترحيل الناقصة · مسودةٌ بالتوزيع نفسِه — والحارسُ يعيد فحصَ الجاهزية والتأهيل قبل الرفع  [nav09_map]"
"ادارة الاسطول",99.9900.50,"خارج الوثيقة — بانتظار قرار المالك","أخرى — للمراجعة","أحكام العميل والمورد والمشغّل · Finance/unit_records_fin.php","daily_plans · daily_plans · resource_locks · daily_plans.state  [nav09_map]","إدارة المالية","الحارسُ يفحص التأهيلَ والجاهزيةَ والوثائق · والمواردُ تُحجز مبدئيًّا · الخطةُ تصير نافذةً · ويُفتح التايم شيت عليها · وتُطلب رحلاتُ الترحيل الناقصة · مسودةٌ بالتوزيع نفسِه — والحارسُ يعيد فحصَ الجاهزية والتأهيل قبل الرفع  [nav09_map]"
"ادارة الاسطول",99.9900.50,"خارج الوثيقة — بانتظار قرار المالك","أخرى — للمراجعة","التكاليف والربحية · Finance/cost_report_fin.php","daily_plans · daily_plans · resource_locks · daily_plans.state  [nav09_map]","إدارة المالية","الحارسُ يفحص التأهيلَ والجاهزيةَ والوثائق · والمواردُ تُحجز مبدئيًّا · الخطةُ تصير نافذةً · ويُفتح التايم شيت عليها · وتُطلب رحلاتُ الترحيل الناقصة · مسودةٌ بالتوزيع نفسِه — والحارسُ يعيد فحصَ الجاهزية والتأهيل قبل الرفع  [nav09_map]"
"ادارة الاسطول",99.9900.50,"خارج الوثيقة — بانتظار قرار المالك","أخرى — للمراجعة","الإعدادات · Settings/settings.php","daily_plans · daily_plans · resource_locks · daily_plans.state  [nav09_map]","ادارة التشغيل","الحارسُ يفحص التأهيلَ والجاهزيةَ والوثائق · والمواردُ تُحجز مبدئيًّا · الخطةُ تصير نافذةً · ويُفتح التايم شيت عليها · وتُطلب رحلاتُ الترحيل الناقصة · مسودةٌ بالتوزيع نفسِه — والحارسُ يعيد فحصَ الجاهزية والتأهيل قبل الرفع  [nav09_map]"
"ادارة الاسطول",99.9900.50,"خارج الوثيقة — بانتظار قرار المالك","أخرى — للمراجعة","لوحة الإدارة · main/role_board.php","daily_plans · daily_plans · resource_locks · daily_plans.state  [nav09_map]","إدارة الصلاحيات","الحارسُ يفحص التأهيلَ والجاهزيةَ والوثائق · والمواردُ تُحجز مبدئيًّا · الخطةُ تصير نافذةً · ويُفتح التايم شيت عليها · وتُطلب رحلاتُ الترحيل الناقصة · مسودةٌ بالتوزيع نفسِه — والحارسُ يعيد فحصَ الجاهزية والتأهيل قبل الرفع  [nav09_map]"
"ادارة الاسطول",99.9900.50,"خارج الوثيقة — بانتظار قرار المالك","أخرى — للمراجعة","ميزانية إدارتي · Finance/budget_form_fin.php","daily_plans · daily_plans · resource_locks · daily_plans.state  [nav09_map]","إدارة المالية","الحارسُ يفحص التأهيلَ والجاهزيةَ والوثائق · والمواردُ تُحجز مبدئيًّا · الخطةُ تصير نافذةً · ويُفتح التايم شيت عليها · وتُطلب رحلاتُ الترحيل الناقصة · مسودةٌ بالتوزيع نفسِه — والحارسُ يعيد فحصَ الجاهزية والتأهيل قبل الرفع  [nav09_map]"
"ادارة الاسطول",99.9900.50,"خارج الوثيقة — بانتظار قرار المالك","أخرى — للمراجعة","مواقع التنفيذ · Projects/sites.php","daily_plans · daily_plans · resource_locks · daily_plans.state  [nav09_map]","ادارة التشغيل","الحارسُ يفحص التأهيلَ والجاهزيةَ والوثائق · والمواردُ تُحجز مبدئيًّا · الخطةُ تصير نافذةً · ويُفتح التايم شيت عليها · وتُطلب رحلاتُ الترحيل الناقصة · مسودةٌ بالتوزيع نفسِه — والحارسُ يعيد فحصَ الجاهزية والتأهيل قبل الرفع  [nav09_map]"
"ادارة الاسطول",99.9900.50,"خارج الوثيقة — بانتظار قرار المالك","أخرى — للمراجعة","خطة عمل الغد · Operations/daily_plan.php","daily_plans · daily_plans · resource_locks · daily_plans.state  [nav09_map]","ادارة الاسطول","الحارسُ يفحص التأهيلَ والجاهزيةَ والوثائق · والمواردُ تُحجز مبدئيًّا · الخطةُ تصير نافذةً · ويُفتح التايم شيت عليها · وتُطلب رحلاتُ الترحيل الناقصة · مسودةٌ بالتوزيع نفسِه — والحارسُ يعيد فحصَ الجاهزية والتأهيل قبل الرفع  [nav09_map]"
"ادارة الاسطول",99.9900.99,"خارج الوثيقة — بانتظار قرار المالك","أخرى — للمراجعة","مساحة مخاطر الإدارة · Risk/dept_risk_space.php","daily_plans · daily_plans · resource_locks · daily_plans.state  [nav09_map]","إدارة المخاطر","الحارسُ يفحص التأهيلَ والجاهزيةَ والوثائق · والمواردُ تُحجز مبدئيًّا · الخطةُ تصير نافذةً · ويُفتح التايم شيت عليها · وتُطلب رحلاتُ الترحيل الناقصة · مسودةٌ بالتوزيع نفسِه — والحارسُ يعيد فحصَ الجاهزية والتأهيل قبل الرفع  [nav09_map]"
"ادارة الموارد البشرية",—,"(بلا مرحلة)","لوحة الإدارة","مساحة عملي · main/my_workspace.php","— لا مصدر","— لا وحدة","— لا مصدر"
"ادارة الموارد البشرية",—,"(بلا مرحلة)","العمل اليومي","طلب مالي جديد · FinRequests/request_form.php","— لا مصدر","ادارة الصيانة","— لا مصدر"
"ادارة الموارد البشرية",0.1.1,"لوحة الإدارة","مساحتي الشخصية","مهامي · Portal/my_tasks.php","requests · tasks · workflow  [nav09_map]","مساحة عملي  [إدارة]","الطلبُ يدخل صندوقَ اعتماد المعنيّ بمساره — ويظهر في «طلباتي» بحالته · المهمةُ تُقفل · والخطوةُ التاليةُ تُفتح لصاحبها · ومهلةُ المسار تُحدَّث · تُصيَّر المكوّناتُ التي منحته إياها الحوكمةُ وحدَها · ومشغّلُ المعدة يرى معدتَه ومشغّلَها الآخر · يُعاد الحسابُ  [nav09_map]"
"ادارة الموارد البشرية",0.1.2,"لوحة الإدارة","مساحتي الشخصية","إنجازي · Portal/my_achievement.php","requests · tasks · workflow  [nav09_map]","إدارة الصلاحيات","الطلبُ يدخل صندوقَ اعتماد المعنيّ بمساره — ويظهر في «طلباتي» بحالته · المهمةُ تُقفل · والخطوةُ التاليةُ تُفتح لصاحبها · ومهلةُ المسار تُحدَّث · تُصيَّر المكوّناتُ التي منحته إياها الحوكمةُ وحدَها · ومشغّلُ المعدة يرى معدتَه ومشغّلَها الآخر · يُعاد الحسابُ  [nav09_map]"
"ادارة الموارد البشرية",0.1.3,"لوحة الإدارة","مساحتي الشخصية","بوابتي · Portal/my_portal.php","requests · tasks · workflow  [nav09_map]","إدارة الصلاحيات","الطلبُ يدخل صندوقَ اعتماد المعنيّ بمساره — ويظهر في «طلباتي» بحالته · المهمةُ تُقفل · والخطوةُ التاليةُ تُفتح لصاحبها · ومهلةُ المسار تُحدَّث · تُصيَّر المكوّناتُ التي منحته إياها الحوكمةُ وحدَها · ومشغّلُ المعدة يرى معدتَه ومشغّلَها الآخر · يُعاد الحسابُ  [nav09_map]"
"ادارة الموارد البشرية",0.1.4,"لوحة الإدارة","مساحتي الشخصية","طلباتي · FinRequests/my_requests.php","requests · tasks · workflow  [nav09_map]","ادارة الصيانة","الطلبُ يدخل صندوقَ اعتماد المعنيّ بمساره — ويظهر في «طلباتي» بحالته · المهمةُ تُقفل · والخطوةُ التاليةُ تُفتح لصاحبها · ومهلةُ المسار تُحدَّث · تُصيَّر المكوّناتُ التي منحته إياها الحوكمةُ وحدَها · ومشغّلُ المعدة يرى معدتَه ومشغّلَها الآخر · يُعاد الحسابُ  [nav09_map]"
"ادارة الموارد البشرية",0.1.5,"لوحة الإدارة","مساحتي الشخصية","المراسلات · chats/index.php","requests · tasks · workflow  [nav09_map]","— لا وحدة","الطلبُ يدخل صندوقَ اعتماد المعنيّ بمساره — ويظهر في «طلباتي» بحالته · المهمةُ تُقفل · والخطوةُ التاليةُ تُفتح لصاحبها · ومهلةُ المسار تُحدَّث · تُصيَّر المكوّناتُ التي منحته إياها الحوكمةُ وحدَها · ومشغّلُ المعدة يرى معدتَه ومشغّلَها الآخر · يُعاد الحسابُ  [nav09_map]"
"ادارة الموارد البشرية",1.102.6,"أولًا: التوظيف",التوظيف,"التوظيف من الشاغر إلى المباشرة · Workforce/recruitment_pipeline.php","— لا مصدر","ادارة الموارد البشرية","ثانيًا: التعاقد والمباشرة  [cycle_order]"
"ادارة الموارد البشرية",2.203.7,"ثانيًا: التعاقد والمباشرة","سجل الموظفين","سجل الموظفين · Employees/employees.php","employees · persons · project_contracts · project_contracts.state · alerts · users · person_relationships  [nav09_map]","ادارة الموارد البشرية","العقدُ يبدأ من تاريخ التعاقد وينتهي بأولِ محفّزٍ يقع: انتهاءُ مدته · أو انتهاءُ عقد المورد · أو انتهاءُ المشروع — ولا يُجدَّد تلقائيًّا · العقودُ المرتبطةُ تُنبَّه قبل الانتهاء بمهلة · والتصفيةُ تُفتح · والتخصيصُ يُنهى · وإذنُ الخروج يُطلب · حسابٌ واحدٌ ل  [nav09_map]"
"ادارة الموارد البشرية",2.204.8,"ثانيًا: التعاقد والمباشرة","العقود الإدارية السنوية","عقود الموظفين · Employees/employee_contracts.php","employees · persons · project_contracts · project_contracts.state · alerts · users · person_relationships  [nav09_map]","ادارة الموارد البشرية","العقدُ يبدأ من تاريخ التعاقد وينتهي بأولِ محفّزٍ يقع: انتهاءُ مدته · أو انتهاءُ عقد المورد · أو انتهاءُ المشروع — ولا يُجدَّد تلقائيًّا · العقودُ المرتبطةُ تُنبَّه قبل الانتهاء بمهلة · والتصفيةُ تُفتح · والتخصيصُ يُنهى · وإذنُ الخروج يُطلب · حسابٌ واحدٌ ل  [nav09_map]"
"ادارة الموارد البشرية",2.205.9,"ثانيًا: التعاقد والمباشرة","العقود المشروعية المؤقتة","عقود المشاريع المؤقتة · Workforce/project_contracts.php","employees · persons · project_contracts · project_contracts.state · alerts · users · person_relationships  [nav09_map]","ادارة الموارد البشرية","العقدُ يبدأ من تاريخ التعاقد وينتهي بأولِ محفّزٍ يقع: انتهاءُ مدته · أو انتهاءُ عقد المورد · أو انتهاءُ المشروع — ولا يُجدَّد تلقائيًّا · العقودُ المرتبطةُ تُنبَّه قبل الانتهاء بمهلة · والتصفيةُ تُفتح · والتخصيصُ يُنهى · وإذنُ الخروج يُطلب · حسابٌ واحدٌ ل  [nav09_map]"
"ادارة الموارد البشرية",2.206.10,"ثانيًا: التعاقد والمباشرة",الحسابات,"حسابات المستخدمين · main/users.php","employees · persons · project_contracts · project_contracts.state · alerts · users · person_relationships  [nav09_map]","ادارة التشغيل","العقدُ يبدأ من تاريخ التعاقد وينتهي بأولِ محفّزٍ يقع: انتهاءُ مدته · أو انتهاءُ عقد المورد · أو انتهاءُ المشروع — ولا يُجدَّد تلقائيًّا · العقودُ المرتبطةُ تُنبَّه قبل الانتهاء بمهلة · والتصفيةُ تُفتح · والتخصيصُ يُنهى · وإذنُ الخروج يُطلب · حسابٌ واحدٌ ل  [nav09_map]"
"ادارة الموارد البشرية",2.207.11,"ثانيًا: التعاقد والمباشرة",الوثائق,"وثائق المعدات والمشغّلين · Equipments/equipment_documents.php","employees · persons · project_contracts · project_contracts.state · alerts · users · person_relationships  [nav09_map]","ادارة الاسطول","العقدُ يبدأ من تاريخ التعاقد وينتهي بأولِ محفّزٍ يقع: انتهاءُ مدته · أو انتهاءُ عقد المورد · أو انتهاءُ المشروع — ولا يُجدَّد تلقائيًّا · العقودُ المرتبطةُ تُنبَّه قبل الانتهاء بمهلة · والتصفيةُ تُفتح · والتخصيصُ يُنهى · وإذنُ الخروج يُطلب · حسابٌ واحدٌ ل  [nav09_map]"
"ادارة الموارد البشرية",3.308.12,"ثالثًا: الحضور والإجازات",الحضور,"الحضور والانصراف · Operations/attendance.php","approval_chain · approval_chain · attribution · attendance · fin_events · meter_readings · unit_records · unit_periods · unit_records.state  [nav09_map]","ادارة الموارد البشرية","إيرادُ العميل وذمةُ المورد وأجرُ المشغّل تتولد بأحكامٍ ثلاثةٍ مستقلة · وخطةُ العقد تُحدَّث · والإهلاكُ يُحتسب · الإسنادُ نهائيٌّ · وحاوياتُ الموردين تُستهلك · وعدّادُ المعدة يُحدَّث · الحلقةُ الأولى تُفتح · وقفلُ التعديل · وعدّادُ المهلة يبدأ · الحلقةُ ال  [nav09_map]"
"ادارة الموارد البشرية",3.309.13,"ثالثًا: الحضور والإجازات","الإجازات والغياب","الإجازات والغياب · Workforce/worker_leave_absence.php","approval_chain · approval_chain · attribution · attendance · fin_events · meter_readings · unit_records · unit_periods · unit_records.state  [nav09_map]","ادارة الموارد البشرية","إيرادُ العميل وذمةُ المورد وأجرُ المشغّل تتولد بأحكامٍ ثلاثةٍ مستقلة · وخطةُ العقد تُحدَّث · والإهلاكُ يُحتسب · الإسنادُ نهائيٌّ · وحاوياتُ الموردين تُستهلك · وعدّادُ المعدة يُحدَّث · الحلقةُ الأولى تُفتح · وقفلُ التعديل · وعدّادُ المهلة يبدأ · الحلقةُ ال  [nav09_map]"
"ادارة الموارد البشرية",3.310.14,"ثالثًا: الحضور والإجازات","التايم شيت","تسجيل التايم شيت والإنتاج · Timesheet/timesheet.php","approval_chain · approval_chain · attribution · attendance · fin_events · meter_readings · unit_records · unit_periods · unit_records.state  [nav09_map]","إدارة الموقع","إيرادُ العميل وذمةُ المورد وأجرُ المشغّل تتولد بأحكامٍ ثلاثةٍ مستقلة · وخطةُ العقد تُحدَّث · والإهلاكُ يُحتسب · الإسنادُ نهائيٌّ · وحاوياتُ الموردين تُستهلك · وعدّادُ المعدة يُحدَّث · الحلقةُ الأولى تُفتح · وقفلُ التعديل · وعدّادُ المهلة يبدأ · الحلقةُ ال  [nav09_map]"
"ادارة الموارد البشرية",4.411.15,"رابعًا: القوى الميدانية","المشغّلون والتكليف","سجل المشغّلين · Employees/equipment_operators.php","asset_register · fin_events · equipments · asset_register · operator_monthly · operator_qualifications  [nav09_map]","ادارة الموارد البشرية","أساسُ الحافز يُثبَّت · والساعاتُ تدخل المسيّر · والإنتاجُ يُنسب له · الإهلاكُ يتوقف · والقيمةُ تُقفل · والتخصيصاتُ تُنهى · والحصصُ تُغلق · الحارسُ يسمح بتخصيصه على هذا النوع · وبانتهاء الشهادة يُمنع آليًّا · كرتٌ بكودٍ دائم · وطلبُ تفتيشٍ أوليٍّ يُفتح · و  [nav09_map]"
"ادارة الموارد البشرية",4.411.16,"رابعًا: القوى الميدانية","المشغّلون والتكليف","تكليف المشغّل على المعدة · Operations/distribution_space.php","asset_register · fin_events · equipments · asset_register · operator_monthly · operator_qualifications  [nav09_map]","إدارة الموقع","أساسُ الحافز يُثبَّت · والساعاتُ تدخل المسيّر · والإنتاجُ يُنسب له · الإهلاكُ يتوقف · والقيمةُ تُقفل · والتخصيصاتُ تُنهى · والحصصُ تُغلق · الحارسُ يسمح بتخصيصه على هذا النوع · وبانتهاء الشهادة يُمنع آليًّا · كرتٌ بكودٍ دائم · وطلبُ تفتيشٍ أوليٍّ يُفتح · و  [nav09_map]"
"ادارة الموارد البشرية",4.411.17,"رابعًا: القوى الميدانية","المشغّلون والتكليف","تأهيل المشغّلين على أنواع المعدات · Workforce/op_qual.php","asset_register · fin_events · equipments · asset_register · operator_monthly · operator_qualifications  [nav09_map]","القوى التشغيلية","أساسُ الحافز يُثبَّت · والساعاتُ تدخل المسيّر · والإنتاجُ يُنسب له · الإهلاكُ يتوقف · والقيمةُ تُقفل · والتخصيصاتُ تُنهى · والحصصُ تُغلق · الحارسُ يسمح بتخصيصه على هذا النوع · وبانتهاء الشهادة يُمنع آليًّا · كرتٌ بكودٍ دائم · وطلبُ تفتيشٍ أوليٍّ يُفتح · و  [nav09_map]"
"ادارة الموارد البشرية",4.412.18,"رابعًا: القوى الميدانية","الأداء الشهري","الأداء الشهري للمشغّل · Workforce/op_monthly.php","asset_register · fin_events · equipments · asset_register · operator_monthly · operator_qualifications  [nav09_map]","القوى التشغيلية","أساسُ الحافز يُثبَّت · والساعاتُ تدخل المسيّر · والإنتاجُ يُنسب له · الإهلاكُ يتوقف · والقيمةُ تُقفل · والتخصيصاتُ تُنهى · والحصصُ تُغلق · الحارسُ يسمح بتخصيصه على هذا النوع · وبانتهاء الشهادة يُمنع آليًّا · كرتٌ بكودٍ دائم · وطلبُ تفتيشٍ أوليٍّ يُفتح · و  [nav09_map]"
"ادارة الموارد البشرية",4.413.19,"رابعًا: القوى الميدانية",المعدات,"سجل المعدات · Equipments/equipments.php","asset_register · fin_events · equipments · asset_register · operator_monthly · operator_qualifications  [nav09_map]","إدارة الأسطول  [إدارة]","أساسُ الحافز يُثبَّت · والساعاتُ تدخل المسيّر · والإنتاجُ يُنسب له · الإهلاكُ يتوقف · والقيمةُ تُقفل · والتخصيصاتُ تُنهى · والحصصُ تُغلق · الحارسُ يسمح بتخصيصه على هذا النوع · وبانتهاء الشهادة يُمنع آليًّا · كرتٌ بكودٍ دائم · وطلبُ تفتيشٍ أوليٍّ يُفتح · و  [nav09_map]"
"ادارة الموارد البشرية",5.514.20,"خامسًا: الخصومات والسلف",الخصومات,"الخصومات والجزاءات · Workforce/deductions.php","deductions.approved  [nav09_map]","ادارة الموارد البشرية","يُرحَّل للمسيّر ببنده ومرجعه — ولا ترحيلَ مباشر  [nav09_map]"
"ادارة الموارد البشرية",5.514.21,"خامسًا: الخصومات والسلف",الخصومات,"خصومات المشغّلين المقترحة · Workforce/proposed_deductions.php","deductions.approved  [nav09_map]","القوى التشغيلية","يُرحَّل للمسيّر ببنده ومرجعه — ولا ترحيلَ مباشر  [nav09_map]"
"ادارة الموارد البشرية",5.515.22,"خامسًا: الخصومات والسلف","السلف والعهد","السلف والعهد المالية · Workforce/employee_advances.php","deductions.approved  [nav09_map]","ادارة الموارد البشرية","يُرحَّل للمسيّر ببنده ومرجعه — ولا ترحيلَ مباشر  [nav09_map]"
"ادارة الموارد البشرية",6.616.23,"سادسًا: التقييم والتصفية","تقييم الأداء","تقييم أداء العاملين · Workforce/worker_evaluation.php","final_settlement · payables · worker_evaluations  [nav09_map]","ادارة الموارد البشرية","التقييمُ يدخل الملفَّ الوظيفي · ويؤثر في الترقية والبدل والتجديد · المستحقُّ يُسدَّد صافيًا · والعهدُ تُخلى · والحسابُ يُعطَّل · والصفةُ تُنهى في الهوية  [nav09_map]"
"ادارة الموارد البشرية",6.617.24,"سادسًا: التقييم والتصفية","تصفية إنهاء الخدمة","تصفية إنهاء خدمة موظف · Workforce/final_settlement.php","final_settlement · payables · worker_evaluations  [nav09_map]","ادارة الموارد البشرية","التقييمُ يدخل الملفَّ الوظيفي · ويؤثر في الترقية والبدل والتجديد · المستحقُّ يُسدَّد صافيًا · والعهدُ تُخلى · والحسابُ يُعطَّل · والصفةُ تُنهى في الهوية  [nav09_map]"
"ادارة الموارد البشرية",7.718.25,"سابعًا: المسيّر والدفع",المسيّر,"مسيّر الرواتب · Workforce/payroll_runs.php","— لا مصدر","ادارة الموارد البشرية","متابعة الموارد  [cycle_order]"
"ادارة الموارد البشرية",7.719.26,"سابعًا: المسيّر والدفع","طلب الدفع","طلبات الدفع والسداد · Finance/payments_fin.php","— لا مصدر","إدارة المالية","متابعة الموارد  [cycle_order]"
"ادارة الموارد البشرية",8.820.27,"متابعة الموارد","ما يُعرض للموظف","من يرى ماذا ومكوّنات البوابة · Portal/visibility_keys.php","approvals · approvals · audit · approvals · reasons · unit_entries · unit_approvals  [nav09_map]","ادارة الموارد البشرية","السلسلةُ تتقدم محطةً بقرارٍ مسجَّل · المستندُ يعود قابلًا للتعديل · والمهلةُ تتوقف حتى إعادة الرفع · المستندُ يعود لمُنشئه بسببٍ من قائمةٍ محكومة — ويُقاس السببُ في تحليل الاختناقات · المستندُ ينتقل · والتوقيعُ يُسجَّل بمرجع التفويض  [nav09_map]"
"ادارة الموارد البشرية",8.821.28,"متابعة الموارد","المتابعة والبلاغات","بلاغات إدارتي · Tickets/dept_inbox.php","approvals · approvals · audit · approvals · reasons · unit_entries · unit_approvals  [nav09_map]","إدارة البلاغات","السلسلةُ تتقدم محطةً بقرارٍ مسجَّل · المستندُ يعود قابلًا للتعديل · والمهلةُ تتوقف حتى إعادة الرفع · المستندُ يعود لمُنشئه بسببٍ من قائمةٍ محكومة — ويُقاس السببُ في تحليل الاختناقات · المستندُ ينتقل · والتوقيعُ يُسجَّل بمرجع التفويض  [nav09_map]"
"ادارة الموارد البشرية",8.821.29,"متابعة الموارد","المتابعة والبلاغات","أبلغ عن مشكلة من هذه الشاشة · Tickets/ticket_contextual_open.php","approvals · approvals · audit · approvals · reasons · unit_entries · unit_approvals  [nav09_map]","— لا وحدة","السلسلةُ تتقدم محطةً بقرارٍ مسجَّل · المستندُ يعود قابلًا للتعديل · والمهلةُ تتوقف حتى إعادة الرفع · المستندُ يعود لمُنشئه بسببٍ من قائمةٍ محكومة — ويُقاس السببُ في تحليل الاختناقات · المستندُ ينتقل · والتوقيعُ يُسجَّل بمرجع التفويض  [nav09_map]"
"ادارة الموارد البشرية",8.821.30,"متابعة الموارد","المتابعة والبلاغات","صندوق ما ينتظر اعتمادي · Finance/approvals_inbox.php","approvals · approvals · audit · approvals · reasons · unit_entries · unit_approvals  [nav09_map]","إدارة المالية","السلسلةُ تتقدم محطةً بقرارٍ مسجَّل · المستندُ يعود قابلًا للتعديل · والمهلةُ تتوقف حتى إعادة الرفع · المستندُ يعود لمُنشئه بسببٍ من قائمةٍ محكومة — ويُقاس السببُ في تحليل الاختناقات · المستندُ ينتقل · والتوقيعُ يُسجَّل بمرجع التفويض  [nav09_map]"
"ادارة الموارد البشرية",8.890.5,"متابعة الموارد","— بقرار المالك","ما ينتظر اعتمادي · Approvals/hours_approval.php","approvals · approvals · audit · approvals · reasons · unit_entries · unit_approvals  [nav09_map]","ادارة التشغيل","السلسلةُ تتقدم محطةً بقرارٍ مسجَّل · المستندُ يعود قابلًا للتعديل · والمهلةُ تتوقف حتى إعادة الرفع · المستندُ يعود لمُنشئه بسببٍ من قائمةٍ محكومة — ويُقاس السببُ في تحليل الاختناقات · المستندُ ينتقل · والتوقيعُ يُسجَّل بمرجع التفويض  [nav09_map]"
"ادارة الموارد البشرية",8.890.900,"متابعة الموارد","— بقرار المالك","صندوقُ موافقاتي — ما ينتظر يدي · Approvals/requests.php","approvals · approvals · audit · approvals · reasons · unit_entries · unit_approvals  [nav09_map]","ادارة الصيانة","السلسلةُ تتقدم محطةً بقرارٍ مسجَّل · المستندُ يعود قابلًا للتعديل · والمهلةُ تتوقف حتى إعادة الرفع · المستندُ يعود لمُنشئه بسببٍ من قائمةٍ محكومة — ويُقاس السببُ في تحليل الاختناقات · المستندُ ينتقل · والتوقيعُ يُسجَّل بمرجع التفويض  [nav09_map]"
"ادارة الموارد البشرية",9.922.31,"تقارير الموارد","الميزانية والإنجاز","ميزانية إدارتي · Finance/budget_dept.php","budget_change_requests · export_log  [nav09_map]","إدارة المالية","الطلبُ يدخل سلّمَ الاعتماد ببيان أثره — ولا يُعدَّل السقفُ قبل الاعتماد · الملفُّ يُصدَّر بنطاق المستخدم وحدَه · وكلُّ تصديرٍ يُسجَّل بالمستخدم والفلاتر  [nav09_map]"
"ادارة الموارد البشرية",9.922.32,"تقارير الموارد","الميزانية والإنجاز","إنجاز الإدارة · Portal/dept_achievement.php","budget_change_requests · export_log  [nav09_map]","إدارة الصلاحيات","الطلبُ يدخل سلّمَ الاعتماد ببيان أثره — ولا يُعدَّل السقفُ قبل الاعتماد · الملفُّ يُصدَّر بنطاق المستخدم وحدَه · وكلُّ تصديرٍ يُسجَّل بالمستخدم والفلاتر  [nav09_map]"
"ادارة الموارد البشرية",9.922.33,"تقارير الموارد","الميزانية والإنجاز","مركز التقارير · emsreports/index.php","budget_change_requests · export_log  [nav09_map]","إدارة الصلاحيات","الطلبُ يدخل سلّمَ الاعتماد ببيان أثره — ولا يُعدَّل السقفُ قبل الاعتماد · الملفُّ يُصدَّر بنطاق المستخدم وحدَه · وكلُّ تصديرٍ يُسجَّل بالمستخدم والفلاتر  [nav09_map]"
"ادارة الموارد البشرية",98.9800.10,"فريق العمل","فريق العمل","إدارة المعاونين · main/project_users.php","— لا مصدر","ادارة الموردين","خارج الوثيقة — بانتظار قرار المالك  [cycle_order]"
"ادارة الموارد البشرية",99.9900.50,"خارج الوثيقة — بانتظار قرار المالك","أخرى — للمراجعة","المسميات الوظيفية · Employees/job_titles.php","contract_audit · housing_assignments · worker_movements  [nav09_map]","ادارة الموارد البشرية","التخصيصُ السابق يُنهى والجديدُ يُفتح · ورحلةُ النقل تُطلب · والسكنُ يُعاد تخصيصُه · والبدلاتُ تُراجَع · الوحدةُ تُشغَل بسعتها · وتكلفةُ الإعاشة تُحمَّل على مركزها · والاستحقاقُ يُفحص من العقد · كلُّ عقدٍ يُفحص: التفويضُ والكفالةُ والسريان — والناقصُ يُرفع  [nav09_map]"
"ادارة الموارد البشرية",99.9900.50,"خارج الوثيقة — بانتظار قرار المالك","أخرى — للمراجعة","الأدوار الوظيفية · Employees/employee_roles.php","contract_audit · housing_assignments · worker_movements  [nav09_map]","ادارة الموارد البشرية","التخصيصُ السابق يُنهى والجديدُ يُفتح · ورحلةُ النقل تُطلب · والسكنُ يُعاد تخصيصُه · والبدلاتُ تُراجَع · الوحدةُ تُشغَل بسعتها · وتكلفةُ الإعاشة تُحمَّل على مركزها · والاستحقاقُ يُفحص من العقد · كلُّ عقدٍ يُفحص: التفويضُ والكفالةُ والسريان — والناقصُ يُرفع  [nav09_map]"
"ادارة الموارد البشرية",99.9900.50,"خارج الوثيقة — بانتظار قرار المالك","أخرى — للمراجعة","ملف العامل التشغيلي · Workforce/worker_register.php","contract_audit · housing_assignments · worker_movements  [nav09_map]","ادارة الموارد البشرية","التخصيصُ السابق يُنهى والجديدُ يُفتح · ورحلةُ النقل تُطلب · والسكنُ يُعاد تخصيصُه · والبدلاتُ تُراجَع · الوحدةُ تُشغَل بسعتها · وتكلفةُ الإعاشة تُحمَّل على مركزها · والاستحقاقُ يُفحص من العقد · كلُّ عقدٍ يُفحص: التفويضُ والكفالةُ والسريان — والناقصُ يُرفع  [nav09_map]"
"ادارة الموارد البشرية",99.9900.50,"خارج الوثيقة — بانتظار قرار المالك","أخرى — للمراجعة","عقود العاملين · Workforce/worker_contract.php","contract_audit · housing_assignments · worker_movements  [nav09_map]","ادارة الموارد البشرية","التخصيصُ السابق يُنهى والجديدُ يُفتح · ورحلةُ النقل تُطلب · والسكنُ يُعاد تخصيصُه · والبدلاتُ تُراجَع · الوحدةُ تُشغَل بسعتها · وتكلفةُ الإعاشة تُحمَّل على مركزها · والاستحقاقُ يُفحص من العقد · كلُّ عقدٍ يُفحص: التفويضُ والكفالةُ والسريان — والناقصُ يُرفع  [nav09_map]"
"ادارة الموارد البشرية",99.9900.50,"خارج الوثيقة — بانتظار قرار المالك","أخرى — للمراجعة","تنقلات العاملين · Workforce/worker_movement.php","contract_audit · housing_assignments · worker_movements  [nav09_map]","ادارة الموارد البشرية","التخصيصُ السابق يُنهى والجديدُ يُفتح · ورحلةُ النقل تُطلب · والسكنُ يُعاد تخصيصُه · والبدلاتُ تُراجَع · الوحدةُ تُشغَل بسعتها · وتكلفةُ الإعاشة تُحمَّل على مركزها · والاستحقاقُ يُفحص من العقد · كلُّ عقدٍ يُفحص: التفويضُ والكفالةُ والسريان — والناقصُ يُرفع  [nav09_map]"
"ادارة الموارد البشرية",99.9900.50,"خارج الوثيقة — بانتظار قرار المالك","أخرى — للمراجعة","تسويات العاملين · Workforce/worker_settlement.php","contract_audit · housing_assignments · worker_movements  [nav09_map]","ادارة الموارد البشرية","التخصيصُ السابق يُنهى والجديدُ يُفتح · ورحلةُ النقل تُطلب · والسكنُ يُعاد تخصيصُه · والبدلاتُ تُراجَع · الوحدةُ تُشغَل بسعتها · وتكلفةُ الإعاشة تُحمَّل على مركزها · والاستحقاقُ يُفحص من العقد · كلُّ عقدٍ يُفحص: التفويضُ والكفالةُ والسريان — والناقصُ يُرفع  [nav09_map]"
"ادارة الموارد البشرية",99.9900.50,"خارج الوثيقة — بانتظار قرار المالك","أخرى — للمراجعة","سجل الأحداث التشغيلية · Workforce/worker_worklog.php","contract_audit · housing_assignments · worker_movements  [nav09_map]","ادارة الموارد البشرية","التخصيصُ السابق يُنهى والجديدُ يُفتح · ورحلةُ النقل تُطلب · والسكنُ يُعاد تخصيصُه · والبدلاتُ تُراجَع · الوحدةُ تُشغَل بسعتها · وتكلفةُ الإعاشة تُحمَّل على مركزها · والاستحقاقُ يُفحص من العقد · كلُّ عقدٍ يُفحص: التفويضُ والكفالةُ والسريان — والناقصُ يُرفع  [nav09_map]"
"ادارة الموارد البشرية",99.9901.50,"خارج الوثيقة — بانتظار قرار المالك","أخرى — للمراجعة (ب)","السكن والإعاشة · Workforce/housing_units.php","contract_audit · housing_assignments · worker_movements  [nav09_map]","ادارة الموارد البشرية","التخصيصُ السابق يُنهى والجديدُ يُفتح · ورحلةُ النقل تُطلب · والسكنُ يُعاد تخصيصُه · والبدلاتُ تُراجَع · الوحدةُ تُشغَل بسعتها · وتكلفةُ الإعاشة تُحمَّل على مركزها · والاستحقاقُ يُفحص من العقد · كلُّ عقدٍ يُفحص: التفويضُ والكفالةُ والسريان — والناقصُ يُرفع  [nav09_map]"
"ادارة الموارد البشرية",99.9901.50,"خارج الوثيقة — بانتظار قرار المالك","أخرى — للمراجعة (ب)","مركز التقارير · Reports/reports.php","contract_audit · housing_assignments · worker_movements  [nav09_map]","ادارة التشغيل","التخصيصُ السابق يُنهى والجديدُ يُفتح · ورحلةُ النقل تُطلب · والسكنُ يُعاد تخصيصُه · والبدلاتُ تُراجَع · الوحدةُ تُشغَل بسعتها · وتكلفةُ الإعاشة تُحمَّل على مركزها · والاستحقاقُ يُفحص من العقد · كلُّ عقدٍ يُفحص: التفويضُ والكفالةُ والسريان — والناقصُ يُرفع  [nav09_map]"
"ادارة الموارد البشرية",99.9901.50,"خارج الوثيقة — بانتظار قرار المالك","أخرى — للمراجعة (ب)","ميزانية إدارتي · Finance/budget_form_fin.php","contract_audit · housing_assignments · worker_movements  [nav09_map]","إدارة المالية","التخصيصُ السابق يُنهى والجديدُ يُفتح · ورحلةُ النقل تُطلب · والسكنُ يُعاد تخصيصُه · والبدلاتُ تُراجَع · الوحدةُ تُشغَل بسعتها · وتكلفةُ الإعاشة تُحمَّل على مركزها · والاستحقاقُ يُفحص من العقد · كلُّ عقدٍ يُفحص: التفويضُ والكفالةُ والسريان — والناقصُ يُرفع  [nav09_map]"
"ادارة الموارد البشرية",99.9901.50,"خارج الوثيقة — بانتظار قرار المالك","أخرى — للمراجعة (ب)","الذمم والتحصيل · Finance/dues_fin.php","contract_audit · housing_assignments · worker_movements  [nav09_map]","إدارة المالية","التخصيصُ السابق يُنهى والجديدُ يُفتح · ورحلةُ النقل تُطلب · والسكنُ يُعاد تخصيصُه · والبدلاتُ تُراجَع · الوحدةُ تُشغَل بسعتها · وتكلفةُ الإعاشة تُحمَّل على مركزها · والاستحقاقُ يُفحص من العقد · كلُّ عقدٍ يُفحص: التفويضُ والكفالةُ والسريان — والناقصُ يُرفع  [nav09_map]"
"ادارة الموارد البشرية",99.9901.50,"خارج الوثيقة — بانتظار قرار المالك","أخرى — للمراجعة (ب)","الإعدادات · Settings/settings.php","contract_audit · housing_assignments · worker_movements  [nav09_map]","ادارة التشغيل","التخصيصُ السابق يُنهى والجديدُ يُفتح · ورحلةُ النقل تُطلب · والسكنُ يُعاد تخصيصُه · والبدلاتُ تُراجَع · الوحدةُ تُشغَل بسعتها · وتكلفةُ الإعاشة تُحمَّل على مركزها · والاستحقاقُ يُفحص من العقد · كلُّ عقدٍ يُفحص: التفويضُ والكفالةُ والسريان — والناقصُ يُرفع  [nav09_map]"
"ادارة الموارد البشرية",99.9901.50,"خارج الوثيقة — بانتظار قرار المالك","أخرى — للمراجعة (ب)","لوحة الإدارة · main/role_board.php","contract_audit · housing_assignments · worker_movements  [nav09_map]","إدارة الصلاحيات","التخصيصُ السابق يُنهى والجديدُ يُفتح · ورحلةُ النقل تُطلب · والسكنُ يُعاد تخصيصُه · والبدلاتُ تُراجَع · الوحدةُ تُشغَل بسعتها · وتكلفةُ الإعاشة تُحمَّل على مركزها · والاستحقاقُ يُفحص من العقد · كلُّ عقدٍ يُفحص: التفويضُ والكفالةُ والسريان — والناقصُ يُرفع  [nav09_map]"
"ادارة الموارد البشرية",99.9901.50,"خارج الوثيقة — بانتظار قرار المالك","أخرى — للمراجعة (ب)","تسويات الموظفين · Workforce/employee_settlements.php","contract_audit · housing_assignments · worker_movements  [nav09_map]","ادارة الموارد البشرية","التخصيصُ السابق يُنهى والجديدُ يُفتح · ورحلةُ النقل تُطلب · والسكنُ يُعاد تخصيصُه · والبدلاتُ تُراجَع · الوحدةُ تُشغَل بسعتها · وتكلفةُ الإعاشة تُحمَّل على مركزها · والاستحقاقُ يُفحص من العقد · كلُّ عقدٍ يُفحص: التفويضُ والكفالةُ والسريان — والناقصُ يُرفع  [nav09_map]"
"ادارة الموارد البشرية",99.9902.50,"خارج الوثيقة — بانتظار قرار المالك","أخرى — للمراجعة (ج)","سجل العقود الموحّد · Workforce/contract_registry.php","contract_audit · housing_assignments · worker_movements  [nav09_map]","ادارة الموارد البشرية","التخصيصُ السابق يُنهى والجديدُ يُفتح · ورحلةُ النقل تُطلب · والسكنُ يُعاد تخصيصُه · والبدلاتُ تُراجَع · الوحدةُ تُشغَل بسعتها · وتكلفةُ الإعاشة تُحمَّل على مركزها · والاستحقاقُ يُفحص من العقد · كلُّ عقدٍ يُفحص: التفويضُ والكفالةُ والسريان — والناقصُ يُرفع  [nav09_map]"
"ادارة الموارد البشرية",99.9902.99,"خارج الوثيقة — بانتظار قرار المالك","أخرى — للمراجعة (ج)","مساحة مخاطر الإدارة · Risk/dept_risk_space.php","contract_audit · housing_assignments · worker_movements  [nav09_map]","إدارة المخاطر","التخصيصُ السابق يُنهى والجديدُ يُفتح · ورحلةُ النقل تُطلب · والسكنُ يُعاد تخصيصُه · والبدلاتُ تُراجَع · الوحدةُ تُشغَل بسعتها · وتكلفةُ الإعاشة تُحمَّل على مركزها · والاستحقاقُ يُفحص من العقد · كلُّ عقدٍ يُفحص: التفويضُ والكفالةُ والسريان — والناقصُ يُرفع  [nav09_map]"
"إدارة الموقع",—,"(بلا مرحلة)","لوحة الإدارة","مساحة عملي · main/my_workspace.php","— لا مصدر","— لا وحدة","— لا مصدر"
"إدارة الموقع",—,"(بلا مرحلة)","العمل اليومي","طلب مالي جديد · FinRequests/request_form.php","— لا مصدر","ادارة الصيانة","— لا مصدر"
"إدارة الموقع",0.1.1,"لوحة الموقع","مساحتي الشخصية","مهامي · Portal/my_tasks.php","requests · tasks · workflow  [nav09_map]","مساحة عملي  [إدارة]","الطلبُ يدخل صندوقَ اعتماد المعنيّ بمساره — ويظهر في «طلباتي» بحالته · المهمةُ تُقفل · والخطوةُ التاليةُ تُفتح لصاحبها · ومهلةُ المسار تُحدَّث · تُصيَّر المكوّناتُ التي منحته إياها الحوكمةُ وحدَها · ومشغّلُ المعدة يرى معدتَه ومشغّلَها الآخر · يُعاد الحسابُ  [nav09_map]"
"إدارة الموقع",0.1.2,"لوحة الموقع","مساحتي الشخصية","إنجازي · Portal/my_achievement.php","requests · tasks · workflow  [nav09_map]","إدارة الصلاحيات","الطلبُ يدخل صندوقَ اعتماد المعنيّ بمساره — ويظهر في «طلباتي» بحالته · المهمةُ تُقفل · والخطوةُ التاليةُ تُفتح لصاحبها · ومهلةُ المسار تُحدَّث · تُصيَّر المكوّناتُ التي منحته إياها الحوكمةُ وحدَها · ومشغّلُ المعدة يرى معدتَه ومشغّلَها الآخر · يُعاد الحسابُ  [nav09_map]"
"إدارة الموقع",0.1.3,"لوحة الموقع","مساحتي الشخصية","بوابتي · Portal/my_portal.php","requests · tasks · workflow  [nav09_map]","إدارة الصلاحيات","الطلبُ يدخل صندوقَ اعتماد المعنيّ بمساره — ويظهر في «طلباتي» بحالته · المهمةُ تُقفل · والخطوةُ التاليةُ تُفتح لصاحبها · ومهلةُ المسار تُحدَّث · تُصيَّر المكوّناتُ التي منحته إياها الحوكمةُ وحدَها · ومشغّلُ المعدة يرى معدتَه ومشغّلَها الآخر · يُعاد الحسابُ  [nav09_map]"
"إدارة الموقع",0.1.4,"لوحة الموقع","مساحتي الشخصية","طلباتي · FinRequests/my_requests.php","requests · tasks · workflow  [nav09_map]","ادارة الصيانة","الطلبُ يدخل صندوقَ اعتماد المعنيّ بمساره — ويظهر في «طلباتي» بحالته · المهمةُ تُقفل · والخطوةُ التاليةُ تُفتح لصاحبها · ومهلةُ المسار تُحدَّث · تُصيَّر المكوّناتُ التي منحته إياها الحوكمةُ وحدَها · ومشغّلُ المعدة يرى معدتَه ومشغّلَها الآخر · يُعاد الحسابُ  [nav09_map]"
"إدارة الموقع",0.1.5,"لوحة الموقع","مساحتي الشخصية","المراسلات · chats/index.php","requests · tasks · workflow  [nav09_map]","— لا وحدة","الطلبُ يدخل صندوقَ اعتماد المعنيّ بمساره — ويظهر في «طلباتي» بحالته · المهمةُ تُقفل · والخطوةُ التاليةُ تُفتح لصاحبها · ومهلةُ المسار تُحدَّث · تُصيَّر المكوّناتُ التي منحته إياها الحوكمةُ وحدَها · ومشغّلُ المعدة يرى معدتَه ومشغّلَها الآخر · يُعاد الحسابُ  [nav09_map]"
"إدارة الموقع",0.2.6,"لوحة الموقع","غرفة العمليات","غرفة عمليات المواقع · Operations/operations_room.php","requests · tasks · workflow  [nav09_map]","ادارة التشغيل","الطلبُ يدخل صندوقَ اعتماد المعنيّ بمساره — ويظهر في «طلباتي» بحالته · المهمةُ تُقفل · والخطوةُ التاليةُ تُفتح لصاحبها · ومهلةُ المسار تُحدَّث · تُصيَّر المكوّناتُ التي منحته إياها الحوكمةُ وحدَها · ومشغّلُ المعدة يرى معدتَه ومشغّلَها الآخر · يُعاد الحسابُ  [nav09_map]"
"إدارة الموقع",1.103.7,"أولًا: جدول العمل والورديات","جدول عمل المنجم","جدول عمل المنجم — الأسبوعي والشهري · Operations/site_work_calendar.php","daily_plans · daily_plans · resource_locks · daily_plans.state · shift_plan · assignments · work_calendar  [nav09_map]","إدارة الموقع","أيامُ العمل تصير نافذةً · والتناوبُ يُبنى عليها · ونوافذُ الوقائية تُحجز · والكمياتُ المخططةُ تُوزَّع · الحارسُ يفحص التأهيلَ والجاهزيةَ والوثائق · والمواردُ تُحجز مبدئيًّا · الخطةُ تصير نافذةً · ويُفتح التايم شيت عليها · وتُطلب رحلاتُ الترحيل الناقصة · ا  [nav09_map]"
"إدارة الموقع",1.104.8,"أولًا: جدول العمل والورديات","ورديات النهار والليل","جدول الورديات — النهار والليل · Operations/site_shift_plan.php","daily_plans · daily_plans · resource_locks · daily_plans.state · shift_plan · assignments · work_calendar  [nav09_map]","إدارة الموقع","أيامُ العمل تصير نافذةً · والتناوبُ يُبنى عليها · ونوافذُ الوقائية تُحجز · والكمياتُ المخططةُ تُوزَّع · الحارسُ يفحص التأهيلَ والجاهزيةَ والوثائق · والمواردُ تُحجز مبدئيًّا · الخطةُ تصير نافذةً · ويُفتح التايم شيت عليها · وتُطلب رحلاتُ الترحيل الناقصة · ا  [nav09_map]"
"إدارة الموقع",1.105.9,"أولًا: جدول العمل والورديات","خطة الغد","خطة عمل الغد · Operations/daily_plan.php","daily_plans · daily_plans · resource_locks · daily_plans.state · shift_plan · assignments · work_calendar  [nav09_map]","ادارة الاسطول","أيامُ العمل تصير نافذةً · والتناوبُ يُبنى عليها · ونوافذُ الوقائية تُحجز · والكمياتُ المخططةُ تُوزَّع · الحارسُ يفحص التأهيلَ والجاهزيةَ والوثائق · والمواردُ تُحجز مبدئيًّا · الخطةُ تصير نافذةً · ويُفتح التايم شيت عليها · وتُطلب رحلاتُ الترحيل الناقصة · ا  [nav09_map]"
"إدارة الموقع",2.206.10,"ثانيًا: أذون الدخول والخروج","أذون المعدات","أذون دخول وخروج المعدات · Operations/site_gate_equip.php","حالةُ الوحدةِ «معتمدةٌ يوميًّا»  [LAD-01]","إدارة الموقع","الدخولُ يُسمح للمستفيد في المدة المحددة — ولا دخولَ بلا إذنٍ ساري · المعدةُ تدخل الموقعَ أو تخرج منه بتاريخٍ موثَّق · وموقعُها في الكرت يتغير · ولا حركةَ بلا إذنٍ ساري · بدايةُ العمل أو نهايتُه تُوثَّق · والتخصيصُ يُفتح أو يُنهى · والتناوبُ والأجرُ يُحتسب  [nav09_map]"
"إدارة الموقع",2.207.11,"ثانيًا: أذون الدخول والخروج","أذون المشغّلين","أذون دخول وخروج المشغّلين · Operations/site_gate_person.php","حالةُ الوحدةِ «معتمدةٌ يوميًّا»  [LAD-01]","إدارة الموقع","الدخولُ يُسمح للمستفيد في المدة المحددة — ولا دخولَ بلا إذنٍ ساري · المعدةُ تدخل الموقعَ أو تخرج منه بتاريخٍ موثَّق · وموقعُها في الكرت يتغير · ولا حركةَ بلا إذنٍ ساري · بدايةُ العمل أو نهايتُه تُوثَّق · والتخصيصُ يُفتح أو يُنهى · والتناوبُ والأجرُ يُحتسب  [nav09_map]"
"إدارة الموقع",2.208.12,"ثانيًا: أذون الدخول والخروج","أذون الزيارة","أذون الزيارة والمركبات الخارجية · admin/org_permits.php","حالةُ الوحدةِ «معتمدةٌ يوميًّا»  [LAD-01]","إدارة الموقع  [إدارة]","الدخولُ يُسمح للمستفيد في المدة المحددة — ولا دخولَ بلا إذنٍ ساري · المعدةُ تدخل الموقعَ أو تخرج منه بتاريخٍ موثَّق · وموقعُها في الكرت يتغير · ولا حركةَ بلا إذنٍ ساري · بدايةُ العمل أو نهايتُه تُوثَّق · والتخصيصُ يُفتح أو يُنهى · والتناوبُ والأجرُ يُحتسب  [nav09_map]"
"إدارة الموقع",3.309.13,"ثالثًا: تجهيز الموارد","الموارد المتاحة","سجل المعدات · Equipments/equipments.php","حالةُ المطابقةِ + فتحُ اعتمادِ الموردين  [LAD-01]","إدارة الأسطول  [إدارة]","الإهلاكُ يتوقف · والقيمةُ تُقفل · والتخصيصاتُ تُنهى · والحصصُ تُغلق · كرتٌ بكودٍ دائم · وطلبُ تفتيشٍ أوليٍّ يُفتح · وأصلٌ يدخل السجلَ بلا إهلاكٍ حتى التفعيل  [nav09_map]"
"إدارة الموقع",3.309.14,"ثالثًا: تجهيز الموارد","الموارد المتاحة","سجل المشغّلين · Employees/equipment_operators.php","حالةُ المطابقةِ + فتحُ اعتمادِ الموردين  [LAD-01]","ادارة الموارد البشرية","الإهلاكُ يتوقف · والقيمةُ تُقفل · والتخصيصاتُ تُنهى · والحصصُ تُغلق · كرتٌ بكودٍ دائم · وطلبُ تفتيشٍ أوليٍّ يُفتح · وأصلٌ يدخل السجلَ بلا إهلاكٍ حتى التفعيل  [nav09_map]"
"إدارة الموقع",3.309.15,"ثالثًا: تجهيز الموارد","الموارد المتاحة","تكليف المشغّل على المعدة · Operations/distribution_space.php","حالةُ المطابقةِ + فتحُ اعتمادِ الموردين  [LAD-01]","إدارة الموقع","الإهلاكُ يتوقف · والقيمةُ تُقفل · والتخصيصاتُ تُنهى · والحصصُ تُغلق · كرتٌ بكودٍ دائم · وطلبُ تفتيشٍ أوليٍّ يُفتح · وأصلٌ يدخل السجلَ بلا إهلاكٍ حتى التفعيل  [nav09_map]"
"إدارة الموقع",3.310.16,"ثالثًا: تجهيز الموارد","الجاهزية والوثائق","جاهزية المعدات للتشغيل · Fleet/readiness_board.php","حالةُ المطابقةِ + فتحُ اعتمادِ الموردين  [LAD-01]","ادارة الاسطول","الإهلاكُ يتوقف · والقيمةُ تُقفل · والتخصيصاتُ تُنهى · والحصصُ تُغلق · كرتٌ بكودٍ دائم · وطلبُ تفتيشٍ أوليٍّ يُفتح · وأصلٌ يدخل السجلَ بلا إهلاكٍ حتى التفعيل  [nav09_map]"
"إدارة الموقع",3.310.17,"ثالثًا: تجهيز الموارد","الجاهزية والوثائق","وثائق المعدات والمشغّلين · Equipments/equipment_documents.php","حالةُ المطابقةِ + فتحُ اعتمادِ الموردين  [LAD-01]","ادارة الاسطول","الإهلاكُ يتوقف · والقيمةُ تُقفل · والتخصيصاتُ تُنهى · والحصصُ تُغلق · كرتٌ بكودٍ دائم · وطلبُ تفتيشٍ أوليٍّ يُفتح · وأصلٌ يدخل السجلَ بلا إهلاكٍ حتى التفعيل  [nav09_map]"
"إدارة الموقع",4.411.18,"رابعًا: تسجيل عمل اليوم",الوردية,"سجل الوردية · Operations/shift_log.php","approval_chain · approval_chain · attribution · fin_events · meter_readings · production_records · production.client_qty · variance · shift_log · attendance · shift_log.closed · handover · unit_entries · unit_records · unit_periods · unit_records.state  [nav09_map]","إدارة الموقع","إيرادُ العميل وذمةُ المورد وأجرُ المشغّل تتولد بأحكامٍ ثلاثةٍ مستقلة · وخطةُ العقد تُحدَّث · والإهلاكُ يُحتسب · الإسنادُ نهائيٌّ · وحاوياتُ الموردين تُستهلك · وعدّادُ المعدة يُحدَّث · الحلقةُ الأولى تُفتح · وقفلُ التعديل · وعدّادُ المهلة يبدأ · الحلقةُ ال  [nav09_map]"
"إدارة الموقع",4.412.19,"رابعًا: تسجيل عمل اليوم","التايم شيت والإنتاج","تسجيل التايم شيت والإنتاج · Timesheet/timesheet.php","approval_chain · approval_chain · attribution · fin_events · meter_readings · production_records · production.client_qty · variance · shift_log · attendance · shift_log.closed · handover · unit_entries · unit_records · unit_periods · unit_records.state  [nav09_map]","إدارة الموقع","إيرادُ العميل وذمةُ المورد وأجرُ المشغّل تتولد بأحكامٍ ثلاثةٍ مستقلة · وخطةُ العقد تُحدَّث · والإهلاكُ يُحتسب · الإسنادُ نهائيٌّ · وحاوياتُ الموردين تُستهلك · وعدّادُ المعدة يُحدَّث · الحلقةُ الأولى تُفتح · وقفلُ التعديل · وعدّادُ المهلة يبدأ · الحلقةُ ال  [nav09_map]"
"إدارة الموقع",4.412.20,"رابعًا: تسجيل عمل اليوم","التايم شيت والإنتاج","الإنتاج والقياس · Operations/production.php","approval_chain · approval_chain · attribution · fin_events · meter_readings · production_records · production.client_qty · variance · shift_log · attendance · shift_log.closed · handover · unit_entries · unit_records · unit_periods · unit_records.state  [nav09_map]","إدارة الموقع","إيرادُ العميل وذمةُ المورد وأجرُ المشغّل تتولد بأحكامٍ ثلاثةٍ مستقلة · وخطةُ العقد تُحدَّث · والإهلاكُ يُحتسب · الإسنادُ نهائيٌّ · وحاوياتُ الموردين تُستهلك · وعدّادُ المعدة يُحدَّث · الحلقةُ الأولى تُفتح · وقفلُ التعديل · وعدّادُ المهلة يبدأ · الحلقةُ ال  [nav09_map]"
"إدارة الموقع",4.413.21,"رابعًا: تسجيل عمل اليوم",التوقفات,"التوقفات وتحديد المتحمل · Operations/stops_unattributed.php","approval_chain · approval_chain · attribution · fin_events · meter_readings · production_records · production.client_qty · variance · shift_log · attendance · shift_log.closed · handover · unit_entries · unit_records · unit_periods · unit_records.state  [nav09_map]","ادارة التشغيل","إيرادُ العميل وذمةُ المورد وأجرُ المشغّل تتولد بأحكامٍ ثلاثةٍ مستقلة · وخطةُ العقد تُحدَّث · والإهلاكُ يُحتسب · الإسنادُ نهائيٌّ · وحاوياتُ الموردين تُستهلك · وعدّادُ المعدة يُحدَّث · الحلقةُ الأولى تُفتح · وقفلُ التعديل · وعدّادُ المهلة يبدأ · الحلقةُ ال  [nav09_map]"
"إدارة الموقع",4.414.1,"رابعًا: تسجيل عمل اليوم","القيد اليومي","قيدُ الوردية اليومي · Operations/shift_entry.php","approval_chain · approval_chain · attribution · fin_events · meter_readings · production_records · production.client_qty · variance · shift_log · attendance · shift_log.closed · handover · unit_entries · unit_records · unit_periods · unit_records.state  [nav09_map]","إدارة الموقع","إيرادُ العميل وذمةُ المورد وأجرُ المشغّل تتولد بأحكامٍ ثلاثةٍ مستقلة · وخطةُ العقد تُحدَّث · والإهلاكُ يُحتسب · الإسنادُ نهائيٌّ · وحاوياتُ الموردين تُستهلك · وعدّادُ المعدة يُحدَّث · الحلقةُ الأولى تُفتح · وقفلُ التعديل · وعدّادُ المهلة يبدأ · الحلقةُ ال  [nav09_map]"
"إدارة الموقع",5.514.22,"خامسًا: اعتماد ما سُجّل",الاعتماد,"صندوق ما ينتظر اعتمادي · Finance/approvals_inbox.php","حصةُ الموردِ مستهلَكةٌ باللقطة  [LAD-01]","إدارة المالية","المستندُ يعود قابلًا للتعديل · والمهلةُ تتوقف حتى إعادة الرفع · المستندُ يعود لمُنشئه بسببٍ من قائمةٍ محكومة — ويُقاس السببُ في تحليل الاختناقات · المستندُ ينتقل · والتوقيعُ يُسجَّل بمرجع التفويض  [nav09_map]"
"إدارة الموقع",6.615.23,"سادسًا: معالجة ما تعثّر",البلاغات,"بلاغات إدارتي · Tickets/dept_inbox.php","استحقاقُ المشغّلِ مفتوح  [LAD-01]","إدارة البلاغات","التكلفةُ تُحمَّل · وزمنُ التوقف يُثبَّت · والكرتُ يُحدَّث · والجاهزيةُ تُطلب · بنودُ الملاحظة والحرج تُفتح · وقرارُ التشغيل يُقترح · والكرتُ يُحدَّث بتاريخ التفتيش · زمنُ التوقف يبدأ «تحت التحقق» · والمتحمّلُ مبدئيٌّ · والمعدةُ غيرُ متاحة · يسمح · أو يسمح  [nav09_map]"
"إدارة الموقع",6.615.24,"سادسًا: معالجة ما تعثّر",البلاغات,"أبلغ عن مشكلة من هذه الشاشة · Tickets/ticket_contextual_open.php","استحقاقُ المشغّلِ مفتوح  [LAD-01]","— لا وحدة","التكلفةُ تُحمَّل · وزمنُ التوقف يُثبَّت · والكرتُ يُحدَّث · والجاهزيةُ تُطلب · بنودُ الملاحظة والحرج تُفتح · وقرارُ التشغيل يُقترح · والكرتُ يُحدَّث بتاريخ التفتيش · زمنُ التوقف يبدأ «تحت التحقق» · والمتحمّلُ مبدئيٌّ · والمعدةُ غيرُ متاحة · يسمح · أو يسمح  [nav09_map]"
"إدارة الموقع",6.616.25,"سادسًا: معالجة ما تعثّر","الصيانة والفحص","أوامر الصيانة · Maintenance/orders.php","استحقاقُ المشغّلِ مفتوح  [LAD-01]","ادارة الصيانة","التكلفةُ تُحمَّل · وزمنُ التوقف يُثبَّت · والكرتُ يُحدَّث · والجاهزيةُ تُطلب · بنودُ الملاحظة والحرج تُفتح · وقرارُ التشغيل يُقترح · والكرتُ يُحدَّث بتاريخ التفتيش · زمنُ التوقف يبدأ «تحت التحقق» · والمتحمّلُ مبدئيٌّ · والمعدةُ غيرُ متاحة · يسمح · أو يسمح  [nav09_map]"
"إدارة الموقع",6.616.26,"سادسًا: معالجة ما تعثّر","الصيانة والفحص","الفحص الفني اليومي · Maintenance/inspections.php","استحقاقُ المشغّلِ مفتوح  [LAD-01]","ادارة الصيانة","التكلفةُ تُحمَّل · وزمنُ التوقف يُثبَّت · والكرتُ يُحدَّث · والجاهزيةُ تُطلب · بنودُ الملاحظة والحرج تُفتح · وقرارُ التشغيل يُقترح · والكرتُ يُحدَّث بتاريخ التفتيش · زمنُ التوقف يبدأ «تحت التحقق» · والمتحمّلُ مبدئيٌّ · والمعدةُ غيرُ متاحة · يسمح · أو يسمح  [nav09_map]"
"إدارة الموقع",6.617.27,"سادسًا: معالجة ما تعثّر","الاستلام والصرف","أوامر الترحيل · Transport/transfer_orders_list.php","استحقاقُ المشغّلِ مفتوح  [LAD-01]","إدارة النقل والترحيل","التكلفةُ تُحمَّل · وزمنُ التوقف يُثبَّت · والكرتُ يُحدَّث · والجاهزيةُ تُطلب · بنودُ الملاحظة والحرج تُفتح · وقرارُ التشغيل يُقترح · والكرتُ يُحدَّث بتاريخ التفتيش · زمنُ التوقف يبدأ «تحت التحقق» · والمتحمّلُ مبدئيٌّ · والمعدةُ غيرُ متاحة · يسمح · أو يسمح  [nav09_map]"
"إدارة الموقع",6.617.28,"سادسًا: معالجة ما تعثّر","الاستلام والصرف","صرف مواد من المخزن · Procurement/issue_proc.php","استحقاقُ المشغّلِ مفتوح  [LAD-01]","إدارة المشتريات","التكلفةُ تُحمَّل · وزمنُ التوقف يُثبَّت · والكرتُ يُحدَّث · والجاهزيةُ تُطلب · بنودُ الملاحظة والحرج تُفتح · وقرارُ التشغيل يُقترح · والكرتُ يُحدَّث بتاريخ التفتيش · زمنُ التوقف يبدأ «تحت التحقق» · والمتحمّلُ مبدئيٌّ · والمعدةُ غيرُ متاحة · يسمح · أو يسمح  [nav09_map]"
"إدارة الموقع",6.617.29,"سادسًا: معالجة ما تعثّر","الاستلام والصرف","أرصدة المخزون بحالاتها · Procurement/stock_proc.php","استحقاقُ المشغّلِ مفتوح  [LAD-01]","إدارة المشتريات","التكلفةُ تُحمَّل · وزمنُ التوقف يُثبَّت · والكرتُ يُحدَّث · والجاهزيةُ تُطلب · بنودُ الملاحظة والحرج تُفتح · وقرارُ التشغيل يُقترح · والكرتُ يُحدَّث بتاريخ التفتيش · زمنُ التوقف يبدأ «تحت التحقق» · والمتحمّلُ مبدئيٌّ · والمعدةُ غيرُ متاحة · يسمح · أو يسمح  [nav09_map]"
"إدارة الموقع",6.617.30,"سادسًا: معالجة ما تعثّر","الاستلام والصرف","العهد والمرتجعات · Procurement/receipt_custody_proc.php","استحقاقُ المشغّلِ مفتوح  [LAD-01]","إدارة المشتريات","التكلفةُ تُحمَّل · وزمنُ التوقف يُثبَّت · والكرتُ يُحدَّث · والجاهزيةُ تُطلب · بنودُ الملاحظة والحرج تُفتح · وقرارُ التشغيل يُقترح · والكرتُ يُحدَّث بتاريخ التفتيش · زمنُ التوقف يبدأ «تحت التحقق» · والمتحمّلُ مبدئيٌّ · والمعدةُ غيرُ متاحة · يسمح · أو يسمح  [nav09_map]"
"إدارة الموقع",7.718.31,"سابعًا: إقفال اليوم",الإقفال,"الإقفال الشهري للوحدة · Operations/monthly_close.php","الواقعةُ مؤهَّلةٌ للفوترة  [LAD-01]","ادارة التشغيل","الطلبُ يدخل سلّمَ الاعتماد ببيان أثره — ولا يُعدَّل السقفُ قبل الاعتماد · الملفُّ يُصدَّر بنطاق المستخدم وحدَه · وكلُّ تصديرٍ يُسجَّل بالمستخدم والفلاتر · لا كتابةَ على وحدات الفترة · وبوابةُ الاستحقاق تُفتح · والمستخلصُ يُبنى  [nav09_map]"
"إدارة الموقع",7.719.32,"سابعًا: إقفال اليوم","الميزانية والإنجاز","ميزانية إدارتي · Finance/budget_dept.php","الواقعةُ مؤهَّلةٌ للفوترة  [LAD-01]","إدارة المالية","الطلبُ يدخل سلّمَ الاعتماد ببيان أثره — ولا يُعدَّل السقفُ قبل الاعتماد · الملفُّ يُصدَّر بنطاق المستخدم وحدَه · وكلُّ تصديرٍ يُسجَّل بالمستخدم والفلاتر · لا كتابةَ على وحدات الفترة · وبوابةُ الاستحقاق تُفتح · والمستخلصُ يُبنى  [nav09_map]"
"إدارة الموقع",7.719.33,"سابعًا: إقفال اليوم","الميزانية والإنجاز","إنجاز الإدارة · Portal/dept_achievement.php","الواقعةُ مؤهَّلةٌ للفوترة  [LAD-01]","إدارة الصلاحيات","الطلبُ يدخل سلّمَ الاعتماد ببيان أثره — ولا يُعدَّل السقفُ قبل الاعتماد · الملفُّ يُصدَّر بنطاق المستخدم وحدَه · وكلُّ تصديرٍ يُسجَّل بالمستخدم والفلاتر · لا كتابةَ على وحدات الفترة · وبوابةُ الاستحقاق تُفتح · والمستخلصُ يُبنى  [nav09_map]"
"إدارة الموقع",7.719.34,"سابعًا: إقفال اليوم","الميزانية والإنجاز","مركز التقارير · emsreports/index.php","الواقعةُ مؤهَّلةٌ للفوترة  [LAD-01]","إدارة الصلاحيات","الطلبُ يدخل سلّمَ الاعتماد ببيان أثره — ولا يُعدَّل السقفُ قبل الاعتماد · الملفُّ يُصدَّر بنطاق المستخدم وحدَه · وكلُّ تصديرٍ يُسجَّل بالمستخدم والفلاتر · لا كتابةَ على وحدات الفترة · وبوابةُ الاستحقاق تُفتح · والمستخلصُ يُبنى  [nav09_map]"
"إدارة الموقع",8.820.35,"سجلات الموقع","العقد والمشروع","عقود العملاء · Contracts/contracts.php","مستخلصٌ وفاتورةٌ صادرة  [LAD-01]","ادارة التشغيل","الحاويةُ الرئيسية تُولَّد · والتغطيةُ تُفتح للتخصيص · وخطةُ الدفع تدخل التدفق · تفاوض ← معتمد بحارسِ سقفٍ يقارن قيمةَ العقدِ بسقفِ المخوَّلِ ويُصعّد عند التجاوز — والمعتمدُ يظهر فورًا في قائمةِ توقيعِ القمة · رمزُ الحالة يحدد خمسةَ آثارٍ مستقلة: الراتبُ و  [nav09_map]"
"إدارة الموقع",8.820.36,"سجلات الموقع","العقد والمشروع","المشاريع والمواقع · Projects/projects.php","مستخلصٌ وفاتورةٌ صادرة  [LAD-01]","ادارة التشغيل","الحاويةُ الرئيسية تُولَّد · والتغطيةُ تُفتح للتخصيص · وخطةُ الدفع تدخل التدفق · تفاوض ← معتمد بحارسِ سقفٍ يقارن قيمةَ العقدِ بسقفِ المخوَّلِ ويُصعّد عند التجاوز — والمعتمدُ يظهر فورًا في قائمةِ توقيعِ القمة · رمزُ الحالة يحدد خمسةَ آثارٍ مستقلة: الراتبُ و  [nav09_map]"
"إدارة الموقع",8.821.37,"سجلات الموقع",الحضور,"الحضور والانصراف · Operations/attendance.php","مستخلصٌ وفاتورةٌ صادرة  [LAD-01]","ادارة الموارد البشرية","الحاويةُ الرئيسية تُولَّد · والتغطيةُ تُفتح للتخصيص · وخطةُ الدفع تدخل التدفق · تفاوض ← معتمد بحارسِ سقفٍ يقارن قيمةَ العقدِ بسقفِ المخوَّلِ ويُصعّد عند التجاوز — والمعتمدُ يظهر فورًا في قائمةِ توقيعِ القمة · رمزُ الحالة يحدد خمسةَ آثارٍ مستقلة: الراتبُ و  [nav09_map]"
"إدارة الموقع",8.821.38,"سجلات الموقع",الحضور,"الإجازات والغياب · Workforce/worker_leave_absence.php","مستخلصٌ وفاتورةٌ صادرة  [LAD-01]","ادارة الموارد البشرية","الحاويةُ الرئيسية تُولَّد · والتغطيةُ تُفتح للتخصيص · وخطةُ الدفع تدخل التدفق · تفاوض ← معتمد بحارسِ سقفٍ يقارن قيمةَ العقدِ بسقفِ المخوَّلِ ويُصعّد عند التجاوز — والمعتمدُ يظهر فورًا في قائمةِ توقيعِ القمة · رمزُ الحالة يحدد خمسةَ آثارٍ مستقلة: الراتبُ و  [nav09_map]"
"إدارة الموقع",9.922.39,"طلبات الموقع","الشراء والترحيل","طلبات الشراء · Procurement/requests_proc.php","القيدُ مُرحَّلٌ والإيرادُ معترَفٌ به  [LAD-01]","إدارة المشتريات","فريق العمل  [cycle_order]"
"إدارة الموقع",9.922.40,"طلبات الموقع","الشراء والترحيل","طلبات الترحيل · Transport/transfer_requests.php","القيدُ مُرحَّلٌ والإيرادُ معترَفٌ به  [LAD-01]","إدارة النقل والترحيل","فريق العمل  [cycle_order]"
"إدارة الموقع",98.9800.10,"فريق العمل","فريق العمل","إدارة المعاونين · main/project_users.php","— لا مصدر","ادارة الموردين","خارج الوثيقة — بانتظار قرار المالك  [cycle_order]"
"إدارة الموقع",98.9800.50,"فريق العمل","فريق العمل","قاموسُ المبتدئ · main/glossary.php","— لا مصدر","ادارة المبيعات","خارج الوثيقة — بانتظار قرار المالك  [cycle_order]"
"إدارة الموقع",99.9900.50,"خارج الوثيقة — بانتظار قرار المالك","أخرى — للمراجعة","خريطة التشغيل اليومية · movement/map_page.php","org_assignments  [nav09_map]","إدارة الموقع","المكلَّفُ يعمل في نطاق التكليف ومدته · والصلاحيةُ تُشتق منه · وينتهي آليًّا بانقضائه  [nav09_map]"
"إدارة الموقع",99.9900.50,"خارج الوثيقة — بانتظار قرار المالك","أخرى — للمراجعة","الورديات · movement/movement_operations.php","org_assignments  [nav09_map]","إدارة الموقع","المكلَّفُ يعمل في نطاق التكليف ومدته · والصلاحيةُ تُشتق منه · وينتهي آليًّا بانقضائه  [nav09_map]"
"إدارة الموقع",99.9900.50,"خارج الوثيقة — بانتظار قرار المالك","أخرى — للمراجعة","سجل الأحداث المالية · Finance/events_list_fin.php","org_assignments  [nav09_map]","إدارة المالية","المكلَّفُ يعمل في نطاق التكليف ومدته · والصلاحيةُ تُشتق منه · وينتهي آليًّا بانقضائه  [nav09_map]"
"إدارة الموقع",99.9900.50,"خارج الوثيقة — بانتظار قرار المالك","أخرى — للمراجعة","أحكام العميل والمورد والمشغّل · Finance/unit_records_fin.php","org_assignments  [nav09_map]","إدارة المالية","المكلَّفُ يعمل في نطاق التكليف ومدته · والصلاحيةُ تُشتق منه · وينتهي آليًّا بانقضائه  [nav09_map]"
"إدارة الموقع",99.9900.50,"خارج الوثيقة — بانتظار قرار المالك","أخرى — للمراجعة","التكاليف والربحية · Finance/cost_report_fin.php","org_assignments  [nav09_map]","إدارة المالية","المكلَّفُ يعمل في نطاق التكليف ومدته · والصلاحيةُ تُشتق منه · وينتهي آليًّا بانقضائه  [nav09_map]"
"إدارة الموقع",99.9900.50,"خارج الوثيقة — بانتظار قرار المالك","أخرى — للمراجعة","مركز التقارير · Reports/reports.php","org_assignments  [nav09_map]","ادارة التشغيل","المكلَّفُ يعمل في نطاق التكليف ومدته · والصلاحيةُ تُشتق منه · وينتهي آليًّا بانقضائه  [nav09_map]"
"إدارة الموقع",99.9900.50,"خارج الوثيقة — بانتظار قرار المالك","أخرى — للمراجعة","الإعدادات · Settings/settings.php","org_assignments  [nav09_map]","ادارة التشغيل","المكلَّفُ يعمل في نطاق التكليف ومدته · والصلاحيةُ تُشتق منه · وينتهي آليًّا بانقضائه  [nav09_map]"
"إدارة الموقع",99.9901.50,"خارج الوثيقة — بانتظار قرار المالك","أخرى — للمراجعة (ب)","لوحة الإدارة · main/role_board.php","org_assignments  [nav09_map]","إدارة الصلاحيات","المكلَّفُ يعمل في نطاق التكليف ومدته · والصلاحيةُ تُشتق منه · وينتهي آليًّا بانقضائه  [nav09_map]"
"إدارة الموقع",99.9901.50,"خارج الوثيقة — بانتظار قرار المالك","أخرى — للمراجعة (ب)","ميزانية إدارتي · Finance/budget_form_fin.php","org_assignments  [nav09_map]","إدارة المالية","المكلَّفُ يعمل في نطاق التكليف ومدته · والصلاحيةُ تُشتق منه · وينتهي آليًّا بانقضائه  [nav09_map]"
"إدارة الموقع",99.9901.50,"خارج الوثيقة — بانتظار قرار المالك","أخرى — للمراجعة (ب)","نطاقات العقد التشغيلية · Contracts/contract_sites.php","org_assignments  [nav09_map]","ادارة المبيعات","المكلَّفُ يعمل في نطاق التكليف ومدته · والصلاحيةُ تُشتق منه · وينتهي آليًّا بانقضائه  [nav09_map]"
"إدارة الموقع",99.9901.50,"خارج الوثيقة — بانتظار قرار المالك","أخرى — للمراجعة (ب)","الجدول الشهري للعقد · Contracts/contract_monthly_plan.php","org_assignments  [nav09_map]","ادارة المبيعات","المكلَّفُ يعمل في نطاق التكليف ومدته · والصلاحيةُ تُشتق منه · وينتهي آليًّا بانقضائه  [nav09_map]"
"إدارة الموقع",99.9901.50,"خارج الوثيقة — بانتظار قرار المالك","أخرى — للمراجعة (ب)","خطة موارد العقد · Contracts/contract_resource_plan.php","org_assignments  [nav09_map]","ادارة المبيعات","المكلَّفُ يعمل في نطاق التكليف ومدته · والصلاحيةُ تُشتق منه · وينتهي آليًّا بانقضائه  [nav09_map]"
"إدارة الموقع",99.9901.50,"خارج الوثيقة — بانتظار قرار المالك","أخرى — للمراجعة (ب)","التكليفات التنظيمية · admin/org_assignments.php","org_assignments  [nav09_map]","الحوكمة والالتزام  [إدارة]","المكلَّفُ يعمل في نطاق التكليف ومدته · والصلاحيةُ تُشتق منه · وينتهي آليًّا بانقضائه  [nav09_map]"
"إدارة الموقع",99.9901.50,"خارج الوثيقة — بانتظار قرار المالك","أخرى — للمراجعة (ب)","تسجيل التايم شيت والإنتاج · Timesheet/timesheet_type.php","org_assignments  [nav09_map]","إدارة الموقع (قديم — مدمج في 6)","المكلَّفُ يعمل في نطاق التكليف ومدته · والصلاحيةُ تُشتق منه · وينتهي آليًّا بانقضائه  [nav09_map]"
"إدارة الموقع",99.9902.95,"خارج الوثيقة — بانتظار قرار المالك","أخرى — للمراجعة (ج)","مخاطرُ الميدان · Risk/risk_field.php","org_assignments  [nav09_map]","إدارة المخاطر","المكلَّفُ يعمل في نطاق التكليف ومدته · والصلاحيةُ تُشتق منه · وينتهي آليًّا بانقضائه  [nav09_map]"
"إدارة الموقع",99.9902.99,"خارج الوثيقة — بانتظار قرار المالك","أخرى — للمراجعة (ج)","مساحة مخاطر الإدارة · Risk/dept_risk_space.php","org_assignments  [nav09_map]","إدارة المخاطر","المكلَّفُ يعمل في نطاق التكليف ومدته · والصلاحيةُ تُشتق منه · وينتهي آليًّا بانقضائه  [nav09_map]"
"مشرف - مشاريع",—,"(بلا مرحلة)","لوحة الإدارة","مساحة عملي · main/my_workspace.php","— لا مصدر","— لا وحدة","— لا مصدر"
"مشرف - مشاريع",—,"(بلا مرحلة)","العمل اليومي","طلب مالي جديد · FinRequests/request_form.php","— لا مصدر","ادارة الصيانة","— لا مصدر"
"مشرف - مشاريع",—,"(بلا مرحلة)","السجلات والملفات","العملاء · Clients/clients.php","— لا مصدر","ادارة التشغيل","— لا مصدر"
"مشرف - مشاريع",—,"(بلا مرحلة)","السجلات والملفات","المعاملات المالية · Finance/events_list_fin.php","— لا مصدر","إدارة المالية","— لا مصدر"
"مشرف - مشاريع",—,"(بلا مرحلة)","السجلات والملفات","قراءات العدّادات · Equipments/meter_readings.php","— لا مصدر","مشرف - مشاريع","— لا مصدر"
"مشرف - مشاريع",—,"(بلا مرحلة)","المراجعة والاعتماد","موافقات إدارتي · FinRequests/dept_inbox.php","— لا مصدر","ادارة الصيانة","— لا مصدر"
"مشرف - مشاريع",—,"(بلا مرحلة)","المتابعة والاستثناءات","الميزانية والانحراف · Finance/budget_form_fin.php","— لا مصدر","إدارة المالية","— لا مصدر"
"مشرف - مشاريع",—,"(بلا مرحلة)",التقارير,"التكاليف والربحية · Finance/cost_report_fin.php","— لا مصدر","إدارة المالية","— لا مصدر"
"مشرف - مشاريع",—,"(بلا مرحلة)",الإعدادات,"أنواع المعدات · Equipments/equipments_types.php","— لا مصدر","ادارة التشغيل","— لا مصدر"
"مشرف - مشاريع",—,"(بلا مرحلة)",الإعدادات,"سجل النشاط · ActivityLogs/activity_logs.php","— لا مصدر","ادارة التشغيل","— لا مصدر"
"مشرف - مشاريع",0.1.1,"لوحة الموقع","مساحتي الشخصية","مهامي · Portal/my_tasks.php","requests · tasks · workflow  [nav09_map]","مساحة عملي  [إدارة]","الطلبُ يدخل صندوقَ اعتماد المعنيّ بمساره — ويظهر في «طلباتي» بحالته · المهمةُ تُقفل · والخطوةُ التاليةُ تُفتح لصاحبها · ومهلةُ المسار تُحدَّث · تُصيَّر المكوّناتُ التي منحته إياها الحوكمةُ وحدَها · ومشغّلُ المعدة يرى معدتَه ومشغّلَها الآخر · يُعاد الحسابُ  [nav09_map]"
"مشرف - مشاريع",0.1.2,"لوحة الموقع","مساحتي الشخصية","إنجازي · Portal/my_achievement.php","requests · tasks · workflow  [nav09_map]","إدارة الصلاحيات","الطلبُ يدخل صندوقَ اعتماد المعنيّ بمساره — ويظهر في «طلباتي» بحالته · المهمةُ تُقفل · والخطوةُ التاليةُ تُفتح لصاحبها · ومهلةُ المسار تُحدَّث · تُصيَّر المكوّناتُ التي منحته إياها الحوكمةُ وحدَها · ومشغّلُ المعدة يرى معدتَه ومشغّلَها الآخر · يُعاد الحسابُ  [nav09_map]"
"مشرف - مشاريع",0.1.3,"لوحة الموقع","مساحتي الشخصية","بوابتي · Portal/my_portal.php","requests · tasks · workflow  [nav09_map]","إدارة الصلاحيات","الطلبُ يدخل صندوقَ اعتماد المعنيّ بمساره — ويظهر في «طلباتي» بحالته · المهمةُ تُقفل · والخطوةُ التاليةُ تُفتح لصاحبها · ومهلةُ المسار تُحدَّث · تُصيَّر المكوّناتُ التي منحته إياها الحوكمةُ وحدَها · ومشغّلُ المعدة يرى معدتَه ومشغّلَها الآخر · يُعاد الحسابُ  [nav09_map]"
"مشرف - مشاريع",0.1.4,"لوحة الموقع","مساحتي الشخصية","طلباتي · FinRequests/my_requests.php","requests · tasks · workflow  [nav09_map]","ادارة الصيانة","الطلبُ يدخل صندوقَ اعتماد المعنيّ بمساره — ويظهر في «طلباتي» بحالته · المهمةُ تُقفل · والخطوةُ التاليةُ تُفتح لصاحبها · ومهلةُ المسار تُحدَّث · تُصيَّر المكوّناتُ التي منحته إياها الحوكمةُ وحدَها · ومشغّلُ المعدة يرى معدتَه ومشغّلَها الآخر · يُعاد الحسابُ  [nav09_map]"
"مشرف - مشاريع",0.1.5,"لوحة الموقع","مساحتي الشخصية","المراسلات · chats/index.php","requests · tasks · workflow  [nav09_map]","— لا وحدة","الطلبُ يدخل صندوقَ اعتماد المعنيّ بمساره — ويظهر في «طلباتي» بحالته · المهمةُ تُقفل · والخطوةُ التاليةُ تُفتح لصاحبها · ومهلةُ المسار تُحدَّث · تُصيَّر المكوّناتُ التي منحته إياها الحوكمةُ وحدَها · ومشغّلُ المعدة يرى معدتَه ومشغّلَها الآخر · يُعاد الحسابُ  [nav09_map]"
"مشرف - مشاريع",0.2.6,"لوحة الموقع","غرفة العمليات","غرفة عمليات المواقع · Operations/operations_room.php","requests · tasks · workflow  [nav09_map]","ادارة التشغيل","الطلبُ يدخل صندوقَ اعتماد المعنيّ بمساره — ويظهر في «طلباتي» بحالته · المهمةُ تُقفل · والخطوةُ التاليةُ تُفتح لصاحبها · ومهلةُ المسار تُحدَّث · تُصيَّر المكوّناتُ التي منحته إياها الحوكمةُ وحدَها · ومشغّلُ المعدة يرى معدتَه ومشغّلَها الآخر · يُعاد الحسابُ  [nav09_map]"
"مشرف - مشاريع",1.103.7,"أولًا: جدول العمل والورديات","جدول عمل المنجم","جدول عمل المنجم — الأسبوعي والشهري · Operations/site_work_calendar.php","daily_plans · daily_plans · resource_locks · daily_plans.state · shift_plan · assignments · work_calendar  [nav09_map]","إدارة الموقع","أيامُ العمل تصير نافذةً · والتناوبُ يُبنى عليها · ونوافذُ الوقائية تُحجز · والكمياتُ المخططةُ تُوزَّع · الحارسُ يفحص التأهيلَ والجاهزيةَ والوثائق · والمواردُ تُحجز مبدئيًّا · الخطةُ تصير نافذةً · ويُفتح التايم شيت عليها · وتُطلب رحلاتُ الترحيل الناقصة · ا  [nav09_map]"
"مشرف - مشاريع",1.104.8,"أولًا: جدول العمل والورديات","ورديات النهار والليل","جدول الورديات — النهار والليل · Operations/site_shift_plan.php","daily_plans · daily_plans · resource_locks · daily_plans.state · shift_plan · assignments · work_calendar  [nav09_map]","إدارة الموقع","أيامُ العمل تصير نافذةً · والتناوبُ يُبنى عليها · ونوافذُ الوقائية تُحجز · والكمياتُ المخططةُ تُوزَّع · الحارسُ يفحص التأهيلَ والجاهزيةَ والوثائق · والمواردُ تُحجز مبدئيًّا · الخطةُ تصير نافذةً · ويُفتح التايم شيت عليها · وتُطلب رحلاتُ الترحيل الناقصة · ا  [nav09_map]"
"مشرف - مشاريع",1.105.9,"أولًا: جدول العمل والورديات","خطة الغد","خطة عمل الغد · Operations/daily_plan.php","daily_plans · daily_plans · resource_locks · daily_plans.state · shift_plan · assignments · work_calendar  [nav09_map]","ادارة الاسطول","أيامُ العمل تصير نافذةً · والتناوبُ يُبنى عليها · ونوافذُ الوقائية تُحجز · والكمياتُ المخططةُ تُوزَّع · الحارسُ يفحص التأهيلَ والجاهزيةَ والوثائق · والمواردُ تُحجز مبدئيًّا · الخطةُ تصير نافذةً · ويُفتح التايم شيت عليها · وتُطلب رحلاتُ الترحيل الناقصة · ا  [nav09_map]"
"مشرف - مشاريع",2.206.10,"ثانيًا: أذون الدخول والخروج","أذون المعدات","أذون دخول وخروج المعدات · Operations/site_gate_equip.php","حالةُ الوحدةِ «معتمدةٌ يوميًّا»  [LAD-01]","إدارة الموقع","الدخولُ يُسمح للمستفيد في المدة المحددة — ولا دخولَ بلا إذنٍ ساري · المعدةُ تدخل الموقعَ أو تخرج منه بتاريخٍ موثَّق · وموقعُها في الكرت يتغير · ولا حركةَ بلا إذنٍ ساري · بدايةُ العمل أو نهايتُه تُوثَّق · والتخصيصُ يُفتح أو يُنهى · والتناوبُ والأجرُ يُحتسب  [nav09_map]"
"مشرف - مشاريع",2.207.11,"ثانيًا: أذون الدخول والخروج","أذون المشغّلين","أذون دخول وخروج المشغّلين · Operations/site_gate_person.php","حالةُ الوحدةِ «معتمدةٌ يوميًّا»  [LAD-01]","إدارة الموقع","الدخولُ يُسمح للمستفيد في المدة المحددة — ولا دخولَ بلا إذنٍ ساري · المعدةُ تدخل الموقعَ أو تخرج منه بتاريخٍ موثَّق · وموقعُها في الكرت يتغير · ولا حركةَ بلا إذنٍ ساري · بدايةُ العمل أو نهايتُه تُوثَّق · والتخصيصُ يُفتح أو يُنهى · والتناوبُ والأجرُ يُحتسب  [nav09_map]"
"مشرف - مشاريع",2.208.12,"ثانيًا: أذون الدخول والخروج","أذون الزيارة","أذون الزيارة والمركبات الخارجية · admin/org_permits.php","حالةُ الوحدةِ «معتمدةٌ يوميًّا»  [LAD-01]","إدارة الموقع  [إدارة]","الدخولُ يُسمح للمستفيد في المدة المحددة — ولا دخولَ بلا إذنٍ ساري · المعدةُ تدخل الموقعَ أو تخرج منه بتاريخٍ موثَّق · وموقعُها في الكرت يتغير · ولا حركةَ بلا إذنٍ ساري · بدايةُ العمل أو نهايتُه تُوثَّق · والتخصيصُ يُفتح أو يُنهى · والتناوبُ والأجرُ يُحتسب  [nav09_map]"
"مشرف - مشاريع",3.309.13,"ثالثًا: تجهيز الموارد","الموارد المتاحة","سجل المعدات · Equipments/equipments.php","حالةُ المطابقةِ + فتحُ اعتمادِ الموردين  [LAD-01]","إدارة الأسطول  [إدارة]","الإهلاكُ يتوقف · والقيمةُ تُقفل · والتخصيصاتُ تُنهى · والحصصُ تُغلق · كرتٌ بكودٍ دائم · وطلبُ تفتيشٍ أوليٍّ يُفتح · وأصلٌ يدخل السجلَ بلا إهلاكٍ حتى التفعيل  [nav09_map]"
"مشرف - مشاريع",3.309.14,"ثالثًا: تجهيز الموارد","الموارد المتاحة","سجل المشغّلين · Employees/equipment_operators.php","حالةُ المطابقةِ + فتحُ اعتمادِ الموردين  [LAD-01]","ادارة الموارد البشرية","الإهلاكُ يتوقف · والقيمةُ تُقفل · والتخصيصاتُ تُنهى · والحصصُ تُغلق · كرتٌ بكودٍ دائم · وطلبُ تفتيشٍ أوليٍّ يُفتح · وأصلٌ يدخل السجلَ بلا إهلاكٍ حتى التفعيل  [nav09_map]"
"مشرف - مشاريع",3.309.15,"ثالثًا: تجهيز الموارد","الموارد المتاحة","تكليف المشغّل على المعدة · Operations/distribution_space.php","حالةُ المطابقةِ + فتحُ اعتمادِ الموردين  [LAD-01]","إدارة الموقع","الإهلاكُ يتوقف · والقيمةُ تُقفل · والتخصيصاتُ تُنهى · والحصصُ تُغلق · كرتٌ بكودٍ دائم · وطلبُ تفتيشٍ أوليٍّ يُفتح · وأصلٌ يدخل السجلَ بلا إهلاكٍ حتى التفعيل  [nav09_map]"
"مشرف - مشاريع",3.310.16,"ثالثًا: تجهيز الموارد","الجاهزية والوثائق","جاهزية المعدات للتشغيل · Fleet/readiness_board.php","حالةُ المطابقةِ + فتحُ اعتمادِ الموردين  [LAD-01]","ادارة الاسطول","الإهلاكُ يتوقف · والقيمةُ تُقفل · والتخصيصاتُ تُنهى · والحصصُ تُغلق · كرتٌ بكودٍ دائم · وطلبُ تفتيشٍ أوليٍّ يُفتح · وأصلٌ يدخل السجلَ بلا إهلاكٍ حتى التفعيل  [nav09_map]"
"مشرف - مشاريع",3.310.17,"ثالثًا: تجهيز الموارد","الجاهزية والوثائق","وثائق المعدات والمشغّلين · Equipments/equipment_documents.php","حالةُ المطابقةِ + فتحُ اعتمادِ الموردين  [LAD-01]","ادارة الاسطول","الإهلاكُ يتوقف · والقيمةُ تُقفل · والتخصيصاتُ تُنهى · والحصصُ تُغلق · كرتٌ بكودٍ دائم · وطلبُ تفتيشٍ أوليٍّ يُفتح · وأصلٌ يدخل السجلَ بلا إهلاكٍ حتى التفعيل  [nav09_map]"
"مشرف - مشاريع",4.411.18,"رابعًا: تسجيل عمل اليوم",الوردية,"سجل الوردية · Operations/shift_log.php","approval_chain · approval_chain · attribution · fin_events · meter_readings · production_records · production.client_qty · variance · shift_log · attendance · shift_log.closed · handover · unit_records · unit_periods · unit_records.state  [nav09_map]","إدارة الموقع","إيرادُ العميل وذمةُ المورد وأجرُ المشغّل تتولد بأحكامٍ ثلاثةٍ مستقلة · وخطةُ العقد تُحدَّث · والإهلاكُ يُحتسب · الإسنادُ نهائيٌّ · وحاوياتُ الموردين تُستهلك · وعدّادُ المعدة يُحدَّث · الحلقةُ الأولى تُفتح · وقفلُ التعديل · وعدّادُ المهلة يبدأ · الحلقةُ ال  [nav09_map]"
"مشرف - مشاريع",4.412.19,"رابعًا: تسجيل عمل اليوم","التايم شيت والإنتاج","تسجيل التايم شيت والإنتاج · Timesheet/timesheet.php","approval_chain · approval_chain · attribution · fin_events · meter_readings · production_records · production.client_qty · variance · shift_log · attendance · shift_log.closed · handover · unit_records · unit_periods · unit_records.state  [nav09_map]","إدارة الموقع","إيرادُ العميل وذمةُ المورد وأجرُ المشغّل تتولد بأحكامٍ ثلاثةٍ مستقلة · وخطةُ العقد تُحدَّث · والإهلاكُ يُحتسب · الإسنادُ نهائيٌّ · وحاوياتُ الموردين تُستهلك · وعدّادُ المعدة يُحدَّث · الحلقةُ الأولى تُفتح · وقفلُ التعديل · وعدّادُ المهلة يبدأ · الحلقةُ ال  [nav09_map]"
"مشرف - مشاريع",4.412.20,"رابعًا: تسجيل عمل اليوم","التايم شيت والإنتاج","الإنتاج والقياس · Operations/production.php","approval_chain · approval_chain · attribution · fin_events · meter_readings · production_records · production.client_qty · variance · shift_log · attendance · shift_log.closed · handover · unit_records · unit_periods · unit_records.state  [nav09_map]","إدارة الموقع","إيرادُ العميل وذمةُ المورد وأجرُ المشغّل تتولد بأحكامٍ ثلاثةٍ مستقلة · وخطةُ العقد تُحدَّث · والإهلاكُ يُحتسب · الإسنادُ نهائيٌّ · وحاوياتُ الموردين تُستهلك · وعدّادُ المعدة يُحدَّث · الحلقةُ الأولى تُفتح · وقفلُ التعديل · وعدّادُ المهلة يبدأ · الحلقةُ ال  [nav09_map]"
"مشرف - مشاريع",4.413.21,"رابعًا: تسجيل عمل اليوم",التوقفات,"التوقفات وتحديد المتحمل · Operations/stops_unattributed.php","approval_chain · approval_chain · attribution · fin_events · meter_readings · production_records · production.client_qty · variance · shift_log · attendance · shift_log.closed · handover · unit_records · unit_periods · unit_records.state  [nav09_map]","ادارة التشغيل","إيرادُ العميل وذمةُ المورد وأجرُ المشغّل تتولد بأحكامٍ ثلاثةٍ مستقلة · وخطةُ العقد تُحدَّث · والإهلاكُ يُحتسب · الإسنادُ نهائيٌّ · وحاوياتُ الموردين تُستهلك · وعدّادُ المعدة يُحدَّث · الحلقةُ الأولى تُفتح · وقفلُ التعديل · وعدّادُ المهلة يبدأ · الحلقةُ ال  [nav09_map]"
"مشرف - مشاريع",5.514.22,"خامسًا: اعتماد ما سُجّل",الاعتماد,"صندوق ما ينتظر اعتمادي · Finance/approvals_inbox.php","حصةُ الموردِ مستهلَكةٌ باللقطة  [LAD-01]","إدارة المالية","المستندُ يعود قابلًا للتعديل · والمهلةُ تتوقف حتى إعادة الرفع · المستندُ يعود لمُنشئه بسببٍ من قائمةٍ محكومة — ويُقاس السببُ في تحليل الاختناقات · المستندُ ينتقل · والتوقيعُ يُسجَّل بمرجع التفويض  [nav09_map]"
"مشرف - مشاريع",6.615.23,"سادسًا: معالجة ما تعثّر",البلاغات,"بلاغات إدارتي · Tickets/dept_inbox.php","استحقاقُ المشغّلِ مفتوح  [LAD-01]","إدارة البلاغات","التكلفةُ تُحمَّل · وزمنُ التوقف يُثبَّت · والكرتُ يُحدَّث · والجاهزيةُ تُطلب · بنودُ الملاحظة والحرج تُفتح · وقرارُ التشغيل يُقترح · والكرتُ يُحدَّث بتاريخ التفتيش · زمنُ التوقف يبدأ «تحت التحقق» · والمتحمّلُ مبدئيٌّ · والمعدةُ غيرُ متاحة · يسمح · أو يسمح  [nav09_map]"
"مشرف - مشاريع",6.615.24,"سادسًا: معالجة ما تعثّر",البلاغات,"أبلغ عن مشكلة من هذه الشاشة · Tickets/ticket_contextual_open.php","استحقاقُ المشغّلِ مفتوح  [LAD-01]","— لا وحدة","التكلفةُ تُحمَّل · وزمنُ التوقف يُثبَّت · والكرتُ يُحدَّث · والجاهزيةُ تُطلب · بنودُ الملاحظة والحرج تُفتح · وقرارُ التشغيل يُقترح · والكرتُ يُحدَّث بتاريخ التفتيش · زمنُ التوقف يبدأ «تحت التحقق» · والمتحمّلُ مبدئيٌّ · والمعدةُ غيرُ متاحة · يسمح · أو يسمح  [nav09_map]"
"مشرف - مشاريع",6.616.25,"سادسًا: معالجة ما تعثّر","الصيانة والفحص","أوامر الصيانة · Maintenance/orders.php","استحقاقُ المشغّلِ مفتوح  [LAD-01]","ادارة الصيانة","التكلفةُ تُحمَّل · وزمنُ التوقف يُثبَّت · والكرتُ يُحدَّث · والجاهزيةُ تُطلب · بنودُ الملاحظة والحرج تُفتح · وقرارُ التشغيل يُقترح · والكرتُ يُحدَّث بتاريخ التفتيش · زمنُ التوقف يبدأ «تحت التحقق» · والمتحمّلُ مبدئيٌّ · والمعدةُ غيرُ متاحة · يسمح · أو يسمح  [nav09_map]"
"مشرف - مشاريع",6.616.26,"سادسًا: معالجة ما تعثّر","الصيانة والفحص","الفحص الفني اليومي · Maintenance/inspections.php","استحقاقُ المشغّلِ مفتوح  [LAD-01]","ادارة الصيانة","التكلفةُ تُحمَّل · وزمنُ التوقف يُثبَّت · والكرتُ يُحدَّث · والجاهزيةُ تُطلب · بنودُ الملاحظة والحرج تُفتح · وقرارُ التشغيل يُقترح · والكرتُ يُحدَّث بتاريخ التفتيش · زمنُ التوقف يبدأ «تحت التحقق» · والمتحمّلُ مبدئيٌّ · والمعدةُ غيرُ متاحة · يسمح · أو يسمح  [nav09_map]"
"مشرف - مشاريع",6.617.27,"سادسًا: معالجة ما تعثّر","الاستلام والصرف","أوامر الترحيل · Transport/transfer_orders_list.php","استحقاقُ المشغّلِ مفتوح  [LAD-01]","إدارة النقل والترحيل","التكلفةُ تُحمَّل · وزمنُ التوقف يُثبَّت · والكرتُ يُحدَّث · والجاهزيةُ تُطلب · بنودُ الملاحظة والحرج تُفتح · وقرارُ التشغيل يُقترح · والكرتُ يُحدَّث بتاريخ التفتيش · زمنُ التوقف يبدأ «تحت التحقق» · والمتحمّلُ مبدئيٌّ · والمعدةُ غيرُ متاحة · يسمح · أو يسمح  [nav09_map]"
"مشرف - مشاريع",6.617.28,"سادسًا: معالجة ما تعثّر","الاستلام والصرف","صرف مواد من المخزن · Procurement/issue_proc.php","استحقاقُ المشغّلِ مفتوح  [LAD-01]","إدارة المشتريات","التكلفةُ تُحمَّل · وزمنُ التوقف يُثبَّت · والكرتُ يُحدَّث · والجاهزيةُ تُطلب · بنودُ الملاحظة والحرج تُفتح · وقرارُ التشغيل يُقترح · والكرتُ يُحدَّث بتاريخ التفتيش · زمنُ التوقف يبدأ «تحت التحقق» · والمتحمّلُ مبدئيٌّ · والمعدةُ غيرُ متاحة · يسمح · أو يسمح  [nav09_map]"
"مشرف - مشاريع",6.617.29,"سادسًا: معالجة ما تعثّر","الاستلام والصرف","أرصدة المخزون بحالاتها · Procurement/stock_proc.php","استحقاقُ المشغّلِ مفتوح  [LAD-01]","إدارة المشتريات","التكلفةُ تُحمَّل · وزمنُ التوقف يُثبَّت · والكرتُ يُحدَّث · والجاهزيةُ تُطلب · بنودُ الملاحظة والحرج تُفتح · وقرارُ التشغيل يُقترح · والكرتُ يُحدَّث بتاريخ التفتيش · زمنُ التوقف يبدأ «تحت التحقق» · والمتحمّلُ مبدئيٌّ · والمعدةُ غيرُ متاحة · يسمح · أو يسمح  [nav09_map]"
"مشرف - مشاريع",6.617.30,"سادسًا: معالجة ما تعثّر","الاستلام والصرف","العهد والمرتجعات · Procurement/receipt_custody_proc.php","استحقاقُ المشغّلِ مفتوح  [LAD-01]","إدارة المشتريات","التكلفةُ تُحمَّل · وزمنُ التوقف يُثبَّت · والكرتُ يُحدَّث · والجاهزيةُ تُطلب · بنودُ الملاحظة والحرج تُفتح · وقرارُ التشغيل يُقترح · والكرتُ يُحدَّث بتاريخ التفتيش · زمنُ التوقف يبدأ «تحت التحقق» · والمتحمّلُ مبدئيٌّ · والمعدةُ غيرُ متاحة · يسمح · أو يسمح  [nav09_map]"
"مشرف - مشاريع",7.718.31,"سابعًا: إقفال اليوم",الإقفال,"الإقفال الشهري للوحدة · Operations/monthly_close.php","الواقعةُ مؤهَّلةٌ للفوترة  [LAD-01]","ادارة التشغيل","الطلبُ يدخل سلّمَ الاعتماد ببيان أثره — ولا يُعدَّل السقفُ قبل الاعتماد · الملفُّ يُصدَّر بنطاق المستخدم وحدَه · وكلُّ تصديرٍ يُسجَّل بالمستخدم والفلاتر · لا كتابةَ على وحدات الفترة · وبوابةُ الاستحقاق تُفتح · والمستخلصُ يُبنى  [nav09_map]"
"مشرف - مشاريع",7.719.32,"سابعًا: إقفال اليوم","الميزانية والإنجاز","ميزانية إدارتي · Finance/budget_dept.php","الواقعةُ مؤهَّلةٌ للفوترة  [LAD-01]","إدارة المالية","الطلبُ يدخل سلّمَ الاعتماد ببيان أثره — ولا يُعدَّل السقفُ قبل الاعتماد · الملفُّ يُصدَّر بنطاق المستخدم وحدَه · وكلُّ تصديرٍ يُسجَّل بالمستخدم والفلاتر · لا كتابةَ على وحدات الفترة · وبوابةُ الاستحقاق تُفتح · والمستخلصُ يُبنى  [nav09_map]"
"مشرف - مشاريع",7.719.33,"سابعًا: إقفال اليوم","الميزانية والإنجاز","إنجاز الإدارة · Portal/dept_achievement.php","الواقعةُ مؤهَّلةٌ للفوترة  [LAD-01]","إدارة الصلاحيات","الطلبُ يدخل سلّمَ الاعتماد ببيان أثره — ولا يُعدَّل السقفُ قبل الاعتماد · الملفُّ يُصدَّر بنطاق المستخدم وحدَه · وكلُّ تصديرٍ يُسجَّل بالمستخدم والفلاتر · لا كتابةَ على وحدات الفترة · وبوابةُ الاستحقاق تُفتح · والمستخلصُ يُبنى  [nav09_map]"
"مشرف - مشاريع",7.719.34,"سابعًا: إقفال اليوم","الميزانية والإنجاز","مركز التقارير · emsreports/index.php","الواقعةُ مؤهَّلةٌ للفوترة  [LAD-01]","إدارة الصلاحيات","الطلبُ يدخل سلّمَ الاعتماد ببيان أثره — ولا يُعدَّل السقفُ قبل الاعتماد · الملفُّ يُصدَّر بنطاق المستخدم وحدَه · وكلُّ تصديرٍ يُسجَّل بالمستخدم والفلاتر · لا كتابةَ على وحدات الفترة · وبوابةُ الاستحقاق تُفتح · والمستخلصُ يُبنى  [nav09_map]"
"مشرف - مشاريع",8.820.35,"سجلات الموقع","العقد والمشروع","عقود العملاء · Contracts/contracts.php","مستخلصٌ وفاتورةٌ صادرة  [LAD-01]","ادارة التشغيل","الحاويةُ الرئيسية تُولَّد · والتغطيةُ تُفتح للتخصيص · وخطةُ الدفع تدخل التدفق · تفاوض ← معتمد بحارسِ سقفٍ يقارن قيمةَ العقدِ بسقفِ المخوَّلِ ويُصعّد عند التجاوز — والمعتمدُ يظهر فورًا في قائمةِ توقيعِ القمة · رمزُ الحالة يحدد خمسةَ آثارٍ مستقلة: الراتبُ و  [nav09_map]"
"مشرف - مشاريع",8.820.36,"سجلات الموقع","العقد والمشروع","المشاريع والمواقع · Projects/projects.php","مستخلصٌ وفاتورةٌ صادرة  [LAD-01]","ادارة التشغيل","الحاويةُ الرئيسية تُولَّد · والتغطيةُ تُفتح للتخصيص · وخطةُ الدفع تدخل التدفق · تفاوض ← معتمد بحارسِ سقفٍ يقارن قيمةَ العقدِ بسقفِ المخوَّلِ ويُصعّد عند التجاوز — والمعتمدُ يظهر فورًا في قائمةِ توقيعِ القمة · رمزُ الحالة يحدد خمسةَ آثارٍ مستقلة: الراتبُ و  [nav09_map]"
"مشرف - مشاريع",8.821.37,"سجلات الموقع",الحضور,"الحضور والانصراف · Operations/attendance.php","مستخلصٌ وفاتورةٌ صادرة  [LAD-01]","ادارة الموارد البشرية","الحاويةُ الرئيسية تُولَّد · والتغطيةُ تُفتح للتخصيص · وخطةُ الدفع تدخل التدفق · تفاوض ← معتمد بحارسِ سقفٍ يقارن قيمةَ العقدِ بسقفِ المخوَّلِ ويُصعّد عند التجاوز — والمعتمدُ يظهر فورًا في قائمةِ توقيعِ القمة · رمزُ الحالة يحدد خمسةَ آثارٍ مستقلة: الراتبُ و  [nav09_map]"
"مشرف - مشاريع",8.821.38,"سجلات الموقع",الحضور,"الإجازات والغياب · Workforce/worker_leave_absence.php","مستخلصٌ وفاتورةٌ صادرة  [LAD-01]","ادارة الموارد البشرية","الحاويةُ الرئيسية تُولَّد · والتغطيةُ تُفتح للتخصيص · وخطةُ الدفع تدخل التدفق · تفاوض ← معتمد بحارسِ سقفٍ يقارن قيمةَ العقدِ بسقفِ المخوَّلِ ويُصعّد عند التجاوز — والمعتمدُ يظهر فورًا في قائمةِ توقيعِ القمة · رمزُ الحالة يحدد خمسةَ آثارٍ مستقلة: الراتبُ و  [nav09_map]"
"مشرف - مشاريع",9.922.39,"طلبات الموقع","الشراء والترحيل","طلبات الشراء · Procurement/requests_proc.php","القيدُ مُرحَّلٌ والإيرادُ معترَفٌ به  [LAD-01]","إدارة المشتريات","خارج الوثيقة — بانتظار قرار المالك  [cycle_order]"
"مشرف - مشاريع",9.922.40,"طلبات الموقع","الشراء والترحيل","طلبات الترحيل · Transport/transfer_requests.php","القيدُ مُرحَّلٌ والإيرادُ معترَفٌ به  [LAD-01]","إدارة النقل والترحيل","خارج الوثيقة — بانتظار قرار المالك  [cycle_order]"
"مشرف - مشاريع",99.9900.50,"خارج الوثيقة — بانتظار قرار المالك","أخرى — للمراجعة","مركز التقارير · Reports/reports.php","— لا مصدر","ادارة التشغيل","نهايةُ دورةِ الإدارة — لا مرحلةَ بعدَها  [cycle_order]"
"مشرف - مشاريع",99.9900.50,"خارج الوثيقة — بانتظار قرار المالك","أخرى — للمراجعة","الإعدادات · Settings/settings.php","— لا مصدر","ادارة التشغيل","نهايةُ دورةِ الإدارة — لا مرحلةَ بعدَها  [cycle_order]"
"مشرف - مشاريع",99.9900.50,"خارج الوثيقة — بانتظار قرار المالك","أخرى — للمراجعة","أحكام العميل والمورد والمشغّل · Finance/unit_records_fin.php","— لا مصدر","إدارة المالية","نهايةُ دورةِ الإدارة — لا مرحلةَ بعدَها  [cycle_order]"
"مشرف - مشاريع",99.9900.50,"خارج الوثيقة — بانتظار قرار المالك","أخرى — للمراجعة","لوحة مشرف - مشاريع · main/role_board.php","— لا مصدر","إدارة الصلاحيات","نهايةُ دورةِ الإدارة — لا مرحلةَ بعدَها  [cycle_order]"
"مشرف موردين",—,"(بلا مرحلة)","لوحة الإدارة","مساحة عملي · main/my_workspace.php","— لا مصدر","— لا وحدة","— لا مصدر"
"مشرف موردين",—,"(بلا مرحلة)","العمل اليومي","طلب مالي جديد · FinRequests/request_form.php","— لا مصدر","ادارة الصيانة","— لا مصدر"
"مشرف موردين",0.1.1,"لوحة الإدارة","مساحتي الشخصية","مهامي · Portal/my_tasks.php","requests · tasks · workflow  [nav09_map]","مساحة عملي  [إدارة]","الطلبُ يدخل صندوقَ اعتماد المعنيّ بمساره — ويظهر في «طلباتي» بحالته · المهمةُ تُقفل · والخطوةُ التاليةُ تُفتح لصاحبها · ومهلةُ المسار تُحدَّث · تُصيَّر المكوّناتُ التي منحته إياها الحوكمةُ وحدَها · ومشغّلُ المعدة يرى معدتَه ومشغّلَها الآخر · يُعاد الحسابُ  [nav09_map]"
"مشرف موردين",0.1.2,"لوحة الإدارة","مساحتي الشخصية","إنجازي · Portal/my_achievement.php","requests · tasks · workflow  [nav09_map]","إدارة الصلاحيات","الطلبُ يدخل صندوقَ اعتماد المعنيّ بمساره — ويظهر في «طلباتي» بحالته · المهمةُ تُقفل · والخطوةُ التاليةُ تُفتح لصاحبها · ومهلةُ المسار تُحدَّث · تُصيَّر المكوّناتُ التي منحته إياها الحوكمةُ وحدَها · ومشغّلُ المعدة يرى معدتَه ومشغّلَها الآخر · يُعاد الحسابُ  [nav09_map]"
"مشرف موردين",0.1.3,"لوحة الإدارة","مساحتي الشخصية","بوابتي · Portal/my_portal.php","requests · tasks · workflow  [nav09_map]","إدارة الصلاحيات","الطلبُ يدخل صندوقَ اعتماد المعنيّ بمساره — ويظهر في «طلباتي» بحالته · المهمةُ تُقفل · والخطوةُ التاليةُ تُفتح لصاحبها · ومهلةُ المسار تُحدَّث · تُصيَّر المكوّناتُ التي منحته إياها الحوكمةُ وحدَها · ومشغّلُ المعدة يرى معدتَه ومشغّلَها الآخر · يُعاد الحسابُ  [nav09_map]"
"مشرف موردين",0.1.4,"لوحة الإدارة","مساحتي الشخصية","طلباتي · FinRequests/my_requests.php","requests · tasks · workflow  [nav09_map]","ادارة الصيانة","الطلبُ يدخل صندوقَ اعتماد المعنيّ بمساره — ويظهر في «طلباتي» بحالته · المهمةُ تُقفل · والخطوةُ التاليةُ تُفتح لصاحبها · ومهلةُ المسار تُحدَّث · تُصيَّر المكوّناتُ التي منحته إياها الحوكمةُ وحدَها · ومشغّلُ المعدة يرى معدتَه ومشغّلَها الآخر · يُعاد الحسابُ  [nav09_map]"
"مشرف موردين",0.1.5,"لوحة الإدارة","مساحتي الشخصية","المراسلات · chats/index.php","requests · tasks · workflow  [nav09_map]","— لا وحدة","الطلبُ يدخل صندوقَ اعتماد المعنيّ بمساره — ويظهر في «طلباتي» بحالته · المهمةُ تُقفل · والخطوةُ التاليةُ تُفتح لصاحبها · ومهلةُ المسار تُحدَّث · تُصيَّر المكوّناتُ التي منحته إياها الحوكمةُ وحدَها · ومشغّلُ المعدة يرى معدتَه ومشغّلَها الآخر · يُعاد الحسابُ  [nav09_map]"
"مشرف موردين",1.102.6,"أولًا: تسجيل المورد ووثائقه",السجل,"سجل الموردين · Suppliers/suppliers.php","supplier_banks · verification · supplier_ratings · suppliers.state · docs  [nav09_map]","ادارة الموردين","التقييمُ يؤثر في الترسية القادمة · والمتدنّي يُقيَّد أو يُعلَّق · الحارسُ يفحص الوثائقَ السارية · ويصير قابلًا للتعاقد والتخصيص · السدادُ لا يقع لحسابٍ غيرِ محقَّق · وكلُّ اطّلاعٍ على الحساب يُسجَّل  [nav09_map]"
"مشرف موردين",1.103.7,"أولًا: تسجيل المورد ووثائقه","الوثائق والكفالات","وثائق المعدات والمشغّلين · Equipments/equipment_documents.php","supplier_banks · verification · supplier_ratings · suppliers.state · docs  [nav09_map]","ادارة الاسطول","التقييمُ يؤثر في الترسية القادمة · والمتدنّي يُقيَّد أو يُعلَّق · الحارسُ يفحص الوثائقَ السارية · ويصير قابلًا للتعاقد والتخصيص · السدادُ لا يقع لحسابٍ غيرِ محقَّق · وكلُّ اطّلاعٍ على الحساب يُسجَّل  [nav09_map]"
"مشرف موردين",1.103.8,"أولًا: تسجيل المورد ووثائقه","الوثائق والكفالات","التراخيص والكفالات · Governance/licenses_guarantees.php","supplier_banks · verification · supplier_ratings · suppliers.state · docs  [nav09_map]","ادارة التشغيل","التقييمُ يؤثر في الترسية القادمة · والمتدنّي يُقيَّد أو يُعلَّق · الحارسُ يفحص الوثائقَ السارية · ويصير قابلًا للتعاقد والتخصيص · السدادُ لا يقع لحسابٍ غيرِ محقَّق · وكلُّ اطّلاعٍ على الحساب يُسجَّل  [nav09_map]"
"مشرف موردين",1.104.9,"أولًا: تسجيل المورد ووثائقه","الحسابات البنكية","حسابات الموردين البنكية · Suppliers/supplier_bank.php","supplier_banks · verification · supplier_ratings · suppliers.state · docs  [nav09_map]","ادارة الموردين","التقييمُ يؤثر في الترسية القادمة · والمتدنّي يُقيَّد أو يُعلَّق · الحارسُ يفحص الوثائقَ السارية · ويصير قابلًا للتعاقد والتخصيص · السدادُ لا يقع لحسابٍ غيرِ محقَّق · وكلُّ اطّلاعٍ على الحساب يُسجَّل  [nav09_map]"
"مشرف موردين",2.205.10,"ثانيًا: العقد والحصة","نموذج التعاقد ووحدته","نماذج العمل ووحدات القياس · Portal/business_models.php","business_models · uom · op_containers · supplier_capacity · supplier_rules · unit_entries · unit_approvals  [nav09_map]","ادارة المبيعات","supplier_id على المقعدِ وحصتُه allocated — ويستدعي F-06 · الجاهزيةُ الفعليةُ تُقاس مقابل الدنيا · وتجاوزُ مهلة الإحلال يفتح جزاءً · السلسلةُ تتقدم محطةً بقرارٍ مسجَّل · النموذجُ يحدد سلسلةً كاملة: وحدةَ القياس ← ما يُسجَّل ميدانيًّا ← وحدةَ الحاوية ← وحدة  [nav09_map]"
"مشرف موردين",2.206.11,"ثانيًا: العقد والحصة",العقود,"عقود الموردين · Suppliers/supplierscontracts.php","business_models · uom · op_containers · supplier_capacity · supplier_rules · unit_entries · unit_approvals  [nav09_map]","ادارة الموردين","supplier_id على المقعدِ وحصتُه allocated — ويستدعي F-06 · الجاهزيةُ الفعليةُ تُقاس مقابل الدنيا · وتجاوزُ مهلة الإحلال يفتح جزاءً · السلسلةُ تتقدم محطةً بقرارٍ مسجَّل · النموذجُ يحدد سلسلةً كاملة: وحدةَ القياس ← ما يُسجَّل ميدانيًّا ← وحدةَ الحاوية ← وحدة  [nav09_map]"
"مشرف موردين",2.207.12,"ثانيًا: العقد والحصة","حصة المورد من وحدات النوع","حصص الموردين من العقود · Suppliers/shares_coverage.php","business_models · uom · op_containers · supplier_capacity · supplier_rules · unit_entries · unit_approvals  [nav09_map]","ادارة الموردين","supplier_id على المقعدِ وحصتُه allocated — ويستدعي F-06 · الجاهزيةُ الفعليةُ تُقاس مقابل الدنيا · وتجاوزُ مهلة الإحلال يفتح جزاءً · السلسلةُ تتقدم محطةً بقرارٍ مسجَّل · النموذجُ يحدد سلسلةً كاملة: وحدةَ القياس ← ما يُسجَّل ميدانيًّا ← وحدةَ الحاوية ← وحدة  [nav09_map]"
"مشرف موردين",2.207.13,"ثانيًا: العقد والحصة","حصة المورد من وحدات النوع","التزام العقد بنوع المعدة · Contracts/contract_coverage.php","business_models · uom · op_containers · supplier_capacity · supplier_rules · unit_entries · unit_approvals  [nav09_map]","— لا وحدة","supplier_id على المقعدِ وحصتُه allocated — ويستدعي F-06 · الجاهزيةُ الفعليةُ تُقاس مقابل الدنيا · وتجاوزُ مهلة الإحلال يفتح جزاءً · السلسلةُ تتقدم محطةً بقرارٍ مسجَّل · النموذجُ يحدد سلسلةً كاملة: وحدةَ القياس ← ما يُسجَّل ميدانيًّا ← وحدةَ الحاوية ← وحدة  [nav09_map]"
"مشرف موردين",2.208.14,"ثانيًا: العقد والحصة","الطاقة ومهلة الإحلال","طاقة المورد وجاهزيته ومهلة الإحلال · Suppliers/supplier_capacity.php","business_models · uom · op_containers · supplier_capacity · supplier_rules · unit_entries · unit_approvals  [nav09_map]","ادارة الموردين","supplier_id على المقعدِ وحصتُه allocated — ويستدعي F-06 · الجاهزيةُ الفعليةُ تُقاس مقابل الدنيا · وتجاوزُ مهلة الإحلال يفتح جزاءً · السلسلةُ تتقدم محطةً بقرارٍ مسجَّل · النموذجُ يحدد سلسلةً كاملة: وحدةَ القياس ← ما يُسجَّل ميدانيًّا ← وحدةَ الحاوية ← وحدة  [nav09_map]"
"مشرف موردين",2.209.15,"ثانيًا: العقد والحصة","قواعد التحميل والجزاءات","قواعد التحميل والجزاءات على المورد · Suppliers/supplier_rules.php","business_models · uom · op_containers · supplier_capacity · supplier_rules · unit_entries · unit_approvals  [nav09_map]","ادارة الموردين","supplier_id على المقعدِ وحصتُه allocated — ويستدعي F-06 · الجاهزيةُ الفعليةُ تُقاس مقابل الدنيا · وتجاوزُ مهلة الإحلال يفتح جزاءً · السلسلةُ تتقدم محطةً بقرارٍ مسجَّل · النموذجُ يحدد سلسلةً كاملة: وحدةَ القياس ← ما يُسجَّل ميدانيًّا ← وحدةَ الحاوية ← وحدة  [nav09_map]"
"مشرف موردين",3.310.16,"ثالثًا: طلب العروض والترسية","العروض والمقارنة","طلب العروض ومقارنتها · Procurement/rfq_compare_award.php","rfq_awards · supplier_rfqs  [nav09_map]","— لا وحدة","ترسيةٌ واحدةٌ لكلِّ بندٍ بسببٍ موثَّقٍ — ومسارُ كتابةٍ واحدٌ على الجدول  [nav09_map]"
"مشرف موردين",4.411.17,"رابعًا: توزيع الحصة على معداته","خطة معدات المورد — أساسي واحتياطي","خطة معدات المورد المتعهَّد بها · Suppliers/equipment_plan.php","equipment_quota · audit · equipment_quota · quota_ledger · op_containers  [nav09_map]","ادارة الموردين","الحارسُ يفحص Σ حصص المعدات ≤ حصة المورد · والمعدةُ الاحتياطيةُ تُقبل بصفر · والتخصيصُ الميدانيُّ يُقيَّد بالحصة · المورد حرٌّ في تنفيذ حصته بأيِّ معدةٍ من معداته — الأساسيةِ أو الاحتياطية · والمجموعُ لا يتغير · والنقلُ يُسجَّل بسببه · مقاعدُ level=معدة في  [nav09_map]"
"مشرف موردين",4.412.18,"رابعًا: توزيع الحصة على معداته","توزيع الوحدات على المعدات","توزيع وحدات المورد على معداته · Operations/equipment_quota.php","equipment_quota · audit · equipment_quota · quota_ledger · op_containers  [nav09_map]","ادارة الموردين","الحارسُ يفحص Σ حصص المعدات ≤ حصة المورد · والمعدةُ الاحتياطيةُ تُقبل بصفر · والتخصيصُ الميدانيُّ يُقيَّد بالحصة · المورد حرٌّ في تنفيذ حصته بأيِّ معدةٍ من معداته — الأساسيةِ أو الاحتياطية · والمجموعُ لا يتغير · والنقلُ يُسجَّل بسببه · مقاعدُ level=معدة في  [nav09_map]"
"مشرف موردين",4.413.19,"رابعًا: توزيع الحصة على معداته","معدات المورد ومالكوها","معدات المورد ومالكوها · Suppliers/equipment_plan.php#2","equipment_quota · audit · equipment_quota · quota_ledger · op_containers  [nav09_map]","ادارة الموردين","الحارسُ يفحص Σ حصص المعدات ≤ حصة المورد · والمعدةُ الاحتياطيةُ تُقبل بصفر · والتخصيصُ الميدانيُّ يُقيَّد بالحصة · المورد حرٌّ في تنفيذ حصته بأيِّ معدةٍ من معداته — الأساسيةِ أو الاحتياطية · والمجموعُ لا يتغير · والنقلُ يُسجَّل بسببه · مقاعدُ level=معدة في  [nav09_map]"
"مشرف موردين",4.413.20,"رابعًا: توزيع الحصة على معداته","معدات المورد ومالكوها","ملّاك الأسطول · Financing/owners_registry.php","equipment_quota · audit · equipment_quota · quota_ledger · op_containers  [nav09_map]","ادارة الاسطول","الحارسُ يفحص Σ حصص المعدات ≤ حصة المورد · والمعدةُ الاحتياطيةُ تُقبل بصفر · والتخصيصُ الميدانيُّ يُقيَّد بالحصة · المورد حرٌّ في تنفيذ حصته بأيِّ معدةٍ من معداته — الأساسيةِ أو الاحتياطية · والمجموعُ لا يتغير · والنقلُ يُسجَّل بسببه · مقاعدُ level=معدة في  [nav09_map]"
"مشرف موردين",4.414.21,"رابعًا: توزيع الحصة على معداته",الجاهزية,"جاهزية المعدات للتشغيل · Fleet/readiness_board.php","equipment_quota · audit · equipment_quota · quota_ledger · op_containers  [nav09_map]","ادارة الاسطول","الحارسُ يفحص Σ حصص المعدات ≤ حصة المورد · والمعدةُ الاحتياطيةُ تُقبل بصفر · والتخصيصُ الميدانيُّ يُقيَّد بالحصة · المورد حرٌّ في تنفيذ حصته بأيِّ معدةٍ من معداته — الأساسيةِ أو الاحتياطية · والمجموعُ لا يتغير · والنقلُ يُسجَّل بسببه · مقاعدُ level=معدة في  [nav09_map]"
"مشرف موردين",4.415.22,"رابعًا: توزيع الحصة على معداته","الوحدات التعاقدية","الوحدات التعاقدية المرقَّمة · Operations/containers.php","equipment_quota · audit · equipment_quota · quota_ledger · op_containers  [nav09_map]","ادارة التشغيل","الحارسُ يفحص Σ حصص المعدات ≤ حصة المورد · والمعدةُ الاحتياطيةُ تُقبل بصفر · والتخصيصُ الميدانيُّ يُقيَّد بالحصة · المورد حرٌّ في تنفيذ حصته بأيِّ معدةٍ من معداته — الأساسيةِ أو الاحتياطية · والمجموعُ لا يتغير · والنقلُ يُسجَّل بسببه · مقاعدُ level=معدة في  [nav09_map]"
"مشرف موردين",4.415.23,"رابعًا: توزيع الحصة على معداته","الوحدات التعاقدية","إسناد المعدات للوحدات · Operations/containers.php#2","equipment_quota · audit · equipment_quota · quota_ledger · op_containers  [nav09_map]","ادارة التشغيل","الحارسُ يفحص Σ حصص المعدات ≤ حصة المورد · والمعدةُ الاحتياطيةُ تُقبل بصفر · والتخصيصُ الميدانيُّ يُقيَّد بالحصة · المورد حرٌّ في تنفيذ حصته بأيِّ معدةٍ من معداته — الأساسيةِ أو الاحتياطية · والمجموعُ لا يتغير · والنقلُ يُسجَّل بسببه · مقاعدُ level=معدة في  [nav09_map]"
"مشرف موردين",5.516.24,"خامسًا: اعتماد وحداته","التايم شيت","تسجيل التايم شيت والإنتاج · Timesheet/timesheet.php","approval_chain · approval_chain · attribution · fin_events · meter_readings · unit_monthly_perf · unit_records · unit_periods · unit_records.state  [nav09_map]","إدارة الموقع","إيرادُ العميل وذمةُ المورد وأجرُ المشغّل تتولد بأحكامٍ ثلاثةٍ مستقلة · وخطةُ العقد تُحدَّث · والإهلاكُ يُحتسب · الإسنادُ نهائيٌّ · وحاوياتُ الموردين تُستهلك · وعدّادُ المعدة يُحدَّث · التعاقديةُ مقابل المنفَّذة · والعجزُ يفتح بندَ مطالبةٍ إن نصّ العقد · و  [nav09_map]"
"مشرف موردين",5.517.25,"خامسًا: اعتماد وحداته","دفتر استهلاك القدرات","دفتر استهلاك حصص الموردين · Suppliers/shares_coverage.php#2","approval_chain · approval_chain · attribution · fin_events · meter_readings · unit_monthly_perf · unit_records · unit_periods · unit_records.state  [nav09_map]","ادارة الموردين","إيرادُ العميل وذمةُ المورد وأجرُ المشغّل تتولد بأحكامٍ ثلاثةٍ مستقلة · وخطةُ العقد تُحدَّث · والإهلاكُ يُحتسب · الإسنادُ نهائيٌّ · وحاوياتُ الموردين تُستهلك · وعدّادُ المعدة يُحدَّث · التعاقديةُ مقابل المنفَّذة · والعجزُ يفتح بندَ مطالبةٍ إن نصّ العقد · و  [nav09_map]"
"مشرف موردين",5.518.26,"خامسًا: اعتماد وحداته","الأداء الشهري","الأداء الشهري للوحدة · Operations/unit_perf.php","approval_chain · approval_chain · attribution · fin_events · meter_readings · unit_monthly_perf · unit_records · unit_periods · unit_records.state  [nav09_map]","ادارة التشغيل","إيرادُ العميل وذمةُ المورد وأجرُ المشغّل تتولد بأحكامٍ ثلاثةٍ مستقلة · وخطةُ العقد تُحدَّث · والإهلاكُ يُحتسب · الإسنادُ نهائيٌّ · وحاوياتُ الموردين تُستهلك · وعدّادُ المعدة يُحدَّث · التعاقديةُ مقابل المنفَّذة · والعجزُ يفتح بندَ مطالبةٍ إن نصّ العقد · و  [nav09_map]"
"مشرف موردين",5.518.27,"خامسًا: اعتماد وحداته","الأداء الشهري","أداء الموردين وجاهزيتهم · Suppliers/supplier_capacity.php#2","approval_chain · approval_chain · attribution · fin_events · meter_readings · unit_monthly_perf · unit_records · unit_periods · unit_records.state  [nav09_map]","ادارة الموردين","إيرادُ العميل وذمةُ المورد وأجرُ المشغّل تتولد بأحكامٍ ثلاثةٍ مستقلة · وخطةُ العقد تُحدَّث · والإهلاكُ يُحتسب · الإسنادُ نهائيٌّ · وحاوياتُ الموردين تُستهلك · وعدّادُ المعدة يُحدَّث · التعاقديةُ مقابل المنفَّذة · والعجزُ يفتح بندَ مطالبةٍ إن نصّ العقد · و  [nav09_map]"
"مشرف موردين",5.519.28,"خامسًا: اعتماد وحداته","مشغّلو المورد","سجل المشغّلين · Employees/equipment_operators.php","approval_chain · approval_chain · attribution · fin_events · meter_readings · unit_monthly_perf · unit_records · unit_periods · unit_records.state  [nav09_map]","ادارة الموارد البشرية","إيرادُ العميل وذمةُ المورد وأجرُ المشغّل تتولد بأحكامٍ ثلاثةٍ مستقلة · وخطةُ العقد تُحدَّث · والإهلاكُ يُحتسب · الإسنادُ نهائيٌّ · وحاوياتُ الموردين تُستهلك · وعدّادُ المعدة يُحدَّث · التعاقديةُ مقابل المنفَّذة · والعجزُ يفتح بندَ مطالبةٍ إن نصّ العقد · و  [nav09_map]"
"مشرف موردين",6.620.29,"سادسًا: التسوية والدفع",التسويات,"تسويات ومستحقات الموردين · Suppliers/settlements.php","settlements · supplier_advances  [nav09_map]","ادارة الموردين","التسوياتُ الأربعُ بمستندٍ إلزاميٍّ (chk_settle_adj_doc) — وF-07/F-08 يُحسبان بقادحٍ لا يُدخَلان · جدولُ الاستقطاع يُولَّد · والخزينةُ تنخفض · والاستقطاعُ يبدأ من التسوية التالية  [nav09_map]"
"مشرف موردين",6.621.30,"سادسًا: التسوية والدفع","الكشف الشهري","كشف حساب المورد الشهري · Finance/supplier_statement_fin.php","settlements · supplier_advances  [nav09_map]","إدارة المالية","التسوياتُ الأربعُ بمستندٍ إلزاميٍّ (chk_settle_adj_doc) — وF-07/F-08 يُحسبان بقادحٍ لا يُدخَلان · جدولُ الاستقطاع يُولَّد · والخزينةُ تنخفض · والاستقطاعُ يبدأ من التسوية التالية  [nav09_map]"
"مشرف موردين",6.622.31,"سادسًا: التسوية والدفع",السلفيات,"سلفيات الموردين · Suppliers/supplier_advances.php","settlements · supplier_advances  [nav09_map]","ادارة الموردين","التسوياتُ الأربعُ بمستندٍ إلزاميٍّ (chk_settle_adj_doc) — وF-07/F-08 يُحسبان بقادحٍ لا يُدخَلان · جدولُ الاستقطاع يُولَّد · والخزينةُ تنخفض · والاستقطاعُ يبدأ من التسوية التالية  [nav09_map]"
"مشرف موردين",6.623.32,"سادسًا: التسوية والدفع","الذمم وطلب الدفع","ذمم الموردين والمستحقات · Finance/dues_fin.php","settlements · supplier_advances  [nav09_map]","إدارة المالية","التسوياتُ الأربعُ بمستندٍ إلزاميٍّ (chk_settle_adj_doc) — وF-07/F-08 يُحسبان بقادحٍ لا يُدخَلان · جدولُ الاستقطاع يُولَّد · والخزينةُ تنخفض · والاستقطاعُ يبدأ من التسوية التالية  [nav09_map]"
"مشرف موردين",6.623.33,"سادسًا: التسوية والدفع","الذمم وطلب الدفع","طلبات الدفع والسداد · Finance/payments_fin.php","settlements · supplier_advances  [nav09_map]","إدارة المالية","التسوياتُ الأربعُ بمستندٍ إلزاميٍّ (chk_settle_adj_doc) — وF-07/F-08 يُحسبان بقادحٍ لا يُدخَلان · جدولُ الاستقطاع يُولَّد · والخزينةُ تنخفض · والاستقطاعُ يبدأ من التسوية التالية  [nav09_map]"
"مشرف موردين",7.724.34,"متابعة الموردين","الصيانة المحمَّلة والجزاءات","أوامر الصيانة · Maintenance/orders.php","approvals · approvals · audit · approvals · reasons · penalties · work_orders · cost_alloc · work_orders · downtime  [nav09_map]","ادارة الصيانة","البندُ يدخل المستخلصَ خصمًا أو إضافة · والمحمَّلُ على المورد يدخل تسويتَه · التكلفةُ تُحمَّل · وزمنُ التوقف يُثبَّت · والكرتُ يُحدَّث · والجاهزيةُ تُطلب · المستندُ يعود قابلًا للتعديل · والمهلةُ تتوقف حتى إعادة الرفع · المستندُ يعود لمُنشئه بسببٍ من قائمة  [nav09_map]"
"مشرف موردين",7.724.35,"متابعة الموردين","الصيانة المحمَّلة والجزاءات","الجزاءات والحوافز التعاقدية · Contracts/penalties.php","approvals · approvals · audit · approvals · reasons · penalties · work_orders · cost_alloc · work_orders · downtime  [nav09_map]","ادارة المبيعات","البندُ يدخل المستخلصَ خصمًا أو إضافة · والمحمَّلُ على المورد يدخل تسويتَه · التكلفةُ تُحمَّل · وزمنُ التوقف يُثبَّت · والكرتُ يُحدَّث · والجاهزيةُ تُطلب · المستندُ يعود قابلًا للتعديل · والمهلةُ تتوقف حتى إعادة الرفع · المستندُ يعود لمُنشئه بسببٍ من قائمة  [nav09_map]"
"مشرف موردين",7.725.36,"متابعة الموردين","المتابعة والبلاغات","بلاغات إدارتي · Tickets/dept_inbox.php","approvals · approvals · audit · approvals · reasons · penalties · work_orders · cost_alloc · work_orders · downtime  [nav09_map]","إدارة البلاغات","البندُ يدخل المستخلصَ خصمًا أو إضافة · والمحمَّلُ على المورد يدخل تسويتَه · التكلفةُ تُحمَّل · وزمنُ التوقف يُثبَّت · والكرتُ يُحدَّث · والجاهزيةُ تُطلب · المستندُ يعود قابلًا للتعديل · والمهلةُ تتوقف حتى إعادة الرفع · المستندُ يعود لمُنشئه بسببٍ من قائمة  [nav09_map]"
"مشرف موردين",7.725.37,"متابعة الموردين","المتابعة والبلاغات","أبلغ عن مشكلة من هذه الشاشة · Tickets/ticket_contextual_open.php","approvals · approvals · audit · approvals · reasons · penalties · work_orders · cost_alloc · work_orders · downtime  [nav09_map]","— لا وحدة","البندُ يدخل المستخلصَ خصمًا أو إضافة · والمحمَّلُ على المورد يدخل تسويتَه · التكلفةُ تُحمَّل · وزمنُ التوقف يُثبَّت · والكرتُ يُحدَّث · والجاهزيةُ تُطلب · المستندُ يعود قابلًا للتعديل · والمهلةُ تتوقف حتى إعادة الرفع · المستندُ يعود لمُنشئه بسببٍ من قائمة  [nav09_map]"
"مشرف موردين",7.725.38,"متابعة الموردين","المتابعة والبلاغات","صندوق ما ينتظر اعتمادي · Finance/approvals_inbox.php","approvals · approvals · audit · approvals · reasons · penalties · work_orders · cost_alloc · work_orders · downtime  [nav09_map]","إدارة المالية","البندُ يدخل المستخلصَ خصمًا أو إضافة · والمحمَّلُ على المورد يدخل تسويتَه · التكلفةُ تُحمَّل · وزمنُ التوقف يُثبَّت · والكرتُ يُحدَّث · والجاهزيةُ تُطلب · المستندُ يعود قابلًا للتعديل · والمهلةُ تتوقف حتى إعادة الرفع · المستندُ يعود لمُنشئه بسببٍ من قائمة  [nav09_map]"
"مشرف موردين",8.826.39,"سابعًا: التقييم والتصفية","التقييم الدوري","تقييم المورد الدوري · Suppliers/supplier_evaluation.php","supplier_closure · payables · supplier_ratings  [nav09_map]","ادارة الموردين","التقييمُ يقيّد الترسيةَ القادمة · والمتدنّي يُعلَّق أو يُقيَّد تخصيصُه · المستحقُّ يُسدَّد صافيًا · والكفالةُ تُردّ أو تُصادر · والمعداتُ تُخرَج · والعقدُ يُقفل  [nav09_map]"
"مشرف موردين",8.826.40,"سابعًا: التقييم والتصفية","التقييم الدوري","أداء الموردين وجاهزيتهم · Suppliers/supplier_capacity.php#3","supplier_closure · payables · supplier_ratings  [nav09_map]","ادارة الموردين","التقييمُ يقيّد الترسيةَ القادمة · والمتدنّي يُعلَّق أو يُقيَّد تخصيصُه · المستحقُّ يُسدَّد صافيًا · والكفالةُ تُردّ أو تُصادر · والمعداتُ تُخرَج · والعقدُ يُقفل  [nav09_map]"
"مشرف موردين",8.827.41,"سابعًا: التقييم والتصفية","تصفية إنهاء العقد","تصفية إنهاء عقد مورد · Suppliers/supplier_closure.php","supplier_closure · payables · supplier_ratings  [nav09_map]","ادارة الموردين","التقييمُ يقيّد الترسيةَ القادمة · والمتدنّي يُعلَّق أو يُقيَّد تخصيصُه · المستحقُّ يُسدَّد صافيًا · والكفالةُ تُردّ أو تُصادر · والمعداتُ تُخرَج · والعقدُ يُقفل  [nav09_map]"
"مشرف موردين",9.928.42,"تقارير الموردين","الميزانية والإنجاز","ميزانية إدارتي · Finance/budget_dept.php","budget_change_requests · export_log  [nav09_map]","إدارة المالية","الطلبُ يدخل سلّمَ الاعتماد ببيان أثره — ولا يُعدَّل السقفُ قبل الاعتماد · الملفُّ يُصدَّر بنطاق المستخدم وحدَه · وكلُّ تصديرٍ يُسجَّل بالمستخدم والفلاتر  [nav09_map]"
"مشرف موردين",9.928.43,"تقارير الموردين","الميزانية والإنجاز","إنجاز الإدارة · Portal/dept_achievement.php","budget_change_requests · export_log  [nav09_map]","إدارة الصلاحيات","الطلبُ يدخل سلّمَ الاعتماد ببيان أثره — ولا يُعدَّل السقفُ قبل الاعتماد · الملفُّ يُصدَّر بنطاق المستخدم وحدَه · وكلُّ تصديرٍ يُسجَّل بالمستخدم والفلاتر  [nav09_map]"
"مشرف موردين",9.928.44,"تقارير الموردين","الميزانية والإنجاز","مركز التقارير · emsreports/index.php","budget_change_requests · export_log  [nav09_map]","إدارة الصلاحيات","الطلبُ يدخل سلّمَ الاعتماد ببيان أثره — ولا يُعدَّل السقفُ قبل الاعتماد · الملفُّ يُصدَّر بنطاق المستخدم وحدَه · وكلُّ تصديرٍ يُسجَّل بالمستخدم والفلاتر  [nav09_map]"
"مشرف موردين",99.9900.50,"خارج الوثيقة — بانتظار قرار المالك","أخرى — للمراجعة","مركز التقارير · Reports/reports.php","— لا مصدر","ادارة التشغيل","نهايةُ دورةِ الإدارة — لا مرحلةَ بعدَها  [cycle_order]"
"مشرف موردين",99.9900.50,"خارج الوثيقة — بانتظار قرار المالك","أخرى — للمراجعة","الإعدادات · Settings/settings.php","— لا مصدر","ادارة التشغيل","نهايةُ دورةِ الإدارة — لا مرحلةَ بعدَها  [cycle_order]"
"مشرف موردين",99.9900.50,"خارج الوثيقة — بانتظار قرار المالك","أخرى — للمراجعة","لوحة مشرف موردين · main/role_board.php","— لا مصدر","إدارة الصلاحيات","نهايةُ دورةِ الإدارة — لا مرحلةَ بعدَها  [cycle_order]"
"مشرف موردين",99.9900.50,"خارج الوثيقة — بانتظار قرار المالك","أخرى — للمراجعة","أنواع المعدات · Equipments/equipments_types.php","— لا مصدر","ادارة التشغيل","نهايةُ دورةِ الإدارة — لا مرحلةَ بعدَها  [cycle_order]"
"مشرف موردين",99.9900.50,"خارج الوثيقة — بانتظار قرار المالك","أخرى — للمراجعة","الأنواع والموديلات · Equipments/fleet_models.php","— لا مصدر","ادارة الاسطول","نهايةُ دورةِ الإدارة — لا مرحلةَ بعدَها  [cycle_order]"
"الإدارة التنفيذية",0.1.1,"لوحة الإدارة التنفيذية","مساحتي الشخصية","مهامي · Portal/my_tasks.php","requests · tasks · workflow  [nav09_map]","مساحة عملي  [إدارة]","الطلبُ يدخل صندوقَ اعتماد المعنيّ بمساره — ويظهر في «طلباتي» بحالته · المهمةُ تُقفل · والخطوةُ التاليةُ تُفتح لصاحبها · ومهلةُ المسار تُحدَّث · تُصيَّر المكوّناتُ التي منحته إياها الحوكمةُ وحدَها · ومشغّلُ المعدة يرى معدتَه ومشغّلَها الآخر · يُعاد الحسابُ  [nav09_map]"
"الإدارة التنفيذية",0.1.2,"لوحة الإدارة التنفيذية","مساحتي الشخصية","إنجازي · Portal/my_achievement.php","requests · tasks · workflow  [nav09_map]","إدارة الصلاحيات","الطلبُ يدخل صندوقَ اعتماد المعنيّ بمساره — ويظهر في «طلباتي» بحالته · المهمةُ تُقفل · والخطوةُ التاليةُ تُفتح لصاحبها · ومهلةُ المسار تُحدَّث · تُصيَّر المكوّناتُ التي منحته إياها الحوكمةُ وحدَها · ومشغّلُ المعدة يرى معدتَه ومشغّلَها الآخر · يُعاد الحسابُ  [nav09_map]"
"الإدارة التنفيذية",0.1.3,"لوحة الإدارة التنفيذية","مساحتي الشخصية","بوابتي · Portal/my_portal.php","requests · tasks · workflow  [nav09_map]","إدارة الصلاحيات","الطلبُ يدخل صندوقَ اعتماد المعنيّ بمساره — ويظهر في «طلباتي» بحالته · المهمةُ تُقفل · والخطوةُ التاليةُ تُفتح لصاحبها · ومهلةُ المسار تُحدَّث · تُصيَّر المكوّناتُ التي منحته إياها الحوكمةُ وحدَها · ومشغّلُ المعدة يرى معدتَه ومشغّلَها الآخر · يُعاد الحسابُ  [nav09_map]"
"الإدارة التنفيذية",0.1.4,"لوحة الإدارة التنفيذية","مساحتي الشخصية","طلباتي · FinRequests/my_requests.php","requests · tasks · workflow  [nav09_map]","ادارة الصيانة","الطلبُ يدخل صندوقَ اعتماد المعنيّ بمساره — ويظهر في «طلباتي» بحالته · المهمةُ تُقفل · والخطوةُ التاليةُ تُفتح لصاحبها · ومهلةُ المسار تُحدَّث · تُصيَّر المكوّناتُ التي منحته إياها الحوكمةُ وحدَها · ومشغّلُ المعدة يرى معدتَه ومشغّلَها الآخر · يُعاد الحسابُ  [nav09_map]"
"الإدارة التنفيذية",0.1.5,"لوحة الإدارة التنفيذية","مساحتي الشخصية","المراسلات · chats/index.php","requests · tasks · workflow  [nav09_map]","— لا وحدة","الطلبُ يدخل صندوقَ اعتماد المعنيّ بمساره — ويظهر في «طلباتي» بحالته · المهمةُ تُقفل · والخطوةُ التاليةُ تُفتح لصاحبها · ومهلةُ المسار تُحدَّث · تُصيَّر المكوّناتُ التي منحته إياها الحوكمةُ وحدَها · ومشغّلُ المعدة يرى معدتَه ومشغّلَها الآخر · يُعاد الحسابُ  [nav09_map]"
"الإدارة التنفيذية",0.2.6,"لوحة الإدارة التنفيذية","المؤشرات العليا","لوحة المدير التنفيذي · Portal/ceo_board.php","requests · tasks · workflow  [nav09_map]","الإدارة التنفيذية","الطلبُ يدخل صندوقَ اعتماد المعنيّ بمساره — ويظهر في «طلباتي» بحالته · المهمةُ تُقفل · والخطوةُ التاليةُ تُفتح لصاحبها · ومهلةُ المسار تُحدَّث · تُصيَّر المكوّناتُ التي منحته إياها الحوكمةُ وحدَها · ومشغّلُ المعدة يرى معدتَه ومشغّلَها الآخر · يُعاد الحسابُ  [nav09_map]"
"الإدارة التنفيذية",1.103.7,"أولًا: نماذج العمل والحدود","نماذج العمل ووحدات القياس","نماذج العمل ووحدات القياس · Portal/business_models.php","budget_commitments · budgets · business_models · uom  [nav09_map]","ادارة المبيعات","المتاحُ ينخفض قبل الصرف · وتجاوزُ السقف يوقف الطلبَ حتى الاعتماد · النموذجُ يحدد سلسلةً كاملة: وحدةَ القياس ← ما يُسجَّل ميدانيًّا ← وحدةَ الحاوية ← وحدةَ تعاقد المورد ← أساسَ الاستحقاق · سقفُ كل إدارةٍ يُثبَّت · وطلباتُ الصرف تُفحص عليه · والتجاوزُ يُوقف  [nav09_map]"
"الإدارة التنفيذية",1.104.8,"أولًا: نماذج العمل والحدود","الموازنة العامة","الموازنة العامة · Finance/budget_master.php","budget_commitments · budgets · business_models · uom  [nav09_map]","إدارة المالية","المتاحُ ينخفض قبل الصرف · وتجاوزُ السقف يوقف الطلبَ حتى الاعتماد · النموذجُ يحدد سلسلةً كاملة: وحدةَ القياس ← ما يُسجَّل ميدانيًّا ← وحدةَ الحاوية ← وحدةَ تعاقد المورد ← أساسَ الاستحقاق · سقفُ كل إدارةٍ يُثبَّت · وطلباتُ الصرف تُفحص عليه · والتجاوزُ يُوقف  [nav09_map]"
"الإدارة التنفيذية",2.205.9,"ثانيًا: الاعتمادات العليا","صندوق الاعتمادات العليا","اعتمادات المدير التنفيذي · Portal/ceo_approvals.php","approvals · audit  [nav09_map]","الإدارة التنفيذية","المستندُ ينفذ بعد أعلى حلقةٍ في السلّم · والتوقيعُ يُسجَّل بصفة المدير التنفيذي لا بتفويض  [nav09_map]"
"الإدارة التنفيذية",2.206.10,"ثانيًا: الاعتمادات العليا","التفويض بالتوقيع","التفويض بالتوقيع · Governance/signing_authority.php","approvals · audit  [nav09_map]","ادارة التشغيل","المستندُ ينفذ بعد أعلى حلقةٍ في السلّم · والتوقيعُ يُسجَّل بصفة المدير التنفيذي لا بتفويض  [nav09_map]"
"الإدارة التنفيذية",3.307.11,"ثالثًا: توقيع العقود","توقيع العقود","توقيع العقود والالتزامات · Portal/ceo_contracts.php","contract_audit · contract_review · guards · contracts.signed · registry  [nav09_map]","الإدارة التنفيذية","الحارسُ يمنع التوقيعَ حتى تُغلق الملاحظةُ الحرجة — والمعالجةُ تُوثَّق بمستندها · العقدُ يصير نافذًا · والحاويةُ تُولَّد · والالتزامُ يدخل الموازنة والتدفق · ويُقيَّد في السجل الموحَّد · كلُّ عقدٍ يُفحص: التفويضُ والكفالةُ والسريان — والناقصُ يُرفع بلاغًا  [nav09_map]"
"الإدارة التنفيذية",3.308.12,"ثالثًا: توقيع العقود","مراجعة العقود قبل التوقيع","مراجعة العقود وملاحظاتها · Portal/contract_review.php","contract_audit · contract_review · guards · contracts.signed · registry  [nav09_map]","ادارة المبيعات","الحارسُ يمنع التوقيعَ حتى تُغلق الملاحظةُ الحرجة — والمعالجةُ تُوثَّق بمستندها · العقدُ يصير نافذًا · والحاويةُ تُولَّد · والالتزامُ يدخل الموازنة والتدفق · ويُقيَّد في السجل الموحَّد · كلُّ عقدٍ يُفحص: التفويضُ والكفالةُ والسريان — والناقصُ يُرفع بلاغًا  [nav09_map]"
"الإدارة التنفيذية",3.309.13,"ثالثًا: توقيع العقود","سجل العقود الموحَّد","سجل العقود الموحَّد · Workforce/contract_registry.php","contract_audit · contract_review · guards · contracts.signed · registry  [nav09_map]","ادارة الموارد البشرية","الحارسُ يمنع التوقيعَ حتى تُغلق الملاحظةُ الحرجة — والمعالجةُ تُوثَّق بمستندها · العقدُ يصير نافذًا · والحاويةُ تُولَّد · والالتزامُ يدخل الموازنة والتدفق · ويُقيَّد في السجل الموحَّد · كلُّ عقدٍ يُفحص: التفويضُ والكفالةُ والسريان — والناقصُ يُرفع بلاغًا  [nav09_map]"
"الإدارة التنفيذية",4.410.14,"رابعًا: فتح المشاريع","قرار فتح مشروع","قرار فتح مشروع جديد · Portal/project_charter.php","org_assignments · org_structure · versions · projects · site_managers · cost_centers  [nav09_map]","الإدارة التنفيذية","المشروعُ يُفتح بمركز تكلفته · ومديرُ الموقع يُعيَّن بصلاحياته · والمواقعُ تُنشأ · والموارد تُحجز — ولا يقع شيءٌ من هذا بقرارٍ فردي · المكلَّفُ يعمل في نطاق التكليف ومدته · والصلاحيةُ تُشتق منه · وينتهي آليًّا بانقضائه · الوحداتُ والمسمياتُ تتغير بقرارٍ مر  [nav09_map]"
"الإدارة التنفيذية",4.411.15,"رابعًا: فتح المشاريع","الهيكل والتكليفات","الهيكل التنظيمي والمسميات · admin/org_structure.php","org_assignments · org_structure · versions · projects · site_managers · cost_centers  [nav09_map]","الحوكمة والالتزام  [إدارة]","المشروعُ يُفتح بمركز تكلفته · ومديرُ الموقع يُعيَّن بصلاحياته · والمواقعُ تُنشأ · والموارد تُحجز — ولا يقع شيءٌ من هذا بقرارٍ فردي · المكلَّفُ يعمل في نطاق التكليف ومدته · والصلاحيةُ تُشتق منه · وينتهي آليًّا بانقضائه · الوحداتُ والمسمياتُ تتغير بقرارٍ مر  [nav09_map]"
"الإدارة التنفيذية",4.411.16,"رابعًا: فتح المشاريع","الهيكل والتكليفات","التكليفات التنظيمية · admin/org_assignments.php","org_assignments · org_structure · versions · projects · site_managers · cost_centers  [nav09_map]","الحوكمة والالتزام  [إدارة]","المشروعُ يُفتح بمركز تكلفته · ومديرُ الموقع يُعيَّن بصلاحياته · والمواقعُ تُنشأ · والموارد تُحجز — ولا يقع شيءٌ من هذا بقرارٍ فردي · المكلَّفُ يعمل في نطاق التكليف ومدته · والصلاحيةُ تُشتق منه · وينتهي آليًّا بانقضائه · الوحداتُ والمسمياتُ تتغير بقرارٍ مر  [nav09_map]"
"الإدارة التنفيذية",5.512.17,"خامسًا: المخاطر والحسم","المخاطر والقرارات العليا","المخاطر والقرارات العليا · Portal/ceo_risk.php","commercial_risks · exec_decisions · assignments  [nav09_map]","الإدارة التنفيذية","الخطرُ يُقيَّم باحتماله وأثره · ويُرفع إن تجاوز الحد · القرارُ يُلزم الإدارةَ المكلَّفة بمهلته · ويُسجَّل في سجل القرارات العليا · والمتابعةُ تُجدول  [nav09_map]"
"الإدارة التنفيذية",5.513.18,"خامسًا: المخاطر والحسم","المخاطر التجارية","المخاطر التجارية · Clients/commercial_risks.php","commercial_risks · exec_decisions · assignments  [nav09_map]","ادارة المبيعات","الخطرُ يُقيَّم باحتماله وأثره · ويُرفع إن تجاوز الحد · القرارُ يُلزم الإدارةَ المكلَّفة بمهلته · ويُسجَّل في سجل القرارات العليا · والمتابعةُ تُجدول  [nav09_map]"
"الإدارة التنفيذية",6.614.19,"سادسًا: الرقابة العليا","الأداء المالي","القوائم المالية · Finance/financial_statements_fin.php","export_log  [nav09_map]","إدارة المالية","الملفُّ يُصدَّر بنطاق المستخدم وحدَه · وكلُّ تصديرٍ يُسجَّل بالمستخدم والفلاتر  [nav09_map]"
"الإدارة التنفيذية",6.614.20,"سادسًا: الرقابة العليا","الأداء المالي","هامش الربح للعقد والواقعة · Reports/margin_report.php","export_log  [nav09_map]","إدارة المالية","الملفُّ يُصدَّر بنطاق المستخدم وحدَه · وكلُّ تصديرٍ يُسجَّل بالمستخدم والفلاتر  [nav09_map]"
"الإدارة التنفيذية",6.615.21,"سادسًا: الرقابة العليا","الأداء التشغيلي","إنجاز الإدارة · Portal/dept_achievement.php","export_log  [nav09_map]","إدارة الصلاحيات","الملفُّ يُصدَّر بنطاق المستخدم وحدَه · وكلُّ تصديرٍ يُسجَّل بالمستخدم والفلاتر  [nav09_map]"
"الإدارة التنفيذية",6.615.22,"سادسًا: الرقابة العليا","الأداء التشغيلي","مؤشرات البلاغات · Tickets/ticket_dashboard.php","export_log  [nav09_map]","إدارة البلاغات","الملفُّ يُصدَّر بنطاق المستخدم وحدَه · وكلُّ تصديرٍ يُسجَّل بالمستخدم والفلاتر  [nav09_map]"
"الإدارة التنفيذية",7.716.23,"سابعًا: التأسيس والإصدار","وضع التأسيس","وضع التأسيس وإغلاقه · Portal/founding_mode.php","founding_mode · audit · releases · release_manifest  [nav09_map]","الإدارة التنفيذية","بصمةُ الإصدار تُثبَّت · وتقريرُ الاكتمال يُصدَر بالشاشات والأعمدة والأفعال المتغيرة · والرجوعُ ممكنٌ بعلَم · لا إدخالَ بعده إلا بسلسلة الاعتماد · وكلُّ ما أُدخل في الوضع يُوسَم «مؤسِّس» ويُراجَع  [nav09_map]"
"الإدارة التنفيذية",7.717.24,"سابعًا: التأسيس والإصدار","بصمة الإصدار","بصمة الإصدار وتقرير النشر · Portal/release_stamp.php","founding_mode · audit · releases · release_manifest  [nav09_map]","إدارة الصلاحيات","بصمةُ الإصدار تُثبَّت · وتقريرُ الاكتمال يُصدَر بالشاشات والأعمدة والأفعال المتغيرة · والرجوعُ ممكنٌ بعلَم · لا إدخالَ بعده إلا بسلسلة الاعتماد · وكلُّ ما أُدخل في الوضع يُوسَم «مؤسِّس» ويُراجَع  [nav09_map]"
"الإدارة التنفيذية",8.800.10,"ثامنًا: التقارير والتصدير","التقارير والتصدير","تقارير الإدارة التنفيذية · Portal/ceo_reports.php","— لا مصدر","الإدارة التنفيذية","فريق العمل  [cycle_order]"
"الإدارة التنفيذية",8.800.20,"ثامنًا: التقارير والتصدير","التقارير والتصدير","تقارير الحوكمة · Governance/gov_reports.php","— لا مصدر","إدارة الصلاحيات","فريق العمل  [cycle_order]"
"الإدارة التنفيذية",8.800.30,"ثامنًا: التقارير والتصدير","التقارير والتصدير","تقارير المراجعة للجهة المشرفة · Audit/iaf_reports.php","— لا مصدر","المراجع الداخلي المستقل","فريق العمل  [cycle_order]"
"الإدارة التنفيذية",8.800.40,"ثامنًا: التقارير والتصدير","التقارير والتصدير","تقارير المخاطر والتحليلات · Risk/risk_reports.php","— لا مصدر","إدارة المخاطر","فريق العمل  [cycle_order]"
"الإدارة التنفيذية",98.9800.10,"فريق العمل","فريق العمل","إدارة المعاونين · main/project_users.php","— لا مصدر","ادارة الموردين","خارج الوثيقة — بانتظار قرار المالك  [cycle_order]"
"الإدارة التنفيذية",99.9900.6,"خارج الوثيقة — بانتظار قرار المالك","أخرى — للمراجعة","تقارير المراجعة الداخلية · Portal/ceo_audit_reports.php","— لا مصدر","الإدارة التنفيذية","نهايةُ دورةِ الإدارة — لا مرحلةَ بعدَها  [cycle_order]"
"الإدارة التنفيذية",99.9900.7,"خارج الوثيقة — بانتظار قرار المالك","أخرى — للمراجعة","موافقات التكليف · Portal/ceo_assignments.php","— لا مصدر","الإدارة التنفيذية","نهايةُ دورةِ الإدارة — لا مرحلةَ بعدَها  [cycle_order]"
"مشرف اسطول",—,"(بلا مرحلة)","لوحة الإدارة","مساحة عملي · main/my_workspace.php","— لا مصدر","— لا وحدة","— لا مصدر"
"مشرف اسطول",—,"(بلا مرحلة)","العمل اليومي","طلب مالي جديد · FinRequests/request_form.php","— لا مصدر","ادارة الصيانة","— لا مصدر"
"مشرف اسطول",—,"(بلا مرحلة)","السجلات والملفات","المعدات · Equipments/equipments_fleet.php","— لا مصدر","ادارة الاسطول","— لا مصدر"
"مشرف اسطول",—,"(بلا مرحلة)",التقارير,"التكاليف والربحية · Finance/cost_report_fin.php","— لا مصدر","إدارة المالية","— لا مصدر"
"مشرف اسطول",0.1.1,"لوحة الإدارة","مساحتي الشخصية","مهامي · Portal/my_tasks.php","requests · tasks · workflow  [nav09_map]","مساحة عملي  [إدارة]","الطلبُ يدخل صندوقَ اعتماد المعنيّ بمساره — ويظهر في «طلباتي» بحالته · المهمةُ تُقفل · والخطوةُ التاليةُ تُفتح لصاحبها · ومهلةُ المسار تُحدَّث · تُصيَّر المكوّناتُ التي منحته إياها الحوكمةُ وحدَها · ومشغّلُ المعدة يرى معدتَه ومشغّلَها الآخر · يُعاد الحسابُ  [nav09_map]"
"مشرف اسطول",0.1.2,"لوحة الإدارة","مساحتي الشخصية","إنجازي · Portal/my_achievement.php","requests · tasks · workflow  [nav09_map]","إدارة الصلاحيات","الطلبُ يدخل صندوقَ اعتماد المعنيّ بمساره — ويظهر في «طلباتي» بحالته · المهمةُ تُقفل · والخطوةُ التاليةُ تُفتح لصاحبها · ومهلةُ المسار تُحدَّث · تُصيَّر المكوّناتُ التي منحته إياها الحوكمةُ وحدَها · ومشغّلُ المعدة يرى معدتَه ومشغّلَها الآخر · يُعاد الحسابُ  [nav09_map]"
"مشرف اسطول",0.1.3,"لوحة الإدارة","مساحتي الشخصية","بوابتي · Portal/my_portal.php","requests · tasks · workflow  [nav09_map]","إدارة الصلاحيات","الطلبُ يدخل صندوقَ اعتماد المعنيّ بمساره — ويظهر في «طلباتي» بحالته · المهمةُ تُقفل · والخطوةُ التاليةُ تُفتح لصاحبها · ومهلةُ المسار تُحدَّث · تُصيَّر المكوّناتُ التي منحته إياها الحوكمةُ وحدَها · ومشغّلُ المعدة يرى معدتَه ومشغّلَها الآخر · يُعاد الحسابُ  [nav09_map]"
"مشرف اسطول",0.1.4,"لوحة الإدارة","مساحتي الشخصية","طلباتي · FinRequests/my_requests.php","requests · tasks · workflow  [nav09_map]","ادارة الصيانة","الطلبُ يدخل صندوقَ اعتماد المعنيّ بمساره — ويظهر في «طلباتي» بحالته · المهمةُ تُقفل · والخطوةُ التاليةُ تُفتح لصاحبها · ومهلةُ المسار تُحدَّث · تُصيَّر المكوّناتُ التي منحته إياها الحوكمةُ وحدَها · ومشغّلُ المعدة يرى معدتَه ومشغّلَها الآخر · يُعاد الحسابُ  [nav09_map]"
"مشرف اسطول",0.1.5,"لوحة الإدارة","مساحتي الشخصية","المراسلات · chats/index.php","requests · tasks · workflow  [nav09_map]","— لا وحدة","الطلبُ يدخل صندوقَ اعتماد المعنيّ بمساره — ويظهر في «طلباتي» بحالته · المهمةُ تُقفل · والخطوةُ التاليةُ تُفتح لصاحبها · ومهلةُ المسار تُحدَّث · تُصيَّر المكوّناتُ التي منحته إياها الحوكمةُ وحدَها · ومشغّلُ المعدة يرى معدتَه ومشغّلَها الآخر · يُعاد الحسابُ  [nav09_map]"
"مشرف اسطول",0.2.6,"لوحة الإدارة",الجاهزية,"جاهزية المعدات للتشغيل · Fleet/readiness_board.php","requests · tasks · workflow  [nav09_map]","ادارة الاسطول","الطلبُ يدخل صندوقَ اعتماد المعنيّ بمساره — ويظهر في «طلباتي» بحالته · المهمةُ تُقفل · والخطوةُ التاليةُ تُفتح لصاحبها · ومهلةُ المسار تُحدَّث · تُصيَّر المكوّناتُ التي منحته إياها الحوكمةُ وحدَها · ومشغّلُ المعدة يرى معدتَه ومشغّلَها الآخر · يُعاد الحسابُ  [nav09_map]"
"مشرف اسطول",1.103.7,"أولًا: إدخال الأصل والترميز","سجل المعدات","سجل المعدات · Equipments/equipments.php","asset_register · fin_events · code_bridge · equipment_sourcing · equipments · asset_register  [nav09_map]","إدارة الأسطول  [إدارة]","الإهلاكُ يتوقف · والقيمةُ تُقفل · والتخصيصاتُ تُنهى · والحصصُ تُغلق · المصدرُ يحدد: من يملك · من يُهلك · من يستحق العائد · ومن يُحمَّل الصيانة — والتشغيلُ يراها معدةً بلا مصدر · كرتٌ بكودٍ دائم · وطلبُ تفتيشٍ أوليٍّ يُفتح · وأصلٌ يدخل السجلَ بلا إهلاكٍ حت  [nav09_map]"
"مشرف اسطول",1.104.8,"أولًا: إدخال الأصل والترميز","جسر ترقيم المعدات","جسر ترقيم المعدات · Equipments/code_bridge.php","asset_register · fin_events · code_bridge · equipment_sourcing · equipments · asset_register  [nav09_map]","ادارة الاسطول","الإهلاكُ يتوقف · والقيمةُ تُقفل · والتخصيصاتُ تُنهى · والحصصُ تُغلق · المصدرُ يحدد: من يملك · من يُهلك · من يستحق العائد · ومن يُحمَّل الصيانة — والتشغيلُ يراها معدةً بلا مصدر · كرتٌ بكودٍ دائم · وطلبُ تفتيشٍ أوليٍّ يُفتح · وأصلٌ يدخل السجلَ بلا إهلاكٍ حت  [nav09_map]"
"مشرف اسطول",1.105.9,"أولًا: إدخال الأصل والترميز","الأنواع والموديلات","أنواع المعدات وفئاتها · Equipments/equipments_types.php","asset_register · fin_events · code_bridge · equipment_sourcing · equipments · asset_register  [nav09_map]","ادارة التشغيل","الإهلاكُ يتوقف · والقيمةُ تُقفل · والتخصيصاتُ تُنهى · والحصصُ تُغلق · المصدرُ يحدد: من يملك · من يُهلك · من يستحق العائد · ومن يُحمَّل الصيانة — والتشغيلُ يراها معدةً بلا مصدر · كرتٌ بكودٍ دائم · وطلبُ تفتيشٍ أوليٍّ يُفتح · وأصلٌ يدخل السجلَ بلا إهلاكٍ حت  [nav09_map]"
"مشرف اسطول",1.105.10,"أولًا: إدخال الأصل والترميز","الأنواع والموديلات","موديلات المعدات ومواصفاتها · Equipments/fleet_models.php","asset_register · fin_events · code_bridge · equipment_sourcing · equipments · asset_register  [nav09_map]","ادارة الاسطول","الإهلاكُ يتوقف · والقيمةُ تُقفل · والتخصيصاتُ تُنهى · والحصصُ تُغلق · المصدرُ يحدد: من يملك · من يُهلك · من يستحق العائد · ومن يُحمَّل الصيانة — والتشغيلُ يراها معدةً بلا مصدر · كرتٌ بكودٍ دائم · وطلبُ تفتيشٍ أوليٍّ يُفتح · وأصلٌ يدخل السجلَ بلا إهلاكٍ حت  [nav09_map]"
"مشرف اسطول",1.106.11,"أولًا: إدخال الأصل والترميز","مصدر المعدة ونمط تملّكها","مصدر المعدة ونمط تملّكها · Equipments/equipment_sourcing.php","asset_register · fin_events · code_bridge · equipment_sourcing · equipments · asset_register  [nav09_map]","ادارة الاسطول","الإهلاكُ يتوقف · والقيمةُ تُقفل · والتخصيصاتُ تُنهى · والحصصُ تُغلق · المصدرُ يحدد: من يملك · من يُهلك · من يستحق العائد · ومن يُحمَّل الصيانة — والتشغيلُ يراها معدةً بلا مصدر · كرتٌ بكودٍ دائم · وطلبُ تفتيشٍ أوليٍّ يُفتح · وأصلٌ يدخل السجلَ بلا إهلاكٍ حت  [nav09_map]"
"مشرف اسطول",1.107.12,"أولًا: إدخال الأصل والترميز",الملّاك,"ملّاك الأسطول · Financing/owners_registry.php","asset_register · fin_events · code_bridge · equipment_sourcing · equipments · asset_register  [nav09_map]","ادارة الاسطول","الإهلاكُ يتوقف · والقيمةُ تُقفل · والتخصيصاتُ تُنهى · والحصصُ تُغلق · المصدرُ يحدد: من يملك · من يُهلك · من يستحق العائد · ومن يُحمَّل الصيانة — والتشغيلُ يراها معدةً بلا مصدر · كرتٌ بكودٍ دائم · وطلبُ تفتيشٍ أوليٍّ يُفتح · وأصلٌ يدخل السجلَ بلا إهلاكٍ حت  [nav09_map]"
"مشرف اسطول",2.208.13,"ثانيًا: الجاهزية والتفعيل","الجاهزية والتفتيش","جاهزية المعدات للتشغيل · Fleet/readiness_board.php#2","inspections · findings · readiness · tech_decision · work_orders · cost_alloc · work_orders · downtime  [nav09_map]","ادارة الاسطول","التكلفةُ تُحمَّل · وزمنُ التوقف يُثبَّت · والكرتُ يُحدَّث · والجاهزيةُ تُطلب · بنودُ الملاحظة والحرج تُفتح · وقرارُ التشغيل يُقترح · والكرتُ يُحدَّث بتاريخ التفتيش · زمنُ التوقف يبدأ «تحت التحقق» · والمتحمّلُ مبدئيٌّ · والمعدةُ غيرُ متاحة · يسمح · أو يسمح  [nav09_map]"
"مشرف اسطول",2.208.14,"ثانيًا: الجاهزية والتفعيل","الجاهزية والتفتيش","الفحص الفني اليومي · Maintenance/inspections.php","inspections · findings · readiness · tech_decision · work_orders · cost_alloc · work_orders · downtime  [nav09_map]","ادارة الصيانة","التكلفةُ تُحمَّل · وزمنُ التوقف يُثبَّت · والكرتُ يُحدَّث · والجاهزيةُ تُطلب · بنودُ الملاحظة والحرج تُفتح · وقرارُ التشغيل يُقترح · والكرتُ يُحدَّث بتاريخ التفتيش · زمنُ التوقف يبدأ «تحت التحقق» · والمتحمّلُ مبدئيٌّ · والمعدةُ غيرُ متاحة · يسمح · أو يسمح  [nav09_map]"
"مشرف اسطول",2.209.15,"ثانيًا: الجاهزية والتفعيل","أوامر الصيانة","أوامر الصيانة · Maintenance/orders.php","inspections · findings · readiness · tech_decision · work_orders · cost_alloc · work_orders · downtime  [nav09_map]","ادارة الصيانة","التكلفةُ تُحمَّل · وزمنُ التوقف يُثبَّت · والكرتُ يُحدَّث · والجاهزيةُ تُطلب · بنودُ الملاحظة والحرج تُفتح · وقرارُ التشغيل يُقترح · والكرتُ يُحدَّث بتاريخ التفتيش · زمنُ التوقف يبدأ «تحت التحقق» · والمتحمّلُ مبدئيٌّ · والمعدةُ غيرُ متاحة · يسمح · أو يسمح  [nav09_map]"
"مشرف اسطول",2.209.16,"ثانيًا: الجاهزية والتفعيل","أوامر الصيانة","خطط الصيانة الوقائية · Maintenance/preventive_plans.php","inspections · findings · readiness · tech_decision · work_orders · cost_alloc · work_orders · downtime  [nav09_map]","ادارة الصيانة","التكلفةُ تُحمَّل · وزمنُ التوقف يُثبَّت · والكرتُ يُحدَّث · والجاهزيةُ تُطلب · بنودُ الملاحظة والحرج تُفتح · وقرارُ التشغيل يُقترح · والكرتُ يُحدَّث بتاريخ التفتيش · زمنُ التوقف يبدأ «تحت التحقق» · والمتحمّلُ مبدئيٌّ · والمعدةُ غيرُ متاحة · يسمح · أو يسمح  [nav09_map]"
"مشرف اسطول",3.310.17,"ثالثًا: التخصيص والحركة","التوزيع والإسناد","توزيع المعدات والمشغّلين · Operations/distribution_space.php","— لا مصدر","إدارة الموقع","رابعًا: العدّادات والوثائق  [cycle_order]"
"مشرف اسطول",3.310.18,"ثالثًا: التخصيص والحركة","التوزيع والإسناد","إسناد المعدات للوحدات · Operations/containers.php","— لا مصدر","ادارة التشغيل","رابعًا: العدّادات والوثائق  [cycle_order]"
"مشرف اسطول",3.311.19,"ثالثًا: التخصيص والحركة",الترحيل,"أوامر الترحيل · Transport/transfer_orders_list.php","— لا مصدر","إدارة النقل والترحيل","رابعًا: العدّادات والوثائق  [cycle_order]"
"مشرف اسطول",4.412.20,"رابعًا: العدّادات والوثائق",العدّادات,"قراءات العدّادات · Equipments/meter_readings.php","approval_chain · approval_chain · attribution · fin_events · meter_readings · unit_records · unit_periods · unit_records.state  [nav09_map]","مشرف - مشاريع","إيرادُ العميل وذمةُ المورد وأجرُ المشغّل تتولد بأحكامٍ ثلاثةٍ مستقلة · وخطةُ العقد تُحدَّث · والإهلاكُ يُحتسب · الإسنادُ نهائيٌّ · وحاوياتُ الموردين تُستهلك · وعدّادُ المعدة يُحدَّث · الحلقةُ الأولى تُفتح · وقفلُ التعديل · وعدّادُ المهلة يبدأ · الحلقةُ ال  [nav09_map]"
"مشرف اسطول",4.412.21,"رابعًا: العدّادات والوثائق",العدّادات,"تسجيل التايم شيت والإنتاج · Timesheet/timesheet.php","approval_chain · approval_chain · attribution · fin_events · meter_readings · unit_records · unit_periods · unit_records.state  [nav09_map]","إدارة الموقع","إيرادُ العميل وذمةُ المورد وأجرُ المشغّل تتولد بأحكامٍ ثلاثةٍ مستقلة · وخطةُ العقد تُحدَّث · والإهلاكُ يُحتسب · الإسنادُ نهائيٌّ · وحاوياتُ الموردين تُستهلك · وعدّادُ المعدة يُحدَّث · الحلقةُ الأولى تُفتح · وقفلُ التعديل · وعدّادُ المهلة يبدأ · الحلقةُ ال  [nav09_map]"
"مشرف اسطول",4.413.22,"رابعًا: العدّادات والوثائق","الوثائق والتأمينات","وثائق المعدات والمشغّلين · Equipments/equipment_documents.php","approval_chain · approval_chain · attribution · fin_events · meter_readings · unit_records · unit_periods · unit_records.state  [nav09_map]","ادارة الاسطول","إيرادُ العميل وذمةُ المورد وأجرُ المشغّل تتولد بأحكامٍ ثلاثةٍ مستقلة · وخطةُ العقد تُحدَّث · والإهلاكُ يُحتسب · الإسنادُ نهائيٌّ · وحاوياتُ الموردين تُستهلك · وعدّادُ المعدة يُحدَّث · الحلقةُ الأولى تُفتح · وقفلُ التعديل · وعدّادُ المهلة يبدأ · الحلقةُ ال  [nav09_map]"
"مشرف اسطول",5.514.23,"خامسًا: المطابقة والإهلاك","مطابقة الأصول بالتشغيل","مطابقة سجل الأصول بالتشغيل · Equipments/asset_recon.php","asset_recon · adjustments  [nav09_map]","ادارة الاسطول","الفرقُ يُفسَّر بسببه: خطأُ إدخالٍ أو ساعاتٌ غيرُ مسجَّلةٍ أو معدةٌ خارج السجل · والتصحيحُ يُوثَّق  [nav09_map]"
"مشرف اسطول",5.515.24,"خامسًا: المطابقة والإهلاك","الإهلاك والقيمة","الإهلاك والقيمة الدفترية · Finance/assets_fin.php","asset_recon · adjustments  [nav09_map]","إدارة المالية","الفرقُ يُفسَّر بسببه: خطأُ إدخالٍ أو ساعاتٌ غيرُ مسجَّلةٍ أو معدةٌ خارج السجل · والتصحيحُ يُوثَّق  [nav09_map]"
"مشرف اسطول",5.516.25,"خامسًا: المطابقة والإهلاك","إعدادات الإهلاك","سياسات الإهلاك المعتمدة · Equipments/fleet_depreciation_profiles.php","asset_recon · adjustments  [nav09_map]","ادارة الاسطول","الفرقُ يُفسَّر بسببه: خطأُ إدخالٍ أو ساعاتٌ غيرُ مسجَّلةٍ أو معدةٌ خارج السجل · والتصحيحُ يُوثَّق  [nav09_map]"
"مشرف اسطول",6.617.26,"سادسًا: التمويل والملكية","الأعيان المموَّلة","الأعيان المموَّلة · Equipments/fin_assets.php","financed_assets  [nav09_map]","إدارة التمويل","الأصلُ يحمل مصدرَ تمويله · وحاملُ الإهلاك يُحدَّد · والتشغيلُ لا يرى الشروط  [nav09_map]"
"مشرف اسطول",6.617.27,"سادسًا: التمويل والملكية","الأعيان المموَّلة","حصص الملكية في الأصول · Financing/owners_registry.php#2","financed_assets  [nav09_map]","ادارة الاسطول","الأصلُ يحمل مصدرَ تمويله · وحاملُ الإهلاك يُحدَّد · والتشغيلُ لا يرى الشروط  [nav09_map]"
"مشرف اسطول",6.618.28,"سادسًا: التمويل والملكية","مصدر المعدة","مصدر المعدة ونمط تملّكها · Equipments/equipment_sourcing.php#2","financed_assets  [nav09_map]","ادارة الاسطول","الأصلُ يحمل مصدرَ تمويله · وحاملُ الإهلاك يُحدَّد · والتشغيلُ لا يرى الشروط  [nav09_map]"
"مشرف اسطول",7.719.29,"سابعًا: الإخراج من الخدمة",الإخراج,"سجل المعدات · Equipments/equipments.php#2","— لا مصدر","إدارة الأسطول  [إدارة]","متابعة وتقارير الأسطول  [cycle_order]"
"مشرف اسطول",8.820.30,"متابعة وتقارير الأسطول","الأعطال والاعتمادية","تصنيف الأعطال وأسبابها · Equipments/manage_failure_codes.php","approvals · approvals · audit · approvals · reasons · budget_change_requests · export_log  [nav09_map]","ادارة الصيانة","الطلبُ يدخل سلّمَ الاعتماد ببيان أثره — ولا يُعدَّل السقفُ قبل الاعتماد · المستندُ يعود قابلًا للتعديل · والمهلةُ تتوقف حتى إعادة الرفع · المستندُ يعود لمُنشئه بسببٍ من قائمةٍ محكومة — ويُقاس السببُ في تحليل الاختناقات · المستندُ ينتقل · والتوقيعُ يُسجَّل  [nav09_map]"
"مشرف اسطول",8.821.31,"متابعة وتقارير الأسطول","المتابعة والبلاغات","بلاغات إدارتي · Tickets/dept_inbox.php","approvals · approvals · audit · approvals · reasons · budget_change_requests · export_log  [nav09_map]","إدارة البلاغات","الطلبُ يدخل سلّمَ الاعتماد ببيان أثره — ولا يُعدَّل السقفُ قبل الاعتماد · المستندُ يعود قابلًا للتعديل · والمهلةُ تتوقف حتى إعادة الرفع · المستندُ يعود لمُنشئه بسببٍ من قائمةٍ محكومة — ويُقاس السببُ في تحليل الاختناقات · المستندُ ينتقل · والتوقيعُ يُسجَّل  [nav09_map]"
"مشرف اسطول",8.821.32,"متابعة وتقارير الأسطول","المتابعة والبلاغات","أبلغ عن مشكلة من هذه الشاشة · Tickets/ticket_contextual_open.php","approvals · approvals · audit · approvals · reasons · budget_change_requests · export_log  [nav09_map]","— لا وحدة","الطلبُ يدخل سلّمَ الاعتماد ببيان أثره — ولا يُعدَّل السقفُ قبل الاعتماد · المستندُ يعود قابلًا للتعديل · والمهلةُ تتوقف حتى إعادة الرفع · المستندُ يعود لمُنشئه بسببٍ من قائمةٍ محكومة — ويُقاس السببُ في تحليل الاختناقات · المستندُ ينتقل · والتوقيعُ يُسجَّل  [nav09_map]"
"مشرف اسطول",8.821.33,"متابعة وتقارير الأسطول","المتابعة والبلاغات","صندوق ما ينتظر اعتمادي · Finance/approvals_inbox.php","approvals · approvals · audit · approvals · reasons · budget_change_requests · export_log  [nav09_map]","إدارة المالية","الطلبُ يدخل سلّمَ الاعتماد ببيان أثره — ولا يُعدَّل السقفُ قبل الاعتماد · المستندُ يعود قابلًا للتعديل · والمهلةُ تتوقف حتى إعادة الرفع · المستندُ يعود لمُنشئه بسببٍ من قائمةٍ محكومة — ويُقاس السببُ في تحليل الاختناقات · المستندُ ينتقل · والتوقيعُ يُسجَّل  [nav09_map]"
"مشرف اسطول",8.822.34,"متابعة وتقارير الأسطول","الميزانية والإنجاز","ميزانية إدارتي · Finance/budget_dept.php","approvals · approvals · audit · approvals · reasons · budget_change_requests · export_log  [nav09_map]","إدارة المالية","الطلبُ يدخل سلّمَ الاعتماد ببيان أثره — ولا يُعدَّل السقفُ قبل الاعتماد · المستندُ يعود قابلًا للتعديل · والمهلةُ تتوقف حتى إعادة الرفع · المستندُ يعود لمُنشئه بسببٍ من قائمةٍ محكومة — ويُقاس السببُ في تحليل الاختناقات · المستندُ ينتقل · والتوقيعُ يُسجَّل  [nav09_map]"
"مشرف اسطول",8.822.35,"متابعة وتقارير الأسطول","الميزانية والإنجاز","إنجاز الإدارة · Portal/dept_achievement.php","approvals · approvals · audit · approvals · reasons · budget_change_requests · export_log  [nav09_map]","إدارة الصلاحيات","الطلبُ يدخل سلّمَ الاعتماد ببيان أثره — ولا يُعدَّل السقفُ قبل الاعتماد · المستندُ يعود قابلًا للتعديل · والمهلةُ تتوقف حتى إعادة الرفع · المستندُ يعود لمُنشئه بسببٍ من قائمةٍ محكومة — ويُقاس السببُ في تحليل الاختناقات · المستندُ ينتقل · والتوقيعُ يُسجَّل  [nav09_map]"
"مشرف اسطول",8.822.36,"متابعة وتقارير الأسطول","الميزانية والإنجاز","مركز التقارير · emsreports/index.php","approvals · approvals · audit · approvals · reasons · budget_change_requests · export_log  [nav09_map]","إدارة الصلاحيات","الطلبُ يدخل سلّمَ الاعتماد ببيان أثره — ولا يُعدَّل السقفُ قبل الاعتماد · المستندُ يعود قابلًا للتعديل · والمهلةُ تتوقف حتى إعادة الرفع · المستندُ يعود لمُنشئه بسببٍ من قائمةٍ محكومة — ويُقاس السببُ في تحليل الاختناقات · المستندُ ينتقل · والتوقيعُ يُسجَّل  [nav09_map]"
"مشرف اسطول",99.9900.50,"خارج الوثيقة — بانتظار قرار المالك","أخرى — للمراجعة","أحكام العميل والمورد والمشغّل · Finance/unit_records_fin.php","— لا مصدر","إدارة المالية","نهايةُ دورةِ الإدارة — لا مرحلةَ بعدَها  [cycle_order]"
"مشرف اسطول",99.9900.50,"خارج الوثيقة — بانتظار قرار المالك","أخرى — للمراجعة","لوحة مشرف اسطول · main/role_board.php","— لا مصدر","إدارة الصلاحيات","نهايةُ دورةِ الإدارة — لا مرحلةَ بعدَها  [cycle_order]"
"مشغل اسطول",—,"(بلا مرحلة)","لوحة الإدارة","مساحة عملي · main/my_workspace.php","— لا مصدر","— لا وحدة","— لا مصدر"
"مشغل اسطول",—,"(بلا مرحلة)","العمل اليومي","التشغيل · Oprators/select_project.php","— لا مصدر","ادارة الاسطول","— لا مصدر"
"مشغل اسطول",—,"(بلا مرحلة)","العمل اليومي","طلب مالي جديد · FinRequests/request_form.php","— لا مصدر","ادارة الصيانة","— لا مصدر"
"مشغل اسطول",—,"(بلا مرحلة)","العمل اليومي","طلباتي المالية · FinRequests/my_requests.php","— لا مصدر","ادارة الصيانة","— لا مصدر"
"مشغل اسطول",—,"(بلا مرحلة)","السجلات والملفات","المعدات · Equipments/equipments_fleet.php","— لا مصدر","ادارة الاسطول","— لا مصدر"
"مشغل اسطول",—,"(بلا مرحلة)","السجلات والملفات","فريق الإدارة والتكليفات · main/project_users.php","— لا مصدر","ادارة الموردين","— لا مصدر"
"مشغل اسطول",—,"(بلا مرحلة)","السجلات والملفات","الموردون · Suppliers/suppliers.php","— لا مصدر","ادارة الموردين","— لا مصدر"
"مشغل اسطول",—,"(بلا مرحلة)","السجلات والملفات","قراءات العدّادات · Equipments/meter_readings.php","— لا مصدر","مشرف - مشاريع","— لا مصدر"
"مشغل اسطول",—,"(بلا مرحلة)","المراجعة والاعتماد","أحكام العميل والمورد والمشغّل · Finance/unit_records_fin.php","— لا مصدر","إدارة المالية","— لا مصدر"
"مشغل اسطول",—,"(بلا مرحلة)","المتابعة والاستثناءات","بلاغاتُ إدارتي · Tickets/dept_inbox.php","— لا مصدر","إدارة البلاغات","— لا مصدر"
"مشغل اسطول",—,"(بلا مرحلة)","الإغلاق والتسوية","إعداد الإهلاك · Equipments/fleet_depreciation_profiles.php","— لا مصدر","ادارة الاسطول","— لا مصدر"
"مشغل اسطول",—,"(بلا مرحلة)",التقارير,"مركز التقارير · Reports/reports.php","— لا مصدر","ادارة التشغيل","— لا مصدر"
"مشغل اسطول",—,"(بلا مرحلة)",التقارير,"التكاليف والربحية · Finance/cost_report_fin.php","— لا مصدر","إدارة المالية","— لا مصدر"
"مشغل اسطول",—,"(بلا مرحلة)",الإعدادات,"الأنواع والموديلات · Equipments/fleet_models.php","— لا مصدر","ادارة الاسطول","— لا مصدر"
"مشغل اسطول",—,"(بلا مرحلة)",الإعدادات,"الإعدادات · Settings/settings.php","— لا مصدر","ادارة التشغيل","— لا مصدر"
"مشغل اسطول",0.100.1,,"مساحتي الشخصية","مهامي · Portal/my_tasks.php","tasks · workflow  [nav09_map]","مساحة عملي  [إدارة]","المهمةُ تُقفل · والخطوةُ التاليةُ تُفتح لصاحبها · ومهلةُ المسار تُحدَّث · تُصيَّر المكوّناتُ التي منحته إياها الحوكمةُ وحدَها · ومشغّلُ المعدة يرى معدتَه ومشغّلَها الآخر · يُعاد الحسابُ للمدى: يومًا أو أسبوعًا أو شهرًا أو سنةً أو بتاريخين  [nav09_map]"
"مشغل اسطول",0.100.2,,"مساحتي الشخصية","إنجازي · Portal/my_achievement.php","tasks · workflow  [nav09_map]","إدارة الصلاحيات","المهمةُ تُقفل · والخطوةُ التاليةُ تُفتح لصاحبها · ومهلةُ المسار تُحدَّث · تُصيَّر المكوّناتُ التي منحته إياها الحوكمةُ وحدَها · ومشغّلُ المعدة يرى معدتَه ومشغّلَها الآخر · يُعاد الحسابُ للمدى: يومًا أو أسبوعًا أو شهرًا أو سنةً أو بتاريخين  [nav09_map]"
"مشغل اسطول",0.100.3,,"مساحتي الشخصية","بوابتي · Portal/my_portal.php","tasks · workflow  [nav09_map]","إدارة الصلاحيات","المهمةُ تُقفل · والخطوةُ التاليةُ تُفتح لصاحبها · ومهلةُ المسار تُحدَّث · تُصيَّر المكوّناتُ التي منحته إياها الحوكمةُ وحدَها · ومشغّلُ المعدة يرى معدتَه ومشغّلَها الآخر · يُعاد الحسابُ للمدى: يومًا أو أسبوعًا أو شهرًا أو سنةً أو بتاريخين  [nav09_map]"
"مشغل اسطول",0.100.5,,"مساحتي الشخصية","المراسلات · chats/index.php","tasks · workflow  [nav09_map]","— لا وحدة","المهمةُ تُقفل · والخطوةُ التاليةُ تُفتح لصاحبها · ومهلةُ المسار تُحدَّث · تُصيَّر المكوّناتُ التي منحته إياها الحوكمةُ وحدَها · ومشغّلُ المعدة يرى معدتَه ومشغّلَها الآخر · يُعاد الحسابُ للمدى: يومًا أو أسبوعًا أو شهرًا أو سنةً أو بتاريخين  [nav09_map]"
"مشغل اسطول",0.105.6,,الجاهزية,"جاهزية المعدات للتشغيل · Fleet/readiness_board.php","tasks · workflow  [nav09_map]","ادارة الاسطول","المهمةُ تُقفل · والخطوةُ التاليةُ تُفتح لصاحبها · ومهلةُ المسار تُحدَّث · تُصيَّر المكوّناتُ التي منحته إياها الحوكمةُ وحدَها · ومشغّلُ المعدة يرى معدتَه ومشغّلَها الآخر · يُعاد الحسابُ للمدى: يومًا أو أسبوعًا أو شهرًا أو سنةً أو بتاريخين  [nav09_map]"
"مشغل اسطول",1.106.7,,"سجل المعدات","سجل المعدات · Equipments/equipments.php","asset_register · fin_events · code_bridge · equipment_sourcing · equipments · asset_register  [nav09_map]","إدارة الأسطول  [إدارة]","الإهلاكُ يتوقف · والقيمةُ تُقفل · والتخصيصاتُ تُنهى · والحصصُ تُغلق · المصدرُ يحدد: من يملك · من يُهلك · من يستحق العائد · ومن يُحمَّل الصيانة — والتشغيلُ يراها معدةً بلا مصدر · كرتٌ بكودٍ دائم · وطلبُ تفتيشٍ أوليٍّ يُفتح · وأصلٌ يدخل السجلَ بلا إهلاكٍ حت  [nav09_map]"
"مشغل اسطول",1.107.8,,"جسر ترقيم المعدات","جسر ترقيم المعدات · Equipments/code_bridge.php","asset_register · fin_events · code_bridge · equipment_sourcing · equipments · asset_register  [nav09_map]","ادارة الاسطول","الإهلاكُ يتوقف · والقيمةُ تُقفل · والتخصيصاتُ تُنهى · والحصصُ تُغلق · المصدرُ يحدد: من يملك · من يُهلك · من يستحق العائد · ومن يُحمَّل الصيانة — والتشغيلُ يراها معدةً بلا مصدر · كرتٌ بكودٍ دائم · وطلبُ تفتيشٍ أوليٍّ يُفتح · وأصلٌ يدخل السجلَ بلا إهلاكٍ حت  [nav09_map]"
"مشغل اسطول",1.108.9,,"الأنواع والموديلات","أنواع المعدات وفئاتها · Equipments/equipments_types.php","asset_register · fin_events · code_bridge · equipment_sourcing · equipments · asset_register  [nav09_map]","ادارة التشغيل","الإهلاكُ يتوقف · والقيمةُ تُقفل · والتخصيصاتُ تُنهى · والحصصُ تُغلق · المصدرُ يحدد: من يملك · من يُهلك · من يستحق العائد · ومن يُحمَّل الصيانة — والتشغيلُ يراها معدةً بلا مصدر · كرتٌ بكودٍ دائم · وطلبُ تفتيشٍ أوليٍّ يُفتح · وأصلٌ يدخل السجلَ بلا إهلاكٍ حت  [nav09_map]"
"مشغل اسطول",1.110.11,,"مصدر المعدة ونمط تملّكها","مصدر المعدة ونمط تملّكها · Equipments/equipment_sourcing.php","asset_register · fin_events · code_bridge · equipment_sourcing · equipments · asset_register  [nav09_map]","ادارة الاسطول","الإهلاكُ يتوقف · والقيمةُ تُقفل · والتخصيصاتُ تُنهى · والحصصُ تُغلق · المصدرُ يحدد: من يملك · من يُهلك · من يستحق العائد · ومن يُحمَّل الصيانة — والتشغيلُ يراها معدةً بلا مصدر · كرتٌ بكودٍ دائم · وطلبُ تفتيشٍ أوليٍّ يُفتح · وأصلٌ يدخل السجلَ بلا إهلاكٍ حت  [nav09_map]"
"مشغل اسطول",2.112.13,,"الجاهزية والتفتيش","الفحص الفني اليومي · Maintenance/inspections.php","inspections · findings · readiness · tech_decision · work_orders · cost_alloc · work_orders · downtime  [nav09_map]","ادارة الصيانة","التكلفةُ تُحمَّل · وزمنُ التوقف يُثبَّت · والكرتُ يُحدَّث · والجاهزيةُ تُطلب · بنودُ الملاحظة والحرج تُفتح · وقرارُ التشغيل يُقترح · والكرتُ يُحدَّث بتاريخ التفتيش · زمنُ التوقف يبدأ «تحت التحقق» · والمتحمّلُ مبدئيٌّ · والمعدةُ غيرُ متاحة · يسمح · أو يسمح  [nav09_map]"
"مشغل اسطول",2.113.14,,"أوامر الصيانة","أوامر الصيانة · Maintenance/orders.php","inspections · findings · readiness · tech_decision · work_orders · cost_alloc · work_orders · downtime  [nav09_map]","ادارة الصيانة","التكلفةُ تُحمَّل · وزمنُ التوقف يُثبَّت · والكرتُ يُحدَّث · والجاهزيةُ تُطلب · بنودُ الملاحظة والحرج تُفتح · وقرارُ التشغيل يُقترح · والكرتُ يُحدَّث بتاريخ التفتيش · زمنُ التوقف يبدأ «تحت التحقق» · والمتحمّلُ مبدئيٌّ · والمعدةُ غيرُ متاحة · يسمح · أو يسمح  [nav09_map]"
"مشغل اسطول",2.113.15,,"أوامر الصيانة","خطط الصيانة الوقائية · Maintenance/preventive_plans.php","inspections · findings · readiness · tech_decision · work_orders · cost_alloc · work_orders · downtime  [nav09_map]","ادارة الصيانة","التكلفةُ تُحمَّل · وزمنُ التوقف يُثبَّت · والكرتُ يُحدَّث · والجاهزيةُ تُطلب · بنودُ الملاحظة والحرج تُفتح · وقرارُ التشغيل يُقترح · والكرتُ يُحدَّث بتاريخ التفتيش · زمنُ التوقف يبدأ «تحت التحقق» · والمتحمّلُ مبدئيٌّ · والمعدةُ غيرُ متاحة · يسمح · أو يسمح  [nav09_map]"
"مشغل اسطول",3.115.16,,"التوزيع والإسناد","توزيع المعدات والمشغّلين · Operations/distribution_space.php","— لا مصدر","إدارة الموقع","— لا مصدر"
"مشغل اسطول",3.115.17,,"التوزيع والإسناد","إسناد المعدات للوحدات · Operations/containers.php","— لا مصدر","ادارة التشغيل","— لا مصدر"
"مشغل اسطول",3.117.18,,الترحيل,"أوامر الترحيل · Transport/transfer_orders_list.php","— لا مصدر","إدارة النقل والترحيل","— لا مصدر"
"مشغل اسطول",4.118.20,,العدّادات,"تسجيل التايم شيت والإنتاج · Timesheet/timesheet.php","approval_chain · approval_chain · attribution · fin_events · meter_readings · unit_records · unit_periods · unit_records.state  [nav09_map]","إدارة الموقع","إيرادُ العميل وذمةُ المورد وأجرُ المشغّل تتولد بأحكامٍ ثلاثةٍ مستقلة · وخطةُ العقد تُحدَّث · والإهلاكُ يُحتسب · الإسنادُ نهائيٌّ · وحاوياتُ الموردين تُستهلك · وعدّادُ المعدة يُحدَّث · الحلقةُ الأولى تُفتح · وقفلُ التعديل · وعدّادُ المهلة يبدأ · الحلقةُ ال  [nav09_map]"
"مشغل اسطول",4.120.21,,"الوثائق والتأمينات","وثائق المعدات والمشغّلين · Equipments/equipment_documents.php","approval_chain · approval_chain · attribution · fin_events · meter_readings · unit_records · unit_periods · unit_records.state  [nav09_map]","ادارة الاسطول","إيرادُ العميل وذمةُ المورد وأجرُ المشغّل تتولد بأحكامٍ ثلاثةٍ مستقلة · وخطةُ العقد تُحدَّث · والإهلاكُ يُحتسب · الإسنادُ نهائيٌّ · وحاوياتُ الموردين تُستهلك · وعدّادُ المعدة يُحدَّث · الحلقةُ الأولى تُفتح · وقفلُ التعديل · وعدّادُ المهلة يبدأ · الحلقةُ ال  [nav09_map]"
"مشغل اسطول",5.121.22,,"مطابقة الأصول بالتشغيل","مطابقة سجل الأصول بالتشغيل · Equipments/asset_recon.php","asset_recon · adjustments  [nav09_map]","ادارة الاسطول","الفرقُ يُفسَّر بسببه: خطأُ إدخالٍ أو ساعاتٌ غيرُ مسجَّلةٍ أو معدةٌ خارج السجل · والتصحيحُ يُوثَّق  [nav09_map]"
"مشغل اسطول",5.122.23,,"الإهلاك والقيمة","الإهلاك والقيمة الدفترية · Finance/assets_fin.php","asset_recon · adjustments  [nav09_map]","إدارة المالية","الفرقُ يُفسَّر بسببه: خطأُ إدخالٍ أو ساعاتٌ غيرُ مسجَّلةٍ أو معدةٌ خارج السجل · والتصحيحُ يُوثَّق  [nav09_map]"
"مشغل اسطول",6.124.25,,"الأعيان المموَّلة","الأعيان المموَّلة · Equipments/fin_assets.php","financed_assets  [nav09_map]","إدارة التمويل","الأصلُ يحمل مصدرَ تمويله · وحاملُ الإهلاك يُحدَّد · والتشغيلُ لا يرى الشروط  [nav09_map]"
"مشغل اسطول",8.125.26,,"الأعطال والاعتمادية","تصنيف الأعطال وأسبابها · Equipments/manage_failure_codes.php","approvals · approvals · audit · approvals · reasons · budget_change_requests · export_log  [nav09_map]","ادارة الصيانة","الطلبُ يدخل سلّمَ الاعتماد ببيان أثره — ولا يُعدَّل السقفُ قبل الاعتماد · المستندُ يعود قابلًا للتعديل · والمهلةُ تتوقف حتى إعادة الرفع · المستندُ يعود لمُنشئه بسببٍ من قائمةٍ محكومة — ويُقاس السببُ في تحليل الاختناقات · المستندُ ينتقل · والتوقيعُ يُسجَّل  [nav09_map]"
"مشغل اسطول",8.126.28,,"المتابعة والبلاغات","أبلغ عن مشكلة من هذه الشاشة · Tickets/ticket_contextual_open.php","approvals · approvals · audit · approvals · reasons · budget_change_requests · export_log  [nav09_map]","— لا وحدة","الطلبُ يدخل سلّمَ الاعتماد ببيان أثره — ولا يُعدَّل السقفُ قبل الاعتماد · المستندُ يعود قابلًا للتعديل · والمهلةُ تتوقف حتى إعادة الرفع · المستندُ يعود لمُنشئه بسببٍ من قائمةٍ محكومة — ويُقاس السببُ في تحليل الاختناقات · المستندُ ينتقل · والتوقيعُ يُسجَّل  [nav09_map]"
"مشغل اسطول",8.126.29,,"المتابعة والبلاغات","صندوق ما ينتظر اعتمادي · Finance/approvals_inbox.php","approvals · approvals · audit · approvals · reasons · budget_change_requests · export_log  [nav09_map]","إدارة المالية","الطلبُ يدخل سلّمَ الاعتماد ببيان أثره — ولا يُعدَّل السقفُ قبل الاعتماد · المستندُ يعود قابلًا للتعديل · والمهلةُ تتوقف حتى إعادة الرفع · المستندُ يعود لمُنشئه بسببٍ من قائمةٍ محكومة — ويُقاس السببُ في تحليل الاختناقات · المستندُ ينتقل · والتوقيعُ يُسجَّل  [nav09_map]"
"مشغل اسطول",8.129.30,,"الميزانية والإنجاز","ميزانية إدارتي · Finance/budget_dept.php","approvals · approvals · audit · approvals · reasons · budget_change_requests · export_log  [nav09_map]","إدارة المالية","الطلبُ يدخل سلّمَ الاعتماد ببيان أثره — ولا يُعدَّل السقفُ قبل الاعتماد · المستندُ يعود قابلًا للتعديل · والمهلةُ تتوقف حتى إعادة الرفع · المستندُ يعود لمُنشئه بسببٍ من قائمةٍ محكومة — ويُقاس السببُ في تحليل الاختناقات · المستندُ ينتقل · والتوقيعُ يُسجَّل  [nav09_map]"
"مشغل اسطول",8.129.31,,"الميزانية والإنجاز","إنجاز الإدارة · Portal/dept_achievement.php","approvals · approvals · audit · approvals · reasons · budget_change_requests · export_log  [nav09_map]","إدارة الصلاحيات","الطلبُ يدخل سلّمَ الاعتماد ببيان أثره — ولا يُعدَّل السقفُ قبل الاعتماد · المستندُ يعود قابلًا للتعديل · والمهلةُ تتوقف حتى إعادة الرفع · المستندُ يعود لمُنشئه بسببٍ من قائمةٍ محكومة — ويُقاس السببُ في تحليل الاختناقات · المستندُ ينتقل · والتوقيعُ يُسجَّل  [nav09_map]"
"مشغل اسطول",8.129.32,,"الميزانية والإنجاز","مركز التقارير · emsreports/index.php","approvals · approvals · audit · approvals · reasons · budget_change_requests · export_log  [nav09_map]","إدارة الصلاحيات","الطلبُ يدخل سلّمَ الاعتماد ببيان أثره — ولا يُعدَّل السقفُ قبل الاعتماد · المستندُ يعود قابلًا للتعديل · والمهلةُ تتوقف حتى إعادة الرفع · المستندُ يعود لمُنشئه بسببٍ من قائمةٍ محكومة — ويُقاس السببُ في تحليل الاختناقات · المستندُ ينتقل · والتوقيعُ يُسجَّل  [nav09_map]"
"مشغل اسطول",97.97.12,"إضافاتُ المالك","إضافاتُ المالك","ملّاك الأسطول · Financing/owners_registry.php","— لا مصدر","ادارة الاسطول","نهايةُ دورةِ الإدارة — لا مرحلةَ بعدَها  [cycle_order]"
"ادارة المبيعات",—,"(بلا مرحلة)","لوحة الإدارة","مساحة عملي · main/my_workspace.php","— لا مصدر","— لا وحدة","— لا مصدر"
"ادارة المبيعات",—,"(بلا مرحلة)","لوحة الإدارة","طلب مالي جديد · FinRequests/request_form.php","— لا مصدر","ادارة الصيانة","— لا مصدر"
"ادارة المبيعات",0.1.1,"لوحة الإدارة","مساحتي الشخصية","مهامي · Portal/my_tasks.php","requests · tasks · workflow  [nav09_map]","مساحة عملي  [إدارة]","الطلبُ يدخل صندوقَ اعتماد المعنيّ بمساره — ويظهر في «طلباتي» بحالته · المهمةُ تُقفل · والخطوةُ التاليةُ تُفتح لصاحبها · ومهلةُ المسار تُحدَّث · تُصيَّر المكوّناتُ التي منحته إياها الحوكمةُ وحدَها · ومشغّلُ المعدة يرى معدتَه ومشغّلَها الآخر · يُعاد الحسابُ  [nav09_map]"
"ادارة المبيعات",0.1.2,"لوحة الإدارة","مساحتي الشخصية","إنجازي · Portal/my_achievement.php","requests · tasks · workflow  [nav09_map]","إدارة الصلاحيات","الطلبُ يدخل صندوقَ اعتماد المعنيّ بمساره — ويظهر في «طلباتي» بحالته · المهمةُ تُقفل · والخطوةُ التاليةُ تُفتح لصاحبها · ومهلةُ المسار تُحدَّث · تُصيَّر المكوّناتُ التي منحته إياها الحوكمةُ وحدَها · ومشغّلُ المعدة يرى معدتَه ومشغّلَها الآخر · يُعاد الحسابُ  [nav09_map]"
"ادارة المبيعات",0.1.3,"لوحة الإدارة","مساحتي الشخصية","بوابتي · Portal/my_portal.php","requests · tasks · workflow  [nav09_map]","إدارة الصلاحيات","الطلبُ يدخل صندوقَ اعتماد المعنيّ بمساره — ويظهر في «طلباتي» بحالته · المهمةُ تُقفل · والخطوةُ التاليةُ تُفتح لصاحبها · ومهلةُ المسار تُحدَّث · تُصيَّر المكوّناتُ التي منحته إياها الحوكمةُ وحدَها · ومشغّلُ المعدة يرى معدتَه ومشغّلَها الآخر · يُعاد الحسابُ  [nav09_map]"
"ادارة المبيعات",0.1.4,"لوحة الإدارة","مساحتي الشخصية","طلباتي · FinRequests/my_requests.php","requests · tasks · workflow  [nav09_map]","ادارة الصيانة","الطلبُ يدخل صندوقَ اعتماد المعنيّ بمساره — ويظهر في «طلباتي» بحالته · المهمةُ تُقفل · والخطوةُ التاليةُ تُفتح لصاحبها · ومهلةُ المسار تُحدَّث · تُصيَّر المكوّناتُ التي منحته إياها الحوكمةُ وحدَها · ومشغّلُ المعدة يرى معدتَه ومشغّلَها الآخر · يُعاد الحسابُ  [nav09_map]"
"ادارة المبيعات",0.1.5,"لوحة الإدارة","مساحتي الشخصية","المراسلات · chats/index.php","requests · tasks · workflow  [nav09_map]","— لا وحدة","الطلبُ يدخل صندوقَ اعتماد المعنيّ بمساره — ويظهر في «طلباتي» بحالته · المهمةُ تُقفل · والخطوةُ التاليةُ تُفتح لصاحبها · ومهلةُ المسار تُحدَّث · تُصيَّر المكوّناتُ التي منحته إياها الحوكمةُ وحدَها · ومشغّلُ المعدة يرى معدتَه ومشغّلَها الآخر · يُعاد الحسابُ  [nav09_map]"
"ادارة المبيعات",1.102.6,"أولًا: نبدأ من العميل",العملاء,"سجل العملاء · Clients/clients.php","client_statements · clients · entities · opportunities.stage · projects · cost_centers  [nav09_map]","ادارة التشغيل","الرصيدُ التراكميُّ يُثبَّت · والعميلُ يُطالب بمطابقته قبل التصعيد · الفرصةُ تنتقل لمرحلة العرض · وتُحجز مواردُ التسعير · كيانٌ يُنشأ في السجل · وحسابُ ذمةٍ يُفتح · ولا تعاقدَ قبل اكتمال وثائقه · مركزُ تكلفةٍ يُفتح · والعقودُ تُربط به أبًا تعاقديًّا · والم  [nav09_map]"
"ادارة المبيعات",1.102.7,"أولًا: نبدأ من العميل",العملاء,"كشف حساب العميل · Contracts/client_statement.php","client_statements · clients · entities · opportunities.stage · projects · cost_centers  [nav09_map]","ادارة المبيعات","الرصيدُ التراكميُّ يُثبَّت · والعميلُ يُطالب بمطابقته قبل التصعيد · الفرصةُ تنتقل لمرحلة العرض · وتُحجز مواردُ التسعير · كيانٌ يُنشأ في السجل · وحسابُ ذمةٍ يُفتح · ولا تعاقدَ قبل اكتمال وثائقه · مركزُ تكلفةٍ يُفتح · والعقودُ تُربط به أبًا تعاقديًّا · والم  [nav09_map]"
"ادارة المبيعات",1.103.8,"أولًا: نبدأ من العميل","الفرص والمناقصات","الفرص والزيارات والمناقصات · Opportunities/opportunities.php","client_statements · clients · entities · opportunities.stage · projects · cost_centers  [nav09_map]","ادارة المبيعات","الرصيدُ التراكميُّ يُثبَّت · والعميلُ يُطالب بمطابقته قبل التصعيد · الفرصةُ تنتقل لمرحلة العرض · وتُحجز مواردُ التسعير · كيانٌ يُنشأ في السجل · وحسابُ ذمةٍ يُفتح · ولا تعاقدَ قبل اكتمال وثائقه · مركزُ تكلفةٍ يُفتح · والعقودُ تُربط به أبًا تعاقديًّا · والم  [nav09_map]"
"ادارة المبيعات",1.104.9,"أولًا: نبدأ من العميل","المشاريع والمواقع","المشاريع والمواقع · Projects/projects.php","client_statements · clients · entities · opportunities.stage · projects · cost_centers  [nav09_map]","ادارة التشغيل","الرصيدُ التراكميُّ يُثبَّت · والعميلُ يُطالب بمطابقته قبل التصعيد · الفرصةُ تنتقل لمرحلة العرض · وتُحجز مواردُ التسعير · كيانٌ يُنشأ في السجل · وحسابُ ذمةٍ يُفتح · ولا تعاقدَ قبل اكتمال وثائقه · مركزُ تكلفةٍ يُفتح · والعقودُ تُربط به أبًا تعاقديًّا · والم  [nav09_map]"
"ادارة المبيعات",2.205.10,"ثانيًا: نتفاوض ونسعّر",العروض,"عروض الأسعار للعملاء · Clients/quotations.php","حالةُ الوحدةِ «معتمدةٌ يوميًّا»  [LAD-01]","ادارة المبيعات","البندُ يصير متاحًا في العقود والعروض · وحسابُه الإيراديُّ يُربط · ووحدةُ قياسه تُثبَّت · العرضُ يتحول إلى مسودة عقدٍ ببنوده وأسعاره — ولا يُعاد إدخالُها · العرضُ يُقفل بنسخته · والتعديلُ ينشئ نسخةً جديدةً لا يمحو السابقة · النموذجُ يحدد سلسلةً كاملة: وحدة  [nav09_map]"
"ادارة المبيعات",2.206.11,"ثانيًا: نتفاوض ونسعّر","نماذج العمل ووحداتها","نماذج العمل ووحدات القياس · Portal/business_models.php","حالةُ الوحدةِ «معتمدةٌ يوميًّا»  [LAD-01]","ادارة المبيعات","البندُ يصير متاحًا في العقود والعروض · وحسابُه الإيراديُّ يُربط · ووحدةُ قياسه تُثبَّت · العرضُ يتحول إلى مسودة عقدٍ ببنوده وأسعاره — ولا يُعاد إدخالُها · العرضُ يُقفل بنسخته · والتعديلُ ينشئ نسخةً جديدةً لا يمحو السابقة · النموذجُ يحدد سلسلةً كاملة: وحدة  [nav09_map]"
"ادارة المبيعات",2.207.12,"ثانيًا: نتفاوض ونسعّر","كتالوج الخدمات والتسعير","كتالوج الخدمات وبنود البيع · Clients/products.php","حالةُ الوحدةِ «معتمدةٌ يوميًّا»  [LAD-01]","ادارة المبيعات","البندُ يصير متاحًا في العقود والعروض · وحسابُه الإيراديُّ يُربط · ووحدةُ قياسه تُثبَّت · العرضُ يتحول إلى مسودة عقدٍ ببنوده وأسعاره — ولا يُعاد إدخالُها · العرضُ يُقفل بنسخته · والتعديلُ ينشئ نسخةً جديدةً لا يمحو السابقة · النموذجُ يحدد سلسلةً كاملة: وحدة  [nav09_map]"
"ادارة المبيعات",2.207.13,"ثانيًا: نتفاوض ونسعّر","كتالوج الخدمات والتسعير","قوائم التسعير المعتمدة · Clients/pricelists.php","حالةُ الوحدةِ «معتمدةٌ يوميًّا»  [LAD-01]","ادارة المبيعات","البندُ يصير متاحًا في العقود والعروض · وحسابُه الإيراديُّ يُربط · ووحدةُ قياسه تُثبَّت · العرضُ يتحول إلى مسودة عقدٍ ببنوده وأسعاره — ولا يُعاد إدخالُها · العرضُ يُقفل بنسخته · والتعديلُ ينشئ نسخةً جديدةً لا يمحو السابقة · النموذجُ يحدد سلسلةً كاملة: وحدة  [nav09_map]"
"ادارة المبيعات",2.207.14,"ثانيًا: نتفاوض ونسعّر","كتالوج الخدمات والتسعير","وحدات القياس والتحويل · Clients/units_of_measure.php","حالةُ الوحدةِ «معتمدةٌ يوميًّا»  [LAD-01]","ادارة المبيعات","البندُ يصير متاحًا في العقود والعروض · وحسابُه الإيراديُّ يُربط · ووحدةُ قياسه تُثبَّت · العرضُ يتحول إلى مسودة عقدٍ ببنوده وأسعاره — ولا يُعاد إدخالُها · العرضُ يُقفل بنسخته · والتعديلُ ينشئ نسخةً جديدةً لا يمحو السابقة · النموذجُ يحدد سلسلةً كاملة: وحدة  [nav09_map]"
"ادارة المبيعات",3.308.15,"ثالثًا: نوقّع العقد",العقود,"عقود العملاء · Contracts/contracts.php","حالةُ المطابقةِ + فتحُ اعتمادِ الموردين  [LAD-01]","ادارة التشغيل","الحارسُ يمنع التوقيعَ حتى تُغلق الملاحظةُ الحرجة — والمعالجةُ تُوثَّق بمستندها · الحاويةُ الرئيسية تُولَّد · والتغطيةُ تُفتح للتخصيص · وخطةُ الدفع تدخل التدفق · تفاوض ← معتمد بحارسِ سقفٍ يقارن قيمةَ العقدِ بسقفِ المخوَّلِ ويُصعّد عند التجاوز — والمعتمدُ ي  [nav09_map]"
"ادارة المبيعات",3.308.16,"ثالثًا: نوقّع العقد",العقود,"سجل العقود الموحَّد · Workforce/contract_registry.php","حالةُ المطابقةِ + فتحُ اعتمادِ الموردين  [LAD-01]","ادارة الموارد البشرية","الحارسُ يمنع التوقيعَ حتى تُغلق الملاحظةُ الحرجة — والمعالجةُ تُوثَّق بمستندها · الحاويةُ الرئيسية تُولَّد · والتغطيةُ تُفتح للتخصيص · وخطةُ الدفع تدخل التدفق · تفاوض ← معتمد بحارسِ سقفٍ يقارن قيمةَ العقدِ بسقفِ المخوَّلِ ويُصعّد عند التجاوز — والمعتمدُ ي  [nav09_map]"
"ادارة المبيعات",3.309.17,"ثالثًا: نوقّع العقد","مراجعة العقد وملاحظاتها","مراجعة العقود وملاحظاتها · Portal/contract_review.php","حالةُ المطابقةِ + فتحُ اعتمادِ الموردين  [LAD-01]","ادارة المبيعات","الحارسُ يمنع التوقيعَ حتى تُغلق الملاحظةُ الحرجة — والمعالجةُ تُوثَّق بمستندها · الحاويةُ الرئيسية تُولَّد · والتغطيةُ تُفتح للتخصيص · وخطةُ الدفع تدخل التدفق · تفاوض ← معتمد بحارسِ سقفٍ يقارن قيمةَ العقدِ بسقفِ المخوَّلِ ويُصعّد عند التجاوز — والمعتمدُ ي  [nav09_map]"
"ادارة المبيعات",3.310.18,"ثالثًا: نوقّع العقد","الملاحق والتجديد","ملاحق العقود وتجديداتها · Clients/contract_amendments.php","حالةُ المطابقةِ + فتحُ اعتمادِ الموردين  [LAD-01]","ادارة المبيعات","الحارسُ يمنع التوقيعَ حتى تُغلق الملاحظةُ الحرجة — والمعالجةُ تُوثَّق بمستندها · الحاويةُ الرئيسية تُولَّد · والتغطيةُ تُفتح للتخصيص · وخطةُ الدفع تدخل التدفق · تفاوض ← معتمد بحارسِ سقفٍ يقارن قيمةَ العقدِ بسقفِ المخوَّلِ ويُصعّد عند التجاوز — والمعتمدُ ي  [nav09_map]"
"ادارة المبيعات",3.311.19,"ثالثًا: نوقّع العقد","سجل حركة العقد","سجل حركة العقد · Clients/contract_events.php","حالةُ المطابقةِ + فتحُ اعتمادِ الموردين  [LAD-01]","ادارة المبيعات","الحارسُ يمنع التوقيعَ حتى تُغلق الملاحظةُ الحرجة — والمعالجةُ تُوثَّق بمستندها · الحاويةُ الرئيسية تُولَّد · والتغطيةُ تُفتح للتخصيص · وخطةُ الدفع تدخل التدفق · تفاوض ← معتمد بحارسِ سقفٍ يقارن قيمةَ العقدِ بسقفِ المخوَّلِ ويُصعّد عند التجاوز — والمعتمدُ ي  [nav09_map]"
"ادارة المبيعات",3.312.20,"ثالثًا: نوقّع العقد",الكفالات,"التراخيص والكفالات · Governance/licenses_guarantees.php","حالةُ المطابقةِ + فتحُ اعتمادِ الموردين  [LAD-01]","ادارة التشغيل","الحارسُ يمنع التوقيعَ حتى تُغلق الملاحظةُ الحرجة — والمعالجةُ تُوثَّق بمستندها · الحاويةُ الرئيسية تُولَّد · والتغطيةُ تُفتح للتخصيص · وخطةُ الدفع تدخل التدفق · تفاوض ← معتمد بحارسِ سقفٍ يقارن قيمةَ العقدِ بسقفِ المخوَّلِ ويُصعّد عند التجاوز — والمعتمدُ ي  [nav09_map]"
"ادارة المبيعات",4.413.21,"رابعًا: نوزّع الحاويات","التغطية والوحدات","التزام العقد بنوع المعدة · Contracts/contract_coverage.php","op_containers  [nav09_map]","— لا وحدة","تتولد آليًّا من توقيعِ العقد (ContractSignedEffects ⇐ op_containers رئيسية) وتُدار من شاشةِ التغطية · مستوى «مورد/نوع» في op_containers من بنودِ العقد — ويستدعي F-04 (الاشتقاقُ الصعوديُّ CapacityRollupService)  [nav09_map]"
"ادارة المبيعات",4.413.22,"رابعًا: نوزّع الحاويات","التغطية والوحدات","الوحدات التعاقدية المرقَّمة · Operations/containers.php","op_containers  [nav09_map]","ادارة التشغيل","تتولد آليًّا من توقيعِ العقد (ContractSignedEffects ⇐ op_containers رئيسية) وتُدار من شاشةِ التغطية · مستوى «مورد/نوع» في op_containers من بنودِ العقد — ويستدعي F-04 (الاشتقاقُ الصعوديُّ CapacityRollupService)  [nav09_map]"
"ادارة المبيعات",4.414.23,"رابعًا: نوزّع الحاويات","الأحكام والعملات","أحكام العقد — العملات والمقدم والمهل · Contracts/contract_card.php","op_containers  [nav09_map]","ادارة المبيعات","تتولد آليًّا من توقيعِ العقد (ContractSignedEffects ⇐ op_containers رئيسية) وتُدار من شاشةِ التغطية · مستوى «مورد/نوع» في op_containers من بنودِ العقد — ويستدعي F-04 (الاشتقاقُ الصعوديُّ CapacityRollupService)  [nav09_map]"
"ادارة المبيعات",4.415.24,"رابعًا: نوزّع الحاويات","آليات التعديل","آليات تعديل السعر · Contracts/price_terms.php","op_containers  [nav09_map]","ادارة المبيعات","تتولد آليًّا من توقيعِ العقد (ContractSignedEffects ⇐ op_containers رئيسية) وتُدار من شاشةِ التغطية · مستوى «مورد/نوع» في op_containers من بنودِ العقد — ويستدعي F-04 (الاشتقاقُ الصعوديُّ CapacityRollupService)  [nav09_map]"
"ادارة المبيعات",5.516.25,"خامسًا: نتابع التنفيذ","الأداء الشهري","الأداء الشهري للوحدة · Operations/unit_perf.php","حصةُ الموردِ مستهلَكةٌ باللقطة  [LAD-01]","ادارة التشغيل","إيرادُ العميل وذمةُ المورد وأجرُ المشغّل تتولد بأحكامٍ ثلاثةٍ مستقلة · وخطةُ العقد تُحدَّث · والإهلاكُ يُحتسب · الإسنادُ نهائيٌّ · وحاوياتُ الموردين تُستهلك · وعدّادُ المعدة يُحدَّث · التعاقديةُ مقابل المنفَّذة · والعجزُ يفتح بندَ مطالبةٍ إن نصّ العقد · و  [nav09_map]"
"ادارة المبيعات",5.517.26,"خامسًا: نتابع التنفيذ","الوحدات والقياس","تسجيل التايم شيت والإنتاج · Timesheet/timesheet.php","حصةُ الموردِ مستهلَكةٌ باللقطة  [LAD-01]","إدارة الموقع","إيرادُ العميل وذمةُ المورد وأجرُ المشغّل تتولد بأحكامٍ ثلاثةٍ مستقلة · وخطةُ العقد تُحدَّث · والإهلاكُ يُحتسب · الإسنادُ نهائيٌّ · وحاوياتُ الموردين تُستهلك · وعدّادُ المعدة يُحدَّث · التعاقديةُ مقابل المنفَّذة · والعجزُ يفتح بندَ مطالبةٍ إن نصّ العقد · و  [nav09_map]"
"ادارة المبيعات",5.517.27,"خامسًا: نتابع التنفيذ","الوحدات والقياس","الإنتاج والقياس · Operations/production.php","حصةُ الموردِ مستهلَكةٌ باللقطة  [LAD-01]","إدارة الموقع","إيرادُ العميل وذمةُ المورد وأجرُ المشغّل تتولد بأحكامٍ ثلاثةٍ مستقلة · وخطةُ العقد تُحدَّث · والإهلاكُ يُحتسب · الإسنادُ نهائيٌّ · وحاوياتُ الموردين تُستهلك · وعدّادُ المعدة يُحدَّث · التعاقديةُ مقابل المنفَّذة · والعجزُ يفتح بندَ مطالبةٍ إن نصّ العقد · و  [nav09_map]"
"ادارة المبيعات",6.618.28,"سادسًا: نفوتر ونحصّل",المستخلصات,"المستخلصات والمطالبات · Contracts/claims.php","استحقاقُ المشغّلِ مفتوح  [LAD-01]","ادارة المبيعات","البندُ يدخل المستخلصَ خصمًا أو إضافة · والمحمَّلُ على المورد يدخل تسويتَه · البندُ ينتقل إلى المستخلص · وعمرُ الاحتباس يتوقف · والإيرادُ المحتبَسُ ينقص · الفاتورةُ تُفتح · والذمةُ المدينةُ تُسجَّل · ومهلةُ السداد تبدأ · الوحداتُ المعتمدةُ تُدرج بأسعار لقط  [nav09_map]"
"ادارة المبيعات",6.619.29,"سادسًا: نفوتر ونحصّل","الجزاءات والحوافز","الجزاءات والحوافز التعاقدية · Contracts/penalties.php","استحقاقُ المشغّلِ مفتوح  [LAD-01]","ادارة المبيعات","البندُ يدخل المستخلصَ خصمًا أو إضافة · والمحمَّلُ على المورد يدخل تسويتَه · البندُ ينتقل إلى المستخلص · وعمرُ الاحتباس يتوقف · والإيرادُ المحتبَسُ ينقص · الفاتورةُ تُفتح · والذمةُ المدينةُ تُسجَّل · ومهلةُ السداد تبدأ · الوحداتُ المعتمدةُ تُدرج بأسعار لقط  [nav09_map]"
"ادارة المبيعات",6.620.30,"سادسًا: نفوتر ونحصّل","غير المفوتر","الأعمال غير المفوترة · Operations/unbilled.php","استحقاقُ المشغّلِ مفتوح  [LAD-01]","ادارة المبيعات","البندُ يدخل المستخلصَ خصمًا أو إضافة · والمحمَّلُ على المورد يدخل تسويتَه · البندُ ينتقل إلى المستخلص · وعمرُ الاحتباس يتوقف · والإيرادُ المحتبَسُ ينقص · الفاتورةُ تُفتح · والذمةُ المدينةُ تُسجَّل · ومهلةُ السداد تبدأ · الوحداتُ المعتمدةُ تُدرج بأسعار لقط  [nav09_map]"
"ادارة المبيعات",6.621.31,"سادسًا: نفوتر ونحصّل","الذمم وكشف الحساب","ذمم العملاء وأعمارها · Contracts/collections.php","استحقاقُ المشغّلِ مفتوح  [LAD-01]","إدارة المالية","البندُ يدخل المستخلصَ خصمًا أو إضافة · والمحمَّلُ على المورد يدخل تسويتَه · البندُ ينتقل إلى المستخلص · وعمرُ الاحتباس يتوقف · والإيرادُ المحتبَسُ ينقص · الفاتورةُ تُفتح · والذمةُ المدينةُ تُسجَّل · ومهلةُ السداد تبدأ · الوحداتُ المعتمدةُ تُدرج بأسعار لقط  [nav09_map]"
"ادارة المبيعات",6.621.32,"سادسًا: نفوتر ونحصّل","الذمم وكشف الحساب","كشف حساب العميل · Contracts/client_statement.php#2","استحقاقُ المشغّلِ مفتوح  [LAD-01]","ادارة المبيعات","البندُ يدخل المستخلصَ خصمًا أو إضافة · والمحمَّلُ على المورد يدخل تسويتَه · البندُ ينتقل إلى المستخلص · وعمرُ الاحتباس يتوقف · والإيرادُ المحتبَسُ ينقص · الفاتورةُ تُفتح · والذمةُ المدينةُ تُسجَّل · ومهلةُ السداد تبدأ · الوحداتُ المعتمدةُ تُدرج بأسعار لقط  [nav09_map]"
"ادارة المبيعات",7.71.60,"متابعةُ إدارتي","متابعةُ إدارتي — المخاطرُ والحوكمة","مخاطرُ المبيعاتِ والعقود · Risk/risk_dept_sal.php","الواقعةُ مؤهَّلةٌ للفوترة  [LAD-01]","ادارة المبيعات","الخطرُ يُقيَّم باحتماله وأثره · ويُرفع إن تجاوز الحد · المستندُ يعود قابلًا للتعديل · والمهلةُ تتوقف حتى إعادة الرفع · المستندُ يعود لمُنشئه بسببٍ من قائمةٍ محكومة — ويُقاس السببُ في تحليل الاختناقات · المستندُ ينتقل · والتوقيعُ يُسجَّل بمرجع التفويض · ظه  [nav09_map]"
"ادارة المبيعات",7.71.60,"متابعةُ إدارتي","متابعةُ إدارتي — المخاطرُ والحوكمة","حوكمةُ المبيعاتِ والعقود · Governance/gov_dept_sal.php","الواقعةُ مؤهَّلةٌ للفوترة  [LAD-01]","ادارة المبيعات","الخطرُ يُقيَّم باحتماله وأثره · ويُرفع إن تجاوز الحد · المستندُ يعود قابلًا للتعديل · والمهلةُ تتوقف حتى إعادة الرفع · المستندُ يعود لمُنشئه بسببٍ من قائمةٍ محكومة — ويُقاس السببُ في تحليل الاختناقات · المستندُ ينتقل · والتوقيعُ يُسجَّل بمرجع التفويض · ظه  [nav09_map]"
"ادارة المبيعات",7.722.33,"متابعةُ إدارتي","المخاطر التجارية","المخاطر التجارية · Clients/commercial_risks.php","الواقعةُ مؤهَّلةٌ للفوترة  [LAD-01]","ادارة المبيعات","الخطرُ يُقيَّم باحتماله وأثره · ويُرفع إن تجاوز الحد · المستندُ يعود قابلًا للتعديل · والمهلةُ تتوقف حتى إعادة الرفع · المستندُ يعود لمُنشئه بسببٍ من قائمةٍ محكومة — ويُقاس السببُ في تحليل الاختناقات · المستندُ ينتقل · والتوقيعُ يُسجَّل بمرجع التفويض · ظه  [nav09_map]"
"ادارة المبيعات",7.723.34,"متابعةُ إدارتي","المتابعة والبلاغات","بلاغات إدارتي · Tickets/dept_inbox.php","الواقعةُ مؤهَّلةٌ للفوترة  [LAD-01]","إدارة البلاغات","الخطرُ يُقيَّم باحتماله وأثره · ويُرفع إن تجاوز الحد · المستندُ يعود قابلًا للتعديل · والمهلةُ تتوقف حتى إعادة الرفع · المستندُ يعود لمُنشئه بسببٍ من قائمةٍ محكومة — ويُقاس السببُ في تحليل الاختناقات · المستندُ ينتقل · والتوقيعُ يُسجَّل بمرجع التفويض · ظه  [nav09_map]"
"ادارة المبيعات",7.723.35,"متابعةُ إدارتي","المتابعة والبلاغات","أبلغ عن مشكلة من هذه الشاشة · Tickets/ticket_contextual_open.php","الواقعةُ مؤهَّلةٌ للفوترة  [LAD-01]","— لا وحدة","الخطرُ يُقيَّم باحتماله وأثره · ويُرفع إن تجاوز الحد · المستندُ يعود قابلًا للتعديل · والمهلةُ تتوقف حتى إعادة الرفع · المستندُ يعود لمُنشئه بسببٍ من قائمةٍ محكومة — ويُقاس السببُ في تحليل الاختناقات · المستندُ ينتقل · والتوقيعُ يُسجَّل بمرجع التفويض · ظه  [nav09_map]"
"ادارة المبيعات",7.723.36,"متابعةُ إدارتي","المتابعة والبلاغات","صندوق ما ينتظر اعتمادي · Finance/approvals_inbox.php","الواقعةُ مؤهَّلةٌ للفوترة  [LAD-01]","إدارة المالية","الخطرُ يُقيَّم باحتماله وأثره · ويُرفع إن تجاوز الحد · المستندُ يعود قابلًا للتعديل · والمهلةُ تتوقف حتى إعادة الرفع · المستندُ يعود لمُنشئه بسببٍ من قائمةٍ محكومة — ويُقاس السببُ في تحليل الاختناقات · المستندُ ينتقل · والتوقيعُ يُسجَّل بمرجع التفويض · ظه  [nav09_map]"
"ادارة المبيعات",8.824.37,"تقاريرُ المبيعات","الهامش والانحراف","هامش الربح للعقد والواقعة · Reports/margin_report.php","مستخلصٌ وفاتورةٌ صادرة  [LAD-01]","إدارة المالية","الطلبُ يدخل سلّمَ الاعتماد ببيان أثره — ولا يُعدَّل السقفُ قبل الاعتماد · الملفُّ يُصدَّر بنطاق المستخدم وحدَه · وكلُّ تصديرٍ يُسجَّل بالمستخدم والفلاتر  [nav09_map]"
"ادارة المبيعات",8.824.38,"تقاريرُ المبيعات","الهامش والانحراف","متابعة انحراف المنفَّذ عن المخطط · Finance/variance_monitor_fin.php","مستخلصٌ وفاتورةٌ صادرة  [LAD-01]","إدارة المالية","الطلبُ يدخل سلّمَ الاعتماد ببيان أثره — ولا يُعدَّل السقفُ قبل الاعتماد · الملفُّ يُصدَّر بنطاق المستخدم وحدَه · وكلُّ تصديرٍ يُسجَّل بالمستخدم والفلاتر  [nav09_map]"
"ادارة المبيعات",8.825.39,"تقاريرُ المبيعات","الميزانية والإنجاز","ميزانية إدارتي · Finance/budget_dept.php","مستخلصٌ وفاتورةٌ صادرة  [LAD-01]","إدارة المالية","الطلبُ يدخل سلّمَ الاعتماد ببيان أثره — ولا يُعدَّل السقفُ قبل الاعتماد · الملفُّ يُصدَّر بنطاق المستخدم وحدَه · وكلُّ تصديرٍ يُسجَّل بالمستخدم والفلاتر  [nav09_map]"
"ادارة المبيعات",8.825.40,"تقاريرُ المبيعات","الميزانية والإنجاز","إنجاز الإدارة · Portal/dept_achievement.php","مستخلصٌ وفاتورةٌ صادرة  [LAD-01]","إدارة الصلاحيات","الطلبُ يدخل سلّمَ الاعتماد ببيان أثره — ولا يُعدَّل السقفُ قبل الاعتماد · الملفُّ يُصدَّر بنطاق المستخدم وحدَه · وكلُّ تصديرٍ يُسجَّل بالمستخدم والفلاتر  [nav09_map]"
"ادارة المبيعات",8.825.41,"تقاريرُ المبيعات","الميزانية والإنجاز","مركز التقارير · emsreports/index.php","مستخلصٌ وفاتورةٌ صادرة  [LAD-01]","إدارة الصلاحيات","الطلبُ يدخل سلّمَ الاعتماد ببيان أثره — ولا يُعدَّل السقفُ قبل الاعتماد · الملفُّ يُصدَّر بنطاق المستخدم وحدَه · وكلُّ تصديرٍ يُسجَّل بالمستخدم والفلاتر  [nav09_map]"
"ادارة المبيعات",9.926.42,"تاسعًا: التأجير قصير الأمد","التأجير والحجز","تقويمُ الأسطول والحجز · Operations/fleet_calendar.php","القيدُ مُرحَّلٌ والإيرادُ معترَفٌ به  [LAD-01]","ادارة المبيعات","إضافاتُ المالك  [cycle_order]"
"ادارة المبيعات",9.926.43,"تاسعًا: التأجير قصير الأمد","التأجير والحجز","دفترُ الأسعار بالشرائح · Clients/rate_books.php","القيدُ مُرحَّلٌ والإيرادُ معترَفٌ به  [LAD-01]","ادارة المبيعات","إضافاتُ المالك  [cycle_order]"
"ادارة المبيعات",9.926.44,"تاسعًا: التأجير قصير الأمد","التأجير والحجز","استغلالُ الأسطول ومردودُه · Operations/fleet_utilization.php","القيدُ مُرحَّلٌ والإيرادُ معترَفٌ به  [LAD-01]","ادارة المبيعات","إضافاتُ المالك  [cycle_order]"
"ادارة المبيعات",97.97.50,"إضافاتُ المالك","إضافاتُ المالك","اعتمادُ ساعاتِ الوحدات (بوابةُ المبيعات) · Approvals/hours_approval.php","unit_entries · unit_approvals  [nav09_map]","ادارة التشغيل","السلسلةُ تتقدم محطةً بقرارٍ مسجَّل  [nav09_map]"
"ادارة المبيعات",97.97.50,"إضافاتُ المالك","إضافاتُ المالك","مطابقةُ العميلِ على الوحدات · Contracts/unit_client_match.php","unit_entries · unit_approvals  [nav09_map]","ادارة المبيعات","السلسلةُ تتقدم محطةً بقرارٍ مسجَّل  [nav09_map]"
"ادارة المبيعات",97.97.50,"إضافاتُ المالك","إضافاتُ المالك","كشفُ وحداتِ العميل · Contracts/unit_statement_client.php","unit_entries · unit_approvals  [nav09_map]","ادارة المبيعات","السلسلةُ تتقدم محطةً بقرارٍ مسجَّل  [nav09_map]"
"ادارة المبيعات",98.9800.10,"فريق العمل","فريق العمل","إدارة المعاونين · main/project_users.php","— لا مصدر","ادارة الموردين","خارج الوثيقة — بانتظار قرار المالك  [cycle_order]"
"ادارة المبيعات",98.9800.50,"فريق العمل","فريق العمل","قاموسُ المبتدئ — بلغةِ أولِ يوم · main/glossary.php","— لا مصدر","ادارة المبيعات","خارج الوثيقة — بانتظار قرار المالك  [cycle_order]"
"ادارة المبيعات",99.9900.8,"خارج الوثيقة — بانتظار قرار المالك","أخرى — للمراجعة","أنشطة العملاء · Clients/activities.php","tax_returns · fin_events  [nav09_map]","ادارة المبيعات","الالتزامُ الضريبيُّ يُقيَّد · والفاتورةُ تُقفل ضريبيًّا · ولا تُعدَّل بعده  [nav09_map]"
"ادارة المبيعات",99.9900.18,"خارج الوثيقة — بانتظار قرار المالك","أخرى — للمراجعة","المناقصات · Clients/tenders.php","tax_returns · fin_events  [nav09_map]","ادارة المبيعات","الالتزامُ الضريبيُّ يُقيَّد · والفاتورةُ تُقفل ضريبيًّا · ولا تُعدَّل بعده  [nav09_map]"
"ادارة المبيعات",99.9900.50,"خارج الوثيقة — بانتظار قرار المالك","أخرى — للمراجعة","التزامات العقود · Clients/contract_commitments.php","tax_returns · fin_events  [nav09_map]","ادارة المبيعات","الالتزامُ الضريبيُّ يُقيَّد · والفاتورةُ تُقفل ضريبيًّا · ولا تُعدَّل بعده  [nav09_map]"
"ادارة المبيعات",99.9900.50,"خارج الوثيقة — بانتظار قرار المالك","أخرى — للمراجعة","جاهزية العروض · Clients/readiness_lines.php","tax_returns · fin_events  [nav09_map]","ادارة المبيعات","الالتزامُ الضريبيُّ يُقيَّد · والفاتورةُ تُقفل ضريبيًّا · ولا تُعدَّل بعده  [nav09_map]"
"ادارة المبيعات",99.9900.50,"خارج الوثيقة — بانتظار قرار المالك","أخرى — للمراجعة","سجل الأحداث المالية · Finance/events_list_fin.php","tax_returns · fin_events  [nav09_map]","إدارة المالية","الالتزامُ الضريبيُّ يُقيَّد · والفاتورةُ تُقفل ضريبيًّا · ولا تُعدَّل بعده  [nav09_map]"
"ادارة المبيعات",99.9900.50,"خارج الوثيقة — بانتظار قرار المالك","أخرى — للمراجعة","ميزانية إدارتي · Finance/budget_form_fin.php","tax_returns · fin_events  [nav09_map]","إدارة المالية","الالتزامُ الضريبيُّ يُقيَّد · والفاتورةُ تُقفل ضريبيًّا · ولا تُعدَّل بعده  [nav09_map]"
"ادارة المبيعات",99.9900.50,"خارج الوثيقة — بانتظار قرار المالك","أخرى — للمراجعة","مركز التقارير · Reports/reports.php","tax_returns · fin_events  [nav09_map]","ادارة التشغيل","الالتزامُ الضريبيُّ يُقيَّد · والفاتورةُ تُقفل ضريبيًّا · ولا تُعدَّل بعده  [nav09_map]"
"ادارة المبيعات",99.9901.50,"خارج الوثيقة — بانتظار قرار المالك","أخرى — للمراجعة (ب)","الإعدادات · Settings/settings.php","tax_returns · fin_events  [nav09_map]","ادارة التشغيل","الالتزامُ الضريبيُّ يُقيَّد · والفاتورةُ تُقفل ضريبيًّا · ولا تُعدَّل بعده  [nav09_map]"
"ادارة المبيعات",99.9901.50,"خارج الوثيقة — بانتظار قرار المالك","أخرى — للمراجعة (ب)","لوحة الإدارة · main/role_board.php","tax_returns · fin_events  [nav09_map]","إدارة الصلاحيات","الالتزامُ الضريبيُّ يُقيَّد · والفاتورةُ تُقفل ضريبيًّا · ولا تُعدَّل بعده  [nav09_map]"
"ادارة المبيعات",99.9901.50,"خارج الوثيقة — بانتظار قرار المالك","أخرى — للمراجعة (ب)","مصفوفة التزامات العقد · Contracts/contract_obligations.php","tax_returns · fin_events  [nav09_map]","ادارة المبيعات","الالتزامُ الضريبيُّ يُقيَّد · والفاتورةُ تُقفل ضريبيًّا · ولا تُعدَّل بعده  [nav09_map]"
"ادارة المبيعات",99.9901.50,"خارج الوثيقة — بانتظار قرار المالك","أخرى — للمراجعة (ب)","لوحة الإسناد اليومي · Approvals/attribution_board.php","tax_returns · fin_events  [nav09_map]","ادارة التشغيل","الالتزامُ الضريبيُّ يُقيَّد · والفاتورةُ تُقفل ضريبيًّا · ولا تُعدَّل بعده  [nav09_map]"
"ادارة المبيعات",99.9901.50,"خارج الوثيقة — بانتظار قرار المالك","أخرى — للمراجعة (ب)","الفاتورة الضريبية · Contracts/tax_invoices.php","tax_returns · fin_events  [nav09_map]","ادارة المبيعات","الالتزامُ الضريبيُّ يُقيَّد · والفاتورةُ تُقفل ضريبيًّا · ولا تُعدَّل بعده  [nav09_map]"
"ادارة المبيعات",99.9901.50,"خارج الوثيقة — بانتظار قرار المالك","أخرى — للمراجعة (ب)","نطاقات العقد التشغيلية · Contracts/contract_sites.php","tax_returns · fin_events  [nav09_map]","ادارة المبيعات","الالتزامُ الضريبيُّ يُقيَّد · والفاتورةُ تُقفل ضريبيًّا · ولا تُعدَّل بعده  [nav09_map]"
"ادارة المبيعات",99.9901.50,"خارج الوثيقة — بانتظار قرار المالك","أخرى — للمراجعة (ب)","بنود عقد العميل وقيمته · Contracts/contract_lines.php","tax_returns · fin_events  [nav09_map]","ادارة المبيعات","الالتزامُ الضريبيُّ يُقيَّد · والفاتورةُ تُقفل ضريبيًّا · ولا تُعدَّل بعده  [nav09_map]"
"ادارة المبيعات",99.9902.50,"خارج الوثيقة — بانتظار قرار المالك","أخرى — للمراجعة (ج)","الجدول الشهري للعقد · Contracts/contract_monthly_plan.php","tax_returns · fin_events  [nav09_map]","ادارة المبيعات","الالتزامُ الضريبيُّ يُقيَّد · والفاتورةُ تُقفل ضريبيًّا · ولا تُعدَّل بعده  [nav09_map]"
"ادارة المبيعات",99.9902.50,"خارج الوثيقة — بانتظار قرار المالك","أخرى — للمراجعة (ج)","خطة موارد العقد · Contracts/contract_resource_plan.php","tax_returns · fin_events  [nav09_map]","ادارة المبيعات","الالتزامُ الضريبيُّ يُقيَّد · والفاتورةُ تُقفل ضريبيًّا · ولا تُعدَّل بعده  [nav09_map]"
"ادارة المبيعات",99.9902.50,"خارج الوثيقة — بانتظار قرار المالك","أخرى — للمراجعة (ج)","خطة دفع العقد · Contracts/contract_payment_schedule.php","tax_returns · fin_events  [nav09_map]","ادارة المبيعات","الالتزامُ الضريبيُّ يُقيَّد · والفاتورةُ تُقفل ضريبيًّا · ولا تُعدَّل بعده  [nav09_map]"
"ادارة المبيعات",99.9902.50,"خارج الوثيقة — بانتظار قرار المالك","أخرى — للمراجعة (ج)","ضمانات العقد · Contracts/contract_guarantees.php","tax_returns · fin_events  [nav09_map]","ادارة المبيعات","الالتزامُ الضريبيُّ يُقيَّد · والفاتورةُ تُقفل ضريبيًّا · ولا تُعدَّل بعده  [nav09_map]"
"ادارة المبيعات",99.9902.50,"خارج الوثيقة — بانتظار قرار المالك","أخرى — للمراجعة (ج)","ربط الخطة بالفعلي · Contracts/plan_actual_link.php","tax_returns · fin_events  [nav09_map]","ادارة المبيعات","الالتزامُ الضريبيُّ يُقيَّد · والفاتورةُ تُقفل ضريبيًّا · ولا تُعدَّل بعده  [nav09_map]"
"ادارة المبيعات",99.9902.50,"خارج الوثيقة — بانتظار قرار المالك","أخرى — للمراجعة (ج)","خط أساس العقد · Contracts/contract_baseline.php","tax_returns · fin_events  [nav09_map]","ادارة المبيعات","الالتزامُ الضريبيُّ يُقيَّد · والفاتورةُ تُقفل ضريبيًّا · ولا تُعدَّل بعده  [nav09_map]"
"ادارة المبيعات",99.9902.50,"خارج الوثيقة — بانتظار قرار المالك","أخرى — للمراجعة (ج)","اقتصاد دورة حياة العقد · Contracts/contract_lifecycle.php","tax_returns · fin_events  [nav09_map]","ادارة المبيعات","الالتزامُ الضريبيُّ يُقيَّد · والفاتورةُ تُقفل ضريبيًّا · ولا تُعدَّل بعده  [nav09_map]"
"ادارة المبيعات",99.9903.50,"خارج الوثيقة — بانتظار قرار المالك","أخرى — للمراجعة (د)","اللوحة التجارية للعقود · Contracts/commercial_board.php","tax_returns · fin_events  [nav09_map]","ادارة المبيعات","الالتزامُ الضريبيُّ يُقيَّد · والفاتورةُ تُقفل ضريبيًّا · ولا تُعدَّل بعده  [nav09_map]"
"ادارة المبيعات",99.9903.99,"خارج الوثيقة — بانتظار قرار المالك","أخرى — للمراجعة (د)","مساحة مخاطر الإدارة · Risk/dept_risk_space.php","tax_returns · fin_events  [nav09_map]","إدارة المخاطر","الالتزامُ الضريبيُّ يُقيَّد · والفاتورةُ تُقفل ضريبيًّا · ولا تُعدَّل بعده  [nav09_map]"
"ادارة الصيانة",—,"(بلا مرحلة)","لوحة الإدارة","مساحة عملي · main/my_workspace.php","— لا مصدر","— لا وحدة","— لا مصدر"
"ادارة الصيانة",0.1.1,"لوحة الإدارة","مساحتي الشخصية","مهامي · Portal/my_tasks.php","requests · tasks · workflow  [nav09_map]","مساحة عملي  [إدارة]","الطلبُ يدخل صندوقَ اعتماد المعنيّ بمساره — ويظهر في «طلباتي» بحالته · المهمةُ تُقفل · والخطوةُ التاليةُ تُفتح لصاحبها · ومهلةُ المسار تُحدَّث · تُصيَّر المكوّناتُ التي منحته إياها الحوكمةُ وحدَها · ومشغّلُ المعدة يرى معدتَه ومشغّلَها الآخر · يُعاد الحسابُ  [nav09_map]"
"ادارة الصيانة",0.1.2,"لوحة الإدارة","مساحتي الشخصية","إنجازي · Portal/my_achievement.php","requests · tasks · workflow  [nav09_map]","إدارة الصلاحيات","الطلبُ يدخل صندوقَ اعتماد المعنيّ بمساره — ويظهر في «طلباتي» بحالته · المهمةُ تُقفل · والخطوةُ التاليةُ تُفتح لصاحبها · ومهلةُ المسار تُحدَّث · تُصيَّر المكوّناتُ التي منحته إياها الحوكمةُ وحدَها · ومشغّلُ المعدة يرى معدتَه ومشغّلَها الآخر · يُعاد الحسابُ  [nav09_map]"
"ادارة الصيانة",0.1.3,"لوحة الإدارة","مساحتي الشخصية","بوابتي · Portal/my_portal.php","requests · tasks · workflow  [nav09_map]","إدارة الصلاحيات","الطلبُ يدخل صندوقَ اعتماد المعنيّ بمساره — ويظهر في «طلباتي» بحالته · المهمةُ تُقفل · والخطوةُ التاليةُ تُفتح لصاحبها · ومهلةُ المسار تُحدَّث · تُصيَّر المكوّناتُ التي منحته إياها الحوكمةُ وحدَها · ومشغّلُ المعدة يرى معدتَه ومشغّلَها الآخر · يُعاد الحسابُ  [nav09_map]"
"ادارة الصيانة",0.1.4,"لوحة الإدارة","مساحتي الشخصية","طلباتي · FinRequests/my_requests.php","requests · tasks · workflow  [nav09_map]","ادارة الصيانة","الطلبُ يدخل صندوقَ اعتماد المعنيّ بمساره — ويظهر في «طلباتي» بحالته · المهمةُ تُقفل · والخطوةُ التاليةُ تُفتح لصاحبها · ومهلةُ المسار تُحدَّث · تُصيَّر المكوّناتُ التي منحته إياها الحوكمةُ وحدَها · ومشغّلُ المعدة يرى معدتَه ومشغّلَها الآخر · يُعاد الحسابُ  [nav09_map]"
"ادارة الصيانة",0.1.5,"لوحة الإدارة","مساحتي الشخصية","المراسلات · chats/index.php","requests · tasks · workflow  [nav09_map]","— لا وحدة","الطلبُ يدخل صندوقَ اعتماد المعنيّ بمساره — ويظهر في «طلباتي» بحالته · المهمةُ تُقفل · والخطوةُ التاليةُ تُفتح لصاحبها · ومهلةُ المسار تُحدَّث · تُصيَّر المكوّناتُ التي منحته إياها الحوكمةُ وحدَها · ومشغّلُ المعدة يرى معدتَه ومشغّلَها الآخر · يُعاد الحسابُ  [nav09_map]"
"ادارة الصيانة",0.2.6,"لوحة الإدارة",الجاهزية,"جاهزية المعدات للتشغيل · Fleet/readiness_board.php","requests · tasks · workflow  [nav09_map]","ادارة الاسطول","الطلبُ يدخل صندوقَ اعتماد المعنيّ بمساره — ويظهر في «طلباتي» بحالته · المهمةُ تُقفل · والخطوةُ التاليةُ تُفتح لصاحبها · ومهلةُ المسار تُحدَّث · تُصيَّر المكوّناتُ التي منحته إياها الحوكمةُ وحدَها · ومشغّلُ المعدة يرى معدتَه ومشغّلَها الآخر · يُعاد الحسابُ  [nav09_map]"
"ادارة الصيانة",1.103.7,"أولًا: استقبال العطل وتشخيصه",البلاغات,"بلاغات إدارتي · Tickets/dept_inbox.php","inspections · findings · readiness · tech_decision  [nav09_map]","إدارة البلاغات","بنودُ الملاحظة والحرج تُفتح · وقرارُ التشغيل يُقترح · والكرتُ يُحدَّث بتاريخ التفتيش · يسمح · أو يسمح بمتابعة · أو حتى موعد · أو يمنع — والحارسُ يطبّق القرارَ على التخصيص  [nav09_map]"
"ادارة الصيانة",1.103.8,"أولًا: استقبال العطل وتشخيصه",البلاغات,"أبلغ عن مشكلة من هذه الشاشة · Tickets/ticket_contextual_open.php","inspections · findings · readiness · tech_decision  [nav09_map]","— لا وحدة","بنودُ الملاحظة والحرج تُفتح · وقرارُ التشغيل يُقترح · والكرتُ يُحدَّث بتاريخ التفتيش · يسمح · أو يسمح بمتابعة · أو حتى موعد · أو يمنع — والحارسُ يطبّق القرارَ على التخصيص  [nav09_map]"
"ادارة الصيانة",1.103.9,"أولًا: استقبال العطل وتشخيصه",البلاغات,"تحويل البلاغ وتفريعه لمسارات · Tickets/ticket_workstreams_board.php","inspections · findings · readiness · tech_decision  [nav09_map]","— لا وحدة","بنودُ الملاحظة والحرج تُفتح · وقرارُ التشغيل يُقترح · والكرتُ يُحدَّث بتاريخ التفتيش · يسمح · أو يسمح بمتابعة · أو حتى موعد · أو يمنع — والحارسُ يطبّق القرارَ على التخصيص  [nav09_map]"
"ادارة الصيانة",1.104.10,"أولًا: استقبال العطل وتشخيصه","الفحص اليومي","الفحص الفني اليومي · Maintenance/inspections.php","inspections · findings · readiness · tech_decision  [nav09_map]","ادارة الصيانة","بنودُ الملاحظة والحرج تُفتح · وقرارُ التشغيل يُقترح · والكرتُ يُحدَّث بتاريخ التفتيش · يسمح · أو يسمح بمتابعة · أو حتى موعد · أو يمنع — والحارسُ يطبّق القرارَ على التخصيص  [nav09_map]"
"ادارة الصيانة",1.105.11,"أولًا: استقبال العطل وتشخيصه","تصنيف العطل","تصنيف الأعطال وأسبابها · Equipments/manage_failure_codes.php","inspections · findings · readiness · tech_decision  [nav09_map]","ادارة الصيانة","بنودُ الملاحظة والحرج تُفتح · وقرارُ التشغيل يُقترح · والكرتُ يُحدَّث بتاريخ التفتيش · يسمح · أو يسمح بمتابعة · أو حتى موعد · أو يمنع — والحارسُ يطبّق القرارَ على التخصيص  [nav09_map]"
"ادارة الصيانة",2.206.12,"ثانيًا: أمر العمل والتكليف",الأوامر,"أوامر الصيانة · Maintenance/orders.php","asset_register · fin_events · equipments · asset_register · work_labor · workload · work_orders · cost_alloc · work_orders · downtime  [nav09_map]","ادارة الصيانة","الإهلاكُ يتوقف · والقيمةُ تُقفل · والتخصيصاتُ تُنهى · والحصصُ تُغلق · التكلفةُ تُحمَّل · وزمنُ التوقف يُثبَّت · والكرتُ يُحدَّث · والجاهزيةُ تُطلب · زمنُ التوقف يبدأ «تحت التحقق» · والمتحمّلُ مبدئيٌّ · والمعدةُ غيرُ متاحة · ساعاتُ الفني تُسجَّل على الأمر   [nav09_map]"
"ادارة الصيانة",2.207.13,"ثانيًا: أمر العمل والتكليف","الورش والفنيون","الورش والفنيون · Maintenance/workshop.php","asset_register · fin_events · equipments · asset_register · work_labor · workload · work_orders · cost_alloc · work_orders · downtime  [nav09_map]","ادارة الصيانة","الإهلاكُ يتوقف · والقيمةُ تُقفل · والتخصيصاتُ تُنهى · والحصصُ تُغلق · التكلفةُ تُحمَّل · وزمنُ التوقف يُثبَّت · والكرتُ يُحدَّث · والجاهزيةُ تُطلب · زمنُ التوقف يبدأ «تحت التحقق» · والمتحمّلُ مبدئيٌّ · والمعدةُ غيرُ متاحة · ساعاتُ الفني تُسجَّل على الأمر   [nav09_map]"
"ادارة الصيانة",2.208.14,"ثانيًا: أمر العمل والتكليف","المعدة وسجلها","سجل المعدات · Equipments/equipments.php","asset_register · fin_events · equipments · asset_register · work_labor · workload · work_orders · cost_alloc · work_orders · downtime  [nav09_map]","إدارة الأسطول  [إدارة]","الإهلاكُ يتوقف · والقيمةُ تُقفل · والتخصيصاتُ تُنهى · والحصصُ تُغلق · التكلفةُ تُحمَّل · وزمنُ التوقف يُثبَّت · والكرتُ يُحدَّث · والجاهزيةُ تُطلب · زمنُ التوقف يبدأ «تحت التحقق» · والمتحمّلُ مبدئيٌّ · والمعدةُ غيرُ متاحة · ساعاتُ الفني تُسجَّل على الأمر   [nav09_map]"
"ادارة الصيانة",2.208.15,"ثانيًا: أمر العمل والتكليف","المعدة وسجلها","موديلات المعدات ومواصفاتها · Equipments/fleet_models.php","asset_register · fin_events · equipments · asset_register · work_labor · workload · work_orders · cost_alloc · work_orders · downtime  [nav09_map]","ادارة الاسطول","الإهلاكُ يتوقف · والقيمةُ تُقفل · والتخصيصاتُ تُنهى · والحصصُ تُغلق · التكلفةُ تُحمَّل · وزمنُ التوقف يُثبَّت · والكرتُ يُحدَّث · والجاهزيةُ تُطلب · زمنُ التوقف يبدأ «تحت التحقق» · والمتحمّلُ مبدئيٌّ · والمعدةُ غيرُ متاحة · ساعاتُ الفني تُسجَّل على الأمر   [nav09_map]"
"ادارة الصيانة",3.309.16,"ثالثًا: القطع والمواد","الصرف والمخزون","صرف مواد من المخزن · Procurement/issue_proc.php","— لا مصدر","إدارة المشتريات","رابعًا: الوقائية بالساعات  [cycle_order]"
"ادارة الصيانة",3.309.17,"ثالثًا: القطع والمواد","الصرف والمخزون","أرصدة المخزون بحالاتها · Procurement/stock_proc.php","— لا مصدر","إدارة المشتريات","رابعًا: الوقائية بالساعات  [cycle_order]"
"ادارة الصيانة",3.309.18,"ثالثًا: القطع والمواد","الصرف والمخزون","العهد والمرتجعات · Procurement/receipt_custody_proc.php","— لا مصدر","إدارة المشتريات","رابعًا: الوقائية بالساعات  [cycle_order]"
"ادارة الصيانة",3.310.19,"ثالثًا: القطع والمواد","الشراء عند النقص","طلبات الشراء · Procurement/requests_proc.php","— لا مصدر","إدارة المشتريات","رابعًا: الوقائية بالساعات  [cycle_order]"
"ادارة الصيانة",3.310.20,"ثالثًا: القطع والمواد","الشراء عند النقص","كتالوج الأصناف والقطع الحرجة · Procurement/items_proc.php","— لا مصدر","إدارة المشتريات","رابعًا: الوقائية بالساعات  [cycle_order]"
"ادارة الصيانة",4.411.21,"رابعًا: الوقائية بالساعات",الخطط,"خطط الصيانة الوقائية · Maintenance/preventive_plans.php","approval_chain · approval_chain · attribution · fin_events · meter_readings · unit_records · unit_periods · unit_records.state  [nav09_map]","ادارة الصيانة","إيرادُ العميل وذمةُ المورد وأجرُ المشغّل تتولد بأحكامٍ ثلاثةٍ مستقلة · وخطةُ العقد تُحدَّث · والإهلاكُ يُحتسب · الإسنادُ نهائيٌّ · وحاوياتُ الموردين تُستهلك · وعدّادُ المعدة يُحدَّث · الحلقةُ الأولى تُفتح · وقفلُ التعديل · وعدّادُ المهلة يبدأ · الحلقةُ ال  [nav09_map]"
"ادارة الصيانة",4.412.22,"رابعًا: الوقائية بالساعات","ساعات المحرّك","تسجيل التايم شيت والإنتاج · Timesheet/timesheet.php","approval_chain · approval_chain · attribution · fin_events · meter_readings · unit_records · unit_periods · unit_records.state  [nav09_map]","إدارة الموقع","إيرادُ العميل وذمةُ المورد وأجرُ المشغّل تتولد بأحكامٍ ثلاثةٍ مستقلة · وخطةُ العقد تُحدَّث · والإهلاكُ يُحتسب · الإسنادُ نهائيٌّ · وحاوياتُ الموردين تُستهلك · وعدّادُ المعدة يُحدَّث · الحلقةُ الأولى تُفتح · وقفلُ التعديل · وعدّادُ المهلة يبدأ · الحلقةُ ال  [nav09_map]"
"ادارة الصيانة",4.412.23,"رابعًا: الوقائية بالساعات","ساعات المحرّك","قراءات العدّادات · Equipments/meter_readings.php","approval_chain · approval_chain · attribution · fin_events · meter_readings · unit_records · unit_periods · unit_records.state  [nav09_map]","مشرف - مشاريع","إيرادُ العميل وذمةُ المورد وأجرُ المشغّل تتولد بأحكامٍ ثلاثةٍ مستقلة · وخطةُ العقد تُحدَّث · والإهلاكُ يُحتسب · الإسنادُ نهائيٌّ · وحاوياتُ الموردين تُستهلك · وعدّادُ المعدة يُحدَّث · الحلقةُ الأولى تُفتح · وقفلُ التعديل · وعدّادُ المهلة يبدأ · الحلقةُ ال  [nav09_map]"
"ادارة الصيانة",5.513.24,"خامسًا: الإقفال وإعادة الخدمة","الإقفال والجاهزية","أوامر الصيانة · Maintenance/orders.php#2","— لا مصدر","ادارة الصيانة","متابعة الصيانة  [cycle_order]"
"ادارة الصيانة",5.513.25,"خامسًا: الإقفال وإعادة الخدمة","الإقفال والجاهزية","جاهزية المعدات للتشغيل · Fleet/readiness_board.php#2","— لا مصدر","ادارة الاسطول","متابعة الصيانة  [cycle_order]"
"ادارة الصيانة",6.614.26,"متابعة الصيانة","التكرار والسبب الجذري","البلاغات المتكررة وسببها الجذري · Tickets/ticket_recurrence.php","approvals · approvals · audit · approvals · reasons  [nav09_map]","إدارة البلاغات","المستندُ يعود قابلًا للتعديل · والمهلةُ تتوقف حتى إعادة الرفع · المستندُ يعود لمُنشئه بسببٍ من قائمةٍ محكومة — ويُقاس السببُ في تحليل الاختناقات · المستندُ ينتقل · والتوقيعُ يُسجَّل بمرجع التفويض  [nav09_map]"
"ادارة الصيانة",6.615.27,"متابعة الصيانة","الترحيل للورشة","طلبات الترحيل · Transport/transfer_requests.php","approvals · approvals · audit · approvals · reasons  [nav09_map]","إدارة النقل والترحيل","المستندُ يعود قابلًا للتعديل · والمهلةُ تتوقف حتى إعادة الرفع · المستندُ يعود لمُنشئه بسببٍ من قائمةٍ محكومة — ويُقاس السببُ في تحليل الاختناقات · المستندُ ينتقل · والتوقيعُ يُسجَّل بمرجع التفويض  [nav09_map]"
"ادارة الصيانة",6.616.28,"متابعة الصيانة",الاعتمادات,"صندوق ما ينتظر اعتمادي · Finance/approvals_inbox.php","approvals · approvals · audit · approvals · reasons  [nav09_map]","إدارة المالية","المستندُ يعود قابلًا للتعديل · والمهلةُ تتوقف حتى إعادة الرفع · المستندُ يعود لمُنشئه بسببٍ من قائمةٍ محكومة — ويُقاس السببُ في تحليل الاختناقات · المستندُ ينتقل · والتوقيعُ يُسجَّل بمرجع التفويض  [nav09_map]"
"ادارة الصيانة",7.717.29,"تقارير الصيانة والإعدادات","الميزانية والإنجاز","ميزانية إدارتي · Finance/budget_dept.php","budget_change_requests · export_log  [nav09_map]","إدارة المالية","الطلبُ يدخل سلّمَ الاعتماد ببيان أثره — ولا يُعدَّل السقفُ قبل الاعتماد · الملفُّ يُصدَّر بنطاق المستخدم وحدَه · وكلُّ تصديرٍ يُسجَّل بالمستخدم والفلاتر  [nav09_map]"
"ادارة الصيانة",7.717.30,"تقارير الصيانة والإعدادات","الميزانية والإنجاز","إنجاز الإدارة · Portal/dept_achievement.php","budget_change_requests · export_log  [nav09_map]","إدارة الصلاحيات","الطلبُ يدخل سلّمَ الاعتماد ببيان أثره — ولا يُعدَّل السقفُ قبل الاعتماد · الملفُّ يُصدَّر بنطاق المستخدم وحدَه · وكلُّ تصديرٍ يُسجَّل بالمستخدم والفلاتر  [nav09_map]"
"ادارة الصيانة",7.717.31,"تقارير الصيانة والإعدادات","الميزانية والإنجاز","مركز التقارير · emsreports/index.php","budget_change_requests · export_log  [nav09_map]","إدارة الصلاحيات","الطلبُ يدخل سلّمَ الاعتماد ببيان أثره — ولا يُعدَّل السقفُ قبل الاعتماد · الملفُّ يُصدَّر بنطاق المستخدم وحدَه · وكلُّ تصديرٍ يُسجَّل بالمستخدم والفلاتر  [nav09_map]"
"ادارة الصيانة",7.718.32,"تقارير الصيانة والإعدادات",المرجعيات,"موديلات المعدات ومواصفاتها · Equipments/fleet_models.php#2","budget_change_requests · export_log  [nav09_map]","ادارة الاسطول","الطلبُ يدخل سلّمَ الاعتماد ببيان أثره — ولا يُعدَّل السقفُ قبل الاعتماد · الملفُّ يُصدَّر بنطاق المستخدم وحدَه · وكلُّ تصديرٍ يُسجَّل بالمستخدم والفلاتر  [nav09_map]"
"ادارة الصيانة",7.718.33,"تقارير الصيانة والإعدادات",المرجعيات,"كتالوج الأصناف والقطع الحرجة · Procurement/items_proc.php#2","budget_change_requests · export_log  [nav09_map]","إدارة المشتريات","الطلبُ يدخل سلّمَ الاعتماد ببيان أثره — ولا يُعدَّل السقفُ قبل الاعتماد · الملفُّ يُصدَّر بنطاق المستخدم وحدَه · وكلُّ تصديرٍ يُسجَّل بالمستخدم والفلاتر  [nav09_map]"
"ادارة الصيانة",98.9800.10,"فريق العمل","فريق العمل","إدارة المعاونين · main/project_users.php","— لا مصدر","ادارة الموردين","خارج الوثيقة — بانتظار قرار المالك  [cycle_order]"
"ادارة الصيانة",99.9900.50,"خارج الوثيقة — بانتظار قرار المالك","أخرى — للمراجعة","إعدادات الصيانة · Maintenance/master_data.php","— لا مصدر","ادارة الصيانة","نهايةُ دورةِ الإدارة — لا مرحلةَ بعدَها  [cycle_order]"
"ادارة الصيانة",99.9900.50,"خارج الوثيقة — بانتظار قرار المالك","أخرى — للمراجعة","سجل الأحداث المالية · Finance/events_list_fin.php","— لا مصدر","إدارة المالية","نهايةُ دورةِ الإدارة — لا مرحلةَ بعدَها  [cycle_order]"
"ادارة الصيانة",99.9900.50,"خارج الوثيقة — بانتظار قرار المالك","أخرى — للمراجعة","ميزانية إدارتي · Finance/budget_form_fin.php","— لا مصدر","إدارة المالية","نهايةُ دورةِ الإدارة — لا مرحلةَ بعدَها  [cycle_order]"
"ادارة الصيانة",99.9900.50,"خارج الوثيقة — بانتظار قرار المالك","أخرى — للمراجعة","التكاليف والربحية · Finance/cost_report_fin.php","— لا مصدر","إدارة المالية","نهايةُ دورةِ الإدارة — لا مرحلةَ بعدَها  [cycle_order]"
"ادارة الصيانة",99.9900.50,"خارج الوثيقة — بانتظار قرار المالك","أخرى — للمراجعة","لوحة الإدارة · Maintenance/dashboard_mnt.php","— لا مصدر","ادارة الصيانة","نهايةُ دورةِ الإدارة — لا مرحلةَ بعدَها  [cycle_order]"
"ادارة الصيانة",99.9900.99,"خارج الوثيقة — بانتظار قرار المالك","أخرى — للمراجعة","مساحة مخاطر الإدارة · Risk/dept_risk_space.php","— لا مصدر","إدارة المخاطر","نهايةُ دورةِ الإدارة — لا مرحلةَ بعدَها  [cycle_order]"
"مشرف صيانة",—,"(بلا مرحلة)","لوحة الإدارة","مساحة عملي · main/my_workspace.php","— لا مصدر","— لا وحدة","— لا مصدر"
"مشرف صيانة",—,"(بلا مرحلة)","العمل اليومي","طلب مالي جديد · FinRequests/request_form.php","— لا مصدر","ادارة الصيانة","— لا مصدر"
"مشرف صيانة",—,"(بلا مرحلة)","السجلات والملفات","المعاملات المالية · Finance/events_list_fin.php","— لا مصدر","إدارة المالية","— لا مصدر"
"مشرف صيانة",—,"(بلا مرحلة)","المراجعة والاعتماد","موافقات إدارتي · FinRequests/dept_inbox.php","— لا مصدر","ادارة الصيانة","— لا مصدر"
"مشرف صيانة",—,"(بلا مرحلة)","المتابعة والاستثناءات","الميزانية والانحراف · Finance/budget_form_fin.php","— لا مصدر","إدارة المالية","— لا مصدر"
"مشرف صيانة",—,"(بلا مرحلة)",التقارير,"التكاليف والربحية · Finance/cost_report_fin.php","— لا مصدر","إدارة المالية","— لا مصدر"
"مشرف صيانة",0.1.1,"لوحة الإدارة","مساحتي الشخصية","مهامي · Portal/my_tasks.php","requests · tasks · workflow  [nav09_map]","مساحة عملي  [إدارة]","الطلبُ يدخل صندوقَ اعتماد المعنيّ بمساره — ويظهر في «طلباتي» بحالته · المهمةُ تُقفل · والخطوةُ التاليةُ تُفتح لصاحبها · ومهلةُ المسار تُحدَّث · تُصيَّر المكوّناتُ التي منحته إياها الحوكمةُ وحدَها · ومشغّلُ المعدة يرى معدتَه ومشغّلَها الآخر · يُعاد الحسابُ  [nav09_map]"
"مشرف صيانة",0.1.2,"لوحة الإدارة","مساحتي الشخصية","إنجازي · Portal/my_achievement.php","requests · tasks · workflow  [nav09_map]","إدارة الصلاحيات","الطلبُ يدخل صندوقَ اعتماد المعنيّ بمساره — ويظهر في «طلباتي» بحالته · المهمةُ تُقفل · والخطوةُ التاليةُ تُفتح لصاحبها · ومهلةُ المسار تُحدَّث · تُصيَّر المكوّناتُ التي منحته إياها الحوكمةُ وحدَها · ومشغّلُ المعدة يرى معدتَه ومشغّلَها الآخر · يُعاد الحسابُ  [nav09_map]"
"مشرف صيانة",0.1.3,"لوحة الإدارة","مساحتي الشخصية","بوابتي · Portal/my_portal.php","requests · tasks · workflow  [nav09_map]","إدارة الصلاحيات","الطلبُ يدخل صندوقَ اعتماد المعنيّ بمساره — ويظهر في «طلباتي» بحالته · المهمةُ تُقفل · والخطوةُ التاليةُ تُفتح لصاحبها · ومهلةُ المسار تُحدَّث · تُصيَّر المكوّناتُ التي منحته إياها الحوكمةُ وحدَها · ومشغّلُ المعدة يرى معدتَه ومشغّلَها الآخر · يُعاد الحسابُ  [nav09_map]"
"مشرف صيانة",0.1.4,"لوحة الإدارة","مساحتي الشخصية","طلباتي · FinRequests/my_requests.php","requests · tasks · workflow  [nav09_map]","ادارة الصيانة","الطلبُ يدخل صندوقَ اعتماد المعنيّ بمساره — ويظهر في «طلباتي» بحالته · المهمةُ تُقفل · والخطوةُ التاليةُ تُفتح لصاحبها · ومهلةُ المسار تُحدَّث · تُصيَّر المكوّناتُ التي منحته إياها الحوكمةُ وحدَها · ومشغّلُ المعدة يرى معدتَه ومشغّلَها الآخر · يُعاد الحسابُ  [nav09_map]"
"مشرف صيانة",0.1.5,"لوحة الإدارة","مساحتي الشخصية","المراسلات · chats/index.php","requests · tasks · workflow  [nav09_map]","— لا وحدة","الطلبُ يدخل صندوقَ اعتماد المعنيّ بمساره — ويظهر في «طلباتي» بحالته · المهمةُ تُقفل · والخطوةُ التاليةُ تُفتح لصاحبها · ومهلةُ المسار تُحدَّث · تُصيَّر المكوّناتُ التي منحته إياها الحوكمةُ وحدَها · ومشغّلُ المعدة يرى معدتَه ومشغّلَها الآخر · يُعاد الحسابُ  [nav09_map]"
"مشرف صيانة",0.2.6,"لوحة الإدارة",الجاهزية,"جاهزية المعدات للتشغيل · Fleet/readiness_board.php","requests · tasks · workflow  [nav09_map]","ادارة الاسطول","الطلبُ يدخل صندوقَ اعتماد المعنيّ بمساره — ويظهر في «طلباتي» بحالته · المهمةُ تُقفل · والخطوةُ التاليةُ تُفتح لصاحبها · ومهلةُ المسار تُحدَّث · تُصيَّر المكوّناتُ التي منحته إياها الحوكمةُ وحدَها · ومشغّلُ المعدة يرى معدتَه ومشغّلَها الآخر · يُعاد الحسابُ  [nav09_map]"
"مشرف صيانة",1.103.7,"أولًا: استقبال العطل وتشخيصه",البلاغات,"بلاغات إدارتي · Tickets/dept_inbox.php","inspections · findings · readiness · tech_decision  [nav09_map]","إدارة البلاغات","بنودُ الملاحظة والحرج تُفتح · وقرارُ التشغيل يُقترح · والكرتُ يُحدَّث بتاريخ التفتيش · يسمح · أو يسمح بمتابعة · أو حتى موعد · أو يمنع — والحارسُ يطبّق القرارَ على التخصيص  [nav09_map]"
"مشرف صيانة",1.103.8,"أولًا: استقبال العطل وتشخيصه",البلاغات,"أبلغ عن مشكلة من هذه الشاشة · Tickets/ticket_contextual_open.php","inspections · findings · readiness · tech_decision  [nav09_map]","— لا وحدة","بنودُ الملاحظة والحرج تُفتح · وقرارُ التشغيل يُقترح · والكرتُ يُحدَّث بتاريخ التفتيش · يسمح · أو يسمح بمتابعة · أو حتى موعد · أو يمنع — والحارسُ يطبّق القرارَ على التخصيص  [nav09_map]"
"مشرف صيانة",1.103.9,"أولًا: استقبال العطل وتشخيصه",البلاغات,"تحويل البلاغ وتفريعه لمسارات · Tickets/ticket_workstreams_board.php","inspections · findings · readiness · tech_decision  [nav09_map]","— لا وحدة","بنودُ الملاحظة والحرج تُفتح · وقرارُ التشغيل يُقترح · والكرتُ يُحدَّث بتاريخ التفتيش · يسمح · أو يسمح بمتابعة · أو حتى موعد · أو يمنع — والحارسُ يطبّق القرارَ على التخصيص  [nav09_map]"
"مشرف صيانة",1.104.10,"أولًا: استقبال العطل وتشخيصه","الفحص اليومي","الفحص الفني اليومي · Maintenance/inspections.php","inspections · findings · readiness · tech_decision  [nav09_map]","ادارة الصيانة","بنودُ الملاحظة والحرج تُفتح · وقرارُ التشغيل يُقترح · والكرتُ يُحدَّث بتاريخ التفتيش · يسمح · أو يسمح بمتابعة · أو حتى موعد · أو يمنع — والحارسُ يطبّق القرارَ على التخصيص  [nav09_map]"
"مشرف صيانة",1.105.11,"أولًا: استقبال العطل وتشخيصه","تصنيف العطل","تصنيف الأعطال وأسبابها · Equipments/manage_failure_codes.php","inspections · findings · readiness · tech_decision  [nav09_map]","ادارة الصيانة","بنودُ الملاحظة والحرج تُفتح · وقرارُ التشغيل يُقترح · والكرتُ يُحدَّث بتاريخ التفتيش · يسمح · أو يسمح بمتابعة · أو حتى موعد · أو يمنع — والحارسُ يطبّق القرارَ على التخصيص  [nav09_map]"
"مشرف صيانة",2.206.12,"ثانيًا: أمر العمل والتكليف",الأوامر,"أوامر الصيانة · Maintenance/orders.php","asset_register · fin_events · equipments · asset_register · work_labor · workload · work_orders · cost_alloc · work_orders · downtime  [nav09_map]","ادارة الصيانة","الإهلاكُ يتوقف · والقيمةُ تُقفل · والتخصيصاتُ تُنهى · والحصصُ تُغلق · التكلفةُ تُحمَّل · وزمنُ التوقف يُثبَّت · والكرتُ يُحدَّث · والجاهزيةُ تُطلب · زمنُ التوقف يبدأ «تحت التحقق» · والمتحمّلُ مبدئيٌّ · والمعدةُ غيرُ متاحة · ساعاتُ الفني تُسجَّل على الأمر   [nav09_map]"
"مشرف صيانة",2.207.13,"ثانيًا: أمر العمل والتكليف","الورش والفنيون","الورش والفنيون · Maintenance/workshop.php","asset_register · fin_events · equipments · asset_register · work_labor · workload · work_orders · cost_alloc · work_orders · downtime  [nav09_map]","ادارة الصيانة","الإهلاكُ يتوقف · والقيمةُ تُقفل · والتخصيصاتُ تُنهى · والحصصُ تُغلق · التكلفةُ تُحمَّل · وزمنُ التوقف يُثبَّت · والكرتُ يُحدَّث · والجاهزيةُ تُطلب · زمنُ التوقف يبدأ «تحت التحقق» · والمتحمّلُ مبدئيٌّ · والمعدةُ غيرُ متاحة · ساعاتُ الفني تُسجَّل على الأمر   [nav09_map]"
"مشرف صيانة",2.208.14,"ثانيًا: أمر العمل والتكليف","المعدة وسجلها","سجل المعدات · Equipments/equipments.php","asset_register · fin_events · equipments · asset_register · work_labor · workload · work_orders · cost_alloc · work_orders · downtime  [nav09_map]","إدارة الأسطول  [إدارة]","الإهلاكُ يتوقف · والقيمةُ تُقفل · والتخصيصاتُ تُنهى · والحصصُ تُغلق · التكلفةُ تُحمَّل · وزمنُ التوقف يُثبَّت · والكرتُ يُحدَّث · والجاهزيةُ تُطلب · زمنُ التوقف يبدأ «تحت التحقق» · والمتحمّلُ مبدئيٌّ · والمعدةُ غيرُ متاحة · ساعاتُ الفني تُسجَّل على الأمر   [nav09_map]"
"مشرف صيانة",2.208.15,"ثانيًا: أمر العمل والتكليف","المعدة وسجلها","موديلات المعدات ومواصفاتها · Equipments/fleet_models.php","asset_register · fin_events · equipments · asset_register · work_labor · workload · work_orders · cost_alloc · work_orders · downtime  [nav09_map]","ادارة الاسطول","الإهلاكُ يتوقف · والقيمةُ تُقفل · والتخصيصاتُ تُنهى · والحصصُ تُغلق · التكلفةُ تُحمَّل · وزمنُ التوقف يُثبَّت · والكرتُ يُحدَّث · والجاهزيةُ تُطلب · زمنُ التوقف يبدأ «تحت التحقق» · والمتحمّلُ مبدئيٌّ · والمعدةُ غيرُ متاحة · ساعاتُ الفني تُسجَّل على الأمر   [nav09_map]"
"مشرف صيانة",3.309.16,"ثالثًا: القطع والمواد","الصرف والمخزون","صرف مواد من المخزن · Procurement/issue_proc.php","— لا مصدر","إدارة المشتريات","رابعًا: الوقائية بالساعات  [cycle_order]"
"مشرف صيانة",3.309.17,"ثالثًا: القطع والمواد","الصرف والمخزون","أرصدة المخزون بحالاتها · Procurement/stock_proc.php","— لا مصدر","إدارة المشتريات","رابعًا: الوقائية بالساعات  [cycle_order]"
"مشرف صيانة",3.309.18,"ثالثًا: القطع والمواد","الصرف والمخزون","العهد والمرتجعات · Procurement/receipt_custody_proc.php","— لا مصدر","إدارة المشتريات","رابعًا: الوقائية بالساعات  [cycle_order]"
"مشرف صيانة",3.310.19,"ثالثًا: القطع والمواد","الشراء عند النقص","طلبات الشراء · Procurement/requests_proc.php","— لا مصدر","إدارة المشتريات","رابعًا: الوقائية بالساعات  [cycle_order]"
"مشرف صيانة",3.310.20,"ثالثًا: القطع والمواد","الشراء عند النقص","كتالوج الأصناف والقطع الحرجة · Procurement/items_proc.php","— لا مصدر","إدارة المشتريات","رابعًا: الوقائية بالساعات  [cycle_order]"
"مشرف صيانة",4.411.21,"رابعًا: الوقائية بالساعات",الخطط,"خطط الصيانة الوقائية · Maintenance/preventive_plans.php","approval_chain · approval_chain · attribution · fin_events · meter_readings · unit_records · unit_periods · unit_records.state  [nav09_map]","ادارة الصيانة","إيرادُ العميل وذمةُ المورد وأجرُ المشغّل تتولد بأحكامٍ ثلاثةٍ مستقلة · وخطةُ العقد تُحدَّث · والإهلاكُ يُحتسب · الإسنادُ نهائيٌّ · وحاوياتُ الموردين تُستهلك · وعدّادُ المعدة يُحدَّث · الحلقةُ الأولى تُفتح · وقفلُ التعديل · وعدّادُ المهلة يبدأ · الحلقةُ ال  [nav09_map]"
"مشرف صيانة",4.412.22,"رابعًا: الوقائية بالساعات","ساعات المحرّك","تسجيل التايم شيت والإنتاج · Timesheet/timesheet.php","approval_chain · approval_chain · attribution · fin_events · meter_readings · unit_records · unit_periods · unit_records.state  [nav09_map]","إدارة الموقع","إيرادُ العميل وذمةُ المورد وأجرُ المشغّل تتولد بأحكامٍ ثلاثةٍ مستقلة · وخطةُ العقد تُحدَّث · والإهلاكُ يُحتسب · الإسنادُ نهائيٌّ · وحاوياتُ الموردين تُستهلك · وعدّادُ المعدة يُحدَّث · الحلقةُ الأولى تُفتح · وقفلُ التعديل · وعدّادُ المهلة يبدأ · الحلقةُ ال  [nav09_map]"
"مشرف صيانة",4.412.23,"رابعًا: الوقائية بالساعات","ساعات المحرّك","قراءات العدّادات · Equipments/meter_readings.php","approval_chain · approval_chain · attribution · fin_events · meter_readings · unit_records · unit_periods · unit_records.state  [nav09_map]","مشرف - مشاريع","إيرادُ العميل وذمةُ المورد وأجرُ المشغّل تتولد بأحكامٍ ثلاثةٍ مستقلة · وخطةُ العقد تُحدَّث · والإهلاكُ يُحتسب · الإسنادُ نهائيٌّ · وحاوياتُ الموردين تُستهلك · وعدّادُ المعدة يُحدَّث · الحلقةُ الأولى تُفتح · وقفلُ التعديل · وعدّادُ المهلة يبدأ · الحلقةُ ال  [nav09_map]"
"مشرف صيانة",5.513.24,"خامسًا: الإقفال وإعادة الخدمة","الإقفال والجاهزية","أوامر الصيانة · Maintenance/orders.php#2","— لا مصدر","ادارة الصيانة","متابعة الصيانة  [cycle_order]"
"مشرف صيانة",5.513.25,"خامسًا: الإقفال وإعادة الخدمة","الإقفال والجاهزية","جاهزية المعدات للتشغيل · Fleet/readiness_board.php#2","— لا مصدر","ادارة الاسطول","متابعة الصيانة  [cycle_order]"
"مشرف صيانة",6.614.26,"متابعة الصيانة","التكرار والسبب الجذري","البلاغات المتكررة وسببها الجذري · Tickets/ticket_recurrence.php","approvals · approvals · audit · approvals · reasons  [nav09_map]","إدارة البلاغات","المستندُ يعود قابلًا للتعديل · والمهلةُ تتوقف حتى إعادة الرفع · المستندُ يعود لمُنشئه بسببٍ من قائمةٍ محكومة — ويُقاس السببُ في تحليل الاختناقات · المستندُ ينتقل · والتوقيعُ يُسجَّل بمرجع التفويض  [nav09_map]"
"مشرف صيانة",6.615.27,"متابعة الصيانة","الترحيل للورشة","طلبات الترحيل · Transport/transfer_requests.php","approvals · approvals · audit · approvals · reasons  [nav09_map]","إدارة النقل والترحيل","المستندُ يعود قابلًا للتعديل · والمهلةُ تتوقف حتى إعادة الرفع · المستندُ يعود لمُنشئه بسببٍ من قائمةٍ محكومة — ويُقاس السببُ في تحليل الاختناقات · المستندُ ينتقل · والتوقيعُ يُسجَّل بمرجع التفويض  [nav09_map]"
"مشرف صيانة",6.616.28,"متابعة الصيانة",الاعتمادات,"صندوق ما ينتظر اعتمادي · Finance/approvals_inbox.php","approvals · approvals · audit · approvals · reasons  [nav09_map]","إدارة المالية","المستندُ يعود قابلًا للتعديل · والمهلةُ تتوقف حتى إعادة الرفع · المستندُ يعود لمُنشئه بسببٍ من قائمةٍ محكومة — ويُقاس السببُ في تحليل الاختناقات · المستندُ ينتقل · والتوقيعُ يُسجَّل بمرجع التفويض  [nav09_map]"
"مشرف صيانة",7.717.29,"تقارير الصيانة والإعدادات","الميزانية والإنجاز","ميزانية إدارتي · Finance/budget_dept.php","budget_change_requests · export_log  [nav09_map]","إدارة المالية","الطلبُ يدخل سلّمَ الاعتماد ببيان أثره — ولا يُعدَّل السقفُ قبل الاعتماد · الملفُّ يُصدَّر بنطاق المستخدم وحدَه · وكلُّ تصديرٍ يُسجَّل بالمستخدم والفلاتر  [nav09_map]"
"مشرف صيانة",7.717.30,"تقارير الصيانة والإعدادات","الميزانية والإنجاز","إنجاز الإدارة · Portal/dept_achievement.php","budget_change_requests · export_log  [nav09_map]","إدارة الصلاحيات","الطلبُ يدخل سلّمَ الاعتماد ببيان أثره — ولا يُعدَّل السقفُ قبل الاعتماد · الملفُّ يُصدَّر بنطاق المستخدم وحدَه · وكلُّ تصديرٍ يُسجَّل بالمستخدم والفلاتر  [nav09_map]"
"مشرف صيانة",7.717.31,"تقارير الصيانة والإعدادات","الميزانية والإنجاز","مركز التقارير · emsreports/index.php","budget_change_requests · export_log  [nav09_map]","إدارة الصلاحيات","الطلبُ يدخل سلّمَ الاعتماد ببيان أثره — ولا يُعدَّل السقفُ قبل الاعتماد · الملفُّ يُصدَّر بنطاق المستخدم وحدَه · وكلُّ تصديرٍ يُسجَّل بالمستخدم والفلاتر  [nav09_map]"
"مشرف صيانة",7.718.32,"تقارير الصيانة والإعدادات",المرجعيات,"موديلات المعدات ومواصفاتها · Equipments/fleet_models.php#2","budget_change_requests · export_log  [nav09_map]","ادارة الاسطول","الطلبُ يدخل سلّمَ الاعتماد ببيان أثره — ولا يُعدَّل السقفُ قبل الاعتماد · الملفُّ يُصدَّر بنطاق المستخدم وحدَه · وكلُّ تصديرٍ يُسجَّل بالمستخدم والفلاتر  [nav09_map]"
"مشرف صيانة",7.718.33,"تقارير الصيانة والإعدادات",المرجعيات,"كتالوج الأصناف والقطع الحرجة · Procurement/items_proc.php#2","budget_change_requests · export_log  [nav09_map]","إدارة المشتريات","الطلبُ يدخل سلّمَ الاعتماد ببيان أثره — ولا يُعدَّل السقفُ قبل الاعتماد · الملفُّ يُصدَّر بنطاق المستخدم وحدَه · وكلُّ تصديرٍ يُسجَّل بالمستخدم والفلاتر  [nav09_map]"
"مشرف صيانة",99.9900.50,"خارج الوثيقة — بانتظار قرار المالك","أخرى — للمراجعة","إعدادات الصيانة · Maintenance/master_data.php","— لا مصدر","ادارة الصيانة","نهايةُ دورةِ الإدارة — لا مرحلةَ بعدَها  [cycle_order]"
"مشرف صيانة",99.9900.50,"خارج الوثيقة — بانتظار قرار المالك","أخرى — للمراجعة","لوحة مشرف صيانة · Maintenance/dashboard_mnt.php","— لا مصدر","ادارة الصيانة","نهايةُ دورةِ الإدارة — لا مرحلةَ بعدَها  [cycle_order]"
"إدارة الصلاحيات",—,"(بلا مرحلة)","لوحة الإدارة","مساحة عملي · main/my_workspace.php","— لا مصدر","— لا وحدة","— لا مصدر"
"إدارة الصلاحيات",0.1.1,"لوحة الإدارة","مساحتي الشخصية","مهامي · Portal/my_tasks.php","requests · tasks · workflow  [nav09_map]","مساحة عملي  [إدارة]","الطلبُ يدخل صندوقَ اعتماد المعنيّ بمساره — ويظهر في «طلباتي» بحالته · المهمةُ تُقفل · والخطوةُ التاليةُ تُفتح لصاحبها · ومهلةُ المسار تُحدَّث · تُصيَّر المكوّناتُ التي منحته إياها الحوكمةُ وحدَها · ومشغّلُ المعدة يرى معدتَه ومشغّلَها الآخر · يُعاد الحسابُ  [nav09_map]"
"إدارة الصلاحيات",0.1.2,"لوحة الإدارة","مساحتي الشخصية","إنجازي · Portal/my_achievement.php","requests · tasks · workflow  [nav09_map]","إدارة الصلاحيات","الطلبُ يدخل صندوقَ اعتماد المعنيّ بمساره — ويظهر في «طلباتي» بحالته · المهمةُ تُقفل · والخطوةُ التاليةُ تُفتح لصاحبها · ومهلةُ المسار تُحدَّث · تُصيَّر المكوّناتُ التي منحته إياها الحوكمةُ وحدَها · ومشغّلُ المعدة يرى معدتَه ومشغّلَها الآخر · يُعاد الحسابُ  [nav09_map]"
"إدارة الصلاحيات",0.1.3,"لوحة الإدارة","مساحتي الشخصية","بوابتي · Portal/my_portal.php","requests · tasks · workflow  [nav09_map]","إدارة الصلاحيات","الطلبُ يدخل صندوقَ اعتماد المعنيّ بمساره — ويظهر في «طلباتي» بحالته · المهمةُ تُقفل · والخطوةُ التاليةُ تُفتح لصاحبها · ومهلةُ المسار تُحدَّث · تُصيَّر المكوّناتُ التي منحته إياها الحوكمةُ وحدَها · ومشغّلُ المعدة يرى معدتَه ومشغّلَها الآخر · يُعاد الحسابُ  [nav09_map]"
"إدارة الصلاحيات",0.1.4,"لوحة الإدارة","مساحتي الشخصية","طلباتي · FinRequests/my_requests.php","requests · tasks · workflow  [nav09_map]","ادارة الصيانة","الطلبُ يدخل صندوقَ اعتماد المعنيّ بمساره — ويظهر في «طلباتي» بحالته · المهمةُ تُقفل · والخطوةُ التاليةُ تُفتح لصاحبها · ومهلةُ المسار تُحدَّث · تُصيَّر المكوّناتُ التي منحته إياها الحوكمةُ وحدَها · ومشغّلُ المعدة يرى معدتَه ومشغّلَها الآخر · يُعاد الحسابُ  [nav09_map]"
"إدارة الصلاحيات",0.1.5,"لوحة الإدارة","مساحتي الشخصية","المراسلات · chats/index.php","requests · tasks · workflow  [nav09_map]","— لا وحدة","الطلبُ يدخل صندوقَ اعتماد المعنيّ بمساره — ويظهر في «طلباتي» بحالته · المهمةُ تُقفل · والخطوةُ التاليةُ تُفتح لصاحبها · ومهلةُ المسار تُحدَّث · تُصيَّر المكوّناتُ التي منحته إياها الحوكمةُ وحدَها · ومشغّلُ المعدة يرى معدتَه ومشغّلَها الآخر · يُعاد الحسابُ  [nav09_map]"
"إدارة الصلاحيات",1.102.6,"أولًا: الكيانات والملكية",الكيانات,"سجل الشركات والكيانات · Governance/entities_registry.php","الإداراتُ والأدوارُ والمسمياتُ الوظيفية  [GOV-24]","ادارة التشغيل","السجلاتُ المرتبطةُ بالمرادف تُحوَّل للمعتمد · والمرادفُ يبقى للبحث ولا يُنشئ كيانًا · والتكرارُ يُمنع مستقبلًا · قيدُ المئة يُفرض عند «كامل» وحده · وتضاربُ المصالح يُكشف آليًّا قبل الاعتماد  [nav09_map]"
"إدارة الصلاحيات",1.103.7,"أولًا: الكيانات والملكية","سجل الأسماء المعتمدة","سجل الأسماء المعتمدة · Governance/canonical_names.php","الإداراتُ والأدوارُ والمسمياتُ الوظيفية  [GOV-24]","إدارة الصلاحيات","السجلاتُ المرتبطةُ بالمرادف تُحوَّل للمعتمد · والمرادفُ يبقى للبحث ولا يُنشئ كيانًا · والتكرارُ يُمنع مستقبلًا · قيدُ المئة يُفرض عند «كامل» وحده · وتضاربُ المصالح يُكشف آليًّا قبل الاعتماد  [nav09_map]"
"إدارة الصلاحيات",1.104.8,"أولًا: الكيانات والملكية","علاقات الملكية","علاقات الملكية بين الكيانات · Financing/ownership_links.php","الإداراتُ والأدوارُ والمسمياتُ الوظيفية  [GOV-24]","إدارة الصلاحيات","السجلاتُ المرتبطةُ بالمرادف تُحوَّل للمعتمد · والمرادفُ يبقى للبحث ولا يُنشئ كيانًا · والتكرارُ يُمنع مستقبلًا · قيدُ المئة يُفرض عند «كامل» وحده · وتضاربُ المصالح يُكشف آليًّا قبل الاعتماد  [nav09_map]"
"إدارة الصلاحيات",1.105.9,"أولًا: الكيانات والملكية","التراخيص والكفالات","التراخيص والكفالات · Governance/licenses_guarantees.php","الإداراتُ والأدوارُ والمسمياتُ الوظيفية  [GOV-24]","ادارة التشغيل","السجلاتُ المرتبطةُ بالمرادف تُحوَّل للمعتمد · والمرادفُ يبقى للبحث ولا يُنشئ كيانًا · والتكرارُ يُمنع مستقبلًا · قيدُ المئة يُفرض عند «كامل» وحده · وتضاربُ المصالح يُكشف آليًّا قبل الاعتماد  [nav09_map]"
"إدارة الصلاحيات",2.206.10,"ثانيًا: التفويض بالتوقيع",التفويضات,"التفويض بالتوقيع · Governance/signing_authority.php","التفويضاتُ بمدةٍ وسقفٍ ونطاق  [GOV-24]","ادارة التشغيل","ثالثًا: الحسابات والأدوار  [cycle_order]"
"إدارة الصلاحيات",3.307.11,"ثالثًا: الحسابات والأدوار",الحسابات,"حسابات المستخدمين · main/users.php","سجلاتُ الوصولِ والاطّلاعِ والتدقيق  [GOV-24]","ادارة التشغيل","الحسابُ يرى نطاقَه وحدَه بعزلٍ تام · ولا يرى بياناتِ طرفٍ آخر ولو كان في العقد نفسِه · الدورُ يرث قالبَ عائلته · والصلاحيةُ تُشتق من الطبقات السبع · ولا تُمنح فرديًّا إلا باستثناء · الصلاحياتُ المشتقةُ تُعاد حسابها · والقوائمُ تُعاد بناؤها · ولا يُمسّ است  [nav09_map]"
"إدارة الصلاحيات",3.308.12,"ثالثًا: الحسابات والأدوار","الأدوار والصلاحيات","الأدوار وقوالب صلاحياتها · Settings/roles.php","سجلاتُ الوصولِ والاطّلاعِ والتدقيق  [GOV-24]","إدارة الصلاحيات","الحسابُ يرى نطاقَه وحدَه بعزلٍ تام · ولا يرى بياناتِ طرفٍ آخر ولو كان في العقد نفسِه · الدورُ يرث قالبَ عائلته · والصلاحيةُ تُشتق من الطبقات السبع · ولا تُمنح فرديًّا إلا باستثناء · الصلاحياتُ المشتقةُ تُعاد حسابها · والقوائمُ تُعاد بناؤها · ولا يُمسّ است  [nav09_map]"
"إدارة الصلاحيات",3.309.13,"ثالثًا: الحسابات والأدوار","حسابات بوابة الأطراف","حسابات بوابة الأطراف الخارجية · Governance/portal_users.php","سجلاتُ الوصولِ والاطّلاعِ والتدقيق  [GOV-24]","إدارة الصلاحيات","الحسابُ يرى نطاقَه وحدَه بعزلٍ تام · ولا يرى بياناتِ طرفٍ آخر ولو كان في العقد نفسِه · الدورُ يرث قالبَ عائلته · والصلاحيةُ تُشتق من الطبقات السبع · ولا تُمنح فرديًّا إلا باستثناء · الصلاحياتُ المشتقةُ تُعاد حسابها · والقوائمُ تُعاد بناؤها · ولا يُمسّ است  [nav09_map]"
"إدارة الصلاحيات",3.310.14,"ثالثًا: الحسابات والأدوار","المعاونون والنيابة","المعاونون والنيابة المؤقتة · main/all_assistants.php","سجلاتُ الوصولِ والاطّلاعِ والتدقيق  [GOV-24]","إدارة الصلاحيات","الحسابُ يرى نطاقَه وحدَه بعزلٍ تام · ولا يرى بياناتِ طرفٍ آخر ولو كان في العقد نفسِه · الدورُ يرث قالبَ عائلته · والصلاحيةُ تُشتق من الطبقات السبع · ولا تُمنح فرديًّا إلا باستثناء · الصلاحياتُ المشتقةُ تُعاد حسابها · والقوائمُ تُعاد بناؤها · ولا يُمسّ است  [nav09_map]"
"إدارة الصلاحيات",3.311.15,"ثالثًا: الحسابات والأدوار","الهيكل والتكليفات","الهيكل التنظيمي والمسميات · admin/org_structure.php","سجلاتُ الوصولِ والاطّلاعِ والتدقيق  [GOV-24]","الحوكمة والالتزام  [إدارة]","الحسابُ يرى نطاقَه وحدَه بعزلٍ تام · ولا يرى بياناتِ طرفٍ آخر ولو كان في العقد نفسِه · الدورُ يرث قالبَ عائلته · والصلاحيةُ تُشتق من الطبقات السبع · ولا تُمنح فرديًّا إلا باستثناء · الصلاحياتُ المشتقةُ تُعاد حسابها · والقوائمُ تُعاد بناؤها · ولا يُمسّ است  [nav09_map]"
"إدارة الصلاحيات",3.311.16,"ثالثًا: الحسابات والأدوار","الهيكل والتكليفات","التكليفات التنظيمية · admin/org_assignments.php","سجلاتُ الوصولِ والاطّلاعِ والتدقيق  [GOV-24]","الحوكمة والالتزام  [إدارة]","الحسابُ يرى نطاقَه وحدَه بعزلٍ تام · ولا يرى بياناتِ طرفٍ آخر ولو كان في العقد نفسِه · الدورُ يرث قالبَ عائلته · والصلاحيةُ تُشتق من الطبقات السبع · ولا تُمنح فرديًّا إلا باستثناء · الصلاحياتُ المشتقةُ تُعاد حسابها · والقوائمُ تُعاد بناؤها · ولا يُمسّ است  [nav09_map]"
"إدارة الصلاحيات",4.412.17,"رابعًا: الظهور والبوابة والصفحات","الظهور ومكوّنات البوابة","من يرى ماذا ومكوّنات البوابة · Portal/visibility_keys.php","المخالفاتُ والاستثناءاتُ والامتثال  [GOV-24]","ادارة الموارد البشرية","الصفحةُ تظهر أو تختفي من كل القوائم · وتحويلُ المسار يبقى بعدّادٍ لمن يطرق القديم  [nav09_map]"
"إدارة الصلاحيات",4.413.18,"رابعًا: الظهور والبوابة والصفحات","صفحات النظام والإدارات","صفحات النظام والإدارات · Settings/modules.php","المخالفاتُ والاستثناءاتُ والامتثال  [GOV-24]","إدارة الصلاحيات","الصفحةُ تظهر أو تختفي من كل القوائم · وتحويلُ المسار يبقى بعدّادٍ لمن يطرق القديم  [nav09_map]"
"إدارة الصلاحيات",4.414.19,"رابعًا: الظهور والبوابة والصفحات","أنماط التفعيل","أنماط تفعيل المزايا · Governance/activation_patterns.php","المخالفاتُ والاستثناءاتُ والامتثال  [GOV-24]","ادارة التشغيل","الصفحةُ تظهر أو تختفي من كل القوائم · وتحويلُ المسار يبقى بعدّادٍ لمن يطرق القديم  [nav09_map]"
"إدارة الصلاحيات",5.515.20,"خامسًا: المنع والاستثناء","تصنيف المنع","تصنيف قواعد المنع · Governance/guards.php","المخالفاتُ والاستثناءاتُ والامتثال  [GOV-24]","إدارة الصلاحيات","الحارسُ يسمح لهذا النطاق وهذه المدة وحدهما · وكلُّ استعمالٍ يُسجَّل · وينتهي آليًّا · الحقلُ يُخفى لمن لا يملكه · وكلُّ اطّلاعٍ يُسجَّل · والأكثرُ تقييدًا يغلب عند تعارض القوالب · الحمايةُ تنتقل من «يرى ولا يمنع» إلى «يمنع ويسمح بقرارٍ موثَّق» · والاستثنا  [nav09_map]"
"إدارة الصلاحيات",5.516.21,"خامسًا: المنع والاستثناء","الحقول الحساسة","سياسات الحقول الحساسة · Governance/sensitive_fields.php","المخالفاتُ والاستثناءاتُ والامتثال  [GOV-24]","إدارة الصلاحيات","الحارسُ يسمح لهذا النطاق وهذه المدة وحدهما · وكلُّ استعمالٍ يُسجَّل · وينتهي آليًّا · الحقلُ يُخفى لمن لا يملكه · وكلُّ اطّلاعٍ يُسجَّل · والأكثرُ تقييدًا يغلب عند تعارض القوالب · الحمايةُ تنتقل من «يرى ولا يمنع» إلى «يمنع ويسمح بقرارٍ موثَّق» · والاستثنا  [nav09_map]"
"إدارة الصلاحيات",5.517.22,"خامسًا: المنع والاستثناء",الاستثناءات,"طلبات الاستثناء · Governance/exceptions.php","المخالفاتُ والاستثناءاتُ والامتثال  [GOV-24]","إدارة الصلاحيات","الحارسُ يسمح لهذا النطاق وهذه المدة وحدهما · وكلُّ استعمالٍ يُسجَّل · وينتهي آليًّا · الحقلُ يُخفى لمن لا يملكه · وكلُّ اطّلاعٍ يُسجَّل · والأكثرُ تقييدًا يغلب عند تعارض القوالب · الحمايةُ تنتقل من «يرى ولا يمنع» إلى «يمنع ويسمح بقرارٍ موثَّق» · والاستثنا  [nav09_map]"
"إدارة الصلاحيات",5.518.23,"خامسًا: المنع والاستثناء","كسر الزجاج والطوارئ","صلاحية الطوارئ اللحظية (كسر الزجاج) · Governance/break_glass.php","المخالفاتُ والاستثناءاتُ والامتثال  [GOV-24]","إدارة الصلاحيات","الحارسُ يسمح لهذا النطاق وهذه المدة وحدهما · وكلُّ استعمالٍ يُسجَّل · وينتهي آليًّا · الحقلُ يُخفى لمن لا يملكه · وكلُّ اطّلاعٍ يُسجَّل · والأكثرُ تقييدًا يغلب عند تعارض القوالب · الحمايةُ تنتقل من «يرى ولا يمنع» إلى «يمنع ويسمح بقرارٍ موثَّق» · والاستثنا  [nav09_map]"
"إدارة الصلاحيات",5.519.24,"خامسًا: المنع والاستثناء","صندوق الاعتماد","صندوق ما ينتظر اعتمادي · Finance/approvals_inbox.php","المخالفاتُ والاستثناءاتُ والامتثال  [GOV-24]","إدارة المالية","الحارسُ يسمح لهذا النطاق وهذه المدة وحدهما · وكلُّ استعمالٍ يُسجَّل · وينتهي آليًّا · الحقلُ يُخفى لمن لا يملكه · وكلُّ اطّلاعٍ يُسجَّل · والأكثرُ تقييدًا يغلب عند تعارض القوالب · الحمايةُ تنتقل من «يرى ولا يمنع» إلى «يمنع ويسمح بقرارٍ موثَّق» · والاستثنا  [nav09_map]"
"إدارة الصلاحيات",6.620.25,"سادسًا: التدقيق والمراجعة","سجل التدقيق والاطّلاع","سجل التدقيق والاطّلاع · ActivityLogs/activity_logs.php","سجلاتُ الوصولِ والاطّلاعِ والتدقيق  [GOV-24]","ادارة التشغيل","الحسابُ الجامعُ بين واجبين متعارضين يُقيَّد · والاعتمادُ يُرفض بنيويًّا حتى الفصل · المنعُ المتكرر يكشف: إما حاجةً لاستثناءٍ أو خطأً في تصنيف الحماية أو محاولةَ تجاوز · كلُّ عقدٍ يُفحص: التفويضُ والكفالةُ والسريان — والناقصُ يُرفع بلاغًا · ما لم يُؤكَّد ي  [nav09_map]"
"إدارة الصلاحيات",6.621.26,"سادسًا: التدقيق والمراجعة","المحاولات الممنوعة","المحاولات الممنوعة · Governance/guard_denials.php","سجلاتُ الوصولِ والاطّلاعِ والتدقيق  [GOV-24]","إدارة الصلاحيات","الحسابُ الجامعُ بين واجبين متعارضين يُقيَّد · والاعتمادُ يُرفض بنيويًّا حتى الفصل · المنعُ المتكرر يكشف: إما حاجةً لاستثناءٍ أو خطأً في تصنيف الحماية أو محاولةَ تجاوز · كلُّ عقدٍ يُفحص: التفويضُ والكفالةُ والسريان — والناقصُ يُرفع بلاغًا · ما لم يُؤكَّد ي  [nav09_map]"
"إدارة الصلاحيات",6.622.27,"سادسًا: التدقيق والمراجعة","المراجعة الدورية للصلاحيات","دورة المراجعة الدورية للصلاحيات · Governance/access_review.php","سجلاتُ الوصولِ والاطّلاعِ والتدقيق  [GOV-24]","إدارة الصلاحيات","الحسابُ الجامعُ بين واجبين متعارضين يُقيَّد · والاعتمادُ يُرفض بنيويًّا حتى الفصل · المنعُ المتكرر يكشف: إما حاجةً لاستثناءٍ أو خطأً في تصنيف الحماية أو محاولةَ تجاوز · كلُّ عقدٍ يُفحص: التفويضُ والكفالةُ والسريان — والناقصُ يُرفع بلاغًا · ما لم يُؤكَّد ي  [nav09_map]"
"إدارة الصلاحيات",6.623.28,"سادسًا: التدقيق والمراجعة","تفسير الصلاحية","تفسير مصدر الصلاحية · Governance/perm_explain.php","سجلاتُ الوصولِ والاطّلاعِ والتدقيق  [GOV-24]","إدارة الصلاحيات","الحسابُ الجامعُ بين واجبين متعارضين يُقيَّد · والاعتمادُ يُرفض بنيويًّا حتى الفصل · المنعُ المتكرر يكشف: إما حاجةً لاستثناءٍ أو خطأً في تصنيف الحماية أو محاولةَ تجاوز · كلُّ عقدٍ يُفحص: التفويضُ والكفالةُ والسريان — والناقصُ يُرفع بلاغًا · ما لم يُؤكَّد ي  [nav09_map]"
"إدارة الصلاحيات",6.624.29,"سادسًا: التدقيق والمراجعة","مركز حوكمة الصلاحيات","فصل الواجبات المتعارضة · admin/sec_governance.php","سجلاتُ الوصولِ والاطّلاعِ والتدقيق  [GOV-24]","إدارة الصلاحيات","الحسابُ الجامعُ بين واجبين متعارضين يُقيَّد · والاعتمادُ يُرفض بنيويًّا حتى الفصل · المنعُ المتكرر يكشف: إما حاجةً لاستثناءٍ أو خطأً في تصنيف الحماية أو محاولةَ تجاوز · كلُّ عقدٍ يُفحص: التفويضُ والكفالةُ والسريان — والناقصُ يُرفع بلاغًا · ما لم يُؤكَّد ي  [nav09_map]"
"إدارة الصلاحيات",6.625.30,"سادسًا: التدقيق والمراجعة","سجل العقود الموحَّد","سجل العقود الموحَّد · Workforce/contract_registry.php","سجلاتُ الوصولِ والاطّلاعِ والتدقيق  [GOV-24]","ادارة الموارد البشرية","الحسابُ الجامعُ بين واجبين متعارضين يُقيَّد · والاعتمادُ يُرفض بنيويًّا حتى الفصل · المنعُ المتكرر يكشف: إما حاجةً لاستثناءٍ أو خطأً في تصنيف الحماية أو محاولةَ تجاوز · كلُّ عقدٍ يُفحص: التفويضُ والكفالةُ والسريان — والناقصُ يُرفع بلاغًا · ما لم يُؤكَّد ي  [nav09_map]"
"إدارة الصلاحيات",7.726.31,"سابعًا: بنية المستندات","سجل أنواع المستندات","سجل أنواع المستندات · Governance/doc_types.php","بنيةُ المستنداتِ وأنواعُها وحالاتُها  [GOV-24]","إدارة الصلاحيات","لا انتقالَ خارج المعرَّف · وكلُّ انتقالٍ له فعلٌ ومخوَّلٌ وشرط · والحارسُ يرفض ما سواه · نمطُ الترقيم يُثبَّت · وآلةُ الحالة تُربط · ومدةُ الحفظ النظاميةُ تُفرض · ولا يُنشأ مستندٌ بلا نوع  [nav09_map]"
"إدارة الصلاحيات",7.727.32,"سابعًا: بنية المستندات","آلات حالة المستندات","حالات المستندات وانتقالاتها · Governance/state_machines.php","بنيةُ المستنداتِ وأنواعُها وحالاتُها  [GOV-24]","إدارة الصلاحيات","لا انتقالَ خارج المعرَّف · وكلُّ انتقالٍ له فعلٌ ومخوَّلٌ وشرط · والحارسُ يرفض ما سواه · نمطُ الترقيم يُثبَّت · وآلةُ الحالة تُربط · ومدةُ الحفظ النظاميةُ تُفرض · ولا يُنشأ مستندٌ بلا نوع  [nav09_map]"
"إدارة الصلاحيات",8.828.33,"ثامنًا: التأسيس والإصدار","وضع التأسيس","وضع التأسيس وإغلاقه · Portal/founding_mode.php","وضعُ التأسيسِ وبصمةُ الإصدار  [GOV-24]","الإدارة التنفيذية","بصمةُ الإصدار تُثبَّت · وتقريرُ الاكتمال يُصدَر بالشاشات والأعمدة والأفعال المتغيرة · والرجوعُ ممكنٌ بعلَم · لا إدخالَ بعده إلا بسلسلة الاعتماد · وكلُّ ما أُدخل في الوضع يُوسَم «مؤسِّس» ويُراجَع  [nav09_map]"
"إدارة الصلاحيات",8.829.34,"ثامنًا: التأسيس والإصدار","بصمة الإصدار","بصمة الإصدار وتقرير النشر · Portal/release_stamp.php","وضعُ التأسيسِ وبصمةُ الإصدار  [GOV-24]","إدارة الصلاحيات","بصمةُ الإصدار تُثبَّت · وتقريرُ الاكتمال يُصدَر بالشاشات والأعمدة والأفعال المتغيرة · والرجوعُ ممكنٌ بعلَم · لا إدخالَ بعده إلا بسلسلة الاعتماد · وكلُّ ما أُدخل في الوضع يُوسَم «مؤسِّس» ويُراجَع  [nav09_map]"
"إدارة الصلاحيات",9.930.35,"متابعة وتقارير الحوكمة","المتابعة والبلاغات","بلاغات إدارتي · Tickets/dept_inbox.php","مخاطرُ إدارتي وحوكمتُها وتقاريرُها  [GOV-24]","إدارة البلاغات","الطلبُ يدخل سلّمَ الاعتماد ببيان أثره — ولا يُعدَّل السقفُ قبل الاعتماد · الملفُّ يُصدَّر بنطاق المستخدم وحدَه · وكلُّ تصديرٍ يُسجَّل بالمستخدم والفلاتر  [nav09_map]"
"إدارة الصلاحيات",9.930.36,"متابعة وتقارير الحوكمة","المتابعة والبلاغات","أبلغ عن مشكلة من هذه الشاشة · Tickets/ticket_contextual_open.php","مخاطرُ إدارتي وحوكمتُها وتقاريرُها  [GOV-24]","— لا وحدة","الطلبُ يدخل سلّمَ الاعتماد ببيان أثره — ولا يُعدَّل السقفُ قبل الاعتماد · الملفُّ يُصدَّر بنطاق المستخدم وحدَه · وكلُّ تصديرٍ يُسجَّل بالمستخدم والفلاتر  [nav09_map]"
"إدارة الصلاحيات",9.930.37,"متابعة وتقارير الحوكمة","المتابعة والبلاغات","صندوق ما ينتظر اعتمادي · Finance/approvals_inbox.php#2","مخاطرُ إدارتي وحوكمتُها وتقاريرُها  [GOV-24]","إدارة المالية","الطلبُ يدخل سلّمَ الاعتماد ببيان أثره — ولا يُعدَّل السقفُ قبل الاعتماد · الملفُّ يُصدَّر بنطاق المستخدم وحدَه · وكلُّ تصديرٍ يُسجَّل بالمستخدم والفلاتر  [nav09_map]"
"إدارة الصلاحيات",9.931.38,"متابعة وتقارير الحوكمة","الميزانية والإنجاز","ميزانية إدارتي · Finance/budget_dept.php","مخاطرُ إدارتي وحوكمتُها وتقاريرُها  [GOV-24]","إدارة المالية","الطلبُ يدخل سلّمَ الاعتماد ببيان أثره — ولا يُعدَّل السقفُ قبل الاعتماد · الملفُّ يُصدَّر بنطاق المستخدم وحدَه · وكلُّ تصديرٍ يُسجَّل بالمستخدم والفلاتر  [nav09_map]"
"إدارة الصلاحيات",9.931.39,"متابعة وتقارير الحوكمة","الميزانية والإنجاز","إنجاز الإدارة · Portal/dept_achievement.php","مخاطرُ إدارتي وحوكمتُها وتقاريرُها  [GOV-24]","إدارة الصلاحيات","الطلبُ يدخل سلّمَ الاعتماد ببيان أثره — ولا يُعدَّل السقفُ قبل الاعتماد · الملفُّ يُصدَّر بنطاق المستخدم وحدَه · وكلُّ تصديرٍ يُسجَّل بالمستخدم والفلاتر  [nav09_map]"
"إدارة الصلاحيات",9.931.40,"متابعة وتقارير الحوكمة","الميزانية والإنجاز","مركز التقارير · emsreports/index.php","مخاطرُ إدارتي وحوكمتُها وتقاريرُها  [GOV-24]","إدارة الصلاحيات","الطلبُ يدخل سلّمَ الاعتماد ببيان أثره — ولا يُعدَّل السقفُ قبل الاعتماد · الملفُّ يُصدَّر بنطاق المستخدم وحدَه · وكلُّ تصديرٍ يُسجَّل بالمستخدم والفلاتر  [nav09_map]"
"إدارة الصلاحيات",10.1032.1,"عاشرًا: نراقب الأحداثَ والمهام","ناقلُ الأحداث","صندوق الأحداث الصادر · Governance/bus_outbox.php","ناقلُ الأحداثِ وطابورُ المهامِّ والاستعادةُ لنقطةِ زمن  [GOV-24]","إدارة الصلاحيات","إضافاتُ المالك  [cycle_order]"
"إدارة الصلاحيات",10.1032.2,"عاشرًا: نراقب الأحداثَ والمهام","ناقلُ الأحداث","تسليمات الأحداث وحالاتها · Governance/bus_deliveries.php","ناقلُ الأحداثِ وطابورُ المهامِّ والاستعادةُ لنقطةِ زمن  [GOV-24]","إدارة الصلاحيات","إضافاتُ المالك  [cycle_order]"
"إدارة الصلاحيات",10.1032.3,"عاشرًا: نراقب الأحداثَ والمهام","ناقلُ الأحداث","لوحة الناقل · Governance/bus_board.php","ناقلُ الأحداثِ وطابورُ المهامِّ والاستعادةُ لنقطةِ زمن  [GOV-24]","إدارة الصلاحيات","إضافاتُ المالك  [cycle_order]"
"إدارة الصلاحيات",10.1033.1,"عاشرًا: نراقب الأحداثَ والمهام","طابورُ المهام","طابور المهام · Governance/job_queue.php","ناقلُ الأحداثِ وطابورُ المهامِّ والاستعادةُ لنقطةِ زمن  [GOV-24]","إدارة الصلاحيات","إضافاتُ المالك  [cycle_order]"
"إدارة الصلاحيات",10.1033.2,"عاشرًا: نراقب الأحداثَ والمهام","طابورُ المهام","جدولة المهام الدورية · Governance/job_schedule.php","ناقلُ الأحداثِ وطابورُ المهامِّ والاستعادةُ لنقطةِ زمن  [GOV-24]","إدارة الصلاحيات","إضافاتُ المالك  [cycle_order]"
"إدارة الصلاحيات",10.1034.1,"عاشرًا: نراقب الأحداثَ والمهام",الاستعادة,"الاستعادة ومحضرها · Governance/dr_restore.php","ناقلُ الأحداثِ وطابورُ المهامِّ والاستعادةُ لنقطةِ زمن  [GOV-24]","إدارة الصلاحيات","إضافاتُ المالك  [cycle_order]"
"إدارة الصلاحيات",97.97.1,"إضافاتُ المالك","إضافاتُ المالك","فصل الواجبات المتعارضة · admin/sec_governance.php?view=v001c44","— لا مصدر","إدارة الصلاحيات","فريق العمل  [cycle_order]"
"إدارة الصلاحيات",97.97.2,"إضافاتُ المالك","إضافاتُ المالك","سجل الأمان · Governance/security_log.php","— لا مصدر","إدارة الصلاحيات","فريق العمل  [cycle_order]"
"إدارة الصلاحيات",98.9800.10,"فريق العمل","فريق العمل","إدارة المعاونين · main/project_users.php","— لا مصدر","ادارة الموردين","خارج الوثيقة — بانتظار قرار المالك  [cycle_order]"
"إدارة الصلاحيات",99.9900.50,"خارج الوثيقة — بانتظار قرار المالك","أخرى — للمراجعة","لوحة الإدارة · main/role_board.php","— لا مصدر","إدارة الصلاحيات","نهايةُ دورةِ الإدارة — لا مرحلةَ بعدَها  [cycle_order]"
"إدارة الصلاحيات",99.9900.50,"خارج الوثيقة — بانتظار قرار المالك","أخرى — للمراجعة","ميزانية إدارتي · Finance/budget_form_fin.php","— لا مصدر","إدارة المالية","نهايةُ دورةِ الإدارة — لا مرحلةَ بعدَها  [cycle_order]"
"إدارة المشتريات",—,"(بلا مرحلة)","لوحة الإدارة","مساحة عملي · main/my_workspace.php","— لا مصدر","— لا وحدة","— لا مصدر"
"إدارة المشتريات",0.1.1,"لوحة الإدارة","مساحتي الشخصية","مهامي · Portal/my_tasks.php","requests · tasks · workflow  [nav09_map]","مساحة عملي  [إدارة]","الطلبُ يدخل صندوقَ اعتماد المعنيّ بمساره — ويظهر في «طلباتي» بحالته · المهمةُ تُقفل · والخطوةُ التاليةُ تُفتح لصاحبها · ومهلةُ المسار تُحدَّث · تُصيَّر المكوّناتُ التي منحته إياها الحوكمةُ وحدَها · ومشغّلُ المعدة يرى معدتَه ومشغّلَها الآخر · يُعاد الحسابُ  [nav09_map]"
"إدارة المشتريات",0.1.2,"لوحة الإدارة","مساحتي الشخصية","إنجازي · Portal/my_achievement.php","requests · tasks · workflow  [nav09_map]","إدارة الصلاحيات","الطلبُ يدخل صندوقَ اعتماد المعنيّ بمساره — ويظهر في «طلباتي» بحالته · المهمةُ تُقفل · والخطوةُ التاليةُ تُفتح لصاحبها · ومهلةُ المسار تُحدَّث · تُصيَّر المكوّناتُ التي منحته إياها الحوكمةُ وحدَها · ومشغّلُ المعدة يرى معدتَه ومشغّلَها الآخر · يُعاد الحسابُ  [nav09_map]"
"إدارة المشتريات",0.1.3,"لوحة الإدارة","مساحتي الشخصية","بوابتي · Portal/my_portal.php","requests · tasks · workflow  [nav09_map]","إدارة الصلاحيات","الطلبُ يدخل صندوقَ اعتماد المعنيّ بمساره — ويظهر في «طلباتي» بحالته · المهمةُ تُقفل · والخطوةُ التاليةُ تُفتح لصاحبها · ومهلةُ المسار تُحدَّث · تُصيَّر المكوّناتُ التي منحته إياها الحوكمةُ وحدَها · ومشغّلُ المعدة يرى معدتَه ومشغّلَها الآخر · يُعاد الحسابُ  [nav09_map]"
"إدارة المشتريات",0.1.4,"لوحة الإدارة","مساحتي الشخصية","طلباتي · FinRequests/my_requests.php","requests · tasks · workflow  [nav09_map]","ادارة الصيانة","الطلبُ يدخل صندوقَ اعتماد المعنيّ بمساره — ويظهر في «طلباتي» بحالته · المهمةُ تُقفل · والخطوةُ التاليةُ تُفتح لصاحبها · ومهلةُ المسار تُحدَّث · تُصيَّر المكوّناتُ التي منحته إياها الحوكمةُ وحدَها · ومشغّلُ المعدة يرى معدتَه ومشغّلَها الآخر · يُعاد الحسابُ  [nav09_map]"
"إدارة المشتريات",0.1.5,"لوحة الإدارة","مساحتي الشخصية","المراسلات · chats/index.php","requests · tasks · workflow  [nav09_map]","— لا وحدة","الطلبُ يدخل صندوقَ اعتماد المعنيّ بمساره — ويظهر في «طلباتي» بحالته · المهمةُ تُقفل · والخطوةُ التاليةُ تُفتح لصاحبها · ومهلةُ المسار تُحدَّث · تُصيَّر المكوّناتُ التي منحته إياها الحوكمةُ وحدَها · ومشغّلُ المعدة يرى معدتَه ومشغّلَها الآخر · يُعاد الحسابُ  [nav09_map]"
"إدارة المشتريات",1.102.6,"أولًا: استقبال الاحتياج",الطلبات,"طلبات الشراء · Procurement/requests_proc.php","— لا مصدر","إدارة المشتريات","ثانيًا: العروض والترسية  [cycle_order]"
"إدارة المشتريات",1.103.7,"أولًا: استقبال الاحتياج","المخزون وحد الطلب","أرصدة المخزون بحالاتها · Procurement/stock_proc.php","— لا مصدر","إدارة المشتريات","ثانيًا: العروض والترسية  [cycle_order]"
"إدارة المشتريات",1.103.8,"أولًا: استقبال الاحتياج","المخزون وحد الطلب","كتالوج الأصناف والقطع الحرجة · Procurement/items_proc.php","— لا مصدر","إدارة المشتريات","ثانيًا: العروض والترسية  [cycle_order]"
"إدارة المشتريات",2.204.9,"ثانيًا: العروض والترسية","طلب العروض والمقارنة","طلب العروض ومقارنتها · Procurement/rfq_compare_award.php","rfq_awards · supplier_rfqs · supplier_ratings · suppliers.state · docs  [nav09_map]","— لا وحدة","التقييمُ يؤثر في الترسية القادمة · والمتدنّي يُقيَّد أو يُعلَّق · الحارسُ يفحص الوثائقَ السارية · ويصير قابلًا للتعاقد والتخصيص · ترسيةٌ واحدةٌ لكلِّ بندٍ بسببٍ موثَّقٍ — ومسارُ كتابةٍ واحدٌ على الجدول  [nav09_map]"
"إدارة المشتريات",2.205.10,"ثانيًا: العروض والترسية",الموردون,"سجل الموردين · Suppliers/suppliers.php","rfq_awards · supplier_rfqs · supplier_ratings · suppliers.state · docs  [nav09_map]","ادارة الموردين","التقييمُ يؤثر في الترسية القادمة · والمتدنّي يُقيَّد أو يُعلَّق · الحارسُ يفحص الوثائقَ السارية · ويصير قابلًا للتعاقد والتخصيص · ترسيةٌ واحدةٌ لكلِّ بندٍ بسببٍ موثَّقٍ — ومسارُ كتابةٍ واحدٌ على الجدول  [nav09_map]"
"إدارة المشتريات",3.306.11,"ثالثًا: أمر الشراء",الأوامر,"أوامر الشراء · Procurement/orders_proc.php","— لا مصدر","إدارة المشتريات","رابعًا: الاستلام والمطابقة  [cycle_order]"
"إدارة المشتريات",4.407.12,"رابعًا: الاستلام والمطابقة",الاستلام,"الاستلام المؤقت قبل الإدخال · Procurement/wh_receipt.php","match_exceptions · receipt_custody  [nav09_map]","أمين المستودع","الدفعُ يتوقف حتى تفسير الفرق · والفرقُ يُصنَّف: كميةً أو سعرًا أو صنفًا · المادةُ في عهدة المستلم حتى الوجهة · ولا تدخل الرصيدَ المتاح  [nav09_map]"
"إدارة المشتريات",4.408.13,"رابعًا: الاستلام والمطابقة",المطابقة,"مطابقة الفاتورة بالأمر والاستلام · Procurement/po_match.php","match_exceptions · receipt_custody  [nav09_map]","إدارة المشتريات","الدفعُ يتوقف حتى تفسير الفرق · والفرقُ يُصنَّف: كميةً أو سعرًا أو صنفًا · المادةُ في عهدة المستلم حتى الوجهة · ولا تدخل الرصيدَ المتاح  [nav09_map]"
"إدارة المشتريات",4.409.14,"رابعًا: الاستلام والمطابقة","طلب الدفع","طلبات الدفع والسداد · Finance/payments_fin.php","match_exceptions · receipt_custody  [nav09_map]","إدارة المالية","الدفعُ يتوقف حتى تفسير الفرق · والفرقُ يُصنَّف: كميةً أو سعرًا أو صنفًا · المادةُ في عهدة المستلم حتى الوجهة · ولا تدخل الرصيدَ المتاح  [nav09_map]"
"إدارة المشتريات",5.510.15,"متابعة المشتريات","المتابعة والبلاغات","بلاغات إدارتي · Tickets/dept_inbox.php","approvals · approvals · audit · approvals · reasons  [nav09_map]","إدارة البلاغات","المستندُ يعود قابلًا للتعديل · والمهلةُ تتوقف حتى إعادة الرفع · المستندُ يعود لمُنشئه بسببٍ من قائمةٍ محكومة — ويُقاس السببُ في تحليل الاختناقات · المستندُ ينتقل · والتوقيعُ يُسجَّل بمرجع التفويض  [nav09_map]"
"إدارة المشتريات",5.510.16,"متابعة المشتريات","المتابعة والبلاغات","أبلغ عن مشكلة من هذه الشاشة · Tickets/ticket_contextual_open.php","approvals · approvals · audit · approvals · reasons  [nav09_map]","— لا وحدة","المستندُ يعود قابلًا للتعديل · والمهلةُ تتوقف حتى إعادة الرفع · المستندُ يعود لمُنشئه بسببٍ من قائمةٍ محكومة — ويُقاس السببُ في تحليل الاختناقات · المستندُ ينتقل · والتوقيعُ يُسجَّل بمرجع التفويض  [nav09_map]"
"إدارة المشتريات",5.510.17,"متابعة المشتريات","المتابعة والبلاغات","صندوق ما ينتظر اعتمادي · Finance/approvals_inbox.php","approvals · approvals · audit · approvals · reasons  [nav09_map]","إدارة المالية","المستندُ يعود قابلًا للتعديل · والمهلةُ تتوقف حتى إعادة الرفع · المستندُ يعود لمُنشئه بسببٍ من قائمةٍ محكومة — ويُقاس السببُ في تحليل الاختناقات · المستندُ ينتقل · والتوقيعُ يُسجَّل بمرجع التفويض  [nav09_map]"
"إدارة المشتريات",6.611.18,"سجلات وتقارير المشتريات","الأصناف والموردون","كتالوج الأصناف والقطع الحرجة · Procurement/items_proc.php#2","budget_change_requests · export_log  [nav09_map]","إدارة المشتريات","الطلبُ يدخل سلّمَ الاعتماد ببيان أثره — ولا يُعدَّل السقفُ قبل الاعتماد · الملفُّ يُصدَّر بنطاق المستخدم وحدَه · وكلُّ تصديرٍ يُسجَّل بالمستخدم والفلاتر  [nav09_map]"
"إدارة المشتريات",6.611.19,"سجلات وتقارير المشتريات","الأصناف والموردون","سجل الموردين · Suppliers/suppliers.php#2","budget_change_requests · export_log  [nav09_map]","ادارة الموردين","الطلبُ يدخل سلّمَ الاعتماد ببيان أثره — ولا يُعدَّل السقفُ قبل الاعتماد · الملفُّ يُصدَّر بنطاق المستخدم وحدَه · وكلُّ تصديرٍ يُسجَّل بالمستخدم والفلاتر  [nav09_map]"
"إدارة المشتريات",6.612.20,"سجلات وتقارير المشتريات","الميزانية والإنجاز","ميزانية إدارتي · Finance/budget_dept.php","budget_change_requests · export_log  [nav09_map]","إدارة المالية","الطلبُ يدخل سلّمَ الاعتماد ببيان أثره — ولا يُعدَّل السقفُ قبل الاعتماد · الملفُّ يُصدَّر بنطاق المستخدم وحدَه · وكلُّ تصديرٍ يُسجَّل بالمستخدم والفلاتر  [nav09_map]"
"إدارة المشتريات",6.612.21,"سجلات وتقارير المشتريات","الميزانية والإنجاز","إنجاز الإدارة · Portal/dept_achievement.php","budget_change_requests · export_log  [nav09_map]","إدارة الصلاحيات","الطلبُ يدخل سلّمَ الاعتماد ببيان أثره — ولا يُعدَّل السقفُ قبل الاعتماد · الملفُّ يُصدَّر بنطاق المستخدم وحدَه · وكلُّ تصديرٍ يُسجَّل بالمستخدم والفلاتر  [nav09_map]"
"إدارة المشتريات",6.612.22,"سجلات وتقارير المشتريات","الميزانية والإنجاز","مركز التقارير · emsreports/index.php","budget_change_requests · export_log  [nav09_map]","إدارة الصلاحيات","الطلبُ يدخل سلّمَ الاعتماد ببيان أثره — ولا يُعدَّل السقفُ قبل الاعتماد · الملفُّ يُصدَّر بنطاق المستخدم وحدَه · وكلُّ تصديرٍ يُسجَّل بالمستخدم والفلاتر  [nav09_map]"
"إدارة المشتريات",98.9800.10,"فريق العمل","فريق العمل","إدارة المعاونين · main/project_users.php","— لا مصدر","ادارة الموردين","خارج الوثيقة — بانتظار قرار المالك  [cycle_order]"
"إدارة المشتريات",99.9900.50,"خارج الوثيقة — بانتظار قرار المالك","أخرى — للمراجعة","لوحة الإدارة · Procurement/dashboard_proc.php","— لا مصدر","إدارة المشتريات","نهايةُ دورةِ الإدارة — لا مرحلةَ بعدَها  [cycle_order]"
"إدارة المشتريات",99.9900.50,"خارج الوثيقة — بانتظار قرار المالك","أخرى — للمراجعة","الاستلام المؤقت · Procurement/receipt_custody_proc.php","— لا مصدر","إدارة المشتريات","نهايةُ دورةِ الإدارة — لا مرحلةَ بعدَها  [cycle_order]"
"إدارة المشتريات",99.9900.50,"خارج الوثيقة — بانتظار قرار المالك","أخرى — للمراجعة","صرف المخزون والعهدة · Procurement/issue_proc.php","— لا مصدر","إدارة المشتريات","نهايةُ دورةِ الإدارة — لا مرحلةَ بعدَها  [cycle_order]"
"إدارة المشتريات",99.9900.50,"خارج الوثيقة — بانتظار قرار المالك","أخرى — للمراجعة","حدود إعادة الطلب · Procurement/reordering_proc.php","— لا مصدر","إدارة المشتريات","نهايةُ دورةِ الإدارة — لا مرحلةَ بعدَها  [cycle_order]"
"إدارة المشتريات",99.9900.50,"خارج الوثيقة — بانتظار قرار المالك","أخرى — للمراجعة","موردو المشتريات · Procurement/suppliers_proc.php","— لا مصدر","إدارة المشتريات","نهايةُ دورةِ الإدارة — لا مرحلةَ بعدَها  [cycle_order]"
"إدارة المشتريات",99.9900.50,"خارج الوثيقة — بانتظار قرار المالك","أخرى — للمراجعة","البيانات المرجعية · Procurement/master_data_proc.php","— لا مصدر","إدارة المشتريات","نهايةُ دورةِ الإدارة — لا مرحلةَ بعدَها  [cycle_order]"
"إدارة المشتريات",99.9900.50,"خارج الوثيقة — بانتظار قرار المالك","أخرى — للمراجعة","سجل الأحداث المالية · Finance/events_list_fin.php","— لا مصدر","إدارة المالية","نهايةُ دورةِ الإدارة — لا مرحلةَ بعدَها  [cycle_order]"
"إدارة المشتريات",99.9900.50,"خارج الوثيقة — بانتظار قرار المالك","أخرى — للمراجعة","ميزانية إدارتي · Finance/budget_form_fin.php","— لا مصدر","إدارة المالية","نهايةُ دورةِ الإدارة — لا مرحلةَ بعدَها  [cycle_order]"
"إدارة المشتريات",99.9900.50,"خارج الوثيقة — بانتظار قرار المالك","أخرى — للمراجعة","طلبات عروض الموردين · Suppliers/rfq_requests.php","— لا مصدر","ادارة الموردين","نهايةُ دورةِ الإدارة — لا مرحلةَ بعدَها  [cycle_order]"
"إدارة المشتريات",99.9900.99,"خارج الوثيقة — بانتظار قرار المالك","أخرى — للمراجعة","مساحة مخاطر الإدارة · Risk/dept_risk_space.php","— لا مصدر","إدارة المخاطر","نهايةُ دورةِ الإدارة — لا مرحلةَ بعدَها  [cycle_order]"
"إدارة المالية",—,"(بلا مرحلة)","لوحة الإدارة","مساحة عملي · main/my_workspace.php","— لا مصدر","— لا وحدة","— لا مصدر"
"إدارة المالية",—,"(بلا مرحلة)","العمل اليومي","موافقات إدارتي · FinRequests/dept_inbox.php","— لا مصدر","ادارة الصيانة","— لا مصدر"
"إدارة المالية",—,"(بلا مرحلة)","الإغلاق والتسوية","الميزانية والانحراف · Finance/budget_form_fin.php","— لا مصدر","إدارة المالية","— لا مصدر"
"إدارة المالية",0.1.1,"لوحة الإدارة","مساحتي الشخصية","مهامي · Portal/my_tasks.php","requests · tasks · workflow  [nav09_map]","مساحة عملي  [إدارة]","الطلبُ يدخل صندوقَ اعتماد المعنيّ بمساره — ويظهر في «طلباتي» بحالته · المهمةُ تُقفل · والخطوةُ التاليةُ تُفتح لصاحبها · ومهلةُ المسار تُحدَّث · تُصيَّر المكوّناتُ التي منحته إياها الحوكمةُ وحدَها · ومشغّلُ المعدة يرى معدتَه ومشغّلَها الآخر · يُعاد الحسابُ  [nav09_map]"
"إدارة المالية",0.1.2,"لوحة الإدارة","مساحتي الشخصية","إنجازي · Portal/my_achievement.php","requests · tasks · workflow  [nav09_map]","إدارة الصلاحيات","الطلبُ يدخل صندوقَ اعتماد المعنيّ بمساره — ويظهر في «طلباتي» بحالته · المهمةُ تُقفل · والخطوةُ التاليةُ تُفتح لصاحبها · ومهلةُ المسار تُحدَّث · تُصيَّر المكوّناتُ التي منحته إياها الحوكمةُ وحدَها · ومشغّلُ المعدة يرى معدتَه ومشغّلَها الآخر · يُعاد الحسابُ  [nav09_map]"
"إدارة المالية",0.1.3,"لوحة الإدارة","مساحتي الشخصية","بوابتي · Portal/my_portal.php","requests · tasks · workflow  [nav09_map]","إدارة الصلاحيات","الطلبُ يدخل صندوقَ اعتماد المعنيّ بمساره — ويظهر في «طلباتي» بحالته · المهمةُ تُقفل · والخطوةُ التاليةُ تُفتح لصاحبها · ومهلةُ المسار تُحدَّث · تُصيَّر المكوّناتُ التي منحته إياها الحوكمةُ وحدَها · ومشغّلُ المعدة يرى معدتَه ومشغّلَها الآخر · يُعاد الحسابُ  [nav09_map]"
"إدارة المالية",0.1.4,"لوحة الإدارة","مساحتي الشخصية","طلباتي · FinRequests/my_requests.php","requests · tasks · workflow  [nav09_map]","ادارة الصيانة","الطلبُ يدخل صندوقَ اعتماد المعنيّ بمساره — ويظهر في «طلباتي» بحالته · المهمةُ تُقفل · والخطوةُ التاليةُ تُفتح لصاحبها · ومهلةُ المسار تُحدَّث · تُصيَّر المكوّناتُ التي منحته إياها الحوكمةُ وحدَها · ومشغّلُ المعدة يرى معدتَه ومشغّلَها الآخر · يُعاد الحسابُ  [nav09_map]"
"إدارة المالية",0.1.5,"لوحة الإدارة","مساحتي الشخصية","المراسلات · chats/index.php","requests · tasks · workflow  [nav09_map]","— لا وحدة","الطلبُ يدخل صندوقَ اعتماد المعنيّ بمساره — ويظهر في «طلباتي» بحالته · المهمةُ تُقفل · والخطوةُ التاليةُ تُفتح لصاحبها · ومهلةُ المسار تُحدَّث · تُصيَّر المكوّناتُ التي منحته إياها الحوكمةُ وحدَها · ومشغّلُ المعدة يرى معدتَه ومشغّلَها الآخر · يُعاد الحسابُ  [nav09_map]"
"إدارة المالية",1.102.6,"أولًا: تحويل العمل إلى مستحق","بوابة الاستحقاق","فحص شروط الاستحقاق · Finance/entitlement_gate.php","approval_chain · approval_chain · attribution · approvals · approvals · audit · approvals · reasons · entitlement_gate · fin_events · fin_events · fin_events · receivables · payables · meter_readings · period_close · locks · unit_effects · ems_business_ev  [nav09_map]","إدارة المالية","إيرادُ العميل وذمةُ المورد وأجرُ المشغّل تتولد بأحكامٍ ثلاثةٍ مستقلة · وخطةُ العقد تُحدَّث · والإهلاكُ يُحتسب · إيرادُ العميل وذمةُ المورد وأجرُ المشغّل تتولد من واقعةٍ واحدةٍ بأحكامٍ ثلاثةٍ مستقلة — ولا أثرَ قبل هذه اللحظة · الأثرُ يُنقل إلى «مردود» بسبب  [nav09_map]"
"إدارة المالية",1.103.7,"أولًا: تحويل العمل إلى مستحق","أحكام الأطراف","توليد المستحق من العمل المعتمد · Finance/entitlement.php","approval_chain · approval_chain · attribution · approvals · approvals · audit · approvals · reasons · entitlement_gate · fin_events · fin_events · fin_events · receivables · payables · meter_readings · period_close · locks · unit_effects · ems_business_ev  [nav09_map]","إدارة المالية","إيرادُ العميل وذمةُ المورد وأجرُ المشغّل تتولد بأحكامٍ ثلاثةٍ مستقلة · وخطةُ العقد تُحدَّث · والإهلاكُ يُحتسب · إيرادُ العميل وذمةُ المورد وأجرُ المشغّل تتولد من واقعةٍ واحدةٍ بأحكامٍ ثلاثةٍ مستقلة — ولا أثرَ قبل هذه اللحظة · الأثرُ يُنقل إلى «مردود» بسبب  [nav09_map]"
"إدارة المالية",1.104.8,"أولًا: تحويل العمل إلى مستحق","الإقفال والوحدات","الإقفال الشهري للوحدة · Operations/monthly_close.php","approval_chain · approval_chain · attribution · approvals · approvals · audit · approvals · reasons · entitlement_gate · fin_events · fin_events · fin_events · receivables · payables · meter_readings · period_close · locks · unit_effects · ems_business_ev  [nav09_map]","ادارة التشغيل","إيرادُ العميل وذمةُ المورد وأجرُ المشغّل تتولد بأحكامٍ ثلاثةٍ مستقلة · وخطةُ العقد تُحدَّث · والإهلاكُ يُحتسب · إيرادُ العميل وذمةُ المورد وأجرُ المشغّل تتولد من واقعةٍ واحدةٍ بأحكامٍ ثلاثةٍ مستقلة — ولا أثرَ قبل هذه اللحظة · الأثرُ يُنقل إلى «مردود» بسبب  [nav09_map]"
"إدارة المالية",1.104.9,"أولًا: تحويل العمل إلى مستحق","الإقفال والوحدات","تسجيل التايم شيت والإنتاج · Timesheet/timesheet.php","approval_chain · approval_chain · attribution · approvals · approvals · audit · approvals · reasons · entitlement_gate · fin_events · fin_events · fin_events · receivables · payables · meter_readings · period_close · locks · unit_effects · ems_business_ev  [nav09_map]","إدارة الموقع","إيرادُ العميل وذمةُ المورد وأجرُ المشغّل تتولد بأحكامٍ ثلاثةٍ مستقلة · وخطةُ العقد تُحدَّث · والإهلاكُ يُحتسب · إيرادُ العميل وذمةُ المورد وأجرُ المشغّل تتولد من واقعةٍ واحدةٍ بأحكامٍ ثلاثةٍ مستقلة — ولا أثرَ قبل هذه اللحظة · الأثرُ يُنقل إلى «مردود» بسبب  [nav09_map]"
"إدارة المالية",1.105.10,"أولًا: تحويل العمل إلى مستحق","صندوق الاعتماد","صندوق ما ينتظر اعتمادي · Finance/approvals_inbox.php","approval_chain · approval_chain · attribution · approvals · approvals · audit · approvals · reasons · entitlement_gate · fin_events · fin_events · fin_events · receivables · payables · meter_readings · period_close · locks · unit_effects · ems_business_ev  [nav09_map]","إدارة المالية","إيرادُ العميل وذمةُ المورد وأجرُ المشغّل تتولد بأحكامٍ ثلاثةٍ مستقلة · وخطةُ العقد تُحدَّث · والإهلاكُ يُحتسب · إيرادُ العميل وذمةُ المورد وأجرُ المشغّل تتولد من واقعةٍ واحدةٍ بأحكامٍ ثلاثةٍ مستقلة — ولا أثرَ قبل هذه اللحظة · الأثرُ يُنقل إلى «مردود» بسبب  [nav09_map]"
"إدارة المالية",2.206.11,"ثانيًا: الإيراد والفوترة","المستخلصات والفواتير","المستخلصات والمطالبات · Contracts/claims.php","حالةُ الوحدةِ «معتمدةٌ يوميًّا»  [LAD-01]","ادارة المبيعات","الالتزامُ الضريبيُّ يُقيَّد · والفاتورةُ تُقفل ضريبيًّا · ولا تُعدَّل بعده · الحاويةُ الرئيسية تُولَّد · والتغطيةُ تُفتح للتخصيص · وخطةُ الدفع تدخل التدفق · الفاتورةُ تُفتح · والذمةُ المدينةُ تُسجَّل · ومهلةُ السداد تبدأ · الوحداتُ المعتمدةُ تُدرج بأسعار   [nav09_map]"
"إدارة المالية",2.206.12,"ثانيًا: الإيراد والفوترة","المستخلصات والفواتير","فواتير العملاء · Contracts/tax_invoices.php","حالةُ الوحدةِ «معتمدةٌ يوميًّا»  [LAD-01]","ادارة المبيعات","الالتزامُ الضريبيُّ يُقيَّد · والفاتورةُ تُقفل ضريبيًّا · ولا تُعدَّل بعده · الحاويةُ الرئيسية تُولَّد · والتغطيةُ تُفتح للتخصيص · وخطةُ الدفع تدخل التدفق · الفاتورةُ تُفتح · والذمةُ المدينةُ تُسجَّل · ومهلةُ السداد تبدأ · الوحداتُ المعتمدةُ تُدرج بأسعار   [nav09_map]"
"إدارة المالية",2.207.13,"ثانيًا: الإيراد والفوترة","الذمم المدينة","ذمم العملاء وأعمارها · Contracts/collections.php","حالةُ الوحدةِ «معتمدةٌ يوميًّا»  [LAD-01]","إدارة المالية","الالتزامُ الضريبيُّ يُقيَّد · والفاتورةُ تُقفل ضريبيًّا · ولا تُعدَّل بعده · الحاويةُ الرئيسية تُولَّد · والتغطيةُ تُفتح للتخصيص · وخطةُ الدفع تدخل التدفق · الفاتورةُ تُفتح · والذمةُ المدينةُ تُسجَّل · ومهلةُ السداد تبدأ · الوحداتُ المعتمدةُ تُدرج بأسعار   [nav09_map]"
"إدارة المالية",2.208.14,"ثانيًا: الإيراد والفوترة","العقود وأحكامها","عقود العملاء · Contracts/contracts.php","حالةُ الوحدةِ «معتمدةٌ يوميًّا»  [LAD-01]","ادارة التشغيل","الالتزامُ الضريبيُّ يُقيَّد · والفاتورةُ تُقفل ضريبيًّا · ولا تُعدَّل بعده · الحاويةُ الرئيسية تُولَّد · والتغطيةُ تُفتح للتخصيص · وخطةُ الدفع تدخل التدفق · الفاتورةُ تُفتح · والذمةُ المدينةُ تُسجَّل · ومهلةُ السداد تبدأ · الوحداتُ المعتمدةُ تُدرج بأسعار   [nav09_map]"
"إدارة المالية",2.208.15,"ثانيًا: الإيراد والفوترة","العقود وأحكامها","أحكام العقد — العملات والمقدم والمهل · Contracts/contract_card.php","حالةُ الوحدةِ «معتمدةٌ يوميًّا»  [LAD-01]","ادارة المبيعات","الالتزامُ الضريبيُّ يُقيَّد · والفاتورةُ تُقفل ضريبيًّا · ولا تُعدَّل بعده · الحاويةُ الرئيسية تُولَّد · والتغطيةُ تُفتح للتخصيص · وخطةُ الدفع تدخل التدفق · الفاتورةُ تُفتح · والذمةُ المدينةُ تُسجَّل · ومهلةُ السداد تبدأ · الوحداتُ المعتمدةُ تُدرج بأسعار   [nav09_map]"
"إدارة المالية",3.309.16,"ثالثًا: المصروف والدفع","طلبات الدفع","طلبات الدفع والسداد · Finance/payments_fin.php","حالةُ المطابقةِ + فتحُ اعتمادِ الموردين  [LAD-01]","إدارة المالية","التسوياتُ الأربعُ بمستندٍ إلزاميٍّ (chk_settle_adj_doc) — وF-07/F-08 يُحسبان بقادحٍ لا يُدخَلان  [nav09_map]"
"إدارة المالية",3.310.17,"ثالثًا: المصروف والدفع","الذمم الدائنة","ذمم الموردين والمستحقات · Finance/dues_fin.php","حالةُ المطابقةِ + فتحُ اعتمادِ الموردين  [LAD-01]","إدارة المالية","التسوياتُ الأربعُ بمستندٍ إلزاميٍّ (chk_settle_adj_doc) — وF-07/F-08 يُحسبان بقادحٍ لا يُدخَلان  [nav09_map]"
"إدارة المالية",3.311.18,"ثالثًا: المصروف والدفع","تسويات الموردين","تسويات ومستحقات الموردين · Suppliers/settlements.php","حالةُ المطابقةِ + فتحُ اعتمادِ الموردين  [LAD-01]","ادارة الموردين","التسوياتُ الأربعُ بمستندٍ إلزاميٍّ (chk_settle_adj_doc) — وF-07/F-08 يُحسبان بقادحٍ لا يُدخَلان  [nav09_map]"
"إدارة المالية",3.311.19,"ثالثًا: المصروف والدفع","تسويات الموردين","كشف حساب المورد الشهري · Finance/supplier_statement_fin.php","حالةُ المطابقةِ + فتحُ اعتمادِ الموردين  [LAD-01]","إدارة المالية","التسوياتُ الأربعُ بمستندٍ إلزاميٍّ (chk_settle_adj_doc) — وF-07/F-08 يُحسبان بقادحٍ لا يُدخَلان  [nav09_map]"
"إدارة المالية",3.312.20,"ثالثًا: المصروف والدفع",المسيّر,"مسيّر الرواتب · Workforce/payroll_runs.php","حالةُ المطابقةِ + فتحُ اعتمادِ الموردين  [LAD-01]","ادارة الموارد البشرية","التسوياتُ الأربعُ بمستندٍ إلزاميٍّ (chk_settle_adj_doc) — وF-07/F-08 يُحسبان بقادحٍ لا يُدخَلان  [nav09_map]"
"إدارة المالية",4.413.21,"رابعًا: التكلفة والتحميل","الصيانة والمخزون","أوامر الصيانة · Maintenance/orders.php","transfer_orders · transfer_events · transfer_cost_lines · work_orders · cost_alloc · work_orders · downtime  [nav09_map]","ادارة الصيانة","إقفالٌ بتكلفةٍ محمَّلةٍ على المشروع — مرفوضٌ بلا مستندِ تسليمٍ مخزَّن · التكلفةُ تُحمَّل · وزمنُ التوقف يُثبَّت · والكرتُ يُحدَّث · والجاهزيةُ تُطلب · زمنُ التوقف يبدأ «تحت التحقق» · والمتحمّلُ مبدئيٌّ · والمعدةُ غيرُ متاحة  [nav09_map]"
"إدارة المالية",4.413.22,"رابعًا: التكلفة والتحميل","الصيانة والمخزون","صرف مواد من المخزن · Procurement/issue_proc.php","transfer_orders · transfer_events · transfer_cost_lines · work_orders · cost_alloc · work_orders · downtime  [nav09_map]","إدارة المشتريات","إقفالٌ بتكلفةٍ محمَّلةٍ على المشروع — مرفوضٌ بلا مستندِ تسليمٍ مخزَّن · التكلفةُ تُحمَّل · وزمنُ التوقف يُثبَّت · والكرتُ يُحدَّث · والجاهزيةُ تُطلب · زمنُ التوقف يبدأ «تحت التحقق» · والمتحمّلُ مبدئيٌّ · والمعدةُ غيرُ متاحة  [nav09_map]"
"إدارة المالية",4.413.23,"رابعًا: التكلفة والتحميل","الصيانة والمخزون","أرصدة المخزون بحالاتها · Procurement/stock_proc.php","transfer_orders · transfer_events · transfer_cost_lines · work_orders · cost_alloc · work_orders · downtime  [nav09_map]","إدارة المشتريات","إقفالٌ بتكلفةٍ محمَّلةٍ على المشروع — مرفوضٌ بلا مستندِ تسليمٍ مخزَّن · التكلفةُ تُحمَّل · وزمنُ التوقف يُثبَّت · والكرتُ يُحدَّث · والجاهزيةُ تُطلب · زمنُ التوقف يبدأ «تحت التحقق» · والمتحمّلُ مبدئيٌّ · والمعدةُ غيرُ متاحة  [nav09_map]"
"إدارة المالية",4.414.24,"رابعًا: التكلفة والتحميل",الترحيل,"إقفال الأمر وتحميل تكلفته · Transport/transfer_close_cost.php","transfer_orders · transfer_events · transfer_cost_lines · work_orders · cost_alloc · work_orders · downtime  [nav09_map]","إدارة النقل والترحيل","إقفالٌ بتكلفةٍ محمَّلةٍ على المشروع — مرفوضٌ بلا مستندِ تسليمٍ مخزَّن · التكلفةُ تُحمَّل · وزمنُ التوقف يُثبَّت · والكرتُ يُحدَّث · والجاهزيةُ تُطلب · زمنُ التوقف يبدأ «تحت التحقق» · والمتحمّلُ مبدئيٌّ · والمعدةُ غيرُ متاحة  [nav09_map]"
"إدارة المالية",4.415.25,"رابعًا: التكلفة والتحميل","تكلفة التمويل","توزيع تكلفة التمويل على المشاريع · Financing/cost_allocation.php","transfer_orders · transfer_events · transfer_cost_lines · work_orders · cost_alloc · work_orders · downtime  [nav09_map]","إدارة التمويل","إقفالٌ بتكلفةٍ محمَّلةٍ على المشروع — مرفوضٌ بلا مستندِ تسليمٍ مخزَّن · التكلفةُ تُحمَّل · وزمنُ التوقف يُثبَّت · والكرتُ يُحدَّث · والجاهزيةُ تُطلب · زمنُ التوقف يبدأ «تحت التحقق» · والمتحمّلُ مبدئيٌّ · والمعدةُ غيرُ متاحة  [nav09_map]"
"إدارة المالية",4.416.26,"رابعًا: التكلفة والتحميل",الإهلاك,"الإهلاك والقيمة الدفترية · Finance/assets_fin.php","transfer_orders · transfer_events · transfer_cost_lines · work_orders · cost_alloc · work_orders · downtime  [nav09_map]","إدارة المالية","إقفالٌ بتكلفةٍ محمَّلةٍ على المشروع — مرفوضٌ بلا مستندِ تسليمٍ مخزَّن · التكلفةُ تُحمَّل · وزمنُ التوقف يُثبَّت · والكرتُ يُحدَّث · والجاهزيةُ تُطلب · زمنُ التوقف يبدأ «تحت التحقق» · والمتحمّلُ مبدئيٌّ · والمعدةُ غيرُ متاحة  [nav09_map]"
"إدارة المالية",5.517.27,"خامسًا: الخزينة والمطابقة",الخزينة,"الخزينة والصناديق · Finance/accounts_fin.php","حصةُ الموردِ مستهلَكةٌ باللقطة  [LAD-01]","إدارة المالية","سادسًا: القيود والدفاتر  [cycle_order]"
"إدارة المالية",5.518.28,"خامسًا: الخزينة والمطابقة","المطابقة البنكية","المطابقة البنكية · Finance/bank_reconciliation_fin.php","حصةُ الموردِ مستهلَكةٌ باللقطة  [LAD-01]","إدارة المالية","سادسًا: القيود والدفاتر  [cycle_order]"
"إدارة المالية",5.519.29,"خامسًا: الخزينة والمطابقة","أسعار الصرف","أسعار الصرف · Finance/currencies_fin.php","حصةُ الموردِ مستهلَكةٌ باللقطة  [LAD-01]","إدارة المالية","سادسًا: القيود والدفاتر  [cycle_order]"
"إدارة المالية",5.520.30,"خامسًا: الخزينة والمطابقة","التدفق النقدي","التدفق النقدي والتنبؤ · Finance/cash_forecast_fin.php","حصةُ الموردِ مستهلَكةٌ باللقطة  [LAD-01]","إدارة المالية","سادسًا: القيود والدفاتر  [cycle_order]"
"إدارة المالية",6.621.31,"سادسًا: القيود والدفاتر","مكتب المحاسب","مهام المحاسب اليومية · FinRequests/accountant_desk.php","استحقاقُ المشغّلِ مفتوح  [LAD-01]","محاسب الإدارة المالية","القيدُ يُرفع للمراجعة قبل النشر — ولا ينشر المحاسبُ قيدَه  [nav09_map]"
"إدارة المالية",6.622.32,"سادسًا: القيود والدفاتر",القيود,"القيود اليومية · Finance/journal_form_fin.php","استحقاقُ المشغّلِ مفتوح  [LAD-01]","إدارة المالية","القيدُ يُرفع للمراجعة قبل النشر — ولا ينشر المحاسبُ قيدَه  [nav09_map]"
"إدارة المالية",6.623.33,"سادسًا: القيود والدفاتر","دليل الحسابات","دليل الحسابات ومراكز التكلفة · Finance/management_accounting_fin.php","استحقاقُ المشغّلِ مفتوح  [LAD-01]","إدارة المالية","القيدُ يُرفع للمراجعة قبل النشر — ولا ينشر المحاسبُ قيدَه  [nav09_map]"
"إدارة المالية",6.624.34,"سادسًا: القيود والدفاتر","الضرائب والإقرارات","الفاتورة الضريبية والإقرارات · Contracts/tax_invoices.php#2","استحقاقُ المشغّلِ مفتوح  [LAD-01]","ادارة المبيعات","القيدُ يُرفع للمراجعة قبل النشر — ولا ينشر المحاسبُ قيدَه  [nav09_map]"
"إدارة المالية",7.725.35,"سابعًا: الإقفال والموازنة","إقفال الفترة","إقفال الفترة المحاسبية · Finance/periods_fin.php","الواقعةُ مؤهَّلةٌ للفوترة  [LAD-01]","إدارة المالية","الطلبُ يدخل سلّمَ الاعتماد ببيان أثره — ولا يُعدَّل السقفُ قبل الاعتماد · المتاحُ ينخفض قبل الصرف · وتجاوزُ السقف يوقف الطلبَ حتى الاعتماد · سقفُ كل إدارةٍ يُثبَّت · وطلباتُ الصرف تُفحص عليه · والتجاوزُ يُوقف حتى الاعتماد  [nav09_map]"
"إدارة المالية",7.726.36,"سابعًا: الإقفال والموازنة",الموازنة,"الموازنة العامة · Finance/budget_master.php","الواقعةُ مؤهَّلةٌ للفوترة  [LAD-01]","إدارة المالية","الطلبُ يدخل سلّمَ الاعتماد ببيان أثره — ولا يُعدَّل السقفُ قبل الاعتماد · المتاحُ ينخفض قبل الصرف · وتجاوزُ السقف يوقف الطلبَ حتى الاعتماد · سقفُ كل إدارةٍ يُثبَّت · وطلباتُ الصرف تُفحص عليه · والتجاوزُ يُوقف حتى الاعتماد  [nav09_map]"
"إدارة المالية",7.726.37,"سابعًا: الإقفال والموازنة",الموازنة,"ميزانية إدارتي · Finance/budget_dept.php","الواقعةُ مؤهَّلةٌ للفوترة  [LAD-01]","إدارة المالية","الطلبُ يدخل سلّمَ الاعتماد ببيان أثره — ولا يُعدَّل السقفُ قبل الاعتماد · المتاحُ ينخفض قبل الصرف · وتجاوزُ السقف يوقف الطلبَ حتى الاعتماد · سقفُ كل إدارةٍ يُثبَّت · وطلباتُ الصرف تُفحص عليه · والتجاوزُ يُوقف حتى الاعتماد  [nav09_map]"
"إدارة المالية",7.727.38,"سابعًا: الإقفال والموازنة","القوائم المالية","القوائم المالية · Finance/financial_statements_fin.php","الواقعةُ مؤهَّلةٌ للفوترة  [LAD-01]","إدارة المالية","الطلبُ يدخل سلّمَ الاعتماد ببيان أثره — ولا يُعدَّل السقفُ قبل الاعتماد · المتاحُ ينخفض قبل الصرف · وتجاوزُ السقف يوقف الطلبَ حتى الاعتماد · سقفُ كل إدارةٍ يُثبَّت · وطلباتُ الصرف تُفحص عليه · والتجاوزُ يُوقف حتى الاعتماد  [nav09_map]"
"إدارة المالية",7.728.39,"سابعًا: الإقفال والموازنة","مخصص الصيانة","مخصص الصيانة والعمرات · Finance/maintenance_provision_fin.php","الواقعةُ مؤهَّلةٌ للفوترة  [LAD-01]","إدارة المالية","الطلبُ يدخل سلّمَ الاعتماد ببيان أثره — ولا يُعدَّل السقفُ قبل الاعتماد · المتاحُ ينخفض قبل الصرف · وتجاوزُ السقف يوقف الطلبَ حتى الاعتماد · سقفُ كل إدارةٍ يُثبَّت · وطلباتُ الصرف تُفحص عليه · والتجاوزُ يُوقف حتى الاعتماد  [nav09_map]"
"إدارة المالية",8.829.40,"متابعة وتقارير المالية","الهامش والتكلفة","هامش الربح للعقد والواقعة · Reports/margin_report.php","مستخلصٌ وفاتورةٌ صادرة  [LAD-01]","إدارة المالية","الملفُّ يُصدَّر بنطاق المستخدم وحدَه · وكلُّ تصديرٍ يُسجَّل بالمستخدم والفلاتر · خيطٌ متصلٌ من الواقعة التشغيلية إلى القيد المحاسبي — بلا انقطاع  [nav09_map]"
"إدارة المالية",8.829.41,"متابعة وتقارير المالية","الهامش والتكلفة","التكاليف والربحية بالمركز · Finance/cost_report_fin.php","مستخلصٌ وفاتورةٌ صادرة  [LAD-01]","إدارة المالية","الملفُّ يُصدَّر بنطاق المستخدم وحدَه · وكلُّ تصديرٍ يُسجَّل بالمستخدم والفلاتر · خيطٌ متصلٌ من الواقعة التشغيلية إلى القيد المحاسبي — بلا انقطاع  [nav09_map]"
"إدارة المالية",8.830.42,"متابعة وتقارير المالية","الانحراف وزمن الدورة","متابعة انحراف المنفَّذ عن المخطط · Finance/variance_monitor_fin.php","مستخلصٌ وفاتورةٌ صادرة  [LAD-01]","إدارة المالية","الملفُّ يُصدَّر بنطاق المستخدم وحدَه · وكلُّ تصديرٍ يُسجَّل بالمستخدم والفلاتر · خيطٌ متصلٌ من الواقعة التشغيلية إلى القيد المحاسبي — بلا انقطاع  [nav09_map]"
"إدارة المالية",8.830.43,"متابعة وتقارير المالية","الانحراف وزمن الدورة","زمن دورة الطلبات · FinRequests/cycle_time_board.php","مستخلصٌ وفاتورةٌ صادرة  [LAD-01]","إدارة المالية","الملفُّ يُصدَّر بنطاق المستخدم وحدَه · وكلُّ تصديرٍ يُسجَّل بالمستخدم والفلاتر · خيطٌ متصلٌ من الواقعة التشغيلية إلى القيد المحاسبي — بلا انقطاع  [nav09_map]"
"إدارة المالية",8.831.44,"متابعة وتقارير المالية","سجل الحركة المالية","تتبّع الأثر من الواقعة إلى القيد · FinRequests/effect_map.php","مستخلصٌ وفاتورةٌ صادرة  [LAD-01]","إدارة المالية","الملفُّ يُصدَّر بنطاق المستخدم وحدَه · وكلُّ تصديرٍ يُسجَّل بالمستخدم والفلاتر · خيطٌ متصلٌ من الواقعة التشغيلية إلى القيد المحاسبي — بلا انقطاع  [nav09_map]"
"إدارة المالية",8.832.45,"متابعة وتقارير المالية","المتابعة والبلاغات","بلاغات إدارتي · Tickets/dept_inbox.php","مستخلصٌ وفاتورةٌ صادرة  [LAD-01]","إدارة البلاغات","الملفُّ يُصدَّر بنطاق المستخدم وحدَه · وكلُّ تصديرٍ يُسجَّل بالمستخدم والفلاتر · خيطٌ متصلٌ من الواقعة التشغيلية إلى القيد المحاسبي — بلا انقطاع  [nav09_map]"
"إدارة المالية",8.832.46,"متابعة وتقارير المالية","المتابعة والبلاغات","أبلغ عن مشكلة من هذه الشاشة · Tickets/ticket_contextual_open.php","مستخلصٌ وفاتورةٌ صادرة  [LAD-01]","— لا وحدة","الملفُّ يُصدَّر بنطاق المستخدم وحدَه · وكلُّ تصديرٍ يُسجَّل بالمستخدم والفلاتر · خيطٌ متصلٌ من الواقعة التشغيلية إلى القيد المحاسبي — بلا انقطاع  [nav09_map]"
"إدارة المالية",8.832.47,"متابعة وتقارير المالية","المتابعة والبلاغات","صندوق ما ينتظر اعتمادي · Finance/approvals_inbox.php#2","مستخلصٌ وفاتورةٌ صادرة  [LAD-01]","إدارة المالية","الملفُّ يُصدَّر بنطاق المستخدم وحدَه · وكلُّ تصديرٍ يُسجَّل بالمستخدم والفلاتر · خيطٌ متصلٌ من الواقعة التشغيلية إلى القيد المحاسبي — بلا انقطاع  [nav09_map]"
"إدارة المالية",8.833.48,"متابعة وتقارير المالية","الميزانية والإنجاز","ميزانية إدارتي · Finance/budget_dept.php#2","مستخلصٌ وفاتورةٌ صادرة  [LAD-01]","إدارة المالية","الملفُّ يُصدَّر بنطاق المستخدم وحدَه · وكلُّ تصديرٍ يُسجَّل بالمستخدم والفلاتر · خيطٌ متصلٌ من الواقعة التشغيلية إلى القيد المحاسبي — بلا انقطاع  [nav09_map]"
"إدارة المالية",8.833.49,"متابعة وتقارير المالية","الميزانية والإنجاز","إنجاز الإدارة · Portal/dept_achievement.php","مستخلصٌ وفاتورةٌ صادرة  [LAD-01]","إدارة الصلاحيات","الملفُّ يُصدَّر بنطاق المستخدم وحدَه · وكلُّ تصديرٍ يُسجَّل بالمستخدم والفلاتر · خيطٌ متصلٌ من الواقعة التشغيلية إلى القيد المحاسبي — بلا انقطاع  [nav09_map]"
"إدارة المالية",8.833.50,"متابعة وتقارير المالية","الميزانية والإنجاز","مركز التقارير · emsreports/index.php","مستخلصٌ وفاتورةٌ صادرة  [LAD-01]","إدارة الصلاحيات","الملفُّ يُصدَّر بنطاق المستخدم وحدَه · وكلُّ تصديرٍ يُسجَّل بالمستخدم والفلاتر · خيطٌ متصلٌ من الواقعة التشغيلية إلى القيد المحاسبي — بلا انقطاع  [nav09_map]"
"إدارة المالية",9.934.51,"إعدادات المالية","قواعد التوجيه","قواعد توجيه الطلبات المالية · FinRequests/routing_admin.php","القيدُ مُرحَّلٌ والإيرادُ معترَفٌ به  [LAD-01]","إدارة المالية","كلُّ طلبٍ بعدها يسلك المسارَ الجديد بسقوفه — ولا يُوجَّه يدويًّا  [nav09_map]"
"إدارة المالية",9.935.52,"إعدادات المالية",العملات,"أسعار الصرف · Finance/currencies_fin.php#2","القيدُ مُرحَّلٌ والإيرادُ معترَفٌ به  [LAD-01]","إدارة المالية","كلُّ طلبٍ بعدها يسلك المسارَ الجديد بسقوفه — ولا يُوجَّه يدويًّا  [nav09_map]"
"إدارة المالية",97.97.1,"إضافاتُ المالك","إضافاتُ المالك","الفاتورة الضريبية والإقرارات · Contracts/tax_invoices.php?view=v72b04c","— لا مصدر","ادارة المبيعات","فريق العمل  [cycle_order]"
"إدارة المالية",98.9800.10,"فريق العمل","فريق العمل","إدارة المعاونين · main/project_users.php","— لا مصدر","ادارة الموردين","خارج الوثيقة — بانتظار قرار المالك  [cycle_order]"
"إدارة المالية",99.9900.50,"خارج الوثيقة — بانتظار قرار المالك","أخرى — للمراجعة","لوحة الإدارة · Finance/cfo_daily_board_fin.php","client_statements · final_settlement · payables · penalties · supplier_advances · supplier_capacity · supplier_closure · payables · supplier_ratings · supplier_rules  [nav09_map]","إدارة المالية","البندُ يدخل المستخلصَ خصمًا أو إضافة · والمحمَّلُ على المورد يدخل تسويتَه · التقييمُ يقيّد الترسيةَ القادمة · والمتدنّي يُعلَّق أو يُقيَّد تخصيصُه · الجاهزيةُ الفعليةُ تُقاس مقابل الدنيا · وتجاوزُ مهلة الإحلال يفتح جزاءً · الرصيدُ التراكميُّ يُثبَّت · وال  [nav09_map]"
"إدارة المالية",99.9900.50,"خارج الوثيقة — بانتظار قرار المالك","أخرى — للمراجعة","اللوحة التنفيذية · Finance/executive_dashboard_fin.php","client_statements · final_settlement · payables · penalties · supplier_advances · supplier_capacity · supplier_closure · payables · supplier_ratings · supplier_rules  [nav09_map]","إدارة المالية","البندُ يدخل المستخلصَ خصمًا أو إضافة · والمحمَّلُ على المورد يدخل تسويتَه · التقييمُ يقيّد الترسيةَ القادمة · والمتدنّي يُعلَّق أو يُقيَّد تخصيصُه · الجاهزيةُ الفعليةُ تُقاس مقابل الدنيا · وتجاوزُ مهلة الإحلال يفتح جزاءً · الرصيدُ التراكميُّ يُثبَّت · وال  [nav09_map]"
"إدارة المالية",99.9900.50,"خارج الوثيقة — بانتظار قرار المالك","أخرى — للمراجعة","المحاسبون والوحدات · Finance/accountants_fin.php","client_statements · final_settlement · payables · penalties · supplier_advances · supplier_capacity · supplier_closure · payables · supplier_ratings · supplier_rules  [nav09_map]","إدارة المالية","البندُ يدخل المستخلصَ خصمًا أو إضافة · والمحمَّلُ على المورد يدخل تسويتَه · التقييمُ يقيّد الترسيةَ القادمة · والمتدنّي يُعلَّق أو يُقيَّد تخصيصُه · الجاهزيةُ الفعليةُ تُقاس مقابل الدنيا · وتجاوزُ مهلة الإحلال يفتح جزاءً · الرصيدُ التراكميُّ يُثبَّت · وال  [nav09_map]"
"إدارة المالية",99.9900.50,"خارج الوثيقة — بانتظار قرار المالك","أخرى — للمراجعة","سجل الأحداث المالية · Finance/events_list_fin.php","client_statements · final_settlement · payables · penalties · supplier_advances · supplier_capacity · supplier_closure · payables · supplier_ratings · supplier_rules  [nav09_map]","إدارة المالية","البندُ يدخل المستخلصَ خصمًا أو إضافة · والمحمَّلُ على المورد يدخل تسويتَه · التقييمُ يقيّد الترسيةَ القادمة · والمتدنّي يُعلَّق أو يُقيَّد تخصيصُه · الجاهزيةُ الفعليةُ تُقاس مقابل الدنيا · وتجاوزُ مهلة الإحلال يفتح جزاءً · الرصيدُ التراكميُّ يُثبَّت · وال  [nav09_map]"
"إدارة المالية",99.9900.50,"خارج الوثيقة — بانتظار قرار المالك","أخرى — للمراجعة","أحكام العميل والمورد والمشغّل · Finance/unit_records_fin.php","client_statements · final_settlement · payables · penalties · supplier_advances · supplier_capacity · supplier_closure · payables · supplier_ratings · supplier_rules  [nav09_map]","إدارة المالية","البندُ يدخل المستخلصَ خصمًا أو إضافة · والمحمَّلُ على المورد يدخل تسويتَه · التقييمُ يقيّد الترسيةَ القادمة · والمتدنّي يُعلَّق أو يُقيَّد تخصيصُه · الجاهزيةُ الفعليةُ تُقاس مقابل الدنيا · وتجاوزُ مهلة الإحلال يفتح جزاءً · الرصيدُ التراكميُّ يُثبَّت · وال  [nav09_map]"
"إدارة المالية",99.9900.50,"خارج الوثيقة — بانتظار قرار المالك","أخرى — للمراجعة","استقبال معاملات الإدارات · Finance/import_events_fin.php","client_statements · final_settlement · payables · penalties · supplier_advances · supplier_capacity · supplier_closure · payables · supplier_ratings · supplier_rules  [nav09_map]","إدارة المالية","البندُ يدخل المستخلصَ خصمًا أو إضافة · والمحمَّلُ على المورد يدخل تسويتَه · التقييمُ يقيّد الترسيةَ القادمة · والمتدنّي يُعلَّق أو يُقيَّد تخصيصُه · الجاهزيةُ الفعليةُ تُقاس مقابل الدنيا · وتجاوزُ مهلة الإحلال يفتح جزاءً · الرصيدُ التراكميُّ يُثبَّت · وال  [nav09_map]"
"إدارة المالية",99.9900.50,"خارج الوثيقة — بانتظار قرار المالك","أخرى — للمراجعة","الضرائب والقيمة المضافة · Finance/tax_fin.php","client_statements · final_settlement · payables · penalties · supplier_advances · supplier_capacity · supplier_closure · payables · supplier_ratings · supplier_rules  [nav09_map]","إدارة المالية","البندُ يدخل المستخلصَ خصمًا أو إضافة · والمحمَّلُ على المورد يدخل تسويتَه · التقييمُ يقيّد الترسيةَ القادمة · والمتدنّي يُعلَّق أو يُقيَّد تخصيصُه · الجاهزيةُ الفعليةُ تُقاس مقابل الدنيا · وتجاوزُ مهلة الإحلال يفتح جزاءً · الرصيدُ التراكميُّ يُثبَّت · وال  [nav09_map]"
"إدارة المالية",99.9901.50,"خارج الوثيقة — بانتظار قرار المالك","أخرى — للمراجعة (ب)","التمويل والالتزامات · Finance/funding_fin.php","client_statements · final_settlement · payables · penalties · supplier_advances · supplier_capacity · supplier_closure · payables · supplier_ratings · supplier_rules  [nav09_map]","إدارة المالية","البندُ يدخل المستخلصَ خصمًا أو إضافة · والمحمَّلُ على المورد يدخل تسويتَه · التقييمُ يقيّد الترسيةَ القادمة · والمتدنّي يُعلَّق أو يُقيَّد تخصيصُه · الجاهزيةُ الفعليةُ تُقاس مقابل الدنيا · وتجاوزُ مهلة الإحلال يفتح جزاءً · الرصيدُ التراكميُّ يُثبَّت · وال  [nav09_map]"
"إدارة المالية",99.9901.50,"خارج الوثيقة — بانتظار قرار المالك","أخرى — للمراجعة (ب)","سياسات مستحقات المشغّلين · Finance/operator_pay_policies_fin.php","client_statements · final_settlement · payables · penalties · supplier_advances · supplier_capacity · supplier_closure · payables · supplier_ratings · supplier_rules  [nav09_map]","إدارة المالية","البندُ يدخل المستخلصَ خصمًا أو إضافة · والمحمَّلُ على المورد يدخل تسويتَه · التقييمُ يقيّد الترسيةَ القادمة · والمتدنّي يُعلَّق أو يُقيَّد تخصيصُه · الجاهزيةُ الفعليةُ تُقاس مقابل الدنيا · وتجاوزُ مهلة الإحلال يفتح جزاءً · الرصيدُ التراكميُّ يُثبَّت · وال  [nav09_map]"
"إدارة المالية",99.9901.50,"خارج الوثيقة — بانتظار قرار المالك","أخرى — للمراجعة (ب)","الطلبات المالية · FinRequests/finance_gateway.php","client_statements · final_settlement · payables · penalties · supplier_advances · supplier_capacity · supplier_closure · payables · supplier_ratings · supplier_rules  [nav09_map]","إدارة المالية","البندُ يدخل المستخلصَ خصمًا أو إضافة · والمحمَّلُ على المورد يدخل تسويتَه · التقييمُ يقيّد الترسيةَ القادمة · والمتدنّي يُعلَّق أو يُقيَّد تخصيصُه · الجاهزيةُ الفعليةُ تُقاس مقابل الدنيا · وتجاوزُ مهلة الإحلال يفتح جزاءً · الرصيدُ التراكميُّ يُثبَّت · وال  [nav09_map]"
"إدارة المالية",99.9901.50,"خارج الوثيقة — بانتظار قرار المالك","أخرى — للمراجعة (ب)","تقارير الطلبات المالية · FinRequests/requests_reports.php","client_statements · final_settlement · payables · penalties · supplier_advances · supplier_capacity · supplier_closure · payables · supplier_ratings · supplier_rules  [nav09_map]","إدارة المالية","البندُ يدخل المستخلصَ خصمًا أو إضافة · والمحمَّلُ على المورد يدخل تسويتَه · التقييمُ يقيّد الترسيةَ القادمة · والمتدنّي يُعلَّق أو يُقيَّد تخصيصُه · الجاهزيةُ الفعليةُ تُقاس مقابل الدنيا · وتجاوزُ مهلة الإحلال يفتح جزاءً · الرصيدُ التراكميُّ يُثبَّت · وال  [nav09_map]"
"إدارة المالية",99.9901.50,"خارج الوثيقة — بانتظار قرار المالك","أخرى — للمراجعة (ب)","مصفوفة التزامات العقد · Contracts/contract_obligations.php","client_statements · final_settlement · payables · penalties · supplier_advances · supplier_capacity · supplier_closure · payables · supplier_ratings · supplier_rules  [nav09_map]","ادارة المبيعات","البندُ يدخل المستخلصَ خصمًا أو إضافة · والمحمَّلُ على المورد يدخل تسويتَه · التقييمُ يقيّد الترسيةَ القادمة · والمتدنّي يُعلَّق أو يُقيَّد تخصيصُه · الجاهزيةُ الفعليةُ تُقاس مقابل الدنيا · وتجاوزُ مهلة الإحلال يفتح جزاءً · الرصيدُ التراكميُّ يُثبَّت · وال  [nav09_map]"
"إدارة المالية",99.9901.50,"خارج الوثيقة — بانتظار قرار المالك","أخرى — للمراجعة (ب)","لوحة الإسناد اليومي · Approvals/attribution_board.php","client_statements · final_settlement · payables · penalties · supplier_advances · supplier_capacity · supplier_closure · payables · supplier_ratings · supplier_rules  [nav09_map]","ادارة التشغيل","البندُ يدخل المستخلصَ خصمًا أو إضافة · والمحمَّلُ على المورد يدخل تسويتَه · التقييمُ يقيّد الترسيةَ القادمة · والمتدنّي يُعلَّق أو يُقيَّد تخصيصُه · الجاهزيةُ الفعليةُ تُقاس مقابل الدنيا · وتجاوزُ مهلة الإحلال يفتح جزاءً · الرصيدُ التراكميُّ يُثبَّت · وال  [nav09_map]"
"إدارة المالية",99.9901.50,"خارج الوثيقة — بانتظار قرار المالك","أخرى — للمراجعة (ب)","احتساب الجزاءات والحوافز · Contracts/penalties.php","client_statements · final_settlement · payables · penalties · supplier_advances · supplier_capacity · supplier_closure · payables · supplier_ratings · supplier_rules  [nav09_map]","ادارة المبيعات","البندُ يدخل المستخلصَ خصمًا أو إضافة · والمحمَّلُ على المورد يدخل تسويتَه · التقييمُ يقيّد الترسيةَ القادمة · والمتدنّي يُعلَّق أو يُقيَّد تخصيصُه · الجاهزيةُ الفعليةُ تُقاس مقابل الدنيا · وتجاوزُ مهلة الإحلال يفتح جزاءً · الرصيدُ التراكميُّ يُثبَّت · وال  [nav09_map]"
"إدارة المالية",99.9902.50,"خارج الوثيقة — بانتظار قرار المالك","أخرى — للمراجعة (ج)","تسويات الموظفين · Workforce/employee_settlements.php","client_statements · final_settlement · payables · penalties · supplier_advances · supplier_capacity · supplier_closure · payables · supplier_ratings · supplier_rules  [nav09_map]","ادارة الموارد البشرية","البندُ يدخل المستخلصَ خصمًا أو إضافة · والمحمَّلُ على المورد يدخل تسويتَه · التقييمُ يقيّد الترسيةَ القادمة · والمتدنّي يُعلَّق أو يُقيَّد تخصيصُه · الجاهزيةُ الفعليةُ تُقاس مقابل الدنيا · وتجاوزُ مهلة الإحلال يفتح جزاءً · الرصيدُ التراكميُّ يُثبَّت · وال  [nav09_map]"
"إدارة المالية",99.9902.50,"خارج الوثيقة — بانتظار قرار المالك","أخرى — للمراجعة (ج)","بنود عقد المورد · Suppliers/supplier_contract_lines.php","client_statements · final_settlement · payables · penalties · supplier_advances · supplier_capacity · supplier_closure · payables · supplier_ratings · supplier_rules  [nav09_map]","ادارة الموردين","البندُ يدخل المستخلصَ خصمًا أو إضافة · والمحمَّلُ على المورد يدخل تسويتَه · التقييمُ يقيّد الترسيةَ القادمة · والمتدنّي يُعلَّق أو يُقيَّد تخصيصُه · الجاهزيةُ الفعليةُ تُقاس مقابل الدنيا · وتجاوزُ مهلة الإحلال يفتح جزاءً · الرصيدُ التراكميُّ يُثبَّت · وال  [nav09_map]"
"إدارة المالية",99.9902.50,"خارج الوثيقة — بانتظار قرار المالك","أخرى — للمراجعة (ج)","سلفيات الموظفين · Workforce/employee_advances.php","client_statements · final_settlement · payables · penalties · supplier_advances · supplier_capacity · supplier_closure · payables · supplier_ratings · supplier_rules  [nav09_map]","ادارة الموارد البشرية","البندُ يدخل المستخلصَ خصمًا أو إضافة · والمحمَّلُ على المورد يدخل تسويتَه · التقييمُ يقيّد الترسيةَ القادمة · والمتدنّي يُعلَّق أو يُقيَّد تخصيصُه · الجاهزيةُ الفعليةُ تُقاس مقابل الدنيا · وتجاوزُ مهلة الإحلال يفتح جزاءً · الرصيدُ التراكميُّ يُثبَّت · وال  [nav09_map]"
"إدارة المالية",99.9902.50,"خارج الوثيقة — بانتظار قرار المالك","أخرى — للمراجعة (ج)","سلفيات الموردين · Suppliers/supplier_advances.php","client_statements · final_settlement · payables · penalties · supplier_advances · supplier_capacity · supplier_closure · payables · supplier_ratings · supplier_rules  [nav09_map]","ادارة الموردين","البندُ يدخل المستخلصَ خصمًا أو إضافة · والمحمَّلُ على المورد يدخل تسويتَه · التقييمُ يقيّد الترسيةَ القادمة · والمتدنّي يُعلَّق أو يُقيَّد تخصيصُه · الجاهزيةُ الفعليةُ تُقاس مقابل الدنيا · وتجاوزُ مهلة الإحلال يفتح جزاءً · الرصيدُ التراكميُّ يُثبَّت · وال  [nav09_map]"
"إدارة المالية",99.9902.50,"خارج الوثيقة — بانتظار قرار المالك","أخرى — للمراجعة (ج)","قواعد تحميل المورد وجزاءاته · Suppliers/supplier_rules.php","client_statements · final_settlement · payables · penalties · supplier_advances · supplier_capacity · supplier_closure · payables · supplier_ratings · supplier_rules  [nav09_map]","ادارة الموردين","البندُ يدخل المستخلصَ خصمًا أو إضافة · والمحمَّلُ على المورد يدخل تسويتَه · التقييمُ يقيّد الترسيةَ القادمة · والمتدنّي يُعلَّق أو يُقيَّد تخصيصُه · الجاهزيةُ الفعليةُ تُقاس مقابل الدنيا · وتجاوزُ مهلة الإحلال يفتح جزاءً · الرصيدُ التراكميُّ يُثبَّت · وال  [nav09_map]"
"إدارة المالية",99.9902.50,"خارج الوثيقة — بانتظار قرار المالك","أخرى — للمراجعة (ج)","الطاقة والجاهزية ومهلة الإحلال · Suppliers/supplier_capacity.php","client_statements · final_settlement · payables · penalties · supplier_advances · supplier_capacity · supplier_closure · payables · supplier_ratings · supplier_rules  [nav09_map]","ادارة الموردين","البندُ يدخل المستخلصَ خصمًا أو إضافة · والمحمَّلُ على المورد يدخل تسويتَه · التقييمُ يقيّد الترسيةَ القادمة · والمتدنّي يُعلَّق أو يُقيَّد تخصيصُه · الجاهزيةُ الفعليةُ تُقاس مقابل الدنيا · وتجاوزُ مهلة الإحلال يفتح جزاءً · الرصيدُ التراكميُّ يُثبَّت · وال  [nav09_map]"
"إدارة المالية",99.9902.50,"خارج الوثيقة — بانتظار قرار المالك","أخرى — للمراجعة (ج)","تقييم المورد الدوري · Suppliers/supplier_evaluation.php","client_statements · final_settlement · payables · penalties · supplier_advances · supplier_capacity · supplier_closure · payables · supplier_ratings · supplier_rules  [nav09_map]","ادارة الموردين","البندُ يدخل المستخلصَ خصمًا أو إضافة · والمحمَّلُ على المورد يدخل تسويتَه · التقييمُ يقيّد الترسيةَ القادمة · والمتدنّي يُعلَّق أو يُقيَّد تخصيصُه · الجاهزيةُ الفعليةُ تُقاس مقابل الدنيا · وتجاوزُ مهلة الإحلال يفتح جزاءً · الرصيدُ التراكميُّ يُثبَّت · وال  [nav09_map]"
"إدارة المالية",99.9903.50,"خارج الوثيقة — بانتظار قرار المالك","أخرى — للمراجعة (د)","تصفية إنهاء عقد المورد · Suppliers/supplier_closure.php","client_statements · final_settlement · payables · penalties · supplier_advances · supplier_capacity · supplier_closure · payables · supplier_ratings · supplier_rules  [nav09_map]","ادارة الموردين","البندُ يدخل المستخلصَ خصمًا أو إضافة · والمحمَّلُ على المورد يدخل تسويتَه · التقييمُ يقيّد الترسيةَ القادمة · والمتدنّي يُعلَّق أو يُقيَّد تخصيصُه · الجاهزيةُ الفعليةُ تُقاس مقابل الدنيا · وتجاوزُ مهلة الإحلال يفتح جزاءً · الرصيدُ التراكميُّ يُثبَّت · وال  [nav09_map]"
"إدارة المالية",99.9903.50,"خارج الوثيقة — بانتظار قرار المالك","أخرى — للمراجعة (د)","وثائق المورد وحسابه البنكي · Suppliers/supplier_documents.php","client_statements · final_settlement · payables · penalties · supplier_advances · supplier_capacity · supplier_closure · payables · supplier_ratings · supplier_rules  [nav09_map]","ادارة الموردين","البندُ يدخل المستخلصَ خصمًا أو إضافة · والمحمَّلُ على المورد يدخل تسويتَه · التقييمُ يقيّد الترسيةَ القادمة · والمتدنّي يُعلَّق أو يُقيَّد تخصيصُه · الجاهزيةُ الفعليةُ تُقاس مقابل الدنيا · وتجاوزُ مهلة الإحلال يفتح جزاءً · الرصيدُ التراكميُّ يُثبَّت · وال  [nav09_map]"
"إدارة المالية",99.9903.50,"خارج الوثيقة — بانتظار قرار المالك","أخرى — للمراجعة (د)","كشف حساب العميل · Contracts/client_statement.php","client_statements · final_settlement · payables · penalties · supplier_advances · supplier_capacity · supplier_closure · payables · supplier_ratings · supplier_rules  [nav09_map]","ادارة المبيعات","البندُ يدخل المستخلصَ خصمًا أو إضافة · والمحمَّلُ على المورد يدخل تسويتَه · التقييمُ يقيّد الترسيةَ القادمة · والمتدنّي يُعلَّق أو يُقيَّد تخصيصُه · الجاهزيةُ الفعليةُ تُقاس مقابل الدنيا · وتجاوزُ مهلة الإحلال يفتح جزاءً · الرصيدُ التراكميُّ يُثبَّت · وال  [nav09_map]"
"إدارة المالية",99.9903.50,"خارج الوثيقة — بانتظار قرار المالك","أخرى — للمراجعة (د)","تصفية إنهاء خدمة الموظف · Workforce/final_settlement.php","client_statements · final_settlement · payables · penalties · supplier_advances · supplier_capacity · supplier_closure · payables · supplier_ratings · supplier_rules  [nav09_map]","ادارة الموارد البشرية","البندُ يدخل المستخلصَ خصمًا أو إضافة · والمحمَّلُ على المورد يدخل تسويتَه · التقييمُ يقيّد الترسيةَ القادمة · والمتدنّي يُعلَّق أو يُقيَّد تخصيصُه · الجاهزيةُ الفعليةُ تُقاس مقابل الدنيا · وتجاوزُ مهلة الإحلال يفتح جزاءً · الرصيدُ التراكميُّ يُثبَّت · وال  [nav09_map]"
"إدارة المالية",99.9903.50,"خارج الوثيقة — بانتظار قرار المالك","أخرى — للمراجعة (د)","تعرفة الترحيل وتسعير الأوامر · Transport/transfer_tariffs.php","client_statements · final_settlement · payables · penalties · supplier_advances · supplier_capacity · supplier_closure · payables · supplier_ratings · supplier_rules  [nav09_map]","إدارة النقل والترحيل","البندُ يدخل المستخلصَ خصمًا أو إضافة · والمحمَّلُ على المورد يدخل تسويتَه · التقييمُ يقيّد الترسيةَ القادمة · والمتدنّي يُعلَّق أو يُقيَّد تخصيصُه · الجاهزيةُ الفعليةُ تُقاس مقابل الدنيا · وتجاوزُ مهلة الإحلال يفتح جزاءً · الرصيدُ التراكميُّ يُثبَّت · وال  [nav09_map]"
"إدارة المالية",99.9903.50,"خارج الوثيقة — بانتظار قرار المالك","أخرى — للمراجعة (د)","الدوريات المالية · Finance/periodic_events_fin.php","client_statements · final_settlement · payables · penalties · supplier_advances · supplier_capacity · supplier_closure · payables · supplier_ratings · supplier_rules  [nav09_map]","إدارة المالية","البندُ يدخل المستخلصَ خصمًا أو إضافة · والمحمَّلُ على المورد يدخل تسويتَه · التقييمُ يقيّد الترسيةَ القادمة · والمتدنّي يُعلَّق أو يُقيَّد تخصيصُه · الجاهزيةُ الفعليةُ تُقاس مقابل الدنيا · وتجاوزُ مهلة الإحلال يفتح جزاءً · الرصيدُ التراكميُّ يُثبَّت · وال  [nav09_map]"
"إدارة المالية",99.9903.50,"خارج الوثيقة — بانتظار قرار المالك","أخرى — للمراجعة (د)","طلبات عروض الموردين · Suppliers/rfq_requests.php","client_statements · final_settlement · payables · penalties · supplier_advances · supplier_capacity · supplier_closure · payables · supplier_ratings · supplier_rules  [nav09_map]","ادارة الموردين","البندُ يدخل المستخلصَ خصمًا أو إضافة · والمحمَّلُ على المورد يدخل تسويتَه · التقييمُ يقيّد الترسيةَ القادمة · والمتدنّي يُعلَّق أو يُقيَّد تخصيصُه · الجاهزيةُ الفعليةُ تُقاس مقابل الدنيا · وتجاوزُ مهلة الإحلال يفتح جزاءً · الرصيدُ التراكميُّ يُثبَّت · وال  [nav09_map]"
"إدارة المالية",99.9904.50,"خارج الوثيقة — بانتظار قرار المالك","أخرى — للمراجعة (هـ)","بنود عقد العميل وقيمته · Contracts/contract_lines.php","client_statements · final_settlement · payables · penalties · supplier_advances · supplier_capacity · supplier_closure · payables · supplier_ratings · supplier_rules  [nav09_map]","ادارة المبيعات","البندُ يدخل المستخلصَ خصمًا أو إضافة · والمحمَّلُ على المورد يدخل تسويتَه · التقييمُ يقيّد الترسيةَ القادمة · والمتدنّي يُعلَّق أو يُقيَّد تخصيصُه · الجاهزيةُ الفعليةُ تُقاس مقابل الدنيا · وتجاوزُ مهلة الإحلال يفتح جزاءً · الرصيدُ التراكميُّ يُثبَّت · وال  [nav09_map]"
"إدارة المالية",99.9904.50,"خارج الوثيقة — بانتظار قرار المالك","أخرى — للمراجعة (هـ)","ربط الخطة بالفعلي · Contracts/plan_actual_link.php","client_statements · final_settlement · payables · penalties · supplier_advances · supplier_capacity · supplier_closure · payables · supplier_ratings · supplier_rules  [nav09_map]","ادارة المبيعات","البندُ يدخل المستخلصَ خصمًا أو إضافة · والمحمَّلُ على المورد يدخل تسويتَه · التقييمُ يقيّد الترسيةَ القادمة · والمتدنّي يُعلَّق أو يُقيَّد تخصيصُه · الجاهزيةُ الفعليةُ تُقاس مقابل الدنيا · وتجاوزُ مهلة الإحلال يفتح جزاءً · الرصيدُ التراكميُّ يُثبَّت · وال  [nav09_map]"
"إدارة المالية",99.9904.50,"خارج الوثيقة — بانتظار قرار المالك","أخرى — للمراجعة (هـ)","خط أساس العقد · Contracts/contract_baseline.php","client_statements · final_settlement · payables · penalties · supplier_advances · supplier_capacity · supplier_closure · payables · supplier_ratings · supplier_rules  [nav09_map]","ادارة المبيعات","البندُ يدخل المستخلصَ خصمًا أو إضافة · والمحمَّلُ على المورد يدخل تسويتَه · التقييمُ يقيّد الترسيةَ القادمة · والمتدنّي يُعلَّق أو يُقيَّد تخصيصُه · الجاهزيةُ الفعليةُ تُقاس مقابل الدنيا · وتجاوزُ مهلة الإحلال يفتح جزاءً · الرصيدُ التراكميُّ يُثبَّت · وال  [nav09_map]"
"إدارة المالية",99.9904.50,"خارج الوثيقة — بانتظار قرار المالك","أخرى — للمراجعة (هـ)","اقتصاد دورة حياة العقد · Contracts/contract_lifecycle.php","client_statements · final_settlement · payables · penalties · supplier_advances · supplier_capacity · supplier_closure · payables · supplier_ratings · supplier_rules  [nav09_map]","ادارة المبيعات","البندُ يدخل المستخلصَ خصمًا أو إضافة · والمحمَّلُ على المورد يدخل تسويتَه · التقييمُ يقيّد الترسيةَ القادمة · والمتدنّي يُعلَّق أو يُقيَّد تخصيصُه · الجاهزيةُ الفعليةُ تُقاس مقابل الدنيا · وتجاوزُ مهلة الإحلال يفتح جزاءً · الرصيدُ التراكميُّ يُثبَّت · وال  [nav09_map]"
"إدارة المالية",99.9904.50,"خارج الوثيقة — بانتظار قرار المالك","أخرى — للمراجعة (هـ)","اللوحة التجارية للعقود · Contracts/commercial_board.php","client_statements · final_settlement · payables · penalties · supplier_advances · supplier_capacity · supplier_closure · payables · supplier_ratings · supplier_rules  [nav09_map]","ادارة المبيعات","البندُ يدخل المستخلصَ خصمًا أو إضافة · والمحمَّلُ على المورد يدخل تسويتَه · التقييمُ يقيّد الترسيةَ القادمة · والمتدنّي يُعلَّق أو يُقيَّد تخصيصُه · الجاهزيةُ الفعليةُ تُقاس مقابل الدنيا · وتجاوزُ مهلة الإحلال يفتح جزاءً · الرصيدُ التراكميُّ يُثبَّت · وال  [nav09_map]"
"إدارة المالية",99.9904.50,"خارج الوثيقة — بانتظار قرار المالك","أخرى — للمراجعة (هـ)","سجل الوحدات اليومية · Reports/daily_units_report.php","client_statements · final_settlement · payables · penalties · supplier_advances · supplier_capacity · supplier_closure · payables · supplier_ratings · supplier_rules  [nav09_map]","ادارة التشغيل","البندُ يدخل المستخلصَ خصمًا أو إضافة · والمحمَّلُ على المورد يدخل تسويتَه · التقييمُ يقيّد الترسيةَ القادمة · والمتدنّي يُعلَّق أو يُقيَّد تخصيصُه · الجاهزيةُ الفعليةُ تُقاس مقابل الدنيا · وتجاوزُ مهلة الإحلال يفتح جزاءً · الرصيدُ التراكميُّ يُثبَّت · وال  [nav09_map]"
"إدارة المالية",99.9904.99,"خارج الوثيقة — بانتظار قرار المالك","أخرى — للمراجعة (هـ)","مساحة مخاطر الإدارة · Risk/dept_risk_space.php","client_statements · final_settlement · payables · penalties · supplier_advances · supplier_capacity · supplier_closure · payables · supplier_ratings · supplier_rules  [nav09_map]","إدارة المخاطر","البندُ يدخل المستخلصَ خصمًا أو إضافة · والمحمَّلُ على المورد يدخل تسويتَه · التقييمُ يقيّد الترسيةَ القادمة · والمتدنّي يُعلَّق أو يُقيَّد تخصيصُه · الجاهزيةُ الفعليةُ تُقاس مقابل الدنيا · وتجاوزُ مهلة الإحلال يفتح جزاءً · الرصيدُ التراكميُّ يُثبَّت · وال  [nav09_map]"
"إدارة المالية",99.9905.100,"خارج الوثيقة — بانتظار قرار المالك","أخرى — للمراجعة (و)","سجل الالتزامات · Finance/ob_register.php","client_statements · final_settlement · payables · penalties · supplier_advances · supplier_capacity · supplier_closure · payables · supplier_ratings · supplier_rules  [nav09_map]","إدارة المالية","البندُ يدخل المستخلصَ خصمًا أو إضافة · والمحمَّلُ على المورد يدخل تسويتَه · التقييمُ يقيّد الترسيةَ القادمة · والمتدنّي يُعلَّق أو يُقيَّد تخصيصُه · الجاهزيةُ الفعليةُ تُقاس مقابل الدنيا · وتجاوزُ مهلة الإحلال يفتح جزاءً · الرصيدُ التراكميُّ يُثبَّت · وال  [nav09_map]"
"إدارة المالية",99.9905.101,"خارج الوثيقة — بانتظار قرار المالك","أخرى — للمراجعة (و)","جدول الاستحقاقات · Finance/ob_schedule.php","client_statements · final_settlement · payables · penalties · supplier_advances · supplier_capacity · supplier_closure · payables · supplier_ratings · supplier_rules  [nav09_map]","إدارة المالية","البندُ يدخل المستخلصَ خصمًا أو إضافة · والمحمَّلُ على المورد يدخل تسويتَه · التقييمُ يقيّد الترسيةَ القادمة · والمتدنّي يُعلَّق أو يُقيَّد تخصيصُه · الجاهزيةُ الفعليةُ تُقاس مقابل الدنيا · وتجاوزُ مهلة الإحلال يفتح جزاءً · الرصيدُ التراكميُّ يُثبَّت · وال  [nav09_map]"
"إدارة المالية",99.9905.102,"خارج الوثيقة — بانتظار قرار المالك","أخرى — للمراجعة (و)","المستحق قريبًا والتذكيرات · Finance/ob_due_soon.php","client_statements · final_settlement · payables · penalties · supplier_advances · supplier_capacity · supplier_closure · payables · supplier_ratings · supplier_rules  [nav09_map]","إدارة المالية","البندُ يدخل المستخلصَ خصمًا أو إضافة · والمحمَّلُ على المورد يدخل تسويتَه · التقييمُ يقيّد الترسيةَ القادمة · والمتدنّي يُعلَّق أو يُقيَّد تخصيصُه · الجاهزيةُ الفعليةُ تُقاس مقابل الدنيا · وتجاوزُ مهلة الإحلال يفتح جزاءً · الرصيدُ التراكميُّ يُثبَّت · وال  [nav09_map]"
"إدارة المالية",99.9905.103,"خارج الوثيقة — بانتظار قرار المالك","أخرى — للمراجعة (و)","الالتزامات المتأخرة والذمم الدائنة · Finance/ob_overdue.php","client_statements · final_settlement · payables · penalties · supplier_advances · supplier_capacity · supplier_closure · payables · supplier_ratings · supplier_rules  [nav09_map]","إدارة المالية","البندُ يدخل المستخلصَ خصمًا أو إضافة · والمحمَّلُ على المورد يدخل تسويتَه · التقييمُ يقيّد الترسيةَ القادمة · والمتدنّي يُعلَّق أو يُقيَّد تخصيصُه · الجاهزيةُ الفعليةُ تُقاس مقابل الدنيا · وتجاوزُ مهلة الإحلال يفتح جزاءً · الرصيدُ التراكميُّ يُثبَّت · وال  [nav09_map]"
"إدارة المالية",99.9905.104,"خارج الوثيقة — بانتظار قرار المالك","أخرى — للمراجعة (و)","آفاق الالتزامات الثلاثة · Finance/ob_horizon.php","client_statements · final_settlement · payables · penalties · supplier_advances · supplier_capacity · supplier_closure · payables · supplier_ratings · supplier_rules  [nav09_map]","إدارة المالية","البندُ يدخل المستخلصَ خصمًا أو إضافة · والمحمَّلُ على المورد يدخل تسويتَه · التقييمُ يقيّد الترسيةَ القادمة · والمتدنّي يُعلَّق أو يُقيَّد تخصيصُه · الجاهزيةُ الفعليةُ تُقاس مقابل الدنيا · وتجاوزُ مهلة الإحلال يفتح جزاءً · الرصيدُ التراكميُّ يُثبَّت · وال  [nav09_map]"
"إدارة المالية",99.9905.105,"خارج الوثيقة — بانتظار قرار المالك","أخرى — للمراجعة (و)","الملتزَم به وأثره في الموازنة · Finance/ob_commitments.php","client_statements · final_settlement · payables · penalties · supplier_advances · supplier_capacity · supplier_closure · payables · supplier_ratings · supplier_rules  [nav09_map]","إدارة المالية","البندُ يدخل المستخلصَ خصمًا أو إضافة · والمحمَّلُ على المورد يدخل تسويتَه · التقييمُ يقيّد الترسيةَ القادمة · والمتدنّي يُعلَّق أو يُقيَّد تخصيصُه · الجاهزيةُ الفعليةُ تُقاس مقابل الدنيا · وتجاوزُ مهلة الإحلال يفتح جزاءً · الرصيدُ التراكميُّ يُثبَّت · وال  [nav09_map]"
"إدارة المالية",99.9905.106,"خارج الوثيقة — بانتظار قرار المالك","أخرى — للمراجعة (و)","الالتزامات المحتملة والإفصاح · Finance/ob_contingent.php","client_statements · final_settlement · payables · penalties · supplier_advances · supplier_capacity · supplier_closure · payables · supplier_ratings · supplier_rules  [nav09_map]","إدارة المالية","البندُ يدخل المستخلصَ خصمًا أو إضافة · والمحمَّلُ على المورد يدخل تسويتَه · التقييمُ يقيّد الترسيةَ القادمة · والمتدنّي يُعلَّق أو يُقيَّد تخصيصُه · الجاهزيةُ الفعليةُ تُقاس مقابل الدنيا · وتجاوزُ مهلة الإحلال يفتح جزاءً · الرصيدُ التراكميُّ يُثبَّت · وال  [nav09_map]"
"محاسب الإدارة المالية",—,"(بلا مرحلة)","لوحة الإدارة","مساحة عملي · main/my_workspace.php","— لا مصدر","— لا وحدة","— لا مصدر"
"محاسب الإدارة المالية",—,"(بلا مرحلة)","السجلات والملفات","المعاملات المالية · Finance/events_list_fin.php","— لا مصدر","إدارة المالية","— لا مصدر"
"محاسب الإدارة المالية",—,"(بلا مرحلة)","السجلات والملفات","التمويل والالتزامات · Finance/funding_fin.php","— لا مصدر","إدارة المالية","— لا مصدر"
"محاسب الإدارة المالية",—,"(بلا مرحلة)","السجلات والملفات","مصفوفة التزامات العقد · Contracts/contract_obligations.php","— لا مصدر","ادارة المبيعات","— لا مصدر"
"محاسب الإدارة المالية",—,"(بلا مرحلة)","السجلات والملفات","احتساب الجزاءات والحوافز · Contracts/penalties.php","— لا مصدر","ادارة المبيعات","— لا مصدر"
"محاسب الإدارة المالية",—,"(بلا مرحلة)","السجلات والملفات","خطة دفع العقد · Contracts/contract_payment_schedule.php","— لا مصدر","ادارة المبيعات","— لا مصدر"
"محاسب الإدارة المالية",—,"(بلا مرحلة)","المتابعة والاستثناءات","الميزانية والانحراف · Finance/budget_form_fin.php","— لا مصدر","إدارة المالية","— لا مصدر"
"محاسب الإدارة المالية",—,"(بلا مرحلة)",التقارير,"تقارير الطلبات المالية · FinRequests/requests_reports.php","— لا مصدر","إدارة المالية","— لا مصدر"
"محاسب الإدارة المالية",—,"(بلا مرحلة)",الإعدادات,"سياسات مستحقات المشغّلين · Finance/operator_pay_policies_fin.php","— لا مصدر","إدارة المالية","— لا مصدر"
"محاسب الإدارة المالية",0.1.1,"لوحة الإدارة","مساحتي الشخصية","مهامي · Portal/my_tasks.php","requests · tasks · workflow  [nav09_map]","مساحة عملي  [إدارة]","الطلبُ يدخل صندوقَ اعتماد المعنيّ بمساره — ويظهر في «طلباتي» بحالته · المهمةُ تُقفل · والخطوةُ التاليةُ تُفتح لصاحبها · ومهلةُ المسار تُحدَّث · تُصيَّر المكوّناتُ التي منحته إياها الحوكمةُ وحدَها · ومشغّلُ المعدة يرى معدتَه ومشغّلَها الآخر · يُعاد الحسابُ  [nav09_map]"
"محاسب الإدارة المالية",0.1.2,"لوحة الإدارة","مساحتي الشخصية","إنجازي · Portal/my_achievement.php","requests · tasks · workflow  [nav09_map]","إدارة الصلاحيات","الطلبُ يدخل صندوقَ اعتماد المعنيّ بمساره — ويظهر في «طلباتي» بحالته · المهمةُ تُقفل · والخطوةُ التاليةُ تُفتح لصاحبها · ومهلةُ المسار تُحدَّث · تُصيَّر المكوّناتُ التي منحته إياها الحوكمةُ وحدَها · ومشغّلُ المعدة يرى معدتَه ومشغّلَها الآخر · يُعاد الحسابُ  [nav09_map]"
"محاسب الإدارة المالية",0.1.3,"لوحة الإدارة","مساحتي الشخصية","بوابتي · Portal/my_portal.php","requests · tasks · workflow  [nav09_map]","إدارة الصلاحيات","الطلبُ يدخل صندوقَ اعتماد المعنيّ بمساره — ويظهر في «طلباتي» بحالته · المهمةُ تُقفل · والخطوةُ التاليةُ تُفتح لصاحبها · ومهلةُ المسار تُحدَّث · تُصيَّر المكوّناتُ التي منحته إياها الحوكمةُ وحدَها · ومشغّلُ المعدة يرى معدتَه ومشغّلَها الآخر · يُعاد الحسابُ  [nav09_map]"
"محاسب الإدارة المالية",0.1.4,"لوحة الإدارة","مساحتي الشخصية","طلباتي · FinRequests/my_requests.php","requests · tasks · workflow  [nav09_map]","ادارة الصيانة","الطلبُ يدخل صندوقَ اعتماد المعنيّ بمساره — ويظهر في «طلباتي» بحالته · المهمةُ تُقفل · والخطوةُ التاليةُ تُفتح لصاحبها · ومهلةُ المسار تُحدَّث · تُصيَّر المكوّناتُ التي منحته إياها الحوكمةُ وحدَها · ومشغّلُ المعدة يرى معدتَه ومشغّلَها الآخر · يُعاد الحسابُ  [nav09_map]"
"محاسب الإدارة المالية",0.1.5,"لوحة الإدارة","مساحتي الشخصية","المراسلات · chats/index.php","requests · tasks · workflow  [nav09_map]","— لا وحدة","الطلبُ يدخل صندوقَ اعتماد المعنيّ بمساره — ويظهر في «طلباتي» بحالته · المهمةُ تُقفل · والخطوةُ التاليةُ تُفتح لصاحبها · ومهلةُ المسار تُحدَّث · تُصيَّر المكوّناتُ التي منحته إياها الحوكمةُ وحدَها · ومشغّلُ المعدة يرى معدتَه ومشغّلَها الآخر · يُعاد الحسابُ  [nav09_map]"
"محاسب الإدارة المالية",1.102.6,"أولًا: تحويل العمل إلى مستحق","بوابة الاستحقاق","فحص شروط الاستحقاق · Finance/entitlement_gate.php","approval_chain · approval_chain · attribution · approvals · approvals · audit · approvals · reasons · entitlement_gate · fin_events · fin_events · fin_events · receivables · payables · meter_readings · period_close · locks · unit_effects · ems_business_ev  [nav09_map]","إدارة المالية","إيرادُ العميل وذمةُ المورد وأجرُ المشغّل تتولد بأحكامٍ ثلاثةٍ مستقلة · وخطةُ العقد تُحدَّث · والإهلاكُ يُحتسب · إيرادُ العميل وذمةُ المورد وأجرُ المشغّل تتولد من واقعةٍ واحدةٍ بأحكامٍ ثلاثةٍ مستقلة — ولا أثرَ قبل هذه اللحظة · الأثرُ يُنقل إلى «مردود» بسبب  [nav09_map]"
"محاسب الإدارة المالية",1.103.7,"أولًا: تحويل العمل إلى مستحق","أحكام الأطراف","توليد المستحق من العمل المعتمد · Finance/entitlement.php","approval_chain · approval_chain · attribution · approvals · approvals · audit · approvals · reasons · entitlement_gate · fin_events · fin_events · fin_events · receivables · payables · meter_readings · period_close · locks · unit_effects · ems_business_ev  [nav09_map]","إدارة المالية","إيرادُ العميل وذمةُ المورد وأجرُ المشغّل تتولد بأحكامٍ ثلاثةٍ مستقلة · وخطةُ العقد تُحدَّث · والإهلاكُ يُحتسب · إيرادُ العميل وذمةُ المورد وأجرُ المشغّل تتولد من واقعةٍ واحدةٍ بأحكامٍ ثلاثةٍ مستقلة — ولا أثرَ قبل هذه اللحظة · الأثرُ يُنقل إلى «مردود» بسبب  [nav09_map]"
"محاسب الإدارة المالية",1.104.8,"أولًا: تحويل العمل إلى مستحق","الإقفال والوحدات","الإقفال الشهري للوحدة · Operations/monthly_close.php","approval_chain · approval_chain · attribution · approvals · approvals · audit · approvals · reasons · entitlement_gate · fin_events · fin_events · fin_events · receivables · payables · meter_readings · period_close · locks · unit_effects · ems_business_ev  [nav09_map]","ادارة التشغيل","إيرادُ العميل وذمةُ المورد وأجرُ المشغّل تتولد بأحكامٍ ثلاثةٍ مستقلة · وخطةُ العقد تُحدَّث · والإهلاكُ يُحتسب · إيرادُ العميل وذمةُ المورد وأجرُ المشغّل تتولد من واقعةٍ واحدةٍ بأحكامٍ ثلاثةٍ مستقلة — ولا أثرَ قبل هذه اللحظة · الأثرُ يُنقل إلى «مردود» بسبب  [nav09_map]"
"محاسب الإدارة المالية",1.104.9,"أولًا: تحويل العمل إلى مستحق","الإقفال والوحدات","تسجيل التايم شيت والإنتاج · Timesheet/timesheet.php","approval_chain · approval_chain · attribution · approvals · approvals · audit · approvals · reasons · entitlement_gate · fin_events · fin_events · fin_events · receivables · payables · meter_readings · period_close · locks · unit_effects · ems_business_ev  [nav09_map]","إدارة الموقع","إيرادُ العميل وذمةُ المورد وأجرُ المشغّل تتولد بأحكامٍ ثلاثةٍ مستقلة · وخطةُ العقد تُحدَّث · والإهلاكُ يُحتسب · إيرادُ العميل وذمةُ المورد وأجرُ المشغّل تتولد من واقعةٍ واحدةٍ بأحكامٍ ثلاثةٍ مستقلة — ولا أثرَ قبل هذه اللحظة · الأثرُ يُنقل إلى «مردود» بسبب  [nav09_map]"
"محاسب الإدارة المالية",1.105.10,"أولًا: تحويل العمل إلى مستحق","صندوق الاعتماد","صندوق ما ينتظر اعتمادي · Finance/approvals_inbox.php","approval_chain · approval_chain · attribution · approvals · approvals · audit · approvals · reasons · entitlement_gate · fin_events · fin_events · fin_events · receivables · payables · meter_readings · period_close · locks · unit_effects · ems_business_ev  [nav09_map]","إدارة المالية","إيرادُ العميل وذمةُ المورد وأجرُ المشغّل تتولد بأحكامٍ ثلاثةٍ مستقلة · وخطةُ العقد تُحدَّث · والإهلاكُ يُحتسب · إيرادُ العميل وذمةُ المورد وأجرُ المشغّل تتولد من واقعةٍ واحدةٍ بأحكامٍ ثلاثةٍ مستقلة — ولا أثرَ قبل هذه اللحظة · الأثرُ يُنقل إلى «مردود» بسبب  [nav09_map]"
"محاسب الإدارة المالية",2.206.11,"ثانيًا: الإيراد والفوترة","المستخلصات والفواتير","المستخلصات والمطالبات · Contracts/claims.php","claims · claim_lines · claims.approved · contracts · contract_events · contracts.state · obligations · tax_returns · fin_events  [nav09_map]","ادارة المبيعات","الالتزامُ الضريبيُّ يُقيَّد · والفاتورةُ تُقفل ضريبيًّا · ولا تُعدَّل بعده · الحاويةُ الرئيسية تُولَّد · والتغطيةُ تُفتح للتخصيص · وخطةُ الدفع تدخل التدفق · الفاتورةُ تُفتح · والذمةُ المدينةُ تُسجَّل · ومهلةُ السداد تبدأ · الوحداتُ المعتمدةُ تُدرج بأسعار   [nav09_map]"
"محاسب الإدارة المالية",2.206.12,"ثانيًا: الإيراد والفوترة","المستخلصات والفواتير","فواتير العملاء · Contracts/tax_invoices.php","claims · claim_lines · claims.approved · contracts · contract_events · contracts.state · obligations · tax_returns · fin_events  [nav09_map]","ادارة المبيعات","الالتزامُ الضريبيُّ يُقيَّد · والفاتورةُ تُقفل ضريبيًّا · ولا تُعدَّل بعده · الحاويةُ الرئيسية تُولَّد · والتغطيةُ تُفتح للتخصيص · وخطةُ الدفع تدخل التدفق · الفاتورةُ تُفتح · والذمةُ المدينةُ تُسجَّل · ومهلةُ السداد تبدأ · الوحداتُ المعتمدةُ تُدرج بأسعار   [nav09_map]"
"محاسب الإدارة المالية",2.207.13,"ثانيًا: الإيراد والفوترة","الذمم المدينة","ذمم العملاء وأعمارها · Contracts/collections.php","claims · claim_lines · claims.approved · contracts · contract_events · contracts.state · obligations · tax_returns · fin_events  [nav09_map]","إدارة المالية","الالتزامُ الضريبيُّ يُقيَّد · والفاتورةُ تُقفل ضريبيًّا · ولا تُعدَّل بعده · الحاويةُ الرئيسية تُولَّد · والتغطيةُ تُفتح للتخصيص · وخطةُ الدفع تدخل التدفق · الفاتورةُ تُفتح · والذمةُ المدينةُ تُسجَّل · ومهلةُ السداد تبدأ · الوحداتُ المعتمدةُ تُدرج بأسعار   [nav09_map]"
"محاسب الإدارة المالية",2.208.14,"ثانيًا: الإيراد والفوترة","العقود وأحكامها","عقود العملاء · Contracts/contracts.php","claims · claim_lines · claims.approved · contracts · contract_events · contracts.state · obligations · tax_returns · fin_events  [nav09_map]","ادارة التشغيل","الالتزامُ الضريبيُّ يُقيَّد · والفاتورةُ تُقفل ضريبيًّا · ولا تُعدَّل بعده · الحاويةُ الرئيسية تُولَّد · والتغطيةُ تُفتح للتخصيص · وخطةُ الدفع تدخل التدفق · الفاتورةُ تُفتح · والذمةُ المدينةُ تُسجَّل · ومهلةُ السداد تبدأ · الوحداتُ المعتمدةُ تُدرج بأسعار   [nav09_map]"
"محاسب الإدارة المالية",2.208.15,"ثانيًا: الإيراد والفوترة","العقود وأحكامها","أحكام العقد — العملات والمقدم والمهل · Contracts/contract_card.php","claims · claim_lines · claims.approved · contracts · contract_events · contracts.state · obligations · tax_returns · fin_events  [nav09_map]","ادارة المبيعات","الالتزامُ الضريبيُّ يُقيَّد · والفاتورةُ تُقفل ضريبيًّا · ولا تُعدَّل بعده · الحاويةُ الرئيسية تُولَّد · والتغطيةُ تُفتح للتخصيص · وخطةُ الدفع تدخل التدفق · الفاتورةُ تُفتح · والذمةُ المدينةُ تُسجَّل · ومهلةُ السداد تبدأ · الوحداتُ المعتمدةُ تُدرج بأسعار   [nav09_map]"
"محاسب الإدارة المالية",3.309.16,"ثالثًا: المصروف والدفع","طلبات الدفع","طلبات الدفع والسداد · Finance/payments_fin.php","settlements  [nav09_map]","إدارة المالية","التسوياتُ الأربعُ بمستندٍ إلزاميٍّ (chk_settle_adj_doc) — وF-07/F-08 يُحسبان بقادحٍ لا يُدخَلان  [nav09_map]"
"محاسب الإدارة المالية",3.310.17,"ثالثًا: المصروف والدفع","الذمم الدائنة","ذمم الموردين والمستحقات · Finance/dues_fin.php","settlements  [nav09_map]","إدارة المالية","التسوياتُ الأربعُ بمستندٍ إلزاميٍّ (chk_settle_adj_doc) — وF-07/F-08 يُحسبان بقادحٍ لا يُدخَلان  [nav09_map]"
"محاسب الإدارة المالية",3.311.18,"ثالثًا: المصروف والدفع","تسويات الموردين","تسويات ومستحقات الموردين · Suppliers/settlements.php","settlements  [nav09_map]","ادارة الموردين","التسوياتُ الأربعُ بمستندٍ إلزاميٍّ (chk_settle_adj_doc) — وF-07/F-08 يُحسبان بقادحٍ لا يُدخَلان  [nav09_map]"
"محاسب الإدارة المالية",3.311.19,"ثالثًا: المصروف والدفع","تسويات الموردين","كشف حساب المورد الشهري · Finance/supplier_statement_fin.php","settlements  [nav09_map]","إدارة المالية","التسوياتُ الأربعُ بمستندٍ إلزاميٍّ (chk_settle_adj_doc) — وF-07/F-08 يُحسبان بقادحٍ لا يُدخَلان  [nav09_map]"
"محاسب الإدارة المالية",3.312.20,"ثالثًا: المصروف والدفع",المسيّر,"مسيّر الرواتب · Workforce/payroll_runs.php","settlements  [nav09_map]","ادارة الموارد البشرية","التسوياتُ الأربعُ بمستندٍ إلزاميٍّ (chk_settle_adj_doc) — وF-07/F-08 يُحسبان بقادحٍ لا يُدخَلان  [nav09_map]"
"محاسب الإدارة المالية",4.413.21,"رابعًا: التكلفة والتحميل","الصيانة والمخزون","أوامر الصيانة · Maintenance/orders.php","transfer_orders · transfer_events · transfer_cost_lines · work_orders · cost_alloc · work_orders · downtime  [nav09_map]","ادارة الصيانة","إقفالٌ بتكلفةٍ محمَّلةٍ على المشروع — مرفوضٌ بلا مستندِ تسليمٍ مخزَّن · التكلفةُ تُحمَّل · وزمنُ التوقف يُثبَّت · والكرتُ يُحدَّث · والجاهزيةُ تُطلب · زمنُ التوقف يبدأ «تحت التحقق» · والمتحمّلُ مبدئيٌّ · والمعدةُ غيرُ متاحة  [nav09_map]"
"محاسب الإدارة المالية",4.413.22,"رابعًا: التكلفة والتحميل","الصيانة والمخزون","صرف مواد من المخزن · Procurement/issue_proc.php","transfer_orders · transfer_events · transfer_cost_lines · work_orders · cost_alloc · work_orders · downtime  [nav09_map]","إدارة المشتريات","إقفالٌ بتكلفةٍ محمَّلةٍ على المشروع — مرفوضٌ بلا مستندِ تسليمٍ مخزَّن · التكلفةُ تُحمَّل · وزمنُ التوقف يُثبَّت · والكرتُ يُحدَّث · والجاهزيةُ تُطلب · زمنُ التوقف يبدأ «تحت التحقق» · والمتحمّلُ مبدئيٌّ · والمعدةُ غيرُ متاحة  [nav09_map]"
"محاسب الإدارة المالية",4.413.23,"رابعًا: التكلفة والتحميل","الصيانة والمخزون","أرصدة المخزون بحالاتها · Procurement/stock_proc.php","transfer_orders · transfer_events · transfer_cost_lines · work_orders · cost_alloc · work_orders · downtime  [nav09_map]","إدارة المشتريات","إقفالٌ بتكلفةٍ محمَّلةٍ على المشروع — مرفوضٌ بلا مستندِ تسليمٍ مخزَّن · التكلفةُ تُحمَّل · وزمنُ التوقف يُثبَّت · والكرتُ يُحدَّث · والجاهزيةُ تُطلب · زمنُ التوقف يبدأ «تحت التحقق» · والمتحمّلُ مبدئيٌّ · والمعدةُ غيرُ متاحة  [nav09_map]"
"محاسب الإدارة المالية",4.414.24,"رابعًا: التكلفة والتحميل",الترحيل,"إقفال الأمر وتحميل تكلفته · Transport/transfer_close_cost.php","transfer_orders · transfer_events · transfer_cost_lines · work_orders · cost_alloc · work_orders · downtime  [nav09_map]","إدارة النقل والترحيل","إقفالٌ بتكلفةٍ محمَّلةٍ على المشروع — مرفوضٌ بلا مستندِ تسليمٍ مخزَّن · التكلفةُ تُحمَّل · وزمنُ التوقف يُثبَّت · والكرتُ يُحدَّث · والجاهزيةُ تُطلب · زمنُ التوقف يبدأ «تحت التحقق» · والمتحمّلُ مبدئيٌّ · والمعدةُ غيرُ متاحة  [nav09_map]"
"محاسب الإدارة المالية",4.415.25,"رابعًا: التكلفة والتحميل","تكلفة التمويل","توزيع تكلفة التمويل على المشاريع · Financing/cost_allocation.php","transfer_orders · transfer_events · transfer_cost_lines · work_orders · cost_alloc · work_orders · downtime  [nav09_map]","إدارة التمويل","إقفالٌ بتكلفةٍ محمَّلةٍ على المشروع — مرفوضٌ بلا مستندِ تسليمٍ مخزَّن · التكلفةُ تُحمَّل · وزمنُ التوقف يُثبَّت · والكرتُ يُحدَّث · والجاهزيةُ تُطلب · زمنُ التوقف يبدأ «تحت التحقق» · والمتحمّلُ مبدئيٌّ · والمعدةُ غيرُ متاحة  [nav09_map]"
"محاسب الإدارة المالية",4.416.26,"رابعًا: التكلفة والتحميل",الإهلاك,"الإهلاك والقيمة الدفترية · Finance/assets_fin.php","transfer_orders · transfer_events · transfer_cost_lines · work_orders · cost_alloc · work_orders · downtime  [nav09_map]","إدارة المالية","إقفالٌ بتكلفةٍ محمَّلةٍ على المشروع — مرفوضٌ بلا مستندِ تسليمٍ مخزَّن · التكلفةُ تُحمَّل · وزمنُ التوقف يُثبَّت · والكرتُ يُحدَّث · والجاهزيةُ تُطلب · زمنُ التوقف يبدأ «تحت التحقق» · والمتحمّلُ مبدئيٌّ · والمعدةُ غيرُ متاحة  [nav09_map]"
"محاسب الإدارة المالية",5.517.27,"خامسًا: الخزينة والمطابقة",الخزينة,"الخزينة والصناديق · Finance/accounts_fin.php","— لا مصدر","إدارة المالية","سادسًا: القيود والدفاتر  [cycle_order]"
"محاسب الإدارة المالية",5.518.28,"خامسًا: الخزينة والمطابقة","المطابقة البنكية","المطابقة البنكية · Finance/bank_reconciliation_fin.php","— لا مصدر","إدارة المالية","سادسًا: القيود والدفاتر  [cycle_order]"
"محاسب الإدارة المالية",5.519.29,"خامسًا: الخزينة والمطابقة","أسعار الصرف","أسعار الصرف · Finance/currencies_fin.php","— لا مصدر","إدارة المالية","سادسًا: القيود والدفاتر  [cycle_order]"
"محاسب الإدارة المالية",5.520.30,"خامسًا: الخزينة والمطابقة","التدفق النقدي","التدفق النقدي والتنبؤ · Finance/cash_forecast_fin.php","— لا مصدر","إدارة المالية","سادسًا: القيود والدفاتر  [cycle_order]"
"محاسب الإدارة المالية",6.621.31,"سادسًا: القيود والدفاتر","مكتب المحاسب","مهام المحاسب اليومية · FinRequests/accountant_desk.php","journal_entries  [nav09_map]","محاسب الإدارة المالية","القيدُ يُرفع للمراجعة قبل النشر — ولا ينشر المحاسبُ قيدَه  [nav09_map]"
"محاسب الإدارة المالية",6.622.32,"سادسًا: القيود والدفاتر",القيود,"القيود اليومية · Finance/journal_form_fin.php","journal_entries  [nav09_map]","إدارة المالية","القيدُ يُرفع للمراجعة قبل النشر — ولا ينشر المحاسبُ قيدَه  [nav09_map]"
"محاسب الإدارة المالية",6.623.33,"سادسًا: القيود والدفاتر","دليل الحسابات","دليل الحسابات ومراكز التكلفة · Finance/management_accounting_fin.php","journal_entries  [nav09_map]","إدارة المالية","القيدُ يُرفع للمراجعة قبل النشر — ولا ينشر المحاسبُ قيدَه  [nav09_map]"
"محاسب الإدارة المالية",6.624.34,"سادسًا: القيود والدفاتر","الضرائب والإقرارات","الفاتورة الضريبية والإقرارات · Contracts/tax_invoices.php#2","journal_entries  [nav09_map]","ادارة المبيعات","القيدُ يُرفع للمراجعة قبل النشر — ولا ينشر المحاسبُ قيدَه  [nav09_map]"
"محاسب الإدارة المالية",7.725.35,"سابعًا: الإقفال والموازنة","إقفال الفترة","إقفال الفترة المحاسبية · Finance/periods_fin.php","budget_change_requests · budget_commitments · budgets  [nav09_map]","إدارة المالية","الطلبُ يدخل سلّمَ الاعتماد ببيان أثره — ولا يُعدَّل السقفُ قبل الاعتماد · المتاحُ ينخفض قبل الصرف · وتجاوزُ السقف يوقف الطلبَ حتى الاعتماد · سقفُ كل إدارةٍ يُثبَّت · وطلباتُ الصرف تُفحص عليه · والتجاوزُ يُوقف حتى الاعتماد  [nav09_map]"
"محاسب الإدارة المالية",7.726.36,"سابعًا: الإقفال والموازنة",الموازنة,"الموازنة العامة · Finance/budget_master.php","budget_change_requests · budget_commitments · budgets  [nav09_map]","إدارة المالية","الطلبُ يدخل سلّمَ الاعتماد ببيان أثره — ولا يُعدَّل السقفُ قبل الاعتماد · المتاحُ ينخفض قبل الصرف · وتجاوزُ السقف يوقف الطلبَ حتى الاعتماد · سقفُ كل إدارةٍ يُثبَّت · وطلباتُ الصرف تُفحص عليه · والتجاوزُ يُوقف حتى الاعتماد  [nav09_map]"
"محاسب الإدارة المالية",7.726.37,"سابعًا: الإقفال والموازنة",الموازنة,"ميزانية إدارتي · Finance/budget_dept.php","budget_change_requests · budget_commitments · budgets  [nav09_map]","إدارة المالية","الطلبُ يدخل سلّمَ الاعتماد ببيان أثره — ولا يُعدَّل السقفُ قبل الاعتماد · المتاحُ ينخفض قبل الصرف · وتجاوزُ السقف يوقف الطلبَ حتى الاعتماد · سقفُ كل إدارةٍ يُثبَّت · وطلباتُ الصرف تُفحص عليه · والتجاوزُ يُوقف حتى الاعتماد  [nav09_map]"
"محاسب الإدارة المالية",7.727.38,"سابعًا: الإقفال والموازنة","القوائم المالية","القوائم المالية · Finance/financial_statements_fin.php","budget_change_requests · budget_commitments · budgets  [nav09_map]","إدارة المالية","الطلبُ يدخل سلّمَ الاعتماد ببيان أثره — ولا يُعدَّل السقفُ قبل الاعتماد · المتاحُ ينخفض قبل الصرف · وتجاوزُ السقف يوقف الطلبَ حتى الاعتماد · سقفُ كل إدارةٍ يُثبَّت · وطلباتُ الصرف تُفحص عليه · والتجاوزُ يُوقف حتى الاعتماد  [nav09_map]"
"محاسب الإدارة المالية",7.728.39,"سابعًا: الإقفال والموازنة","مخصص الصيانة","مخصص الصيانة والعمرات · Finance/maintenance_provision_fin.php","budget_change_requests · budget_commitments · budgets  [nav09_map]","إدارة المالية","الطلبُ يدخل سلّمَ الاعتماد ببيان أثره — ولا يُعدَّل السقفُ قبل الاعتماد · المتاحُ ينخفض قبل الصرف · وتجاوزُ السقف يوقف الطلبَ حتى الاعتماد · سقفُ كل إدارةٍ يُثبَّت · وطلباتُ الصرف تُفحص عليه · والتجاوزُ يُوقف حتى الاعتماد  [nav09_map]"
"محاسب الإدارة المالية",8.829.40,"متابعة وتقارير المالية","الهامش والتكلفة","هامش الربح للعقد والواقعة · Reports/margin_report.php","export_log  [nav09_map]","إدارة المالية","الملفُّ يُصدَّر بنطاق المستخدم وحدَه · وكلُّ تصديرٍ يُسجَّل بالمستخدم والفلاتر · خيطٌ متصلٌ من الواقعة التشغيلية إلى القيد المحاسبي — بلا انقطاع  [nav09_map]"
"محاسب الإدارة المالية",8.829.41,"متابعة وتقارير المالية","الهامش والتكلفة","التكاليف والربحية بالمركز · Finance/cost_report_fin.php","export_log  [nav09_map]","إدارة المالية","الملفُّ يُصدَّر بنطاق المستخدم وحدَه · وكلُّ تصديرٍ يُسجَّل بالمستخدم والفلاتر · خيطٌ متصلٌ من الواقعة التشغيلية إلى القيد المحاسبي — بلا انقطاع  [nav09_map]"
"محاسب الإدارة المالية",8.830.42,"متابعة وتقارير المالية","الانحراف وزمن الدورة","متابعة انحراف المنفَّذ عن المخطط · Finance/variance_monitor_fin.php","export_log  [nav09_map]","إدارة المالية","الملفُّ يُصدَّر بنطاق المستخدم وحدَه · وكلُّ تصديرٍ يُسجَّل بالمستخدم والفلاتر · خيطٌ متصلٌ من الواقعة التشغيلية إلى القيد المحاسبي — بلا انقطاع  [nav09_map]"
"محاسب الإدارة المالية",8.830.43,"متابعة وتقارير المالية","الانحراف وزمن الدورة","زمن دورة الطلبات · FinRequests/cycle_time_board.php","export_log  [nav09_map]","إدارة المالية","الملفُّ يُصدَّر بنطاق المستخدم وحدَه · وكلُّ تصديرٍ يُسجَّل بالمستخدم والفلاتر · خيطٌ متصلٌ من الواقعة التشغيلية إلى القيد المحاسبي — بلا انقطاع  [nav09_map]"
"محاسب الإدارة المالية",8.831.44,"متابعة وتقارير المالية","سجل الحركة المالية","تتبّع الأثر من الواقعة إلى القيد · FinRequests/effect_map.php","export_log  [nav09_map]","إدارة المالية","الملفُّ يُصدَّر بنطاق المستخدم وحدَه · وكلُّ تصديرٍ يُسجَّل بالمستخدم والفلاتر · خيطٌ متصلٌ من الواقعة التشغيلية إلى القيد المحاسبي — بلا انقطاع  [nav09_map]"
"محاسب الإدارة المالية",8.832.45,"متابعة وتقارير المالية","المتابعة والبلاغات","بلاغات إدارتي · Tickets/dept_inbox.php","export_log  [nav09_map]","إدارة البلاغات","الملفُّ يُصدَّر بنطاق المستخدم وحدَه · وكلُّ تصديرٍ يُسجَّل بالمستخدم والفلاتر · خيطٌ متصلٌ من الواقعة التشغيلية إلى القيد المحاسبي — بلا انقطاع  [nav09_map]"
"محاسب الإدارة المالية",8.832.46,"متابعة وتقارير المالية","المتابعة والبلاغات","أبلغ عن مشكلة من هذه الشاشة · Tickets/ticket_contextual_open.php","export_log  [nav09_map]","— لا وحدة","الملفُّ يُصدَّر بنطاق المستخدم وحدَه · وكلُّ تصديرٍ يُسجَّل بالمستخدم والفلاتر · خيطٌ متصلٌ من الواقعة التشغيلية إلى القيد المحاسبي — بلا انقطاع  [nav09_map]"
"محاسب الإدارة المالية",8.832.47,"متابعة وتقارير المالية","المتابعة والبلاغات","صندوق ما ينتظر اعتمادي · Finance/approvals_inbox.php#2","export_log  [nav09_map]","إدارة المالية","الملفُّ يُصدَّر بنطاق المستخدم وحدَه · وكلُّ تصديرٍ يُسجَّل بالمستخدم والفلاتر · خيطٌ متصلٌ من الواقعة التشغيلية إلى القيد المحاسبي — بلا انقطاع  [nav09_map]"
"محاسب الإدارة المالية",8.833.48,"متابعة وتقارير المالية","الميزانية والإنجاز","ميزانية إدارتي · Finance/budget_dept.php#2","export_log  [nav09_map]","إدارة المالية","الملفُّ يُصدَّر بنطاق المستخدم وحدَه · وكلُّ تصديرٍ يُسجَّل بالمستخدم والفلاتر · خيطٌ متصلٌ من الواقعة التشغيلية إلى القيد المحاسبي — بلا انقطاع  [nav09_map]"
"محاسب الإدارة المالية",8.833.49,"متابعة وتقارير المالية","الميزانية والإنجاز","إنجاز الإدارة · Portal/dept_achievement.php","export_log  [nav09_map]","إدارة الصلاحيات","الملفُّ يُصدَّر بنطاق المستخدم وحدَه · وكلُّ تصديرٍ يُسجَّل بالمستخدم والفلاتر · خيطٌ متصلٌ من الواقعة التشغيلية إلى القيد المحاسبي — بلا انقطاع  [nav09_map]"
"محاسب الإدارة المالية",8.833.50,"متابعة وتقارير المالية","الميزانية والإنجاز","مركز التقارير · emsreports/index.php","export_log  [nav09_map]","إدارة الصلاحيات","الملفُّ يُصدَّر بنطاق المستخدم وحدَه · وكلُّ تصديرٍ يُسجَّل بالمستخدم والفلاتر · خيطٌ متصلٌ من الواقعة التشغيلية إلى القيد المحاسبي — بلا انقطاع  [nav09_map]"
"محاسب الإدارة المالية",9.934.51,"إعدادات المالية","قواعد التوجيه","قواعد توجيه الطلبات المالية · FinRequests/routing_admin.php","routing_rules  [nav09_map]","إدارة المالية","كلُّ طلبٍ بعدها يسلك المسارَ الجديد بسقوفه — ولا يُوجَّه يدويًّا  [nav09_map]"
"محاسب الإدارة المالية",9.935.52,"إعدادات المالية",العملات,"أسعار الصرف · Finance/currencies_fin.php#2","routing_rules  [nav09_map]","إدارة المالية","كلُّ طلبٍ بعدها يسلك المسارَ الجديد بسقوفه — ولا يُوجَّه يدويًّا  [nav09_map]"
"محاسب الإدارة المالية",99.9900.50,"خارج الوثيقة — بانتظار قرار المالك","أخرى — للمراجعة","لوحة محاسب الإدارة المالية · Finance/cfo_daily_board_fin.php","fin_backflow_log.state=closed_done  [nav09_map]","إدارة المالية","BR-06: صفرُ إشعارٍ محذوف — والإغلاقُ بسببٍ مسجَّل  [nav09_map]"
"محاسب الإدارة المالية",99.9900.50,"خارج الوثيقة — بانتظار قرار المالك","أخرى — للمراجعة","اللوحة التنفيذية · Finance/executive_dashboard_fin.php","fin_backflow_log.state=closed_done  [nav09_map]","إدارة المالية","BR-06: صفرُ إشعارٍ محذوف — والإغلاقُ بسببٍ مسجَّل  [nav09_map]"
"محاسب الإدارة المالية",99.9900.50,"خارج الوثيقة — بانتظار قرار المالك","أخرى — للمراجعة","المحاسبون والوحدات · Finance/accountants_fin.php","fin_backflow_log.state=closed_done  [nav09_map]","إدارة المالية","BR-06: صفرُ إشعارٍ محذوف — والإغلاقُ بسببٍ مسجَّل  [nav09_map]"
"محاسب الإدارة المالية",99.9900.50,"خارج الوثيقة — بانتظار قرار المالك","أخرى — للمراجعة","أحكام العميل والمورد والمشغّل · Finance/unit_records_fin.php","fin_backflow_log.state=closed_done  [nav09_map]","إدارة المالية","BR-06: صفرُ إشعارٍ محذوف — والإغلاقُ بسببٍ مسجَّل  [nav09_map]"
"محاسب الإدارة المالية",99.9900.50,"خارج الوثيقة — بانتظار قرار المالك","أخرى — للمراجعة","استقبال معاملات الإدارات · Finance/import_events_fin.php","fin_backflow_log.state=closed_done  [nav09_map]","إدارة المالية","BR-06: صفرُ إشعارٍ محذوف — والإغلاقُ بسببٍ مسجَّل  [nav09_map]"
"محاسب الإدارة المالية",99.9900.50,"خارج الوثيقة — بانتظار قرار المالك","أخرى — للمراجعة","الضرائب والقيمة المضافة · Finance/tax_fin.php","fin_backflow_log.state=closed_done  [nav09_map]","إدارة المالية","BR-06: صفرُ إشعارٍ محذوف — والإغلاقُ بسببٍ مسجَّل  [nav09_map]"
"محاسب الإدارة المالية",99.9900.50,"خارج الوثيقة — بانتظار قرار المالك","أخرى — للمراجعة","الطلبات المالية · FinRequests/finance_gateway.php","fin_backflow_log.state=closed_done  [nav09_map]","إدارة المالية","BR-06: صفرُ إشعارٍ محذوف — والإغلاقُ بسببٍ مسجَّل  [nav09_map]"
"محاسب الإدارة المالية",99.9900.50,"خارج الوثيقة — بانتظار قرار المالك","أخرى — للمراجعة","تسويات الموظفين · Workforce/employee_settlements.php","fin_backflow_log.state=closed_done  [nav09_map]","ادارة الموارد البشرية","BR-06: صفرُ إشعارٍ محذوف — والإغلاقُ بسببٍ مسجَّل  [nav09_map]"
"محاسب الإدارة المالية",99.9900.50,"خارج الوثيقة — بانتظار قرار المالك","أخرى — للمراجعة","الدوريات المالية · Finance/periodic_events_fin.php","fin_backflow_log.state=closed_done  [nav09_map]","إدارة المالية","BR-06: صفرُ إشعارٍ محذوف — والإغلاقُ بسببٍ مسجَّل  [nav09_map]"
"محاسب الإدارة المالية",99.9900.81,"خارج الوثيقة — بانتظار قرار المالك","أخرى — للمراجعة","مساحة عملي اليوم — محاسب التخصص · Finance/acc_my_day.php","fin_backflow_log.state=closed_done  [nav09_map]","محاسب الإدارة المالية","BR-06: صفرُ إشعارٍ محذوف — والإغلاقُ بسببٍ مسجَّل  [nav09_map]"
"محاسب الإدارة المالية",99.9900.82,"خارج الوثيقة — بانتظار قرار المالك","أخرى — للمراجعة","المرتجَع المالي للإدارات · Finance/acc_backflow.php","fin_backflow_log.state=closed_done  [nav09_map]","محاسب الإدارة المالية","BR-06: صفرُ إشعارٍ محذوف — والإغلاقُ بسببٍ مسجَّل  [nav09_map]"
"محاسب الإدارة المالية",99.9900.83,"خارج الوثيقة — بانتظار قرار المالك","أخرى — للمراجعة","سلسلة الاعتماد الرباعية · Finance/acc_approval_chain.php","fin_backflow_log.state=closed_done  [nav09_map]","محاسب الإدارة المالية","BR-06: صفرُ إشعارٍ محذوف — والإغلاقُ بسببٍ مسجَّل  [nav09_map]"
"مدير الإدارة المالية",—,"(بلا مرحلة)","لوحة الإدارة","مساحة عملي · main/my_workspace.php","— لا مصدر","— لا وحدة","— لا مصدر"
"مدير الإدارة المالية",—,"(بلا مرحلة)","لوحة الإدارة","اللوحة التجارية للعقود · Contracts/commercial_board.php","— لا مصدر","ادارة المبيعات","— لا مصدر"
"مدير الإدارة المالية",—,"(بلا مرحلة)","السجلات والملفات","سجل الكيانات · Governance/entities_registry.php","— لا مصدر","ادارة التشغيل","— لا مصدر"
"مدير الإدارة المالية",—,"(بلا مرحلة)","السجلات والملفات","التفويض بالتوقيع · Governance/signing_authority.php","— لا مصدر","ادارة التشغيل","— لا مصدر"
"مدير الإدارة المالية",—,"(بلا مرحلة)","السجلات والملفات","التراخيص والكفالات · Governance/licenses_guarantees.php","— لا مصدر","ادارة التشغيل","— لا مصدر"
"مدير الإدارة المالية",—,"(بلا مرحلة)","السجلات والملفات","المعاملات المالية · Finance/events_list_fin.php","— لا مصدر","إدارة المالية","— لا مصدر"
"مدير الإدارة المالية",—,"(بلا مرحلة)","السجلات والملفات","التمويل والالتزامات · Finance/funding_fin.php","— لا مصدر","إدارة المالية","— لا مصدر"
"مدير الإدارة المالية",—,"(بلا مرحلة)","السجلات والملفات","مصفوفة التزامات العقد · Contracts/contract_obligations.php","— لا مصدر","ادارة المبيعات","— لا مصدر"
"مدير الإدارة المالية",—,"(بلا مرحلة)","السجلات والملفات","احتساب الجزاءات والحوافز · Contracts/penalties.php","— لا مصدر","ادارة المبيعات","— لا مصدر"
"مدير الإدارة المالية",—,"(بلا مرحلة)","المتابعة والاستثناءات","الميزانية والانحراف · Finance/budget_form_fin.php","— لا مصدر","إدارة المالية","— لا مصدر"
"مدير الإدارة المالية",—,"(بلا مرحلة)",التقارير,"تقارير الطلبات المالية · FinRequests/requests_reports.php","— لا مصدر","إدارة المالية","— لا مصدر"
"مدير الإدارة المالية",—,"(بلا مرحلة)",الإعدادات,"سياسات مستحقات المشغّلين · Finance/operator_pay_policies_fin.php","— لا مصدر","إدارة المالية","— لا مصدر"
"مدير الإدارة المالية",0.1.1,"لوحة الإدارة","مساحتي الشخصية","مهامي · Portal/my_tasks.php","requests · tasks · workflow  [nav09_map]","مساحة عملي  [إدارة]","الطلبُ يدخل صندوقَ اعتماد المعنيّ بمساره — ويظهر في «طلباتي» بحالته · المهمةُ تُقفل · والخطوةُ التاليةُ تُفتح لصاحبها · ومهلةُ المسار تُحدَّث · تُصيَّر المكوّناتُ التي منحته إياها الحوكمةُ وحدَها · ومشغّلُ المعدة يرى معدتَه ومشغّلَها الآخر · يُعاد الحسابُ  [nav09_map]"
"مدير الإدارة المالية",0.1.2,"لوحة الإدارة","مساحتي الشخصية","إنجازي · Portal/my_achievement.php","requests · tasks · workflow  [nav09_map]","إدارة الصلاحيات","الطلبُ يدخل صندوقَ اعتماد المعنيّ بمساره — ويظهر في «طلباتي» بحالته · المهمةُ تُقفل · والخطوةُ التاليةُ تُفتح لصاحبها · ومهلةُ المسار تُحدَّث · تُصيَّر المكوّناتُ التي منحته إياها الحوكمةُ وحدَها · ومشغّلُ المعدة يرى معدتَه ومشغّلَها الآخر · يُعاد الحسابُ  [nav09_map]"
"مدير الإدارة المالية",0.1.3,"لوحة الإدارة","مساحتي الشخصية","بوابتي · Portal/my_portal.php","requests · tasks · workflow  [nav09_map]","إدارة الصلاحيات","الطلبُ يدخل صندوقَ اعتماد المعنيّ بمساره — ويظهر في «طلباتي» بحالته · المهمةُ تُقفل · والخطوةُ التاليةُ تُفتح لصاحبها · ومهلةُ المسار تُحدَّث · تُصيَّر المكوّناتُ التي منحته إياها الحوكمةُ وحدَها · ومشغّلُ المعدة يرى معدتَه ومشغّلَها الآخر · يُعاد الحسابُ  [nav09_map]"
"مدير الإدارة المالية",0.1.4,"لوحة الإدارة","مساحتي الشخصية","طلباتي · FinRequests/my_requests.php","requests · tasks · workflow  [nav09_map]","ادارة الصيانة","الطلبُ يدخل صندوقَ اعتماد المعنيّ بمساره — ويظهر في «طلباتي» بحالته · المهمةُ تُقفل · والخطوةُ التاليةُ تُفتح لصاحبها · ومهلةُ المسار تُحدَّث · تُصيَّر المكوّناتُ التي منحته إياها الحوكمةُ وحدَها · ومشغّلُ المعدة يرى معدتَه ومشغّلَها الآخر · يُعاد الحسابُ  [nav09_map]"
"مدير الإدارة المالية",0.1.5,"لوحة الإدارة","مساحتي الشخصية","المراسلات · chats/index.php","requests · tasks · workflow  [nav09_map]","— لا وحدة","الطلبُ يدخل صندوقَ اعتماد المعنيّ بمساره — ويظهر في «طلباتي» بحالته · المهمةُ تُقفل · والخطوةُ التاليةُ تُفتح لصاحبها · ومهلةُ المسار تُحدَّث · تُصيَّر المكوّناتُ التي منحته إياها الحوكمةُ وحدَها · ومشغّلُ المعدة يرى معدتَه ومشغّلَها الآخر · يُعاد الحسابُ  [nav09_map]"
"مدير الإدارة المالية",0.4.71,,"الملفاتُ والكشوف","نطاقات العقد التشغيلية · Contracts/contract_sites.php","requests · tasks · workflow  [nav09_map]","ادارة المبيعات","الطلبُ يدخل صندوقَ اعتماد المعنيّ بمساره — ويظهر في «طلباتي» بحالته · المهمةُ تُقفل · والخطوةُ التاليةُ تُفتح لصاحبها · ومهلةُ المسار تُحدَّث · تُصيَّر المكوّناتُ التي منحته إياها الحوكمةُ وحدَها · ومشغّلُ المعدة يرى معدتَه ومشغّلَها الآخر · يُعاد الحسابُ  [nav09_map]"
"مدير الإدارة المالية",0.4.72,,"الملفاتُ والكشوف","بنود عقد العميل وقيمته · Contracts/contract_lines.php","requests · tasks · workflow  [nav09_map]","ادارة المبيعات","الطلبُ يدخل صندوقَ اعتماد المعنيّ بمساره — ويظهر في «طلباتي» بحالته · المهمةُ تُقفل · والخطوةُ التاليةُ تُفتح لصاحبها · ومهلةُ المسار تُحدَّث · تُصيَّر المكوّناتُ التي منحته إياها الحوكمةُ وحدَها · ومشغّلُ المعدة يرى معدتَه ومشغّلَها الآخر · يُعاد الحسابُ  [nav09_map]"
"مدير الإدارة المالية",0.4.73,,"الملفاتُ والكشوف","الجدول الشهري للعقد · Contracts/contract_monthly_plan.php","requests · tasks · workflow  [nav09_map]","ادارة المبيعات","الطلبُ يدخل صندوقَ اعتماد المعنيّ بمساره — ويظهر في «طلباتي» بحالته · المهمةُ تُقفل · والخطوةُ التاليةُ تُفتح لصاحبها · ومهلةُ المسار تُحدَّث · تُصيَّر المكوّناتُ التي منحته إياها الحوكمةُ وحدَها · ومشغّلُ المعدة يرى معدتَه ومشغّلَها الآخر · يُعاد الحسابُ  [nav09_map]"
"مدير الإدارة المالية",0.4.75,,"الملفاتُ والكشوف","خطة دفع العقد · Contracts/contract_payment_schedule.php","requests · tasks · workflow  [nav09_map]","ادارة المبيعات","الطلبُ يدخل صندوقَ اعتماد المعنيّ بمساره — ويظهر في «طلباتي» بحالته · المهمةُ تُقفل · والخطوةُ التاليةُ تُفتح لصاحبها · ومهلةُ المسار تُحدَّث · تُصيَّر المكوّناتُ التي منحته إياها الحوكمةُ وحدَها · ومشغّلُ المعدة يرى معدتَه ومشغّلَها الآخر · يُعاد الحسابُ  [nav09_map]"
"مدير الإدارة المالية",0.4.76,,"الملفاتُ والكشوف","ضمانات العقد · Contracts/contract_guarantees.php","requests · tasks · workflow  [nav09_map]","ادارة المبيعات","الطلبُ يدخل صندوقَ اعتماد المعنيّ بمساره — ويظهر في «طلباتي» بحالته · المهمةُ تُقفل · والخطوةُ التاليةُ تُفتح لصاحبها · ومهلةُ المسار تُحدَّث · تُصيَّر المكوّناتُ التي منحته إياها الحوكمةُ وحدَها · ومشغّلُ المعدة يرى معدتَه ومشغّلَها الآخر · يُعاد الحسابُ  [nav09_map]"
"مدير الإدارة المالية",0.4.77,,"الملفاتُ والكشوف","ربط الخطة بالفعلي · Contracts/plan_actual_link.php","requests · tasks · workflow  [nav09_map]","ادارة المبيعات","الطلبُ يدخل صندوقَ اعتماد المعنيّ بمساره — ويظهر في «طلباتي» بحالته · المهمةُ تُقفل · والخطوةُ التاليةُ تُفتح لصاحبها · ومهلةُ المسار تُحدَّث · تُصيَّر المكوّناتُ التي منحته إياها الحوكمةُ وحدَها · ومشغّلُ المعدة يرى معدتَه ومشغّلَها الآخر · يُعاد الحسابُ  [nav09_map]"
"مدير الإدارة المالية",0.4.78,,"الملفاتُ والكشوف","خط أساس العقد · Contracts/contract_baseline.php","requests · tasks · workflow  [nav09_map]","ادارة المبيعات","الطلبُ يدخل صندوقَ اعتماد المعنيّ بمساره — ويظهر في «طلباتي» بحالته · المهمةُ تُقفل · والخطوةُ التاليةُ تُفتح لصاحبها · ومهلةُ المسار تُحدَّث · تُصيَّر المكوّناتُ التي منحته إياها الحوكمةُ وحدَها · ومشغّلُ المعدة يرى معدتَه ومشغّلَها الآخر · يُعاد الحسابُ  [nav09_map]"
"مدير الإدارة المالية",0.4.79,,"الملفاتُ والكشوف","اقتصاد دورة حياة العقد · Contracts/contract_lifecycle.php","requests · tasks · workflow  [nav09_map]","ادارة المبيعات","الطلبُ يدخل صندوقَ اعتماد المعنيّ بمساره — ويظهر في «طلباتي» بحالته · المهمةُ تُقفل · والخطوةُ التاليةُ تُفتح لصاحبها · ومهلةُ المسار تُحدَّث · تُصيَّر المكوّناتُ التي منحته إياها الحوكمةُ وحدَها · ومشغّلُ المعدة يرى معدتَه ومشغّلَها الآخر · يُعاد الحسابُ  [nav09_map]"
"مدير الإدارة المالية",1.102.6,"أولًا: تحويل العمل إلى مستحق","بوابة الاستحقاق","فحص شروط الاستحقاق · Finance/entitlement_gate.php","approval_chain · approval_chain · attribution · approvals · approvals · audit · approvals · reasons · entitlement_gate · fin_events · fin_events · fin_events · receivables · payables · meter_readings · period_close · locks · unit_effects · ems_business_ev  [nav09_map]","إدارة المالية","إيرادُ العميل وذمةُ المورد وأجرُ المشغّل تتولد بأحكامٍ ثلاثةٍ مستقلة · وخطةُ العقد تُحدَّث · والإهلاكُ يُحتسب · إيرادُ العميل وذمةُ المورد وأجرُ المشغّل تتولد من واقعةٍ واحدةٍ بأحكامٍ ثلاثةٍ مستقلة — ولا أثرَ قبل هذه اللحظة · الأثرُ يُنقل إلى «مردود» بسبب  [nav09_map]"
"مدير الإدارة المالية",1.103.7,"أولًا: تحويل العمل إلى مستحق","أحكام الأطراف","توليد المستحق من العمل المعتمد · Finance/entitlement.php","approval_chain · approval_chain · attribution · approvals · approvals · audit · approvals · reasons · entitlement_gate · fin_events · fin_events · fin_events · receivables · payables · meter_readings · period_close · locks · unit_effects · ems_business_ev  [nav09_map]","إدارة المالية","إيرادُ العميل وذمةُ المورد وأجرُ المشغّل تتولد بأحكامٍ ثلاثةٍ مستقلة · وخطةُ العقد تُحدَّث · والإهلاكُ يُحتسب · إيرادُ العميل وذمةُ المورد وأجرُ المشغّل تتولد من واقعةٍ واحدةٍ بأحكامٍ ثلاثةٍ مستقلة — ولا أثرَ قبل هذه اللحظة · الأثرُ يُنقل إلى «مردود» بسبب  [nav09_map]"
"مدير الإدارة المالية",1.104.8,"أولًا: تحويل العمل إلى مستحق","الإقفال والوحدات","الإقفال الشهري للوحدة · Operations/monthly_close.php","approval_chain · approval_chain · attribution · approvals · approvals · audit · approvals · reasons · entitlement_gate · fin_events · fin_events · fin_events · receivables · payables · meter_readings · period_close · locks · unit_effects · ems_business_ev  [nav09_map]","ادارة التشغيل","إيرادُ العميل وذمةُ المورد وأجرُ المشغّل تتولد بأحكامٍ ثلاثةٍ مستقلة · وخطةُ العقد تُحدَّث · والإهلاكُ يُحتسب · إيرادُ العميل وذمةُ المورد وأجرُ المشغّل تتولد من واقعةٍ واحدةٍ بأحكامٍ ثلاثةٍ مستقلة — ولا أثرَ قبل هذه اللحظة · الأثرُ يُنقل إلى «مردود» بسبب  [nav09_map]"
"مدير الإدارة المالية",1.104.9,"أولًا: تحويل العمل إلى مستحق","الإقفال والوحدات","تسجيل التايم شيت والإنتاج · Timesheet/timesheet.php","approval_chain · approval_chain · attribution · approvals · approvals · audit · approvals · reasons · entitlement_gate · fin_events · fin_events · fin_events · receivables · payables · meter_readings · period_close · locks · unit_effects · ems_business_ev  [nav09_map]","إدارة الموقع","إيرادُ العميل وذمةُ المورد وأجرُ المشغّل تتولد بأحكامٍ ثلاثةٍ مستقلة · وخطةُ العقد تُحدَّث · والإهلاكُ يُحتسب · إيرادُ العميل وذمةُ المورد وأجرُ المشغّل تتولد من واقعةٍ واحدةٍ بأحكامٍ ثلاثةٍ مستقلة — ولا أثرَ قبل هذه اللحظة · الأثرُ يُنقل إلى «مردود» بسبب  [nav09_map]"
"مدير الإدارة المالية",1.105.10,"أولًا: تحويل العمل إلى مستحق","صندوق الاعتماد","صندوق ما ينتظر اعتمادي · Finance/approvals_inbox.php","approval_chain · approval_chain · attribution · approvals · approvals · audit · approvals · reasons · entitlement_gate · fin_events · fin_events · fin_events · receivables · payables · meter_readings · period_close · locks · unit_effects · ems_business_ev  [nav09_map]","إدارة المالية","إيرادُ العميل وذمةُ المورد وأجرُ المشغّل تتولد بأحكامٍ ثلاثةٍ مستقلة · وخطةُ العقد تُحدَّث · والإهلاكُ يُحتسب · إيرادُ العميل وذمةُ المورد وأجرُ المشغّل تتولد من واقعةٍ واحدةٍ بأحكامٍ ثلاثةٍ مستقلة — ولا أثرَ قبل هذه اللحظة · الأثرُ يُنقل إلى «مردود» بسبب  [nav09_map]"
"مدير الإدارة المالية",2.206.11,"ثانيًا: الإيراد والفوترة","المستخلصات والفواتير","المستخلصات والمطالبات · Contracts/claims.php","حالةُ الوحدةِ «معتمدةٌ يوميًّا»  [LAD-01]","ادارة المبيعات","الالتزامُ الضريبيُّ يُقيَّد · والفاتورةُ تُقفل ضريبيًّا · ولا تُعدَّل بعده · الحاويةُ الرئيسية تُولَّد · والتغطيةُ تُفتح للتخصيص · وخطةُ الدفع تدخل التدفق · الفاتورةُ تُفتح · والذمةُ المدينةُ تُسجَّل · ومهلةُ السداد تبدأ · الوحداتُ المعتمدةُ تُدرج بأسعار   [nav09_map]"
"مدير الإدارة المالية",2.206.12,"ثانيًا: الإيراد والفوترة","المستخلصات والفواتير","فواتير العملاء · Contracts/tax_invoices.php","حالةُ الوحدةِ «معتمدةٌ يوميًّا»  [LAD-01]","ادارة المبيعات","الالتزامُ الضريبيُّ يُقيَّد · والفاتورةُ تُقفل ضريبيًّا · ولا تُعدَّل بعده · الحاويةُ الرئيسية تُولَّد · والتغطيةُ تُفتح للتخصيص · وخطةُ الدفع تدخل التدفق · الفاتورةُ تُفتح · والذمةُ المدينةُ تُسجَّل · ومهلةُ السداد تبدأ · الوحداتُ المعتمدةُ تُدرج بأسعار   [nav09_map]"
"مدير الإدارة المالية",2.207.13,"ثانيًا: الإيراد والفوترة","الذمم المدينة","ذمم العملاء وأعمارها · Contracts/collections.php","حالةُ الوحدةِ «معتمدةٌ يوميًّا»  [LAD-01]","إدارة المالية","الالتزامُ الضريبيُّ يُقيَّد · والفاتورةُ تُقفل ضريبيًّا · ولا تُعدَّل بعده · الحاويةُ الرئيسية تُولَّد · والتغطيةُ تُفتح للتخصيص · وخطةُ الدفع تدخل التدفق · الفاتورةُ تُفتح · والذمةُ المدينةُ تُسجَّل · ومهلةُ السداد تبدأ · الوحداتُ المعتمدةُ تُدرج بأسعار   [nav09_map]"
"مدير الإدارة المالية",2.208.14,"ثانيًا: الإيراد والفوترة","العقود وأحكامها","عقود العملاء · Contracts/contracts.php","حالةُ الوحدةِ «معتمدةٌ يوميًّا»  [LAD-01]","ادارة التشغيل","الالتزامُ الضريبيُّ يُقيَّد · والفاتورةُ تُقفل ضريبيًّا · ولا تُعدَّل بعده · الحاويةُ الرئيسية تُولَّد · والتغطيةُ تُفتح للتخصيص · وخطةُ الدفع تدخل التدفق · الفاتورةُ تُفتح · والذمةُ المدينةُ تُسجَّل · ومهلةُ السداد تبدأ · الوحداتُ المعتمدةُ تُدرج بأسعار   [nav09_map]"
"مدير الإدارة المالية",2.208.15,"ثانيًا: الإيراد والفوترة","العقود وأحكامها","أحكام العقد — العملات والمقدم والمهل · Contracts/contract_card.php","حالةُ الوحدةِ «معتمدةٌ يوميًّا»  [LAD-01]","ادارة المبيعات","الالتزامُ الضريبيُّ يُقيَّد · والفاتورةُ تُقفل ضريبيًّا · ولا تُعدَّل بعده · الحاويةُ الرئيسية تُولَّد · والتغطيةُ تُفتح للتخصيص · وخطةُ الدفع تدخل التدفق · الفاتورةُ تُفتح · والذمةُ المدينةُ تُسجَّل · ومهلةُ السداد تبدأ · الوحداتُ المعتمدةُ تُدرج بأسعار   [nav09_map]"
"مدير الإدارة المالية",3.309.16,"ثالثًا: المصروف والدفع","طلبات الدفع","طلبات الدفع والسداد · Finance/payments_fin.php","حالةُ المطابقةِ + فتحُ اعتمادِ الموردين  [LAD-01]","إدارة المالية","التسوياتُ الأربعُ بمستندٍ إلزاميٍّ (chk_settle_adj_doc) — وF-07/F-08 يُحسبان بقادحٍ لا يُدخَلان  [nav09_map]"
"مدير الإدارة المالية",3.310.17,"ثالثًا: المصروف والدفع","الذمم الدائنة","ذمم الموردين والمستحقات · Finance/dues_fin.php","حالةُ المطابقةِ + فتحُ اعتمادِ الموردين  [LAD-01]","إدارة المالية","التسوياتُ الأربعُ بمستندٍ إلزاميٍّ (chk_settle_adj_doc) — وF-07/F-08 يُحسبان بقادحٍ لا يُدخَلان  [nav09_map]"
"مدير الإدارة المالية",3.311.18,"ثالثًا: المصروف والدفع","تسويات الموردين","تسويات ومستحقات الموردين · Suppliers/settlements.php","حالةُ المطابقةِ + فتحُ اعتمادِ الموردين  [LAD-01]","ادارة الموردين","التسوياتُ الأربعُ بمستندٍ إلزاميٍّ (chk_settle_adj_doc) — وF-07/F-08 يُحسبان بقادحٍ لا يُدخَلان  [nav09_map]"
"مدير الإدارة المالية",3.311.19,"ثالثًا: المصروف والدفع","تسويات الموردين","كشف حساب المورد الشهري · Finance/supplier_statement_fin.php","حالةُ المطابقةِ + فتحُ اعتمادِ الموردين  [LAD-01]","إدارة المالية","التسوياتُ الأربعُ بمستندٍ إلزاميٍّ (chk_settle_adj_doc) — وF-07/F-08 يُحسبان بقادحٍ لا يُدخَلان  [nav09_map]"
"مدير الإدارة المالية",3.312.20,"ثالثًا: المصروف والدفع",المسيّر,"مسيّر الرواتب · Workforce/payroll_runs.php","حالةُ المطابقةِ + فتحُ اعتمادِ الموردين  [LAD-01]","ادارة الموارد البشرية","التسوياتُ الأربعُ بمستندٍ إلزاميٍّ (chk_settle_adj_doc) — وF-07/F-08 يُحسبان بقادحٍ لا يُدخَلان  [nav09_map]"
"مدير الإدارة المالية",4.413.21,"رابعًا: التكلفة والتحميل","الصيانة والمخزون","أوامر الصيانة · Maintenance/orders.php","transfer_orders · transfer_events · transfer_cost_lines · work_orders · cost_alloc · work_orders · downtime  [nav09_map]","ادارة الصيانة","إقفالٌ بتكلفةٍ محمَّلةٍ على المشروع — مرفوضٌ بلا مستندِ تسليمٍ مخزَّن · التكلفةُ تُحمَّل · وزمنُ التوقف يُثبَّت · والكرتُ يُحدَّث · والجاهزيةُ تُطلب · زمنُ التوقف يبدأ «تحت التحقق» · والمتحمّلُ مبدئيٌّ · والمعدةُ غيرُ متاحة  [nav09_map]"
"مدير الإدارة المالية",4.413.22,"رابعًا: التكلفة والتحميل","الصيانة والمخزون","صرف مواد من المخزن · Procurement/issue_proc.php","transfer_orders · transfer_events · transfer_cost_lines · work_orders · cost_alloc · work_orders · downtime  [nav09_map]","إدارة المشتريات","إقفالٌ بتكلفةٍ محمَّلةٍ على المشروع — مرفوضٌ بلا مستندِ تسليمٍ مخزَّن · التكلفةُ تُحمَّل · وزمنُ التوقف يُثبَّت · والكرتُ يُحدَّث · والجاهزيةُ تُطلب · زمنُ التوقف يبدأ «تحت التحقق» · والمتحمّلُ مبدئيٌّ · والمعدةُ غيرُ متاحة  [nav09_map]"
"مدير الإدارة المالية",4.413.23,"رابعًا: التكلفة والتحميل","الصيانة والمخزون","أرصدة المخزون بحالاتها · Procurement/stock_proc.php","transfer_orders · transfer_events · transfer_cost_lines · work_orders · cost_alloc · work_orders · downtime  [nav09_map]","إدارة المشتريات","إقفالٌ بتكلفةٍ محمَّلةٍ على المشروع — مرفوضٌ بلا مستندِ تسليمٍ مخزَّن · التكلفةُ تُحمَّل · وزمنُ التوقف يُثبَّت · والكرتُ يُحدَّث · والجاهزيةُ تُطلب · زمنُ التوقف يبدأ «تحت التحقق» · والمتحمّلُ مبدئيٌّ · والمعدةُ غيرُ متاحة  [nav09_map]"
"مدير الإدارة المالية",4.414.24,"رابعًا: التكلفة والتحميل",الترحيل,"إقفال الأمر وتحميل تكلفته · Transport/transfer_close_cost.php","transfer_orders · transfer_events · transfer_cost_lines · work_orders · cost_alloc · work_orders · downtime  [nav09_map]","إدارة النقل والترحيل","إقفالٌ بتكلفةٍ محمَّلةٍ على المشروع — مرفوضٌ بلا مستندِ تسليمٍ مخزَّن · التكلفةُ تُحمَّل · وزمنُ التوقف يُثبَّت · والكرتُ يُحدَّث · والجاهزيةُ تُطلب · زمنُ التوقف يبدأ «تحت التحقق» · والمتحمّلُ مبدئيٌّ · والمعدةُ غيرُ متاحة  [nav09_map]"
"مدير الإدارة المالية",4.415.25,"رابعًا: التكلفة والتحميل","تكلفة التمويل","توزيع تكلفة التمويل على المشاريع · Financing/cost_allocation.php","transfer_orders · transfer_events · transfer_cost_lines · work_orders · cost_alloc · work_orders · downtime  [nav09_map]","إدارة التمويل","إقفالٌ بتكلفةٍ محمَّلةٍ على المشروع — مرفوضٌ بلا مستندِ تسليمٍ مخزَّن · التكلفةُ تُحمَّل · وزمنُ التوقف يُثبَّت · والكرتُ يُحدَّث · والجاهزيةُ تُطلب · زمنُ التوقف يبدأ «تحت التحقق» · والمتحمّلُ مبدئيٌّ · والمعدةُ غيرُ متاحة  [nav09_map]"
"مدير الإدارة المالية",4.416.26,"رابعًا: التكلفة والتحميل",الإهلاك,"الإهلاك والقيمة الدفترية · Finance/assets_fin.php","transfer_orders · transfer_events · transfer_cost_lines · work_orders · cost_alloc · work_orders · downtime  [nav09_map]","إدارة المالية","إقفالٌ بتكلفةٍ محمَّلةٍ على المشروع — مرفوضٌ بلا مستندِ تسليمٍ مخزَّن · التكلفةُ تُحمَّل · وزمنُ التوقف يُثبَّت · والكرتُ يُحدَّث · والجاهزيةُ تُطلب · زمنُ التوقف يبدأ «تحت التحقق» · والمتحمّلُ مبدئيٌّ · والمعدةُ غيرُ متاحة  [nav09_map]"
"مدير الإدارة المالية",4.416.27,"رابعًا: التكلفة والتحميل",الإهلاك,"ربط الأصل بساعات تشغيله · Finance/asset_hours_link.php","transfer_orders · transfer_events · transfer_cost_lines · work_orders · cost_alloc · work_orders · downtime  [nav09_map]","مدير الإدارة المالية","إقفالٌ بتكلفةٍ محمَّلةٍ على المشروع — مرفوضٌ بلا مستندِ تسليمٍ مخزَّن · التكلفةُ تُحمَّل · وزمنُ التوقف يُثبَّت · والكرتُ يُحدَّث · والجاهزيةُ تُطلب · زمنُ التوقف يبدأ «تحت التحقق» · والمتحمّلُ مبدئيٌّ · والمعدةُ غيرُ متاحة  [nav09_map]"
"مدير الإدارة المالية",4.416.28,"رابعًا: التكلفة والتحميل",الإهلاك,"احتساب إهلاك الفترة · Finance/depr_run.php","transfer_orders · transfer_events · transfer_cost_lines · work_orders · cost_alloc · work_orders · downtime  [nav09_map]","مدير الإدارة المالية","إقفالٌ بتكلفةٍ محمَّلةٍ على المشروع — مرفوضٌ بلا مستندِ تسليمٍ مخزَّن · التكلفةُ تُحمَّل · وزمنُ التوقف يُثبَّت · والكرتُ يُحدَّث · والجاهزيةُ تُطلب · زمنُ التوقف يبدأ «تحت التحقق» · والمتحمّلُ مبدئيٌّ · والمعدةُ غيرُ متاحة  [nav09_map]"
"مدير الإدارة المالية",5.517.27,"خامسًا: الخزينة والمطابقة",الخزينة,"الخزينة والصناديق · Finance/accounts_fin.php","حصةُ الموردِ مستهلَكةٌ باللقطة  [LAD-01]","إدارة المالية","سادسًا: القيود والدفاتر  [cycle_order]"
"مدير الإدارة المالية",5.518.28,"خامسًا: الخزينة والمطابقة","المطابقة البنكية","المطابقة البنكية · Finance/bank_reconciliation_fin.php","حصةُ الموردِ مستهلَكةٌ باللقطة  [LAD-01]","إدارة المالية","سادسًا: القيود والدفاتر  [cycle_order]"
"مدير الإدارة المالية",5.519.29,"خامسًا: الخزينة والمطابقة","أسعار الصرف","أسعار الصرف · Finance/currencies_fin.php","حصةُ الموردِ مستهلَكةٌ باللقطة  [LAD-01]","إدارة المالية","سادسًا: القيود والدفاتر  [cycle_order]"
"مدير الإدارة المالية",5.520.30,"خامسًا: الخزينة والمطابقة","التدفق النقدي","التدفق النقدي والتنبؤ · Finance/cash_forecast_fin.php","حصةُ الموردِ مستهلَكةٌ باللقطة  [LAD-01]","إدارة المالية","سادسًا: القيود والدفاتر  [cycle_order]"
"مدير الإدارة المالية",6.621.31,"سادسًا: القيود والدفاتر","مكتب المحاسب","مهام المحاسب اليومية · FinRequests/accountant_desk.php","استحقاقُ المشغّلِ مفتوح  [LAD-01]","محاسب الإدارة المالية","القيدُ يُرفع للمراجعة قبل النشر — ولا ينشر المحاسبُ قيدَه  [nav09_map]"
"مدير الإدارة المالية",6.622.32,"سادسًا: القيود والدفاتر",القيود,"القيود اليومية · Finance/journal_form_fin.php","استحقاقُ المشغّلِ مفتوح  [LAD-01]","إدارة المالية","القيدُ يُرفع للمراجعة قبل النشر — ولا ينشر المحاسبُ قيدَه  [nav09_map]"
"مدير الإدارة المالية",6.623.33,"سادسًا: القيود والدفاتر","دليل الحسابات","دليل الحسابات ومراكز التكلفة · Finance/management_accounting_fin.php","استحقاقُ المشغّلِ مفتوح  [LAD-01]","إدارة المالية","القيدُ يُرفع للمراجعة قبل النشر — ولا ينشر المحاسبُ قيدَه  [nav09_map]"
"مدير الإدارة المالية",6.624.34,"سادسًا: القيود والدفاتر","الضرائب والإقرارات","الفاتورة الضريبية والإقرارات · Contracts/tax_invoices.php#2","استحقاقُ المشغّلِ مفتوح  [LAD-01]","ادارة المبيعات","القيدُ يُرفع للمراجعة قبل النشر — ولا ينشر المحاسبُ قيدَه  [nav09_map]"
"مدير الإدارة المالية",7.725.35,"سابعًا: الإقفال والموازنة","إقفال الفترة","إقفال الفترة المحاسبية · Finance/periods_fin.php","الواقعةُ مؤهَّلةٌ للفوترة  [LAD-01]","إدارة المالية","الطلبُ يدخل سلّمَ الاعتماد ببيان أثره — ولا يُعدَّل السقفُ قبل الاعتماد · المتاحُ ينخفض قبل الصرف · وتجاوزُ السقف يوقف الطلبَ حتى الاعتماد · سقفُ كل إدارةٍ يُثبَّت · وطلباتُ الصرف تُفحص عليه · والتجاوزُ يُوقف حتى الاعتماد  [nav09_map]"
"مدير الإدارة المالية",7.726.36,"سابعًا: الإقفال والموازنة",الموازنة,"الموازنة العامة · Finance/budget_master.php","الواقعةُ مؤهَّلةٌ للفوترة  [LAD-01]","إدارة المالية","الطلبُ يدخل سلّمَ الاعتماد ببيان أثره — ولا يُعدَّل السقفُ قبل الاعتماد · المتاحُ ينخفض قبل الصرف · وتجاوزُ السقف يوقف الطلبَ حتى الاعتماد · سقفُ كل إدارةٍ يُثبَّت · وطلباتُ الصرف تُفحص عليه · والتجاوزُ يُوقف حتى الاعتماد  [nav09_map]"
"مدير الإدارة المالية",7.726.37,"سابعًا: الإقفال والموازنة",الموازنة,"ميزانية إدارتي · Finance/budget_dept.php","الواقعةُ مؤهَّلةٌ للفوترة  [LAD-01]","إدارة المالية","الطلبُ يدخل سلّمَ الاعتماد ببيان أثره — ولا يُعدَّل السقفُ قبل الاعتماد · المتاحُ ينخفض قبل الصرف · وتجاوزُ السقف يوقف الطلبَ حتى الاعتماد · سقفُ كل إدارةٍ يُثبَّت · وطلباتُ الصرف تُفحص عليه · والتجاوزُ يُوقف حتى الاعتماد  [nav09_map]"
"مدير الإدارة المالية",7.727.38,"سابعًا: الإقفال والموازنة","القوائم المالية","القوائم المالية · Finance/financial_statements_fin.php","الواقعةُ مؤهَّلةٌ للفوترة  [LAD-01]","إدارة المالية","الطلبُ يدخل سلّمَ الاعتماد ببيان أثره — ولا يُعدَّل السقفُ قبل الاعتماد · المتاحُ ينخفض قبل الصرف · وتجاوزُ السقف يوقف الطلبَ حتى الاعتماد · سقفُ كل إدارةٍ يُثبَّت · وطلباتُ الصرف تُفحص عليه · والتجاوزُ يُوقف حتى الاعتماد  [nav09_map]"
"مدير الإدارة المالية",7.728.39,"سابعًا: الإقفال والموازنة","مخصص الصيانة","مخصص الصيانة والعمرات · Finance/maintenance_provision_fin.php","الواقعةُ مؤهَّلةٌ للفوترة  [LAD-01]","إدارة المالية","الطلبُ يدخل سلّمَ الاعتماد ببيان أثره — ولا يُعدَّل السقفُ قبل الاعتماد · المتاحُ ينخفض قبل الصرف · وتجاوزُ السقف يوقف الطلبَ حتى الاعتماد · سقفُ كل إدارةٍ يُثبَّت · وطلباتُ الصرف تُفحص عليه · والتجاوزُ يُوقف حتى الاعتماد  [nav09_map]"
"مدير الإدارة المالية",8.829.40,"متابعة وتقارير المالية","الهامش والتكلفة","هامش الربح للعقد والواقعة · Reports/margin_report.php","مستخلصٌ وفاتورةٌ صادرة  [LAD-01]","إدارة المالية","الملفُّ يُصدَّر بنطاق المستخدم وحدَه · وكلُّ تصديرٍ يُسجَّل بالمستخدم والفلاتر · خيطٌ متصلٌ من الواقعة التشغيلية إلى القيد المحاسبي — بلا انقطاع  [nav09_map]"
"مدير الإدارة المالية",8.829.41,"متابعة وتقارير المالية","الهامش والتكلفة","التكاليف والربحية بالمركز · Finance/cost_report_fin.php","مستخلصٌ وفاتورةٌ صادرة  [LAD-01]","إدارة المالية","الملفُّ يُصدَّر بنطاق المستخدم وحدَه · وكلُّ تصديرٍ يُسجَّل بالمستخدم والفلاتر · خيطٌ متصلٌ من الواقعة التشغيلية إلى القيد المحاسبي — بلا انقطاع  [nav09_map]"
"مدير الإدارة المالية",8.830.42,"متابعة وتقارير المالية","الانحراف وزمن الدورة","متابعة انحراف المنفَّذ عن المخطط · Finance/variance_monitor_fin.php","مستخلصٌ وفاتورةٌ صادرة  [LAD-01]","إدارة المالية","الملفُّ يُصدَّر بنطاق المستخدم وحدَه · وكلُّ تصديرٍ يُسجَّل بالمستخدم والفلاتر · خيطٌ متصلٌ من الواقعة التشغيلية إلى القيد المحاسبي — بلا انقطاع  [nav09_map]"
"مدير الإدارة المالية",8.830.43,"متابعة وتقارير المالية","الانحراف وزمن الدورة","زمن دورة الطلبات · FinRequests/cycle_time_board.php","مستخلصٌ وفاتورةٌ صادرة  [LAD-01]","إدارة المالية","الملفُّ يُصدَّر بنطاق المستخدم وحدَه · وكلُّ تصديرٍ يُسجَّل بالمستخدم والفلاتر · خيطٌ متصلٌ من الواقعة التشغيلية إلى القيد المحاسبي — بلا انقطاع  [nav09_map]"
"مدير الإدارة المالية",8.831.44,"متابعة وتقارير المالية","سجل الحركة المالية","تتبّع الأثر من الواقعة إلى القيد · FinRequests/effect_map.php","مستخلصٌ وفاتورةٌ صادرة  [LAD-01]","إدارة المالية","الملفُّ يُصدَّر بنطاق المستخدم وحدَه · وكلُّ تصديرٍ يُسجَّل بالمستخدم والفلاتر · خيطٌ متصلٌ من الواقعة التشغيلية إلى القيد المحاسبي — بلا انقطاع  [nav09_map]"
"مدير الإدارة المالية",8.832.45,"متابعة وتقارير المالية","المتابعة والبلاغات","بلاغات إدارتي · Tickets/dept_inbox.php","مستخلصٌ وفاتورةٌ صادرة  [LAD-01]","إدارة البلاغات","الملفُّ يُصدَّر بنطاق المستخدم وحدَه · وكلُّ تصديرٍ يُسجَّل بالمستخدم والفلاتر · خيطٌ متصلٌ من الواقعة التشغيلية إلى القيد المحاسبي — بلا انقطاع  [nav09_map]"
"مدير الإدارة المالية",8.832.46,"متابعة وتقارير المالية","المتابعة والبلاغات","أبلغ عن مشكلة من هذه الشاشة · Tickets/ticket_contextual_open.php","مستخلصٌ وفاتورةٌ صادرة  [LAD-01]","— لا وحدة","الملفُّ يُصدَّر بنطاق المستخدم وحدَه · وكلُّ تصديرٍ يُسجَّل بالمستخدم والفلاتر · خيطٌ متصلٌ من الواقعة التشغيلية إلى القيد المحاسبي — بلا انقطاع  [nav09_map]"
"مدير الإدارة المالية",8.832.47,"متابعة وتقارير المالية","المتابعة والبلاغات","صندوق ما ينتظر اعتمادي · Finance/approvals_inbox.php#2","مستخلصٌ وفاتورةٌ صادرة  [LAD-01]","إدارة المالية","الملفُّ يُصدَّر بنطاق المستخدم وحدَه · وكلُّ تصديرٍ يُسجَّل بالمستخدم والفلاتر · خيطٌ متصلٌ من الواقعة التشغيلية إلى القيد المحاسبي — بلا انقطاع  [nav09_map]"
"مدير الإدارة المالية",8.833.48,"متابعة وتقارير المالية","الميزانية والإنجاز","ميزانية إدارتي · Finance/budget_dept.php#2","مستخلصٌ وفاتورةٌ صادرة  [LAD-01]","إدارة المالية","الملفُّ يُصدَّر بنطاق المستخدم وحدَه · وكلُّ تصديرٍ يُسجَّل بالمستخدم والفلاتر · خيطٌ متصلٌ من الواقعة التشغيلية إلى القيد المحاسبي — بلا انقطاع  [nav09_map]"
"مدير الإدارة المالية",8.833.49,"متابعة وتقارير المالية","الميزانية والإنجاز","إنجاز الإدارة · Portal/dept_achievement.php","مستخلصٌ وفاتورةٌ صادرة  [LAD-01]","إدارة الصلاحيات","الملفُّ يُصدَّر بنطاق المستخدم وحدَه · وكلُّ تصديرٍ يُسجَّل بالمستخدم والفلاتر · خيطٌ متصلٌ من الواقعة التشغيلية إلى القيد المحاسبي — بلا انقطاع  [nav09_map]"
"مدير الإدارة المالية",8.833.50,"متابعة وتقارير المالية","الميزانية والإنجاز","مركز التقارير · emsreports/index.php","مستخلصٌ وفاتورةٌ صادرة  [LAD-01]","إدارة الصلاحيات","الملفُّ يُصدَّر بنطاق المستخدم وحدَه · وكلُّ تصديرٍ يُسجَّل بالمستخدم والفلاتر · خيطٌ متصلٌ من الواقعة التشغيلية إلى القيد المحاسبي — بلا انقطاع  [nav09_map]"
"مدير الإدارة المالية",9.934.51,"إعدادات المالية","قواعد التوجيه","قواعد توجيه الطلبات المالية · FinRequests/routing_admin.php","القيدُ مُرحَّلٌ والإيرادُ معترَفٌ به  [LAD-01]","إدارة المالية","كلُّ طلبٍ بعدها يسلك المسارَ الجديد بسقوفه — ولا يُوجَّه يدويًّا  [nav09_map]"
"مدير الإدارة المالية",9.935.52,"إعدادات المالية",العملات,"أسعار الصرف · Finance/currencies_fin.php#2","القيدُ مُرحَّلٌ والإيرادُ معترَفٌ به  [LAD-01]","إدارة المالية","كلُّ طلبٍ بعدها يسلك المسارَ الجديد بسقوفه — ولا يُوجَّه يدويًّا  [nav09_map]"
"مدير الإدارة المالية",10.810.900,"صندوقُ الموافقات","— بقرار المالك","صندوقُ موافقاتي — ما ينتظر يدي · Approvals/requests.php","— لا مصدر","ادارة الصيانة","إضافاتُ المالك  [cycle_order]"
"مدير الإدارة المالية",10.810.950,"صندوقُ الموافقات","— بقرار المالك","تصنيف قواعد المنع · Settings/guard_classification.php","— لا مصدر","ادارة التشغيل","إضافاتُ المالك  [cycle_order]"
"مدير الإدارة المالية",97.97.1,"إضافاتُ المالك","إضافاتُ المالك","الفاتورة الضريبية والإقرارات · Contracts/tax_invoices.php?view=v72b04c","— لا مصدر","ادارة المبيعات","خارج الوثيقة — بانتظار قرار المالك  [cycle_order]"
"مدير الإدارة المالية",97.97.50,"إضافاتُ المالك","إضافاتُ المالك","التسعيرُ اليومي · Finance/daily_pricing_fin.php","— لا مصدر","إدارة المالية","خارج الوثيقة — بانتظار قرار المالك  [cycle_order]"
"مدير الإدارة المالية",99.9900.50,"خارج الوثيقة — بانتظار قرار المالك","أخرى — للمراجعة","لوحة مدير الإدارة المالية · Finance/cfo_daily_board_fin.php","client_statements  [nav09_map]","إدارة المالية","الرصيدُ التراكميُّ يُثبَّت · والعميلُ يُطالب بمطابقته قبل التصعيد  [nav09_map]"
"مدير الإدارة المالية",99.9900.50,"خارج الوثيقة — بانتظار قرار المالك","أخرى — للمراجعة","اللوحة التنفيذية · Finance/executive_dashboard_fin.php","client_statements  [nav09_map]","إدارة المالية","الرصيدُ التراكميُّ يُثبَّت · والعميلُ يُطالب بمطابقته قبل التصعيد  [nav09_map]"
"مدير الإدارة المالية",99.9900.50,"خارج الوثيقة — بانتظار قرار المالك","أخرى — للمراجعة","المحاسبون والوحدات · Finance/accountants_fin.php","client_statements  [nav09_map]","إدارة المالية","الرصيدُ التراكميُّ يُثبَّت · والعميلُ يُطالب بمطابقته قبل التصعيد  [nav09_map]"
"مدير الإدارة المالية",99.9900.50,"خارج الوثيقة — بانتظار قرار المالك","أخرى — للمراجعة","أحكام العميل والمورد والمشغّل · Finance/unit_records_fin.php","client_statements  [nav09_map]","إدارة المالية","الرصيدُ التراكميُّ يُثبَّت · والعميلُ يُطالب بمطابقته قبل التصعيد  [nav09_map]"
"مدير الإدارة المالية",99.9900.50,"خارج الوثيقة — بانتظار قرار المالك","أخرى — للمراجعة","استقبال معاملات الإدارات · Finance/import_events_fin.php","client_statements  [nav09_map]","إدارة المالية","الرصيدُ التراكميُّ يُثبَّت · والعميلُ يُطالب بمطابقته قبل التصعيد  [nav09_map]"
"مدير الإدارة المالية",99.9900.50,"خارج الوثيقة — بانتظار قرار المالك","أخرى — للمراجعة","الضرائب والقيمة المضافة · Finance/tax_fin.php","client_statements  [nav09_map]","إدارة المالية","الرصيدُ التراكميُّ يُثبَّت · والعميلُ يُطالب بمطابقته قبل التصعيد  [nav09_map]"
"مدير الإدارة المالية",99.9900.50,"خارج الوثيقة — بانتظار قرار المالك","أخرى — للمراجعة","الطلبات المالية · FinRequests/finance_gateway.php","client_statements  [nav09_map]","إدارة المالية","الرصيدُ التراكميُّ يُثبَّت · والعميلُ يُطالب بمطابقته قبل التصعيد  [nav09_map]"
"مدير الإدارة المالية",99.9901.50,"خارج الوثيقة — بانتظار قرار المالك","أخرى — للمراجعة (ب)","لوحة الإسناد اليومي · Approvals/attribution_board.php","client_statements  [nav09_map]","ادارة التشغيل","الرصيدُ التراكميُّ يُثبَّت · والعميلُ يُطالب بمطابقته قبل التصعيد  [nav09_map]"
"مدير الإدارة المالية",99.9901.50,"خارج الوثيقة — بانتظار قرار المالك","أخرى — للمراجعة (ب)","تسويات الموظفين · Workforce/employee_settlements.php","client_statements  [nav09_map]","ادارة الموارد البشرية","الرصيدُ التراكميُّ يُثبَّت · والعميلُ يُطالب بمطابقته قبل التصعيد  [nav09_map]"
"مدير الإدارة المالية",99.9901.50,"خارج الوثيقة — بانتظار قرار المالك","أخرى — للمراجعة (ب)","كشف حساب العميل · Contracts/client_statement.php","client_statements  [nav09_map]","ادارة المبيعات","الرصيدُ التراكميُّ يُثبَّت · والعميلُ يُطالب بمطابقته قبل التصعيد  [nav09_map]"
"مدير الإدارة المالية",99.9901.50,"خارج الوثيقة — بانتظار قرار المالك","أخرى — للمراجعة (ب)","الدوريات المالية · Finance/periodic_events_fin.php","client_statements  [nav09_map]","إدارة المالية","الرصيدُ التراكميُّ يُثبَّت · والعميلُ يُطالب بمطابقته قبل التصعيد  [nav09_map]"
"مدير الإدارة المالية",99.9901.50,"خارج الوثيقة — بانتظار قرار المالك","أخرى — للمراجعة (ب)","أنماط التفعيل · Governance/activation_patterns.php","client_statements  [nav09_map]","ادارة التشغيل","الرصيدُ التراكميُّ يُثبَّت · والعميلُ يُطالب بمطابقته قبل التصعيد  [nav09_map]"
"مدير الإدارة المالية",99.9901.50,"خارج الوثيقة — بانتظار قرار المالك","أخرى — للمراجعة (ب)","سجل الممولين · Financing/financiers_registry.php","client_statements  [nav09_map]","ادارة التشغيل","الرصيدُ التراكميُّ يُثبَّت · والعميلُ يُطالب بمطابقته قبل التصعيد  [nav09_map]"
"مدير الإدارة المالية",99.9901.50,"خارج الوثيقة — بانتظار قرار المالك","أخرى — للمراجعة (ب)","إنشاء عملية تمويل · Financing/financing_operation_new.php","client_statements  [nav09_map]","ادارة التشغيل","الرصيدُ التراكميُّ يُثبَّت · والعميلُ يُطالب بمطابقته قبل التصعيد  [nav09_map]"
"مدير الإدارة المالية",99.9902.50,"خارج الوثيقة — بانتظار قرار المالك","أخرى — للمراجعة (ج)","الاعتمادات المتأخرة والوثائق · Reports/approval_lag_report.php","client_statements  [nav09_map]","ادارة التشغيل","الرصيدُ التراكميُّ يُثبَّت · والعميلُ يُطالب بمطابقته قبل التصعيد  [nav09_map]"
"مدير الإدارة المالية",99.9902.50,"خارج الوثيقة — بانتظار قرار المالك","أخرى — للمراجعة (ج)","منح المجال المقيَّد · Governance/ownership_grants.php","client_statements  [nav09_map]","ادارة التشغيل","الرصيدُ التراكميُّ يُثبَّت · والعميلُ يُطالب بمطابقته قبل التصعيد  [nav09_map]"
"مدير الإدارة المالية",99.9902.99,"خارج الوثيقة — بانتظار قرار المالك","أخرى — للمراجعة (ج)","مساحة مخاطر الإدارة · Risk/dept_risk_space.php","client_statements  [nav09_map]","إدارة المخاطر","الرصيدُ التراكميُّ يُثبَّت · والعميلُ يُطالب بمطابقته قبل التصعيد  [nav09_map]"
"المراجع والمدقق المالي",—,"(بلا مرحلة)","لوحة الإدارة","مساحة عملي · main/my_workspace.php","— لا مصدر","— لا وحدة","— لا مصدر"
"المراجع والمدقق المالي",—,"(بلا مرحلة)","لوحة الإدارة","اللوحة التجارية للعقود · Contracts/commercial_board.php","— لا مصدر","ادارة المبيعات","— لا مصدر"
"المراجع والمدقق المالي",—,"(بلا مرحلة)","السجلات والملفات","المعاملات المالية · Finance/events_list_fin.php","— لا مصدر","إدارة المالية","— لا مصدر"
"المراجع والمدقق المالي",—,"(بلا مرحلة)","السجلات والملفات","التمويل والالتزامات · Finance/funding_fin.php","— لا مصدر","إدارة المالية","— لا مصدر"
"المراجع والمدقق المالي",—,"(بلا مرحلة)","السجلات والملفات","ضمانات العقد · Contracts/contract_guarantees.php","— لا مصدر","ادارة المبيعات","— لا مصدر"
"المراجع والمدقق المالي",—,"(بلا مرحلة)","السجلات والملفات","خط أساس العقد · Contracts/contract_baseline.php","— لا مصدر","ادارة المبيعات","— لا مصدر"
"المراجع والمدقق المالي",—,"(بلا مرحلة)","السجلات والملفات","اقتصاد دورة حياة العقد · Contracts/contract_lifecycle.php","— لا مصدر","ادارة المبيعات","— لا مصدر"
"المراجع والمدقق المالي",—,"(بلا مرحلة)","المتابعة والاستثناءات","الميزانية والانحراف · Finance/budget_form_fin.php","— لا مصدر","إدارة المالية","— لا مصدر"
"المراجع والمدقق المالي",—,"(بلا مرحلة)",التقارير,"تقارير الطلبات المالية · FinRequests/requests_reports.php","— لا مصدر","إدارة المالية","— لا مصدر"
"المراجع والمدقق المالي",—,"(بلا مرحلة)",الإعدادات,"سياسات مستحقات المشغّلين · Finance/operator_pay_policies_fin.php","— لا مصدر","إدارة المالية","— لا مصدر"
"المراجع والمدقق المالي",0.1.1,"لوحة الإدارة","مساحتي الشخصية","مهامي · Portal/my_tasks.php","requests · tasks · workflow  [nav09_map]","مساحة عملي  [إدارة]","الطلبُ يدخل صندوقَ اعتماد المعنيّ بمساره — ويظهر في «طلباتي» بحالته · المهمةُ تُقفل · والخطوةُ التاليةُ تُفتح لصاحبها · ومهلةُ المسار تُحدَّث · تُصيَّر المكوّناتُ التي منحته إياها الحوكمةُ وحدَها · ومشغّلُ المعدة يرى معدتَه ومشغّلَها الآخر · يُعاد الحسابُ  [nav09_map]"
"المراجع والمدقق المالي",0.1.2,"لوحة الإدارة","مساحتي الشخصية","إنجازي · Portal/my_achievement.php","requests · tasks · workflow  [nav09_map]","إدارة الصلاحيات","الطلبُ يدخل صندوقَ اعتماد المعنيّ بمساره — ويظهر في «طلباتي» بحالته · المهمةُ تُقفل · والخطوةُ التاليةُ تُفتح لصاحبها · ومهلةُ المسار تُحدَّث · تُصيَّر المكوّناتُ التي منحته إياها الحوكمةُ وحدَها · ومشغّلُ المعدة يرى معدتَه ومشغّلَها الآخر · يُعاد الحسابُ  [nav09_map]"
"المراجع والمدقق المالي",0.1.3,"لوحة الإدارة","مساحتي الشخصية","بوابتي · Portal/my_portal.php","requests · tasks · workflow  [nav09_map]","إدارة الصلاحيات","الطلبُ يدخل صندوقَ اعتماد المعنيّ بمساره — ويظهر في «طلباتي» بحالته · المهمةُ تُقفل · والخطوةُ التاليةُ تُفتح لصاحبها · ومهلةُ المسار تُحدَّث · تُصيَّر المكوّناتُ التي منحته إياها الحوكمةُ وحدَها · ومشغّلُ المعدة يرى معدتَه ومشغّلَها الآخر · يُعاد الحسابُ  [nav09_map]"
"المراجع والمدقق المالي",0.1.4,"لوحة الإدارة","مساحتي الشخصية","طلباتي · FinRequests/my_requests.php","requests · tasks · workflow  [nav09_map]","ادارة الصيانة","الطلبُ يدخل صندوقَ اعتماد المعنيّ بمساره — ويظهر في «طلباتي» بحالته · المهمةُ تُقفل · والخطوةُ التاليةُ تُفتح لصاحبها · ومهلةُ المسار تُحدَّث · تُصيَّر المكوّناتُ التي منحته إياها الحوكمةُ وحدَها · ومشغّلُ المعدة يرى معدتَه ومشغّلَها الآخر · يُعاد الحسابُ  [nav09_map]"
"المراجع والمدقق المالي",0.1.5,"لوحة الإدارة","مساحتي الشخصية","المراسلات · chats/index.php","requests · tasks · workflow  [nav09_map]","— لا وحدة","الطلبُ يدخل صندوقَ اعتماد المعنيّ بمساره — ويظهر في «طلباتي» بحالته · المهمةُ تُقفل · والخطوةُ التاليةُ تُفتح لصاحبها · ومهلةُ المسار تُحدَّث · تُصيَّر المكوّناتُ التي منحته إياها الحوكمةُ وحدَها · ومشغّلُ المعدة يرى معدتَه ومشغّلَها الآخر · يُعاد الحسابُ  [nav09_map]"
"المراجع والمدقق المالي",1.102.6,"أولًا: تحويل العمل إلى مستحق","بوابة الاستحقاق","فحص شروط الاستحقاق · Finance/entitlement_gate.php","approval_chain · approval_chain · attribution · approvals · approvals · audit · approvals · reasons · entitlement_gate · fin_events · fin_events · fin_events · receivables · payables · meter_readings · period_close · locks · unit_effects · ems_business_ev  [nav09_map]","إدارة المالية","إيرادُ العميل وذمةُ المورد وأجرُ المشغّل تتولد بأحكامٍ ثلاثةٍ مستقلة · وخطةُ العقد تُحدَّث · والإهلاكُ يُحتسب · إيرادُ العميل وذمةُ المورد وأجرُ المشغّل تتولد من واقعةٍ واحدةٍ بأحكامٍ ثلاثةٍ مستقلة — ولا أثرَ قبل هذه اللحظة · الأثرُ يُنقل إلى «مردود» بسبب  [nav09_map]"
"المراجع والمدقق المالي",1.103.7,"أولًا: تحويل العمل إلى مستحق","أحكام الأطراف","توليد المستحق من العمل المعتمد · Finance/entitlement.php","approval_chain · approval_chain · attribution · approvals · approvals · audit · approvals · reasons · entitlement_gate · fin_events · fin_events · fin_events · receivables · payables · meter_readings · period_close · locks · unit_effects · ems_business_ev  [nav09_map]","إدارة المالية","إيرادُ العميل وذمةُ المورد وأجرُ المشغّل تتولد بأحكامٍ ثلاثةٍ مستقلة · وخطةُ العقد تُحدَّث · والإهلاكُ يُحتسب · إيرادُ العميل وذمةُ المورد وأجرُ المشغّل تتولد من واقعةٍ واحدةٍ بأحكامٍ ثلاثةٍ مستقلة — ولا أثرَ قبل هذه اللحظة · الأثرُ يُنقل إلى «مردود» بسبب  [nav09_map]"
"المراجع والمدقق المالي",1.104.8,"أولًا: تحويل العمل إلى مستحق","الإقفال والوحدات","الإقفال الشهري للوحدة · Operations/monthly_close.php","approval_chain · approval_chain · attribution · approvals · approvals · audit · approvals · reasons · entitlement_gate · fin_events · fin_events · fin_events · receivables · payables · meter_readings · period_close · locks · unit_effects · ems_business_ev  [nav09_map]","ادارة التشغيل","إيرادُ العميل وذمةُ المورد وأجرُ المشغّل تتولد بأحكامٍ ثلاثةٍ مستقلة · وخطةُ العقد تُحدَّث · والإهلاكُ يُحتسب · إيرادُ العميل وذمةُ المورد وأجرُ المشغّل تتولد من واقعةٍ واحدةٍ بأحكامٍ ثلاثةٍ مستقلة — ولا أثرَ قبل هذه اللحظة · الأثرُ يُنقل إلى «مردود» بسبب  [nav09_map]"
"المراجع والمدقق المالي",1.104.9,"أولًا: تحويل العمل إلى مستحق","الإقفال والوحدات","تسجيل التايم شيت والإنتاج · Timesheet/timesheet.php","approval_chain · approval_chain · attribution · approvals · approvals · audit · approvals · reasons · entitlement_gate · fin_events · fin_events · fin_events · receivables · payables · meter_readings · period_close · locks · unit_effects · ems_business_ev  [nav09_map]","إدارة الموقع","إيرادُ العميل وذمةُ المورد وأجرُ المشغّل تتولد بأحكامٍ ثلاثةٍ مستقلة · وخطةُ العقد تُحدَّث · والإهلاكُ يُحتسب · إيرادُ العميل وذمةُ المورد وأجرُ المشغّل تتولد من واقعةٍ واحدةٍ بأحكامٍ ثلاثةٍ مستقلة — ولا أثرَ قبل هذه اللحظة · الأثرُ يُنقل إلى «مردود» بسبب  [nav09_map]"
"المراجع والمدقق المالي",1.105.10,"أولًا: تحويل العمل إلى مستحق","صندوق الاعتماد","صندوق ما ينتظر اعتمادي · Finance/approvals_inbox.php","approval_chain · approval_chain · attribution · approvals · approvals · audit · approvals · reasons · entitlement_gate · fin_events · fin_events · fin_events · receivables · payables · meter_readings · period_close · locks · unit_effects · ems_business_ev  [nav09_map]","إدارة المالية","إيرادُ العميل وذمةُ المورد وأجرُ المشغّل تتولد بأحكامٍ ثلاثةٍ مستقلة · وخطةُ العقد تُحدَّث · والإهلاكُ يُحتسب · إيرادُ العميل وذمةُ المورد وأجرُ المشغّل تتولد من واقعةٍ واحدةٍ بأحكامٍ ثلاثةٍ مستقلة — ولا أثرَ قبل هذه اللحظة · الأثرُ يُنقل إلى «مردود» بسبب  [nav09_map]"
"المراجع والمدقق المالي",2.206.11,"ثانيًا: الإيراد والفوترة","المستخلصات والفواتير","المستخلصات والمطالبات · Contracts/claims.php","claims · claim_lines · claims.approved · contracts · contract_events · contracts.state · obligations · tax_returns · fin_events  [nav09_map]","ادارة المبيعات","الالتزامُ الضريبيُّ يُقيَّد · والفاتورةُ تُقفل ضريبيًّا · ولا تُعدَّل بعده · الحاويةُ الرئيسية تُولَّد · والتغطيةُ تُفتح للتخصيص · وخطةُ الدفع تدخل التدفق · الفاتورةُ تُفتح · والذمةُ المدينةُ تُسجَّل · ومهلةُ السداد تبدأ · الوحداتُ المعتمدةُ تُدرج بأسعار   [nav09_map]"
"المراجع والمدقق المالي",2.206.12,"ثانيًا: الإيراد والفوترة","المستخلصات والفواتير","فواتير العملاء · Contracts/tax_invoices.php","claims · claim_lines · claims.approved · contracts · contract_events · contracts.state · obligations · tax_returns · fin_events  [nav09_map]","ادارة المبيعات","الالتزامُ الضريبيُّ يُقيَّد · والفاتورةُ تُقفل ضريبيًّا · ولا تُعدَّل بعده · الحاويةُ الرئيسية تُولَّد · والتغطيةُ تُفتح للتخصيص · وخطةُ الدفع تدخل التدفق · الفاتورةُ تُفتح · والذمةُ المدينةُ تُسجَّل · ومهلةُ السداد تبدأ · الوحداتُ المعتمدةُ تُدرج بأسعار   [nav09_map]"
"المراجع والمدقق المالي",2.207.13,"ثانيًا: الإيراد والفوترة","الذمم المدينة","ذمم العملاء وأعمارها · Contracts/collections.php","claims · claim_lines · claims.approved · contracts · contract_events · contracts.state · obligations · tax_returns · fin_events  [nav09_map]","إدارة المالية","الالتزامُ الضريبيُّ يُقيَّد · والفاتورةُ تُقفل ضريبيًّا · ولا تُعدَّل بعده · الحاويةُ الرئيسية تُولَّد · والتغطيةُ تُفتح للتخصيص · وخطةُ الدفع تدخل التدفق · الفاتورةُ تُفتح · والذمةُ المدينةُ تُسجَّل · ومهلةُ السداد تبدأ · الوحداتُ المعتمدةُ تُدرج بأسعار   [nav09_map]"
"المراجع والمدقق المالي",2.208.14,"ثانيًا: الإيراد والفوترة","العقود وأحكامها","عقود العملاء · Contracts/contracts.php","claims · claim_lines · claims.approved · contracts · contract_events · contracts.state · obligations · tax_returns · fin_events  [nav09_map]","ادارة التشغيل","الالتزامُ الضريبيُّ يُقيَّد · والفاتورةُ تُقفل ضريبيًّا · ولا تُعدَّل بعده · الحاويةُ الرئيسية تُولَّد · والتغطيةُ تُفتح للتخصيص · وخطةُ الدفع تدخل التدفق · الفاتورةُ تُفتح · والذمةُ المدينةُ تُسجَّل · ومهلةُ السداد تبدأ · الوحداتُ المعتمدةُ تُدرج بأسعار   [nav09_map]"
"المراجع والمدقق المالي",2.208.15,"ثانيًا: الإيراد والفوترة","العقود وأحكامها","أحكام العقد — العملات والمقدم والمهل · Contracts/contract_card.php","claims · claim_lines · claims.approved · contracts · contract_events · contracts.state · obligations · tax_returns · fin_events  [nav09_map]","ادارة المبيعات","الالتزامُ الضريبيُّ يُقيَّد · والفاتورةُ تُقفل ضريبيًّا · ولا تُعدَّل بعده · الحاويةُ الرئيسية تُولَّد · والتغطيةُ تُفتح للتخصيص · وخطةُ الدفع تدخل التدفق · الفاتورةُ تُفتح · والذمةُ المدينةُ تُسجَّل · ومهلةُ السداد تبدأ · الوحداتُ المعتمدةُ تُدرج بأسعار   [nav09_map]"
"المراجع والمدقق المالي",3.309.16,"ثالثًا: المصروف والدفع","طلبات الدفع","طلبات الدفع والسداد · Finance/payments_fin.php","settlements  [nav09_map]","إدارة المالية","التسوياتُ الأربعُ بمستندٍ إلزاميٍّ (chk_settle_adj_doc) — وF-07/F-08 يُحسبان بقادحٍ لا يُدخَلان  [nav09_map]"
"المراجع والمدقق المالي",3.310.17,"ثالثًا: المصروف والدفع","الذمم الدائنة","ذمم الموردين والمستحقات · Finance/dues_fin.php","settlements  [nav09_map]","إدارة المالية","التسوياتُ الأربعُ بمستندٍ إلزاميٍّ (chk_settle_adj_doc) — وF-07/F-08 يُحسبان بقادحٍ لا يُدخَلان  [nav09_map]"
"المراجع والمدقق المالي",3.311.18,"ثالثًا: المصروف والدفع","تسويات الموردين","تسويات ومستحقات الموردين · Suppliers/settlements.php","settlements  [nav09_map]","ادارة الموردين","التسوياتُ الأربعُ بمستندٍ إلزاميٍّ (chk_settle_adj_doc) — وF-07/F-08 يُحسبان بقادحٍ لا يُدخَلان  [nav09_map]"
"المراجع والمدقق المالي",3.311.19,"ثالثًا: المصروف والدفع","تسويات الموردين","كشف حساب المورد الشهري · Finance/supplier_statement_fin.php","settlements  [nav09_map]","إدارة المالية","التسوياتُ الأربعُ بمستندٍ إلزاميٍّ (chk_settle_adj_doc) — وF-07/F-08 يُحسبان بقادحٍ لا يُدخَلان  [nav09_map]"
"المراجع والمدقق المالي",3.312.20,"ثالثًا: المصروف والدفع",المسيّر,"مسيّر الرواتب · Workforce/payroll_runs.php","settlements  [nav09_map]","ادارة الموارد البشرية","التسوياتُ الأربعُ بمستندٍ إلزاميٍّ (chk_settle_adj_doc) — وF-07/F-08 يُحسبان بقادحٍ لا يُدخَلان  [nav09_map]"
"المراجع والمدقق المالي",4.413.21,"رابعًا: التكلفة والتحميل","الصيانة والمخزون","أوامر الصيانة · Maintenance/orders.php","transfer_orders · transfer_events · transfer_cost_lines · work_orders · cost_alloc · work_orders · downtime  [nav09_map]","ادارة الصيانة","إقفالٌ بتكلفةٍ محمَّلةٍ على المشروع — مرفوضٌ بلا مستندِ تسليمٍ مخزَّن · التكلفةُ تُحمَّل · وزمنُ التوقف يُثبَّت · والكرتُ يُحدَّث · والجاهزيةُ تُطلب · زمنُ التوقف يبدأ «تحت التحقق» · والمتحمّلُ مبدئيٌّ · والمعدةُ غيرُ متاحة  [nav09_map]"
"المراجع والمدقق المالي",4.413.22,"رابعًا: التكلفة والتحميل","الصيانة والمخزون","صرف مواد من المخزن · Procurement/issue_proc.php","transfer_orders · transfer_events · transfer_cost_lines · work_orders · cost_alloc · work_orders · downtime  [nav09_map]","إدارة المشتريات","إقفالٌ بتكلفةٍ محمَّلةٍ على المشروع — مرفوضٌ بلا مستندِ تسليمٍ مخزَّن · التكلفةُ تُحمَّل · وزمنُ التوقف يُثبَّت · والكرتُ يُحدَّث · والجاهزيةُ تُطلب · زمنُ التوقف يبدأ «تحت التحقق» · والمتحمّلُ مبدئيٌّ · والمعدةُ غيرُ متاحة  [nav09_map]"
"المراجع والمدقق المالي",4.413.23,"رابعًا: التكلفة والتحميل","الصيانة والمخزون","أرصدة المخزون بحالاتها · Procurement/stock_proc.php","transfer_orders · transfer_events · transfer_cost_lines · work_orders · cost_alloc · work_orders · downtime  [nav09_map]","إدارة المشتريات","إقفالٌ بتكلفةٍ محمَّلةٍ على المشروع — مرفوضٌ بلا مستندِ تسليمٍ مخزَّن · التكلفةُ تُحمَّل · وزمنُ التوقف يُثبَّت · والكرتُ يُحدَّث · والجاهزيةُ تُطلب · زمنُ التوقف يبدأ «تحت التحقق» · والمتحمّلُ مبدئيٌّ · والمعدةُ غيرُ متاحة  [nav09_map]"
"المراجع والمدقق المالي",4.414.24,"رابعًا: التكلفة والتحميل",الترحيل,"إقفال الأمر وتحميل تكلفته · Transport/transfer_close_cost.php","transfer_orders · transfer_events · transfer_cost_lines · work_orders · cost_alloc · work_orders · downtime  [nav09_map]","إدارة النقل والترحيل","إقفالٌ بتكلفةٍ محمَّلةٍ على المشروع — مرفوضٌ بلا مستندِ تسليمٍ مخزَّن · التكلفةُ تُحمَّل · وزمنُ التوقف يُثبَّت · والكرتُ يُحدَّث · والجاهزيةُ تُطلب · زمنُ التوقف يبدأ «تحت التحقق» · والمتحمّلُ مبدئيٌّ · والمعدةُ غيرُ متاحة  [nav09_map]"
"المراجع والمدقق المالي",4.415.25,"رابعًا: التكلفة والتحميل","تكلفة التمويل","توزيع تكلفة التمويل على المشاريع · Financing/cost_allocation.php","transfer_orders · transfer_events · transfer_cost_lines · work_orders · cost_alloc · work_orders · downtime  [nav09_map]","إدارة التمويل","إقفالٌ بتكلفةٍ محمَّلةٍ على المشروع — مرفوضٌ بلا مستندِ تسليمٍ مخزَّن · التكلفةُ تُحمَّل · وزمنُ التوقف يُثبَّت · والكرتُ يُحدَّث · والجاهزيةُ تُطلب · زمنُ التوقف يبدأ «تحت التحقق» · والمتحمّلُ مبدئيٌّ · والمعدةُ غيرُ متاحة  [nav09_map]"
"المراجع والمدقق المالي",4.416.26,"رابعًا: التكلفة والتحميل",الإهلاك,"الإهلاك والقيمة الدفترية · Finance/assets_fin.php","transfer_orders · transfer_events · transfer_cost_lines · work_orders · cost_alloc · work_orders · downtime  [nav09_map]","إدارة المالية","إقفالٌ بتكلفةٍ محمَّلةٍ على المشروع — مرفوضٌ بلا مستندِ تسليمٍ مخزَّن · التكلفةُ تُحمَّل · وزمنُ التوقف يُثبَّت · والكرتُ يُحدَّث · والجاهزيةُ تُطلب · زمنُ التوقف يبدأ «تحت التحقق» · والمتحمّلُ مبدئيٌّ · والمعدةُ غيرُ متاحة  [nav09_map]"
"المراجع والمدقق المالي",5.517.27,"خامسًا: الخزينة والمطابقة",الخزينة,"الخزينة والصناديق · Finance/accounts_fin.php","— لا مصدر","إدارة المالية","سادسًا: القيود والدفاتر  [cycle_order]"
"المراجع والمدقق المالي",5.518.28,"خامسًا: الخزينة والمطابقة","المطابقة البنكية","المطابقة البنكية · Finance/bank_reconciliation_fin.php","— لا مصدر","إدارة المالية","سادسًا: القيود والدفاتر  [cycle_order]"
"المراجع والمدقق المالي",5.519.29,"خامسًا: الخزينة والمطابقة","أسعار الصرف","أسعار الصرف · Finance/currencies_fin.php","— لا مصدر","إدارة المالية","سادسًا: القيود والدفاتر  [cycle_order]"
"المراجع والمدقق المالي",5.520.30,"خامسًا: الخزينة والمطابقة","التدفق النقدي","التدفق النقدي والتنبؤ · Finance/cash_forecast_fin.php","— لا مصدر","إدارة المالية","سادسًا: القيود والدفاتر  [cycle_order]"
"المراجع والمدقق المالي",6.621.31,"سادسًا: القيود والدفاتر","مكتب المحاسب","مهام المحاسب اليومية · FinRequests/accountant_desk.php","journal_entries  [nav09_map]","محاسب الإدارة المالية","القيدُ يُرفع للمراجعة قبل النشر — ولا ينشر المحاسبُ قيدَه  [nav09_map]"
"المراجع والمدقق المالي",6.622.32,"سادسًا: القيود والدفاتر",القيود,"القيود اليومية · Finance/journal_form_fin.php","journal_entries  [nav09_map]","إدارة المالية","القيدُ يُرفع للمراجعة قبل النشر — ولا ينشر المحاسبُ قيدَه  [nav09_map]"
"المراجع والمدقق المالي",6.623.33,"سادسًا: القيود والدفاتر","دليل الحسابات","دليل الحسابات ومراكز التكلفة · Finance/management_accounting_fin.php","journal_entries  [nav09_map]","إدارة المالية","القيدُ يُرفع للمراجعة قبل النشر — ولا ينشر المحاسبُ قيدَه  [nav09_map]"
"المراجع والمدقق المالي",6.624.34,"سادسًا: القيود والدفاتر","الضرائب والإقرارات","الفاتورة الضريبية والإقرارات · Contracts/tax_invoices.php#2","journal_entries  [nav09_map]","ادارة المبيعات","القيدُ يُرفع للمراجعة قبل النشر — ولا ينشر المحاسبُ قيدَه  [nav09_map]"
"المراجع والمدقق المالي",7.725.35,"سابعًا: الإقفال والموازنة","إقفال الفترة","إقفال الفترة المحاسبية · Finance/periods_fin.php","budget_change_requests · budget_commitments · budgets  [nav09_map]","إدارة المالية","الطلبُ يدخل سلّمَ الاعتماد ببيان أثره — ولا يُعدَّل السقفُ قبل الاعتماد · المتاحُ ينخفض قبل الصرف · وتجاوزُ السقف يوقف الطلبَ حتى الاعتماد · سقفُ كل إدارةٍ يُثبَّت · وطلباتُ الصرف تُفحص عليه · والتجاوزُ يُوقف حتى الاعتماد  [nav09_map]"
"المراجع والمدقق المالي",7.726.36,"سابعًا: الإقفال والموازنة",الموازنة,"الموازنة العامة · Finance/budget_master.php","budget_change_requests · budget_commitments · budgets  [nav09_map]","إدارة المالية","الطلبُ يدخل سلّمَ الاعتماد ببيان أثره — ولا يُعدَّل السقفُ قبل الاعتماد · المتاحُ ينخفض قبل الصرف · وتجاوزُ السقف يوقف الطلبَ حتى الاعتماد · سقفُ كل إدارةٍ يُثبَّت · وطلباتُ الصرف تُفحص عليه · والتجاوزُ يُوقف حتى الاعتماد  [nav09_map]"
"المراجع والمدقق المالي",7.726.37,"سابعًا: الإقفال والموازنة",الموازنة,"ميزانية إدارتي · Finance/budget_dept.php","budget_change_requests · budget_commitments · budgets  [nav09_map]","إدارة المالية","الطلبُ يدخل سلّمَ الاعتماد ببيان أثره — ولا يُعدَّل السقفُ قبل الاعتماد · المتاحُ ينخفض قبل الصرف · وتجاوزُ السقف يوقف الطلبَ حتى الاعتماد · سقفُ كل إدارةٍ يُثبَّت · وطلباتُ الصرف تُفحص عليه · والتجاوزُ يُوقف حتى الاعتماد  [nav09_map]"
"المراجع والمدقق المالي",7.727.38,"سابعًا: الإقفال والموازنة","القوائم المالية","القوائم المالية · Finance/financial_statements_fin.php","budget_change_requests · budget_commitments · budgets  [nav09_map]","إدارة المالية","الطلبُ يدخل سلّمَ الاعتماد ببيان أثره — ولا يُعدَّل السقفُ قبل الاعتماد · المتاحُ ينخفض قبل الصرف · وتجاوزُ السقف يوقف الطلبَ حتى الاعتماد · سقفُ كل إدارةٍ يُثبَّت · وطلباتُ الصرف تُفحص عليه · والتجاوزُ يُوقف حتى الاعتماد  [nav09_map]"
"المراجع والمدقق المالي",7.728.39,"سابعًا: الإقفال والموازنة","مخصص الصيانة","مخصص الصيانة والعمرات · Finance/maintenance_provision_fin.php","budget_change_requests · budget_commitments · budgets  [nav09_map]","إدارة المالية","الطلبُ يدخل سلّمَ الاعتماد ببيان أثره — ولا يُعدَّل السقفُ قبل الاعتماد · المتاحُ ينخفض قبل الصرف · وتجاوزُ السقف يوقف الطلبَ حتى الاعتماد · سقفُ كل إدارةٍ يُثبَّت · وطلباتُ الصرف تُفحص عليه · والتجاوزُ يُوقف حتى الاعتماد  [nav09_map]"
"المراجع والمدقق المالي",8.829.40,"متابعة وتقارير المالية","الهامش والتكلفة","هامش الربح للعقد والواقعة · Reports/margin_report.php","export_log  [nav09_map]","إدارة المالية","الملفُّ يُصدَّر بنطاق المستخدم وحدَه · وكلُّ تصديرٍ يُسجَّل بالمستخدم والفلاتر · خيطٌ متصلٌ من الواقعة التشغيلية إلى القيد المحاسبي — بلا انقطاع  [nav09_map]"
"المراجع والمدقق المالي",8.829.41,"متابعة وتقارير المالية","الهامش والتكلفة","التكاليف والربحية بالمركز · Finance/cost_report_fin.php","export_log  [nav09_map]","إدارة المالية","الملفُّ يُصدَّر بنطاق المستخدم وحدَه · وكلُّ تصديرٍ يُسجَّل بالمستخدم والفلاتر · خيطٌ متصلٌ من الواقعة التشغيلية إلى القيد المحاسبي — بلا انقطاع  [nav09_map]"
"المراجع والمدقق المالي",8.830.42,"متابعة وتقارير المالية","الانحراف وزمن الدورة","متابعة انحراف المنفَّذ عن المخطط · Finance/variance_monitor_fin.php","export_log  [nav09_map]","إدارة المالية","الملفُّ يُصدَّر بنطاق المستخدم وحدَه · وكلُّ تصديرٍ يُسجَّل بالمستخدم والفلاتر · خيطٌ متصلٌ من الواقعة التشغيلية إلى القيد المحاسبي — بلا انقطاع  [nav09_map]"
"المراجع والمدقق المالي",8.830.43,"متابعة وتقارير المالية","الانحراف وزمن الدورة","زمن دورة الطلبات · FinRequests/cycle_time_board.php","export_log  [nav09_map]","إدارة المالية","الملفُّ يُصدَّر بنطاق المستخدم وحدَه · وكلُّ تصديرٍ يُسجَّل بالمستخدم والفلاتر · خيطٌ متصلٌ من الواقعة التشغيلية إلى القيد المحاسبي — بلا انقطاع  [nav09_map]"
"المراجع والمدقق المالي",8.831.44,"متابعة وتقارير المالية","سجل الحركة المالية","تتبّع الأثر من الواقعة إلى القيد · FinRequests/effect_map.php","export_log  [nav09_map]","إدارة المالية","الملفُّ يُصدَّر بنطاق المستخدم وحدَه · وكلُّ تصديرٍ يُسجَّل بالمستخدم والفلاتر · خيطٌ متصلٌ من الواقعة التشغيلية إلى القيد المحاسبي — بلا انقطاع  [nav09_map]"
"المراجع والمدقق المالي",8.832.45,"متابعة وتقارير المالية","المتابعة والبلاغات","بلاغات إدارتي · Tickets/dept_inbox.php","export_log  [nav09_map]","إدارة البلاغات","الملفُّ يُصدَّر بنطاق المستخدم وحدَه · وكلُّ تصديرٍ يُسجَّل بالمستخدم والفلاتر · خيطٌ متصلٌ من الواقعة التشغيلية إلى القيد المحاسبي — بلا انقطاع  [nav09_map]"
"المراجع والمدقق المالي",8.832.46,"متابعة وتقارير المالية","المتابعة والبلاغات","أبلغ عن مشكلة من هذه الشاشة · Tickets/ticket_contextual_open.php","export_log  [nav09_map]","— لا وحدة","الملفُّ يُصدَّر بنطاق المستخدم وحدَه · وكلُّ تصديرٍ يُسجَّل بالمستخدم والفلاتر · خيطٌ متصلٌ من الواقعة التشغيلية إلى القيد المحاسبي — بلا انقطاع  [nav09_map]"
"المراجع والمدقق المالي",8.832.47,"متابعة وتقارير المالية","المتابعة والبلاغات","صندوق ما ينتظر اعتمادي · Finance/approvals_inbox.php#2","export_log  [nav09_map]","إدارة المالية","الملفُّ يُصدَّر بنطاق المستخدم وحدَه · وكلُّ تصديرٍ يُسجَّل بالمستخدم والفلاتر · خيطٌ متصلٌ من الواقعة التشغيلية إلى القيد المحاسبي — بلا انقطاع  [nav09_map]"
"المراجع والمدقق المالي",8.833.48,"متابعة وتقارير المالية","الميزانية والإنجاز","ميزانية إدارتي · Finance/budget_dept.php#2","export_log  [nav09_map]","إدارة المالية","الملفُّ يُصدَّر بنطاق المستخدم وحدَه · وكلُّ تصديرٍ يُسجَّل بالمستخدم والفلاتر · خيطٌ متصلٌ من الواقعة التشغيلية إلى القيد المحاسبي — بلا انقطاع  [nav09_map]"
"المراجع والمدقق المالي",8.833.49,"متابعة وتقارير المالية","الميزانية والإنجاز","إنجاز الإدارة · Portal/dept_achievement.php","export_log  [nav09_map]","إدارة الصلاحيات","الملفُّ يُصدَّر بنطاق المستخدم وحدَه · وكلُّ تصديرٍ يُسجَّل بالمستخدم والفلاتر · خيطٌ متصلٌ من الواقعة التشغيلية إلى القيد المحاسبي — بلا انقطاع  [nav09_map]"
"المراجع والمدقق المالي",8.833.50,"متابعة وتقارير المالية","الميزانية والإنجاز","مركز التقارير · emsreports/index.php","export_log  [nav09_map]","إدارة الصلاحيات","الملفُّ يُصدَّر بنطاق المستخدم وحدَه · وكلُّ تصديرٍ يُسجَّل بالمستخدم والفلاتر · خيطٌ متصلٌ من الواقعة التشغيلية إلى القيد المحاسبي — بلا انقطاع  [nav09_map]"
"المراجع والمدقق المالي",9.934.51,"إعدادات المالية","قواعد التوجيه","قواعد توجيه الطلبات المالية · FinRequests/routing_admin.php","routing_rules  [nav09_map]","إدارة المالية","كلُّ طلبٍ بعدها يسلك المسارَ الجديد بسقوفه — ولا يُوجَّه يدويًّا  [nav09_map]"
"المراجع والمدقق المالي",9.935.52,"إعدادات المالية",العملات,"أسعار الصرف · Finance/currencies_fin.php#2","routing_rules  [nav09_map]","إدارة المالية","كلُّ طلبٍ بعدها يسلك المسارَ الجديد بسقوفه — ولا يُوجَّه يدويًّا  [nav09_map]"
"المراجع والمدقق المالي",99.9900.50,"خارج الوثيقة — بانتظار قرار المالك","أخرى — للمراجعة","لوحة المراجع والمدقق المالي · Finance/cfo_daily_board_fin.php","— لا مصدر","إدارة المالية","نهايةُ دورةِ الإدارة — لا مرحلةَ بعدَها  [cycle_order]"
"المراجع والمدقق المالي",99.9900.50,"خارج الوثيقة — بانتظار قرار المالك","أخرى — للمراجعة","اللوحة التنفيذية · Finance/executive_dashboard_fin.php","— لا مصدر","إدارة المالية","نهايةُ دورةِ الإدارة — لا مرحلةَ بعدَها  [cycle_order]"
"المراجع والمدقق المالي",99.9900.50,"خارج الوثيقة — بانتظار قرار المالك","أخرى — للمراجعة","المحاسبون والوحدات · Finance/accountants_fin.php","— لا مصدر","إدارة المالية","نهايةُ دورةِ الإدارة — لا مرحلةَ بعدَها  [cycle_order]"
"المراجع والمدقق المالي",99.9900.50,"خارج الوثيقة — بانتظار قرار المالك","أخرى — للمراجعة","أحكام العميل والمورد والمشغّل · Finance/unit_records_fin.php","— لا مصدر","إدارة المالية","نهايةُ دورةِ الإدارة — لا مرحلةَ بعدَها  [cycle_order]"
"المراجع والمدقق المالي",99.9900.50,"خارج الوثيقة — بانتظار قرار المالك","أخرى — للمراجعة","استقبال معاملات الإدارات · Finance/import_events_fin.php","— لا مصدر","إدارة المالية","نهايةُ دورةِ الإدارة — لا مرحلةَ بعدَها  [cycle_order]"
"المراجع والمدقق المالي",99.9900.50,"خارج الوثيقة — بانتظار قرار المالك","أخرى — للمراجعة","الضرائب والقيمة المضافة · Finance/tax_fin.php","— لا مصدر","إدارة المالية","نهايةُ دورةِ الإدارة — لا مرحلةَ بعدَها  [cycle_order]"
"المراجع والمدقق المالي",99.9900.50,"خارج الوثيقة — بانتظار قرار المالك","أخرى — للمراجعة","الطلبات المالية · FinRequests/finance_gateway.php","— لا مصدر","إدارة المالية","نهايةُ دورةِ الإدارة — لا مرحلةَ بعدَها  [cycle_order]"
"أمين الخزينة",—,"(بلا مرحلة)","لوحة الإدارة","مساحة عملي · main/my_workspace.php","— لا مصدر","— لا وحدة","— لا مصدر"
"أمين الخزينة",—,"(بلا مرحلة)","العمل اليومي","طلب مالي جديد · FinRequests/request_form.php","— لا مصدر","ادارة الصيانة","— لا مصدر"
"أمين الخزينة",—,"(بلا مرحلة)","السجلات والملفات","المعاملات المالية · Finance/events_list_fin.php","— لا مصدر","إدارة المالية","— لا مصدر"
"أمين الخزينة",—,"(بلا مرحلة)","السجلات والملفات","التمويل والالتزامات · Finance/funding_fin.php","— لا مصدر","إدارة المالية","— لا مصدر"
"أمين الخزينة",—,"(بلا مرحلة)","السجلات والملفات","خطة دفع العقد · Contracts/contract_payment_schedule.php","— لا مصدر","ادارة المبيعات","— لا مصدر"
"أمين الخزينة",—,"(بلا مرحلة)","السجلات والملفات","ضمانات العقد · Contracts/contract_guarantees.php","— لا مصدر","ادارة المبيعات","— لا مصدر"
"أمين الخزينة",—,"(بلا مرحلة)","المراجعة والاعتماد","موافقات إدارتي · FinRequests/dept_inbox.php","— لا مصدر","ادارة الصيانة","— لا مصدر"
"أمين الخزينة",—,"(بلا مرحلة)","المتابعة والاستثناءات","الميزانية والانحراف · Finance/budget_form_fin.php","— لا مصدر","إدارة المالية","— لا مصدر"
"أمين الخزينة",—,"(بلا مرحلة)",التقارير,"تقارير الطلبات المالية · FinRequests/requests_reports.php","— لا مصدر","إدارة المالية","— لا مصدر"
"أمين الخزينة",—,"(بلا مرحلة)",الإعدادات,"سياسات مستحقات المشغّلين · Finance/operator_pay_policies_fin.php","— لا مصدر","إدارة المالية","— لا مصدر"
"أمين الخزينة",0.1.1,"لوحة الإدارة","مساحتي الشخصية","مهامي · Portal/my_tasks.php","requests · tasks · workflow  [nav09_map]","مساحة عملي  [إدارة]","الطلبُ يدخل صندوقَ اعتماد المعنيّ بمساره — ويظهر في «طلباتي» بحالته · المهمةُ تُقفل · والخطوةُ التاليةُ تُفتح لصاحبها · ومهلةُ المسار تُحدَّث · تُصيَّر المكوّناتُ التي منحته إياها الحوكمةُ وحدَها · ومشغّلُ المعدة يرى معدتَه ومشغّلَها الآخر · يُعاد الحسابُ  [nav09_map]"
"أمين الخزينة",0.1.2,"لوحة الإدارة","مساحتي الشخصية","إنجازي · Portal/my_achievement.php","requests · tasks · workflow  [nav09_map]","إدارة الصلاحيات","الطلبُ يدخل صندوقَ اعتماد المعنيّ بمساره — ويظهر في «طلباتي» بحالته · المهمةُ تُقفل · والخطوةُ التاليةُ تُفتح لصاحبها · ومهلةُ المسار تُحدَّث · تُصيَّر المكوّناتُ التي منحته إياها الحوكمةُ وحدَها · ومشغّلُ المعدة يرى معدتَه ومشغّلَها الآخر · يُعاد الحسابُ  [nav09_map]"
"أمين الخزينة",0.1.3,"لوحة الإدارة","مساحتي الشخصية","بوابتي · Portal/my_portal.php","requests · tasks · workflow  [nav09_map]","إدارة الصلاحيات","الطلبُ يدخل صندوقَ اعتماد المعنيّ بمساره — ويظهر في «طلباتي» بحالته · المهمةُ تُقفل · والخطوةُ التاليةُ تُفتح لصاحبها · ومهلةُ المسار تُحدَّث · تُصيَّر المكوّناتُ التي منحته إياها الحوكمةُ وحدَها · ومشغّلُ المعدة يرى معدتَه ومشغّلَها الآخر · يُعاد الحسابُ  [nav09_map]"
"أمين الخزينة",0.1.4,"لوحة الإدارة","مساحتي الشخصية","طلباتي · FinRequests/my_requests.php","requests · tasks · workflow  [nav09_map]","ادارة الصيانة","الطلبُ يدخل صندوقَ اعتماد المعنيّ بمساره — ويظهر في «طلباتي» بحالته · المهمةُ تُقفل · والخطوةُ التاليةُ تُفتح لصاحبها · ومهلةُ المسار تُحدَّث · تُصيَّر المكوّناتُ التي منحته إياها الحوكمةُ وحدَها · ومشغّلُ المعدة يرى معدتَه ومشغّلَها الآخر · يُعاد الحسابُ  [nav09_map]"
"أمين الخزينة",0.1.5,"لوحة الإدارة","مساحتي الشخصية","المراسلات · chats/index.php","requests · tasks · workflow  [nav09_map]","— لا وحدة","الطلبُ يدخل صندوقَ اعتماد المعنيّ بمساره — ويظهر في «طلباتي» بحالته · المهمةُ تُقفل · والخطوةُ التاليةُ تُفتح لصاحبها · ومهلةُ المسار تُحدَّث · تُصيَّر المكوّناتُ التي منحته إياها الحوكمةُ وحدَها · ومشغّلُ المعدة يرى معدتَه ومشغّلَها الآخر · يُعاد الحسابُ  [nav09_map]"
"أمين الخزينة",1.102.6,"أولًا: تحويل العمل إلى مستحق","بوابة الاستحقاق","فحص شروط الاستحقاق · Finance/entitlement_gate.php","approval_chain · approval_chain · attribution · approvals · approvals · audit · approvals · reasons · entitlement_gate · fin_events · fin_events · fin_events · receivables · payables · meter_readings · period_close · locks · unit_effects · ems_business_ev  [nav09_map]","إدارة المالية","إيرادُ العميل وذمةُ المورد وأجرُ المشغّل تتولد بأحكامٍ ثلاثةٍ مستقلة · وخطةُ العقد تُحدَّث · والإهلاكُ يُحتسب · إيرادُ العميل وذمةُ المورد وأجرُ المشغّل تتولد من واقعةٍ واحدةٍ بأحكامٍ ثلاثةٍ مستقلة — ولا أثرَ قبل هذه اللحظة · الأثرُ يُنقل إلى «مردود» بسبب  [nav09_map]"
"أمين الخزينة",1.103.7,"أولًا: تحويل العمل إلى مستحق","أحكام الأطراف","توليد المستحق من العمل المعتمد · Finance/entitlement.php","approval_chain · approval_chain · attribution · approvals · approvals · audit · approvals · reasons · entitlement_gate · fin_events · fin_events · fin_events · receivables · payables · meter_readings · period_close · locks · unit_effects · ems_business_ev  [nav09_map]","إدارة المالية","إيرادُ العميل وذمةُ المورد وأجرُ المشغّل تتولد بأحكامٍ ثلاثةٍ مستقلة · وخطةُ العقد تُحدَّث · والإهلاكُ يُحتسب · إيرادُ العميل وذمةُ المورد وأجرُ المشغّل تتولد من واقعةٍ واحدةٍ بأحكامٍ ثلاثةٍ مستقلة — ولا أثرَ قبل هذه اللحظة · الأثرُ يُنقل إلى «مردود» بسبب  [nav09_map]"
"أمين الخزينة",1.104.8,"أولًا: تحويل العمل إلى مستحق","الإقفال والوحدات","الإقفال الشهري للوحدة · Operations/monthly_close.php","approval_chain · approval_chain · attribution · approvals · approvals · audit · approvals · reasons · entitlement_gate · fin_events · fin_events · fin_events · receivables · payables · meter_readings · period_close · locks · unit_effects · ems_business_ev  [nav09_map]","ادارة التشغيل","إيرادُ العميل وذمةُ المورد وأجرُ المشغّل تتولد بأحكامٍ ثلاثةٍ مستقلة · وخطةُ العقد تُحدَّث · والإهلاكُ يُحتسب · إيرادُ العميل وذمةُ المورد وأجرُ المشغّل تتولد من واقعةٍ واحدةٍ بأحكامٍ ثلاثةٍ مستقلة — ولا أثرَ قبل هذه اللحظة · الأثرُ يُنقل إلى «مردود» بسبب  [nav09_map]"
"أمين الخزينة",1.104.9,"أولًا: تحويل العمل إلى مستحق","الإقفال والوحدات","تسجيل التايم شيت والإنتاج · Timesheet/timesheet.php","approval_chain · approval_chain · attribution · approvals · approvals · audit · approvals · reasons · entitlement_gate · fin_events · fin_events · fin_events · receivables · payables · meter_readings · period_close · locks · unit_effects · ems_business_ev  [nav09_map]","إدارة الموقع","إيرادُ العميل وذمةُ المورد وأجرُ المشغّل تتولد بأحكامٍ ثلاثةٍ مستقلة · وخطةُ العقد تُحدَّث · والإهلاكُ يُحتسب · إيرادُ العميل وذمةُ المورد وأجرُ المشغّل تتولد من واقعةٍ واحدةٍ بأحكامٍ ثلاثةٍ مستقلة — ولا أثرَ قبل هذه اللحظة · الأثرُ يُنقل إلى «مردود» بسبب  [nav09_map]"
"أمين الخزينة",1.105.10,"أولًا: تحويل العمل إلى مستحق","صندوق الاعتماد","صندوق ما ينتظر اعتمادي · Finance/approvals_inbox.php","approval_chain · approval_chain · attribution · approvals · approvals · audit · approvals · reasons · entitlement_gate · fin_events · fin_events · fin_events · receivables · payables · meter_readings · period_close · locks · unit_effects · ems_business_ev  [nav09_map]","إدارة المالية","إيرادُ العميل وذمةُ المورد وأجرُ المشغّل تتولد بأحكامٍ ثلاثةٍ مستقلة · وخطةُ العقد تُحدَّث · والإهلاكُ يُحتسب · إيرادُ العميل وذمةُ المورد وأجرُ المشغّل تتولد من واقعةٍ واحدةٍ بأحكامٍ ثلاثةٍ مستقلة — ولا أثرَ قبل هذه اللحظة · الأثرُ يُنقل إلى «مردود» بسبب  [nav09_map]"
"أمين الخزينة",2.206.11,"ثانيًا: الإيراد والفوترة","المستخلصات والفواتير","المستخلصات والمطالبات · Contracts/claims.php","claims · claim_lines · claims.approved · contracts · contract_events · contracts.state · obligations · tax_returns · fin_events  [nav09_map]","ادارة المبيعات","الالتزامُ الضريبيُّ يُقيَّد · والفاتورةُ تُقفل ضريبيًّا · ولا تُعدَّل بعده · الحاويةُ الرئيسية تُولَّد · والتغطيةُ تُفتح للتخصيص · وخطةُ الدفع تدخل التدفق · الفاتورةُ تُفتح · والذمةُ المدينةُ تُسجَّل · ومهلةُ السداد تبدأ · الوحداتُ المعتمدةُ تُدرج بأسعار   [nav09_map]"
"أمين الخزينة",2.206.12,"ثانيًا: الإيراد والفوترة","المستخلصات والفواتير","فواتير العملاء · Contracts/tax_invoices.php","claims · claim_lines · claims.approved · contracts · contract_events · contracts.state · obligations · tax_returns · fin_events  [nav09_map]","ادارة المبيعات","الالتزامُ الضريبيُّ يُقيَّد · والفاتورةُ تُقفل ضريبيًّا · ولا تُعدَّل بعده · الحاويةُ الرئيسية تُولَّد · والتغطيةُ تُفتح للتخصيص · وخطةُ الدفع تدخل التدفق · الفاتورةُ تُفتح · والذمةُ المدينةُ تُسجَّل · ومهلةُ السداد تبدأ · الوحداتُ المعتمدةُ تُدرج بأسعار   [nav09_map]"
"أمين الخزينة",2.207.13,"ثانيًا: الإيراد والفوترة","الذمم المدينة","ذمم العملاء وأعمارها · Contracts/collections.php","claims · claim_lines · claims.approved · contracts · contract_events · contracts.state · obligations · tax_returns · fin_events  [nav09_map]","إدارة المالية","الالتزامُ الضريبيُّ يُقيَّد · والفاتورةُ تُقفل ضريبيًّا · ولا تُعدَّل بعده · الحاويةُ الرئيسية تُولَّد · والتغطيةُ تُفتح للتخصيص · وخطةُ الدفع تدخل التدفق · الفاتورةُ تُفتح · والذمةُ المدينةُ تُسجَّل · ومهلةُ السداد تبدأ · الوحداتُ المعتمدةُ تُدرج بأسعار   [nav09_map]"
"أمين الخزينة",2.208.14,"ثانيًا: الإيراد والفوترة","العقود وأحكامها","عقود العملاء · Contracts/contracts.php","claims · claim_lines · claims.approved · contracts · contract_events · contracts.state · obligations · tax_returns · fin_events  [nav09_map]","ادارة التشغيل","الالتزامُ الضريبيُّ يُقيَّد · والفاتورةُ تُقفل ضريبيًّا · ولا تُعدَّل بعده · الحاويةُ الرئيسية تُولَّد · والتغطيةُ تُفتح للتخصيص · وخطةُ الدفع تدخل التدفق · الفاتورةُ تُفتح · والذمةُ المدينةُ تُسجَّل · ومهلةُ السداد تبدأ · الوحداتُ المعتمدةُ تُدرج بأسعار   [nav09_map]"
"أمين الخزينة",2.208.15,"ثانيًا: الإيراد والفوترة","العقود وأحكامها","أحكام العقد — العملات والمقدم والمهل · Contracts/contract_card.php","claims · claim_lines · claims.approved · contracts · contract_events · contracts.state · obligations · tax_returns · fin_events  [nav09_map]","ادارة المبيعات","الالتزامُ الضريبيُّ يُقيَّد · والفاتورةُ تُقفل ضريبيًّا · ولا تُعدَّل بعده · الحاويةُ الرئيسية تُولَّد · والتغطيةُ تُفتح للتخصيص · وخطةُ الدفع تدخل التدفق · الفاتورةُ تُفتح · والذمةُ المدينةُ تُسجَّل · ومهلةُ السداد تبدأ · الوحداتُ المعتمدةُ تُدرج بأسعار   [nav09_map]"
"أمين الخزينة",3.309.16,"ثالثًا: المصروف والدفع","طلبات الدفع","طلبات الدفع والسداد · Finance/payments_fin.php","settlements  [nav09_map]","إدارة المالية","التسوياتُ الأربعُ بمستندٍ إلزاميٍّ (chk_settle_adj_doc) — وF-07/F-08 يُحسبان بقادحٍ لا يُدخَلان  [nav09_map]"
"أمين الخزينة",3.310.17,"ثالثًا: المصروف والدفع","الذمم الدائنة","ذمم الموردين والمستحقات · Finance/dues_fin.php","settlements  [nav09_map]","إدارة المالية","التسوياتُ الأربعُ بمستندٍ إلزاميٍّ (chk_settle_adj_doc) — وF-07/F-08 يُحسبان بقادحٍ لا يُدخَلان  [nav09_map]"
"أمين الخزينة",3.311.18,"ثالثًا: المصروف والدفع","تسويات الموردين","تسويات ومستحقات الموردين · Suppliers/settlements.php","settlements  [nav09_map]","ادارة الموردين","التسوياتُ الأربعُ بمستندٍ إلزاميٍّ (chk_settle_adj_doc) — وF-07/F-08 يُحسبان بقادحٍ لا يُدخَلان  [nav09_map]"
"أمين الخزينة",3.311.19,"ثالثًا: المصروف والدفع","تسويات الموردين","كشف حساب المورد الشهري · Finance/supplier_statement_fin.php","settlements  [nav09_map]","إدارة المالية","التسوياتُ الأربعُ بمستندٍ إلزاميٍّ (chk_settle_adj_doc) — وF-07/F-08 يُحسبان بقادحٍ لا يُدخَلان  [nav09_map]"
"أمين الخزينة",3.312.20,"ثالثًا: المصروف والدفع",المسيّر,"مسيّر الرواتب · Workforce/payroll_runs.php","settlements  [nav09_map]","ادارة الموارد البشرية","التسوياتُ الأربعُ بمستندٍ إلزاميٍّ (chk_settle_adj_doc) — وF-07/F-08 يُحسبان بقادحٍ لا يُدخَلان  [nav09_map]"
"أمين الخزينة",4.413.21,"رابعًا: التكلفة والتحميل","الصيانة والمخزون","أوامر الصيانة · Maintenance/orders.php","transfer_orders · transfer_events · transfer_cost_lines · work_orders · cost_alloc · work_orders · downtime  [nav09_map]","ادارة الصيانة","إقفالٌ بتكلفةٍ محمَّلةٍ على المشروع — مرفوضٌ بلا مستندِ تسليمٍ مخزَّن · التكلفةُ تُحمَّل · وزمنُ التوقف يُثبَّت · والكرتُ يُحدَّث · والجاهزيةُ تُطلب · زمنُ التوقف يبدأ «تحت التحقق» · والمتحمّلُ مبدئيٌّ · والمعدةُ غيرُ متاحة  [nav09_map]"
"أمين الخزينة",4.413.22,"رابعًا: التكلفة والتحميل","الصيانة والمخزون","صرف مواد من المخزن · Procurement/issue_proc.php","transfer_orders · transfer_events · transfer_cost_lines · work_orders · cost_alloc · work_orders · downtime  [nav09_map]","إدارة المشتريات","إقفالٌ بتكلفةٍ محمَّلةٍ على المشروع — مرفوضٌ بلا مستندِ تسليمٍ مخزَّن · التكلفةُ تُحمَّل · وزمنُ التوقف يُثبَّت · والكرتُ يُحدَّث · والجاهزيةُ تُطلب · زمنُ التوقف يبدأ «تحت التحقق» · والمتحمّلُ مبدئيٌّ · والمعدةُ غيرُ متاحة  [nav09_map]"
"أمين الخزينة",4.413.23,"رابعًا: التكلفة والتحميل","الصيانة والمخزون","أرصدة المخزون بحالاتها · Procurement/stock_proc.php","transfer_orders · transfer_events · transfer_cost_lines · work_orders · cost_alloc · work_orders · downtime  [nav09_map]","إدارة المشتريات","إقفالٌ بتكلفةٍ محمَّلةٍ على المشروع — مرفوضٌ بلا مستندِ تسليمٍ مخزَّن · التكلفةُ تُحمَّل · وزمنُ التوقف يُثبَّت · والكرتُ يُحدَّث · والجاهزيةُ تُطلب · زمنُ التوقف يبدأ «تحت التحقق» · والمتحمّلُ مبدئيٌّ · والمعدةُ غيرُ متاحة  [nav09_map]"
"أمين الخزينة",4.414.24,"رابعًا: التكلفة والتحميل",الترحيل,"إقفال الأمر وتحميل تكلفته · Transport/transfer_close_cost.php","transfer_orders · transfer_events · transfer_cost_lines · work_orders · cost_alloc · work_orders · downtime  [nav09_map]","إدارة النقل والترحيل","إقفالٌ بتكلفةٍ محمَّلةٍ على المشروع — مرفوضٌ بلا مستندِ تسليمٍ مخزَّن · التكلفةُ تُحمَّل · وزمنُ التوقف يُثبَّت · والكرتُ يُحدَّث · والجاهزيةُ تُطلب · زمنُ التوقف يبدأ «تحت التحقق» · والمتحمّلُ مبدئيٌّ · والمعدةُ غيرُ متاحة  [nav09_map]"
"أمين الخزينة",4.415.25,"رابعًا: التكلفة والتحميل","تكلفة التمويل","توزيع تكلفة التمويل على المشاريع · Financing/cost_allocation.php","transfer_orders · transfer_events · transfer_cost_lines · work_orders · cost_alloc · work_orders · downtime  [nav09_map]","إدارة التمويل","إقفالٌ بتكلفةٍ محمَّلةٍ على المشروع — مرفوضٌ بلا مستندِ تسليمٍ مخزَّن · التكلفةُ تُحمَّل · وزمنُ التوقف يُثبَّت · والكرتُ يُحدَّث · والجاهزيةُ تُطلب · زمنُ التوقف يبدأ «تحت التحقق» · والمتحمّلُ مبدئيٌّ · والمعدةُ غيرُ متاحة  [nav09_map]"
"أمين الخزينة",4.416.26,"رابعًا: التكلفة والتحميل",الإهلاك,"الإهلاك والقيمة الدفترية · Finance/assets_fin.php","transfer_orders · transfer_events · transfer_cost_lines · work_orders · cost_alloc · work_orders · downtime  [nav09_map]","إدارة المالية","إقفالٌ بتكلفةٍ محمَّلةٍ على المشروع — مرفوضٌ بلا مستندِ تسليمٍ مخزَّن · التكلفةُ تُحمَّل · وزمنُ التوقف يُثبَّت · والكرتُ يُحدَّث · والجاهزيةُ تُطلب · زمنُ التوقف يبدأ «تحت التحقق» · والمتحمّلُ مبدئيٌّ · والمعدةُ غيرُ متاحة  [nav09_map]"
"أمين الخزينة",5.517.27,"خامسًا: الخزينة والمطابقة",الخزينة,"الخزينة والصناديق · Finance/accounts_fin.php","— لا مصدر","إدارة المالية","سادسًا: القيود والدفاتر  [cycle_order]"
"أمين الخزينة",5.518.28,"خامسًا: الخزينة والمطابقة","المطابقة البنكية","المطابقة البنكية · Finance/bank_reconciliation_fin.php","— لا مصدر","إدارة المالية","سادسًا: القيود والدفاتر  [cycle_order]"
"أمين الخزينة",5.519.29,"خامسًا: الخزينة والمطابقة","أسعار الصرف","أسعار الصرف · Finance/currencies_fin.php","— لا مصدر","إدارة المالية","سادسًا: القيود والدفاتر  [cycle_order]"
"أمين الخزينة",5.520.30,"خامسًا: الخزينة والمطابقة","التدفق النقدي","التدفق النقدي والتنبؤ · Finance/cash_forecast_fin.php","— لا مصدر","إدارة المالية","سادسًا: القيود والدفاتر  [cycle_order]"
"أمين الخزينة",6.621.31,"سادسًا: القيود والدفاتر","مكتب المحاسب","مهام المحاسب اليومية · FinRequests/accountant_desk.php","journal_entries  [nav09_map]","محاسب الإدارة المالية","القيدُ يُرفع للمراجعة قبل النشر — ولا ينشر المحاسبُ قيدَه  [nav09_map]"
"أمين الخزينة",6.622.32,"سادسًا: القيود والدفاتر",القيود,"القيود اليومية · Finance/journal_form_fin.php","journal_entries  [nav09_map]","إدارة المالية","القيدُ يُرفع للمراجعة قبل النشر — ولا ينشر المحاسبُ قيدَه  [nav09_map]"
"أمين الخزينة",6.623.33,"سادسًا: القيود والدفاتر","دليل الحسابات","دليل الحسابات ومراكز التكلفة · Finance/management_accounting_fin.php","journal_entries  [nav09_map]","إدارة المالية","القيدُ يُرفع للمراجعة قبل النشر — ولا ينشر المحاسبُ قيدَه  [nav09_map]"
"أمين الخزينة",6.624.34,"سادسًا: القيود والدفاتر","الضرائب والإقرارات","الفاتورة الضريبية والإقرارات · Contracts/tax_invoices.php#2","journal_entries  [nav09_map]","ادارة المبيعات","القيدُ يُرفع للمراجعة قبل النشر — ولا ينشر المحاسبُ قيدَه  [nav09_map]"
"أمين الخزينة",7.725.35,"سابعًا: الإقفال والموازنة","إقفال الفترة","إقفال الفترة المحاسبية · Finance/periods_fin.php","budget_change_requests · budget_commitments · budgets  [nav09_map]","إدارة المالية","الطلبُ يدخل سلّمَ الاعتماد ببيان أثره — ولا يُعدَّل السقفُ قبل الاعتماد · المتاحُ ينخفض قبل الصرف · وتجاوزُ السقف يوقف الطلبَ حتى الاعتماد · سقفُ كل إدارةٍ يُثبَّت · وطلباتُ الصرف تُفحص عليه · والتجاوزُ يُوقف حتى الاعتماد  [nav09_map]"
"أمين الخزينة",7.726.36,"سابعًا: الإقفال والموازنة",الموازنة,"الموازنة العامة · Finance/budget_master.php","budget_change_requests · budget_commitments · budgets  [nav09_map]","إدارة المالية","الطلبُ يدخل سلّمَ الاعتماد ببيان أثره — ولا يُعدَّل السقفُ قبل الاعتماد · المتاحُ ينخفض قبل الصرف · وتجاوزُ السقف يوقف الطلبَ حتى الاعتماد · سقفُ كل إدارةٍ يُثبَّت · وطلباتُ الصرف تُفحص عليه · والتجاوزُ يُوقف حتى الاعتماد  [nav09_map]"
"أمين الخزينة",7.726.37,"سابعًا: الإقفال والموازنة",الموازنة,"ميزانية إدارتي · Finance/budget_dept.php","budget_change_requests · budget_commitments · budgets  [nav09_map]","إدارة المالية","الطلبُ يدخل سلّمَ الاعتماد ببيان أثره — ولا يُعدَّل السقفُ قبل الاعتماد · المتاحُ ينخفض قبل الصرف · وتجاوزُ السقف يوقف الطلبَ حتى الاعتماد · سقفُ كل إدارةٍ يُثبَّت · وطلباتُ الصرف تُفحص عليه · والتجاوزُ يُوقف حتى الاعتماد  [nav09_map]"
"أمين الخزينة",7.727.38,"سابعًا: الإقفال والموازنة","القوائم المالية","القوائم المالية · Finance/financial_statements_fin.php","budget_change_requests · budget_commitments · budgets  [nav09_map]","إدارة المالية","الطلبُ يدخل سلّمَ الاعتماد ببيان أثره — ولا يُعدَّل السقفُ قبل الاعتماد · المتاحُ ينخفض قبل الصرف · وتجاوزُ السقف يوقف الطلبَ حتى الاعتماد · سقفُ كل إدارةٍ يُثبَّت · وطلباتُ الصرف تُفحص عليه · والتجاوزُ يُوقف حتى الاعتماد  [nav09_map]"
"أمين الخزينة",7.728.39,"سابعًا: الإقفال والموازنة","مخصص الصيانة","مخصص الصيانة والعمرات · Finance/maintenance_provision_fin.php","budget_change_requests · budget_commitments · budgets  [nav09_map]","إدارة المالية","الطلبُ يدخل سلّمَ الاعتماد ببيان أثره — ولا يُعدَّل السقفُ قبل الاعتماد · المتاحُ ينخفض قبل الصرف · وتجاوزُ السقف يوقف الطلبَ حتى الاعتماد · سقفُ كل إدارةٍ يُثبَّت · وطلباتُ الصرف تُفحص عليه · والتجاوزُ يُوقف حتى الاعتماد  [nav09_map]"
"أمين الخزينة",8.829.40,"متابعة وتقارير المالية","الهامش والتكلفة","هامش الربح للعقد والواقعة · Reports/margin_report.php","export_log  [nav09_map]","إدارة المالية","الملفُّ يُصدَّر بنطاق المستخدم وحدَه · وكلُّ تصديرٍ يُسجَّل بالمستخدم والفلاتر · خيطٌ متصلٌ من الواقعة التشغيلية إلى القيد المحاسبي — بلا انقطاع  [nav09_map]"
"أمين الخزينة",8.829.41,"متابعة وتقارير المالية","الهامش والتكلفة","التكاليف والربحية بالمركز · Finance/cost_report_fin.php","export_log  [nav09_map]","إدارة المالية","الملفُّ يُصدَّر بنطاق المستخدم وحدَه · وكلُّ تصديرٍ يُسجَّل بالمستخدم والفلاتر · خيطٌ متصلٌ من الواقعة التشغيلية إلى القيد المحاسبي — بلا انقطاع  [nav09_map]"
"أمين الخزينة",8.830.42,"متابعة وتقارير المالية","الانحراف وزمن الدورة","متابعة انحراف المنفَّذ عن المخطط · Finance/variance_monitor_fin.php","export_log  [nav09_map]","إدارة المالية","الملفُّ يُصدَّر بنطاق المستخدم وحدَه · وكلُّ تصديرٍ يُسجَّل بالمستخدم والفلاتر · خيطٌ متصلٌ من الواقعة التشغيلية إلى القيد المحاسبي — بلا انقطاع  [nav09_map]"
"أمين الخزينة",8.830.43,"متابعة وتقارير المالية","الانحراف وزمن الدورة","زمن دورة الطلبات · FinRequests/cycle_time_board.php","export_log  [nav09_map]","إدارة المالية","الملفُّ يُصدَّر بنطاق المستخدم وحدَه · وكلُّ تصديرٍ يُسجَّل بالمستخدم والفلاتر · خيطٌ متصلٌ من الواقعة التشغيلية إلى القيد المحاسبي — بلا انقطاع  [nav09_map]"
"أمين الخزينة",8.831.44,"متابعة وتقارير المالية","سجل الحركة المالية","تتبّع الأثر من الواقعة إلى القيد · FinRequests/effect_map.php","export_log  [nav09_map]","إدارة المالية","الملفُّ يُصدَّر بنطاق المستخدم وحدَه · وكلُّ تصديرٍ يُسجَّل بالمستخدم والفلاتر · خيطٌ متصلٌ من الواقعة التشغيلية إلى القيد المحاسبي — بلا انقطاع  [nav09_map]"
"أمين الخزينة",8.832.45,"متابعة وتقارير المالية","المتابعة والبلاغات","بلاغات إدارتي · Tickets/dept_inbox.php","export_log  [nav09_map]","إدارة البلاغات","الملفُّ يُصدَّر بنطاق المستخدم وحدَه · وكلُّ تصديرٍ يُسجَّل بالمستخدم والفلاتر · خيطٌ متصلٌ من الواقعة التشغيلية إلى القيد المحاسبي — بلا انقطاع  [nav09_map]"
"أمين الخزينة",8.832.46,"متابعة وتقارير المالية","المتابعة والبلاغات","أبلغ عن مشكلة من هذه الشاشة · Tickets/ticket_contextual_open.php","export_log  [nav09_map]","— لا وحدة","الملفُّ يُصدَّر بنطاق المستخدم وحدَه · وكلُّ تصديرٍ يُسجَّل بالمستخدم والفلاتر · خيطٌ متصلٌ من الواقعة التشغيلية إلى القيد المحاسبي — بلا انقطاع  [nav09_map]"
"أمين الخزينة",8.832.47,"متابعة وتقارير المالية","المتابعة والبلاغات","صندوق ما ينتظر اعتمادي · Finance/approvals_inbox.php#2","export_log  [nav09_map]","إدارة المالية","الملفُّ يُصدَّر بنطاق المستخدم وحدَه · وكلُّ تصديرٍ يُسجَّل بالمستخدم والفلاتر · خيطٌ متصلٌ من الواقعة التشغيلية إلى القيد المحاسبي — بلا انقطاع  [nav09_map]"
"أمين الخزينة",8.833.48,"متابعة وتقارير المالية","الميزانية والإنجاز","ميزانية إدارتي · Finance/budget_dept.php#2","export_log  [nav09_map]","إدارة المالية","الملفُّ يُصدَّر بنطاق المستخدم وحدَه · وكلُّ تصديرٍ يُسجَّل بالمستخدم والفلاتر · خيطٌ متصلٌ من الواقعة التشغيلية إلى القيد المحاسبي — بلا انقطاع  [nav09_map]"
"أمين الخزينة",8.833.49,"متابعة وتقارير المالية","الميزانية والإنجاز","إنجاز الإدارة · Portal/dept_achievement.php","export_log  [nav09_map]","إدارة الصلاحيات","الملفُّ يُصدَّر بنطاق المستخدم وحدَه · وكلُّ تصديرٍ يُسجَّل بالمستخدم والفلاتر · خيطٌ متصلٌ من الواقعة التشغيلية إلى القيد المحاسبي — بلا انقطاع  [nav09_map]"
"أمين الخزينة",8.833.50,"متابعة وتقارير المالية","الميزانية والإنجاز","مركز التقارير · emsreports/index.php","export_log  [nav09_map]","إدارة الصلاحيات","الملفُّ يُصدَّر بنطاق المستخدم وحدَه · وكلُّ تصديرٍ يُسجَّل بالمستخدم والفلاتر · خيطٌ متصلٌ من الواقعة التشغيلية إلى القيد المحاسبي — بلا انقطاع  [nav09_map]"
"أمين الخزينة",9.934.51,"إعدادات المالية","قواعد التوجيه","قواعد توجيه الطلبات المالية · FinRequests/routing_admin.php","routing_rules  [nav09_map]","إدارة المالية","كلُّ طلبٍ بعدها يسلك المسارَ الجديد بسقوفه — ولا يُوجَّه يدويًّا  [nav09_map]"
"أمين الخزينة",9.935.52,"إعدادات المالية",العملات,"أسعار الصرف · Finance/currencies_fin.php#2","routing_rules  [nav09_map]","إدارة المالية","كلُّ طلبٍ بعدها يسلك المسارَ الجديد بسقوفه — ولا يُوجَّه يدويًّا  [nav09_map]"
"أمين الخزينة",99.9900.50,"خارج الوثيقة — بانتظار قرار المالك","أخرى — للمراجعة","لوحة أمين الخزينة · Finance/cfo_daily_board_fin.php","— لا مصدر","إدارة المالية","نهايةُ دورةِ الإدارة — لا مرحلةَ بعدَها  [cycle_order]"
"أمين الخزينة",99.9900.50,"خارج الوثيقة — بانتظار قرار المالك","أخرى — للمراجعة","اللوحة التنفيذية · Finance/executive_dashboard_fin.php","— لا مصدر","إدارة المالية","نهايةُ دورةِ الإدارة — لا مرحلةَ بعدَها  [cycle_order]"
"أمين الخزينة",99.9900.50,"خارج الوثيقة — بانتظار قرار المالك","أخرى — للمراجعة","المحاسبون والوحدات · Finance/accountants_fin.php","— لا مصدر","إدارة المالية","نهايةُ دورةِ الإدارة — لا مرحلةَ بعدَها  [cycle_order]"
"أمين الخزينة",99.9900.50,"خارج الوثيقة — بانتظار قرار المالك","أخرى — للمراجعة","أحكام العميل والمورد والمشغّل · Finance/unit_records_fin.php","— لا مصدر","إدارة المالية","نهايةُ دورةِ الإدارة — لا مرحلةَ بعدَها  [cycle_order]"
"أمين الخزينة",99.9900.50,"خارج الوثيقة — بانتظار قرار المالك","أخرى — للمراجعة","استقبال معاملات الإدارات · Finance/import_events_fin.php","— لا مصدر","إدارة المالية","نهايةُ دورةِ الإدارة — لا مرحلةَ بعدَها  [cycle_order]"
"أمين الخزينة",99.9900.50,"خارج الوثيقة — بانتظار قرار المالك","أخرى — للمراجعة","الضرائب والقيمة المضافة · Finance/tax_fin.php","— لا مصدر","إدارة المالية","نهايةُ دورةِ الإدارة — لا مرحلةَ بعدَها  [cycle_order]"
"أمين الخزينة",99.9900.50,"خارج الوثيقة — بانتظار قرار المالك","أخرى — للمراجعة","الطلبات المالية · FinRequests/finance_gateway.php","— لا مصدر","إدارة المالية","نهايةُ دورةِ الإدارة — لا مرحلةَ بعدَها  [cycle_order]"
"أمين الخزينة",99.9900.81,"خارج الوثيقة — بانتظار قرار المالك","أخرى — للمراجعة","مراحل دورتي الدفع والقبض · Finance/tre_cycle_stages.php","— لا مصدر","أمين الخزينة","نهايةُ دورةِ الإدارة — لا مرحلةَ بعدَها  [cycle_order]"
"أمين الخزينة",99.9900.82,"خارج الوثيقة — بانتظار قرار المالك","أخرى — للمراجعة","الأدوار الثمانية داخل وحدة الخزينة · Finance/tre_unit_roles.php","— لا مصدر","أمين الخزينة","نهايةُ دورةِ الإدارة — لا مرحلةَ بعدَها  [cycle_order]"
"قارئ مالي",—,"(بلا مرحلة)","لوحة الإدارة","مساحة عملي · main/my_workspace.php","— لا مصدر","— لا وحدة","— لا مصدر"
"قارئ مالي",—,"(بلا مرحلة)","لوحة الإدارة","مساحة عملي · main/my_workspace.php","— لا مصدر","— لا وحدة","— لا مصدر"
"قارئ مالي",—,"(بلا مرحلة)","لوحة الإدارة","مساحة عملي · main/my_workspace.php","— لا مصدر","— لا وحدة","— لا مصدر"
"قارئ مالي",—,"(بلا مرحلة)","لوحة الإدارة","مساحة عملي · main/my_workspace.php","— لا مصدر","— لا وحدة","— لا مصدر"
"قارئ مالي",—,"(بلا مرحلة)","لوحة الإدارة","مساحة عملي · main/my_workspace.php","— لا مصدر","— لا وحدة","— لا مصدر"
"قارئ مالي",—,"(بلا مرحلة)","لوحة الإدارة","مساحة عملي · main/my_workspace.php","— لا مصدر","— لا وحدة","— لا مصدر"
"قارئ مالي",—,"(بلا مرحلة)","لوحة الإدارة","مساحة عملي · main/my_workspace.php","— لا مصدر","— لا وحدة","— لا مصدر"
"قارئ مالي",—,"(بلا مرحلة)","لوحة الإدارة","مساحة عملي · main/my_workspace.php","— لا مصدر","— لا وحدة","— لا مصدر"
"قارئ مالي",—,"(بلا مرحلة)","لوحة الإدارة","اللوحة التجارية للعقود · Contracts/commercial_board.php","— لا مصدر","ادارة المبيعات","— لا مصدر"
"قارئ مالي",—,"(بلا مرحلة)","السجلات والملفات","المعاملات المالية · Finance/events_list_fin.php","— لا مصدر","إدارة المالية","— لا مصدر"
"قارئ مالي",—,"(بلا مرحلة)","السجلات والملفات","التمويل والالتزامات · Finance/funding_fin.php","— لا مصدر","إدارة المالية","— لا مصدر"
"قارئ مالي",—,"(بلا مرحلة)","المتابعة والاستثناءات","الميزانية والانحراف · Finance/budget_form_fin.php","— لا مصدر","إدارة المالية","— لا مصدر"
"قارئ مالي",—,"(بلا مرحلة)",التقارير,"تقارير الطلبات المالية · FinRequests/requests_reports.php","— لا مصدر","إدارة المالية","— لا مصدر"
"قارئ مالي",—,"(بلا مرحلة)",الإعدادات,"سياسات مستحقات المشغّلين · Finance/operator_pay_policies_fin.php","— لا مصدر","إدارة المالية","— لا مصدر"
"قارئ مالي",0.1.1,"لوحة الإدارة","مساحتي الشخصية","مهامي · Portal/my_tasks.php","requests · tasks · workflow  [nav09_map]","مساحة عملي  [إدارة]","الطلبُ يدخل صندوقَ اعتماد المعنيّ بمساره — ويظهر في «طلباتي» بحالته · المهمةُ تُقفل · والخطوةُ التاليةُ تُفتح لصاحبها · ومهلةُ المسار تُحدَّث · تُصيَّر المكوّناتُ التي منحته إياها الحوكمةُ وحدَها · ومشغّلُ المعدة يرى معدتَه ومشغّلَها الآخر · يُعاد الحسابُ  [nav09_map]"
"قارئ مالي",0.1.2,"لوحة الإدارة","مساحتي الشخصية","إنجازي · Portal/my_achievement.php","requests · tasks · workflow  [nav09_map]","إدارة الصلاحيات","الطلبُ يدخل صندوقَ اعتماد المعنيّ بمساره — ويظهر في «طلباتي» بحالته · المهمةُ تُقفل · والخطوةُ التاليةُ تُفتح لصاحبها · ومهلةُ المسار تُحدَّث · تُصيَّر المكوّناتُ التي منحته إياها الحوكمةُ وحدَها · ومشغّلُ المعدة يرى معدتَه ومشغّلَها الآخر · يُعاد الحسابُ  [nav09_map]"
"قارئ مالي",0.1.3,"لوحة الإدارة","مساحتي الشخصية","بوابتي · Portal/my_portal.php","requests · tasks · workflow  [nav09_map]","إدارة الصلاحيات","الطلبُ يدخل صندوقَ اعتماد المعنيّ بمساره — ويظهر في «طلباتي» بحالته · المهمةُ تُقفل · والخطوةُ التاليةُ تُفتح لصاحبها · ومهلةُ المسار تُحدَّث · تُصيَّر المكوّناتُ التي منحته إياها الحوكمةُ وحدَها · ومشغّلُ المعدة يرى معدتَه ومشغّلَها الآخر · يُعاد الحسابُ  [nav09_map]"
"قارئ مالي",0.1.4,"لوحة الإدارة","مساحتي الشخصية","طلباتي · FinRequests/my_requests.php","requests · tasks · workflow  [nav09_map]","ادارة الصيانة","الطلبُ يدخل صندوقَ اعتماد المعنيّ بمساره — ويظهر في «طلباتي» بحالته · المهمةُ تُقفل · والخطوةُ التاليةُ تُفتح لصاحبها · ومهلةُ المسار تُحدَّث · تُصيَّر المكوّناتُ التي منحته إياها الحوكمةُ وحدَها · ومشغّلُ المعدة يرى معدتَه ومشغّلَها الآخر · يُعاد الحسابُ  [nav09_map]"
"قارئ مالي",0.1.5,"لوحة الإدارة","مساحتي الشخصية","المراسلات · chats/index.php","requests · tasks · workflow  [nav09_map]","— لا وحدة","الطلبُ يدخل صندوقَ اعتماد المعنيّ بمساره — ويظهر في «طلباتي» بحالته · المهمةُ تُقفل · والخطوةُ التاليةُ تُفتح لصاحبها · ومهلةُ المسار تُحدَّث · تُصيَّر المكوّناتُ التي منحته إياها الحوكمةُ وحدَها · ومشغّلُ المعدة يرى معدتَه ومشغّلَها الآخر · يُعاد الحسابُ  [nav09_map]"
"قارئ مالي",1.102.6,"أولًا: تحويل العمل إلى مستحق","بوابة الاستحقاق","فحص شروط الاستحقاق · Finance/entitlement_gate.php","approval_chain · approval_chain · attribution · approvals · approvals · audit · approvals · reasons · entitlement_gate · fin_events · fin_events · fin_events · receivables · payables · meter_readings · period_close · locks · unit_effects · ems_business_ev  [nav09_map]","إدارة المالية","إيرادُ العميل وذمةُ المورد وأجرُ المشغّل تتولد بأحكامٍ ثلاثةٍ مستقلة · وخطةُ العقد تُحدَّث · والإهلاكُ يُحتسب · إيرادُ العميل وذمةُ المورد وأجرُ المشغّل تتولد من واقعةٍ واحدةٍ بأحكامٍ ثلاثةٍ مستقلة — ولا أثرَ قبل هذه اللحظة · الأثرُ يُنقل إلى «مردود» بسبب  [nav09_map]"
"قارئ مالي",1.103.7,"أولًا: تحويل العمل إلى مستحق","أحكام الأطراف","توليد المستحق من العمل المعتمد · Finance/entitlement.php","approval_chain · approval_chain · attribution · approvals · approvals · audit · approvals · reasons · entitlement_gate · fin_events · fin_events · fin_events · receivables · payables · meter_readings · period_close · locks · unit_effects · ems_business_ev  [nav09_map]","إدارة المالية","إيرادُ العميل وذمةُ المورد وأجرُ المشغّل تتولد بأحكامٍ ثلاثةٍ مستقلة · وخطةُ العقد تُحدَّث · والإهلاكُ يُحتسب · إيرادُ العميل وذمةُ المورد وأجرُ المشغّل تتولد من واقعةٍ واحدةٍ بأحكامٍ ثلاثةٍ مستقلة — ولا أثرَ قبل هذه اللحظة · الأثرُ يُنقل إلى «مردود» بسبب  [nav09_map]"
"قارئ مالي",1.104.8,"أولًا: تحويل العمل إلى مستحق","الإقفال والوحدات","الإقفال الشهري للوحدة · Operations/monthly_close.php","approval_chain · approval_chain · attribution · approvals · approvals · audit · approvals · reasons · entitlement_gate · fin_events · fin_events · fin_events · receivables · payables · meter_readings · period_close · locks · unit_effects · ems_business_ev  [nav09_map]","ادارة التشغيل","إيرادُ العميل وذمةُ المورد وأجرُ المشغّل تتولد بأحكامٍ ثلاثةٍ مستقلة · وخطةُ العقد تُحدَّث · والإهلاكُ يُحتسب · إيرادُ العميل وذمةُ المورد وأجرُ المشغّل تتولد من واقعةٍ واحدةٍ بأحكامٍ ثلاثةٍ مستقلة — ولا أثرَ قبل هذه اللحظة · الأثرُ يُنقل إلى «مردود» بسبب  [nav09_map]"
"قارئ مالي",1.104.9,"أولًا: تحويل العمل إلى مستحق","الإقفال والوحدات","تسجيل التايم شيت والإنتاج · Timesheet/timesheet.php","approval_chain · approval_chain · attribution · approvals · approvals · audit · approvals · reasons · entitlement_gate · fin_events · fin_events · fin_events · receivables · payables · meter_readings · period_close · locks · unit_effects · ems_business_ev  [nav09_map]","إدارة الموقع","إيرادُ العميل وذمةُ المورد وأجرُ المشغّل تتولد بأحكامٍ ثلاثةٍ مستقلة · وخطةُ العقد تُحدَّث · والإهلاكُ يُحتسب · إيرادُ العميل وذمةُ المورد وأجرُ المشغّل تتولد من واقعةٍ واحدةٍ بأحكامٍ ثلاثةٍ مستقلة — ولا أثرَ قبل هذه اللحظة · الأثرُ يُنقل إلى «مردود» بسبب  [nav09_map]"
"قارئ مالي",1.105.10,"أولًا: تحويل العمل إلى مستحق","صندوق الاعتماد","صندوق ما ينتظر اعتمادي · Finance/approvals_inbox.php","approval_chain · approval_chain · attribution · approvals · approvals · audit · approvals · reasons · entitlement_gate · fin_events · fin_events · fin_events · receivables · payables · meter_readings · period_close · locks · unit_effects · ems_business_ev  [nav09_map]","إدارة المالية","إيرادُ العميل وذمةُ المورد وأجرُ المشغّل تتولد بأحكامٍ ثلاثةٍ مستقلة · وخطةُ العقد تُحدَّث · والإهلاكُ يُحتسب · إيرادُ العميل وذمةُ المورد وأجرُ المشغّل تتولد من واقعةٍ واحدةٍ بأحكامٍ ثلاثةٍ مستقلة — ولا أثرَ قبل هذه اللحظة · الأثرُ يُنقل إلى «مردود» بسبب  [nav09_map]"
"قارئ مالي",2.206.11,"ثانيًا: الإيراد والفوترة","المستخلصات والفواتير","المستخلصات والمطالبات · Contracts/claims.php","claims · claim_lines · claims.approved · contracts · contract_events · contracts.state · obligations · tax_returns · fin_events  [nav09_map]","ادارة المبيعات","الالتزامُ الضريبيُّ يُقيَّد · والفاتورةُ تُقفل ضريبيًّا · ولا تُعدَّل بعده · الحاويةُ الرئيسية تُولَّد · والتغطيةُ تُفتح للتخصيص · وخطةُ الدفع تدخل التدفق · الفاتورةُ تُفتح · والذمةُ المدينةُ تُسجَّل · ومهلةُ السداد تبدأ · الوحداتُ المعتمدةُ تُدرج بأسعار   [nav09_map]"
"قارئ مالي",2.206.12,"ثانيًا: الإيراد والفوترة","المستخلصات والفواتير","فواتير العملاء · Contracts/tax_invoices.php","claims · claim_lines · claims.approved · contracts · contract_events · contracts.state · obligations · tax_returns · fin_events  [nav09_map]","ادارة المبيعات","الالتزامُ الضريبيُّ يُقيَّد · والفاتورةُ تُقفل ضريبيًّا · ولا تُعدَّل بعده · الحاويةُ الرئيسية تُولَّد · والتغطيةُ تُفتح للتخصيص · وخطةُ الدفع تدخل التدفق · الفاتورةُ تُفتح · والذمةُ المدينةُ تُسجَّل · ومهلةُ السداد تبدأ · الوحداتُ المعتمدةُ تُدرج بأسعار   [nav09_map]"
"قارئ مالي",2.207.13,"ثانيًا: الإيراد والفوترة","الذمم المدينة","ذمم العملاء وأعمارها · Contracts/collections.php","claims · claim_lines · claims.approved · contracts · contract_events · contracts.state · obligations · tax_returns · fin_events  [nav09_map]","إدارة المالية","الالتزامُ الضريبيُّ يُقيَّد · والفاتورةُ تُقفل ضريبيًّا · ولا تُعدَّل بعده · الحاويةُ الرئيسية تُولَّد · والتغطيةُ تُفتح للتخصيص · وخطةُ الدفع تدخل التدفق · الفاتورةُ تُفتح · والذمةُ المدينةُ تُسجَّل · ومهلةُ السداد تبدأ · الوحداتُ المعتمدةُ تُدرج بأسعار   [nav09_map]"
"قارئ مالي",2.208.14,"ثانيًا: الإيراد والفوترة","العقود وأحكامها","عقود العملاء · Contracts/contracts.php","claims · claim_lines · claims.approved · contracts · contract_events · contracts.state · obligations · tax_returns · fin_events  [nav09_map]","ادارة التشغيل","الالتزامُ الضريبيُّ يُقيَّد · والفاتورةُ تُقفل ضريبيًّا · ولا تُعدَّل بعده · الحاويةُ الرئيسية تُولَّد · والتغطيةُ تُفتح للتخصيص · وخطةُ الدفع تدخل التدفق · الفاتورةُ تُفتح · والذمةُ المدينةُ تُسجَّل · ومهلةُ السداد تبدأ · الوحداتُ المعتمدةُ تُدرج بأسعار   [nav09_map]"
"قارئ مالي",2.208.15,"ثانيًا: الإيراد والفوترة","العقود وأحكامها","أحكام العقد — العملات والمقدم والمهل · Contracts/contract_card.php","claims · claim_lines · claims.approved · contracts · contract_events · contracts.state · obligations · tax_returns · fin_events  [nav09_map]","ادارة المبيعات","الالتزامُ الضريبيُّ يُقيَّد · والفاتورةُ تُقفل ضريبيًّا · ولا تُعدَّل بعده · الحاويةُ الرئيسية تُولَّد · والتغطيةُ تُفتح للتخصيص · وخطةُ الدفع تدخل التدفق · الفاتورةُ تُفتح · والذمةُ المدينةُ تُسجَّل · ومهلةُ السداد تبدأ · الوحداتُ المعتمدةُ تُدرج بأسعار   [nav09_map]"
"قارئ مالي",3.309.16,"ثالثًا: المصروف والدفع","طلبات الدفع","طلبات الدفع والسداد · Finance/payments_fin.php","settlements  [nav09_map]","إدارة المالية","التسوياتُ الأربعُ بمستندٍ إلزاميٍّ (chk_settle_adj_doc) — وF-07/F-08 يُحسبان بقادحٍ لا يُدخَلان  [nav09_map]"
"قارئ مالي",3.310.17,"ثالثًا: المصروف والدفع","الذمم الدائنة","ذمم الموردين والمستحقات · Finance/dues_fin.php","settlements  [nav09_map]","إدارة المالية","التسوياتُ الأربعُ بمستندٍ إلزاميٍّ (chk_settle_adj_doc) — وF-07/F-08 يُحسبان بقادحٍ لا يُدخَلان  [nav09_map]"
"قارئ مالي",3.311.18,"ثالثًا: المصروف والدفع","تسويات الموردين","تسويات ومستحقات الموردين · Suppliers/settlements.php","settlements  [nav09_map]","ادارة الموردين","التسوياتُ الأربعُ بمستندٍ إلزاميٍّ (chk_settle_adj_doc) — وF-07/F-08 يُحسبان بقادحٍ لا يُدخَلان  [nav09_map]"
"قارئ مالي",3.311.19,"ثالثًا: المصروف والدفع","تسويات الموردين","كشف حساب المورد الشهري · Finance/supplier_statement_fin.php","settlements  [nav09_map]","إدارة المالية","التسوياتُ الأربعُ بمستندٍ إلزاميٍّ (chk_settle_adj_doc) — وF-07/F-08 يُحسبان بقادحٍ لا يُدخَلان  [nav09_map]"
"قارئ مالي",3.312.20,"ثالثًا: المصروف والدفع",المسيّر,"مسيّر الرواتب · Workforce/payroll_runs.php","settlements  [nav09_map]","ادارة الموارد البشرية","التسوياتُ الأربعُ بمستندٍ إلزاميٍّ (chk_settle_adj_doc) — وF-07/F-08 يُحسبان بقادحٍ لا يُدخَلان  [nav09_map]"
"قارئ مالي",4.413.21,"رابعًا: التكلفة والتحميل","الصيانة والمخزون","أوامر الصيانة · Maintenance/orders.php","transfer_orders · transfer_events · transfer_cost_lines · work_orders · cost_alloc · work_orders · downtime  [nav09_map]","ادارة الصيانة","إقفالٌ بتكلفةٍ محمَّلةٍ على المشروع — مرفوضٌ بلا مستندِ تسليمٍ مخزَّن · التكلفةُ تُحمَّل · وزمنُ التوقف يُثبَّت · والكرتُ يُحدَّث · والجاهزيةُ تُطلب · زمنُ التوقف يبدأ «تحت التحقق» · والمتحمّلُ مبدئيٌّ · والمعدةُ غيرُ متاحة  [nav09_map]"
"قارئ مالي",4.413.22,"رابعًا: التكلفة والتحميل","الصيانة والمخزون","صرف مواد من المخزن · Procurement/issue_proc.php","transfer_orders · transfer_events · transfer_cost_lines · work_orders · cost_alloc · work_orders · downtime  [nav09_map]","إدارة المشتريات","إقفالٌ بتكلفةٍ محمَّلةٍ على المشروع — مرفوضٌ بلا مستندِ تسليمٍ مخزَّن · التكلفةُ تُحمَّل · وزمنُ التوقف يُثبَّت · والكرتُ يُحدَّث · والجاهزيةُ تُطلب · زمنُ التوقف يبدأ «تحت التحقق» · والمتحمّلُ مبدئيٌّ · والمعدةُ غيرُ متاحة  [nav09_map]"
"قارئ مالي",4.413.23,"رابعًا: التكلفة والتحميل","الصيانة والمخزون","أرصدة المخزون بحالاتها · Procurement/stock_proc.php","transfer_orders · transfer_events · transfer_cost_lines · work_orders · cost_alloc · work_orders · downtime  [nav09_map]","إدارة المشتريات","إقفالٌ بتكلفةٍ محمَّلةٍ على المشروع — مرفوضٌ بلا مستندِ تسليمٍ مخزَّن · التكلفةُ تُحمَّل · وزمنُ التوقف يُثبَّت · والكرتُ يُحدَّث · والجاهزيةُ تُطلب · زمنُ التوقف يبدأ «تحت التحقق» · والمتحمّلُ مبدئيٌّ · والمعدةُ غيرُ متاحة  [nav09_map]"
"قارئ مالي",4.414.24,"رابعًا: التكلفة والتحميل",الترحيل,"إقفال الأمر وتحميل تكلفته · Transport/transfer_close_cost.php","transfer_orders · transfer_events · transfer_cost_lines · work_orders · cost_alloc · work_orders · downtime  [nav09_map]","إدارة النقل والترحيل","إقفالٌ بتكلفةٍ محمَّلةٍ على المشروع — مرفوضٌ بلا مستندِ تسليمٍ مخزَّن · التكلفةُ تُحمَّل · وزمنُ التوقف يُثبَّت · والكرتُ يُحدَّث · والجاهزيةُ تُطلب · زمنُ التوقف يبدأ «تحت التحقق» · والمتحمّلُ مبدئيٌّ · والمعدةُ غيرُ متاحة  [nav09_map]"
"قارئ مالي",4.415.25,"رابعًا: التكلفة والتحميل","تكلفة التمويل","توزيع تكلفة التمويل على المشاريع · Financing/cost_allocation.php","transfer_orders · transfer_events · transfer_cost_lines · work_orders · cost_alloc · work_orders · downtime  [nav09_map]","إدارة التمويل","إقفالٌ بتكلفةٍ محمَّلةٍ على المشروع — مرفوضٌ بلا مستندِ تسليمٍ مخزَّن · التكلفةُ تُحمَّل · وزمنُ التوقف يُثبَّت · والكرتُ يُحدَّث · والجاهزيةُ تُطلب · زمنُ التوقف يبدأ «تحت التحقق» · والمتحمّلُ مبدئيٌّ · والمعدةُ غيرُ متاحة  [nav09_map]"
"قارئ مالي",4.416.26,"رابعًا: التكلفة والتحميل",الإهلاك,"الإهلاك والقيمة الدفترية · Finance/assets_fin.php","transfer_orders · transfer_events · transfer_cost_lines · work_orders · cost_alloc · work_orders · downtime  [nav09_map]","إدارة المالية","إقفالٌ بتكلفةٍ محمَّلةٍ على المشروع — مرفوضٌ بلا مستندِ تسليمٍ مخزَّن · التكلفةُ تُحمَّل · وزمنُ التوقف يُثبَّت · والكرتُ يُحدَّث · والجاهزيةُ تُطلب · زمنُ التوقف يبدأ «تحت التحقق» · والمتحمّلُ مبدئيٌّ · والمعدةُ غيرُ متاحة  [nav09_map]"
"قارئ مالي",5.517.27,"خامسًا: الخزينة والمطابقة",الخزينة,"الخزينة والصناديق · Finance/accounts_fin.php","— لا مصدر","إدارة المالية","سادسًا: القيود والدفاتر  [cycle_order]"
"قارئ مالي",5.518.28,"خامسًا: الخزينة والمطابقة","المطابقة البنكية","المطابقة البنكية · Finance/bank_reconciliation_fin.php","— لا مصدر","إدارة المالية","سادسًا: القيود والدفاتر  [cycle_order]"
"قارئ مالي",5.519.29,"خامسًا: الخزينة والمطابقة","أسعار الصرف","أسعار الصرف · Finance/currencies_fin.php","— لا مصدر","إدارة المالية","سادسًا: القيود والدفاتر  [cycle_order]"
"قارئ مالي",5.520.30,"خامسًا: الخزينة والمطابقة","التدفق النقدي","التدفق النقدي والتنبؤ · Finance/cash_forecast_fin.php","— لا مصدر","إدارة المالية","سادسًا: القيود والدفاتر  [cycle_order]"
"قارئ مالي",6.621.31,"سادسًا: القيود والدفاتر","مكتب المحاسب","مهام المحاسب اليومية · FinRequests/accountant_desk.php","journal_entries  [nav09_map]","محاسب الإدارة المالية","القيدُ يُرفع للمراجعة قبل النشر — ولا ينشر المحاسبُ قيدَه  [nav09_map]"
"قارئ مالي",6.622.32,"سادسًا: القيود والدفاتر",القيود,"القيود اليومية · Finance/journal_form_fin.php","journal_entries  [nav09_map]","إدارة المالية","القيدُ يُرفع للمراجعة قبل النشر — ولا ينشر المحاسبُ قيدَه  [nav09_map]"
"قارئ مالي",6.623.33,"سادسًا: القيود والدفاتر","دليل الحسابات","دليل الحسابات ومراكز التكلفة · Finance/management_accounting_fin.php","journal_entries  [nav09_map]","إدارة المالية","القيدُ يُرفع للمراجعة قبل النشر — ولا ينشر المحاسبُ قيدَه  [nav09_map]"
"قارئ مالي",6.624.34,"سادسًا: القيود والدفاتر","الضرائب والإقرارات","الفاتورة الضريبية والإقرارات · Contracts/tax_invoices.php#2","journal_entries  [nav09_map]","ادارة المبيعات","القيدُ يُرفع للمراجعة قبل النشر — ولا ينشر المحاسبُ قيدَه  [nav09_map]"
"قارئ مالي",7.725.35,"سابعًا: الإقفال والموازنة","إقفال الفترة","إقفال الفترة المحاسبية · Finance/periods_fin.php","budget_change_requests · budget_commitments · budgets  [nav09_map]","إدارة المالية","الطلبُ يدخل سلّمَ الاعتماد ببيان أثره — ولا يُعدَّل السقفُ قبل الاعتماد · المتاحُ ينخفض قبل الصرف · وتجاوزُ السقف يوقف الطلبَ حتى الاعتماد · سقفُ كل إدارةٍ يُثبَّت · وطلباتُ الصرف تُفحص عليه · والتجاوزُ يُوقف حتى الاعتماد  [nav09_map]"
"قارئ مالي",7.726.36,"سابعًا: الإقفال والموازنة",الموازنة,"الموازنة العامة · Finance/budget_master.php","budget_change_requests · budget_commitments · budgets  [nav09_map]","إدارة المالية","الطلبُ يدخل سلّمَ الاعتماد ببيان أثره — ولا يُعدَّل السقفُ قبل الاعتماد · المتاحُ ينخفض قبل الصرف · وتجاوزُ السقف يوقف الطلبَ حتى الاعتماد · سقفُ كل إدارةٍ يُثبَّت · وطلباتُ الصرف تُفحص عليه · والتجاوزُ يُوقف حتى الاعتماد  [nav09_map]"
"قارئ مالي",7.726.37,"سابعًا: الإقفال والموازنة",الموازنة,"ميزانية إدارتي · Finance/budget_dept.php","budget_change_requests · budget_commitments · budgets  [nav09_map]","إدارة المالية","الطلبُ يدخل سلّمَ الاعتماد ببيان أثره — ولا يُعدَّل السقفُ قبل الاعتماد · المتاحُ ينخفض قبل الصرف · وتجاوزُ السقف يوقف الطلبَ حتى الاعتماد · سقفُ كل إدارةٍ يُثبَّت · وطلباتُ الصرف تُفحص عليه · والتجاوزُ يُوقف حتى الاعتماد  [nav09_map]"
"قارئ مالي",7.727.38,"سابعًا: الإقفال والموازنة","القوائم المالية","القوائم المالية · Finance/financial_statements_fin.php","budget_change_requests · budget_commitments · budgets  [nav09_map]","إدارة المالية","الطلبُ يدخل سلّمَ الاعتماد ببيان أثره — ولا يُعدَّل السقفُ قبل الاعتماد · المتاحُ ينخفض قبل الصرف · وتجاوزُ السقف يوقف الطلبَ حتى الاعتماد · سقفُ كل إدارةٍ يُثبَّت · وطلباتُ الصرف تُفحص عليه · والتجاوزُ يُوقف حتى الاعتماد  [nav09_map]"
"قارئ مالي",7.728.39,"سابعًا: الإقفال والموازنة","مخصص الصيانة","مخصص الصيانة والعمرات · Finance/maintenance_provision_fin.php","budget_change_requests · budget_commitments · budgets  [nav09_map]","إدارة المالية","الطلبُ يدخل سلّمَ الاعتماد ببيان أثره — ولا يُعدَّل السقفُ قبل الاعتماد · المتاحُ ينخفض قبل الصرف · وتجاوزُ السقف يوقف الطلبَ حتى الاعتماد · سقفُ كل إدارةٍ يُثبَّت · وطلباتُ الصرف تُفحص عليه · والتجاوزُ يُوقف حتى الاعتماد  [nav09_map]"
"قارئ مالي",8.829.40,"متابعة وتقارير المالية","الهامش والتكلفة","هامش الربح للعقد والواقعة · Reports/margin_report.php","export_log  [nav09_map]","إدارة المالية","الملفُّ يُصدَّر بنطاق المستخدم وحدَه · وكلُّ تصديرٍ يُسجَّل بالمستخدم والفلاتر · خيطٌ متصلٌ من الواقعة التشغيلية إلى القيد المحاسبي — بلا انقطاع  [nav09_map]"
"قارئ مالي",8.829.41,"متابعة وتقارير المالية","الهامش والتكلفة","التكاليف والربحية بالمركز · Finance/cost_report_fin.php","export_log  [nav09_map]","إدارة المالية","الملفُّ يُصدَّر بنطاق المستخدم وحدَه · وكلُّ تصديرٍ يُسجَّل بالمستخدم والفلاتر · خيطٌ متصلٌ من الواقعة التشغيلية إلى القيد المحاسبي — بلا انقطاع  [nav09_map]"
"قارئ مالي",8.830.42,"متابعة وتقارير المالية","الانحراف وزمن الدورة","متابعة انحراف المنفَّذ عن المخطط · Finance/variance_monitor_fin.php","export_log  [nav09_map]","إدارة المالية","الملفُّ يُصدَّر بنطاق المستخدم وحدَه · وكلُّ تصديرٍ يُسجَّل بالمستخدم والفلاتر · خيطٌ متصلٌ من الواقعة التشغيلية إلى القيد المحاسبي — بلا انقطاع  [nav09_map]"
"قارئ مالي",8.830.43,"متابعة وتقارير المالية","الانحراف وزمن الدورة","زمن دورة الطلبات · FinRequests/cycle_time_board.php","export_log  [nav09_map]","إدارة المالية","الملفُّ يُصدَّر بنطاق المستخدم وحدَه · وكلُّ تصديرٍ يُسجَّل بالمستخدم والفلاتر · خيطٌ متصلٌ من الواقعة التشغيلية إلى القيد المحاسبي — بلا انقطاع  [nav09_map]"
"قارئ مالي",8.831.44,"متابعة وتقارير المالية","سجل الحركة المالية","تتبّع الأثر من الواقعة إلى القيد · FinRequests/effect_map.php","export_log  [nav09_map]","إدارة المالية","الملفُّ يُصدَّر بنطاق المستخدم وحدَه · وكلُّ تصديرٍ يُسجَّل بالمستخدم والفلاتر · خيطٌ متصلٌ من الواقعة التشغيلية إلى القيد المحاسبي — بلا انقطاع  [nav09_map]"
"قارئ مالي",8.832.45,"متابعة وتقارير المالية","المتابعة والبلاغات","بلاغات إدارتي · Tickets/dept_inbox.php","export_log  [nav09_map]","إدارة البلاغات","الملفُّ يُصدَّر بنطاق المستخدم وحدَه · وكلُّ تصديرٍ يُسجَّل بالمستخدم والفلاتر · خيطٌ متصلٌ من الواقعة التشغيلية إلى القيد المحاسبي — بلا انقطاع  [nav09_map]"
"قارئ مالي",8.832.46,"متابعة وتقارير المالية","المتابعة والبلاغات","أبلغ عن مشكلة من هذه الشاشة · Tickets/ticket_contextual_open.php","export_log  [nav09_map]","— لا وحدة","الملفُّ يُصدَّر بنطاق المستخدم وحدَه · وكلُّ تصديرٍ يُسجَّل بالمستخدم والفلاتر · خيطٌ متصلٌ من الواقعة التشغيلية إلى القيد المحاسبي — بلا انقطاع  [nav09_map]"
"قارئ مالي",8.832.47,"متابعة وتقارير المالية","المتابعة والبلاغات","صندوق ما ينتظر اعتمادي · Finance/approvals_inbox.php#2","export_log  [nav09_map]","إدارة المالية","الملفُّ يُصدَّر بنطاق المستخدم وحدَه · وكلُّ تصديرٍ يُسجَّل بالمستخدم والفلاتر · خيطٌ متصلٌ من الواقعة التشغيلية إلى القيد المحاسبي — بلا انقطاع  [nav09_map]"
"قارئ مالي",8.833.48,"متابعة وتقارير المالية","الميزانية والإنجاز","ميزانية إدارتي · Finance/budget_dept.php#2","export_log  [nav09_map]","إدارة المالية","الملفُّ يُصدَّر بنطاق المستخدم وحدَه · وكلُّ تصديرٍ يُسجَّل بالمستخدم والفلاتر · خيطٌ متصلٌ من الواقعة التشغيلية إلى القيد المحاسبي — بلا انقطاع  [nav09_map]"
"قارئ مالي",8.833.49,"متابعة وتقارير المالية","الميزانية والإنجاز","إنجاز الإدارة · Portal/dept_achievement.php","export_log  [nav09_map]","إدارة الصلاحيات","الملفُّ يُصدَّر بنطاق المستخدم وحدَه · وكلُّ تصديرٍ يُسجَّل بالمستخدم والفلاتر · خيطٌ متصلٌ من الواقعة التشغيلية إلى القيد المحاسبي — بلا انقطاع  [nav09_map]"
"قارئ مالي",8.833.50,"متابعة وتقارير المالية","الميزانية والإنجاز","مركز التقارير · emsreports/index.php","export_log  [nav09_map]","إدارة الصلاحيات","الملفُّ يُصدَّر بنطاق المستخدم وحدَه · وكلُّ تصديرٍ يُسجَّل بالمستخدم والفلاتر · خيطٌ متصلٌ من الواقعة التشغيلية إلى القيد المحاسبي — بلا انقطاع  [nav09_map]"
"قارئ مالي",9.934.51,"إعدادات المالية","قواعد التوجيه","قواعد توجيه الطلبات المالية · FinRequests/routing_admin.php","routing_rules  [nav09_map]","إدارة المالية","كلُّ طلبٍ بعدها يسلك المسارَ الجديد بسقوفه — ولا يُوجَّه يدويًّا  [nav09_map]"
"قارئ مالي",9.935.52,"إعدادات المالية",العملات,"أسعار الصرف · Finance/currencies_fin.php#2","routing_rules  [nav09_map]","إدارة المالية","كلُّ طلبٍ بعدها يسلك المسارَ الجديد بسقوفه — ولا يُوجَّه يدويًّا  [nav09_map]"
"قارئ مالي",99.9900.50,"خارج الوثيقة — بانتظار قرار المالك","أخرى — للمراجعة","لوحة قارئ مالي · Finance/cfo_daily_board_fin.php","client_statements  [nav09_map]","إدارة المالية","الرصيدُ التراكميُّ يُثبَّت · والعميلُ يُطالب بمطابقته قبل التصعيد  [nav09_map]"
"قارئ مالي",99.9900.50,"خارج الوثيقة — بانتظار قرار المالك","أخرى — للمراجعة","اللوحة التنفيذية · Finance/executive_dashboard_fin.php","client_statements  [nav09_map]","إدارة المالية","الرصيدُ التراكميُّ يُثبَّت · والعميلُ يُطالب بمطابقته قبل التصعيد  [nav09_map]"
"قارئ مالي",99.9900.50,"خارج الوثيقة — بانتظار قرار المالك","أخرى — للمراجعة","المحاسبون والوحدات · Finance/accountants_fin.php","client_statements  [nav09_map]","إدارة المالية","الرصيدُ التراكميُّ يُثبَّت · والعميلُ يُطالب بمطابقته قبل التصعيد  [nav09_map]"
"قارئ مالي",99.9900.50,"خارج الوثيقة — بانتظار قرار المالك","أخرى — للمراجعة","أحكام العميل والمورد والمشغّل · Finance/unit_records_fin.php","client_statements  [nav09_map]","إدارة المالية","الرصيدُ التراكميُّ يُثبَّت · والعميلُ يُطالب بمطابقته قبل التصعيد  [nav09_map]"
"قارئ مالي",99.9900.50,"خارج الوثيقة — بانتظار قرار المالك","أخرى — للمراجعة","استقبال معاملات الإدارات · Finance/import_events_fin.php","client_statements  [nav09_map]","إدارة المالية","الرصيدُ التراكميُّ يُثبَّت · والعميلُ يُطالب بمطابقته قبل التصعيد  [nav09_map]"
"قارئ مالي",99.9900.50,"خارج الوثيقة — بانتظار قرار المالك","أخرى — للمراجعة","الضرائب والقيمة المضافة · Finance/tax_fin.php","client_statements  [nav09_map]","إدارة المالية","الرصيدُ التراكميُّ يُثبَّت · والعميلُ يُطالب بمطابقته قبل التصعيد  [nav09_map]"
"قارئ مالي",99.9900.50,"خارج الوثيقة — بانتظار قرار المالك","أخرى — للمراجعة","الطلبات المالية · FinRequests/finance_gateway.php","client_statements  [nav09_map]","إدارة المالية","الرصيدُ التراكميُّ يُثبَّت · والعميلُ يُطالب بمطابقته قبل التصعيد  [nav09_map]"
"قارئ مالي",99.9900.50,"خارج الوثيقة — بانتظار قرار المالك","أخرى — للمراجعة","كشف حساب العميل · Contracts/client_statement.php","client_statements  [nav09_map]","ادارة المبيعات","الرصيدُ التراكميُّ يُثبَّت · والعميلُ يُطالب بمطابقته قبل التصعيد  [nav09_map]"
"إدارة النقل والترحيل",—,"(بلا مرحلة)","لوحة الإدارة","مساحة عملي · main/my_workspace.php","— لا مصدر","— لا وحدة","— لا مصدر"
"إدارة النقل والترحيل",0.1.1,"لوحة الإدارة","مساحتي الشخصية","مهامي · Portal/my_tasks.php","requests · tasks · workflow  [nav09_map]","مساحة عملي  [إدارة]","الطلبُ يدخل صندوقَ اعتماد المعنيّ بمساره — ويظهر في «طلباتي» بحالته · المهمةُ تُقفل · والخطوةُ التاليةُ تُفتح لصاحبها · ومهلةُ المسار تُحدَّث · تُصيَّر المكوّناتُ التي منحته إياها الحوكمةُ وحدَها · ومشغّلُ المعدة يرى معدتَه ومشغّلَها الآخر · يُعاد الحسابُ  [nav09_map]"
"إدارة النقل والترحيل",0.1.2,"لوحة الإدارة","مساحتي الشخصية","إنجازي · Portal/my_achievement.php","requests · tasks · workflow  [nav09_map]","إدارة الصلاحيات","الطلبُ يدخل صندوقَ اعتماد المعنيّ بمساره — ويظهر في «طلباتي» بحالته · المهمةُ تُقفل · والخطوةُ التاليةُ تُفتح لصاحبها · ومهلةُ المسار تُحدَّث · تُصيَّر المكوّناتُ التي منحته إياها الحوكمةُ وحدَها · ومشغّلُ المعدة يرى معدتَه ومشغّلَها الآخر · يُعاد الحسابُ  [nav09_map]"
"إدارة النقل والترحيل",0.1.3,"لوحة الإدارة","مساحتي الشخصية","بوابتي · Portal/my_portal.php","requests · tasks · workflow  [nav09_map]","إدارة الصلاحيات","الطلبُ يدخل صندوقَ اعتماد المعنيّ بمساره — ويظهر في «طلباتي» بحالته · المهمةُ تُقفل · والخطوةُ التاليةُ تُفتح لصاحبها · ومهلةُ المسار تُحدَّث · تُصيَّر المكوّناتُ التي منحته إياها الحوكمةُ وحدَها · ومشغّلُ المعدة يرى معدتَه ومشغّلَها الآخر · يُعاد الحسابُ  [nav09_map]"
"إدارة النقل والترحيل",0.1.4,"لوحة الإدارة","مساحتي الشخصية","طلباتي · FinRequests/my_requests.php","requests · tasks · workflow  [nav09_map]","ادارة الصيانة","الطلبُ يدخل صندوقَ اعتماد المعنيّ بمساره — ويظهر في «طلباتي» بحالته · المهمةُ تُقفل · والخطوةُ التاليةُ تُفتح لصاحبها · ومهلةُ المسار تُحدَّث · تُصيَّر المكوّناتُ التي منحته إياها الحوكمةُ وحدَها · ومشغّلُ المعدة يرى معدتَه ومشغّلَها الآخر · يُعاد الحسابُ  [nav09_map]"
"إدارة النقل والترحيل",0.1.5,"لوحة الإدارة","مساحتي الشخصية","المراسلات · chats/index.php","requests · tasks · workflow  [nav09_map]","— لا وحدة","الطلبُ يدخل صندوقَ اعتماد المعنيّ بمساره — ويظهر في «طلباتي» بحالته · المهمةُ تُقفل · والخطوةُ التاليةُ تُفتح لصاحبها · ومهلةُ المسار تُحدَّث · تُصيَّر المكوّناتُ التي منحته إياها الحوكمةُ وحدَها · ومشغّلُ المعدة يرى معدتَه ومشغّلَها الآخر · يُعاد الحسابُ  [nav09_map]"
"إدارة النقل والترحيل",0.2.6,"لوحة الإدارة","لوحة الرحلات","متابعة الرحلات في الطريق · Transport/transfer_in_transit.php","requests · tasks · workflow  [nav09_map]","إدارة النقل والترحيل","الطلبُ يدخل صندوقَ اعتماد المعنيّ بمساره — ويظهر في «طلباتي» بحالته · المهمةُ تُقفل · والخطوةُ التاليةُ تُفتح لصاحبها · ومهلةُ المسار تُحدَّث · تُصيَّر المكوّناتُ التي منحته إياها الحوكمةُ وحدَها · ومشغّلُ المعدة يرى معدتَه ومشغّلَها الآخر · يُعاد الحسابُ  [nav09_map]"
"إدارة النقل والترحيل",1.103.7,"أولًا: استقبال الطلب","الطلبات الواردة","طلبات الترحيل · Transport/transfer_requests.php","— لا مصدر","إدارة النقل والترحيل","ثانيًا: إصدار أمر الترحيل  [cycle_order]"
"إدارة النقل والترحيل",2.204.8,"ثانيًا: إصدار أمر الترحيل",الأوامر,"أوامر الترحيل · Transport/transfer_orders_list.php","asset_register · fin_events · equipments · asset_register  [nav09_map]","إدارة النقل والترحيل","الإهلاكُ يتوقف · والقيمةُ تُقفل · والتخصيصاتُ تُنهى · والحصصُ تُغلق · كرتٌ بكودٍ دائم · وطلبُ تفتيشٍ أوليٍّ يُفتح · وأصلٌ يدخل السجلَ بلا إهلاكٍ حتى التفعيل  [nav09_map]"
"إدارة النقل والترحيل",2.205.9,"ثانيًا: إصدار أمر الترحيل","العناصر المنقولة","سجل المعدات · Equipments/equipments.php","asset_register · fin_events · equipments · asset_register  [nav09_map]","إدارة الأسطول  [إدارة]","الإهلاكُ يتوقف · والقيمةُ تُقفل · والتخصيصاتُ تُنهى · والحصصُ تُغلق · كرتٌ بكودٍ دائم · وطلبُ تفتيشٍ أوليٍّ يُفتح · وأصلٌ يدخل السجلَ بلا إهلاكٍ حتى التفعيل  [nav09_map]"
"إدارة النقل والترحيل",2.205.10,"ثانيًا: إصدار أمر الترحيل","العناصر المنقولة","سجل المشغّلين · Employees/equipment_operators.php","asset_register · fin_events · equipments · asset_register  [nav09_map]","ادارة الموارد البشرية","الإهلاكُ يتوقف · والقيمةُ تُقفل · والتخصيصاتُ تُنهى · والحصصُ تُغلق · كرتٌ بكودٍ دائم · وطلبُ تفتيشٍ أوليٍّ يُفتح · وأصلٌ يدخل السجلَ بلا إهلاكٍ حتى التفعيل  [nav09_map]"
"إدارة النقل والترحيل",3.306.11,"ثالثًا: التجهيز والتصاريح",التصاريح,"تصاريح المسار والحمولة · Transport/transfer_permits.php","permits · transfer_carriers  [nav09_map]","إدارة النقل والترحيل","الأمرُ يصير جاهزًا للتنفيذ · ولا مغادرةَ بتصريحٍ منتهٍ · اللابدُ يُحجز للرحلة · وتعرفتُه تدخل التكلفة · والمقاولُ الخارجيُّ يفتح طلبَ دفع  [nav09_map]"
"إدارة النقل والترحيل",3.307.12,"ثالثًا: التجهيز والتصاريح","اللوابد والمركبات","اللوابد والمركبات الناقلة · Transport/transfer_fleet.php","permits · transfer_carriers  [nav09_map]","إدارة النقل والترحيل","الأمرُ يصير جاهزًا للتنفيذ · ولا مغادرةَ بتصريحٍ منتهٍ · اللابدُ يُحجز للرحلة · وتعرفتُه تدخل التكلفة · والمقاولُ الخارجيُّ يفتح طلبَ دفع  [nav09_map]"
"إدارة النقل والترحيل",4.408.13,"رابعًا: الحركة والوصول","في الطريق","متابعة الرحلات في الطريق · Transport/transfer_in_transit.php#2","— لا مصدر","إدارة النقل والترحيل","خامسًا: الإقفال وتحميل التكلفة  [cycle_order]"
"إدارة النقل والترحيل",5.509.14,"خامسًا: الإقفال وتحميل التكلفة","الإقفال والتكلفة","إقفال الأمر وتحميل تكلفته · Transport/transfer_close_cost.php","transfer_orders · transfer_events · transfer_cost_lines  [nav09_map]","إدارة النقل والترحيل","إقفالٌ بتكلفةٍ محمَّلةٍ على المشروع — مرفوضٌ بلا مستندِ تسليمٍ مخزَّن  [nav09_map]"
"إدارة النقل والترحيل",5.510.15,"خامسًا: الإقفال وتحميل التكلفة","طلب الدفع","طلبات الدفع والسداد · Finance/payments_fin.php","transfer_orders · transfer_events · transfer_cost_lines  [nav09_map]","إدارة المالية","إقفالٌ بتكلفةٍ محمَّلةٍ على المشروع — مرفوضٌ بلا مستندِ تسليمٍ مخزَّن  [nav09_map]"
"إدارة النقل والترحيل",6.611.16,"متابعة الترحيل","المتابعة والبلاغات","بلاغات إدارتي · Tickets/dept_inbox.php","approvals · approvals · audit · approvals · reasons  [nav09_map]","إدارة البلاغات","المستندُ يعود قابلًا للتعديل · والمهلةُ تتوقف حتى إعادة الرفع · المستندُ يعود لمُنشئه بسببٍ من قائمةٍ محكومة — ويُقاس السببُ في تحليل الاختناقات · المستندُ ينتقل · والتوقيعُ يُسجَّل بمرجع التفويض  [nav09_map]"
"إدارة النقل والترحيل",6.611.17,"متابعة الترحيل","المتابعة والبلاغات","أبلغ عن مشكلة من هذه الشاشة · Tickets/ticket_contextual_open.php","approvals · approvals · audit · approvals · reasons  [nav09_map]","— لا وحدة","المستندُ يعود قابلًا للتعديل · والمهلةُ تتوقف حتى إعادة الرفع · المستندُ يعود لمُنشئه بسببٍ من قائمةٍ محكومة — ويُقاس السببُ في تحليل الاختناقات · المستندُ ينتقل · والتوقيعُ يُسجَّل بمرجع التفويض  [nav09_map]"
"إدارة النقل والترحيل",6.611.18,"متابعة الترحيل","المتابعة والبلاغات","صندوق ما ينتظر اعتمادي · Finance/approvals_inbox.php","approvals · approvals · audit · approvals · reasons  [nav09_map]","إدارة المالية","المستندُ يعود قابلًا للتعديل · والمهلةُ تتوقف حتى إعادة الرفع · المستندُ يعود لمُنشئه بسببٍ من قائمةٍ محكومة — ويُقاس السببُ في تحليل الاختناقات · المستندُ ينتقل · والتوقيعُ يُسجَّل بمرجع التفويض  [nav09_map]"
"إدارة النقل والترحيل",7.712.19,"تقارير وإعدادات الترحيل","التعرفة وقواعد التحميل","تعرفة الترحيل وقواعد التحميل · Transport/transfer_tariffs.php","budget_change_requests · export_log  [nav09_map]","إدارة النقل والترحيل","الطلبُ يدخل سلّمَ الاعتماد ببيان أثره — ولا يُعدَّل السقفُ قبل الاعتماد · الملفُّ يُصدَّر بنطاق المستخدم وحدَه · وكلُّ تصديرٍ يُسجَّل بالمستخدم والفلاتر  [nav09_map]"
"إدارة النقل والترحيل",7.713.20,"تقارير وإعدادات الترحيل","الميزانية والإنجاز","ميزانية إدارتي · Finance/budget_dept.php","budget_change_requests · export_log  [nav09_map]","إدارة المالية","الطلبُ يدخل سلّمَ الاعتماد ببيان أثره — ولا يُعدَّل السقفُ قبل الاعتماد · الملفُّ يُصدَّر بنطاق المستخدم وحدَه · وكلُّ تصديرٍ يُسجَّل بالمستخدم والفلاتر  [nav09_map]"
"إدارة النقل والترحيل",7.713.21,"تقارير وإعدادات الترحيل","الميزانية والإنجاز","إنجاز الإدارة · Portal/dept_achievement.php","budget_change_requests · export_log  [nav09_map]","إدارة الصلاحيات","الطلبُ يدخل سلّمَ الاعتماد ببيان أثره — ولا يُعدَّل السقفُ قبل الاعتماد · الملفُّ يُصدَّر بنطاق المستخدم وحدَه · وكلُّ تصديرٍ يُسجَّل بالمستخدم والفلاتر  [nav09_map]"
"إدارة النقل والترحيل",7.713.22,"تقارير وإعدادات الترحيل","الميزانية والإنجاز","مركز التقارير · emsreports/index.php","budget_change_requests · export_log  [nav09_map]","إدارة الصلاحيات","الطلبُ يدخل سلّمَ الاعتماد ببيان أثره — ولا يُعدَّل السقفُ قبل الاعتماد · الملفُّ يُصدَّر بنطاق المستخدم وحدَه · وكلُّ تصديرٍ يُسجَّل بالمستخدم والفلاتر  [nav09_map]"
"إدارة النقل والترحيل",98.9800.10,"فريق العمل","فريق العمل","إدارة المعاونين · main/project_users.php","— لا مصدر","ادارة الموردين","خارج الوثيقة — بانتظار قرار المالك  [cycle_order]"
"إدارة النقل والترحيل",99.9900.50,"خارج الوثيقة — بانتظار قرار المالك","أخرى — للمراجعة","لوحة الإدارة · Transport/transfer_dashboard.php","transfer_delivery_docs · transfer_events  [nav09_map]","إدارة النقل والترحيل","مستندُ تسليمٍ مخزَّنٌ بمرجعِه ووقتِه وشاهدِه — وحدثٌ واحدٌ مهما تكرر الإرسال  [nav09_map]"
"إدارة النقل والترحيل",99.9900.50,"خارج الوثيقة — بانتظار قرار المالك","أخرى — للمراجعة","إعدادات الترحيل · Transport/transfer_types_config.php","transfer_delivery_docs · transfer_events  [nav09_map]","إدارة النقل والترحيل","مستندُ تسليمٍ مخزَّنٌ بمرجعِه ووقتِه وشاهدِه — وحدثٌ واحدٌ مهما تكرر الإرسال  [nav09_map]"
"إدارة النقل والترحيل",99.9900.50,"خارج الوثيقة — بانتظار قرار المالك","أخرى — للمراجعة","قواعد تحميل تكلفة الترحيل · Transport/transfer_cost_rules_config.php","transfer_delivery_docs · transfer_events  [nav09_map]","إدارة النقل والترحيل","مستندُ تسليمٍ مخزَّنٌ بمرجعِه ووقتِه وشاهدِه — وحدثٌ واحدٌ مهما تكرر الإرسال  [nav09_map]"
"إدارة النقل والترحيل",99.9900.50,"خارج الوثيقة — بانتظار قرار المالك","أخرى — للمراجعة","المواقع · Transport/trs_locations_config.php","transfer_delivery_docs · transfer_events  [nav09_map]","إدارة النقل والترحيل","مستندُ تسليمٍ مخزَّنٌ بمرجعِه ووقتِه وشاهدِه — وحدثٌ واحدٌ مهما تكرر الإرسال  [nav09_map]"
"إدارة النقل والترحيل",99.9900.50,"خارج الوثيقة — بانتظار قرار المالك","أخرى — للمراجعة","سجل الأحداث المالية · Finance/events_list_fin.php","transfer_delivery_docs · transfer_events  [nav09_map]","إدارة المالية","مستندُ تسليمٍ مخزَّنٌ بمرجعِه ووقتِه وشاهدِه — وحدثٌ واحدٌ مهما تكرر الإرسال  [nav09_map]"
"إدارة النقل والترحيل",99.9900.50,"خارج الوثيقة — بانتظار قرار المالك","أخرى — للمراجعة","التكاليف والربحية · Finance/cost_report_fin.php","transfer_delivery_docs · transfer_events  [nav09_map]","إدارة المالية","مستندُ تسليمٍ مخزَّنٌ بمرجعِه ووقتِه وشاهدِه — وحدثٌ واحدٌ مهما تكرر الإرسال  [nav09_map]"
"إدارة النقل والترحيل",99.9900.50,"خارج الوثيقة — بانتظار قرار المالك","أخرى — للمراجعة","الوصول والتسليم · Transport/transfer_arrival.php","transfer_delivery_docs · transfer_events  [nav09_map]","إدارة النقل والترحيل","مستندُ تسليمٍ مخزَّنٌ بمرجعِه ووقتِه وشاهدِه — وحدثٌ واحدٌ مهما تكرر الإرسال  [nav09_map]"
"إدارة النقل والترحيل",99.9900.99,"خارج الوثيقة — بانتظار قرار المالك","أخرى — للمراجعة","مخاطر النقل والترحيل · Risk/dept_risk_space.php","transfer_delivery_docs · transfer_events  [nav09_map]","إدارة المخاطر","مستندُ تسليمٍ مخزَّنٌ بمرجعِه ووقتِه وشاهدِه — وحدثٌ واحدٌ مهما تكرر الإرسال  [nav09_map]"
"إدارة البلاغات",—,"(بلا مرحلة)","لوحة الإدارة","مساحة عملي · main/my_workspace.php","— لا مصدر","— لا وحدة","— لا مصدر"
"إدارة البلاغات",0.1.1,"لوحة الإدارة","مساحتي الشخصية","مهامي · Portal/my_tasks.php","requests · tasks · workflow  [nav09_map]","مساحة عملي  [إدارة]","الطلبُ يدخل صندوقَ اعتماد المعنيّ بمساره — ويظهر في «طلباتي» بحالته · المهمةُ تُقفل · والخطوةُ التاليةُ تُفتح لصاحبها · ومهلةُ المسار تُحدَّث · تُصيَّر المكوّناتُ التي منحته إياها الحوكمةُ وحدَها · ومشغّلُ المعدة يرى معدتَه ومشغّلَها الآخر · يُعاد الحسابُ  [nav09_map]"
"إدارة البلاغات",0.1.2,"لوحة الإدارة","مساحتي الشخصية","إنجازي · Portal/my_achievement.php","requests · tasks · workflow  [nav09_map]","إدارة الصلاحيات","الطلبُ يدخل صندوقَ اعتماد المعنيّ بمساره — ويظهر في «طلباتي» بحالته · المهمةُ تُقفل · والخطوةُ التاليةُ تُفتح لصاحبها · ومهلةُ المسار تُحدَّث · تُصيَّر المكوّناتُ التي منحته إياها الحوكمةُ وحدَها · ومشغّلُ المعدة يرى معدتَه ومشغّلَها الآخر · يُعاد الحسابُ  [nav09_map]"
"إدارة البلاغات",0.1.3,"لوحة الإدارة","مساحتي الشخصية","بوابتي · Portal/my_portal.php","requests · tasks · workflow  [nav09_map]","إدارة الصلاحيات","الطلبُ يدخل صندوقَ اعتماد المعنيّ بمساره — ويظهر في «طلباتي» بحالته · المهمةُ تُقفل · والخطوةُ التاليةُ تُفتح لصاحبها · ومهلةُ المسار تُحدَّث · تُصيَّر المكوّناتُ التي منحته إياها الحوكمةُ وحدَها · ومشغّلُ المعدة يرى معدتَه ومشغّلَها الآخر · يُعاد الحسابُ  [nav09_map]"
"إدارة البلاغات",0.1.4,"لوحة الإدارة","مساحتي الشخصية","طلباتي · FinRequests/my_requests.php","requests · tasks · workflow  [nav09_map]","ادارة الصيانة","الطلبُ يدخل صندوقَ اعتماد المعنيّ بمساره — ويظهر في «طلباتي» بحالته · المهمةُ تُقفل · والخطوةُ التاليةُ تُفتح لصاحبها · ومهلةُ المسار تُحدَّث · تُصيَّر المكوّناتُ التي منحته إياها الحوكمةُ وحدَها · ومشغّلُ المعدة يرى معدتَه ومشغّلَها الآخر · يُعاد الحسابُ  [nav09_map]"
"إدارة البلاغات",0.1.5,"لوحة الإدارة","مساحتي الشخصية","المراسلات · chats/index.php","requests · tasks · workflow  [nav09_map]","— لا وحدة","الطلبُ يدخل صندوقَ اعتماد المعنيّ بمساره — ويظهر في «طلباتي» بحالته · المهمةُ تُقفل · والخطوةُ التاليةُ تُفتح لصاحبها · ومهلةُ المسار تُحدَّث · تُصيَّر المكوّناتُ التي منحته إياها الحوكمةُ وحدَها · ومشغّلُ المعدة يرى معدتَه ومشغّلَها الآخر · يُعاد الحسابُ  [nav09_map]"
"إدارة البلاغات",0.2.6,"لوحة الإدارة","برج المراقبة","مؤشرات البلاغات · Tickets/ticket_dashboard.php","requests · tasks · workflow  [nav09_map]","إدارة البلاغات","الطلبُ يدخل صندوقَ اعتماد المعنيّ بمساره — ويظهر في «طلباتي» بحالته · المهمةُ تُقفل · والخطوةُ التاليةُ تُفتح لصاحبها · ومهلةُ المسار تُحدَّث · تُصيَّر المكوّناتُ التي منحته إياها الحوكمةُ وحدَها · ومشغّلُ المعدة يرى معدتَه ومشغّلَها الآخر · يُعاد الحسابُ  [nav09_map]"
"إدارة البلاغات",1.103.7,"أولًا: الاستقبال","تسجيل بلاغ","أبلغ عن مشكلة من هذه الشاشة · Tickets/ticket_contextual_open.php","— لا مصدر","— لا وحدة","ثانيًا: التصنيف والتوجيه  [cycle_order]"
"إدارة البلاغات",1.104.8,"أولًا: الاستقبال","قائمة البلاغات","بلاغات المركز · Tickets/tickets_list.php","— لا مصدر","إدارة البلاغات","ثانيًا: التصنيف والتوجيه  [cycle_order]"
"إدارة البلاغات",2.205.9,"ثانيًا: التصنيف والتوجيه","التوجيه الآلي","تصنيف البلاغ وتوجيهه آليًّا · Tickets/ticket_types_config.php","— لا مصدر","إدارة البلاغات","ثالثًا: التحويل والتفريع  [cycle_order]"
"إدارة البلاغات",3.306.10,"ثالثًا: التحويل والتفريع","التحويل والتفريع","تحويل البلاغ وتفريعه لمسارات · Tickets/ticket_workstreams_board.php","— لا مصدر","— لا وحدة","رابعًا: المتابعة والتصعيد  [cycle_order]"
"إدارة البلاغات",4.407.11,"رابعًا: المتابعة والتصعيد","المهل والتصعيد","مهل البلاغات وتصعيدها · Tickets/ticket_escalation_config.php","— لا مصدر","إدارة البلاغات","خامسًا: الإغلاق  [cycle_order]"
"إدارة البلاغات",4.408.12,"رابعًا: المتابعة والتصعيد","التكرار والسبب الجذري","البلاغات المتكررة وسببها الجذري · Tickets/ticket_recurrence.php","— لا مصدر","إدارة البلاغات","خامسًا: الإغلاق  [cycle_order]"
"إدارة البلاغات",5.509.13,"خامسًا: الإغلاق","الإغلاق وانضباطه","إغلاق البلاغ وتأكيده · Tickets/admin_close.php","— لا مصدر","إدارة البلاغات","سادسًا: القوالب الدورية  [cycle_order]"
"إدارة البلاغات",6.610.14,"سادسًا: القوالب الدورية","البلاغات الدورية","البلاغات الدورية المولَّدة · Tickets/ticket_recurrence.php#2","— لا مصدر","إدارة البلاغات","متابعة وتقارير المركز  [cycle_order]"
"إدارة البلاغات",7.711.15,"متابعة وتقارير المركز",المؤشرات,"مؤشرات البلاغات · Tickets/ticket_dashboard.php#2","approvals · approvals · audit · approvals · reasons · budget_change_requests · export_log  [nav09_map]","إدارة البلاغات","الطلبُ يدخل سلّمَ الاعتماد ببيان أثره — ولا يُعدَّل السقفُ قبل الاعتماد · المستندُ يعود قابلًا للتعديل · والمهلةُ تتوقف حتى إعادة الرفع · المستندُ يعود لمُنشئه بسببٍ من قائمةٍ محكومة — ويُقاس السببُ في تحليل الاختناقات · المستندُ ينتقل · والتوقيعُ يُسجَّل  [nav09_map]"
"إدارة البلاغات",7.712.16,"متابعة وتقارير المركز",الاعتمادات,"صندوق ما ينتظر اعتمادي · Finance/approvals_inbox.php","approvals · approvals · audit · approvals · reasons · budget_change_requests · export_log  [nav09_map]","إدارة المالية","الطلبُ يدخل سلّمَ الاعتماد ببيان أثره — ولا يُعدَّل السقفُ قبل الاعتماد · المستندُ يعود قابلًا للتعديل · والمهلةُ تتوقف حتى إعادة الرفع · المستندُ يعود لمُنشئه بسببٍ من قائمةٍ محكومة — ويُقاس السببُ في تحليل الاختناقات · المستندُ ينتقل · والتوقيعُ يُسجَّل  [nav09_map]"
"إدارة البلاغات",7.713.17,"متابعة وتقارير المركز","الميزانية والإنجاز","ميزانية إدارتي · Finance/budget_dept.php","approvals · approvals · audit · approvals · reasons · budget_change_requests · export_log  [nav09_map]","إدارة المالية","الطلبُ يدخل سلّمَ الاعتماد ببيان أثره — ولا يُعدَّل السقفُ قبل الاعتماد · المستندُ يعود قابلًا للتعديل · والمهلةُ تتوقف حتى إعادة الرفع · المستندُ يعود لمُنشئه بسببٍ من قائمةٍ محكومة — ويُقاس السببُ في تحليل الاختناقات · المستندُ ينتقل · والتوقيعُ يُسجَّل  [nav09_map]"
"إدارة البلاغات",7.713.18,"متابعة وتقارير المركز","الميزانية والإنجاز","إنجاز الإدارة · Portal/dept_achievement.php","approvals · approvals · audit · approvals · reasons · budget_change_requests · export_log  [nav09_map]","إدارة الصلاحيات","الطلبُ يدخل سلّمَ الاعتماد ببيان أثره — ولا يُعدَّل السقفُ قبل الاعتماد · المستندُ يعود قابلًا للتعديل · والمهلةُ تتوقف حتى إعادة الرفع · المستندُ يعود لمُنشئه بسببٍ من قائمةٍ محكومة — ويُقاس السببُ في تحليل الاختناقات · المستندُ ينتقل · والتوقيعُ يُسجَّل  [nav09_map]"
"إدارة البلاغات",7.713.19,"متابعة وتقارير المركز","الميزانية والإنجاز","مركز التقارير · emsreports/index.php","approvals · approvals · audit · approvals · reasons · budget_change_requests · export_log  [nav09_map]","إدارة الصلاحيات","الطلبُ يدخل سلّمَ الاعتماد ببيان أثره — ولا يُعدَّل السقفُ قبل الاعتماد · المستندُ يعود قابلًا للتعديل · والمهلةُ تتوقف حتى إعادة الرفع · المستندُ يعود لمُنشئه بسببٍ من قائمةٍ محكومة — ويُقاس السببُ في تحليل الاختناقات · المستندُ ينتقل · والتوقيعُ يُسجَّل  [nav09_map]"
"إدارة البلاغات",8.814.20,"إعدادات البلاغات","الأنواع والمهل والتصعيد","إعدادات البلاغات — الأنواع والمهل والتصعيد · Tickets/ticket_types_config.php#2","— لا مصدر","إدارة البلاغات","فريق العمل  [cycle_order]"
"إدارة البلاغات",98.9800.10,"فريق العمل","فريق العمل","إدارة المعاونين · main/project_users.php","— لا مصدر","ادارة الموردين","خارج الوثيقة — بانتظار قرار المالك  [cycle_order]"
"إدارة البلاغات",99.9900.50,"خارج الوثيقة — بانتظار قرار المالك","أخرى — للمراجعة","أزمنة الاستجابة والإنجاز · Tickets/ticket_sla_config.php","— لا مصدر","إدارة البلاغات","نهايةُ دورةِ الإدارة — لا مرحلةَ بعدَها  [cycle_order]"
"إدارة البلاغات",99.9900.50,"خارج الوثيقة — بانتظار قرار المالك","أخرى — للمراجعة","لوحة الإدارة · main/role_board.php","— لا مصدر","إدارة الصلاحيات","نهايةُ دورةِ الإدارة — لا مرحلةَ بعدَها  [cycle_order]"
"إدارة البلاغات",99.9900.50,"خارج الوثيقة — بانتظار قرار المالك","أخرى — للمراجعة","ميزانية إدارتي · Finance/budget_form_fin.php","— لا مصدر","إدارة المالية","نهايةُ دورةِ الإدارة — لا مرحلةَ بعدَها  [cycle_order]"
"إدارة البلاغات",99.9900.50,"خارج الوثيقة — بانتظار قرار المالك","أخرى — للمراجعة","تقرير من يتأخر ومن لا يستجيب · Tickets/watchtower.php","— لا مصدر","إدارة البلاغات","نهايةُ دورةِ الإدارة — لا مرحلةَ بعدَها  [cycle_order]"
"إدارة البلاغات",99.9900.95,"خارج الوثيقة — بانتظار قرار المالك","أخرى — للمراجعة","مخاطرُ الميدان · Risk/risk_field.php","— لا مصدر","إدارة المخاطر","نهايةُ دورةِ الإدارة — لا مرحلةَ بعدَها  [cycle_order]"
"إدارة البلاغات",99.9900.99,"خارج الوثيقة — بانتظار قرار المالك","أخرى — للمراجعة","مساحة مخاطر الإدارة · Risk/dept_risk_space.php","— لا مصدر","إدارة المخاطر","نهايةُ دورةِ الإدارة — لا مرحلةَ بعدَها  [cycle_order]"
"أمين المستودع",—,"(بلا مرحلة)","لوحة الإدارة","مساحة عملي · main/my_workspace.php","— لا مصدر","— لا وحدة","— لا مصدر"
"أمين المستودع",0.1.1,"لوحة الإدارة","مساحتي الشخصية","مهامي · Portal/my_tasks.php","requests · tasks · workflow  [nav09_map]","مساحة عملي  [إدارة]","الطلبُ يدخل صندوقَ اعتماد المعنيّ بمساره — ويظهر في «طلباتي» بحالته · المهمةُ تُقفل · والخطوةُ التاليةُ تُفتح لصاحبها · ومهلةُ المسار تُحدَّث · تُصيَّر المكوّناتُ التي منحته إياها الحوكمةُ وحدَها · ومشغّلُ المعدة يرى معدتَه ومشغّلَها الآخر · يُعاد الحسابُ  [nav09_map]"
"أمين المستودع",0.1.2,"لوحة الإدارة","مساحتي الشخصية","إنجازي · Portal/my_achievement.php","requests · tasks · workflow  [nav09_map]","إدارة الصلاحيات","الطلبُ يدخل صندوقَ اعتماد المعنيّ بمساره — ويظهر في «طلباتي» بحالته · المهمةُ تُقفل · والخطوةُ التاليةُ تُفتح لصاحبها · ومهلةُ المسار تُحدَّث · تُصيَّر المكوّناتُ التي منحته إياها الحوكمةُ وحدَها · ومشغّلُ المعدة يرى معدتَه ومشغّلَها الآخر · يُعاد الحسابُ  [nav09_map]"
"أمين المستودع",0.1.3,"لوحة الإدارة","مساحتي الشخصية","بوابتي · Portal/my_portal.php","requests · tasks · workflow  [nav09_map]","إدارة الصلاحيات","الطلبُ يدخل صندوقَ اعتماد المعنيّ بمساره — ويظهر في «طلباتي» بحالته · المهمةُ تُقفل · والخطوةُ التاليةُ تُفتح لصاحبها · ومهلةُ المسار تُحدَّث · تُصيَّر المكوّناتُ التي منحته إياها الحوكمةُ وحدَها · ومشغّلُ المعدة يرى معدتَه ومشغّلَها الآخر · يُعاد الحسابُ  [nav09_map]"
"أمين المستودع",0.1.4,"لوحة الإدارة","مساحتي الشخصية","طلباتي · FinRequests/my_requests.php","requests · tasks · workflow  [nav09_map]","ادارة الصيانة","الطلبُ يدخل صندوقَ اعتماد المعنيّ بمساره — ويظهر في «طلباتي» بحالته · المهمةُ تُقفل · والخطوةُ التاليةُ تُفتح لصاحبها · ومهلةُ المسار تُحدَّث · تُصيَّر المكوّناتُ التي منحته إياها الحوكمةُ وحدَها · ومشغّلُ المعدة يرى معدتَه ومشغّلَها الآخر · يُعاد الحسابُ  [nav09_map]"
"أمين المستودع",0.1.5,"لوحة الإدارة","مساحتي الشخصية","المراسلات · chats/index.php","requests · tasks · workflow  [nav09_map]","— لا وحدة","الطلبُ يدخل صندوقَ اعتماد المعنيّ بمساره — ويظهر في «طلباتي» بحالته · المهمةُ تُقفل · والخطوةُ التاليةُ تُفتح لصاحبها · ومهلةُ المسار تُحدَّث · تُصيَّر المكوّناتُ التي منحته إياها الحوكمةُ وحدَها · ومشغّلُ المعدة يرى معدتَه ومشغّلَها الآخر · يُعاد الحسابُ  [nav09_map]"
"أمين المستودع",1.102.6,"أولًا: الاستلام والفحص","الاستلام قبل الإدخال","الاستلام المؤقت قبل الإدخال · Procurement/wh_receipt.php","receipt_custody  [nav09_map]","أمين المستودع","المادةُ في عهدة المستلم حتى الوجهة · ولا تدخل الرصيدَ المتاح  [nav09_map]"
"أمين المستودع",1.103.7,"أولًا: الاستلام والفحص","الأوامر المتوقعة","أوامر الشراء · Procurement/orders_proc.php","receipt_custody  [nav09_map]","إدارة المشتريات","المادةُ في عهدة المستلم حتى الوجهة · ولا تدخل الرصيدَ المتاح  [nav09_map]"
"أمين المستودع",1.104.8,"أولًا: الاستلام والفحص","الترحيل الوارد","أوامر الترحيل · Transport/transfer_orders_list.php","receipt_custody  [nav09_map]","إدارة النقل والترحيل","المادةُ في عهدة المستلم حتى الوجهة · ولا تدخل الرصيدَ المتاح  [nav09_map]"
"أمين المستودع",2.205.9,"ثانيًا: الإدخال والرصيد",الأرصدة,"أرصدة المخزون بحالاتها · Procurement/stock_proc.php","proc_stock_move · stock_moves · transit  [nav09_map]","إدارة المشتريات","الرصيدُ يصير «قيد التحويل» — لا متاحًا ولا مصروفًا · ولا يُقفل إلا بالاستلام · حركتان ذريّتان (صادرٌ ووارد) بمرجعٍ واحدٍ داخلَ معاملةٍ — ولا صنفَ في مخزنين  [nav09_map]"
"أمين المستودع",2.206.10,"ثانيًا: الإدخال والرصيد","التحويل بين المخازن","التحويل بين المخازن · Procurement/wh_transfer.php","proc_stock_move · stock_moves · transit  [nav09_map]","أمين المستودع","الرصيدُ يصير «قيد التحويل» — لا متاحًا ولا مصروفًا · ولا يُقفل إلا بالاستلام · حركتان ذريّتان (صادرٌ ووارد) بمرجعٍ واحدٍ داخلَ معاملةٍ — ولا صنفَ في مخزنين  [nav09_map]"
"أمين المستودع",3.307.11,"ثالثًا: الصرف والعهدة",الصرف,"صرف مواد من المخزن · Procurement/issue_proc.php","— لا مصدر","إدارة المشتريات","رابعًا: الجرد والرقابة  [cycle_order]"
"أمين المستودع",3.308.12,"ثالثًا: الصرف والعهدة","العهد والمرتجعات","العهد والمرتجعات · Procurement/receipt_custody_proc.php","— لا مصدر","إدارة المشتريات","رابعًا: الجرد والرقابة  [cycle_order]"
"أمين المستودع",4.409.13,"رابعًا: الجرد والرقابة",الجرد,"الجرد ومعالجة الفروقات · Procurement/wh_count.php","consumption_alerts · proc_stock_move · stock_count · adjustments  [nav09_map]","أمين المستودع","الفرقُ يُسجَّل بسببه · وقيدُ تسويةٍ يُولَّد · والدفتريُّ يساوي الفعليّ · تجاوزُ المعدل المرجعي بنسبةٍ معلنةٍ يفتح بلاغًا آليًّا — تسربٌ أو سوءُ تشغيلٍ أو خطأُ صرف · حركةُ تسويةِ زيادةٍ أو عجزٍ بسببٍ موثَّقٍ — والرصيدُ محسوبٌ من الحركاتِ لا عمودٌ يُعدَّل  [nav09_map]"
"أمين المستودع",4.410.14,"رابعًا: الجرد والرقابة","معدل استهلاك المعدة","استهلاك المعدة ومعدله · Procurement/consumption_rate.php","consumption_alerts · proc_stock_move · stock_count · adjustments  [nav09_map]","أمين المستودع","الفرقُ يُسجَّل بسببه · وقيدُ تسويةٍ يُولَّد · والدفتريُّ يساوي الفعليّ · تجاوزُ المعدل المرجعي بنسبةٍ معلنةٍ يفتح بلاغًا آليًّا — تسربٌ أو سوءُ تشغيلٍ أو خطأُ صرف · حركةُ تسويةِ زيادةٍ أو عجزٍ بسببٍ موثَّقٍ — والرصيدُ محسوبٌ من الحركاتِ لا عمودٌ يُعدَّل  [nav09_map]"
"أمين المستودع",5.511.15,"متابعة المخازن","المتابعة والبلاغات","بلاغات إدارتي · Tickets/dept_inbox.php","approvals · approvals · audit · approvals · reasons  [nav09_map]","إدارة البلاغات","المستندُ يعود قابلًا للتعديل · والمهلةُ تتوقف حتى إعادة الرفع · المستندُ يعود لمُنشئه بسببٍ من قائمةٍ محكومة — ويُقاس السببُ في تحليل الاختناقات · المستندُ ينتقل · والتوقيعُ يُسجَّل بمرجع التفويض  [nav09_map]"
"أمين المستودع",5.511.16,"متابعة المخازن","المتابعة والبلاغات","أبلغ عن مشكلة من هذه الشاشة · Tickets/ticket_contextual_open.php","approvals · approvals · audit · approvals · reasons  [nav09_map]","— لا وحدة","المستندُ يعود قابلًا للتعديل · والمهلةُ تتوقف حتى إعادة الرفع · المستندُ يعود لمُنشئه بسببٍ من قائمةٍ محكومة — ويُقاس السببُ في تحليل الاختناقات · المستندُ ينتقل · والتوقيعُ يُسجَّل بمرجع التفويض  [nav09_map]"
"أمين المستودع",5.511.17,"متابعة المخازن","المتابعة والبلاغات","صندوق ما ينتظر اعتمادي · Finance/approvals_inbox.php","approvals · approvals · audit · approvals · reasons  [nav09_map]","إدارة المالية","المستندُ يعود قابلًا للتعديل · والمهلةُ تتوقف حتى إعادة الرفع · المستندُ يعود لمُنشئه بسببٍ من قائمةٍ محكومة — ويُقاس السببُ في تحليل الاختناقات · المستندُ ينتقل · والتوقيعُ يُسجَّل بمرجع التفويض  [nav09_map]"
"أمين المستودع",5.512.18,"متابعة المخازن","طلبات الشراء والترحيل","طلبات الشراء · Procurement/requests_proc.php","approvals · approvals · audit · approvals · reasons  [nav09_map]","إدارة المشتريات","المستندُ يعود قابلًا للتعديل · والمهلةُ تتوقف حتى إعادة الرفع · المستندُ يعود لمُنشئه بسببٍ من قائمةٍ محكومة — ويُقاس السببُ في تحليل الاختناقات · المستندُ ينتقل · والتوقيعُ يُسجَّل بمرجع التفويض  [nav09_map]"
"أمين المستودع",5.512.19,"متابعة المخازن","طلبات الشراء والترحيل","طلبات الترحيل · Transport/transfer_requests.php","approvals · approvals · audit · approvals · reasons  [nav09_map]","إدارة النقل والترحيل","المستندُ يعود قابلًا للتعديل · والمهلةُ تتوقف حتى إعادة الرفع · المستندُ يعود لمُنشئه بسببٍ من قائمةٍ محكومة — ويُقاس السببُ في تحليل الاختناقات · المستندُ ينتقل · والتوقيعُ يُسجَّل بمرجع التفويض  [nav09_map]"
"أمين المستودع",6.613.20,"سجلات وإعدادات المخازن",الأصناف,"كتالوج الأصناف والقطع الحرجة · Procurement/items_proc.php","budget_change_requests · export_log  [nav09_map]","إدارة المشتريات","الطلبُ يدخل سلّمَ الاعتماد ببيان أثره — ولا يُعدَّل السقفُ قبل الاعتماد · الملفُّ يُصدَّر بنطاق المستخدم وحدَه · وكلُّ تصديرٍ يُسجَّل بالمستخدم والفلاتر  [nav09_map]"
"أمين المستودع",6.614.21,"سجلات وإعدادات المخازن","المخازن وأنواعها","المخازن وأنواعها · Procurement/master_data_proc.php","budget_change_requests · export_log  [nav09_map]","إدارة المشتريات","الطلبُ يدخل سلّمَ الاعتماد ببيان أثره — ولا يُعدَّل السقفُ قبل الاعتماد · الملفُّ يُصدَّر بنطاق المستخدم وحدَه · وكلُّ تصديرٍ يُسجَّل بالمستخدم والفلاتر  [nav09_map]"
"أمين المستودع",6.615.22,"سجلات وإعدادات المخازن","الميزانية والإنجاز","ميزانية إدارتي · Finance/budget_dept.php","budget_change_requests · export_log  [nav09_map]","إدارة المالية","الطلبُ يدخل سلّمَ الاعتماد ببيان أثره — ولا يُعدَّل السقفُ قبل الاعتماد · الملفُّ يُصدَّر بنطاق المستخدم وحدَه · وكلُّ تصديرٍ يُسجَّل بالمستخدم والفلاتر  [nav09_map]"
"أمين المستودع",6.615.23,"سجلات وإعدادات المخازن","الميزانية والإنجاز","إنجاز الإدارة · Portal/dept_achievement.php","budget_change_requests · export_log  [nav09_map]","إدارة الصلاحيات","الطلبُ يدخل سلّمَ الاعتماد ببيان أثره — ولا يُعدَّل السقفُ قبل الاعتماد · الملفُّ يُصدَّر بنطاق المستخدم وحدَه · وكلُّ تصديرٍ يُسجَّل بالمستخدم والفلاتر  [nav09_map]"
"أمين المستودع",6.615.24,"سجلات وإعدادات المخازن","الميزانية والإنجاز","مركز التقارير · emsreports/index.php","budget_change_requests · export_log  [nav09_map]","إدارة الصلاحيات","الطلبُ يدخل سلّمَ الاعتماد ببيان أثره — ولا يُعدَّل السقفُ قبل الاعتماد · الملفُّ يُصدَّر بنطاق المستخدم وحدَه · وكلُّ تصديرٍ يُسجَّل بالمستخدم والفلاتر  [nav09_map]"
"أمين المستودع",98.9800.10,"فريق العمل","فريق العمل","إدارة المعاونين · main/project_users.php","— لا مصدر","ادارة الموردين","خارج الوثيقة — بانتظار قرار المالك  [cycle_order]"
"أمين المستودع",99.9900.50,"خارج الوثيقة — بانتظار قرار المالك","أخرى — للمراجعة","حدود إعادة الطلب · Procurement/reordering_proc.php","— لا مصدر","إدارة المشتريات","نهايةُ دورةِ الإدارة — لا مرحلةَ بعدَها  [cycle_order]"
"أمين المستودع",99.9900.50,"خارج الوثيقة — بانتظار قرار المالك","أخرى — للمراجعة","لوحة الإدارة · Procurement/warehouse_board.php","— لا مصدر","أمين المستودع","نهايةُ دورةِ الإدارة — لا مرحلةَ بعدَها  [cycle_order]"
"أمين المستودع",99.9900.99,"خارج الوثيقة — بانتظار قرار المالك","أخرى — للمراجعة","مساحة مخاطر الإدارة · Risk/dept_risk_space.php","— لا مصدر","إدارة المخاطر","نهايةُ دورةِ الإدارة — لا مرحلةَ بعدَها  [cycle_order]"
"إدارة التمويل",—,"(بلا مرحلة)","لوحة الإدارة","مساحة عملي · main/my_workspace.php","— لا مصدر","— لا وحدة","— لا مصدر"
"إدارة التمويل",0.1.1,"لوحة الإدارة","مساحتي الشخصية","مهامي · Portal/my_tasks.php","requests · tasks · workflow  [nav09_map]","مساحة عملي  [إدارة]","الطلبُ يدخل صندوقَ اعتماد المعنيّ بمساره — ويظهر في «طلباتي» بحالته · المهمةُ تُقفل · والخطوةُ التاليةُ تُفتح لصاحبها · ومهلةُ المسار تُحدَّث · تُصيَّر المكوّناتُ التي منحته إياها الحوكمةُ وحدَها · ومشغّلُ المعدة يرى معدتَه ومشغّلَها الآخر · يُعاد الحسابُ  [nav09_map]"
"إدارة التمويل",0.1.2,"لوحة الإدارة","مساحتي الشخصية","إنجازي · Portal/my_achievement.php","requests · tasks · workflow  [nav09_map]","إدارة الصلاحيات","الطلبُ يدخل صندوقَ اعتماد المعنيّ بمساره — ويظهر في «طلباتي» بحالته · المهمةُ تُقفل · والخطوةُ التاليةُ تُفتح لصاحبها · ومهلةُ المسار تُحدَّث · تُصيَّر المكوّناتُ التي منحته إياها الحوكمةُ وحدَها · ومشغّلُ المعدة يرى معدتَه ومشغّلَها الآخر · يُعاد الحسابُ  [nav09_map]"
"إدارة التمويل",0.1.3,"لوحة الإدارة","مساحتي الشخصية","بوابتي · Portal/my_portal.php","requests · tasks · workflow  [nav09_map]","إدارة الصلاحيات","الطلبُ يدخل صندوقَ اعتماد المعنيّ بمساره — ويظهر في «طلباتي» بحالته · المهمةُ تُقفل · والخطوةُ التاليةُ تُفتح لصاحبها · ومهلةُ المسار تُحدَّث · تُصيَّر المكوّناتُ التي منحته إياها الحوكمةُ وحدَها · ومشغّلُ المعدة يرى معدتَه ومشغّلَها الآخر · يُعاد الحسابُ  [nav09_map]"
"إدارة التمويل",0.1.4,"لوحة الإدارة","مساحتي الشخصية","طلباتي · FinRequests/my_requests.php","requests · tasks · workflow  [nav09_map]","ادارة الصيانة","الطلبُ يدخل صندوقَ اعتماد المعنيّ بمساره — ويظهر في «طلباتي» بحالته · المهمةُ تُقفل · والخطوةُ التاليةُ تُفتح لصاحبها · ومهلةُ المسار تُحدَّث · تُصيَّر المكوّناتُ التي منحته إياها الحوكمةُ وحدَها · ومشغّلُ المعدة يرى معدتَه ومشغّلَها الآخر · يُعاد الحسابُ  [nav09_map]"
"إدارة التمويل",0.1.5,"لوحة الإدارة","مساحتي الشخصية","المراسلات · chats/index.php","requests · tasks · workflow  [nav09_map]","— لا وحدة","الطلبُ يدخل صندوقَ اعتماد المعنيّ بمساره — ويظهر في «طلباتي» بحالته · المهمةُ تُقفل · والخطوةُ التاليةُ تُفتح لصاحبها · ومهلةُ المسار تُحدَّث · تُصيَّر المكوّناتُ التي منحته إياها الحوكمةُ وحدَها · ومشغّلُ المعدة يرى معدتَه ومشغّلَها الآخر · يُعاد الحسابُ  [nav09_map]"
"إدارة التمويل",1.102.6,"أولًا: النموذج والممول","نماذج التمويل","نماذج التمويل ومعالجتها · Financing/fin_models.php","entity_ownership · financing_models  [nav09_map]","إدارة التمويل","النموذجُ يصير قابلًا للاستعمال — ولا عمليةَ بنموذجٍ بلا معالجةٍ معتمدة · النموذجُ يصير متاحًا فورًا في إنشاءِ عمليةِ التمويل — مخزنٌ واحدٌ لا مخزنان (INJ-0003) · قيدُ المئة يُفرض عند «كامل» وحده · وتضاربُ المصالح يُكشف آليًّا قبل الاعتماد  [nav09_map]"
"إدارة التمويل",1.103.7,"أولًا: النموذج والممول",الممولون,"سجل الممولين · Financing/financiers_registry.php","entity_ownership · financing_models  [nav09_map]","ادارة التشغيل","النموذجُ يصير قابلًا للاستعمال — ولا عمليةَ بنموذجٍ بلا معالجةٍ معتمدة · النموذجُ يصير متاحًا فورًا في إنشاءِ عمليةِ التمويل — مخزنٌ واحدٌ لا مخزنان (INJ-0003) · قيدُ المئة يُفرض عند «كامل» وحده · وتضاربُ المصالح يُكشف آليًّا قبل الاعتماد  [nav09_map]"
"إدارة التمويل",1.104.8,"أولًا: النموذج والممول","الكيانات والملكية","سجل الشركات والكيانات · Governance/entities_registry.php","entity_ownership · financing_models  [nav09_map]","ادارة التشغيل","النموذجُ يصير قابلًا للاستعمال — ولا عمليةَ بنموذجٍ بلا معالجةٍ معتمدة · النموذجُ يصير متاحًا فورًا في إنشاءِ عمليةِ التمويل — مخزنٌ واحدٌ لا مخزنان (INJ-0003) · قيدُ المئة يُفرض عند «كامل» وحده · وتضاربُ المصالح يُكشف آليًّا قبل الاعتماد  [nav09_map]"
"إدارة التمويل",1.104.9,"أولًا: النموذج والممول","الكيانات والملكية","علاقات الملكية بين الكيانات · Financing/ownership_links.php","entity_ownership · financing_models  [nav09_map]","إدارة الصلاحيات","النموذجُ يصير قابلًا للاستعمال — ولا عمليةَ بنموذجٍ بلا معالجةٍ معتمدة · النموذجُ يصير متاحًا فورًا في إنشاءِ عمليةِ التمويل — مخزنٌ واحدٌ لا مخزنان (INJ-0003) · قيدُ المئة يُفرض عند «كامل» وحده · وتضاربُ المصالح يُكشف آليًّا قبل الاعتماد  [nav09_map]"
"إدارة التمويل",2.205.10,"ثانيًا: عملية التمويل",العمليات,"عمليات التمويل · Financing/financing_board.php","financing_changes  [nav09_map]","إدارة التمويل","الجدولةُ تُعاد · وإضافةُ رأس المال ملحقٌ لا دمج · والمقارنةُ التاريخيةُ تبقى سليمة  [nav09_map]"
"إدارة التمويل",2.206.11,"ثانيًا: عملية التمويل","تغيّرات العقود","تغيّرات عقود التمويل · Financing/fin_changes.php","financing_changes  [nav09_map]","إدارة التمويل","الجدولةُ تُعاد · وإضافةُ رأس المال ملحقٌ لا دمج · والمقارنةُ التاريخيةُ تبقى سليمة  [nav09_map]"
"إدارة التمويل",3.307.12,"ثالثًا: الأعيان والحصص",الأعيان,"الأعيان المموَّلة · Equipments/fin_assets.php","asset_register · fin_events · equipments · asset_register · financed_assets  [nav09_map]","إدارة التمويل","الأصلُ يحمل مصدرَ تمويله · وحاملُ الإهلاك يُحدَّد · والتشغيلُ لا يرى الشروط · الإهلاكُ يتوقف · والقيمةُ تُقفل · والتخصيصاتُ تُنهى · والحصصُ تُغلق · كرتٌ بكودٍ دائم · وطلبُ تفتيشٍ أوليٍّ يُفتح · وأصلٌ يدخل السجلَ بلا إهلاكٍ حتى التفعيل  [nav09_map]"
"إدارة التمويل",3.307.13,"ثالثًا: الأعيان والحصص",الأعيان,"سجل المعدات · Equipments/equipments.php","asset_register · fin_events · equipments · asset_register · financed_assets  [nav09_map]","إدارة الأسطول  [إدارة]","الأصلُ يحمل مصدرَ تمويله · وحاملُ الإهلاك يُحدَّد · والتشغيلُ لا يرى الشروط · الإهلاكُ يتوقف · والقيمةُ تُقفل · والتخصيصاتُ تُنهى · والحصصُ تُغلق · كرتٌ بكودٍ دائم · وطلبُ تفتيشٍ أوليٍّ يُفتح · وأصلٌ يدخل السجلَ بلا إهلاكٍ حتى التفعيل  [nav09_map]"
"إدارة التمويل",3.308.14,"ثالثًا: الأعيان والحصص","حصص الملكية","حصص الملكية في الأصول · Financing/owners_registry.php","asset_register · fin_events · equipments · asset_register · financed_assets  [nav09_map]","ادارة الاسطول","الأصلُ يحمل مصدرَ تمويله · وحاملُ الإهلاك يُحدَّد · والتشغيلُ لا يرى الشروط · الإهلاكُ يتوقف · والقيمةُ تُقفل · والتخصيصاتُ تُنهى · والحصصُ تُغلق · كرتٌ بكودٍ دائم · وطلبُ تفتيشٍ أوليٍّ يُفتح · وأصلٌ يدخل السجلَ بلا إهلاكٍ حتى التفعيل  [nav09_map]"
"إدارة التمويل",4.409.15,"رابعًا: الأقساط والتكلفة",الأقساط,"الأقساط ومواعيد السداد · Financing/installments.php","installments · installments · early_settle  [nav09_map]","إدارة التمويل","خصمُ أرباحٍ أو غرامةُ تعجيلٍ ببندٍ باسمه — ولا يُطرح من الرصيد صامتًا · كلُّ قسطٍ حدثٌ ماليٌّ بمفتاح (العملية × رقم القسط) فلا يتكرر · والتدفقُ المتوقع يُحدَّث  [nav09_map]"
"إدارة التمويل",4.410.16,"رابعًا: الأقساط والتكلفة","توزيع التكلفة","توزيع تكلفة التمويل على المشاريع · Financing/cost_allocation.php","installments · installments · early_settle  [nav09_map]","إدارة التمويل","خصمُ أرباحٍ أو غرامةُ تعجيلٍ ببندٍ باسمه — ولا يُطرح من الرصيد صامتًا · كلُّ قسطٍ حدثٌ ماليٌّ بمفتاح (العملية × رقم القسط) فلا يتكرر · والتدفقُ المتوقع يُحدَّث  [nav09_map]"
"إدارة التمويل",4.411.17,"رابعًا: الأقساط والتكلفة","الذمم وطلب الدفع","ذمم الموردين والمستحقات · Finance/dues_fin.php","installments · installments · early_settle  [nav09_map]","إدارة المالية","خصمُ أرباحٍ أو غرامةُ تعجيلٍ ببندٍ باسمه — ولا يُطرح من الرصيد صامتًا · كلُّ قسطٍ حدثٌ ماليٌّ بمفتاح (العملية × رقم القسط) فلا يتكرر · والتدفقُ المتوقع يُحدَّث  [nav09_map]"
"إدارة التمويل",4.411.18,"رابعًا: الأقساط والتكلفة","الذمم وطلب الدفع","طلبات الدفع والسداد · Finance/payments_fin.php","installments · installments · early_settle  [nav09_map]","إدارة المالية","خصمُ أرباحٍ أو غرامةُ تعجيلٍ ببندٍ باسمه — ولا يُطرح من الرصيد صامتًا · كلُّ قسطٍ حدثٌ ماليٌّ بمفتاح (العملية × رقم القسط) فلا يتكرر · والتدفقُ المتوقع يُحدَّث  [nav09_map]"
"إدارة التمويل",5.512.19,"خامسًا: الانحراف والتصحيح","الانحرافات الثلاثة","انحرافات التمويل — السداد والملكية والتوثيق · Financing/deviations.php","— لا مصدر","إدارة التمويل","سادسًا: سرية الملكية  [cycle_order]"
"إدارة التمويل",5.513.20,"خامسًا: الانحراف والتصحيح","فروق السداد","فروق السداد والاستحقاق · Financing/deviations.php#2","— لا مصدر","إدارة التمويل","سادسًا: سرية الملكية  [cycle_order]"
"إدارة التمويل",5.514.21,"خامسًا: الانحراف والتصحيح","الخروج غير المسجَّل","الخروج غير المسجَّل من الملكية · Financing/deviations.php#3","— لا مصدر","إدارة التمويل","سادسًا: سرية الملكية  [cycle_order]"
"إدارة التمويل",5.515.22,"خامسًا: الانحراف والتصحيح","عقود بلا حركة","عقود تمويل بلا حركة · Financing/deviations.php#4","— لا مصدر","إدارة التمويل","سادسًا: سرية الملكية  [cycle_order]"
"إدارة التمويل",6.616.23,"سادسًا: سرية الملكية","الظهور والصلاحية","من يرى ماذا ومكوّنات البوابة · Portal/visibility_keys.php","— لا مصدر","ادارة الموارد البشرية","متابعة وتقارير التمويل  [cycle_order]"
"إدارة التمويل",6.617.24,"سادسًا: سرية الملكية","سجل الاطّلاع","سجل التدقيق والاطّلاع · ActivityLogs/activity_logs.php","— لا مصدر","ادارة التشغيل","متابعة وتقارير التمويل  [cycle_order]"
"إدارة التمويل",7.718.25,"متابعة وتقارير التمويل","الإهلاك وفروق الصرف","الإهلاك والقيمة الدفترية · Finance/assets_fin.php","approvals · approvals · audit · approvals · reasons · budget_change_requests · export_log  [nav09_map]","إدارة المالية","الطلبُ يدخل سلّمَ الاعتماد ببيان أثره — ولا يُعدَّل السقفُ قبل الاعتماد · المستندُ يعود قابلًا للتعديل · والمهلةُ تتوقف حتى إعادة الرفع · المستندُ يعود لمُنشئه بسببٍ من قائمةٍ محكومة — ويُقاس السببُ في تحليل الاختناقات · المستندُ ينتقل · والتوقيعُ يُسجَّل  [nav09_map]"
"إدارة التمويل",7.718.26,"متابعة وتقارير التمويل","الإهلاك وفروق الصرف","أسعار الصرف · Finance/currencies_fin.php","approvals · approvals · audit · approvals · reasons · budget_change_requests · export_log  [nav09_map]","إدارة المالية","الطلبُ يدخل سلّمَ الاعتماد ببيان أثره — ولا يُعدَّل السقفُ قبل الاعتماد · المستندُ يعود قابلًا للتعديل · والمهلةُ تتوقف حتى إعادة الرفع · المستندُ يعود لمُنشئه بسببٍ من قائمةٍ محكومة — ويُقاس السببُ في تحليل الاختناقات · المستندُ ينتقل · والتوقيعُ يُسجَّل  [nav09_map]"
"إدارة التمويل",7.719.27,"متابعة وتقارير التمويل","المتابعة والبلاغات","بلاغات إدارتي · Tickets/dept_inbox.php","approvals · approvals · audit · approvals · reasons · budget_change_requests · export_log  [nav09_map]","إدارة البلاغات","الطلبُ يدخل سلّمَ الاعتماد ببيان أثره — ولا يُعدَّل السقفُ قبل الاعتماد · المستندُ يعود قابلًا للتعديل · والمهلةُ تتوقف حتى إعادة الرفع · المستندُ يعود لمُنشئه بسببٍ من قائمةٍ محكومة — ويُقاس السببُ في تحليل الاختناقات · المستندُ ينتقل · والتوقيعُ يُسجَّل  [nav09_map]"
"إدارة التمويل",7.719.28,"متابعة وتقارير التمويل","المتابعة والبلاغات","أبلغ عن مشكلة من هذه الشاشة · Tickets/ticket_contextual_open.php","approvals · approvals · audit · approvals · reasons · budget_change_requests · export_log  [nav09_map]","— لا وحدة","الطلبُ يدخل سلّمَ الاعتماد ببيان أثره — ولا يُعدَّل السقفُ قبل الاعتماد · المستندُ يعود قابلًا للتعديل · والمهلةُ تتوقف حتى إعادة الرفع · المستندُ يعود لمُنشئه بسببٍ من قائمةٍ محكومة — ويُقاس السببُ في تحليل الاختناقات · المستندُ ينتقل · والتوقيعُ يُسجَّل  [nav09_map]"
"إدارة التمويل",7.719.29,"متابعة وتقارير التمويل","المتابعة والبلاغات","صندوق ما ينتظر اعتمادي · Finance/approvals_inbox.php","approvals · approvals · audit · approvals · reasons · budget_change_requests · export_log  [nav09_map]","إدارة المالية","الطلبُ يدخل سلّمَ الاعتماد ببيان أثره — ولا يُعدَّل السقفُ قبل الاعتماد · المستندُ يعود قابلًا للتعديل · والمهلةُ تتوقف حتى إعادة الرفع · المستندُ يعود لمُنشئه بسببٍ من قائمةٍ محكومة — ويُقاس السببُ في تحليل الاختناقات · المستندُ ينتقل · والتوقيعُ يُسجَّل  [nav09_map]"
"إدارة التمويل",7.720.30,"متابعة وتقارير التمويل","الميزانية والإنجاز","ميزانية إدارتي · Finance/budget_dept.php","approvals · approvals · audit · approvals · reasons · budget_change_requests · export_log  [nav09_map]","إدارة المالية","الطلبُ يدخل سلّمَ الاعتماد ببيان أثره — ولا يُعدَّل السقفُ قبل الاعتماد · المستندُ يعود قابلًا للتعديل · والمهلةُ تتوقف حتى إعادة الرفع · المستندُ يعود لمُنشئه بسببٍ من قائمةٍ محكومة — ويُقاس السببُ في تحليل الاختناقات · المستندُ ينتقل · والتوقيعُ يُسجَّل  [nav09_map]"
"إدارة التمويل",7.720.31,"متابعة وتقارير التمويل","الميزانية والإنجاز","إنجاز الإدارة · Portal/dept_achievement.php","approvals · approvals · audit · approvals · reasons · budget_change_requests · export_log  [nav09_map]","إدارة الصلاحيات","الطلبُ يدخل سلّمَ الاعتماد ببيان أثره — ولا يُعدَّل السقفُ قبل الاعتماد · المستندُ يعود قابلًا للتعديل · والمهلةُ تتوقف حتى إعادة الرفع · المستندُ يعود لمُنشئه بسببٍ من قائمةٍ محكومة — ويُقاس السببُ في تحليل الاختناقات · المستندُ ينتقل · والتوقيعُ يُسجَّل  [nav09_map]"
"إدارة التمويل",7.720.32,"متابعة وتقارير التمويل","الميزانية والإنجاز","مركز التقارير · emsreports/index.php","approvals · approvals · audit · approvals · reasons · budget_change_requests · export_log  [nav09_map]","إدارة الصلاحيات","الطلبُ يدخل سلّمَ الاعتماد ببيان أثره — ولا يُعدَّل السقفُ قبل الاعتماد · المستندُ يعود قابلًا للتعديل · والمهلةُ تتوقف حتى إعادة الرفع · المستندُ يعود لمُنشئه بسببٍ من قائمةٍ محكومة — ويُقاس السببُ في تحليل الاختناقات · المستندُ ينتقل · والتوقيعُ يُسجَّل  [nav09_map]"
"إدارة التمويل",97.97.1,"إضافاتُ المالك","إضافاتُ المالك","فروق السداد والاستحقاق · Financing/deviations.php?view=v08c5c1","— لا مصدر","إدارة التمويل","فريق العمل  [cycle_order]"
"إدارة التمويل",97.97.1,"إضافاتُ المالك","إضافاتُ المالك","الخروج غير المسجَّل من الملكية · Financing/deviations.php?view=vcb3ce4","— لا مصدر","إدارة التمويل","فريق العمل  [cycle_order]"
"إدارة التمويل",97.97.1,"إضافاتُ المالك","إضافاتُ المالك","عقود تمويل بلا حركة · Financing/deviations.php?view=v649001","— لا مصدر","إدارة التمويل","فريق العمل  [cycle_order]"
"إدارة التمويل",98.9800.10,"فريق العمل","فريق العمل","إدارة المعاونين · main/project_users.php","— لا مصدر","ادارة الموردين","خارج الوثيقة — بانتظار قرار المالك  [cycle_order]"
"إدارة التمويل",99.9900.50,"خارج الوثيقة — بانتظار قرار المالك","أخرى — للمراجعة","التفويض بالتوقيع · Governance/signing_authority.php","— لا مصدر","ادارة التشغيل","نهايةُ دورةِ الإدارة — لا مرحلةَ بعدَها  [cycle_order]"
"إدارة التمويل",99.9900.50,"خارج الوثيقة — بانتظار قرار المالك","أخرى — للمراجعة","التراخيص والكفالات · Governance/licenses_guarantees.php","— لا مصدر","ادارة التشغيل","نهايةُ دورةِ الإدارة — لا مرحلةَ بعدَها  [cycle_order]"
"إدارة التمويل",99.9900.50,"خارج الوثيقة — بانتظار قرار المالك","أخرى — للمراجعة","الاعتمادات المتأخرة والوثائق · Reports/approval_lag_report.php","— لا مصدر","ادارة التشغيل","نهايةُ دورةِ الإدارة — لا مرحلةَ بعدَها  [cycle_order]"
"إدارة التمويل",99.9900.99,"خارج الوثيقة — بانتظار قرار المالك","أخرى — للمراجعة","مساحة مخاطر الإدارة · Risk/dept_risk_space.php","— لا مصدر","إدارة المخاطر","نهايةُ دورةِ الإدارة — لا مرحلةَ بعدَها  [cycle_order]"
"القوى التشغيلية",0.1.1,"لوحة الإدارة","مساحتي الشخصية","مهامي · Portal/my_tasks.php","requests · tasks · workflow  [nav09_map]","مساحة عملي  [إدارة]","الطلبُ يدخل صندوقَ اعتماد المعنيّ بمساره — ويظهر في «طلباتي» بحالته · المهمةُ تُقفل · والخطوةُ التاليةُ تُفتح لصاحبها · ومهلةُ المسار تُحدَّث · تُصيَّر المكوّناتُ التي منحته إياها الحوكمةُ وحدَها · ومشغّلُ المعدة يرى معدتَه ومشغّلَها الآخر · يُعاد الحسابُ  [nav09_map]"
"القوى التشغيلية",0.1.2,"لوحة الإدارة","مساحتي الشخصية","إنجازي · Portal/my_achievement.php","requests · tasks · workflow  [nav09_map]","إدارة الصلاحيات","الطلبُ يدخل صندوقَ اعتماد المعنيّ بمساره — ويظهر في «طلباتي» بحالته · المهمةُ تُقفل · والخطوةُ التاليةُ تُفتح لصاحبها · ومهلةُ المسار تُحدَّث · تُصيَّر المكوّناتُ التي منحته إياها الحوكمةُ وحدَها · ومشغّلُ المعدة يرى معدتَه ومشغّلَها الآخر · يُعاد الحسابُ  [nav09_map]"
"القوى التشغيلية",0.1.3,"لوحة الإدارة","مساحتي الشخصية","بوابتي · Portal/my_portal.php","requests · tasks · workflow  [nav09_map]","إدارة الصلاحيات","الطلبُ يدخل صندوقَ اعتماد المعنيّ بمساره — ويظهر في «طلباتي» بحالته · المهمةُ تُقفل · والخطوةُ التاليةُ تُفتح لصاحبها · ومهلةُ المسار تُحدَّث · تُصيَّر المكوّناتُ التي منحته إياها الحوكمةُ وحدَها · ومشغّلُ المعدة يرى معدتَه ومشغّلَها الآخر · يُعاد الحسابُ  [nav09_map]"
"القوى التشغيلية",0.1.4,"لوحة الإدارة","مساحتي الشخصية","طلباتي · FinRequests/my_requests.php","requests · tasks · workflow  [nav09_map]","ادارة الصيانة","الطلبُ يدخل صندوقَ اعتماد المعنيّ بمساره — ويظهر في «طلباتي» بحالته · المهمةُ تُقفل · والخطوةُ التاليةُ تُفتح لصاحبها · ومهلةُ المسار تُحدَّث · تُصيَّر المكوّناتُ التي منحته إياها الحوكمةُ وحدَها · ومشغّلُ المعدة يرى معدتَه ومشغّلَها الآخر · يُعاد الحسابُ  [nav09_map]"
"القوى التشغيلية",0.1.5,"لوحة الإدارة","مساحتي الشخصية","المراسلات · chats/index.php","requests · tasks · workflow  [nav09_map]","— لا وحدة","الطلبُ يدخل صندوقَ اعتماد المعنيّ بمساره — ويظهر في «طلباتي» بحالته · المهمةُ تُقفل · والخطوةُ التاليةُ تُفتح لصاحبها · ومهلةُ المسار تُحدَّث · تُصيَّر المكوّناتُ التي منحته إياها الحوكمةُ وحدَها · ومشغّلُ المعدة يرى معدتَه ومشغّلَها الآخر · يُعاد الحسابُ  [nav09_map]"
"القوى التشغيلية",1.102.6,"أولًا: السجل والتكويد والتعاقد","سجل المشغّلين","سجل المشغّلين · Employees/equipment_operators.php","operator_codes · org_assignments · org_structure · versions · project_contracts · project_contracts.state · alerts  [nav09_map]","ادارة الموارد البشرية","الرقمُ يُربط بالشخص · ولا يُعاد استعمالُه لغيره · وتاريخُ التخصيص يُوثَّق · العقدُ يبدأ من تاريخ التعاقد وينتهي بأولِ محفّزٍ يقع: انتهاءُ مدته · أو انتهاءُ عقد المورد · أو انتهاءُ المشروع — ولا يُجدَّد تلقائيًّا · العقودُ المرتبطةُ تُنبَّه قبل الانتهاء بم  [nav09_map]"
"القوى التشغيلية",1.103.7,"أولًا: السجل والتكويد والتعاقد","العقود المشروعية","عقود المشاريع المؤقتة · Workforce/project_contracts.php","operator_codes · org_assignments · org_structure · versions · project_contracts · project_contracts.state · alerts  [nav09_map]","ادارة الموارد البشرية","الرقمُ يُربط بالشخص · ولا يُعاد استعمالُه لغيره · وتاريخُ التخصيص يُوثَّق · العقدُ يبدأ من تاريخ التعاقد وينتهي بأولِ محفّزٍ يقع: انتهاءُ مدته · أو انتهاءُ عقد المورد · أو انتهاءُ المشروع — ولا يُجدَّد تلقائيًّا · العقودُ المرتبطةُ تُنبَّه قبل الانتهاء بم  [nav09_map]"
"القوى التشغيلية",1.104.8,"أولًا: السجل والتكويد والتعاقد","الأرقام الشاغرة","أرقام المشغّلين الشاغرة · Workforce/op_codes.php","operator_codes · org_assignments · org_structure · versions · project_contracts · project_contracts.state · alerts  [nav09_map]","القوى التشغيلية","الرقمُ يُربط بالشخص · ولا يُعاد استعمالُه لغيره · وتاريخُ التخصيص يُوثَّق · العقدُ يبدأ من تاريخ التعاقد وينتهي بأولِ محفّزٍ يقع: انتهاءُ مدته · أو انتهاءُ عقد المورد · أو انتهاءُ المشروع — ولا يُجدَّد تلقائيًّا · العقودُ المرتبطةُ تُنبَّه قبل الانتهاء بم  [nav09_map]"
"القوى التشغيلية",1.105.9,"أولًا: السجل والتكويد والتعاقد",التوظيف,"التوظيف من الشاغر إلى المباشرة · Workforce/recruitment_pipeline.php","operator_codes · org_assignments · org_structure · versions · project_contracts · project_contracts.state · alerts  [nav09_map]","ادارة الموارد البشرية","الرقمُ يُربط بالشخص · ولا يُعاد استعمالُه لغيره · وتاريخُ التخصيص يُوثَّق · العقدُ يبدأ من تاريخ التعاقد وينتهي بأولِ محفّزٍ يقع: انتهاءُ مدته · أو انتهاءُ عقد المورد · أو انتهاءُ المشروع — ولا يُجدَّد تلقائيًّا · العقودُ المرتبطةُ تُنبَّه قبل الانتهاء بم  [nav09_map]"
"القوى التشغيلية",1.106.10,"أولًا: السجل والتكويد والتعاقد","الهيكل والمسميات","الهيكل التنظيمي والمسميات · admin/org_structure.php","operator_codes · org_assignments · org_structure · versions · project_contracts · project_contracts.state · alerts  [nav09_map]","الحوكمة والالتزام  [إدارة]","الرقمُ يُربط بالشخص · ولا يُعاد استعمالُه لغيره · وتاريخُ التخصيص يُوثَّق · العقدُ يبدأ من تاريخ التعاقد وينتهي بأولِ محفّزٍ يقع: انتهاءُ مدته · أو انتهاءُ عقد المورد · أو انتهاءُ المشروع — ولا يُجدَّد تلقائيًّا · العقودُ المرتبطةُ تُنبَّه قبل الانتهاء بم  [nav09_map]"
"القوى التشغيلية",1.106.11,"أولًا: السجل والتكويد والتعاقد","الهيكل والمسميات","التكليفات التنظيمية · admin/org_assignments.php","operator_codes · org_assignments · org_structure · versions · project_contracts · project_contracts.state · alerts  [nav09_map]","الحوكمة والالتزام  [إدارة]","الرقمُ يُربط بالشخص · ولا يُعاد استعمالُه لغيره · وتاريخُ التخصيص يُوثَّق · العقدُ يبدأ من تاريخ التعاقد وينتهي بأولِ محفّزٍ يقع: انتهاءُ مدته · أو انتهاءُ عقد المورد · أو انتهاءُ المشروع — ولا يُجدَّد تلقائيًّا · العقودُ المرتبطةُ تُنبَّه قبل الانتهاء بم  [nav09_map]"
"القوى التشغيلية",2.207.12,"ثانيًا: التأهيل والوثائق","مصفوفة التأهيل","تأهيل المشغّلين على أنواع المعدات · Workforce/op_qual.php","operator_qualifications  [nav09_map]","القوى التشغيلية","الحارسُ يسمح بتخصيصه على هذا النوع · وبانتهاء الشهادة يُمنع آليًّا  [nav09_map]"
"القوى التشغيلية",2.208.13,"ثانيًا: التأهيل والوثائق","الوثائق والرخص","وثائق المعدات والمشغّلين · Equipments/equipment_documents.php","operator_qualifications  [nav09_map]","ادارة الاسطول","الحارسُ يسمح بتخصيصه على هذا النوع · وبانتهاء الشهادة يُمنع آليًّا  [nav09_map]"
"القوى التشغيلية",3.309.14,"ثالثًا: التكليف والتوزيع","التكليف على المعدة","تكليف المشغّل على المعدة · Operations/distribution_space.php","asset_register · fin_events · daily_plans · daily_plans · resource_locks · daily_plans.state · equipments · asset_register  [nav09_map]","إدارة الموقع","الإهلاكُ يتوقف · والقيمةُ تُقفل · والتخصيصاتُ تُنهى · والحصصُ تُغلق · الحارسُ يفحص التأهيلَ والجاهزيةَ والوثائق · والمواردُ تُحجز مبدئيًّا · الخطةُ تصير نافذةً · ويُفتح التايم شيت عليها · وتُطلب رحلاتُ الترحيل الناقصة · كرتٌ بكودٍ دائم · وطلبُ تفتيشٍ أولي  [nav09_map]"
"القوى التشغيلية",3.310.15,"ثالثًا: التكليف والتوزيع","التوزيع على المواقع","توزيع المعدات والمشغّلين · Operations/distribution_space.php#2","asset_register · fin_events · daily_plans · daily_plans · resource_locks · daily_plans.state · equipments · asset_register  [nav09_map]","إدارة الموقع","الإهلاكُ يتوقف · والقيمةُ تُقفل · والتخصيصاتُ تُنهى · والحصصُ تُغلق · الحارسُ يفحص التأهيلَ والجاهزيةَ والوثائق · والمواردُ تُحجز مبدئيًّا · الخطةُ تصير نافذةً · ويُفتح التايم شيت عليها · وتُطلب رحلاتُ الترحيل الناقصة · كرتٌ بكودٍ دائم · وطلبُ تفتيشٍ أولي  [nav09_map]"
"القوى التشغيلية",3.310.16,"ثالثًا: التكليف والتوزيع","التوزيع على المواقع","خطة عمل الغد · Operations/daily_plan.php","asset_register · fin_events · daily_plans · daily_plans · resource_locks · daily_plans.state · equipments · asset_register  [nav09_map]","ادارة الاسطول","الإهلاكُ يتوقف · والقيمةُ تُقفل · والتخصيصاتُ تُنهى · والحصصُ تُغلق · الحارسُ يفحص التأهيلَ والجاهزيةَ والوثائق · والمواردُ تُحجز مبدئيًّا · الخطةُ تصير نافذةً · ويُفتح التايم شيت عليها · وتُطلب رحلاتُ الترحيل الناقصة · كرتٌ بكودٍ دائم · وطلبُ تفتيشٍ أولي  [nav09_map]"
"القوى التشغيلية",3.311.17,"ثالثًا: التكليف والتوزيع",المعدات,"سجل المعدات · Equipments/equipments.php","asset_register · fin_events · daily_plans · daily_plans · resource_locks · daily_plans.state · equipments · asset_register  [nav09_map]","إدارة الأسطول  [إدارة]","الإهلاكُ يتوقف · والقيمةُ تُقفل · والتخصيصاتُ تُنهى · والحصصُ تُغلق · الحارسُ يفحص التأهيلَ والجاهزيةَ والوثائق · والمواردُ تُحجز مبدئيًّا · الخطةُ تصير نافذةً · ويُفتح التايم شيت عليها · وتُطلب رحلاتُ الترحيل الناقصة · كرتٌ بكودٍ دائم · وطلبُ تفتيشٍ أولي  [nav09_map]"
"القوى التشغيلية",4.412.18,"رابعًا: الوردية والتناوب التبادلي","سجل الوردية","سجل الوردية · Operations/shift_log.php","approval_chain · approval_chain · attribution · attendance · fin_events · housing_assignments · meter_readings · rotation_cycles · leaves · shift_log · attendance · shift_log.closed · handover · unit_records · unit_periods · unit_records.state · worker_mo  [nav09_map]","إدارة الموقع","إيرادُ العميل وذمةُ المورد وأجرُ المشغّل تتولد بأحكامٍ ثلاثةٍ مستقلة · وخطةُ العقد تُحدَّث · والإهلاكُ يُحتسب · الإسنادُ نهائيٌّ · وحاوياتُ الموردين تُستهلك · وعدّادُ المعدة يُحدَّث · البديلُ يُحجز · ورحلةُ التناوب تُطلب · والإجازةُ الميدانيةُ تُحتسب في ا  [nav09_map]"
"القوى التشغيلية",4.413.19,"رابعًا: الوردية والتناوب التبادلي","التناوب والإجازة التبادلية","دورات التناوب والإجازة الميدانية · Workforce/rotation.php","approval_chain · approval_chain · attribution · attendance · fin_events · housing_assignments · meter_readings · rotation_cycles · leaves · shift_log · attendance · shift_log.closed · handover · unit_records · unit_periods · unit_records.state · worker_mo  [nav09_map]","القوى التشغيلية","إيرادُ العميل وذمةُ المورد وأجرُ المشغّل تتولد بأحكامٍ ثلاثةٍ مستقلة · وخطةُ العقد تُحدَّث · والإهلاكُ يُحتسب · الإسنادُ نهائيٌّ · وحاوياتُ الموردين تُستهلك · وعدّادُ المعدة يُحدَّث · البديلُ يُحجز · ورحلةُ التناوب تُطلب · والإجازةُ الميدانيةُ تُحتسب في ا  [nav09_map]"
"القوى التشغيلية",4.414.20,"رابعًا: الوردية والتناوب التبادلي","التايم شيت","تسجيل التايم شيت والإنتاج · Timesheet/timesheet.php","approval_chain · approval_chain · attribution · attendance · fin_events · housing_assignments · meter_readings · rotation_cycles · leaves · shift_log · attendance · shift_log.closed · handover · unit_records · unit_periods · unit_records.state · worker_mo  [nav09_map]","إدارة الموقع","إيرادُ العميل وذمةُ المورد وأجرُ المشغّل تتولد بأحكامٍ ثلاثةٍ مستقلة · وخطةُ العقد تُحدَّث · والإهلاكُ يُحتسب · الإسنادُ نهائيٌّ · وحاوياتُ الموردين تُستهلك · وعدّادُ المعدة يُحدَّث · البديلُ يُحجز · ورحلةُ التناوب تُطلب · والإجازةُ الميدانيةُ تُحتسب في ا  [nav09_map]"
"القوى التشغيلية",4.415.21,"رابعًا: الوردية والتناوب التبادلي","الحضور والإجازات","الحضور والانصراف · Operations/attendance.php","approval_chain · approval_chain · attribution · attendance · fin_events · housing_assignments · meter_readings · rotation_cycles · leaves · shift_log · attendance · shift_log.closed · handover · unit_records · unit_periods · unit_records.state · worker_mo  [nav09_map]","ادارة الموارد البشرية","إيرادُ العميل وذمةُ المورد وأجرُ المشغّل تتولد بأحكامٍ ثلاثةٍ مستقلة · وخطةُ العقد تُحدَّث · والإهلاكُ يُحتسب · الإسنادُ نهائيٌّ · وحاوياتُ الموردين تُستهلك · وعدّادُ المعدة يُحدَّث · البديلُ يُحجز · ورحلةُ التناوب تُطلب · والإجازةُ الميدانيةُ تُحتسب في ا  [nav09_map]"
"القوى التشغيلية",4.415.22,"رابعًا: الوردية والتناوب التبادلي","الحضور والإجازات","الإجازات والغياب · Workforce/worker_leave_absence.php","approval_chain · approval_chain · attribution · attendance · fin_events · housing_assignments · meter_readings · rotation_cycles · leaves · shift_log · attendance · shift_log.closed · handover · unit_records · unit_periods · unit_records.state · worker_mo  [nav09_map]","ادارة الموارد البشرية","إيرادُ العميل وذمةُ المورد وأجرُ المشغّل تتولد بأحكامٍ ثلاثةٍ مستقلة · وخطةُ العقد تُحدَّث · والإهلاكُ يُحتسب · الإسنادُ نهائيٌّ · وحاوياتُ الموردين تُستهلك · وعدّادُ المعدة يُحدَّث · البديلُ يُحجز · ورحلةُ التناوب تُطلب · والإجازةُ الميدانيةُ تُحتسب في ا  [nav09_map]"
"القوى التشغيلية",4.416.23,"رابعًا: الوردية والتناوب التبادلي","التنقلات والسكن","تنقلات العاملين · Workforce/worker_movement.php","approval_chain · approval_chain · attribution · attendance · fin_events · housing_assignments · meter_readings · rotation_cycles · leaves · shift_log · attendance · shift_log.closed · handover · unit_records · unit_periods · unit_records.state · worker_mo  [nav09_map]","ادارة الموارد البشرية","إيرادُ العميل وذمةُ المورد وأجرُ المشغّل تتولد بأحكامٍ ثلاثةٍ مستقلة · وخطةُ العقد تُحدَّث · والإهلاكُ يُحتسب · الإسنادُ نهائيٌّ · وحاوياتُ الموردين تُستهلك · وعدّادُ المعدة يُحدَّث · البديلُ يُحجز · ورحلةُ التناوب تُطلب · والإجازةُ الميدانيةُ تُحتسب في ا  [nav09_map]"
"القوى التشغيلية",4.416.24,"رابعًا: الوردية والتناوب التبادلي","التنقلات والسكن","السكن والإعاشة والمعسكرات · Workforce/housing_units.php","approval_chain · approval_chain · attribution · attendance · fin_events · housing_assignments · meter_readings · rotation_cycles · leaves · shift_log · attendance · shift_log.closed · handover · unit_records · unit_periods · unit_records.state · worker_mo  [nav09_map]","ادارة الموارد البشرية","إيرادُ العميل وذمةُ المورد وأجرُ المشغّل تتولد بأحكامٍ ثلاثةٍ مستقلة · وخطةُ العقد تُحدَّث · والإهلاكُ يُحتسب · الإسنادُ نهائيٌّ · وحاوياتُ الموردين تُستهلك · وعدّادُ المعدة يُحدَّث · البديلُ يُحجز · ورحلةُ التناوب تُطلب · والإجازةُ الميدانيةُ تُحتسب في ا  [nav09_map]"
"القوى التشغيلية",5.517.25,"خامسًا: الأداء والاستحقاق","الأداء الشهري","الأداء الشهري للمشغّل · Workforce/op_monthly.php","fin_events · receivables · payables · operator_monthly · settlements  [nav09_map]","القوى التشغيلية","أساسُ الحافز يُثبَّت · والساعاتُ تدخل المسيّر · والإنتاجُ يُنسب له · إيرادُ العميل وذمةُ المورد وأجرُ المشغّل تتولد من واقعةٍ واحدةٍ بأحكامٍ ثلاثةٍ مستقلة — ولا أثرَ قبل هذه اللحظة · التسوياتُ الأربعُ بمستندٍ إلزاميٍّ (chk_settle_adj_doc) — وF-07/F-08 يُح  [nav09_map]"
"القوى التشغيلية",5.518.26,"خامسًا: الأداء والاستحقاق","أحكام المشغّل","توليد المستحق من العمل المعتمد · Finance/entitlement.php","fin_events · receivables · payables · operator_monthly · settlements  [nav09_map]","إدارة المالية","أساسُ الحافز يُثبَّت · والساعاتُ تدخل المسيّر · والإنتاجُ يُنسب له · إيرادُ العميل وذمةُ المورد وأجرُ المشغّل تتولد من واقعةٍ واحدةٍ بأحكامٍ ثلاثةٍ مستقلة — ولا أثرَ قبل هذه اللحظة · التسوياتُ الأربعُ بمستندٍ إلزاميٍّ (chk_settle_adj_doc) — وF-07/F-08 يُح  [nav09_map]"
"القوى التشغيلية",5.519.27,"خامسًا: الأداء والاستحقاق","تسوية ساعات الموردين","تسويات ومستحقات الموردين · Suppliers/settlements.php","fin_events · receivables · payables · operator_monthly · settlements  [nav09_map]","ادارة الموردين","أساسُ الحافز يُثبَّت · والساعاتُ تدخل المسيّر · والإنتاجُ يُنسب له · إيرادُ العميل وذمةُ المورد وأجرُ المشغّل تتولد من واقعةٍ واحدةٍ بأحكامٍ ثلاثةٍ مستقلة — ولا أثرَ قبل هذه اللحظة · التسوياتُ الأربعُ بمستندٍ إلزاميٍّ (chk_settle_adj_doc) — وF-07/F-08 يُح  [nav09_map]"
"القوى التشغيلية",6.620.28,"سادسًا: الخصومات",الخصومات,"خصومات المشغّلين المقترحة · Workforce/proposed_deductions.php","deductions.approved  [nav09_map]","القوى التشغيلية","يُرحَّل للمسيّر ببنده ومرجعه — ولا ترحيلَ مباشر  [nav09_map]"
"القوى التشغيلية",6.620.29,"سادسًا: الخصومات",الخصومات,"الخصومات والجزاءات · Workforce/deductions.php","deductions.approved  [nav09_map]","ادارة الموارد البشرية","يُرحَّل للمسيّر ببنده ومرجعه — ولا ترحيلَ مباشر  [nav09_map]"
"القوى التشغيلية",7.721.30,"متابعة القوى","الترحيل والتناوب","طلبات الترحيل · Transport/transfer_requests.php","approvals · approvals · audit · approvals · reasons  [nav09_map]","إدارة النقل والترحيل","المستندُ يعود قابلًا للتعديل · والمهلةُ تتوقف حتى إعادة الرفع · المستندُ يعود لمُنشئه بسببٍ من قائمةٍ محكومة — ويُقاس السببُ في تحليل الاختناقات · المستندُ ينتقل · والتوقيعُ يُسجَّل بمرجع التفويض  [nav09_map]"
"القوى التشغيلية",7.722.31,"متابعة القوى","المتابعة والبلاغات","بلاغات إدارتي · Tickets/dept_inbox.php","approvals · approvals · audit · approvals · reasons  [nav09_map]","إدارة البلاغات","المستندُ يعود قابلًا للتعديل · والمهلةُ تتوقف حتى إعادة الرفع · المستندُ يعود لمُنشئه بسببٍ من قائمةٍ محكومة — ويُقاس السببُ في تحليل الاختناقات · المستندُ ينتقل · والتوقيعُ يُسجَّل بمرجع التفويض  [nav09_map]"
"القوى التشغيلية",7.722.32,"متابعة القوى","المتابعة والبلاغات","أبلغ عن مشكلة من هذه الشاشة · Tickets/ticket_contextual_open.php","approvals · approvals · audit · approvals · reasons  [nav09_map]","— لا وحدة","المستندُ يعود قابلًا للتعديل · والمهلةُ تتوقف حتى إعادة الرفع · المستندُ يعود لمُنشئه بسببٍ من قائمةٍ محكومة — ويُقاس السببُ في تحليل الاختناقات · المستندُ ينتقل · والتوقيعُ يُسجَّل بمرجع التفويض  [nav09_map]"
"القوى التشغيلية",7.722.33,"متابعة القوى","المتابعة والبلاغات","صندوق ما ينتظر اعتمادي · Finance/approvals_inbox.php","approvals · approvals · audit · approvals · reasons  [nav09_map]","إدارة المالية","المستندُ يعود قابلًا للتعديل · والمهلةُ تتوقف حتى إعادة الرفع · المستندُ يعود لمُنشئه بسببٍ من قائمةٍ محكومة — ويُقاس السببُ في تحليل الاختناقات · المستندُ ينتقل · والتوقيعُ يُسجَّل بمرجع التفويض  [nav09_map]"
"القوى التشغيلية",8.823.34,"تقارير القوى","الميزانية والإنجاز","ميزانية إدارتي · Finance/budget_dept.php","budget_change_requests · export_log  [nav09_map]","إدارة المالية","الطلبُ يدخل سلّمَ الاعتماد ببيان أثره — ولا يُعدَّل السقفُ قبل الاعتماد · الملفُّ يُصدَّر بنطاق المستخدم وحدَه · وكلُّ تصديرٍ يُسجَّل بالمستخدم والفلاتر  [nav09_map]"
"القوى التشغيلية",8.823.35,"تقارير القوى","الميزانية والإنجاز","إنجاز الإدارة · Portal/dept_achievement.php","budget_change_requests · export_log  [nav09_map]","إدارة الصلاحيات","الطلبُ يدخل سلّمَ الاعتماد ببيان أثره — ولا يُعدَّل السقفُ قبل الاعتماد · الملفُّ يُصدَّر بنطاق المستخدم وحدَه · وكلُّ تصديرٍ يُسجَّل بالمستخدم والفلاتر  [nav09_map]"
"القوى التشغيلية",8.823.36,"تقارير القوى","الميزانية والإنجاز","مركز التقارير · emsreports/index.php","budget_change_requests · export_log  [nav09_map]","إدارة الصلاحيات","الطلبُ يدخل سلّمَ الاعتماد ببيان أثره — ولا يُعدَّل السقفُ قبل الاعتماد · الملفُّ يُصدَّر بنطاق المستخدم وحدَه · وكلُّ تصديرٍ يُسجَّل بالمستخدم والفلاتر  [nav09_map]"
"القوى التشغيلية",97.9700.10,"شاشات مالية","شاشات مالية","فحص شروط الاستحقاق · Finance/entitlement_gate.php","entitlement_gate · fin_events · unit_effects · ems_business_events  [nav09_map]","إدارة المالية","الأثرُ يُنقل إلى «مردود» بسببٍ من قائمةٍ مغلقةٍ ومرجعِ رادِّه — والمقيَّدُ لا يُردّ بأثرٍ رجعيّ · الحارسُ يفحص: سلسلةٌ مكتملة · فترةٌ مفتوحة · عقدٌ نافذ · حصةٌ متاحة — ثم يتولد الأثرُ الماليُّ ولا يقع قبلها · لا Posted إلا باعتمادِ مديرِ الإدارةِ والمالية  [nav09_map]"
"القوى التشغيلية",98.9800.10,"فريق العمل","فريق العمل","إدارة المعاونين · main/project_users.php","— لا مصدر","ادارة الموردين","خارج الوثيقة — بانتظار قرار المالك  [cycle_order]"
"القوى التشغيلية",99.999.99,"خارج الوثيقة — بانتظار قرار المالك","أخرى — للمراجعة","مساحة مخاطر الإدارة · Risk/dept_risk_space.php","— لا مصدر","إدارة المخاطر","نهايةُ دورةِ الإدارة — لا مرحلةَ بعدَها  [cycle_order]"
"إدارة المخاطر",0.1.1,"لوحة الإدارة","مساحتي الشخصية","مهامي · Portal/my_tasks.php","tasks · workflow  [nav09_map]","مساحة عملي  [إدارة]","المهمةُ تُقفل · والخطوةُ التاليةُ تُفتح لصاحبها · ومهلةُ المسار تُحدَّث  [nav09_map]"
"إدارة المخاطر",0.1.2,"لوحة الإدارة","مساحتي الشخصية","لوحة المخاطر العليا · Risk/risk_board.php","tasks · workflow  [nav09_map]","إدارة المخاطر","المهمةُ تُقفل · والخطوةُ التاليةُ تُفتح لصاحبها · ومهلةُ المسار تُحدَّث  [nav09_map]"
"إدارة المخاطر",0.1.90,"لوحة الإدارة","مساحتي الشخصية","بلاغاتُ إدارتي · Tickets/dept_inbox.php","tasks · workflow  [nav09_map]","إدارة البلاغات","المهمةُ تُقفل · والخطوةُ التاليةُ تُفتح لصاحبها · ومهلةُ المسار تُحدَّث  [nav09_map]"
"إدارة المخاطر",1.2.1,"أولًا: الإشارة والفرز",الإشارات,"إشارات الخطر والفرز · Risk/risk_signals.php","— لا مصدر","إدارة المخاطر","ثانيًا: السجل والتصنيف  [cycle_order]"
"إدارة المخاطر",1.10.1,"أولًا: الرصد والفرز","الإشارات والوقائع","الحوادث والوقائع · Risk/risk_incidents.php","— لا مصدر","إدارة المخاطر","ثانيًا: السجل والتصنيف  [cycle_order]"
"إدارة المخاطر",1.10.2,"أولًا: الرصد والفرز","الإشارات والوقائع","مخاطر الميدان · Risk/risk_field.php","— لا مصدر","إدارة المخاطر","ثانيًا: السجل والتصنيف  [cycle_order]"
"إدارة المخاطر",2.3.1,"ثانيًا: السجل والتقييم","السجل المركزي","سجل المخاطر المركزي · Risk/risk_register.php","— لا مصدر","إدارة المخاطر","ثالثًا: التقييم والتحدي  [cycle_order]"
"إدارة المخاطر",2.3.2,"ثانيًا: السجل والتقييم","السجل المركزي","ملف الخطر · Risk/risk_card.php","— لا مصدر","إدارة المخاطر","ثالثًا: التقييم والتحدي  [cycle_order]"
"إدارة المخاطر",2.11.1,"ثانيًا: السجل والتصنيف","المنهج والتصنيف","وحدات المخاطر والتصنيف · Risk/risk_units.php","— لا مصدر","إدارة المخاطر","ثالثًا: التقييم والتحدي  [cycle_order]"
"إدارة المخاطر",3.4.1,"ثالثًا: الضوابط والمؤشرات",الضوابط,"الضوابط والضوابط الحرجة · Risk/risk_controls.php","— لا مصدر","إدارة المخاطر","رابعًا: الضوابط والتحقق  [cycle_order]"
"إدارة المخاطر",3.4.2,"ثالثًا: الضوابط والمؤشرات",الضوابط,"مؤشرات الخطر الرئيسة · Risk/risk_kris.php","— لا مصدر","إدارة المخاطر","رابعًا: الضوابط والتحقق  [cycle_order]"
"إدارة المخاطر",3.12.1,"ثالثًا: التقييم والتحدي",التقييم,"تقييم الخطر ونسخه التاريخية · Risk/risk_assessment.php","— لا مصدر","إدارة المخاطر","رابعًا: الضوابط والتحقق  [cycle_order]"
"إدارة المخاطر",4.5.1,"رابعًا: المعالجة والقبول","المعالجة والقرار","إجراءات معالجة المخاطر · Risk/risk_treatments.php","— لا مصدر","إدارة المخاطر","خامسًا: الشهية والمنهج  [cycle_order]"
"إدارة المخاطر",4.5.2,"رابعًا: المعالجة والقبول","المعالجة والقرار","مراجعات المخاطر وقراراتها · Risk/risk_reviews.php","— لا مصدر","إدارة المخاطر","خامسًا: الشهية والمنهج  [cycle_order]"
"إدارة المخاطر",4.13.1,"رابعًا: الضوابط والتحقق",التحقق,"التحقق من الضوابط الحرجة · Risk/risk_control_verify.php","— لا مصدر","إدارة المخاطر","خامسًا: الشهية والمنهج  [cycle_order]"
"إدارة المخاطر",5.6.1,"خامسًا: الشهية والمنهج","الإطار الحاكم","شهية المخاطر وحدودها · Risk/risk_appetite.php","— لا مصدر","إدارة المخاطر","سابعًا: القبول والتصعيد  [cycle_order]"
"إدارة المخاطر",5.6.2,"خامسًا: الشهية والمنهج","الإطار الحاكم","مساحة مخاطر الإدارة · Risk/dept_risk_space.php","— لا مصدر","إدارة المخاطر","سابعًا: القبول والتصعيد  [cycle_order]"
"إدارة المخاطر",7.14.1,"سابعًا: القبول والتصعيد",القبول,"القبول والاستثناءات · Risk/risk_acceptance.php","— لا مصدر","إدارة المخاطر","ثامنًا: الحوكمة والإطار  [cycle_order]"
"إدارة المخاطر",8.15.1,"ثامنًا: الحوكمة والإطار","الإطار والحوكمة","لجنة المخاطر · Risk/risk_committee.php","— لا مصدر","إدارة المخاطر","شاشات مالية  [cycle_order]"
"إدارة المخاطر",8.15.2,"ثامنًا: الحوكمة والإطار","الإطار والحوكمة","تقارير المخاطر والتحليلات · Risk/risk_reports.php","— لا مصدر","إدارة المخاطر","شاشات مالية  [cycle_order]"
"إدارة المخاطر",8.15.3,"ثامنًا: الحوكمة والإطار","الإطار والحوكمة","إعدادات المخاطر والتصنيف · Risk/risk_settings.php","— لا مصدر","إدارة المخاطر","شاشات مالية  [cycle_order]"
"إدارة المخاطر",8.15.4,"ثامنًا: الحوكمة والإطار","الإطار والحوكمة","حوكمة إدارة المخاطر · Risk/gov_dept_rsk.php","— لا مصدر","إدارة المخاطر","شاشات مالية  [cycle_order]"
"إدارة المخاطر",97.9700.10,"شاشات مالية","شاشات مالية","لوحة النسب المالية · Finance/fin_ratios.php","fin_cashflow · fin_equity · fin_posting_matrix · fin_project_pl · fin_ratio_targets · fin_ratio_values · risk_signals  [nav09_map]","إدارة المالية","◆ إيرادُ المعدةِ وتكلفتُها وهامشُها وتكلفةُ ساعتها ونقطةُ تعادلها — بالبُعد D5 · ◆ الإشارةُ تُنشر إلى المخاطرِ لا تبقى في المالية — فتدخل الفرزَ الرباعي · ◆ الإيرادُ والتكلفةُ المباشرةُ بالبُعد D2 والحصةُ المحمَّلةُ بأساسِ تحميلٍ معلَن · ◆ الحسابُ يُشتق م  [nav09_map]"
"إدارة المخاطر",97.9700.20,"شاشات مالية","شاشات مالية","تفصيل نسبة مالية · Finance/fin_ratio_detail.php","fin_cashflow · fin_equity · fin_posting_matrix · fin_project_pl · fin_ratio_targets · fin_ratio_values · risk_signals  [nav09_map]","إدارة المالية","◆ إيرادُ المعدةِ وتكلفتُها وهامشُها وتكلفةُ ساعتها ونقطةُ تعادلها — بالبُعد D5 · ◆ الإشارةُ تُنشر إلى المخاطرِ لا تبقى في المالية — فتدخل الفرزَ الرباعي · ◆ الإيرادُ والتكلفةُ المباشرةُ بالبُعد D2 والحصةُ المحمَّلةُ بأساسِ تحميلٍ معلَن · ◆ الحسابُ يُشتق م  [nav09_map]"
"إدارة المخاطر",97.9700.30,"شاشات مالية","شاشات مالية","حدود النسب وأهدافها · Finance/fin_ratio_targets.php","fin_cashflow · fin_equity · fin_posting_matrix · fin_project_pl · fin_ratio_targets · fin_ratio_values · risk_signals  [nav09_map]","إدارة المالية","◆ إيرادُ المعدةِ وتكلفتُها وهامشُها وتكلفةُ ساعتها ونقطةُ تعادلها — بالبُعد D5 · ◆ الإشارةُ تُنشر إلى المخاطرِ لا تبقى في المالية — فتدخل الفرزَ الرباعي · ◆ الإيرادُ والتكلفةُ المباشرةُ بالبُعد D2 والحصةُ المحمَّلةُ بأساسِ تحميلٍ معلَن · ◆ الحسابُ يُشتق م  [nav09_map]"
"إدارة المخاطر",97.9700.40,"شاشات مالية","شاشات مالية","الإنذار المالي المبكر · Finance/fin_early_warning.php","fin_cashflow · fin_equity · fin_posting_matrix · fin_project_pl · fin_ratio_targets · fin_ratio_values · risk_signals  [nav09_map]","إدارة المالية","◆ إيرادُ المعدةِ وتكلفتُها وهامشُها وتكلفةُ ساعتها ونقطةُ تعادلها — بالبُعد D5 · ◆ الإشارةُ تُنشر إلى المخاطرِ لا تبقى في المالية — فتدخل الفرزَ الرباعي · ◆ الإيرادُ والتكلفةُ المباشرةُ بالبُعد D2 والحصةُ المحمَّلةُ بأساسِ تحميلٍ معلَن · ◆ الحسابُ يُشتق م  [nav09_map]"
"إدارة المخاطر",97.9700.50,"شاشات مالية","شاشات مالية","ربحية المعدة الواحدة · Finance/fin_unit_economics.php","fin_cashflow · fin_equity · fin_posting_matrix · fin_project_pl · fin_ratio_targets · fin_ratio_values · risk_signals  [nav09_map]","إدارة المالية","◆ إيرادُ المعدةِ وتكلفتُها وهامشُها وتكلفةُ ساعتها ونقطةُ تعادلها — بالبُعد D5 · ◆ الإشارةُ تُنشر إلى المخاطرِ لا تبقى في المالية — فتدخل الفرزَ الرباعي · ◆ الإيرادُ والتكلفةُ المباشرةُ بالبُعد D2 والحصةُ المحمَّلةُ بأساسِ تحميلٍ معلَن · ◆ الحسابُ يُشتق م  [nav09_map]"
"إدارة المخاطر",97.9700.60,"شاشات مالية","شاشات مالية","هامش العقد ونموذج العمل · Finance/fin_contract_margin.php","fin_cashflow · fin_equity · fin_posting_matrix · fin_project_pl · fin_ratio_targets · fin_ratio_values · risk_signals  [nav09_map]","إدارة المالية","◆ إيرادُ المعدةِ وتكلفتُها وهامشُها وتكلفةُ ساعتها ونقطةُ تعادلها — بالبُعد D5 · ◆ الإشارةُ تُنشر إلى المخاطرِ لا تبقى في المالية — فتدخل الفرزَ الرباعي · ◆ الإيرادُ والتكلفةُ المباشرةُ بالبُعد D2 والحصةُ المحمَّلةُ بأساسِ تحميلٍ معلَن · ◆ الحسابُ يُشتق م  [nav09_map]"
"إدارة المخاطر",97.9700.70,"شاشات مالية","شاشات مالية","قائمة دخل المشروع · Finance/fin_project_pl.php","fin_cashflow · fin_equity · fin_posting_matrix · fin_project_pl · fin_ratio_targets · fin_ratio_values · risk_signals  [nav09_map]","إدارة المالية","◆ إيرادُ المعدةِ وتكلفتُها وهامشُها وتكلفةُ ساعتها ونقطةُ تعادلها — بالبُعد D5 · ◆ الإشارةُ تُنشر إلى المخاطرِ لا تبقى في المالية — فتدخل الفرزَ الرباعي · ◆ الإيرادُ والتكلفةُ المباشرةُ بالبُعد D2 والحصةُ المحمَّلةُ بأساسِ تحميلٍ معلَن · ◆ الحسابُ يُشتق م  [nav09_map]"
"إدارة المخاطر",97.9700.80,"شاشات مالية","شاشات مالية","قائمة التدفقات النقدية · Finance/fin_cashflow_stmt.php","fin_cashflow · fin_equity · fin_posting_matrix · fin_project_pl · fin_ratio_targets · fin_ratio_values · risk_signals  [nav09_map]","إدارة المالية","◆ إيرادُ المعدةِ وتكلفتُها وهامشُها وتكلفةُ ساعتها ونقطةُ تعادلها — بالبُعد D5 · ◆ الإشارةُ تُنشر إلى المخاطرِ لا تبقى في المالية — فتدخل الفرزَ الرباعي · ◆ الإيرادُ والتكلفةُ المباشرةُ بالبُعد D2 والحصةُ المحمَّلةُ بأساسِ تحميلٍ معلَن · ◆ الحسابُ يُشتق م  [nav09_map]"
"إدارة المخاطر",97.9700.90,"شاشات مالية","شاشات مالية","قائمة التغيرات في حقوق الملكية · Finance/fin_equity_stmt.php","fin_cashflow · fin_equity · fin_posting_matrix · fin_project_pl · fin_ratio_targets · fin_ratio_values · risk_signals  [nav09_map]","إدارة المالية","◆ إيرادُ المعدةِ وتكلفتُها وهامشُها وتكلفةُ ساعتها ونقطةُ تعادلها — بالبُعد D5 · ◆ الإشارةُ تُنشر إلى المخاطرِ لا تبقى في المالية — فتدخل الفرزَ الرباعي · ◆ الإيرادُ والتكلفةُ المباشرةُ بالبُعد D2 والحصةُ المحمَّلةُ بأساسِ تحميلٍ معلَن · ◆ الحسابُ يُشتق م  [nav09_map]"
"إدارة المخاطر",97.9700.100,"شاشات مالية","شاشات مالية","مصفوفة الترحيل من الإدارات · Finance/fin_posting_matrix.php","fin_cashflow · fin_equity · fin_posting_matrix · fin_project_pl · fin_ratio_targets · fin_ratio_values · risk_signals  [nav09_map]","إدارة المالية","◆ إيرادُ المعدةِ وتكلفتُها وهامشُها وتكلفةُ ساعتها ونقطةُ تعادلها — بالبُعد D5 · ◆ الإشارةُ تُنشر إلى المخاطرِ لا تبقى في المالية — فتدخل الفرزَ الرباعي · ◆ الإيرادُ والتكلفةُ المباشرةُ بالبُعد D2 والحصةُ المحمَّلةُ بأساسِ تحميلٍ معلَن · ◆ الحسابُ يُشتق م  [nav09_map]"
"إدارة المخاطر",98.9800.10,"فريق العمل","فريق العمل","إدارة المعاونين · main/project_users.php","— لا مصدر","ادارة الموردين","نهايةُ دورةِ الإدارة — لا مرحلةَ بعدَها  [cycle_order]"
"محلل المخاطر",0.1.1,"لوحة الإدارة","مساحتي الشخصية","مهامي · Portal/my_tasks.php","tasks · workflow  [nav09_map]","مساحة عملي  [إدارة]","المهمةُ تُقفل · والخطوةُ التاليةُ تُفتح لصاحبها · ومهلةُ المسار تُحدَّث  [nav09_map]"
"محلل المخاطر",0.1.2,"لوحة الإدارة","مساحتي الشخصية","لوحة المخاطر العليا · Risk/risk_board.php","tasks · workflow  [nav09_map]","إدارة المخاطر","المهمةُ تُقفل · والخطوةُ التاليةُ تُفتح لصاحبها · ومهلةُ المسار تُحدَّث  [nav09_map]"
"محلل المخاطر",0.1.90,"لوحة الإدارة","مساحتي الشخصية","بلاغاتُ إدارتي · Tickets/dept_inbox.php","tasks · workflow  [nav09_map]","إدارة البلاغات","المهمةُ تُقفل · والخطوةُ التاليةُ تُفتح لصاحبها · ومهلةُ المسار تُحدَّث  [nav09_map]"
"محلل المخاطر",1.2.1,"أولًا: الإشارة والفرز",الإشارات,"إشارات الخطر والفرز · Risk/risk_signals.php","— لا مصدر","إدارة المخاطر","ثانيًا: السجل والتصنيف  [cycle_order]"
"محلل المخاطر",1.10.1,"أولًا: الرصد والفرز","الإشارات والوقائع","الحوادث والوقائع · Risk/risk_incidents.php","— لا مصدر","إدارة المخاطر","ثانيًا: السجل والتصنيف  [cycle_order]"
"محلل المخاطر",1.10.2,"أولًا: الرصد والفرز","الإشارات والوقائع","مخاطر الميدان · Risk/risk_field.php","— لا مصدر","إدارة المخاطر","ثانيًا: السجل والتصنيف  [cycle_order]"
"محلل المخاطر",2.3.1,"ثانيًا: السجل والتقييم","السجل المركزي","سجل المخاطر المركزي · Risk/risk_register.php","— لا مصدر","إدارة المخاطر","ثالثًا: التقييم والتحدي  [cycle_order]"
"محلل المخاطر",2.3.2,"ثانيًا: السجل والتقييم","السجل المركزي","ملف الخطر · Risk/risk_card.php","— لا مصدر","إدارة المخاطر","ثالثًا: التقييم والتحدي  [cycle_order]"
"محلل المخاطر",2.11.1,"ثانيًا: السجل والتصنيف","المنهج والتصنيف","وحدات المخاطر والتصنيف · Risk/risk_units.php","— لا مصدر","إدارة المخاطر","ثالثًا: التقييم والتحدي  [cycle_order]"
"محلل المخاطر",3.4.1,"ثالثًا: الضوابط والمؤشرات",الضوابط,"الضوابط والضوابط الحرجة · Risk/risk_controls.php","— لا مصدر","إدارة المخاطر","رابعًا: الضوابط والتحقق  [cycle_order]"
"محلل المخاطر",3.4.2,"ثالثًا: الضوابط والمؤشرات",الضوابط,"مؤشرات الخطر الرئيسة · Risk/risk_kris.php","— لا مصدر","إدارة المخاطر","رابعًا: الضوابط والتحقق  [cycle_order]"
"محلل المخاطر",3.12.1,"ثالثًا: التقييم والتحدي",التقييم,"تقييم الخطر ونسخه التاريخية · Risk/risk_assessment.php","— لا مصدر","إدارة المخاطر","رابعًا: الضوابط والتحقق  [cycle_order]"
"محلل المخاطر",4.5.1,"رابعًا: المعالجة والقبول","المعالجة والقرار","إجراءات معالجة المخاطر · Risk/risk_treatments.php","— لا مصدر","إدارة المخاطر","خامسًا: الشهية والمنهج  [cycle_order]"
"محلل المخاطر",4.5.2,"رابعًا: المعالجة والقبول","المعالجة والقرار","مراجعات المخاطر وقراراتها · Risk/risk_reviews.php","— لا مصدر","إدارة المخاطر","خامسًا: الشهية والمنهج  [cycle_order]"
"محلل المخاطر",4.13.1,"رابعًا: الضوابط والتحقق",التحقق,"التحقق من الضوابط الحرجة · Risk/risk_control_verify.php","— لا مصدر","إدارة المخاطر","خامسًا: الشهية والمنهج  [cycle_order]"
"محلل المخاطر",5.6.1,"خامسًا: الشهية والمنهج","الإطار الحاكم","شهية المخاطر وحدودها · Risk/risk_appetite.php","— لا مصدر","إدارة المخاطر","سابعًا: القبول والتصعيد  [cycle_order]"
"محلل المخاطر",5.6.2,"خامسًا: الشهية والمنهج","الإطار الحاكم","مساحة مخاطر الإدارة · Risk/dept_risk_space.php","— لا مصدر","إدارة المخاطر","سابعًا: القبول والتصعيد  [cycle_order]"
"محلل المخاطر",7.14.1,"سابعًا: القبول والتصعيد",القبول,"القبول والاستثناءات · Risk/risk_acceptance.php","— لا مصدر","إدارة المخاطر","ثامنًا: الحوكمة والإطار  [cycle_order]"
"محلل المخاطر",8.15.1,"ثامنًا: الحوكمة والإطار","الإطار والحوكمة","لجنة المخاطر · Risk/risk_committee.php","— لا مصدر","إدارة المخاطر","نهايةُ دورةِ الإدارة — لا مرحلةَ بعدَها  [cycle_order]"
"محلل المخاطر",8.15.2,"ثامنًا: الحوكمة والإطار","الإطار والحوكمة","تقارير المخاطر والتحليلات · Risk/risk_reports.php","— لا مصدر","إدارة المخاطر","نهايةُ دورةِ الإدارة — لا مرحلةَ بعدَها  [cycle_order]"
"محلل المخاطر",8.15.3,"ثامنًا: الحوكمة والإطار","الإطار والحوكمة","إعدادات المخاطر والتصنيف · Risk/risk_settings.php","— لا مصدر","إدارة المخاطر","نهايةُ دورةِ الإدارة — لا مرحلةَ بعدَها  [cycle_order]"
"محلل المخاطر",8.15.4,"ثامنًا: الحوكمة والإطار","الإطار والحوكمة","حوكمة إدارة المخاطر · Risk/gov_dept_rsk.php","— لا مصدر","إدارة المخاطر","نهايةُ دورةِ الإدارة — لا مرحلةَ بعدَها  [cycle_order]"
"مشرف المخاطر",0.1.1,"لوحة الإدارة","لوحة الإدارة","لوحة المخاطر العليا · Risk/risk_board.php","— لا مصدر","إدارة المخاطر","أولًا: الرصد والفرز  [cycle_order]"
"مشرف المخاطر",0.1.9,"لوحة الإدارة","لوحة الإدارة","مساحة مخاطر الإدارة · Risk/dept_risk_space.php","— لا مصدر","إدارة المخاطر","أولًا: الرصد والفرز  [cycle_order]"
"مشرف المخاطر",1.2.2,"أولًا: الرصد والفرز","أولًا: الرصد والفرز","إشارات الخطر والفرز · Risk/risk_signals.php","— لا مصدر","إدارة المخاطر","ثانيًا: السجل والتصنيف  [cycle_order]"
"مشرف المخاطر",1.10.1,"أولًا: الرصد والفرز","الإشارات والوقائع","الحوادث والوقائع · Risk/risk_incidents.php","— لا مصدر","إدارة المخاطر","ثانيًا: السجل والتصنيف  [cycle_order]"
"مشرف المخاطر",1.10.2,"أولًا: الرصد والفرز","الإشارات والوقائع","مخاطر الميدان · Risk/risk_field.php","— لا مصدر","إدارة المخاطر","ثانيًا: السجل والتصنيف  [cycle_order]"
"مشرف المخاطر",1.10.90,"أولًا: الرصد والفرز","الإشارات والوقائع","بلاغاتُ إدارتي · Tickets/dept_inbox.php","— لا مصدر","إدارة البلاغات","ثانيًا: السجل والتصنيف  [cycle_order]"
"مشرف المخاطر",2.3.3,"ثانيًا: السجل والتصنيف","ثانيًا: السجل والتصنيف","سجل المخاطر المركزي · Risk/risk_register.php","— لا مصدر","إدارة المخاطر","ثالثًا: التقييم والتحدي  [cycle_order]"
"مشرف المخاطر",2.3.4,"ثانيًا: السجل والتصنيف","ثانيًا: السجل والتصنيف","ملف الخطر · Risk/risk_card.php","— لا مصدر","إدارة المخاطر","ثالثًا: التقييم والتحدي  [cycle_order]"
"مشرف المخاطر",2.11.1,"ثانيًا: السجل والتصنيف","المنهج والتصنيف","وحدات المخاطر والتصنيف · Risk/risk_units.php","— لا مصدر","إدارة المخاطر","ثالثًا: التقييم والتحدي  [cycle_order]"
"مشرف المخاطر",3.12.1,"ثالثًا: التقييم والتحدي",التقييم,"تقييم الخطر ونسخه التاريخية · Risk/risk_assessment.php","— لا مصدر","إدارة المخاطر","رابعًا: الضوابط والتحقق  [cycle_order]"
"مشرف المخاطر",4.5.4,"رابعًا: الضوابط والتحقق","رابعًا: الضوابط والتحقق","الضوابط والضوابط الحرجة · Risk/risk_controls.php","— لا مصدر","إدارة المخاطر","خامسًا: المراقبة والمؤشرات  [cycle_order]"
"مشرف المخاطر",4.13.1,"رابعًا: الضوابط والتحقق",التحقق,"التحقق من الضوابط الحرجة · Risk/risk_control_verify.php","— لا مصدر","إدارة المخاطر","خامسًا: المراقبة والمؤشرات  [cycle_order]"
"مشرف المخاطر",5.6.5,"خامسًا: المراقبة والمؤشرات","خامسًا: المراقبة والمؤشرات","مؤشرات الخطر الرئيسة · Risk/risk_kris.php","— لا مصدر","إدارة المخاطر","سادسًا: المعالجة  [cycle_order]"
"مشرف المخاطر",6.7.6,"سادسًا: المعالجة","سادسًا: المعالجة","إجراءات معالجة المخاطر · Risk/risk_treatments.php","— لا مصدر","إدارة المخاطر","سابعًا: القبول والتصعيد  [cycle_order]"
"مشرف المخاطر",7.8.7,"سابعًا: القبول والتصعيد","سابعًا: القبول والتصعيد","مراجعات المخاطر وقراراتها · Risk/risk_reviews.php","— لا مصدر","إدارة المخاطر","ثامنًا: الحوكمة والإطار  [cycle_order]"
"مشرف المخاطر",7.14.1,"سابعًا: القبول والتصعيد",القبول,"القبول والاستثناءات · Risk/risk_acceptance.php","— لا مصدر","إدارة المخاطر","ثامنًا: الحوكمة والإطار  [cycle_order]"
"مشرف المخاطر",8.9.8,"ثامنًا: الحوكمة والإطار","ثامنًا: الحوكمة والإطار","شهية المخاطر وحدودها · Risk/risk_appetite.php","— لا مصدر","إدارة المخاطر","نهايةُ دورةِ الإدارة — لا مرحلةَ بعدَها  [cycle_order]"
"مشرف المخاطر",8.15.1,"ثامنًا: الحوكمة والإطار","الإطار والحوكمة","لجنة المخاطر · Risk/risk_committee.php","— لا مصدر","إدارة المخاطر","نهايةُ دورةِ الإدارة — لا مرحلةَ بعدَها  [cycle_order]"
"مشرف المخاطر",8.15.2,"ثامنًا: الحوكمة والإطار","الإطار والحوكمة","تقارير المخاطر والتحليلات · Risk/risk_reports.php","— لا مصدر","إدارة المخاطر","نهايةُ دورةِ الإدارة — لا مرحلةَ بعدَها  [cycle_order]"
"مشرف المخاطر",8.15.3,"ثامنًا: الحوكمة والإطار","الإطار والحوكمة","إعدادات المخاطر والتصنيف · Risk/risk_settings.php","— لا مصدر","إدارة المخاطر","نهايةُ دورةِ الإدارة — لا مرحلةَ بعدَها  [cycle_order]"
"مشرف المخاطر",8.15.4,"ثامنًا: الحوكمة والإطار","الإطار والحوكمة","حوكمة إدارة المخاطر · Risk/gov_dept_rsk.php","— لا مصدر","إدارة المخاطر","نهايةُ دورةِ الإدارة — لا مرحلةَ بعدَها  [cycle_order]"
"رئيس الحسابات",0.1.1,"لوحة الدور","مساحتي الشخصية","الرئيسية · main/global_search.php","— لا مصدر","رئيس الحسابات","ثانيًا: التخصص والتوجيه  [cycle_order]"
"رئيس الحسابات",2.30.1,"ثانيًا: التخصص والتوجيه","التخصصات المحاسبية","سلسلة الاعتماد الرباعية · Finance/acc_approval_chain.php","fin_backflow_log.state=closed_done  [nav09_map]","محاسب الإدارة المالية","BR-06: صفرُ إشعارٍ محذوف — والإغلاقُ بسببٍ مسجَّل  [nav09_map]"
"رئيس الحسابات",2.30.2,"ثانيًا: التخصص والتوجيه","التخصصات المحاسبية","المرتجَع المالي للإدارات · Finance/acc_backflow.php","fin_backflow_log.state=closed_done  [nav09_map]","محاسب الإدارة المالية","BR-06: صفرُ إشعارٍ محذوف — والإغلاقُ بسببٍ مسجَّل  [nav09_map]"
"رئيس الحسابات",2.30.3,"ثانيًا: التخصص والتوجيه","التخصصات المحاسبية","مساحة عملي اليوم — محاسب التخصص · Finance/acc_my_day.php","fin_backflow_log.state=closed_done  [nav09_map]","محاسب الإدارة المالية","BR-06: صفرُ إشعارٍ محذوف — والإغلاقُ بسببٍ مسجَّل  [nav09_map]"
"رئيس الحسابات",2.30.4,"ثانيًا: التخصص والتوجيه","التخصصات المحاسبية","مصفوفة التوجيه لمحاسبي التخصصات · Finance/acc_routing_matrix.php","fin_backflow_log.state=closed_done  [nav09_map]","رئيس الحسابات","BR-06: صفرُ إشعارٍ محذوف — والإغلاقُ بسببٍ مسجَّل  [nav09_map]"
"رئيس الحسابات",2.30.5,"ثانيًا: التخصص والتوجيه","التخصصات المحاسبية","التخصصات المحاسبية العشرة · Finance/acc_specializations.php","fin_backflow_log.state=closed_done  [nav09_map]","رئيس الحسابات","BR-06: صفرُ إشعارٍ محذوف — والإغلاقُ بسببٍ مسجَّل  [nav09_map]"
"رئيس الحسابات",3.40.1,"ثالثًا: الإشراف والجودة والحدود","الرقابة والإشراف","الحدود الصريحة — ما لا يملكه كل دور · Finance/ctrl_authority_limits.php","— لا مصدر","رئيس الحسابات","رابعًا: سجل الالتزامات  [cycle_order]"
"رئيس الحسابات",3.40.2,"ثالثًا: الإشراف والجودة والحدود","الرقابة والإشراف","الأحكام المنتشرة على الإدارات الست عشرة · Finance/ctrl_dept_propagation.php","— لا مصدر","رئيس الحسابات","رابعًا: سجل الالتزامات  [cycle_order]"
"رئيس الحسابات",3.40.3,"ثالثًا: الإشراف والجودة والحدود","الرقابة والإشراف","سجل بنود الوثائق وتغطيتها · Finance/ctrl_doc_registry.php","— لا مصدر","رئيس الحسابات","رابعًا: سجل الالتزامات  [cycle_order]"
"رئيس الحسابات",3.40.4,"ثالثًا: الإشراف والجودة والحدود","الرقابة والإشراف","مخالفات الوثائق وحسمُها · Finance/ctrl_doc_variance.php","— لا مصدر","رئيس الحسابات","رابعًا: سجل الالتزامات  [cycle_order]"
"رئيس الحسابات",3.40.5,"ثالثًا: الإشراف والجودة والحدود","الرقابة والإشراف","مؤشرات جودة المحاسبة الاثنا عشر · Finance/ctrl_quality_kpis.php","— لا مصدر","رئيس الحسابات","رابعًا: سجل الالتزامات  [cycle_order]"
"رئيس الحسابات",3.40.6,"ثالثًا: الإشراف والجودة والحدود","الرقابة والإشراف","ترحيل الأدوار المالية القديمة · Finance/ctrl_role_migration.php","— لا مصدر","رئيس الحسابات","رابعًا: سجل الالتزامات  [cycle_order]"
"رئيس الحسابات",3.40.7,"ثالثًا: الإشراف والجودة والحدود","الرقابة والإشراف","إشراف رئيس الحسابات على محاسبي التخصصات · Finance/ctrl_supervision.php","— لا مصدر","رئيس الحسابات","رابعًا: سجل الالتزامات  [cycle_order]"
"رئيس الحسابات",4.50.1,"رابعًا: سجل الالتزامات","الالتزامات والاستحقاق","الملتزَم به وأثره في الموازنة · Finance/ob_commitments.php","— لا مصدر","إدارة المالية","خامسًا: السقوف وفصل الواجبات  [cycle_order]"
"رئيس الحسابات",4.50.2,"رابعًا: سجل الالتزامات","الالتزامات والاستحقاق","الالتزامات المحتملة والإفصاح · Finance/ob_contingent.php","— لا مصدر","إدارة المالية","خامسًا: السقوف وفصل الواجبات  [cycle_order]"
"رئيس الحسابات",4.50.3,"رابعًا: سجل الالتزامات","الالتزامات والاستحقاق","المستحق قريبًا والتذكيرات · Finance/ob_due_soon.php","— لا مصدر","إدارة المالية","خامسًا: السقوف وفصل الواجبات  [cycle_order]"
"رئيس الحسابات",4.50.4,"رابعًا: سجل الالتزامات","الالتزامات والاستحقاق","آفاق الالتزامات الثلاثة · Finance/ob_horizon.php","— لا مصدر","إدارة المالية","خامسًا: السقوف وفصل الواجبات  [cycle_order]"
"رئيس الحسابات",4.50.5,"رابعًا: سجل الالتزامات","الالتزامات والاستحقاق","الالتزامات المتأخرة والذمم الدائنة · Finance/ob_overdue.php","— لا مصدر","إدارة المالية","خامسًا: السقوف وفصل الواجبات  [cycle_order]"
"رئيس الحسابات",4.50.6,"رابعًا: سجل الالتزامات","الالتزامات والاستحقاق","سجل الالتزامات · Finance/ob_register.php","— لا مصدر","إدارة المالية","خامسًا: السقوف وفصل الواجبات  [cycle_order]"
"رئيس الحسابات",4.50.7,"رابعًا: سجل الالتزامات","الالتزامات والاستحقاق","جدول الاستحقاقات · Finance/ob_schedule.php","— لا مصدر","إدارة المالية","خامسًا: السقوف وفصل الواجبات  [cycle_order]"
"رئيس الحسابات",5.60.1,"خامسًا: السقوف وفصل الواجبات","الخزينة والسلطة","سقوف سلطة الالتزام والدفع · Finance/tre_authority_caps.php","— لا مصدر","المدير المالي","البلاغات  [cycle_order]"
"رئيس الحسابات",5.60.2,"خامسًا: السقوف وفصل الواجبات","الخزينة والسلطة","مراحل دورتي الدفع والقبض · Finance/tre_cycle_stages.php","— لا مصدر","أمين الخزينة","البلاغات  [cycle_order]"
"رئيس الحسابات",5.60.3,"خامسًا: السقوف وفصل الواجبات","الخزينة والسلطة","مصفوفة فصل الواجبات الثلاثة عشر · Finance/tre_sod_matrix.php","— لا مصدر","رئيس الحسابات","البلاغات  [cycle_order]"
"رئيس الحسابات",5.60.4,"خامسًا: السقوف وفصل الواجبات","الخزينة والسلطة","الأدوار الثمانية داخل وحدة الخزينة · Finance/tre_unit_roles.php","— لا مصدر","أمين الخزينة","البلاغات  [cycle_order]"
"رئيس الحسابات",98.90.1,البلاغات,البلاغات,"صندوقُ بلاغاتِ الإدارة · Tickets/dept_inbox.php","— لا مصدر","إدارة البلاغات","نهايةُ دورةِ الإدارة — لا مرحلةَ بعدَها  [cycle_order]"
"المدير المالي",0.1.1,"لوحة الدور","مساحتي الشخصية","الرئيسية · main/dashboard.php","— لا مصدر","ادارة التشغيل","خامسًا: السقوف وفصل الواجبات  [cycle_order]"
"المدير المالي",5.60.1,"خامسًا: السقوف وفصل الواجبات","الخزينة والسلطة","سقوف سلطة الالتزام والدفع · Finance/tre_authority_caps.php","— لا مصدر","المدير المالي","البلاغات  [cycle_order]"
"المدير المالي",98.90.1,البلاغات,البلاغات,"صندوقُ بلاغاتِ الإدارة · Tickets/dept_inbox.php","— لا مصدر","إدارة البلاغات","نهايةُ دورةِ الإدارة — لا مرحلةَ بعدَها  [cycle_order]"
"المراجع الداخلي المستقل",0.1.1,"لوحة الدور","مساحتي الشخصية","الرئيسية · main/dashboard.php","— لا مصدر","ادارة التشغيل","أولًا: الميثاق والخطة والمهام  [cycle_order]"
"المراجع الداخلي المستقل",1.20.1,"أولًا: الميثاق والخطة والمهام","المراجعة الداخلية","سجل اطّلاع المراجع الحساس · Audit/iaf_access_log.php","iaf_charter · iaf_engagements · iaf_findings · iaf_independence · iaf_plan · iaf_universe · iaf_workpapers  [nav09_map]","المراجع الداخلي المستقل","الإقرارُ الساري شرطُ التكليفِ بمهمة (IAF-0009) · الخطةُ المعتمدةُ تفتح بابَ فتحِ المهام — ولا مهمةَ بلا خطة (IAF-0044) · الردُّ فعلُ الإدارةِ المُلاحَظِ عليها لا فعلُ المراجع — فصلُ واجباتٍ مُنفَذ · المجالُ يصير قابلًا للتخطيط — ولا خطةَ بلا كون (IAF-0044  [nav09_map]"
"المراجع الداخلي المستقل",1.20.2,"أولًا: الميثاق والخطة والمهام","المراجعة الداخلية","خطط المعالجة ومتابعتها · Audit/iaf_action_plans.php","iaf_charter · iaf_engagements · iaf_findings · iaf_independence · iaf_plan · iaf_universe · iaf_workpapers  [nav09_map]","المراجع الداخلي المستقل","الإقرارُ الساري شرطُ التكليفِ بمهمة (IAF-0009) · الخطةُ المعتمدةُ تفتح بابَ فتحِ المهام — ولا مهمةَ بلا خطة (IAF-0044) · الردُّ فعلُ الإدارةِ المُلاحَظِ عليها لا فعلُ المراجع — فصلُ واجباتٍ مُنفَذ · المجالُ يصير قابلًا للتخطيط — ولا خطةَ بلا كون (IAF-0044  [nav09_map]"
"المراجع الداخلي المستقل",1.20.3,"أولًا: الميثاق والخطة والمهام","المراجعة الداخلية","صلاحيات المراجع داخل النظام · Audit/iaf_authorities.php","iaf_charter · iaf_engagements · iaf_findings · iaf_independence · iaf_plan · iaf_universe · iaf_workpapers  [nav09_map]","المراجع الداخلي المستقل","الإقرارُ الساري شرطُ التكليفِ بمهمة (IAF-0009) · الخطةُ المعتمدةُ تفتح بابَ فتحِ المهام — ولا مهمةَ بلا خطة (IAF-0044) · الردُّ فعلُ الإدارةِ المُلاحَظِ عليها لا فعلُ المراجع — فصلُ واجباتٍ مُنفَذ · المجالُ يصير قابلًا للتخطيط — ولا خطةَ بلا كون (IAF-0044  [nav09_map]"
"المراجع الداخلي المستقل",1.20.4,"أولًا: الميثاق والخطة والمهام","المراجعة الداخلية","ميثاق المراجعة الداخلية · Audit/iaf_charter.php","iaf_charter · iaf_engagements · iaf_findings · iaf_independence · iaf_plan · iaf_universe · iaf_workpapers  [nav09_map]","المراجع الداخلي المستقل","الإقرارُ الساري شرطُ التكليفِ بمهمة (IAF-0009) · الخطةُ المعتمدةُ تفتح بابَ فتحِ المهام — ولا مهمةَ بلا خطة (IAF-0044) · الردُّ فعلُ الإدارةِ المُلاحَظِ عليها لا فعلُ المراجع — فصلُ واجباتٍ مُنفَذ · المجالُ يصير قابلًا للتخطيط — ولا خطةَ بلا كون (IAF-0044  [nav09_map]"
"المراجع الداخلي المستقل",1.20.5,"أولًا: الميثاق والخطة والمهام","المراجعة الداخلية","محاضر الإغلاق · Audit/iaf_closure.php","iaf_charter · iaf_engagements · iaf_findings · iaf_independence · iaf_plan · iaf_universe · iaf_workpapers  [nav09_map]","المراجع الداخلي المستقل","الإقرارُ الساري شرطُ التكليفِ بمهمة (IAF-0009) · الخطةُ المعتمدةُ تفتح بابَ فتحِ المهام — ولا مهمةَ بلا خطة (IAF-0044) · الردُّ فعلُ الإدارةِ المُلاحَظِ عليها لا فعلُ المراجع — فصلُ واجباتٍ مُنفَذ · المجالُ يصير قابلًا للتخطيط — ولا خطةَ بلا كون (IAF-0044  [nav09_map]"
"المراجع الداخلي المستقل",1.20.6,"أولًا: الميثاق والخطة والمهام","المراجعة الداخلية","اختصاصات المراجعة العشرون · Audit/iaf_competencies.php","iaf_charter · iaf_engagements · iaf_findings · iaf_independence · iaf_plan · iaf_universe · iaf_workpapers  [nav09_map]","المراجع الداخلي المستقل","الإقرارُ الساري شرطُ التكليفِ بمهمة (IAF-0009) · الخطةُ المعتمدةُ تفتح بابَ فتحِ المهام — ولا مهمةَ بلا خطة (IAF-0044) · الردُّ فعلُ الإدارةِ المُلاحَظِ عليها لا فعلُ المراجع — فصلُ واجباتٍ مُنفَذ · المجالُ يصير قابلًا للتخطيط — ولا خطةَ بلا كون (IAF-0044  [nav09_map]"
"المراجع الداخلي المستقل",1.20.7,"أولًا: الميثاق والخطة والمهام","المراجعة الداخلية","مهام المراجعة · Audit/iaf_engagements.php","iaf_charter · iaf_engagements · iaf_findings · iaf_independence · iaf_plan · iaf_universe · iaf_workpapers  [nav09_map]","المراجع الداخلي المستقل","الإقرارُ الساري شرطُ التكليفِ بمهمة (IAF-0009) · الخطةُ المعتمدةُ تفتح بابَ فتحِ المهام — ولا مهمةَ بلا خطة (IAF-0044) · الردُّ فعلُ الإدارةِ المُلاحَظِ عليها لا فعلُ المراجع — فصلُ واجباتٍ مُنفَذ · المجالُ يصير قابلًا للتخطيط — ولا خطةَ بلا كون (IAF-0044  [nav09_map]"
"المراجع الداخلي المستقل",1.21.8,"أولًا: الميثاق والخطة والمهام","المراجعة الداخلية (ب)","المصعَّد إلى الجهة المشرفة · Audit/iaf_escalations.php","iaf_charter · iaf_engagements · iaf_findings · iaf_independence · iaf_plan · iaf_universe · iaf_workpapers  [nav09_map]","المراجع الداخلي المستقل","الإقرارُ الساري شرطُ التكليفِ بمهمة (IAF-0009) · الخطةُ المعتمدةُ تفتح بابَ فتحِ المهام — ولا مهمةَ بلا خطة (IAF-0044) · الردُّ فعلُ الإدارةِ المُلاحَظِ عليها لا فعلُ المراجع — فصلُ واجباتٍ مُنفَذ · المجالُ يصير قابلًا للتخطيط — ولا خطةَ بلا كون (IAF-0044  [nav09_map]"
"المراجع الداخلي المستقل",1.21.9,"أولًا: الميثاق والخطة والمهام","المراجعة الداخلية (ب)","ملاحظات المراجعة · Audit/iaf_findings.php","iaf_charter · iaf_engagements · iaf_findings · iaf_independence · iaf_plan · iaf_universe · iaf_workpapers  [nav09_map]","المراجع الداخلي المستقل","الإقرارُ الساري شرطُ التكليفِ بمهمة (IAF-0009) · الخطةُ المعتمدةُ تفتح بابَ فتحِ المهام — ولا مهمةَ بلا خطة (IAF-0044) · الردُّ فعلُ الإدارةِ المُلاحَظِ عليها لا فعلُ المراجع — فصلُ واجباتٍ مُنفَذ · المجالُ يصير قابلًا للتخطيط — ولا خطةَ بلا كون (IAF-0044  [nav09_map]"
"المراجع الداخلي المستقل",1.21.10,"أولًا: الميثاق والخطة والمهام","المراجعة الداخلية (ب)","إقرارات الاستقلال وتعارض المصالح · Audit/iaf_independence.php","iaf_charter · iaf_engagements · iaf_findings · iaf_independence · iaf_plan · iaf_universe · iaf_workpapers  [nav09_map]","المراجع الداخلي المستقل","الإقرارُ الساري شرطُ التكليفِ بمهمة (IAF-0009) · الخطةُ المعتمدةُ تفتح بابَ فتحِ المهام — ولا مهمةَ بلا خطة (IAF-0044) · الردُّ فعلُ الإدارةِ المُلاحَظِ عليها لا فعلُ المراجع — فصلُ واجباتٍ مُنفَذ · المجالُ يصير قابلًا للتخطيط — ولا خطةَ بلا كون (IAF-0044  [nav09_map]"
"المراجع الداخلي المستقل",1.21.11,"أولًا: الميثاق والخطة والمهام","المراجعة الداخلية (ب)","خطة المراجعة السنوية · Audit/iaf_plan.php","iaf_charter · iaf_engagements · iaf_findings · iaf_independence · iaf_plan · iaf_universe · iaf_workpapers  [nav09_map]","المراجع الداخلي المستقل","الإقرارُ الساري شرطُ التكليفِ بمهمة (IAF-0009) · الخطةُ المعتمدةُ تفتح بابَ فتحِ المهام — ولا مهمةَ بلا خطة (IAF-0044) · الردُّ فعلُ الإدارةِ المُلاحَظِ عليها لا فعلُ المراجع — فصلُ واجباتٍ مُنفَذ · المجالُ يصير قابلًا للتخطيط — ولا خطةَ بلا كون (IAF-0044  [nav09_map]"
"المراجع الداخلي المستقل",1.21.12,"أولًا: الميثاق والخطة والمهام","المراجعة الداخلية (ب)","تقييم جودة المراجعة الدوري · Audit/iaf_quality.php","iaf_charter · iaf_engagements · iaf_findings · iaf_independence · iaf_plan · iaf_universe · iaf_workpapers  [nav09_map]","المراجع الداخلي المستقل","الإقرارُ الساري شرطُ التكليفِ بمهمة (IAF-0009) · الخطةُ المعتمدةُ تفتح بابَ فتحِ المهام — ولا مهمةَ بلا خطة (IAF-0044) · الردُّ فعلُ الإدارةِ المُلاحَظِ عليها لا فعلُ المراجع — فصلُ واجباتٍ مُنفَذ · المجالُ يصير قابلًا للتخطيط — ولا خطةَ بلا كون (IAF-0044  [nav09_map]"
"المراجع الداخلي المستقل",1.21.13,"أولًا: الميثاق والخطة والمهام","المراجعة الداخلية (ب)","تقارير المراجعة للجهة المشرفة · Audit/iaf_reports.php","iaf_charter · iaf_engagements · iaf_findings · iaf_independence · iaf_plan · iaf_universe · iaf_workpapers  [nav09_map]","المراجع الداخلي المستقل","الإقرارُ الساري شرطُ التكليفِ بمهمة (IAF-0009) · الخطةُ المعتمدةُ تفتح بابَ فتحِ المهام — ولا مهمةَ بلا خطة (IAF-0044) · الردُّ فعلُ الإدارةِ المُلاحَظِ عليها لا فعلُ المراجع — فصلُ واجباتٍ مُنفَذ · المجالُ يصير قابلًا للتخطيط — ولا خطةَ بلا كون (IAF-0044  [nav09_map]"
"المراجع الداخلي المستقل",1.21.14,"أولًا: الميثاق والخطة والمهام","المراجعة الداخلية (ب)","ردود الإدارات على الملاحظات · Audit/iaf_responses.php","iaf_charter · iaf_engagements · iaf_findings · iaf_independence · iaf_plan · iaf_universe · iaf_workpapers  [nav09_map]","المراجع الداخلي المستقل","الإقرارُ الساري شرطُ التكليفِ بمهمة (IAF-0009) · الخطةُ المعتمدةُ تفتح بابَ فتحِ المهام — ولا مهمةَ بلا خطة (IAF-0044) · الردُّ فعلُ الإدارةِ المُلاحَظِ عليها لا فعلُ المراجع — فصلُ واجباتٍ مُنفَذ · المجالُ يصير قابلًا للتخطيط — ولا خطةَ بلا كون (IAF-0044  [nav09_map]"
"المراجع الداخلي المستقل",1.22.15,"أولًا: الميثاق والخطة والمهام","المراجعة الداخلية (ج)","الكون الرقابي · Audit/iaf_universe.php","iaf_charter · iaf_engagements · iaf_findings · iaf_independence · iaf_plan · iaf_universe · iaf_workpapers  [nav09_map]","المراجع الداخلي المستقل","الإقرارُ الساري شرطُ التكليفِ بمهمة (IAF-0009) · الخطةُ المعتمدةُ تفتح بابَ فتحِ المهام — ولا مهمةَ بلا خطة (IAF-0044) · الردُّ فعلُ الإدارةِ المُلاحَظِ عليها لا فعلُ المراجع — فصلُ واجباتٍ مُنفَذ · المجالُ يصير قابلًا للتخطيط — ولا خطةَ بلا كون (IAF-0044  [nav09_map]"
"المراجع الداخلي المستقل",1.22.16,"أولًا: الميثاق والخطة والمهام","المراجعة الداخلية (ج)","أوراق العمل والأدلة · Audit/iaf_workpapers.php","iaf_charter · iaf_engagements · iaf_findings · iaf_independence · iaf_plan · iaf_universe · iaf_workpapers  [nav09_map]","المراجع الداخلي المستقل","الإقرارُ الساري شرطُ التكليفِ بمهمة (IAF-0009) · الخطةُ المعتمدةُ تفتح بابَ فتحِ المهام — ولا مهمةَ بلا خطة (IAF-0044) · الردُّ فعلُ الإدارةِ المُلاحَظِ عليها لا فعلُ المراجع — فصلُ واجباتٍ مُنفَذ · المجالُ يصير قابلًا للتخطيط — ولا خطةَ بلا كون (IAF-0044  [nav09_map]"
"المراجع الداخلي المستقل",2.30.1,"ثانيًا: التخصص والتوجيه","التخصصات المحاسبية","سلسلة الاعتماد الرباعية · Finance/acc_approval_chain.php","fin_backflow_log.state=closed_done  [nav09_map]","محاسب الإدارة المالية","BR-06: صفرُ إشعارٍ محذوف — والإغلاقُ بسببٍ مسجَّل  [nav09_map]"
"المراجع الداخلي المستقل",2.30.2,"ثانيًا: التخصص والتوجيه","التخصصات المحاسبية","المرتجَع المالي للإدارات · Finance/acc_backflow.php","fin_backflow_log.state=closed_done  [nav09_map]","محاسب الإدارة المالية","BR-06: صفرُ إشعارٍ محذوف — والإغلاقُ بسببٍ مسجَّل  [nav09_map]"
"المراجع الداخلي المستقل",2.30.3,"ثانيًا: التخصص والتوجيه","التخصصات المحاسبية","مساحة عملي اليوم — محاسب التخصص · Finance/acc_my_day.php","fin_backflow_log.state=closed_done  [nav09_map]","محاسب الإدارة المالية","BR-06: صفرُ إشعارٍ محذوف — والإغلاقُ بسببٍ مسجَّل  [nav09_map]"
"المراجع الداخلي المستقل",2.30.4,"ثانيًا: التخصص والتوجيه","التخصصات المحاسبية","مصفوفة التوجيه لمحاسبي التخصصات · Finance/acc_routing_matrix.php","fin_backflow_log.state=closed_done  [nav09_map]","رئيس الحسابات","BR-06: صفرُ إشعارٍ محذوف — والإغلاقُ بسببٍ مسجَّل  [nav09_map]"
"المراجع الداخلي المستقل",2.30.5,"ثانيًا: التخصص والتوجيه","التخصصات المحاسبية","التخصصات المحاسبية العشرة · Finance/acc_specializations.php","fin_backflow_log.state=closed_done  [nav09_map]","رئيس الحسابات","BR-06: صفرُ إشعارٍ محذوف — والإغلاقُ بسببٍ مسجَّل  [nav09_map]"
"المراجع الداخلي المستقل",3.40.1,"ثالثًا: الإشراف والجودة والحدود","الرقابة والإشراف","الحدود الصريحة — ما لا يملكه كل دور · Finance/ctrl_authority_limits.php","— لا مصدر","رئيس الحسابات","رابعًا: سجل الالتزامات  [cycle_order]"
"المراجع الداخلي المستقل",3.40.2,"ثالثًا: الإشراف والجودة والحدود","الرقابة والإشراف","الأحكام المنتشرة على الإدارات الست عشرة · Finance/ctrl_dept_propagation.php","— لا مصدر","رئيس الحسابات","رابعًا: سجل الالتزامات  [cycle_order]"
"المراجع الداخلي المستقل",3.40.3,"ثالثًا: الإشراف والجودة والحدود","الرقابة والإشراف","سجل بنود الوثائق وتغطيتها · Finance/ctrl_doc_registry.php","— لا مصدر","رئيس الحسابات","رابعًا: سجل الالتزامات  [cycle_order]"
"المراجع الداخلي المستقل",3.40.4,"ثالثًا: الإشراف والجودة والحدود","الرقابة والإشراف","مخالفات الوثائق وحسمُها · Finance/ctrl_doc_variance.php","— لا مصدر","رئيس الحسابات","رابعًا: سجل الالتزامات  [cycle_order]"
"المراجع الداخلي المستقل",3.40.5,"ثالثًا: الإشراف والجودة والحدود","الرقابة والإشراف","مؤشرات جودة المحاسبة الاثنا عشر · Finance/ctrl_quality_kpis.php","— لا مصدر","رئيس الحسابات","رابعًا: سجل الالتزامات  [cycle_order]"
"المراجع الداخلي المستقل",3.40.6,"ثالثًا: الإشراف والجودة والحدود","الرقابة والإشراف","ترحيل الأدوار المالية القديمة · Finance/ctrl_role_migration.php","— لا مصدر","رئيس الحسابات","رابعًا: سجل الالتزامات  [cycle_order]"
"المراجع الداخلي المستقل",3.40.7,"ثالثًا: الإشراف والجودة والحدود","الرقابة والإشراف","إشراف رئيس الحسابات على محاسبي التخصصات · Finance/ctrl_supervision.php","— لا مصدر","رئيس الحسابات","رابعًا: سجل الالتزامات  [cycle_order]"
"المراجع الداخلي المستقل",4.50.1,"رابعًا: سجل الالتزامات","الالتزامات والاستحقاق","الملتزَم به وأثره في الموازنة · Finance/ob_commitments.php","— لا مصدر","إدارة المالية","خامسًا: السقوف وفصل الواجبات  [cycle_order]"
"المراجع الداخلي المستقل",4.50.2,"رابعًا: سجل الالتزامات","الالتزامات والاستحقاق","الالتزامات المحتملة والإفصاح · Finance/ob_contingent.php","— لا مصدر","إدارة المالية","خامسًا: السقوف وفصل الواجبات  [cycle_order]"
"المراجع الداخلي المستقل",4.50.3,"رابعًا: سجل الالتزامات","الالتزامات والاستحقاق","المستحق قريبًا والتذكيرات · Finance/ob_due_soon.php","— لا مصدر","إدارة المالية","خامسًا: السقوف وفصل الواجبات  [cycle_order]"
"المراجع الداخلي المستقل",4.50.4,"رابعًا: سجل الالتزامات","الالتزامات والاستحقاق","آفاق الالتزامات الثلاثة · Finance/ob_horizon.php","— لا مصدر","إدارة المالية","خامسًا: السقوف وفصل الواجبات  [cycle_order]"
"المراجع الداخلي المستقل",4.50.5,"رابعًا: سجل الالتزامات","الالتزامات والاستحقاق","الالتزامات المتأخرة والذمم الدائنة · Finance/ob_overdue.php","— لا مصدر","إدارة المالية","خامسًا: السقوف وفصل الواجبات  [cycle_order]"
"المراجع الداخلي المستقل",4.50.6,"رابعًا: سجل الالتزامات","الالتزامات والاستحقاق","سجل الالتزامات · Finance/ob_register.php","— لا مصدر","إدارة المالية","خامسًا: السقوف وفصل الواجبات  [cycle_order]"
"المراجع الداخلي المستقل",4.50.7,"رابعًا: سجل الالتزامات","الالتزامات والاستحقاق","جدول الاستحقاقات · Finance/ob_schedule.php","— لا مصدر","إدارة المالية","خامسًا: السقوف وفصل الواجبات  [cycle_order]"
"المراجع الداخلي المستقل",5.60.1,"خامسًا: السقوف وفصل الواجبات","الخزينة والسلطة","سقوف سلطة الالتزام والدفع · Finance/tre_authority_caps.php","— لا مصدر","المدير المالي","سابعًا: التقارير للجهة المشرفة  [cycle_order]"
"المراجع الداخلي المستقل",5.60.2,"خامسًا: السقوف وفصل الواجبات","الخزينة والسلطة","مراحل دورتي الدفع والقبض · Finance/tre_cycle_stages.php","— لا مصدر","أمين الخزينة","سابعًا: التقارير للجهة المشرفة  [cycle_order]"
"المراجع الداخلي المستقل",5.60.3,"خامسًا: السقوف وفصل الواجبات","الخزينة والسلطة","مصفوفة فصل الواجبات الثلاثة عشر · Finance/tre_sod_matrix.php","— لا مصدر","رئيس الحسابات","سابعًا: التقارير للجهة المشرفة  [cycle_order]"
"المراجع الداخلي المستقل",5.60.4,"خامسًا: السقوف وفصل الواجبات","الخزينة والسلطة","الأدوار الثمانية داخل وحدة الخزينة · Finance/tre_unit_roles.php","— لا مصدر","أمين الخزينة","سابعًا: التقارير للجهة المشرفة  [cycle_order]"
"المراجع الداخلي المستقل",7.80.1,"سابعًا: التقارير للجهة المشرفة","تقارير الجهة المشرفة","موافقات التكليف · Portal/ceo_assignments.php","— لا مصدر","الإدارة التنفيذية","البلاغات  [cycle_order]"
"المراجع الداخلي المستقل",7.80.2,"سابعًا: التقارير للجهة المشرفة","تقارير الجهة المشرفة","تقارير المراجعة الداخلية · Portal/ceo_audit_reports.php","— لا مصدر","الإدارة التنفيذية","البلاغات  [cycle_order]"
"المراجع الداخلي المستقل",98.90.1,البلاغات,البلاغات,"صندوقُ بلاغاتِ الإدارة · Tickets/dept_inbox.php","— لا مصدر","إدارة البلاغات","نهايةُ دورةِ الإدارة — لا مرحلةَ بعدَها  [cycle_order]"
"منفذ المدفوعات البنكية",98.1.1,البلاغات,البلاغات,"صندوقُ بلاغاتِ الإدارة · Tickets/dept_inbox.php","— لا مصدر","إدارة البلاغات","نهايةُ دورةِ الإدارة — لا مرحلةَ بعدَها  [cycle_order]"
"معد المطابقة البنكية",98.1.1,البلاغات,البلاغات,"صندوقُ بلاغاتِ الإدارة · Tickets/dept_inbox.php","— لا مصدر","إدارة البلاغات","نهايةُ دورةِ الإدارة — لا مرحلةَ بعدَها  [cycle_order]"
