المعرف,وثيقته,النمط,نصه
IAM-001,E-05,ظهور,"هوية لا صفحة موظف § IAM-001 § اختبارُ ظهور: بمعطى مستخدمٍ داخلَ النطاق وآخرَ خارجه لـ«هوية لا صفحة موظف — منصة واحدة تتشكل بالصلاحيات يدخل…» · وعند فتح الشاشة · فإن الأولَ يرى نطاقَه والثانيَ لا يُصيَّر له العنصرُ ولا يُرسَل في الاستجابة"
IAM-002,E-05,ظهور,"وما تملكه: نموذج الصفات · حارس الظهور · مقاييس الإنجاز · التقييم وشهادته · سجل نشاطها. § IAM-002 § اختبارُ ظهور: بمعطى مستخدمٍ داخلَ النطاق وآخرَ خارجه لـ«البوابة» · وعند فتح الشاشة · فإن الأولَ يرى نطاقَه والثانيَ لا يُصيَّر له العنصرُ ولا يُرسَل في الاستجابة"
IAM-003,E-05,أخرى,"وليست صفحة الدخول: بعد تسجيل الدخول تُفتح لوحة العمل بحسب الحساب. § IAM-003 § اختبارُ انتقال: بمعطى مستندٍ في حالته السابقةِ لـ«جناح أيمن ثابت يُفتح ويُطوى من أي صفحة — يرافق المست…» · وعند تنفيذ المحفّز بمخوَّلٍ وشرطٍ مستوفًى · فإن الحالةَ تنتقل ويُسجَّل الانتقالُ بفاعله ووقته · والانتقالُ غيرُ المعرَّف يُرفض"
IAM-004,E-05,ظهور,"فصل الأسئلة الثلاثة — نطاقُ الحكم § IAM-004 § اختبارُ ظهور: بمعطى مستخدمٍ داخلَ النطاق وآخرَ خارجه لـ««ماذا يخصّني أنا؟» → البوابة (USR-01) · «كيف تعمل ال…» · وعند فتح الشاشة · فإن الأولَ يرى نطاقَه والثانيَ لا يُصيَّر له العنصرُ ولا يُرسَل في الاستجابة"
IAM-005,E-05,أخرى,"نموذج الهوية بخمس طبقات — نطاقُ الحكم § IAM-005 § اختبارُ اكتمال: بمعطى شاشةٍ أو جدولٍ يخصُّ «① الشخص (سجل شخص واحد» · وعند فحص بنيته · فإن كلَّ عمودٍ معتمدٍ موجودٌ وصفرُ عمودٍ غيرِ معرَّف · والأعمدةُ الحاكمةُ السبعةُ حاضرة"
IAM-006,E-05,أخرى,"أنواع الصفة العشرة — نطاقُ الحكم § IAM-006 § اختبارُ وجودٍ وسلوك: بمعطى بيئةٍ مهيَّأةٍ لـ«موظف مؤسسي · موظف مشروع · مشغّل · فني · مشرف ورديات …» · وعند تنفيذ السيناريو الموصوف · فإن السلوكَ يطابق النصَّ ويُوثَّق الشاهدُ بلقطةٍ أو سجل"
IAM-007,E-05,ظهور,"قد يكون الشخص مشغّلًا لمورد ومشرف وردية لدينا في وقت واحد § IAM-007 § اختبارُ ظهور: بمعطى مستخدمٍ داخلَ النطاق وآخرَ خارجه لـ«قد يكون الشخص مشغّلًا لمورد ومشرف وردية لدينا في وقت…» · وعند فتح الشاشة · فإن الأولَ يرى نطاقَه والثانيَ لا يُصيَّر له العنصرُ ولا يُرسَل في الاستجابة"
IAM-008,E-05,أخرى,"صفة مصدرها عقد منتهٍ أو تفويض مسحوب تُجمَّد فورًا مع بقاء السجل التاريخي للقراءة بحسب سياسة الاحتفاظ. § IAM-008 § اختبارُ وجودٍ وسلوك: بمعطى بيئةٍ مهيَّأةٍ لـ«صفة مصدرها عقد منتهٍ أو تفويض مسحوب تُجمَّد فورًا مع…» · وعند تنفيذ السيناريو الموصوف · فإن السلوكَ يطابق النصَّ ويُوثَّق الشاهدُ بلقطةٍ أو سجل"
IAM-009,E-05,ظهور,"مشرف المورد وممثل العميل حسابات كاملة بصفتها ونطاقها § IAM-009 § اختبارُ ظهور: بمعطى مستخدمٍ داخلَ النطاق وآخرَ خارجه لـ«مشرف المورد وممثل العميل حسابات كاملة بصفتها ونطاقها…» · وعند فتح الشاشة · فإن الأولَ يرى نطاقَه والثانيَ لا يُصيَّر له العنصرُ ولا يُرسَل في الاستجابة"
IAM-010,E-05,ظهور,"كل إدارة تنشر «موجز الشخص» بعقد موحَّد ببطاقات ذات ترويسة ثابتة (العنوان · القيمة · الفترة · رابط المصدر · كود الظهور) § IAM-010 § اختبارُ ظهور: بمعطى مستخدمٍ داخلَ النطاق وآخرَ خارجه لـ«لا تستعلم البوابة من جداول الإدارات مباشرة» · وعند فتح الشاشة · فإن الأولَ يرى نطاقَه والثانيَ لا يُصيَّر له العنصرُ ولا يُرسَل في الاستجابة"
IAM-011,E-05,أخرى,"ولا تُنسخ بياناته إلى جداول البوابة إلا كاشًا مؤقتًا بمفتاح (الشخص × الصفة × القسم) يُبطَل عند أي حدث من مصدره § IAM-011 § اختبارُ منع: بمعطى محاولةٍ تخالف «الموجز قراءة لحظية عبر Views وخدمات المالكين — ولا ت…» · وعند تنفيذها · فإن الخادمَ يرفض برمزٍ وسببٍ ويُسجَّل الرفضُ بالمستخدم والوقت"
IAM-012,E-04,أخرى,"والمنع افتراضي حتى يُمنح: ① الصفة والصلاحية (الفشل: العنصر لا يُصيَّر أصلًا Hide Node لا خطأ) ② العلاقة بالشخص المعروض (نفسه · مرؤوس مباشر · نطاقه · كل الكيان — الفشل: 403 مسجَّلة في سجل الأمن) ③ مفتاح الموارد البشرية (مفتوح · مغلق · موروث من السياسة — الفشل: العنصر مخفي بقرار موثَّق). § IAM-012 § اختبارُ منع: بمعطى محاولةٍ تخالف «حارس الصلاحيات ثلاثي الأبعاد — كل عنصر (بطاقة · حقل …» · وعند تنفيذها · فإن الخادمَ يرفض برمزٍ وسببٍ ويُسجَّل الرفضُ بالمستخدم والوقت"
IAM-013,E-04,ظهور,"مصفوفة المشاهدين الستة — نطاقُ الحكم § IAM-013 § اختبارُ ظهور: بمعطى مستخدمٍ داخلَ النطاق وآخرَ خارجه لـ«① الشخص عن نفسه (كل بطاقاته الشخصية — ولا يرى تقييم …» · وعند فتح الشاشة · فإن الأولَ يرى نطاقَه والثانيَ لا يُصيَّر له العنصرُ ولا يُرسَل في الاستجابة"
IAM-015,E-04,أخرى,"ولا تُمنح افتراضيًّا لأي دور إشرافي. § IAM-015 § اختبارُ منع: بمعطى محاولةٍ تخالف «الحقول الحساسة (الراتب · التقييم · الجزاءات · المستن…» · وعند تنفيذها · فإن الخادمَ يرفض برمزٍ وسببٍ ويُسجَّل الرفضُ بالمستخدم والوقت"
IAM-016,E-05,أخرى,"الطلبات — نطاقُ الحكم § IAM-016 § اختبارُ وجودٍ وسلوك: بمعطى بيئةٍ مهيَّأةٍ لـ«ينشئ المستخدم طلباته بنفسه (إجازة · سلفة · عهدة · بد…» · وعند تنفيذ السيناريو الموصوف · فإن السلوكَ يطابق النصَّ ويُوثَّق الشاهدُ بلقطةٍ أو سجل"
IAM-018,M-14,أخرى,"آخر دخول وأجهزته · العمليات والطلبات والاعتمادات والتعديلات § IAM-018 § اختبارُ منع: بمعطى محاولةٍ تخالف «آخر دخول وأجهزته · العمليات والطلبات والاعتمادات وال…» · وعند تنفيذها · فإن الخادمَ يرفض برمزٍ وسببٍ ويُسجَّل الرفضُ بالمستخدم والوقت"
IAM-020,E-05,أخرى,"المساعد الشخصي — نطاقُ الحكم § IAM-020 § اختبارُ وجودٍ وسلوك: بمعطى بيئةٍ مهيَّأةٍ لـ«يجيب أسئلة المستخدم عن بياناته وحدها بلغة طبيعية» · وعند تنفيذ السيناريو الموصوف · فإن السلوكَ يطابق النصَّ ويُوثَّق الشاهدُ بلقطةٍ أو سجل"
IAM-021,E-05,ظهور,"ويمر كل استعلام له بحارس الصلاحيات قبل الإجابة ويُسجَّل في سجل النشاط § IAM-021 § اختبارُ ظهور: بمعطى مستخدمٍ داخلَ النطاق وآخرَ خارجه لـ«طبقة شرح فوق الأرقام» · وعند فتح الشاشة · فإن الأولَ يرى نطاقَه والثانيَ لا يُصيَّر له العنصرُ ولا يُرسَل في الاستجابة"
IAM-022,E-05,أخرى,"الخط الزمني — نطاقُ الحكم § IAM-022 § اختبارُ وجودٍ وسلوك: بمعطى بيئةٍ مهيَّأةٍ لـ«خط زمني واحد يجمع التاريخ المهني (التعيين · ملاحق ال…» · وعند تنفيذ السيناريو الموصوف · فإن السلوكَ يطابق النصَّ ويُوثَّق الشاهدُ بلقطةٍ أو سجل"
IAM-025,E-05,أخرى,"الفترة الحالية مقابل السابقة بالنسبة والفارق، ومقابل متوسط الفئة/الفريق بلا أسماء للآخرين إن لم تُمنح صلاحية رؤيتهم. § IAM-025 § اختبارُ حساب: بمعطى مدخلاتٍ معلومةٍ لـ«الفترة الحالية مقابل السابقة بالنسبة والفارق» · وعند إعادة الحساب من المصدر · فإن الناتجَ يطابق المعروضَ بلا فرق"
IAM-028,E-03,ظهور,"① بوابتي (لوحة) ② ملفي (تفاصيل بتبويبات كل بكود ظهوره) ③ طلباتي (إدخال) ④ اعتماداتي (اعتماد) ⑤ إنجازي (تقرير) ⑥ التقييم (معالج خطوات) ⑦ شهادة الإنجاز (طباعة) ⑧ خطي الزمني (قائمة زمنية). § IAM-028 § اختبارُ ظهور: بمعطى مستخدمٍ داخلَ النطاق وآخرَ خارجه لـ«① بوابتي (لوحة) ② ملفي (تفاصيل بتبويبات كل بكود ظهور…» · وعند فتح الشاشة · فإن الأولَ يرى نطاقَه والثانيَ لا يُصيَّر له العنصرُ ولا يُرسَل في الاستجابة"
SCN-001,E-03,"إتاحة شاشة","يجب أن تُتاح شاشةُ «شهادة إنجازي» لـمساحة عملي بنطاق ما يخصّه هو § SCN-001 § اختبارُ ظهور: تظهر الشاشةُ للدور المالك بنطاقها ولا تظهر لمن لا صلاحيةَ له"
SCN-002,E-03,إلزام,"يجب أن تحمل شاشةُ «شهادة إنجازي» أعمدتَها المعتمدةَ وعددُها 21 عمودًا § SCN-002 § اختبارُ اكتمال: كلُّ عمودٍ معتمدٍ موجودٌ وصفرُ عمودٍ غيرِ معرَّف"
SCN-003,E-03,إلزام,"يجب أن يُنفَّذ فعلُ «إصدارُ شهادة إنجاز» من شاشة «شهادة إنجازي» بواسطة النظام، فيُكتب في certificates ويُنشر الحدثُ CertificateIssued ويستهلكه الموارد البشرية § SCN-003 § اختبارُ أثر: تنفيذُ الفعل يُحدث الشهادةُ تُصدَر بأرقامٍ من إنجازه المعتمد — ولا تُحرَّر يدوي"
SCN-004,E-03,إلزام,"يجب أن تُعرض شاشةُ «شهادة إنجازي» لـإدارة الموقع بنطاق ما يخصّه هو § SCN-004 § اختبارُ حجب: المحجوبُ لا يُصيَّر ولا يُقبل نداؤه في الخادم"
SCN-005,E-03,إلزام,"يجب أن تُعرض شاشةُ «شهادة إنجازي» لـإدارة التشغيل بنطاق ما يخصّه هو § SCN-005 § اختبارُ حجب: المحجوبُ لا يُصيَّر ولا يُقبل نداؤه في الخادم"
SCN-006,E-03,إلزام,"يجب أن تُعرض شاشةُ «شهادة إنجازي» لـإدارة الصيانة بنطاق ما يخصّه هو § SCN-006 § اختبارُ حجب: المحجوبُ لا يُصيَّر ولا يُقبل نداؤه في الخادم"
SCN-007,E-03,إلزام,"يجب أن تُعرض شاشةُ «شهادة إنجازي» لـالنقل والترحيل بنطاق ما يخصّه هو § SCN-007 § اختبارُ حجب: المحجوبُ لا يُصيَّر ولا يُقبل نداؤه في الخادم"
SCN-008,E-03,إلزام,"يجب أن تُعرض شاشةُ «شهادة إنجازي» لـالمشتريات بنطاق ما يخصّه هو § SCN-008 § اختبارُ حجب: المحجوبُ لا يُصيَّر ولا يُقبل نداؤه في الخادم"
SCN-009,E-03,إلزام,"يجب أن تُعرض شاشةُ «شهادة إنجازي» لـالمخازن بنطاق ما يخصّه هو § SCN-009 § اختبارُ حجب: المحجوبُ لا يُصيَّر ولا يُقبل نداؤه في الخادم"
SCN-010,E-03,إلزام,"يجب أن تُعرض شاشةُ «شهادة إنجازي» لـالمبيعات والعقود بنطاق ما يخصّه هو § SCN-010 § اختبارُ حجب: المحجوبُ لا يُصيَّر ولا يُقبل نداؤه في الخادم"
SCN-011,E-03,إلزام,"يجب أن تُعرض شاشةُ «شهادة إنجازي» لـإدارة الموردين بنطاق ما يخصّه هو § SCN-011 § اختبارُ حجب: المحجوبُ لا يُصيَّر ولا يُقبل نداؤه في الخادم"
SCN-012,E-03,إلزام,"يجب أن تُعرض شاشةُ «شهادة إنجازي» لـالقوى التشغيلية بنطاق ما يخصّه هو § SCN-012 § اختبارُ حجب: المحجوبُ لا يُصيَّر ولا يُقبل نداؤه في الخادم"
SCN-013,E-03,إلزام,"يجب أن تُعرض شاشةُ «شهادة إنجازي» لـإدارة الأسطول بنطاق ما يخصّه هو § SCN-013 § اختبارُ حجب: المحجوبُ لا يُصيَّر ولا يُقبل نداؤه في الخادم"
SCN-014,E-03,إلزام,"يجب أن تُعرض شاشةُ «شهادة إنجازي» لـالموارد البشرية بنطاق ما يخصّه هو § SCN-014 § اختبارُ حجب: المحجوبُ لا يُصيَّر ولا يُقبل نداؤه في الخادم"
SCN-015,E-03,إلزام,"يجب أن تُعرض شاشةُ «شهادة إنجازي» لـالمالية والخزينة بنطاق ما يخصّه هو § SCN-015 § اختبارُ حجب: المحجوبُ لا يُصيَّر ولا يُقبل نداؤه في الخادم"
SCN-016,E-03,إلزام,"يجب أن تُعرض شاشةُ «شهادة إنجازي» لـالتمويل والملكية بنطاق ما يخصّه هو § SCN-016 § اختبارُ حجب: المحجوبُ لا يُصيَّر ولا يُقبل نداؤه في الخادم"
SCN-017,E-03,إلزام,"يجب أن تُعرض شاشةُ «شهادة إنجازي» لـمركز البلاغات بنطاق ما يخصّه هو § SCN-017 § اختبارُ حجب: المحجوبُ لا يُصيَّر ولا يُقبل نداؤه في الخادم"
SCN-018,E-03,إلزام,"يجب أن تُعرض شاشةُ «شهادة إنجازي» لـالحوكمة والالتزام بنطاق ما يخصّه هو § SCN-018 § اختبارُ حجب: المحجوبُ لا يُصيَّر ولا يُقبل نداؤه في الخادم"
SCN-019,E-03,"إتاحة شاشة","يجب أن تُتاح شاشةُ «تقييمي» لـمساحة عملي بنطاق ما يخصّه هو § SCN-019 § اختبارُ ظهور: تظهر الشاشةُ للدور المالك بنطاقها ولا تظهر لمن لا صلاحيةَ له"
SCN-020,E-03,إلزام,"يجب أن تحمل شاشةُ «تقييمي» أعمدتَها المعتمدةَ وعددُها 14 عمودًا، وأولُها رقم التقييم · الفترة · المقيَّم · المقيِّم · العلاقة · محاور التقييم. § — ذريّ § اختبارُ اكتمال: كلُّ عمودٍ معتمدٍ موجودٌ وصفرُ عمودٍ غيرِ معرَّف"
SCN-021,E-03,إلزام,"يجب أن يُنفَّذ فعلُ «تقديمُ تقييم» من شاشة «تقييمي» بواسطة الموظف، فيُكتب في evaluations ويُنشر الحدثُ EvaluationSubmitted ويستهلكه الموارد البشرية · المدير § SCN-021 § اختبارُ أثر: تنفيذُ الفعل يُحدث التقييمُ الثنائيُّ يُقفل بعد الطرفين · ويدخل ملفَّ الأداء"
SCN-022,E-03,إلزام,"يجب أن يقبل فعلُ «تقديمُ تقييم» عكسًا: إعادةُ فتحٍ بقرار. § — ذريّ § اختبارُ عكس: العكسُ يُنشئ حركةً مقابلةً بمرجع الأصل"
SCN-023,E-03,إلزام,"يجب أن تُعرض شاشةُ «تقييمي» لـإدارة الموقع بنطاق ما يخصّه هو § SCN-023 § اختبارُ حجب: المحجوبُ لا يُصيَّر ولا يُقبل نداؤه في الخادم"
SCN-024,E-03,إلزام,"يجب أن تُعرض شاشةُ «تقييمي» لـإدارة التشغيل بنطاق ما يخصّه هو § SCN-024 § اختبارُ حجب: المحجوبُ لا يُصيَّر ولا يُقبل نداؤه في الخادم"
SCN-025,E-03,إلزام,"يجب أن تُعرض شاشةُ «تقييمي» لـإدارة الصيانة بنطاق ما يخصّه هو § SCN-025 § اختبارُ حجب: المحجوبُ لا يُصيَّر ولا يُقبل نداؤه في الخادم"
SCN-026,E-03,إلزام,"يجب أن تُعرض شاشةُ «تقييمي» لـالنقل والترحيل بنطاق ما يخصّه هو § SCN-026 § اختبارُ حجب: المحجوبُ لا يُصيَّر ولا يُقبل نداؤه في الخادم"
SCN-027,E-03,إلزام,"يجب أن تُعرض شاشةُ «تقييمي» لـالمشتريات بنطاق ما يخصّه هو § SCN-027 § اختبارُ حجب: المحجوبُ لا يُصيَّر ولا يُقبل نداؤه في الخادم"
SCN-028,E-03,إلزام,"يجب أن تُعرض شاشةُ «تقييمي» لـالمخازن بنطاق ما يخصّه هو § SCN-028 § اختبارُ حجب: المحجوبُ لا يُصيَّر ولا يُقبل نداؤه في الخادم"
SCN-029,E-03,إلزام,"يجب أن تُعرض شاشةُ «تقييمي» لـالمبيعات والعقود بنطاق ما يخصّه هو § SCN-029 § اختبارُ حجب: المحجوبُ لا يُصيَّر ولا يُقبل نداؤه في الخادم"
SCN-030,E-03,إلزام,"يجب أن تُعرض شاشةُ «تقييمي» لـإدارة الموردين بنطاق ما يخصّه هو § SCN-030 § اختبارُ حجب: المحجوبُ لا يُصيَّر ولا يُقبل نداؤه في الخادم"
SCN-031,E-03,إلزام,"يجب أن تُعرض شاشةُ «تقييمي» لـالقوى التشغيلية بنطاق ما يخصّه هو § SCN-031 § اختبارُ حجب: المحجوبُ لا يُصيَّر ولا يُقبل نداؤه في الخادم"
SCN-032,E-03,إلزام,"يجب أن تُعرض شاشةُ «تقييمي» لـإدارة الأسطول بنطاق ما يخصّه هو § SCN-032 § اختبارُ حجب: المحجوبُ لا يُصيَّر ولا يُقبل نداؤه في الخادم"
SCN-033,E-03,إلزام,"يجب أن تُعرض شاشةُ «تقييمي» لـالموارد البشرية بنطاق ما يخصّه هو § SCN-033 § اختبارُ حجب: المحجوبُ لا يُصيَّر ولا يُقبل نداؤه في الخادم"
SCN-034,E-03,إلزام,"يجب أن تُعرض شاشةُ «تقييمي» لـالمالية والخزينة بنطاق ما يخصّه هو § SCN-034 § اختبارُ حجب: المحجوبُ لا يُصيَّر ولا يُقبل نداؤه في الخادم"
SCN-035,E-03,إلزام,"يجب أن تُعرض شاشةُ «تقييمي» لـالتمويل والملكية بنطاق ما يخصّه هو § SCN-035 § اختبارُ حجب: المحجوبُ لا يُصيَّر ولا يُقبل نداؤه في الخادم"
SCN-036,E-03,إلزام,"يجب أن تُعرض شاشةُ «تقييمي» لـمركز البلاغات بنطاق ما يخصّه هو § SCN-036 § اختبارُ حجب: المحجوبُ لا يُصيَّر ولا يُقبل نداؤه في الخادم"
SCN-037,E-03,إلزام,"يجب أن تُعرض شاشةُ «تقييمي» لـالحوكمة والالتزام بنطاق ما يخصّه هو § SCN-037 § اختبارُ حجب: المحجوبُ لا يُصيَّر ولا يُقبل نداؤه في الخادم"
SCN-038,E-03,"إتاحة شاشة","يجب أن تُتاح شاشةُ «ملفي الشخصي» لـمساحة عملي بنطاق ما يخصّه هو § SCN-038 § اختبارُ ظهور: تظهر الشاشةُ للدور المالك بنطاقها ولا تظهر لمن لا صلاحيةَ له"
SCN-039,E-03,إلزام,"يجب أن تحمل شاشةُ «ملفي الشخصي» أعمدتَها المعتمدةَ وعددُها 15 عمودًا، وأولُها كود الموظف · الاسم · رقم الهوية · تاريخ الميلاد · الهاتف · البريد. § — ذريّ § اختبارُ اكتمال: كلُّ عمودٍ معتمدٍ موجودٌ وصفرُ عمودٍ غيرِ معرَّف"
SCN-040,E-03,إلزام,"يجب أن يُنفَّذ فعلُ «تحديثُ بياناتي» من شاشة «ملفي الشخصي» بواسطة الموظف، فيُكتب في persons · change_requests ويُنشر الحدثُ ProfileUpdateRequested ويستهلكه الموارد البشرية § SCN-040 § اختبارُ أثر: تنفيذُ الفعل يُحدث الحقولُ الحساسةُ تحتاج اعتمادَ الموارد · والباقي يُحدَّث مبا"
SCN-041,E-03,إلزام,"يجب أن يقبل فعلُ «تحديثُ بياناتي» عكسًا: رفضٌ بسبب. § — ذريّ § اختبارُ عكس: العكسُ يُنشئ حركةً مقابلةً بمرجع الأصل"
SCN-042,E-03,إلزام,"يجب أن تُعرض شاشةُ «ملفي الشخصي» لـإدارة الموقع بنطاق ما يخصّه هو § SCN-042 § اختبارُ حجب: المحجوبُ لا يُصيَّر ولا يُقبل نداؤه في الخادم"
SCN-043,E-03,إلزام,"يجب أن تُعرض شاشةُ «ملفي الشخصي» لـإدارة التشغيل بنطاق ما يخصّه هو § SCN-043 § اختبارُ حجب: المحجوبُ لا يُصيَّر ولا يُقبل نداؤه في الخادم"
SCN-044,E-03,إلزام,"يجب أن تُعرض شاشةُ «ملفي الشخصي» لـإدارة الصيانة بنطاق ما يخصّه هو § SCN-044 § اختبارُ حجب: المحجوبُ لا يُصيَّر ولا يُقبل نداؤه في الخادم"
SCN-045,E-03,إلزام,"يجب أن تُعرض شاشةُ «ملفي الشخصي» لـالنقل والترحيل بنطاق ما يخصّه هو § SCN-045 § اختبارُ حجب: المحجوبُ لا يُصيَّر ولا يُقبل نداؤه في الخادم"
SCN-046,E-03,إلزام,"يجب أن تُعرض شاشةُ «ملفي الشخصي» لـالمشتريات بنطاق ما يخصّه هو § SCN-046 § اختبارُ حجب: المحجوبُ لا يُصيَّر ولا يُقبل نداؤه في الخادم"
SCN-047,E-03,إلزام,"يجب أن تُعرض شاشةُ «ملفي الشخصي» لـالمخازن بنطاق ما يخصّه هو § SCN-047 § اختبارُ حجب: المحجوبُ لا يُصيَّر ولا يُقبل نداؤه في الخادم"
SCN-048,E-03,إلزام,"يجب أن تُعرض شاشةُ «ملفي الشخصي» لـالمبيعات والعقود بنطاق ما يخصّه هو § SCN-048 § اختبارُ حجب: المحجوبُ لا يُصيَّر ولا يُقبل نداؤه في الخادم"
SCN-049,E-03,إلزام,"يجب أن تُعرض شاشةُ «ملفي الشخصي» لـإدارة الموردين بنطاق ما يخصّه هو § SCN-049 § اختبارُ حجب: المحجوبُ لا يُصيَّر ولا يُقبل نداؤه في الخادم"
SCN-050,E-03,إلزام,"يجب أن تُعرض شاشةُ «ملفي الشخصي» لـالقوى التشغيلية بنطاق ما يخصّه هو § SCN-050 § اختبارُ حجب: المحجوبُ لا يُصيَّر ولا يُقبل نداؤه في الخادم"
SCN-051,E-03,إلزام,"يجب أن تُعرض شاشةُ «ملفي الشخصي» لـإدارة الأسطول بنطاق ما يخصّه هو § SCN-051 § اختبارُ حجب: المحجوبُ لا يُصيَّر ولا يُقبل نداؤه في الخادم"
SCN-052,E-03,إلزام,"يجب أن تُعرض شاشةُ «ملفي الشخصي» لـالموارد البشرية بنطاق ما يخصّه هو § SCN-052 § اختبارُ حجب: المحجوبُ لا يُصيَّر ولا يُقبل نداؤه في الخادم"
SCN-053,E-03,إلزام,"يجب أن تُعرض شاشةُ «ملفي الشخصي» لـالمالية والخزينة بنطاق ما يخصّه هو § SCN-053 § اختبارُ حجب: المحجوبُ لا يُصيَّر ولا يُقبل نداؤه في الخادم"
SCN-054,E-03,إلزام,"يجب أن تُعرض شاشةُ «ملفي الشخصي» لـالتمويل والملكية بنطاق ما يخصّه هو § SCN-054 § اختبارُ حجب: المحجوبُ لا يُصيَّر ولا يُقبل نداؤه في الخادم"
SCN-055,E-03,إلزام,"يجب أن تُعرض شاشةُ «ملفي الشخصي» لـمركز البلاغات بنطاق ما يخصّه هو § SCN-055 § اختبارُ حجب: المحجوبُ لا يُصيَّر ولا يُقبل نداؤه في الخادم"
SCN-056,E-03,إلزام,"يجب أن تُعرض شاشةُ «ملفي الشخصي» لـالحوكمة والالتزام بنطاق ما يخصّه هو § SCN-056 § اختبارُ حجب: المحجوبُ لا يُصيَّر ولا يُقبل نداؤه في الخادم"
SCN-057,E-03,"إتاحة شاشة","يجب أن تُتاح شاشةُ «صفاتي والتبديل بينها» لـمساحة عملي بنطاق ما يخصّه هو § SCN-057 § اختبارُ ظهور: تظهر الشاشةُ للدور المالك بنطاقها ولا تظهر لمن لا صلاحيةَ له"
SCN-058,E-03,إلزام,"يجب أن تحمل شاشةُ «صفاتي والتبديل بينها» أعمدتَها المعتمدةَ وعددُها 20 عمودًا، وأولُها كود الحساب · الشخص · الصفة · الكيان · الإدارة · الدور. § — ذريّ § اختبارُ اكتمال: كلُّ عمودٍ معتمدٍ موجودٌ وصفرُ عمودٍ غيرِ معرَّف"
SCN-059,E-03,أخرى,"ولا تتسرب صلاحيةُ صفةٍ إلى أخرى · والتبديلُ يُسجَّل. § SCN-059 § اختبارُ أثر: تنفيذُ الفعل يُحدث المساحةُ تتغير كليًّا — ولا تتسرب صلاحيةُ صفةٍ إلى أخرى · وا"
SCN-060,E-03,إلزام,"يجب أن يقبل فعلُ «التبديلُ بين صفاتي» عكسًا: رجوعٌ للصفة السابقة. § — ذريّ § اختبارُ عكس: العكسُ يُنشئ حركةً مقابلةً بمرجع الأصل"
SCN-061,E-03,إلزام,"يجب أن تُعرض شاشةُ «صفاتي والتبديل بينها» لـإدارة الموقع بنطاق ما يخصّه هو § SCN-061 § اختبارُ حجب: المحجوبُ لا يُصيَّر ولا يُقبل نداؤه في الخادم"
SCN-062,E-03,إلزام,"يجب أن تُعرض شاشةُ «صفاتي والتبديل بينها» لـإدارة التشغيل بنطاق ما يخصّه هو § SCN-062 § اختبارُ حجب: المحجوبُ لا يُصيَّر ولا يُقبل نداؤه في الخادم"
SCN-063,E-03,إلزام,"يجب أن تُعرض شاشةُ «صفاتي والتبديل بينها» لـإدارة الصيانة بنطاق ما يخصّه هو § SCN-063 § اختبارُ حجب: المحجوبُ لا يُصيَّر ولا يُقبل نداؤه في الخادم"
SCN-064,E-03,إلزام,"يجب أن تُعرض شاشةُ «صفاتي والتبديل بينها» لـالنقل والترحيل بنطاق ما يخصّه هو § SCN-064 § اختبارُ حجب: المحجوبُ لا يُصيَّر ولا يُقبل نداؤه في الخادم"
SCN-065,E-03,إلزام,"يجب أن تُعرض شاشةُ «صفاتي والتبديل بينها» لـالمشتريات بنطاق ما يخصّه هو § SCN-065 § اختبارُ حجب: المحجوبُ لا يُصيَّر ولا يُقبل نداؤه في الخادم"
SCN-066,E-03,إلزام,"يجب أن تُعرض شاشةُ «صفاتي والتبديل بينها» لـالمخازن بنطاق ما يخصّه هو § SCN-066 § اختبارُ حجب: المحجوبُ لا يُصيَّر ولا يُقبل نداؤه في الخادم"
SCN-067,E-03,إلزام,"يجب أن تُعرض شاشةُ «صفاتي والتبديل بينها» لـالمبيعات والعقود بنطاق ما يخصّه هو § SCN-067 § اختبارُ حجب: المحجوبُ لا يُصيَّر ولا يُقبل نداؤه في الخادم"
SCN-068,E-03,إلزام,"يجب أن تُعرض شاشةُ «صفاتي والتبديل بينها» لـإدارة الموردين بنطاق ما يخصّه هو § SCN-068 § اختبارُ حجب: المحجوبُ لا يُصيَّر ولا يُقبل نداؤه في الخادم"
SCN-069,E-03,إلزام,"يجب أن تُعرض شاشةُ «صفاتي والتبديل بينها» لـالقوى التشغيلية بنطاق ما يخصّه هو § SCN-069 § اختبارُ حجب: المحجوبُ لا يُصيَّر ولا يُقبل نداؤه في الخادم"
SCN-070,E-03,إلزام,"يجب أن تُعرض شاشةُ «صفاتي والتبديل بينها» لـإدارة الأسطول بنطاق ما يخصّه هو § SCN-070 § اختبارُ حجب: المحجوبُ لا يُصيَّر ولا يُقبل نداؤه في الخادم"
SCN-071,E-03,إلزام,"يجب أن تُعرض شاشةُ «صفاتي والتبديل بينها» لـالموارد البشرية بنطاق ما يخصّه هو § SCN-071 § اختبارُ حجب: المحجوبُ لا يُصيَّر ولا يُقبل نداؤه في الخادم"
SCN-072,E-03,إلزام,"يجب أن تُعرض شاشةُ «صفاتي والتبديل بينها» لـالمالية والخزينة بنطاق ما يخصّه هو § SCN-072 § اختبارُ حجب: المحجوبُ لا يُصيَّر ولا يُقبل نداؤه في الخادم"
SCN-073,E-03,إلزام,"يجب أن تُعرض شاشةُ «صفاتي والتبديل بينها» لـالتمويل والملكية بنطاق ما يخصّه هو § SCN-073 § اختبارُ حجب: المحجوبُ لا يُصيَّر ولا يُقبل نداؤه في الخادم"
SCN-074,E-03,إلزام,"يجب أن تُعرض شاشةُ «صفاتي والتبديل بينها» لـمركز البلاغات بنطاق ما يخصّه هو § SCN-074 § اختبارُ حجب: المحجوبُ لا يُصيَّر ولا يُقبل نداؤه في الخادم"
SCN-075,E-03,إلزام,"يجب أن تُعرض شاشةُ «صفاتي والتبديل بينها» لـالحوكمة والالتزام بنطاق ما يخصّه هو § SCN-075 § اختبارُ حجب: المحجوبُ لا يُصيَّر ولا يُقبل نداؤه في الخادم"
SCN-076,E-03,"إتاحة شاشة","يجب أن تُتاح شاشةُ «تغيير كلمة المرور» لـمساحة عملي بنطاق ما يخصّه هو § SCN-076 § اختبارُ ظهور: تظهر الشاشةُ للدور المالك بنطاقها ولا تظهر لمن لا صلاحيةَ له"
SCN-077,E-03,إلزام,"يجب أن تحمل شاشةُ «تغيير كلمة المرور» أعمدتَها المعتمدةَ وعددُها 19 عمودًا § SCN-077 § اختبارُ اكتمال: كلُّ عمودٍ معتمدٍ موجودٌ وصفرُ عمودٍ غيرِ معرَّف"
SCN-078,E-03,إلزام,"يجب أن يُنفَّذ فعلُ «تغييرُ كلمة المرور» من شاشة «تغيير كلمة المرور» بواسطة الموظف، فيُكتب في users · security_log ويُنشر الحدثُ PasswordChanged ويستهلكه الحوكمة § SCN-078 § اختبارُ أثر: تنفيذُ الفعل يُحدث الجلساتُ الأخرى تُنهى · والتغييرُ يُسجَّل في سجل الأمن"
SCN-079,E-03,إلزام,"يجب أن تُعرض شاشةُ «تغيير كلمة المرور» لـإدارة الموقع بنطاق ما يخصّه هو § SCN-079 § اختبارُ حجب: المحجوبُ لا يُصيَّر ولا يُقبل نداؤه في الخادم"
SCN-080,E-03,إلزام,"يجب أن تُعرض شاشةُ «تغيير كلمة المرور» لـإدارة التشغيل بنطاق ما يخصّه هو § SCN-080 § اختبارُ حجب: المحجوبُ لا يُصيَّر ولا يُقبل نداؤه في الخادم"
SCN-081,E-03,إلزام,"يجب أن تُعرض شاشةُ «تغيير كلمة المرور» لـإدارة الصيانة بنطاق ما يخصّه هو § SCN-081 § اختبارُ حجب: المحجوبُ لا يُصيَّر ولا يُقبل نداؤه في الخادم"
SCN-082,E-03,إلزام,"يجب أن تُعرض شاشةُ «تغيير كلمة المرور» لـالنقل والترحيل بنطاق ما يخصّه هو § SCN-082 § اختبارُ حجب: المحجوبُ لا يُصيَّر ولا يُقبل نداؤه في الخادم"
SCN-083,E-03,إلزام,"يجب أن تُعرض شاشةُ «تغيير كلمة المرور» لـالمشتريات بنطاق ما يخصّه هو § SCN-083 § اختبارُ حجب: المحجوبُ لا يُصيَّر ولا يُقبل نداؤه في الخادم"
SCN-084,E-03,إلزام,"يجب أن تُعرض شاشةُ «تغيير كلمة المرور» لـالمخازن بنطاق ما يخصّه هو § SCN-084 § اختبارُ حجب: المحجوبُ لا يُصيَّر ولا يُقبل نداؤه في الخادم"
SCN-085,E-03,إلزام,"يجب أن تُعرض شاشةُ «تغيير كلمة المرور» لـالمبيعات والعقود بنطاق ما يخصّه هو § SCN-085 § اختبارُ حجب: المحجوبُ لا يُصيَّر ولا يُقبل نداؤه في الخادم"
SCN-086,E-03,إلزام,"يجب أن تُعرض شاشةُ «تغيير كلمة المرور» لـإدارة الموردين بنطاق ما يخصّه هو § SCN-086 § اختبارُ حجب: المحجوبُ لا يُصيَّر ولا يُقبل نداؤه في الخادم"
SCN-087,E-03,إلزام,"يجب أن تُعرض شاشةُ «تغيير كلمة المرور» لـالقوى التشغيلية بنطاق ما يخصّه هو § SCN-087 § اختبارُ حجب: المحجوبُ لا يُصيَّر ولا يُقبل نداؤه في الخادم"
SCN-088,E-03,إلزام,"يجب أن تُعرض شاشةُ «تغيير كلمة المرور» لـإدارة الأسطول بنطاق ما يخصّه هو § SCN-088 § اختبارُ حجب: المحجوبُ لا يُصيَّر ولا يُقبل نداؤه في الخادم"
SCN-089,E-03,إلزام,"يجب أن تُعرض شاشةُ «تغيير كلمة المرور» لـالموارد البشرية بنطاق ما يخصّه هو § SCN-089 § اختبارُ حجب: المحجوبُ لا يُصيَّر ولا يُقبل نداؤه في الخادم"
SCN-090,E-03,إلزام,"يجب أن تُعرض شاشةُ «تغيير كلمة المرور» لـالمالية والخزينة بنطاق ما يخصّه هو § SCN-090 § اختبارُ حجب: المحجوبُ لا يُصيَّر ولا يُقبل نداؤه في الخادم"
SCN-091,E-03,إلزام,"يجب أن تُعرض شاشةُ «تغيير كلمة المرور» لـالتمويل والملكية بنطاق ما يخصّه هو § SCN-091 § اختبارُ حجب: المحجوبُ لا يُصيَّر ولا يُقبل نداؤه في الخادم"
SCN-092,E-03,إلزام,"يجب أن تُعرض شاشةُ «تغيير كلمة المرور» لـمركز البلاغات بنطاق ما يخصّه هو § SCN-092 § اختبارُ حجب: المحجوبُ لا يُصيَّر ولا يُقبل نداؤه في الخادم"
SCN-093,E-03,إلزام,"يجب أن تُعرض شاشةُ «تغيير كلمة المرور» لـالحوكمة والالتزام بنطاق ما يخصّه هو § SCN-093 § اختبارُ حجب: المحجوبُ لا يُصيَّر ولا يُقبل نداؤه في الخادم"
SCN-1073,M-14,"إتاحة شاشة","يجب أن تُتاح شاشةُ «سجل الأسماء المعتمدة» لـالحوكمة والالتزام بنطاق كل الكيانات § SCN-1073 § اختبارُ ظهور: تظهر الشاشةُ للدور المالك بنطاقها ولا تظهر لمن لا صلاحيةَ له"
SCN-1074,M-14,أخرى,"وأولُها الكيان · رقم السجل · نوع الكيان · الاسم المعتمد · الاسم القانوني الكامل · المرادفات المسجَّلة. § SCN-1074 § اختبارُ اكتمال: كلُّ عمودٍ معتمدٍ موجودٌ وصفرُ عمودٍ غيرِ معرَّف"
SCN-1075,M-14,أخرى,"وأثرُه: السجلاتُ المرتبطةُ بالمرادف تُحوَّل للمعتمد · والمرادفُ يبقى للبحث ولا يُنشئ كيانًا · والتكرارُ يُمنع مستقبلًا. § SCN-1075 § اختبارُ أثر: تنفيذُ الفعل يُحدث السجلاتُ المرتبطةُ بالمرادف تُحوَّل للمعتمد · والمرادفُ يبقى"
SCN-1076,M-14,إلزام,"يجب أن يقبل فعلُ «دمجُ مرادفٍ في الاسم المعتمد» عكسًا — نطاقُ الحكم § SCN-1076 § اختبارُ عكس: العكسُ يُنشئ حركةً مقابلةً بمرجع الأصل"
SCN-1077,M-14,إلزام,"يجب أن تُعرض شاشةُ «سجل الأسماء المعتمدة» لـالمبيعات والعقود بنطاق عملائه § SCN-1077 § اختبارُ حجب: المحجوبُ لا يُصيَّر ولا يُقبل نداؤه في الخادم"
SCN-1078,M-14,إلزام,"يجب أن تُعرض شاشةُ «سجل الأسماء المعتمدة» لـإدارة الموردين بنطاق مورديه § SCN-1078 § اختبارُ حجب: المحجوبُ لا يُصيَّر ولا يُقبل نداؤه في الخادم"
SCN-1079,M-14,إلزام,"يجب أن تُعرض شاشةُ «سجل الأسماء المعتمدة» لـالمالية والخزينة بنطاق الكل § SCN-1079 § اختبارُ حجب: المحجوبُ لا يُصيَّر ولا يُقبل نداؤه في الخادم"
SCN-1080,M-14,إلزام,"يجب أن تُعرض شاشةُ «سجل الأسماء المعتمدة» لـالموارد البشرية بنطاق الموظفون § SCN-1080 § اختبارُ حجب: المحجوبُ لا يُصيَّر ولا يُقبل نداؤه في الخادم"
SCN-113,M-14,"إتاحة شاشة","يجب أن تُتاح شاشةُ «صندوق ما ينتظر اعتمادي» لـالحوكمة والالتزام بنطاق نطاقُه وسقفُه § SCN-113 § اختبارُ ظهور: تظهر الشاشةُ للدور المالك بنطاقها ولا تظهر لمن لا صلاحيةَ له"
SCN-114,M-14,إلزام,"يجب أن تحمل شاشةُ «صندوق ما ينتظر اعتمادي» أعمدتَها المعتمدةَ وعددُها 26 عمودًا § SCN-114 § اختبارُ اكتمال: كلُّ عمودٍ معتمدٍ موجودٌ وصفرُ عمودٍ غيرِ معرَّف"
SCN-115,M-14,إلزام,"يجب أن يُنفَّذ فعلُ «اعتمادٌ في سقفي» من شاشة «صندوق ما ينتظر اعتمادي» بواسطة المعتمِد، فيُكتب في approvals · audit ويُنشر الحدثُ ApprovalGranted ويستهلكه الحلقةُ التالية § SCN-115 § اختبارُ أثر: تنفيذُ الفعل يُحدث المستندُ ينتقل · والتوقيعُ يُسجَّل بمرجع التفويض"
SCN-116,M-14,إلزام,"يجب أن يقبل فعلُ «اعتمادٌ في سقفي» عكسًا: سحبٌ بقرارٍ موثَّق. § — ذريّ § اختبارُ عكس: العكسُ يُنشئ حركةً مقابلةً بمرجع الأصل"
SCN-117,M-14,إلزام,"يجب أن يُنفَّذ فعلُ «رفضٌ بسببٍ محكوم» من شاشة «صندوق ما ينتظر اعتمادي» بواسطة المعتمِد، فيُكتب في approvals · reasons ويُنشر الحدثُ ApprovalRejected ويستهلكه المُنشئ · المسار § SCN-117 § اختبارُ أثر: تنفيذُ الفعل يُحدث المستندُ يعود لمُنشئه بسببٍ من قائمةٍ محكومة — ويُقاس السببُ"
SCN-118,M-14,إلزام,"يجب أن يقبل فعلُ «رفضٌ بسببٍ محكوم» عكسًا: إعادةُ رفعٍ بعد التصحيح. § — ذريّ § اختبارُ عكس: العكسُ يُنشئ حركةً مقابلةً بمرجع الأصل"
SCN-119,M-14,إلزام,"يجب أن يُنفَّذ فعلُ «إعادةٌ للتصحيح» من شاشة «صندوق ما ينتظر اعتمادي» بواسطة المعتمِد، فيُكتب في approvals ويُنشر الحدثُ ApprovalReturned ويستهلكه المُنشئ § SCN-119 § اختبارُ أثر: تنفيذُ الفعل يُحدث المستندُ يعود قابلًا للتعديل · والمهلةُ تتوقف حتى إعادة الرف"
SCN-120,M-14,إلزام,"يجب أن تُعرض شاشةُ «صندوق ما ينتظر اعتمادي» لـإدارة الموقع بنطاق نطاقُه وسقفُه § SCN-120 § اختبارُ حجب: المحجوبُ لا يُصيَّر ولا يُقبل نداؤه في الخادم"
SCN-121,M-14,إلزام,"يجب أن تُعرض شاشةُ «صندوق ما ينتظر اعتمادي» لـإدارة التشغيل بنطاق نطاقُه وسقفُه § SCN-121 § اختبارُ حجب: المحجوبُ لا يُصيَّر ولا يُقبل نداؤه في الخادم"
SCN-122,M-14,إلزام,"يجب أن تُعرض شاشةُ «صندوق ما ينتظر اعتمادي» لـإدارة الصيانة بنطاق نطاقُه وسقفُه § SCN-122 § اختبارُ حجب: المحجوبُ لا يُصيَّر ولا يُقبل نداؤه في الخادم"
SCN-123,M-14,إلزام,"يجب أن تُعرض شاشةُ «صندوق ما ينتظر اعتمادي» لـالنقل والترحيل بنطاق نطاقُه وسقفُه § SCN-123 § اختبارُ حجب: المحجوبُ لا يُصيَّر ولا يُقبل نداؤه في الخادم"
SCN-124,M-14,إلزام,"يجب أن تُعرض شاشةُ «صندوق ما ينتظر اعتمادي» لـالمشتريات بنطاق نطاقُه وسقفُه § SCN-124 § اختبارُ حجب: المحجوبُ لا يُصيَّر ولا يُقبل نداؤه في الخادم"
SCN-125,M-14,إلزام,"يجب أن تُعرض شاشةُ «صندوق ما ينتظر اعتمادي» لـالمخازن بنطاق نطاقُه وسقفُه § SCN-125 § اختبارُ حجب: المحجوبُ لا يُصيَّر ولا يُقبل نداؤه في الخادم"
SCN-126,M-14,إلزام,"يجب أن تُعرض شاشةُ «صندوق ما ينتظر اعتمادي» لـالمبيعات والعقود بنطاق نطاقُه وسقفُه § SCN-126 § اختبارُ حجب: المحجوبُ لا يُصيَّر ولا يُقبل نداؤه في الخادم"
SCN-127,M-14,إلزام,"يجب أن تُعرض شاشةُ «صندوق ما ينتظر اعتمادي» لـإدارة الموردين بنطاق نطاقُه وسقفُه § SCN-127 § اختبارُ حجب: المحجوبُ لا يُصيَّر ولا يُقبل نداؤه في الخادم"
SCN-128,M-14,إلزام,"يجب أن تُعرض شاشةُ «صندوق ما ينتظر اعتمادي» لـالقوى التشغيلية بنطاق نطاقُه وسقفُه § SCN-128 § اختبارُ حجب: المحجوبُ لا يُصيَّر ولا يُقبل نداؤه في الخادم"
SCN-129,M-14,إلزام,"يجب أن تُعرض شاشةُ «صندوق ما ينتظر اعتمادي» لـإدارة الأسطول بنطاق نطاقُه وسقفُه § SCN-129 § اختبارُ حجب: المحجوبُ لا يُصيَّر ولا يُقبل نداؤه في الخادم"
SCN-130,M-14,إلزام,"يجب أن تُعرض شاشةُ «صندوق ما ينتظر اعتمادي» لـالموارد البشرية بنطاق نطاقُه وسقفُه § SCN-130 § اختبارُ حجب: المحجوبُ لا يُصيَّر ولا يُقبل نداؤه في الخادم"
SCN-131,M-14,إلزام,"يجب أن تُعرض شاشةُ «صندوق ما ينتظر اعتمادي» لـالمالية والخزينة بنطاق نطاقُه وسقفُه § SCN-131 § اختبارُ حجب: المحجوبُ لا يُصيَّر ولا يُقبل نداؤه في الخادم"
SCN-132,M-14,إلزام,"يجب أن تُعرض شاشةُ «صندوق ما ينتظر اعتمادي» لـالتمويل والملكية بنطاق نطاقُه وسقفُه § SCN-132 § اختبارُ حجب: المحجوبُ لا يُصيَّر ولا يُقبل نداؤه في الخادم"
SCN-133,M-14,إلزام,"يجب أن تُعرض شاشةُ «صندوق ما ينتظر اعتمادي» لـمركز البلاغات بنطاق نطاقُه وسقفُه § SCN-133 § اختبارُ حجب: المحجوبُ لا يُصيَّر ولا يُقبل نداؤه في الخادم"
SCN-667,M-14,"إتاحة شاشة","يجب أن تُتاح شاشةُ «سجل الشركات والكيانات» لـالحوكمة والالتزام بنطاق كل الكيانات § SCN-667 § اختبارُ ظهور: تظهر الشاشةُ للدور المالك بنطاقها ولا تظهر لمن لا صلاحيةَ له"
SCN-668,M-14,إلزام,"يجب أن تحمل شاشةُ «سجل الشركات والكيانات» أعمدتَها المعتمدةَ وعددُها 24 عمودًا § SCN-668 § اختبارُ اكتمال: كلُّ عمودٍ معتمدٍ موجودٌ وصفرُ عمودٍ غيرِ معرَّف"
SCN-669,M-14,إلزام,"يجب أن يُنفَّذ فعلُ «تسجيلُ كيانٍ قانوني» من شاشة «سجل الشركات والكيانات» بواسطة الحوكمة، فيُكتب في entities · entity_roles ويُنشر الحدثُ EntityCreated ويستهلكه كلُّ الإدارات § SCN-669 § اختبارُ أثر: تنفيذُ الفعل يُحدث الفرادةُ بالبلد وجهةِ التسجيل والرقم معًا · وصفاتُه تُخزَّن"
SCN-670,M-14,إلزام,"يجب أن يقبل فعلُ «تسجيلُ كيانٍ قانوني» عكسًا: تعطيلٌ لا حذف. § — ذريّ § اختبارُ عكس: العكسُ يُنشئ حركةً مقابلةً بمرجع الأصل"
SCN-671,M-14,إلزام,"يجب أن تُعرض شاشةُ «سجل الشركات والكيانات» لـالتمويل والملكية بنطاق الممولون § SCN-671 § اختبارُ حجب: المحجوبُ لا يُصيَّر ولا يُقبل نداؤه في الخادم"
SCN-672,M-14,إلزام,"يجب أن تُعرض شاشةُ «سجل الشركات والكيانات» لـالمبيعات والعقود بنطاق العملاء § SCN-672 § اختبارُ حجب: المحجوبُ لا يُصيَّر ولا يُقبل نداؤه في الخادم"
SCN-673,M-14,إلزام,"يجب أن تُعرض شاشةُ «سجل الشركات والكيانات» لـإدارة الموردين بنطاق الموردون § SCN-673 § اختبارُ حجب: المحجوبُ لا يُصيَّر ولا يُقبل نداؤه في الخادم"
SCN-674,M-14,"إتاحة شاشة","يجب أن تُتاح شاشةُ «حسابات المستخدمين» لـالحوكمة والالتزام بنطاق كل الحسابات § SCN-674 § اختبارُ ظهور: تظهر الشاشةُ للدور المالك بنطاقها ولا تظهر لمن لا صلاحيةَ له"
SCN-675,M-14,إلزام,"يجب أن تحمل شاشةُ «حسابات المستخدمين» أعمدتَها المعتمدةَ وعددُها 21 عمودًا، وأولُها كود الحساب · الشخص · رقم الهوية · الصفة · الكيان · الإدارة. § — ذريّ § اختبارُ اكتمال: كلُّ عمودٍ معتمدٍ موجودٌ وصفرُ عمودٍ غيرِ معرَّف"
SCN-676,M-14,إلزام,"يجب أن يُنفَّذ فعلُ «إنشاءُ حساب» من شاشة «حسابات المستخدمين» بواسطة مديرُ الصلاحيات، فيُكتب في users · person_relationships ويُنشر الحدثُ AccountCreated ويستهلكه الحوكمة · الموارد § SCN-676 § اختبارُ أثر: تنفيذُ الفعل يُحدث حسابٌ واحدٌ للشخص بصفاته · والصلاحيةُ تُشتق من قالب دوره · و"
SCN-677,M-14,إلزام,"يجب أن يقبل فعلُ «إنشاءُ حساب» عكسًا: تعطيلٌ لا حذف. § — ذريّ § اختبارُ عكس: العكسُ يُنشئ حركةً مقابلةً بمرجع الأصل"
SCN-678,M-14,إلزام,"يجب أن تُعرض شاشةُ «حسابات المستخدمين» لـالموارد البشرية بنطاق موظفوه § SCN-678 § اختبارُ حجب: المحجوبُ لا يُصيَّر ولا يُقبل نداؤه في الخادم"
SCN-679,M-14,ظهور,"وزاويتُها: الدورُ وقالبُه وسقفُه. § SCN-679 § اختبارُ ظهور: تظهر الشاشةُ للدور المالك بنطاقها ولا تظهر لمن لا صلاحيةَ له"
SCN-680,M-14,أخرى,"قوالب صلاحياتها» أعمدتَها المعتمدةَ وعددُها 21 عمودًا § SCN-680 § اختبارُ اكتمال: كلُّ عمودٍ معتمدٍ موجودٌ وصفرُ عمودٍ غيرِ معرَّف"
SCN-681,M-14,إلزام,"يجب أن يُنفَّذ فعلُ «تعديلُ قالب صلاحيات» من شاشة «الأدوار § SCN-681 § اختبارُ أثر: تنفيذُ الفعل يُحدث الصلاحياتُ المشتقةُ تُعاد حسابها · والقوائمُ تُعاد بناؤها ·"
SCN-682,M-14,إلزام,"يجب أن يقبل فعلُ «تعديلُ قالب صلاحيات» عكسًا — نطاقُ الحكم § SCN-682 § اختبارُ عكس: العكسُ يُنشئ حركةً مقابلةً بمرجع الأصل"
SCN-683,M-14,إلزام,"يجب أن يُنفَّذ فعلُ «إنشاءُ دورٍ جديد» من شاشة «الأدوار § SCN-683 § اختبارُ أثر: تنفيذُ الفعل يُحدث الدورُ يرث قالبَ عائلته · والصلاحيةُ تُشتق من الطبقات السبع"
SCN-684,M-14,إلزام,"يجب أن يقبل فعلُ «إنشاءُ دورٍ جديد» عكسًا: تعطيلٌ بعد نقل حامليه. § — ذريّ § اختبارُ عكس: العكسُ يُنشئ حركةً مقابلةً بمرجع الأصل"
SCN-685,M-14,"إتاحة شاشة","يجب أن تُتاح شاشةُ «من يرى ماذا ومكوّنات البوابة» لـالحوكمة والالتزام بنطاق كل النظام § SCN-685 § اختبارُ ظهور: تظهر الشاشةُ للدور المالك بنطاقها ولا تظهر لمن لا صلاحيةَ له"
SCN-686,M-14,أخرى,"وأولُها رقم المفتاح · الشاشة · الملف · الإدارة المالكة · الدور المستفيد · الإدارة العارضة. § SCN-686 § اختبارُ اكتمال: كلُّ عمودٍ معتمدٍ موجودٌ وصفرُ عمودٍ غيرِ معرَّف"
SCN-687,M-14,إلزام,"يجب أن يُنفَّذ فعلُ «نشرُ تغيير ظهور» من شاشة «من يرى ماذا ومكوّنات البوابة» بواسطة مديرُ الصلاحيات، فيُكتب في visibility_keys · portal_elements ويُنشر الحدثُ VisibilityChanged ويستهلكه كلُّ الإدارات § SCN-687 § اختبارُ أثر: تنفيذُ الفعل يُحدث قوائمُ الإدارات تُعاد بناؤها للأدوار المتأثرة · والمحجوبُ يخ"
SCN-688,M-14,إلزام,"يجب أن يقبل فعلُ «نشرُ تغيير ظهور» عكسًا: رجوعٌ للنسخة السابقة بسجل. § — ذريّ § اختبارُ عكس: العكسُ يُنشئ حركةً مقابلةً بمرجع الأصل"
SCN-689,M-14,إلزام,"يجب أن يُنفَّذ فعلُ «محاكاةُ ظهورٍ لدور» من شاشة «من يرى ماذا ومكوّنات البوابة» بواسطة مديرُ الصلاحيات، فيُكتب في — ويُنشر الحدثُ — ويستهلكه — § SCN-689 § اختبارُ أثر: تنفيذُ الفعل يُحدث يُعرض ما سيراه الدورُ قبل النشر — بلا أثرٍ على البيانات"
SCN-690,M-14,إلزام,"يجب أن تُعرض شاشةُ «من يرى ماذا ومكوّنات البوابة» لـالموارد البشرية بنطاق موظفوه § SCN-690 § اختبارُ حجب: المحجوبُ لا يُصيَّر ولا يُقبل نداؤه في الخادم"
SCN-691,M-14,"إتاحة شاشة","يجب أن تُتاح شاشةُ «صفحات النظام والإدارات» لـالحوكمة والالتزام بنطاق كل النظام § SCN-691 § اختبارُ ظهور: تظهر الشاشةُ للدور المالك بنطاقها ولا تظهر لمن لا صلاحيةَ له"
SCN-692,M-14,إلزام,"يجب أن تحمل شاشةُ «صفحات النظام والإدارات» أعمدتَها المعتمدةَ وعددُها 23 عمودًا § SCN-692 § اختبارُ اكتمال: كلُّ عمودٍ معتمدٍ موجودٌ وصفرُ عمودٍ غيرِ معرَّف"
SCN-693,M-14,إلزام,"يجب أن يُنفَّذ فعلُ «تفعيلُ صفحةٍ أو إخفاؤها» من شاشة «صفحات النظام والإدارات» بواسطة مديرُ الصلاحيات، فيُكتب في modules · menu_cache ويُنشر الحدثُ ModuleToggled ويستهلكه كلُّ الإدارات § SCN-693 § اختبارُ أثر: تنفيذُ الفعل يُحدث الصفحةُ تظهر أو تختفي من كل القوائم · وتحويلُ المسار يبقى بع"
SCN-694,M-14,إلزام,"يجب أن يقبل فعلُ «تفعيلُ صفحةٍ أو إخفاؤها» عكسًا: إعادةُ التفعيل. § — ذريّ § اختبارُ عكس: العكسُ يُنشئ حركةً مقابلةً بمرجع الأصل"
SCN-695,M-14,"إتاحة شاشة","يجب أن تُتاح شاشةُ «تصنيف قواعد المنع» لـالحوكمة والالتزام بنطاق كل الحمايات § SCN-695 § اختبارُ ظهور: تظهر الشاشةُ للدور المالك بنطاقها ولا تظهر لمن لا صلاحيةَ له"
SCN-696,M-14,إلزام,"يجب أن تحمل شاشةُ «تصنيف قواعد المنع» أعمدتَها المعتمدةَ وعددُها 21 عمودًا § SCN-696 § اختبارُ اكتمال: كلُّ عمودٍ معتمدٍ موجودٌ وصفرُ عمودٍ غيرِ معرَّف"
SCN-697,M-14,إلزام,"يجب أن يُنفَّذ فعلُ «قلبُ حمايةٍ إلى الإنفاذ» من شاشة «تصنيف قواعد المنع» بواسطة الحوكمة، فيُكتب في guard_state ويُنشر الحدثُ GuardEnforced ويستهلكه الإدارةُ المعنية § SCN-697 § اختبارُ أثر: تنفيذُ الفعل يُحدث الحمايةُ تنتقل من «يرى ولا يمنع» إلى «يمنع ويسمح بقرارٍ موثَ"
SCN-698,M-14,إلزام,"يجب أن يقبل فعلُ «قلبُ حمايةٍ إلى الإنفاذ» عكسًا — نطاقُ الحكم § SCN-698 § اختبارُ عكس: العكسُ يُنشئ حركةً مقابلةً بمرجع الأصل"
SCN-699,M-14,ظهور,"وزاويتُها: السببُ والنطاقُ والمدةُ والموافقون وعددُ الاستعمال. § SCN-699 § اختبارُ ظهور: تظهر الشاشةُ للدور المالك بنطاقها ولا تظهر لمن لا صلاحيةَ له"
SCN-700,M-14,أخرى,"وأولُها رقم الطلب · تاريخ الطلب · الحماية المستثناة · الإدارة الطالبة · سبب الاستثناء · المستندات المؤيدة. § SCN-700 § اختبارُ اكتمال: كلُّ عمودٍ معتمدٍ موجودٌ وصفرُ عمودٍ غيرِ معرَّف"
SCN-701,M-14,إلزام,"يجب أن يُنفَّذ فعلُ «منحُ استثناء» من شاشة «طلبات الاستثناء» بواسطة سلّمُ الموافقات، فيُكتب في exceptions · guard_state ويُنشر الحدثُ ExceptionGranted ويستهلكه الإدارةُ الطالبة · الحوكمة § SCN-701 § اختبارُ أثر: تنفيذُ الفعل يُحدث الحارسُ يسمح لهذا النطاق وهذه المدة وحدهما · وكلُّ استعمالٍ"
SCN-702,M-14,إلزام,"يجب أن يقبل فعلُ «منحُ استثناء» عكسًا: إلغاءٌ مبكرٌ بقرار. § — ذريّ § اختبارُ عكس: العكسُ يُنشئ حركةً مقابلةً بمرجع الأصل"
SCN-703,M-14,أخرى,"بأفعالٍ مسموحةٍ هي إنشاء · متابعة، ومحجوبٍ عنه: الاعتماد. § SCN-703 § اختبارُ حجب: المحجوبُ لا يُصيَّر ولا يُقبل نداؤه في الخادم"
SCN-704,M-14,أخرى,"بأفعالٍ مسموحةٍ هي إنشاء · متابعة، ومحجوبٍ عنه: الاعتماد. § SCN-704 § اختبارُ حجب: المحجوبُ لا يُصيَّر ولا يُقبل نداؤه في الخادم"
SCN-705,M-14,أخرى,"بأفعالٍ مسموحةٍ هي إنشاء · متابعة، ومحجوبٍ عنه: الاعتماد. § SCN-705 § اختبارُ حجب: المحجوبُ لا يُصيَّر ولا يُقبل نداؤه في الخادم"
SCN-706,M-14,أخرى,"بأفعالٍ مسموحةٍ هي إنشاء · متابعة، ومحجوبٍ عنه: الاعتماد. § SCN-706 § اختبارُ حجب: المحجوبُ لا يُصيَّر ولا يُقبل نداؤه في الخادم"
SCN-707,M-14,أخرى,"بأفعالٍ مسموحةٍ هي إنشاء · متابعة، ومحجوبٍ عنه: الاعتماد. § SCN-707 § اختبارُ حجب: المحجوبُ لا يُصيَّر ولا يُقبل نداؤه في الخادم"
SCN-708,M-14,أخرى,"بأفعالٍ مسموحةٍ هي إنشاء · متابعة، ومحجوبٍ عنه: الاعتماد. § SCN-708 § اختبارُ حجب: المحجوبُ لا يُصيَّر ولا يُقبل نداؤه في الخادم"
SCN-709,M-14,أخرى,"بأفعالٍ مسموحةٍ هي إنشاء · متابعة، ومحجوبٍ عنه: الاعتماد. § SCN-709 § اختبارُ حجب: المحجوبُ لا يُصيَّر ولا يُقبل نداؤه في الخادم"
SCN-710,M-14,أخرى,"بأفعالٍ مسموحةٍ هي إنشاء · متابعة، ومحجوبٍ عنه: الاعتماد. § SCN-710 § اختبارُ حجب: المحجوبُ لا يُصيَّر ولا يُقبل نداؤه في الخادم"
SCN-711,M-14,أخرى,"بأفعالٍ مسموحةٍ هي إنشاء · متابعة، ومحجوبٍ عنه: الاعتماد. § SCN-711 § اختبارُ حجب: المحجوبُ لا يُصيَّر ولا يُقبل نداؤه في الخادم"
SCN-712,M-14,أخرى,"بأفعالٍ مسموحةٍ هي إنشاء · متابعة، ومحجوبٍ عنه: الاعتماد. § SCN-712 § اختبارُ حجب: المحجوبُ لا يُصيَّر ولا يُقبل نداؤه في الخادم"
SCN-713,M-14,أخرى,"بأفعالٍ مسموحةٍ هي إنشاء · متابعة، ومحجوبٍ عنه: الاعتماد. § SCN-713 § اختبارُ حجب: المحجوبُ لا يُصيَّر ولا يُقبل نداؤه في الخادم"
SCN-714,M-14,أخرى,"بأفعالٍ مسموحةٍ هي إنشاء · متابعة، ومحجوبٍ عنه: الاعتماد. § SCN-714 § اختبارُ حجب: المحجوبُ لا يُصيَّر ولا يُقبل نداؤه في الخادم"
SCN-715,M-14,إلزام,"يجب أن تُعرض شاشةُ «طلبات الاستثناء» لـالتمويل والملكية بنطاق طلباته § SCN-715 § اختبارُ حجب: المحجوبُ لا يُصيَّر ولا يُقبل نداؤه في الخادم"
SCN-716,M-14,أخرى,"بأفعالٍ مسموحةٍ هي إنشاء · متابعة، ومحجوبٍ عنه: الاعتماد. § SCN-716 § اختبارُ حجب: المحجوبُ لا يُصيَّر ولا يُقبل نداؤه في الخادم"
SCN-717,M-14,"إتاحة شاشة","يجب أن تُتاح شاشةُ «أنماط تفعيل المزايا» لـالحوكمة والالتزام بنطاق كل الكيانات § SCN-717 § اختبارُ ظهور: تظهر الشاشةُ للدور المالك بنطاقها ولا تظهر لمن لا صلاحيةَ له"
SCN-718,M-14,أخرى,"وأولُها كود النمط · الكيان أو العقد · نمط التفعيل · العناصر المفعَّلة · العناصر المطفأة · سبب النمط. § SCN-718 § اختبارُ اكتمال: كلُّ عمودٍ معتمدٍ موجودٌ وصفرُ عمودٍ غيرِ معرَّف"
SCN-719,M-14,إلزام,"يجب أن يُنفَّذ فعلُ «ترقيةُ نمط التفعيل» من شاشة «أنماط تفعيل المزايا» بواسطة الحوكمة، فيُكتب في activation_flags ويُنشر الحدثُ ActivationUpgraded ويستهلكه الكيانُ المعني § SCN-719 § اختبارُ أثر: تنفيذُ الفعل يُحدث المزايا تُفعَّل بعلَمٍ لكل عنصرٍ على مستوى الكيان والعقد — و"
SCN-720,M-14,إلزام,"يجب أن يقبل فعلُ «ترقيةُ نمط التفعيل» عكسًا: رجوعٌ بإطفاء العلَم. § — ذريّ § اختبارُ عكس: العكسُ يُنشئ حركةً مقابلةً بمرجع الأصل"
SCN-721,M-14,"إتاحة شاشة","يجب أن تُتاح شاشةُ «سجل التدقيق والاطّلاع» لـالحوكمة والالتزام بنطاق كل النظام § SCN-721 § اختبارُ ظهور: تظهر الشاشةُ للدور المالك بنطاقها ولا تظهر لمن لا صلاحيةَ له"
SCN-722,M-14,أخرى,"وأولُها رقم السجل · التاريخ والوقت · المستخدم · الصفة · الإدارة · نوع العملية. § SCN-722 § اختبارُ اكتمال: كلُّ عمودٍ معتمدٍ موجودٌ وصفرُ عمودٍ غيرِ معرَّف"
SCN-723,M-14,أخرى,"وأثرُه: كلُّ قراءةٍ لبياناتِ ملكيةٍ أو راتبٍ أو حسابٍ بنكيٍّ تُسجَّل بالمستخدم والوقت والسجل. § SCN-723 § اختبارُ أثر: تنفيذُ الفعل يُحدث كلُّ قراءةٍ لبياناتِ ملكيةٍ أو راتبٍ أو حسابٍ بنكيٍّ تُسجَّل"
SCN-724,M-14,إلزام,"يجب أن يقبل فعلُ «تسجيلُ اطّلاعٍ على حقلٍ حساس» عكسًا — نطاقُ الحكم § SCN-724 § اختبارُ عكس: العكسُ يُنشئ حركةً مقابلةً بمرجع الأصل"
SCN-725,M-14,إلزام,"يجب أن يُنفَّذ فعلُ «تصديرُ سجل تدقيق» من شاشة «سجل التدقيق والاطّلاع» بواسطة الحوكمة، فيُكتب في export_log ويُنشر الحدثُ AuditExported ويستهلكه الحوكمة § SCN-725 § اختبارُ أثر: تنفيذُ الفعل يُحدث التصديرُ نفسُه يُسجَّل — فسجلُّ التدقيق يدقّق من يقرؤه"
SCN-726,M-14,"إتاحة شاشة","يجب أن تُتاح شاشةُ «المحاولات الممنوعة» لـالحوكمة والالتزام بنطاق كل النظام § SCN-726 § اختبارُ ظهور: تظهر الشاشةُ للدور المالك بنطاقها ولا تظهر لمن لا صلاحيةَ له"
SCN-727,M-14,أخرى,"وأولُها رقم المحاولة · التاريخ والوقت · المستخدم · الصفة · الشاشة · الفعل المحاول. § SCN-727 § اختبارُ اكتمال: كلُّ عمودٍ معتمدٍ موجودٌ وصفرُ عمودٍ غيرِ معرَّف"
SCN-729,M-14,إلزام,"يجب أن يقبل فعلُ «مراجعةُ محاولةٍ ممنوعة» عكسًا — نطاقُ الحكم § SCN-729 § اختبارُ عكس: العكسُ يُنشئ حركةً مقابلةً بمرجع الأصل"
SCN-746,M-14,ظهور,"وزاويتُها: كلُّ عقودِ الشركة: عملاء وموردون وموظفون وتمويل. § SCN-746 § اختبارُ ظهور: تظهر الشاشةُ للدور المالك بنطاقها ولا تظهر لمن لا صلاحيةَ له"
SCN-747,M-14,أخرى,"وأولُها رقم العقد · نوع العقد · الطرف الآخر · نوع الطرف · تاريخ التوقيع · تاريخ البدء. § SCN-747 § اختبارُ اكتمال: كلُّ عمودٍ معتمدٍ موجودٌ وصفرُ عمودٍ غيرِ معرَّف"
SCN-748,M-14,أخرى,"وأثرُه: كلُّ عقدٍ يُفحص: التفويضُ والكفالةُ والسريان § SCN-748 § اختبارُ أثر: تنفيذُ الفعل يُحدث كلُّ عقدٍ يُفحص: التفويضُ والكفالةُ والسريان — والناقصُ يُرف"
SCN-749,M-14,إلزام,"يجب أن يقبل فعلُ «مراجعة سجل العقود» عكسًا: إغلاقُ المراجعة بمعالجة. § — ذريّ § اختبارُ عكس: العكسُ يُنشئ حركةً مقابلةً بمرجع الأصل"
SCN-750,M-14,إلزام,"يجب أن تُعرض شاشةُ «سجل العقود الموحَّد» لـالمبيعات والعقود بنطاق عقوده § SCN-750 § اختبارُ حجب: المحجوبُ لا يُصيَّر ولا يُقبل نداؤه في الخادم"
SCN-751,M-14,إلزام,"يجب أن تُعرض شاشةُ «سجل العقود الموحَّد» لـإدارة الموردين بنطاق عقوده § SCN-751 § اختبارُ حجب: المحجوبُ لا يُصيَّر ولا يُقبل نداؤه في الخادم"
SCN-752,M-14,إلزام,"يجب أن تُعرض شاشةُ «سجل العقود الموحَّد» لـالمالية والخزينة بنطاق الكل § SCN-752 § اختبارُ حجب: المحجوبُ لا يُصيَّر ولا يُقبل نداؤه في الخادم"
SCN-769,M-14,"إتاحة شاشة","يجب أن تُتاح شاشةُ «التكليفات التنظيمية» لـالحوكمة والالتزام بنطاق كل التكليفات § SCN-769 § اختبارُ ظهور: تظهر الشاشةُ للدور المالك بنطاقها ولا تظهر لمن لا صلاحيةَ له"
SCN-770,M-14,إلزام,"يجب أن تحمل شاشةُ «التكليفات التنظيمية» أعمدتَها المعتمدةَ وعددُها 21 عمودًا § SCN-770 § اختبارُ اكتمال: كلُّ عمودٍ معتمدٍ موجودٌ وصفرُ عمودٍ غيرِ معرَّف"
SCN-771,M-14,إلزام,"يجب أن يُنفَّذ فعلُ «إصدار تكليف تنظيمي» من شاشة «التكليفات التنظيمية» بواسطة الحوكمة، فيُكتب في org_assignments ويُنشر الحدثُ AssignmentIssued § SCN-771 § اختبارُ أثر: تنفيذُ الفعل يُحدث المكلَّفُ يعمل في نطاق التكليف ومدته · والصلاحيةُ تُشتق منه"
SCN-772,M-14,إلزام,"يجب أن يقبل فعلُ «إصدار تكليف تنظيمي» عكسًا: إنهاءٌ مبكرٌ بقرار. § — ذريّ § اختبارُ عكس: العكسُ يُنشئ حركةً مقابلةً بمرجع الأصل"
SCN-773,M-14,إلزام,"يجب أن تُعرض شاشةُ «التكليفات التنظيمية» لـالموارد البشرية بنطاق موظفوه § SCN-773 § اختبارُ حجب: المحجوبُ لا يُصيَّر ولا يُقبل نداؤه في الخادم"
SCN-774,M-14,إلزام,"يجب أن تُعرض شاشةُ «التكليفات التنظيمية» لـإدارة التشغيل بنطاق إدارته § SCN-774 § اختبارُ حجب: المحجوبُ لا يُصيَّر ولا يُقبل نداؤه في الخادم"
SCN-827,M-14,"إتاحة شاشة","يجب أن تُتاح شاشةُ «فصل الواجبات المتعارضة» لـالحوكمة والالتزام بنطاق كل النظام § SCN-827 § اختبارُ ظهور: تظهر الشاشةُ للدور المالك بنطاقها ولا تظهر لمن لا صلاحيةَ له"
SCN-828,M-14,أخرى,"وأولُها رقم المراجعة · تاريخ المراجعة · نوع الفحص · الحساب أو الدور · الواجبان المتعارضان · درجة الخطورة. § SCN-828 § اختبارُ اكتمال: كلُّ عمودٍ معتمدٍ موجودٌ وصفرُ عمودٍ غيرِ معرَّف"
SCN-829,M-14,أخرى,"وأثرُه: الحسابُ الجامعُ بين واجبين متعارضين يُقيَّد · والاعتمادُ يُرفض بنيويًّا حتى الفصل. § SCN-829 § اختبارُ أثر: تنفيذُ الفعل يُحدث الحسابُ الجامعُ بين واجبين متعارضين يُقيَّد · والاعتمادُ يُر"
SCN-830,M-14,أخرى,"استثناءٌ بموافقاتٍ عليا ومدةٍ قصيرة. § SCN-830 § اختبارُ عكس: العكسُ يُنشئ حركةً مقابلةً بمرجع الأصل"
SCN-831,M-14,"إتاحة شاشة","يجب أن تُتاح شاشةُ «حسابات بوابة الأطراف الخارجية» لـالحوكمة والالتزام بنطاق كل الحسابات § SCN-831 § اختبارُ ظهور: تظهر الشاشةُ للدور المالك بنطاقها ولا تظهر لمن لا صلاحيةَ له"
SCN-832,M-14,أخرى,"وأولُها كود الحساب · نوع الطرف · الكيان · الشخص · الصفة لدى الكيان · نطاق الرؤية. § SCN-832 § اختبارُ اكتمال: كلُّ عمودٍ معتمدٍ موجودٌ وصفرُ عمودٍ غيرِ معرَّف"
SCN-833,M-14,أخرى,"وأثرُه: الحسابُ يرى نطاقَه وحدَه بعزلٍ تام · ولا يرى بياناتِ طرفٍ آخر ولو كان في العقد نفسِه. § SCN-833 § اختبارُ أثر: تنفيذُ الفعل يُحدث الحسابُ يرى نطاقَه وحدَه بعزلٍ تام · ولا يرى بياناتِ طرفٍ آخ"
SCN-834,M-14,إلزام,"يجب أن يقبل فعلُ «إنشاء حساب بوابة خارجية» عكسًا: تعطيلٌ فوريٌّ بسبب. § — ذريّ § اختبارُ عكس: العكسُ يُنشئ حركةً مقابلةً بمرجع الأصل"
SCN-835,M-14,إلزام,"يجب أن تُعرض شاشةُ «حسابات بوابة الأطراف الخارجية» لـالمبيعات والعقود بنطاق عملائه § SCN-835 § اختبارُ حجب: المحجوبُ لا يُصيَّر ولا يُقبل نداؤه في الخادم"
SCN-836,M-14,إلزام,"يجب أن تُعرض شاشةُ «حسابات بوابة الأطراف الخارجية» لـإدارة الموردين بنطاق مورديه § SCN-836 § اختبارُ حجب: المحجوبُ لا يُصيَّر ولا يُقبل نداؤه في الخادم"
SCN-837,M-14,"إتاحة شاشة","يجب أن تُتاح شاشةُ «المعاونون والنيابة المؤقتة» لـالحوكمة والالتزام بنطاق كل التفويضات § SCN-837 § اختبارُ ظهور: تظهر الشاشةُ للدور المالك بنطاقها ولا تظهر لمن لا صلاحيةَ له"
SCN-838,M-14,أخرى,"وأولُها رقم التكليف · الأصيل · صفته · المعاون · صفته · نوع النيابة. § SCN-838 § اختبارُ اكتمال: كلُّ عمودٍ معتمدٍ موجودٌ وصفرُ عمودٍ غيرِ معرَّف"
SCN-839,M-14,إلزام,"يجب أن يُنفَّذ فعلُ «تكليف معاون بالنيابة» من شاشة «المعاونون § SCN-839 § اختبارُ أثر: تنفيذُ الفعل يُحدث المعاونُ يعتمد في نطاق الأصيل ومدته — ولا يتجاوز سقفَه · وين"
SCN-840,M-14,إلزام,"يجب أن يقبل فعلُ «تكليف معاون بالنيابة» عكسًا: إنهاءٌ مبكرٌ بقرار. § — ذريّ § اختبارُ عكس: العكسُ يُنشئ حركةً مقابلةً بمرجع الأصل"
SCN-841,M-14,إلزام,"يجب أن تُعرض شاشةُ «المعاونون والنيابة المؤقتة» لـإدارة التشغيل بنطاق إدارته § SCN-841 § اختبارُ حجب: المحجوبُ لا يُصيَّر ولا يُقبل نداؤه في الخادم"
SCN-842,M-14,إلزام,"يجب أن تُعرض شاشةُ «المعاونون والنيابة المؤقتة» لـإدارة الصيانة بنطاق إدارته § SCN-842 § اختبارُ حجب: المحجوبُ لا يُصيَّر ولا يُقبل نداؤه في الخادم"
SCN-843,M-14,إلزام,"يجب أن تُعرض شاشةُ «المعاونون والنيابة المؤقتة» لـالمالية والخزينة بنطاق إدارته § SCN-843 § اختبارُ حجب: المحجوبُ لا يُصيَّر ولا يُقبل نداؤه في الخادم"
SCN-844,M-14,إلزام,"يجب أن تُعرض شاشةُ «المعاونون والنيابة المؤقتة» لـالمبيعات والعقود بنطاق إدارته § SCN-844 § اختبارُ حجب: المحجوبُ لا يُصيَّر ولا يُقبل نداؤه في الخادم"
SCN-845,M-14,إلزام,"يجب أن تُعرض شاشةُ «المعاونون والنيابة المؤقتة» لـإدارة الموردين بنطاق إدارته § SCN-845 § اختبارُ حجب: المحجوبُ لا يُصيَّر ولا يُقبل نداؤه في الخادم"
SCN-846,M-14,إلزام,"يجب أن تُعرض شاشةُ «المعاونون والنيابة المؤقتة» لـالموارد البشرية بنطاق إدارته § SCN-846 § اختبارُ حجب: المحجوبُ لا يُصيَّر ولا يُقبل نداؤه في الخادم"
SCN-868,M-14,"إتاحة شاشة","يجب أن تُتاح شاشةُ «سياسات الحقول الحساسة» لـالحوكمة والالتزام بنطاق كل الحقول § SCN-868 § اختبارُ ظهور: تظهر الشاشةُ للدور المالك بنطاقها ولا تظهر لمن لا صلاحيةَ له"
SCN-869,M-14,أخرى,"وأولُها الكيان · رقم السياسة · الجدول · الحقل · تصنيف الحساسية · سبب التصنيف. § SCN-869 § اختبارُ اكتمال: كلُّ عمودٍ معتمدٍ موجودٌ وصفرُ عمودٍ غيرِ معرَّف"
SCN-870,M-14,أخرى,"وأثرُه: الحقلُ يُخفى لمن لا يملكه · وكلُّ اطّلاعٍ يُسجَّل · والأكثرُ تقييدًا يغلب عند تعارض القوالب. § SCN-870 § اختبارُ أثر: تنفيذُ الفعل يُحدث الحقلُ يُخفى لمن لا يملكه · وكلُّ اطّلاعٍ يُسجَّل · والأكثرُ"
SCN-871,M-14,إلزام,"يجب أن يقبل فعلُ «تصنيفُ حقلٍ حساس» عكسًا: رفعُ التصنيف بقرار. § — ذريّ § اختبارُ عكس: العكسُ يُنشئ حركةً مقابلةً بمرجع الأصل"
SCN-872,M-14,إلزام,"يجب أن تُعرض شاشةُ «سياسات الحقول الحساسة» لـالموارد البشرية بنطاق حقول الموظفين § SCN-872 § اختبارُ حجب: المحجوبُ لا يُصيَّر ولا يُقبل نداؤه في الخادم"
SCN-873,M-14,إلزام,"يجب أن تُعرض شاشةُ «سياسات الحقول الحساسة» لـالتمويل والملكية بنطاق حقول الملكية § SCN-873 § اختبارُ حجب: المحجوبُ لا يُصيَّر ولا يُقبل نداؤه في الخادم"
SCN-874,M-14,ظهور,"وزاويتُها: صلاحيةٌ استثنائيةٌ لحظيةٌ بموافقاتٍ عليا ومدةٍ قصيرة وتسجيلٍ كامل. § SCN-874 § اختبارُ ظهور: تظهر الشاشةُ للدور المالك بنطاقها ولا تظهر لمن لا صلاحيةَ له"
SCN-875,M-14,إلزام,"يجب أن تحمل شاشةُ «صلاحية الطوارئ اللحظية (كسر الزجاج)» أعمدتَها المعتمدةَ وعددُها 18 عمودًا، وأولُها الكيان · رقم الطلب · التاريخ والوقت · الطالب § SCN-875 § اختبارُ اكتمال: كلُّ عمودٍ معتمدٍ موجودٌ وصفرُ عمودٍ غيرِ معرَّف"
SCN-876,M-14,أخرى,"وأثرُه: الصلاحيةُ تُمنح دقائقَ معدودةً بموافقتين عليا · وكلُّ فعلٍ تحتها يُسجَّل ويُراجَع خلال 24 ساعة. § SCN-876 § اختبارُ أثر: تنفيذُ الفعل يُحدث الصلاحيةُ تُمنح دقائقَ معدودةً بموافقتين عليا · وكلُّ فعلٍ ت"
SCN-877,M-14,إلزام,"يجب أن يقبل فعلُ «منحُ صلاحية طوارئ» عكسًا — نطاقُ الحكم § SCN-877 § اختبارُ عكس: العكسُ يُنشئ حركةً مقابلةً بمرجع الأصل"
SCN-878,M-14,إلزام,"يجب أن تُعرض شاشةُ «صلاحية الطوارئ اللحظية (كسر الزجاج)» لـإدارة التشغيل بنطاق طلباته § SCN-878 § اختبارُ حجب: المحجوبُ لا يُصيَّر ولا يُقبل نداؤه في الخادم"
SCN-879,M-14,إلزام,"يجب أن تُعرض شاشةُ «صلاحية الطوارئ اللحظية (كسر الزجاج)» لـإدارة الصيانة بنطاق طلباته § SCN-879 § اختبارُ حجب: المحجوبُ لا يُصيَّر ولا يُقبل نداؤه في الخادم"
SCN-880,M-14,إلزام,"يجب أن تُعرض شاشةُ «صلاحية الطوارئ اللحظية (كسر الزجاج)» لـالمالية والخزينة بنطاق طلباته § SCN-880 § اختبارُ حجب: المحجوبُ لا يُصيَّر ولا يُقبل نداؤه في الخادم"
SCN-881,M-14,إلزام,"يجب أن تُعرض شاشةُ «صلاحية الطوارئ اللحظية (كسر الزجاج)» لـإدارة الموقع بنطاق طلباته § SCN-881 § اختبارُ حجب: المحجوبُ لا يُصيَّر ولا يُقبل نداؤه في الخادم"
SCN-882,M-14,"إتاحة شاشة","يجب أن تُتاح شاشةُ «دورة المراجعة الدورية للصلاحيات» لـالحوكمة والالتزام بنطاق كل الحسابات § SCN-882 § اختبارُ ظهور: تظهر الشاشةُ للدور المالك بنطاقها ولا تظهر لمن لا صلاحيةَ له"
SCN-883,M-14,أخرى,"وأولُها الكيان · رقم الدورة · الفترة · تاريخ الإطلاق · الإدارة · عدد الحسابات المراجَعة. § SCN-883 § اختبارُ اكتمال: كلُّ عمودٍ معتمدٍ موجودٌ وصفرُ عمودٍ غيرِ معرَّف"
SCN-884,M-14,إلزام,"يجب أن يُنفَّذ فعلُ «إقفالُ دورة مراجعة» من شاشة «دورة المراجعة الدورية للصلاحيات» بواسطة الحوكمة، فيُكتب في access_reviews ويُنشر الحدثُ AccessReviewClosed ويستهلكه كلُّ الإدارات § SCN-884 § اختبارُ أثر: تنفيذُ الفعل يُحدث ما لم يُؤكَّد يُسحب آليًّا · والحساباتُ الخاملةُ تُعطَّل · و"
SCN-885,M-14,إلزام,"يجب أن يقبل فعلُ «إقفالُ دورة مراجعة» عكسًا — نطاقُ الحكم § SCN-885 § اختبارُ عكس: العكسُ يُنشئ حركةً مقابلةً بمرجع الأصل"
SCN-886,M-14,إلزام,"يجب أن تُعرض شاشةُ «دورة المراجعة الدورية للصلاحيات» لـإدارة التشغيل بنطاق حسابات إدارته § SCN-886 § اختبارُ حجب: المحجوبُ لا يُصيَّر ولا يُقبل نداؤه في الخادم"
SCN-887,M-14,إلزام,"يجب أن تُعرض شاشةُ «دورة المراجعة الدورية للصلاحيات» لـإدارة الصيانة بنطاق حسابات إدارته § SCN-887 § اختبارُ حجب: المحجوبُ لا يُصيَّر ولا يُقبل نداؤه في الخادم"
SCN-888,M-14,إلزام,"يجب أن تُعرض شاشةُ «دورة المراجعة الدورية للصلاحيات» لـالمالية والخزينة بنطاق حسابات إدارته § SCN-888 § اختبارُ حجب: المحجوبُ لا يُصيَّر ولا يُقبل نداؤه في الخادم"
SCN-889,M-14,إلزام,"يجب أن تُعرض شاشةُ «دورة المراجعة الدورية للصلاحيات» لـالمبيعات والعقود بنطاق حسابات إدارته § SCN-889 § اختبارُ حجب: المحجوبُ لا يُصيَّر ولا يُقبل نداؤه في الخادم"
SCN-890,M-14,إلزام,"يجب أن تُعرض شاشةُ «دورة المراجعة الدورية للصلاحيات» لـإدارة الموردين بنطاق حسابات إدارته § SCN-890 § اختبارُ حجب: المحجوبُ لا يُصيَّر ولا يُقبل نداؤه في الخادم"
SCN-891,M-14,إلزام,"يجب أن تُعرض شاشةُ «دورة المراجعة الدورية للصلاحيات» لـالموارد البشرية بنطاق حسابات إدارته § SCN-891 § اختبارُ حجب: المحجوبُ لا يُصيَّر ولا يُقبل نداؤه في الخادم"
SCN-892,M-14,إلزام,"يجب أن تُعرض شاشةُ «دورة المراجعة الدورية للصلاحيات» لـالقوى التشغيلية بنطاق حسابات إدارته § SCN-892 § اختبارُ حجب: المحجوبُ لا يُصيَّر ولا يُقبل نداؤه في الخادم"
SCN-893,M-14,إلزام,"يجب أن تُعرض شاشةُ «دورة المراجعة الدورية للصلاحيات» لـالمخازن بنطاق حسابات إدارته § SCN-893 § اختبارُ حجب: المحجوبُ لا يُصيَّر ولا يُقبل نداؤه في الخادم"
SCN-894,M-14,إلزام,"يجب أن تُعرض شاشةُ «دورة المراجعة الدورية للصلاحيات» لـالنقل والترحيل بنطاق حسابات إدارته § SCN-894 § اختبارُ حجب: المحجوبُ لا يُصيَّر ولا يُقبل نداؤه في الخادم"
SCN-895,M-14,إلزام,"يجب أن تُعرض شاشةُ «دورة المراجعة الدورية للصلاحيات» لـإدارة الموقع بنطاق حسابات إدارته § SCN-895 § اختبارُ حجب: المحجوبُ لا يُصيَّر ولا يُقبل نداؤه في الخادم"
SCN-896,M-14,إلزام,"يجب أن تُعرض شاشةُ «دورة المراجعة الدورية للصلاحيات» لـالتمويل والملكية بنطاق حسابات إدارته § SCN-896 § اختبارُ حجب: المحجوبُ لا يُصيَّر ولا يُقبل نداؤه في الخادم"
SCN-897,M-14,إلزام,"يجب أن تُعرض شاشةُ «دورة المراجعة الدورية للصلاحيات» لـالمشتريات بنطاق حسابات إدارته § SCN-897 § اختبارُ حجب: المحجوبُ لا يُصيَّر ولا يُقبل نداؤه في الخادم"
SCN-898,M-14,إلزام,"يجب أن تُعرض شاشةُ «دورة المراجعة الدورية للصلاحيات» لـمركز البلاغات بنطاق حسابات إدارته § SCN-898 § اختبارُ حجب: المحجوبُ لا يُصيَّر ولا يُقبل نداؤه في الخادم"
SCN-899,M-14,"إتاحة شاشة","يجب أن تُتاح شاشةُ «تفسير مصدر الصلاحية» لـالحوكمة والالتزام بنطاق كل الحسابات § SCN-899 § اختبارُ ظهور: تظهر الشاشةُ للدور المالك بنطاقها ولا تظهر لمن لا صلاحيةَ له"
SCN-900,M-14,أخرى,"وأولُها الكيان · الحساب · الشاشة · الفعل · النتيجة النهائية · مصدر المنح 1. § SCN-900 § اختبارُ اكتمال: كلُّ عمودٍ معتمدٍ موجودٌ وصفرُ عمودٍ غيرِ معرَّف"
SCN-901,M-14,إلزام,"يجب أن يُنفَّذ فعلُ «تفسيرُ صلاحيةٍ لحساب» من شاشة «تفسير مصدر الصلاحية» بواسطة مديرُ الصلاحيات، فيُكتب في — ويُنشر الحدثُ — ويستهلكه — § SCN-901 § اختبارُ أثر: تنفيذُ الفعل يُحدث يُعرض كلُّ مصدرٍ بحكمه: مُنح من قالب العائلة · ومُنع من نوع"
SCN-902,M-14,إلزام,"يجب أن تُعرض شاشةُ «تفسير مصدر الصلاحية» لـإدارة التشغيل بنطاق حسابات إدارته § SCN-902 § اختبارُ حجب: المحجوبُ لا يُصيَّر ولا يُقبل نداؤه في الخادم"
SCN-903,M-14,إلزام,"يجب أن تُعرض شاشةُ «تفسير مصدر الصلاحية» لـالمالية والخزينة بنطاق حسابات إدارته § SCN-903 § اختبارُ حجب: المحجوبُ لا يُصيَّر ولا يُقبل نداؤه في الخادم"
SCN-904,M-14,إلزام,"يجب أن تُعرض شاشةُ «تفسير مصدر الصلاحية» لـالموارد البشرية بنطاق حسابات إدارته § SCN-904 § اختبارُ حجب: المحجوبُ لا يُصيَّر ولا يُقبل نداؤه في الخادم"
SCN-905,M-14,إلزام,"يجب أن تُعرض شاشةُ «تفسير مصدر الصلاحية» لـالمبيعات والعقود بنطاق حسابات إدارته § SCN-905 § اختبارُ حجب: المحجوبُ لا يُصيَّر ولا يُقبل نداؤه في الخادم"
SCN-906,M-14,ظهور,"وزاويتُها: الوضعُ الذي تُدخل فيه البياناتُ المؤسِّسةُ بلا سلسلةِ اعتماد § SCN-906 § اختبارُ ظهور: تظهر الشاشةُ للدور المالك بنطاقها ولا تظهر لمن لا صلاحيةَ له"
SCN-907,M-14,أخرى,"وأولُها الكيان · رقم الوضع · تاريخ الفتح · سبب الفتح · النطاق المسموح · الجداول المتأثرة. § SCN-907 § اختبارُ اكتمال: كلُّ عمودٍ معتمدٍ موجودٌ وصفرُ عمودٍ غيرِ معرَّف"
SCN-908,M-14,أخرى,"وأثرُه: لا إدخالَ بعده إلا بسلسلة الاعتماد · وكلُّ ما أُدخل في الوضع يُوسَم «مؤسِّس» ويُراجَع. § SCN-908 § اختبارُ أثر: تنفيذُ الفعل يُحدث لا إدخالَ بعده إلا بسلسلة الاعتماد · وكلُّ ما أُدخل في الوضع"
SCN-909,M-14,إلزام,"يجب أن يقبل فعلُ «إغلاقُ وضع التأسيس» عكسًا — نطاقُ الحكم § SCN-909 § اختبارُ عكس: العكسُ يُنشئ حركةً مقابلةً بمرجع الأصل"
SCN-910,M-14,"إتاحة شاشة","يجب أن تُتاح شاشةُ «سجل أنواع المستندات» لـالحوكمة والالتزام بنطاق كل المستندات § SCN-910 § اختبارُ ظهور: تظهر الشاشةُ للدور المالك بنطاقها ولا تظهر لمن لا صلاحيةَ له"
SCN-911,M-14,أخرى,"وأولُها الكيان · كود النوع · اسم المستند · الإدارة المالكة · نمط الترقيم · بادئة الترقيم. § SCN-911 § اختبارُ اكتمال: كلُّ عمودٍ معتمدٍ موجودٌ وصفرُ عمودٍ غيرِ معرَّف"
SCN-912,M-14,إلزام,"يجب أن يُنفَّذ فعلُ «تعريفُ نوع مستند» من شاشة «سجل أنواع المستندات» بواسطة الحوكمة، فيُكتب في doc_types · numbering ويُنشر الحدثُ DocTypeDefined ويستهلكه كلُّ الإدارات § SCN-912 § اختبارُ أثر: تنفيذُ الفعل يُحدث نمطُ الترقيم يُثبَّت · وآلةُ الحالة تُربط · ومدةُ الحفظ النظ"
SCN-913,M-14,إلزام,"يجب أن يقبل فعلُ «تعريفُ نوع مستند» عكسًا: نسخةٌ جديدةٌ بتاريخ سريان. § — ذريّ § اختبارُ عكس: العكسُ يُنشئ حركةً مقابلةً بمرجع الأصل"
SCN-914,M-14,إلزام,"يجب أن تُعرض شاشةُ «سجل أنواع المستندات» لـإدارة التشغيل بنطاق مستندات إدارته § SCN-914 § اختبارُ حجب: المحجوبُ لا يُصيَّر ولا يُقبل نداؤه في الخادم"
SCN-915,M-14,إلزام,"يجب أن تُعرض شاشةُ «سجل أنواع المستندات» لـالمالية والخزينة بنطاق مستندات إدارته § SCN-915 § اختبارُ حجب: المحجوبُ لا يُصيَّر ولا يُقبل نداؤه في الخادم"
SCN-916,M-14,إلزام,"يجب أن تُعرض شاشةُ «سجل أنواع المستندات» لـالمبيعات والعقود بنطاق مستندات إدارته § SCN-916 § اختبارُ حجب: المحجوبُ لا يُصيَّر ولا يُقبل نداؤه في الخادم"
SCN-917,M-14,إلزام,"يجب أن تُعرض شاشةُ «سجل أنواع المستندات» لـإدارة الموردين بنطاق مستندات إدارته § SCN-917 § اختبارُ حجب: المحجوبُ لا يُصيَّر ولا يُقبل نداؤه في الخادم"
SCN-918,M-14,إلزام,"يجب أن تُعرض شاشةُ «سجل أنواع المستندات» لـالموارد البشرية بنطاق مستندات إدارته § SCN-918 § اختبارُ حجب: المحجوبُ لا يُصيَّر ولا يُقبل نداؤه في الخادم"
SCN-919,M-14,إلزام,"يجب أن تُعرض شاشةُ «سجل أنواع المستندات» لـإدارة الصيانة بنطاق مستندات إدارته § SCN-919 § اختبارُ حجب: المحجوبُ لا يُصيَّر ولا يُقبل نداؤه في الخادم"
SCN-920,M-14,إلزام,"يجب أن تُعرض شاشةُ «سجل أنواع المستندات» لـالمخازن بنطاق مستندات إدارته § SCN-920 § اختبارُ حجب: المحجوبُ لا يُصيَّر ولا يُقبل نداؤه في الخادم"
SCN-921,M-14,إلزام,"يجب أن تُعرض شاشةُ «سجل أنواع المستندات» لـالنقل والترحيل بنطاق مستندات إدارته § SCN-921 § اختبارُ حجب: المحجوبُ لا يُصيَّر ولا يُقبل نداؤه في الخادم"
SCN-922,M-14,إلزام,"يجب أن تُعرض شاشةُ «سجل أنواع المستندات» لـالتمويل والملكية بنطاق مستندات إدارته § SCN-922 § اختبارُ حجب: المحجوبُ لا يُصيَّر ولا يُقبل نداؤه في الخادم"
SCN-923,M-14,"إتاحة شاشة","يجب أن تُتاح شاشةُ «حالات المستندات وانتقالاتها» لـالحوكمة والالتزام بنطاق كل المستندات § SCN-923 § اختبارُ ظهور: تظهر الشاشةُ للدور المالك بنطاقها ولا تظهر لمن لا صلاحيةَ له"
SCN-924,M-14,أخرى,"وأولُها الكيان · كود الآلة · نوع المستند · رقم الانتقال · من حالة · إلى حالة. § SCN-924 § اختبارُ اكتمال: كلُّ عمودٍ معتمدٍ موجودٌ وصفرُ عمودٍ غيرِ معرَّف"
SCN-925,M-14,أخرى,"وأثرُه: لا انتقالَ خارج المعرَّف · وكلُّ انتقالٍ له فعلٌ ومخوَّلٌ وشرط · والحارسُ يرفض ما سواه. § SCN-925 § اختبارُ أثر: تنفيذُ الفعل يُحدث لا انتقالَ خارج المعرَّف · وكلُّ انتقالٍ له فعلٌ ومخوَّلٌ وش"
SCN-926,M-14,إلزام,"يجب أن يقبل فعلُ «تعريفُ آلة حالة» عكسًا: نسخةٌ جديدةٌ بتاريخ سريان. § — ذريّ § اختبارُ عكس: العكسُ يُنشئ حركةً مقابلةً بمرجع الأصل"
SCN-927,M-14,إلزام,"يجب أن تُعرض شاشةُ «حالات المستندات وانتقالاتها» لـإدارة التشغيل بنطاق مستندات إدارته § SCN-927 § اختبارُ حجب: المحجوبُ لا يُصيَّر ولا يُقبل نداؤه في الخادم"
SCN-928,M-14,إلزام,"يجب أن تُعرض شاشةُ «حالات المستندات وانتقالاتها» لـالمالية والخزينة بنطاق مستندات إدارته § SCN-928 § اختبارُ حجب: المحجوبُ لا يُصيَّر ولا يُقبل نداؤه في الخادم"
SCN-929,M-14,إلزام,"يجب أن تُعرض شاشةُ «حالات المستندات وانتقالاتها» لـالمبيعات والعقود بنطاق مستندات إدارته § SCN-929 § اختبارُ حجب: المحجوبُ لا يُصيَّر ولا يُقبل نداؤه في الخادم"
SCN-930,M-14,إلزام,"يجب أن تُعرض شاشةُ «حالات المستندات وانتقالاتها» لـإدارة الموردين بنطاق مستندات إدارته § SCN-930 § اختبارُ حجب: المحجوبُ لا يُصيَّر ولا يُقبل نداؤه في الخادم"
SCN-931,M-14,إلزام,"يجب أن تُعرض شاشةُ «حالات المستندات وانتقالاتها» لـإدارة الصيانة بنطاق مستندات إدارته § SCN-931 § اختبارُ حجب: المحجوبُ لا يُصيَّر ولا يُقبل نداؤه في الخادم"
SCN-932,M-14,إلزام,"يجب أن تُعرض شاشةُ «حالات المستندات وانتقالاتها» لـالمخازن بنطاق مستندات إدارته § SCN-932 § اختبارُ حجب: المحجوبُ لا يُصيَّر ولا يُقبل نداؤه في الخادم"
SCN-933,M-14,إلزام,"يجب أن تُعرض شاشةُ «حالات المستندات وانتقالاتها» لـالنقل والترحيل بنطاق مستندات إدارته § SCN-933 § اختبارُ حجب: المحجوبُ لا يُصيَّر ولا يُقبل نداؤه في الخادم"
SCN-934,M-14,إلزام,"يجب أن تُعرض شاشةُ «حالات المستندات وانتقالاتها» لـالتمويل والملكية بنطاق مستندات إدارته § SCN-934 § اختبارُ حجب: المحجوبُ لا يُصيَّر ولا يُقبل نداؤه في الخادم"
SCN-935,M-14,إلزام,"يجب أن تُعرض شاشةُ «حالات المستندات وانتقالاتها» لـالموارد البشرية بنطاق مستندات إدارته § SCN-935 § اختبارُ حجب: المحجوبُ لا يُصيَّر ولا يُقبل نداؤه في الخادم"
SCN-942,M-14,"إتاحة شاشة","يجب أن تُتاح شاشةُ «بصمة الإصدار وتقرير النشر» لـالحوكمة والالتزام بنطاق كل النظام § SCN-942 § اختبارُ ظهور: تظهر الشاشةُ للدور المالك بنطاقها ولا تظهر لمن لا صلاحيةَ له"
SCN-943,M-14,أخرى,"وأولُها الكيان · رقم الإصدار · بصمة الإصدار · تاريخ النشر · نوع الإصدار · الشاشات المضافة. § SCN-943 § اختبارُ اكتمال: كلُّ عمودٍ معتمدٍ موجودٌ وصفرُ عمودٍ غيرِ معرَّف"
SCN-944,M-14,إلزام,"يجب أن يُنفَّذ فعلُ «نشرُ إصدار» من شاشة «بصمة الإصدار § SCN-944 § اختبارُ أثر: تنفيذُ الفعل يُحدث بصمةُ الإصدار تُثبَّت · وتقريرُ الاكتمال يُصدَر بالشاشات وال"
SCN-945,M-14,إلزام,"يجب أن يقبل فعلُ «نشرُ إصدار» عكسًا — نطاقُ الحكم § SCN-945 § اختبارُ عكس: العكسُ يُنشئ حركةً مقابلةً بمرجع الأصل"
SCN-946,M-00-NEW·M-00,"إتاحة شاشة","يجب أن تُتاح شاشةُ «اعتمادات المدير التنفيذي» لـالإدارة التنفيذية بنطاق ما تجاوز سقوف الإدارات § SCN-946 § اختبارُ ظهور: تظهر الشاشةُ للدور المالك بنطاقها ولا تظهر لمن لا صلاحيةَ له"
SCN-947,M-00-NEW·M-00,إلزام,"يجب أن تحمل شاشةُ «اعتمادات المدير التنفيذي» أعمدتَها المعتمدةَ وعددُها 20 عمودًا § SCN-947 § اختبارُ اكتمال: كلُّ عمودٍ معتمدٍ موجودٌ وصفرُ عمودٍ غيرِ معرَّف"
SCN-948,M-00-NEW·M-00,إلزام,"يجب أن يُنفَّذ فعلُ «اعتمادُ الإدارة العليا» من شاشة «اعتمادات المدير التنفيذي» بواسطة المديرُ التنفيذي، فيُكتب في approvals · audit ويُنشر الحدثُ ExecApproved ويستهلكه الإدارةُ الطالبة · الحوكمة § SCN-948 § اختبارُ أثر: تنفيذُ الفعل يُحدث المستندُ ينفذ بعد أعلى حلقةٍ في السلّم · والتوقيعُ يُسجَّل ب"
SCN-949,M-00-NEW·M-00,إلزام,"يجب أن يقبل فعلُ «اعتمادُ الإدارة العليا» عكسًا — نطاقُ الحكم § SCN-949 § اختبارُ عكس: العكسُ يُنشئ حركةً مقابلةً بمرجع الأصل"
SCN-950,M-00-NEW·M-00,إلزام,"يجب أن تُعرض شاشةُ «اعتمادات المدير التنفيذي» لـالمالية والخزينة بنطاق طلباته § SCN-950 § اختبارُ حجب: المحجوبُ لا يُصيَّر ولا يُقبل نداؤه في الخادم"
SCN-951,M-00-NEW·M-00,إلزام,"يجب أن تُعرض شاشةُ «اعتمادات المدير التنفيذي» لـالمبيعات والعقود بنطاق طلباته § SCN-951 § اختبارُ حجب: المحجوبُ لا يُصيَّر ولا يُقبل نداؤه في الخادم"
SCN-952,M-00-NEW·M-00,إلزام,"يجب أن تُعرض شاشةُ «اعتمادات المدير التنفيذي» لـإدارة الموردين بنطاق طلباته § SCN-952 § اختبارُ حجب: المحجوبُ لا يُصيَّر ولا يُقبل نداؤه في الخادم"
SCN-953,M-00-NEW·M-00,إلزام,"يجب أن تُعرض شاشةُ «اعتمادات المدير التنفيذي» لـالتمويل والملكية بنطاق طلباته § SCN-953 § اختبارُ حجب: المحجوبُ لا يُصيَّر ولا يُقبل نداؤه في الخادم"
SCN-954,M-00-NEW·M-00,إلزام,"يجب أن تُعرض شاشةُ «اعتمادات المدير التنفيذي» لـالموارد البشرية بنطاق طلباته § SCN-954 § اختبارُ حجب: المحجوبُ لا يُصيَّر ولا يُقبل نداؤه في الخادم"
SCN-955,M-00-NEW·M-00,إلزام,"يجب أن تُعرض شاشةُ «اعتمادات المدير التنفيذي» لـإدارة التشغيل بنطاق طلباته § SCN-955 § اختبارُ حجب: المحجوبُ لا يُصيَّر ولا يُقبل نداؤه في الخادم"
SCN-956,M-00-NEW·M-00,إلزام,"يجب أن تُعرض شاشةُ «اعتمادات المدير التنفيذي» لـالحوكمة والالتزام بنطاق طلباته § SCN-956 § اختبارُ حجب: المحجوبُ لا يُصيَّر ولا يُقبل نداؤه في الخادم"
SCN-957,M-00-NEW·M-00,"إتاحة شاشة","يجب أن تُتاح شاشةُ «توقيع العقود والالتزامات» لـالإدارة التنفيذية بنطاق كل العقود § SCN-957 § اختبارُ ظهور: تظهر الشاشةُ للدور المالك بنطاقها ولا تظهر لمن لا صلاحيةَ له"
SCN-958,M-00-NEW·M-00,إلزام,"يجب أن تحمل شاشةُ «توقيع العقود والالتزامات» أعمدتَها المعتمدةَ وعددُها 24 عمودًا § SCN-958 § اختبارُ اكتمال: كلُّ عمودٍ معتمدٍ موجودٌ وصفرُ عمودٍ غيرِ معرَّف"
SCN-960,M-00-NEW·M-00,إلزام,"يجب أن يقبل فعلُ «التوقيعُ على عقد» عكسًا — نطاقُ الحكم § SCN-960 § اختبارُ عكس: العكسُ يُنشئ حركةً مقابلةً بمرجع الأصل"
SCN-961,M-00-NEW·M-00,إلزام,"يجب أن تُعرض شاشةُ «توقيع العقود والالتزامات» لـالمبيعات والعقود بنطاق عقوده § SCN-961 § اختبارُ حجب: المحجوبُ لا يُصيَّر ولا يُقبل نداؤه في الخادم"
SCN-962,M-00-NEW·M-00,إلزام,"يجب أن تُعرض شاشةُ «توقيع العقود والالتزامات» لـإدارة الموردين بنطاق عقوده § SCN-962 § اختبارُ حجب: المحجوبُ لا يُصيَّر ولا يُقبل نداؤه في الخادم"
SCN-963,M-00-NEW·M-00,إلزام,"يجب أن تُعرض شاشةُ «توقيع العقود والالتزامات» لـالتمويل والملكية بنطاق عملياته § SCN-963 § اختبارُ حجب: المحجوبُ لا يُصيَّر ولا يُقبل نداؤه في الخادم"
SCN-964,M-00-NEW·M-00,إلزام,"يجب أن تُعرض شاشةُ «توقيع العقود والالتزامات» لـالحوكمة والالتزام بنطاق كل العقود § SCN-964 § اختبارُ حجب: المحجوبُ لا يُصيَّر ولا يُقبل نداؤه في الخادم"
SCN-965,M-00-NEW·M-00,"إتاحة شاشة","يجب أن تُتاح شاشةُ «قرار فتح مشروع جديد» لـالإدارة التنفيذية بنطاق كل المشاريع § SCN-965 § اختبارُ ظهور: تظهر الشاشةُ للدور المالك بنطاقها ولا تظهر لمن لا صلاحيةَ له"
SCN-966,M-00-NEW·M-00,أخرى,"وأولُها الكيان · رقم القرار · اسم المشروع · العميل · العقد · الموقع أو المواقع. § SCN-966 § اختبارُ اكتمال: كلُّ عمودٍ معتمدٍ موجودٌ وصفرُ عمودٍ غيرِ معرَّف"
SCN-968,M-00-NEW·M-00,إلزام,"يجب أن يقبل فعلُ «اعتمادُ فتح مشروع» عكسًا — نطاقُ الحكم § SCN-968 § اختبارُ عكس: العكسُ يُنشئ حركةً مقابلةً بمرجع الأصل"
SCN-969,M-00-NEW·M-00,أخرى,"بأفعالٍ مسموحةٍ هي إفادةٌ تشغيلية · ترشيحُ مدير الموقع، ومحجوبٍ عنه: الاعتماد. § SCN-969 § اختبارُ حجب: المحجوبُ لا يُصيَّر ولا يُقبل نداؤه في الخادم"
SCN-970,M-00-NEW·M-00,أخرى,"بأفعالٍ مسموحةٍ هي إفادةٌ تعاقدية، ومحجوبٍ عنه: الاعتماد. § SCN-970 § اختبارُ حجب: المحجوبُ لا يُصيَّر ولا يُقبل نداؤه في الخادم"
SCN-971,M-00-NEW·M-00,أخرى,"بأفعالٍ مسموحةٍ هي إفادةُ قوى، ومحجوبٍ عنه: الاعتماد. § SCN-971 § اختبارُ حجب: المحجوبُ لا يُصيَّر ولا يُقبل نداؤه في الخادم"
SCN-972,M-00-NEW·M-00,أخرى,"بأفعالٍ مسموحةٍ هي إفادةٌ مالية · فتحُ مركز تكلفة، ومحجوبٍ عنه: الاعتماد. § SCN-972 § اختبارُ حجب: المحجوبُ لا يُصيَّر ولا يُقبل نداؤه في الخادم"
SCN-973,M-00-NEW·M-00,أخرى,"بأفعالٍ مسموحةٍ هي إفادةُ أسطول، ومحجوبٍ عنه: الاعتماد. § SCN-973 § اختبارُ حجب: المحجوبُ لا يُصيَّر ولا يُقبل نداؤه في الخادم"
SCN-974,M-00-NEW·M-00,أخرى,"بأفعالٍ مسموحةٍ هي إفادةُ تمويل، ومحجوبٍ عنه: الاعتماد. § SCN-974 § اختبارُ حجب: المحجوبُ لا يُصيَّر ولا يُقبل نداؤه في الخادم"
SCN-975,M-00-NEW·M-00,"إتاحة شاشة","يجب أن تُتاح شاشةُ «المخاطر والقرارات العليا» لـالإدارة التنفيذية بنطاق كل الشركة § SCN-975 § اختبارُ ظهور: تظهر الشاشةُ للدور المالك بنطاقها ولا تظهر لمن لا صلاحيةَ له"
SCN-976,M-00-NEW·M-00,أخرى,"وأولُها الكيان · رقم القرار · تاريخ الرفع · الجهة الرافعة · نوع القضية · وصف القضية. § SCN-976 § اختبارُ اكتمال: كلُّ عمودٍ معتمدٍ موجودٌ وصفرُ عمودٍ غيرِ معرَّف"
SCN-977,M-00-NEW·M-00,أخرى,"القرارات العليا» بواسطة المديرُ التنفيذي، فيُكتب في exec_decisions · assignments ويُنشر الحدثُ ExecDecisionMade ويستهلكه الإدارةُ المكلَّفة · الحوكمة § SCN-977 § اختبارُ أثر: تنفيذُ الفعل يُحدث القرارُ يُلزم الإدارةَ المكلَّفة بمهلته · ويُسجَّل في سجل ال"
SCN-978,M-00-NEW·M-00,إلزام,"يجب أن يقبل فعلُ «حسمُ قضيةٍ عليا» عكسًا — نطاقُ الحكم § SCN-978 § اختبارُ عكس: العكسُ يُنشئ حركةً مقابلةً بمرجع الأصل"
SCN-979,M-00-NEW·M-00,إلزام,"يجب أن تُعرض شاشةُ «المخاطر والقرارات العليا» لـالحوكمة والالتزام بنطاق الكل § SCN-979 § اختبارُ حجب: المحجوبُ لا يُصيَّر ولا يُقبل نداؤه في الخادم"
TS-02,E-06,أخرى,"تُكتب حالةُ الاختبار بصيغة «بمعطى… وعند… فإن…». فالمعطى حالةُ النظام قبل الفعل، والعندُ الفعلُ نفسُه، والفإنُّ النتيجةُ المتوقعةُ بدقة. § ● والصيغةُ الموحَّدةُ تجعل الحالةَ قابلةً للأتمتة — والوصفُ الحرُّ يحتاج تفسيرًا في كل مرة."
TS-03,E-06,أخرى,"كلُّ متطلبٍ في كل وثيقةٍ له اختبارُ قبولٍ محدَّد. وكلُّ اختبارٍ يعود لمتطلب. والفحصان الملزمان في كل مصفوفة تتبع. § ● والمتطلبُ بلا اختبارٍ لا يُقبل — والاختبارُ بلا متطلبٍ يُحذف أو يُنشأ له متطلب."
TS-05,E-06,أخرى,"يُختبر العزلُ بين الكيانات في كل إصدار: محاولةُ قراءةِ بيانِ كيانٍ آخرَ بكل المسارات — الواجهةِ والنداءِ المباشرِ والاستعلام. § ● ونجاحُ محاولةٍ واحدةٍ يوقف الإصدارَ — فالعزلُ إمّا تامٌّ أو غيرُ موجود."
TS-06,E-06,أخرى,"يُنفّذ المستخدمُ سيناريوَ عمله الحقيقيَّ لا سيناريو التصميم. ويُقاس نجاحُه بإتمام المهمة بلا مساعدةٍ لا برضاه. § ● والعرضُ ليس قبولًا — فالمشاهدةُ لا تكشف ما تكشفه المحاولة."
UXP-001,E-03,أخرى,"الجزءُ الأولُ من حكمٍ مركَّبٍ — ويحمل نطاقَ الحكم"
UXP-002,E-03,أخرى,"كل شاشة واسم ولوحة وجدول ورسالة يُقاس على الدستور § UXP-002 § اختبارُ عرض: بمعطى دورٍ مخوَّلٍ لـ«كل شاشة واسم ولوحة وجدول ورسالة يُقاس على الدستور — …» · وعند فتحها من مرحلتها في الدورة · فإن الشاشةَ تُصيَّر بأعمدتها وأفعالها المسموحة · والمجموعةُ الفارغةُ لا تُعرض · ومرجعُ حالة المصدر: UXP-057 · UXP-064"
UXP-003,E-03,أخرى,"سلّم التعارض في نطاق التجربة — نطاقُ الحكم § UXP-003 § اختبارُ منع: بمعطى محاولةٍ تخالف «الدستور ← وثيقة تطبيق الإدارة ← مواصفة الشاشة» · وعند تنفيذها · فإن الخادمَ يرفض برمزٍ وسببٍ ويُسجَّل الرفضُ بالمستخدم والوقت · ومرجعُ حالة المصدر: UXP-057 · UXP-064"
UXP-004,E-03,أخرى,"الإحالة لا التكرار — نطاقُ الحكم § UXP-004 § اختبارُ وجودٍ وسلوك: بمعطى بيئةٍ مهيَّأةٍ لـ«وثائق الإدارات» · وعند تنفيذ السيناريو الموصوف · فإن السلوكَ يطابق النصَّ ويُوثَّق الشاهدُ بلقطةٍ أو سجل · ومرجعُ حالة المصدر: UXP-057 · UXP-064"
UXP-005,E-03,ظهور,"الحدود — نطاقُ الحكم § UXP-005 § اختبارُ ظهور: بمعطى مستخدمٍ داخلَ النطاق وآخرَ خارجه لـ«المعمارية وقواعد البيانات والصلاحيات خارج نطاق الدست…» · وعند فتح الشاشة · فإن الأولَ يرى نطاقَه والثانيَ لا يُصيَّر له العنصرُ ولا يُرسَل في الاستجابة · ومرجعُ حالة المصدر: UXP-057 · UXP-064"
UXP-006,E-03,أخرى,"لا يُعدَّل الدستور من داخل وثيقة إدارة § UXP-006 § اختبارُ منع: بمعطى محاولةٍ تخالف «لا يُعدَّل الدستور من داخل وثيقة إدارة» · وعند تنفيذها · فإن الخادمَ يرفض برمزٍ وسببٍ ويُسجَّل الرفضُ بالمستخدم والوقت · ومرجعُ حالة المصدر: UXP-057 · UXP-064"
UXP-007,E-03,ظهور,"وتُرتَّب عناصرها بترتيب القلق لا بترتيب الجداول. § UXP-007 § اختبارُ ظهور: بمعطى مستخدمٍ داخلَ النطاق وآخرَ خارجه لـ«كل شاشة رئيسية تُفتتح بالسؤال الذي يدور في ذهن مستخد…» · وعند فتح الشاشة · فإن الأولَ يرى نطاقَه والثانيَ لا يُصيَّر له العنصرُ ولا يُرسَل في الاستجابة · ومرجعُ حالة المصدر: UXP-057 · UXP-064"
UXP-008,E-03,أخرى,"المبدأ ٢ — لا تسمية قبل الهندسة — نطاقُ الحكم § UXP-008 § اختبارُ منع: بمعطى محاولةٍ تخالف «لا يُعتمد اسم لأي شاشة قبل حسم هندستها (هل تبقى؟ لمن…» · وعند تنفيذها · فإن الخادمَ يرفض برمزٍ وسببٍ ويُسجَّل الرفضُ بالمستخدم والوقت · ومرجعُ حالة المصدر: UXP-057 · UXP-064"
UXP-009,E-03,ظهور,"تُبنى الشاشة من مهمة الموظف ودورة المستند لا من باب وثيقة أو اسم جدول أو محرّك § UXP-009 § اختبارُ ظهور: بمعطى مستخدمٍ داخلَ النطاق وآخرَ خارجه لـ«تُبنى الشاشة من مهمة الموظف ودورة المستند» · وعند فتح الشاشة · فإن الأولَ يرى نطاقَه والثانيَ لا يُصيَّر له العنصرُ ولا يُرسَل في الاستجابة · ومرجعُ حالة المصدر: UXP-057 · UXP-064"
UXP-010,E-03,ظهور,"المبدأ ٤ — الدورة أهم من الشاشة — نطاقُ الحكم § UXP-010 § اختبارُ ظهور: بمعطى مستخدمٍ داخلَ النطاق وآخرَ خارجه لـ«العملية الواحدة رحلة مستندية واحدة والشاشات خطواتها» · وعند فتح الشاشة · فإن الأولَ يرى نطاقَه والثانيَ لا يُصيَّر له العنصرُ ولا يُرسَل في الاستجابة · ومرجعُ حالة المصدر: UXP-057 · UXP-064"
UXP-011,E-03,أخرى,"المبدأ ٥ — مساحة العمل أهم من السايدبار — نطاقُ الحكم § UXP-011 § اختبارُ عرض: بمعطى دورٍ مخوَّلٍ لـ«نجاح النظام يُقاس بما تنجزه مساحة العمل» · وعند فتحها من مرحلتها في الدورة · فإن الشاشةَ تُصيَّر بأعمدتها وأفعالها المسموحة · والمجموعةُ الفارغةُ لا تُعرض · ومرجعُ حالة المصدر: UXP-057 · UXP-064"
UXP-012,E-03,ظهور,"المبدأ ٦ — لغة المهمة لا لغة التحليل — نطاقُ الحكم § UXP-012 § اختبارُ ظهور: بمعطى مستخدمٍ داخلَ النطاق وآخرَ خارجه لـ«كل نص يراه المستخدم — اسمًا وتعريفًا وزرًّا وحالة ور…» · وعند فتح الشاشة · فإن الأولَ يرى نطاقَه والثانيَ لا يُصيَّر له العنصرُ ولا يُرسَل في الاستجابة · ومرجعُ حالة المصدر: UXP-057 · UXP-064"
UXP-013,E-03,ظهور,"المبدأ ٧ — الإعدادات محجوبة عن اليومي — نطاقُ الحكم § UXP-013 § اختبارُ ظهور: بمعطى مستخدمٍ داخلَ النطاق وآخرَ خارجه لـ«الإعدادات والبيانات المرجعية باب خلف صلاحية» · وعند فتح الشاشة · فإن الأولَ يرى نطاقَه والثانيَ لا يُصيَّر له العنصرُ ولا يُرسَل في الاستجابة · ومرجعُ حالة المصدر: UXP-057 · UXP-064"
UXP-014,E-03,ظهور,"سجلات التدقيق التقنية (الأحداث، روابط الأثر، الناشر، النشاط) أدوات المراجع خلف صلاحيته لا نقاط عمل يومية، وتُجمع باسم «سجل التدقيق» في باب الإعدادات والتدقيق. § UXP-014 § اختبارُ ظهور: بمعطى مستخدمٍ داخلَ النطاق وآخرَ خارجه لـ«سجلات التدقيق التقنية (الأحداث» · وعند فتح الشاشة · فإن الأولَ يرى نطاقَه والثانيَ لا يُصيَّر له العنصرُ ولا يُرسَل في الاستجابة · ومرجعُ حالة المصدر: UXP-057 · UXP-064"
UXP-015,E-03,أخرى,"المبدأ ٩ — كل عملية رحلة — نطاقُ الحكم § UXP-015 § اختبارُ عرض: بمعطى دورٍ مخوَّلٍ لـ«لا شاشة تنتهي بطريق مسدود» · وعند فتحها من مرحلتها في الدورة · فإن الشاشةَ تُصيَّر بأعمدتها وأفعالها المسموحة · والمجموعةُ الفارغةُ لا تُعرض · ومرجعُ حالة المصدر: UXP-057 · UXP-064"
UXP-016,E-03,ظهور,"المبدأ ١٠ — لكل دور لوحته — نطاقُ الحكم § UXP-016 § اختبارُ ظهور: بمعطى مستخدمٍ داخلَ النطاق وآخرَ خارجه لـ«لا لوحة عامة مشتركة» · وعند فتح الشاشة · فإن الأولَ يرى نطاقَه والثانيَ لا يُصيَّر له العنصرُ ولا يُرسَل في الاستجابة · ومرجعُ حالة المصدر: UXP-057 · UXP-064"
UXP-017,E-03,أخرى,"لا جدول عامًّا (رقم · نوع · مبلغ · حالة) حيث تحتاج المهمة أكثر § UXP-017 § اختبارُ انتقال: بمعطى مستندٍ في حالته السابقةِ لـ«لا جدول عامًّا (رقم · نوع · مبلغ · حالة) حيث تحتاج ا…» · وعند تنفيذ المحفّز بمخوَّلٍ وشرطٍ مستوفًى · فإن الحالةَ تنتقل ويُسجَّل الانتقالُ بفاعله ووقته · والانتقالُ غيرُ المعرَّف يُرفض · ومرجعُ حالة المصدر: UXP-057 · UXP-064"
UXP-018,E-03,أخرى,"المبدأ ١٢ — لا اعتماد بلا اختبار رقمي — نطاقُ الحكم § UXP-018 § اختبارُ منع: بمعطى محاولةٍ تخالف «لا تُعتمد شاشة أو بنية قبل اختبارها مع مستخدمين فعلي…» · وعند تنفيذها · فإن الخادمَ يرفض برمزٍ وسببٍ ويُسجَّل الرفضُ بالمستخدم والوقت · ومرجعُ حالة المصدر: UXP-057 · UXP-064"
UXP-019,E-03,أخرى,"النظام يفكر لا المستخدم، وكل سؤال يطرحه النظام مبرَّره الوحيد أنه لا يستطيع استنتاج جوابه. § UXP-019 § اختبارُ عرض: بمعطى دورٍ مخوَّلٍ لـ«كل شاشة تقلّل عدد القرارات التي يضطر المستخدم لاتخاذ…» · وعند فتحها من مرحلتها في الدورة · فإن الشاشةَ تُصيَّر بأعمدتها وأفعالها المسموحة · والمجموعةُ الفارغةُ لا تُعرض · ومرجعُ حالة المصدر: UXP-057 · UXP-064"
UXP-020,E-03,أخرى,"لا يجوز مطالبة المستخدم بإدخال معلومة يستطيع النظام معرفتها أو استنتاجها أو نسخها تلقائيًّا § UXP-020 § اختبارُ منع: بمعطى محاولةٍ تخالف «لا يجوز مطالبة المستخدم بإدخال معلومة يستطيع النظام …» · وعند تنفيذها · فإن الخادمَ يرفض برمزٍ وسببٍ ويُسجَّل الرفضُ بالمستخدم والوقت · ومرجعُ حالة المصدر: UXP-057 · UXP-064"
UXP-021,E-03,أخرى,"منهج الخطوات التسع لأي إدارة بالترتيب الملزم — نطاقُ الحكم § UXP-021 § اختبارُ منع: بمعطى محاولةٍ تخالف «① الجرد ببطاقة الأسئلة الخمس عشرة ② الحالة الذهنية ل…» · وعند تنفيذها · فإن الخادمَ يرفض برمزٍ وسببٍ ويُسجَّل الرفضُ بالمستخدم والوقت · ومرجعُ حالة المصدر: UXP-057 · UXP-064"
UXP-022,E-03,أخرى,"المستخدم · المهمة · المدخل · المخرج · السابق · التالي · النوع · الاستقلال · التبويب · الإخفاء · التكرار · صحة التعريف · كفاية الجدول · النواقص · إجراءات الصف. § UXP-022 § اختبارُ عرض: بمعطى دورٍ مخوَّلٍ لـ«المستخدم · المهمة · المدخل · المخرج · السابق · التال…» · وعند فتحها من مرحلتها في الدورة · فإن الشاشةَ تُصيَّر بأعمدتها وأفعالها المسموحة · والمجموعةُ الفارغةُ لا تُعرض · ومرجعُ حالة المصدر: UXP-057 · UXP-064"
UXP-023,E-03,أخرى,"بحكم نافذ لكل شاشة (تبقى / تندمج / تبويب / تخفى / تنقل / تُلغى). § UXP-023 § اختبارُ عرض: بمعطى دورٍ مخوَّلٍ لـ«مساحة عمل · سجل تشغيلي · ملف رئيسي · تقرير/لوحة · إع…» · وعند فتحها من مرحلتها في الدورة · فإن الشاشةَ تُصيَّر بأعمدتها وأفعالها المسموحة · والمجموعةُ الفارغةُ لا تُعرض · ومرجعُ حالة المصدر: UXP-057 · UXP-064"
UXP-024,E-03,ظهور,"تشخيص ببطاقات الجرد، خرائط الأدوار والدورات، مصفوفة الأحكام، السايدبار المصيَّر، اللوحات، المواصفات، النماذج التخطيطية، مصفوفة الأسماء، تقرير الاختبار § UXP-024 § اختبارُ ظهور: بمعطى مستخدمٍ داخلَ النطاق وآخرَ خارجه لـ«تشخيص ببطاقات الجرد» · وعند فتح الشاشة · فإن الأولَ يرى نطاقَه والثانيَ لا يُصيَّر له العنصرُ ولا يُرسَل في الاستجابة · ومرجعُ حالة المصدر: UXP-057 · UXP-064"
UXP-025,E-03,أخرى,"أنماط التسمية الخمسة — نطاقُ الحكم § UXP-025 § اختبارُ وجودٍ وسلوك: بمعطى بيئةٍ مهيَّأةٍ لـ«السجلات (اسم جمع مجرد) · العمليات (فعل المهمة أو اسم…» · وعند تنفيذ السيناريو الموصوف · فإن السلوكَ يطابق النصَّ ويُوثَّق الشاهدُ بلقطةٍ أو سجل · ومرجعُ حالة المصدر: UXP-057 · UXP-064"
UXP-026,E-03,ظهور,"القصر كلمتان إلى ثلاث بلا وصف نتيجة مكان اسم مهمة · اسم العرض بلغة العمل § UXP-026 § اختبارُ ظهور: بمعطى مستخدمٍ داخلَ النطاق وآخرَ خارجه لـ«القصر كلمتان إلى ثلاث بلا وصف نتيجة مكان اسم مهمة · …» · وعند فتح الشاشة · فإن الأولَ يرى نطاقَه والثانيَ لا يُصيَّر له العنصرُ ولا يُرسَل في الاستجابة · ومرجعُ حالة المصدر: UXP-057 · UXP-064"
UXP-027,E-03,أخرى,"«الوحدات التشغيلية» بدل «الساعات» حيث يتسع النظام للطن والمتر. § — ذريّ § اختبارُ وجودٍ وسلوك: بمعطى بيئةٍ مهيَّأةٍ لـ««الوحدات التشغيلية» بدل «الساعات» حيث يتسع النظام لل…» · وعند تنفيذ السيناريو الموصوف · فإن السلوكَ يطابق النصَّ ويُوثَّق الشاهدُ بلقطةٍ أو سجل · ومرجعُ حالة المصدر: UXP-057 · UXP-064"
UXP-028,E-03,أخرى,"لغة الأزرار والحالات — نطاقُ الحكم § UXP-028 § اختبارُ انتقال: بمعطى مستندٍ في حالته السابقةِ لـ«الأزرار أفعال («إرسال للاعتماد»» · وعند تنفيذ المحفّز بمخوَّلٍ وشرطٍ مستوفًى · فإن الحالةَ تنتقل ويُسجَّل الانتقالُ بفاعله ووقته · والانتقالُ غيرُ المعرَّف يُرفض · ومرجعُ حالة المصدر: UXP-057 · UXP-064"
UXP-029,E-03,أخرى,"طقم الحالات الموحّد بألوان ثابتة عبر النظام — نطاقُ الحكم § UXP-029 § اختبارُ انتقال: بمعطى مستندٍ في حالته السابقةِ لـ«مسودة · قيد المراجعة · بانتظار اعتماد (فلان) · معتمد…» · وعند تنفيذ المحفّز بمخوَّلٍ وشرطٍ مستوفًى · فإن الحالةَ تنتقل ويُسجَّل الانتقالُ بفاعله ووقته · والانتقالُ غيرُ المعرَّف يُرفض · ومرجعُ حالة المصدر: UXP-057 · UXP-064"
UXP-030,E-03,أخرى,"ولغة الإعادة: «أُعيد إليك لاستكمال: (السبب)» بإبراز الحقول الناقصة وبالرقم نفسه. § UXP-030 § اختبارُ اكتمال: بمعطى شاشةٍ أو جدولٍ يخصُّ «ما نقص» · وعند فحص بنيته · فإن كلَّ عمودٍ معتمدٍ موجودٌ وصفرُ عمودٍ غيرِ معرَّف · والأعمدةُ الحاكمةُ السبعةُ حاضرة · ومرجعُ حالة المصدر: UXP-057 · UXP-064"
UXP-031,E-03,أخرى,"المحظور المعماري في الواجهات — لا تظهر للمستخدم إطلاقًا — نطاقُ الحكم § UXP-031 § اختبارُ حدث: بمعطى تنفيذِ «المحظور المعماري في الواجهات —» · وعند وقوع الفعل · فإن الحدثَ يُنشر بمفتاحه ويستهلكه المعنيُّ ويتغير أثرُه · وإعادةُ النداء ترجع مرجعَ الأثر الأول · ومرجعُ حالة المصدر: UXP-057 · UXP-064"
UXP-032,E-03,أخرى,"تعريف لغة المهمة — نطاقُ الحكم § UXP-032 § اختبارُ منع: بمعطى محاولةٍ تخالف «افتتاح التعريف بفعل المستخدم + متى يدخل + ما ينتظره …» · وعند تنفيذها · فإن الخادمَ يرفض برمزٍ وسببٍ ويُسجَّل الرفضُ بالمستخدم والوقت · ومرجعُ حالة المصدر: UXP-057 · UXP-064"
UXP-033,E-03,أخرى,"سطر «ما هذه الشاشة؟» — نطاقُ الحكم § UXP-033 § اختبارُ عرض: بمعطى دورٍ مخوَّلٍ لـ«جملة غرض واحدة أسفل كل عنوان» · وعند فتحها من مرحلتها في الدورة · فإن الشاشةَ تُصيَّر بأعمدتها وأفعالها المسموحة · والمجموعةُ الفارغةُ لا تُعرض · ومرجعُ حالة المصدر: UXP-057 · UXP-064"
UXP-034,E-03,أخرى,"الحالة الفارغة تُرشد: جملة توجيه وزر الخطوة الأولى — لا جدول خاويًا. § — ذريّ § اختبارُ وجودٍ وسلوك: بمعطى بيئةٍ مهيَّأةٍ لـ«جملة توجيه وزر الخطوة الأولى —» · وعند تنفيذ السيناريو الموصوف · فإن السلوكَ يطابق النصَّ ويُوثَّق الشاهدُ بلقطةٍ أو سجل · ومرجعُ حالة المصدر: UXP-057 · UXP-064"
UXP-035,E-03,أخرى,"المرحلة الحالية مضاءة والتالية باسم صاحبها والسجل تبويبًا. § UXP-035 § اختبارُ عرض: بمعطى دورٍ مخوَّلٍ لـ«المرحلة الحالية مضاءة والتالية باسم صاحبها والسجل تب…» · وعند فتحها من مرحلتها في الدورة · فإن الشاشةَ تُصيَّر بأعمدتها وأفعالها المسموحة · والمجموعةُ الفارغةُ لا تُعرض · ومرجعُ حالة المصدر: UXP-057 · UXP-064"
UXP-036,E-03,أخرى,"بطاقات الكيانات تُفتح من سجلاتها لا من السايدبار، وتبويباتها تحمل تفاصيلها § UXP-036 § اختبارُ اكتمال: بمعطى شاشةٍ أو جدولٍ يخصُّ «بطاقات الكيانات تُفتح من سجلاتها» · وعند فحص بنيته · فإن كلَّ عمودٍ معتمدٍ موجودٌ وصفرُ عمودٍ غيرِ معرَّف · والأعمدةُ الحاكمةُ السبعةُ حاضرة · ومرجعُ حالة المصدر: UXP-057 · UXP-064"
UXP-037,E-03,أخرى,"العمق — نطاقُ الحكم § UXP-037 § اختبارُ وجودٍ وسلوك: بمعطى بيئةٍ مهيَّأةٍ لـ«الوصول لمساحة المهمة نقرتان كحد أقصى» · وعند تنفيذ السيناريو الموصوف · فإن السلوكَ يطابق النصَّ ويُوثَّق الشاهدُ بلقطةٍ أو سجل · ومرجعُ حالة المصدر: UXP-057 · UXP-064"
UXP-038,E-03,أخرى,"الأبواب الستة القياسية — نطاقُ الحكم § UXP-038 § اختبارُ اكتمال: بمعطى شاشةٍ أو جدولٍ يخصُّ «① الرئيسية (لوحة الدور) ② العمل اليومي (الإدخال والإ…» · وعند فحص بنيته · فإن كلَّ عمودٍ معتمدٍ موجودٌ وصفرُ عمودٍ غيرِ معرَّف · والأعمدةُ الحاكمةُ السبعةُ حاضرة · ومرجعُ حالة المصدر: UXP-057 · UXP-064"
UXP-039,E-03,أخرى,"التخصيص لا الخرق — نطاقُ الحكم § UXP-039 § اختبارُ إلزام: بمعطى محاولةِ إتمامٍ بلا استيفاء «يجوز لإدارة تفصيل أبوابها (كالسباعي المالي بفصل العم…» · وعند الحفظ · فإن الحارسَ يرفض ويبيّن الناقصَ · وباستيفائه ينجح الحفظ · ومرجعُ حالة المصدر: UXP-057 · UXP-064"
UXP-040,E-03,أخرى,"القوائم الوسيطة تُلغى — نطاقُ الحكم § UXP-040 § اختبارُ وجودٍ وسلوك: بمعطى بيئةٍ مهيَّأةٍ لـ«لا رابط يقود إلى قائمة روابط» · وعند تنفيذ السيناريو الموصوف · فإن السلوكَ يطابق النصَّ ويُوثَّق الشاهدُ بلقطةٍ أو سجل · ومرجعُ حالة المصدر: UXP-057 · UXP-064"
UXP-042,E-03,أخرى,"مكوّنات اللوحة السبعة — نطاقُ الحكم § UXP-042 § اختبارُ عرض: بمعطى دورٍ مخوَّلٍ لـ«① مؤشرات اليوم (٣–٥ أرقام تُقرَّر منها أفعال اليوم) …» · وعند فتحها من مرحلتها في الدورة · فإن الشاشةَ تُصيَّر بأعمدتها وأفعالها المسموحة · والمجموعةُ الفارغةُ لا تُعرض · ومرجعُ حالة المصدر: UXP-057 · UXP-064"
UXP-043,E-03,أخرى,"كل رقم على اللوحة ينقر إلى مصدره § UXP-043 § اختبارُ منع: بمعطى محاولةٍ تخالف «كل رقم على اللوحة ينقر إلى مصدره» · وعند تنفيذها · فإن الخادمَ يرفض برمزٍ وسببٍ ويُسجَّل الرفضُ بالمستخدم والوقت · ومرجعُ حالة المصدر: UXP-057 · UXP-064"
UXP-044,E-03,أخرى,"متعدد الأدوار — نطاقُ الحكم § UXP-044 § اختبارُ وجودٍ وسلوك: بمعطى بيئةٍ مهيَّأةٍ لـ«مبدّل مساحة من الشريط العلوي» · وعند تنفيذ السيناريو الموصوف · فإن السلوكَ يطابق النصَّ ويُوثَّق الشاهدُ بلقطةٍ أو سجل · ومرجعُ حالة المصدر: UXP-057 · UXP-064"
UXP-045,E-03,أخرى,"الجديدة وترتيبها · الفلاتر · البحث · أزرار الصف · حالات السجل · التنبيهات · المجاميع · التصدير · رابط المستند الأصلي · المرجع التخصصي § UXP-045 § اختبارُ انتقال: بمعطى مستندٍ في حالته السابقةِ لـ«الاسم المقترح · الغرض العملي · المستخدم · الأعمدة ال…» · وعند تنفيذ المحفّز بمخوَّلٍ وشرطٍ مستوفًى · فإن الحالةَ تنتقل ويُسجَّل الانتقالُ بفاعله ووقته · والانتقالُ غيرُ المعرَّف يُرفض · ومرجعُ حالة المصدر: UXP-057 · UXP-064"
UXP-046,E-03,أخرى,"رابط الأصل واجب — نطاقُ الحكم § UXP-046 § اختبارُ وجودٍ وسلوك: بمعطى بيئةٍ مهيَّأةٍ لـ«كل صف ناتج يصل بنقرة إلى مستنده الأصلي (طلب/أمر/عقد/…» · وعند تنفيذ السيناريو الموصوف · فإن السلوكَ يطابق النصَّ ويُوثَّق الشاهدُ بلقطةٍ أو سجل · ومرجعُ حالة المصدر: UXP-057 · UXP-064"
UXP-047,E-03,أخرى,"ما يلزم مستنديًّا وضريبيًّا وقانونيًّا وتشغيليًّا أعمدة واجبة § UXP-047 § اختبارُ منع: بمعطى محاولةٍ تخالف «جداول كل إدارة تُبنى على معاييرها المهنية والنظامية …» · وعند تنفيذها · فإن الخادمَ يرفض برمزٍ وسببٍ ويُسجَّل الرفضُ بالمستخدم والوقت · ومرجعُ حالة المصدر: UXP-057 · UXP-064"
UXP-048,E-01,أخرى,"هيكل الحدث المالي الموحّد — نطاقُ الحكم § UXP-048 § اختبارُ حساب: بمعطى مدخلاتٍ معلومةٍ لـ«كل سجل ذي أثر مالي في أي إدارة يحمل الهيكل الأدنى ال…» · وعند إعادة الحساب من المصدر · فإن الناتجَ يطابق المعروضَ بلا فرق · ومرجعُ حالة المصدر: UXP-057 · UXP-064"
UXP-049,E-02,أخرى,"زمن العمل التشغيلي · وحدة العقد واستحقاقها · كمية الإنتاج التحليلية § UXP-049 § اختبارُ منع: بمعطى محاولةٍ تخالف «زمن العمل التشغيلي · وحدة العقد واستحقاقها · كمية ال…» · وعند تنفيذها · فإن الخادمَ يرفض برمزٍ وسببٍ ويُسجَّل الرفضُ بالمستخدم والوقت · ومرجعُ حالة المصدر: UXP-057 · UXP-064"
UXP-050,E-02,أخرى,"أحكام الأطراف لا التطابق — نطاقُ الحكم § UXP-050 § اختبارُ وجودٍ وسلوك: بمعطى بيئةٍ مهيَّأةٍ لـ«شاشات الوحدات تعرض واقعة واحدة وبطاقات حكم مستقلة لك…» · وعند تنفيذ السيناريو الموصوف · فإن السلوكَ يطابق النصَّ ويُوثَّق الشاهدُ بلقطةٍ أو سجل · ومرجعُ حالة المصدر: UXP-057 · UXP-064"
UXP-051,E-02,أخرى,"شاشات ما بعد الاعتماد تقرأ من سجل الوحدات القانوني بوصفه طبقة الحقيقة، وبياناته مشتقة من إدخال التايم شيت اليومي متصلة به مرجعيًّا بلا إعادة إدخال. § UXP-051 § اختبارُ وجودٍ وسلوك: بمعطى بيئةٍ مهيَّأةٍ لـ«شاشات ما بعد الاعتماد تقرأ من سجل الوحدات القانوني ب…» · وعند تنفيذ السيناريو الموصوف · فإن السلوكَ يطابق النصَّ ويُوثَّق الشاهدُ بلقطةٍ أو سجل · ومرجعُ حالة المصدر: UXP-057 · UXP-064"
UXP-052,E-03,أخرى,"مركز تقارير واحد — نطاقُ الحكم § UXP-052 § اختبارُ منع: بمعطى محاولةٍ تخالف «كل التقارير عبره ببحث وتصنيف —» · وعند تنفيذها · فإن الخادمَ يرفض برمزٍ وسببٍ ويُسجَّل الرفضُ بالمستخدم والوقت · ومرجعُ حالة المصدر: UXP-057 · UXP-064"
UXP-053,E-03,أخرى,"التنبيه بسبب وقفزة — نطاقُ الحكم § UXP-053 § اختبارُ انتقال: بمعطى مستندٍ في حالته السابقةِ لـ«كل تنبيه يحمل سببه وزر الانتقال إلى موضع الفعل — ولا…» · وعند تنفيذ المحفّز بمخوَّلٍ وشرطٍ مستوفًى · فإن الحالةَ تنتقل ويُسجَّل الانتقالُ بفاعله ووقته · والانتقالُ غيرُ المعرَّف يُرفض · ومرجعُ حالة المصدر: UXP-057 · UXP-064"
UXP-054,E-03,أخرى,"Redirects إلزامية — نطاقُ الحكم § UXP-054 § اختبارُ منع: بمعطى محاولةٍ تخالف «كل مسار قديم يُحوَّل آليًّا لموضعه الجديد» · وعند تنفيذها · فإن الخادمَ يرفض برمزٍ وسببٍ ويُسجَّل الرفضُ بالمستخدم والوقت · ومرجعُ حالة المصدر: UXP-057 · UXP-064"
UXP-055,E-04,ظهور,"بعد كل مرحلة تغيير تُختبر مصفوفة صلاحيات كل دور كاملة، ويثبت الفحص الآلي صفر روابط ميتة أو مكررة. § UXP-055 § اختبارُ ظهور: بمعطى مستخدمٍ داخلَ النطاق وآخرَ خارجه لـ«بعد كل مرحلة تغيير تُختبر مصفوفة صلاحيات كل دور كامل…» · وعند فتح الشاشة · فإن الأولَ يرى نطاقَه والثانيَ لا يُصيَّر له العنصرُ ولا يُرسَل في الاستجابة · ومرجعُ حالة المصدر: UXP-057 · UXP-064"
UXP-056,E-03,أخرى,"لا فقدان وظيفة — نطاقُ الحكم § UXP-056 § اختبارُ وجودٍ وسلوك: بمعطى بيئةٍ مهيَّأةٍ لـ«إعادة التقديم دمج ونقل وإخفاء موثَّق —» · وعند تنفيذ السيناريو الموصوف · فإن السلوكَ يطابق النصَّ ويُوثَّق الشاهدُ بلقطةٍ أو سجل · ومرجعُ حالة المصدر: UXP-057 · UXP-064"
UXP-057,E-01·E-02·E-03·E-04·E-06,أخرى,"عتبات الاختبار والقبول — نطاقُ الحكم § UXP-057 § اختبارُ قبولٍ شامل: بمعطى بيئةٍ مهيَّأةٍ لـ«إنجاز المهمة دون مساعدة ٨٠٪ فأعلى · زمن الإنجاز يُسج…» · وعند تنفيذ الحكم بكل حالاته المذكورة في نصِّه · فإن كلَّ بندٍ فيه يتحقق ويُوثَّق شاهدُه · ولا يُقبل الحكمُ بتحقق بعضه"
UXP-059,E-03,أخرى,"الاسم · الهدف · المستخدم · ما قبل الدخول وما بعده · الحالات الخمس (Loading · Empty · Error · Success · Offline) نصًّا وشكلًا · الأزرار بمواضعها وصلاحياتها · لوحة المفاتيح والاختصارات · السلوك على الأجهزة الأربعة · الأداء والتحميل · التحديث والتراجع · البحث والفلاتر والتصدير § UXP-059 § اختبارُ انتقال: بمعطى مستندٍ في حالته السابقةِ لـ«الاسم · الهدف · المستخدم · ما قبل الدخول وما بعده · …» · وعند تنفيذ المحفّز بمخوَّلٍ وشرطٍ مستوفًى · فإن الحالةَ تنتقل ويُسجَّل الانتقالُ بفاعله ووقته · والانتقالُ"
UXP-064,E-01·E-02·E-03·E-04·E-06,أخرى,"حالات الاختبار التنفيذية الإلزامية لكل شاشة ودورة وخدمة — نطاقُ الحكم § UXP-064 § اختبارُ قبولٍ شامل: بمعطى بيئةٍ مهيَّأةٍ لـ«حالات الاختبار التنفيذية الإلزامية لكل شاشة ودورة وخ…» · وعند تنفيذ الحكم بكل حالاته المذكورة في نصِّه · فإن كلَّ بندٍ فيه يتحقق ويُوثَّق شاهدُه · ولا يُقبل الحكمُ بتحقق بعضه"
UXP-065,E-03,أخرى,"لا شاشة خارج بطاقتها — نطاقُ الحكم § UXP-065 § اختبارُ عرض: بمعطى دورٍ مخوَّلٍ لـ«كل شاشة تنتمي إلى نوع واحد من الثمانية عشر ولها بطاق…» · وعند فتحها من مرحلتها في الدورة · فإن الشاشةَ تُصيَّر بأعمدتها وأفعالها المسموحة · والمجموعةُ الفارغةُ لا تُعرض"
UXP-066,E-04,ظهور,"الزر المخفي ليس أمانًا — نطاقُ الحكم § UXP-066 § اختبارُ ظهور: بمعطى مستخدمٍ داخلَ النطاق وآخرَ خارجه لـ«إخفاء الزر تجربة» · وعند فتح الشاشة · فإن الأولَ يرى نطاقَه والثانيَ لا يُصيَّر له العنصرُ ولا يُرسَل في الاستجابة"
UXP-067,E-03,أخرى,"البنية القياسية للصفحة بهذا الترتيب الرأسي أبدًا — نطاقُ الحكم § UXP-067 § اختبارُ عرض: بمعطى دورٍ مخوَّلٍ لـ«① ترويسة الصفحة (الاسم · جملة «ما هذه الشاشة؟» · الح…» · وعند فتحها من مرحلتها في الدورة · فإن الشاشةَ تُصيَّر بأعمدتها وأفعالها المسموحة · والمجموعةُ الفارغةُ لا تُعرض"
UXP-068,E-03,أخرى,"أنواع الشاشات الثمانية عشر بمكوّنات إلزامية ومحظورات — نطاقُ الحكم § UXP-068 § اختبارُ عرض: بمعطى دورٍ مخوَّلٍ لـ«أنواع الشاشات الثمانية عشر بمكوّنات إلزامية ومحظورات…» · وعند فتحها من مرحلتها في الدورة · فإن الشاشةَ تُصيَّر بأعمدتها وأفعالها المسموحة · والمجموعةُ الفارغةُ لا تُعرض"
UXP-069,E-03,أخرى,"قائمة (لا تحرير مباشر في الخلايا) · إدخال (لا أزرار اعتماد أو ترحيل) · تعديل (لا تعديل سجل معتمَد أو مقفل) · مراجعة (لا تغيير القيم مباشرة) · اعتماد (لا اعتماد جماعي بلا عرض تفاصيل) · قراءة فقط (لا أزرار حفظ أو حذف) · تفاصيل (لا إخفاء الحالة أو المالك) · لوحة (لا إدخال بيانات أو تحرير) · تقرير (لا حسابات تخالف مصدر الحقيقة) · طباعة (لا أزرار تفاعل داخل الصفحة) · إعدادات (لا تغيير بأثر رجعي صامت) · معالج (لا فقد بيانات عند الرجوع) · اختيار متعدد (لا إجراء صامت بلا تأكيد) · بحث متقدم (لا نتائج بلا"
UXP-070,E-03,أخرى,"الهوية (كودها ومسارها واسم عرضها العربي) · النوع · الجمهور والصلاحيات (الأدوار وصلاحية كل زر منفردًا) · المصادر التقنية (ما يُقرأ وما يُكتب بأسماء الإدارة) · دورة الحالات الخمس (تحميل · فارغة · خطأ · نجاح · دون اتصال بنصوصها المحددة) · الاستجابة والجوال · الأداء § UXP-070 § اختبارُ انتقال: بمعطى مستندٍ في حالته السابقةِ لـ«الهوية (كودها ومسارها واسم عرضها العربي) · النوع · ا…» · وعند تنفيذ المحفّز بمخوَّلٍ وشرطٍ مستوفًى · فإن الحالةَ تنتقل ويُسجَّل الانتقالُ بفاعله ووقته · والانتقالُ غيرُ المعرَ"
UXP-071,E-03,أخرى,"معيار الجداول (DataTables) — نطاقُ الحكم § UXP-071 § اختبارُ وجودٍ وسلوك: بمعطى بيئةٍ مهيَّأةٍ لـ«المعالجة خادمية أبدًا للترقيم والفرز والبحث — ولا تح…» · وعند تنفيذ السيناريو الموصوف · فإن السلوكَ يطابق النصَّ ويُوثَّق الشاهدُ بلقطةٍ أو سجل"
UXP-072,E-03,أخرى,"حقل حر بتأخير 400 جزء من الثانية قبل الإرسال، ويبحث في الحقول المعرَّفة لا في كل عمود. § UXP-072 § اختبارُ اكتمال: بمعطى شاشةٍ أو جدولٍ يخصُّ «حقل حر بتأخير 400 جزء من الثانية قبل الإرسال» · وعند فحص بنيته · فإن كلَّ عمودٍ معتمدٍ موجودٌ وصفرُ عمودٍ غيرِ معرَّف · والأعمدةُ الحاكمةُ السبعةُ حاضرة"
UXP-073,E-03,أخرى,"الصف — نطاقُ الحكم § UXP-073 § اختبارُ وجودٍ وسلوك: بمعطى بيئةٍ مهيَّأةٍ لـ«ارتفاع 40 بكسل · إجراءات الصف أيقونات بتلميح عند الم…» · وعند تنفيذ السيناريو الموصوف · فإن السلوكَ يطابق النصَّ ويُوثَّق الشاهدُ بلقطةٍ أو سجل"
UXP-074,E-03,أخرى,"الأعمدة — نطاقُ الحكم § UXP-074 § اختبارُ اكتمال: بمعطى شاشةٍ أو جدولٍ يخصُّ «لا عمود بلا استعمال» · وعند فحص بنيته · فإن كلَّ عمودٍ معتمدٍ موجودٌ وصفرُ عمودٍ غيرِ معرَّف · والأعمدةُ الحاكمةُ السبعةُ حاضرة"
UXP-075,E-03,أخرى,"حالات الجدول — نطاقُ الحكم § UXP-075 § اختبارُ انتقال: بمعطى مستندٍ في حالته السابقةِ لـ«الفارغة جملة توجيه وزر الخطوة الأولى · التحميل هيكل …» · وعند تنفيذ المحفّز بمخوَّلٍ وشرطٍ مستوفًى · فإن الحالةَ تنتقل ويُسجَّل الانتقالُ بفاعله ووقته · والانتقالُ غيرُ المعرَّف يُرفض"
UXP-076,E-03,أخرى,"التصدير بـPHPSpreadsheet بقالب موحّد يحمل معايير الفلترة الظاهرة وقت التصدير § UXP-076 § اختبارُ وجودٍ وسلوك: بمعطى بيئةٍ مهيَّأةٍ لـ«التصدير بـPHPSpreadsheet بقالب موحّد يحمل معايير الف…» · وعند تنفيذ السيناريو الموصوف · فإن السلوكَ يطابق النصَّ ويُوثَّق الشاهدُ بلقطةٍ أو سجل"
UXP-077,E-03,أخرى,"وترتيب الحقول بترتيب تفكير المستخدم لا بترتيب الجدول. § UXP-077 § اختبارُ اكتمال: بمعطى شاشةٍ أو جدولٍ يخصُّ «النموذج أقسام معنونة» · وعند فحص بنيته · فإن كلَّ عمودٍ معتمدٍ موجودٌ وصفرُ عمودٍ غيرِ معرَّف · والأعمدةُ الحاكمةُ السبعةُ حاضرة"
UXP-078,E-03,أخرى,"طبقات الحقول الثلاث — نطاقُ الحكم § UXP-078 § اختبارُ اكتمال: بمعطى شاشةٍ أو جدولٍ يخصُّ «يستنتجه النظام (معبّأً للتأكيد) · افتراضي يُعدَّل · …» · وعند فحص بنيته · فإن كلَّ عمودٍ معتمدٍ موجودٌ وصفرُ عمودٍ غيرِ معرَّف · والأعمدةُ الحاكمةُ السبعةُ حاضرة"
UXP-079,E-03,أخرى,"والرسالة تحت الحقل نفسه بلغة العمل لا بأكواد § UXP-079 § اختبارُ اكتمال: بمعطى شاشةٍ أو جدولٍ يخصُّ «التحقق فوري عند مغادرة الحقل وشامل عند الحفظ» · وعند فحص بنيته · فإن كلَّ عمودٍ معتمدٍ موجودٌ وصفرُ عمودٍ غيرِ معرَّف · والأعمدةُ الحاكمةُ السبعةُ حاضرة"
UXP-080,E-03,أخرى,"شاشات الإدخال الطويلة تحفظ مسودتها تلقائيًّا كل ثلاثين ثانية، وتستعيدها عند العودة بإشعار صريح. § — ذريّ § اختبارُ وجودٍ وسلوك: بمعطى بيئةٍ مهيَّأةٍ لـ«شاشات الإدخال الطويلة تحفظ مسودتها تلقائيًّا كل ثلاث…» · وعند تنفيذ السيناريو الموصوف · فإن السلوكَ يطابق النصَّ ويُوثَّق الشاهدُ بلقطةٍ أو سجل"
UXP-081,E-03,أخرى,"زر رئيسي واحد لكل شاشة (فعلها الأهم) وما سواه ثانوي § UXP-081 § اختبارُ عرض: بمعطى دورٍ مخوَّلٍ لـ«زر رئيسي واحد لكل شاشة (فعلها الأهم) وما سواه ثانوي» · وعند فتحها من مرحلتها في الدورة · فإن الشاشةَ تُصيَّر بأعمدتها وأفعالها المسموحة · والمجموعةُ الفارغةُ لا تُعرض"
UXP-082,E-03,أخرى,"الحقل الممنوع تعديله يظهر معطّلًا بسبب ظاهر عند المرور § UXP-082 § اختبارُ منع: بمعطى محاولةٍ تخالف «الحقل الممنوع تعديله يظهر معطّلًا بسبب ظاهر عند المر…» · وعند تنفيذها · فإن الخادمَ يرفض برمزٍ وسببٍ ويُسجَّل الرفضُ بالمستخدم والوقت"
UXP-083,E-03,أخرى,"الرسائل والألوان — نطاقُ الحكم § UXP-083 § اختبارُ وجودٍ وسلوك: بمعطى بيئةٍ مهيَّأةٍ لـ«نجاح أخضر «تم كذا» + مرجع ما أُنشئ برابطه ويختفي تلق…» · وعند تنفيذ السيناريو الموصوف · فإن السلوكَ يطابق النصَّ ويُوثَّق الشاهدُ بلقطةٍ أو سجل"
UXP-084,E-03,أخرى,"أيقونة واحدة لكل معنى في النظام كله § UXP-084 § اختبارُ وجودٍ وسلوك: بمعطى بيئةٍ مهيَّأةٍ لـ«أيقونة واحدة لكل معنى في النظام كله» · وعند تنفيذ السيناريو الموصوف · فإن السلوكَ يطابق النصَّ ويُوثَّق الشاهدُ بلقطةٍ أو سجل"
UXP-085,E-03,أخرى,"حاسوب مكتبي (شريط جانبي مفتوح · أربع بطاقات في صف · جدول كامل الأعمدة) · حاسوب محمول (بطاقتان أو ثلاث · إخفاء الأعمدة الثانوية) · لوحي (شريط مطوي بأيقونات · بطاقتان · أعمدة مختزلة) · جوال (قائمة سفلية للأبواب · بطاقة واحدة في صف · الجدول بطاقات رأسية بإبهام واحد · الحرج أولًا). § UXP-085 § اختبارُ اكتمال: بمعطى شاشةٍ أو جدولٍ يخصُّ «حاسوب مكتبي (شريط جانبي مفتوح · أربع بطاقات في صف · …» · وعند فحص بنيته · فإن كلَّ عمودٍ معتمدٍ موجودٌ وصفرُ عمودٍ غيرِ معرَّف · والأعمدةُ الحاكمةُ السبعةُ حاضرة"
UXP-086,E-03,أخرى,"RTL كامل — نطاقُ الحكم § UXP-086 § اختبارُ وجودٍ وسلوك: بمعطى بيئةٍ مهيَّأةٍ لـ«المحاذاة والفواصل والأسهم والتقدّم من اليمين» · وعند تنفيذ السيناريو الموصوف · فإن السلوكَ يطابق النصَّ ويُوثَّق الشاهدُ بلقطةٍ أو سجل"
UXP-087,E-03,أخرى,"الرموز المرآتية — نطاقُ الحكم § UXP-087 § اختبارُ منع: بمعطى محاولةٍ تخالف «لا تُستعمل علامات المقارنة والأسهم الأحادية في النص …» · وعند تنفيذها · فإن الخادمَ يرفض برمزٍ وسببٍ ويُسجَّل الرفضُ بالمستخدم والوقت"
UXP-088,E-03,أخرى,"التنقل — نطاقُ الحكم § UXP-088 § اختبارُ منع: بمعطى محاولةٍ تخالف «فتات الطريق أعلى كل شاشة داخلية · والرجوع يعيد الفلا…» · وعند تنفيذها · فإن الخادمَ يرفض برمزٍ وسببٍ ويُسجَّل الرفضُ بالمستخدم والوقت"
UXP-089,E-04,ظهور,"الفحص خادمي أبدًا — نطاقُ الحكم § UXP-089 § اختبارُ ظهور: بمعطى مستخدمٍ داخلَ النطاق وآخرَ خارجه لـ«كل إجراء (فتح · إنشاء · تعديل · اعتماد · عكس · تصدير…» · وعند فتح الشاشة · فإن الأولَ يرى نطاقَه والثانيَ لا يُصيَّر له العنصرُ ولا يُرسَل في الاستجابة"
UXP-091,E-04,ظهور,"أزرار الاعتماد المالي مقيَّدة بسقف الدور § UXP-091 § اختبارُ ظهور: بمعطى مستخدمٍ داخلَ النطاق وآخرَ خارجه لـ«أزرار الاعتماد المالي مقيَّدة بسقف الدور» · وعند فتح الشاشة · فإن الأولَ يرى نطاقَه والثانيَ لا يُصيَّر له العنصرُ ولا يُرسَل في الاستجابة"
UXP-092,M-14,أخرى,"الأثر مسجَّل — نطاقُ الحكم § UXP-092 § اختبارُ وجودٍ وسلوك: بمعطى بيئةٍ مهيَّأةٍ لـ«كل ضغطة إجراء حسّاس تُقيَّد في سجل التدقيق بفاعلها و…» · وعند تنفيذ السيناريو الموصوف · فإن السلوكَ يطابق النصَّ ويُوثَّق الشاهدُ بلقطةٍ أو سجل"
UXP-093,E-03,أخرى,"الجدول الأول يظهر قبل اكتمال البطاقات · صفحة الجدول خمسون صفًّا افتراضًا ولا استعلام بلا حد ولا فهرس · الشاشات الميدانية حفظ محلي فوري § UXP-093 § اختبارُ اكتمال: بمعطى شاشةٍ أو جدولٍ يخصُّ «زمن فتح الشاشة دون ثانيتين على شبكة الموقع والجدول ا…» · وعند فحص بنيته · فإن كلَّ عمودٍ معتمدٍ موجودٌ وصفرُ عمودٍ غيرِ معرَّف · والأعمدةُ الحاكمةُ السبعةُ حاضرة"
UXP-094,E-03,أخرى,"الهوية · اللغة · السلوك · الحماية · الأجهزة والأداء. § UXP-094 § اختبارُ وجودٍ وسلوك: بمعطى بيئةٍ مهيَّأةٍ لـ«قائمة الامتثال قبل النشر بخمسة محاور — وأي «لا» تمنع…» · وعند تنفيذ السيناريو الموصوف · فإن السلوكَ يطابق النصَّ ويُوثَّق الشاهدُ بلقطةٍ أو سجل"
UXP-096,E-03,أخرى,"الترويسة والفلاتر والجدول والأزرار والرسائل بمواضعها نفسها في كل إدارة § UXP-096 § اختبارُ عرض: بمعطى دورٍ مخوَّلٍ لـ«الترويسة والفلاتر والجدول والأزرار والرسائل بمواضعها…» · وعند فتحها من مرحلتها في الدورة · فإن الشاشةَ تُصيَّر بأعمدتها وأفعالها المسموحة · والمجموعةُ الفارغةُ لا تُعرض"
UXP-097,E-03,أخرى,"UI-01 لا يحمل قواعد أعمال ولا جداول بيانات — تلك ملك وثائق الإدارات. § — ذريّ § اختبارُ وجودٍ وسلوك: بمعطى بيئةٍ مهيَّأةٍ لـ«UI-01 لا يحمل قواعد أعمال ولا جداول بيانات — تلك ملك…» · وعند تنفيذ السيناريو الموصوف · فإن السلوكَ يطابق النصَّ ويُوثَّق الشاهدُ بلقطةٍ أو سجل"
UXP-098,E-03,أخرى,"بطاقة الشاشة تُعتمد قبل البرمجة وتُرفق بعقد الشاشة — نطاقُ الحكم § UXP-098 § اختبارُ عرض: بمعطى دورٍ مخوَّلٍ لـ«العقد يقول ماذا» · وعند فتحها من مرحلتها في الدورة · فإن الشاشةَ تُصيَّر بأعمدتها وأفعالها المسموحة · والمجموعةُ الفارغةُ لا تُعرض"
UXP-099,E-03,أخرى,"فلسفة التنقل — نطاقُ الحكم § UXP-099 § اختبارُ منع: بمعطى محاولةٍ تخالف «سؤالان» · وعند تنفيذها · فإن الخادمَ يرفض برمزٍ وسببٍ ويُسجَّل الرفضُ بالمستخدم والوقت · ومرجعُ حالة المصدر: UXP-115"
UXP-100,E-03,أخرى,"① الوسط (مساحة العمل السياقية تتبدّل بالتنقل دون مغادرة الصفحة) ② الأيسر (جناح الفريق) ③ الأيمن (البوابة الشخصية) ④ العلوي (الأبواب الستة ومبدّل المساحة والتنبيهات والبحث الموحّد). § UXP-100 § اختبارُ عرض: بمعطى دورٍ مخوَّلٍ لـ«① الوسط (مساحة العمل السياقية تتبدّل بالتنقل دون مغا…» · وعند فتحها من مرحلتها في الدورة · فإن الشاشةَ تُصيَّر بأعمدتها وأفعالها المسموحة · والمجموعةُ الفارغةُ لا تُعرض · ومرجعُ حالة المصدر: UXP-115"
UXP-101,E-03,أخرى,"قاعدة الثبات — نطاقُ الحكم § UXP-101 § اختبارُ حدث: بمعطى تنفيذِ «البنية واحدة في كل المساحات — ترويسة الكيان وحالته ·…» · وعند وقوع الفعل · فإن الحدثَ يُنشر بمفتاحه ويستهلكه المعنيُّ ويتغير أثرُه · وإعادةُ النداء ترجع مرجعَ الأثر الأول · ومرجعُ حالة المصدر: UXP-115"
UXP-102,E-03,أخرى,"① الإدارة (مؤشراتها وأداؤها وإنجازها · الطلبات والاعتمادات المعلّقة · مهام الفريق · المخاطر والانحرافات) ② المشروع (الإنتاج والوحدات بوحداتها · التوقفات بمسؤوليها · المعدات والمشغّلون · البلاغات · الالتزام بالعقد والاستحقاقات · مؤشرات الأداء) ③ المورد (معداته وجاهزيتها · حصته واستهلاكها · وحداته المعتمدة والمنتظرة · مستخلصاته وتسوياته · بلاغاته · عقده وتقييمه) ④ العميل (عقده والتزاماته · الإنجاز مقابل الملتزم · وحداته المعتمدة · مستخلصاته وذممه · اعتماداته المعلّقة · بلاغاته) ⑤ المعدة (تشغيلها و"
UXP-103,E-03,أخرى,"يعرض من يقع في نطاق المستخدم (مرؤوسوه · فريق ورديته · مشغّلو مورده · ممثلو عميله) بحالة كل وآخر نشاطه ونسبة إنجازه وتنبيهاته الحرجة § UXP-103 § اختبارُ حساب: بمعطى مدخلاتٍ معلومةٍ لـ«يعرض من يقع في نطاق المستخدم (مرؤوسوه · فريق ورديته …» · وعند إعادة الحساب من المصدر · فإن الناتجَ يطابق المعروضَ بلا فرق · ومرجعُ حالة المصدر: UXP-115"
UXP-104,E-03,أخرى,"التحوّل بنقرة — نطاقُ الحكم § UXP-104 § اختبارُ وجودٍ وسلوك: بمعطى بيئةٍ مهيَّأةٍ لـ«اختيار عضو يحوّل المساحة الوسطى إلى مساحته دون مغادر…» · وعند تنفيذ السيناريو الموصوف · فإن السلوكَ يطابق النصَّ ويُوثَّق الشاهدُ بلقطةٍ أو سجل · ومرجعُ حالة المصدر: UXP-115"
UXP-105,E-03,أخرى,"طبقات التنقل — نطاقُ الحكم § UXP-105 § اختبارُ منع: بمعطى محاولةٍ تخالف «أنا ← أحد فريقي ← إدارتي ← مشروعي ← معدتي ← موردي/عم…» · وعند تنفيذها · فإن الخادمَ يرفض برمزٍ وسببٍ ويُسجَّل الرفضُ بالمستخدم والوقت · ومرجعُ حالة المصدر: UXP-115"
UXP-106,E-03,أخرى,"فتات الطريق — نطاقُ الحكم § UXP-106 § اختبارُ وجودٍ وسلوك: بمعطى بيئةٍ مهيَّأةٍ لـ«مسار الطبقات ظاهر دائمًا ويُنقر للرجوع لأي مستوى — و…» · وعند تنفيذ السيناريو الموصوف · فإن السلوكَ يطابق النصَّ ويُوثَّق الشاهدُ بلقطةٍ أو سجل · ومرجعُ حالة المصدر: UXP-115"
UXP-107,E-03,أخرى,"عقد تغذية اللوحات بخمسة عناصر — نطاقُ الحكم § UXP-107 § اختبارُ انتقال: بمعطى مستندٍ في حالته السابقةِ لـ«① الهوية والنطاق ② المؤشرات (بطاقات بترويسة ثابتة: ا…» · وعند تنفيذ المحفّز بمخوَّلٍ وشرطٍ مستوفًى · فإن الحالةَ تنتقل ويُسجَّل الانتقالُ بفاعله ووقته · والانتقالُ غيرُ المعرَّف يُرفض · ومرجعُ حالة المصدر: UXP-115"
UXP-108,E-03,أخرى,"لا مساحة تملك جدولًا ولا تحسب مؤشرًا § UXP-108 § اختبارُ حساب: بمعطى مدخلاتٍ معلومةٍ لـ«لا مساحة تملك جدولًا ولا تحسب مؤشرًا — الحساب في خدم…» · وعند إعادة الحساب من المصدر · فإن الناتجَ يطابق المعروضَ بلا فرق · ومرجعُ حالة المصدر: UXP-115"
UXP-109,E-03,أخرى,"موظف ميداني ← مساحته الشخصية · مشرف مورد § UXP-109 § اختبارُ انتقال: بمعطى مستندٍ في حالته السابقةِ لـ«مالك إدارة ← مساحة إدارته · مدير مشروع/موقع ← مساحة …» · وعند تنفيذ المحفّز بمخوَّلٍ وشرطٍ مستوفًى · فإن الحالةَ تنتقل ويُسجَّل الانتقالُ بفاعله ووقته · والانتقالُ غيرُ المعرَّف يُرفض · ومرجعُ حالة المصدر: UXP-115"
UXP-110,E-03,أخرى,"شاشات المساحات الأربع — نطاقُ الحكم § UXP-110 § اختبارُ منع: بمعطى محاولةٍ تخالف «① المساحة السياقية (لوحة —» · وعند تنفيذها · فإن الخادمَ يرفض برمزٍ وسببٍ ويُسجَّل الرفضُ بالمستخدم والوقت · ومرجعُ حالة المصدر: UXP-115"
UXP-115,E-03·E-06,أخرى,"بلوغ أي طبقة مسموحة بنقرتين لدى ٨٠٪ فأعلى · وصفر بطاقة تُصيَّر بلا مرور بالحارس · وصفر رقم بلا رابط تعمّق · وصفر تسريب في محاولات تجاوز النطاق. § UXP-115 § اختبارُ قبولٍ شامل: بمعطى بيئةٍ مهيَّأةٍ لـ«بلوغ أي طبقة مسموحة بنقرتين لدى ٨٠٪ فأعلى · وصفر بطا…» · وعند تنفيذ الحكم بكل حالاته المذكورة في نصِّه · فإن كلَّ بندٍ فيه يتحقق ويُوثَّق شاهدُه · ولا يُقبل الحكمُ بتحقق بعضه"
UXP-116,E-03,أخرى,"احدة لكل الأدوار ③ سايدبار طويل مسطّح من 155 شاشة ④ لا فصل بين اليومي § UXP-116 § اختبارُ عرض: بمعطى دورٍ مخوَّلٍ لـ«① لغة الوثائق صارت لغة واجهة ② لوحة واحدة لكل الأدوا…» · وعند فتحها من مرحلتها في الدورة · فإن الشاشةَ تُصيَّر بأعمدتها وأفعالها المسموحة · والمجموعةُ الفارغةُ لا تُعرض · ومرجعُ حالة المصدر: UXP-154"
UXP-117,E-03,أخرى,"أسئلة المستخدم السبعة معيار قياس كل شاشة — نطاقُ الحكم § UXP-117 § اختبارُ عرض: بمعطى دورٍ مخوَّلٍ لـ«ماذا أفعل الآن؟ · أين أجد عملي؟ · ما الطلبات التي تن…» · وعند فتحها من مرحلتها في الدورة · فإن الشاشةَ تُصيَّر بأعمدتها وأفعالها المسموحة · والمجموعةُ الفارغةُ لا تُعرض · ومرجعُ حالة المصدر: UXP-154"
UXP-118,E-03,ظهور,"الهدف — نطاقُ الحكم § UXP-118 § اختبارُ ظهور: بمعطى مستخدمٍ داخلَ النطاق وآخرَ خارجه لـ«نقل النظام من تطبيق يعرض محتوى الوثائق كما كُتب إلى …» · وعند فتح الشاشة · فإن الأولَ يرى نطاقَه والثانيَ لا يُصيَّر له العنصرُ ولا يُرسَل في الاستجابة · ومرجعُ حالة المصدر: UXP-154"
UXP-119,E-03,ظهور,"① لغة عمل لا لغة وثائق ② الدور أولًا ③ نقرتان إلى المهمة (قياسًا لا شعارًا) ④ الخطوة التالية دائمًا ⑤ فصل صارم للأنواع ⑥ الرحلة لا الشاشات ⑦ العدّاد قبل الاسم ⑧ الحالة الفارغة تُرشد ⑨ الجوال وRTL أصلان ⑩ لا فقدان وظيفة. § UXP-119 § اختبارُ ظهور: بمعطى مستخدمٍ داخلَ النطاق وآخرَ خارجه لـ«① لغة عمل» · وعند فتح الشاشة · فإن الأولَ يرى نطاقَه والثانيَ لا يُصيَّر له العنصرُ ولا يُرسَل في الاستجابة · ومرجعُ حالة المصدر: UXP-154"
UXP-120,E-03,أخرى,"القائمة المحظورة في الواجهة (صيغة UX-01) — نطاقُ الحكم § UXP-120 § اختبارُ حدث: بمعطى تنفيذِ «المروحة · المعالجة الذرية · تفريع الأثر · الحدث (بمع…» · وعند وقوع الفعل · فإن الحدثَ يُنشر بمفتاحه ويستهلكه المعنيُّ ويتغير أثرُه · وإعادةُ النداء ترجع مرجعَ الأثر الأول · ومرجعُ حالة المصدر: UXP-154"
UXP-121,E-03,أخرى,"قوائم التنقّل تُلغى روابطَ — نطاقُ الحكم § UXP-121 § اختبارُ وجودٍ وسلوك: بمعطى بيئةٍ مهيَّأةٍ لـ««التشغيل» و«الإعدادات» و«مركز التقارير» و«تسجيل الوح…» · وعند تنفيذ السيناريو الموصوف · فإن السلوكَ يطابق النصَّ ويُوثَّق الشاهدُ بلقطةٍ أو سجل · ومرجعُ حالة المصدر: UXP-154"
UXP-122,E-03,أخرى,"البطاقات لا تسكن السايدبار — نطاقُ الحكم § UXP-122 § اختبارُ عرض: بمعطى دورٍ مخوَّلٍ لـ«بطاقة العميل/المعدة/الموظف/العقد تُفتح من سجلّها» · وعند فتحها من مرحلتها في الدورة · فإن الشاشةَ تُصيَّر بأعمدتها وأفعالها المسموحة · والمجموعةُ الفارغةُ لا تُعرض · ومرجعُ حالة المصدر: UXP-154"
UXP-123,E-03,أخرى,"المكرّر يُدمج — نطاقُ الحكم § UXP-123 § اختبارُ وجودٍ وسلوك: بمعطى بيئةٍ مهيَّأةٍ لـ«شاشتا معدات تصيران واحدة» · وعند تنفيذ السيناريو الموصوف · فإن السلوكَ يطابق النصَّ ويُوثَّق الشاهدُ بلقطةٍ أو سجل · ومرجعُ حالة المصدر: UXP-154"
UXP-124,E-03,أخرى,"العمق نقرتان — نطاقُ الحكم § UXP-124 § اختبارُ انتقال: بمعطى مستندٍ في حالته السابقةِ لـ«باب ← شاشة» · وعند تنفيذ المحفّز بمخوَّلٍ وشرطٍ مستوفًى · فإن الحالةَ تنتقل ويُسجَّل الانتقالُ بفاعله ووقته · والانتقالُ غيرُ المعرَّف يُرفض · ومرجعُ حالة المصدر: UXP-154"
UXP-125,E-03,أخرى,"خمس لوحات نموذجية معتمدة بمكوّناتها — نطاقُ الحكم § UXP-125 § اختبارُ وجودٍ وسلوك: بمعطى بيئةٍ مهيَّأةٍ لـ«المدير المالي (السيولة · مستحقات 7 و30 يومًا · تحصيل…» · وعند تنفيذ السيناريو الموصوف · فإن السلوكَ يطابق النصَّ ويُوثَّق الشاهدُ بلقطةٍ أو سجل · ومرجعُ حالة المصدر: UXP-154"
UXP-126,E-03,أخرى,"يراها الطالب كلها داخل «طلباتي المالية ← الطلب» بشريط الحالة § UXP-126 § اختبارُ انتقال: بمعطى مستندٍ في حالته السابقةِ لـ«إنشاء ← مراجعة البيانات ← إرفاق المستندات ← الإرسال …» · وعند تنفيذ المحفّز بمخوَّلٍ وشرطٍ مستوفًى · فإن الحالةَ تنتقل ويُسجَّل الانتقالُ بفاعله ووقته · والانتقالُ غيرُ المعرَّف يُرفض · ومرجعُ حالة المصدر: UXP-154"
UXP-127,E-02,أخرى,"رحلة الوحدة التشغيلية — نطاقُ الحكم § UXP-127 § اختبارُ انتقال: بمعطى مستندٍ في حالته السابقةِ لـ«إدخال في التايم شيت اليومي ← اعتماد الموقع ← مراجعة …» · وعند تنفيذ المحفّز بمخوَّلٍ وشرطٍ مستوفًى · فإن الحالةَ تنتقل ويُسجَّل الانتقالُ بفاعله ووقته · والانتقالُ غيرُ المعرَّف يُرفض · ومرجعُ حالة المصدر: UXP-154"
UXP-129,E-03,أخرى,"مواضع اللغة المعمارية الأربعة — نطاقُ الحكم § UXP-129 § اختبارُ منع: بمعطى محاولةٍ تخالف «تلميح Tooltip (تعريف الحقل أو المؤشر) · سطر «ما هذه …» · وعند تنفيذها · فإن الخادمَ يرفض برمزٍ وسببٍ ويُسجَّل الرفضُ بالمستخدم والوقت · ومرجعُ حالة المصدر: UXP-154"
UXP-130,E-03,ظهور,"الأدوار الثلاثة عشر المعتمدة بلوحاتها وسايدباراتها ورحلاتها — نطاقُ الحكم § UXP-130 § اختبارُ ظهور: بمعطى مستخدمٍ داخلَ النطاق وآخرَ خارجه لـ«الأدوار الثلاثة عشر المعتمدة بلوحاتها وسايدباراتها و…» · وعند فتح الشاشة · فإن الأولَ يرى نطاقَه والثانيَ لا يُصيَّر له العنصرُ ولا يُرسَل في الاستجابة · ومرجعُ حالة المصدر: UXP-154"
UXP-139,E-04,أخرى,"ورحلته: الدور ← شاشاته ← مستخدموه § UXP-139 § اختبارُ انتقال: بمعطى مستندٍ في حالته السابقةِ لـ«مدير الصلاحيات — لوحته «الصلاحيات» بثلاثة تبويبات (ا…» · وعند تنفيذ المحفّز بمخوَّلٍ وشرطٍ مستوفًى · فإن الحالةَ تنتقل ويُسجَّل الانتقالُ بفاعله ووقته · والانتقالُ غيرُ المعرَّف يُرفض · ومرجعُ حالة المصدر: UXP-154"
UXP-144,E-03,أخرى,"تخرج من السايدبار · 14 تُلغى دمجًا أو حذف تكرار § UXP-144 § اختبارُ عرض: بمعطى دورٍ مخوَّلٍ لـ«92 شاشة تُعاد تسميتها بلغة عمل · 23 تصير بطاقة أو تب…» · وعند فتحها من مرحلتها في الدورة · فإن الشاشةَ تُصيَّر بأعمدتها وأفعالها المسموحة · والمجموعةُ الفارغةُ لا تُعرض · ومرجعُ حالة المصدر: UXP-154"
UXP-153,E-03,ظهور,"① الجرد والتشخيص ② هندسة المعلومات ③ إعادة التسمية (على أسماء العرض فقط — Routes والملفات تبقى دون كسر) ④ النماذج الأولية (Wireframes واختبارها مع مستخدمَين فعليَّين لكل دور) ⑤ التنفيذ ⑥ الاختبار. § UXP-153 § اختبارُ ظهور: بمعطى مستخدمٍ داخلَ النطاق وآخرَ خارجه لـ«① الجرد والتشخيص ② هندسة المعلومات ③ إعادة التسمية (…» · وعند فتح الشاشة · فإن الأولَ يرى نطاقَه والثانيَ لا يُصيَّر له العنصرُ ولا يُرسَل في الاستجابة · ومرجعُ حالة المصدر: UXP-154"
UXP-154,E-02·E-03·E-04·E-06,أخرى,"الفهم بلا وثائق · الاسم يصف الوظيفة · الأبواب لا تختلط · لوحة لكل دور (ثلاث عشرة لوحة) · نقرتان لأهم خمس مهام تُقاس فعليًّا · الرحلة ظاهرة بشريط حالة · لا تكرار ولا تعارض · لا كسر · الجوال وRTL · اختبار مستخدمين فعليين لكل دور. § UXP-154 § اختبارُ قبولٍ شامل: بمعطى بيئةٍ مهيَّأةٍ لـ«الفهم بلا وثائق · الاسم يصف الوظيفة · الأبواب» · وعند تنفيذ الحكم بكل حالاته المذكورة في نصِّه · فإن كلَّ بندٍ فيه يتحقق ويُوثَّق شاهدُه · ولا يُقبل الحكمُ بتحقق بعضه"
WF-09,WFM-01,أخرى,"تملك الحوكمةُ القدرةَ على تفسير سبب ظهور كلِّ عنصرٍ لكلِّ مستخدم بسلسلةٍ كاملة: المصدرُ ثم القاعدةُ ثم الدورُ ثم النطاقُ ثم التفويض. § ● والعنصرُ الذي لا تكتمل سلسلتُه الخماسيةُ لا يُعرض — والحجبُ أسلمُ من الظهور بلا تفسير."
WF-11,WFM-01,أخرى,"يحمل كلُّ عنصرِ عملٍ ستةً من خريطة أفعال NAV-09: ما يُكتب في الجداول · والحدثُ المنشور · ومن يستهلكه · وما يتغير عند المستهلك · والإداراتُ المتأثرةُ من زوايا عرض شاشته · وفعلُ العكس. § ● والإداراتُ المتأثرةُ تُقرأ من زوايا العرض لا من إدخالٍ يدوي — فكلُّ إدارةٍ تعرض الشاشةَ بزاويةٍ هي إدارةٌ متأثرةٌ بأفعالها."
WFM-001,WFM-01,أخرى,"شاشاتُ «مهامي» و«موافقاتي» و«طلباتي» و«بلاغاتي» و«إنجازي» واجهاتُ قراءةٍ وتنفيذٍ تجمع عناصرَ من مصادرها الأصلية في الإدارات § WFM-001 § اختبارُ منع: إنشاءُ عنصرٍ مباشرةً من مساحة عملي بلا مصدرٍ أصليٍّ يُرفض"
WFM-002,WFM-01,أخرى,"كلُّ عنصرٍ ظاهرٍ في مساحة عملي يرجع إلى مستنده أو سجله أو شاشته الأصلية بضغطةٍ واحدة. § — ذريّ § اختبارُ ربط: كلُّ صفٍّ يفتح أصلَه بضغطةٍ واحدةٍ ولا صفَّ بلا رابط"
WFM-003,WFM-01,أخرى,"يُعرَّف نوعُ عنصر العمل «مهمة» (WI-TSK) بأنه — نطاقُ الحكم § WFM-003 § اختبارُ تمييز: ليست الطلبَ — الطلبُ يُقدَّم والمهمةُ تُسنَد"
WFM-004,WFM-01,أخرى,"يُعرَّف نوعُ عنصر العمل «تكليف» (WI-ASG) بأنه — نطاقُ الحكم § WFM-004 § اختبارُ تمييز: ليس المهمةَ — التكليفُ إطارٌ والمهمةُ عملٌ داخله"
WFM-005,WFM-01,أخرى,"يُعرَّف نوعُ عنصر العمل «طلب» (WI-REQ) بأنه — نطاقُ الحكم § WFM-005 § اختبارُ تمييز: ليس البلاغَ — الطلبُ يُقدَّم قصدًا والبلاغُ عن واقعة"
WFM-006,WFM-01,أخرى,"يُعرَّف نوعُ عنصر العمل «موافقة» (WI-APR) بأنه — نطاقُ الحكم § WFM-006 § اختبارُ تمييز: ليست المهمةَ — المهمةُ عملٌ والموافقةُ حكم"
WFM-007,WFM-01,أخرى,"يُعرَّف نوعُ عنصر العمل «بلاغ» (WI-INC) بأنه — نطاقُ الحكم § WFM-007 § اختبارُ تمييز: ليس التنبيهَ — البلاغُ يحتاج معالجةً والتنبيهُ إحاطة"
WFM-008,WFM-01,أخرى,"يُعرَّف نوعُ عنصر العمل «تنبيه» (WI-NTF) بأنه — نطاقُ الحكم § WFM-008 § اختبارُ تمييز: ليس المهمةَ — ولا يتحول إليها إلا بفعلٍ مطلوب"
WFM-009,WFM-01,أخرى,"يُعرَّف نوعُ عنصر العمل «إنجاز» (WI-ACH) بأنه — نطاقُ الحكم § WFM-009 § اختبارُ تمييز: ليس المهمةَ المكتملة — الإنجازُ يُشتق منها بعد القبول"
WFM-010,WFM-01,أخرى,"يُعرَّف نوعُ عنصر العمل «مؤشر» (WI-KPI) بأنه — نطاقُ الحكم § WFM-010 § اختبارُ تمييز: ليس الإنجازَ — الإنجازُ واقعةٌ والمؤشرُ تجميعُها"
WFM-011,WFM-01,أخرى,"تعتمد المهمةُ آلةَ حالاتٍ موحَّدةً بخمسَ عشرةَ حالة، ولكل انتقالٍ مخوَّلٌ وشرطٌ وحقولٌ مطلوبةٌ ومن يُخطَر وأثرٌ على المدة والإنجاز. § — ذريّ § اختبارُ انتقال: انتقالٌ غيرُ معرَّفٍ أو من غير مخوَّلٍ يُرفض"
WFM-012,WFM-01,أخرى,"حالةُ المهمة «مسودة» — نطاقُ الحكم § WFM-012 § اختبارُ انتقال: المنشئ وحدَه يغيّرها وأثرُها لا يُحتسب"
WFM-013,WFM-01,أخرى,"حالةُ المهمة «مجدولة» — نطاقُ الحكم § WFM-013 § اختبارُ انتقال: النظامُ آليًّا وحدَه يغيّرها وأثرُها لا يُحتسب"
WFM-014,WFM-01,أخرى,"حالةُ المهمة «مسندة» — نطاقُ الحكم § WFM-014 § اختبارُ انتقال: المكلِّف وحدَه يغيّرها وأثرُها يبدأ عدُّ الاستجابة"
WFM-015,WFM-01,أخرى,"حالةُ المهمة «مستلمة» — نطاقُ الحكم § WFM-015 § اختبارُ انتقال: المنفّذ وحدَه يغيّرها وأثرُها يقف عدُّ الاستجابة ويبدأ الإنجاز"
WFM-016,WFM-01,أخرى,"حالةُ المهمة «قيد التنفيذ» — نطاقُ الحكم § WFM-016 § اختبارُ انتقال: المنفّذ وحدَه يغيّرها وأثرُها يستمر عدُّ الإنجاز"
WFM-017,WFM-01,أخرى,"حالةُ المهمة «متوقفة» — نطاقُ الحكم § WFM-017 § اختبارُ انتقال: المنفّذ وحدَه يغيّرها وأثرُها يقف العدُّ بأسبابٍ معرَّفةٍ فقط"
WFM-018,WFM-01,أخرى,"حالةُ المهمة «مكتملة بانتظار التحقق» — نطاقُ الحكم § WFM-018 § اختبارُ انتقال: المنفّذ وحدَه يغيّرها وأثرُها يقف عدُّ الإنجاز ويبدأ عدُّ التحقق"
WFM-019,WFM-01,أخرى,"حالةُ المهمة «مقبولة ومغلقة» — نطاقُ الحكم § WFM-019 § اختبارُ انتقال: المتحقِّق — لا المنفّذ وحدَه يغيّرها وأثرُها يُقفل العدُّ ويُشتق الإنجاز"
WFM-020,WFM-01,أخرى,"حالةُ المهمة «معادة للمنفذ» — نطاقُ الحكم § WFM-020 § اختبارُ انتقال: المتحقِّق وحدَه يغيّرها وأثرُها يُستأنف عدُّ الإنجاز"
WFM-021,WFM-01,أخرى,"حالةُ المهمة «مرفوضة» — نطاقُ الحكم § WFM-021 § اختبارُ انتقال: المنفّذ وحدَه يغيّرها وأثرُها يُوقف العدُّ ويُخطر المكلِّف"
WFM-022,WFM-01,أخرى,"حالةُ المهمة «ملغاة» — نطاقُ الحكم § WFM-022 § اختبارُ انتقال: المكلِّف أو المالك وحدَه يغيّرها وأثرُها لا تُحتسب إنجازًا ولا تأخرًا"
WFM-023,WFM-01,أخرى,"حالةُ المهمة «أعيد إسنادها» — نطاقُ الحكم § WFM-023 § اختبارُ انتقال: المكلِّف أو المالك وحدَه يغيّرها وأثرُها العدُّ يستمر ولا يُصفَّر"
WFM-024,WFM-01,أخرى,"حالةُ المهمة «مفوَّضة مؤقتًا» — نطاقُ الحكم § WFM-024 § اختبارُ انتقال: المنفّذ باعتماد المالك وحدَه يغيّرها وأثرُها العدُّ يستمر والمسؤوليةُ تبقى للأصل"
WFM-025,WFM-01,أخرى,"حالةُ المهمة «متأخرة» — نطاقُ الحكم § WFM-025 § اختبارُ انتقال: النظامُ آليًّا وحدَه يغيّرها وأثرُها يُفتح عدُّ التأخر ويُصعَّد"
WFM-026,WFM-01,أخرى,"حالةُ المهمة «أعيد فتحها» — نطاقُ الحكم § WFM-026 § اختبارُ انتقال: المالك أو الحوكمة وحدَه يغيّرها وأثرُها يُعكس الإنجازُ ويُستأنف العد"
WFM-027,WFM-01,أخرى,"مصدرٌ واضحٌ ومالكٌ ومنفِّذٌ ونطاقٌ وموعدٌ ومخرَجٌ ودليلُ إغلاق. § WFM-027 § اختبارُ إلزام: حفظُ مهمةٍ ينقصها أحدُ السبعةِ يُرفض ويبيّن الناقص"
WFM-028,WFM-01,أخرى,"مصدرُ المهمة «تكليفٌ مباشرٌ من المدير» (SRC-01) — نطاقُ الحكم § WFM-028 § اختبارُ وجودٍ وسلوك: وقوعُ المحفّز يولّد المهمةَ بمصدرها SRC-01"
WFM-029,WFM-01,أخرى,"مصدرُ المهمة «تكليفٌ من نائبٍ أو مفوَّض» (SRC-02) — نطاقُ الحكم § WFM-029 § اختبارُ وجودٍ وسلوك: وقوعُ المحفّز يولّد المهمةَ بمصدرها SRC-02"
WFM-030,WFM-01,أخرى,"مصدرُ المهمة «انتقالُ مستندٍ لمرحلةٍ جديدة» (SRC-03) — نطاقُ الحكم § WFM-030 § اختبارُ وجودٍ وسلوك: وقوعُ المحفّز يولّد المهمةَ بمصدرها SRC-03"
WFM-031,WFM-01,أخرى,"مصدرُ المهمة «خطوةُ اعتمادٍ تنتظر قرارًا» (SRC-04) — نطاقُ الحكم § WFM-031 § اختبارُ وجودٍ وسلوك: وقوعُ المحفّز يولّد المهمةَ بمصدرها SRC-04"
WFM-032,WFM-01,أخرى,"مصدرُ المهمة «طلبٌ قدَّمه موظفٌ ويحتاج معالجة» (SRC-05) — نطاقُ الحكم § WFM-032 § اختبارُ وجودٍ وسلوك: وقوعُ المحفّز يولّد المهمةَ بمصدرها SRC-05"
WFM-033,WFM-01,أخرى,"مصدرُ المهمة «بلاغٌ وُجِّه لإدارةٍ أو شخص» (SRC-06) — نطاقُ الحكم § WFM-033 § اختبارُ وجودٍ وسلوك: وقوعُ المحفّز يولّد المهمةَ بمصدرها SRC-06"
WFM-034,WFM-01,أخرى,"مصدرُ المهمة «استثناءٌ أو انحرافٌ يحتاج معالجة» (SRC-07) — نطاقُ الحكم § WFM-034 § اختبارُ وجودٍ وسلوك: وقوعُ المحفّز يولّد المهمةَ بمصدرها SRC-07"
WFM-035,WFM-01,أخرى,"مصدرُ المهمة «مهمةٌ دوريةٌ مجدولة» (SRC-08) — نطاقُ الحكم § WFM-035 § اختبارُ وجودٍ وسلوك: وقوعُ المحفّز يولّد المهمةَ بمصدرها SRC-08"
WFM-036,WFM-01,أخرى,"مصدرُ المهمة «إجراءٌ تصحيحيٌّ من مراجعةٍ أو تدقيق» (SRC-09) — نطاقُ الحكم § WFM-036 § اختبارُ وجودٍ وسلوك: وقوعُ المحفّز يولّد المهمةَ بمصدرها SRC-09"
WFM-037,WFM-01,أخرى,"مصدرُ المهمة «قرارٌ من اجتماعٍ رسمي» (SRC-10) — نطاقُ الحكم § WFM-037 § اختبارُ وجودٍ وسلوك: وقوعُ المحفّز يولّد المهمةَ بمصدرها SRC-10"
WFM-038,WFM-01,أخرى,"مصدرُ المهمة «تجاوزُ مهلةٍ أو مؤشرِ خطر» (SRC-11) — نطاقُ الحكم § WFM-038 § اختبارُ وجودٍ وسلوك: وقوعُ المحفّز يولّد المهمةَ بمصدرها SRC-11"
WFM-039,WFM-01,أخرى,"مصدرُ المهمة «مهمةٌ عابرةٌ بين إدارتين» (SRC-12) — نطاقُ الحكم § WFM-039 § اختبارُ وجودٍ وسلوك: وقوعُ المحفّز يولّد المهمةَ بمصدرها SRC-12"
WFM-040,WFM-01,أخرى,"مصدرُ المهمة «مهمةٌ مرتبطةٌ بمشروعٍ أو أصلٍ أو عقد» (SRC-13) — نطاقُ الحكم § WFM-040 § اختبارُ وجودٍ وسلوك: وقوعُ المحفّز يولّد المهمةَ بمصدرها SRC-13"
WFM-041,WFM-01,أخرى,"مصدرُ المهمة «مهمةٌ طارئةٌ من حالةٍ تشغيلية» (SRC-14) — نطاقُ الحكم § WFM-041 § اختبارُ وجودٍ وسلوك: وقوعُ المحفّز يولّد المهمةَ بمصدرها SRC-14"
WFM-042,WFM-01,أخرى,"وما لا مصدرَ له يُوسَم «مقترحٌ يحتاج اعتماد المالك» ولا يُفعَّل قبله. § WFM-042 § اختبارُ تصنيف: كلُّ نوعِ طلبٍ يحمل مرجعَ مصدره أو وسمَ الاقتراح"
WFM-043,WFM-01,أخرى,"لكل نوع طلبٍ بطاقةُ تعريفٍ بستةٍ وعشرين حقلًا — نطاقُ الحكم § WFM-043 § اختبارُ اكتمال: صفرُ نوعِ طلبٍ ينقصه حقلٌ من الستةِ والعشرين"
WFM-044,WFM-01,أخرى,"نوعُ الطلب «طلب إجازة» (RQ-HR-01) — نطاقُ الحكم § WFM-044 § اختبارُ مسار: الطلبُ يصل مديرُه المباشر ويُنتج إذنُ إجازةٍ ورصيدٌ منقوص خلال يومان"
WFM-045,WFM-01,أخرى,"نوعُ الطلب «طلب إذن» (RQ-HR-02) — نطاقُ الحكم § WFM-045 § اختبارُ مسار: الطلبُ يصل مديرُه المباشر ويُنتج إذنُ انصرافٍ مسجَّل خلال 4 ساعات"
WFM-046,WFM-01,أخرى,"نوعُ الطلب «طلب سلفة موظف» (RQ-HR-03) — نطاقُ الحكم § WFM-046 § اختبارُ مسار: الطلبُ يصل الموارد ويُنتج سلفةٌ مصروفةٌ وجدولُ استقطاع خلال 3 أيام"
WFM-047,WFM-01,أخرى,"نوعُ الطلب «طلب شهادة أو مستند وظيفي» (RQ-HR-04) — نطاقُ الحكم § WFM-047 § اختبارُ مسار: الطلبُ يصل الموارد ويُنتج مستندٌ موقَّع خلال يومان"
WFM-048,WFM-01,أخرى,"نوعُ الطلب «طلب تعديل بيانات» (RQ-HR-05) — نطاقُ الحكم § WFM-048 § اختبارُ مسار: الطلبُ يصل الموارد ويُنتج ملفٌّ محدَّث خلال يومان"
WFM-049,WFM-01,أخرى,"نوعُ الطلب «طلب نقل أو ترقية» (RQ-HR-06) — نطاقُ الحكم § WFM-049 § اختبارُ مسار: الطلبُ يصل الموارد ويُنتج قرارُ نقلٍ أو ترقية خلال 10 أيام"
WFM-050,WFM-01,أخرى,"نوعُ الطلب «طلب تدريب» (RQ-HR-07) — نطاقُ الحكم § WFM-050 § اختبارُ مسار: الطلبُ يصل الموارد ويُنتج تسجيلٌ في برنامج خلال 5 أيام"
WFM-051,WFM-01,أخرى,"نوعُ الطلب «طلب معالجة شكوى وظيفية» (RQ-HR-08) — نطاقُ الحكم § WFM-051 § اختبارُ مسار: الطلبُ يصل الموارد ويُنتج محضرُ معالجة خلال 5 أيام"
WFM-052,WFM-01,أخرى,"نوعُ الطلب «طلب دعمٍ لتخفيف عبء العمل» (RQ-HR-09) — نطاقُ الحكم § WFM-052 § اختبارُ مسار: الطلبُ يصل مديرُه المباشر ويُنتج إعادةُ توزيعِ مهامٍ أو بديل خلال 3 أيام"
WFM-053,WFM-01,أخرى,"نوعُ الطلب «طلب موظفٍ أو بديلٍ إضافي» (RQ-HR-10) — نطاقُ الحكم § WFM-053 § اختبارُ مسار: الطلبُ يصل الموارد ويُنتج شاغرٌ معتمدٌ أو تكليفُ بديل خلال 7 أيام"
WFM-054,WFM-01,أخرى,"نوعُ الطلب «طلب إنهاء تكليف» (RQ-HR-11) — نطاقُ الحكم § WFM-054 § اختبارُ مسار: الطلبُ يصل الموارد ويُنتج إنهاءُ تكليفٍ بتاريخه خلال 3 أيام"
WFM-055,WFM-01,أخرى,"نوعُ الطلب «طلب دفع» (RQ-FI-01) — نطاقُ الحكم § WFM-055 § اختبارُ مسار: الطلبُ يصل المالية ويُنتج أمرُ دفعٍ منفَّذ خلال 3 أيام"
WFM-056,WFM-01,أخرى,"نوعُ الطلب «طلب تعويض مصروف» (RQ-FI-02) — نطاقُ الحكم § WFM-056 § اختبارُ مسار: الطلبُ يصل المالية ويُنتج تعويضٌ مصروفٌ بمستنده خلال 5 أيام"
WFM-057,WFM-01,أخرى,"نوعُ الطلب «طلب عهدة» (RQ-FI-03) — نطاقُ الحكم § WFM-057 § اختبارُ مسار: الطلبُ يصل المالية ويُنتج عهدةٌ مفتوحةٌ باسم المستلم خلال 3 أيام"
WFM-058,WFM-01,أخرى,"نوعُ الطلب «طلب تسوية عهدة» (RQ-FI-04) — نطاقُ الحكم § WFM-058 § اختبارُ مسار: الطلبُ يصل المالية ويُنتج عهدةٌ مقفلةٌ بفرقها خلال 3 أيام"
WFM-059,WFM-01,أخرى,"نوعُ الطلب «طلب سلفة تشغيلية» (RQ-FI-05) — نطاقُ الحكم § WFM-059 § اختبارُ مسار: الطلبُ يصل المالية ويُنتج سلفةٌ مصروفةٌ بجدولها خلال 3 أيام"
WFM-060,WFM-01,أخرى,"نوعُ الطلب «طلب استرداد» (RQ-FI-06) — نطاقُ الحكم § WFM-060 § اختبارُ مسار: الطلبُ يصل المالية ويُنتج حركةُ استردادٍ مقيَّدة خلال 5 أيام"
WFM-061,WFM-01,أخرى,"نوعُ الطلب «طلب تصحيح مالي» (RQ-FI-07) — نطاقُ الحكم § WFM-061 § اختبارُ مسار: الطلبُ يصل المالية ويُنتج قيدٌ عاكسٌ ثم صحيح خلال 3 أيام"
WFM-062,WFM-01,أخرى,"نوعُ الطلب «طلب فتح أو تعديل مركز تكلفة» (RQ-FI-08) — نطاقُ الحكم § WFM-062 § اختبارُ مسار: الطلبُ يصل المالية ويُنتج مركزُ تكلفةٍ نافذ خلال 5 أيام"
WFM-063,WFM-01,أخرى,"نوعُ الطلب «طلب موردٍ إضافي» (RQ-OP-01) — نطاقُ الحكم § WFM-063 § اختبارُ مسار: الطلبُ يصل التشغيل ويُنتج تخصيصُ معدةٍ أو مشغّل خلال يومان"
WFM-064,WFM-01,أخرى,"لا يكفي تحوُّلُ حالة الطلب إلى «معتمد» — بل يصل مقدّمَه — نطاقُ الحكم § WFM-064 § اختبارُ اكتمال: صفرُ طلبٍ مغلقٍ بلا وصول العناصر التسعةِ لمقدّمه"
WFM-065,WFM-01,أخرى,"الاسمُ والمصدرُ ومن كلّفني وسببُ التكليف والإدارةُ أو المشروعُ والأولويةُ والموعدُ والمدةُ المتبقيةُ والحالةُ والمتطلباتُ السابقةُ والمانعُ الحاليُّ والمخرَجُ ودليلُ الإنجاز والإجراءُ التالي ومن ينتظر النتيجةَ وأثرُ التأخير ورابطُ الأصل. § WFM-065 § اختبارُ اكتمال: صفرُ صفٍّ ينقصه حقلٌ من السبعةَ عشرَ"
WFM-067,WFM-01,أخرى,"بل يُشتق الإنجازُ من ثمانية مصادرَ فقط: مهمةٌ مكتملةٌ مقبولةٌ · طلبٌ نُفِّذ وأُغلق · مستندٌ اعتمده الموظفُ باختصاصه · أمرُ عملٍ أُقفل · وحدةٌ أو ورديةٌ أُنجزت · نتيجةٌ قابلةٌ للقياس · معالجةُ بلاغٍ · إجراءٌ تصحيحيٌّ متحقَّقٌ منه. § WFM-067 § اختبارُ منع: إدخالُ إنجازٍ يدويًّا بلا مصدرٍ من الثمانيةِ يُرفض"
WFM-068,WFM-01,أخرى,"تسجيلُ الموظف إنجازًا لنفسه بلا مصدرٍ · احتسابُ الضغطات وفتحِ الشاشات · احتسابُ المهمة الملغاةِ أو المعادة · منحُ المنفِّذ والمعتمِدِ الإنجازَ نفسَه بلا تمييزِ الأدوار · بقاءُ الإنجاز بعد عكس المعاملة بلا تحديث. § WFM-068 § اختبارُ منع: كلُّ حالةٍ من الخمسِ تُرفض أو تُصحَّح آليًّا"
WFM-069,WFM-01,أخرى,"المنفِّذُ الرئيسيُّ والمساهمون والمراجعُ والمعتمِدُ ونسبةُ مساهمةِ كلٍّ ونوعُها § WFM-069 § اختبارُ حساب: مجموعُ الإسناد لا يتجاوز مئةً ولا يتضاعف الإنجازُ في المؤشر"
WFM-070,WFM-01,أخرى,"يُعكس الإنجازُ آليًّا إن عُكست معاملتُه أو أُعيد فتحُ عمله § WFM-070 § اختبارُ عكس: عكسُ الأصلِ يُنقص الإنجازَ ويحدّث المؤشرَ فورًا"
WFM-073,WFM-01,أخرى,"ولكلٍّ صاحبُ قرارٍ ونطاقٌ ومدةٌ وصلاحياتٌ ناتجةٌ وإمكانيةُ إعادةِ تفويضٍ وأثرٌ عند الانتهاء على المهام المفتوحةِ وسجلُّ تدقيقٍ وجهةُ موافقة. § WFM-073 § اختبارُ تمييز: «إسنادُ مهمة» له أحكامُه ولا يُخلط بغيره"
WFM-074,WFM-01,أخرى,"ولكلٍّ صاحبُ قرارٍ ونطاقٌ ومدةٌ وصلاحياتٌ ناتجةٌ وإمكانيةُ إعادةِ تفويضٍ وأثرٌ عند الانتهاء على المهام المفتوحةِ وسجلُّ تدقيقٍ وجهةُ موافقة. § WFM-074 § اختبارُ تمييز: «تكليفٌ بدور» له أحكامُه ولا يُخلط بغيره"
WFM-075,WFM-01,أخرى,"ولكلٍّ صاحبُ قرارٍ ونطاقٌ ومدةٌ وصلاحياتٌ ناتجةٌ وإمكانيةُ إعادةِ تفويضٍ وأثرٌ عند الانتهاء على المهام المفتوحةِ وسجلُّ تدقيقٍ وجهةُ موافقة. § WFM-075 § اختبارُ تمييز: «إنابةٌ مؤقتة» له أحكامُه ولا يُخلط بغيره"
WFM-076,WFM-01,أخرى,"ولكلٍّ صاحبُ قرارٍ ونطاقٌ ومدةٌ وصلاحياتٌ ناتجةٌ وإمكانيةُ إعادةِ تفويضٍ وأثرٌ عند الانتهاء على المهام المفتوحةِ وسجلُّ تدقيقٍ وجهةُ موافقة. § WFM-076 § اختبارُ تمييز: «تفويضُ صلاحية» له أحكامُه ولا يُخلط بغيره"
WFM-077,WFM-01,أخرى,"ولكلٍّ صاحبُ قرارٍ ونطاقٌ ومدةٌ وصلاحياتٌ ناتجةٌ وإمكانيةُ إعادةِ تفويضٍ وأثرٌ عند الانتهاء على المهام المفتوحةِ وسجلُّ تدقيقٍ وجهةُ موافقة. § WFM-077 § اختبارُ تمييز: «إعادةُ إسناد» له أحكامُه ولا يُخلط بغيره"
WFM-078,WFM-01,أخرى,"ولكلٍّ صاحبُ قرارٍ ونطاقٌ ومدةٌ وصلاحياتٌ ناتجةٌ وإمكانيةُ إعادةِ تفويضٍ وأثرٌ عند الانتهاء على المهام المفتوحةِ وسجلُّ تدقيقٍ وجهةُ موافقة. § WFM-078 § اختبارُ تمييز: «نقلُ عبء عمل» له أحكامُه ولا يُخلط بغيره"
WFM-079,WFM-01,أخرى,"والمفتوحةُ تُنقل أو تبقى بقرارٍ مسجَّل. § WFM-079 § اختبارُ أثر: انتهاءُ التكليف يوقف التوليدَ والمفتوحةُ تبقى بقرار"
WFM-080,WFM-01,أخرى,"يُبنى نموذجُ بياناتٍ موحَّدٌ بسبعةَ عشرَ جدولًا — نطاقُ الحكم § WFM-080 § اختبارُ اكتمال: السبعةَ عشرَ موجودةٌ بعلاقاتها"
WFM-081,WFM-01,أخرى,"يحمل كلُّ عنصرِ عملٍ خمسةَ عشرَ حقلَ ربطٍ — نطاقُ الحكم § WFM-081 § اختبارُ اكتمال: صفرُ عنصرٍ ينقصه حقلٌ من الخمسةَ عشر"
WFM-082,WFM-01,أخرى,"الحدثُ TaskCreated (إنشاءُ مهمة) — نطاقُ الحكم § WFM-082 § اختبارُ حدث: وقوعُ إنشاءُ مهمة ينشر TaskCreated وتتحدث مساحةُ عملي · لوحةُ المدير"
WFM-083,WFM-01,أخرى,"ينشره المكلِّف · وتتحدث به مهامي · مهامُ فريقي · والإشعارُ: مهمةٌ مسنَدةٌ إليك · وأثرٌ مالي: لا · وعند الفشل: تبقى مسودةً ويُخطَر المكلِّف. § WFM-083 § اختبارُ حدث: وقوعُ إسنادُ مهمةٍ لمنفِّذ ينشر TaskAssigned وتتحدث مهامي · مهامُ فريقي"
WFM-084,WFM-01,أخرى,"ينشره المنفّذ · وتتحدث به لوحةُ المكلِّف · والإشعارُ: تمَّ الاستلام · وأثرٌ مالي: لا · وعند الفشل: يبقى عدُّ الاستجابة جاريًا. § WFM-084 § اختبارُ حدث: وقوعُ استلامُ المنفِّذ للمهمة ينشر TaskAccepted وتتحدث لوحةُ المكلِّف"
WFM-085,WFM-01,أخرى,"ينشره المنفّذ · وتتحدث به لوحةُ المالك والمدير · والإشعارُ: مهمةٌ متعطلةٌ تحتاج تدخلًا · وأثرٌ مالي: لا · وعند الفشل: يُخطَر المالكُ يدويًّا. § WFM-085 § اختبارُ حدث: وقوعُ تعطلُ المهمة بسببٍ محكوم ينشر TaskBlocked وتتحدث لوحةُ المالك والمدير"
WFM-086,WFM-01,أخرى,"ينشره المنفّذ · وتتحدث به لوحةُ المتحقِّق · والإشعارُ: مهمةٌ تنتظر تحققَك · وأثرٌ مالي: لا · وعند الفشل: تبقى قيدَ التنفيذ. § WFM-086 § اختبارُ حدث: وقوعُ إكمالُ المنفِّذ وتقديمُ الدليل ينشر TaskCompleted وتتحدث لوحةُ المتحقِّق"
WFM-087,WFM-01,أخرى,"ينشره المتحقِّق · وتتحدث به مهامي · والإشعارُ: مهمةٌ أُعيدت إليك بسبب · وأثرٌ مالي: لا · وعند الفشل: يُخطَر المنفّذُ يدويًّا. § WFM-087 § اختبارُ حدث: وقوعُ إعادةُ المهمة للمنفِّذ ينشر TaskReturned وتتحدث مهامي"
WFM-088,WFM-01,أخرى,"ينشره المكلِّف أو المالك · وتتحدث به مهامي للاثنين · والإشعارُ: نقلُ مهمةٍ إليك أو منك · وأثرٌ مالي: لا · وعند الفشل: يبقى الإسنادُ الأصلي. § WFM-088 § اختبارُ حدث: وقوعُ إعادةُ إسنادٍ لمنفِّذٍ آخر ينشر TaskReassigned وتتحدث مهامي للاثنين"
WFM-089,WFM-01,أخرى,"تتحدث به إنجازي · لوحةُ المدير · والإشعارُ: اكتملت المهمةُ ونُسب الإنجاز · وأثرٌ مالي: بحسب نوع المهمة · وعند الفشل: لا يُشتق الإنجازُ حتى النجاح. § WFM-089 § اختبارُ حدث: وقوعُ قبولُ المهمة وإغلاقُها ينشر TaskClosed وتتحدث إنجازي · لوحةُ المدير"
WFM-090,WFM-01,أخرى,"الحدثُ RequestSubmitted (تقديمُ طلب) — نطاقُ الحكم § WFM-090 § اختبارُ حدث: وقوعُ تقديمُ طلب ينشر RequestSubmitted وتتحدث طلباتي · مهامُ الإدارة المستقبِلة"
WFM-091,WFM-01,أخرى,"الحدثُ RequestRouted (توجيهُ الطلب للمستقبِل) — نطاقُ الحكم § WFM-091 § اختبارُ حدث: وقوعُ توجيهُ الطلب للمستقبِل ينشر RequestRouted وتتحدث مهامي للمستقبِل"
WFM-092,WFM-01,أخرى,"والخطوةُ التالية · وأثرٌ مالي: بحسب نوع الطلب · وعند الفشل: لا ينتقل للتنفيذ. § WFM-092 § اختبارُ حدث: وقوعُ اعتمادُ الطلب ينشر RequestApproved وتتحدث طلباتي · مهامُ المنفِّذ"
WFM-093,WFM-01,أخرى,"الحدثُ RequestRejected (رفضُ الطلب بسبب) — نطاقُ الحكم § WFM-093 § اختبارُ حدث: وقوعُ رفضُ الطلب بسبب ينشر RequestRejected وتتحدث طلباتي"
WFM-094,WFM-01,أخرى,"والمستندُ الناتج · وأثرٌ مالي: بحسب نوع الطلب · وعند الفشل: لا يُقفل الطلب. § WFM-094 § اختبارُ حدث: وقوعُ تنفيذُ الطلب بعد الاعتماد ينشر RequestExecuted وتتحدث طلباتي · إنجازي للمنفِّذ"
WFM-095,WFM-01,أخرى,"تتحدث به إنجازي · مؤشراتُ المدير · والإشعارُ: أُضيف إنجازٌ لسجلك · وأثرٌ مالي: لا · وعند الفشل: لا يظهر الإنجازُ ويُخطَر المالك. § WFM-095 § اختبارُ حدث: وقوعُ اشتقاقُ إنجازٍ من عملٍ مقبول ينشر AchievementRecognized وتتحدث إنجازي · مؤشراتُ المدير"
WFM-096,WFM-01,أخرى,"تتحدث به إنجازي · المؤشرات · والإشعارُ: عُكس إنجازٌ من سجلك بسبب · وأثرٌ مالي: بحسب الأصل · وعند الفشل: يبقى الإنجازُ خطأً ويُنبَّه. § WFM-096 § اختبارُ حدث: وقوعُ عكسُ إنجازٍ بعد إعادة فتحٍ أو عكس ينشر AchievementReversed وتتحدث إنجازي · المؤشرات"
WFM-097,WFM-01,أخرى,"الحدثُ SlaBreached (تجاوزُ مهلةِ استجابةٍ أو إنجاز) — نطاقُ الحكم § WFM-097 § اختبارُ حدث: وقوعُ تجاوزُ مهلةِ استجابةٍ أو إنجاز ينشر SlaBreached وتتحدث لوحةُ المالك والمدير"
WFM-098,WFM-01,أخرى,"شرطُ قبولٍ للمحرّك: صفرُ مهمةٍ بلا مصدر. § — ذريّ § اختبارُ قبولٍ شامل: يُفحص «صفرُ مهمةٍ بلا مصدر» بمسحٍ آليٍّ ويوقف الاعتمادَ عند أي خرق"
WFM-099,WFM-01,أخرى,"شرطُ قبولٍ للمحرّك: صفرُ مهمةٍ بلا مالك. § — ذريّ § اختبارُ قبولٍ شامل: يُفحص «صفرُ مهمةٍ بلا مالك» بمسحٍ آليٍّ ويوقف الاعتمادَ عند أي خرق"
WFM-100,WFM-01,أخرى,"شرطُ قبولٍ للمحرّك: صفرُ مهمةٍ بلا منفِّذٍ أو دورٍ مستقبِل. § — ذريّ § اختبارُ قبولٍ شامل: يُفحص «صفرُ مهمةٍ بلا منفِّذٍ أو دورٍ مستقبِل» بمسحٍ آليٍّ ويوقف الاعتمادَ عند أي خرق"
WFM-101,WFM-01,أخرى,"شرطُ قبولٍ للمحرّك: صفرُ طلبٍ بلا جهةٍ مستقبلة. § — ذريّ § اختبارُ قبولٍ شامل: يُفحص «صفرُ طلبٍ بلا جهةٍ مستقبلة» بمسحٍ آليٍّ ويوقف الاعتمادَ عند أي خرق"
WFM-102,WFM-01,أخرى,"شرطُ قبولٍ للمحرّك: صفرُ طلبٍ بلا مسارِ رد. § — ذريّ § اختبارُ قبولٍ شامل: يُفحص «صفرُ طلبٍ بلا مسارِ رد» بمسحٍ آليٍّ ويوقف الاعتمادَ عند أي خرق"
WFM-103,WFM-01,أخرى,"شرطُ قبولٍ للمحرّك: صفرُ موافقةٍ بلا صلاحيةٍ ونطاق. § — ذريّ § اختبارُ قبولٍ شامل: يُفحص «صفرُ موافقةٍ بلا صلاحيةٍ ونطاق» بمسحٍ آليٍّ ويوقف الاعتمادَ عند أي خرق"
WFM-104,WFM-01,أخرى,"شرطُ قبولٍ للمحرّك: صفرُ إنجازٍ بلا عملٍ مكتملٍ ودليل. § — ذريّ § اختبارُ قبولٍ شامل: يُفحص «صفرُ إنجازٍ بلا عملٍ مكتملٍ ودليل» بمسحٍ آليٍّ ويوقف الاعتمادَ عند أي خرق"
WFM-105,WFM-01,أخرى,"شرطُ قبولٍ للمحرّك: صفرُ عنصرٍ في مهامي بلا رابطٍ إلى أصله. § — ذريّ § اختبارُ قبولٍ شامل: يُفحص «صفرُ عنصرٍ في مهامي بلا رابطٍ إلى أصله» بمسحٍ آليٍّ ويوقف الاعتمادَ عند أي خرق"
WFM-106,WFM-01,أخرى,"شرطُ قبولٍ للمحرّك: صفرُ عنصرٍ في طلباتي لا يُعرف أين توقف. § — ذريّ § اختبارُ قبولٍ شامل: يُفحص «صفرُ عنصرٍ في طلباتي لا يُعرف أين توقف» بمسحٍ آليٍّ ويوقف الاعتمادَ عند أي خرق"
WFM-107,WFM-01,أخرى,"شرطُ قبولٍ للمحرّك: صفرُ تنبيهٍ يتطلب فعلًا ولا يتحول مهمةً. § — ذريّ § اختبارُ قبولٍ شامل: يُفحص «صفرُ تنبيهٍ يتطلب فعلًا ولا يتحول مهمةً» بمسحٍ آليٍّ ويوقف الاعتمادَ عند أي خرق"
WFM-108,WFM-01,أخرى,"شرطُ قبولٍ للمحرّك: صفرُ مهمةٍ متأخرةٍ بلا تصعيد. § — ذريّ § اختبارُ قبولٍ شامل: يُفحص «صفرُ مهمةٍ متأخرةٍ بلا تصعيد» بمسحٍ آليٍّ ويوقف الاعتمادَ عند أي خرق"
WFM-109,WFM-01,أخرى,"شرطُ قبولٍ للمحرّك: صفرُ تكليفٍ منتهٍ يستمر في توليد مهام. § — ذريّ § اختبارُ قبولٍ شامل: يُفحص «صفرُ تكليفٍ منتهٍ يستمر في توليد مهام» بمسحٍ آليٍّ ويوقف الاعتمادَ عند أي خرق"
WFM-110,WFM-01,أخرى,"شرطُ قبولٍ للمحرّك: صفرُ مديرٍ يرى مهامًا خارج نطاقه. § — ذريّ § اختبارُ قبولٍ شامل: يُفحص «صفرُ مديرٍ يرى مهامًا خارج نطاقه» بمسحٍ آليٍّ ويوقف الاعتمادَ عند أي خرق"
WFM-111,WFM-01,أخرى,"شرطُ قبولٍ للمحرّك: صفرُ إدخالٍ مكررٍ بين شاشة المصدر ومساحة عملي. § — ذريّ § اختبارُ قبولٍ شامل: يُفحص «صفرُ إدخالٍ مكررٍ بين شاشة المصدر ومساحة عملي» بمسحٍ آليٍّ ويوقف الاعتمادَ عند أي خرق"
WFM-112,WFM-01,أخرى,"قدرةُ الحوكمة على تفسير سبب ظهور كل عنصرٍ لكل مستخدم. § WFM-112 § اختبارُ قبولٍ شامل: يُفحص «قدرةُ الحوكمة على تفسير سبب ظهور كل عنصرٍ لكل مستخدم» بمسحٍ آليٍّ ويوقف الاعتمادَ عند أي خرق"
WFM-113,WFM-01,أخرى,"ولا يُخترع عنصرٌ بلا فعلٍ يقابله § WFM-113 § اختبارُ تتبع: كلُّ عنصرٍ يحمل رمزَ فعلٍ من NAV-09 ويفتح شاشتَه بضغطةٍ واحدة"
WFM-115,WFM-01,أخرى,"تُستنبط أولويةُ العنصر من نص الفعل وأثره — نطاقُ الحكم § WFM-115 § اختبارُ اشتقاق: الأولويةُ محسوبةٌ من نص الفعل ولا تُختار يدويًّا"
WFM-117,WFM-01,أخرى,"يحمل كلُّ عنصرِ عملٍ عقدَ الأثر السداسيَّ من خريطة أفعال NAV-09: ما يُكتب في الجداول · والحدثُ المنشور · ومن يستهلكه · وما يتغير عند المستهلك · والإداراتُ المتأثرةُ من زوايا عرض الشاشة · وفعلُ العكس. § — ذريّ § اختبارُ اكتمال: صفرُ عنصرٍ ينقصه عنصرٌ من الستة"
WFM-118,WFM-01,أخرى,"تُقرأ الإداراتُ المتأثرةُ بعنصرِ العمل من زوايا عرض شاشته في NAV-09 § WFM-118 § اختبارُ اشتقاق: الإداراتُ المتأثرةُ محسوبةٌ من زوايا العرض ولا تُدخل يدويًّا"
WFM-119,WFM-01,أخرى,"العنصرُ الذي لا فعلَ عكسٍ له يُوسَم صراحةً «يحتاج فعلَ عكس» ويُرفع في سجل الفجوات § WFM-119 § اختبارُ وسم: كلُّ عنصرٍ بلا عكسٍ موسومٌ ومرفوعٌ في الورقة 15"
WFM-121,WFM-01,أخرى,"خطوةُ تفسير الظهور «أصلُ العنصر» — نطاقُ الحكم § WFM-121 § اختبارُ خطوة: الخطوةُ ترجع مصدرَها ونصَّها ولا تفشل صامتةً"
WFM-122,WFM-01,أخرى,"تُقرأ من الورقةُ 07 بحسب النوع والمحفّز وتُعرض للمستخدم بصيغة «وُجِّه إليك بقاعدةٍ معرَّفةٍ لا باجتهاد». § WFM-122 § اختبارُ خطوة: الخطوةُ ترجع مصدرَها ونصَّها ولا تفشل صامتةً"
WFM-123,WFM-01,أخرى,"خطوةُ تفسير الظهور «الدورُ المستقبِل» — نطاقُ الحكم § WFM-123 § اختبارُ خطوة: الخطوةُ ترجع مصدرَها ونصَّها ولا تفشل صامتةً"
WFM-124,WFM-01,أخرى,"الإدارةُ والموقعُ والمشروع وتُعرض للمستخدم بصيغة «نطاقُك يشمل هذا العنصر». § WFM-124 § اختبارُ خطوة: الخطوةُ ترجع مصدرَها ونصَّها ولا تفشل صامتةً"
WFM-125,WFM-01,أخرى,"خطوةُ تفسير الظهور «التفويض» — نطاقُ الحكم § WFM-125 § اختبارُ خطوة: الخطوةُ ترجع مصدرَها ونصَّها ولا تفشل صامتةً"
WFM-126,WFM-01,أخرى,"العنصرُ الذي لا تكتمل سلسلةُ تفسيره الخماسيةُ لا يُعرض للمستخدم § WFM-126 § اختبارُ حجب: عنصرٌ بسلسلةٍ ناقصةٍ لا يُصيَّر ولا يُرسَل في الاستجابة"
