n,route,current_name,canonical_ar,canonical_en,old_names,definition,owner_dept,level,canonical_group,sort,nature,dept_count,depts,decision,status,derivation,view_of,merge_into,retirement_status,route_variant,current_label,current_parent,current_order,section
1,Portal/ceo_approvals.php,"اعتمادات المدير التنفيذي","اعتمادات الرئيس التنفيذي","Ceo Approvals","اعتمادات المدير التنفيذي","صندوقُ اعتمادات المدير التنفيذي: ما يتجاوز صلاحيات الإدارات ويحتاج قرارَه. الغرض حصر ما ينتظر توقيعه في مكانٍ واحد. تستخدمها الإدارة التنفيذية.","مكتب الرئيس التنفيذي والنواب","1 — لوحة الإدارة","الاعتمادات والمسائل المرفوعة",100,فعل,1,"الإدارة التنفيذية","يُحوَّل فعلًا في مكوّنِ الانتقال + يُعاد تسميتُه + يُنقل إلى موضعِه المعياريّ",APPROVED,"دورةُ الإدارةِ المالكةِ في الحزمة","زاويةُ نظرٍ لنفسِ البيانات مع: Portal/ceo_board.php",—,ACTIVE,—,"اعتمادات المدير التنفيذي","الاعتمادات العليا","من التصييرِ الحيِّ — يملؤه المبرمجُ من uxui_live_positions.tsv","مكتب الرئيس التنفيذي والنواب"
2,Portal/my_tasks.php,مهامي,مهامي,"My Tasks",—,"تعرض مهامّ المستخدم مجموعةً من أربعة عشر مصدرًا في ثمانية عروض: اليوم · المتأخرة · القادمة · المعطلة · المعادة · المفوَّضة إليّ · التي كلّفتُ بها · فريقي (للمدير من الهيكل التنظيمي","مكتب الرئيس التنفيذي والنواب","1 — لوحة الإدارة","المركز التنفيذي",0,"شاشةٌ مستقلة",16,"أمين المستودع · إدارة التمويل · إدارة الصلاحيات · إدارة المالية · إدارة المخاطر · إدارة المشتريات · إدارة الموقع · إدارة النقل والترحيل · ادارة الاسطول · ادارة التشغيل · ادارة الصيانة · ادارة المبيعات · ادارة الموارد البشرية · ادارة الموردين · الإدارة التنفيذية · القوى التشغيلية","يُنقل إلى موضعِه المعياريّ",APPROVED,"دورةُ الإدارةِ المالكةِ في الحزمة",—,—,ACTIVE,—,مهامي,"لوحة الإدارة · لوحة الإدارة التنفيذية · لوحة الموقع","من التصييرِ الحيِّ — يملؤه المبرمجُ من uxui_live_positions.tsv","مكتب الرئيس التنفيذي والنواب"
3,Portal/my_achievement.php,إنجازي,إنجازي,"My Achievement",—,"تعرض إنجاز الموظف بين تاريخين بمؤشراتٍ سبعةٍ ومقارنةٍ بالفترة السابقة. الغرض قياس إنجاز الفرد شخصيًّا بفترةٍ حرة؛ والمؤشر الذي لا يخصّ فئةَ الموظف يُخفى بنصِّ «لا ينطبق». يستخدمها","مكتب الرئيس التنفيذي والنواب","1 — لوحة الإدارة","المركز التنفيذي",1,منظر,15,"أمين المستودع · إدارة التمويل · إدارة الصلاحيات · إدارة المالية · إدارة المشتريات · إدارة الموقع · إدارة النقل والترحيل · ادارة الاسطول · ادارة التشغيل · ادارة الصيانة · ادارة المبيعات · ادارة الموارد البشرية · ادارة الموردين · الإدارة التنفيذية · القوى التشغيلية","يُحوَّل منظرَ عملٍ محفوظًا + يُنقل إلى موضعِه المعياريّ",APPROVED,"دورةُ الإدارةِ المالكةِ في الحزمة",—,—,ACTIVE,—,إنجازي,"لوحة الإدارة · لوحة الإدارة التنفيذية · لوحة الموقع","من التصييرِ الحيِّ — يملؤه المبرمجُ من uxui_live_positions.tsv","مكتب الرئيس التنفيذي والنواب"
4,FinRequests/my_requests.php,"طلباتي / طلباتي المالية",طلباتي,"My Requests","طلباتي / طلباتي المالية","تعرض للمستخدم طلباته المالية هو نفسه بأرقامها وأنواعها ومبرّراتها ومستفيديها ومبالغها وحالتها الحالية وحدثها المالي إن وُلد. الغرض أن يعرف صاحب الطلب أين وصل طلبه دون مراجعة أحد. ي","مكتب الرئيس التنفيذي والنواب","1 — لوحة الإدارة","المركز التنفيذي",3,فعل,16,"أمين المستودع · إدارة التمويل · إدارة الصلاحيات · إدارة المالية · إدارة المشتريات · إدارة الموقع · إدارة الموقع (قديم — مدمج في 6) · إدارة النقل والترحيل · ادارة الاسطول · ادارة التشغيل · ادارة الصيانة · ادارة المبيعات · ادارة الموارد البشرية · ادارة الموردين · الإدارة التنفيذية · القوى التشغيلية","يُحوَّل فعلًا في مكوّنِ الانتقال + يُعاد تسميتُه + يُنقل إلى موضعِه المعياريّ",APPROVED,"دورةُ الإدارةِ المالكةِ في الحزمة",—,—,ACTIVE,—,"طلباتي / طلباتي المالية","العمل اليومي · لوحة الإدارة · لوحة الإدارة التنفيذية · لوحة الموقع","من التصييرِ الحيِّ — يملؤه المبرمجُ من uxui_live_positions.tsv","مكتب الرئيس التنفيذي والنواب"
5,Portal/ceo_board.php,"لوحة المدير التنفيذي","لوحة الرئيس التنفيذي","Ceo Board","لوحة المدير التنفيذي","لوحةُ المدير التنفيذي بالمؤشرات العليا: الأداء المالي والتشغيلي مجمَّعًا. الغرض إعطاء القيادة صورةَ الشركة في شاشةٍ واحدة. تستخدمها الإدارة التنفيذية.","مكتب الرئيس التنفيذي والنواب","1 — لوحة الإدارة","المركز التنفيذي",10,تقرير,1,"الإدارة التنفيذية","يبقى تقريرًا في المستوى ٤ + يُعاد تسميتُه + يُنقل إلى موضعِه المعياريّ",APPROVED,"دورةُ الإدارةِ المالكةِ في الحزمة","زاويةُ نظرٍ لنفسِ البيانات مع: Portal/ceo_approvals.php",—,ACTIVE,—,"لوحة المدير التنفيذي","لوحة الإدارة التنفيذية","من التصييرِ الحيِّ — يملؤه المبرمجُ من uxui_live_positions.tsv","مكتب الرئيس التنفيذي والنواب"
6,Finance/budget_master.php,"الموازنة العامة","الموازنة العامة","Budget Master",—,"توحّد ميزانيات الإدارات كلها في عرضٍ واحدٍ بمجاميعها ومخطّطها وفعليّها وانحرافها. الغرض إعطاء المالية صورةَ الموازنة العامة مجمَّعةً عبر الإدارات. يستخدمها المدير المالي.","مكتب الرئيس التنفيذي والنواب","2 — العمليات","التأسيس والهيكل المؤسسي",310,"شاشةٌ مستقلة",2,"إدارة المالية · الإدارة التنفيذية","يُنقل إلى موضعِه المعياريّ",APPROVED,"دورةُ الإدارةِ المالكةِ في الحزمة",—,—,ACTIVE,—,"الموازنة العامة","الإقفال والموازنة · نماذج العمل والحدود","من التصييرِ الحيِّ — يملؤه المبرمجُ من uxui_live_positions.tsv","مكتب الرئيس التنفيذي والنواب"
7,Portal/project_charter.php,"قرار فتح مشروع جديد","قرار فتح مشروع جديد","Project Charter",—,"قرارُ فتح مشروعٍ جديد بمبرّراته ونطاقه ومخصّصاته. الغرض ألّا يُفتح مشروعٌ بلا قرارٍ موثَّقٍ من الإدارة التنفيذية. تستخدمها الإدارة التنفيذية.","مكتب الرئيس التنفيذي والنواب","2 — العمليات","التأسيس والهيكل المؤسسي",320,"شاشةٌ مستقلة",1,"الإدارة التنفيذية","يُنقل إلى موضعِه المعياريّ",APPROVED,"دورةُ الإدارةِ المالكةِ في الحزمة",—,—,ACTIVE,—,"قرار فتح مشروع جديد","فتح المشاريع","من التصييرِ الحيِّ — يملؤه المبرمجُ من uxui_live_positions.tsv","مكتب الرئيس التنفيذي والنواب"
8,Portal/ceo_contracts.php,"توقيع العقود والالتزامات","العقود والالتزامات المحجوزة أو المصعَّدة","Ceo Contracts","توقيع العقود والالتزامات","تعرض العقود والالتزامات التي تنتظر توقيع المدير التنفيذي. الغرض ألّا يُلزَم الكيان بعقدٍ إلا بتوقيعٍ مخوَّل. تستخدمها الإدارة التنفيذية.","مكتب الرئيس التنفيذي والنواب","2 — العمليات","القرارات المحجوزة",200,"شاشةٌ مستقلة",1,"الإدارة التنفيذية","يُعاد تسميتُه + يُنقل إلى موضعِه المعياريّ",APPROVED,"دورةُ الإدارةِ المالكةِ في الحزمة",—,—,ACTIVE,—,"توقيع العقود والالتزامات","توقيع العقود","من التصييرِ الحيِّ — يملؤه المبرمجُ من uxui_live_positions.tsv","مكتب الرئيس التنفيذي والنواب"
9,Portal/contract_review.php,"مراجعة العقود وملاحظاتها","مراجعة العقود وملاحظاتها","Contract Review","نوقّع العقدالعقدُ وأحكامُه وجزاءاتُه وآلياتُ تعديلِ سعره","تعرض العقود قيد المراجعة قبل التوقيع مع ملاحظات المراجعين. الغرض ألّا يُوقَّع عقدٌ قبل استيفاء ملاحظات مراجعته. تستخدمها الإدارة التنفيذية.","مكتب الرئيس التنفيذي والنواب","2 — العمليات","القرارات المحجوزة",210,"شاشةٌ مستقلة",2,"ادارة المبيعات · الإدارة التنفيذية","يُنقل إلى موضعِه المعياريّ",APPROVED,"دورةُ الإدارةِ المالكةِ في الحزمة",—,—,ACTIVE,—,"مراجعة العقود وملاحظاتها","توقيع العقود · نوقّع العقدالعقدُ وأحكامُه وجزاءاتُه وآلياتُ تعديلِ سعره","من التصييرِ الحيِّ — يملؤه المبرمجُ من uxui_live_positions.tsv","مكتب الرئيس التنفيذي والنواب"
10,Workforce/contract_registry.php,"سجل العقود الموحّد / سجل العقود الموحَّد","سجل العقود الموحَّد","Contract Registry","سجل العقود الموحّد / سجل العقود الموحَّد · نوقّع العقدالعقدُ وأحكامُه وجزاءاتُه وآلياتُ تعديلِ سعره","تعرض سجلّ عقود الموظفين الموحّد بحالاتها ومددها وتنبيهات انتهائها وفئتها ونموذج أجرها ومشروعها، ولكل عقدٍ مكوّناتُ أجره وقواعدُ حوافزه وتوزيعُ تحمّلها وملاحقُه. الغرض أن يكون المرج","مكتب الرئيس التنفيذي والنواب","2 — العمليات","القرارات المحجوزة",220,"شاشةٌ مستقلة",4,"إدارة الصلاحيات · ادارة المبيعات · ادارة الموارد البشرية · الإدارة التنفيذية","يُعاد تسميتُه + يُنقل إلى موضعِه المعياريّ",APPROVED,"دورةُ الإدارةِ المالكةِ في الحزمة",—,—,ACTIVE,—,"سجل العقود الموحّد / سجل العقود الموحَّد","التدقيق والمراجعة · العمل اليومي · توقيع العقود · نوقّع العقدالعقدُ وأحكامُه وجزاءاتُه وآلياتُ تعديلِ سعره","من التصييرِ الحيِّ — يملؤه المبرمجُ من uxui_live_positions.tsv","مكتب الرئيس التنفيذي والنواب"
11,Reports/approval_lag_report.php,"الاعتمادات المتأخرة والوثائق","الاعتمادات المتأخرة والوثائق","Approval Lag Report",—,"تعرض مؤشرَين أسبوعيَّين: الاعتمادات المتأخرة (عدد الوحدات غير المعتمدة وأقدمها بالأيام) والوثائق المنتهية بعددها. الغرض ملاحقة القمع في الاعتماد وانتهاء الوثائق بهدفٍ معلن: صفر أقد","مكتب الرئيس التنفيذي والنواب","4 — التقارير والتحليلات","التقارير والتحليلات",900,تقرير,2,"إدارة التمويل · ادارة التشغيل","يبقى تقريرًا في المستوى ٤ + يُنقل إلى موضعِه المعياريّ",PENDING_OWNER,"مجلدُ المسارِ والتصنيفُ الوظيفيّ — يلزم تصديقٌ من الوثيقةِ المالكة",—,—,ACTIVE,—,"الاعتمادات المتأخرة والوثائق","التقارير والتحليلات · العمل اليومي","من التصييرِ الحيِّ — يملؤه المبرمجُ من uxui_live_positions.tsv","مكتب الرئيس التنفيذي والنواب"
12,Reports/daily_units_report.php,"سجل الوحدات اليومية","سجل الوحدات اليومية","Daily Units Report",—,"تعرض سجلّ الوحدات اليومية بالتاريخ والمشروع والمعدة والمورد والمشغّل والوحدة والكمية والحالة. الغرض أن يكون سجلًّا تشغيليًّا واحدًا وتقريرًا في آنٍ، تُستوعب فيه تقارير الساعات القد","مكتب الرئيس التنفيذي والنواب","4 — التقارير والتحليلات","التقارير والتحليلات",900,تقرير,2,"إدارة المالية · ادارة التشغيل","يبقى تقريرًا في المستوى ٤ + يُنقل إلى موضعِه المعياريّ",PENDING_OWNER,"مجلدُ المسارِ والتصنيفُ الوظيفيّ — يلزم تصديقٌ من الوثيقةِ المالكة",—,—,ACTIVE,—,"سجل الوحدات اليومية","العمل اليومي","من التصييرِ الحيِّ — يملؤه المبرمجُ من uxui_live_positions.tsv","مكتب الرئيس التنفيذي والنواب"
13,Reports/reports.php,"مركز التقارير","مركز التقارير — التنفيذية",Reports,"مركز التقارير","تعرض إجمالي ساعات التشغيل مجمَّعةً حسب المورد والمشروع والعقد، مع فلاترَ لكلٍّ منها، وروابطَ إلى التقارير التفصيلية الأخرى. الغرض أن تكون نقطة البدء لقراءة أداء التشغيل بالساعات. ت","مكتب الرئيس التنفيذي والنواب","4 — التقارير والتحليلات","الأداء المؤسسي",450,تقرير,8,"إدارة الموقع · إدارة الموقع (قديم — مدمج في 6) · ادارة الاسطول · ادارة التشغيل · ادارة المبيعات · ادارة الموارد البشرية · ادارة الموردين · المدير المالي","يبقى تقريرًا في المستوى ٤ + يُنقل إلى موضعِه المعياريّ",PENDING_OWNER_MERGE,"مطابقةٌ دلاليةٌ بمراحلِ دورةِ الإدارةِ المالكة",—,"يُتقاعَد بعد إثباتِ تغطيةِ المركزِ الذكيّ — بقرارِ المالكِ الموقَّع",RETIRE_AFTER_PROOF,—,"مركز التقارير","التقارير والتحليلات · العمل اليومي","من التصييرِ الحيِّ — يملؤه المبرمجُ من uxui_live_positions.tsv","مكتب الرئيس التنفيذي والنواب"
14,Reports/margin_report.php,"هامش الربح للعقد والواقعة","هامش الربح للعقد والواقعة","Margin Report",—,"تعرض هامش الواقعة والعقد محسوبًا من الاعترافات الثلاثة (إيراد العميل · مستحق المورد · مستحق المشغّل). الغرض معرفة ربحية كل واقعةٍ وكل عقدٍ من مصدرها لا بتقدير. تستخدمها المالية وال","مكتب الرئيس التنفيذي والنواب","4 — التقارير والتحليلات","الرقابة العليا",900,تقرير,4,"إدارة المالية · ادارة التشغيل · ادارة المبيعات · الإدارة التنفيذية","يبقى تقريرًا في المستوى ٤ + يُنقل إلى موضعِه المعياريّ",PENDING_OWNER,"مجلدُ المسارِ والتصنيفُ الوظيفيّ — يلزم تصديقٌ من الوثيقةِ المالكة",—,—,ACTIVE,—,"هامش الربح للعقد والواقعة","الرقابة العليا · تقاريرُ المبيعاتمخاطرُ المبيعاتِ وحوكمتُها · متابعة الانحراف · متابعة وتقارير المالية","من التصييرِ الحيِّ — يملؤه المبرمجُ من uxui_live_positions.tsv","مكتب الرئيس التنفيذي والنواب"
15,Portal/founding_mode.php,"وضع التأسيس وإغلاقه","وضع التأسيس وإغلاقه","Founding Mode",—,"تدير «وضع التأسيس» وإغلاقه — المرحلة التي يُسمح فيها بإدخال البيانات المؤسِّسة قبل تشغيل الحرّاس بالكامل. الغرض إغلاق باب التأسيس بقرارٍ صريحٍ فلا يبقى مفتوحًا بعد انطلاق العمل. تس","مكتب الرئيس التنفيذي والنواب","5 — البيانات المرجعية","إعدادات النظام وبصمة الإصدار",600,"شاشةٌ مستقلة",2,"إدارة الصلاحيات · الإدارة التنفيذية","يُنقل إلى موضعِه المعياريّ",APPROVED,"دورةُ الإدارةِ المالكةِ في الحزمة",—,—,ACTIVE,—,"وضع التأسيس وإغلاقه","التأسيس والإصدار","من التصييرِ الحيِّ — يملؤه المبرمجُ من uxui_live_positions.tsv","مكتب الرئيس التنفيذي والنواب"
16,Portal/release_stamp.php,"بصمة الإصدار وتقرير النشر","بصمة الإصدار وتقرير النشر","Release Stamp",—,"تعرض بصمة الإصدار وتقرير النشر: ما نُشر ومتى وبأي بصمة. الغرض توثيق ما يعمل في الإنتاج فعلًا. تستخدمها الإدارة التنفيذية.","مكتب الرئيس التنفيذي والنواب","5 — البيانات المرجعية","إعدادات النظام وبصمة الإصدار",610,"شاشةٌ مستقلة",2,"إدارة الصلاحيات · الإدارة التنفيذية","يُنقل إلى موضعِه المعياريّ",APPROVED,"دورةُ الإدارةِ المالكةِ في الحزمة",—,—,ACTIVE,—,"بصمة الإصدار وتقرير النشر","التأسيس والإصدار","من التصييرِ الحيِّ — يملؤه المبرمجُ من uxui_live_positions.tsv","مكتب الرئيس التنفيذي والنواب"
17,Portal/ceo_risk.php,"المخاطر والقرارات العليا","المخاطر والقرارات العليا","Ceo Risk",—,"تعرض المخاطر العليا والقرارات المتخذة بشأنها. الغرض متابعة ما يهدّد الشركة على مستوى القيادة لا الإدارة. تستخدمها الإدارة التنفيذية.","مكتب الرئيس التنفيذي والنواب","5 — البيانات المرجعية","الحوكمة والضوابط",500,"شاشةٌ مستقلة",1,"الإدارة التنفيذية","يُنقل إلى موضعِه المعياريّ",APPROVED,"دورةُ الإدارةِ المالكةِ في الحزمة",—,—,ACTIVE,—,"المخاطر والقرارات العليا","المخاطر والحسم","من التصييرِ الحيِّ — يملؤه المبرمجُ من uxui_live_positions.tsv","مكتب الرئيس التنفيذي والنواب"
18,Clients/commercial_risks.php,"المخاطر التجارية","المخاطر التجارية","Commercial Risks",—,"تعرض سجلّ المخاطر التجارية بوصف كل خطرٍ ونوعه ودرجة خطورته وحالته والجهة المرتبطة به والمسؤول عن معالجته. الغرض رصد ما قد يهدّد فرصةً أو عقدًا في وقتٍ مبكر وتعيين مالكٍ صريحٍ لكل خ","مكتب الرئيس التنفيذي والنواب","5 — البيانات المرجعية","الحوكمة والضوابط",510,"شاشةٌ مستقلة",2,"ادارة المبيعات · الإدارة التنفيذية","يُنقل إلى موضعِه المعياريّ",APPROVED,"دورةُ الإدارةِ المالكةِ في الحزمة",—,—,ACTIVE,—,"المخاطر التجارية","المخاطر والحسم · متابعةُ إدارتيالملاحقُ والتجديداتُ وسجلُّ حركةِ العقدِ ومراجعتُه","من التصييرِ الحيِّ — يملؤه المبرمجُ من uxui_live_positions.tsv","مكتب الرئيس التنفيذي والنواب"
19,emsreports/index.php,"مركز التقارير","مركز التقارير — الحوكمة",Index,"مركز التقارير","تعرض بطاقات التقارير المتاحة للمستخدم مبنيّةً من قائمة تقاريرَ مُعرَّفة، وتفرّع إلى كل تقريرٍ برابطه. الغرض جمع تقارير النظام في مركزٍ واحدٍ يُصفَّى بصلاحية المستخدم. تستخدمها الإد","الحوكمة والالتزام","1 — لوحة الإدارة","الظهور وضبط البوابة",950,"شاشةٌ مستقلة",14,"أمين المستودع · إدارة التمويل · إدارة الصلاحيات · إدارة المالية · إدارة المشتريات · إدارة الموقع · إدارة النقل والترحيل · ادارة الاسطول · ادارة التشغيل · ادارة الصيانة · ادارة المبيعات · ادارة الموارد البشرية · ادارة الموردين · القوى التشغيلية","يُنقل إلى موضعِه المعياريّ",APPROVED,"مطابقةٌ دلاليةٌ بمراحلِ دورةِ الإدارةِ المالكة",—,—,ACTIVE,—,"مركز التقارير","إقفال الفترة · إقفال اليوم · تقارير الصيانة والإعدادات · تقارير القوى · تقارير الموارد · تقارير الموردين · تقارير وإعدادات الترحيل · تقاريرُ المبيعاتمخاطرُ المبيعاتِ وحوكمتُها · سجلات وإعدادات المخازن · سجلات وتقارير المشتريات · متابعة وتقارير الأسطول · متابعة وتقارير التمويل · متابعة وتقارير الحوكمة · متابعة وتقارير المالية","من التصييرِ الحيِّ — يملؤه المبرمجُ من uxui_live_positions.tsv","الحوكمة والالتزام"
20,Settings/settings.php,الإعدادات,الإعدادات,Settings,—,"تعرض بطاقاتٍ تفرّع إلى إعدادات الحساب (الملف الشخصي وتغيير كلمة السر) وإلى إدارة النظام والصلاحيات (الصفحات والوحدات والأدوار وصلاحياتها)، ولا تحمل بياناتٍ بذاتها. الغرض جمع كل مدا","الحوكمة والالتزام","1 — لوحة الإدارة","الظهور وضبط البوابة",950,"شاشةٌ مستقلة",7,"إدارة الموقع · إدارة الموقع (قديم — مدمج في 6) · ادارة الاسطول · ادارة التشغيل · ادارة المبيعات · ادارة الموارد البشرية · ادارة الموردين","يُنقل إلى موضعِه المعياريّ",APPROVED,"مطابقةٌ دلاليةٌ بمراحلِ دورةِ الإدارةِ المالكة",—,—,ACTIVE,—,الإعدادات,"الإعدادات والتدقيق · العمل اليومي","من التصييرِ الحيِّ — يملؤه المبرمجُ من uxui_live_positions.tsv","الحوكمة والالتزام"
21,Oprators/select_project.php,"تخصيص المعدات للمشروعات","تخصيص المعدات للمشروعات","Select Project",—,"تعرض بطاقات المشاريع المتاحة ليختار المستخدم المشروع الذي سيدير تشغيله، ولا تحمل بياناتٍ بذاتها. الغرض حصر العمل في مشروعٍ واحدٍ قبل الدخول لشاشة التشغيل فلا تختلط المشاريع. تستخدم","الحوكمة والالتزام","1 — لوحة الإدارة","مركز العمل",50,"شاشةٌ مستقلة",1,"ادارة الاسطول","يُنقل إلى موضعِه المعياريّ",APPROVED,"مطابقةٌ دلاليةٌ بمراحلِ دورةِ الإدارةِ المالكة",—,—,ACTIVE,—,"تخصيص المعدات للمشروعات","العمل اليومي","من التصييرِ الحيِّ — يملؤه المبرمجُ من uxui_live_positions.tsv","الحوكمة والالتزام"
22,Timesheet/timesheet_type.php,"تسجيل الوحدات / تسجيل التايم شيت والإنتاج","تسجيل التايم شيت والإنتاج — الحوكمة","Timesheet Type","تسجيل الوحدات / تسجيل التايم شيت والإنتاج · تسجيل التايم شيت والإنتاج","شاشةُ اختيارٍ تعرض ثلاث بطاقاتٍ لتصنيف الآلية (معدات ثقيلة · شاحنات · خرامات) ولا تحمل بياناتٍ بذاتها. الغرض توجيه المستخدم إلى شاشة إدخال ساعات العمل الموافقة للتصنيف قبل بدء الإد","الحوكمة والالتزام","1 — لوحة الإدارة","مركز العمل",50,"شاشةٌ مستقلة",3,"إدارة الموقع · إدارة الموقع (قديم — مدمج في 6) · ادارة التشغيل","يُنقل إلى موضعِه المعياريّ",APPROVED,"مطابقةٌ دلاليةٌ بمراحلِ دورةِ الإدارةِ المالكة","مرحلةٌ متتاليةٌ مع Timesheet/timesheet.php — لا ازدواج",—,ACTIVE,—,"تسجيل الوحدات / تسجيل التايم شيت والإنتاج","العمل اليومي","من التصييرِ الحيِّ — يملؤه المبرمجُ من uxui_live_positions.tsv","الحوكمة والالتزام"
23,Approvals/requests.php,"صندوقُ موافقاتي — ما ينتظر يدي","صندوقُ موافقاتي — ما ينتظر يدي",Requests,"نتابع تنفيذَهما استهلكه من حصتِه وما نفّذه فعلًا","تعرض طلبات الموافقة المعلَّقة على تغييراتٍ حسّاسة: الكيان المعني والإجراء المطلوب وطالبه ومرحلته الحالية وحالته وتاريخ إنشائه. الغرض ألّا يُنفَّذ تغييرٌ حسّاسٌ إلا بعد مرور طلبه عل","الحوكمة والالتزام","2 — العمليات","اعتماد الوحدات",900,"شاشةٌ مستقلة",4,"ادارة الاسطول · ادارة التشغيل · ادارة الموارد البشرية · ادارة الموردين","يُنقل إلى موضعِه المعياريّ",PENDING_OWNER,"مجلدُ المسارِ والتصنيفُ الوظيفيّ — يلزم تصديقٌ من الوثيقةِ المالكة",—,—,ACTIVE,—,"صندوقُ موافقاتي — ما ينتظر يدي","اعتماد الوحدات · متابعة الموارد · متابعة وتقارير الأسطول · نتابع تنفيذَهما استهلكه من حصتِه وما نفّذه فعلًا","من التصييرِ الحيِّ — يملؤه المبرمجُ من uxui_live_positions.tsv","الحوكمة والالتزام"
24,Approvals/hours_approval.php,"ما ينتظر اعتمادي / اعتمادُ ساعاتِ الوحدات (بوابةُ المبيعات)","ما ينتظر اعتمادي","Hours Approval","إضافاتُ المالك · ما ينتظر اعتمادي / اعتمادُ ساعاتِ الوحدات (بوابةُ المبيعات) · نتابع تنفيذَهما استهلكه من حصتِه وما نفّذه فعلًا","تعرض سجلات ساعات العمل المنتظرة للاعتماد بتاريخها ووردياتها ومشروعها ومورّدها وآليتها ومشغّلها وساعاتها المنفَّذة وساعات الانتظار والأعطال مصنَّفةً، وتتيح اعتمادها أو رفضها بملاحظة","الحوكمة والالتزام","2 — العمليات","الهيكل والأدوار",250,"شاشةٌ مستقلة",5,"ادارة الاسطول · ادارة التشغيل · ادارة المبيعات · ادارة الموارد البشرية · ادارة الموردين","يُنقل إلى موضعِه المعياريّ",APPROVED,"مطابقةٌ دلاليةٌ بمراحلِ دورةِ الإدارةِ المالكة","مرتبطةٌ لا مزدوجةٌ مع Finance/approvals_inbox.php",—,ACTIVE,—,"ما ينتظر اعتمادي / اعتمادُ ساعاتِ الوحدات (بوابةُ المبيعات)","إضافاتُ المالك · اعتماد الوحدات · متابعة الموارد · متابعة وتقارير الأسطول · نتابع تنفيذَهما استهلكه من حصتِه وما نفّذه فعلًا","من التصييرِ الحيِّ — يملؤه المبرمجُ من uxui_live_positions.tsv","الحوكمة والالتزام"
25,Governance/guards.php,"تصنيف قواعد المنع","تصنيف قواعد المنع — الحوكمة — الالتزام والامتثال",Guards,"تصنيف قواعد المنع · تصنيف قواعد المنع — الحوكمة","تصنّف قواعد المنع في النظام: أيّها حاجزٌ وأيّها تحذير. الغرض ضبط شدّة كل حارسٍ من الشاشة لا من الكود. تستخدمها إدارة الصلاحيات.","الحوكمة والالتزام","2 — العمليات","الالتزام والامتثال",600,"شاشةٌ مستقلة",1,"إدارة الصلاحيات","يُنقل إلى موضعِه المعياريّ",APPROVED,"دورةُ الإدارةِ المالكةِ في الحزمة","مرتبطةٌ لا مزدوجةٌ مع Settings/guard_classification.php",—,ACTIVE,—,"تصنيف قواعد المنع","المنع والاستثناء","من التصييرِ الحيِّ — يملؤه المبرمجُ من uxui_live_positions.tsv","الحوكمة والالتزام"
26,Governance/sensitive_fields.php,"سياسات الحقول الحساسة","سياسات الحقول الحساسة","Sensitive Fields",—,"تضبط سياسات الحقول الحساسة: أيّها يُخفى وأيّها يحتاج سببًا لتغييره. الغرض حماية البيانات الحساسة بسياسةٍ معلنةٍ لا باجتهاد. تستخدمها إدارة الصلاحيات.","الحوكمة والالتزام","2 — العمليات","الالتزام والامتثال",610,"شاشةٌ مستقلة",1,"إدارة الصلاحيات","يُنقل إلى موضعِه المعياريّ",APPROVED,"دورةُ الإدارةِ المالكةِ في الحزمة",—,—,ACTIVE,—,"سياسات الحقول الحساسة","المنع والاستثناء","من التصييرِ الحيِّ — يملؤه المبرمجُ من uxui_live_positions.tsv","الحوكمة والالتزام"
27,Governance/exceptions.php,"طلبات الاستثناء","طلبات الاستثناء",Exceptions,—,"تدير طلبات الاستثناء من القواعد بمبرّراتها ومدّتها. الغرض ألّا يُخرَق حارسٌ إلا باستثناءٍ موثَّقٍ محدود المدة. تستخدمها إدارة الصلاحيات.","الحوكمة والالتزام","2 — العمليات","الالتزام والامتثال",620,فعل,1,"إدارة الصلاحيات","يُحوَّل فعلًا في مكوّنِ الانتقال + يُنقل إلى موضعِه المعياريّ",APPROVED,"دورةُ الإدارةِ المالكةِ في الحزمة",—,—,ACTIVE,—,"طلبات الاستثناء","المنع والاستثناء","من التصييرِ الحيِّ — يملؤه المبرمجُ من uxui_live_positions.tsv","الحوكمة والالتزام"
28,Governance/break_glass.php,"صلاحية الطوارئ اللحظية (كسر الزجاج)","صلاحية الطوارئ اللحظية (كسر الزجاج)","Break Glass",—,"تمنح صلاحية طوارئ لحظية («كسر الزجاج») بسببٍ إلزاميٍّ ومدةٍ قصيرة. الغرض تمكين التصرف في الطوارئ مع أثرٍ تدقيقيٍّ كامل. تستخدمها إدارة الصلاحيات.","الحوكمة والالتزام","2 — العمليات","الالتزام والامتثال",630,"شاشةٌ مستقلة",1,"إدارة الصلاحيات","يُعاد تسميتُه + يُنقل إلى موضعِه المعياريّ",APPROVED,"دورةُ الإدارةِ المالكةِ في الحزمة",—,—,ACTIVE,—,"صلاحية الطوارئ اللحظية (كسر الزجاج)","المنع والاستثناء","من التصييرِ الحيِّ — يملؤه المبرمجُ من uxui_live_positions.tsv","الحوكمة والالتزام"
29,Governance/guard_denials.php,"المحاولات الممنوعة","المحاولات الممنوعة","Guard Denials",—,"تعرض سجلّ المحاولات الممنوعة حيًّا وتتيح مراجعة كل محاولةٍ بتصنيفٍ رباعي. الغرض أن المنع المتكرر يكشف أحد ثلاثة: حاجةً لاستثناء، أو خطأً في تصنيف الحماية، أو محاولةَ تجاوز. تستخدمه","الحوكمة والالتزام","2 — العمليات","التدقيق والمراجعة",710,"شاشةٌ مستقلة",1,"إدارة الصلاحيات","يبقى كما هو",APPROVED,"دورةُ الإدارةِ المالكةِ في الحزمة",—,—,ACTIVE,—,"المحاولات الممنوعة","التدقيق والمراجعة","من التصييرِ الحيِّ — يملؤه المبرمجُ من uxui_live_positions.tsv","الحوكمة والالتزام"
30,Governance/access_review.php,"دورة المراجعة الدورية للصلاحيات","دورة المراجعة الدورية للصلاحيات","Access Review",—,"تدير دورة المراجعة الدورية للصلاحيات: من يملك ماذا وهل ما زال يحتاجه. الغرض تنقية الصلاحيات دوريًّا فلا تتراكم بلا حاجة. تستخدمها إدارة الصلاحيات.","الحوكمة والالتزام","2 — العمليات","التدقيق والمراجعة",720,"شاشةٌ مستقلة",1,"إدارة الصلاحيات","يبقى كما هو",APPROVED,"دورةُ الإدارةِ المالكةِ في الحزمة",—,—,ACTIVE,—,"دورة المراجعة الدورية للصلاحيات","التدقيق والمراجعة","من التصييرِ الحيِّ — يملؤه المبرمجُ من uxui_live_positions.tsv","الحوكمة والالتزام"
31,Governance/perm_explain.php,"تفسير مصدر الصلاحية","تفسير مصدر الصلاحية","Perm Explain",—,"تفسّر مصدر أي صلاحيةٍ يملكها مستخدم: من أين جاءته وبأي طريق. الغرض الإجابة عن سؤال «لماذا يملك فلانٌ هذه الصلاحية؟» بدليلٍ لا بتخمين. تستخدمها إدارة الصلاحيات.","الحوكمة والالتزام","2 — العمليات","التدقيق والمراجعة",730,منظر,1,"إدارة الصلاحيات","يُحوَّل منظرَ عملٍ محفوظًا",APPROVED,"دورةُ الإدارةِ المالكةِ في الحزمة",—,—,ACTIVE,—,"تفسير مصدر الصلاحية","التدقيق والمراجعة","من التصييرِ الحيِّ — يملؤه المبرمجُ من uxui_live_positions.tsv","الحوكمة والالتزام"
32,admin/sec_governance.php,"فصل الواجبات المتعارضة","فصل الواجبات المتعارضة","Sec Governance",—,"مركزُ حوكمة الصلاحيات بثماني مجموعات: لوحة الحوكمة، والعمل اليومي عبر المعالج، والسجلات، والاعتماد، والمتابعة، والإغلاق بالمراجعة الدورية، والتقارير التي تجيب «لماذا يملك فلانٌ هذه","الحوكمة والالتزام","2 — العمليات","التدقيق والمراجعة",740,"شاشةٌ مستقلة",1,"إدارة الصلاحيات","يبقى كما هو",APPROVED,"دورةُ الإدارةِ المالكةِ في الحزمة",—,—,ACTIVE,—,"فصل الواجبات المتعارضة","التدقيق والمراجعة","من التصييرِ الحيِّ — يملؤه المبرمجُ من uxui_live_positions.tsv","الحوكمة والالتزام"
33,movement/movement_operations.php,الورديات,الورديات,"Movement Operations",—,"تعرض توزيع المعدات على الورديات: الآلية ونوعها والوردية وبدايتها ونهايتها وسائقوها وحالتها، مع إسناد السائقين لكل آليةٍ بتواريخ تعيينهم. الغرض ضبط من يعمل على أي آليةٍ وفي أي وردية","الحوكمة والالتزام","2 — العمليات",العمليات,900,"شاشةٌ مستقلة",1,"إدارة الموقع","يُنقل إلى موضعِه المعياريّ",PENDING_OWNER,"مجلدُ المسارِ والتصنيفُ الوظيفيّ — يلزم تصديقٌ من الوثيقةِ المالكة",—,—,ACTIVE,—,الورديات,"العمل اليومي","من التصييرِ الحيِّ — يملؤه المبرمجُ من uxui_live_positions.tsv","الحوكمة والالتزام"
34,Governance/gov_dept.php,"حوكمة إدارة الأسطول","حوكمة إدارة الأسطول","Gov Dept","إضافاتُ المالك","مدخلٌ عامٌّ لمكوّن «حوكمة الإدارة» الواحد — يخدم أي إدارةٍ بنطاقها. الغرض إتاحة أدوات الحوكمة لكل إدارةٍ من مكوّنٍ واحدٍ لا نسخةٍ لكلٍّ منها. تستخدمها الإدارات كافّة.","الحوكمة والالتزام","2 — العمليات","التدقيق والمراجعة",750,"شاشةٌ مستقلة",1,"ادارة الاسطول","يُنقل إلى موضعِه المعياريّ",APPROVED,"مطابقةٌ دلاليةٌ بمراحلِ دورةِ الإدارةِ المالكة","زاويةُ نظرٍ لنفسِ البيانات مع: Governance/gov_dept_sup.php",—,ACTIVE,—,"حوكمة إدارة الأسطول","إضافاتُ المالك","من التصييرِ الحيِّ — يملؤه المبرمجُ من uxui_live_positions.tsv","الحوكمة والالتزام"
35,Approvals/attribution_board.php,"لوحة الإسناد اليومي","لوحة الإسناد اليومي","Attribution Board",—,"تعرض إسناد وحدات اليوم: الساعات والمسؤول المقترح وبند الالتزام من العقد ومن يُفوتَر له وما للمورد وما للمشغّل، مع بابٍ للاعتراض والحسم. الغرض الحكم على كمية كل واقعةٍ وإسنادها لصاح","الحوكمة والالتزام","2 — العمليات","الالتزام والامتثال",650,"شاشةٌ مستقلة",3,"إدارة المالية · ادارة التشغيل · ادارة المبيعات","يُنقل إلى موضعِه المعياريّ",APPROVED,"مطابقةٌ دلاليةٌ بمراحلِ دورةِ الإدارةِ المالكة",—,—,ACTIVE,—,"لوحة الإسناد اليومي","العمل اليومي","من التصييرِ الحيِّ — يملؤه المبرمجُ من uxui_live_positions.tsv","الحوكمة والالتزام"
36,Governance/canonical_names.php,"سجل الأسماء المعتمدة","سجل الأسماء المعتمدة","Canonical Names",—,"تعرض سجلّ الأسماء المعتمدة للكيانات والمصطلحات. الغرض توحيد التسمية فلا يُكتب الكيان الواحد بصيغتين. تستخدمها إدارة الصلاحيات والحوكمة.","الحوكمة والالتزام","2 — العمليات","الكيانات والتراخيص",510,"شاشةٌ مستقلة",1,"إدارة الصلاحيات","يُنقل إلى موضعِه المعياريّ",APPROVED,"دورةُ الإدارةِ المالكةِ في الحزمة",—,—,ACTIVE,—,"سجل الأسماء المعتمدة","الكيانات والملكية","من التصييرِ الحيِّ — يملؤه المبرمجُ من uxui_live_positions.tsv","الحوكمة والالتزام"
37,main/users.php,"الصلاحيات / حسابات المستخدمين","حسابات المستخدمين",Users,"الصلاحيات / حسابات المستخدمين","تعرض حسابات المستخدمين باسمها واسم مستخدمها ودورها والموظف المرتبط بها وهاتفها وحالتها. الغرض إنشاء حسابات الدخول وإسناد الأدوار وربط الحساب بشخصٍ حقيقيٍّ في سجلّ الموظفين. يستخدمه","الحوكمة والالتزام","2 — العمليات","الهيكل والأدوار",200,"شاشةٌ مستقلة",2,"إدارة الصلاحيات · ادارة التشغيل","يُنقل إلى موضعِه المعياريّ",APPROVED,"دورةُ الإدارةِ المالكةِ في الحزمة",—,—,ACTIVE,—,"الصلاحيات / حسابات المستخدمين","الإعدادات والتدقيق · الحسابات والأدوار","من التصييرِ الحيِّ — يملؤه المبرمجُ من uxui_live_positions.tsv","الحوكمة والالتزام"
38,Settings/roles.php,"الأدوار وقوالب صلاحياتها","الأدوار وقوالب صلاحياتها",Roles,—,"تعرض الأدوار (الإدارات) باسمها ودورها الأب ومستواها وحالتها وتاريخ إنشائها. الغرض تعريف الهيكل الإداري الذي تُبنى عليه الصلاحيات ونطاق الرؤية وسلّم التصعيد؛ والدور الأب هو ما يجعل","الحوكمة والالتزام","2 — العمليات","الهيكل والأدوار",210,"شاشةٌ مستقلة",1,"إدارة الصلاحيات","يُنقل إلى موضعِه المعياريّ",APPROVED,"دورةُ الإدارةِ المالكةِ في الحزمة",—,—,ACTIVE,—,"الأدوار وقوالب صلاحياتها","الحسابات والأدوار","من التصييرِ الحيِّ — يملؤه المبرمجُ من uxui_live_positions.tsv","الحوكمة والالتزام"
39,Governance/portal_users.php,"حسابات بوابة الأطراف الخارجية","حسابات بوابة الأطراف الخارجية","Portal Users",—,"تدير حسابات بوابة الأطراف الخارجية (عملاء وموردين). الغرض فتح نافذةٍ محدودةٍ للأطراف الخارجية بحساباتٍ منفصلةٍ عن حسابات الموظفين. تستخدمها إدارة الصلاحيات.","الحوكمة والالتزام","2 — العمليات","الهيكل والأدوار",220,"شاشةٌ مستقلة",1,"إدارة الصلاحيات","يُنقل إلى موضعِه المعياريّ",APPROVED,"دورةُ الإدارةِ المالكةِ في الحزمة",—,—,ACTIVE,—,"حسابات بوابة الأطراف الخارجية","الحسابات والأدوار","من التصييرِ الحيِّ — يملؤه المبرمجُ من uxui_live_positions.tsv","الحوكمة والالتزام"
40,admin/org_structure.php,"الهيكل التنظيمي / الهيكل التنظيمي والمسميات","الهيكل التنظيمي والمسميات","Org Structure","الهيكل التنظيمي / الهيكل التنظيمي والمسميات","تعرض الهيكل التنظيمي: مصفوفة الإدارات بطبقاتها الثلاث ورأسِ كل وحدةٍ تنظيمية. الغرض توثيق البنية الرسمية للمنظمة؛ ورأسُ الوحدة مشتقٌّ من التكليف النافذ لا من عمودٍ يُكتب يدويًّا. ي","الحوكمة والالتزام","2 — العمليات","الهيكل والأدوار",240,"شاشةٌ مستقلة",4,"إدارة الصلاحيات · ادارة التشغيل · الإدارة التنفيذية · القوى التشغيلية","يُنقل إلى موضعِه المعياريّ",APPROVED,"دورةُ الإدارةِ المالكةِ في الحزمة",—,—,ACTIVE,—,"الهيكل التنظيمي / الهيكل التنظيمي والمسميات","الحسابات والأدوار · السجل والتكويد والتعاقد · العمل اليومي · فتح المشاريع","من التصييرِ الحيِّ — يملؤه المبرمجُ من uxui_live_positions.tsv","الحوكمة والالتزام"
41,admin/org_assignments.php,"التكليفات التنظيمية","التكليفات التنظيمية","Org Assignments",—,"تعرض التكليفات التنظيمية: الشخص ونوع تكليفه ووحدته ونطاقه ومدّته ونائبه وحالته، مع سجلٍّ لكل تغييرٍ بسببه وقيمته قبل وبعد ومن نفّذه. الغرض أن يكون التكليف سجلًّا تنظيميًّا رسميًّا","الحوكمة والالتزام","2 — العمليات","الهيكل والأدوار",241,"شاشةٌ مستقلة",5,"إدارة الصلاحيات · إدارة الموقع · ادارة التشغيل · الإدارة التنفيذية · القوى التشغيلية","يُنقل إلى موضعِه المعياريّ",APPROVED,"دورةُ الإدارةِ المالكةِ في الحزمة",—,—,ACTIVE,—,"التكليفات التنظيمية","الحسابات والأدوار · السجل والتكويد والتعاقد · العمل اليومي · فتح المشاريع","من التصييرِ الحيِّ — يملؤه المبرمجُ من uxui_live_positions.tsv","الحوكمة والالتزام"
42,ActivityLogs/activity_logs.php,"سجل النشاط / سجل التدقيق والاطّلاع","سجل التدقيق والاطّلاع","Activity Logs","سجل النشاط / سجل التدقيق والاطّلاع","تعرض سجلًّا زمنيًّا لكل ما فعله المستخدمون داخل النظام: التاريخ والوقت والحساب والدور والوحدة والشاشة والإجراء والزرّ المضغوط والحقول التي تغيّرت. الغرض تتبّع المسؤولية والمساءلة و","الحوكمة والالتزام","3 — المعاملات والسجلات","التدقيق والمراجعة",750,"شاشةٌ مستقلة",3,"إدارة التمويل · إدارة الصلاحيات · ادارة التشغيل","يُنقل إلى موضعِه المعياريّ",APPROVED,"مطابقةٌ دلاليةٌ بمراحلِ دورةِ الإدارةِ المالكة",—,—,ACTIVE,—,"سجل النشاط / سجل التدقيق والاطّلاع","التدقيق والمراجعة · العمل اليومي · سرية الملكية","من التصييرِ الحيِّ — يملؤه المبرمجُ من uxui_live_positions.tsv","الحوكمة والالتزام"
43,Governance/impersonations.php,"جلسات النيابة","جلسات النيابة",Impersonations,"نراقب الأحداثَ والمهام","تعرض جلسات النيابة الموسومة: الجاريةَ الآن أوّلًا ثم تاريخَها كاملًا. الغرض أن يرى المراجع النيابةَ لحظةَ جريانها لا بعد شهر. عرضٌ رقابيٌّ لا يكتب — فتحُ الجلسة وإغلاقُها من مسار ا","الحوكمة والالتزام","3 — المعاملات والسجلات","المعاملات والسجلات",900,"شاشةٌ مستقلة",1,"إدارة الصلاحيات","يُنقل إلى موضعِه المعياريّ",PENDING_OWNER,"مجلدُ المسارِ والتصنيفُ الوظيفيّ — يلزم تصديقٌ من الوثيقةِ المالكة",—,—,ACTIVE,—,"جلسات النيابة","نراقب الأحداثَ والمهام","من التصييرِ الحيِّ — يملؤه المبرمجُ من uxui_live_positions.tsv","الحوكمة والالتزام"
44,Governance/security_log.php,"سجل الأمان","سجل الأمان","Security Log","إضافاتُ المالك","تعرض آخر نافذةٍ من سجلّ الأمن النصّي الضخم دون تحميله كاملًا. الغرض متابعة أحداث الأمن الحديثة بسرعة؛ وتفرّق صراحةً بين «لا ملفّ» و«تعذّر القراءة». تستخدمها إدارة الصلاحيات.","الحوكمة والالتزام","3 — المعاملات والسجلات","التدقيق والمراجعة",750,"شاشةٌ مستقلة",1,"إدارة الصلاحيات","يُنقل إلى موضعِه المعياريّ",APPROVED,"مطابقةٌ دلاليةٌ بمراحلِ دورةِ الإدارةِ المالكة",—,—,ACTIVE,—,"سجل الأمان","إضافاتُ المالك","من التصييرِ الحيِّ — يملؤه المبرمجُ من uxui_live_positions.tsv","الحوكمة والالتزام"
45,Governance/bus_board.php,"لوحة الناقل","لوحة الناقل","Bus Board","نراقب الأحداثَ والمهام","لوحةُ الناقل: صورةٌ واحدةٌ لصحة ناقل الأحداث — المنشورُ والمُسلَّم والعالقُ والمتعثر. الغرض قراءة حالة الناقل بنظرةٍ قبل النزول إلى تفاصيله. تستخدمها إدارة الصلاحيات.","الحوكمة والالتزام","4 — التقارير والتحليلات","الأحداث والمهام الخلفية",1302,تقرير,1,"إدارة الصلاحيات","يبقى تقريرًا في المستوى ٤ + يُنقل إلى موضعِه المعياريّ",APPROVED,"دورةُ الإدارةِ المالكةِ في الحزمة",—,—,ACTIVE,—,"لوحة الناقل","نراقب الأحداثَ والمهام","من التصييرِ الحيِّ — يملؤه المبرمجُ من uxui_live_positions.tsv","الحوكمة والالتزام"
46,movement/map_page.php,"خريطة التشغيل اليومية","خريطة التشغيل اليومية","Map Page",—,"تعرض خريطةً تفاعليةً لمعدات المشروع ومشغّليها مجمَّعةً حسب المورد. الغرض رؤية توزّع الأسطول في الموقع جغرافيًّا بدل قراءته جدولًا. يستخدمها مدير حركة وتشغيل.","الحوكمة والالتزام","4 — التقارير والتحليلات","التقارير والتحليلات",900,تقرير,1,"إدارة الموقع","يبقى تقريرًا في المستوى ٤ + يُنقل إلى موضعِه المعياريّ",PENDING_OWNER,"مجلدُ المسارِ والتصنيفُ الوظيفيّ — يلزم تصديقٌ من الوثيقةِ المالكة",—,—,ACTIVE,—,"خريطة التشغيل اليومية","العمل اليومي","من التصييرِ الحيِّ — يملؤه المبرمجُ من uxui_live_positions.tsv","الحوكمة والالتزام"
47,admin/ops_manager_board.php,"لوحة مدير التشغيل","لوحة مدير التشغيل","Ops Manager Board",—,"تعرض لوحة مدير التشغيل في سبع مجموعاتٍ، كلُّ رقمٍ فيها معه إجراؤه المباشر، وكلُّ بندٍ معلَّقٍ بعمر انتظاره بالساعات لا بالعدد وحده مع مجموع ساعات الانتظار. الغرض أن تكون مساحة قرار","الحوكمة والالتزام","4 — التقارير والتحليلات","التقارير والتحليلات",900,تقرير,1,"ادارة التشغيل","يبقى تقريرًا في المستوى ٤ + يُنقل إلى موضعِه المعياريّ",PENDING_OWNER,"مجلدُ المسارِ والتصنيفُ الوظيفيّ — يلزم تصديقٌ من الوثيقةِ المالكة",—,—,ACTIVE,—,"لوحة مدير التشغيل","العمل اليومي","من التصييرِ الحيِّ — يملؤه المبرمجُ من uxui_live_positions.tsv","الحوكمة والالتزام"
48,Governance/gov_reports.php,"تقارير الحوكمة","تقارير الحوكمة","Gov Reports",—,"تعرض تقارير الحوكمة التسعة، لكل تقريرٍ مستفيدٌ واحدٌ ودوريةٌ ومصدرٌ ومعادلة. الغرض إصدار تقارير الحوكمة بمصادرَ معلنةٍ لا بتجميعٍ يدوي. تستخدمها إدارة الصلاحيات والحوكمة.","الحوكمة والالتزام","4 — التقارير والتحليلات","التدقيق والمراجعة",750,تقرير,1,"الإدارة التنفيذية","يبقى تقريرًا في المستوى ٤",APPROVED,"مطابقةٌ دلاليةٌ بمراحلِ دورةِ الإدارةِ المالكة",—,—,ACTIVE,—,"تقارير الحوكمة","التقارير والتصدير","من التصييرِ الحيِّ — يملؤه المبرمجُ من uxui_live_positions.tsv","الحوكمة والالتزام"
49,Governance/doc_types.php,"سجل أنواع المستندات","سجل أنواع المستندات","Doc Types",—,"تعرض سجلّ أنواع المستندات المعتمدة في النظام. الغرض توحيد أنواع المستندات التي تُرفع وتُطلب. تستخدمها إدارة الصلاحيات.","الحوكمة والالتزام","5 — البيانات المرجعية","أنواع المستندات وآلات الحالة",810,"شاشةٌ مستقلة",1,"إدارة الصلاحيات","يُنقل إلى موضعِه المعياريّ",APPROVED,"دورةُ الإدارةِ المالكةِ في الحزمة",—,—,ACTIVE,—,"سجل أنواع المستندات","بنية المستندات","من التصييرِ الحيِّ — يملؤه المبرمجُ من uxui_live_positions.tsv","الحوكمة والالتزام"
50,Governance/state_machines.php,"حالات المستندات وانتقالاتها","حالات المستندات وانتقالاتها","State Machines",—,"تعرض حالات المستندات وانتقالاتها المسموحة. الغرض أن تكون دورة حياة كل مستندٍ معلنةً بياناتٍ لا مدفونةً في الكود. تستخدمها إدارة الصلاحيات.","الحوكمة والالتزام","5 — البيانات المرجعية","أنواع المستندات وآلات الحالة",820,"شاشةٌ مستقلة",1,"إدارة الصلاحيات","يُنقل إلى موضعِه المعياريّ",APPROVED,"دورةُ الإدارةِ المالكةِ في الحزمة",—,—,ACTIVE,—,"حالات المستندات وانتقالاتها","بنية المستندات","من التصييرِ الحيِّ — يملؤه المبرمجُ من uxui_live_positions.tsv","الحوكمة والالتزام"
51,Settings/guard_classification.php,"تصنيف قواعد المنع","تصنيف قواعد المنع — الحوكمة — الظهور وضبط البوابة","Guard Classification","تصنيف قواعد المنع · تصنيف قواعد المنع — الحوكمة","تصنّف الحمايات في النظام: أيُّ حارسٍ حاجزٌ وأيُّه تحذيرٌ وأيُّه تسجيلٌ فقط. الغرض ضبط شدّة الحماية من الشاشة لا من الكود. تستخدمها إدارة الصلاحيات.","الحوكمة والالتزام","5 — البيانات المرجعية","الظهور وضبط البوابة",950,"شاشةٌ مستقلة",1,"ادارة التشغيل","يبقى كما هو",APPROVED,"مطابقةٌ دلاليةٌ بمراحلِ دورةِ الإدارةِ المالكة","مرتبطةٌ لا مزدوجةٌ مع Governance/guards.php",—,ACTIVE,—,"تصنيف قواعد المنع","اعتماد الوحدات","من التصييرِ الحيِّ — يملؤه المبرمجُ من uxui_live_positions.tsv","الحوكمة والالتزام"
52,Governance/bus_outbox.php,"صندوق الأحداث الصادر","صندوق الأحداث الصادر","Bus Outbox","نراقب الأحداثَ والمهام","تعرض صندوق الأحداث الصادر: كلَّ واقعةِ عملٍ نشرها النظام قبل تسليمها لمستهلكيها. الغرض أن يكون للأحداث صندوقٌ واحدٌ يُنشر منه فلا تضيع واقعةٌ بين الوحدات. تستخدمها إدارة الصلاحيات","الحوكمة والالتزام","5 — البيانات المرجعية","الأحداث والمهام الخلفية",1300,"شاشةٌ مستقلة",1,"إدارة الصلاحيات","يُنقل إلى موضعِه المعياريّ",APPROVED,"دورةُ الإدارةِ المالكةِ في الحزمة",—,—,ACTIVE,—,"صندوق الأحداث الصادر","نراقب الأحداثَ والمهام","من التصييرِ الحيِّ — يملؤه المبرمجُ من uxui_live_positions.tsv","الحوكمة والالتزام"
53,Governance/bus_deliveries.php,"تسليمات الأحداث وحالاتها","تسليمات الأحداث وحالاتها","Bus Deliveries","نراقب الأحداثَ والمهام","تعرض تسليمات الأحداث وحالاتها: من استلم أي حدثٍ ومتى، وما تعثّر منها وسقط في طابور الرسائل الميتة. الغرض كشف التسليم المتعثر واتخاذ قرارٍ فيه بدل بقائه صامتًا. تستخدمها إدارة الصلا","الحوكمة والالتزام","5 — البيانات المرجعية","الأحداث والمهام الخلفية",1301,"شاشةٌ مستقلة",1,"إدارة الصلاحيات","يُنقل إلى موضعِه المعياريّ",APPROVED,"دورةُ الإدارةِ المالكةِ في الحزمة",—,—,ACTIVE,—,"تسليمات الأحداث وحالاتها","نراقب الأحداثَ والمهام","من التصييرِ الحيِّ — يملؤه المبرمجُ من uxui_live_positions.tsv","الحوكمة والالتزام"
54,Governance/job_queue.php,"طابور المهام","طابور المهام","Job Queue","نراقب الأحداثَ والمهام","تعرض طابور المهام الخلفية: ما أُدرج فيه ومن التقطه ومتى وما حالته. الغرض متابعة العمل الذي ينفّذه النظام خلف الشاشات فلا يتوقف صامتًا. تستخدمها إدارة الصلاحيات.","الحوكمة والالتزام","5 — البيانات المرجعية","الأحداث والمهام الخلفية",1310,"شاشةٌ مستقلة",1,"إدارة الصلاحيات","يُنقل إلى موضعِه المعياريّ",APPROVED,"دورةُ الإدارةِ المالكةِ في الحزمة",—,—,ACTIVE,—,"طابور المهام","نراقب الأحداثَ والمهام","من التصييرِ الحيِّ — يملؤه المبرمجُ من uxui_live_positions.tsv","الحوكمة والالتزام"
55,Governance/job_schedule.php,"جدولة المهام الدورية","جدولة المهام الدورية","Job Schedule","نراقب الأحداثَ والمهام","تُعرِّف جدولة المهام الدورية: أي مهمةٍ تعمل ومتى وبأي دورية. الغرض إعلان الجدولة في شاشةٍ بدل دفنها في ملفات cron. تستخدمها إدارة الصلاحيات.","الحوكمة والالتزام","5 — البيانات المرجعية","الأحداث والمهام الخلفية",1311,"شاشةٌ مستقلة",1,"إدارة الصلاحيات","يُنقل إلى موضعِه المعياريّ",APPROVED,"دورةُ الإدارةِ المالكةِ في الحزمة",—,—,ACTIVE,—,"جدولة المهام الدورية","نراقب الأحداثَ والمهام","من التصييرِ الحيِّ — يملؤه المبرمجُ من uxui_live_positions.tsv","الحوكمة والالتزام"
56,Governance/dr_restore.php,"الاستعادة ومحضرها","الاستعادة ومحضرها","Dr Restore","نراقب الأحداثَ والمهام","تدير تمارين الاستعادة من النسخ الاحتياطية وتحفظ محضر كل تمرين. الغرض إثبات أن النسخة تُستعاد فعلًا بمحضرٍ مؤرَّخٍ لا بالافتراض. تستخدمها إدارة الصلاحيات.","الحوكمة والالتزام","5 — البيانات المرجعية","الأحداث والمهام الخلفية",1320,"شاشةٌ مستقلة",1,"إدارة الصلاحيات","يُنقل إلى موضعِه المعياريّ",APPROVED,"دورةُ الإدارةِ المالكةِ في الحزمة",—,—,ACTIVE,—,"الاستعادة ومحضرها","نراقب الأحداثَ والمهام","من التصييرِ الحيِّ — يملؤه المبرمجُ من uxui_live_positions.tsv","الحوكمة والالتزام"
57,Governance/signing_authority.php,"التفويض بالتوقيع","التفويض بالتوقيع","Signing Authority",—,"تعرض تفويضات التوقيع: المفوَّض والكيان ونوع التفويض وسقفه ونطاقه ومدّته ومستنده ومن ينوب عن مَن. الغرض تثبيت من يملك التوقيع وبأي حدٍّ ولأي مدة، وتعيينُ مدير الحركة ونائبه فلا تتوق","الحوكمة والالتزام","5 — البيانات المرجعية","الاعتمادات العليا",900,"شاشةٌ مستقلة",4,"إدارة التمويل · إدارة الصلاحيات · ادارة التشغيل · الإدارة التنفيذية","يُنقل إلى موضعِه المعياريّ",PENDING_OWNER,"مجلدُ المسارِ والتصنيفُ الوظيفيّ — يلزم تصديقٌ من الوثيقةِ المالكة",—,—,ACTIVE,—,"التفويض بالتوقيع","الاعتمادات العليا · التفويض بالتوقيع · الحوكمة","من التصييرِ الحيِّ — يملؤه المبرمجُ من uxui_live_positions.tsv","الحوكمة والالتزام"
58,Governance/design_system.php,"النظام التصميمي","النظام التصميمي","Design System","نراقب الأحداثَ والمهام","النظامُ التصميميُّ مرجعًا حيًّا من الكود لا صورًا: تقرأ الرموز من ملف رموز التصميم نفسه وتعرض المكوّنات الحية (الحالات · الأزرار · الشارات · بطاقة السقف الموقوف) من أصنافها المعتمد","الحوكمة والالتزام","5 — البيانات المرجعية","الظهور وضبط البوابة",950,"شاشةٌ مستقلة",1,"إدارة الصلاحيات","يُنقل إلى موضعِه المعياريّ",APPROVED,"مطابقةٌ دلاليةٌ بمراحلِ دورةِ الإدارةِ المالكة",—,—,ACTIVE,—,"النظام التصميمي","نراقب الأحداثَ والمهام","من التصييرِ الحيِّ — يملؤه المبرمجُ من uxui_live_positions.tsv","الحوكمة والالتزام"
59,Governance/tech_gov_center.php,"مركز الحوكمة التقني","مركز الحوكمة التقني","Tech Gov Center","نراقب الأحداثَ والمهام","مركزُ الحوكمة التقني: يجمع الروابط اليتيمة التي وسومُها لغةُ حوكمةِ مشروعٍ لا لغةَ منتج، بقرارٍ معلَّقٍ لكلٍّ منها. الغرض أن يبتّ المالك صفًّا صفًّا: يعتمد الموضع المقترح أو ينقل ا","الحوكمة والالتزام","5 — البيانات المرجعية","الحوكمة والضوابط",1150,"شاشةٌ مستقلة",1,"إدارة الصلاحيات","يُنقل إلى موضعِه المعياريّ",APPROVED,"مطابقةٌ دلاليةٌ بمراحلِ دورةِ الإدارةِ المالكة",—,—,ACTIVE,—,"مركز الحوكمة التقني","نراقب الأحداثَ والمهام","من التصييرِ الحيِّ — يملؤه المبرمجُ من uxui_live_positions.tsv","الحوكمة والالتزام"
60,Governance/authority_caps.php,"حدود المبالغ","حدود المبالغ","Authority Caps",—,"شاشةٌ واحدةٌ تعرض حدود المبالغ التسعة كلَّها بخانةٍ قابلةٍ للتحرير لكل سقف. الغرض ضبط السقوف من الشاشة لا من الكود، دون حذف القديم: كل تغييرٍ يُحفظ في سجلٍّ بمن غيّره ومتى ولماذا،","الحوكمة والالتزام","5 — البيانات المرجعية","التدقيق والمراجعة",900,"شاشةٌ مستقلة",2,"إدارة الصلاحيات · الإدارة التنفيذية","يُنقل إلى موضعِه المعياريّ",PENDING_OWNER,"مجلدُ المسارِ والتصنيفُ الوظيفيّ — يلزم تصديقٌ من الوثيقةِ المالكة",—,—,ACTIVE,—,"حدود المبالغ","التدقيق والمراجعة · التقارير والتصدير","من التصييرِ الحيِّ — يملؤه المبرمجُ من uxui_live_positions.tsv","الحوكمة والالتزام"
61,Governance/activation_patterns.php,"أنماط التفعيل / أنماط تفعيل المزايا","أنماط تفعيل المزايا","Activation Patterns","أنماط التفعيل / أنماط تفعيل المزايا","تعرض شبكةً بأعلام التفعيل لكل عنصرٍ حاكمٍ في نطاق كيانٍ أو عقد، مع سبب كل تعطيل ومَن ضبطه ومتى. الغرض ترقية النظام تدريجيًّا بلا هجرة بيانات: العقد يغلب الكيان، والافتراض أن كل شيء","الحوكمة والالتزام","5 — البيانات المرجعية","أنواع المستندات وآلات الحالة",850,"شاشةٌ مستقلة",2,"إدارة الصلاحيات · ادارة التشغيل","يُنقل إلى موضعِه المعياريّ",APPROVED,"مطابقةٌ دلاليةٌ بمراحلِ دورةِ الإدارةِ المالكة",—,—,ACTIVE,—,"أنماط التفعيل / أنماط تفعيل المزايا","الحوكمة · الظهور والبوابة والصفحات","من التصييرِ الحيِّ — يملؤه المبرمجُ من uxui_live_positions.tsv","الحوكمة والالتزام"
62,Governance/licenses_guarantees.php,"التراخيص والكفالات","التراخيص والكفالات","Licenses Guarantees","نبدأ من الموردنسجّل الموردَ وبياناتِه وحسابَه البنكيَّ قبلَ أيِّ عقد · نوقّع العقدالعقدُ وأحكامُه وجزاءاتُه وآلياتُ تعديلِ سعره","تعرض التراخيص والكفالات بتواريخ انتهائها ملوَّنةً، مفصولةً صادرةً عن واردة (التزامٌ محتمل مقابل حقٍّ محتمل) بجهتها وقيمتها وبنكها. الغرض ألّا تنتهي كفالةٌ بلا تجديدٍ فيسقط حقٌّ أو","الحوكمة والالتزام","5 — البيانات المرجعية",الحوكمة,900,"شاشةٌ مستقلة",5,"إدارة التمويل · إدارة الصلاحيات · ادارة التشغيل · ادارة المبيعات · ادارة الموردين","يُنقل إلى موضعِه المعياريّ",PENDING_OWNER,"مجلدُ المسارِ والتصنيفُ الوظيفيّ — يلزم تصديقٌ من الوثيقةِ المالكة",—,—,ACTIVE,—,"التراخيص والكفالات","الحوكمة · الكيانات والملكية · نبدأ من الموردنسجّل الموردَ وبياناتِه وحسابَه البنكيَّ قبلَ أيِّ عقد · نوقّع العقدالعقدُ وأحكامُه وجزاءاتُه وآلياتُ تعديلِ سعره","من التصييرِ الحيِّ — يملؤه المبرمجُ من uxui_live_positions.tsv","الحوكمة والالتزام"
63,Governance/entities_registry.php,"سجل الكيانات / سجل الشركات والكيانات","سجل الشركات والكيانات","Entities Registry","سجل الكيانات / سجل الشركات والكيانات","تعرض سجلّ الكيانات القانونية بصفاتها وعملتها وتراخيصها وأقرب انتهاءٍ لها وحالتها، مع تمييز الداخلي من الخارجي. الغرض أن يكون المرجع الوحيد لهوية كل كيانٍ يُتعاقد معه؛ ولا يُتعاقد م","الحوكمة والالتزام","5 — البيانات المرجعية",الحوكمة,900,"شاشةٌ مستقلة",3,"إدارة التمويل · إدارة الصلاحيات · ادارة التشغيل","يُنقل إلى موضعِه المعياريّ",PENDING_OWNER,"مجلدُ المسارِ والتصنيفُ الوظيفيّ — يلزم تصديقٌ من الوثيقةِ المالكة",—,—,ACTIVE,—,"سجل الكيانات / سجل الشركات والكيانات","الحوكمة · الكيانات والملكية · النموذج والممول","من التصييرِ الحيِّ — يملؤه المبرمجُ من uxui_live_positions.tsv","الحوكمة والالتزام"
64,Projects/sites.php,"مواقع التنفيذ","مواقع التنفيذ",Sites,—,"تعرض مواقع التنفيذ (الموقع/المنجم) بنوعها ومشروعها والمسؤول عنها وعدد عقودها وحالتها. الغرض تعريف مكان التنفيذ الفعلي الذي تُسجَّل فيه الوحدات؛ فالمشروع قد يضمّ عدة مواقع والموقع ق","الحوكمة والالتزام","5 — البيانات المرجعية","السجلات الرئيسية",900,"شاشةٌ مستقلة",3,"إدارة الموقع (قديم — مدمج في 6) · ادارة الاسطول · ادارة التشغيل","يُنقل إلى موضعِه المعياريّ",PENDING_OWNER,"مجلدُ المسارِ والتصنيفُ الوظيفيّ — يلزم تصديقٌ من الوثيقةِ المالكة",—,—,ACTIVE,—,"مواقع التنفيذ","السجلات الرئيسية · العمل اليومي","من التصييرِ الحيِّ — يملؤه المبرمجُ من uxui_live_positions.tsv","الحوكمة والالتزام"
65,Governance/auth_profiles.php,"قوالب الصلاحيات","قوالب الصلاحيات","Auth Profiles","نراقب الأحداثَ والمهام","تعرض قوالب الصلاحيات المعيارية (171 قالبًا) بحالتها وبنودها المزروعة من الحيّ. الغرض منح الصلاحيات بقوالبَ معتمدةٍ لا صفًّا صفًّا. عرضٌ رقابيٌّ لا تعديلَ فيه: القالب النافذ لا يُعد","الحوكمة والالتزام","6 — الإعدادات",الإعدادات,900,"شاشةٌ مستقلة",1,"إدارة الصلاحيات","يُنقل إلى موضعِه المعياريّ",PENDING_OWNER,"مجلدُ المسارِ والتصنيفُ الوظيفيّ — يلزم تصديقٌ من الوثيقةِ المالكة",—,—,ACTIVE,—,"قوالب الصلاحيات","نراقب الأحداثَ والمهام","من التصييرِ الحيِّ — يملؤه المبرمجُ من uxui_live_positions.tsv","الحوكمة والالتزام"
66,Governance/auth_grants.php,"منح الصلاحية","منح الصلاحية","Auth Grants","نراقب الأحداثَ والمهام","تعرض المنح الفعلية بمصادرها الأربعة من منظر الصلاحية النافذة. الغرض معرفة من يملك ماذا فعليًّا ومن أين جاءت صلاحيتُه. الفعل الوحيد المتاح سحبُ منحٍ، وبيد الحوكمة حصرًا؛ والمنحُ الم","الحوكمة والالتزام","6 — الإعدادات","الحوكمة والضوابط",1150,"شاشةٌ مستقلة",1,"إدارة الصلاحيات","يُنقل إلى موضعِه المعياريّ",APPROVED,"مطابقةٌ دلاليةٌ بمراحلِ دورةِ الإدارةِ المالكة",—,—,ACTIVE,—,"منح الصلاحية","نراقب الأحداثَ والمهام","من التصييرِ الحيِّ — يملؤه المبرمجُ من uxui_live_positions.tsv","الحوكمة والالتزام"
67,Governance/ownership_grants.php,"منح المجال المقيَّد","منح المجال المقيَّد","Ownership Grants",—,"تعرض منح المجال المقيَّد النافذة: المستخدم وكود المنحة ومدّتها وسببها ومانحها وحالتها. الغرض فتح باب التمويل لأشخاصٍ بعينهم — فالصلاحية هنا فرديةٌ بأكوادها لا بالعضوية في إدارة؛ وم","الحوكمة والالتزام","6 — الإعدادات",الحوكمة,900,"شاشةٌ مستقلة",1,"ادارة التشغيل","يبقى كما هو",PENDING_OWNER,"مجلدُ المسارِ والتصنيفُ الوظيفيّ — يلزم تصديقٌ من الوثيقةِ المالكة",—,—,ACTIVE,—,"منح المجال المقيَّد",الحوكمة,"من التصييرِ الحيِّ — يملؤه المبرمجُ من uxui_live_positions.tsv","الحوكمة والالتزام"
68,admin/sec_employee_wizard.php,"معالج إعداد الموظف","معالج إعداد الموظف","Sec Employee Wizard",—,"معالجٌ من إحدى عشرة خطوةً لإعداد موظفٍ جديد: الهوية والعلاقة، فالعائلة والمستوى والمسمى والجهة، فالمدير والتبعيتان والنطاق والتكليف، ثم معاينةُ الصلاحيات الناتجة بمصادرها، فالإرسال","الحوكمة والالتزام","6 — الإعدادات","السجلات الرئيسية",900,"شاشةٌ مستقلة",1,"إدارة الصلاحيات","يبقى كما هو",PENDING_OWNER,"مجلدُ المسارِ والتصنيفُ الوظيفيّ — يلزم تصديقٌ من الوثيقةِ المالكة",—,—,ACTIVE,—,"معالج إعداد الموظف","السجلات الرئيسية","من التصييرِ الحيِّ — يملؤه المبرمجُ من uxui_live_positions.tsv","الحوكمة والالتزام"
69,Settings/modules.php,"صفحات النظام والإدارات","صفحات النظام والإدارات",Modules,—,"تعرض سجلّ الصفحات (الوحدات) باسمها وأيقونتها وكودها (مسار الملف) والدور المسؤول عنها وما إذا كانت تظهر رابطًا في القائمة الجانبية. الغرض تعريف الشاشات في النظام حتى يمكن منح الصلاح","الحوكمة والالتزام","6 — الإعدادات","الظهور وضبط البوابة",910,"شاشةٌ مستقلة",1,"إدارة الصلاحيات","يُنقل إلى موضعِه المعياريّ",APPROVED,"دورةُ الإدارةِ المالكةِ في الحزمة",—,—,ACTIVE,—,"صفحات النظام والإدارات","الظهور والبوابة والصفحات","من التصييرِ الحيِّ — يملؤه المبرمجُ من uxui_live_positions.tsv","الحوكمة والالتزام"
70,Risk/risk_reports.php,"تقارير المخاطر والتحليلات","تقارير المخاطر والتحليلات","Risk Reports",—,"تقارير المخاطر والتحليلات بالتصنيف الرباعي لا الثنائي. الغرض إخراج تقارير المخاطر للجنة والإدارة؛ والتصدير لا يغيّر التصنيف.","إدارة المخاطر المؤسسية","1 — لوحة الإدارة","لوحة المخاطر المؤسسية",1,تقرير,2,"إدارة المخاطر · الإدارة التنفيذية","يبقى تقريرًا في المستوى ٤ + يُنقل إلى موضعِه المعياريّ",APPROVED,"دورةُ الإدارةِ المالكةِ في الحزمة",—,—,ACTIVE,—,"تقارير المخاطر والتحليلات","التقارير والتصدير · الحوكمة والإطار","من التصييرِ الحيِّ — يملؤه المبرمجُ من uxui_live_positions.tsv","إدارة المخاطر المؤسسية"
71,Risk/risk_assessment.php,"تقييم الخطر ونسخه التاريخية","تقييم الخطر ونسخُه التاريخية","Risk Assessment","تقييم الخطر ونسخه التاريخية","تقييم الخطر ونسخُه التاريخية بأربعةٍ وعشرين عمودًا ومناظرَ إلزامية. الغرض ألّا يُمحى تقييمٌ سابقٌ عند إعادة التقييم — فالتاريخ كاملٌ محفوظ.","إدارة المخاطر المؤسسية","2 — العمليات","التقييم والقياس",200,"تبويبٌ في ملفِّ الكيانِ الأم",1,"إدارة المخاطر","يُحوَّل تبويبًا في الملفِّ الأم + يُعاد تسميتُه + يُنقل إلى موضعِه المعياريّ",APPROVED,"دورةُ الإدارةِ المالكةِ في الحزمة",—,—,ACTIVE,—,"تقييم الخطر ونسخه التاريخية","الضوابط والمؤشرات","من التصييرِ الحيِّ — يملؤه المبرمجُ من uxui_live_positions.tsv","إدارة المخاطر المؤسسية"
72,Risk/risk_controls.php,"الضوابط والضوابط الحرجة","الضوابط والضوابط الحرجة","Risk Controls",—,"الضوابط والضوابط الحرجة بحقولها الخمسة. الغرض ربط كل خطرٍ بضوابطه؛ والضابط لا يُحتسب إلا بدليلٍ يثبت تنفيذه.","إدارة المخاطر المؤسسية","2 — العمليات","التقييم والقياس",210,"شاشةٌ مستقلة",1,"إدارة المخاطر","يُنقل إلى موضعِه المعياريّ",APPROVED,"دورةُ الإدارةِ المالكةِ في الحزمة","مرحلةٌ متتاليةٌ مع Risk/risk_control_verify.php — لا ازدواج",—,ACTIVE,—,"الضوابط والضوابط الحرجة","الضوابط والمؤشرات","من التصييرِ الحيِّ — يملؤه المبرمجُ من uxui_live_positions.tsv","إدارة المخاطر المؤسسية"
73,Risk/risk_control_verify.php,"التحقق من الضوابط الحرجة","التحقق من الضوابط الحرجة","Risk Control Verify",—,"التحقق من الضوابط الحرجة على منهج ICMM: ضوابطُ قليلةٌ محدَّدةٌ تمنع الأحداث الكبرى، ولكلٍّ منها تحقُّقٌ دوريٌّ موثَّق. الغرض التأكد أن الضابط الحرج يعمل فعلًا لا أنه مكتوبٌ فقط.","إدارة المخاطر المؤسسية","2 — العمليات","التقييم والقياس",211,"شاشةٌ مستقلة",1,"إدارة المخاطر","يُنقل إلى موضعِه المعياريّ",APPROVED,"دورةُ الإدارةِ المالكةِ في الحزمة","مرحلةٌ متتاليةٌ مع Risk/risk_controls.php — لا ازدواج",—,ACTIVE,—,"التحقق من الضوابط الحرجة","المعالجة والقبول","من التصييرِ الحيِّ — يملؤه المبرمجُ من uxui_live_positions.tsv","إدارة المخاطر المؤسسية"
74,Risk/dept_risk_space.php,"مساحة مخاطر الإدارة / مخاطر إدارة الموردين / مخاطر النقل والترحيل","مساحة مخاطر الإدارة","Dept Risk Space","مساحة مخاطر الإدارة / مخاطر إدارة الموردين / مخاطر النقل والترحيل","مساحةُ مخاطر الإدارة بسبعة تبويبات — مكوّنٌ نطاقيٌّ واحدٌ يخدم الإدارات كلَّها، فترى كلُّ إدارةٍ مخاطرها هي. الغرض إشراك الإدارات في إدارة مخاطرها بدل حصرها في وحدةٍ مركزية.","إدارة المخاطر المؤسسية","2 — العمليات","الشهية والمنهج",900,"شاشةٌ مستقلة",14,"أمين المستودع · إدارة التمويل · إدارة المالية · إدارة المخاطر · إدارة المشتريات · إدارة الموقع · إدارة النقل والترحيل · ادارة الاسطول · ادارة التشغيل · ادارة الصيانة · ادارة المبيعات · ادارة الموارد البشرية · ادارة الموردين · القوى التشغيلية","يُنقل إلى موضعِه المعياريّ",PENDING_OWNER,"مجلدُ المسارِ والتصنيفُ الوظيفيّ — يلزم تصديقٌ من الوثيقةِ المالكة",—,—,ACTIVE,—,"مساحة مخاطر الإدارة / مخاطر إدارة الموردين / مخاطر النقل والترحيل","الشهية والمنهج · المخاطر","من التصييرِ الحيِّ — يملؤه المبرمجُ من uxui_live_positions.tsv","إدارة المخاطر المؤسسية"
75,Risk/risk_signals.php,"إشارات الخطر والفرز","إشارات المخاطر والفرز","Risk Signals","إشارات الخطر والفرز","صندوقُ الإشارات والفرز: كل إشارةٍ واردةٍ تُفرَز إلى أحد أربعة — تُهمَل بوسم، أو تُربَط بخطرٍ قائم، أو تُنشئ خطرًا جديدًا، أو تُصعَّد. الغرض تطبيقُ قاعدة «ليس كل حدثٍ خطرًا» قبل تضخ","إدارة المخاطر المؤسسية","2 — العمليات","المراقبة والمؤشرات",500,"شاشةٌ مستقلة",1,"إدارة المخاطر","يُعاد تسميتُه + يُنقل إلى موضعِه المعياريّ",APPROVED,"دورةُ الإدارةِ المالكةِ في الحزمة",—,—,ACTIVE,—,"إشارات الخطر والفرز","الإشارة والفرز","من التصييرِ الحيِّ — يملؤه المبرمجُ من uxui_live_positions.tsv","إدارة المخاطر المؤسسية"
76,Risk/risk_incidents.php,"الحوادث والوقائع","الحوادث والوقائع","Risk Incidents",—,"الحوادث والوقائع بثلاثة أنواعٍ لا تُخلط: واقعةٌ حدثت وأنتجت أثرًا، وحادثٌ كاد، ومشاهدةٌ خطرة. الغرض التعلّم من الحوادث وربطها بمخاطرها وضوابطها.","إدارة المخاطر المؤسسية","2 — العمليات","المراقبة والمؤشرات",501,"شاشةٌ مستقلة",1,"إدارة المخاطر","يُنقل إلى موضعِه المعياريّ",APPROVED,"دورةُ الإدارةِ المالكةِ في الحزمة",—,—,ACTIVE,—,"الحوادث والوقائع","الإشارة والفرز","من التصييرِ الحيِّ — يملؤه المبرمجُ من uxui_live_positions.tsv","إدارة المخاطر المؤسسية"
77,Risk/risk_treatments.php,"إجراءات معالجة المخاطر","إجراءات معالجة المخاطر","Risk Treatments",—,"إجراءات معالجة المخاطر، لكل إجراءٍ مسؤولٌ ومهلة. الغرض ألّا يبقى خطرٌ بلا خطة معالجةٍ لها مالك؛ والمتأخر يظهر ويُصعَّد.","إدارة المخاطر المؤسسية","2 — العمليات","سجل المخاطر",150,"شاشةٌ مستقلة",1,"إدارة المخاطر","يبقى كما هو",APPROVED,"مطابقةٌ دلاليةٌ بمراحلِ دورةِ الإدارةِ المالكة",—,—,ACTIVE,—,"إجراءات معالجة المخاطر","المعالجة والقبول","من التصييرِ الحيِّ — يملؤه المبرمجُ من uxui_live_positions.tsv","إدارة المخاطر المؤسسية"
78,Risk/risk_register.php,"سجل المخاطر المركزي","سجل المخاطر المؤسسي","Risk Register","سجل المخاطر المركزي","السجلّ المركزي الواحد للمخاطر: محفظةُ المخاطر كاملةً لمدير المخاطر ومحلّله والرئيس، ولكل إدارةٍ نافذتُها على ما يخصّها. الغرض أن يكون مصدرَ الحقيقة الوحيد لكل خطرٍ مسجَّل في المؤسس","إدارة المخاطر المؤسسية","2 — العمليات","سجل المخاطر",100,"شاشةٌ مستقلة",1,"إدارة المخاطر","يُعاد تسميتُه + يُنقل إلى موضعِه المعياريّ",APPROVED,"دورةُ الإدارةِ المالكةِ في الحزمة",—,—,ACTIVE,—,"سجل المخاطر المركزي","السجل والتقييم","من التصييرِ الحيِّ — يملؤه المبرمجُ من uxui_live_positions.tsv","إدارة المخاطر المؤسسية"
79,Risk/risk_units.php,"وحدات المخاطر والتصنيف","وحدات المخاطر والتصنيف","Risk Units",—,"وحدات المخاطر الإحدى عشرة بمعاييرها المرجعية ونوافذ منعها. الغرض تصنيف المخاطر بوحداتٍ معياريةٍ موحّدة بدل الوصف الحر.","إدارة المخاطر المؤسسية","2 — العمليات","سجل المخاطر",102,"شاشةٌ مستقلة",1,"إدارة المخاطر","يُنقل إلى موضعِه المعياريّ",APPROVED,"دورةُ الإدارةِ المالكةِ في الحزمة","زاويةُ نظرٍ لنفسِ البيانات مع: Risk/risk_settings.php",—,ACTIVE,—,"وحدات المخاطر والتصنيف","السجل والتقييم","من التصييرِ الحيِّ — يملؤه المبرمجُ من uxui_live_positions.tsv","إدارة المخاطر المؤسسية"
80,Risk/risk_acceptance.php,"القبول والاستثناءات","القبول والاستثناءات","Risk Acceptance",—,"القبول والاستثناءات: قبولُ الخطر قرارٌ موقَّعٌ بمهلة مراجعةٍ لا إهمالٌ صامت. الغرض توثيق من قَبِل الخطر ولماذا ومتى يُراجَع القبول.","إدارة المخاطر المؤسسية","2 — العمليات","قبول الخطر والتصعيد",400,"شاشةٌ مستقلة",1,"إدارة المخاطر","يُنقل إلى موضعِه المعياريّ",APPROVED,"دورةُ الإدارةِ المالكةِ في الحزمة",—,—,ACTIVE,—,"القبول والاستثناءات","القبول والتصعيد","من التصييرِ الحيِّ — يملؤه المبرمجُ من uxui_live_positions.tsv","إدارة المخاطر المؤسسية"
81,Risk/risk_reviews.php,"مراجعات المخاطر وقراراتها","المراجعات والتصعيدات","Risk Reviews","مراجعات المخاطر وقراراتها","المراجعات وقرارات القبول في المرحلتين الحادية عشرة والثالثة عشرة من دورة الخطر. الغرض مراجعة القبولات دوريًّا فلا يتحوّل القبول المؤقت إلى دائمٍ بالنسيان.","إدارة المخاطر المؤسسية","2 — العمليات","قبول الخطر والتصعيد",401,"شاشةٌ مستقلة",1,"إدارة المخاطر","يُعاد تسميتُه + يُنقل إلى موضعِه المعياريّ",APPROVED,"دورةُ الإدارةِ المالكةِ في الحزمة",—,—,ACTIVE,—,"مراجعات المخاطر وقراراتها","المعالجة والقبول","من التصييرِ الحيِّ — يملؤه المبرمجُ من uxui_live_positions.tsv","إدارة المخاطر المؤسسية"
82,Risk/risk_card.php,"ملف الخطر","ملف الخطر","Risk Card",—,"ملفُّ الخطر الواحد بدورة حياته الأربع عشرة: تقييماتُه بتاريخها الكامل، وضوابطُه بخريطتها وأدلّتها، ومعالجاتُه ومراجعاتُه. الغرض قراءة قصة الخطر كاملةً في مكانٍ واحد.","إدارة المخاطر المؤسسية","3 — المعاملات والسجلات","قبول الخطر والتصعيد",450,"شاشةٌ مستقلة",1,"إدارة المخاطر","يبقى كما هو",APPROVED,"مطابقةٌ دلاليةٌ بمراحلِ دورةِ الإدارةِ المالكة",—,—,ACTIVE,—,"ملف الخطر","السجل والتقييم","من التصييرِ الحيِّ — يملؤه المبرمجُ من uxui_live_positions.tsv","إدارة المخاطر المؤسسية"
83,Risk/gov_dept_rsk.php,"حوكمة إدارة المخاطر","حوكمة إدارة المخاطر المؤسسية","Gov Dept Rsk","حوكمة إدارة المخاطر","حوكمة إدارة المخاطر المؤسسية — قراءةٌ لا كتابة، وفعلُها الكاتب الوحيد تصديقُ الحوكمة. الغرض إشراف الحوكمة على منظومة المخاطر ككل.","إدارة المخاطر المؤسسية","4 — التقارير والتحليلات","التقارير والتحليلات",800,منظر,1,"إدارة المخاطر","يُحوَّل منظرَ عملٍ محفوظًا + يُعاد تسميتُه + يُنقل إلى موضعِه المعياريّ",APPROVED,"دورةُ الإدارةِ المالكةِ في الحزمة",—,—,ACTIVE,—,"حوكمة إدارة المخاطر","الحوكمة والإطار","من التصييرِ الحيِّ — يملؤه المبرمجُ من uxui_live_positions.tsv","إدارة المخاطر المؤسسية"
84,Risk/risk_kris.php,"مؤشرات الخطر الرئيسة","مؤشرات الخطر الرئيسة","Risk Kris",—,"مؤشرات الخطر الرئيسة (KRI) الستة والثلاثون بحدَّيها. الغرض إنذارٌ سابقٌ للحدث لا لاحقٌ له — وبلوغُ الحد الحرج يولّد إشارةً آليًّا.","إدارة المخاطر المؤسسية","4 — التقارير والتحليلات","قبول الخطر والتصعيد",450,تقرير,1,"إدارة المخاطر","يبقى تقريرًا في المستوى ٤",APPROVED,"مطابقةٌ دلاليةٌ بمراحلِ دورةِ الإدارةِ المالكة",—,—,ACTIVE,—,"مؤشرات الخطر الرئيسة","الضوابط والمؤشرات","من التصييرِ الحيِّ — يملؤه المبرمجُ من uxui_live_positions.tsv","إدارة المخاطر المؤسسية"
85,Risk/risk_board.php,"لوحة المخاطر العليا","لوحة المخاطر العليا","Risk Board",—,"لوحة المخاطر العليا للرئيس: لوحةٌ لا قائمةُ آلاف المخاطر — والحرجُ لا يختفي منها. الغرض إعطاء القيادة صورة المخاطر الحرجة دون إغراقٍ بالتفاصيل.","إدارة المخاطر المؤسسية","4 — التقارير والتحليلات","سجل المخاطر",150,تقرير,1,"إدارة المخاطر","يبقى تقريرًا في المستوى ٤",APPROVED,"مطابقةٌ دلاليةٌ بمراحلِ دورةِ الإدارةِ المالكة",—,—,ACTIVE,—,"لوحة المخاطر العليا","لوحة الإدارة","من التصييرِ الحيِّ — يملؤه المبرمجُ من uxui_live_positions.tsv","إدارة المخاطر المؤسسية"
86,Risk/risk_field.php,"مخاطرُ الميدان / مخاطر الميدان","مخاطر الميدان","Risk Field","مخاطرُ الميدان / مخاطر الميدان","تتيح للمُبلِّغ الميداني ثلاثةَ أفعالٍ لا أكثر: رفعُ إشارةِ خطر، وتسجيلُ دليل تنفيذِ ضابطٍ يملكه، وتقديمُ دليل إنجازِ إجراءٍ مسنَدٍ إليه. الغرض التقاطُ ما يُرى في الميدان فورًا — فه","إدارة المخاطر المؤسسية","5 — البيانات المرجعية","البيانات المرجعية والإعدادات",700,"شاشةٌ مستقلة",3,"إدارة المخاطر · إدارة الموقع · ادارة التشغيل","يُنقل إلى موضعِه المعياريّ",APPROVED,"دورةُ الإدارةِ المالكةِ في الحزمة",—,—,ACTIVE,—,"مخاطرُ الميدان / مخاطر الميدان","الإشارة والفرز · المخاطر","من التصييرِ الحيِّ — يملؤه المبرمجُ من uxui_live_positions.tsv","إدارة المخاطر المؤسسية"
87,Risk/risk_committee.php,"لجنة المخاطر","لجنة المخاطر","Risk Committee",—,"لجنة المخاطر ومحاضرها: مخرَجُها محضرُ لجنةٍ وشهيةٌ معتمدة. الغرض توثيق قرارات اللجنة بوصفها الجهة الحاكمة لسياسة المخاطر.","إدارة المخاطر المؤسسية","5 — البيانات المرجعية","الحوكمة والضوابط",600,"شاشةٌ مستقلة",1,"إدارة المخاطر","يُنقل إلى موضعِه المعياريّ",APPROVED,"دورةُ الإدارةِ المالكةِ في الحزمة",—,—,ACTIVE,—,"لجنة المخاطر","الحوكمة والإطار","من التصييرِ الحيِّ — يملؤه المبرمجُ من uxui_live_positions.tsv","إدارة المخاطر المؤسسية"
88,Risk/risk_appetite.php,"شهية المخاطر وحدودها","الشهية وحدود التحمل","Risk Appetite","شهية المخاطر وحدودها","الشهية وحدود التحمّل للمخاطر — يحدّدها الرئيس التنفيذي. الغرض تثبيت الحدّ الذي تقبله المؤسسة من المخاطرة؛ والأرضيات الثلاث لا تتغيّر بحال.","إدارة المخاطر المؤسسية","5 — البيانات المرجعية","الحوكمة والضوابط",601,"شاشةٌ مستقلة",1,"إدارة المخاطر","يُعاد تسميتُه + يُنقل إلى موضعِه المعياريّ",APPROVED,"دورةُ الإدارةِ المالكةِ في الحزمة",—,—,ACTIVE,—,"شهية المخاطر وحدودها","الشهية والمنهج","من التصييرِ الحيِّ — يملؤه المبرمجُ من uxui_live_positions.tsv","إدارة المخاطر المؤسسية"
89,Risk/risk_settings.php,"إعدادات المخاطر والتصنيف","إعدادات المخاطر والتصنيف","Risk Settings",—,"إعدادات المخاطر والتصنيف: الإطار الحاكم معروضًا مصدرًا واحدًا — مصفوفة السلّم والتصنيفات والحدود. الغرض ضبط قواعد التقييم من الشاشة لا من الكود.","إدارة المخاطر المؤسسية","5 — البيانات المرجعية","الحوكمة والضوابط",602,"شاشةٌ مستقلة",1,"إدارة المخاطر","يُنقل إلى موضعِه المعياريّ",APPROVED,"دورةُ الإدارةِ المالكةِ في الحزمة","زاويةُ نظرٍ لنفسِ البيانات مع: Risk/risk_units.php",—,ACTIVE,—,"إعدادات المخاطر والتصنيف","الحوكمة والإطار","من التصييرِ الحيِّ — يملؤه المبرمجُ من uxui_live_positions.tsv","إدارة المخاطر المؤسسية"
90,Audit/iaf_reports.php,"تقارير المراجعة للجهة المشرفة","تقارير الجهة المشرفة","Iaf Reports","تقارير المراجعة للجهة المشرفة","تُصدر تقارير المراجعة للجهة المشرفة. الغرض رفع نتائج المراجعة إلى مستوى الإشراف بصيغةٍ معتمدة. يستخدمها المراجع الداخلي.","المراجع الداخلي المستقل","1 — لوحة الإدارة","لوحة المراجعة الداخلية",1,"شاشةٌ مستقلة",2,"الإدارة التنفيذية · المراجع الداخلي المستقل","يُعاد تسميتُه + يُنقل إلى موضعِه المعياريّ",APPROVED,"دورةُ الإدارةِ المالكةِ في الحزمة",—,—,ACTIVE,—,"تقارير المراجعة للجهة المشرفة","التقارير والتصدير · الميثاق والخطة والمهام","من التصييرِ الحيِّ — يملؤه المبرمجُ من uxui_live_positions.tsv","المراجع الداخلي المستقل"
91,Audit/iaf_findings.php,"ملاحظات المراجعة",الملاحظات,"Iaf Findings","ملاحظات المراجعة","تعرض ملاحظات المراجعة بدرجة خطورتها وأدلّتها والإدارة المعنيّة بها. الغرض أن تكون كل ملاحظةٍ موثَّقةً بدليلها ولها مالكٌ يردّ عليها. يستخدمها المراجع الداخلي.","المراجع الداخلي المستقل","2 — العمليات","الملاحظات والتوصيات",300,"شاشةٌ مستقلة",1,"المراجع الداخلي المستقل","يُعاد تسميتُه + يُنقل إلى موضعِه المعياريّ",APPROVED,"دورةُ الإدارةِ المالكةِ في الحزمة",—,—,ACTIVE,—,"ملاحظات المراجعة","الميثاق والخطة والمهام","من التصييرِ الحيِّ — يملؤه المبرمجُ من uxui_live_positions.tsv","المراجع الداخلي المستقل"
92,Audit/iaf_charter.php,"ميثاق المراجعة الداخلية","ميثاق المراجعة الداخلية","Iaf Charter",—,"تعرض ميثاق المراجعة الداخلية: غرضَها وصلاحياتها ومسؤولياتها وموقعها التنظيمي. الغرض تثبيت الأساس الذي تستمدّ منه المراجعة استقلالها وسلطتها. يستخدمها المراجع الداخلي والجهة المشرفة","المراجع الداخلي المستقل","2 — العمليات","الميثاق والخطة",100,"شاشةٌ مستقلة",1,"المراجع الداخلي المستقل","يُنقل إلى موضعِه المعياريّ",APPROVED,"دورةُ الإدارةِ المالكةِ في الحزمة",—,—,ACTIVE,—,"ميثاق المراجعة الداخلية","الميثاق والخطة والمهام","من التصييرِ الحيِّ — يملؤه المبرمجُ من uxui_live_positions.tsv","المراجع الداخلي المستقل"
93,Audit/iaf_independence.php,"إقرارات الاستقلال وتعارض المصالح","سجل الاستقلال وتعارض المصالح","Iaf Independence","إقرارات الاستقلال وتعارض المصالح","تحفظ إقرارات الاستقلال وتعارض المصالح لأعضاء فريق المراجعة. الغرض حماية استقلال المراجعة بإقرارٍ دوريٍّ موثَّق. يستخدمها المراجع الداخلي.","المراجع الداخلي المستقل","2 — العمليات","الميثاق والخطة",101,"شاشةٌ مستقلة",1,"المراجع الداخلي المستقل","يُعاد تسميتُه + يُنقل إلى موضعِه المعياريّ",APPROVED,"دورةُ الإدارةِ المالكةِ في الحزمة",—,—,ACTIVE,—,"إقرارات الاستقلال وتعارض المصالح","الميثاق والخطة والمهام","من التصييرِ الحيِّ — يملؤه المبرمجُ من uxui_live_positions.tsv","المراجع الداخلي المستقل"
94,Audit/iaf_universe.php,"الكون الرقابي","سجل الكون الرقابي","Iaf Universe","الكون الرقابي","تعرض الكون الرقابي: كلَّ الوحدات والعمليات القابلة للمراجعة بمخاطرها وأولوياتها. الغرض ألّا تُبنى خطة المراجعة على اجتهادٍ بل على جردٍ كاملٍ لما يمكن مراجعته. يستخدمها المراجع الدا","المراجع الداخلي المستقل","2 — العمليات","الميثاق والخطة",110,"شاشةٌ مستقلة",1,"المراجع الداخلي المستقل","يُعاد تسميتُه + يُنقل إلى موضعِه المعياريّ",APPROVED,"دورةُ الإدارةِ المالكةِ في الحزمة",—,—,ACTIVE,—,"الكون الرقابي","الميثاق والخطة والمهام","من التصييرِ الحيِّ — يملؤه المبرمجُ من uxui_live_positions.tsv","المراجع الداخلي المستقل"
95,Audit/iaf_plan.php,"خطة المراجعة السنوية","الخطة السنوية للمراجعة","Iaf Plan","خطة المراجعة السنوية","تعرض خطة المراجعة السنوية: المهامُّ المزمعة وتوقيتها ومواردها مشتقّةً من الكون الرقابي. الغرض توزيع جهد المراجعة على الأعلى خطرًا لا على الأسهل. يستخدمها المراجع الداخلي.","المراجع الداخلي المستقل","2 — العمليات","الميثاق والخطة",111,"شاشةٌ مستقلة",1,"المراجع الداخلي المستقل","يُعاد تسميتُه + يُنقل إلى موضعِه المعياريّ",APPROVED,"دورةُ الإدارةِ المالكةِ في الحزمة",—,—,ACTIVE,—,"خطة المراجعة السنوية","الميثاق والخطة والمهام","من التصييرِ الحيِّ — يملؤه المبرمجُ من uxui_live_positions.tsv","المراجع الداخلي المستقل"
96,Audit/iaf_escalations.php,"المصعَّد إلى الجهة المشرفة","المصعَّد إلى الجهة المشرفة","Iaf Escalations",—,"تعرض ما صُعِّد إلى الجهة المشرفة من ملاحظاتٍ لم تُعالَج أو خلافاتٍ لم تُحسم. الغرض ضمان وصول ما يستعصي إلى مستوى القرار الأعلى. يستخدمها المراجع الداخلي.","المراجع الداخلي المستقل","2 — العمليات","الميثاق والخطة والمهام",900,"شاشةٌ مستقلة",1,"المراجع الداخلي المستقل","يبقى كما هو",PENDING_OWNER,"مجلدُ المسارِ والتصنيفُ الوظيفيّ — يلزم تصديقٌ من الوثيقةِ المالكة",—,—,ACTIVE,—,"المصعَّد إلى الجهة المشرفة","الميثاق والخطة والمهام","من التصييرِ الحيِّ — يملؤه المبرمجُ من uxui_live_positions.tsv","المراجع الداخلي المستقل"
97,Audit/iaf_action_plans.php,"خطط المعالجة ومتابعتها","خطط المعالجة ومتابعتها","Iaf Action Plans",—,"تعرض خطط معالجة الملاحظات ومتابعتها: الإجراءُ ومسؤولُه ومهلتُه وحالتُه. الغرض ألّا تبقى ملاحظةٌ بلا خطة معالجةٍ لها مالكٌ وموعد. يستخدمها المراجع والإدارات.","المراجع الداخلي المستقل","2 — العمليات","الملاحظات والتوصيات",350,"شاشةٌ مستقلة",1,"المراجع الداخلي المستقل","يبقى كما هو",APPROVED,"مطابقةٌ دلاليةٌ بمراحلِ دورةِ الإدارةِ المالكة",—,—,ACTIVE,—,"خطط المعالجة ومتابعتها","الميثاق والخطة والمهام","من التصييرِ الحيِّ — يملؤه المبرمجُ من uxui_live_positions.tsv","المراجع الداخلي المستقل"
98,Audit/iaf_responses.php,"ردود الإدارات على الملاحظات","ردود الإدارات على الملاحظات","Iaf Responses",—,"تعرض ردود الإدارات على ملاحظات المراجعة وقبولَها أو اعتراضَها. الغرض إغلاق الحوار على الملاحظة بردٍّ مكتوبٍ لا بالمشافهة. يستخدمها المراجع والإدارات المعنيّة.","المراجع الداخلي المستقل","2 — العمليات","الملاحظات والتوصيات",350,"شاشةٌ مستقلة",1,"المراجع الداخلي المستقل","يبقى كما هو",APPROVED,"مطابقةٌ دلاليةٌ بمراحلِ دورةِ الإدارةِ المالكة",—,—,ACTIVE,—,"ردود الإدارات على الملاحظات","الميثاق والخطة والمهام","من التصييرِ الحيِّ — يملؤه المبرمجُ من uxui_live_positions.tsv","المراجع الداخلي المستقل"
99,Audit/iaf_closure.php,"محاضر الإغلاق","محاضر الإغلاق","Iaf Closure",—,"تحفظ محاضر إغلاق مهامّ المراجعة. الغرض توثيق انتهاء المهمة بنتائجها ومحضرٍ موقَّع. يستخدمها المراجع الداخلي.","المراجع الداخلي المستقل","2 — العمليات","تنفيذ المهمة وأدلتها",250,"شاشةٌ مستقلة",1,"المراجع الداخلي المستقل","يبقى كما هو",APPROVED,"مطابقةٌ دلاليةٌ بمراحلِ دورةِ الإدارةِ المالكة",—,—,ACTIVE,—,"محاضر الإغلاق","الميثاق والخطة والمهام","من التصييرِ الحيِّ — يملؤه المبرمجُ من uxui_live_positions.tsv","المراجع الداخلي المستقل"
100,Audit/iaf_engagements.php,"مهام المراجعة","مهام المراجعة","Iaf Engagements",—,"تدير مهامّ المراجعة المفتوحة: نطاقَ كل مهمةٍ وفريقَها ومراحلَها وحالتها. الغرض متابعة تنفيذ الخطة مهمّةً مهمّة. يستخدمها المراجع الداخلي.","المراجع الداخلي المستقل","2 — العمليات","تنفيذ المهمة وأدلتها",201,"شاشةٌ مستقلة",1,"المراجع الداخلي المستقل","يُنقل إلى موضعِه المعياريّ",APPROVED,"دورةُ الإدارةِ المالكةِ في الحزمة",—,—,ACTIVE,—,"مهام المراجعة","الميثاق والخطة والمهام","من التصييرِ الحيِّ — يملؤه المبرمجُ من uxui_live_positions.tsv","المراجع الداخلي المستقل"
101,Audit/iaf_workpapers.php,"أوراق العمل والأدلة","أوراق العمل","Iaf Workpapers","أوراق العمل والأدلة","تحفظ أوراق العمل والأدلة لكل مهمة مراجعة. الغرض توثيق ما استند إليه المراجع في ملاحظاته فتكون قابلةً للمراجعة والدفاع. يستخدمها المراجع الداخلي.","المراجع الداخلي المستقل","2 — العمليات","تنفيذ المهمة وأدلتها",210,"شاشةٌ مستقلة",1,"المراجع الداخلي المستقل","يُعاد تسميتُه + يُنقل إلى موضعِه المعياريّ",APPROVED,"دورةُ الإدارةِ المالكةِ في الحزمة",—,—,ACTIVE,—,"أوراق العمل والأدلة","الميثاق والخطة والمهام","من التصييرِ الحيِّ — يملؤه المبرمجُ من uxui_live_positions.tsv","المراجع الداخلي المستقل"
102,Audit/iaf_quality.php,"تقييم جودة المراجعة الدوري","تقييم الجودة","Iaf Quality","تقييم جودة المراجعة الدوري","تعرض تقييم جودة المراجعة الدوري بمؤشراته. الغرض أن تُراجَع المراجعةُ نفسُها فلا تكون فوق التقييم. يستخدمها المراجع الداخلي والجهة المشرفة.","المراجع الداخلي المستقل","2 — العمليات","تنفيذ المهمة وأدلتها",230,"شاشةٌ مستقلة",1,"المراجع الداخلي المستقل","يُعاد تسميتُه + يُنقل إلى موضعِه المعياريّ",APPROVED,"دورةُ الإدارةِ المالكةِ في الحزمة",—,—,ACTIVE,—,"تقييم جودة المراجعة الدوري","الميثاق والخطة والمهام","من التصييرِ الحيِّ — يملؤه المبرمجُ من uxui_live_positions.tsv","المراجع الداخلي المستقل"
103,Audit/iaf_access_log.php,"سجل اطّلاع المراجع الحساس","سجل اطّلاع المراجع الحساس","Iaf Access Log",—,"تسجّل اطّلاع المراجع على البيانات الحساسة: ماذا فتح ومتى ولماذا. الغرض أن يكون اطّلاع المراجع نفسُه خاضعًا للتدقيق. يستخدمها المراجع وإدارة الصلاحيات.","المراجع الداخلي المستقل","3 — المعاملات والسجلات","الميثاق والخطة والمهام",900,"شاشةٌ مستقلة",1,"المراجع الداخلي المستقل","يبقى كما هو",PENDING_OWNER,"مجلدُ المسارِ والتصنيفُ الوظيفيّ — يلزم تصديقٌ من الوثيقةِ المالكة",—,—,ACTIVE,—,"سجل اطّلاع المراجع الحساس","الميثاق والخطة والمهام","من التصييرِ الحيِّ — يملؤه المبرمجُ من uxui_live_positions.tsv","المراجع الداخلي المستقل"
104,Audit/iaf_competencies.php,"اختصاصات المراجعة العشرون","اختصاصات المراجعة العشرون","Iaf Competencies",—,"تعرض اختصاصات المراجعة العشرين ومستوى إتقان الفريق لها. الغرض توزيع المهامّ على من يملك اختصاصها ورصدُ فجوات الكفاءة. يستخدمها المراجع الداخلي.","المراجع الداخلي المستقل","5 — البيانات المرجعية","الميثاق والخطة والمهام",900,"شاشةٌ مستقلة",1,"المراجع الداخلي المستقل","يبقى كما هو",PENDING_OWNER,"مجلدُ المسارِ والتصنيفُ الوظيفيّ — يلزم تصديقٌ من الوثيقةِ المالكة",—,—,ACTIVE,—,"اختصاصات المراجعة العشرون","الميثاق والخطة والمهام","من التصييرِ الحيِّ — يملؤه المبرمجُ من uxui_live_positions.tsv","المراجع الداخلي المستقل"
105,Audit/iaf_authorities.php,"صلاحيات المراجع داخل النظام","صلاحيات المراجع داخل النظام","Iaf Authorities",—,"تعرض صلاحيات المراجع داخل النظام: ما يطّلع عليه وما لا يملك تغييره. الغرض تمكين المراجعة من الاطّلاع دون قدرةٍ على التعديل — حمايةً للاستقلال وللبيانات معًا. يستخدمها المراجع وإدار","المراجع الداخلي المستقل","6 — الإعدادات","الميثاق والخطة والمهام",900,"شاشةٌ مستقلة",1,"المراجع الداخلي المستقل","يبقى كما هو",PENDING_OWNER,"مجلدُ المسارِ والتصنيفُ الوظيفيّ — يلزم تصديقٌ من الوثيقةِ المالكة",—,—,ACTIVE,—,"صلاحيات المراجع داخل النظام","الميثاق والخطة والمهام","من التصييرِ الحيِّ — يملؤه المبرمجُ من uxui_live_positions.tsv","المراجع الداخلي المستقل"
106,FinRequests/accountant_desk.php,"مهام المحاسب اليومية","مهام المحاسب اليومية","Accountant Desk",—,"تعرض الطلبات المالية الواصلة لمحاسب الإدارة بعد اعتمادها إداريًّا، ليضبط عليها الحساب المحاسبي وأبعاد التكلفة. الغرض ترجمة الطلب الإداري إلى حدثٍ ماليٍّ صحيحٍ محاسبيًّا قبل دخوله ل","المالية والخزينة","2 — العمليات","إقفال الفترة",1100,"شاشةٌ مستقلة",1,"إدارة المالية","يُنقل إلى موضعِه المعياريّ",APPROVED,"دورةُ الإدارةِ المالكةِ في الحزمة",—,—,ACTIVE,—,"مهام المحاسب اليومية","القيود والدفاتر","من التصييرِ الحيِّ — يملؤه المبرمجُ من uxui_live_positions.tsv","المالية والخزينة"
107,Contracts/tax_invoices.php,"الفاتورة الضريبية / فواتير العملاء","الفاتورة الضريبية والإقرارات","Tax Invoices","الفاتورة الضريبية / فواتير العملاء","تعرض الفواتير الضريبية بحقولها النظامية ورقمها التسلسلي وبائعها ومشتريها ومستخلصها وفترتها وقيمتها قبل الضريبة وبعدها. الغرض إصدار الفاتورة النظامية وطباعتها رسميًّا؛ ولا تعديلَ بع","المالية والخزينة","2 — العمليات","إقفال الفترة",1130,فعل,2,"إدارة المالية · ادارة المبيعات","يُحوَّل فعلًا في مكوّنِ الانتقال + يُعاد تسميتُه + يُنقل إلى موضعِه المعياريّ",APPROVED,"دورةُ الإدارةِ المالكةِ في الحزمة",—,—,ACTIVE,—,"الفاتورة الضريبية / فواتير العملاء","الإيراد والفوترة · العمل اليومي","من التصييرِ الحيِّ — يملؤه المبرمجُ من uxui_live_positions.tsv","المالية والخزينة"
108,Finance/dues_fin.php,"ذمم الموردين والمستحقات / الذمم والتحصيل","ذمم الموردين والمستحقات","Dues Fin","ذمم الموردين والمستحقات / الذمم والتحصيل · نحاسبه ونصرفالتسوياتُ والمستحقاتُ وكشفُ حسابِه والسلفيات","تعرض الذمم والمستحقات في مكانٍ واحد: ما على الشركة للموردين والموظفين وما لها على العملاء، باتجاه كل مبلغٍ ومستنده ومحصَّله ومتبقّيه وتاريخ استحقاقه وحالة تسويته. الغرض ضبط صافي كل","المالية والخزينة","2 — العمليات","الخزينة والبنوك",750,"شاشةٌ مستقلة",4,"إدارة التمويل · إدارة المالية · ادارة الموارد البشرية · ادارة الموردين","يُنقل إلى موضعِه المعياريّ",APPROVED,"مطابقةٌ دلاليةٌ بمراحلِ دورةِ الإدارةِ المالكة",—,—,ACTIVE,—,"ذمم الموردين والمستحقات / الذمم والتحصيل","الأقساط والتكلفة · العمل اليومي · المصروف والدفع · نحاسبه ونصرفالتسوياتُ والمستحقاتُ وكشفُ حسابِه والسلفيات","من التصييرِ الحيِّ — يملؤه المبرمجُ من uxui_live_positions.tsv","المالية والخزينة"
109,Finance/payments_fin.php,"طلبات الدفع والسداد","طلبات الدفع والسداد","Payments Fin","نحاسبه ونصرفالتسوياتُ والمستحقاتُ وكشفُ حسابِه والسلفيات","تعرض المدفوعات والمتحصّلات باتجاه كلٍّ منها وطرفها وطريقتها ومبلغها وبيانها وحالتها. الغرض تنفيذ الصرف والتحصيل مع قاعدةٍ حاكمة: لا صرفَ لموردٍ قبل تسوية مستحقاته كاملةً، وهي مفروض","المالية والخزينة","2 — العمليات","الخزينة والبنوك",750,"شاشةٌ مستقلة",7,"إدارة التمويل · إدارة المالية · إدارة المشتريات · إدارة النقل والترحيل · ادارة التشغيل · ادارة الموارد البشرية · ادارة الموردين","يُنقل إلى موضعِه المعياريّ",APPROVED,"مطابقةٌ دلاليةٌ بمراحلِ دورةِ الإدارةِ المالكة",—,—,ACTIVE,—,"طلبات الدفع والسداد","الأقساط والتكلفة · الإقفال وتحميل التكلفة · الاستلام والمطابقة · المسيّر والدفع · المصروف والدفع · طلبات التشغيل · نحاسبه ونصرفالتسوياتُ والمستحقاتُ وكشفُ حسابِه والسلفيات","من التصييرِ الحيِّ — يملؤه المبرمجُ من uxui_live_positions.tsv","المالية والخزينة"
110,Finance/ctrl_supervision.php,"إشراف رئيس الحسابات على محاسبي التخصصات","إشراف رئيس الحسابات على محاسبي التخصصات","Ctrl Supervision",—,"تعرض إشراف رئيس الحسابات على محاسبي التخصصات: ما راجعه وما ينتظر مراجعته. الغرض طبقةُ إشرافٍ بين المحاسب والمدير المالي. يستخدمها رئيس الحسابات.","المالية والخزينة","2 — العمليات","إقفال الفترة",1150,"شاشةٌ مستقلة",1,"المراجع الداخلي المستقل","يبقى كما هو",APPROVED,"مطابقةٌ دلاليةٌ بمراحلِ دورةِ الإدارةِ المالكة",—,—,ACTIVE,—,"إشراف رئيس الحسابات على محاسبي التخصصات","الإشراف والجودة والحدود","من التصييرِ الحيِّ — يملؤه المبرمجُ من uxui_live_positions.tsv","المالية والخزينة"
111,Finance/ctrl_doc_variance.php,"مخالفات الوثائق وحسمُها","مخالفات الوثائق وحسمُها","Ctrl Doc Variance",—,"تعرض مخالفات الوثائق وحسمَها: حيث خالف التنفيذُ الوثيقةَ المرجعية. الغرض حسمُ كل مخالفةٍ بقرارٍ موثَّقٍ لا تركُها. يستخدمها المدير المالي.","المالية والخزينة","2 — العمليات","الإشراف والجودة والحدود",900,"شاشةٌ مستقلة",1,"المراجع الداخلي المستقل","يبقى كما هو",PENDING_OWNER,"مجلدُ المسارِ والتصنيفُ الوظيفيّ — يلزم تصديقٌ من الوثيقةِ المالكة",—,—,ACTIVE,—,"مخالفات الوثائق وحسمُها","الإشراف والجودة والحدود","من التصييرِ الحيِّ — يملؤه المبرمجُ من uxui_live_positions.tsv","المالية والخزينة"
112,Finance/periods_fin.php,"إقفال الفترة المحاسبية","إقفال الفترة المحاسبية","Periods Fin",—,"تعرض الفترات المالية بسنواتها وحدودها وحالتها وما إذا كان القيد مسموحًا فيها، مع قائمة بنود الإقفال الإلزامية ونسبة اكتمالها. الغرض ضبط دورة الفترة من مخطّطةٍ إلى مفتوحةٍ إلى مقفلة","المالية والخزينة","2 — العمليات","إقفال الفترة",1150,"شاشةٌ مستقلة",1,"إدارة المالية","يبقى كما هو",APPROVED,"مطابقةٌ دلاليةٌ بمراحلِ دورةِ الإدارةِ المالكة",—,—,ACTIVE,—,"إقفال الفترة المحاسبية","الإقفال والموازنة","من التصييرِ الحيِّ — يملؤه المبرمجُ من uxui_live_positions.tsv","المالية والخزينة"
113,Finance/financial_statements_fin.php,"القوائم المالية","القوائم المالية","Financial Statements Fin",—,"تعرض القوائم المالية النظامية الثلاث مشتقّةً من القيود المرحَّلة: قائمة الدخل، والمركز المالي الذي يتوازن آليًّا، والتدفق النقدي من المدفوعات المنفَّذة. الغرض إصدار القوائم الرسمية","المالية والخزينة","2 — العمليات","إقفال الفترة",1150,"شاشةٌ مستقلة",2,"إدارة المالية · الإدارة التنفيذية","يُنقل إلى موضعِه المعياريّ",APPROVED,"مطابقةٌ دلاليةٌ بمراحلِ دورةِ الإدارةِ المالكة",—,—,ACTIVE,—,"القوائم المالية","الإقفال والموازنة · الرقابة العليا","من التصييرِ الحيِّ — يملؤه المبرمجُ من uxui_live_positions.tsv","المالية والخزينة"
114,Finance/entitlement_gate.php,"فحص شروط الاستحقاق","فحص شروط الاستحقاق","Entitlement Gate",—,"تعرض الأثر المالي الأوّليّ المنتظر (المستحقات بحالة الاقتراح) بطرفه ومبلغه ومصدره ومنذ متى. الغرض أن تكون المالية بوابةً قبل الترحيل المالي لا شرطًا لإثبات الواقعة؛ فالاعتماد يمرّ","المالية والخزينة","2 — العمليات","الاستحقاق وأحكام الأطراف",400,"شاشةٌ مستقلة",2,"إدارة المالية · القوى التشغيلية","يُنقل إلى موضعِه المعياريّ",APPROVED,"دورةُ الإدارةِ المالكةِ في الحزمة",—,—,ACTIVE,—,"فحص شروط الاستحقاق","تحويل العمل إلى مستحق · شاشات مالية","من التصييرِ الحيِّ — يملؤه المبرمجُ من uxui_live_positions.tsv","المالية والخزينة"
115,Finance/entitlement.php,"توليد المستحق من العمل المعتمد","توليد المستحق من العمل المعتمد",Entitlement,—,"تولّد المستحق من العمل المعتمد: إيرادُ العميل وذمةُ المورد وأجرُ المشغّل تتولّد من واقعةٍ واحدةٍ بأحكامٍ ثلاثةٍ مستقلة — ولا أثرَ ماليٌّ قبل هذه اللحظة. الغرض أن تكون نقطةَ الميلاد","المالية والخزينة","2 — العمليات","الاستحقاق وأحكام الأطراف",410,"شاشةٌ مستقلة",2,"إدارة المالية · القوى التشغيلية","يُنقل إلى موضعِه المعياريّ",APPROVED,"دورةُ الإدارةِ المالكةِ في الحزمة",—,—,ACTIVE,—,"توليد المستحق من العمل المعتمد","الأداء والاستحقاق · تحويل العمل إلى مستحق","من التصييرِ الحيِّ — يملؤه المبرمجُ من uxui_live_positions.tsv","المالية والخزينة"
116,FinRequests/routing_admin.php,"قواعد توجيه الطلبات المالية","قواعد توجيه الطلبات المالية","Routing Admin",—,"تعرض جدول توجيه الطلبات المالية: لكل إدارةٍ مفتاح تفعيلها والأدوار التي تنشئ فيها ومراجعها ومعتمدها ومحاسبها. الغرض أن يُضبط مسار الطلب من الشاشة لا من الكود، فيُعمَّم على الإدارات","المالية والخزينة","2 — العمليات","الاستحقاق وأحكام الأطراف",430,فعل,1,"إدارة المالية","يُحوَّل فعلًا في مكوّنِ الانتقال + يُنقل إلى موضعِه المعياريّ",APPROVED,"دورةُ الإدارةِ المالكةِ في الحزمة",—,—,ACTIVE,—,"قواعد توجيه الطلبات المالية","إعدادات المالية","من التصييرِ الحيِّ — يملؤه المبرمجُ من uxui_live_positions.tsv","المالية والخزينة"
117,Finance/acc_backflow.php,"المرتجَع المالي للإدارات","المرتجَع المالي للإدارات","Acc Backflow",—,"تعرض المرتجَع المالي للإدارات: ما أعادته المالية إلى مصدره لنقصٍ أو خطأ. الغرض إغلاق حلقة التغذية الراجعة فتتحسن جودة ما يصل المالية. يستخدمها المدير المالي والإدارات.","المالية والخزينة","2 — العمليات","المعاملات المالية الواردة",350,"شاشةٌ مستقلة",1,"المراجع الداخلي المستقل","يبقى كما هو",APPROVED,"مطابقةٌ دلاليةٌ بمراحلِ دورةِ الإدارةِ المالكة",—,—,ACTIVE,—,"المرتجَع المالي للإدارات","التخصص والتوجيه","من التصييرِ الحيِّ — يملؤه المبرمجُ من uxui_live_positions.tsv","المالية والخزينة"
118,Finance/acc_approval_chain.php,"سلسلة الاعتماد الرباعية","سلسلة الاعتماد الرباعية","Acc Approval Chain",—,"تعرض سلسلة الاعتماد الرباعية للمعاملات المالية بمراحلها ومعتمديها. الغرض أن يكون مسار الاعتماد معلنًا ومتتبَّعًا. يستخدمها المدير المالي.","المالية والخزينة","2 — العمليات","الترحيل والاعتمادات المالية",1050,"شاشةٌ مستقلة",1,"المراجع الداخلي المستقل","يبقى كما هو",APPROVED,"مطابقةٌ دلاليةٌ بمراحلِ دورةِ الإدارةِ المالكة",—,—,ACTIVE,—,"سلسلة الاعتماد الرباعية","التخصص والتوجيه","من التصييرِ الحيِّ — يملؤه المبرمجُ من uxui_live_positions.tsv","المالية والخزينة"
119,Finance/cost_report_fin.php,"التكاليف والربحية / التكاليف والربحية بالمركز","التكاليف والربحية بالمركز","Cost Report Fin","التكاليف والربحية / التكاليف والربحية بالمركز","تعرض سجلّات التكلفة بأنواعها وكمياتها وتكلفة وحدتها وإيرادها وربحيتها، مجمَّعةً حسب المشروع مع هامش الربح نسبةً. الغرض معرفة أي مشروعٍ يربح وأيّها يخسر بالأرقام لا بالتقدير. يستخدم","المالية والخزينة","2 — العمليات","التكلفة والإهلاك والهامش",950,"شاشةٌ مستقلة",7,"إدارة المالية · إدارة الموقع · إدارة الموقع (قديم — مدمج في 6) · إدارة النقل والترحيل · ادارة الاسطول · ادارة التشغيل · ادارة الصيانة","يُنقل إلى موضعِه المعياريّ",APPROVED,"مطابقةٌ دلاليةٌ بمراحلِ دورةِ الإدارةِ المالكة",—,—,ACTIVE,—,"التكاليف والربحية / التكاليف والربحية بالمركز","التقارير والتحليلات · العمل اليومي · متابعة وتقارير المالية","من التصييرِ الحيِّ — يملؤه المبرمجُ من uxui_live_positions.tsv","المالية والخزينة"
120,Finance/assets_fin.php,"الإهلاك والقيمة الدفترية","الإهلاك والقيمة الدفترية","Assets Fin",—,"تعرض سجلّ الأصول الثابتة بتكلفتها ومجمّع إهلاكها وقيمتها الدفترية وعمرها الإنتاجي وحالتها، مع جدول الإهلاك المحتسَب شهريًّا لكل فترة. الغرض متابعة قيمة الأصول واحتساب إهلاكها بالقس","المالية والخزينة","2 — العمليات","التكلفة والإهلاك والهامش",950,"شاشةٌ مستقلة",3,"إدارة التمويل · إدارة المالية · ادارة الاسطول","يُنقل إلى موضعِه المعياريّ",APPROVED,"مطابقةٌ دلاليةٌ بمراحلِ دورةِ الإدارةِ المالكة",—,—,ACTIVE,—,"الإهلاك والقيمة الدفترية","التكلفة والتحميل · المطابقة والإهلاك · متابعة وتقارير التمويل","من التصييرِ الحيِّ — يملؤه المبرمجُ من uxui_live_positions.tsv","المالية والخزينة"
121,Finance/cash_forecast_fin.php,"التدفق النقدي والتنبؤ","التدفق النقدي والتنبؤ","Cash Forecast Fin",—,"تعرض تنبّؤ السيولة على أفقٍ زمني: الرصيد الافتتاحي والداخل والخارج والوضع المتوقّع وفجوة التمويل وأولوية النقد. الغرض معرفة متى تضيق السيولة قبل وقوعها لا بعده. يستخدمها المدير الم","المالية والخزينة","2 — العمليات","الخزينة والبنوك",750,"شاشةٌ مستقلة",1,"إدارة المالية","يبقى كما هو",APPROVED,"مطابقةٌ دلاليةٌ بمراحلِ دورةِ الإدارةِ المالكة",—,—,ACTIVE,—,"التدفق النقدي والتنبؤ","الخزينة والمطابقة","من التصييرِ الحيِّ — يملؤه المبرمجُ من uxui_live_positions.tsv","المالية والخزينة"
122,Finance/bank_reconciliation_fin.php,"المطابقة البنكية","المطابقة البنكية","Bank Reconciliation Fin",—,"تعرض بنود كشف الحساب البنكي بتواريخها ومبالغها واتجاهها وحالة مطابقتها مع المدفوعات المنفَّذة في النظام، مع مقارنة رصيد البنك برصيد الدفاتر. الغرض كشف الفروق بين ما في البنك وما في","المالية والخزينة","2 — العمليات","الخزينة والبنوك",750,"شاشةٌ مستقلة",1,"إدارة المالية","يبقى كما هو",APPROVED,"مطابقةٌ دلاليةٌ بمراحلِ دورةِ الإدارةِ المالكة",—,—,ACTIVE,—,"المطابقة البنكية","الخزينة والمطابقة","من التصييرِ الحيِّ — يملؤه المبرمجُ من uxui_live_positions.tsv","المالية والخزينة"
123,Finance/events_list_fin.php,"سجل الأحداث المالية / المعاملات المالية","سجل الأحداث المالية","Events List Fin","سجل الأحداث المالية / المعاملات المالية","تعرض الأحداث المالية بأرقامها وأنواعها ومصدرها ومرجعها ومبالغها ومشروعها أو مورّدها وحالتها. الغرض أن تكون المدخل الموحّد لكل واقعةٍ ماليةٍ قبل تحويلها إلى قيدٍ محاسبي، أيًّا كانت","المالية والخزينة","2 — العمليات","المعاملات المالية الواردة",350,"شاشةٌ مستقلة",8,"إدارة المالية · إدارة المشتريات · إدارة الموقع · إدارة الموقع (قديم — مدمج في 6) · إدارة النقل والترحيل · ادارة التشغيل · ادارة الصيانة · ادارة المبيعات","يُنقل إلى موضعِه المعياريّ",APPROVED,"مطابقةٌ دلاليةٌ بمراحلِ دورةِ الإدارةِ المالكة",—,—,ACTIVE,—,"سجل الأحداث المالية / المعاملات المالية","السجلات الرئيسية · العمل اليومي","من التصييرِ الحيِّ — يملؤه المبرمجُ من uxui_live_positions.tsv","المالية والخزينة"
124,Finance/budget_form_fin.php,"ميزانية إدارتي / الميزانية والانحراف","ميزانية إدارتي — المالية","Budget Form Fin","ميزانية إدارتي / الميزانية والانحراف · ميزانية إدارتي","تعرض الميزانيات بإداراتها وفتراتها وسنواتها ومخطّط إيرادها ومصروفها وحالتها، ولكل ميزانيةٍ بنودها بالمخطّط والفعلي والانحراف ونسبته. الغرض وضع سقفٍ مالي معتمَدٍ لكل إدارةٍ ومقارنة","المالية والخزينة","2 — العمليات","السجلات الرئيسية",900,"شاشةٌ مستقلة",12,"إدارة الصلاحيات · إدارة المالية · إدارة المشتريات · إدارة الموقع · إدارة الموقع (قديم — مدمج في 6) · إدارة النقل والترحيل · ادارة الاسطول · ادارة التشغيل · ادارة الصيانة · ادارة المبيعات · ادارة الموارد البشرية · ادارة الموردين","يُنقل إلى موضعِه المعياريّ",PENDING_OWNER,"مجلدُ المسارِ والتصنيفُ الوظيفيّ — يلزم تصديقٌ من الوثيقةِ المالكة","زاويةُ نظرٍ لنفسِ البيانات مع: Finance/budget_dept.php",—,ACTIVE,—,"ميزانية إدارتي / الميزانية والانحراف","السجلات الرئيسية · العمل اليومي · المتابعة والموافقات","من التصييرِ الحيِّ — يملؤه المبرمجُ من uxui_live_positions.tsv","المالية والخزينة"
125,Finance/import_events_fin.php,"استقبال معاملات الإدارات","استقبال معاملات الإدارات","Import Events Fin",—,"تعرض ما تلتقطه المالية من الإدارات الأخرى (أوامر الشراء وأوامر الصيانة) لتحويله إلى أحداثٍ مالية، مع إزالة المكرّر عبر مرجع المصدر. الغرض ألّا تُدخَل التكلفة مرتين ولا تضيع تكلفةٌ","المالية والخزينة","2 — العمليات","التكلفة والإهلاك والهامش",950,"شاشةٌ مستقلة",1,"إدارة المالية","يُنقل إلى موضعِه المعياريّ",APPROVED,"مطابقةٌ دلاليةٌ بمراحلِ دورةِ الإدارةِ المالكة",—,—,ACTIVE,—,"استقبال معاملات الإدارات","العمل اليومي","من التصييرِ الحيِّ — يملؤه المبرمجُ من uxui_live_positions.tsv","المالية والخزينة"
126,Finance/funding_fin.php,"التمويل والالتزامات","التمويل والالتزامات","Funding Fin",—,"تعرض تسهيلات التمويل والالتزامات (قروض · مرابحات · إيجارات · ضمانات · اعتمادات) بمموّلها وأصلها وهامشها وحالتها، ولكلٍّ منها جدول سدادٍ بأقساطه وفوائده والمسدَّد والمتبقّي. الغرض م","المالية والخزينة","2 — العمليات","التكلفة والإهلاك والهامش",950,"شاشةٌ مستقلة",1,"إدارة المالية","يُنقل إلى موضعِه المعياريّ",APPROVED,"مطابقةٌ دلاليةٌ بمراحلِ دورةِ الإدارةِ المالكة",—,—,ACTIVE,—,"التمويل والالتزامات","العمل اليومي","من التصييرِ الحيِّ — يملؤه المبرمجُ من uxui_live_positions.tsv","المالية والخزينة"
127,Finance/periodic_events_fin.php,"الدوريات المالية","الدوريات المالية","Periodic Events Fin",—,"تدير ثلاث دورياتٍ ماليةٍ في شاشةٍ واحدة: مخصّص الصيانة (المعدة × الفترة)، وقسط التمويل (الالتزام × القسط بأصله وربحه)، والإقرار الضريبي (المبيعات الخاضعة وضريبة المخرجات مقابل المش","المالية والخزينة","2 — العمليات","إقفال الفترة",1150,"شاشةٌ مستقلة",1,"إدارة المالية","يُنقل إلى موضعِه المعياريّ",APPROVED,"مطابقةٌ دلاليةٌ بمراحلِ دورةِ الإدارةِ المالكة",—,—,ACTIVE,—,"الدوريات المالية","العمل اليومي","من التصييرِ الحيِّ — يملؤه المبرمجُ من uxui_live_positions.tsv","المالية والخزينة"
128,Finance/tax_fin.php,"الضرائب والقيمة المضافة","الضرائب والقيمة المضافة","Tax Fin",—,"تعرض رموز الضرائب ومعاملاتها بوعائها ونسبتها ومبلغها ومرجعها وفترتها، وصافي الضريبة المستحقة = ضريبة المخرجات ناقص ضريبة المدخلات. الغرض ضبط استحقاق القيمة المضافة وتجهيز الإقرار ا","المالية والخزينة","2 — العمليات","إقفال الفترة",1150,"شاشةٌ مستقلة",1,"إدارة المالية","يُنقل إلى موضعِه المعياريّ",APPROVED,"مطابقةٌ دلاليةٌ بمراحلِ دورةِ الإدارةِ المالكة",—,—,ACTIVE,—,"الضرائب والقيمة المضافة","العمل اليومي","من التصييرِ الحيِّ — يملؤه المبرمجُ من uxui_live_positions.tsv","المالية والخزينة"
129,FinRequests/finance_gateway.php,"الطلبات المالية","الطلبات المالية","Finance Gateway",—,"تعرض كل الطلبات المالية الواردة إلى الإدارة المالية بحالتها المشتقّة ومبلغها وإدارتها ومستفيدها ومنشئها وحدثها المالي. الغرض أن تكون نقطة الدخول الوحيدة للمالية فلا يصل طلبٌ من باب","المالية والخزينة","2 — العمليات","المعاملات المالية الواردة",350,"شاشةٌ مستقلة",1,"إدارة المالية","يُنقل إلى موضعِه المعياريّ",APPROVED,"مطابقةٌ دلاليةٌ بمراحلِ دورةِ الإدارةِ المالكة","زاويةُ نظرٍ لنفسِ البيانات مع: FinRequests/requests_reports.php",—,ACTIVE,—,"الطلبات المالية","العمل اليومي","من التصييرِ الحيِّ — يملؤه المبرمجُ من uxui_live_positions.tsv","المالية والخزينة"
130,FinRequests/request_form.php,"طلب مالي جديد","طلب مالي جديد","Request Form",—,"النموذج الموحّد لإنشاء الطلب المالي وتحريره ما دام مسودّةً أو معادًا: بياناته وبنوده بكمياتها وأسعارها ومستنداته المرفقة وخطّ زمنٍ لكل ما جرى عليه. الغرض أن يكون بابَ الإنشاء الوحي","المالية والخزينة","2 — العمليات",العمليات,900,"شاشةٌ مستقلة",11,"إدارة الصلاحيات · إدارة المشتريات · إدارة الموقع · إدارة الموقع (قديم — مدمج في 6) · إدارة النقل والترحيل · ادارة الاسطول · ادارة التشغيل · ادارة الصيانة · ادارة المبيعات · ادارة الموارد البشرية · ادارة الموردين","يُنقل إلى موضعِه المعياريّ",PENDING_OWNER,"مجلدُ المسارِ والتصنيفُ الوظيفيّ — يلزم تصديقٌ من الوثيقةِ المالكة",—,—,ACTIVE,—,"طلب مالي جديد","العمل اليومي","من التصييرِ الحيِّ — يملؤه المبرمجُ من uxui_live_positions.tsv","المالية والخزينة"
131,Finance/fin_ratios.php,"لوحة النسب المالية","لوحة النسب المالية","Fin Ratios",—,"تعرض لوحة النسب المالية للشركة: نسبُ السيولة والربحية والمديونية والنشاط مقارنةً بحدودها. الغرض قراءة الصحة المالية بأرقامٍ نسبيةٍ لا مطلقة. يستخدمها المدير المالي والإدارة التنفيذ","المالية والخزينة","2 — العمليات","القوائم المالية",1200,تقرير,1,"إدارة المخاطر","يبقى تقريرًا في المستوى ٤ + يُنقل إلى موضعِه المعياريّ",APPROVED,"دورةُ الإدارةِ المالكةِ في الحزمة",—,—,ACTIVE,—,"لوحة النسب المالية","شاشات مالية","من التصييرِ الحيِّ — يملؤه المبرمجُ من uxui_live_positions.tsv","المالية والخزينة"
132,Finance/fin_ratio_detail.php,"تفصيل نسبة مالية","تفصيل نسبة مالية","Fin Ratio Detail",—,"تفصّل نسبةً ماليةً واحدة: بسطُها ومقامُها ومصدرُ كلٍّ منهما واتجاهُها عبر الفترات. الغرض معرفة سببِ تحرّك النسبة لا رقمِها فقط. يستخدمها المدير المالي.","المالية والخزينة","2 — العمليات","القوائم المالية",1201,"شاشةٌ مستقلة",1,"إدارة المخاطر","يُنقل إلى موضعِه المعياريّ",APPROVED,"دورةُ الإدارةِ المالكةِ في الحزمة",—,—,ACTIVE,—,"تفصيل نسبة مالية","شاشات مالية","من التصييرِ الحيِّ — يملؤه المبرمجُ من uxui_live_positions.tsv","المالية والخزينة"
133,Finance/fin_ratio_targets.php,"حدود النسب وأهدافها","حدود النسب وأهدافها","Fin Ratio Targets",—,"تضبط حدود النسب المالية وأهدافها: الحدُّ الأدنى والأعلى والهدف لكل نسبة. الغرض أن يُقاس أداءُ النسبة على حدٍّ معتمدٍ لا على انطباع. يستخدمها المدير المالي.","المالية والخزينة","2 — العمليات","القوائم المالية",1202,"شاشةٌ مستقلة",1,"إدارة المخاطر","يُنقل إلى موضعِه المعياريّ",APPROVED,"دورةُ الإدارةِ المالكةِ في الحزمة",—,—,ACTIVE,—,"حدود النسب وأهدافها","شاشات مالية","من التصييرِ الحيِّ — يملؤه المبرمجُ من uxui_live_positions.tsv","المالية والخزينة"
134,Finance/fin_early_warning.php,"الإنذار المالي المبكر","الإنذار المالي المبكر","Fin Early Warning",—,"تعرض إشارات الإنذار المالي المبكر: النسبُ التي اقتربت من حدودها أو تجاوزتها قبل أن تتحوّل إلى أزمة. الغرض التنبيه قبل وقوع الخطر لا بعده. يستخدمها المدير المالي والإدارة التنفيذية.","المالية والخزينة","2 — العمليات","القوائم المالية",1203,منظر,1,"إدارة المخاطر","يُحوَّل منظرَ عملٍ محفوظًا + يُنقل إلى موضعِه المعياريّ",APPROVED,"دورةُ الإدارةِ المالكةِ في الحزمة",—,—,ACTIVE,—,"الإنذار المالي المبكر","شاشات مالية","من التصييرِ الحيِّ — يملؤه المبرمجُ من uxui_live_positions.tsv","المالية والخزينة"
135,Finance/fin_unit_economics.php,"ربحية المعدة الواحدة","ربحية المعدة الواحدة","Fin Unit Economics",—,"تعرض ربحية المعدة الواحدة: إيرادُها وتكاليفُها المباشرة وهامشُها. الغرض معرفة أيُّ معدةٍ تُدرّ وأيُّها تستنزف على مستوى الوحدة لا المحفظة. يستخدمها المدير المالي وإدارة الأسطول.","المالية والخزينة","2 — العمليات","القوائم المالية",1210,منظر,1,"إدارة المخاطر","يُحوَّل منظرَ عملٍ محفوظًا + يُنقل إلى موضعِه المعياريّ",APPROVED,"دورةُ الإدارةِ المالكةِ في الحزمة",—,—,ACTIVE,—,"ربحية المعدة الواحدة","شاشات مالية","من التصييرِ الحيِّ — يملؤه المبرمجُ من uxui_live_positions.tsv","المالية والخزينة"
136,Finance/fin_contract_margin.php,"هامش العقد ونموذج العمل","هامش العقد ونموذج العمل","Fin Contract Margin",—,"تعرض هامش العقد ونموذج العمل: إيرادُ كل عقدٍ وتكلفتُه وهامشُه بحسب نموذج تعاقده. الغرض معرفة أيُّ نماذج العمل أربحُ وأيُّ العقود يستنزف. يستخدمها المدير المالي وإدارة المبيعات.","المالية والخزينة","2 — العمليات","القوائم المالية",1211,منظر,1,"إدارة المخاطر","يُحوَّل منظرَ عملٍ محفوظًا + يُنقل إلى موضعِه المعياريّ",APPROVED,"دورةُ الإدارةِ المالكةِ في الحزمة",—,—,ACTIVE,—,"هامش العقد ونموذج العمل","شاشات مالية","من التصييرِ الحيِّ — يملؤه المبرمجُ من uxui_live_positions.tsv","المالية والخزينة"
137,Finance/fin_project_pl.php,"قائمة دخل المشروع","قائمة دخل المشروع","Fin Project Pl",—,"تعرض قائمة دخل المشروع: إيراداتُه ومصروفاتُه وصافي نتيجته. الغرض قراءة أداء كل مشروعٍ ماليًّا على حدة بدل نتيجةٍ إجماليةٍ واحدة. يستخدمها المدير المالي وإدارة التشغيل.","المالية والخزينة","2 — العمليات","القوائم المالية",1212,"تبويبٌ في ملفِّ الكيانِ الأم",1,"إدارة المخاطر","يُحوَّل تبويبًا في الملفِّ الأم + يُنقل إلى موضعِه المعياريّ",APPROVED,"دورةُ الإدارةِ المالكةِ في الحزمة",—,—,ACTIVE,—,"قائمة دخل المشروع","شاشات مالية","من التصييرِ الحيِّ — يملؤه المبرمجُ من uxui_live_positions.tsv","المالية والخزينة"
138,Finance/fin_cashflow_stmt.php,"قائمة التدفقات النقدية","قائمة التدفقات النقدية","Fin Cashflow Stmt",—,"تعرض قائمة التدفقات النقدية بأقسامها الثلاثة: التشغيلي والاستثماري والتمويلي. الغرض معرفة من أين جاء النقد وأين ذهب — لا الربح وحده. يستخدمها المدير المالي.","المالية والخزينة","2 — العمليات","القوائم المالية",1220,"شاشةٌ مستقلة",1,"إدارة المخاطر","يُنقل إلى موضعِه المعياريّ",APPROVED,"دورةُ الإدارةِ المالكةِ في الحزمة",—,—,ACTIVE,—,"قائمة التدفقات النقدية","شاشات مالية","من التصييرِ الحيِّ — يملؤه المبرمجُ من uxui_live_positions.tsv","المالية والخزينة"
139,Finance/fin_equity_stmt.php,"قائمة التغيرات في حقوق الملكية","قائمة التغيرات في حقوق الملكية","Fin Equity Stmt",—,"تعرض قائمة التغيرات في حقوق الملكية عبر الفترة. الغرض توثيق ما طرأ على حقوق الملاك من أرباحٍ محتجزةٍ وتوزيعاتٍ وزياداتِ رأس مال. يستخدمها المدير المالي.","المالية والخزينة","2 — العمليات","القوائم المالية",1221,"شاشةٌ مستقلة",1,"إدارة المخاطر","يُنقل إلى موضعِه المعياريّ",APPROVED,"دورةُ الإدارةِ المالكةِ في الحزمة",—,—,ACTIVE,—,"قائمة التغيرات في حقوق الملكية","شاشات مالية","من التصييرِ الحيِّ — يملؤه المبرمجُ من uxui_live_positions.tsv","المالية والخزينة"
140,Finance/fin_posting_matrix.php,"مصفوفة الترحيل من الإدارات","مصفوفة الترحيل من الإدارات","Fin Posting Matrix",—,"تعرض مصفوفة الترحيل من الإدارات: أيُّ واقعةٍ في أي إدارةٍ تُرحَّل إلى أي حساب. الغرض أن يكون التوجيه المحاسبي بياناتٍ معلنةً لا مدفونًا في الكود. يستخدمها المدير المالي.","المالية والخزينة","2 — العمليات","القوائم المالية",1230,"شاشةٌ مستقلة",1,"إدارة المخاطر","يُنقل إلى موضعِه المعياريّ",APPROVED,"دورةُ الإدارةِ المالكةِ في الحزمة",—,—,ACTIVE,—,"مصفوفة الترحيل من الإدارات","شاشات مالية","من التصييرِ الحيِّ — يملؤه المبرمجُ من uxui_live_positions.tsv","المالية والخزينة"
141,Finance/journal_form_fin.php,"القيود اليومية","القيود اليومية","Journal Form Fin",—,"تعرض القيود المحاسبية برأس القيد وسطوره (الحساب والمدين والدائن والبيان) وحالة توازنه. الغرض إثبات الواقعة المالية محاسبيًّا؛ ولا يُرحَّل قيدٌ إلا إذا تساوى مدينُه ودائنُه وكان له","المالية والخزينة","2 — العمليات","إقفال الفترة",1150,"شاشةٌ مستقلة",1,"إدارة المالية","يبقى كما هو",APPROVED,"مطابقةٌ دلاليةٌ بمراحلِ دورةِ الإدارةِ المالكة",—,—,ACTIVE,—,"القيود اليومية","القيود والدفاتر","من التصييرِ الحيِّ — يملؤه المبرمجُ من uxui_live_positions.tsv","المالية والخزينة"
142,Finance/management_accounting_fin.php,"دليل الحسابات ومراكز التكلفة","دليل الحسابات ومراكز التكلفة","Management Accounting Fin",—,"تعرض مراكز التكلفة والربح في شجرةٍ بمستوياتها وإداراتها، مع التخصيصات الداخلية والتسويات البينية بين المراكز وأساس كل تخصيصٍ ومبلغه. الغرض توزيع التكاليف المشتركة على مراكزها بعدلٍ","المالية والخزينة","2 — العمليات","التكلفة والإهلاك والهامش",950,"شاشةٌ مستقلة",1,"إدارة المالية","يبقى كما هو",APPROVED,"مطابقةٌ دلاليةٌ بمراحلِ دورةِ الإدارةِ المالكة",—,—,ACTIVE,—,"دليل الحسابات ومراكز التكلفة","القيود والدفاتر","من التصييرِ الحيِّ — يملؤه المبرمجُ من uxui_live_positions.tsv","المالية والخزينة"
143,Finance/unit_records_fin.php,"أحكام العميل والمورد والمشغّل","أحكام العميل والمورد والمشغّل","Unit Records Fin",—,"تعرض الوحدات التشغيلية اليومية بكمياتها الثلاث (تشغيل · عميل · مورد) وحالة تطابقها وهامش الوحدة وسبب التوقف. الغرض ألّا تُعتمد وحدةٌ ماليًّا قبل تطابق الكميات الثلاث؛ والاعتماد يول","المالية والخزينة","2 — العمليات","المتابعة والموافقات",900,"شاشةٌ مستقلة",5,"إدارة المالية · إدارة الموقع · إدارة الموقع (قديم — مدمج في 6) · ادارة الاسطول · ادارة التشغيل","يُنقل إلى موضعِه المعياريّ",PENDING_OWNER,"مجلدُ المسارِ والتصنيفُ الوظيفيّ — يلزم تصديقٌ من الوثيقةِ المالكة",—,—,ACTIVE,—,"أحكام العميل والمورد والمشغّل","العمل اليومي · المتابعة والموافقات","من التصييرِ الحيِّ — يملؤه المبرمجُ من uxui_live_positions.tsv","المالية والخزينة"
144,FinRequests/dept_inbox.php,"موافقات إدارتي","موافقات إدارتي","Dept Inbox",—,"تعرض صندوق الطلبات المالية الواردة لكل إدارةٍ بحالتها المشتقّة. الغرض أن يراجع رئيس الإدارة الطلب ويعتمده إداريًّا أو يرفضه أو يعيده لصاحبه قبل أن يغادر الإدارة. تستخدمها الإدارات","المالية والخزينة","2 — العمليات","المعاملات المالية الواردة",350,"شاشةٌ مستقلة",12,"إدارة الصلاحيات · إدارة المالية · إدارة المشتريات · إدارة الموقع · إدارة الموقع (قديم — مدمج في 6) · إدارة النقل والترحيل · ادارة الاسطول · ادارة التشغيل · ادارة الصيانة · ادارة المبيعات · ادارة الموارد البشرية · ادارة الموردين","يبقى كما هو",APPROVED,"مطابقةٌ دلاليةٌ بمراحلِ دورةِ الإدارةِ المالكة",—,—,ACTIVE,—,"موافقات إدارتي","المتابعة والموافقات","من التصييرِ الحيِّ — يملؤه المبرمجُ من uxui_live_positions.tsv","المالية والخزينة"
145,Contracts/client_statement.php,"كشف حساب العميل","كشف حساب العميل","Client Statement","نبدأ من العميلنسجّل العميلَ ومشروعَه وموقعَه قبلَ أيِّ عقد","تعرض كشف حساب العميل بطبقاته: مستخلصاتٌ وفواتيرُ وتحصيلاتٌ ومحتجزٌ ومقدمةٌ ورصيد، وكلُّ رقمٍ برابط مصدره. الغرض تسليم العميل كشفًا واحدًا يوافق سجلات النظام. تستخدمها إدارة المبيعا","المالية والخزينة","2 — العمليات","المستخلصات والذمم",820,"تبويبٌ في ملفِّ الكيانِ الأم",2,"إدارة المالية · ادارة المبيعات","يُحوَّل تبويبًا في الملفِّ الأم + يُنقل إلى موضعِه المعياريّ",APPROVED,"دورةُ الإدارةِ المالكةِ في الحزمة",—,—,ACTIVE,—,"كشف حساب العميل","العمل اليومي · نبدأ من العميلنسجّل العميلَ ومشروعَه وموقعَه قبلَ أيِّ عقد","من التصييرِ الحيِّ — يملؤه المبرمجُ من uxui_live_positions.tsv","المالية والخزينة"
146,Finance/ob_register.php,"سجل الالتزامات","سجل الالتزامات","Ob Register",—,"سجلّ الالتزامات المالية على الشركة بمصادرها وقيمها وآجالها. الغرض حصر ما التزمت به الشركة في سجلٍّ واحدٍ قبل أن يستحق. يستخدمها المدير المالي.","المالية والخزينة","2 — العمليات","المعاملات المالية الواردة",310,"شاشةٌ مستقلة",2,"إدارة المالية · المراجع الداخلي المستقل","يُنقل إلى موضعِه المعياريّ",APPROVED,"دورةُ الإدارةِ المالكةِ في الحزمة",—,—,ACTIVE,—,"سجل الالتزامات","العمل اليومي · سجل الالتزامات","من التصييرِ الحيِّ — يملؤه المبرمجُ من uxui_live_positions.tsv","المالية والخزينة"
147,Finance/ob_schedule.php,"جدول الاستحقاقات","جدول الاستحقاقات","Ob Schedule",—,"تعرض جدول استحقاقات الالتزامات بتواريخها ومبالغها. الغرض معرفة ما يستحق ومتى تمهيدًا لتدبير السيولة. يستخدمها المدير المالي.","المالية والخزينة","2 — العمليات","المعاملات المالية الواردة",311,"شاشةٌ مستقلة",2,"إدارة المالية · المراجع الداخلي المستقل","يُنقل إلى موضعِه المعياريّ",APPROVED,"دورةُ الإدارةِ المالكةِ في الحزمة",—,—,ACTIVE,—,"جدول الاستحقاقات","العمل اليومي · سجل الالتزامات","من التصييرِ الحيِّ — يملؤه المبرمجُ من uxui_live_positions.tsv","المالية والخزينة"
148,Finance/ob_commitments.php,"الملتزَم به وأثره في الموازنة","الملتزَم به وأثره في الموازنة","Ob Commitments",—,"تعرض الملتزَم به وأثره في الموازنة: ما حُجز من مخصّصات الموازنة بالتزاماتٍ قائمة. الغرض ألّا يُصرف من موازنةٍ ملتزَمٍ بها أصلًا. يستخدمها المدير المالي.","المالية والخزينة","2 — العمليات","المعاملات المالية الواردة",312,منظر,2,"إدارة المالية · المراجع الداخلي المستقل","يُحوَّل منظرَ عملٍ محفوظًا + يُنقل إلى موضعِه المعياريّ",APPROVED,"دورةُ الإدارةِ المالكةِ في الحزمة",—,—,ACTIVE,—,"الملتزَم به وأثره في الموازنة","العمل اليومي · سجل الالتزامات","من التصييرِ الحيِّ — يملؤه المبرمجُ من uxui_live_positions.tsv","المالية والخزينة"
149,Finance/ob_due_soon.php,"المستحق قريبًا والتذكيرات","المستحق قريبًا والتذكيرات","Ob Due Soon",—,"تعرض المستحق قريبًا وتذكيراته. الغرض التنبيه قبل حلول الأجل لا بعده. يستخدمها المدير المالي.","المالية والخزينة","2 — العمليات","المعاملات المالية الواردة",320,منظر,2,"إدارة المالية · المراجع الداخلي المستقل","يُحوَّل منظرَ عملٍ محفوظًا + يُنقل إلى موضعِه المعياريّ",APPROVED,"دورةُ الإدارةِ المالكةِ في الحزمة",—,—,ACTIVE,—,"المستحق قريبًا والتذكيرات","العمل اليومي · سجل الالتزامات","من التصييرِ الحيِّ — يملؤه المبرمجُ من uxui_live_positions.tsv","المالية والخزينة"
150,Finance/ob_overdue.php,"الالتزامات المتأخرة والذمم الدائنة","الالتزامات المتأخرة والذمم الدائنة","Ob Overdue",—,"تعرض الالتزامات المتأخرة والذمم الدائنة بأعمارها. الغرض كشف ما فات أجلُه ومتابعة سداده. يستخدمها المدير المالي.","المالية والخزينة","2 — العمليات","المعاملات المالية الواردة",321,منظر,2,"إدارة المالية · المراجع الداخلي المستقل","يُحوَّل منظرَ عملٍ محفوظًا + يُنقل إلى موضعِه المعياريّ",APPROVED,"دورةُ الإدارةِ المالكةِ في الحزمة",—,—,ACTIVE,—,"الالتزامات المتأخرة والذمم الدائنة","العمل اليومي · سجل الالتزامات","من التصييرِ الحيِّ — يملؤه المبرمجُ من uxui_live_positions.tsv","المالية والخزينة"
151,Finance/ob_horizon.php,"آفاق الالتزامات الثلاثة","آفاق الالتزامات الثلاثة","Ob Horizon",—,"تعرض آفاق الالتزامات الثلاثة (قصير · متوسط · طويل الأجل). الغرض قراءة توزيع الالتزامات زمنيًّا لا مجموعها فقط. يستخدمها المدير المالي.","المالية والخزينة","2 — العمليات","المعاملات المالية الواردة",322,منظر,2,"إدارة المالية · المراجع الداخلي المستقل","يُحوَّل منظرَ عملٍ محفوظًا + يُنقل إلى موضعِه المعياريّ",APPROVED,"دورةُ الإدارةِ المالكةِ في الحزمة",—,—,ACTIVE,—,"آفاق الالتزامات الثلاثة","العمل اليومي · سجل الالتزامات","من التصييرِ الحيِّ — يملؤه المبرمجُ من uxui_live_positions.tsv","المالية والخزينة"
152,Finance/ob_contingent.php,"الالتزامات المحتملة والإفصاح","الالتزامات المحتملة والإفصاح","Ob Contingent",—,"تعرض الالتزامات المحتملة وإفصاحها (كفالاتٌ ودعاوى واحتمالات). الغرض الإفصاح عمّا قد يصير التزامًا دون إدراجه في الميزانية. يستخدمها المدير المالي.","المالية والخزينة","2 — العمليات","المعاملات المالية الواردة",323,"شاشةٌ مستقلة",2,"إدارة المالية · المراجع الداخلي المستقل","يُنقل إلى موضعِه المعياريّ",APPROVED,"دورةُ الإدارةِ المالكةِ في الحزمة",—,—,ACTIVE,—,"الالتزامات المحتملة والإفصاح","العمل اليومي · سجل الالتزامات","من التصييرِ الحيِّ — يملؤه المبرمجُ من uxui_live_positions.tsv","المالية والخزينة"
153,Finance/variance_monitor_fin.php,"متابعة انحراف المنفَّذ عن المخطط","متابعة انحراف المنفَّذ عن المخطط","Variance Monitoring Fin",—,"تعرض بنود الميزانية التي انحرفت عن المخطّط بمقدار الانحراف ونسبته، وتتيح توثيق سببه والإجراء التصحيحي وتعيين مالكٍ له ونقل حالته من مفتوحٍ إلى قيد المعالجة إلى مغلق. الغرض ألّا يبق","المالية والخزينة","2 — العمليات","التكلفة والإهلاك والهامش",950,"شاشةٌ مستقلة",3,"إدارة المالية · ادارة التشغيل · ادارة المبيعات","يُنقل إلى موضعِه المعياريّ",APPROVED,"مطابقةٌ دلاليةٌ بمراحلِ دورةِ الإدارةِ المالكة",—,—,ACTIVE,—,"متابعة انحراف المنفَّذ عن المخطط","تقاريرُ المبيعاتمخاطرُ المبيعاتِ وحوكمتُها · متابعة الانحراف · متابعة وتقارير المالية","من التصييرِ الحيِّ — يملؤه المبرمجُ من uxui_live_positions.tsv","المالية والخزينة"
154,Finance/ctrl_quality_kpis.php,"مؤشرات جودة المحاسبة الاثنا عشر","مؤشرات جودة المحاسبة الاثنا عشر","Ctrl Quality Kpis",—,"تعرض مؤشرات جودة المحاسبة الاثني عشر. الغرض قياس جودة العمل المحاسبي بأرقامٍ لا بالانطباع. يستخدمها المدير المالي ورئيس الحسابات.","المالية والخزينة","4 — التقارير والتحليلات","إقفال الفترة",1150,تقرير,1,"المراجع الداخلي المستقل","يبقى تقريرًا في المستوى ٤",APPROVED,"مطابقةٌ دلاليةٌ بمراحلِ دورةِ الإدارةِ المالكة",—,—,ACTIVE,—,"مؤشرات جودة المحاسبة الاثنا عشر","الإشراف والجودة والحدود","من التصييرِ الحيِّ — يملؤه المبرمجُ من uxui_live_positions.tsv","المالية والخزينة"
155,Finance/acc_my_day.php,"مساحة عملي اليوم — محاسب التخصص","مساحة عملي اليوم — محاسب التخصص","Acc My Day",—,"مساحةُ عمل محاسب التخصص اليوم: ما وُجِّه إليه وما ينتظر إنجازه. الغرض أن يفتح المحاسب يومه على عمله هو لا على كل عمل المالية. يستخدمها محاسبو التخصصات.","المالية والخزينة","4 — التقارير والتحليلات","سجل الحركة المالية",1450,تقرير,1,"المراجع الداخلي المستقل","يبقى تقريرًا في المستوى ٤",APPROVED,"مطابقةٌ دلاليةٌ بمراحلِ دورةِ الإدارةِ المالكة",—,—,ACTIVE,—,"مساحة عملي اليوم — محاسب التخصص","التخصص والتوجيه","من التصييرِ الحيِّ — يملؤه المبرمجُ من uxui_live_positions.tsv","المالية والخزينة"
156,Finance/executive_dashboard_fin.php,"اللوحة التنفيذية","اللوحة التنفيذية","Executive Dashboard Fin",—,"تعرض اللوحة التنفيذية المالية مجمَّعةً: الربحية حسب المشروع والسيولة والذمم بأعمارها والانحراف عن الميزانية والتمويل وخط الاعتماد. الغرض إعطاء الإدارة العليا صورةً ماليةً شاملةً في","المالية والخزينة","4 — التقارير والتحليلات","القوائم المالية",1250,تقرير,1,"إدارة المالية","يبقى تقريرًا في المستوى ٤ + يُنقل إلى موضعِه المعياريّ",APPROVED,"مطابقةٌ دلاليةٌ بمراحلِ دورةِ الإدارةِ المالكة",—,—,ACTIVE,—,"اللوحة التنفيذية","العمل اليومي","من التصييرِ الحيِّ — يملؤه المبرمجُ من uxui_live_positions.tsv","المالية والخزينة"
157,FinRequests/requests_reports.php,"تقارير الطلبات المالية","تقارير الطلبات المالية","Requests Reports",—,"تعرض أربعة تقاريرَ عن الطلبات المالية: توزيعها بالحالة والنوع والإدارة، وأعمار الطلبات المفتوحة، والمعاد والمرفوض بأسبابه، وسجلّ طلبٍ كاملٍ بخطّ زمنه. الغرض قراءة أداء الدورة المال","المالية والخزينة","4 — التقارير والتحليلات","المعاملات المالية الواردة",350,تقرير,1,"إدارة المالية","يبقى تقريرًا في المستوى ٤ + يُنقل إلى موضعِه المعياريّ",APPROVED,"مطابقةٌ دلاليةٌ بمراحلِ دورةِ الإدارةِ المالكة","زاويةُ نظرٍ لنفسِ البيانات مع: FinRequests/finance_gateway.php",—,ACTIVE,—,"تقارير الطلبات المالية","العمل اليومي","من التصييرِ الحيِّ — يملؤه المبرمجُ من uxui_live_positions.tsv","المالية والخزينة"
158,Finance/cfo_daily_board_fin.php,"لوحة الإدارة","لوحة الإدارة — المالية","Cfo Daily Board Fin","لوحة الإدارة","تعرض عشر بطاقاتٍ تُقرأ في دقائق أول اليوم: النقد المتاح ومتحصّلات اليوم ومدفوعاته وصافي الأسبوع المتوقّع ووحدات أمس المعتمدة وهامش الوحدة والذمم المتأخرة والجاهز للصرف والانحرافات","المالية والخزينة","4 — التقارير والتحليلات","التقارير والتحليلات",900,تقرير,1,"إدارة المالية","يبقى تقريرًا في المستوى ٤ + يُنقل إلى موضعِه المعياريّ",PENDING_OWNER,"مجلدُ المسارِ والتصنيفُ الوظيفيّ — يلزم تصديقٌ من الوثيقةِ المالكة",—,—,ACTIVE,—,"لوحة الإدارة","العمل اليومي","من التصييرِ الحيِّ — يملؤه المبرمجُ من uxui_live_positions.tsv","المالية والخزينة"
159,Finance/supplier_statement_fin.php,"كشف حساب المورد الشهري","كشف حساب المورد الشهري","Supplier Statement Fin","نحاسبه ونصرفالتسوياتُ والمستحقاتُ وكشفُ حسابِه والسلفيات","تعرض كشف حساب موردٍ واحدٍ عن فترةٍ مختارة: بنوده له وعليه ومدفوعاته ووحداته المعتمدة بكمياتها وأسعار عقده وقيمة مستحقه، مع الصافي وحالة التسوية. الغرض تسليم المورد كشفًا واحدًا يوا","المالية والخزينة","4 — التقارير والتحليلات","المصروف والدفع",900,تقرير,2,"إدارة المالية · ادارة الموردين","يبقى تقريرًا في المستوى ٤ + يُنقل إلى موضعِه المعياريّ",PENDING_OWNER,"مجلدُ المسارِ والتصنيفُ الوظيفيّ — يلزم تصديقٌ من الوثيقةِ المالكة",—,—,ACTIVE,—,"كشف حساب المورد الشهري","المصروف والدفع · نحاسبه ونصرفالتسوياتُ والمستحقاتُ وكشفُ حسابِه والسلفيات","من التصييرِ الحيِّ — يملؤه المبرمجُ من uxui_live_positions.tsv","المالية والخزينة"
160,FinRequests/effect_map.php,"تتبّع الأثر من الواقعة إلى القيد","تتبّع الأثر من الواقعة إلى القيد","Effect Map",—,"تعرض سلسلة أثر الطلب المالي في الاتجاهين: من الطلب إلى حدثه المالي ثم إلى ما تفرّع عنه من قيودٍ ودفعاتٍ ومستحقات، ومن أي حدثٍ صعودًا إلى طلبه. الغرض تتبّع «أين ذهب هذا المبلغ» بخيط","المالية والخزينة","4 — التقارير والتحليلات","سجل الحركة المالية",1400,منظر,1,"إدارة المالية","يُحوَّل منظرَ عملٍ محفوظًا + يُنقل إلى موضعِه المعياريّ",APPROVED,"دورةُ الإدارةِ المالكةِ في الحزمة",—,—,ACTIVE,—,"تتبّع الأثر من الواقعة إلى القيد","متابعة وتقارير المالية","من التصييرِ الحيِّ — يملؤه المبرمجُ من uxui_live_positions.tsv","المالية والخزينة"
161,FinRequests/cycle_time_board.php,"زمن دورة الطلبات","زمن دورة الطلبات","Cycle Time Board",—,"تعرض زمن كل مرحلةٍ في دورة الطلب المالي — عدد مرات العبور ومتوسط المكوث وأقصاه — مع الالتزام بمهلة الاستحقاق وأعلى الاختناقات والتصعيدات المفتوحة بمستوياتها. الغرض كشف أين يتأخّر ا","المالية والخزينة","4 — التقارير والتحليلات","الاستحقاق وأحكام الأطراف",450,تقرير,1,"إدارة المالية","يبقى تقريرًا في المستوى ٤",APPROVED,"مطابقةٌ دلاليةٌ بمراحلِ دورةِ الإدارةِ المالكة",—,—,ACTIVE,—,"زمن دورة الطلبات","متابعة وتقارير المالية","من التصييرِ الحيِّ — يملؤه المبرمجُ من uxui_live_positions.tsv","المالية والخزينة"
162,Finance/ctrl_dept_propagation.php,"الأحكام المنتشرة على الإدارات الست عشرة","الأحكام المنتشرة على الإدارات الست عشرة","Ctrl Dept Propagation",—,"تعرض الأحكام المالية المنتشرة على الإدارات الست عشرة: أي قاعدةٍ ماليةٍ تسري على أي إدارة. الغرض ضمان اتساق القواعد عبر الإدارات. يستخدمها المدير المالي.","المالية والخزينة","5 — البيانات المرجعية","سجل الحركة المالية",1450,"شاشةٌ مستقلة",1,"المراجع الداخلي المستقل","يبقى كما هو",APPROVED,"مطابقةٌ دلاليةٌ بمراحلِ دورةِ الإدارةِ المالكة",—,—,ACTIVE,—,"الأحكام المنتشرة على الإدارات الست عشرة","الإشراف والجودة والحدود","من التصييرِ الحيِّ — يملؤه المبرمجُ من uxui_live_positions.tsv","المالية والخزينة"
163,Finance/ctrl_doc_registry.php,"سجل بنود الوثائق وتغطيتها","سجل بنود الوثائق وتغطيتها","Ctrl Doc Registry",—,"تعرض سجلّ بنود الوثائق المالية وتغطيتها في النظام. الغرض تتبّع أي بندٍ من الوثيقة المرجعية نُفِّذ وأيُّها لم يُنفَّذ بعد. يستخدمها المدير المالي.","المالية والخزينة","5 — البيانات المرجعية","سجل الحركة المالية",1450,"شاشةٌ مستقلة",1,"المراجع الداخلي المستقل","يبقى كما هو",APPROVED,"مطابقةٌ دلاليةٌ بمراحلِ دورةِ الإدارةِ المالكة",—,—,ACTIVE,—,"سجل بنود الوثائق وتغطيتها","الإشراف والجودة والحدود","من التصييرِ الحيِّ — يملؤه المبرمجُ من uxui_live_positions.tsv","المالية والخزينة"
164,Finance/maintenance_provision_fin.php,"مخصص الصيانة والعمرات","مخصص الصيانة والعمرات","Maintenance Provision Fin",—,"تعرض حقلًا واحدًا يملؤه المدير المالي: معدّل مخصّص الصيانة لكل ساعة تشغيلٍ فعلية، مع حالة الأثر ومصدره. الغرض ضبط سياسة احتساب مخصّص الصيانة الذي يُقيَّد تكلفةً على المعدة والمشروع","المالية والخزينة","5 — البيانات المرجعية","الإقفال والموازنة",900,"شاشةٌ مستقلة",1,"إدارة المالية","يبقى كما هو",PENDING_OWNER,"مجلدُ المسارِ والتصنيفُ الوظيفيّ — يلزم تصديقٌ من الوثيقةِ المالكة",—,—,ACTIVE,—,"مخصص الصيانة والعمرات","الإقفال والموازنة","من التصييرِ الحيِّ — يملؤه المبرمجُ من uxui_live_positions.tsv","المالية والخزينة"
165,Finance/accountants_fin.php,"المحاسبون والوحدات","المحاسبون والوحدات","Accountants Fin",—,"تعرض الوحدات المالية ومحاسبيها الموزَّعين على الإدارات، ولكل محاسبٍ إدارته المتبوعة ووحدته المالية وتخصّصه وحدّ مراجعته. الغرض تثبيت من يحاسب أي إدارةٍ وبأي سقف، فتُوجَّه الطلبات إ","المالية والخزينة","5 — البيانات المرجعية","سجل الحركة المالية",1450,"شاشةٌ مستقلة",1,"إدارة المالية","يُنقل إلى موضعِه المعياريّ",APPROVED,"مطابقةٌ دلاليةٌ بمراحلِ دورةِ الإدارةِ المالكة",—,—,ACTIVE,—,"المحاسبون والوحدات","العمل اليومي","من التصييرِ الحيِّ — يملؤه المبرمجُ من uxui_live_positions.tsv","المالية والخزينة"
166,Finance/operator_pay_policies_fin.php,"سياسات مستحقات المشغّلين","سياسات مستحقات المشغّلين","Operator Pay Policies Fin",—,"تعرض سياسات مستحقات المشغّلين: لكل مشغّلٍ نموذجُه وأساسُه ومعدّلُه وحدودُه وعملتُه ونطاقُه وسريانُه. الغرض احتساب مستحق المشغّل من كمية الأساس × معدّله مقصوصًا بالحدّين، والأخصُّ ن","المالية والخزينة","5 — البيانات المرجعية","البيانات المرجعية",900,"شاشةٌ مستقلة",1,"إدارة المالية","يُنقل إلى موضعِه المعياريّ",PENDING_OWNER,"مجلدُ المسارِ والتصنيفُ الوظيفيّ — يلزم تصديقٌ من الوثيقةِ المالكة",—,—,ACTIVE,—,"سياسات مستحقات المشغّلين","العمل اليومي","من التصييرِ الحيِّ — يملؤه المبرمجُ من uxui_live_positions.tsv","المالية والخزينة"
167,Finance/acc_specializations.php,"التخصصات المحاسبية العشرة","التخصصات المحاسبية العشرة","Acc Specializations",—,"تعرض التخصصات المحاسبية العشرة ونطاق كلٍّ منها. الغرض توزيع العمل المحاسبي على تخصّصاتٍ معلنةٍ بدل تكديسه على محاسبٍ واحد. يستخدمها المدير المالي.","المالية والخزينة","5 — البيانات المرجعية","سجل الحركة المالية",1450,"شاشةٌ مستقلة",1,"المراجع الداخلي المستقل","يبقى كما هو",APPROVED,"مطابقةٌ دلاليةٌ بمراحلِ دورةِ الإدارةِ المالكة",—,—,ACTIVE,—,"التخصصات المحاسبية العشرة","التخصص والتوجيه","من التصييرِ الحيِّ — يملؤه المبرمجُ من uxui_live_positions.tsv","المالية والخزينة"
168,Finance/acc_routing_matrix.php,"مصفوفة التوجيه لمحاسبي التخصصات","مصفوفة التوجيه لمحاسبي التخصصات","Acc Routing Matrix",—,"تعرض مصفوفة التوجيه لمحاسبي التخصصات: أي واقعةٍ تذهب لأي تخصص. الغرض توجيه العمل آليًّا بقاعدةٍ لا بالاجتهاد. يستخدمها المدير المالي.","المالية والخزينة","5 — البيانات المرجعية","سجل الحركة المالية",1450,"شاشةٌ مستقلة",1,"المراجع الداخلي المستقل","يبقى كما هو",APPROVED,"مطابقةٌ دلاليةٌ بمراحلِ دورةِ الإدارةِ المالكة",—,—,ACTIVE,—,"مصفوفة التوجيه لمحاسبي التخصصات","التخصص والتوجيه","من التصييرِ الحيِّ — يملؤه المبرمجُ من uxui_live_positions.tsv","المالية والخزينة"
169,Finance/currencies_fin.php,"أسعار الصرف","أسعار الصرف","Currencies Fin",—,"تعرض العملات المسجَّلة برموزها وحالتها وسعرها النافذ وتاريخ سريانه وتاريخ أسعارها، وما ينتظر سعرًا. الغرض ضبط أسعار الصرف التي تُحوَّل بها المبالغ إلى العملة الأساس؛ وكلُّ صفٍّ يُق","المالية والخزينة","5 — البيانات المرجعية","الخزينة والمطابقة",900,"شاشةٌ مستقلة",2,"إدارة التمويل · إدارة المالية","يُنقل إلى موضعِه المعياريّ",PENDING_OWNER,"مجلدُ المسارِ والتصنيفُ الوظيفيّ — يلزم تصديقٌ من الوثيقةِ المالكة",—,—,ACTIVE,—,"أسعار الصرف","الخزينة والمطابقة · متابعة وتقارير التمويل","من التصييرِ الحيِّ — يملؤه المبرمجُ من uxui_live_positions.tsv","المالية والخزينة"
170,Finance/accounts_fin.php,"الخزينة والصناديق","الخزينة والصناديق","Accounts Fin",—,"تعرض دليل الحسابات في شجرةٍ ذاتية المرجع (أصول · خصوم · حقوق ملكية · إيراد · مصروف) بكود كل حسابٍ واسمه وحسابه الأب وما إذا كان يقبل القيد مباشرةً. الغرض أن يكون الهيكل المحاسبي ال","المالية والخزينة","5 — البيانات المرجعية","الخزينة والمطابقة",900,"شاشةٌ مستقلة",1,"إدارة المالية","يبقى كما هو",PENDING_OWNER,"مجلدُ المسارِ والتصنيفُ الوظيفيّ — يلزم تصديقٌ من الوثيقةِ المالكة",—,—,ACTIVE,—,"الخزينة والصناديق","الخزينة والمطابقة","من التصييرِ الحيِّ — يملؤه المبرمجُ من uxui_live_positions.tsv","المالية والخزينة"
171,Finance/tre_authority_caps.php,"سقوف سلطة الالتزام والدفع","سقوف سلطة الالتزام والدفع","Tre Authority Caps",—,"تعرض سقوف سلطة الالتزام والدفع لكل دور. الغرض ألّا يلتزم أو يدفع أحدٌ فوق سقفه المعتمد. يستخدمها المدير المالي.","المالية والخزينة","5 — البيانات المرجعية","السقوف وفصل الواجبات",900,"شاشةٌ مستقلة",2,"المدير المالي · المراجع الداخلي المستقل","يبقى كما هو",PENDING_OWNER,"مجلدُ المسارِ والتصنيفُ الوظيفيّ — يلزم تصديقٌ من الوثيقةِ المالكة",—,—,ACTIVE,—,"سقوف سلطة الالتزام والدفع","السقوف وفصل الواجبات","من التصييرِ الحيِّ — يملؤه المبرمجُ من uxui_live_positions.tsv","المالية والخزينة"
172,Finance/tre_cycle_stages.php,"مراحل دورتي الدفع والقبض","مراحل دورتي الدفع والقبض","Tre Cycle Stages",—,"تعرض مراحل دورتَي الدفع والقبض بترتيبها ومسؤول كل مرحلة. الغرض أن تكون دورة المال معلنةً مرحلةً مرحلة لا ضمنيةً في الكود. يستخدمها المدير المالي وأمين الخزينة.","المالية والخزينة","5 — البيانات المرجعية","السقوف وفصل الواجبات",900,"شاشةٌ مستقلة",1,"المراجع الداخلي المستقل","يبقى كما هو",PENDING_OWNER,"مجلدُ المسارِ والتصنيفُ الوظيفيّ — يلزم تصديقٌ من الوثيقةِ المالكة",—,—,ACTIVE,—,"مراحل دورتي الدفع والقبض","السقوف وفصل الواجبات","من التصييرِ الحيِّ — يملؤه المبرمجُ من uxui_live_positions.tsv","المالية والخزينة"
173,Finance/ctrl_authority_limits.php,"الحدود الصريحة — ما لا يملكه كل دور","الحدود الصريحة — ما لا يملكه كل دور","Ctrl Authority Limits",—,"تعرض الحدود الصريحة — ما لا يملكه كل دورٍ ماليٍّ صراحةً. الغرض إعلانُ الممنوع لا المسموح فقط، فتنغلق الثغرات الضمنية. يستخدمها المدير المالي وإدارة الصلاحيات.","المالية والخزينة","6 — الإعدادات","الإشراف والجودة والحدود",900,"شاشةٌ مستقلة",1,"المراجع الداخلي المستقل","يبقى كما هو",PENDING_OWNER,"مجلدُ المسارِ والتصنيفُ الوظيفيّ — يلزم تصديقٌ من الوثيقةِ المالكة",—,—,ACTIVE,—,"الحدود الصريحة — ما لا يملكه كل دور","الإشراف والجودة والحدود","من التصييرِ الحيِّ — يملؤه المبرمجُ من uxui_live_positions.tsv","المالية والخزينة"
174,Finance/ctrl_role_migration.php,"ترحيل الأدوار المالية القديمة","ترحيل الأدوار المالية القديمة","Ctrl Role Migration",—,"تدير ترحيل الأدوار المالية القديمة إلى البنية الجديدة. الغرض نقلُ المستخدمين من الأدوار القديمة إلى أدوار التخصصات بلا فقدان صلاحية. يستخدمها المدير المالي وإدارة الصلاحيات.","المالية والخزينة","6 — الإعدادات","سجل الحركة المالية",1450,"شاشةٌ مستقلة",1,"المراجع الداخلي المستقل","يبقى كما هو",APPROVED,"مطابقةٌ دلاليةٌ بمراحلِ دورةِ الإدارةِ المالكة",—,—,ACTIVE,—,"ترحيل الأدوار المالية القديمة","الإشراف والجودة والحدود","من التصييرِ الحيِّ — يملؤه المبرمجُ من uxui_live_positions.tsv","المالية والخزينة"
175,Finance/tre_unit_roles.php,"الأدوار الثمانية داخل وحدة الخزينة","الأدوار الثمانية داخل وحدة الخزينة","Tre Unit Roles",—,"تعرض الأدوار الثمانية داخل وحدة الخزينة ومسؤوليات كلٍّ منها. الغرض توزيع عمل الخزينة على أدوارٍ محدَّدةٍ لا على أشخاص. يستخدمها المدير المالي.","المالية والخزينة","6 — الإعدادات","سجل الحركة المالية",1450,"شاشةٌ مستقلة",1,"المراجع الداخلي المستقل","يبقى كما هو",APPROVED,"مطابقةٌ دلاليةٌ بمراحلِ دورةِ الإدارةِ المالكة",—,—,ACTIVE,—,"الأدوار الثمانية داخل وحدة الخزينة","السقوف وفصل الواجبات","من التصييرِ الحيِّ — يملؤه المبرمجُ من uxui_live_positions.tsv","المالية والخزينة"
176,Finance/tre_sod_matrix.php,"مصفوفة فصل الواجبات الثلاثة عشر","مصفوفة فصل الواجبات الثلاثة عشر","Tre Sod Matrix",—,"تعرض مصفوفة فصل الواجبات الثلاثة عشر: أي فعلين لا يجوز أن يجتمعا في يدٍ واحدة. الغرض منع تعارض المصالح بنيويًّا لا بالثقة. يستخدمها المدير المالي وإدارة الصلاحيات.","المالية والخزينة","6 — الإعدادات","السقوف وفصل الواجبات",900,"شاشةٌ مستقلة",1,"المراجع الداخلي المستقل","يبقى كما هو",PENDING_OWNER,"مجلدُ المسارِ والتصنيفُ الوظيفيّ — يلزم تصديقٌ من الوثيقةِ المالكة",—,—,ACTIVE,—,"مصفوفة فصل الواجبات الثلاثة عشر","السقوف وفصل الواجبات","من التصييرِ الحيِّ — يملؤه المبرمجُ من uxui_live_positions.tsv","المالية والخزينة"
177,Workforce/worker_evaluation.php,"تقييم أداء العاملين","تقييم أداء العاملين","Worker Evaluation",—,"تعرض تقييمات العاملين وحوافزهم وجزاءاتهم بفترتها ونوعها ومبلغها وحالتها، ولكل تقييمٍ بنودُ مؤشّرات أداءٍ بأوزانها ودرجاتها تُحتسب منها الدرجة الإجمالية كمتوسطٍ موزون. الغرض ربط الح","الموارد البشرية","2 — العمليات","إنهاء الخدمة",800,"شاشةٌ مستقلة",1,"ادارة الموارد البشرية","يُنقل إلى موضعِه المعياريّ",APPROVED,"دورةُ الإدارةِ المالكةِ في الحزمة",—,—,ACTIVE,—,"تقييم أداء العاملين","التقييم والتصفية","من التصييرِ الحيِّ — يملؤه المبرمجُ من uxui_live_positions.tsv","الموارد البشرية"
178,Workforce/final_settlement.php,"تصفية إنهاء خدمة موظف / تصفية إنهاء خدمة الموظف","تصفية إنهاء خدمة موظف","Final Settlement","تصفية إنهاء خدمة موظف / تصفية إنهاء خدمة الموظف","تعرض معالج تصفية إنهاء خدمة الموظف: بنود التصفية محسوبةً من لقطة عقده بقاعدتَي نهاية الخدمة والإجازة، والرصيدَ الصافي بعد المقاصّة، ومرفقاتِ الإخلاء. الغرض إنهاء الخدمة برقمٍ محسوب","الموارد البشرية","2 — العمليات","إنهاء الخدمة",810,"شاشةٌ مستقلة",2,"إدارة المالية · ادارة الموارد البشرية","يُنقل إلى موضعِه المعياريّ",APPROVED,"دورةُ الإدارةِ المالكةِ في الحزمة",—,—,ACTIVE,—,"تصفية إنهاء خدمة موظف / تصفية إنهاء خدمة الموظف","التقييم والتصفية · العمل اليومي","من التصييرِ الحيِّ — يملؤه المبرمجُ من uxui_live_positions.tsv","الموارد البشرية"
179,Employees/employee_contracts.php,"عقود الموظفين","عقود الموظفين","Employee Contracts",—,"تعرض عقود الموظفين والسائقين بأرقامها ومشاريعها وعقد المشروع المرتبط بها وتواريخها وأطرافها وساعاتها وبدلاتها وقيمها. الغرض تسجيل التعاقد مع العامل وربطه بعقد المشروع الذي يعمل تحت","الموارد البشرية","2 — العمليات","ملف الموظف وعقوده",350,"شاشةٌ مستقلة",1,"ادارة الموارد البشرية","يبقى كما هو",APPROVED,"مطابقةٌ دلاليةٌ بمراحلِ دورةِ الإدارةِ المالكة",—,—,ACTIVE,—,"عقود الموظفين","التعاقد والمباشرة","من التصييرِ الحيِّ — يملؤه المبرمجُ من uxui_live_positions.tsv","الموارد البشرية"
180,Workforce/op_monthly.php,"الأداء الشهري للمشغّل","الأداء الشهري للمشغّل","Op Monthly",—,"تعرض الكشف الشهري للمشغّلين بساعاتهم ومستحقاتهم. الغرض تجميع أداء المشغّل شهريًّا تمهيدًا لاحتساب مستحقه. تستخدمها إدارة الموارد البشرية.","الموارد البشرية","2 — العمليات","التكليف والأداء",410,"شاشةٌ مستقلة",2,"ادارة الموارد البشرية · القوى التشغيلية","يُنقل إلى موضعِه المعياريّ",APPROVED,"دورةُ الإدارةِ المالكةِ في الحزمة",—,—,ACTIVE,—,"الأداء الشهري للمشغّل","الأداء والاستحقاق · القوى الميدانية","من التصييرِ الحيِّ — يملؤه المبرمجُ من uxui_live_positions.tsv","الموارد البشرية"
181,Operations/attendance.php,"الحضور والانصراف","الحضور والانصراف",Attendance,—,"تسجّل حضور العاملين وغيابهم في الموقع يوميًّا. الغرض إثبات الحضور الذي تُبنى عليه الأجور والمستحقات. تستخدمها إدارة الموقع والموارد البشرية.","الموارد البشرية","2 — العمليات","الحضور والانصراف",500,"شاشةٌ مستقلة",3,"إدارة الموقع · ادارة الموارد البشرية · القوى التشغيلية","يُنقل إلى موضعِه المعياريّ",APPROVED,"دورةُ الإدارةِ المالكةِ في الحزمة",—,—,ACTIVE,—,"الحضور والانصراف","الحضور والإجازات · الوردية والتناوب التبادلي · سجلات الموقع","من التصييرِ الحيِّ — يملؤه المبرمجُ من uxui_live_positions.tsv","الموارد البشرية"
182,Employees/employees.php,"الموظفون / سجل الموظفين","سجل الموظفين",Employees,"الموظفون / سجل الموظفين","تعرض سجلّ الموظفين بكود كل موظفٍ ونوعه واسمه ومورّده ومشروعه وعدد عقوده وحالته، مجمَّعةً في مجموعاتٍ قابلة للطيّ. الغرض أن تكون المصدر الوحيد لهوية العامل الذي تُنسب إليه العقود وا","الموارد البشرية","2 — العمليات","ملف الموظف وعقوده",300,"شاشةٌ مستقلة",2,"ادارة التشغيل · ادارة الموارد البشرية","يُنقل إلى موضعِه المعياريّ",APPROVED,"دورةُ الإدارةِ المالكةِ في الحزمة",—,—,ACTIVE,—,"الموظفون / سجل الموظفين","التعاقد والمباشرة · السجلات الرئيسية","من التصييرِ الحيِّ — يملؤه المبرمجُ من uxui_live_positions.tsv","الموارد البشرية"
183,Employees/equipment_operators.php,"سجل المشغّلين","سجل المشغّلين","Equipment Operators","نتابع تنفيذَهما استهلكه من حصتِه وما نفّذه فعلًا","تعرض السائقين والمشغّلين — وهم موظفون يحملون إضافةً بيانات الرخصة والتشغيل: رقم الرخصة وفئتها وتاريخ انتهائها وصلاحيتها. الغرض فصل من يُسمح له بقيادة المعدات وتنبيه انتهاء الرخص. ت","الموارد البشرية","3 — المعاملات والسجلات","التكليف والأداء",450,"شاشةٌ مستقلة",5,"إدارة الموقع · إدارة النقل والترحيل · ادارة الموارد البشرية · ادارة الموردين · القوى التشغيلية","يُنقل إلى موضعِه المعياريّ",APPROVED,"مطابقةٌ دلاليةٌ بمراحلِ دورةِ الإدارةِ المالكة",—,—,ACTIVE,—,"سجل المشغّلين","إصدار أمر الترحيل · السجل والتكويد والتعاقد · القوى الميدانية · تجهيز الموارداعتمادُ مديرِ الموقعِ ومحاسبِ الموقعِ معًا · نتابع تنفيذَهما استهلكه من حصتِه وما نفّذه فعلًا","من التصييرِ الحيِّ — يملؤه المبرمجُ من uxui_live_positions.tsv","الموارد البشرية"
184,Employees/employee_roles.php,"الأدوار الوظيفية","الأدوار الوظيفية","Employee Roles",—,"تعرض أدوار الموظفين التنظيمية (فنّي · مشرف · مساعد …) بوصفها وعدد الموظفين في كل دور ونطاقه وحالته. الغرض توحيد التصنيف التنظيمي للعمالة الذي تُبنى عليه أسطر العمالة والتكلفة. تستخ","الموارد البشرية","5 — البيانات المرجعية","البيانات المرجعية",900,"شاشةٌ مستقلة",1,"ادارة الموارد البشرية","يُنقل إلى موضعِه المعياريّ",PENDING_OWNER,"مجلدُ المسارِ والتصنيفُ الوظيفيّ — يلزم تصديقٌ من الوثيقةِ المالكة",—,—,ACTIVE,—,"الأدوار الوظيفية","العمل اليومي","من التصييرِ الحيِّ — يملؤه المبرمجُ من uxui_live_positions.tsv","الموارد البشرية"
185,Employees/job_titles.php,"المسميات الوظيفية","المسميات الوظيفية","Job Titles",—,"تعرض المسمّيات الوظيفية بوصفها وعدد الموظفين في كل مسمّى ونطاقه وما إذا كان المسمّى مشغّلًا للمعدات. الغرض توحيد المسمّى الوظيفي بدل كتابته نصًّا حرًّا في كل سجل. تستخدمها إدارة ال","الموارد البشرية","5 — البيانات المرجعية","البيانات المرجعية",900,"شاشةٌ مستقلة",1,"ادارة الموارد البشرية","يُنقل إلى موضعِه المعياريّ",PENDING_OWNER,"مجلدُ المسارِ والتصنيفُ الوظيفيّ — يلزم تصديقٌ من الوثيقةِ المالكة",—,—,ACTIVE,—,"المسميات الوظيفية","العمل اليومي","من التصييرِ الحيِّ — يملؤه المبرمجُ من uxui_live_positions.tsv","الموارد البشرية"
186,Contracts/collections.php,"ذمم العملاء وأعمارها","ذمم العملاء وأعمارها",Collections,"نفوتر ونحصّلالمستخلصُ ثم الفاتورةُ ثم قبولُ العميل","تعرض ذمم العملاء بأعمارها ملوَّنةً ومبلغها والمحصَّل والمتبقّي، مع تسجيل القبض بمرجعٍ إلزاميٍّ وتخصيصِ الدفعة على الفواتير ظاهرًا. الغرض متابعة التحصيل بموعدٍ تالٍ لكل ذمّة؛ والتحص","المبيعات والعقود","2 — العمليات","العملاء والفرص",150,"شاشةٌ مستقلة",2,"إدارة المالية · ادارة المبيعات","يُنقل إلى موضعِه المعياريّ",APPROVED,"مطابقةٌ دلاليةٌ بمراحلِ دورةِ الإدارةِ المالكة",—,—,ACTIVE,—,"ذمم العملاء وأعمارها","الإيراد والفوترة · نفوتر ونحصّلالمستخلصُ ثم الفاتورةُ ثم قبولُ العميل","من التصييرِ الحيِّ — يملؤه المبرمجُ من uxui_live_positions.tsv","المبيعات والعقود"
187,Clients/contract_amendments.php,"ملاحق العقود وتجديداتها","ملاحق العقود وتجديداتها","Contract Amendments","نوقّع العقدالعقدُ وأحكامُه وجزاءاتُه وآلياتُ تعديلِ سعره","تعرض ملاحق العقود وتجديداتها: كود الملحق ورقم العقد ونوع التعديل وتاريخه وأثره على السعر وعلى المدة. الغرض توثيق كل تغييرٍ يطرأ على عقدٍ موقَّع في سجلٍّ واحد؛ والصفوف هنا إسقاطٌ آل","المبيعات والعقود","2 — العمليات","التجديد والإقفال",700,"شاشةٌ مستقلة",1,"ادارة المبيعات","يُنقل إلى موضعِه المعياريّ",APPROVED,"دورةُ الإدارةِ المالكةِ في الحزمة",—,—,ACTIVE,—,"ملاحق العقود وتجديداتها","نوقّع العقدالعقدُ وأحكامُه وجزاءاتُه وآلياتُ تعديلِ سعره","من التصييرِ الحيِّ — يملؤه المبرمجُ من uxui_live_positions.tsv","المبيعات والعقود"
188,Clients/contract_events.php,"سجل حركة العقد","سجل حركة العقد","Contract Events","نوقّع العقدالعقدُ وأحكامُه وجزاءاتُه وآلياتُ تعديلِ سعره","تعرض خطًّا زمنيًّا لأحداث كل عقد: نوع الحدث والطرف المعني وتاريخه وحالته. الغرض متابعة ما جرى على العقد منذ توقيعه — إشعاراتٍ ومطالباتٍ وإنجازاتٍ ومخالفات — في سردٍ واحدٍ مرتَّب. ت","المبيعات والعقود","2 — العمليات","التجديد والإقفال",701,"شاشةٌ مستقلة",1,"ادارة المبيعات","يُنقل إلى موضعِه المعياريّ",APPROVED,"دورةُ الإدارةِ المالكةِ في الحزمة",—,—,ACTIVE,—,"سجل حركة العقد","نوقّع العقدالعقدُ وأحكامُه وجزاءاتُه وآلياتُ تعديلِ سعره","من التصييرِ الحيِّ — يملؤه المبرمجُ من uxui_live_positions.tsv","المبيعات والعقود"
189,Contracts/unit_client_match.php,"مطابقةُ العميلِ على الوحدات","مطابقة بيانات العميل","Unit Client Match","إضافاتُ المالك · مطابقةُ العميلِ على الوحدات","تطابق وحدات العميل: ما سجّله التشغيل مقابل ما يعتمده العميل. الغرض حسم فروق الكميات قبل الفوترة. تستخدمها إدارة المبيعات. (بحاجة لتأكيد — الملف بلا تعليق رأس.)","المبيعات والعقود","2 — العمليات","التنفيذ التعاقدي",500,"تبويبٌ في ملفِّ الكيانِ الأم",1,"ادارة المبيعات","يُحوَّل تبويبًا في الملفِّ الأم + يُعاد تسميتُه + يُنقل إلى موضعِه المعياريّ",APPROVED,"دورةُ الإدارةِ المالكةِ في الحزمة",—,—,ACTIVE,—,"مطابقةُ العميلِ على الوحدات","إضافاتُ المالك","من التصييرِ الحيِّ — يملؤه المبرمجُ من uxui_live_positions.tsv","المبيعات والعقود"
190,Contracts/unit_statement_client.php,"كشفُ وحداتِ العميل","كشف التايم شيت — العميل","Unit Statement Client","إضافاتُ المالك · كشفُ وحداتِ العميل","تعرض كشف وحدات العميل: الكميات المعتمدة له بالفترة ومقابلها. الغرض تسليم العميل كشفًا بالوحدات قبل المستخلص. تستخدمها إدارة المبيعات. (بحاجة لتأكيد — الملف بلا تعليق رأس.)","المبيعات والعقود","2 — العمليات","التنفيذ التعاقدي",502,منظر,1,"ادارة المبيعات","يُحوَّل منظرَ عملٍ محفوظًا + يُعاد تسميتُه + يُنقل إلى موضعِه المعياريّ",APPROVED,"دورةُ الإدارةِ المالكةِ في الحزمة","زاويةُ نظرٍ لنفسِ البيانات مع: Suppliers/unit_statement_supplier.php",—,ACTIVE,—,"كشفُ وحداتِ العميل","إضافاتُ المالك","من التصييرِ الحيِّ — يملؤه المبرمجُ من uxui_live_positions.tsv","المبيعات والعقود"
191,Opportunities/opportunities.php,"الفرص والزيارات والمناقصات","الفرص والزيارات والمناقصات",Opportunities,"نبدأ من العميلنسجّل العميلَ ومشروعَه وموقعَه قبلَ أيِّ عقد","تعرض مسار الفرص البيعية بكودها وعنوانها وعميلها وقطاعها ومرحلتها وقيمتها التقديرية واحتمال إغلاقها، ولكل فرصةٍ أنواع المعدات المطلوبة وأعدادها. الغرض متابعة الفرصة من نشأتها حتى تح","المبيعات والعقود","2 — العمليات","العروض والتسعير",200,"شاشةٌ مستقلة",1,"ادارة المبيعات","يُنقل إلى موضعِه المعياريّ",APPROVED,"دورةُ الإدارةِ المالكةِ في الحزمة",—,—,ACTIVE,—,"الفرص والزيارات والمناقصات","نبدأ من العميلنسجّل العميلَ ومشروعَه وموقعَه قبلَ أيِّ عقد","من التصييرِ الحيِّ — يملؤه المبرمجُ من uxui_live_positions.tsv","المبيعات والعقود"
192,Clients/quotations.php,"عروض الأسعار للعملاء","عروض الأسعار للعملاء",Quotations,"نتفاوض ونسعّرالفرصةُ ثم العرضُ ثم قوائمُ الأسعار","تعرض عروض الأسعار المقدَّمة للعملاء بقيمتها وتاريخ صلاحيتها وحالتها والفرصة المرتبطة بها. الغرض متابعة العرض من إصداره حتى قبوله أو انتهاء صلاحيته ومعرفة ما ينتظر ردَّ العميل. تستخ","المبيعات والعقود","2 — العمليات","العروض والتسعير",201,"شاشةٌ مستقلة",1,"ادارة المبيعات","يُنقل إلى موضعِه المعياريّ",APPROVED,"دورةُ الإدارةِ المالكةِ في الحزمة",—,—,ACTIVE,—,"عروض الأسعار للعملاء","نتفاوض ونسعّرالفرصةُ ثم العرضُ ثم قوائمُ الأسعار","من التصييرِ الحيِّ — يملؤه المبرمجُ من uxui_live_positions.tsv","المبيعات والعقود"
193,Clients/pricelists.php,"قوائم التسعير المعتمدة","قوائم التسعير المعتمدة",Pricelists,"نتفاوض ونسعّرالفرصةُ ثم العرضُ ثم قوائمُ الأسعار","تعرض قوائم ونماذج التسعير المعتمدة بكودها واسمها ونموذجها وعملتها وسعرها الأساس. الغرض توحيد الأسعار التي تُبنى عليها العروض فلا يسعّر كلُّ موظفٍ باجتهاده. تستخدمها إدارة المبيعات","المبيعات والعقود","2 — العمليات","العروض والتسعير",202,"شاشةٌ مستقلة",1,"ادارة المبيعات","يُنقل إلى موضعِه المعياريّ",APPROVED,"دورةُ الإدارةِ المالكةِ في الحزمة",—,—,ACTIVE,—,"قوائم التسعير المعتمدة","نتفاوض ونسعّرالفرصةُ ثم العرضُ ثم قوائمُ الأسعار","من التصييرِ الحيِّ — يملؤه المبرمجُ من uxui_live_positions.tsv","المبيعات والعقود"
194,Clients/products.php,"كتالوج الخدمات وبنود البيع","كتالوج الخدمات وبنود البيع",Products,"نتفاوض ونسعّرالفرصةُ ثم العرضُ ثم قوائمُ الأسعار","تعرض كتالوج ما تبيعه الشركة من منتجاتٍ وخدمات: الكود والاسم والنوع ونموذج الإيراد ووحدة القياس والسعر المرجعي. الغرض توحيد ما يُعرض على العملاء وربط كل بندٍ بنموذج إيراده ووحدة قيا","المبيعات والعقود","2 — العمليات","العروض والتسعير",203,"شاشةٌ مستقلة",1,"ادارة المبيعات","يُنقل إلى موضعِه المعياريّ",APPROVED,"دورةُ الإدارةِ المالكةِ في الحزمة",—,—,ACTIVE,—,"كتالوج الخدمات وبنود البيع","نتفاوض ونسعّرالفرصةُ ثم العرضُ ثم قوائمُ الأسعار","من التصييرِ الحيِّ — يملؤه المبرمجُ من uxui_live_positions.tsv","المبيعات والعقود"
195,Portal/business_models.php,"نماذج العمل ووحدات القياس","نماذج العمل ووحدات القياس","Business Models","نتفاوض ونسعّرالفرصةُ ثم العرضُ ثم قوائمُ الأسعار · نوقّع عقدَهمعداتُه وخطتُه وطاقتُه ومهلةُ إحلاله","تعرض نماذج العمل ووحدات القياس المعتمدة في الشركة. الغرض توحيد نموذج العمل الذي تُبنى عليه العقود والتسعير والقياس. تستخدمها الإدارة التنفيذية.","المبيعات والعقود","2 — العمليات","العروض والتسعير",204,"شاشةٌ مستقلة",3,"ادارة المبيعات · ادارة الموردين · الإدارة التنفيذية","يُنقل إلى موضعِه المعياريّ",APPROVED,"دورةُ الإدارةِ المالكةِ في الحزمة",—,—,ACTIVE,—,"نماذج العمل ووحدات القياس","نتفاوض ونسعّرالفرصةُ ثم العرضُ ثم قوائمُ الأسعار · نماذج العمل والحدود · نوقّع عقدَهمعداتُه وخطتُه وطاقتُه ومهلةُ إحلاله","من التصييرِ الحيِّ — يملؤه المبرمجُ من uxui_live_positions.tsv","المبيعات والعقود"
196,Clients/units_of_measure.php,"وحدات القياس والتحويل","وحدات القياس والتحويل","Units Of Measure","نتفاوض ونسعّرالفرصةُ ثم العرضُ ثم قوائمُ الأسعار","تعرض وحدات القياس المعتمدة (ساعة · متر مكعب · طن …) برمزها وفئتها ومعامل تحويلها. الغرض توحيد وحدة القياس بين العقد والتشغيل والمطالبة المالية فلا تُقاس الكمية الواحدة بوحدتين مختل","المبيعات والعقود","2 — العمليات","العروض والتسعير",205,"شاشةٌ مستقلة",1,"ادارة المبيعات","يُنقل إلى موضعِه المعياريّ",APPROVED,"دورةُ الإدارةِ المالكةِ في الحزمة",—,—,ACTIVE,—,"وحدات القياس والتحويل","نتفاوض ونسعّرالفرصةُ ثم العرضُ ثم قوائمُ الأسعار","من التصييرِ الحيِّ — يملؤه المبرمجُ من uxui_live_positions.tsv","المبيعات والعقود"
197,Contracts/contracts.php,"عقود العملاء / حصص الموردين والتغطية","عقود العملاء",Contracts,"عقود العملاء / حصص الموردين والتغطية · نوقّع العقدالعقدُ وأحكامُه وجزاءاتُه وآلياتُ تعديلِ سعره","تعرض قائمة عقود المشاريع بأرقامها ومشاريعها وتواريخ توقيعها وبداية ونهاية تنفيذها وأطرافها وشهودها وأهداف ساعاتها وعملتها وقيمها وحالتها. الغرض إنشاء العقد وتحرير بنوده وأسطر معدات","المبيعات والعقود","2 — العمليات",العقود,300,"شاشةٌ مستقلة",5,"إدارة المالية · إدارة الموقع · ادارة التشغيل · ادارة المبيعات · ادارة الموردين","يُعاد تسميتُه + يُنقل إلى موضعِه المعياريّ",APPROVED,"دورةُ الإدارةِ المالكةِ في الحزمة","رأسٌ/بنودٌ مع Contracts/contract_lines.php — متكاملتان",—,ACTIVE,—,"عقود العملاء / حصص الموردين والتغطية","الإيراد والفوترة · السجلات الرئيسية · خطة الشهر · سجلات الموقع · نوقّع العقدالعقدُ وأحكامُه وجزاءاتُه وآلياتُ تعديلِ سعره","من التصييرِ الحيِّ — يملؤه المبرمجُ من uxui_live_positions.tsv","المبيعات والعقود"
198,Contracts/penalties.php,"احتساب الجزاءات والحوافز / الجزاءات والحوافز التعاقدية","الجزاءات والحوافز التعاقدية",Penalties,"احتساب الجزاءات والحوافز / الجزاءات والحوافز التعاقدية · نفوتر ونحصّلالمستخلصُ ثم الفاتورةُ ثم قبولُ العميل","تعرض احتساب الجزاءات والحوافز: كل بندٍ باسمه ومعادلته ومرجعه — الملتزَم والمنفَّذ والفارق والأساس والمبلغ قبل السقف وبعده. الغرض ألّا يقع خصمٌ صامت: يُرى أين قُصَّ الرقم ولماذا. يح","المبيعات والعقود","2 — العمليات",العقود,302,"شاشةٌ مستقلة",4,"إدارة المالية · ادارة التشغيل · ادارة المبيعات · ادارة الموردين","يُعاد تسميتُه + يُنقل إلى موضعِه المعياريّ",APPROVED,"دورةُ الإدارةِ المالكةِ في الحزمة",—,—,ACTIVE,—,"احتساب الجزاءات والحوافز / الجزاءات والحوافز التعاقدية","العمل اليومي · متابعةُ إدارتيالتقييمُ الدوريُّ وتصفيةُ إنهاءِ العقد · نفوتر ونحصّلالمستخلصُ ثم الفاتورةُ ثم قبولُ العميل","من التصييرِ الحيِّ — يملؤه المبرمجُ من uxui_live_positions.tsv","المبيعات والعقود"
199,Clients/clients.php,"سجل العملاء","سجل العملاء",Clients,"نبدأ من العميلنسجّل العميلَ ومشروعَه وموقعَه قبلَ أيِّ عقد","تعرض سجلّ العملاء بكود كل عميل ونوع كيانه وتصنيف قطاعه وعدد مشاريعه وبيانات اتصاله وحالته. الغرض أن تكون المرجع الوحيد لهوية العميل الذي تُبنى عليه المشاريع والعقود والمطالبات. تست","المبيعات والعقود","2 — العمليات","العملاء والفرص",100,"شاشةٌ مستقلة",2,"ادارة التشغيل · ادارة المبيعات","يُنقل إلى موضعِه المعياريّ",APPROVED,"دورةُ الإدارةِ المالكةِ في الحزمة",—,—,ACTIVE,—,"سجل العملاء","سجلات التشغيل · نبدأ من العميلنسجّل العميلَ ومشروعَه وموقعَه قبلَ أيِّ عقد","من التصييرِ الحيِّ — يملؤه المبرمجُ من uxui_live_positions.tsv","المبيعات والعقود"
200,Projects/projects.php,"المشاريع والمواقع","المشاريع والمواقع",Projects,"نبدأ من العميلنسجّل العميلَ ومشروعَه وموقعَه قبلَ أيِّ عقد","تعرض المشاريع بأسمائها وأكوادها وعملائها وكود منجمها وعدد مورّديها وعقودها وتاريخ إضافتها وحالتها. الغرض أن تكون الوعاء الذي تُنسب إليه العقود والمعدات والساعات والتكاليف كلها. تست","المبيعات والعقود","2 — العمليات","العملاء والفرص",101,"شاشةٌ مستقلة",3,"إدارة الموقع · ادارة التشغيل · ادارة المبيعات","يُنقل إلى موضعِه المعياريّ",APPROVED,"دورةُ الإدارةِ المالكةِ في الحزمة",—,—,ACTIVE,—,"المشاريع والمواقع","سجلات التشغيل · سجلات الموقع · نبدأ من العميلنسجّل العميلَ ومشروعَه وموقعَه قبلَ أيِّ عقد","من التصييرِ الحيِّ — يملؤه المبرمجُ من uxui_live_positions.tsv","المبيعات والعقود"
201,Clients/activities.php,"أنشطة العملاء","أنشطة العملاء",Activities,—,"تعرض قائمة الأنشطة التجارية المسجَّلة (زيارة · مكالمة · اجتماع · متابعة) بكودها وموضوعها وتاريخها والمسؤول عنها والسجلّ المرتبط بها من عميلٍ أو فرصةٍ أو عقد. الغرض توثيق كل تواصلٍ","المبيعات والعقود","2 — العمليات","العملاء والفرص",150,"شاشةٌ مستقلة",1,"ادارة المبيعات","يُنقل إلى موضعِه المعياريّ",APPROVED,"مطابقةٌ دلاليةٌ بمراحلِ دورةِ الإدارةِ المالكة",—,—,ACTIVE,—,"أنشطة العملاء","العمل اليومي","من التصييرِ الحيِّ — يملؤه المبرمجُ من uxui_live_positions.tsv","المبيعات والعقود"
202,Clients/contract_commitments.php,"التزامات العقود","التزامات العقود","Contract Commitments",—,"تعرض التزامات كل عقدٍ موزَّعةً على أطرافه: نوع الالتزام ووحدة قياسه وكميته ودوريّته. الغرض تثبيت ما تعهّد به كل طرفٍ رقمًا وكميةً ودوريّةً حتى يُقاس الأداء الفعلي عليه لاحقًا بدل ا","المبيعات والعقود","2 — العمليات",العقود,350,"شاشةٌ مستقلة",1,"ادارة المبيعات","يُنقل إلى موضعِه المعياريّ",APPROVED,"مطابقةٌ دلاليةٌ بمراحلِ دورةِ الإدارةِ المالكة",—,—,ACTIVE,—,"التزامات العقود","العمل اليومي","من التصييرِ الحيِّ — يملؤه المبرمجُ من uxui_live_positions.tsv","المبيعات والعقود"
203,Contracts/contract_monthly_plan.php,"الجدول الشهري للعقد","الجدول الشهري للعقد","Contract Monthly Plan",—,"تعرض الجدول الشهري للعقد بنسخه: الكمية المخطَّطة لكل شهرٍ مقابل المتعاقَد والفجوة بينهما والأشهر الغائبة. الغرض توزيع الكمية التعاقدية على شهورها بقيدٍ حاكم: مجموع الأشهر = المتعاق","المبيعات والعقود","2 — العمليات","التغطية التعاقدية",450,"شاشةٌ مستقلة",2,"إدارة الموقع · ادارة المبيعات","يُنقل إلى موضعِه المعياريّ",APPROVED,"مطابقةٌ دلاليةٌ بمراحلِ دورةِ الإدارةِ المالكة",—,—,ACTIVE,—,"الجدول الشهري للعقد","العمل اليومي","من التصييرِ الحيِّ — يملؤه المبرمجُ من uxui_live_positions.tsv","المبيعات والعقود"
204,Clients/tenders.php,المناقصات,المناقصات,Tenders,—,"تعرض المناقصات التي تتابعها الشركة: اسم الدعوة والجهة الطارحة وتاريخ الإغلاق وحالة المشاركة والنتيجة. الغرض ألّا يفوت موعد تقديمٍ ومعرفة معدّل الفوز والخسارة عبر المناقصات. تستخدمه","المبيعات والعقود","2 — العمليات",العمليات,900,"شاشةٌ مستقلة",1,"ادارة المبيعات","يُنقل إلى موضعِه المعياريّ",PENDING_OWNER,"مجلدُ المسارِ والتصنيفُ الوظيفيّ — يلزم تصديقٌ من الوثيقةِ المالكة",—,—,ACTIVE,—,المناقصات,"العمل اليومي","من التصييرِ الحيِّ — يملؤه المبرمجُ من uxui_live_positions.tsv","المبيعات والعقود"
205,Contracts/contract_lines.php,"بنود عقد العميل وقيمته","بنود عقد العميل وقيمته","Contract Lines",—,"تعرض بنود عقد العميل بنموذجها وكميتها وسعرها وقيمتها وسريانها وحالتها الضريبية. الغرض تثبيت ما يُباع وبكم، مفصولًا عن خطة الموارد: التزامات الكمية تصلح بنودًا، والتزامات الطاقة معل","المبيعات والعقود","2 — العمليات","العملاء والفرص",150,"شاشةٌ مستقلة",2,"إدارة المالية · ادارة المبيعات","يُنقل إلى موضعِه المعياريّ",APPROVED,"مطابقةٌ دلاليةٌ بمراحلِ دورةِ الإدارةِ المالكة","رأسٌ/بنودٌ مع Contracts/contracts.php — متكاملتان",—,ACTIVE,—,"بنود عقد العميل وقيمته","العمل اليومي","من التصييرِ الحيِّ — يملؤه المبرمجُ من uxui_live_positions.tsv","المبيعات والعقود"
206,Clients/readiness_lines.php,"جاهزية العروض","جاهزية العروض","Readiness Lines",—,"تعرض بنود فحص جاهزية كل عقدٍ قبل بدء التنفيذ وحالة كل بندٍ ومرجعه، مع مؤشّر جاهزية العقد ككل. الغرض التأكّد من اكتمال متطلّبات التشغيل قبل انطلاق العقد بدل اكتشاف النقص ميدانيًّا.","المبيعات والعقود","2 — العمليات","العروض والتسعير",250,"شاشةٌ مستقلة",1,"ادارة المبيعات","يُنقل إلى موضعِه المعياريّ",APPROVED,"مطابقةٌ دلاليةٌ بمراحلِ دورةِ الإدارةِ المالكة",—,—,ACTIVE,—,"جاهزية العروض","العمل اليومي","من التصييرِ الحيِّ — يملؤه المبرمجُ من uxui_live_positions.tsv","المبيعات والعقود"
207,Contracts/contract_baseline.php,"خط أساس العقد","خط أساس العقد","Contract Baseline",—,"تعرض خط أساس العقد: مكوّناته وحالها وعدَدها ونسختها وبصمتَها وقت القفل. الغرض أن تُقفل كل المكوّنات عند الاعتماد فتبدأ الفوترة من نقطةٍ مثبتة، والفجوات مسمّاةٌ قبل القفل. تستخدمها","المبيعات والعقود","2 — العمليات",العقود,350,"شاشةٌ مستقلة",2,"إدارة المالية · ادارة المبيعات","يُنقل إلى موضعِه المعياريّ",APPROVED,"مطابقةٌ دلاليةٌ بمراحلِ دورةِ الإدارةِ المالكة",—,—,ACTIVE,—,"خط أساس العقد","العمل اليومي","من التصييرِ الحيِّ — يملؤه المبرمجُ من uxui_live_positions.tsv","المبيعات والعقود"
208,Contracts/contract_payment_schedule.php,"خطة دفع العقد","خطة دفع العقد","Contract Payment Schedule",—,"تعرض خطة دفع العقد بأنماطها وأنواع مقدّمها ومعالجتها: المتوقَّع والمستلم والمتبقّي لكل استحقاقٍ شهريٍّ ومرجعِ تحصيله، والمقبوضُ مفروزًا التزامًا وإيرادًا لا يُجمعان. الغرض متابعة م","المبيعات والعقود","2 — العمليات",العقود,350,"شاشةٌ مستقلة",1,"ادارة المبيعات","يُنقل إلى موضعِه المعياريّ",APPROVED,"مطابقةٌ دلاليةٌ بمراحلِ دورةِ الإدارةِ المالكة",—,—,ACTIVE,—,"خطة دفع العقد","العمل اليومي","من التصييرِ الحيِّ — يملؤه المبرمجُ من uxui_live_positions.tsv","المبيعات والعقود"
209,Contracts/contract_resource_plan.php,"خطة موارد العقد","خطة موارد العقد","Contract Resource Plan",—,"تعرض خطة موارد العقد بحصص أنواع المعدات وأعدادِ الورديات وساعاتها وأطقمِها (مشغّلون ومشرفون وفنيّون ومساعدون)، والفجوةَ إلى المائة ظاهرةً. الغرض تخطيط الطاقة اللازمة لتنفيذ العقد؛","المبيعات والعقود","2 — العمليات",العقود,350,"شاشةٌ مستقلة",3,"إدارة الموقع · ادارة التشغيل · ادارة المبيعات","يُنقل إلى موضعِه المعياريّ",APPROVED,"مطابقةٌ دلاليةٌ بمراحلِ دورةِ الإدارةِ المالكة",—,—,ACTIVE,—,"خطة موارد العقد","العمل اليومي","من التصييرِ الحيِّ — يملؤه المبرمجُ من uxui_live_positions.tsv","المبيعات والعقود"
210,Contracts/contract_guarantees.php,"ضمانات العقد","ضمانات العقد","Contract Guarantees",—,"تعرض ضمانات العقد بنوعها وطبيعتها وقيمتها ونسبتها ومُصدرها وانتهاء سريانها وموعد ردّ المحتجَز، مع نصّ الضمانات الأصلي. الغرض فصلٌ إلزامي: المحتجَز أصلٌ لدى العميل، وخطاب الضمان الت","المبيعات والعقود","2 — العمليات","العملاء والفرص",150,"شاشةٌ مستقلة",1,"ادارة المبيعات","يُنقل إلى موضعِه المعياريّ",APPROVED,"مطابقةٌ دلاليةٌ بمراحلِ دورةِ الإدارةِ المالكة",—,—,ACTIVE,—,"ضمانات العقد","العمل اليومي","من التصييرِ الحيِّ — يملؤه المبرمجُ من uxui_live_positions.tsv","المبيعات والعقود"
211,Contracts/contract_obligations.php,"مصفوفة التزامات العقد","مصفوفة التزامات العقد","Contract Obligations",—,"تعرض مصفوفة التزامات العقد: بند الالتزام والطرف الملتزم وأثر الإخلال وسريانه وحالته وإجازته. الغرض تثبيت ما تعهّد به كل طرفٍ وأثرَ إخلاله به قبل أن يقع الخلاف. تستخدمها إدارة المبي","المبيعات والعقود","2 — العمليات",العقود,350,"شاشةٌ مستقلة",3,"إدارة المالية · ادارة التشغيل · ادارة المبيعات","يُنقل إلى موضعِه المعياريّ",APPROVED,"مطابقةٌ دلاليةٌ بمراحلِ دورةِ الإدارةِ المالكة",—,—,ACTIVE,—,"مصفوفة التزامات العقد","العمل اليومي","من التصييرِ الحيِّ — يملؤه المبرمجُ من uxui_live_positions.tsv","المبيعات والعقود"
212,Contracts/contract_sites.php,"نطاقات العقد التشغيلية","نطاقات العقد التشغيلية","Contract Sites",—,"تعرض نطاقات العقد التشغيلية: كل نطاقٍ باسمه وموقعه وتاريخه وما إذا كان رئيسيًّا، مع لوحِ العقود التي بلا نطاق. الغرض تحديد أين يُنفَّذ العقد فعليًّا فلا تبقى الفجوة مضمَرة. تستخدمه","المبيعات والعقود","2 — العمليات",العقود,350,"شاشةٌ مستقلة",2,"إدارة الموقع · ادارة المبيعات","يُنقل إلى موضعِه المعياريّ",APPROVED,"مطابقةٌ دلاليةٌ بمراحلِ دورةِ الإدارةِ المالكة",—,—,ACTIVE,—,"نطاقات العقد التشغيلية","العمل اليومي","من التصييرِ الحيِّ — يملؤه المبرمجُ من uxui_live_positions.tsv","المبيعات والعقود"
213,Contracts/claims.php,"المستخلصات / المستخلصات والمطالبات","المستخلصات والمطالبات",Claims,"المستخلصات / المستخلصات والمطالبات · نفوتر ونحصّلالمستخلصُ ثم الفاتورةُ ثم قبولُ العميل","تعرض المستخلصات: مطالبة الفترة مولَّدةً من الوحدات المعتمدة بمعداتها وكمياتها وأسعارها وصافيها وضريبتها. الغرض إتمام الرحلة من وحداتٍ معتمدةٍ إلى مستخلصٍ ففاتورةٍ ضريبيةٍ فذمّةِ عم","المبيعات والعقود","2 — العمليات","المستخلصات والفوترة والتحصيل",600,"شاشةٌ مستقلة",3,"إدارة المالية · ادارة التشغيل · ادارة المبيعات","يُنقل إلى موضعِه المعياريّ",APPROVED,"دورةُ الإدارةِ المالكةِ في الحزمة",—,—,ACTIVE,—,"المستخلصات / المستخلصات والمطالبات","الإيراد والفوترة · العمل اليومي · نفوتر ونحصّلالمستخلصُ ثم الفاتورةُ ثم قبولُ العميل","من التصييرِ الحيِّ — يملؤه المبرمجُ من uxui_live_positions.tsv","المبيعات والعقود"
214,Operations/unbilled.php,"الأعمال غير المفوترة","الأعمال غير المفوترة",Unbilled,"نفوتر ونحصّلالمستخلصُ ثم الفاتورةُ ثم قبولُ العميل","تعرض الأعمال المنفَّذة التي لم تُفوتر بعد بكمياتها وقيمتها المقدَّرة. الغرض كشف الفجوة بين التنفيذ والفوترة فلا يضيع إيرادٌ مستحق. تستخدمها إدارة التشغيل والمالية.","المبيعات والعقود","2 — العمليات","المستخلصات والفوترة والتحصيل",603,"شاشةٌ مستقلة",2,"ادارة التشغيل · ادارة المبيعات","يُنقل إلى موضعِه المعياريّ",APPROVED,"دورةُ الإدارةِ المالكةِ في الحزمة",—,—,ACTIVE,—,"الأعمال غير المفوترة","إقفال الفترة · نفوتر ونحصّلالمستخلصُ ثم الفاتورةُ ثم قبولُ العميل","من التصييرِ الحيِّ — يملؤه المبرمجُ من uxui_live_positions.tsv","المبيعات والعقود"
215,Contracts/contract_card.php,"أحكام العقد — العملات والمقدم والمهل","أحكام العقد — العملات والمقدم والمهل","Contract Card","نوزّع الحاوياتكم وحدةً لكلِّ نوعِ آليةٍ وكم آليةً لكلِّ نوع","بطاقةُ العقد الأمّ بسبعة تبويبات تجمع ما كان متفرّقًا: التفاصيل والملاحق والالتزامات والمستخلصات وأحكام العملات والمقدم والمهل. الغرض قراءة العقد كاملًا من مكانٍ واحدٍ بروابط أصله.","المبيعات والعقود","3 — المعاملات والسجلات",العقود,350,"شاشةٌ مستقلة",2,"إدارة المالية · ادارة المبيعات","يُنقل إلى موضعِه المعياريّ",APPROVED,"مطابقةٌ دلاليةٌ بمراحلِ دورةِ الإدارةِ المالكة",—,—,ACTIVE,—,"أحكام العقد — العملات والمقدم والمهل","الإيراد والفوترة · نوزّع الحاوياتكم وحدةً لكلِّ نوعِ آليةٍ وكم آليةً لكلِّ نوع","من التصييرِ الحيِّ — يملؤه المبرمجُ من uxui_live_positions.tsv","المبيعات والعقود"
216,Contracts/contract_lifecycle.php,"اقتصاد دورة حياة العقد","اقتصاد دورة حياة العقد","Contract Lifecycle",—,"تعرض اقتصاد دورة حياة العقد: الجدول الحاكم بقواعده الخمس، ثم خطة عملٍ بأرقام العقد الحيّة (المقدَّم والضمان والمنفَّذ غير المفوتر والغرامات والحاويات) ولكل حالةٍ أثرُها وبيتُ تنفيذ","المبيعات والعقود","4 — التقارير والتحليلات",العقود,350,تقرير,2,"إدارة المالية · ادارة المبيعات","يبقى تقريرًا في المستوى ٤ + يُنقل إلى موضعِه المعياريّ",APPROVED,"مطابقةٌ دلاليةٌ بمراحلِ دورةِ الإدارةِ المالكة",—,—,ACTIVE,—,"اقتصاد دورة حياة العقد","العمل اليومي","من التصييرِ الحيِّ — يملؤه المبرمجُ من uxui_live_positions.tsv","المبيعات والعقود"
217,Contracts/commercial_board.php,"اللوحة التجارية للعقود","اللوحة التجارية للعقود","Commercial Board",—,"تعرض اللوحة التجارية للعقود بأربعة أرقامٍ لكل عقد: المخطَّط والمنفَّذ والمفوتَر والمحصَّل، وفجواتِها الثلاث (تنفيذًا للتشغيل · فوترةً للمبيعات · تحصيلًا للمالية) ولكل فجوةٍ مالكٌ م","المبيعات والعقود","4 — التقارير والتحليلات","التقارير والتحليلات",900,تقرير,2,"إدارة المالية · ادارة المبيعات","يبقى تقريرًا في المستوى ٤ + يُنقل إلى موضعِه المعياريّ",PENDING_OWNER,"مجلدُ المسارِ والتصنيفُ الوظيفيّ — يلزم تصديقٌ من الوثيقةِ المالكة",—,—,ACTIVE,—,"اللوحة التجارية للعقود","العمل اليومي","من التصييرِ الحيِّ — يملؤه المبرمجُ من uxui_live_positions.tsv","المبيعات والعقود"
218,Contracts/plan_actual_link.php,"ربط الخطة بالفعلي","ربط الخطة بالفعلي","Plan Actual Link",—,"تعرض ربط الخطة بالفعلي على مستوى البند والشهر: المخطَّط والمنفَّذ والمفوتَر وفجوتَي التنفيذ والفوترة، وغيرَ الموصول عدًّا لا مخفيًّا. الغرض معرفة أين انحرف التنفيذ عن الخطة وأين تأ","المبيعات والعقود","4 — التقارير والتحليلات","التنفيذ التعاقدي",550,تقرير,2,"إدارة المالية · ادارة المبيعات","يبقى تقريرًا في المستوى ٤ + يُنقل إلى موضعِه المعياريّ",APPROVED,"مطابقةٌ دلاليةٌ بمراحلِ دورةِ الإدارةِ المالكة",—,—,ACTIVE,—,"ربط الخطة بالفعلي","العمل اليومي","من التصييرِ الحيِّ — يملؤه المبرمجُ من uxui_live_positions.tsv","المبيعات والعقود"
219,Contracts/contract_coverage.php,"التزام العقد بنوع المعدة","التزام العقد بنوع المعدة","Contract Coverage","نوزّع الحاوياتكم وحدةً لكلِّ نوعِ آليةٍ وكم آليةً لكلِّ نوع · نوقّع عقدَهمعداتُه وخطتُه وطاقتُه ومهلةُ إحلاله","تعرض التغطية التعاقدية بثلاثة مستويات داخل ملف العقد: نوع المعدة، فتوزيع الموردين، فالمعدات المخصَّصة والفجوةُ بالساعات لا بالعدد وحده، مع تسعة مؤشراتٍ لأداء المورد. الغرض معرفة هل","المبيعات والعقود","4 — التقارير والتحليلات","التغطية التعاقدية",450,تقرير,3,"ادارة التشغيل · ادارة المبيعات · ادارة الموردين","يبقى تقريرًا في المستوى ٤ + يُنقل إلى موضعِه المعياريّ",APPROVED,"مطابقةٌ دلاليةٌ بمراحلِ دورةِ الإدارةِ المالكة",—,—,ACTIVE,—,"التزام العقد بنوع المعدة","خطة الشهر · نوزّع الحاوياتكم وحدةً لكلِّ نوعِ آليةٍ وكم آليةً لكلِّ نوع · نوقّع عقدَهمعداتُه وخطتُه وطاقتُه ومهلةُ إحلاله","من التصييرِ الحيِّ — يملؤه المبرمجُ من uxui_live_positions.tsv","المبيعات والعقود"
220,Contracts/price_terms.php,"شروط تعديل السعر / آليات تعديل السعر","شروط تعديل السعر","Price Terms","شروط تعديل السعر / آليات تعديل السعر · نوزّع الحاوياتكم وحدةً لكلِّ نوعِ آليةٍ وكم آليةً لكلِّ نوع","تعرض شروط تعديل السعر في ثلاثة أقسام: الشرط كما كُتب في العقد، وقراءات المؤشر بمراجعها، وسجلّ المراجعات باعتمادها وقيمة السعر قبلها وبعدها. الغرض تعديل الأسعار بقاعدةٍ مكتوبةٍ ومؤش","المبيعات والعقود","5 — البيانات المرجعية","البيانات المرجعية",900,"شاشةٌ مستقلة",2,"ادارة التشغيل · ادارة المبيعات","يُنقل إلى موضعِه المعياريّ",PENDING_OWNER,"مجلدُ المسارِ والتصنيفُ الوظيفيّ — يلزم تصديقٌ من الوثيقةِ المالكة",—,—,ACTIVE,—,"شروط تعديل السعر / آليات تعديل السعر","العمل اليومي · نوزّع الحاوياتكم وحدةً لكلِّ نوعِ آليةٍ وكم آليةً لكلِّ نوع","من التصييرِ الحيِّ — يملؤه المبرمجُ من uxui_live_positions.tsv","المبيعات والعقود"
221,Clients/rate_books.php,"دفترُ الأسعار بالشرائح","دفترُ الأسعار بالشرائح","Rate Books",—,"تعرض دفاتر الأسعار بالشرائح: السعر دالّةُ مدةٍ لا رقمٌ واحد (يومي · أسبوعي · شهري). الغرض تسعير التأجير بشرائح مدةٍ معتمدةٍ بدل اجتهاد المندوب. تستخدمها إدارة المبيعات.","المبيعات والعقود","5 — البيانات المرجعية","التأجير قصير الأمد",900,"شاشةٌ مستقلة",1,"ادارة المبيعات","يبقى كما هو",PENDING_OWNER,"مجلدُ المسارِ والتصنيفُ الوظيفيّ — يلزم تصديقٌ من الوثيقةِ المالكة",—,—,ACTIVE,—,"دفترُ الأسعار بالشرائح","التأجير قصير الأمد","من التصييرِ الحيِّ — يملؤه المبرمجُ من uxui_live_positions.tsv","المبيعات والعقود"
222,Risk/risk_dept_sal.php,"مخاطرُ المبيعاتِ والعقود","مخاطر المبيعات والعقود","Risk Dept Sal","مخاطرُ المبيعاتِ والعقود","مخاطرُ المبيعات والعقود — منظرٌ نطاقيٌّ بزاوية إدارة المبيعات. الغرض متابعة مخاطر التعاقد والتحصيل.","المبيعات والعقود","5 — البيانات المرجعية","الحوكمة والضوابط",800,منظر,1,"ادارة المبيعات","يُحوَّل منظرَ عملٍ محفوظًا + يُعاد تسميتُه + يُنقل إلى موضعِه المعياريّ",APPROVED,"دورةُ الإدارةِ المالكةِ في الحزمة",—,—,ACTIVE,—,"مخاطرُ المبيعاتِ والعقود","متابعةُ إدارتيالملاحقُ والتجديداتُ وسجلُّ حركةِ العقدِ ومراجعتُه","من التصييرِ الحيِّ — يملؤه المبرمجُ من uxui_live_positions.tsv","المبيعات والعقود"
223,Governance/gov_dept_sal.php,"حوكمةُ المبيعاتِ والعقود","حوكمة المبيعات والعقود","Gov Dept Sal","حوكمةُ المبيعاتِ والعقود","حوكمةُ المبيعات والعقود — منظرٌ نطاقيٌّ بزاوية إدارة المبيعات. الغرض متابعة ضوابط الحوكمة في دورة البيع والتعاقد.","المبيعات والعقود","5 — البيانات المرجعية","الحوكمة والضوابط",801,منظر,1,"ادارة المبيعات","يُحوَّل منظرَ عملٍ محفوظًا + يُعاد تسميتُه + يُنقل إلى موضعِه المعياريّ",APPROVED,"دورةُ الإدارةِ المالكةِ في الحزمة",—,—,ACTIVE,—,"حوكمةُ المبيعاتِ والعقود","متابعةُ إدارتيالملاحقُ والتجديداتُ وسجلُّ حركةِ العقدِ ومراجعتُه","من التصييرِ الحيِّ — يملؤه المبرمجُ من uxui_live_positions.tsv","المبيعات والعقود"
224,Financing/installments.php,"الأقساط ومواعيد السداد","الأقساط ومواعيد السداد",Installments,—,"تعرض أقساط عمليات التمويل باستحقاقها وأصلها وربحها وإجماليها وحالتها، وتتيح تسجيل السداد. الغرض متابعة السداد؛ والرصيد القائم يُحدَّث محسوبًا من مجموع المسدَّد لا يُحرَّر يدويًّا.","التمويل والملكية","2 — العمليات","الأقساط والسداد",400,"شاشةٌ مستقلة",1,"إدارة التمويل","يُنقل إلى موضعِه المعياريّ",APPROVED,"دورةُ الإدارةِ المالكةِ في الحزمة",—,—,ACTIVE,—,"الأقساط ومواعيد السداد","الأقساط والتكلفة","من التصييرِ الحيِّ — يملؤه المبرمجُ من uxui_live_positions.tsv","التمويل والملكية"
225,Financing/deviations.php,"انحرافات التمويل — السداد والملكية والتوثيق","انحرافات التمويل — السداد والملكية والتوثيق",Deviations,—,"ترصد ثلاثة أصنافٍ من الانحراف: عقودٌ بلا حركة، وفروقُ سداد، وخروجٌ غيرُ مسجَّل — بموضوعها ووصفها وأولويتها وحالتها. الغرض إغلاق كل انحرافٍ بقرارٍ موثَّقٍ ومرجعِ مستندٍ لا بصمت. تست","التمويل والملكية","2 — العمليات","الانحرافات والفروق",550,"شاشةٌ مستقلة",1,"إدارة التمويل","يبقى كما هو",APPROVED,"مطابقةٌ دلاليةٌ بمراحلِ دورةِ الإدارةِ المالكة",—,—,ACTIVE,—,"انحرافات التمويل — السداد والملكية والتوثيق","الانحراف والتصحيح","من التصييرِ الحيِّ — يملؤه المبرمجُ من uxui_live_positions.tsv","التمويل والملكية"
226,Financing/financing_operation_new.php,"إنشاء عملية تمويل","إنشاء عملية تمويل","Financing Operation New",—,"معالجُ إنشاء عملية تمويلٍ يبدأ بالنموذج فيحدّد بقية الحقول والمعالجة المحاسبية وأثرَ الملكية وحاملَ الإهلاك والسياسةَ المكتوبة. الغرض ألّا تُعتمد عمليةُ تمويلٍ بلا نموذجٍ ومعالجةٍ","التمويل والملكية","2 — العمليات","عمليات التمويل",250,"شاشةٌ مستقلة",2,"إدارة التمويل · ادارة التشغيل","يبقى كما هو",APPROVED,"مطابقةٌ دلاليةٌ بمراحلِ دورةِ الإدارةِ المالكة",—,—,ACTIVE,—,"إنشاء عملية تمويل",التمويل,"من التصييرِ الحيِّ — يملؤه المبرمجُ من uxui_live_positions.tsv","التمويل والملكية"
227,Financing/fin_models.php,"نماذج التمويل ومعالجتها","نماذج التمويل ومعالجتها","Fin Models",—,"تعرض نماذج التمويل ومعالجتها المحاسبية. الغرض تثبيت كيف يُعالَج كل نموذج تمويلٍ محاسبيًّا قبل استعماله. تستخدمها إدارة التمويل.","التمويل والملكية","2 — العمليات","الممولون والتسجيل",100,"تبويبٌ في ملفِّ الكيانِ الأم",1,"إدارة التمويل","يُحوَّل تبويبًا في الملفِّ الأم + يُنقل إلى موضعِه المعياريّ",APPROVED,"دورةُ الإدارةِ المالكةِ في الحزمة",—,—,ACTIVE,—,"نماذج التمويل ومعالجتها","النموذج والممول","من التصييرِ الحيِّ — يملؤه المبرمجُ من uxui_live_positions.tsv","التمويل والملكية"
228,Financing/ownership_links.php,"علاقات الملكية بين الكيانات","علاقات الملكية بين الكيانات","Ownership Links",—,"تعرض علاقات الملكية بين الكيانات القانونية. الغرض توثيق من يملك مَن فتُفهم شبكة الملكية عند التعاقد والتمويل. تستخدمها إدارة التمويل.","التمويل والملكية","2 — العمليات","الممولون والتسجيل",121,"شاشةٌ مستقلة",2,"إدارة التمويل · إدارة الصلاحيات","يُنقل إلى موضعِه المعياريّ",APPROVED,"دورةُ الإدارةِ المالكةِ في الحزمة",—,—,ACTIVE,—,"علاقات الملكية بين الكيانات","الكيانات والملكية · النموذج والممول","من التصييرِ الحيِّ — يملؤه المبرمجُ من uxui_live_positions.tsv","التمويل والملكية"
229,Financing/fin_changes.php,"تغيّرات عقود التمويل","تغيّرات عقود التمويل","Fin Changes",—,"ترصد تغيّرات عقود التمويل وتوثّقها. الغرض ألّا يتغيّر شرطٌ تمويليٌّ بلا أثرٍ مكتوب. تستخدمها إدارة التمويل.","التمويل والملكية","2 — العمليات","عمليات التمويل",210,"تبويبٌ في ملفِّ الكيانِ الأم",1,"إدارة التمويل","يُحوَّل تبويبًا في الملفِّ الأم + يُنقل إلى موضعِه المعياريّ",APPROVED,"دورةُ الإدارةِ المالكةِ في الحزمة",—,—,ACTIVE,—,"تغيّرات عقود التمويل","عملية التمويل","من التصييرِ الحيِّ — يملؤه المبرمجُ من uxui_live_positions.tsv","التمويل والملكية"
230,Finance/budget_dept.php,"ميزانية إدارتي","ميزانية إدارتي — التمويل","Budget Dept","ميزانية إدارتي","تعرض ميزانية إدارة المستخدم وحدها بفترتها ومخطّطها وفعليّها وانحرافها وحالتها. الغرض أن ترى كل إدارةٍ أرقامَ نطاقها لا أرقام الشركة كلها — تقريرٌ بفلتر النطاق لا شاشةٌ مكرَّرةٌ في","التمويل والملكية","2 — العمليات","عمليات التمويل",240,"شاشةٌ مستقلة",14,"أمين المستودع · إدارة التمويل · إدارة الصلاحيات · إدارة المالية · إدارة المشتريات · إدارة الموقع · إدارة النقل والترحيل · ادارة الاسطول · ادارة التشغيل · ادارة الصيانة · ادارة المبيعات · ادارة الموارد البشرية · ادارة الموردين · القوى التشغيلية","يُنقل إلى موضعِه المعياريّ",APPROVED,"دورةُ الإدارةِ المالكةِ في الحزمة","زاويةُ نظرٍ لنفسِ البيانات مع: Finance/budget_form_fin.php",—,ACTIVE,—,"ميزانية إدارتي","إقفال الفترة · إقفال اليوم · الإقفال والموازنة · تقارير الصيانة والإعدادات · تقارير القوى · تقارير الموارد · تقارير الموردين · تقارير وإعدادات الترحيل · تقاريرُ المبيعاتمخاطرُ المبيعاتِ وحوكمتُها · سجلات وإعدادات المخازن · سجلات وتقارير المشتريات · متابعة وتقارير الأسطول · متابعة وتقارير التمويل · متابعة وتقارير الحوكمة","من التصييرِ الحيِّ — يملؤه المبرمجُ من uxui_live_positions.tsv","التمويل والملكية"
231,Portal/dept_achievement.php,"إنجاز الإدارة","إنجاز الإدارة","Dept Achievement",—,"تعرض إنجاز الإدارة — لا إنجاز الفرد — مجموعًا من الدورة الحية بمدةٍ حرة: الوحدات المعتمدة والبلاغات المغلقة وأوامر الصيانة المقفلة. الغرض قياس أداء الإدارة إداريًّا؛ فإنجاز الفرد ش","التمويل والملكية","2 — العمليات","عمليات التمويل",241,"شاشةٌ مستقلة",15,"أمين المستودع · إدارة التمويل · إدارة الصلاحيات · إدارة المالية · إدارة المشتريات · إدارة الموقع · إدارة النقل والترحيل · ادارة الاسطول · ادارة التشغيل · ادارة الصيانة · ادارة المبيعات · ادارة الموارد البشرية · ادارة الموردين · الإدارة التنفيذية · القوى التشغيلية","يُنقل إلى موضعِه المعياريّ",APPROVED,"دورةُ الإدارةِ المالكةِ في الحزمة",—,—,ACTIVE,—,"إنجاز الإدارة","إقفال الفترة · إقفال اليوم · الرقابة العليا · تقارير الصيانة والإعدادات · تقارير القوى · تقارير الموارد · تقارير الموردين · تقارير وإعدادات الترحيل · تقاريرُ المبيعاتمخاطرُ المبيعاتِ وحوكمتُها · سجلات وإعدادات المخازن · سجلات وتقارير المشتريات · متابعة وتقارير الأسطول · متابعة وتقارير التمويل · متابعة وتقارير الحوكمة · متابعة وتقارير المالية","من التصييرِ الحيِّ — يملؤه المبرمجُ من uxui_live_positions.tsv","التمويل والملكية"
232,Financing/owners_registry.php,"ملّاك الأسطول / حصص الملكية في الأصول","حصص الملكية في الأصول","Owners Registry","ملّاك الأسطول / حصص الملكية في الأصول · نعطيه حصتَهحصتُه من عقدِ العميلِ ثم توزيعُها على معداته","تعرض سجلّ ملكية المعدات وحصصها القائمة: نوع المالك ومرجعه والممول الحالي ونسبة حصته وسريانها. الغرض توثيق من يملك كل معدةٍ وبأي حصة. تستخدمها إدارة التمويل.","التمويل والملكية","3 — المعاملات والسجلات","الملكية والضمانات",350,"شاشةٌ مستقلة",3,"إدارة التمويل · ادارة الاسطول · ادارة الموردين","يُنقل إلى موضعِه المعياريّ",APPROVED,"مطابقةٌ دلاليةٌ بمراحلِ دورةِ الإدارةِ المالكة",—,—,ACTIVE,—,"ملّاك الأسطول / حصص الملكية في الأصول","إدخال الأصل والترميز · الأعيان والحصص · نعطيه حصتَهحصتُه من عقدِ العميلِ ثم توزيعُها على معداته","من التصييرِ الحيِّ — يملؤه المبرمجُ من uxui_live_positions.tsv","التمويل والملكية"
233,Financing/financiers_registry.php,"سجل الممولين","سجل الممولين","Financiers Registry",—,"تعرض الممولين بنماذج تمويلهم وعملاتهم وعدد عملياتهم وأعيانهم ومدة العلاقة والاستحقاق القائم عليهم وحالتهم. الغرض أن يكون المرجع الواحد لجهات التمويل؛ والمموّل كيانٌ في سجل الكيانات","التمويل والملكية","3 — المعاملات والسجلات","الممولون والتسجيل",150,"شاشةٌ مستقلة",2,"إدارة التمويل · ادارة التشغيل","يُنقل إلى موضعِه المعياريّ",APPROVED,"مطابقةٌ دلاليةٌ بمراحلِ دورةِ الإدارةِ المالكة",—,—,ACTIVE,—,"سجل الممولين","التمويل · النموذج والممول","من التصييرِ الحيِّ — يملؤه المبرمجُ من uxui_live_positions.tsv","التمويل والملكية"
234,Financing/cost_allocation.php,"توزيع تكلفة التمويل على المشاريع","توزيع تكلفة التمويل على المشاريع","Cost Allocation",—,"توزّع ربح كل عملية تمويلٍ على مشاريع أعيانها بنسبة حصصها، فتُظهر المحمَّل شهريًّا على كل مشروع. الغرض تحميل تكلفة التمويل على المشروع تشغيليًّا دون كشف مصدرها التمويلي. تستخدمها إد","التمويل والملكية","4 — التقارير والتحليلات","الممولون والتسجيل",150,تقرير,2,"إدارة التمويل · إدارة المالية","يبقى تقريرًا في المستوى ٤ + يُنقل إلى موضعِه المعياريّ",APPROVED,"مطابقةٌ دلاليةٌ بمراحلِ دورةِ الإدارةِ المالكة",—,—,ACTIVE,—,"توزيع تكلفة التمويل على المشاريع","الأقساط والتكلفة · التكلفة والتحميل","من التصييرِ الحيِّ — يملؤه المبرمجُ من uxui_live_positions.tsv","التمويل والملكية"
235,Financing/financing_board.php,"عمليات التمويل","عمليات التمويل","Financing Board",—,"تعرض لوحة إدارة التمويل بأسئلة صباحها: كم مموّلًا نشطًا، وما العمليات النافذة واستحقاقها القائم بعملته، وما أقساط الثلاثين يومًا عددًا وقيمةً، وما الانحرافات المفتوحة. الغرض إعطاء","التمويل والملكية","4 — التقارير والتحليلات","عمليات التمويل",250,تقرير,1,"إدارة التمويل","يبقى تقريرًا في المستوى ٤",APPROVED,"مطابقةٌ دلاليةٌ بمراحلِ دورةِ الإدارةِ المالكة",—,—,ACTIVE,—,"عمليات التمويل","عملية التمويل","من التصييرِ الحيِّ — يملؤه المبرمجُ من uxui_live_positions.tsv","التمويل والملكية"
236,Suppliers/settlements.php,"تسويات ومستحقات الموردين","تسويات ومستحقات الموردين",Settlements,"نحاسبه ونصرفالتسوياتُ والمستحقاتُ وكشفُ حسابِه والسلفيات","تعرض تسويات الموردين بفترتها ومبلغها الأوّلي والتحميلات عليها وصافيها وحالتها وطلب دفعها واعتراضاتها. الغرض حساب ما للمورد وما عليه في مستندٍ واحدٍ يمرّ بدورة مراجعةٍ وإجازةٍ وإقفا","إدارة الموردين","2 — العمليات","تسجيل الموردين",150,"شاشةٌ مستقلة",3,"إدارة المالية · ادارة الموردين · القوى التشغيلية","يُنقل إلى موضعِه المعياريّ",APPROVED,"مطابقةٌ دلاليةٌ بمراحلِ دورةِ الإدارةِ المالكة",—,—,ACTIVE,—,"تسويات ومستحقات الموردين","الأداء والاستحقاق · المصروف والدفع · نحاسبه ونصرفالتسوياتُ والمستحقاتُ وكشفُ حسابِه والسلفيات","من التصييرِ الحيِّ — يملؤه المبرمجُ من uxui_live_positions.tsv","إدارة الموردي�"
237,Suppliers/supplier_capacity.php,"طاقة المورد وجاهزيته ومهلة الإحلال / الطاقة والجاهزية ومهلة الإحلال","طاقة المورد وجاهزيته ومهلة الإحلال","Supplier Capacity","طاقة المورد وجاهزيته ومهلة الإحلال / الطاقة والجاهزية ومهلة الإحلال · نوقّع عقدَهمعداتُه وخطتُه وطاقتُه ومهلةُ إحلاله","تعرض لكل معدةٍ في عقد المورد طاقتها اليومية النظرية ونسبة الجاهزية الدنيا ومهلة الإحلال، مع قياسٍ فعليٍّ من سجلّ الزمن الموحّد. الغرض قياس التزام المورد بطاقته وجاهزيته بأرقامٍ لا","إدارة الموردين","2 — العمليات","التأهيل والقدرة",202,"تبويبٌ في ملفِّ الكيانِ الأم",2,"إدارة المالية · ادارة الموردين","يُحوَّل تبويبًا في الملفِّ الأم + يُنقل إلى موضعِه المعياريّ",APPROVED,"دورةُ الإدارةِ المالكةِ في الحزمة",—,—,ACTIVE,—,"طاقة المورد وجاهزيته ومهلة الإحلال / الطاقة والجاهزية ومهلة الإحلال","العمل اليومي · نوقّع عقدَهمعداتُه وخطتُه وطاقتُه ومهلةُ إحلاله","من التصييرِ الحيِّ — يملؤه المبرمجُ من uxui_live_positions.tsv","إدارة الموردي�"
238,Suppliers/supplier_advances.php,"سلفيات الموردين","سلفيات الموردين","Supplier Advances","نحاسبه ونصرفالتسوياتُ والمستحقاتُ وكشفُ حسابِه والسلفيات","تعرض سلفيات الموردين بأنواعها (نقدًا · نيابةً · عهدةً) بمبلغها وقسطها والمستردّ منها ورصيدها وسندها وحالتها. الغرض أن تكون البوابة الوحيدة لكل ما يُصرف للمورد خارج التسوية، ورصيدُه","إدارة الموردين","2 — العمليات","التسويات والصرف",602,"تبويبٌ في ملفِّ الكيانِ الأم",2,"إدارة المالية · ادارة الموردين","يُحوَّل تبويبًا في الملفِّ الأم + يُنقل إلى موضعِه المعياريّ",APPROVED,"دورةُ الإدارةِ المالكةِ في الحزمة",—,—,ACTIVE,—,"سلفيات الموردين","العمل اليومي · نحاسبه ونصرفالتسوياتُ والمستحقاتُ وكشفُ حسابِه والسلفيات","من التصييرِ الحيِّ — يملؤه المبرمجُ من uxui_live_positions.tsv","إدارة الموردي�"
239,Suppliers/unit_statement_supplier.php,"كشفُ وحداتِ المورد","كشف التايم شيت — المورد","Unit Statement Supplier","إضافاتُ المالك · كشفُ وحداتِ المورد","تعرض كشف وحدات المورد: الكميات المعتمدة له بالفترة ومقابلها المالي. الغرض مطابقة ما نفّذه المورد بما استُحق له. تستخدمها إدارة الموردين. (بحاجة لتأكيد — الملف بلا تعليق رأس.)","إدارة الموردين","2 — العمليات","التنفيذ والاستحقاق",503,منظر,1,"ادارة الموردين","يُحوَّل منظرَ عملٍ محفوظًا + يُعاد تسميتُه + يُنقل إلى موضعِه المعياريّ",APPROVED,"دورةُ الإدارةِ المالكةِ في الحزمة","زاويةُ نظرٍ لنفسِ البيانات مع: Contracts/unit_statement_client.php",—,ACTIVE,—,"كشفُ وحداتِ المورد","إضافاتُ المالك","من التصييرِ الحيِّ — يملؤه المبرمجُ من uxui_live_positions.tsv","إدارة الموردي�"
240,Suppliers/supplier_rules.php,"قواعد التحميل والجزاءات على المورد / قواعد تحميل المورد وجزاءاته","قواعد التحميل والجزاءات على المورد","Supplier Rules","قواعد التحميل والجزاءات على المورد / قواعد تحميل المورد وجزاءاته · نوقّع عقدَهمعداتُه وخطتُه وطاقتُه ومهلةُ إحلاله","تعرض قواعد ما يُحمَّل على المورد من مصروفاتنا وجزاءات العجز والجاهزية والتأخر: النوع والتسعير والمعدل والسقف والعتبة وأساس الإسناد وسريانه. الغرض ألّا يُحمَّل على المورد شيءٌ بلا ق","إدارة الموردين","2 — العمليات","العقود والحصص",301,"تبويبٌ في ملفِّ الكيانِ الأم",2,"إدارة المالية · ادارة الموردين","يُحوَّل تبويبًا في الملفِّ الأم + يُنقل إلى موضعِه المعياريّ",APPROVED,"دورةُ الإدارةِ المالكةِ في الحزمة",—,—,ACTIVE,—,"قواعد التحميل والجزاءات على المورد / قواعد تحميل المورد وجزاءاته","العمل اليومي · نوقّع عقدَهمعداتُه وخطتُه وطاقتُه ومهلةُ إحلاله","من التصييرِ الحيِّ — يملؤه المبرمجُ من uxui_live_positions.tsv","إدارة الموردي�"
241,Suppliers/supplier_contract_lines.php,"بنود عقد المورد","بنود عقد المورد","Supplier Contract Lines",—,"تعرض بنود عقد المورد: سعر الوحدة لكل نموذجٍ وبند وعملته وأساس احتساب الاستعداد ومعدّله وسريانه وحالته. الغرض تثبيت التسعيرة التعاقدية التي تُحتسب عليها التسويات. تستخدمها إدارة الم","إدارة الموردين","2 — العمليات","تسجيل الموردين",150,"شاشةٌ مستقلة",2,"إدارة المالية · ادارة الموردين","يُنقل إلى موضعِه المعياريّ",APPROVED,"مطابقةٌ دلاليةٌ بمراحلِ دورةِ الإدارةِ المالكة","رأسٌ/بنودٌ مع Suppliers/supplierscontracts.php — متكاملتان",—,ACTIVE,—,"بنود عقد المورد","العمل اليومي","من التصييرِ الحيِّ — يملؤه المبرمجُ من uxui_live_positions.tsv","إدارة الموردي�"
242,Suppliers/equipment_plan.php,"خطة معدات المورد المتعهَّد بها","خطة معدات المورد المتعهَّد بها","Equipment Plan","نعطيه حصتَهحصتُه من عقدِ العميلِ ثم توزيعُها على معداته","تعرض معدات كل موردٍ المخصَّصة بدورها (أساسيةً أو احتياطية) ومقاعدِها ومواقعِها وطاقتها وفترات سريانها. الغرض ضبط ما التزم المورد بتقديمه من معداتٍ ومواضعها؛ والاحتياطيُّ صفرُ ساعات","إدارة الموردين","2 — العمليات","تسجيل الموردين",150,"شاشةٌ مستقلة",1,"ادارة الموردين","يُنقل إلى موضعِه المعياريّ",APPROVED,"مطابقةٌ دلاليةٌ بمراحلِ دورةِ الإدارةِ المالكة",—,—,ACTIVE,—,"خطة معدات المورد المتعهَّد بها","نعطيه حصتَهحصتُه من عقدِ العميلِ ثم توزيعُها على معداته","من التصييرِ الحيِّ — يملؤه المبرمجُ من uxui_live_positions.tsv","إدارة الموردي�"
243,Suppliers/rfq_requests.php,"طلبات عروض الموردين","طلبات عروض الموردين","RFQ Requests",—,"تعرض طلبات عروض الموردين ببنود احتياجٍ مشتقّةٍ من التزامات عقد العميل، وجدولَ مقارنةٍ آليٍّ للردود بالسعر والجاهزية والسجل. الغرض اختيار المورد بمقارنةٍ موضوعيةٍ كاملةً أو جزئيًّا","إدارة الموردين","2 — العمليات","تسجيل الموردين",150,"شاشةٌ مستقلة",3,"إدارة المالية · إدارة المشتريات · ادارة الموردين","يُنقل إلى موضعِه المعياريّ",APPROVED,"مطابقةٌ دلاليةٌ بمراحلِ دورةِ الإدارةِ المالكة","مرحلةٌ متتاليةٌ مع Procurement/rfq_compare_award.php — لا ازدواج",—,ACTIVE,—,"طلبات عروض الموردين","العمل اليومي","من التصييرِ الحيِّ — يملؤه المبرمجُ من uxui_live_positions.tsv","إدارة الموردي�"
244,Suppliers/supplierscontracts.php,"عقود الموردين","عقود الموردين",Supplierscontracts,"نوقّع عقدَهمعداتُه وخطتُه وطاقتُه ومهلةُ إحلاله","تعرض عقود الموردين بأرقامها ومشاريعها ومورّديها وعقد المشروع المرتبط بها وتواريخها وأطرافها وأهداف ساعاتها وبدلاتها وعملتها وقيمها. الغرض إنشاء عقد المورد وربطه بعقد المشروع الذي ي","إدارة الموردين","2 — العمليات","تسجيل الموردين",150,"شاشةٌ مستقلة",1,"ادارة الموردين","يُنقل إلى موضعِه المعياريّ",APPROVED,"مطابقةٌ دلاليةٌ بمراحلِ دورةِ الإدارةِ المالكة","رأسٌ/بنودٌ مع Suppliers/supplier_contract_lines.php — متكاملتان",—,ACTIVE,—,"عقود الموردين","نوقّع عقدَهمعداتُه وخطتُه وطاقتُه ومهلةُ إحلاله","من التصييرِ الحيِّ — يملؤه المبرمجُ من uxui_live_positions.tsv","إدارة الموردي�"
245,Suppliers/suppliers.php,"سجل الموردين","سجل الموردين",Suppliers,"نبدأ من الموردنسجّل الموردَ وبياناتِه وحسابَه البنكيَّ قبلَ أيِّ عقد","تعرض سجلّ موردي المعدات بكود كل موردٍ واسمه وعدد آلياته وساعاته المتعاقد عليها وهاتفه وحالته. الغرض أن يكون المرجع الوحيد لهوية المورد الذي تُنسب إليه العقود والمعدات والمستحقات. ت","إدارة الموردين","2 — العمليات","تسجيل الموردين",100,"شاشةٌ مستقلة",2,"إدارة المشتريات · ادارة الموردين","يُنقل إلى موضعِه المعياريّ",APPROVED,"دورةُ الإدارةِ المالكةِ في الحزمة",—,—,ACTIVE,—,"سجل الموردين","العروض والترسية · نبدأ من الموردنسجّل الموردَ وبياناتِه وحسابَه البنكيَّ قبلَ أيِّ عقد","من التصييرِ الحيِّ — يملؤه المبرمجُ من uxui_live_positions.tsv","إدارة الموردي�"
246,Suppliers/supplier_bank.php,"حسابات الموردين البنكية","حسابات الموردين البنكية","Supplier Bank","نبدأ من الموردنسجّل الموردَ وبياناتِه وحسابَه البنكيَّ قبلَ أيِّ عقد","تعرض الحسابات البنكية الموثَّقة للموردين. الغرض ألّا يُصرف لمورّدٍ إلا على حسابٍ موثَّقٍ مسجَّل. تستخدمها إدارة الموردين والمالية.","إدارة الموردين","2 — العمليات","تسجيل الموردين",101,"تبويبٌ في ملفِّ الكيانِ الأم",1,"ادارة الموردين","يُحوَّل تبويبًا في الملفِّ الأم + يُنقل إلى موضعِه المعياريّ",APPROVED,"دورةُ الإدارةِ المالكةِ في الحزمة",—,—,ACTIVE,—,"حسابات الموردين البنكية","نبدأ من الموردنسجّل الموردَ وبياناتِه وحسابَه البنكيَّ قبلَ أيِّ عقد","من التصييرِ الحيِّ — يملؤه المبرمجُ من uxui_live_positions.tsv","إدارة الموردي�"
247,Suppliers/supplier_evaluation.php,"تقييم المورد الدوري","تقييم المورد الدوري","Supplier Evaluation","نقيّمه أو نُنهي عقدَهمخاطرُ الموردينَ وحوكمتُها","تعرض تقييم المورد الدوري بمؤشراته وأوزانها ونتيجته وتغطية وزنه وقرار التجديد وسببه. الغرض أن يكون التقييم من سجلات النظام لا انطباعًا، وأن تكون نتيجتُه شرطًا في تجديد العقد. تستخدم","إدارة الموردين","2 — العمليات","تقييم الأداء والإنهاء",700,"تبويبٌ في ملفِّ الكيانِ الأم",2,"إدارة المالية · ادارة الموردين","يُحوَّل تبويبًا في الملفِّ الأم + يُنقل إلى موضعِه المعياريّ",APPROVED,"دورةُ الإدارةِ المالكةِ في الحزمة",—,—,ACTIVE,—,"تقييم المورد الدوري","العمل اليومي · نقيّمه أو نُنهي عقدَهمخاطرُ الموردينَ وحوكمتُها","من التصييرِ الحيِّ — يملؤه المبرمجُ من uxui_live_positions.tsv","إدارة الموردي�"
248,Suppliers/supplier_closure.php,"تصفية إنهاء عقد مورد / تصفية إنهاء عقد المورد","تصفية إنهاء عقد مورد","Supplier Closure","تصفية إنهاء عقد مورد / تصفية إنهاء عقد المورد · نقيّمه أو نُنهي عقدَهمخاطرُ الموردينَ وحوكمتُها","تعرض خطوات تصفية إنهاء عقد المورد بترتيبها: إقفال الحصة، وتسوية العهد والسلف، وردّ الضمان بعد مهلته، وشهادة الإخلاء. الغرض ألّا يُغلق عقدٌ وبقيت لطرفيه ذمّةٌ أو ضمانٌ معلَّق. تستخد","إدارة الموردين","2 — العمليات","تقييم الأداء والإنهاء",701,"شاشةٌ مستقلة",2,"إدارة المالية · ادارة الموردين","يُنقل إلى موضعِه المعياريّ",APPROVED,"دورةُ الإدارةِ المالكةِ في الحزمة",—,—,ACTIVE,—,"تصفية إنهاء عقد مورد / تصفية إنهاء عقد المورد","العمل اليومي · نقيّمه أو نُنهي عقدَهمخاطرُ الموردينَ وحوكمتُها","من التصييرِ الحيِّ — يملؤه المبرمجُ من uxui_live_positions.tsv","إدارة الموردي�"
249,Suppliers/sup_handover.php,"تسليمُ الحصص بين الموردين","تسليم الحصص بين الموردين","Sup Handover","تسليمُ الحصص بين الموردين · نعطيه حصتَهحصتُه من عقدِ العميلِ ثم توزيعُها على معداته","تدير تسليم المورد واستلامه عند بدء التعاقد أو إنهائه. الغرض توثيق ما سُلِّم وما استُلم بمحضرٍ مكتوب. تستخدمها إدارة الموردين. (بحاجة لتأكيد — الملف بلا تعليق رأسٍ يشرح غرضه.)","إدارة الموردين","2 — العمليات","توزيع الحصص والحاويات",402,"تبويبٌ في ملفِّ الكيانِ الأم",1,"ادارة الموردين","يُحوَّل تبويبًا في الملفِّ الأم + يُعاد تسميتُه + يُنقل إلى موضعِه المعياريّ",APPROVED,"دورةُ الإدارةِ المالكةِ في الحزمة",—,—,ACTIVE,—,"تسليمُ الحصص بين الموردين","نعطيه حصتَهحصتُه من عقدِ العميلِ ثم توزيعُها على معداته","من التصييرِ الحيِّ — يملؤه المبرمجُ من uxui_live_positions.tsv","إدارة الموردي�"
250,Suppliers/supplier_documents.php,"وثائق المورد وحسابه البنكي","وثائق المورد وحسابه البنكي","Supplier Documents",—,"تعرض وثائق المورد بتواريخ صلاحيتها ومهلة التنبيه قبل انتهائها (السجل التجاري والضريبي)، وحسابَه البنكي الموثَّق، وسجلَّ تدقيقٍ لما تغيّر ومَن غيّره. الغرض اكتمال هوية المورد قبل ال","إدارة الموردين","3 — المعاملات والسجلات","تسجيل الموردين",150,"شاشةٌ مستقلة",2,"إدارة المالية · ادارة الموردين","يُنقل إلى موضعِه المعياريّ",APPROVED,"مطابقةٌ دلاليةٌ بمراحلِ دورةِ الإدارةِ المالكة",—,—,ACTIVE,—,"وثائق المورد وحسابه البنكي","العمل اليومي","من التصييرِ الحيِّ — يملؤه المبرمجُ من uxui_live_positions.tsv","إدارة الموردي�"
251,Suppliers/shares_coverage.php,"حصص الموردين من العقود","حصص الموردين من العقود","Shares Coverage","نوقّع عقدَهمعداتُه وخطتُه وطاقتُه ومهلةُ إحلاله","تعرض لكل موردٍ التزامَه التعاقدي والمستهلَك منه محسوبًا من دفتر القدرات ونسبةَ التنفيذ والتغطيةَ التي أعطاها والفجوةَ الباقية. الغرض قياس وفاء المورد بحصته وكشفُ الفجوة بالأرقام. ت","إدارة الموردين","4 — التقارير والتحليلات","تسجيل الموردين",150,تقرير,2,"ادارة التشغيل · ادارة الموردين","يبقى تقريرًا في المستوى ٤ + يُنقل إلى موضعِه المعياريّ",APPROVED,"مطابقةٌ دلاليةٌ بمراحلِ دورةِ الإدارةِ المالكة",—,—,ACTIVE,—,"حصص الموردين من العقود","خطة الشهر · نوقّع عقدَهمعداتُه وخطتُه وطاقتُه ومهلةُ إحلاله","من التصييرِ الحيِّ — يملؤه المبرمجُ من uxui_live_positions.tsv","إدارة الموردي�"
252,Risk/risk_dept_sup.php,"مخاطرُ الموردين","مخاطر الموردين","Risk Dept Sup","مخاطرُ الموردين","مخاطرُ الموردين — منظرٌ نطاقيٌّ لمكوّن مساحة مخاطر الإدارة بزاوية الموردين. الغرض متابعة مخاطر سلسلة التوريد.","إدارة الموردين","5 — البيانات المرجعية","الحوكمة والضوابط",800,منظر,1,"ادارة الموردين","يُحوَّل منظرَ عملٍ محفوظًا + يُعاد تسميتُه + يُنقل إلى موضعِه المعياريّ",APPROVED,"دورةُ الإدارةِ المالكةِ في الحزمة",—,—,ACTIVE,—,"مخاطرُ الموردين","متابعةُ إدارتيالتقييمُ الدوريُّ وتصفيةُ إنهاءِ العقد","من التصييرِ الحيِّ — يملؤه المبرمجُ من uxui_live_positions.tsv","إدارة الموردي�"
253,Governance/gov_dept_sup.php,"حوكمةُ الموردين","حوكمة إدارة الموردين","Gov Dept Sup","حوكمةُ الموردين","حوكمةُ الموردين — منظرٌ نطاقيٌّ لمكوّن حوكمة الإدارة بزاوية إدارة الموردين. الغرض متابعة التزام الموردين بضوابط الحوكمة.","إدارة الموردين","5 — البيانات المرجعية","الحوكمة والضوابط",801,منظر,1,"ادارة الموردين","يُحوَّل منظرَ عملٍ محفوظًا + يُعاد تسميتُه + يُنقل إلى موضعِه المعياريّ",APPROVED,"دورةُ الإدارةِ المالكةِ في الحزمة","زاويةُ نظرٍ لنفسِ البيانات مع: Governance/gov_dept.php",—,ACTIVE,—,"حوكمةُ الموردين","متابعةُ إدارتيالتقييمُ الدوريُّ وتصفيةُ إنهاءِ العقد","من التصييرِ الحيِّ — يملؤه المبرمجُ من uxui_live_positions.tsv","إدارة الموردي�"
254,Equipments/asset_recon.php,"مطابقة سجل الأصول بالتشغيل","مطابقة سجل الأصول بالتشغيل","Asset Recon",—,"تطابق سجلّ الأصول بالتشغيل الفعلي: ما هو مسجَّلٌ أصلًا مقابل ما يعمل ميدانيًّا. الغرض كشف الفروق بين الدفاتر والواقع. تستخدمها إدارة الأسطول والمالية.","إدارة الأسطول","2 — العمليات","الإهلاك والاستبعاد",700,"شاشةٌ مستقلة",1,"ادارة الاسطول","يُنقل إلى موضعِه المعياريّ",APPROVED,"دورةُ الإدارةِ المالكةِ في الحزمة",—,—,ACTIVE,—,"مطابقة سجل الأصول بالتشغيل","المطابقة والإهلاك","من التصييرِ الحيِّ — يملؤه المبرمجُ من uxui_live_positions.tsv","إدارة الأسطول"
255,Equipments/meter_readings.php,"قراءات العدّادات","قراءات العدّادات","Meter Readings",—,"تعرض عدّادات المعدات: العدّاد الحالي بمصدره مسمًّى، وسجلّ القراءات بفارقها ومرجعها، ولوحُ العدّادات التي لم تُحدَّث. الغرض ضبط ساعات التشغيل والمسافات التي تُبنى عليها الصيانة الوق","إدارة الأسطول","2 — العمليات","الجاهزية التشغيلية",450,"شاشةٌ مستقلة",2,"ادارة الاسطول · ادارة الصيانة","يُنقل إلى موضعِه المعياريّ",APPROVED,"مطابقةٌ دلاليةٌ بمراحلِ دورةِ الإدارةِ المالكة",—,—,ACTIVE,—,"قراءات العدّادات","العدّادات والوثائق · الوقائية بالساعات","من التصييرِ الحيِّ — يملؤه المبرمجُ من uxui_live_positions.tsv","إدارة الأسطول"
256,Equipments/equipments.php,"سجل المعدات","سجل المعدات",Equipment,—,"تعرض سجلّ المعدات بكودها ورقمها التسلسلي ونوعها وموديلها ومالكها وحالتها وتوفّرها مع فلاترَ متعددةٍ واستيرادٍ من إكسل. الغرض تصفّح الأسطول وتحريره — وهي نسخةٌ موازيةٌ لشاشة إدارة ا","إدارة الأسطول","2 — العمليات","سجل الأصول",200,"شاشةٌ مستقلة",8,"إدارة التمويل · إدارة الموقع · إدارة النقل والترحيل · ادارة الاسطول · ادارة التشغيل · ادارة الصيانة · ادارة الموارد البشرية · القوى التشغيلية","يُنقل إلى موضعِه المعياريّ",APPROVED,"دورةُ الإدارةِ المالكةِ في الحزمة",—,"◆ Canonical — يستقبل منظرَ الأسطولِ المختصرَ منظرًا محفوظًا",ACTIVE,—,"سجل المعدات","أمر العمل والتكليف · إدخال الأصل والترميز · إصدار أمر الترحيل · الأعيان والحصص · التكليف والتوزيع · القوى الميدانية · تجهيز الموارداعتمادُ مديرِ الموقعِ ومحاسبِ الموقعِ معًا · توزيع الموارد","من التصييرِ الحيِّ — يملؤه المبرمجُ من uxui_live_positions.tsv","إدارة الأسطول"
257,Equipments/code_bridge.php,"جسر ترقيم المعدات","جسر ترقيم المعدات","Code Bridge",—,"تربط ترقيم المعدات القديم بالترقيم الجديد. الغرض ألّا تنقطع سلسلة السجلات التاريخية عند تغيّر نظام الترقيم. تستخدمها إدارة الأسطول.","إدارة الأسطول","2 — العمليات","سجل الأصول",210,"شاشةٌ مستقلة",1,"ادارة الاسطول","يُنقل إلى موضعِه المعياريّ",APPROVED,"دورةُ الإدارةِ المالكةِ في الحزمة",—,—,ACTIVE,—,"جسر ترقيم المعدات","إدخال الأصل والترميز","من التصييرِ الحيِّ — يملؤه المبرمجُ من uxui_live_positions.tsv","إدارة الأسطول"
258,Equipments/equipment_sourcing.php,"مصدر المعدة ونمط تملّكها","مصدر المعدة ونمط تملّكها","Equipment Sourcing",—,"تسجّل مصدر كل معدةٍ ونمط تملّكها (شراء · تأجير · تمويل · مشاركة). الغرض معرفة كيف دخلت المعدة الأسطولَ لأن ذلك يحكم معالجتها المحاسبية. تستخدمها إدارة الأسطول.","إدارة الأسطول","2 — العمليات","سجل الأصول",230,"تبويبٌ في ملفِّ الكيانِ الأم",1,"ادارة الاسطول","يُحوَّل تبويبًا في الملفِّ الأم + يُنقل إلى موضعِه المعياريّ",APPROVED,"دورةُ الإدارةِ المالكةِ في الحزمة",—,—,ACTIVE,—,"مصدر المعدة ونمط تملّكها","إدخال الأصل والترميز","من التصييرِ الحيِّ — يملؤه المبرمجُ من uxui_live_positions.tsv","إدارة الأسطول"
259,Equipments/fin_assets.php,"الأعيان المموَّلة","الأعيان المموَّلة","Fin Assets",—,"تعرض الأصول من الزاوية المالية: قيمتها الدفترية وإهلاكها. الغرض ربط المعدة التشغيلية بأثرها في الدفاتر. تستخدمها إدارة الأسطول والمالية.","إدارة الأسطول","2 — العمليات","سجل الأصول",250,"شاشةٌ مستقلة",2,"إدارة التمويل · ادارة الاسطول","يُنقل إلى موضعِه المعياريّ",APPROVED,"دورةُ الإدارةِ المالكةِ في الحزمة",—,—,ACTIVE,—,"الأعيان المموَّلة","الأعيان والحصص · التمويل والملكية","من التصييرِ الحيِّ — يملؤه المبرمجُ من uxui_live_positions.tsv","إدارة الأسطول"
260,Equipments/equipment_documents.php,"وثائق المعدات والمشغّلين","وثائق المعدات والمشغّلين","Equipment Documents","نبدأ من الموردنسجّل الموردَ وبياناتِه وحسابَه البنكيَّ قبلَ أيِّ عقد","تعرض ملفّ وثائق كل معدةٍ ومشغّل: النوع والرقم والجهة وتاريخ الانتهاء ومهلة التنبيه والوضع الفعلي مقابل الحالة الإدارية. الغرض متابعة صلاحية الرخص والوثائق قبل انتهائها؛ والانتهاء ي","إدارة الأسطول","3 — المعاملات والسجلات","سجل الأصول",250,"شاشةٌ مستقلة",6,"إدارة الموقع · ادارة الاسطول · ادارة التشغيل · ادارة الموارد البشرية · ادارة الموردين · القوى التشغيلية","يُنقل إلى موضعِه المعياريّ",APPROVED,"مطابقةٌ دلاليةٌ بمراحلِ دورةِ الإدارةِ المالكة",—,—,ACTIVE,—,"وثائق المعدات والمشغّلين","التأهيل والوثائق · التعاقد والمباشرة · العدّادات والوثائق · تجهيز الموارداعتمادُ مديرِ الموقعِ ومحاسبِ الموقعِ معًا · سجلات التشغيل · نبدأ من الموردنسجّل الموردَ وبياناتِه وحسابَه البنكيَّ قبلَ أيِّ عقد","من التصييرِ الحيِّ — يملؤه المبرمجُ من uxui_live_positions.tsv","إدارة الأسطول"
261,Equipments/equipments_fleet.php,المعدات,المعدات,"Equipment Fleet",—,"تعرض أسطول المعدات كاملًا بكود كل معدةٍ ومورّدها ونوعها وموديلها وسنة صنعها ومالكها وحالتها الفنية ومدى توفّرها للعمل، مع فلاترَ متعددةٍ وتبويباتٍ للبيانات الأساسية والصنع والفنية","إدارة الأسطول","3 — المعاملات والسجلات","سجل الأصول",250,"شاشةٌ مستقلة",2,"ادارة الاسطول · ادارة التشغيل","يُنقل إلى موضعِه المعياريّ",PENDING_OWNER_MERGE,"مطابقةٌ دلاليةٌ بمراحلِ دورةِ الإدارةِ المالكة",—,"يُدمج في Equipments/equipments.php منظرًا محفوظًا «الأسطول المختصر» — بقرارِ المالكِ الموقَّع",MERGE_THEN_REDIRECT,—,المعدات,"السجلات الرئيسية · العمل اليومي","من التصييرِ الحيِّ — يملؤه المبرمجُ من uxui_live_positions.tsv","إدارة الأسطول"
262,Fleet/readiness_board.php,"جاهزية المعدات للتشغيل","جاهزية المعدات للتشغيل","Readiness Board","نعطيه حصتَهحصتُه من عقدِ العميلِ ثم توزيعُها على معداته","تعرض الأسطول شبكةَ خلايا بلون حالة كل معدةٍ الآن (تعمل · استعداد · متوقفة · صيانة) ونسبةِ جاهزيةٍ حيّة. الغرض رؤية جاهزية الأسطول في لمحةٍ وفتح بطاقة أي معدةٍ بنقرة. تستخدمها إدارة","إدارة الأسطول","4 — التقارير والتحليلات","سجل الأصول",250,تقرير,5,"إدارة الموقع · ادارة الاسطول · ادارة التشغيل · ادارة الصيانة · ادارة الموردين","يبقى تقريرًا في المستوى ٤ + يُنقل إلى موضعِه المعياريّ",APPROVED,"مطابقةٌ دلاليةٌ بمراحلِ دورةِ الإدارةِ المالكة",—,—,ACTIVE,—,"جاهزية المعدات للتشغيل","تجهيز الموارداعتمادُ مديرِ الموقعِ ومحاسبِ الموقعِ معًا · توزيع الموارد · لوحة الإدارة · نعطيه حصتَهحصتُه من عقدِ العميلِ ثم توزيعُها على معداته","من التصييرِ الحيِّ — يملؤه المبرمجُ من uxui_live_positions.tsv","إدارة الأسطول"
263,Equipments/fleet_models.php,"الأنواع والموديلات / موديلات المعدات ومواصفاتها","موديلات المعدات ومواصفاتها","Fleet Models","الأنواع والموديلات / موديلات المعدات ومواصفاتها","تعرض سجلّ الأنواع والموديلات: الصانع والموديل والنوع والفئة وعدد الوحدات، ولكل موديلٍ بنود مواصفات الخدمة (المرجع الموصى به والكمية والوحدة والبديل وصورة البند). الغرض توحيد المواص","إدارة الأسطول","5 — البيانات المرجعية","أمر العمل والتكليف",900,"شاشةٌ مستقلة",3,"ادارة الاسطول · ادارة التشغيل · ادارة الصيانة","يُنقل إلى موضعِه المعياريّ",PENDING_OWNER,"مجلدُ المسارِ والتصنيفُ الوظيفيّ — يلزم تصديقٌ من الوثيقةِ المالكة",—,—,ACTIVE,—,"الأنواع والموديلات / موديلات المعدات ومواصفاتها","أمر العمل والتكليف · إدخال الأصل والترميز · الإعدادات والتدقيق","من التصييرِ الحيِّ — يملؤه المبرمجُ من uxui_live_positions.tsv","إدارة الأسطول"
264,Equipments/equipments_types.php,"أنواع المعدات / أنواع المعدات وفئاتها","أنواع المعدات وفئاتها","Equipment Types","أنواع المعدات / أنواع المعدات وفئاتها","تعرض أنواع المعدات وفئاتها وحالتها في جدولٍ مختصر. الغرض توحيد تصنيف المعدة الذي تُبنى عليه أسطر العقود وقوالب التفتيش وتقارير الأسطول. تستخدمها إدارة التشغيل.","إدارة الأسطول","5 — البيانات المرجعية","إدخال الأصل والترميز",900,"شاشةٌ مستقلة",2,"ادارة الاسطول · ادارة التشغيل","يُنقل إلى موضعِه المعياريّ",PENDING_OWNER,"مجلدُ المسارِ والتصنيفُ الوظيفيّ — يلزم تصديقٌ من الوثيقةِ المالكة",—,—,ACTIVE,—,"أنواع المعدات / أنواع المعدات وفئاتها","إدخال الأصل والترميز · العمل اليومي","من التصييرِ الحيِّ — يملؤه المبرمجُ من uxui_live_positions.tsv","إدارة الأسطول"
265,Equipments/manage_failure_codes.php,"تصنيف الأعطال وأسبابها","تصنيف الأعطال وأسبابها","Manage Failure Codes",—,"تعرض شجرة أكواد الأعطال بنوع المعدة وكود الحدث ونوعه والفئة الرئيسية والفرعية وتفصيل العطل والكود الكامل. الغرض توحيد تصنيف الأعطال حتى تُقاس ساعات التعطل وتُنسب لسببها بدل الوصف ا","إدارة الأسطول","5 — البيانات المرجعية","استقبال العطل وتشخيصه",900,"شاشةٌ مستقلة",3,"ادارة الاسطول · ادارة التشغيل · ادارة الصيانة","يُنقل إلى موضعِه المعياريّ",PENDING_OWNER,"مجلدُ المسارِ والتصنيفُ الوظيفيّ — يلزم تصديقٌ من الوثيقةِ المالكة",—,—,ACTIVE,—,"تصنيف الأعطال وأسبابها","استقبال العطل وتشخيصه · متابعة الانحراف · متابعة وتقارير الأسطول","من التصييرِ الحيِّ — يملؤه المبرمجُ من uxui_live_positions.tsv","إدارة الأسطول"
266,Equipments/fleet_depreciation_profiles.php,"إعداد الإهلاك / سياسات الإهلاك المعتمدة","سياسات الإهلاك المعتمدة","Fleet Depreciation Profiles","إعداد الإهلاك / سياسات الإهلاك المعتمدة","تعرض ملفات الإهلاك المالي للأصول: فئة الأصل والماركة والموديل وطريقة الإهلاك والعمر الإنتاجي وقيمة التخريد. الغرض ضبط سياسة إهلاك الأسطول مرةً واحدةً لتُطبَّق على المعدات بدل حسابه","إدارة الأسطول","5 — البيانات المرجعية","الإعدادات والتدقيق",900,"شاشةٌ مستقلة",2,"ادارة الاسطول · ادارة التشغيل","يُنقل إلى موضعِه المعياريّ",PENDING_OWNER,"مجلدُ المسارِ والتصنيفُ الوظيفيّ — يلزم تصديقٌ من الوثيقةِ المالكة",—,—,ACTIVE,—,"إعداد الإهلاك / سياسات الإهلاك المعتمدة","الإعدادات والتدقيق · المطابقة والإهلاك","من التصييرِ الحيِّ — يملؤه المبرمجُ من uxui_live_positions.tsv","إدارة الأسطول"
267,Operations/stops_unattributed.php,"التوقفات وتحديد المتحمل","التوقفات وتحديد المتحمل","Stops Unattributed",—,"تعرض ساعات التعطل التي لم تُسند إلى جهةٍ مسؤولة، بتاريخها ومشغّلها وورديتها ونوعها. الغرض ألّا يُقفل يومٌ وفيه توقفٌ يتيم — فصفرُ واقعةٍ بلا مسؤولٍ شرطُ إقفال اليوم. يستخدمها مدير","إدارة التشغيل","2 — العمليات","التنفيذ اليومي",550,"شاشةٌ مستقلة",2,"إدارة الموقع · ادارة التشغيل","يُنقل إلى موضعِه المعياريّ",APPROVED,"مطابقةٌ دلاليةٌ بمراحلِ دورةِ الإدارةِ المالكة",—,—,ACTIVE,—,"التوقفات وتحديد المتحمل","اعتماد الوحدات · تسجيل عمل اليومالمشترياتُ الميدانيةُ وتصفيتُها","من التصييرِ الحيِّ — يملؤه المبرمجُ من uxui_live_positions.tsv","إدارة التشغيل"
268,Operations/unit_perf.php,"الأداء الشهري للوحدة","الأداء الشهري للوحدة","Unit Perf","نتابع التنفيذما نُفِّذ فعلًا مقابلَ ما تعاقدنا عليه · نتابع تنفيذَهما استهلكه من حصتِه وما نفّذه فعلًا","تعرض الأداء الشهري للوحدة التشغيلية بمؤشراته. الغرض قياس أداء الوحدة شهرًا بشهر ومقارنته بالمخطَّط. تستخدمها إدارة التشغيل.","إدارة التشغيل","2 — العمليات","الانحرافات وإقفال الفترة",800,"شاشةٌ مستقلة",3,"ادارة التشغيل · ادارة المبيعات · ادارة الموردين","يُنقل إلى موضعِه المعياريّ",APPROVED,"دورةُ الإدارةِ المالكةِ في الحزمة",—,—,ACTIVE,—,"الأداء الشهري للوحدة","متابعة الانحراف · نتابع التنفيذما نُفِّذ فعلًا مقابلَ ما تعاقدنا عليه · نتابع تنفيذَهما استهلكه من حصتِه وما نفّذه فعلًا","من التصييرِ الحيِّ — يملؤه المبرمجُ من uxui_live_positions.tsv","إدارة التشغيل"
269,Operations/monthly_close.php,"الإقفال الشهري للوحدة","الإقفال الشهري للوحدة","Monthly Close",—,"تُقفل الوحدة التشغيلية شهريًّا بعد اكتمال بياناتها. الغرض تثبيت أرقام الشهر فلا تُعدَّل بعد إقفاله، وفتحُ الباب للفوترة والتسوية. تستخدمها إدارة التشغيل والمالية.","إدارة التشغيل","2 — العمليات","الانحرافات وإقفال الفترة",820,"شاشةٌ مستقلة",3,"إدارة المالية · إدارة الموقع · ادارة التشغيل","يُنقل إلى موضعِه المعياريّ",APPROVED,"دورةُ الإدارةِ المالكةِ في الحزمة",—,—,ACTIVE,—,"الإقفال الشهري للوحدة","إقفال الفترة · إقفال اليوم · تحويل العمل إلى مستحق","من التصييرِ الحيِّ — يملؤه المبرمجُ من uxui_live_positions.tsv","إدارة التشغيل"
270,Operations/containers.php,"الوحدات التعاقدية المرقَّمة / إسناد المعدات للوحدات / حاويات العقود","إسناد المعدات للوحدات",Containers,"الوحدات التعاقدية المرقَّمة / إسناد المعدات للوحدات / حاويات العقود · نعطيه حصتَهحصتُه من عقدِ العميلِ ثم توزيعُها على معداته · نوزّع الحاوياتكم وحدةً لكلِّ نوعِ آليةٍ وكم آليةً لكلِّ نوع","تعرض حاويات العقد في شجرةٍ بمستوياتها: سقفُ كل حاويةٍ والموزَّع منها والمتاح والمستهلَك والمتبقّي بوحدته، ومن أين اشتُقّت. الغرض ضبط الطاقة التعاقدية توزيعًا واستهلاكًا فلا يُخصَّص","إدارة التشغيل","2 — العمليات","التخطيط وتخصيص الموارد",450,"شاشةٌ مستقلة",5,"إدارة الموقع (قديم — مدمج في 6) · ادارة الاسطول · ادارة التشغيل · ادارة المبيعات · ادارة الموردين","يُنقل إلى موضعِه المعياريّ",APPROVED,"مطابقةٌ دلاليةٌ بمراحلِ دورةِ الإدارةِ المالكة",—,—,ACTIVE,—,"الوحدات التعاقدية المرقَّمة / إسناد المعدات للوحدات / حاويات العقود","التخصيص والحركة · السجلات الرئيسية · خطة الشهر · نعطيه حصتَهحصتُه من عقدِ العميلِ ثم توزيعُها على معداته · نوزّع الحاوياتكم وحدةً لكلِّ نوعِ آليةٍ وكم آليةً لكلِّ نوع","من التصييرِ الحيِّ — يملؤه المبرمجُ من uxui_live_positions.tsv","إدارة التشغيل"
271,Operations/distribution_space.php,"توزيع المعدات والمشغّلين / تكليف المشغّل على المعدة / مساحة التوزيع","تكليف المشغّل على المعدة","Distribution Space","توزيع المعدات والمشغّلين / تكليف المشغّل على المعدة / مساحة التوزيع","تعرض شبكةً صفُّها معدةٌ وعمودُها ورديةٌ وخليتُها مشغّل، لتوزيع المشغّلين على المعدات والورديات بصريًّا. الغرض تخطيطُ التوزيع قبل التنفيذ مع فحص التعارض في الخادم لا في المتصفح وحده","إدارة التشغيل","2 — العمليات","التخطيط وتخصيص الموارد",450,"شاشةٌ مستقلة",6,"إدارة الموقع · إدارة الموقع (قديم — مدمج في 6) · ادارة الاسطول · ادارة التشغيل · ادارة الموارد البشرية · القوى التشغيلية","يُنقل إلى موضعِه المعياريّ",APPROVED,"مطابقةٌ دلاليةٌ بمراحلِ دورةِ الإدارةِ المالكة",—,—,ACTIVE,—,"توزيع المعدات والمشغّلين / تكليف المشغّل على المعدة / مساحة التوزيع","التخصيص والحركة · التكليف والتوزيع · العمل اليومي · القوى الميدانية · تجهيز الموارداعتمادُ مديرِ الموقعِ ومحاسبِ الموقعِ معًا · لوحة الإدارة","من التصييرِ الحيِّ — يملؤه المبرمجُ من uxui_live_positions.tsv","إدارة التشغيل"
272,Operations/equipment_quota.php,"توزيع وحدات المورد على معداته","توزيع وحدات المورد على معداته","Equipment Quota","نعطيه حصتَهحصتُه من عقدِ العميلِ ثم توزيعُها على معداته","توزّع وحدات المورد المتعاقد عليها على معداته بحصصها. الغرض تحديد نصيب كل معدةٍ من التزام المورد فلا تُحمَّل معدةٌ فوق طاقتها ولا تبقى أخرى بلا نصيب. تستخدمها إدارة التشغيل.","إدارة التشغيل","2 — العمليات","التعاقد والتغطية والحصص",311,"تبويبٌ في ملفِّ الكيانِ الأم",2,"ادارة التشغيل · ادارة الموردين","يُحوَّل تبويبًا في الملفِّ الأم + يُنقل إلى موضعِه المعياريّ",APPROVED,"دورةُ الإدارةِ المالكةِ في الحزمة",—,—,ACTIVE,—,"توزيع وحدات المورد على معداته","خطة الشهر · نعطيه حصتَهحصتُه من عقدِ العميلِ ثم توزيعُها على معداته","من التصييرِ الحيِّ — يملؤه المبرمجُ من uxui_live_positions.tsv","إدارة التشغيل"
273,Operations/production.php,"الإنتاج والقياس","الإنتاج والقياس",Production,"نتابع التنفيذما نُفِّذ فعلًا مقابلَ ما تعاقدنا عليه","تسجّل الإنتاج والقياس اليومي بكمياته ووحداته. الغرض إثبات ما أُنتج فعليًّا في الموقع ليكون أساسَ الاعتماد والفوترة. تستخدمها إدارة الموقع والتشغيل.","إدارة التشغيل","2 — العمليات","التنفيذ اليومي",501,"شاشةٌ مستقلة",3,"إدارة الموقع · ادارة التشغيل · ادارة المبيعات","يُنقل إلى موضعِه المعياريّ",APPROVED,"دورةُ الإدارةِ المالكةِ في الحزمة",—,—,ACTIVE,—,"الإنتاج والقياس","اعتماد الوحدات · تسجيل عمل اليومالمشترياتُ الميدانيةُ وتصفيتُها · نتابع التنفيذما نُفِّذ فعلًا مقابلَ ما تعاقدنا عليه","من التصييرِ الحيِّ — يملؤه المبرمجُ من uxui_live_positions.tsv","إدارة التشغيل"
274,Operations/fleet_utilization.php,"استغلالُ الأسطول ومردودُه","استغلالُ الأسطول ومردودُه","Fleet Utilization",—,"تقيس استغلال الأسطول ومردود كل معدة بلغة قطاع التأجير: نسبة الاستغلال والعائد مقابل الطاقة. الغرض معرفة أي المعدات تُدرّ وأيّها تُكلّف. تستخدمها إدارة الأسطول والتشغيل.","إدارة التشغيل","4 — التقارير والتحليلات","التأجير قصير الأمد",900,تقرير,1,"ادارة المبيعات","يبقى تقريرًا في المستوى ٤",PENDING_OWNER,"مجلدُ المسارِ والتصنيفُ الوظيفيّ — يلزم تصديقٌ من الوثيقةِ المالكة",—,—,ACTIVE,—,"استغلالُ الأسطول ومردودُه","التأجير قصير الأمد","من التصييرِ الحيِّ — يملؤه المبرمجُ من uxui_live_positions.tsv","إدارة التشغيل"
275,Operations/fleet_calendar.php,"تقويمُ الأسطول والحجز","تقويمُ الأسطول والحجز","Fleet Calendar",—,"تعرض تقويم الأسطول وحجوزاته: سعةُ كل معدةٍ ومواعيدُ ارتباطها. الغرض أن يعرف المندوب «بماذا أستطيع أن أَعِد؟» قبل أن يَعِد لا بعده. تستخدمها إدارة التشغيل والمبيعات.","إدارة التشغيل","4 — التقارير والتحليلات","التأجير قصير الأمد",900,تقرير,1,"ادارة المبيعات","يبقى تقريرًا في المستوى ٤",PENDING_OWNER,"مجلدُ المسارِ والتصنيفُ الوظيفيّ — يلزم تصديقٌ من الوثيقةِ المالكة",—,—,ACTIVE,—,"تقويمُ الأسطول والحجز","التأجير قصير الأمد","من التصييرِ الحيِّ — يملؤه المبرمجُ من uxui_live_positions.tsv","إدارة التشغيل"
276,Operations/operations_room.php,"غرفة عمليات المواقع / غرفة عمليات التشغيل","غرفة عمليات المواقع","Operations Room","غرفة عمليات المواقع / غرفة عمليات التشغيل","الشاشةُ الأمُّ ليوم التشغيل بأربعة تبويبات: رفع اليوم لكل موقع، والورديات، والوحدات المسجَّلة بكمياتها وحالاتها، والالتزام بالعقد (الملتزَم شهريًّا مقابل المنفَّذ والفجوة حتى اليوم","إدارة التشغيل","4 — التقارير والتحليلات","التعاقد والتغطية والحصص",350,تقرير,3,"إدارة الموقع · إدارة الموقع (قديم — مدمج في 6) · ادارة التشغيل","يبقى تقريرًا في المستوى ٤ + يُنقل إلى موضعِه المعياريّ",APPROVED,"مطابقةٌ دلاليةٌ بمراحلِ دورةِ الإدارةِ المالكة",—,—,ACTIVE,—,"غرفة عمليات المواقع / غرفة عمليات التشغيل","العمل اليومي · لوحة الإدارة · لوحة الموقع","من التصييرِ الحيِّ — يملؤه المبرمجُ من uxui_live_positions.tsv","إدارة التشغيل"
277,Maintenance/inspections.php,"الفحص الفني اليومي","الفحص الفني اليومي",Inspections,—,"تعرض سجلّات التفتيش الفني بمرجعها ونوعها والمعدة المفحوصة والفاحص وتاريخه ودرجته، ولكل تفتيشٍ بنودُ استمارةٍ جاهزةٍ من القالب مفلترةً حسب فئة المعدة يؤكّد الفنّي حالة كل بندٍ فيها.","إدارة الصيانة","2 — العمليات","استقبال البلاغ",110,"شاشةٌ مستقلة",3,"إدارة الموقع · ادارة الاسطول · ادارة الصيانة","يُنقل إلى موضعِه المعياريّ",APPROVED,"دورةُ الإدارةِ المالكةِ في الحزمة",—,—,ACTIVE,—,"الفحص الفني اليومي","استقبال العطل وتشخيصه · الجاهزية والتفعيل · معالجة ما تعثّرما ينتظر اعتمادي اليوم","من التصييرِ الحيِّ — يملؤه المبرمجُ من uxui_live_positions.tsv","إدارة الصيانة"
278,Maintenance/orders.php,"أوامر الصيانة","أوامر الصيانة",Orders,—,"تعرض قائمة أوامر الصيانة ببطاقاتٍ إحصائية وحالة كل أمرٍ عبر دورته (بلاغ ← تنفيذ ← فحص ← إغلاق)، ولكل أمرٍ أسطر العمالة بساعاتها وتكلفتها وأسطر قطع الغيار بكمياتها وأسعارها. الغرض م","إدارة الصيانة","2 — العمليات","التنفيذ والإقفال",300,"شاشةٌ مستقلة",6,"إدارة المالية · إدارة الموقع · ادارة الاسطول · ادارة التشغيل · ادارة الصيانة · ادارة الموردين","يُنقل إلى موضعِه المعياريّ",APPROVED,"دورةُ الإدارةِ المالكةِ في الحزمة",—,—,ACTIVE,—,"أوامر الصيانة","أمر العمل والتكليف · التكلفة والتحميل · الجاهزية والتفعيل · متابعة الانحراف · متابعةُ إدارتيالتقييمُ الدوريُّ وتصفيةُ إنهاءِ العقد · معالجة ما تعثّرما ينتظر اعتمادي اليوم","من التصييرِ الحيِّ — يملؤه المبرمجُ من uxui_live_positions.tsv","إدارة الصيانة"
279,Maintenance/preventive_plans.php,"خطط الصيانة الوقائية","خطط الصيانة الوقائية","Preventive Plans",—,"تعرض خطط الصيانة الوقائية بأساس استحقاقها وفاصلها الزمني أو الساعي واستحقاقها القادم وحالتها، وقائمةً بما استحقّ الآن، ولكل خطةٍ مهامُّها ومكوّناتها وساعاتها التقديرية. الغرض جدولة","إدارة الصيانة","2 — العمليات","الصيانة الوقائية",450,"شاشةٌ مستقلة",2,"ادارة الاسطول · ادارة الصيانة","يُنقل إلى موضعِه المعياريّ",APPROVED,"مطابقةٌ دلاليةٌ بمراحلِ دورةِ الإدارةِ المالكة",—,—,ACTIVE,—,"خطط الصيانة الوقائية","الجاهزية والتفعيل · الوقائية بالساعات","من التصييرِ الحيِّ — يملؤه المبرمجُ من uxui_live_positions.tsv","إدارة الصيانة"
280,Maintenance/dashboard_mnt.php,"لوحة الإدارة","لوحة الإدارة — الصيانة","Dashboard Mnt","لوحة الإدارة","تعرض لوحة إدارة الصيانة على قالب المكوّنات السبعة: المعدات الحرجة المتوقفة الآن، والأوامر المفتوحة فوق مدّتها، والوقائية المستحقة، وأين تتكرر الأعطال. الغرض أن يفتتح مدير الصيانة ي","إدارة الصيانة","4 — التقارير والتحليلات","الصيانة الوقائية",450,تقرير,1,"ادارة الصيانة","يبقى تقريرًا في المستوى ٤ + يُنقل إلى موضعِه المعياريّ",APPROVED,"مطابقةٌ دلاليةٌ بمراحلِ دورةِ الإدارةِ المالكة",—,—,ACTIVE,—,"لوحة الإدارة","العمل اليومي","من التصييرِ الحيِّ — يملؤه المبرمجُ من uxui_live_positions.tsv","إدارة الصيانة"
281,Maintenance/master_data.php,"إعدادات الصيانة","إعدادات الصيانة","Master Data",—,"تعرض كتالوجات الصيانة الموحّدة في شاشةٍ واحدة: أسباب الأعطال وأسباب التوقّف وأنواع المهام والورش. الغرض توحيد القيم المرجعية التي تُختار في أوامر الصيانة والخطط بدل كتابتها نصًّا ح","إدارة الصيانة","5 — البيانات المرجعية","البيانات المرجعية والإعدادات",550,"شاشةٌ مستقلة",1,"ادارة الصيانة","يُنقل إلى موضعِه المعياريّ",APPROVED,"مطابقةٌ دلاليةٌ بمراحلِ دورةِ الإدارةِ المالكة",—,—,ACTIVE,—,"إعدادات الصيانة","العمل اليومي","من التصييرِ الحيِّ — يملؤه المبرمجُ من uxui_live_positions.tsv","إدارة الصيانة"
282,Maintenance/workshop.php,"الورش والفنيون","الورش والفنيون",Workshop,—,"تعرض الورش والفنيين وتخصّصاتهم وطاقاتهم. الغرض توزيع أوامر الصيانة على ورشةٍ وفنّيٍّ قادرٍ عليها. تستخدمها إدارة الصيانة.","إدارة الصيانة","5 — البيانات المرجعية","البيانات المرجعية والإعدادات",500,"شاشةٌ مستقلة",1,"ادارة الصيانة","يُنقل إلى موضعِه المعياريّ",APPROVED,"دورةُ الإدارةِ المالكةِ في الحزمة",—,—,ACTIVE,—,"الورش والفنيون","أمر العمل والتكليف","من التصييرِ الحيِّ — يملؤه المبرمجُ من uxui_live_positions.tsv","إدارة الصيانة"
283,Procurement/orders_proc.php,"أوامر الشراء","أوامر الشراء","Orders Proc",—,"تعرض أوامر الشراء بمورّدها وتصنيفها وعملتها وإجماليها وحالتها ومرجع اعتمادها المالي، ولكل أمرٍ سطورُه بكمياتها وأسعارها. الغرض تحويل الطلب المعتمد إلى أمر شراءٍ للمورد؛ ولا يغادر ا","إدارة المشتريات التشغيلية","2 — العمليات","الطلبات وحدود المخزون",350,"شاشةٌ مستقلة",2,"أمين المستودع · إدارة المشتريات","يُنقل إلى موضعِه المعياريّ",APPROVED,"مطابقةٌ دلاليةٌ بمراحلِ دورةِ الإدارةِ المالكة",—,—,ACTIVE,—,"أوامر الشراء","أمر الشراء · الاستلام والفحص","من التصييرِ الحيِّ — يملؤه المبرمجُ من uxui_live_positions.tsv","إدارة المشتريات التشغيلية"
284,Procurement/requests_proc.php,"طلبات الشراء","طلبات الشراء","Requests Proc",—,"تعرض طلبات الشراء التشغيلية بمصدرها وتصنيفها وأولويتها وحالتها واعتمادها المالي وعدد أصنافها، ولكل طلبٍ سطورُه. الغرض أن يكون باب طلب المواد الموحّد؛ والتصنيف التشغيلي إلزامي (وقائ","إدارة المشتريات التشغيلية","2 — العمليات","الطلبات وحدود المخزون",350,"شاشةٌ مستقلة",5,"أمين المستودع · إدارة المشتريات · إدارة الموقع · ادارة التشغيل · ادارة الصيانة","يُنقل إلى موضعِه المعياريّ",APPROVED,"مطابقةٌ دلاليةٌ بمراحلِ دورةِ الإدارةِ المالكة",—,—,ACTIVE,—,"طلبات الشراء","استقبال الاحتياج · القطع والمواد · طلبات التشغيل · طلبات الموقع · متابعة المخازن","من التصييرِ الحيِّ — يملؤه المبرمجُ من uxui_live_positions.tsv","إدارة المشتريات التشغيلية"
285,Procurement/po_match.php,"مطابقة الفاتورة بالأمر والاستلام","مطابقة الفاتورة بالأمر والاستلام","Po Match",—,"تطابق أمر الشراء بالاستلام وبفاتورة المورد (المطابقة الثلاثية). الغرض ألّا تُدفع فاتورةٌ لا يقابلها أمرُ شراءٍ واستلامٌ فعلي. يستخدمها مسؤول المشتريات والمالية. (بحاجة لتأكيد التفا","إدارة المشتريات التشغيلية","2 — العمليات","الاستلام والمطابقة",610,"شاشةٌ مستقلة",1,"إدارة المشتريات","يبقى كما هو",APPROVED,"دورةُ الإدارةِ المالكةِ في الحزمة",—,—,ACTIVE,—,"مطابقة الفاتورة بالأمر والاستلام","الاستلام والمطابقة","من التصييرِ الحيِّ — يملؤه المبرمجُ من uxui_live_positions.tsv","إدارة المشتريات التشغيلية"
286,Procurement/issue_proc.php,"صرف مواد من المخزن / صرف المخزون والعهدة","صرف مواد من المخزن","Issue Proc","صرف مواد من المخزن / صرف المخزون والعهدة","تعرض عمليات صرف المواد من المخزن بمستلِمها وتاريخها والمعدة أو المشروع أو أمر الصيانة المحمَّل عليها وإجماليها وحالتها. الغرض صرف القطعة مع تحميل تكلفتها على بُعدها الصحيح؛ ولا صرف","إدارة المشتريات التشغيلية","2 — العمليات","الطلبات وحدود المخزون",350,"شاشةٌ مستقلة",5,"أمين المستودع · إدارة المالية · إدارة المشتريات · إدارة الموقع · ادارة الصيانة","يُنقل إلى موضعِه المعياريّ",APPROVED,"مطابقةٌ دلاليةٌ بمراحلِ دورةِ الإدارةِ المالكة",—,—,ACTIVE,—,"صرف مواد من المخزن / صرف المخزون والعهدة","التكلفة والتحميل · الصرف والعهدة · العمل اليومي · القطع والمواد · معالجة ما تعثّرما ينتظر اعتمادي اليوم","من التصييرِ الحيِّ — يملؤه المبرمجُ من uxui_live_positions.tsv","إدارة المشتريات التشغيلية"
287,Procurement/receipt_custody_proc.php,"العهد والمرتجعات / الاستلام المؤقت","الاستلام المؤقت","Receipt Custody Proc","العهد والمرتجعات / الاستلام المؤقت","تعرض عهد الاستلام المؤقت بمستلِمها وتاريخها ومورّدها وموقع الاستلام والوجهة النهائية وعدد أصنافها وحالتها. الغرض تتبّع المواد من لحظة تسلّمها من المورد — وغالبًا خارج المخزن — حتى","إدارة المشتريات التشغيلية","2 — العمليات","الاستلام والمطابقة",650,"شاشةٌ مستقلة",4,"أمين المستودع · إدارة المشتريات · إدارة الموقع · ادارة الصيانة","يُنقل إلى موضعِه المعياريّ",APPROVED,"مطابقةٌ دلاليةٌ بمراحلِ دورةِ الإدارةِ المالكة","زاويةُ نظرٍ لنفسِ البيانات مع: Procurement/wh_receipt.php",—,ACTIVE,—,"العهد والمرتجعات / الاستلام المؤقت","الصرف والعهدة · العمل اليومي · القطع والمواد · معالجة ما تعثّرما ينتظر اعتمادي اليوم","من التصييرِ الحيِّ — يملؤه المبرمجُ من uxui_live_positions.tsv","إدارة المشتريات التشغيلية"
288,Procurement/rfq_compare_award.php,"طلب العروض ومقارنتها","طلب العروض ومقارنتها","RFQ Compare Award",—,"تعرض عروض كل طلبٍ جنبًا إلى جنبٍ بأسعار وحداتها وكمياتها وجاهزيتها وتقييم سجلّ مورّديها، وتتيح الترسية. الغرض سدُّ الخطوة الناقصة بين طلب العروض وأمر الشراء؛ والترسية بسببٍ موثَّقٍ","إدارة المشتريات التشغيلية","2 — العمليات","طلبات العروض",450,"شاشةٌ مستقلة",2,"إدارة المشتريات · ادارة الموردين","يُنقل إلى موضعِه المعياريّ",APPROVED,"مطابقةٌ دلاليةٌ بمراحلِ دورةِ الإدارةِ المالكة","مرحلةٌ متتاليةٌ مع Suppliers/rfq_requests.php — لا ازدواج",—,ACTIVE,—,"طلب العروض ومقارنتها","العروض والترسية · نتحقق من قدرتهالعقدُ وقواعدُ التحميلِ والجزاءاتِ عليه","من التصييرِ الحيِّ — يملؤه المبرمجُ من uxui_live_positions.tsv","إدارة المشتريات التشغيلية"
289,Procurement/stock_proc.php,"أرصدة المخزون بحالاتها","أرصدة المخزون بحالاتها","Stock Proc",—,"تعرض رصيد المخزون لكل صنفٍ في كل مخزن: الوارد والمرتجع والمصروف والمتاح. الغرض معرفة الرصيد الحقيقي محسوبًا من الحركات لا من حقلٍ مخزَّنٍ قد يختلّ. يستخدمها مسؤول المشتريات.","إدارة المشتريات التشغيلية","4 — التقارير والتحليلات","الطلبات وحدود المخزون",350,تقرير,6,"أمين المستودع · إدارة المالية · إدارة المشتريات · إدارة الموقع · ادارة التشغيل · ادارة الصيانة","يبقى تقريرًا في المستوى ٤ + يُنقل إلى موضعِه المعياريّ",APPROVED,"مطابقةٌ دلاليةٌ بمراحلِ دورةِ الإدارةِ المالكة",—,—,ACTIVE,—,"أرصدة المخزون بحالاتها","استقبال الاحتياج · الإدخال والرصيد · التكلفة والتحميل · القطع والمواد · سجلات التشغيل · معالجة ما تعثّرما ينتظر اعتمادي اليوم","من التصييرِ الحيِّ — يملؤه المبرمجُ من uxui_live_positions.tsv","إدارة المشتريات التشغيلية"
290,Procurement/dashboard_proc.php,"لوحة الإدارة","لوحة الإدارة (dashboard_proc)","Dashboard Proc","لوحة الإدارة · لوحة الإدارة — المشتريات","تعرض بطاقات مؤشّرات المشتريات مع جدول القطع الحرجة وحدودها الدنيا ومخزون أمانها ومدة توريدها. الغرض إعطاء مسؤول المشتريات صورةً سريعةً عمّا يوشك أن ينفد وما ينتظر التوريد. يستخدمها","إدارة المشتريات التشغيلية","4 — التقارير والتحليلات","التقارير والتحليلات",900,تقرير,1,"إدارة المشتريات","يبقى تقريرًا في المستوى ٤ + يُنقل إلى موضعِه المعياريّ",PENDING_OWNER,"مجلدُ المسارِ والتصنيفُ الوظيفيّ — يلزم تصديقٌ من الوثيقةِ المالكة",—,—,ACTIVE,—,"لوحة الإدارة","العمل اليومي","من التصييرِ الحيِّ — يملؤه المبرمجُ من uxui_live_positions.tsv","إدارة المشتريات التشغيلية"
291,Procurement/warehouse_board.php,"لوحة الإدارة","لوحة الإدارة (warehouse_board)","Warehouse Board","لوحة الإدارة · لوحة الإدارة — المشتريات","تعرض لوحة أمين المستودع بأسئلة صباحه: ما الأصناف تحت الحد الأدنى (برصيدها الحيّ ومتوسط استهلاكها اليومي والحد المقترح)، وما استلامات اليوم وصرفياته، وما العهد المفتوحة. الغرض إعطاء","إدارة المشتريات التشغيلية","4 — التقارير والتحليلات","التقارير والتحليلات",900,تقرير,1,"أمين المستودع","يبقى تقريرًا في المستوى ٤ + يُنقل إلى موضعِه المعياريّ",PENDING_OWNER,"مجلدُ المسارِ والتصنيفُ الوظيفيّ — يلزم تصديقٌ من الوثيقةِ المالكة",—,—,ACTIVE,—,"لوحة الإدارة","العمل اليومي","من التصييرِ الحيِّ — يملؤه المبرمجُ من uxui_live_positions.tsv","إدارة المشتريات التشغيلية"
292,Procurement/items_proc.php,"كتالوج الأصناف والقطع الحرجة","كتالوج الأصناف والقطع الحرجة","Items Proc",—,"تعرض كتالوج الأصناف وقطع الغيار بكودها واسمها وفئتها وطبيعتها ووحدتها وحدودها الدنيا والعليا ومخزون أمانها ومدة توريدها، ووسمِ ما هو حرجٌ منها. الغرض توحيد تعريف الصنف الذي تُبنى ع","إدارة المشتريات التشغيلية","5 — البيانات المرجعية","استقبال الاحتياج",900,"شاشةٌ مستقلة",3,"أمين المستودع · إدارة المشتريات · ادارة الصيانة","يُنقل إلى موضعِه المعياريّ",PENDING_OWNER,"مجلدُ المسارِ والتصنيفُ الوظيفيّ — يلزم تصديقٌ من الوثيقةِ المالكة",—,—,ACTIVE,—,"كتالوج الأصناف والقطع الحرجة","استقبال الاحتياج · القطع والمواد · سجلات وإعدادات المخازن","من التصييرِ الحيِّ — يملؤه المبرمجُ من uxui_live_positions.tsv","إدارة المشتريات التشغيلية"
293,Procurement/reordering_proc.php,"حدود إعادة الطلب","حدود إعادة الطلب","Reordering Proc",—,"تعرض قواعد إعادة الطلب لكل صنفٍ في كل مخزن: الحد الأدنى والأعلى ونقطة إعادة الطلب ومخزون الأمان ووضع الصنف الحالي مقابلها. الغرض إطلاق التنبيه قبل نفاد الصنف بدل اكتشافه فارغًا. يس","إدارة المشتريات التشغيلية","5 — البيانات المرجعية","البيانات المرجعية",900,"شاشةٌ مستقلة",2,"أمين المستودع · إدارة المشتريات","يُنقل إلى موضعِه المعياريّ",PENDING_OWNER,"مجلدُ المسارِ والتصنيفُ الوظيفيّ — يلزم تصديقٌ من الوثيقةِ المالكة",—,—,ACTIVE,—,"حدود إعادة الطلب","العمل اليومي","من التصييرِ الحيِّ — يملؤه المبرمجُ من uxui_live_positions.tsv","إدارة المشتريات التشغيلية"
294,Procurement/suppliers_proc.php,"موردو المشتريات","موردو المشتريات","Suppliers Proc",—,"تعرض الموردين التشغيليين (موردي المواد والقطع) بكودهم واسمهم وطبيعة التعامل والشخص المسؤول والهاتف وشروط السداد. الغرض تعريف من تُشترى منه المواد، وهم غير موردي المعدات المتعاقَد م","إدارة المشتريات التشغيلية","5 — البيانات المرجعية","البيانات المرجعية",900,"شاشةٌ مستقلة",1,"إدارة المشتريات","يُنقل إلى موضعِه المعياريّ",PENDING_OWNER,"مجلدُ المسارِ والتصنيفُ الوظيفيّ — يلزم تصديقٌ من الوثيقةِ المالكة",—,—,ACTIVE,—,"موردو المشتريات","العمل اليومي","من التصييرِ الحيِّ — يملؤه المبرمجُ من uxui_live_positions.tsv","إدارة المشتريات التشغيلية"
295,Procurement/master_data_proc.php,"البيانات المرجعية / المخازن وأنواعها","المخازن وأنواعها","Master Data Proc","البيانات المرجعية / المخازن وأنواعها","تعرض البيانات المرجعية للمشتريات في شاشةٍ واحدة: القيم المرجعية (فئات وتصنيفات) والمخازن بأكوادها ومواقعها. الغرض توحيد ما يُختار في شاشات المشتريات وتعريف المخازن التي تُنسب إليها","إدارة المشتريات التشغيلية","5 — البيانات المرجعية","سجلات وإعدادات المخازن",900,"شاشةٌ مستقلة",2,"أمين المستودع · إدارة المشتريات","يُنقل إلى موضعِه المعياريّ",PENDING_OWNER,"مجلدُ المسارِ والتصنيفُ الوظيفيّ — يلزم تصديقٌ من الوثيقةِ المالكة",—,—,ACTIVE,—,"البيانات المرجعية / المخازن وأنواعها","العمل اليومي · سجلات وإعدادات المخازن","من التصييرِ الحيِّ — يملؤه المبرمجُ من uxui_live_positions.tsv","إدارة المشتريات التشغيلية"
296,Procurement/wh_receipt.php,"الاستلام المؤقت قبل الإدخال","الاستلام المؤقت قبل الإدخال","Wh Receipt",—,"تسجّل الاستلام المؤقت للمواد قبل إدخالها المخزن رسميًّا. الغرض تتبّع ما وصل ولم يُدخَل بعد فلا يضيع بين المورد والمخزن. يستخدمها أمين المستودع.","إدارة المخازن","2 — العمليات",الاستلام,200,"شاشةٌ مستقلة",2,"أمين المستودع · إدارة المشتريات","يُنقل إلى موضعِه المعياريّ",APPROVED,"دورةُ الإدارةِ المالكةِ في الحزمة","زاويةُ نظرٍ لنفسِ البيانات مع: Procurement/receipt_custody_proc.php",—,ACTIVE,—,"الاستلام المؤقت قبل الإدخال","الاستلام والفحص · الاستلام والمطابقة","من التصييرِ الحيِّ — يملؤه المبرمجُ من uxui_live_positions.tsv","إدارة المخاز�"
297,Procurement/wh_transfer.php,"التحويل بين المخازن","التحويل بين المخازن","Wh Transfer",—,"تنقل الأصناف بين المخازن بحركتين ذرّيّتين في معاملةٍ واحدة: صادرٌ من المصدر ووارِدٌ إلى الوجهة بمرجعٍ واحدٍ يربطهما. الغرض ألّا يظهر صنفٌ في مخزنين ولا يختفي من كليهما. يستخدمها أم","إدارة المخازن","2 — العمليات",الاستلام,240,"شاشةٌ مستقلة",1,"أمين المستودع","يُنقل إلى موضعِه المعياريّ",APPROVED,"دورةُ الإدارةِ المالكةِ في الحزمة",—,—,ACTIVE,—,"التحويل بين المخازن","الإدخال والرصيد","من التصييرِ الحيِّ — يملؤه المبرمجُ من uxui_live_positions.tsv","إدارة المخاز�"
298,Procurement/wh_count.php,"الجرد ومعالجة الفروقات","الجرد ومعالجة الفروقات","Wh Count",—,"تعرض الرصيد الدفتري محسوبًا من الحركات مقابل الجرد الفعلي المُدخَل، وتُسوّي الفرق بحركة «تسوية زيادةٍ أو عجز» بسببٍ موثَّق. الغرض ضبط المخزون بجردٍ حقيقيٍّ لا بتعديل عمود رصيد. يست","إدارة المخازن","2 — العمليات",الجرد,400,"شاشةٌ مستقلة",1,"أمين المستودع","يُنقل إلى موضعِه المعياريّ",APPROVED,"دورةُ الإدارةِ المالكةِ في الحزمة",—,—,ACTIVE,—,"الجرد ومعالجة الفروقات","الجرد والرقابة","من التصييرِ الحيِّ — يملؤه المبرمجُ من uxui_live_positions.tsv","إدارة المخاز�"
299,Procurement/consumption_rate.php,"استهلاك المعدة ومعدله","استهلاك المعدة ومعدله","Consumption Rate",—,"تعرض استهلاك كل معدةٍ من الأصناف ومعدَّله. الغرض معرفة معدل الاستهلاك الطبيعي فيُكشف الشاذّ ويُضبط حدّ إعادة الطلب. يستخدمها أمين المستودع.","إدارة المخازن","2 — العمليات",الجرد,410,"تبويبٌ في ملفِّ الكيانِ الأم",1,"أمين المستودع","يُحوَّل تبويبًا في الملفِّ الأم + يُنقل إلى موضعِه المعياريّ",APPROVED,"دورةُ الإدارةِ المالكةِ في الحزمة",—,—,ACTIVE,—,"استهلاك المعدة ومعدله","الجرد والرقابة","من التصييرِ الحيِّ — يملؤه المبرمجُ من uxui_live_positions.tsv","إدارة المخاز�"
300,Transport/transfer_orders_list.php,"أوامر الترحيل","أوامر الترحيل","Transfer Orders List",—,"تعرض أوامر الترحيل بكود الحركة ونوعها واتجاهها ومرحلتها ومشروعها ومسارها من موقعٍ إلى موقع وتاريخها المخطط ومتحمِّل تكلفتها وقيمتها ووسمِ التأخّر. الغرض متابعة كل حركة ترحيلٍ ومعرف","النقل والترحيل","2 — العمليات","أوامر الترحيل",250,"شاشةٌ مستقلة",4,"أمين المستودع · إدارة الموقع · إدارة النقل والترحيل · ادارة الاسطول","يُنقل إلى موضعِه المعياريّ",APPROVED,"مطابقةٌ دلاليةٌ بمراحلِ دورةِ الإدارةِ المالكة",—,—,ACTIVE,—,"أوامر الترحيل","إصدار أمر الترحيل · الاستلام والفحص · التخصيص والحركة · معالجة ما تعثّرما ينتظر اعتمادي اليوم","من التصييرِ الحيِّ — يملؤه المبرمجُ من uxui_live_positions.tsv","النقل والترحيل"
301,Transport/transfer_requests.php,"طلبات الترحيل","طلبات الترحيل","Transfer Requests",—,"تعرض طلبات الترحيل بكودها ونوعها ومصدرها ومشروعها ومبرّرها وأولويتها وحالتها، مع نموذج إنشاء الطلب. الغرض أن يُطلب الترحيل ويُعتمد قبل تحويله إلى أمر ترحيلٍ فعلي. يستخدمها مدير الن","النقل والترحيل","2 — العمليات","أوامر الترحيل",250,"شاشةٌ مستقلة",6,"أمين المستودع · إدارة الموقع · إدارة النقل والترحيل · ادارة التشغيل · ادارة الصيانة · القوى التشغيلية","يُنقل إلى موضعِه المعياريّ",APPROVED,"مطابقةٌ دلاليةٌ بمراحلِ دورةِ الإدارةِ المالكة",—,—,ACTIVE,—,"طلبات الترحيل","استقبال الطلب · توزيع الموارد · طلبات الموقع · متابعة الصيانة · متابعة القوى · متابعة المخازن","من التصييرِ الحيِّ — يملؤه المبرمجُ من uxui_live_positions.tsv","النقل والترحيل"
302,Transport/transfer_close_cost.php,"إقفال الأمر وتحميل تكلفته","إقفال الأمر وتحميل تكلفته","Transfer Close Cost",—,"تُقفل أمر الترحيل المُسلَّم بتكلفته الفعلية محمَّلةً على مشروعه، بمقارنة المقدَّر بالفعلي. الغرض ختمُ الدورة بأمرٍ مقفلٍ وتكلفةٍ محمَّلةٍ على مركز تكلفتها. يستخدمها مدير النقل والت","النقل والترحيل","2 — العمليات","طلبات النقل",150,"شاشةٌ مستقلة",2,"إدارة المالية · إدارة النقل والترحيل","يُنقل إلى موضعِه المعياريّ",APPROVED,"مطابقةٌ دلاليةٌ بمراحلِ دورةِ الإدارةِ المالكة",—,—,ACTIVE,—,"إقفال الأمر وتحميل تكلفته","الإقفال وتحميل التكلفة · التكلفة والتحميل","من التصييرِ الحيِّ — يملؤه المبرمجُ من uxui_live_positions.tsv","النقل والترحيل"
303,Transport/transfer_arrival.php,"الوصول والتسليم","الوصول والتسليم","Transfer Arrival",—,"تعرض الأوامر الواصلة التي تنتظر تأكيد التسليم، بوجهتها ومركبتها ووقت وصولها. الغرض توثيق التسليم قبل الإقفال فتكتمل الدورة. يستخدمها مدير النقل والترحيل.","النقل والترحيل","2 — العمليات","طلبات النقل",150,"شاشةٌ مستقلة",1,"إدارة النقل والترحيل","يُنقل إلى موضعِه المعياريّ",APPROVED,"مطابقةٌ دلاليةٌ بمراحلِ دورةِ الإدارةِ المالكة",—,—,ACTIVE,—,"الوصول والتسليم","العمل اليومي","من التصييرِ الحيِّ — يملؤه المبرمجُ من uxui_live_positions.tsv","النقل والترحيل"
304,Transport/transfer_in_transit.php,"متابعة الرحلات في الطريق","متابعة الرحلات في الطريق","Transfer In Transit",—,"تعرض أوامر الترحيل التي غادرت ولم تصل بعد، بمركبتها وسائقها ومسارها ووقت مغادرتها ومدّة بقائها في الطريق. الغرض سدُّ فجوة الدورة بين المغادرة والوصول. يستخدمها مدير النقل والترحيل.","النقل والترحيل","2 — العمليات","أوامر الترحيل",250,"شاشةٌ مستقلة",1,"إدارة النقل والترحيل","يبقى كما هو",APPROVED,"مطابقةٌ دلاليةٌ بمراحلِ دورةِ الإدارةِ المالكة",—,—,ACTIVE,—,"متابعة الرحلات في الطريق","لوحة الإدارة","من التصييرِ الحيِّ — يملؤه المبرمجُ من uxui_live_positions.tsv","النقل والترحيل"
305,Transport/transfer_dashboard.php,"لوحة الإدارة","لوحة الإدارة — النقل","Transfer Dashboard","لوحة الإدارة","تعرض لوحة متابعة رحلات الترحيل بمؤشّراتها ومواقعها ومشاريعها وتكاليفها. الغرض إعطاء صورةٍ سريعةٍ عن حركة الأسطول بين المواقع وتكلفتها. يستخدمها مدير النقل والترحيل.","النقل والترحيل","4 — التقارير والتحليلات","أوامر الترحيل",250,تقرير,1,"إدارة النقل والترحيل","يبقى تقريرًا في المستوى ٤ + يُنقل إلى موضعِه المعياريّ",APPROVED,"مطابقةٌ دلاليةٌ بمراحلِ دورةِ الإدارةِ المالكة",—,—,ACTIVE,—,"لوحة الإدارة","العمل اليومي","من التصييرِ الحيِّ — يملؤه المبرمجُ من uxui_live_positions.tsv","النقل والترحيل"
306,Transport/transfer_types_config.php,"إعدادات الترحيل","إعدادات الترحيل","Transfer Types Config",—,"تعرض الأنواع الستة للترحيل بكودها واسمها وفئتها التشغيلية ومتحمِّلها الافتراضي وحالتها. الغرض ضبط تسمية كل نوعٍ ومتحمِّله الافتراضي؛ والأنواع نفسها مزروعةٌ مسبقًا ولا تُنشأ من هنا.","النقل والترحيل","5 — البيانات المرجعية","البيانات المرجعية",900,"شاشةٌ مستقلة",1,"إدارة النقل والترحيل","يُنقل إلى موضعِه المعياريّ",PENDING_OWNER,"مجلدُ المسارِ والتصنيفُ الوظيفيّ — يلزم تصديقٌ من الوثيقةِ المالكة",—,—,ACTIVE,—,"إعدادات الترحيل","العمل اليومي","من التصييرِ الحيِّ — يملؤه المبرمجُ من uxui_live_positions.tsv","النقل والترحيل"
307,Transport/trs_locations_config.php,المواقع,المواقع,"Trs Locations Config",—,"تعرض مواقع الترحيل بكودها واسمها ونوعها (قاعدة · مشروع · ورشة · مكتب) ومشروعها وحالتها. الغرض تعريف نقاط الانطلاق والوصول التي تُبنى عليها المسارات والمسافات والتكاليف. يستخدمها مد","النقل والترحيل","5 — البيانات المرجعية","البيانات المرجعية",900,"شاشةٌ مستقلة",1,"إدارة النقل والترحيل","يُنقل إلى موضعِه المعياريّ",PENDING_OWNER,"مجلدُ المسارِ والتصنيفُ الوظيفيّ — يلزم تصديقٌ من الوثيقةِ المالكة",—,—,ACTIVE,—,المواقع,"العمل اليومي","من التصييرِ الحيِّ — يملؤه المبرمجُ من uxui_live_positions.tsv","النقل والترحيل"
308,Transport/transfer_cost_rules_config.php,"قواعد تحميل تكلفة الترحيل","قواعد تحميل تكلفة الترحيل","Transfer Cost Rules Config",—,"تعرض قواعد تحديد مَن يتحمّل تكلفة الترحيل: نوع الحركة وعامل المدة والعتبة بالأيام والمتحمِّل وأساس الاحتساب. الغرض أن يقرأ محرّك التكلفة قاعدة التحميل من الشاشة لا من الكود فتتغيّر","النقل والترحيل","5 — البيانات المرجعية","البيانات المرجعية",900,"شاشةٌ مستقلة",1,"إدارة النقل والترحيل","يُنقل إلى موضعِه المعياريّ",PENDING_OWNER,"مجلدُ المسارِ والتصنيفُ الوظيفيّ — يلزم تصديقٌ من الوثيقةِ المالكة",—,—,ACTIVE,—,"قواعد تحميل تكلفة الترحيل","العمل اليومي","من التصييرِ الحيِّ — يملؤه المبرمجُ من uxui_live_positions.tsv","النقل والترحيل"
309,Transport/transfer_permits.php,"تصاريح المسار والحمولة","تصاريح المسار والحمولة","Transfer Permits",—,"تدير تصاريح المسار والحمولة لأوامر الترحيل. الغرض ألّا تتحرك حمولةٌ بلا تصريحٍ ساري المفعول. يستخدمها مدير النقل والترحيل.","النقل والترحيل","5 — البيانات المرجعية","البيانات المرجعية والإعدادات",400,"شاشةٌ مستقلة",1,"إدارة النقل والترحيل","يُنقل إلى موضعِه المعياريّ",APPROVED,"دورةُ الإدارةِ المالكةِ في الحزمة",—,—,ACTIVE,—,"تصاريح المسار والحمولة","التجهيز والتصاريح","من التصييرِ الحيِّ — يملؤه المبرمجُ من uxui_live_positions.tsv","النقل والترحيل"
310,Transport/transfer_fleet.php,"اللوابد والمركبات الناقلة","اللوابد والمركبات الناقلة","Transfer Fleet",—,"تعرض اللوابد والمركبات الناقلة بطاقاتها وحالتها. الغرض معرفة ما يتوفر من مركبات نقلٍ قبل جدولة الترحيل. يستخدمها مدير النقل والترحيل.","النقل والترحيل","5 — البيانات المرجعية","البيانات المرجعية والإعدادات",410,"شاشةٌ مستقلة",1,"إدارة النقل والترحيل","يُنقل إلى موضعِه المعياريّ",APPROVED,"دورةُ الإدارةِ المالكةِ في الحزمة",—,—,ACTIVE,—,"اللوابد والمركبات الناقلة","التجهيز والتصاريح","من التصييرِ الحيِّ — يملؤه المبرمجُ من uxui_live_positions.tsv","النقل والترحيل"
311,Transport/transfer_tariffs.php,"تعرفة الترحيل وتسعير الأوامر / تعرفة الترحيل وقواعد التحميل","تعرفة الترحيل وتسعير الأوامر","Transfer Tariffs","تعرفة الترحيل وتسعير الأوامر / تعرفة الترحيل وقواعد التحميل","تعرض تعرفة الترحيل لكل موردٍ ونوعِ حركةٍ ومسارٍ ونموذجِ معدة بمعدّلها وحدودها وسريانها، ولوحَ الأوامر المسلَّمة غير المسعَّرة. الغرض تسعير أمر الترحيل من تعرفةٍ مكتوبةٍ لا بمبلغٍ ي","النقل والترحيل","5 — البيانات المرجعية","تقارير وإعدادات الترحيل",900,"شاشةٌ مستقلة",3,"إدارة المالية · إدارة النقل والترحيل · ادارة الموردين","يُنقل إلى موضعِه المعياريّ",PENDING_OWNER,"مجلدُ المسارِ والتصنيفُ الوظيفيّ — يلزم تصديقٌ من الوثيقةِ المالكة",—,—,ACTIVE,—,"تعرفة الترحيل وتسعير الأوامر / تعرفة الترحيل وقواعد التحميل","العمل اليومي · تقارير وإعدادات الترحيل","من التصييرِ الحيِّ — يملؤه المبرمجُ من uxui_live_positions.tsv","النقل والترحيل"
312,Workforce/op_qual.php,"تأهيل المشغّلين على أنواع المعدات","تأهيل المشغّلين على أنواع المعدات","Op Qual",—,"تعرض مصفوفة تأهيل المشغّلين: أي مشغّلٍ مؤهَّلٌ لأي نوع معدة. الغرض ألّا يُسنَد مشغّلٌ لمعدةٍ لا يملك تأهيلها. تستخدمها إدارة الموارد البشرية.","القوى التشغيلية","2 — العمليات","التأهيل والوثائق والحركة",400,"تبويبٌ في ملفِّ الكيانِ الأم",2,"ادارة الموارد البشرية · القوى التشغيلية","يُحوَّل تبويبًا في الملفِّ الأم + يُنقل إلى موضعِه المعياريّ",APPROVED,"دورةُ الإدارةِ المالكةِ في الحزمة",—,—,ACTIVE,—,"تأهيل المشغّلين على أنواع المعدات","التأهيل والوثائق · القوى الميدانية","من التصييرِ الحيِّ — يملؤه المبرمجُ من uxui_live_positions.tsv","القوى التشغيلية"
313,Workforce/deductions.php,"الخصومات والجزاءات","الخصومات والجزاءات",Deductions,—,"تدير خصومات الموظفين بأنواعها ومبالغها ومصادرها. الغرض توثيق كل خصمٍ بسببه ومستنده قبل ترحيله للمسيّر. تستخدمها إدارة الموارد البشرية.","القوى التشغيلية","2 — العمليات","التأهيل والوثائق والحركة",421,"شاشةٌ مستقلة",2,"ادارة الموارد البشرية · القوى التشغيلية","يُنقل إلى موضعِه المعياريّ",APPROVED,"دورةُ الإدارةِ المالكةِ في الحزمة",—,—,ACTIVE,—,"الخصومات والجزاءات","الخصومات · الخصومات والسلف","من التصييرِ الحيِّ — يملؤه المبرمجُ من uxui_live_positions.tsv","القوى التشغيلية"
314,Operations/shift_log.php,"سجل الوردية","سجل الوردية","Shift Log",—,"تسجّل سجلّ الوردية: ما جرى فيها من أحداثٍ وتوقفاتٍ وملاحظات. الغرض تسليم الوردية للتالية بسجلٍّ مكتوبٍ لا بالمشافهة. تستخدمها إدارة الموقع.","القوى التشغيلية","2 — العمليات","التكليف على المعدات",530,"شاشةٌ مستقلة",2,"إدارة الموقع · القوى التشغيلية","يُنقل إلى موضعِه المعياريّ",APPROVED,"دورةُ الإدارةِ المالكةِ في الحزمة",—,—,ACTIVE,—,"سجل الوردية","الوردية والتناوب التبادلي · تسجيل عمل اليومالمشترياتُ الميدانيةُ وتصفيتُها","من التصييرِ الحيِّ — يملؤه المبرمجُ من uxui_live_positions.tsv","القوى التشغيلية"
315,Workforce/rotation.php,"دورات التناوب والإجازة الميدانية","دورات التناوب والإجازة الميدانية",Rotation,—,"تدير دورات التناوب والإجازة الميدانية للعاملين. الغرض ضبط من يعمل ومن هو في إجازةٍ تبادليةٍ فلا يخلو الموقع. تستخدمها إدارة القوى التشغيلية.","القوى التشغيلية","2 — العمليات","التكليف على المعدات",540,"شاشةٌ مستقلة",1,"القوى التشغيلية","يُنقل إلى موضعِه المعياريّ",APPROVED,"دورةُ الإدارةِ المالكةِ في الحزمة",—,—,ACTIVE,—,"دورات التناوب والإجازة الميدانية","الوردية والتناوب التبادلي","من التصييرِ الحيِّ — يملؤه المبرمجُ من uxui_live_positions.tsv","القوى التشغيلية"
316,Workforce/worker_movement.php,"تنقلات العاملين","تنقلات العاملين","Worker Movement",—,"تعرض تحرّكات العاملين ونقلهم بين المواقع والمشاريع: نوع الحركة والوجهة والوصول الفعلي وزمن الرحلة وحالتها. الغرض تتبّع مكان العامل فعليًّا ووقت وصوله بدل الافتراض. تستخدمها إدارة ا","القوى التشغيلية","2 — العمليات","التكليف على المعدات",570,"شاشةٌ مستقلة",2,"ادارة الموارد البشرية · القوى التشغيلية","يُنقل إلى موضعِه المعياريّ",APPROVED,"دورةُ الإدارةِ المالكةِ في الحزمة",—,—,ACTIVE,—,"تنقلات العاملين","العمل اليومي · الوردية والتناوب التبادلي","من التصييرِ الحيِّ — يملؤه المبرمجُ من uxui_live_positions.tsv","القوى التشغيلية"
317,Workforce/housing_units.php,"السكن والإعاشة / السكن والإعاشة والمعسكرات","السكن والإعاشة والمعسكرات","Housing Units","السكن والإعاشة / السكن والإعاشة والمعسكرات","تعرض وحدات السكن باسمها ومشروعها وسعتها وموقعها. الغرض تعريف أماكن إقامة العمالة التي يُنسب إليها التحرّك والإشغال. تستخدمها إدارة الموارد البشرية.","القوى التشغيلية","2 — العمليات","التكليف على المعدات",571,"شاشةٌ مستقلة",2,"ادارة الموارد البشرية · القوى التشغيلية","يُنقل إلى موضعِه المعياريّ",APPROVED,"دورةُ الإدارةِ المالكةِ في الحزمة",—,—,ACTIVE,—,"السكن والإعاشة / السكن والإعاشة والمعسكرات","العمل اليومي · الوردية والتناوب التبادلي","من التصييرِ الحيِّ — يملؤه المبرمجُ من uxui_live_positions.tsv","القوى التشغيلية"
318,Workforce/recruitment_pipeline.php,"التوظيف من الشاغر إلى المباشرة","التوظيف من الشاغر إلى المباشرة","Recruitment Pipeline",—,"تدير دورة التوظيف بخطواتها العشر: طلب شاغرٍ فنشرٌ فسيرٌ ذاتيةٌ ففرزٌ فمقابلاتٌ فاختبارٌ عمليٌّ فعرضٌ فقبولُه فتعاقدٌ فمباشرةٌ فتجربة. الغرض تتبّع المتقدم خطوةً خطوةً بلا قفز، وكلُّ","القوى التشغيلية","2 — العمليات","سجل المشغّلين",350,"شاشةٌ مستقلة",2,"ادارة الموارد البشرية · القوى التشغيلية","يُنقل إلى موضعِه المعياريّ",APPROVED,"مطابقةٌ دلاليةٌ بمراحلِ دورةِ الإدارةِ المالكة",—,—,ACTIVE,—,"التوظيف من الشاغر إلى المباشرة","التوظيف · السجل والتكويد والتعاقد","من التصييرِ الحيِّ — يملؤه المبرمجُ من uxui_live_positions.tsv","القوى التشغيلية"
319,Workforce/worker_leave_absence.php,"الإجازات والغياب","الإجازات والغياب","Worker Leave Absence",—,"تعرض إجازات العاملين وغياباتهم بتصنيفها ونوعها ومدّتها والبديل المسنَد وحالتها. الغرض ضبط الإجازات التبادلية والغياب الطارئ ومعرفة من يغطّي مكان الغائب. تستخدمها إدارة الموارد البش","القوى التشغيلية","2 — العمليات","التكليف على المعدات",550,"شاشةٌ مستقلة",3,"إدارة الموقع · ادارة الموارد البشرية · القوى التشغيلية","يُنقل إلى موضعِه المعياريّ",APPROVED,"مطابقةٌ دلاليةٌ بمراحلِ دورةِ الإدارةِ المالكة",—,—,ACTIVE,—,"الإجازات والغياب","الحضور والإجازات · الوردية والتناوب التبادلي · سجلات الموقع","من التصييرِ الحيِّ — يملؤه المبرمجُ من uxui_live_positions.tsv","القوى التشغيلية"
320,Workforce/proposed_deductions.php,"خصومات المشغّلين المقترحة","خصومات المشغّلين المقترحة","Proposed Deductions",—,"تعرض الخصوم المقترحة على العاملين بمبلغها ونوعها ومصدرها المستندي ومنذ متى هي معلَّقة. الغرض متابعة ما يُقترح خصمه قبل ترحيله؛ فالخصم لا يُرحَّل إلا بسلّم الموافقات الثلاثي. تستخدم","القوى التشغيلية","2 — العمليات","متابعة الأداء",650,"شاشةٌ مستقلة",2,"ادارة الموارد البشرية · القوى التشغيلية","يُنقل إلى موضعِه المعياريّ",APPROVED,"مطابقةٌ دلاليةٌ بمراحلِ دورةِ الإدارةِ المالكة",—,—,ACTIVE,—,"خصومات المشغّلين المقترحة","الخصومات · الخصومات والسلف","من التصييرِ الحيِّ — يملؤه المبرمجُ من uxui_live_positions.tsv","القوى التشغيلية"
321,Workforce/employee_advances.php,"السلف والعهد المالية / سلفيات الموظفين","السلف والعهد المالية","Employee Advances","السلف والعهد المالية / سلفيات الموظفين","تعرض سلفيات الموظفين بأنواعها (سلفةٌ نقدية · دفعٌ نيابةً عنه · مصروفٌ محمَّلٌ عليه) بمبلغها وقسطها والمستردّ ورصيدها ومستندها. الغرض أن تكون البوابة الوحيدة لكل ما يُصرف خارج المسي","القوى التشغيلية","2 — العمليات","الخصومات والسلف",900,"شاشةٌ مستقلة",2,"إدارة المالية · ادارة الموارد البشرية","يُنقل إلى موضعِه المعياريّ",PENDING_OWNER,"مجلدُ المسارِ والتصنيفُ الوظيفيّ — يلزم تصديقٌ من الوثيقةِ المالكة",—,—,ACTIVE,—,"السلف والعهد المالية / سلفيات الموظفين","الخصومات والسلف · العمل اليومي","من التصييرِ الحيِّ — يملؤه المبرمجُ من uxui_live_positions.tsv","القوى التشغيلية"
322,Workforce/workforce_requirement.php,"احتياج القوى والتخطيط","احتياج القوى والتخطيط","Workforce Requirement",—,"تعرض احتياج القوى العاملة لكل مشروعٍ وفئة: المطلوب والمتوفّر والعجز والفائض وأولويته ومرحلته وحالته. الغرض كشف نقص العمالة قبل أن يعطّل التشغيل والتخطيط لسدّه. تستخدمها إدارة الموا","القوى التشغيلية","2 — العمليات",العمليات,900,"شاشةٌ مستقلة",1,"ادارة الموارد البشرية","يُنقل إلى موضعِه المعياريّ",PENDING_OWNER,"مجلدُ المسارِ والتصنيفُ الوظيفيّ — يلزم تصديقٌ من الوثيقةِ المالكة",—,—,ACTIVE,—,"احتياج القوى والتخطيط","العمل اليومي","من التصييرِ الحيِّ — يملؤه المبرمجُ من uxui_live_positions.tsv","القوى التشغيلية"
323,Workforce/worker_settlement.php,"تسويات العاملين","تسويات العاملين","Worker Settlement",—,"تعرض تسويات العاملين بمصدرها وأساسها وصافيها وحالتها، ولكل تسويةٍ بنودُها من مستحقاتٍ وخصومات. الغرض حساب ما للعامل وما عليه عند نهاية الخدمة أو الفترة في مستندٍ واحد. تستخدمها إدا","القوى التشغيلية","2 — العمليات","متابعة الأداء",650,"شاشةٌ مستقلة",1,"ادارة الموارد البشرية","يُنقل إلى موضعِه المعياريّ",APPROVED,"مطابقةٌ دلاليةٌ بمراحلِ دورةِ الإدارةِ المالكة",—,—,ACTIVE,—,"تسويات العاملين","العمل اليومي","من التصييرِ الحيِّ — يملؤه المبرمجُ من uxui_live_positions.tsv","القوى التشغيلية"
324,Workforce/employee_settlements.php,"تسويات الموظفين","تسويات الموظفين","Employee Settlements",—,"تعرض تسويات الموظفين بفترتها ومبلغها الأوّلي والتحميلات عليها وصافيها وحالتها وطلب دفعها واعتراضاتها. الغرض حساب مستحق الموظف وخصوماته في مستندٍ واحدٍ يمرّ بمراجعةٍ وإجازة. تستخدمه","القوى التشغيلية","2 — العمليات",العمليات,900,"شاشةٌ مستقلة",2,"إدارة المالية · ادارة الموارد البشرية","يُنقل إلى موضعِه المعياريّ",PENDING_OWNER,"مجلدُ المسارِ والتصنيفُ الوظيفيّ — يلزم تصديقٌ من الوثيقةِ المالكة",—,—,ACTIVE,—,"تسويات الموظفين","العمل اليومي","من التصييرِ الحيِّ — يملؤه المبرمجُ من uxui_live_positions.tsv","القوى التشغيلية"
325,Workforce/worker_contract.php,"عقود العاملين","عقود العاملين","Worker Contract",—,"تعرض عقود العاملين التشغيليين بكودها وموظفها ونوعها وطريقة أجرها ونظام تناوبها وتواريخها وحالتها. الغرض تنظيم تعاقد العمالة التشغيلية بطريقة أجرها ونظام تناوبها، وهي منفصلةٌ عن عقو","القوى التشغيلية","2 — العمليات",العمليات,900,"شاشةٌ مستقلة",1,"ادارة الموارد البشرية","يُنقل إلى موضعِه المعياريّ",PENDING_OWNER,"مجلدُ المسارِ والتصنيفُ الوظيفيّ — يلزم تصديقٌ من الوثيقةِ المالكة",—,—,ACTIVE,—,"عقود العاملين","العمل اليومي","من التصييرِ الحيِّ — يملؤه المبرمجُ من uxui_live_positions.tsv","القوى التشغيلية"
326,Workforce/payroll_runs.php,"مسيّر الرواتب","مسيّر الرواتب","Payroll Runs",—,"تعرض دورة مسيّر الرواتب: لقطة كل عقدٍ مؤهَّل، والمحسوبَ من أجرٍ وإنتاجٍ وحوافزَ وإضافيٍّ وغيابٍ وخصومات وصافيه، وقائمةَ الموانع والمستبعَدين بأسبابها. الغرض فتح دورة الرواتب وربط ل","القوى التشغيلية","2 — العمليات","المسيّر والدفع",900,"شاشةٌ مستقلة",2,"إدارة المالية · ادارة الموارد البشرية","يُنقل إلى موضعِه المعياريّ",PENDING_OWNER,"مجلدُ المسارِ والتصنيفُ الوظيفيّ — يلزم تصديقٌ من الوثيقةِ المالكة",—,—,ACTIVE,—,"مسيّر الرواتب","المسيّر والدفع · المصروف والدفع","من التصييرِ الحيِّ — يملؤه المبرمجُ من uxui_live_positions.tsv","القوى التشغيلية"
327,Workforce/project_contracts.php,"عقود المشاريع المؤقتة","عقود المشاريع المؤقتة","Project Contracts",—,"تعرض عقود الموظفين المشروعية المؤقتة المرتبطة بمشروعٍ بعينه. الغرض فصل التعاقد المؤقت على مشروعٍ عن التعاقد الإداري السنوي. تستخدمها إدارة الموارد البشرية.","القوى التشغيلية","2 — العمليات","سجل المشغّلين",310,"شاشةٌ مستقلة",2,"ادارة الموارد البشرية · القوى التشغيلية","يُنقل إلى موضعِه المعياريّ",APPROVED,"دورةُ الإدارةِ المالكةِ في الحزمة",—,—,ACTIVE,—,"عقود المشاريع المؤقتة","التعاقد والمباشرة · السجل والتكويد والتعاقد","من التصييرِ الحيِّ — يملؤه المبرمجُ من uxui_live_positions.tsv","القوى التشغيلية"
328,Workforce/op_codes.php,"أرقام المشغّلين الشاغرة","أرقام المشغّلين الشاغرة","Op Codes",—,"تعرض أرقام المشغّلين الشاغرة والمستعملة. الغرض إدارة ترقيم المشغّلين فلا يتكرر رقمٌ ولا يضيع. تستخدمها إدارة القوى التشغيلية.","القوى التشغيلية","2 — العمليات","سجل المشغّلين",320,"تبويبٌ في ملفِّ الكيانِ الأم",1,"القوى التشغيلية","يُحوَّل تبويبًا في الملفِّ الأم + يُنقل إلى موضعِه المعياريّ",APPROVED,"دورةُ الإدارةِ المالكةِ في الحزمة",—,—,ACTIVE,—,"أرقام المشغّلين الشاغرة","السجل والتكويد والتعاقد","من التصييرِ الحيِّ — يملؤه المبرمجُ من uxui_live_positions.tsv","القوى التشغيلية"
329,Workforce/worker_register.php,"ملف العامل التشغيلي","ملف العامل التشغيلي","Worker Register",—,"تعرض سجلّ العامل التشغيلي بكوده واسمه وفئته ومصدره وموقع قوّته ودرجته ولياقته واعتماداته وحالته، ولكل عاملٍ مؤهّلاته ورخصه بجهة إصدارها وتاريخ انتهائها وما هو حرجٌ منها. الغرض أن ي","القوى التشغيلية","3 — المعاملات والسجلات","المعاملات والسجلات",900,"شاشةٌ مستقلة",1,"ادارة الموارد البشرية","يُنقل إلى موضعِه المعياريّ",PENDING_OWNER,"مجلدُ المسارِ والتصنيفُ الوظيفيّ — يلزم تصديقٌ من الوثيقةِ المالكة",—,—,ACTIVE,—,"ملف العامل التشغيلي","العمل اليومي","من التصييرِ الحيِّ — يملؤه المبرمجُ من uxui_live_positions.tsv","القوى التشغيلية"
330,Workforce/worker_worklog.php,"سجل الأحداث التشغيلية","سجل الأحداث التشغيلية","Worker Worklog",—,"تعرض السجلّ التشغيلي المجمَّع لكل عامل: حالته الميدانية وعدد عملياته وساعاته المؤهَّلة وإجازاته وغيابه وتحرّكاته وتقييماته وحوافزه وجزاءاته المعتمدة، مع استحقاق مؤهّلاته القادم. ال","القوى التشغيلية","4 — التقارير والتحليلات","التقارير والتحليلات",900,تقرير,1,"ادارة الموارد البشرية","يبقى تقريرًا في المستوى ٤ + يُنقل إلى موضعِه المعياريّ",PENDING_OWNER,"مجلدُ المسارِ والتصنيفُ الوظيفيّ — يلزم تصديقٌ من الوثيقةِ المالكة",—,—,ACTIVE,—,"سجل الأحداث التشغيلية","العمل اليومي","من التصييرِ الحيِّ — يملؤه المبرمجُ من uxui_live_positions.tsv","القوى التشغيلية"
331,Finance/approvals_inbox.php,"صندوق ما ينتظر اعتمادي","صندوق ما ينتظر اعتمادي","Approvals Inbox",—,"تجمع صناديق الاعتماد الأربعة المتفرقة (طلبٌ · تسويةٌ · قيدٌ · إقفال) في صندوقٍ واحدٍ بعدّاده، لكل عنصرٍ نوعُه ومنذ متى ينتظر. الغرض ألّا يضيع اعتمادٌ في صندوقٍ لا يفتحه صاحبه. يستخ","مركز البلاغات","1 — لوحة الإدارة","الاعتمادات الواردة",100,"شاشةٌ مستقلة",13,"أمين المستودع · إدارة التمويل · إدارة الصلاحيات · إدارة المالية · إدارة المشتريات · إدارة الموقع · إدارة النقل والترحيل · ادارة الاسطول · ادارة الصيانة · ادارة المبيعات · ادارة الموارد البشرية · ادارة الموردين · القوى التشغيلية","يُنقل إلى موضعِه المعياريّ",APPROVED,"دورةُ الإدارةِ المالكةِ في الحزمة","مرتبطةٌ لا مزدوجةٌ مع Approvals/hours_approval.php",—,ACTIVE,—,"صندوق ما ينتظر اعتمادي","اعتماد ما سُجّلمطابقةُ الوقودِ ومؤشراتُ الورديّات · المنع والاستثناء · تحويل العمل إلى مستحق · متابعة الترحيل · متابعة الصيانة · متابعة القوى · متابعة المخازن · متابعة المشتريات · متابعة الموارد · متابعة وتقارير الأسطول · متابعة وتقارير التمويل · متابعةُ إدارتيالتقييمُ الدوريُّ وتصفيةُ إنهاءِ العقد · متابعةُ إدارتيالملاحقُ والتجديداتُ وسجلُّ حركةِ العقدِ ومراجعتُه","من التصييرِ الحيِّ — يملؤه المبرمجُ من uxui_live_positions.tsv","مركز البلاغات"
332,Tickets/ticket_contextual_open.php,"أبلغ عن مشكلة من هذه الشاشة / بلاغ سياقي جديد","أبلغ عن مشكلة من هذه الشاشة","Ticket Contextual Open","أبلغ عن مشكلة من هذه الشاشة / بلاغ سياقي جديد","تستقبل السياق المحمول من زرّ «أبلغ عن مشكلة» في أي شاشة، وتعرض نموذج تصنيفٍ ثلاثيٍّ (الفئة · النوع · الوصف) والسياقُ ظاهرٌ للقراءة لا للإدخال، مع عرض البلاغات المفتوحة المشابهة قبل","مركز البلاغات","2 — العمليات","استقبال البلاغات",350,"شاشةٌ مستقلة",14,"أمين المستودع · إدارة التمويل · إدارة الصلاحيات · إدارة المالية · إدارة المشتريات · إدارة الموقع · إدارة النقل والترحيل · ادارة الاسطول · ادارة الصيانة · ادارة المبيعات · ادارة الموارد البشرية · ادارة الموردين · القوى التشغيلية · المدير المالي","يُنقل إلى موضعِه المعياريّ",APPROVED,"مطابقةٌ دلاليةٌ بمراحلِ دورةِ الإدارةِ المالكة",—,—,ACTIVE,—,"أبلغ عن مشكلة من هذه الشاشة / بلاغ سياقي جديد","استقبال العطل وتشخيصه · العمل اليومي · متابعة الترحيل · متابعة القوى · متابعة المخازن · متابعة المشتريات · متابعة الموارد · متابعة وتقارير الأسطول · متابعة وتقارير التمويل · متابعة وتقارير الحوكمة · متابعة وتقارير المالية · متابعةُ إدارتيالتقييمُ الدوريُّ وتصفيةُ إنهاءِ العقد · متابعةُ إدارتيالملاحقُ والتجديداتُ وسجلُّ حركةِ العقدِ ومراجعتُه · معالجة ما تعثّرما ينتظر اعتمادي اليوم","من التصييرِ الحيِّ — يملؤه المبرمجُ من uxui_live_positions.tsv","مركز البلاغات"
333,Tickets/ticket_workstreams_board.php,"تحويل البلاغ وتفريعه لمسارات","تحويل البلاغ وتفريعه لمسارات","Ticket Workstreams Board",—,"تعرض مسارات البلاغ المتوازية: رأسٌ واحدٌ وتحته مساراتٌ لكلٍّ منها إدارتُه ومكلَّفُه وحالتُه ومهلتُه ومانعُه وأثرُه وعدد إعاداته. الغرض معالجة البلاغ الواحد على عدة جبهاتٍ في آن؛ ول","مركز البلاغات","2 — العمليات","استقبال العطل وتشخيصه",900,"شاشةٌ مستقلة",1,"ادارة الصيانة","يبقى كما هو",PENDING_OWNER,"مجلدُ المسارِ والتصنيفُ الوظيفيّ — يلزم تصديقٌ من الوثيقةِ المالكة",—,—,ACTIVE,—,"تحويل البلاغ وتفريعه لمسارات","استقبال العطل وتشخيصه","من التصييرِ الحيِّ — يملؤه المبرمجُ من uxui_live_positions.tsv","مركز البلاغات"
334,Tickets/dept_inbox.php,"بلاغات إدارتي / بلاغاتُ إدارتي / صندوقُ بلاغاتِ الإدارة","صندوقُ بلاغاتِ الإدارة","Dept Inbox","بلاغات إدارتي / بلاغاتُ إدارتي / صندوقُ بلاغاتِ الإدارة","تعرض مسارات البلاغات المسنَدة إلى إدارة المستخدم — لا رؤوس البلاغات — بحالة كل مسارٍ ومكلَّفه ومهلة إنجازه وإلزاميّته وعدّادِ المتأخر. الغرض أن تجد الإدارةُ بلاغاتِها في قائمتها هي","مركز البلاغات","2 — العمليات","استقبال البلاغات",350,"شاشةٌ مستقلة",17,"أمين المستودع · إدارة التمويل · إدارة الصلاحيات · إدارة المالية · إدارة المخاطر · إدارة المشتريات · إدارة الموقع · إدارة النقل والترحيل · ادارة الاسطول · ادارة التشغيل · ادارة الصيانة · ادارة المبيعات · ادارة الموارد البشرية · ادارة الموردين · القوى التشغيلية · المدير المالي · المراجع الداخلي المستقل","يُنقل إلى موضعِه المعياريّ",APPROVED,"مطابقةٌ دلاليةٌ بمراحلِ دورةِ الإدارةِ المالكة",—,—,ACTIVE,—,"بلاغات إدارتي / بلاغاتُ إدارتي / صندوقُ بلاغاتِ الإدارة","استقبال العطل وتشخيصه · البلاغات · لوحة الإدارة · متابعة الانحراف · متابعة الترحيل · متابعة القوى · متابعة المخازن · متابعة المشتريات · متابعة الموارد · متابعة وتقارير الأسطول · متابعة وتقارير التمويل · متابعة وتقارير الحوكمة · متابعة وتقارير المالية · متابعةُ إدارتيالتقييمُ الدوريُّ وتصفيةُ إنهاءِ العقد · متابعةُ إدارتيالملاحقُ والتجديداتُ وسجلُّ حركةِ العقدِ ومراجعتُه · معالجة ما تعثّرما ينتظر اعتمادي اليوم","من التصييرِ الحيِّ — يملؤه المبرمجُ من uxui_live_positions.tsv","مركز البلاغات"
335,Tickets/tickets_list.php,البلاغات,البلاغات,"Tickets List",—,"تعرض قائمة البلاغات برقم التذكرة ونوعها وطبيعتها ومرحلتها وإدارتها المالكة والمُبلِّغ والمعدة والمشروع وتاريخ البلاغ وموعد إنجازه ووسمِ التأخّر. الغرض أن تكون برج المراقبة الذي يُر","مركز البلاغات","2 — العمليات","استقبال البلاغات",350,"شاشةٌ مستقلة",1,"المدير المالي","يُنقل إلى موضعِه المعياريّ",APPROVED,"مطابقةٌ دلاليةٌ بمراحلِ دورةِ الإدارةِ المالكة","زاويةُ نظرٍ لنفسِ البيانات مع: Tickets/ticket_dashboard.php",—,ACTIVE,—,البلاغات,"العمل اليومي","من التصييرِ الحيِّ — يملؤه المبرمجُ من uxui_live_positions.tsv","مركز البلاغات"
336,Tickets/my_tickets.php,بلاغاتي,بلاغاتي,"My Tickets",—,"تعرض بلاغاتِك أنت — ما رفعتَه بنفسك ومآلَ كلِّ بلاغ. الغرض أن يتابع كل مستخدمٍ بلاغاته دون أن يرى بلاغات غيره؛ والشرط على المُبلِّغ لا على الإدارة، فبلاغاتُ إدارتك في «وارد الإدارة","مركز البلاغات","2 — العمليات","استقبال البلاغات",350,"شاشةٌ مستقلة",1,"المدير المالي","يُنقل إلى موضعِه المعياريّ",APPROVED,"مطابقةٌ دلاليةٌ بمراحلِ دورةِ الإدارةِ المالكة",—,—,ACTIVE,—,بلاغاتي,"العمل اليومي","من التصييرِ الحيِّ — يملؤه المبرمجُ من uxui_live_positions.tsv","مركز البلاغات"
337,Tickets/ticket_form.php,"تسجيل بلاغ","تسجيل بلاغ","Ticket Form",—,"شاشةٌ بوضعين: إنشاء بلاغٍ بخطوةٍ واحدةٍ يُسنِد فيها اختيارُ النوع الإدارةَ المالكة فيُوجَّه البلاغ فورًا؛ وعرضٌ وإدارةٌ لبلاغٍ قائمٍ في أربع طبقات (المصدر · التصنيف والوزن · سير ال","مركز البلاغات","2 — العمليات","استقبال البلاغات",350,"شاشةٌ مستقلة",1,"المدير المالي","يُنقل إلى موضعِه المعياريّ",APPROVED,"مطابقةٌ دلاليةٌ بمراحلِ دورةِ الإدارةِ المالكة","رأسٌ/بنودٌ مع Tickets/tickets_list.php — متكاملتان",—,ACTIVE,—,"تسجيل بلاغ","العمل اليومي","من التصييرِ الحيِّ — يملؤه المبرمجُ من uxui_live_positions.tsv","مركز البلاغات"
338,Tickets/ticket_dashboard.php,"مؤشرات البلاغات","مؤشرات البلاغات","Ticket Dashboard",—,"تعرض لوحة متابعة البلاغات: الإنجاز وزمن الاستجابة، والتأخير وزمن الاحتجاز لكل إدارة من سجلّ التحويلات، والأثر على الإنتاج والسلامة، وترتيب الأسرع استجابةً وإنجازًا، وتوزيع البلاغات","مركز البلاغات","4 — التقارير والتحليلات","استقبال البلاغات",350,تقرير,1,"الإدارة التنفيذية","يبقى تقريرًا في المستوى ٤",APPROVED,"مطابقةٌ دلاليةٌ بمراحلِ دورةِ الإدارةِ المالكة","زاويةُ نظرٍ لنفسِ البيانات مع: Tickets/tickets_list.php",—,ACTIVE,—,"مؤشرات البلاغات","الرقابة العليا","من التصييرِ الحيِّ — يملؤه المبرمجُ من uxui_live_positions.tsv","مركز البلاغات"
339,Tickets/ticket_recurrence.php,"البلاغات المتكررة وسببها الجذري","البلاغات المتكررة وسببها الجذري","Ticket Recurrence",—,"تعرض قوالب البلاغات الدورية باسمها ونوعها وفاصلها الزمني وموعد توليدها القادم ومهلتها وأولويتها وحالتها. الغرض توليد البلاغات المتكررة آليًّا قبل موعدها بمدة المهلة بدل إنشائها يدو","مركز البلاغات","5 — البيانات المرجعية","متابعة الصيانة",900,"شاشةٌ مستقلة",1,"ادارة الصيانة","يبقى كما هو",PENDING_OWNER,"مجلدُ المسارِ والتصنيفُ الوظيفيّ — يلزم تصديقٌ من الوثيقةِ المالكة",—,—,ACTIVE,—,"البلاغات المتكررة وسببها الجذري","متابعة الصيانة","من التصييرِ الحيِّ — يملؤه المبرمجُ من uxui_live_positions.tsv","مركز البلاغات"
340,Operations/daily_plan.php,"خطة عمل الغد","خطة عمل الغد","Daily Plan",—,"تدير دورة خطة الغد بأربع خطوات: توليد احتياج الغد (معدة × وردية من حاويات المشروع)، ثم توزيع المشغّلين من سلسلة حاوية كل معدةٍ حصرًا بتحذير تعارضٍ فوري، ثم اعتماد الحركة، ثم فتح يو","إدارة الموقع","1 — لوحة الإدارة","الاعتمادات الواردة",100,"شاشةٌ مستقلة",5,"إدارة الموقع · إدارة الموقع (قديم — مدمج في 6) · ادارة الاسطول · ادارة التشغيل · القوى التشغيلية","يُنقل إلى موضعِه المعياريّ",APPROVED,"دورةُ الإدارةِ المالكةِ في الحزمة",—,—,ACTIVE,—,"خطة عمل الغد","التكليف والتوزيع · العمل اليومي · جدول العمل والوردياتالورديةُ وساعاتُها ووقودُها ومشغّلُها · خطة الشهر","من التصييرِ الحيِّ — يملؤه المبرمجُ من uxui_live_positions.tsv","إدارة الموقع"
341,Timesheet/timesheet.php,"تسجيل التايم شيت والإنتاج","تسجيل التايم شيت والإنتاج — الموقع",Timesheet,"نتابع التنفيذما نُفِّذ فعلًا مقابلَ ما تعاقدنا عليه · نتابع تنفيذَهما استهلكه من حصتِه وما نفّذه فعلًا · تسجيل التايم شيت والإنتاج","تعرض شاشة إدخال الدوام اليومي لكل معدة: الساعات المنفَّذة وساعات الجردل والجاكهمر والإضافية والاستعداد وساعات الأعطال مصنَّفةً بأكوادها، وساعات عمل المشغّل والكمية المفوترة. الغرض","إدارة الموقع","1 — لوحة الإدارة","الاعتمادات الواردة",101,"شاشةٌ مستقلة",9,"إدارة المالية · إدارة الموقع · ادارة الاسطول · ادارة التشغيل · ادارة الصيانة · ادارة المبيعات · ادارة الموارد البشرية · ادارة الموردين · القوى التشغيلية","يُنقل إلى موضعِه المعياريّ",APPROVED,"دورةُ الإدارةِ المالكةِ في الحزمة","مرحلةٌ متتاليةٌ مع Timesheet/timesheet_type.php — لا ازدواج",—,ACTIVE,—,"تسجيل التايم شيت والإنتاج","اعتماد الوحدات · الحضور والإجازات · العدّادات والوثائق · الوردية والتناوب التبادلي · الوقائية بالساعات · تحويل العمل إلى مستحق · تسجيل عمل اليومالمشترياتُ الميدانيةُ وتصفيتُها · نتابع التنفيذما نُفِّذ فعلًا مقابلَ ما تعاقدنا عليه · نتابع تنفيذَهما استهلكه من حصتِه وما نفّذه فعلًا","من التصييرِ الحيِّ — يملؤه المبرمجُ من uxui_live_positions.tsv","إدارة الموقع"
342,Operations/site_work_calendar.php,"جدول عمل المنجم — الأسبوعي والشهري","جدول عمل المنجم — الأسبوعي والشهري","Site Work Calendar",—,"تضبط جدول عمل المنجم أو الموقع: أيام العمل والعطل والمناوبات المعتمدة. الغرض أن تُحسب المهل والاستحقاقات على تقويم العمل الحقيقي لا على التقويم الميلادي. تستخدمها إدارة الموقع.","إدارة الموقع","1 — لوحة الإدارة","الاعتمادات الواردة",102,"شاشةٌ مستقلة",1,"إدارة الموقع","يُنقل إلى موضعِه المعياريّ",APPROVED,"دورةُ الإدارةِ المالكةِ في الحزمة",—,—,ACTIVE,—,"جدول عمل المنجم — الأسبوعي والشهري","جدول العمل والوردياتالورديةُ وساعاتُها ووقودُها ومشغّلُها","من التصييرِ الحيِّ — يملؤه المبرمجُ من uxui_live_positions.tsv","إدارة الموقع"
343,Operations/shift_entry.php,"قيدُ الوردية اليومي","القيد اليومي للوردية","Shift Entry","قيدُ الوردية اليومي","تسجّل قيد الوردية اليومي في الموقع. الغرض إثبات ما جرى في الوردية بيانًا يوميًّا. تستخدمها إدارة الموقع. (بحاجة لتأكيد — الملف بلا تعليق رأس.)","إدارة الموقع","2 — العمليات","التنفيذ اليومي",200,"شاشةٌ مستقلة",1,"إدارة الموقع","يُعاد تسميتُه + يُنقل إلى موضعِه المعياريّ",APPROVED,"دورةُ الإدارةِ المالكةِ في الحزمة",—,—,ACTIVE,—,"قيدُ الوردية اليومي","تسجيل عمل اليومالمشترياتُ الميدانيةُ وتصفيتُها","من التصييرِ الحيِّ — يملؤه المبرمجُ من uxui_live_positions.tsv","إدارة الموقع"
344,admin/org_permits.php,"أذونات الدخول والخروج والحركة / أذون الزيارة والمركبات الخارجية","أذون الزيارة والمركبات الخارجية","Org Permits","أذونات الدخول والخروج والحركة / أذون الزيارة والمركبات الخارجية","تعرض أذونات المواقع: كل إذنٍ بنوعه وموضوعه وموقعه وطالبه وحالته ومدة سريانه، ولكلٍّ منها خطواتُ موافقةٍ مرتَّبةٌ بأدوارها وإلزاميّتها وقرار كل موافق. الغرض ألّا يُنفَّذ إذنٌ يتطلّب","إدارة الموقع","5 — البيانات المرجعية","البيانات المرجعية والإعدادات",702,"شاشةٌ مستقلة",2,"إدارة الموقع · ادارة التشغيل","يُعاد تسميتُه + يُنقل إلى موضعِه المعياريّ",APPROVED,"دورةُ الإدارةِ المالكةِ في الحزمة",—,—,ACTIVE,—,"أذونات الدخول والخروج والحركة / أذون الزيارة والمركبات الخارجية","أذون الدخول والخروجاستعدادٌ أم تعطلٌ ومن كان السبب · السجلات الرئيسية","من التصييرِ الحيِّ — يملؤه المبرمجُ من uxui_live_positions.tsv","إدارة الموقع"
345,Operations/site_shift_plan.php,"جدول الورديات — النهار والليل","جدول الورديات — النهار والليل","Site Shift Plan",—,"تخطّط ورديات النهار والليل في الموقع بأطقمها. الغرض توزيع العمل على الورديات قبل بدء اليوم. تستخدمها إدارة الموقع.","إدارة الموقع","5 — البيانات المرجعية","البيانات المرجعية والإعدادات",703,"شاشةٌ مستقلة",1,"إدارة الموقع","يُنقل إلى موضعِه المعياريّ",APPROVED,"دورةُ الإدارةِ المالكةِ في الحزمة",—,—,ACTIVE,—,"جدول الورديات — النهار والليل","جدول العمل والوردياتالورديةُ وساعاتُها ووقودُها ومشغّلُها","من التصييرِ الحيِّ — يملؤه المبرمجُ من uxui_live_positions.tsv","إدارة الموقع"
346,Operations/site_gate_equip.php,"أذون دخول وخروج المعدات","أذون دخول وخروج المعدات","Site Gate Equip",—,"تدير أذون دخول المعدات وخروجها من الموقع. الغرض ضبط ما يدخل الموقع من معداتٍ وما يخرج بإذنٍ موثَّق. تستخدمها إدارة الموقع.","إدارة الموقع","5 — البيانات المرجعية","البيانات المرجعية والإعدادات",704,"شاشةٌ مستقلة",1,"إدارة الموقع","يُنقل إلى موضعِه المعياريّ",APPROVED,"دورةُ الإدارةِ المالكةِ في الحزمة",—,"مرشَّحُ دمجٍ مع Operations/site_gate_person.php — بقرارِ المالكِ الموقَّع",ACTIVE,—,"أذون دخول وخروج المعدات","أذون الدخول والخروجاستعدادٌ أم تعطلٌ ومن كان السبب","من التصييرِ الحيِّ — يملؤه المبرمجُ من uxui_live_positions.tsv","إدارة الموقع"
347,Operations/site_gate_person.php,"أذون دخول وخروج المشغّلين","أذون دخول وخروج المشغّلين","Site Gate Person",—,"تدير أذون دخول الأشخاص والزيارات إلى الموقع. الغرض ضبط من يدخل الموقع ومتى وبإذن مَن. تستخدمها إدارة الموقع.","إدارة الموقع","5 — البيانات المرجعية","البيانات المرجعية والإعدادات",705,"تبويبٌ في ملفِّ الكيانِ الأم",1,"إدارة الموقع","يُحوَّل تبويبًا في الملفِّ الأم + يُنقل إلى موضعِه المعياريّ",APPROVED,"دورةُ الإدارةِ المالكةِ في الحزمة",—,—,ACTIVE,—,"أذون دخول وخروج المشغّلين","أذون الدخول والخروجاستعدادٌ أم تعطلٌ ومن كان السبب","من التصييرِ الحيِّ — يملؤه المبرمجُ من uxui_live_positions.tsv","إدارة الموقع"
348,Portal/my_portal.php,بوابتي,بوابتي,"My Portal",—,"تعرض بوابة الموظف الشخصية ببطاقاتٍ تتشكّل بصفته ومفاتيح ظهوره، وكلُّ رقمٍ ينقر إلى مصدره. الغرض الإجابة عن سؤال «ماذا يخصّني أنا؟»؛ والعنصر المغلق لا يظهر أصلًا بلا رسالة منع. يستخ","مساحة العمل الشخصية","1 — لوحة الإدارة","مركز العمل",0,منظر,16,"أمين المستودع · إدارة التمويل · إدارة الصلاحيات · إدارة المالية · إدارة المشتريات · إدارة الموقع · إدارة النقل والترحيل · ادارة الاسطول · ادارة التشغيل · ادارة الصيانة · ادارة المبيعات · ادارة الموارد البشرية · ادارة الموردين · الإدارة التنفيذية · القوى التشغيلية · المدير المالي","يُحوَّل منظرَ عملٍ محفوظًا + يُنقل إلى موضعِه المعياريّ",APPROVED,"دورةُ الإدارةِ المالكةِ في الحزمة",—,—,ACTIVE,—,بوابتي,"العمل اليومي · لوحة الإدارة · لوحة الإدارة التنفيذية · لوحة الموقع","من التصييرِ الحيِّ — يملؤه المبرمجُ من uxui_live_positions.tsv","مساحة العمل الشخصية"
349,main/my_workspace.php,"مساحة عملي","مساحة عملي","My Workspace",—,"تجمع ما يخصّ الشخص لا الإدارة في مساحةٍ واحدةٍ فوق قوائم الإدارات: طلباته المالية وبلاغاته ومساراتها وطلبات تغيير صلاحياته وتنبيهاته. الغرض ألّا يبحث المستخدم عن عمله الشخصي داخل ق","مساحة العمل الشخصية","1 — لوحة الإدارة","ملفي الشخصي",450,"شاشةٌ مستقلة",18,"أمين المستودع · إدارة التمويل · إدارة الصلاحيات · إدارة المالية · إدارة المخاطر · إدارة المشتريات · إدارة الموقع · إدارة الموقع (قديم — مدمج في 6) · إدارة النقل والترحيل · ادارة الاسطول · ادارة التشغيل · ادارة الصيانة · ادارة المبيعات · ادارة الموارد البشرية · ادارة الموردين · الإدارة التنفيذية · القوى التشغيلية · المدير المالي","يُنقل إلى موضعِه المعياريّ",APPROVED,"مطابقةٌ دلاليةٌ بمراحلِ دورةِ الإدارةِ المالكة",—,—,ACTIVE,—,"مساحة عملي","العمل اليومي · — خارج التبويب","من التصييرِ الحيِّ — يملؤه المبرمجُ من uxui_live_positions.tsv","مساحة العمل الشخصية"
350,Portal/ceo_assignments.php,"موافقات التكليف","موافقات التكليف","Ceo Assignments",—,"تعرض موافقات التكليف التي تنتظر قرار المدير التنفيذي. الغرض ألّا يُكلَّف شخصٌ بمنصبٍ حسّاسٍ بلا موافقةٍ عليا. تستخدمها الإدارة التنفيذية.","مساحة العمل الشخصية","2 — العمليات","التقارير للجهة المشرفة",900,"شاشةٌ مستقلة",2,"الإدارة التنفيذية · المراجع الداخلي المستقل","يُنقل إلى موضعِه المعياريّ",PENDING_OWNER,"مجلدُ المسارِ والتصنيفُ الوظيفيّ — يلزم تصديقٌ من الوثيقةِ المالكة",—,—,ACTIVE,—,"موافقات التكليف","التقارير للجهة المشرفة · العمل اليومي","من التصييرِ الحيِّ — يملؤه المبرمجُ من uxui_live_positions.tsv","مساحة العمل الشخصية"
351,chats/index.php,المراسلات,المراسلات,Index,—,"تعرض نظام المراسلات الداخلي بين مستخدمي النظام: المحادثات والرسائل ومستقبِليها. الغرض تبادل الرسائل داخل النظام بدل القنوات الخارجية فيبقى التواصل موثَّقًا. يستخدمها كل مستخدمٍ مسج","مساحة العمل الشخصية","2 — العمليات",العمليات,900,"شاشةٌ مستقلة",19,"أمين المستودع · إدارة التمويل · إدارة الصلاحيات · إدارة المالية · إدارة المخاطر · إدارة المشتريات · إدارة الموقع · إدارة الموقع (قديم — مدمج في 6) · إدارة النقل والترحيل · ادارة الاسطول · ادارة التشغيل · ادارة الصيانة · ادارة المبيعات · ادارة الموارد البشرية · ادارة الموردين · الإدارة التنفيذية · القوى التشغيلية · المدير المالي · المراجع الداخلي المستقل","يُنقل إلى موضعِه المعياريّ",PENDING_OWNER,"مجلدُ المسارِ والتصنيفُ الوظيفيّ — يلزم تصديقٌ من الوثيقةِ المالكة",—,—,ACTIVE,—,المراسلات,"لوحة الإدارة · لوحة الإدارة التنفيذية · لوحة الدور · لوحة الموقع · — خارج التبويب","من التصييرِ الحيِّ — يملؤه المبرمجُ من uxui_live_positions.tsv","مساحة العمل الشخصية"
352,Portal/ceo_audit_reports.php,"تقارير المراجعة الداخلية","تقارير المراجعة الداخلية","Ceo Audit Reports",—,"تعرض تقارير المراجعة الداخلية للمدير التنفيذي. الغرض إطلاع القيادة على نتائج المراجعة وحالة معالجتها. تستخدمها الإدارة التنفيذية.","مساحة العمل الشخصية","4 — التقارير والتحليلات","التقارير للجهة المشرفة",900,تقرير,2,"الإدارة التنفيذية · المراجع الداخلي المستقل","يبقى تقريرًا في المستوى ٤ + يُنقل إلى موضعِه المعياريّ",PENDING_OWNER,"مجلدُ المسارِ والتصنيفُ الوظيفيّ — يلزم تصديقٌ من الوثيقةِ المالكة",—,—,ACTIVE,—,"تقارير المراجعة الداخلية","التقارير للجهة المشرفة · العمل اليومي","من التصييرِ الحيِّ — يملؤه المبرمجُ من uxui_live_positions.tsv","مساحة العمل الشخصية"
353,Portal/ceo_reports.php,"تقارير الإدارة التنفيذية","تقارير الإدارة التنفيذية","Ceo Reports",—,"تعرض تقارير الإدارة التنفيذية الثمانية، كلٌّ مشتقٌّ حيًّا من مصدره الحقيقي. الغرض تزويد القيادة بصورةٍ دوريةٍ موحّدةٍ عن الشركة. تستخدمها الإدارة التنفيذية.","مساحة العمل الشخصية","4 — التقارير والتحليلات","التقارير والتصدير",900,تقرير,1,"الإدارة التنفيذية","يبقى تقريرًا في المستوى ٤",PENDING_OWNER,"مجلدُ المسارِ والتصنيفُ الوظيفيّ — يلزم تصديقٌ من الوثيقةِ المالكة",—,—,ACTIVE,—,"تقارير الإدارة التنفيذية","التقارير والتصدير","من التصييرِ الحيِّ — يملؤه المبرمجُ من uxui_live_positions.tsv","مساحة العمل الشخصية"
354,main/role_board.php,الرئيسية,"الرئيسية — الشخصية — التقارير والتحليلات","Role Board","الرئيسية · الرئيسية — الشخصية","تعرض لوحةَ الدور المخصَّصة لثمانية أدوارٍ من ملفٍّ واحدٍ يُصيَّر من إعدادها — «تختلف محتوياتُها لا بنيتُها»: مؤشرات اليوم ومهامي وموافقاتي والتنبيهات والإنشاء السريع. الغرض أن يفتح","مساحة العمل الشخصية","4 — التقارير والتحليلات","التقارير والتحليلات",900,تقرير,18,"أمين المستودع · إدارة التمويل · إدارة الصلاحيات · إدارة المالية · إدارة المخاطر · إدارة المشتريات · إدارة الموقع · إدارة النقل والترحيل · ادارة الاسطول · ادارة التشغيل · ادارة الصيانة · ادارة المبيعات · ادارة الموارد البشرية · ادارة الموردين · الإدارة التنفيذية · القوى التشغيلية · المدير المالي · المراجع الداخلي المستقل","يبقى تقريرًا في المستوى ٤ + يُنقل إلى موضعِه المعياريّ",PENDING_OWNER,"مجلدُ المسارِ والتصنيفُ الوظيفيّ — يلزم تصديقٌ من الوثيقةِ المالكة",—,—,ACTIVE,—,الرئيسية,"لوحة الإدارة · لوحة الإدارة التنفيذية · لوحة الدور · لوحة الموقع","من التصييرِ الحيِّ — يملؤه المبرمجُ من uxui_live_positions.tsv","مساحة العمل الشخصية"
355,main/dashboard.php,الرئيسية,"الرئيسية — الشخصية — لوحة الدور",Dashboard,"الرئيسية · الرئيسية — الشخصية","تعرض الصفحة الأولى بعد الدخول: بطاقات مؤشّراتٍ عامة عن المشاريع والعملاء والعقود والموردين والمعدات والموظفين والساعات والاعتمادات المعلَّقة، وقسم «الوصول السريع» الذي يجمع الشاشات","مساحة العمل الشخصية","4 — التقارير والتحليلات","لوحة الدور",900,تقرير,2,"المدير المالي · المراجع الداخلي المستقل","يبقى تقريرًا في المستوى ٤",PENDING_OWNER,"مجلدُ المسارِ والتصنيفُ الوظيفيّ — يلزم تصديقٌ من الوثيقةِ المالكة",—,—,ACTIVE,—,الرئيسية,"لوحة الدور","من التصييرِ الحيِّ — يملؤه المبرمجُ من uxui_live_positions.tsv","مساحة العمل الشخصية"
356,main/glossary.php,"قاموسُ المبتدئ / قاموسُ المبتدئ — بلغةِ أولِ يوم","قاموسُ المبتدئ — بلغةِ أولِ يوم",Glossary,"قاموسُ المبتدئ / قاموسُ المبتدئ — بلغةِ أولِ يوم","تعرض معجم مصطلحات النظام وتعريفاتها. الغرض توحيد فهم المصطلح بين الإدارات فلا يُقصد بالكلمة معنيان. يستخدمها كل مستخدم. (بحاجة لتأكيد — الملف بلا تعليق رأس.)","مساحة العمل الشخصية","5 — البيانات المرجعية","فريق العمل",900,"شاشةٌ مستقلة",3,"إدارة الموقع · ادارة المبيعات · ادارة الموردين","يبقى كما هو",PENDING_OWNER,"مجلدُ المسارِ والتصنيفُ الوظيفيّ — يلزم تصديقٌ من الوثيقةِ المالكة",—,—,ACTIVE,—,"قاموسُ المبتدئ / قاموسُ المبتدئ — بلغةِ أولِ يوم","فريق العمل","من التصييرِ الحيِّ — يملؤه المبرمجُ من uxui_live_positions.tsv","مساحة العمل الشخصية"
357,main/all_assistants.php,"المعاونون والنيابة المؤقتة","المعاونون والنيابة المؤقتة","All Assistants",—,"تعرض كل الحسابات الفرعية (المعاونين) في الشركة بصرف النظر عن مديرها الأب: اسم المعاون واسم مستخدمه ودوره ومديره الأب والموظف المرتبط به. الغرض إعطاء مدير الصلاحيات رؤيةً شاملةً لكل","مساحة العمل الشخصية","6 — الإعدادات","الحسابات والأدوار",900,"شاشةٌ مستقلة",1,"إدارة الصلاحيات","يبقى كما هو",PENDING_OWNER,"مجلدُ المسارِ والتصنيفُ الوظيفيّ — يلزم تصديقٌ من الوثيقةِ المالكة",—,—,ACTIVE,—,"المعاونون والنيابة المؤقتة","الحسابات والأدوار","من التصييرِ الحيِّ — يملؤه المبرمجُ من uxui_live_positions.tsv","مساحة العمل الشخصية"
358,main/project_users.php,"إدارة المعاونين / المشرفين","إدارة المعاونين","Project Users","إدارة المعاونين / المشرفين","تعرض المشرفين والمعاونين التابعين للمدير الحالي باسمهم واسم مستخدمهم وهاتفهم وصلاحيتهم والموظف المرتبط بهم وتاريخ إنشائهم. الغرض أن ينشئ كل مديرٍ حسابات مساعديه ويحدّد صلاحياتهم في","مساحة العمل الشخصية","6 — الإعدادات","السجلات الرئيسية",900,"شاشةٌ مستقلة",17,"أمين المستودع · إدارة التمويل · إدارة الصلاحيات · إدارة المالية · إدارة المخاطر · إدارة المشتريات · إدارة الموقع · إدارة الموقع (قديم — مدمج في 6) · إدارة النقل والترحيل · ادارة الاسطول · ادارة التشغيل · ادارة الصيانة · ادارة المبيعات · ادارة الموارد البشرية · ادارة الموردين · الإدارة التنفيذية · القوى التشغيلية","يُنقل إلى موضعِه المعياريّ",PENDING_OWNER,"مجلدُ المسارِ والتصنيفُ الوظيفيّ — يلزم تصديقٌ من الوثيقةِ المالكة",—,—,ACTIVE,—,"إدارة المعاونين / المشرفين","السجلات الرئيسية · فريق العمل","من التصييرِ الحيِّ — يملؤه المبرمجُ من uxui_live_positions.tsv","مساحة العمل الشخصية"
359,Portal/visibility_keys.php,"من يرى ماذا ومكوّنات البوابة","من يرى ماذا ومكوّنات البوابة","Visibility Keys",—,"تعرض شبكة مفاتيح الظهور (عنصر × نطاق) بثلاث حالات، مع معاينة الأثر قبل الحفظ («سيتأثر N حسابًا») وسببٍ إلزاميٍّ لكل تغييرٍ حساس. الغرض ضبط ما يظهر لكل فئةٍ في بوابة الموظف — وهي تم","مساحة العمل الشخصية","6 — الإعدادات","الظهور والبوابة والصفحات",900,"شاشةٌ مستقلة",3,"إدارة التمويل · إدارة الصلاحيات · ادارة الموارد البشرية","يُنقل إلى موضعِه المعياريّ",PENDING_OWNER,"مجلدُ المسارِ والتصنيفُ الوظيفيّ — يلزم تصديقٌ من الوثيقةِ المالكة",—,—,ACTIVE,—,"من يرى ماذا ومكوّنات البوابة","الظهور والبوابة والصفحات · سرية الملكية · متابعة الموارد","من التصييرِ الحيِّ — يملؤه المبرمجُ من uxui_live_positions.tsv","مساحة العمل الشخصية"
360,Timesheet/view_timesheet.php,"تسجيل التايم شيت والإنتاج","سجل الوحدات اليومية — الموقع","View Timesheet","سجل الوحدات اليومية · تسجيل التايم شيت والإنتاج","تعرض سجلَّ وحداتِ العملِ اليوميةِ المسجَّلةِ فعلًا بساعاتِها وكمياتِها وحالةِ اعتمادِها، للاطّلاعِ والمتابعةِ لا للإدخال. الغرضُ أن يرى المسؤولُ ما سُجِّل قبلَ اعتمادِه، والإدخالُ يبقى في Timesheet/timesheet.php.","إدارة الموقع","2 — العمليات","العمل اليومي",102,منظر,2,"ادارة التشغيل · ادارة الموردين","يُنقل إلى موضعِه المعياريّ",PENDING_OWNER,"مسارٌ مُصيَّرٌ في السايدبارِ بلا صفٍّ — سُجِّل بمالكِه وسببِه تحت INJ-FIX-01 (GAP-20) · والاسمُ المعياريُّ يلزمه تصديقُ المالك","زاويةُ نظرٍ لنفسِ البيانات مع: Timesheet/timesheet.php",—,ACTIVE,—,"تسجيل التايم شيت والإنتاج","التشغيل اليومي","من التصييرِ الحيِّ — يملؤه المبرمجُ من uxui_live_positions.tsv","التشغيل اليومي"
361,Finance/unit_fin_final.php,"الاعتماد المالي النهائي","الاعتماد المالي النهائي","Unit Final Approval",—,"تعرض الوقائعَ المكتملةَ تجاريًّا وتقفل أثرَها الماليَّ للفترة بثلاث أيدٍ: المحاسبُ المنتدبُ يُعِدُّ بياناتِ القيد، والمديرُ الماليُّ يعتمد، ورئيسُ الحساباتِ يُجيز قبلَ الترحيل — ولا يُنشئ القيدَ إلا محرّكُ الترحيل.","المالية والخزينة","2 — العمليات","سلسلة الأثر — الاستحقاق والفوترة والصرف",410,"شاشةٌ مستقلة",1,"إدارة المالية","شاشةٌ جديدةٌ في موضعِها المعياريّ",APPROVED,"عقدةٌ في سلسلةِ الأثر — INJ-CHAIN-CLOSE-01",—,—,ACTIVE,—,"الاعتماد المالي النهائي","سلسلة الأثر — الاستحقاق والفوترة والصرف","من التصييرِ الحيِّ","سلسلة الأثر — الاستحقاق والفوترة والصرف"
362,Finance/ar_accrual_gen.php,"توليد استحقاقات عقد العميل","توليد استحقاقات عقد العميل","AR Accrual Generation",—,"تحوّل المطالبةَ التجاريةَ إلى استحقاقٍ محاسبيٍّ بمبلغِه وعملتِه وسعرِ صرفِه وعقدِه وفترتِه. يُعِدُّه محاسبُ المبيعاتِ المنتدبُ ويُجيزه رئيسُ الحسابات، ولا يُملأ رقمُ القيدِ قبلَ الإجازة.","المالية والخزينة","2 — العمليات","سلسلة الأثر — الاستحقاق والفوترة والصرف",420,"شاشةٌ مستقلة",1,"إدارة المالية","شاشةٌ جديدةٌ في موضعِها المعياريّ",APPROVED,"عقدةٌ في سلسلةِ الأثر — INJ-CHAIN-CLOSE-01",—,—,ACTIVE,—,"توليد استحقاقات عقد العميل","سلسلة الأثر — الاستحقاق والفوترة والصرف","من التصييرِ الحيِّ","سلسلة الأثر — الاستحقاق والفوترة والصرف"
363,Finance/ar_completion_cert.php,"شهادة الإنجاز الشهرية","شهادة الإنجاز الشهرية","Monthly Completion Certificate",—,"تُصدر مستندَ الإنجازِ الشهريَّ بالكميةِ المعتمدةِ ووحدتِها ومرجعِ قياسِها — وهو المستندُ الذي تُبنى عليه الفاتورة. لا شهادةَ بلا مرجعِ قياسٍ معتمَد، ولا يعتمدها مُعِدُّها.","المالية والخزينة","2 — العمليات","سلسلة الأثر — الاستحقاق والفوترة والصرف",430,"شاشةٌ مستقلة",1,"إدارة المالية","شاشةٌ جديدةٌ في موضعِها المعياريّ",APPROVED,"عقدةٌ في سلسلةِ الأثر — INJ-CHAIN-CLOSE-01",—,—,ACTIVE,—,"شهادة الإنجاز الشهرية","سلسلة الأثر — الاستحقاق والفوترة والصرف","من التصييرِ الحيِّ","سلسلة الأثر — الاستحقاق والفوترة والصرف"
364,Finance/ar_claim_invoice.php,"فاتورة المطالبة وإحالتها","فاتورة المطالبة وإحالتها","Claim Invoice and Referral",—,"تُنشئ فاتورةَ المطالبةِ على شهادةِ إنجازٍ معتمَدةٍ ثم تُعتمد وتُجاز محاسبيًّا ثم تُحال لقسمِ التحصيل. ولا إحالةَ قبلَ الإجازة، والفاتورةُ الرسميةُ الضريبيةُ تبقى عند مالكِها.","المالية والخزينة","2 — العمليات","سلسلة الأثر — الاستحقاق والفوترة والصرف",440,"شاشةٌ مستقلة",1,"إدارة المالية","شاشةٌ جديدةٌ في موضعِها المعياريّ",APPROVED,"عقدةٌ في سلسلةِ الأثر — INJ-CHAIN-CLOSE-01",—,—,ACTIVE,—,"فاتورة المطالبة وإحالتها","سلسلة الأثر — الاستحقاق والفوترة والصرف","من التصييرِ الحيِّ","سلسلة الأثر — الاستحقاق والفوترة والصرف"
365,Finance/tre_beneficiary.php,"سجل المستفيدين والحسابات البنكية","سجل المستفيدين والحسابات البنكية","Beneficiary Register",—,"تسجّل المستفيدَ وحسابَه البنكيَّ وعملتَه وتتحقّق منه بيدٍ غيرِ يدِ مُسجِّله. ولا صرفَ إلى حسابٍ لم يُتحقَّق منه — وهو شرطٌ سابقٌ لدفعاتِ الدفع.","المالية والخزينة","2 — العمليات","سلسلة الأثر — الاستحقاق والفوترة والصرف",760,"شاشةٌ مستقلة",1,"إدارة المالية","شاشةٌ جديدةٌ في موضعِها المعياريّ",APPROVED,"عقدةٌ في سلسلةِ الأثر — INJ-CHAIN-CLOSE-01",—,—,ACTIVE,—,"سجل المستفيدين والحسابات البنكية","سلسلة الأثر — الاستحقاق والفوترة والصرف","من التصييرِ الحيِّ","سلسلة الأثر — الاستحقاق والفوترة والصرف"
366,Finance/tre_pay_batch.php,"دفعات الدفع والتنفيذ","دفعات الدفع والتنفيذ","Payment Batch Execution",—,"تفتح دفعةَ صرفٍ بتاريخِ قيمتِها وحسابِها وعملتِها، ثم تُجهَّز، ثم تُنفَّذ بمرجعِ حركةٍ بنكيّ. التنفيذُ النقديُّ ينتج مرجعَ الحركةِ ولا يُنشئ قيدًا، ومَن أعدَّ الدفعةَ لا ينفّذها.","المالية والخزينة","2 — العمليات","سلسلة الأثر — الاستحقاق والفوترة والصرف",770,"شاشةٌ مستقلة",1,"إدارة المالية","شاشةٌ جديدةٌ في موضعِها المعياريّ",APPROVED,"عقدةٌ في سلسلةِ الأثر — INJ-CHAIN-CLOSE-01",—,—,ACTIVE,—,"دفعات الدفع والتنفيذ","سلسلة الأثر — الاستحقاق والفوترة والصرف","من التصييرِ الحيِّ","سلسلة الأثر — الاستحقاق والفوترة والصرف"
367,Operations/unit_correction.php,"تصحيح الوحدات بالسلسلة الثلاثية","تصحيح الوحدات بالسلسلة الثلاثية","Unit Correction Triple Chain",—,"تفتح تصحيحَ وحدةٍ بسببٍ مكتوبٍ وقيمتَيه قبلَ وبعد، ولا يمرُّ إلا بموافقةِ العميلِ والمورّدِ والمشغّلِ ثلاثتِهم. وبطرفَين يبقى في السلسلةِ ولا يُعتمد.","إدارة التشغيل","2 — العمليات","سلسلة الأثر — الاستحقاق والفوترة والصرف",450,"شاشةٌ مستقلة",3,"ادارة التشغيل · العقود والعملاء · ادارة الموردين","شاشةٌ جديدةٌ في موضعِها المعياريّ",APPROVED,"عقدةٌ في سلسلةِ الأثر — INJ-CHAIN-CLOSE-01",—,—,ACTIVE,—,"تصحيح الوحدات بالسلسلة الثلاثية","سلسلة الأثر — الاستحقاق والفوترة والصرف","من التصييرِ الحيِّ","سلسلة الأثر — الاستحقاق والفوترة والصرف"
368,Opportunities/client_need_rfq.php,"احتياج العميل وطلب العرض","احتياج العميل وطلب العرض","Client Need and RFQ",—,"تسجّل احتياجَ العميلِ على فرصةٍ مفتوحة: نوعُ الخدمةِ وكميتُها ومدّتُها وموعدُ بدئها، ثم تُرفع. ولا يُصدَر عرضٌ قبلَ رفعِها، ووجودُ الفرصةِ وحدَه لا يكفي.","المبيعات والعقود","2 — العمليات","العروض والتسعير",205,"سجلٌّ تابع",1,"ادارة المبيعات","قدرةٌ ثبت غيابُها فبُنيت في موضعِها المعياريّ",APPROVED,"مواءمةُ المبيعاتِ والموردين — INJ-ALIGN-CAP-01",—,—,ACTIVE,—,"احتياج العميل وطلب العرض","العروض والتسعير","تبويبٌ في ملفِّ الفرصة — قرارُ الورقة ٠٦","العروض والتسعير"
369,Clients/quotation_lines.php,"بنود العروض","بنود العروض","Quotation Lines",—,"تضيف بنودَ عرضِ السعرِ إلى رأسِه: الوصفُ والكميةُ والوحدةُ وسعرُها وخصمُها. والإجماليُّ يُحسب في طبقةِ الخدمةِ ويُعرض ولا يُدخَل.","المبيعات والعقود","2 — العمليات","العروض والتسعير",202,"سجلٌّ تابع",1,"ادارة المبيعات","قدرةٌ ثبت غيابُها فبُنيت في موضعِها المعياريّ",APPROVED,"مواءمةُ المبيعاتِ والموردين — INJ-ALIGN-CAP-01",—,—,ACTIVE,—,"بنود العروض","العروض والتسعير","تبويبٌ في ملفِّ العرض — قرارُ الورقة ٠٨","العروض والتسعير"
370,Clients/quotation_negotiation.php,"التفاوض ومراجعات العرض","التفاوض ومراجعات العرض","Quotation Negotiation Log",—,"تسجّل وقائعَ التفاوضِ على عرضٍ ونسخَه: نوعُ الواقعةِ وطرفُها ونصُّها ومبلغُها قبلَ وبعد. ولا واقعةَ بلا نصٍّ يشرحها، ونوعُها من قائمةٍ مغلقة.","المبيعات والعقود","2 — العمليات","العروض والتسعير",203,"سجلٌّ تابع",1,"ادارة المبيعات","قدرةٌ ثبت غيابُها فبُنيت في موضعِها المعياريّ",APPROVED,"مواءمةُ المبيعاتِ والموردين — INJ-ALIGN-CAP-01",—,—,ACTIVE,—,"التفاوض ومراجعات العرض","العروض والتسعير","تبويبٌ في ملفِّ العرض — قرارُ الورقة ٠٩","العروض والتسعير"
371,Suppliers/supplier_violations.php,"المخالفات والجزاءات","المخالفات والجزاءات","Supplier Violations and Penalties",—,"ترصد مخالفةَ مورّدٍ بوصفٍ ودليلٍ وتاريخِ وقوع، ثم تُعتمد بيدٍ غيرِ يدِ راصدِها أو تُسقَط بسببٍ مكتوب. وأثرُها في التسويةِ ولا تنفيذَ نقديًّا فيها.","إدارة الموردين","2 — العمليات","تعاقد الموردين وتسويتهم",155,"سجلٌّ تابع",2,"ادارة الموردين · إدارة المالية","قدرةٌ ثبت غيابُها فبُنيت في موضعِها المعياريّ",APPROVED,"مواءمةُ المبيعاتِ والموردين — INJ-ALIGN-CAP-01",—,—,ACTIVE,—,"المخالفات والجزاءات","تعاقد الموردين وتسويتهم","تبويبٌ في ملفِّ التسوية — قرارُ الورقة م١٩","تعاقد الموردين وتسويتهم"
372,Suppliers/supplier_board.php,"لوحة إدارة الموردين","لوحة إدارة الموردين","Supplier Management Board",—,"تعرض حالةَ محفظةِ المورّدين مشتقّةً من السجلاتِ القائمة: العقودُ والمخالفاتُ والتسوياتُ والتقييمات. لا جدولَ جديدًا لها ولا فعلَ منها، وكلُّ رقمٍ له وجهةُ تعمّق.","إدارة الموردين","2 — العمليات","تعاقد الموردين وتسويتهم",101,"سجلٌّ تابع",2,"ادارة الموردين · إدارة المالية","قدرةٌ ثبت غيابُها فبُنيت في موضعِها المعياريّ",APPROVED,"مواءمةُ المبيعاتِ والموردين — INJ-ALIGN-CAP-01",—,—,ACTIVE,—,"لوحة إدارة الموردين","تعاقد الموردين وتسويتهم","صفحةُ هبوطٍ للمساحة — قرارُ الورقة م٢٣","تعاقد الموردين وتسويتهم"
373,Fleet/asset_intake.php,"طلب إدخال الأصل","طلب إدخال الأصل","Asset Intake Request",—,"تفتح دورةَ الأصل بطلبِ إدخالٍ مرقَّمٍ من إدارةٍ طالبة، ثم تسجّل واقعةَ التحقّقِ من المصدرِ وأمرَ التفتيشِ عليه. ولا يُنشأ كرتُ أصلٍ قبل اجتيازِ التحقّق. تستخدمها إدارة الأسطول والأصول.","إدارة الأسطول","2 — العمليات","دورة الأصل — الدخول",10,"شاشةٌ مستقلة",3,"ادارة الاسطول · ادارة الصيانة · إدارة المالية","قدرةٌ ثبت غيابُها فبُنيت في موضعِها المعياريّ",APPROVED,"دورةُ الإدارةِ المالكةِ في الحزمة — RPR-W05",—,—,ACTIVE,—,"طلب إدخال الأصل","دورة الأصل — الدخول","بدايةُ دورةِ الأصل — قرارُ الورقة FLEET-03","دورة الأصل — الدخول"
374,Fleet/asset_use_rights.php,"حق الاستخدام التشغيلي","حق الاستخدام التشغيلي","Operational Use Rights",—,"تعرض حصةَ كلِّ حائزٍ في فترتِها على الأصل، ومجموعَ الحصصِ المتزامنةِ في نافذةِ بدايتِها. والملكيةُ متعاقبةٌ لا متزامنة، فما تجاوز المئةَ يُوسَم ادّعاءً مفتوحًا ويُحسم عند التمويل.","إدارة الأسطول","2 — العمليات","دورة الأصل — الدخول",20,"سجلٌّ تابع",3,"ادارة الاسطول · إدارة التمويل · إدارة المالية","قدرةٌ ثبت غيابُها فبُنيت في موضعِها المعياريّ",APPROVED,"دورةُ الإدارةِ المالكةِ في الحزمة — RPR-W05",—,—,ACTIVE,—,"حق الاستخدام التشغيلي","دورة الأصل — الدخول","حصةُ مالكٍ واحدٍ في فترةٍ واحدة — قرارُ الورقة FLEET-09","دورة الأصل — الدخول"
375,Fleet/asset_assignments.php,"إسناد الأصل وحركته","إسناد الأصل وحركته","Asset Assignment and Movement",—,"تُسند الأصلَ لموقعٍ أو مشروعٍ من تاريخٍ محدَّد وتُنهي السابقَ بسببِه، وتعرض سجلَّ حركتِه الحيَّ قراءةً. ولا يُنشأ أصلٌ جديدٌ عند الانتقالِ ولا يُمحى التاريخ.","إدارة الأسطول","2 — العمليات","دورة الأصل — الحركة",30,"شاشةٌ مستقلة",3,"ادارة الاسطول · ادارة التشغيل · إدارة الموقع","قدرةٌ ثبت غيابُها فبُنيت في موضعِها المعياريّ",APPROVED,"دورةُ الإدارةِ المالكةِ في الحزمة — RPR-W05",—,—,ACTIVE,—,"إسناد الأصل وحركته","دورة الأصل — الحركة","لا أصلَ جديدٌ عند الانتقال — قرارُ الورقة FLEET-13","دورة الأصل — الحركة"
376,Fleet/asset_readiness.php,"الجاهزية والملخص الشهري","الجاهزية والملخص الشهري","Monthly Readiness Summary",—,"تعرض جاهزيةَ كلِّ أصلٍ في كلِّ شهرٍ مشتقّةً من التايم شيتِ وسجلِّ التوقّف، ومعها قاعدةُ اشتقاقِها ومصادرُها بالاسم. مشتقةٌ بالكامل ولا إدخالَ فيها.","إدارة الأسطول","4 — التقارير والتحليلات","دورة الأصل — الرقابة الفنية",40,تقرير,3,"ادارة الاسطول · ادارة التشغيل · إدارة المالية","قدرةٌ ثبت غيابُها فبُنيت في موضعِها المعياريّ",APPROVED,"دورةُ الإدارةِ المالكةِ في الحزمة — RPR-W05",—,—,ACTIVE,—,"الجاهزية والملخص الشهري","دورة الأصل — الرقابة الفنية","مشتقةٌ بالكامل لا إدخال — قرارُ الورقة FLEET-20","دورة الأصل — الرقابة الفنية"
377,Fleet/asset_exit.php,"خروج الأصل","خروج الأصل","Asset Exit",—,"تسجّل خروجَ الأصلِ مؤقّتًا بعودةٍ متوقَّعةٍ أو دائمًا بمرجعٍ ماليٍّ من المالية، وتسجّل العودةَ في واقعتِها. والخروجُ الدائمُ لا عودةَ منه.","إدارة الأسطول","2 — العمليات","دورة الأصل — الخروج",50,"شاشةٌ مستقلة",3,"ادارة الاسطول · إدارة المالية · إدارة التمويل","قدرةٌ ثبت غيابُها فبُنيت في موضعِها المعياريّ",APPROVED,"دورةُ الإدارةِ المالكةِ في الحزمة — RPR-W05",—,—,ACTIVE,—,"خروج الأصل","دورة الأصل — الخروج","الأثرُ الماليُّ مرجعٌ من المالية — قرارُ الورقة FLEET-22","دورة الأصل — الخروج"
378,Workforce/wf_coverage.php,"لوحة الاحتياج والتغطية","لوحة الاحتياج والتغطية","Workforce Coverage Board",—,"تعرض سطرَ فجوةٍ مشتقًّا لكلِّ احتياجِ مشروعٍ من المطلوبِ والمتوفّر، ومعه المُعلَنُ حيًّا مرآةً بفارقِها. مشتقةٌ ولا إدخالَ فيها، والحسمُ عند مالكِ الاحتياج.","القوى التشغيلية","2 — العمليات","الاحتياج والتغطية",15,تقرير,3,"القوى التشغيلية · ادارة الموارد البشرية · ادارة التشغيل","قدرةٌ ثبت غيابُها فبُنيت في موضعِها المعياريّ",APPROVED,"دورةُ الإدارةِ المالكةِ في الحزمة — RPR-W05",—,—,ACTIVE,—,"لوحة الاحتياج والتغطية","الاحتياج والتغطية","سطرُ فجوةٍ مشتق — قرارُ الورقة WRK-03","الاحتياج والتغطية"
